relation_id,relation_key,source_id,predicate,target_id,evidence
urn:uuid:464e6dad-969a-59d4-a722-2cce55e687ad,relation/build-surface/unit-031-pdf/governed-by/rights/ajbook-fragment-cc-by-sa-3.0,urn:uuid:34b49639-6762-5fcf-a637-9204653f08d4,governed-by,urn:uuid:10faf5cd-990f-5850-87b4-26922b062485,
urn:uuid:37295743-e23b-5d8b-b9b2-0effd584aeb6,relation/build-surface/unit-031-pdf/governed-by/rights/noto-fonts-ofl-1.1,urn:uuid:34b49639-6762-5fcf-a637-9204653f08d4,governed-by,urn:uuid:b9f7a7a7-8e18-507a-b72e-b5de733a7430,
urn:uuid:3a7d8ac0-1a5c-5eab-bd33-b588796681e6,relation/build-surface/unit-031-pdf/governed-by/rights/principal-cc-by-4.0,urn:uuid:34b49639-6762-5fcf-a637-9204653f08d4,governed-by,urn:uuid:0baf6c47-021d-5310-9475-81519e710250,
urn:uuid:53d067a9-5de9-5fda-80de-fadd94073da9,relation/course/o013/requires/prerequisite/basic-mathematical-literacy,urn:uuid:a5f3ad58-ce3c-5f5f-b581-1f842ae79192,requires,urn:uuid:8fb6c957-7285-5258-978c-e1369c7e39d7,prelude.tex:49-60
urn:uuid:6af4c728-a07b-5571-a30d-9ee62c1a5a6e,relation/course/o013/requires/prerequisite/cauchy-sequences-and-completeness,urn:uuid:a5f3ad58-ce3c-5f5f-b581-1f842ae79192,requires,urn:uuid:b9018862-5027-50f5-9947-a9a9526cc91f,prelude.tex:49-60
urn:uuid:cdc5bef1-ed82-58de-9b13-95ec2357d9af,relation/course/o013/requires/prerequisite/elementary-number-theory,urn:uuid:a5f3ad58-ce3c-5f5f-b581-1f842ae79192,requires,urn:uuid:cae14762-1ca0-5a11-aad9-20c81d540fee,prelude.tex:49-60
urn:uuid:de5cce3e-de42-54c1-898b-fcd09a991c8d,relation/course/o013/requires/prerequisite/elementary-set-theory,urn:uuid:a5f3ad58-ce3c-5f5f-b581-1f842ae79192,requires,urn:uuid:00f7d0ea-1b60-51da-843f-cca760a368e4,prelude.tex:49-60
urn:uuid:922e2514-3fa4-5b3d-86e1-836505ce7783,relation/course/o013/requires/prerequisite/linear-transformations,urn:uuid:a5f3ad58-ce3c-5f5f-b581-1f842ae79192,requires,urn:uuid:9ef76bd8-39cf-5b09-8c2d-2d8c95f91aec,prelude.tex:49-60
urn:uuid:74ce1984-1114-53f2-a033-f2e9c028f4ee,relation/course/o013/requires/prerequisite/mathematical-logic,urn:uuid:a5f3ad58-ce3c-5f5f-b581-1f842ae79192,requires,urn:uuid:451f60c6-04ab-54a7-9d74-9dee65d088b7,prelude.tex:49-60
urn:uuid:18ee0c4f-7e83-55ce-b990-c9ff64548532,relation/course/o013/requires/prerequisite/matrices,urn:uuid:a5f3ad58-ce3c-5f5f-b581-1f842ae79192,requires,urn:uuid:d4260077-2f56-5951-8fe1-2dc390f81288,prelude.tex:49-60
urn:uuid:fe264b2f-dbe8-5589-8cb1-d75a56744c5a,relation/course/o013/requires/prerequisite/permutations-and-symmetric-groups,urn:uuid:a5f3ad58-ce3c-5f5f-b581-1f842ae79192,requires,urn:uuid:ee7d907b-05bc-5def-81d5-7fcd351829b8,prelude.tex:49-60
urn:uuid:b09b00b5-df77-5d64-94da-753d1b21fef4,relation/course/o013/requires/prerequisite/point-set-topology,urn:uuid:a5f3ad58-ce3c-5f5f-b581-1f842ae79192,requires,urn:uuid:6a61cd7e-28fe-5c64-9573-cf9ab46e5e96,prelude.tex:49-60
urn:uuid:ed32b23d-1271-5fa2-948f-562f6f29a2c2,relation/course/o013/requires/prerequisite/polynomials,urn:uuid:a5f3ad58-ce3c-5f5f-b581-1f842ae79192,requires,urn:uuid:15245348-aca2-5814-9ca8-0fce14044e14,prelude.tex:49-60
urn:uuid:59f7a53e-63b6-5f7d-a2ba-9f942e60d2cf,relation/course/o013/requires/prerequisite/real-analysis-basics,urn:uuid:a5f3ad58-ce3c-5f5f-b581-1f842ae79192,requires,urn:uuid:4eedb52d-6e0a-5379-b39c-5043b067c49f,prelude.tex:49-60
urn:uuid:f4f655a5-427a-5113-b6d6-fff3511fadfd,relation/course/o013/requires/prerequisite/vector-spaces,urn:uuid:a5f3ad58-ce3c-5f5f-b581-1f842ae79192,requires,urn:uuid:dfd6d864-afe6-5d0e-90f7-c130241cf396,prelude.tex:49-60
urn:uuid:671c70bd-307b-5cb8-a6cc-698df22eb60a,relation/course/o013/uses-resource/resource/wenweili/aljabr-1,urn:uuid:a5f3ad58-ce3c-5f5f-b581-1f842ae79192,uses-resource,urn:uuid:a72e8c67-4b46-5049-b626-479af39b5397,
urn:uuid:3a5daa09-a22a-5285-8bd4-3f567a158f5f,relation/diagram/unit-031/tikzcd-01/governed-by/rights/principal-cc-by-4.0,urn:uuid:80ebccb4-4a47-56a7-8b41-7ded651ef4ba,governed-by,urn:uuid:0baf6c47-021d-5310-9475-81519e710250,
urn:uuid:339ff9c1-ab8c-5635-af4a-beb641ca9af0,relation/diagram/unit-031/tikzpicture-01/governed-by/rights/principal-cc-by-4.0,urn:uuid:eaf7a841-b3f3-5d44-aecf-7b7bda54e66a,governed-by,urn:uuid:0baf6c47-021d-5310-9475-81519e710250,
urn:uuid:e5b49852-67a7-5359-9e37-ab7c48607efd,relation/diagram/unit-031/tikzpicture-02/governed-by/rights/principal-cc-by-4.0,urn:uuid:09cd8c93-6f5b-513f-b50f-6a67e83e148b,governed-by,urn:uuid:0baf6c47-021d-5310-9475-81519e710250,
urn:uuid:d421d027-00d9-5d02-8d39-42378bc875ec,relation/edition/wenweili/aljabr-1/c4f7a01f68f5f407906b4b970640cddbbad85f6b/contains/unit/bab-4-grup-solvabel-dan-nilpoten,urn:uuid:df2d23de-7370-5da5-ad49-42fb7c718c49,contains,urn:uuid:2d047f0d-0114-50c1-a574-c137f8d63c73,chapter4.tex:936-1107; substantive authority map 936-1106 to target 933-1103
urn:uuid:f43da1b4-0053-5379-9911-864a80e9df27,relation/program/open-mathematics-curriculum/2026/contains/course/o013,urn:uuid:9d8d0610-2560-5376-8679-5a9418407a78,contains,urn:uuid:a5f3ad58-ce3c-5f5f-b581-1f842ae79192,
urn:uuid:03dde2e7-13e9-5147-9aac-4160466fd402,relation/resource/wenweili/aljabr-1/has-edition/edition/wenweili/aljabr-1/c4f7a01f68f5f407906b4b970640cddbbad85f6b,urn:uuid:a72e8c67-4b46-5049-b626-479af39b5397,has-edition,urn:uuid:df2d23de-7370-5da5-ad49-42fb7c718c49,
urn:uuid:9ccb8818-2a5c-51ba-9f89-1261cf6f3eb8,relation/unit/bab-4-grup-solvabel-dan-nilpoten/built-by/build-surface/unit-031-pdf,urn:uuid:2d047f0d-0114-50c1-a574-c137f8d63c73,built-by,urn:uuid:34b49639-6762-5fcf-a637-9204653f08d4,
urn:uuid:dfa73471-e5d4-586f-b7f7-a59cc3278614,relation/unit/bab-4-grup-solvabel-dan-nilpoten/checked-by/qa/unit-031/admission-gate,urn:uuid:2d047f0d-0114-50c1-a574-c137f8d63c73,checked-by,urn:uuid:a06f9110-0b0c-517a-b433-43e70686c7f5,
urn:uuid:a8de3a81-5b66-53c0-bab0-194f4ee5ad72,relation/unit/bab-4-grup-solvabel-dan-nilpoten/checked-by/qa/unit-031/all-page-visual-review,urn:uuid:2d047f0d-0114-50c1-a574-c137f8d63c73,checked-by,urn:uuid:54564e22-e823-5770-9bbc-9c132c43a7c5,
urn:uuid:0bb10bfd-d999-573e-9ae0-51cbf9fe2072,relation/unit/bab-4-grup-solvabel-dan-nilpoten/checked-by/qa/unit-031/build-log,urn:uuid:2d047f0d-0114-50c1-a574-c137f8d63c73,checked-by,urn:uuid:2538bf9b-3092-5bd7-80d5-1f6f709e3016,
urn:uuid:71ea559a-8c7a-5393-9e84-39a924956b08,relation/unit/bab-4-grup-solvabel-dan-nilpoten/checked-by/qa/unit-031/candidate-artifact,urn:uuid:2d047f0d-0114-50c1-a574-c137f8d63c73,checked-by,urn:uuid:c7242a53-3ca2-53c8-adb8-c350c4e4f918,
urn:uuid:795870ec-5d70-538d-8ce5-6d97b4474b2a,relation/unit/bab-4-grup-solvabel-dan-nilpoten/checked-by/qa/unit-031/candidate-check,urn:uuid:2d047f0d-0114-50c1-a574-c137f8d63c73,checked-by,urn:uuid:c9289ab0-c2a7-5f0b-bc95-8cbe9530d958,
urn:uuid:944a2e2c-4dc5-55f9-80a9-901089a03a3b,relation/unit/bab-4-grup-solvabel-dan-nilpoten/checked-by/qa/unit-031/canonical-integration,urn:uuid:2d047f0d-0114-50c1-a574-c137f8d63c73,checked-by,urn:uuid:5ee21042-b43a-580b-a86e-d98f890a48cd,
urn:uuid:5bcaf303-ba03-58c7-8213-78bf81c8bc37,relation/unit/bab-4-grup-solvabel-dan-nilpoten/checked-by/qa/unit-031/citation-closure,urn:uuid:2d047f0d-0114-50c1-a574-c137f8d63c73,checked-by,urn:uuid:1c75f04a-c14b-5c89-b058-7c253caf8cb3,
urn:uuid:e93a122d-2835-5962-87c7-ac140ec0c9eb,relation/unit/bab-4-grup-solvabel-dan-nilpoten/checked-by/qa/unit-031/digital-reflow,urn:uuid:2d047f0d-0114-50c1-a574-c137f8d63c73,checked-by,urn:uuid:39486cbd-0ac4-5b31-a49b-603d848b5a3e,
urn:uuid:1cfcdf98-fd4e-576c-a81e-640efd1842c1,relation/unit/bab-4-grup-solvabel-dan-nilpoten/checked-by/qa/unit-031/prepromotion-evidence,urn:uuid:2d047f0d-0114-50c1-a574-c137f8d63c73,checked-by,urn:uuid:7550a5f0-d6da-5662-abea-dc488d8a3315,
urn:uuid:82c865cd-0f82-53d7-b966-df90ad8b0ffc,relation/unit/bab-4-grup-solvabel-dan-nilpoten/checked-by/qa/unit-031/protected-text-localizations,urn:uuid:2d047f0d-0114-50c1-a574-c137f8d63c73,checked-by,urn:uuid:d39a36d2-7f04-5fc5-b466-48ec726e4be3,
urn:uuid:1a006b80-ce3a-56b5-bcee-d945803f7e54,relation/unit/bab-4-grup-solvabel-dan-nilpoten/checked-by/qa/unit-031/render-hash-inventory,urn:uuid:2d047f0d-0114-50c1-a574-c137f8d63c73,checked-by,urn:uuid:40abbec7-f5cd-5010-ad9d-a68d93794622,
urn:uuid:9d6591a8-529d-59f8-a76b-3ce274151525,relation/unit/bab-4-grup-solvabel-dan-nilpoten/checked-by/qa/unit-031/source-corrections,urn:uuid:2d047f0d-0114-50c1-a574-c137f8d63c73,checked-by,urn:uuid:9c217778-2f8c-58ea-894b-5aab232148cf,
urn:uuid:90d9c256-9860-580d-a5e2-7bdf91f397e0,relation/unit/bab-4-grup-solvabel-dan-nilpoten/checked-by/qa/unit-031/source-review,urn:uuid:2d047f0d-0114-50c1-a574-c137f8d63c73,checked-by,urn:uuid:54ab2e57-2c9d-5c41-9a9d-20748669a126,
urn:uuid:f935b41f-f269-516b-894a-35417bc123e8,relation/unit/bab-4-grup-solvabel-dan-nilpoten/checked-by/qa/unit-031/structure-and-pdf-qa,urn:uuid:2d047f0d-0114-50c1-a574-c137f8d63c73,checked-by,urn:uuid:fd30f0a0-ed87-5347-a93d-f286402063f2,
urn:uuid:a744690d-95fb-5f03-ba61-7dbd55289da1,relation/unit/bab-4-grup-solvabel-dan-nilpoten/checked-by/qa/unit-031/terminology-control,urn:uuid:2d047f0d-0114-50c1-a574-c137f8d63c73,checked-by,urn:uuid:f23cafd6-1651-51ae-b966-9ae964de12b1,
urn:uuid:6418f1cc-6f08-5ea0-b537-20dfb02038e3,relation/unit/bab-4-grup-solvabel-dan-nilpoten/checked-by/qa/unit-031/terminology-delta,urn:uuid:2d047f0d-0114-50c1-a574-c137f8d63c73,checked-by,urn:uuid:e4dc2736-a6fa-5da5-b700-f51516035dc0,
urn:uuid:6480d894-7d90-56ce-accf-b8248d690fa4,relation/unit/bab-4-grup-solvabel-dan-nilpoten/checked-by/qa/unit-031/terminology-evidence,urn:uuid:2d047f0d-0114-50c1-a574-c137f8d63c73,checked-by,urn:uuid:5b78e962-e910-5dbb-b96e-4a7bbc2c1244,
urn:uuid:da4967af-5e72-5388-8884-975ace25d651,relation/unit/bab-4-grup-solvabel-dan-nilpoten/checked-by/qa/unit-031/visual-preflight,urn:uuid:2d047f0d-0114-50c1-a574-c137f8d63c73,checked-by,urn:uuid:7704b3c1-b3ad-5380-b505-be9881b30cc0,
urn:uuid:3dde21ea-57f9-5541-8211-efbb3c2a3efc,relation/unit/bab-4-grup-solvabel-dan-nilpoten/contains/unit/bab-4-grup-solvabel-dan-nilpoten/section/01,urn:uuid:2d047f0d-0114-50c1-a574-c137f8d63c73,contains,urn:uuid:84ff50e9-68a6-516e-9012-cc8eda32a1f2,chapter4.tex:936-1107 (line 1107 blank boundary omitted from target mapping)
urn:uuid:f768fba0-dfee-5863-a729-d782a621fc57,relation/unit/bab-4-grup-solvabel-dan-nilpoten/covers/concept/abelianization,urn:uuid:2d047f0d-0114-50c1-a574-c137f8d63c73,covers,urn:uuid:a44e71f9-5dab-5087-b19c-c1f598318afc,
urn:uuid:24e4fd17-b71c-5e5d-a73f-10df79b7490b,relation/unit/bab-4-grup-solvabel-dan-nilpoten/covers/concept/canonical-commutation-relation,urn:uuid:2d047f0d-0114-50c1-a574-c137f8d63c73,covers,urn:uuid:700ec71f-824a-5af7-b012-3eb98f81fd83,
urn:uuid:8ee179b6-7f3d-58d8-8c64-b88c3224f6b0,relation/unit/bab-4-grup-solvabel-dan-nilpoten/covers/concept/commutator,urn:uuid:2d047f0d-0114-50c1-a574-c137f8d63c73,covers,urn:uuid:260e28fd-4156-5479-8580-b626f94cdef0,
urn:uuid:1f3638f3-b5c6-540b-955a-14369d9bb912,relation/unit/bab-4-grup-solvabel-dan-nilpoten/covers/concept/derived-series,urn:uuid:2d047f0d-0114-50c1-a574-c137f8d63c73,covers,urn:uuid:a8d250d8-9567-5592-927a-7e78d6779bd7,
urn:uuid:9ca9d180-6b01-541a-803b-fb9defd1ebb3,relation/unit/bab-4-grup-solvabel-dan-nilpoten/covers/concept/derived-subgroup,urn:uuid:2d047f0d-0114-50c1-a574-c137f8d63c73,covers,urn:uuid:7cec8a99-ec21-529d-a642-805091997b23,
urn:uuid:ee175847-7783-5107-848a-7df16cec2901,relation/unit/bab-4-grup-solvabel-dan-nilpoten/covers/concept/feit-thompson-theorem,urn:uuid:2d047f0d-0114-50c1-a574-c137f8d63c73,covers,urn:uuid:c57c99bc-b561-5823-82b3-71e7f526368c,
urn:uuid:68228a2e-5029-5fcc-a417-96474f28a44c,relation/unit/bab-4-grup-solvabel-dan-nilpoten/covers/concept/finite-p-groups-nilpotent,urn:uuid:2d047f0d-0114-50c1-a574-c137f8d63c73,covers,urn:uuid:43bd638d-88af-5a6b-bb93-2c1425e98671,
urn:uuid:bd0d6c1a-b5d0-5df6-b9c2-131fd70a1cf6,relation/unit/bab-4-grup-solvabel-dan-nilpoten/covers/concept/fourier-transform,urn:uuid:2d047f0d-0114-50c1-a574-c137f8d63c73,covers,urn:uuid:d0c44739-c144-5dbe-b50b-665f3e5c5ec0,
urn:uuid:1267b54b-3402-5d6d-b181-ec564c096db8,relation/unit/bab-4-grup-solvabel-dan-nilpoten/covers/concept/heisenberg-group,urn:uuid:2d047f0d-0114-50c1-a574-c137f8d63c73,covers,urn:uuid:47637e97-bc9c-5b68-a8dd-6d563200edb7,
urn:uuid:56578578-2698-584c-a10b-66756a56a563,relation/unit/bab-4-grup-solvabel-dan-nilpoten/covers/concept/lower-central-series,urn:uuid:2d047f0d-0114-50c1-a574-c137f8d63c73,covers,urn:uuid:807e5d0d-408d-5d25-8343-1231f06e8fd3,
urn:uuid:c2069f40-d1fc-5201-82eb-945cecfd7c63,relation/unit/bab-4-grup-solvabel-dan-nilpoten/covers/concept/nilpotent-group,urn:uuid:2d047f0d-0114-50c1-a574-c137f8d63c73,covers,urn:uuid:80bceea4-cb91-50fd-b671-fd840ba3079d,
urn:uuid:e46daf98-6d05-5f39-9d3f-27e9a39ab28e,relation/unit/bab-4-grup-solvabel-dan-nilpoten/covers/concept/nilpotent-implies-supersolvable,urn:uuid:2d047f0d-0114-50c1-a574-c137f8d63c73,covers,urn:uuid:283afe06-443e-5665-a0f7-1d830346f260,
urn:uuid:37660e29-e8a9-5ae1-83fd-17cdbd463ae4,relation/unit/bab-4-grup-solvabel-dan-nilpoten/covers/concept/solvable-extension-criterion,urn:uuid:2d047f0d-0114-50c1-a574-c137f8d63c73,covers,urn:uuid:610d4996-19b2-596c-85f5-dc708f7412e4,
urn:uuid:e0406618-1398-51f5-9533-8d7a2f11ed99,relation/unit/bab-4-grup-solvabel-dan-nilpoten/covers/concept/solvable-group,urn:uuid:2d047f0d-0114-50c1-a574-c137f8d63c73,covers,urn:uuid:b90042f3-4f6c-5801-a457-bfae432bb7c4,
urn:uuid:211810e8-1e4c-5e7e-a9ca-43535117c710,relation/unit/bab-4-grup-solvabel-dan-nilpoten/covers/concept/solvable-nilpotent-characterization,urn:uuid:2d047f0d-0114-50c1-a574-c137f8d63c73,covers,urn:uuid:f293f550-30bd-57f9-90e8-5d294805e5cb,
urn:uuid:65015abd-c3db-5fb0-bad6-d5f855e8dddf,relation/unit/bab-4-grup-solvabel-dan-nilpoten/covers/concept/supersolvable-group,urn:uuid:2d047f0d-0114-50c1-a574-c137f8d63c73,covers,urn:uuid:a22b8666-9597-5cf9-986b-ebc82073f0cd,
urn:uuid:15f84dbf-7e76-56c6-9e23-0e58901387eb,relation/unit/bab-4-grup-solvabel-dan-nilpoten/covers/concept/symplectic-form,urn:uuid:2d047f0d-0114-50c1-a574-c137f8d63c73,covers,urn:uuid:6b1bcba2-4990-5630-94ee-a45b1ad31081,
urn:uuid:75a7bc91-01ec-5874-8d5b-ae37bb17035a,relation/unit/bab-4-grup-solvabel-dan-nilpoten/covers/concept/upper-central-series,urn:uuid:2d047f0d-0114-50c1-a574-c137f8d63c73,covers,urn:uuid:fd00384e-80ac-5184-874b-00f395ce6534,
urn:uuid:30c70e3b-beae-5940-9a0d-df98ca7e542c,relation/unit/bab-4-grup-solvabel-dan-nilpoten/covers/concept/upper-triangular-matrix-group,urn:uuid:2d047f0d-0114-50c1-a574-c137f8d63c73,covers,urn:uuid:1120d4d8-2601-59a7-be62-d6ba8d54a909,
urn:uuid:c33bd78e-b90e-59e2-9efd-2e793633d071,relation/unit/bab-4-grup-solvabel-dan-nilpoten/covers/correction/o013-li-u031-cor-001,urn:uuid:2d047f0d-0114-50c1-a574-c137f8d63c73,covers,urn:uuid:824f5c5c-6900-50b0-bf20-b03dc5b8c26c,
urn:uuid:a00266aa-daba-514a-bc9a-1e0a0b7d8ac8,relation/unit/bab-4-grup-solvabel-dan-nilpoten/covers/digital-reflow/o013-li-u031-reflow-001,urn:uuid:2d047f0d-0114-50c1-a574-c137f8d63c73,covers,urn:uuid:f1f02452-1177-5d2a-9e53-7a1bb33eaf77,
urn:uuid:2465d23a-2807-5ce0-a68b-d9582b9e85b4,relation/unit/bab-4-grup-solvabel-dan-nilpoten/covers/protected-text-localization/o013-li-u031-loc-001,urn:uuid:2d047f0d-0114-50c1-a574-c137f8d63c73,covers,urn:uuid:2ccce9e8-f972-54e8-acb9-ffde939ee9a6,
urn:uuid:479abe1a-d197-59d8-bf67-51e208755003,relation/unit/bab-4-grup-solvabel-dan-nilpoten/covers/protected-text-localization/o013-li-u031-loc-002,urn:uuid:2d047f0d-0114-50c1-a574-c137f8d63c73,covers,urn:uuid:47cc2ad6-81f6-50c4-be87-116e95ca49da,
urn:uuid:6be2d86d-6b1d-5e5c-8dd7-6faa777c6b64,relation/unit/bab-4-grup-solvabel-dan-nilpoten/covers/protected-text-localization/o013-li-u031-loc-003,urn:uuid:2d047f0d-0114-50c1-a574-c137f8d63c73,covers,urn:uuid:2669ea2c-003f-5443-b23a-cbd78842afd9,
urn:uuid:7531eafd-7d30-5ca8-84d9-4a2c16c2a692,relation/unit/bab-4-grup-solvabel-dan-nilpoten/covers/protected-text-localization/o013-li-u031-loc-004,urn:uuid:2d047f0d-0114-50c1-a574-c137f8d63c73,covers,urn:uuid:6df16235-6236-534e-b08e-a44d846105be,
urn:uuid:06dc576d-6da9-5285-95a0-9522c4c2a2fa,relation/unit/bab-4-grup-solvabel-dan-nilpoten/covers/protected-text-localization/o013-li-u031-loc-005,urn:uuid:2d047f0d-0114-50c1-a574-c137f8d63c73,covers,urn:uuid:166a1eba-27ef-5964-9cdf-7e891e40a601,
urn:uuid:75ebc5fa-a68a-5940-bd6f-2b6e2aad3b6a,relation/unit/bab-4-grup-solvabel-dan-nilpoten/covers/protected-text-localization/o013-li-u031-loc-006,urn:uuid:2d047f0d-0114-50c1-a574-c137f8d63c73,covers,urn:uuid:e304581f-f247-5678-a99e-75b3d97ea9f0,
urn:uuid:b87d869a-cbb4-5d06-865b-c696b0d65261,relation/unit/bab-4-grup-solvabel-dan-nilpoten/covers/protected-text-localization/o013-li-u031-loc-007,urn:uuid:2d047f0d-0114-50c1-a574-c137f8d63c73,covers,urn:uuid:015512d0-9fbf-59ac-b08c-d69521d53d14,
urn:uuid:89361b62-9ce0-518b-af22-9eef8c51df80,relation/unit/bab-4-grup-solvabel-dan-nilpoten/covers/protected-text-localization/o013-li-u031-loc-008,urn:uuid:2d047f0d-0114-50c1-a574-c137f8d63c73,covers,urn:uuid:1c0763b7-2d09-5461-86af-a79540aac020,
urn:uuid:7244e5f8-63fc-5b63-b706-4b8cdd265110,relation/unit/bab-4-grup-solvabel-dan-nilpoten/covers/provenance/o013-li-u031-production,urn:uuid:2d047f0d-0114-50c1-a574-c137f8d63c73,covers,urn:uuid:adbabb80-8322-5f30-8c08-5b0d7b0d7beb,
urn:uuid:953531e1-f92a-5d8c-8909-606d19a2f3a2,relation/unit/bab-4-grup-solvabel-dan-nilpoten/covers/surface/unit-031/diagram-arrow/001,urn:uuid:2d047f0d-0114-50c1-a574-c137f8d63c73,covers,urn:uuid:99b2b769-500e-5788-8dff-2a03fc913552,
urn:uuid:9829e9ad-bf0c-5de7-bd4e-602c3b77da6a,relation/unit/bab-4-grup-solvabel-dan-nilpoten/covers/surface/unit-031/diagram-arrow/002,urn:uuid:2d047f0d-0114-50c1-a574-c137f8d63c73,covers,urn:uuid:c995e54f-c92f-5152-9341-f5c15d3d5405,
urn:uuid:9ef3310d-32cf-524a-a3ea-b4f95e813b22,relation/unit/bab-4-grup-solvabel-dan-nilpoten/covers/surface/unit-031/diagram-arrow/003,urn:uuid:2d047f0d-0114-50c1-a574-c137f8d63c73,covers,urn:uuid:9d3eca4a-f30f-5ad7-b291-58a0fbac5c9c,
urn:uuid:ab918f6a-16a4-5f4d-bd00-20ebbcffdb54,relation/unit/bab-4-grup-solvabel-dan-nilpoten/covers/surface/unit-031/drawing-command/001-node,urn:uuid:2d047f0d-0114-50c1-a574-c137f8d63c73,covers,urn:uuid:e4a24968-f603-5245-94d1-16eb52011c89,
urn:uuid:fe58644f-0e82-557c-a978-b819492af534,relation/unit/bab-4-grup-solvabel-dan-nilpoten/covers/surface/unit-031/drawing-command/002-node,urn:uuid:2d047f0d-0114-50c1-a574-c137f8d63c73,covers,urn:uuid:5d380886-54df-562b-bf31-8d77fc476355,
urn:uuid:ae5a6904-b62a-5f6a-aada-2c46a29fa295,relation/unit/bab-4-grup-solvabel-dan-nilpoten/covers/surface/unit-031/environment/001-definition-01,urn:uuid:2d047f0d-0114-50c1-a574-c137f8d63c73,covers,urn:uuid:a1298684-0e7a-5d67-9d20-349b324068ae,
urn:uuid:6b557a9f-70e5-5f4b-9cd3-157145e3aced,relation/unit/bab-4-grup-solvabel-dan-nilpoten/covers/surface/unit-031/environment/002-enumerate-01,urn:uuid:2d047f0d-0114-50c1-a574-c137f8d63c73,covers,urn:uuid:1760296d-86b7-517a-949e-dd28c91ca8fd,
urn:uuid:fd59ec0f-19d5-5a26-9995-7326ae09629c,relation/unit/bab-4-grup-solvabel-dan-nilpoten/covers/surface/unit-031/environment/003-definition-02,urn:uuid:2d047f0d-0114-50c1-a574-c137f8d63c73,covers,urn:uuid:e96f9fd6-6167-53b3-8c9f-675ade5de650,
urn:uuid:08438b26-2ece-50e4-8c22-fe0249dea226,relation/unit/bab-4-grup-solvabel-dan-nilpoten/covers/surface/unit-031/environment/004-itemize-01,urn:uuid:2d047f0d-0114-50c1-a574-c137f8d63c73,covers,urn:uuid:84c4eae5-0c3a-5067-812b-96bc7beb8712,
urn:uuid:c90ec2cc-8e67-5d7a-a2c9-adf18fb32a77,relation/unit/bab-4-grup-solvabel-dan-nilpoten/covers/surface/unit-031/environment/005-tikzpicture-01,urn:uuid:2d047f0d-0114-50c1-a574-c137f8d63c73,covers,urn:uuid:6778a1b0-bcdd-56ef-8b79-79b6690d6232,
urn:uuid:95e2939f-b955-52e5-b90e-7bd987d798c7,relation/unit/bab-4-grup-solvabel-dan-nilpoten/covers/surface/unit-031/environment/006-tikzpicture-02,urn:uuid:2d047f0d-0114-50c1-a574-c137f8d63c73,covers,urn:uuid:cfc3d3b6-fc7f-52d5-80f5-17d3a0f13d59,
urn:uuid:ed7feb37-a3ab-517e-874c-49ab6ac64a59,relation/unit/bab-4-grup-solvabel-dan-nilpoten/covers/surface/unit-031/environment/007-compactitem-01,urn:uuid:2d047f0d-0114-50c1-a574-c137f8d63c73,covers,urn:uuid:c98084a2-32f7-59e6-87c9-1bcf0b79de9c,
urn:uuid:9d5dcd81-20be-54a3-aea7-f79effb6e55b,relation/unit/bab-4-grup-solvabel-dan-nilpoten/covers/surface/unit-031/environment/008-lemma-01,urn:uuid:2d047f0d-0114-50c1-a574-c137f8d63c73,covers,urn:uuid:8fc43dc8-6472-5c3b-9718-cbfad16431c9,
urn:uuid:27912857-49c1-5313-8123-41b156eb8ad4,relation/unit/bab-4-grup-solvabel-dan-nilpoten/covers/surface/unit-031/environment/009-tikzcd-01,urn:uuid:2d047f0d-0114-50c1-a574-c137f8d63c73,covers,urn:uuid:2cb7e008-2103-5675-ba67-50c4723bb646,
urn:uuid:a655a4a5-8ae1-5b4a-8c58-715df512d6a9,relation/unit/bab-4-grup-solvabel-dan-nilpoten/covers/surface/unit-031/environment/010-proof-01,urn:uuid:2d047f0d-0114-50c1-a574-c137f8d63c73,covers,urn:uuid:c845cbda-3811-5cb2-bc73-5c6bd7f4ceac,
urn:uuid:10da8b83-497d-5a04-b55f-3d9e66ed40fa,relation/unit/bab-4-grup-solvabel-dan-nilpoten/covers/surface/unit-031/environment/011-lemma-02,urn:uuid:2d047f0d-0114-50c1-a574-c137f8d63c73,covers,urn:uuid:274ee0b4-d387-5535-bd02-f7920bf0b035,
urn:uuid:b55715ff-d11f-552a-ae83-9e0c55350712,relation/unit/bab-4-grup-solvabel-dan-nilpoten/covers/surface/unit-031/environment/012-compactenum-01,urn:uuid:2d047f0d-0114-50c1-a574-c137f8d63c73,covers,urn:uuid:f722403e-5d37-5486-9dd4-95d6f4f69bd4,
urn:uuid:d43bc304-5b37-55ab-9024-dcfd8cda8ef0,relation/unit/bab-4-grup-solvabel-dan-nilpoten/covers/surface/unit-031/environment/013-proof-02,urn:uuid:2d047f0d-0114-50c1-a574-c137f8d63c73,covers,urn:uuid:456058e7-ed2c-5b3c-b483-5f279bab26b5,
urn:uuid:dd75ad1c-b3e7-5b69-ab78-f3157e768129,relation/unit/bab-4-grup-solvabel-dan-nilpoten/covers/surface/unit-031/environment/014-remark-01,urn:uuid:2d047f0d-0114-50c1-a574-c137f8d63c73,covers,urn:uuid:757c3803-8231-5a10-8882-58441239ce08,
urn:uuid:1ab0f394-fadb-5b02-865a-a57a555ffbc0,relation/unit/bab-4-grup-solvabel-dan-nilpoten/covers/surface/unit-031/environment/015-lemma-03,urn:uuid:2d047f0d-0114-50c1-a574-c137f8d63c73,covers,urn:uuid:8458d59b-5052-5cc0-9b01-14ebff1f07ec,
urn:uuid:d2487222-aa54-5e57-a39b-260711ad987e,relation/unit/bab-4-grup-solvabel-dan-nilpoten/covers/surface/unit-031/environment/016-compactitem-02,urn:uuid:2d047f0d-0114-50c1-a574-c137f8d63c73,covers,urn:uuid:491ab4eb-d351-5591-a531-4e58fdca076d,
urn:uuid:2f5a457e-58a9-5001-8cd0-14c6475ad6d9,relation/unit/bab-4-grup-solvabel-dan-nilpoten/covers/surface/unit-031/environment/017-proof-03,urn:uuid:2d047f0d-0114-50c1-a574-c137f8d63c73,covers,urn:uuid:90fb8f5c-e990-5834-9b27-1ffa91deaaa2,
urn:uuid:4e82cf47-4a45-5106-9e8e-f5b8def32396,relation/unit/bab-4-grup-solvabel-dan-nilpoten/covers/surface/unit-031/environment/018-lemma-04,urn:uuid:2d047f0d-0114-50c1-a574-c137f8d63c73,covers,urn:uuid:f1e9267e-b7f4-55d7-9368-2ca57e5d8e00,
urn:uuid:bfa4dbd2-3145-52fa-9b9f-4ad53a5aab15,relation/unit/bab-4-grup-solvabel-dan-nilpoten/covers/surface/unit-031/environment/019-proof-04,urn:uuid:2d047f0d-0114-50c1-a574-c137f8d63c73,covers,urn:uuid:9f63ff73-dcea-52f7-b84d-3105b6473fb8,
urn:uuid:dd041638-eba4-5e14-bd7b-926bce37b137,relation/unit/bab-4-grup-solvabel-dan-nilpoten/covers/surface/unit-031/environment/020-example-01,urn:uuid:2d047f0d-0114-50c1-a574-c137f8d63c73,covers,urn:uuid:47eb013f-4443-51f7-9f1c-e1cfe7a6370b,
urn:uuid:99123cf6-0da2-5673-a676-a4f76aeacc9a,relation/unit/bab-4-grup-solvabel-dan-nilpoten/covers/surface/unit-031/environment/021-pmatrix-01,urn:uuid:2d047f0d-0114-50c1-a574-c137f8d63c73,covers,urn:uuid:d4e0bdef-67ec-590c-abad-171c72a0286e,
urn:uuid:f161e282-2f5e-5ec0-83d8-c69724ad3fc4,relation/unit/bab-4-grup-solvabel-dan-nilpoten/covers/surface/unit-031/environment/022-pmatrix-02,urn:uuid:2d047f0d-0114-50c1-a574-c137f8d63c73,covers,urn:uuid:8a610b13-930a-5342-979c-9f1997ba9203,
urn:uuid:75bbcaea-6920-54bb-bc44-3b4b4c5e4f37,relation/unit/bab-4-grup-solvabel-dan-nilpoten/covers/surface/unit-031/environment/023-equation-01,urn:uuid:2d047f0d-0114-50c1-a574-c137f8d63c73,covers,urn:uuid:7c6b7047-eec7-5011-a7ee-6112f3c1c02a,
urn:uuid:4a2da9a6-7748-55c0-b5ab-2e08a0edada0,relation/unit/bab-4-grup-solvabel-dan-nilpoten/covers/surface/unit-031/environment/024-multline-01,urn:uuid:2d047f0d-0114-50c1-a574-c137f8d63c73,covers,urn:uuid:9b3c79e2-b21f-555b-9d6d-d92b727cdfb9,
urn:uuid:f81596b1-bc0b-549a-8f1a-860d51e74ae7,relation/unit/bab-4-grup-solvabel-dan-nilpoten/covers/surface/unit-031/environment/025-align-01,urn:uuid:2d047f0d-0114-50c1-a574-c137f8d63c73,covers,urn:uuid:460bfb33-91b3-5e19-ab89-5f8aa89cdb7d,
urn:uuid:9894c762-7e3e-526d-b47c-7a3879410291,relation/unit/bab-4-grup-solvabel-dan-nilpoten/covers/surface/unit-031/environment/026-proposition-01,urn:uuid:2d047f0d-0114-50c1-a574-c137f8d63c73,covers,urn:uuid:a484bfe9-f5d0-5489-a727-20cc7f0cf974,
urn:uuid:155840b0-49d1-5223-b583-de1421e13307,relation/unit/bab-4-grup-solvabel-dan-nilpoten/covers/surface/unit-031/environment/027-proof-05,urn:uuid:2d047f0d-0114-50c1-a574-c137f8d63c73,covers,urn:uuid:f264db91-080c-561e-97e2-2770c7ca7eca,
urn:uuid:f4de7358-4a25-58a1-92ac-7d6a85815c77,relation/unit/bab-4-grup-solvabel-dan-nilpoten/covers/surface/unit-031/environment/028-example-02,urn:uuid:2d047f0d-0114-50c1-a574-c137f8d63c73,covers,urn:uuid:83651c21-fbe4-577c-ba5b-bf481b899f2c,
urn:uuid:6dc2c1bb-9e7b-509c-9af9-0d0828e4183b,relation/unit/bab-4-grup-solvabel-dan-nilpoten/covers/surface/unit-031/environment/029-align-02,urn:uuid:2d047f0d-0114-50c1-a574-c137f8d63c73,covers,urn:uuid:bbcda010-0c7c-5125-956f-d6973a3b5f82,
urn:uuid:a10976d5-ee73-5d60-a1fe-a43797cabe90,relation/unit/bab-4-grup-solvabel-dan-nilpoten/covers/surface/unit-031/environment/030-gather-01,urn:uuid:2d047f0d-0114-50c1-a574-c137f8d63c73,covers,urn:uuid:75304376-ce1f-57ea-b671-6d2acadaeeba,
urn:uuid:2ed62146-dca3-5c5d-9476-ff22b205f192,relation/unit/bab-4-grup-solvabel-dan-nilpoten/covers/surface/unit-031/environment/031-cases-01,urn:uuid:2d047f0d-0114-50c1-a574-c137f8d63c73,covers,urn:uuid:238d54a5-3097-51ce-8afe-fa3ac5d143a0,
urn:uuid:d4e3881e-8b32-541c-a5b4-0afd67d68e6a,relation/unit/bab-4-grup-solvabel-dan-nilpoten/covers/surface/unit-031/item/001,urn:uuid:2d047f0d-0114-50c1-a574-c137f8d63c73,covers,urn:uuid:d504fe21-4860-59ce-b88b-36a6a8051cac,
urn:uuid:01767f66-ce20-5a2d-92cf-07d8743ec8a8,relation/unit/bab-4-grup-solvabel-dan-nilpoten/covers/surface/unit-031/item/002,urn:uuid:2d047f0d-0114-50c1-a574-c137f8d63c73,covers,urn:uuid:f0dcb12f-0e73-5956-a644-1db2a12e901a,
urn:uuid:aaec88c4-8cae-5b94-b8b6-14d029ebb8d4,relation/unit/bab-4-grup-solvabel-dan-nilpoten/covers/surface/unit-031/item/003,urn:uuid:2d047f0d-0114-50c1-a574-c137f8d63c73,covers,urn:uuid:91b5fbf8-f2e3-59f1-8753-b47923e374fa,
urn:uuid:3276128c-e35e-5b61-beee-ed6308da9b73,relation/unit/bab-4-grup-solvabel-dan-nilpoten/covers/surface/unit-031/item/004,urn:uuid:2d047f0d-0114-50c1-a574-c137f8d63c73,covers,urn:uuid:c4e0ef0b-97b0-55c5-a0f5-f10734314021,
urn:uuid:af34934d-7fa5-5c4f-8b7a-ccea1bbf8620,relation/unit/bab-4-grup-solvabel-dan-nilpoten/covers/surface/unit-031/item/005,urn:uuid:2d047f0d-0114-50c1-a574-c137f8d63c73,covers,urn:uuid:280caaf3-e528-5a08-b370-c21b7932c0e1,
urn:uuid:c6ceaa71-dd52-5196-8d04-a247721c4563,relation/unit/bab-4-grup-solvabel-dan-nilpoten/covers/surface/unit-031/item/006,urn:uuid:2d047f0d-0114-50c1-a574-c137f8d63c73,covers,urn:uuid:1b780d5c-42f0-51c2-95da-4dafbaab780d,
urn:uuid:ec7be42e-bfda-5770-882a-8548995458f3,relation/unit/bab-4-grup-solvabel-dan-nilpoten/covers/surface/unit-031/item/007,urn:uuid:2d047f0d-0114-50c1-a574-c137f8d63c73,covers,urn:uuid:d184a012-90ef-5b10-9be8-6f740356be7e,
urn:uuid:11d89c0b-df6c-5840-99c6-e2038ba865df,relation/unit/bab-4-grup-solvabel-dan-nilpoten/covers/surface/unit-031/item/008,urn:uuid:2d047f0d-0114-50c1-a574-c137f8d63c73,covers,urn:uuid:a8804fdc-c018-5bae-9109-17d0932ab600,
urn:uuid:23e1a50e-4e32-5883-8277-fc209c61f09c,relation/unit/bab-4-grup-solvabel-dan-nilpoten/covers/surface/unit-031/item/009,urn:uuid:2d047f0d-0114-50c1-a574-c137f8d63c73,covers,urn:uuid:78771df7-0eed-5d8a-aab1-86b198c52ab3,
urn:uuid:95096b87-f8f2-598f-9c7e-a59c8c145dd4,relation/unit/bab-4-grup-solvabel-dan-nilpoten/covers/surface/unit-031/item/010,urn:uuid:2d047f0d-0114-50c1-a574-c137f8d63c73,covers,urn:uuid:41590282-7954-5e85-8c71-8352c5f68181,
urn:uuid:56649955-c904-56cb-82af-f74a0e167374,relation/unit/bab-4-grup-solvabel-dan-nilpoten/covers/surface/unit-031/item/011,urn:uuid:2d047f0d-0114-50c1-a574-c137f8d63c73,covers,urn:uuid:0dddda66-6e7d-5578-9d76-a2262a1e98b5,
urn:uuid:ae4eef41-b229-5996-bfb8-00a8a6d0a1cd,relation/unit/bab-4-grup-solvabel-dan-nilpoten/covers/surface/unit-031/item/012,urn:uuid:2d047f0d-0114-50c1-a574-c137f8d63c73,covers,urn:uuid:dd248bee-c003-537d-bf58-3c39d1821ef4,
urn:uuid:ce0767f5-c4a5-554f-96a0-e28dd52ef76c,relation/unit/bab-4-grup-solvabel-dan-nilpoten/covers/surface/unit-031/item/013,urn:uuid:2d047f0d-0114-50c1-a574-c137f8d63c73,covers,urn:uuid:ca2baf11-a2b3-59bf-a0b9-e1187e70551f,
urn:uuid:a1e6dc3a-8439-5069-8b75-729c66ce7199,relation/unit/bab-4-grup-solvabel-dan-nilpoten/covers/surface/unit-031/item/014,urn:uuid:2d047f0d-0114-50c1-a574-c137f8d63c73,covers,urn:uuid:6cf027b8-f588-59a6-9f8d-a2df5bf9a3a1,
urn:uuid:3c4034cf-34b1-5436-a5e3-62eb4145c69c,relation/unit/bab-4-grup-solvabel-dan-nilpoten/covers/surface/unit-031/label/001,urn:uuid:2d047f0d-0114-50c1-a574-c137f8d63c73,covers,urn:uuid:856b34e5-0cd9-56f4-b9c6-c5bb03093237,
urn:uuid:89f4fbae-4196-5e95-9422-bc543151aaf5,relation/unit/bab-4-grup-solvabel-dan-nilpoten/covers/surface/unit-031/label/002,urn:uuid:2d047f0d-0114-50c1-a574-c137f8d63c73,covers,urn:uuid:5af4485f-0925-54ad-8928-05b930b01b02,
urn:uuid:11d7f4cc-411f-57f7-92b8-6a2688248cd0,relation/unit/bab-4-grup-solvabel-dan-nilpoten/covers/surface/unit-031/label/003,urn:uuid:2d047f0d-0114-50c1-a574-c137f8d63c73,covers,urn:uuid:fa1f2d37-c52e-5ad6-a4b1-b448772dde04,
urn:uuid:dca1b9b0-588f-515e-b1a0-b173979a2419,relation/unit/bab-4-grup-solvabel-dan-nilpoten/covers/surface/unit-031/label/004,urn:uuid:2d047f0d-0114-50c1-a574-c137f8d63c73,covers,urn:uuid:71d1f2e3-1b75-5ef0-a0c5-5c1db72ab81e,
urn:uuid:d673193a-a7db-58f5-b009-1a0d74d65e9c,relation/unit/bab-4-grup-solvabel-dan-nilpoten/covers/surface/unit-031/label/005,urn:uuid:2d047f0d-0114-50c1-a574-c137f8d63c73,covers,urn:uuid:322cbc58-934f-56e8-978f-beba9580f6f5,
urn:uuid:fdf2fbdd-243c-5fa5-ad7e-6b11c024bc59,relation/unit/bab-4-grup-solvabel-dan-nilpoten/covers/surface/unit-031/label/006,urn:uuid:2d047f0d-0114-50c1-a574-c137f8d63c73,covers,urn:uuid:baf80fe6-235a-56fd-82dd-01456ea4c13f,
urn:uuid:e0c2dcd0-a85d-51c1-8278-2e52891c3537,relation/unit/bab-4-grup-solvabel-dan-nilpoten/covers/surface/unit-031/protected-math-zone/001-inline,urn:uuid:2d047f0d-0114-50c1-a574-c137f8d63c73,covers,urn:uuid:e83cc31f-de6d-5015-a3c7-950a16696790,
urn:uuid:3547adb7-5c99-5032-9d1d-6a632f11cf07,relation/unit/bab-4-grup-solvabel-dan-nilpoten/covers/surface/unit-031/protected-math-zone/002-inline,urn:uuid:2d047f0d-0114-50c1-a574-c137f8d63c73,covers,urn:uuid:dae7d4d6-1166-529a-90ef-9db99768c5e4,
urn:uuid:7fcdd2e2-877d-535a-acfe-2dbd2f30d20b,relation/unit/bab-4-grup-solvabel-dan-nilpoten/covers/surface/unit-031/protected-math-zone/003-inline,urn:uuid:2d047f0d-0114-50c1-a574-c137f8d63c73,covers,urn:uuid:fb555236-f514-5a09-bd24-72b0141b4e5a,
urn:uuid:538e6e42-6988-58e1-891c-f46beac6b50a,relation/unit/bab-4-grup-solvabel-dan-nilpoten/covers/surface/unit-031/protected-math-zone/004-inline,urn:uuid:2d047f0d-0114-50c1-a574-c137f8d63c73,covers,urn:uuid:98d9153a-c09c-5849-bddf-6723569cbea2,
urn:uuid:0ccc4802-fc18-5a79-afe3-2f4897e2ab30,relation/unit/bab-4-grup-solvabel-dan-nilpoten/covers/surface/unit-031/protected-math-zone/005-inline,urn:uuid:2d047f0d-0114-50c1-a574-c137f8d63c73,covers,urn:uuid:dc72b10a-fe17-5b39-843d-fc32d6821b75,
urn:uuid:404b4b0d-4d2b-5606-bba5-6a5ddc28c3d1,relation/unit/bab-4-grup-solvabel-dan-nilpoten/covers/surface/unit-031/protected-math-zone/006-inline,urn:uuid:2d047f0d-0114-50c1-a574-c137f8d63c73,covers,urn:uuid:cd5fe8ab-3ea3-5c70-86b5-19f560f0113d,
urn:uuid:00ab3027-6807-5200-a458-316009d653a3,relation/unit/bab-4-grup-solvabel-dan-nilpoten/covers/surface/unit-031/protected-math-zone/007-inline,urn:uuid:2d047f0d-0114-50c1-a574-c137f8d63c73,covers,urn:uuid:e5c7aa89-e419-5239-bbb9-d99c44c0fb8a,
urn:uuid:8f58b29e-6841-5f46-bbc3-88bc695ba013,relation/unit/bab-4-grup-solvabel-dan-nilpoten/covers/surface/unit-031/protected-math-zone/008-inline,urn:uuid:2d047f0d-0114-50c1-a574-c137f8d63c73,covers,urn:uuid:bbad048d-e070-59ff-a907-a4bb5e694a73,
urn:uuid:41c4d358-eb2b-5996-acf9-d8f44aeda144,relation/unit/bab-4-grup-solvabel-dan-nilpoten/covers/surface/unit-031/protected-math-zone/009-display-bracket,urn:uuid:2d047f0d-0114-50c1-a574-c137f8d63c73,covers,urn:uuid:6baeadf8-2937-5f4f-9248-fc30b3a73d53,
urn:uuid:03265345-874f-5a30-a4d5-d15cd0e3375e,relation/unit/bab-4-grup-solvabel-dan-nilpoten/covers/surface/unit-031/protected-math-zone/010-inline,urn:uuid:2d047f0d-0114-50c1-a574-c137f8d63c73,covers,urn:uuid:72b17a68-1c17-5f9a-8822-0a543177bc69,
urn:uuid:9dc9e087-af44-50c6-a977-2ffadb71e4ce,relation/unit/bab-4-grup-solvabel-dan-nilpoten/covers/surface/unit-031/protected-math-zone/011-inline,urn:uuid:2d047f0d-0114-50c1-a574-c137f8d63c73,covers,urn:uuid:2e136347-2602-5d3b-9135-ba20336fdd4f,
urn:uuid:1c3da8de-8817-5e26-b047-6af45fa4d3e8,relation/unit/bab-4-grup-solvabel-dan-nilpoten/covers/surface/unit-031/protected-math-zone/012-inline,urn:uuid:2d047f0d-0114-50c1-a574-c137f8d63c73,covers,urn:uuid:7178e512-0d09-5b87-8c1a-376d72d6fb01,
urn:uuid:23820845-fef7-53b5-a48c-57eb599da585,relation/unit/bab-4-grup-solvabel-dan-nilpoten/covers/surface/unit-031/protected-math-zone/013-inline,urn:uuid:2d047f0d-0114-50c1-a574-c137f8d63c73,covers,urn:uuid:96125b14-374b-51b0-befa-efaf3ff690a6,
urn:uuid:3042befb-9be8-586a-a4ad-943efbcaede6,relation/unit/bab-4-grup-solvabel-dan-nilpoten/covers/surface/unit-031/protected-math-zone/014-display-environment,urn:uuid:2d047f0d-0114-50c1-a574-c137f8d63c73,covers,urn:uuid:e2085ff8-bc1b-5785-8e40-fa02316288f6,
urn:uuid:c83b71c8-2656-5da4-9436-0cbec297fe63,relation/unit/bab-4-grup-solvabel-dan-nilpoten/covers/surface/unit-031/protected-math-zone/015-inline,urn:uuid:2d047f0d-0114-50c1-a574-c137f8d63c73,covers,urn:uuid:6ccb94a0-c4b9-5176-b016-b5a520c59e62,
urn:uuid:68c49838-00d5-567c-a753-a84bec8556a6,relation/unit/bab-4-grup-solvabel-dan-nilpoten/covers/surface/unit-031/protected-math-zone/016-display-environment,urn:uuid:2d047f0d-0114-50c1-a574-c137f8d63c73,covers,urn:uuid:3f45b644-9115-5ea5-b602-a631d1f252de,
urn:uuid:68c90262-9512-5ec3-9a1b-ece9017f427b,relation/unit/bab-4-grup-solvabel-dan-nilpoten/covers/surface/unit-031/protected-math-zone/017-inline,urn:uuid:2d047f0d-0114-50c1-a574-c137f8d63c73,covers,urn:uuid:37d0e563-bd19-598d-8c25-e52588519177,
urn:uuid:06246dda-71e5-5750-bc25-476afca9df15,relation/unit/bab-4-grup-solvabel-dan-nilpoten/covers/surface/unit-031/protected-math-zone/018-inline,urn:uuid:2d047f0d-0114-50c1-a574-c137f8d63c73,covers,urn:uuid:39750c7e-d612-5219-a10c-345819af57e7,
urn:uuid:1e149fa1-717d-5cdf-be78-7b183362eb23,relation/unit/bab-4-grup-solvabel-dan-nilpoten/covers/surface/unit-031/protected-math-zone/019-inline,urn:uuid:2d047f0d-0114-50c1-a574-c137f8d63c73,covers,urn:uuid:6472e792-ff2f-53ca-8e90-91c438d09efb,
urn:uuid:2c08ef2a-5040-5efd-96a0-b47240c430f9,relation/unit/bab-4-grup-solvabel-dan-nilpoten/covers/surface/unit-031/protected-math-zone/020-inline,urn:uuid:2d047f0d-0114-50c1-a574-c137f8d63c73,covers,urn:uuid:4e18cc57-61ab-5712-919b-f1e620f0e818,
urn:uuid:3b25e9fa-c14c-59ff-a1c0-6e2ec52aedbd,relation/unit/bab-4-grup-solvabel-dan-nilpoten/covers/surface/unit-031/protected-math-zone/021-inline,urn:uuid:2d047f0d-0114-50c1-a574-c137f8d63c73,covers,urn:uuid:99456b5a-c5ab-505b-92c8-03143fca16ab,
urn:uuid:20645f7c-408f-5a87-8ab7-53f969679f9c,relation/unit/bab-4-grup-solvabel-dan-nilpoten/covers/surface/unit-031/protected-math-zone/022-inline,urn:uuid:2d047f0d-0114-50c1-a574-c137f8d63c73,covers,urn:uuid:0de6653d-257c-53cf-bd60-3cd91b1e91eb,
urn:uuid:c860f8a5-1923-56ce-9565-9f7396618964,relation/unit/bab-4-grup-solvabel-dan-nilpoten/covers/surface/unit-031/protected-math-zone/023-inline,urn:uuid:2d047f0d-0114-50c1-a574-c137f8d63c73,covers,urn:uuid:e3716474-67c0-5101-86ce-d8d784fbabc6,
urn:uuid:87143ba0-f369-541b-b2ed-2d1ff7dcd65b,relation/unit/bab-4-grup-solvabel-dan-nilpoten/covers/surface/unit-031/protected-math-zone/024-inline,urn:uuid:2d047f0d-0114-50c1-a574-c137f8d63c73,covers,urn:uuid:4cbdcf0f-a718-507f-90dc-d9e1cde1d7b4,
urn:uuid:250a3e64-8e33-58ff-bf27-d8e0ca0b3cc6,relation/unit/bab-4-grup-solvabel-dan-nilpoten/covers/surface/unit-031/protected-math-zone/025-inline,urn:uuid:2d047f0d-0114-50c1-a574-c137f8d63c73,covers,urn:uuid:d1e461ba-1630-56f6-8664-c35ab2752c5a,
urn:uuid:556caa11-9422-5b2d-a2a3-117dd6be266e,relation/unit/bab-4-grup-solvabel-dan-nilpoten/covers/surface/unit-031/protected-math-zone/026-inline,urn:uuid:2d047f0d-0114-50c1-a574-c137f8d63c73,covers,urn:uuid:2fa1779e-130b-542e-853c-eb44d5a6762e,
urn:uuid:29792a3b-d249-5df7-8d47-b5e90a9ab718,relation/unit/bab-4-grup-solvabel-dan-nilpoten/covers/surface/unit-031/protected-math-zone/027-inline,urn:uuid:2d047f0d-0114-50c1-a574-c137f8d63c73,covers,urn:uuid:3053a3b5-68e1-51bc-8340-bc0ed2adc5da,
urn:uuid:a732efbe-1616-55a3-899f-edc4f448f96b,relation/unit/bab-4-grup-solvabel-dan-nilpoten/covers/surface/unit-031/protected-math-zone/028-inline,urn:uuid:2d047f0d-0114-50c1-a574-c137f8d63c73,covers,urn:uuid:0a866bd7-fa52-5b92-80cb-dbae10af268a,
urn:uuid:bd1e89fa-ecd2-5579-b028-a118587725e2,relation/unit/bab-4-grup-solvabel-dan-nilpoten/covers/surface/unit-031/protected-math-zone/029-inline,urn:uuid:2d047f0d-0114-50c1-a574-c137f8d63c73,covers,urn:uuid:0dab51b5-f9c6-56da-9264-e4012ee627a4,
urn:uuid:50234d4c-086f-5d70-8292-770d44a0bd5a,relation/unit/bab-4-grup-solvabel-dan-nilpoten/covers/surface/unit-031/protected-math-zone/030-inline,urn:uuid:2d047f0d-0114-50c1-a574-c137f8d63c73,covers,urn:uuid:eaa8b5cf-4712-5faf-b9ce-d52831723d40,
urn:uuid:5fc4dc14-e05e-5187-9db0-08dc6c999a92,relation/unit/bab-4-grup-solvabel-dan-nilpoten/covers/surface/unit-031/protected-math-zone/031-inline,urn:uuid:2d047f0d-0114-50c1-a574-c137f8d63c73,covers,urn:uuid:96deb34e-175c-500f-8ba6-8a35ad47c8f2,
urn:uuid:40f87077-cb05-5307-8329-32c4c7003007,relation/unit/bab-4-grup-solvabel-dan-nilpoten/covers/surface/unit-031/protected-math-zone/032-inline,urn:uuid:2d047f0d-0114-50c1-a574-c137f8d63c73,covers,urn:uuid:61eb58db-4357-56b6-b9a4-56105a843520,
urn:uuid:27b608fe-5bc0-5950-ab71-d4b550f3c1d7,relation/unit/bab-4-grup-solvabel-dan-nilpoten/covers/surface/unit-031/protected-math-zone/033-inline,urn:uuid:2d047f0d-0114-50c1-a574-c137f8d63c73,covers,urn:uuid:e4c702e4-4005-5d3a-a525-560803d032fe,
urn:uuid:2171c9e0-9c70-5bc8-a623-a10276fed6a3,relation/unit/bab-4-grup-solvabel-dan-nilpoten/covers/surface/unit-031/protected-math-zone/034-inline,urn:uuid:2d047f0d-0114-50c1-a574-c137f8d63c73,covers,urn:uuid:7275ef27-b4fd-5b76-89c1-65f239d032d1,
urn:uuid:2878447c-aaa7-5660-8be0-aede7cea3bc7,relation/unit/bab-4-grup-solvabel-dan-nilpoten/covers/surface/unit-031/protected-math-zone/035-inline,urn:uuid:2d047f0d-0114-50c1-a574-c137f8d63c73,covers,urn:uuid:a05bd342-076f-5205-88ae-539c043bd979,
urn:uuid:3798fe97-3f43-5056-a1db-3121f1696171,relation/unit/bab-4-grup-solvabel-dan-nilpoten/covers/surface/unit-031/protected-math-zone/036-inline,urn:uuid:2d047f0d-0114-50c1-a574-c137f8d63c73,covers,urn:uuid:b640f75d-79c8-5e9e-a769-7dd361df0a02,
urn:uuid:aec50860-2fd0-5518-bd75-445c3277d08c,relation/unit/bab-4-grup-solvabel-dan-nilpoten/covers/surface/unit-031/protected-math-zone/037-inline,urn:uuid:2d047f0d-0114-50c1-a574-c137f8d63c73,covers,urn:uuid:16952c1a-4f81-54f5-8fbb-010b28af706e,
urn:uuid:839b8c0e-1e37-5a1f-b9b6-c1e37091c437,relation/unit/bab-4-grup-solvabel-dan-nilpoten/covers/surface/unit-031/protected-math-zone/038-inline,urn:uuid:2d047f0d-0114-50c1-a574-c137f8d63c73,covers,urn:uuid:d75b6ccc-5020-5576-95ed-f817b769e4ce,
urn:uuid:a90832f3-5b0b-5179-a413-f974ef503095,relation/unit/bab-4-grup-solvabel-dan-nilpoten/covers/surface/unit-031/protected-math-zone/039-inline,urn:uuid:2d047f0d-0114-50c1-a574-c137f8d63c73,covers,urn:uuid:9259c26d-ee22-5bb9-ad98-8525e496077c,
urn:uuid:be1b6fb6-9c83-520e-bb54-6c8d591896af,relation/unit/bab-4-grup-solvabel-dan-nilpoten/covers/surface/unit-031/protected-math-zone/040-inline,urn:uuid:2d047f0d-0114-50c1-a574-c137f8d63c73,covers,urn:uuid:ad05ee54-0f10-5b1a-affe-c4e42a5aa167,
urn:uuid:2751001f-251b-5f70-b439-ae0086dfed66,relation/unit/bab-4-grup-solvabel-dan-nilpoten/covers/surface/unit-031/protected-math-zone/041-inline,urn:uuid:2d047f0d-0114-50c1-a574-c137f8d63c73,covers,urn:uuid:35580af2-6d2e-5376-a305-d9728447504b,
urn:uuid:d6d264ea-8992-521f-9415-24d5a12e55cf,relation/unit/bab-4-grup-solvabel-dan-nilpoten/covers/surface/unit-031/protected-math-zone/042-inline,urn:uuid:2d047f0d-0114-50c1-a574-c137f8d63c73,covers,urn:uuid:4722a670-a87e-548f-a7ff-71f4c5600ba7,
urn:uuid:9ee77f16-b959-5aaa-b3d4-67b6e968ae22,relation/unit/bab-4-grup-solvabel-dan-nilpoten/covers/surface/unit-031/protected-math-zone/043-display-bracket,urn:uuid:2d047f0d-0114-50c1-a574-c137f8d63c73,covers,urn:uuid:713fa903-1b56-550a-9ac3-eeb57bb72780,
urn:uuid:6b287100-2aa1-5667-917f-26ae402efcf8,relation/unit/bab-4-grup-solvabel-dan-nilpoten/covers/surface/unit-031/protected-math-zone/044-display-environment,urn:uuid:2d047f0d-0114-50c1-a574-c137f8d63c73,covers,urn:uuid:77136c35-a9ba-5fbd-b95e-a3b6b9608fcb,
urn:uuid:f4a421fc-7148-5e64-83e0-2bce1e424cdd,relation/unit/bab-4-grup-solvabel-dan-nilpoten/covers/surface/unit-031/protected-math-zone/045-inline,urn:uuid:2d047f0d-0114-50c1-a574-c137f8d63c73,covers,urn:uuid:0a7fcf36-3d66-5eff-a583-7286f62c4fc3,
urn:uuid:8de645aa-6de2-518e-b963-1400df908ce7,relation/unit/bab-4-grup-solvabel-dan-nilpoten/covers/surface/unit-031/protected-math-zone/046-inline,urn:uuid:2d047f0d-0114-50c1-a574-c137f8d63c73,covers,urn:uuid:c36743fa-68c7-5894-b4bc-2eba352b4380,
urn:uuid:78b02330-cd86-5945-ac9d-1acbbc4e7284,relation/unit/bab-4-grup-solvabel-dan-nilpoten/covers/surface/unit-031/protected-math-zone/047-inline,urn:uuid:2d047f0d-0114-50c1-a574-c137f8d63c73,covers,urn:uuid:2165341b-c51f-5071-a836-db7617bb3970,
urn:uuid:27e74352-0332-5b2e-82d6-56f12aad02e2,relation/unit/bab-4-grup-solvabel-dan-nilpoten/covers/surface/unit-031/protected-math-zone/048-inline,urn:uuid:2d047f0d-0114-50c1-a574-c137f8d63c73,covers,urn:uuid:e112ade0-5611-53ea-a7bc-0dad93c2d43d,
urn:uuid:0f4b700b-e99f-5f38-98e1-4eb8c84e5c52,relation/unit/bab-4-grup-solvabel-dan-nilpoten/covers/surface/unit-031/protected-math-zone/049-inline,urn:uuid:2d047f0d-0114-50c1-a574-c137f8d63c73,covers,urn:uuid:9dcd2b94-0241-528a-8ca3-c0211667197b,
urn:uuid:0e6e5827-afcb-53f1-8a5f-5f9effa7ca07,relation/unit/bab-4-grup-solvabel-dan-nilpoten/covers/surface/unit-031/protected-math-zone/050-inline,urn:uuid:2d047f0d-0114-50c1-a574-c137f8d63c73,covers,urn:uuid:040a9da4-468b-5845-b4f4-e9a6744a63d5,
urn:uuid:ece3dee2-ea78-5b1a-8b86-3f99318e4c0d,relation/unit/bab-4-grup-solvabel-dan-nilpoten/covers/surface/unit-031/protected-math-zone/051-inline,urn:uuid:2d047f0d-0114-50c1-a574-c137f8d63c73,covers,urn:uuid:05861ebe-12d9-51f7-a885-1a1045928329,
urn:uuid:7ca66973-a267-5352-ac77-d876b2752194,relation/unit/bab-4-grup-solvabel-dan-nilpoten/covers/surface/unit-031/protected-math-zone/052-inline,urn:uuid:2d047f0d-0114-50c1-a574-c137f8d63c73,covers,urn:uuid:cfd86a3a-d8ad-547a-aeaa-d24dadbbc3dc,
urn:uuid:614b7785-a31f-5480-be97-39990b7a4530,relation/unit/bab-4-grup-solvabel-dan-nilpoten/covers/surface/unit-031/protected-math-zone/053-inline,urn:uuid:2d047f0d-0114-50c1-a574-c137f8d63c73,covers,urn:uuid:ae29a13c-6bbb-5526-9557-34fe0ef08001,
urn:uuid:ca7c0ba4-8aef-571c-ab4f-7486e5575af3,relation/unit/bab-4-grup-solvabel-dan-nilpoten/covers/surface/unit-031/protected-math-zone/054-inline,urn:uuid:2d047f0d-0114-50c1-a574-c137f8d63c73,covers,urn:uuid:b61a337c-9869-59d9-b064-eb1c375e3df1,
urn:uuid:cb896606-707f-5253-93ea-e0156e1569c2,relation/unit/bab-4-grup-solvabel-dan-nilpoten/covers/surface/unit-031/protected-math-zone/055-inline,urn:uuid:2d047f0d-0114-50c1-a574-c137f8d63c73,covers,urn:uuid:43faf465-e4e0-5961-916d-cd62b76f86b5,
urn:uuid:ffb96f3f-fe37-5c4f-b141-1c8b65c5d1c5,relation/unit/bab-4-grup-solvabel-dan-nilpoten/covers/surface/unit-031/protected-math-zone/056-inline,urn:uuid:2d047f0d-0114-50c1-a574-c137f8d63c73,covers,urn:uuid:be0f41b9-fb04-59ad-90d7-3624d4fe9c01,
urn:uuid:0a001e35-ff6f-5c59-88c8-e64e5e9ebc4f,relation/unit/bab-4-grup-solvabel-dan-nilpoten/covers/surface/unit-031/protected-math-zone/057-inline,urn:uuid:2d047f0d-0114-50c1-a574-c137f8d63c73,covers,urn:uuid:26d12181-1beb-550e-8ecf-dbcd3fe0591e,
urn:uuid:3bd1a9dd-5294-5863-a5aa-028347c905f3,relation/unit/bab-4-grup-solvabel-dan-nilpoten/covers/surface/unit-031/protected-math-zone/058-inline,urn:uuid:2d047f0d-0114-50c1-a574-c137f8d63c73,covers,urn:uuid:be0b57f8-a94c-5a3c-a410-5d93adf81efc,
urn:uuid:bc88b93e-f4be-58c3-8118-2664d009e813,relation/unit/bab-4-grup-solvabel-dan-nilpoten/covers/surface/unit-031/protected-math-zone/059-inline,urn:uuid:2d047f0d-0114-50c1-a574-c137f8d63c73,covers,urn:uuid:d1cddecd-88f0-5360-aaa5-bb07bff91c0c,
urn:uuid:9c63d6b6-31c8-5950-a2dd-0a48693cf686,relation/unit/bab-4-grup-solvabel-dan-nilpoten/covers/surface/unit-031/protected-math-zone/060-inline,urn:uuid:2d047f0d-0114-50c1-a574-c137f8d63c73,covers,urn:uuid:964122a4-ac61-5241-b83a-67c60cca8b71,
urn:uuid:f58fe029-c386-561d-b122-efa01da99120,relation/unit/bab-4-grup-solvabel-dan-nilpoten/covers/surface/unit-031/protected-math-zone/061-inline,urn:uuid:2d047f0d-0114-50c1-a574-c137f8d63c73,covers,urn:uuid:771948b6-41a3-59f5-ab4f-8fd42d813291,
urn:uuid:4d1546c1-c101-5a11-8e5c-aaca5bcc8893,relation/unit/bab-4-grup-solvabel-dan-nilpoten/covers/surface/unit-031/protected-math-zone/062-inline,urn:uuid:2d047f0d-0114-50c1-a574-c137f8d63c73,covers,urn:uuid:2f63cf0b-e75d-58f0-9040-18da12179479,
urn:uuid:09130e4f-9344-5145-9b8f-17ca9276876b,relation/unit/bab-4-grup-solvabel-dan-nilpoten/covers/surface/unit-031/protected-math-zone/063-inline,urn:uuid:2d047f0d-0114-50c1-a574-c137f8d63c73,covers,urn:uuid:b04c96b2-feb0-5260-a706-e4b02eb8cee1,
urn:uuid:26aacba7-7d9e-5159-95bf-e11a3b75bad7,relation/unit/bab-4-grup-solvabel-dan-nilpoten/covers/surface/unit-031/protected-math-zone/064-inline,urn:uuid:2d047f0d-0114-50c1-a574-c137f8d63c73,covers,urn:uuid:0f70a3bb-9065-5414-876b-ac77a4529c41,
urn:uuid:76c21793-7bd1-5431-af66-2143f0a0b8a8,relation/unit/bab-4-grup-solvabel-dan-nilpoten/covers/surface/unit-031/protected-math-zone/065-inline,urn:uuid:2d047f0d-0114-50c1-a574-c137f8d63c73,covers,urn:uuid:f5dcf60f-aa57-511f-8181-d490d107c64b,
urn:uuid:43585567-41a8-5f49-9220-47c1a799d916,relation/unit/bab-4-grup-solvabel-dan-nilpoten/covers/surface/unit-031/protected-math-zone/066-inline,urn:uuid:2d047f0d-0114-50c1-a574-c137f8d63c73,covers,urn:uuid:5cf6f58b-f757-5ae3-9c4f-3e08f6255a8b,
urn:uuid:696691b1-191c-57fb-9f3e-de840072c36b,relation/unit/bab-4-grup-solvabel-dan-nilpoten/covers/surface/unit-031/protected-math-zone/067-inline,urn:uuid:2d047f0d-0114-50c1-a574-c137f8d63c73,covers,urn:uuid:9ceb9d8c-b3fb-5b3b-b740-1e194a3ead46,
urn:uuid:473475e7-fc5e-5daf-a712-40e36f7aba40,relation/unit/bab-4-grup-solvabel-dan-nilpoten/covers/surface/unit-031/protected-math-zone/068-inline,urn:uuid:2d047f0d-0114-50c1-a574-c137f8d63c73,covers,urn:uuid:c1955c25-2c59-5280-a59e-0886b0e5fbb1,
urn:uuid:af6e76bb-f81f-59de-a7d3-1a812a2ad8cf,relation/unit/bab-4-grup-solvabel-dan-nilpoten/covers/surface/unit-031/protected-math-zone/069-inline,urn:uuid:2d047f0d-0114-50c1-a574-c137f8d63c73,covers,urn:uuid:2a0dbea6-135a-56bc-a782-2fffa3a7b335,
urn:uuid:fd4b54b9-1f7b-55cb-9dea-3de8a32d93b0,relation/unit/bab-4-grup-solvabel-dan-nilpoten/covers/surface/unit-031/protected-math-zone/070-inline,urn:uuid:2d047f0d-0114-50c1-a574-c137f8d63c73,covers,urn:uuid:c3260603-c33b-5e03-a06f-b10d3d5f2110,
urn:uuid:9a87270e-0624-5123-bb14-4c5a27a85149,relation/unit/bab-4-grup-solvabel-dan-nilpoten/covers/surface/unit-031/protected-math-zone/071-inline,urn:uuid:2d047f0d-0114-50c1-a574-c137f8d63c73,covers,urn:uuid:d5d5b21a-6e11-5a64-bfd2-7a1de2e46f86,
urn:uuid:07e435aa-0c31-55bc-b4b4-c11b2b3ec806,relation/unit/bab-4-grup-solvabel-dan-nilpoten/covers/surface/unit-031/protected-math-zone/072-inline,urn:uuid:2d047f0d-0114-50c1-a574-c137f8d63c73,covers,urn:uuid:eb67bae0-4622-5078-bc0a-211509e406c6,
urn:uuid:78294931-5842-58df-973e-9ad57512b573,relation/unit/bab-4-grup-solvabel-dan-nilpoten/covers/surface/unit-031/protected-math-zone/073-inline,urn:uuid:2d047f0d-0114-50c1-a574-c137f8d63c73,covers,urn:uuid:6a98097f-636e-566c-962a-bdcbdfac1222,
urn:uuid:7c41d592-af22-5832-93d4-e4abfd6c6aaf,relation/unit/bab-4-grup-solvabel-dan-nilpoten/covers/surface/unit-031/protected-math-zone/074-inline,urn:uuid:2d047f0d-0114-50c1-a574-c137f8d63c73,covers,urn:uuid:6ec85d01-97b8-5881-b7d5-5e03628e784d,
urn:uuid:31e415ea-04af-50d5-b242-1971a43d9e91,relation/unit/bab-4-grup-solvabel-dan-nilpoten/covers/surface/unit-031/protected-math-zone/075-inline,urn:uuid:2d047f0d-0114-50c1-a574-c137f8d63c73,covers,urn:uuid:fc4164c8-a1a3-54fe-a0d6-ff7cfbe189de,
urn:uuid:8220f24c-05a8-5835-be6a-c4895604e5db,relation/unit/bab-4-grup-solvabel-dan-nilpoten/covers/surface/unit-031/protected-math-zone/076-inline,urn:uuid:2d047f0d-0114-50c1-a574-c137f8d63c73,covers,urn:uuid:c96f585a-29f5-5384-b1d7-9acaafda1cb6,
urn:uuid:0f1f3fc3-feef-503c-951d-f13cc2825f8b,relation/unit/bab-4-grup-solvabel-dan-nilpoten/covers/surface/unit-031/protected-math-zone/077-inline,urn:uuid:2d047f0d-0114-50c1-a574-c137f8d63c73,covers,urn:uuid:b3ad4611-6603-58f1-8308-27c64c6a98ae,
urn:uuid:a9ba2230-0c10-560e-b3ee-2681c2a4ac14,relation/unit/bab-4-grup-solvabel-dan-nilpoten/covers/surface/unit-031/protected-math-zone/078-inline,urn:uuid:2d047f0d-0114-50c1-a574-c137f8d63c73,covers,urn:uuid:0979f8c4-44f4-5b38-b162-27be28860c90,
urn:uuid:584f1219-5903-5c60-bebd-3f6faca02b78,relation/unit/bab-4-grup-solvabel-dan-nilpoten/covers/surface/unit-031/protected-math-zone/079-inline,urn:uuid:2d047f0d-0114-50c1-a574-c137f8d63c73,covers,urn:uuid:aae346e7-ba9e-5298-b42b-5017ace32038,
urn:uuid:469992ec-db01-526d-ae14-163f058bb170,relation/unit/bab-4-grup-solvabel-dan-nilpoten/covers/surface/unit-031/protected-math-zone/080-inline,urn:uuid:2d047f0d-0114-50c1-a574-c137f8d63c73,covers,urn:uuid:dfa83ca8-4b5a-5540-be8b-cf4cd6ea3f85,
urn:uuid:b8b8c7a6-6d74-55df-90e7-55334727d24a,relation/unit/bab-4-grup-solvabel-dan-nilpoten/covers/surface/unit-031/protected-math-zone/081-inline,urn:uuid:2d047f0d-0114-50c1-a574-c137f8d63c73,covers,urn:uuid:06f19bb9-52b9-551d-b46d-52023e5e638e,
urn:uuid:c50e2709-cba8-5b56-82e7-a71f9ec5162a,relation/unit/bab-4-grup-solvabel-dan-nilpoten/covers/surface/unit-031/protected-math-zone/082-inline,urn:uuid:2d047f0d-0114-50c1-a574-c137f8d63c73,covers,urn:uuid:2d4fe8c4-a29b-500b-a785-fe8d78342c84,
urn:uuid:3c8dbac2-0494-5326-91df-48115e8ae37d,relation/unit/bab-4-grup-solvabel-dan-nilpoten/covers/surface/unit-031/protected-math-zone/083-inline,urn:uuid:2d047f0d-0114-50c1-a574-c137f8d63c73,covers,urn:uuid:68a71af2-f46e-5afe-b8d2-e7f5f6e28074,
urn:uuid:b268ea06-ec5f-57a9-a0b4-11dfd92cb3e9,relation/unit/bab-4-grup-solvabel-dan-nilpoten/covers/surface/unit-031/protected-math-zone/084-inline,urn:uuid:2d047f0d-0114-50c1-a574-c137f8d63c73,covers,urn:uuid:39aacf22-700a-593d-bc0c-796df88be249,
urn:uuid:47f2a1ff-1aea-5542-9b35-6c166df52441,relation/unit/bab-4-grup-solvabel-dan-nilpoten/covers/surface/unit-031/protected-math-zone/085-inline,urn:uuid:2d047f0d-0114-50c1-a574-c137f8d63c73,covers,urn:uuid:923d95c6-7323-5e88-b612-9964cc443e7d,
urn:uuid:77e7e74f-aff0-5231-9b55-85504407f760,relation/unit/bab-4-grup-solvabel-dan-nilpoten/covers/surface/unit-031/protected-math-zone/086-inline,urn:uuid:2d047f0d-0114-50c1-a574-c137f8d63c73,covers,urn:uuid:7836553e-6653-57a8-a7ae-660d67b19be2,
urn:uuid:47d84f80-61cc-5fe0-a59c-90f45a7441a7,relation/unit/bab-4-grup-solvabel-dan-nilpoten/covers/surface/unit-031/protected-math-zone/087-inline,urn:uuid:2d047f0d-0114-50c1-a574-c137f8d63c73,covers,urn:uuid:83fb49db-0093-51c8-8240-9acb5d786a85,
urn:uuid:b45c2d15-103f-59cf-b4d5-6e4a5b7b60b6,relation/unit/bab-4-grup-solvabel-dan-nilpoten/covers/surface/unit-031/protected-math-zone/088-inline,urn:uuid:2d047f0d-0114-50c1-a574-c137f8d63c73,covers,urn:uuid:11e7fc16-4d6e-5d25-9fe6-41019806dc16,
urn:uuid:9c527856-c9dd-50d8-b691-1875003df450,relation/unit/bab-4-grup-solvabel-dan-nilpoten/covers/surface/unit-031/protected-math-zone/089-inline,urn:uuid:2d047f0d-0114-50c1-a574-c137f8d63c73,covers,urn:uuid:53ad3ee2-6587-558e-95fe-d7ccba0200e1,
urn:uuid:fe746254-560e-51ee-9815-5dfeead75d82,relation/unit/bab-4-grup-solvabel-dan-nilpoten/covers/surface/unit-031/protected-math-zone/090-inline,urn:uuid:2d047f0d-0114-50c1-a574-c137f8d63c73,covers,urn:uuid:b9081185-55b8-5033-9529-09c88d27edd6,
urn:uuid:8fbebac4-5a7c-5af1-b723-d8c915111aec,relation/unit/bab-4-grup-solvabel-dan-nilpoten/covers/surface/unit-031/protected-math-zone/091-inline,urn:uuid:2d047f0d-0114-50c1-a574-c137f8d63c73,covers,urn:uuid:fe54ff18-8359-5c6e-adbc-d864ee622dd6,
urn:uuid:dbb901e9-dba7-594e-a7f5-0d7879725a22,relation/unit/bab-4-grup-solvabel-dan-nilpoten/covers/surface/unit-031/protected-math-zone/092-inline,urn:uuid:2d047f0d-0114-50c1-a574-c137f8d63c73,covers,urn:uuid:ef10ab18-8557-5446-9558-5525b21c5e48,
urn:uuid:44cd4c5c-21a4-5551-9c7f-a65a35e96ca9,relation/unit/bab-4-grup-solvabel-dan-nilpoten/covers/surface/unit-031/protected-math-zone/093-inline,urn:uuid:2d047f0d-0114-50c1-a574-c137f8d63c73,covers,urn:uuid:450ef710-86df-5ee0-bd06-6d58cff4fd94,
urn:uuid:1eeb99ac-5a8e-5555-a7aa-bef435d5bf2d,relation/unit/bab-4-grup-solvabel-dan-nilpoten/covers/surface/unit-031/protected-math-zone/094-inline,urn:uuid:2d047f0d-0114-50c1-a574-c137f8d63c73,covers,urn:uuid:2321fe7a-c47f-537e-bd6f-fcae73e1962d,
urn:uuid:c39ed558-0e99-5046-b3bc-56e95443ecb9,relation/unit/bab-4-grup-solvabel-dan-nilpoten/covers/surface/unit-031/protected-math-zone/095-inline,urn:uuid:2d047f0d-0114-50c1-a574-c137f8d63c73,covers,urn:uuid:2fe447e6-8b82-52f7-aa24-ec25ac6ee28d,
urn:uuid:db6354aa-b772-5242-9e70-30cde9a6db2d,relation/unit/bab-4-grup-solvabel-dan-nilpoten/covers/surface/unit-031/protected-math-zone/096-inline,urn:uuid:2d047f0d-0114-50c1-a574-c137f8d63c73,covers,urn:uuid:a3e068d6-d9b2-56bb-ac6d-927b644e374d,
urn:uuid:79e37ba5-86d4-5dd0-bd89-3dd4cc099b08,relation/unit/bab-4-grup-solvabel-dan-nilpoten/covers/surface/unit-031/protected-math-zone/097-inline,urn:uuid:2d047f0d-0114-50c1-a574-c137f8d63c73,covers,urn:uuid:f08d520c-0a56-564c-b618-482aae26c826,
urn:uuid:1371c986-28ae-55bb-81ac-80a06fa9d931,relation/unit/bab-4-grup-solvabel-dan-nilpoten/covers/surface/unit-031/protected-math-zone/098-inline,urn:uuid:2d047f0d-0114-50c1-a574-c137f8d63c73,covers,urn:uuid:9859301d-a617-5a30-ab8d-6e52c53feb00,
urn:uuid:740ac693-50a9-50ea-a6ee-da5eafa9ebd9,relation/unit/bab-4-grup-solvabel-dan-nilpoten/covers/surface/unit-031/protected-math-zone/099-inline,urn:uuid:2d047f0d-0114-50c1-a574-c137f8d63c73,covers,urn:uuid:aef8a6a7-3e8e-5c9f-968a-d8f0c012825a,
urn:uuid:33d20f43-68a5-589f-a91c-ded58e7d2d4c,relation/unit/bab-4-grup-solvabel-dan-nilpoten/covers/surface/unit-031/protected-math-zone/100-inline,urn:uuid:2d047f0d-0114-50c1-a574-c137f8d63c73,covers,urn:uuid:e04e8982-eb39-529a-8b81-45a162b5d929,
urn:uuid:bf536a86-fb02-505d-8fe3-baecf3c81aeb,relation/unit/bab-4-grup-solvabel-dan-nilpoten/covers/surface/unit-031/protected-math-zone/101-inline,urn:uuid:2d047f0d-0114-50c1-a574-c137f8d63c73,covers,urn:uuid:e011f5e0-65e1-5fb5-8735-2c5340f8e4f4,
urn:uuid:a1cb42ff-5b8c-5aea-b45f-7883175a26bb,relation/unit/bab-4-grup-solvabel-dan-nilpoten/covers/surface/unit-031/protected-math-zone/102-inline,urn:uuid:2d047f0d-0114-50c1-a574-c137f8d63c73,covers,urn:uuid:90f383e8-2812-53fe-a934-d5d56ec48b90,
urn:uuid:620b5574-40c1-5e9c-949d-bc22ac891bd1,relation/unit/bab-4-grup-solvabel-dan-nilpoten/covers/surface/unit-031/protected-math-zone/103-inline,urn:uuid:2d047f0d-0114-50c1-a574-c137f8d63c73,covers,urn:uuid:00a90654-f89d-5d39-9a3c-a59eaadae276,
urn:uuid:bbefed7c-2b7a-51e7-bab6-d1e278263798,relation/unit/bab-4-grup-solvabel-dan-nilpoten/covers/surface/unit-031/protected-math-zone/104-inline,urn:uuid:2d047f0d-0114-50c1-a574-c137f8d63c73,covers,urn:uuid:0be5bfaa-eb0c-5bd6-8ae4-2bdcac025ae9,
urn:uuid:cca3d22c-8209-562e-9926-18de17753f01,relation/unit/bab-4-grup-solvabel-dan-nilpoten/covers/surface/unit-031/protected-math-zone/105-inline,urn:uuid:2d047f0d-0114-50c1-a574-c137f8d63c73,covers,urn:uuid:6f05b5c8-3079-5dd2-876a-cd25084c77da,
urn:uuid:6fb04173-abdb-59ed-a0ca-21d48be13656,relation/unit/bab-4-grup-solvabel-dan-nilpoten/covers/surface/unit-031/protected-math-zone/106-inline,urn:uuid:2d047f0d-0114-50c1-a574-c137f8d63c73,covers,urn:uuid:a75f889b-e869-5dd8-8403-c0a83604e264,
urn:uuid:e620d50e-6c4d-5ac3-9401-e6255955fbc9,relation/unit/bab-4-grup-solvabel-dan-nilpoten/covers/surface/unit-031/protected-math-zone/107-inline,urn:uuid:2d047f0d-0114-50c1-a574-c137f8d63c73,covers,urn:uuid:586a520d-7f72-5772-ac0b-b28bb26683fe,
urn:uuid:e5e45f30-30dc-58e7-a6cf-89bbc4bae0d0,relation/unit/bab-4-grup-solvabel-dan-nilpoten/covers/surface/unit-031/protected-math-zone/108-inline,urn:uuid:2d047f0d-0114-50c1-a574-c137f8d63c73,covers,urn:uuid:1630c7b9-4372-5970-9fb0-8afc3ab51dbb,
urn:uuid:9946a10c-2b75-5284-a9b2-c8d2f3c60116,relation/unit/bab-4-grup-solvabel-dan-nilpoten/covers/surface/unit-031/protected-math-zone/109-inline,urn:uuid:2d047f0d-0114-50c1-a574-c137f8d63c73,covers,urn:uuid:a88c63fe-b8b5-566f-8678-6f8ec9e3a9f7,
urn:uuid:456283a1-18bb-5178-bda3-ed034d9dd366,relation/unit/bab-4-grup-solvabel-dan-nilpoten/covers/surface/unit-031/protected-math-zone/110-inline,urn:uuid:2d047f0d-0114-50c1-a574-c137f8d63c73,covers,urn:uuid:712c2b1e-f3a0-5bcd-bd25-82d6b4455d0d,
urn:uuid:78171567-93c8-534a-a5a8-9d1ebf24007f,relation/unit/bab-4-grup-solvabel-dan-nilpoten/covers/surface/unit-031/protected-math-zone/111-inline,urn:uuid:2d047f0d-0114-50c1-a574-c137f8d63c73,covers,urn:uuid:0ad52349-d4d3-557e-9f17-10bda45332c3,
urn:uuid:269ce38b-673a-5d02-8c08-4bee0e59548d,relation/unit/bab-4-grup-solvabel-dan-nilpoten/covers/surface/unit-031/protected-math-zone/112-inline,urn:uuid:2d047f0d-0114-50c1-a574-c137f8d63c73,covers,urn:uuid:b71ca346-097a-582d-820e-0c2764ebf19a,
urn:uuid:cd4f7afd-a3cc-5e63-b629-abeae382dec5,relation/unit/bab-4-grup-solvabel-dan-nilpoten/covers/surface/unit-031/protected-math-zone/113-inline,urn:uuid:2d047f0d-0114-50c1-a574-c137f8d63c73,covers,urn:uuid:d7757630-09d1-5dc9-bdff-d52ccc472486,
urn:uuid:9597504e-e9ea-548e-8a3d-ce48c49dacd6,relation/unit/bab-4-grup-solvabel-dan-nilpoten/covers/surface/unit-031/protected-math-zone/114-inline,urn:uuid:2d047f0d-0114-50c1-a574-c137f8d63c73,covers,urn:uuid:53f70345-607c-5d5e-9baf-5c7a2c262a60,
urn:uuid:4ad9e99d-644f-5f97-a8c5-e427745a98d6,relation/unit/bab-4-grup-solvabel-dan-nilpoten/covers/surface/unit-031/protected-math-zone/115-inline,urn:uuid:2d047f0d-0114-50c1-a574-c137f8d63c73,covers,urn:uuid:775f5f2c-ae31-50c6-a03f-0176aa726776,
urn:uuid:68a4e2bf-68a1-510f-8f29-c36200798ecc,relation/unit/bab-4-grup-solvabel-dan-nilpoten/covers/surface/unit-031/protected-math-zone/116-inline,urn:uuid:2d047f0d-0114-50c1-a574-c137f8d63c73,covers,urn:uuid:2d759b13-d1c1-5678-9f4c-683af46b5eb2,
urn:uuid:23c18a05-5f83-565d-9b54-7026c59663a9,relation/unit/bab-4-grup-solvabel-dan-nilpoten/covers/surface/unit-031/protected-math-zone/117-inline,urn:uuid:2d047f0d-0114-50c1-a574-c137f8d63c73,covers,urn:uuid:bd6f7f7d-00ac-5182-86c3-1ed4ef7629a7,
urn:uuid:1447d3a0-4bf3-538f-a4da-99de76dda19b,relation/unit/bab-4-grup-solvabel-dan-nilpoten/covers/surface/unit-031/protected-math-zone/118-inline,urn:uuid:2d047f0d-0114-50c1-a574-c137f8d63c73,covers,urn:uuid:7eb0167c-56ec-52af-bc5c-b411d74aa1de,
urn:uuid:ed255b33-6ca7-504c-ab66-b857b4f376b5,relation/unit/bab-4-grup-solvabel-dan-nilpoten/covers/surface/unit-031/protected-math-zone/119-inline,urn:uuid:2d047f0d-0114-50c1-a574-c137f8d63c73,covers,urn:uuid:0ebdef3a-bbf3-5bc4-a2e0-dca7b9a41489,
urn:uuid:edcede50-2062-5edd-8ab6-0a2e0a90ddc7,relation/unit/bab-4-grup-solvabel-dan-nilpoten/covers/surface/unit-031/protected-math-zone/120-inline,urn:uuid:2d047f0d-0114-50c1-a574-c137f8d63c73,covers,urn:uuid:057d8c76-fc26-50a5-8cd6-3fd44ed56037,
urn:uuid:3e4e1011-a14c-5a44-8d5e-2be897b09875,relation/unit/bab-4-grup-solvabel-dan-nilpoten/covers/surface/unit-031/protected-math-zone/121-inline,urn:uuid:2d047f0d-0114-50c1-a574-c137f8d63c73,covers,urn:uuid:2b2d0472-b162-54d9-853d-c7912f83f661,
urn:uuid:90276591-abad-516a-a732-584756389604,relation/unit/bab-4-grup-solvabel-dan-nilpoten/covers/surface/unit-031/protected-math-zone/122-inline,urn:uuid:2d047f0d-0114-50c1-a574-c137f8d63c73,covers,urn:uuid:906a3abe-a634-50eb-86d0-f3c676689251,
urn:uuid:a2306f9d-3912-5dc7-a605-54e3723a80cf,relation/unit/bab-4-grup-solvabel-dan-nilpoten/covers/surface/unit-031/protected-math-zone/123-inline,urn:uuid:2d047f0d-0114-50c1-a574-c137f8d63c73,covers,urn:uuid:9b57afa0-4f9d-52ce-9a31-89d31fbd81d2,
urn:uuid:11229dab-13bb-5410-a967-4049edcad1db,relation/unit/bab-4-grup-solvabel-dan-nilpoten/covers/surface/unit-031/protected-math-zone/124-inline,urn:uuid:2d047f0d-0114-50c1-a574-c137f8d63c73,covers,urn:uuid:481d5477-6dc8-5fd0-be34-dffb1fd5c249,
urn:uuid:bba20a6b-3a66-587d-89ca-65090703e7ff,relation/unit/bab-4-grup-solvabel-dan-nilpoten/covers/surface/unit-031/protected-math-zone/125-inline,urn:uuid:2d047f0d-0114-50c1-a574-c137f8d63c73,covers,urn:uuid:2c2c1f87-3490-5b2a-a819-e8401d404ae1,
urn:uuid:b2b29f0f-45d9-5d42-92ce-6134b10488c0,relation/unit/bab-4-grup-solvabel-dan-nilpoten/covers/surface/unit-031/protected-math-zone/126-inline,urn:uuid:2d047f0d-0114-50c1-a574-c137f8d63c73,covers,urn:uuid:a5511faa-d3ac-5fa7-960a-b688e513d3e3,
urn:uuid:a22498e3-01f6-5590-8d63-43df72e34c81,relation/unit/bab-4-grup-solvabel-dan-nilpoten/covers/surface/unit-031/protected-math-zone/127-inline,urn:uuid:2d047f0d-0114-50c1-a574-c137f8d63c73,covers,urn:uuid:2c4375ed-15f2-516b-ae67-df09644778fa,
urn:uuid:5f921ecf-9a00-5541-9ddb-214600f35760,relation/unit/bab-4-grup-solvabel-dan-nilpoten/covers/surface/unit-031/protected-math-zone/128-inline,urn:uuid:2d047f0d-0114-50c1-a574-c137f8d63c73,covers,urn:uuid:b4a68d56-4861-56cd-adde-6c43902b45ac,
urn:uuid:65f9ff7c-242e-54e5-9edd-a1993e20ae54,relation/unit/bab-4-grup-solvabel-dan-nilpoten/covers/surface/unit-031/protected-math-zone/129-inline,urn:uuid:2d047f0d-0114-50c1-a574-c137f8d63c73,covers,urn:uuid:b6c9aa86-f520-502e-8d5b-d2614b590976,
urn:uuid:fdd57656-c50e-5dc9-a945-7baffb7d60ec,relation/unit/bab-4-grup-solvabel-dan-nilpoten/covers/surface/unit-031/protected-math-zone/130-inline,urn:uuid:2d047f0d-0114-50c1-a574-c137f8d63c73,covers,urn:uuid:f58aa833-fed4-55c4-8b2b-345b6311e91d,
urn:uuid:5a4401d4-3111-5422-9347-af64c0163716,relation/unit/bab-4-grup-solvabel-dan-nilpoten/covers/surface/unit-031/protected-math-zone/131-inline,urn:uuid:2d047f0d-0114-50c1-a574-c137f8d63c73,covers,urn:uuid:37badc47-4b3f-5e59-9907-137aedcd00fa,
urn:uuid:62080c61-e9dc-5b39-8d53-f24f68b069e4,relation/unit/bab-4-grup-solvabel-dan-nilpoten/covers/surface/unit-031/protected-math-zone/132-inline,urn:uuid:2d047f0d-0114-50c1-a574-c137f8d63c73,covers,urn:uuid:db4df43b-afe1-5833-8151-9aff821523f9,
urn:uuid:f184b242-25d3-52b4-a0bf-a4ccbfb7d270,relation/unit/bab-4-grup-solvabel-dan-nilpoten/covers/surface/unit-031/protected-math-zone/133-inline,urn:uuid:2d047f0d-0114-50c1-a574-c137f8d63c73,covers,urn:uuid:81adcac9-9dc8-51d1-bafd-c5be8c9ad2b3,
urn:uuid:901ff2f1-6629-59e4-aa2a-0b4131696baa,relation/unit/bab-4-grup-solvabel-dan-nilpoten/covers/surface/unit-031/protected-math-zone/134-inline,urn:uuid:2d047f0d-0114-50c1-a574-c137f8d63c73,covers,urn:uuid:cb78e957-e98e-5832-96b4-9c162f101e01,
urn:uuid:daa4ad9d-4600-53a2-a940-04a0b7cc6b35,relation/unit/bab-4-grup-solvabel-dan-nilpoten/covers/surface/unit-031/protected-math-zone/135-inline,urn:uuid:2d047f0d-0114-50c1-a574-c137f8d63c73,covers,urn:uuid:407e4c24-a218-58d4-bb19-ff2e0374e41f,
urn:uuid:68bad47d-187c-525e-8067-b668a4053244,relation/unit/bab-4-grup-solvabel-dan-nilpoten/covers/surface/unit-031/protected-math-zone/136-inline,urn:uuid:2d047f0d-0114-50c1-a574-c137f8d63c73,covers,urn:uuid:bf9f4ff4-212b-5c29-89de-aecd537a1fc4,
urn:uuid:bf385c9f-9f7d-57cd-b80f-f3aebca0faad,relation/unit/bab-4-grup-solvabel-dan-nilpoten/covers/surface/unit-031/protected-math-zone/137-inline,urn:uuid:2d047f0d-0114-50c1-a574-c137f8d63c73,covers,urn:uuid:85a5e2ad-ff7d-5d86-89d1-dc7c62b84470,
urn:uuid:e6edba97-039c-5767-a5dd-906d34602750,relation/unit/bab-4-grup-solvabel-dan-nilpoten/covers/surface/unit-031/protected-math-zone/138-inline,urn:uuid:2d047f0d-0114-50c1-a574-c137f8d63c73,covers,urn:uuid:fe28b15b-009b-5575-9bd1-ddfa6d19d061,
urn:uuid:8554d1ba-108f-53d2-952a-08cdf72d18cf,relation/unit/bab-4-grup-solvabel-dan-nilpoten/covers/surface/unit-031/protected-math-zone/139-inline,urn:uuid:2d047f0d-0114-50c1-a574-c137f8d63c73,covers,urn:uuid:ace226ff-d6ef-5fcb-ada7-75fdb9499ebd,
urn:uuid:d2ccdede-a207-5b18-892c-b7163ac7b01b,relation/unit/bab-4-grup-solvabel-dan-nilpoten/covers/surface/unit-031/protected-math-zone/140-inline,urn:uuid:2d047f0d-0114-50c1-a574-c137f8d63c73,covers,urn:uuid:f676ae68-746c-5ba5-89fe-75dac48de015,
urn:uuid:c16c41e7-71c9-5338-a83a-9d011d967061,relation/unit/bab-4-grup-solvabel-dan-nilpoten/covers/surface/unit-031/protected-math-zone/141-display-bracket,urn:uuid:2d047f0d-0114-50c1-a574-c137f8d63c73,covers,urn:uuid:2658c3b6-e934-57d3-a2a4-047a0fb6a85e,
urn:uuid:70de66a9-5bdd-5a81-8358-78ac45f21fba,relation/unit/bab-4-grup-solvabel-dan-nilpoten/covers/surface/unit-031/protected-math-zone/142-inline,urn:uuid:2d047f0d-0114-50c1-a574-c137f8d63c73,covers,urn:uuid:f85b8131-2581-50f0-9377-a2d64c834ec1,
urn:uuid:20204862-35e5-5c4b-929c-84af70230aba,relation/unit/bab-4-grup-solvabel-dan-nilpoten/covers/surface/unit-031/protected-math-zone/143-inline,urn:uuid:2d047f0d-0114-50c1-a574-c137f8d63c73,covers,urn:uuid:b563debf-3636-50a2-8436-8f59bdeefb9d,
urn:uuid:5c6b2813-7360-51fa-81df-8f0e7ab73501,relation/unit/bab-4-grup-solvabel-dan-nilpoten/covers/surface/unit-031/protected-math-zone/144-display-bracket,urn:uuid:2d047f0d-0114-50c1-a574-c137f8d63c73,covers,urn:uuid:ecd6daab-73c0-520a-9735-d5f76e38a9d3,
urn:uuid:f31e24f0-a48b-5511-90d6-5d98bf507b47,relation/unit/bab-4-grup-solvabel-dan-nilpoten/covers/surface/unit-031/protected-math-zone/145-inline,urn:uuid:2d047f0d-0114-50c1-a574-c137f8d63c73,covers,urn:uuid:fb69297a-567f-5c00-ae59-3584adc05a0c,
urn:uuid:6f461443-b6e4-51bf-9f41-f57dbd0b1bd2,relation/unit/bab-4-grup-solvabel-dan-nilpoten/covers/surface/unit-031/protected-math-zone/146-inline,urn:uuid:2d047f0d-0114-50c1-a574-c137f8d63c73,covers,urn:uuid:65fde69f-200a-5b96-8cc7-822095a1a5b3,
urn:uuid:02787e9f-f019-5617-a541-0c7088777603,relation/unit/bab-4-grup-solvabel-dan-nilpoten/covers/surface/unit-031/protected-math-zone/147-inline,urn:uuid:2d047f0d-0114-50c1-a574-c137f8d63c73,covers,urn:uuid:e69505ca-f529-52d6-b63c-9b82f4dfaa81,
urn:uuid:bee8a188-3325-5442-8bf3-1954a53c0fc8,relation/unit/bab-4-grup-solvabel-dan-nilpoten/covers/surface/unit-031/protected-math-zone/148-inline,urn:uuid:2d047f0d-0114-50c1-a574-c137f8d63c73,covers,urn:uuid:03486f42-be9d-5290-8026-20008afcb4ad,
urn:uuid:1c882b23-3642-5a3d-bc16-9725d54100f7,relation/unit/bab-4-grup-solvabel-dan-nilpoten/covers/surface/unit-031/protected-math-zone/149-inline,urn:uuid:2d047f0d-0114-50c1-a574-c137f8d63c73,covers,urn:uuid:16b30680-9153-593d-bec8-381ec1fe05a2,
urn:uuid:c40690c6-d261-5931-b575-fbe6d41ab695,relation/unit/bab-4-grup-solvabel-dan-nilpoten/covers/surface/unit-031/protected-math-zone/150-inline,urn:uuid:2d047f0d-0114-50c1-a574-c137f8d63c73,covers,urn:uuid:dcd27ce8-249c-5e20-ba57-c67e153ba6bd,
urn:uuid:7d2182f4-cb23-5254-ac9d-b80cccaeb3d5,relation/unit/bab-4-grup-solvabel-dan-nilpoten/covers/surface/unit-031/protected-math-zone/151-inline,urn:uuid:2d047f0d-0114-50c1-a574-c137f8d63c73,covers,urn:uuid:0a33a4dc-8111-549c-9ffc-f06556eb6083,
urn:uuid:88e23c72-897e-5a0a-898f-20f6c279ace3,relation/unit/bab-4-grup-solvabel-dan-nilpoten/covers/surface/unit-031/protected-math-zone/152-display-bracket,urn:uuid:2d047f0d-0114-50c1-a574-c137f8d63c73,covers,urn:uuid:89df83d4-6515-5630-aa05-efbe8176ee08,
urn:uuid:23dceb00-6b97-5593-bd06-68e7198502f1,relation/unit/bab-4-grup-solvabel-dan-nilpoten/covers/surface/unit-031/protected-math-zone/153-inline,urn:uuid:2d047f0d-0114-50c1-a574-c137f8d63c73,covers,urn:uuid:8d17c16c-acaa-5345-ba1b-5cc8e8499275,
urn:uuid:201e4258-74e3-5e64-81a2-9bec08d92eb6,relation/unit/bab-4-grup-solvabel-dan-nilpoten/covers/surface/unit-031/protected-math-zone/154-inline,urn:uuid:2d047f0d-0114-50c1-a574-c137f8d63c73,covers,urn:uuid:d8e6fd4a-6191-51d6-b417-1c41a3e1c320,
urn:uuid:a9ef4a4c-dc0d-51a0-88d9-a7d796b7a473,relation/unit/bab-4-grup-solvabel-dan-nilpoten/covers/surface/unit-031/protected-math-zone/155-inline,urn:uuid:2d047f0d-0114-50c1-a574-c137f8d63c73,covers,urn:uuid:1f4b3bb5-458a-5d68-be58-fcbcece6ee28,
urn:uuid:1d3ff542-fd91-5835-97f6-151c9558b1ad,relation/unit/bab-4-grup-solvabel-dan-nilpoten/covers/surface/unit-031/protected-math-zone/156-inline,urn:uuid:2d047f0d-0114-50c1-a574-c137f8d63c73,covers,urn:uuid:f2db9231-b519-51ba-a0d3-53ea4a38ed09,
urn:uuid:3823b7d4-ff6b-5c42-b866-9cb64902d46f,relation/unit/bab-4-grup-solvabel-dan-nilpoten/covers/surface/unit-031/protected-math-zone/157-inline,urn:uuid:2d047f0d-0114-50c1-a574-c137f8d63c73,covers,urn:uuid:e4f895df-299c-57ac-b890-e1f883c40642,
urn:uuid:4e293415-2355-5b26-958e-2ddb8863570f,relation/unit/bab-4-grup-solvabel-dan-nilpoten/covers/surface/unit-031/protected-math-zone/158-inline,urn:uuid:2d047f0d-0114-50c1-a574-c137f8d63c73,covers,urn:uuid:913ddac4-8412-5d3a-be59-6383f9385b5b,
urn:uuid:81df34cf-0781-546f-870b-8c39f0670889,relation/unit/bab-4-grup-solvabel-dan-nilpoten/covers/surface/unit-031/protected-math-zone/159-display-bracket,urn:uuid:2d047f0d-0114-50c1-a574-c137f8d63c73,covers,urn:uuid:aeaa7eaf-cab3-51cf-b5e5-440415a94f2f,
urn:uuid:c5ddc8f0-f9a8-5f84-bb0f-c559dbecd0eb,relation/unit/bab-4-grup-solvabel-dan-nilpoten/covers/surface/unit-031/protected-math-zone/160-display-environment,urn:uuid:2d047f0d-0114-50c1-a574-c137f8d63c73,covers,urn:uuid:91a39b0c-0223-5184-a82c-1cd315085158,
urn:uuid:130044a6-a3e5-5f4b-afb6-395ffc9d9dd4,relation/unit/bab-4-grup-solvabel-dan-nilpoten/covers/surface/unit-031/protected-math-zone/161-display-environment,urn:uuid:2d047f0d-0114-50c1-a574-c137f8d63c73,covers,urn:uuid:6f0eebbe-b8ff-5ee1-8120-4a1c2e95385a,
urn:uuid:57bc4b97-86fa-5b88-b8a5-3683d6fc0bbe,relation/unit/bab-4-grup-solvabel-dan-nilpoten/covers/surface/unit-031/protected-math-zone/162-inline,urn:uuid:2d047f0d-0114-50c1-a574-c137f8d63c73,covers,urn:uuid:3192604c-291c-5823-9190-9cf0c2ef6a98,
urn:uuid:b96269b0-7589-59db-9759-0965cbe3c4a4,relation/unit/bab-4-grup-solvabel-dan-nilpoten/covers/surface/unit-031/protected-math-zone/163-inline,urn:uuid:2d047f0d-0114-50c1-a574-c137f8d63c73,covers,urn:uuid:a079afcf-2a04-55b4-9197-0a3ab01658bc,
urn:uuid:e63f9d98-2881-56c3-9e0a-6ba2e06d9deb,relation/unit/bab-4-grup-solvabel-dan-nilpoten/covers/surface/unit-031/protected-math-zone/164-inline,urn:uuid:2d047f0d-0114-50c1-a574-c137f8d63c73,covers,urn:uuid:456c9347-40d3-5d17-b356-2f70409b1eb3,
urn:uuid:6311f8c4-1a1a-50a9-ac48-b39cf70a2cd9,relation/unit/bab-4-grup-solvabel-dan-nilpoten/covers/surface/unit-031/protected-math-zone/165-inline,urn:uuid:2d047f0d-0114-50c1-a574-c137f8d63c73,covers,urn:uuid:fcc7484d-ecbb-5460-800a-4d1c332dd529,
urn:uuid:a3288b8f-5368-59af-ad6a-e3a0668b87c8,relation/unit/bab-4-grup-solvabel-dan-nilpoten/covers/surface/unit-031/protected-math-zone/166-inline,urn:uuid:2d047f0d-0114-50c1-a574-c137f8d63c73,covers,urn:uuid:040e0b85-96bd-56e3-ba35-221c10243121,
urn:uuid:1f8da500-dbf5-565a-ab16-d368126b51ad,relation/unit/bab-4-grup-solvabel-dan-nilpoten/covers/surface/unit-031/protected-math-zone/167-inline,urn:uuid:2d047f0d-0114-50c1-a574-c137f8d63c73,covers,urn:uuid:32ff2e68-0fd4-56fc-a8b9-0e059bd36826,
urn:uuid:c05452e4-b6fd-5d93-a406-8352c306dc6e,relation/unit/bab-4-grup-solvabel-dan-nilpoten/covers/surface/unit-031/protected-math-zone/168-inline,urn:uuid:2d047f0d-0114-50c1-a574-c137f8d63c73,covers,urn:uuid:085658ce-9496-5226-8f35-87ec1caf69cd,
urn:uuid:488ccf65-d088-52fe-87fc-c13addf3485f,relation/unit/bab-4-grup-solvabel-dan-nilpoten/covers/surface/unit-031/protected-math-zone/169-inline,urn:uuid:2d047f0d-0114-50c1-a574-c137f8d63c73,covers,urn:uuid:2610c246-d380-5ad2-b8ac-93409cd5c3d4,
urn:uuid:058b4ab2-632a-55b5-a11c-3e169cabf70a,relation/unit/bab-4-grup-solvabel-dan-nilpoten/covers/surface/unit-031/protected-math-zone/170-inline,urn:uuid:2d047f0d-0114-50c1-a574-c137f8d63c73,covers,urn:uuid:8b764236-af0f-5375-846f-31d892bad723,
urn:uuid:56c809cf-99bd-5a39-aa81-d2429c224ef7,relation/unit/bab-4-grup-solvabel-dan-nilpoten/covers/surface/unit-031/protected-math-zone/171-display-bracket,urn:uuid:2d047f0d-0114-50c1-a574-c137f8d63c73,covers,urn:uuid:d3b12319-2f09-52cb-924a-2a572aac2a32,
urn:uuid:cb3864bc-08c6-50ed-8f56-ac8f34c3f2dc,relation/unit/bab-4-grup-solvabel-dan-nilpoten/covers/surface/unit-031/protected-math-zone/172-inline,urn:uuid:2d047f0d-0114-50c1-a574-c137f8d63c73,covers,urn:uuid:f5f80a09-c85d-512e-a9c1-9a902ed53540,
urn:uuid:860e8527-2550-5b05-b1b9-528a8362351a,relation/unit/bab-4-grup-solvabel-dan-nilpoten/covers/surface/unit-031/protected-math-zone/173-inline,urn:uuid:2d047f0d-0114-50c1-a574-c137f8d63c73,covers,urn:uuid:13f3b3bd-6e2e-542f-8aae-2ec864b48079,
urn:uuid:98a1a6c0-7cfc-5faf-8851-15084fb668b2,relation/unit/bab-4-grup-solvabel-dan-nilpoten/covers/surface/unit-031/protected-math-zone/174-inline,urn:uuid:2d047f0d-0114-50c1-a574-c137f8d63c73,covers,urn:uuid:d3df5fa6-d303-5b9b-91f4-aa3b4ea37252,
urn:uuid:c19220a6-9a18-5371-8f0c-7d4d997285d3,relation/unit/bab-4-grup-solvabel-dan-nilpoten/covers/surface/unit-031/protected-math-zone/175-inline,urn:uuid:2d047f0d-0114-50c1-a574-c137f8d63c73,covers,urn:uuid:81ab6195-900a-5ea9-9d39-2f0125a2205a,
urn:uuid:7101dea2-ff85-531c-a55c-314f2500f6a5,relation/unit/bab-4-grup-solvabel-dan-nilpoten/covers/surface/unit-031/protected-math-zone/176-display-environment,urn:uuid:2d047f0d-0114-50c1-a574-c137f8d63c73,covers,urn:uuid:86986213-8ccf-5ffd-8839-a9172733e356,
urn:uuid:3b8df804-0207-5336-a81d-2433ece67420,relation/unit/bab-4-grup-solvabel-dan-nilpoten/covers/surface/unit-031/protected-math-zone/177-inline,urn:uuid:2d047f0d-0114-50c1-a574-c137f8d63c73,covers,urn:uuid:5fe3ee9b-0934-597b-9342-a82c48c892ab,
urn:uuid:4d733517-357c-567d-a627-c504e4c6af23,relation/unit/bab-4-grup-solvabel-dan-nilpoten/covers/surface/unit-031/protected-math-zone/178-inline,urn:uuid:2d047f0d-0114-50c1-a574-c137f8d63c73,covers,urn:uuid:5bcf98f4-076a-560c-a24a-f35ab6d5aad0,
urn:uuid:5233ff09-12af-57fa-a098-01b7b70a54c5,relation/unit/bab-4-grup-solvabel-dan-nilpoten/covers/surface/unit-031/protected-math-zone/179-inline,urn:uuid:2d047f0d-0114-50c1-a574-c137f8d63c73,covers,urn:uuid:1155e474-f5a8-52f7-a975-806007047b43,
urn:uuid:c68117bc-c487-5866-b83b-07aa52fd9081,relation/unit/bab-4-grup-solvabel-dan-nilpoten/covers/surface/unit-031/protected-math-zone/180-inline,urn:uuid:2d047f0d-0114-50c1-a574-c137f8d63c73,covers,urn:uuid:3923c76d-26a2-59aa-8f58-2bcbb6fc2ab0,
urn:uuid:9dba526e-3548-576f-9009-0e8cc4062736,relation/unit/bab-4-grup-solvabel-dan-nilpoten/covers/surface/unit-031/protected-math-zone/181-inline,urn:uuid:2d047f0d-0114-50c1-a574-c137f8d63c73,covers,urn:uuid:3073d1ea-e18b-504f-a9d4-ab1905f36128,
urn:uuid:4b7a170b-baee-5112-a1a2-66e6f89cd6a6,relation/unit/bab-4-grup-solvabel-dan-nilpoten/covers/surface/unit-031/protected-math-zone/182-inline,urn:uuid:2d047f0d-0114-50c1-a574-c137f8d63c73,covers,urn:uuid:fffdefaf-9061-505b-8f9e-b3d9837fecf5,
urn:uuid:27219fdc-4398-57ae-b838-a2dce5aa5455,relation/unit/bab-4-grup-solvabel-dan-nilpoten/covers/surface/unit-031/protected-math-zone/183-inline,urn:uuid:2d047f0d-0114-50c1-a574-c137f8d63c73,covers,urn:uuid:410c9d41-a170-5ed5-8e07-158f063210b9,
urn:uuid:c8c7304e-0be8-5385-9ff3-aa7d38dbfe08,relation/unit/bab-4-grup-solvabel-dan-nilpoten/covers/surface/unit-031/protected-math-zone/184-inline,urn:uuid:2d047f0d-0114-50c1-a574-c137f8d63c73,covers,urn:uuid:731230e7-7fa0-5fc8-aaaa-35b148ed6fa3,
urn:uuid:f14fc98b-711a-55c9-a6ef-94c8772aab77,relation/unit/bab-4-grup-solvabel-dan-nilpoten/covers/surface/unit-031/protected-math-zone/185-inline,urn:uuid:2d047f0d-0114-50c1-a574-c137f8d63c73,covers,urn:uuid:4160e191-08e2-5406-b8df-a1b7d36987ba,
urn:uuid:d2e6b44f-4354-554b-a845-f94c07411861,relation/unit/bab-4-grup-solvabel-dan-nilpoten/covers/surface/unit-031/protected-math-zone/186-inline,urn:uuid:2d047f0d-0114-50c1-a574-c137f8d63c73,covers,urn:uuid:394b3d14-04d4-5aa9-b913-c406a0adf1fe,
urn:uuid:1d97b007-8a7c-5bfb-9399-caed42dd65a9,relation/unit/bab-4-grup-solvabel-dan-nilpoten/covers/surface/unit-031/protected-math-zone/187-inline,urn:uuid:2d047f0d-0114-50c1-a574-c137f8d63c73,covers,urn:uuid:56cd87b8-8f32-50fa-970a-9ffc8bb206ff,
urn:uuid:965f2346-f546-5d6d-91c6-68a93f7290ee,relation/unit/bab-4-grup-solvabel-dan-nilpoten/covers/surface/unit-031/protected-math-zone/188-inline,urn:uuid:2d047f0d-0114-50c1-a574-c137f8d63c73,covers,urn:uuid:1a7b1dac-b1c0-598f-9204-3ab9f5b51c76,
urn:uuid:e1f106a4-ee53-53c3-89d6-f5c4096a4618,relation/unit/bab-4-grup-solvabel-dan-nilpoten/covers/surface/unit-031/protected-math-zone/189-inline,urn:uuid:2d047f0d-0114-50c1-a574-c137f8d63c73,covers,urn:uuid:344265a0-a6d4-59c8-b0fa-9ff680587cb9,
urn:uuid:9198e4c7-1847-56ea-9c79-bafc124c4356,relation/unit/bab-4-grup-solvabel-dan-nilpoten/covers/surface/unit-031/protected-math-zone/190-inline,urn:uuid:2d047f0d-0114-50c1-a574-c137f8d63c73,covers,urn:uuid:d4531601-c036-5213-821b-086dd1cb1d9e,
urn:uuid:dc8aea31-cc8a-5a17-b676-cb35bd0d7ae1,relation/unit/bab-4-grup-solvabel-dan-nilpoten/covers/surface/unit-031/protected-math-zone/191-inline,urn:uuid:2d047f0d-0114-50c1-a574-c137f8d63c73,covers,urn:uuid:19d6b536-3b37-5a7f-98da-d3bbf1456089,
urn:uuid:f906170f-8686-57cd-96f8-2c747947da27,relation/unit/bab-4-grup-solvabel-dan-nilpoten/covers/surface/unit-031/protected-math-zone/192-display-bracket,urn:uuid:2d047f0d-0114-50c1-a574-c137f8d63c73,covers,urn:uuid:f2c367a5-68e9-5a45-8343-9c6be6628008,
urn:uuid:190ca37a-457a-5db0-83a6-8760e66abd1d,relation/unit/bab-4-grup-solvabel-dan-nilpoten/covers/surface/unit-031/protected-math-zone/193-inline,urn:uuid:2d047f0d-0114-50c1-a574-c137f8d63c73,covers,urn:uuid:a0d6e795-8266-5088-a7be-9a56726c2a7b,
urn:uuid:be706faf-3021-5bb5-b06c-c167e061c5e9,relation/unit/bab-4-grup-solvabel-dan-nilpoten/covers/surface/unit-031/protected-math-zone/194-inline,urn:uuid:2d047f0d-0114-50c1-a574-c137f8d63c73,covers,urn:uuid:568e6be1-df88-5cd0-92c0-2199f30d5d6f,
urn:uuid:54a0b017-c59b-504b-93cd-a96fa45ef750,relation/unit/bab-4-grup-solvabel-dan-nilpoten/covers/surface/unit-031/protected-math-zone/195-inline,urn:uuid:2d047f0d-0114-50c1-a574-c137f8d63c73,covers,urn:uuid:9517714d-290b-55f2-8538-02ba6f162931,
urn:uuid:9d575d3d-8cbf-50a8-90f4-e8481781f21f,relation/unit/bab-4-grup-solvabel-dan-nilpoten/covers/surface/unit-031/protected-math-zone/196-inline,urn:uuid:2d047f0d-0114-50c1-a574-c137f8d63c73,covers,urn:uuid:bef1d8a9-d50a-5e7a-9acf-eac91c6c02bf,
urn:uuid:6f947c70-6202-5e4e-84d5-2435c4720e3c,relation/unit/bab-4-grup-solvabel-dan-nilpoten/covers/surface/unit-031/protected-math-zone/197-inline,urn:uuid:2d047f0d-0114-50c1-a574-c137f8d63c73,covers,urn:uuid:a0e35d1b-0a66-5fce-ae0d-22ea01cd877f,
urn:uuid:4b83d5e4-3937-5f17-93d1-a8a98a64e9ad,relation/unit/bab-4-grup-solvabel-dan-nilpoten/covers/surface/unit-031/protected-math-zone/198-inline,urn:uuid:2d047f0d-0114-50c1-a574-c137f8d63c73,covers,urn:uuid:87d1d95b-ebfc-5571-ba1c-271823ea55cd,
urn:uuid:fa3daa46-6dd2-51ea-a3be-611098a53c85,relation/unit/bab-4-grup-solvabel-dan-nilpoten/covers/surface/unit-031/protected-math-zone/199-inline,urn:uuid:2d047f0d-0114-50c1-a574-c137f8d63c73,covers,urn:uuid:60358a71-8a70-53ee-acd2-6dc18295aad8,
urn:uuid:617af186-1885-5554-a2eb-bccc37ba98af,relation/unit/bab-4-grup-solvabel-dan-nilpoten/covers/surface/unit-031/protected-math-zone/200-inline,urn:uuid:2d047f0d-0114-50c1-a574-c137f8d63c73,covers,urn:uuid:d36fe2d4-e172-5811-9964-5a23d9899aa4,
urn:uuid:5ddd8f86-b855-5f4d-9cb2-6d24a1185e8a,relation/unit/bab-4-grup-solvabel-dan-nilpoten/covers/surface/unit-031/protected-math-zone/201-inline,urn:uuid:2d047f0d-0114-50c1-a574-c137f8d63c73,covers,urn:uuid:86d9cc29-4d94-5811-8a34-80a5f0c31317,
urn:uuid:5967c7c2-6d3b-54db-b826-d48f1c7368e6,relation/unit/bab-4-grup-solvabel-dan-nilpoten/covers/surface/unit-031/protected-math-zone/202-display-environment,urn:uuid:2d047f0d-0114-50c1-a574-c137f8d63c73,covers,urn:uuid:b6ee4dcb-45b3-580b-bd8c-05e6b4fb3389,
urn:uuid:0b4dc74b-01c9-5e29-908f-553c62a58af8,relation/unit/bab-4-grup-solvabel-dan-nilpoten/covers/surface/unit-031/protected-math-zone/203-inline,urn:uuid:2d047f0d-0114-50c1-a574-c137f8d63c73,covers,urn:uuid:d15ae783-8cdb-5899-b165-7b1dabb5fabb,
urn:uuid:252fc1bc-1d6d-545b-a5aa-f1106186ad91,relation/unit/bab-4-grup-solvabel-dan-nilpoten/covers/surface/unit-031/protected-math-zone/204-inline,urn:uuid:2d047f0d-0114-50c1-a574-c137f8d63c73,covers,urn:uuid:84fe8daa-0b4d-5ba7-8094-7488b03f3784,
urn:uuid:fc03e3ff-491d-5f76-9217-c7df5eea6974,relation/unit/bab-4-grup-solvabel-dan-nilpoten/covers/surface/unit-031/protected-math-zone/205-inline,urn:uuid:2d047f0d-0114-50c1-a574-c137f8d63c73,covers,urn:uuid:e0f57601-f3e2-54c7-920f-139b17a75adf,
urn:uuid:791ee463-b11d-5ecd-bd7e-dfce4e2514f3,relation/unit/bab-4-grup-solvabel-dan-nilpoten/covers/surface/unit-031/protected-math-zone/206-inline,urn:uuid:2d047f0d-0114-50c1-a574-c137f8d63c73,covers,urn:uuid:176053ba-4f87-5050-9acc-cdc211f28290,
urn:uuid:eb7fd170-658b-56f0-bf1b-425e62a8c61c,relation/unit/bab-4-grup-solvabel-dan-nilpoten/covers/surface/unit-031/protected-math-zone/207-inline,urn:uuid:2d047f0d-0114-50c1-a574-c137f8d63c73,covers,urn:uuid:a10c0052-0911-506c-b117-d8037d764cf6,
urn:uuid:b0bc9dba-6d7f-5c96-9276-f581edbeebe4,relation/unit/bab-4-grup-solvabel-dan-nilpoten/covers/surface/unit-031/protected-math-zone/208-inline,urn:uuid:2d047f0d-0114-50c1-a574-c137f8d63c73,covers,urn:uuid:c7f4d232-1d3f-5a73-95c5-138bb5d6b2fb,
urn:uuid:5a95a928-cecf-52af-942f-40b5e53e70ab,relation/unit/bab-4-grup-solvabel-dan-nilpoten/covers/surface/unit-031/protected-math-zone/209-inline,urn:uuid:2d047f0d-0114-50c1-a574-c137f8d63c73,covers,urn:uuid:534d569b-3fa0-5ee7-a72d-e54972a7a760,
urn:uuid:5e2a1328-2b7c-5384-b218-d7e75422b5e7,relation/unit/bab-4-grup-solvabel-dan-nilpoten/covers/surface/unit-031/protected-math-zone/210-inline,urn:uuid:2d047f0d-0114-50c1-a574-c137f8d63c73,covers,urn:uuid:a4297edb-a554-5953-938b-60d5899e961a,
urn:uuid:63c522fe-a286-5c90-92a4-bc09836fd5d3,relation/unit/bab-4-grup-solvabel-dan-nilpoten/covers/surface/unit-031/protected-math-zone/211-inline,urn:uuid:2d047f0d-0114-50c1-a574-c137f8d63c73,covers,urn:uuid:9eb14fa8-d6ef-5c99-b873-1bbd81e1b2be,
urn:uuid:3a4b2c8b-01d9-5718-b7ec-0e9b1f642959,relation/unit/bab-4-grup-solvabel-dan-nilpoten/covers/surface/unit-031/protected-math-zone/212-inline,urn:uuid:2d047f0d-0114-50c1-a574-c137f8d63c73,covers,urn:uuid:634f53dd-6406-5e24-81af-c07476f2d716,
urn:uuid:8a169177-52ad-5b4a-8cbf-4858793dc8a3,relation/unit/bab-4-grup-solvabel-dan-nilpoten/covers/surface/unit-031/protected-math-zone/213-inline,urn:uuid:2d047f0d-0114-50c1-a574-c137f8d63c73,covers,urn:uuid:3a98823a-acbb-5bb6-9a8a-ba2bb2062a69,
urn:uuid:94d284d4-d6be-5d96-9f4c-8669f4cfd5a6,relation/unit/bab-4-grup-solvabel-dan-nilpoten/covers/surface/unit-031/protected-math-zone/214-inline,urn:uuid:2d047f0d-0114-50c1-a574-c137f8d63c73,covers,urn:uuid:80dee240-6bd6-5a0b-a472-93a9dd3f8acd,
urn:uuid:cdf67efc-968a-56b1-999a-ffbb2ab0c8c3,relation/unit/bab-4-grup-solvabel-dan-nilpoten/covers/surface/unit-031/protected-math-zone/215-inline,urn:uuid:2d047f0d-0114-50c1-a574-c137f8d63c73,covers,urn:uuid:ecbd14c4-beda-5316-96ea-4fe1a30e15d3,
urn:uuid:6ccefba4-0fab-54c5-ac6c-635a92cdd5c8,relation/unit/bab-4-grup-solvabel-dan-nilpoten/covers/surface/unit-031/protected-math-zone/216-inline,urn:uuid:2d047f0d-0114-50c1-a574-c137f8d63c73,covers,urn:uuid:40a1f9a4-d452-5ab3-a630-15a269613846,
urn:uuid:9c194514-a3b2-58e1-adb3-206373ba8bfa,relation/unit/bab-4-grup-solvabel-dan-nilpoten/covers/surface/unit-031/protected-math-zone/217-inline,urn:uuid:2d047f0d-0114-50c1-a574-c137f8d63c73,covers,urn:uuid:f97e418b-efa8-5037-b446-99d85a6c9f9f,
urn:uuid:47e47a3c-0718-5187-8722-75131239b7ac,relation/unit/bab-4-grup-solvabel-dan-nilpoten/covers/surface/unit-031/protected-math-zone/218-inline,urn:uuid:2d047f0d-0114-50c1-a574-c137f8d63c73,covers,urn:uuid:5601a407-907b-559c-8ef2-83be7069f5c4,
urn:uuid:edcffea6-fb55-5969-b859-4e8571fd1103,relation/unit/bab-4-grup-solvabel-dan-nilpoten/covers/surface/unit-031/protected-math-zone/219-inline,urn:uuid:2d047f0d-0114-50c1-a574-c137f8d63c73,covers,urn:uuid:e38c16b9-7b69-5365-a5fe-1c1ae7cc9b3a,
urn:uuid:eeb4db4e-9e93-50c9-b932-44dd9d1ca644,relation/unit/bab-4-grup-solvabel-dan-nilpoten/covers/surface/unit-031/protected-math-zone/220-inline,urn:uuid:2d047f0d-0114-50c1-a574-c137f8d63c73,covers,urn:uuid:0522fbac-5660-50c9-bd70-ac7df4022f5a,
urn:uuid:7b94151e-105e-5468-a51a-627530646a36,relation/unit/bab-4-grup-solvabel-dan-nilpoten/covers/surface/unit-031/protected-math-zone/221-inline,urn:uuid:2d047f0d-0114-50c1-a574-c137f8d63c73,covers,urn:uuid:55cbd3ca-4f68-5732-97f2-cbd6d9006378,
urn:uuid:693c7b1b-ef07-5ddd-aefe-197fb5505038,relation/unit/bab-4-grup-solvabel-dan-nilpoten/covers/surface/unit-031/protected-math-zone/222-inline,urn:uuid:2d047f0d-0114-50c1-a574-c137f8d63c73,covers,urn:uuid:a4132c7f-6855-5eea-8a18-a0fb9fc44fc7,
urn:uuid:f1819d55-6de6-5d64-9f9c-9a399bd30814,relation/unit/bab-4-grup-solvabel-dan-nilpoten/covers/surface/unit-031/protected-math-zone/223-inline,urn:uuid:2d047f0d-0114-50c1-a574-c137f8d63c73,covers,urn:uuid:e64e2350-9b02-5b0a-8a33-76e9fd6b70e7,
urn:uuid:e37ffb9e-e085-551d-82da-e894bb39a0af,relation/unit/bab-4-grup-solvabel-dan-nilpoten/covers/surface/unit-031/protected-math-zone/224-inline,urn:uuid:2d047f0d-0114-50c1-a574-c137f8d63c73,covers,urn:uuid:51aaab2c-4fef-5430-b8dd-18903210d850,
urn:uuid:ec5be469-c023-50d9-8aeb-1953d851d3d9,relation/unit/bab-4-grup-solvabel-dan-nilpoten/covers/surface/unit-031/protected-math-zone/225-inline,urn:uuid:2d047f0d-0114-50c1-a574-c137f8d63c73,covers,urn:uuid:726ec10c-60bc-52f3-9990-9c8234a4d224,
urn:uuid:97b32c80-a379-53ad-918a-f8e5a50360d3,relation/unit/bab-4-grup-solvabel-dan-nilpoten/covers/surface/unit-031/protected-math-zone/226-inline,urn:uuid:2d047f0d-0114-50c1-a574-c137f8d63c73,covers,urn:uuid:be9d4a22-fdf6-5bbe-afb5-775233c1da31,
urn:uuid:0911d50f-62c0-5d53-a205-b26a56ea15c2,relation/unit/bab-4-grup-solvabel-dan-nilpoten/covers/surface/unit-031/protected-math-zone/227-inline,urn:uuid:2d047f0d-0114-50c1-a574-c137f8d63c73,covers,urn:uuid:5fc31d36-1ec4-5c4d-a203-8eb8781b1227,
urn:uuid:2dd1e3c2-a3bc-5e09-be22-5fc5b2ae1572,relation/unit/bab-4-grup-solvabel-dan-nilpoten/covers/surface/unit-031/protected-math-zone/228-inline,urn:uuid:2d047f0d-0114-50c1-a574-c137f8d63c73,covers,urn:uuid:127a031b-c725-5b4d-ae77-dc16e0ae89b4,
urn:uuid:421c9b2d-7500-54a2-b36d-e777555518e7,relation/unit/bab-4-grup-solvabel-dan-nilpoten/covers/surface/unit-031/protected-math-zone/229-inline,urn:uuid:2d047f0d-0114-50c1-a574-c137f8d63c73,covers,urn:uuid:38f029b8-77ce-5569-94f9-cda04af10b17,
urn:uuid:8831ea90-7a82-5224-b92c-56e63e768b83,relation/unit/bab-4-grup-solvabel-dan-nilpoten/covers/surface/unit-031/protected-math-zone/230-inline,urn:uuid:2d047f0d-0114-50c1-a574-c137f8d63c73,covers,urn:uuid:45c98eca-6b78-5bcc-8454-4dfdc1667755,
urn:uuid:09e495aa-e830-5534-9688-dadc402cbec7,relation/unit/bab-4-grup-solvabel-dan-nilpoten/covers/surface/unit-031/protected-math-zone/231-display-environment,urn:uuid:2d047f0d-0114-50c1-a574-c137f8d63c73,covers,urn:uuid:0aaab0b1-86aa-54c0-b36e-4a1d72a92b88,
urn:uuid:53d85caa-3ed1-5783-820b-144eab65b51f,relation/unit/bab-4-grup-solvabel-dan-nilpoten/covers/surface/unit-031/protected-math-zone/232-inline,urn:uuid:2d047f0d-0114-50c1-a574-c137f8d63c73,covers,urn:uuid:9f320557-467f-5eaf-8635-45f41d5b1479,
urn:uuid:b9d0741f-cdb2-5a69-b64a-c152076cf525,relation/unit/bab-4-grup-solvabel-dan-nilpoten/covers/surface/unit-031/protected-math-zone/233-inline,urn:uuid:2d047f0d-0114-50c1-a574-c137f8d63c73,covers,urn:uuid:0678ef4c-760c-5b88-aa85-e75276ea2778,
urn:uuid:6b447d98-879e-52f5-be8c-b1b53f335350,relation/unit/bab-4-grup-solvabel-dan-nilpoten/covers/surface/unit-031/protected-math-zone/234-inline,urn:uuid:2d047f0d-0114-50c1-a574-c137f8d63c73,covers,urn:uuid:8c9ed578-ea36-5e3e-bd74-7301096e7a83,
urn:uuid:daeb9f5f-0ae8-5e65-98bb-95c6b1229c46,relation/unit/bab-4-grup-solvabel-dan-nilpoten/covers/surface/unit-031/protected-math-zone/235-inline,urn:uuid:2d047f0d-0114-50c1-a574-c137f8d63c73,covers,urn:uuid:7d642946-dbf4-5c21-b2fd-9cda063a3bd4,
urn:uuid:959a0df5-9935-5e74-94ce-f07fe0982816,relation/unit/bab-4-grup-solvabel-dan-nilpoten/covers/surface/unit-031/protected-math-zone/236-inline,urn:uuid:2d047f0d-0114-50c1-a574-c137f8d63c73,covers,urn:uuid:98ec35bb-3c32-5060-bad6-fa3b41b5b31d,
urn:uuid:b7699526-2646-5fcc-b929-956e2996da21,relation/unit/bab-4-grup-solvabel-dan-nilpoten/covers/surface/unit-031/protected-math-zone/237-inline,urn:uuid:2d047f0d-0114-50c1-a574-c137f8d63c73,covers,urn:uuid:d6b45d04-d3b5-533d-a127-21849397a8e4,
urn:uuid:4299e3d5-3d2c-5acc-b314-cc9c4559ae72,relation/unit/bab-4-grup-solvabel-dan-nilpoten/covers/surface/unit-031/protected-math-zone/238-inline,urn:uuid:2d047f0d-0114-50c1-a574-c137f8d63c73,covers,urn:uuid:33c0ca46-98f2-5429-9a9d-8028670fad50,
urn:uuid:a7a27ba1-5a2a-5daa-9f30-88793e7404b1,relation/unit/bab-4-grup-solvabel-dan-nilpoten/covers/surface/unit-031/protected-math-zone/239-inline,urn:uuid:2d047f0d-0114-50c1-a574-c137f8d63c73,covers,urn:uuid:189e31e6-d31c-53a9-9bba-ad3e2b01eaac,
urn:uuid:536a857d-19db-5c91-920b-44e5c26e6ad8,relation/unit/bab-4-grup-solvabel-dan-nilpoten/covers/surface/unit-031/protected-math-zone/240-inline,urn:uuid:2d047f0d-0114-50c1-a574-c137f8d63c73,covers,urn:uuid:09529a23-15c9-56f0-b1e5-0d938fbb56d4,
urn:uuid:c9d24188-b48e-5988-bee8-06bd6de55976,relation/unit/bab-4-grup-solvabel-dan-nilpoten/covers/surface/unit-031/protected-math-zone/241-display-bracket,urn:uuid:2d047f0d-0114-50c1-a574-c137f8d63c73,covers,urn:uuid:79e01789-3c5b-5ad6-87d4-f7728fc177bd,
urn:uuid:c62cb79e-bb0f-56d1-b0d6-f8ba56d21f8f,relation/unit/bab-4-grup-solvabel-dan-nilpoten/covers/surface/unit-031/protected-math-zone/242-inline,urn:uuid:2d047f0d-0114-50c1-a574-c137f8d63c73,covers,urn:uuid:13c19e1a-b722-5cb4-9280-95aa5e0be646,
urn:uuid:a63d93a6-8cb8-51a3-b831-046e31775614,relation/unit/bab-4-grup-solvabel-dan-nilpoten/covers/surface/unit-031/protected-math-zone/243-inline,urn:uuid:2d047f0d-0114-50c1-a574-c137f8d63c73,covers,urn:uuid:13d9c75e-4071-58f9-84a9-864617431de9,
urn:uuid:99f82dff-1ac0-51dc-8c62-993dbf1fdd68,relation/unit/bab-4-grup-solvabel-dan-nilpoten/covers/surface/unit-031/protected-math-zone/244-inline,urn:uuid:2d047f0d-0114-50c1-a574-c137f8d63c73,covers,urn:uuid:c956f868-c463-5145-a34d-69df4714b53d,
urn:uuid:d5814fec-075b-5660-a542-bc1a1cf12bfa,relation/unit/bab-4-grup-solvabel-dan-nilpoten/covers/surface/unit-031/protected-math-zone/245-inline,urn:uuid:2d047f0d-0114-50c1-a574-c137f8d63c73,covers,urn:uuid:c44794f9-9448-5de2-beaf-0deb736abf6b,
urn:uuid:046b1f45-b638-5e07-8158-4a1a3ee50e2c,relation/unit/bab-4-grup-solvabel-dan-nilpoten/covers/surface/unit-031/protected-math-zone/246-inline,urn:uuid:2d047f0d-0114-50c1-a574-c137f8d63c73,covers,urn:uuid:f31170b5-698c-53c7-a2b0-8fc96d0c6ef4,
urn:uuid:96a08693-5b98-5c9d-bd76-3f1542bd94de,relation/unit/bab-4-grup-solvabel-dan-nilpoten/covers/surface/unit-031/protected-math-zone/247-inline,urn:uuid:2d047f0d-0114-50c1-a574-c137f8d63c73,covers,urn:uuid:358f2dc9-701f-5e87-afac-17b0443ab1a9,
urn:uuid:f1678fb0-d3fc-5a27-84d8-9f68029309b5,relation/unit/bab-4-grup-solvabel-dan-nilpoten/covers/surface/unit-031/protected-math-zone/248-inline,urn:uuid:2d047f0d-0114-50c1-a574-c137f8d63c73,covers,urn:uuid:b6326108-2d1c-584f-844a-26dc8446cb8d,
urn:uuid:1793b9ae-c034-52af-9c0f-d999b38a1cd8,relation/unit/bab-4-grup-solvabel-dan-nilpoten/covers/surface/unit-031/protected-math-zone/249-inline,urn:uuid:2d047f0d-0114-50c1-a574-c137f8d63c73,covers,urn:uuid:78c537ce-a6f4-5f7b-99fc-e37f199cadd1,
urn:uuid:528cf95b-057c-58af-ba64-d04e562c5028,relation/unit/bab-4-grup-solvabel-dan-nilpoten/covers/surface/unit-031/protected-math-zone/250-inline,urn:uuid:2d047f0d-0114-50c1-a574-c137f8d63c73,covers,urn:uuid:081b2ed1-3147-59b2-b6da-5448a07f2392,
urn:uuid:90f0c038-bffe-545f-83ca-79fca985456f,relation/unit/bab-4-grup-solvabel-dan-nilpoten/covers/surface/unit-031/protected-math-zone/251-inline,urn:uuid:2d047f0d-0114-50c1-a574-c137f8d63c73,covers,urn:uuid:98df68ee-449d-5796-8df8-4529010bb488,
urn:uuid:7dd3bc72-863f-502f-8970-eb35fbb28f26,relation/unit/bab-4-grup-solvabel-dan-nilpoten/covers/surface/unit-031/protected-math-zone/252-inline,urn:uuid:2d047f0d-0114-50c1-a574-c137f8d63c73,covers,urn:uuid:e3cc8898-07db-5c4a-8ef8-5156816b5f26,
urn:uuid:f2b55f4a-e6bb-5032-bc09-726c5c3ba299,relation/unit/bab-4-grup-solvabel-dan-nilpoten/covers/surface/unit-031/protected-math-zone/253-inline,urn:uuid:2d047f0d-0114-50c1-a574-c137f8d63c73,covers,urn:uuid:fdc9337d-0e00-52fb-804e-8fc47df8eaaf,
urn:uuid:edb1cd50-d1c9-5b7b-a026-0ae8c43250fa,relation/unit/bab-4-grup-solvabel-dan-nilpoten/covers/surface/unit-031/protected-math-zone/254-inline,urn:uuid:2d047f0d-0114-50c1-a574-c137f8d63c73,covers,urn:uuid:6b6f61b4-1640-594d-b8e0-8bf4413e6274,
urn:uuid:8541a956-ad42-5a4a-b701-69dde2d37872,relation/unit/bab-4-grup-solvabel-dan-nilpoten/covers/surface/unit-031/protected-math-zone/255-inline,urn:uuid:2d047f0d-0114-50c1-a574-c137f8d63c73,covers,urn:uuid:30fbfa90-7730-5c4a-9f30-bb3df72b44ef,
urn:uuid:bde82fba-5a73-502a-8d6c-8fa27cf5f955,relation/unit/bab-4-grup-solvabel-dan-nilpoten/covers/surface/unit-031/protected-math-zone/256-inline,urn:uuid:2d047f0d-0114-50c1-a574-c137f8d63c73,covers,urn:uuid:cd5d53d0-c563-58b9-ae21-3ab3dfdcf19f,
urn:uuid:0ca132fe-5baf-5a2b-b1fb-e21bea0741a6,relation/unit/bab-4-grup-solvabel-dan-nilpoten/covers/surface/unit-031/protected-math-zone/257-inline,urn:uuid:2d047f0d-0114-50c1-a574-c137f8d63c73,covers,urn:uuid:ec90a752-d5d3-553f-b8ce-f62db2519a58,
urn:uuid:e04f3b4b-e2b7-58c4-aa89-dc3f9caa1b6a,relation/unit/bab-4-grup-solvabel-dan-nilpoten/covers/surface/unit-031/protected-math-zone/258-inline,urn:uuid:2d047f0d-0114-50c1-a574-c137f8d63c73,covers,urn:uuid:c3b11ca3-9093-5005-8925-ed0ba20742b3,
urn:uuid:6157c48b-8712-56a9-add7-0c986a2ce547,relation/unit/bab-4-grup-solvabel-dan-nilpoten/covers/surface/unit-031/protected-math-zone/259-inline,urn:uuid:2d047f0d-0114-50c1-a574-c137f8d63c73,covers,urn:uuid:204d8d14-f4dd-5760-a305-902103ad2e7c,
urn:uuid:1f09906a-cb9a-59dd-9782-8b2d9f38b3b6,relation/unit/bab-4-grup-solvabel-dan-nilpoten/covers/surface/unit-031/protected-math-zone/260-inline,urn:uuid:2d047f0d-0114-50c1-a574-c137f8d63c73,covers,urn:uuid:a7e613f2-8da9-5ca4-be93-dd8b21e581b0,
urn:uuid:1afe73db-8d6c-5bd9-aede-c1b0d84622d8,relation/unit/bab-4-grup-solvabel-dan-nilpoten/covers/surface/unit-031/protected-math-zone/261-inline,urn:uuid:2d047f0d-0114-50c1-a574-c137f8d63c73,covers,urn:uuid:939f4120-b0ef-5da1-a786-73d311d4b7d2,
urn:uuid:7cba0260-a764-5c21-8f5b-27509a35da5e,relation/unit/bab-4-grup-solvabel-dan-nilpoten/covers/surface/unit-031/protected-math-zone/262-inline,urn:uuid:2d047f0d-0114-50c1-a574-c137f8d63c73,covers,urn:uuid:1b45f889-97af-5fbe-ac70-93fb737c1b7d,
urn:uuid:a05dfc73-3fef-5b2c-bb84-0cf2f5227103,relation/unit/bab-4-grup-solvabel-dan-nilpoten/covers/surface/unit-031/protected-math-zone/263-inline,urn:uuid:2d047f0d-0114-50c1-a574-c137f8d63c73,covers,urn:uuid:6ed797b2-8304-57a9-9c5c-bb138218498a,
urn:uuid:a3c39ad7-3a00-5cb7-83a8-16fc5c8845fb,relation/unit/bab-4-grup-solvabel-dan-nilpoten/covers/surface/unit-031/protected-math-zone/264-inline,urn:uuid:2d047f0d-0114-50c1-a574-c137f8d63c73,covers,urn:uuid:f36c4602-7711-5b78-bbbb-e0791a8f53b2,
urn:uuid:83686473-2d35-5266-8d75-56f1ad8faca8,relation/unit/bab-4-grup-solvabel-dan-nilpoten/covers/surface/unit-031/protected-math-zone/265-inline,urn:uuid:2d047f0d-0114-50c1-a574-c137f8d63c73,covers,urn:uuid:5a3c27e1-eb41-567f-a472-1caccd273c0a,
urn:uuid:93111aa6-a841-5f6d-8378-da74134071d5,relation/unit/bab-4-grup-solvabel-dan-nilpoten/covers/surface/unit-031/protected-math-zone/266-inline,urn:uuid:2d047f0d-0114-50c1-a574-c137f8d63c73,covers,urn:uuid:9b6a484f-b414-51df-a376-6d9acc1ef112,
urn:uuid:5781ff52-c12e-56bc-ae76-f8bde23ed87b,relation/unit/bab-4-grup-solvabel-dan-nilpoten/covers/surface/unit-031/protected-math-zone/267-inline,urn:uuid:2d047f0d-0114-50c1-a574-c137f8d63c73,covers,urn:uuid:ad435d9b-22a4-5fd2-bebe-cd17b71538a6,
urn:uuid:ab5b9263-1950-5a79-9c61-db1a271eaa64,relation/unit/bab-4-grup-solvabel-dan-nilpoten/covers/surface/unit-031/protected-math-zone/268-inline,urn:uuid:2d047f0d-0114-50c1-a574-c137f8d63c73,covers,urn:uuid:450dd034-3f09-5ac5-8f89-8a0e106da331,
urn:uuid:198173aa-b486-5fb7-b955-df58ef3b46c7,relation/unit/bab-4-grup-solvabel-dan-nilpoten/covers/surface/unit-031/protected-math-zone/269-inline,urn:uuid:2d047f0d-0114-50c1-a574-c137f8d63c73,covers,urn:uuid:a83850d5-c27e-5cfb-bee6-4d768119121b,
urn:uuid:78c85f5a-80bc-5c0f-9726-0dc87d7630bc,relation/unit/bab-4-grup-solvabel-dan-nilpoten/covers/surface/unit-031/protected-math-zone/270-inline,urn:uuid:2d047f0d-0114-50c1-a574-c137f8d63c73,covers,urn:uuid:fad079a5-4e54-5214-8c0a-2e038e7cf718,
urn:uuid:49fb68b0-741e-5bb0-9768-a2cc81c0550c,relation/unit/bab-4-grup-solvabel-dan-nilpoten/covers/surface/unit-031/protected-math-zone/271-inline,urn:uuid:2d047f0d-0114-50c1-a574-c137f8d63c73,covers,urn:uuid:f4e7c950-e379-5922-8258-95a11229db6b,
urn:uuid:56b93b7c-3d0d-57ad-b18c-719dee9b7380,relation/unit/bab-4-grup-solvabel-dan-nilpoten/covers/surface/unit-031/protected-math-zone/272-inline,urn:uuid:2d047f0d-0114-50c1-a574-c137f8d63c73,covers,urn:uuid:c319433a-32f4-5652-8b43-1c9b9d341d9a,
urn:uuid:703adbd6-85f2-5fd3-8b8d-045008f0cde9,relation/unit/bab-4-grup-solvabel-dan-nilpoten/covers/surface/unit-031/protected-math-zone/273-inline,urn:uuid:2d047f0d-0114-50c1-a574-c137f8d63c73,covers,urn:uuid:8c98162a-a279-5e40-8a77-1b3ea35f6c65,
urn:uuid:2feeeeb5-17c1-5eee-8d08-032c946cad60,relation/unit/bab-4-grup-solvabel-dan-nilpoten/covers/surface/unit-031/protected-math-zone/274-inline,urn:uuid:2d047f0d-0114-50c1-a574-c137f8d63c73,covers,urn:uuid:5efe1bf2-2366-5619-b912-ed5b0a6aa628,
urn:uuid:4f3ed8be-16dd-5d5c-9fd9-a078795fc310,relation/unit/bab-4-grup-solvabel-dan-nilpoten/covers/surface/unit-031/protected-math-zone/275-inline,urn:uuid:2d047f0d-0114-50c1-a574-c137f8d63c73,covers,urn:uuid:16f6e3e0-cf56-5d89-bc63-859699e40a61,
urn:uuid:3c431cf9-e17e-58d9-9192-a4c098283894,relation/unit/bab-4-grup-solvabel-dan-nilpoten/covers/surface/unit-031/protected-math-zone/276-inline,urn:uuid:2d047f0d-0114-50c1-a574-c137f8d63c73,covers,urn:uuid:d5a7a03a-155e-57e5-bb2e-a1ef66874f27,
urn:uuid:c64202bb-0052-536b-8e11-266749a03b45,relation/unit/bab-4-grup-solvabel-dan-nilpoten/covers/surface/unit-031/protected-math-zone/277-inline,urn:uuid:2d047f0d-0114-50c1-a574-c137f8d63c73,covers,urn:uuid:70aa7d89-592a-5857-b90a-10a526f05484,
urn:uuid:403c8ce2-9af7-5727-9030-2ebb0d6b795c,relation/unit/bab-4-grup-solvabel-dan-nilpoten/covers/surface/unit-031/protected-math-zone/278-inline,urn:uuid:2d047f0d-0114-50c1-a574-c137f8d63c73,covers,urn:uuid:a1f01a07-a8b4-536e-a20e-71dc94295369,
urn:uuid:66d477a2-17ca-5756-bc20-e6d265e3ed70,relation/unit/bab-4-grup-solvabel-dan-nilpoten/covers/surface/unit-031/protected-math-zone/279-inline,urn:uuid:2d047f0d-0114-50c1-a574-c137f8d63c73,covers,urn:uuid:fb44108e-197a-5f1c-9fa1-ad3a6b25aba4,
urn:uuid:94ac3669-7ac5-5b0b-9abe-bb9354a7506f,relation/unit/bab-4-grup-solvabel-dan-nilpoten/covers/surface/unit-031/protected-math-zone/280-display-bracket,urn:uuid:2d047f0d-0114-50c1-a574-c137f8d63c73,covers,urn:uuid:3c6d3ee6-3d45-542e-9b1c-afba55265482,
urn:uuid:f1c75a24-3d73-5c37-9add-3b5cf66274ab,relation/unit/bab-4-grup-solvabel-dan-nilpoten/covers/surface/unit-031/protected-math-zone/281-inline,urn:uuid:2d047f0d-0114-50c1-a574-c137f8d63c73,covers,urn:uuid:e5f64233-d6a9-5317-be91-0f13c092dee8,
urn:uuid:46dd65a9-1acb-5426-9846-62dc0f9b1076,relation/unit/bab-4-grup-solvabel-dan-nilpoten/covers/surface/unit-031/protected-math-zone/282-inline,urn:uuid:2d047f0d-0114-50c1-a574-c137f8d63c73,covers,urn:uuid:b1af10d4-505b-55e7-921a-ff51444f533d,
urn:uuid:dec703fb-8c09-5350-8016-2a8663257faf,relation/unit/bab-4-grup-solvabel-dan-nilpoten/covers/surface/unit-031/protected-math-zone/283-display-bracket,urn:uuid:2d047f0d-0114-50c1-a574-c137f8d63c73,covers,urn:uuid:138768ec-14b5-59d2-8e9a-9f1b14be65c6,
urn:uuid:7ceb539a-47af-5e75-b80c-1a8ef43030b6,relation/unit/bab-4-grup-solvabel-dan-nilpoten/covers/surface/unit-031/protected-math-zone/284-display-bracket,urn:uuid:2d047f0d-0114-50c1-a574-c137f8d63c73,covers,urn:uuid:60141267-2b7e-5631-9094-0c70e5fb3e9c,
urn:uuid:d1a0bb0e-0f6a-53d4-8074-2c18214313cb,relation/unit/bab-4-grup-solvabel-dan-nilpoten/covers/surface/unit-031/protected-math-zone/285-inline,urn:uuid:2d047f0d-0114-50c1-a574-c137f8d63c73,covers,urn:uuid:0f82b918-d413-5cc0-abd1-38a5f2d8664a,
urn:uuid:dc5d7211-d71a-5575-8187-21bb78d77e39,relation/unit/bab-4-grup-solvabel-dan-nilpoten/covers/surface/unit-031/protected-math-zone/286-inline,urn:uuid:2d047f0d-0114-50c1-a574-c137f8d63c73,covers,urn:uuid:a202fecf-f5f4-5b15-9a7e-248c5b75ef66,
urn:uuid:f74be7d2-616d-5401-bdcc-1c08cd1e767f,relation/unit/bab-4-grup-solvabel-dan-nilpoten/covers/surface/unit-031/protected-math-zone/287-inline,urn:uuid:2d047f0d-0114-50c1-a574-c137f8d63c73,covers,urn:uuid:e653ba8f-2327-5ca2-a4e6-3805d4b4c58f,
urn:uuid:df8bcf64-effd-5509-9528-80a1d9976f55,relation/unit/bab-4-grup-solvabel-dan-nilpoten/covers/surface/unit-031/protected-math-zone/288-display-bracket,urn:uuid:2d047f0d-0114-50c1-a574-c137f8d63c73,covers,urn:uuid:b1d2f488-e8bc-5e42-ba49-d413a18a6386,
urn:uuid:90a72c4a-bdc7-5ddf-8baa-a52927412df5,relation/unit/bab-4-grup-solvabel-dan-nilpoten/covers/surface/unit-031/protected-math-zone/289-inline,urn:uuid:2d047f0d-0114-50c1-a574-c137f8d63c73,covers,urn:uuid:a246bb50-5da6-55aa-b81a-19913453e445,
urn:uuid:9a9a7f92-d38d-53a0-ab88-c8a3ec06f67e,relation/unit/bab-4-grup-solvabel-dan-nilpoten/covers/surface/unit-031/protected-math-zone/290-inline,urn:uuid:2d047f0d-0114-50c1-a574-c137f8d63c73,covers,urn:uuid:7ac60eda-aa2b-5531-992f-5fa1b89466cc,
urn:uuid:cc788527-acf4-5f15-9773-bd35973c498b,relation/unit/bab-4-grup-solvabel-dan-nilpoten/covers/surface/unit-031/protected-math-zone/291-inline,urn:uuid:2d047f0d-0114-50c1-a574-c137f8d63c73,covers,urn:uuid:383c9acf-c848-5be4-a294-aef3ec24fe43,
urn:uuid:57814ca0-53c3-552c-847f-1f727f8dee02,relation/unit/bab-4-grup-solvabel-dan-nilpoten/covers/surface/unit-031/protected-math-zone/292-inline,urn:uuid:2d047f0d-0114-50c1-a574-c137f8d63c73,covers,urn:uuid:5979dc5d-2bbe-5356-aa05-60e9eada69ce,
urn:uuid:785897ce-5389-5799-bf73-7913b4c94881,relation/unit/bab-4-grup-solvabel-dan-nilpoten/covers/surface/unit-031/protected-math-zone/293-inline,urn:uuid:2d047f0d-0114-50c1-a574-c137f8d63c73,covers,urn:uuid:970ec7ae-69d0-5d6e-9634-d02c08e8f24d,
urn:uuid:3702bf2a-fb9d-52c6-985f-9d8de2952f13,relation/unit/bab-4-grup-solvabel-dan-nilpoten/covers/surface/unit-031/protected-math-zone/294-inline,urn:uuid:2d047f0d-0114-50c1-a574-c137f8d63c73,covers,urn:uuid:707c5853-72ed-51ef-bc9d-158aede9c515,
urn:uuid:dcd2127c-221c-5ebe-ab5c-079e7f473784,relation/unit/bab-4-grup-solvabel-dan-nilpoten/covers/surface/unit-031/protected-math-zone/295-inline,urn:uuid:2d047f0d-0114-50c1-a574-c137f8d63c73,covers,urn:uuid:2436d4ca-26b7-543c-912e-109f613ea474,
urn:uuid:d574dd44-2945-587c-8b8c-2612e21e8258,relation/unit/bab-4-grup-solvabel-dan-nilpoten/covers/surface/unit-031/protected-math-zone/296-inline,urn:uuid:2d047f0d-0114-50c1-a574-c137f8d63c73,covers,urn:uuid:dbd3b114-4a33-5d1c-b376-a95a5d5dd296,
urn:uuid:c3d4fc81-c2b1-55a9-a4c8-816025676b3a,relation/unit/bab-4-grup-solvabel-dan-nilpoten/covers/surface/unit-031/protected-math-zone/297-inline,urn:uuid:2d047f0d-0114-50c1-a574-c137f8d63c73,covers,urn:uuid:84bfc5d9-e66a-587a-9f08-d2532c957bb6,
urn:uuid:195e47f8-443e-5674-b4e5-a17f326f28d8,relation/unit/bab-4-grup-solvabel-dan-nilpoten/covers/surface/unit-031/protected-math-zone/298-display-environment,urn:uuid:2d047f0d-0114-50c1-a574-c137f8d63c73,covers,urn:uuid:805a0747-98d5-5e01-967d-790abb1085eb,
urn:uuid:cb9324b4-daa2-5f9b-affc-783d8dd2ffb2,relation/unit/bab-4-grup-solvabel-dan-nilpoten/covers/surface/unit-031/protected-math-zone/299-inline,urn:uuid:2d047f0d-0114-50c1-a574-c137f8d63c73,covers,urn:uuid:456d3c67-cfc8-5e7f-8cb9-40125191d926,
urn:uuid:0701a0d0-a234-570e-b2d4-5fd79097db1d,relation/unit/bab-4-grup-solvabel-dan-nilpoten/covers/surface/unit-031/protected-math-zone/300-inline,urn:uuid:2d047f0d-0114-50c1-a574-c137f8d63c73,covers,urn:uuid:c73d402b-6ca9-5348-b530-fa8d8fac2cc3,
urn:uuid:ecacb7a3-f4c1-5282-9240-201462419014,relation/unit/bab-4-grup-solvabel-dan-nilpoten/covers/surface/unit-031/protected-math-zone/301-inline,urn:uuid:2d047f0d-0114-50c1-a574-c137f8d63c73,covers,urn:uuid:cf6e154f-5dbb-5bc0-beae-ad344a86c996,
urn:uuid:7df261b8-c8ba-55f0-bcff-f0f68e2da53e,relation/unit/bab-4-grup-solvabel-dan-nilpoten/covers/surface/unit-031/protected-math-zone/302-inline,urn:uuid:2d047f0d-0114-50c1-a574-c137f8d63c73,covers,urn:uuid:dbdb6dc5-2d80-5f10-ac4a-aaee7024c3e1,
urn:uuid:2551985b-3b9b-5618-a73d-55499f5ae299,relation/unit/bab-4-grup-solvabel-dan-nilpoten/covers/surface/unit-031/protected-math-zone/303-inline,urn:uuid:2d047f0d-0114-50c1-a574-c137f8d63c73,covers,urn:uuid:2f6818f2-4125-573d-bd8b-0406f0343d3b,
urn:uuid:290bdaad-03b9-56b2-b62a-6cc2d76c616b,relation/unit/bab-4-grup-solvabel-dan-nilpoten/covers/surface/unit-031/protected-math-zone/304-inline,urn:uuid:2d047f0d-0114-50c1-a574-c137f8d63c73,covers,urn:uuid:ced8eabb-50cc-50db-b72c-1dd2d246fdd9,
urn:uuid:24889233-0d7a-54e6-a5cd-61c066960420,relation/unit/bab-4-grup-solvabel-dan-nilpoten/covers/surface/unit-031/protected-math-zone/305-inline,urn:uuid:2d047f0d-0114-50c1-a574-c137f8d63c73,covers,urn:uuid:039633e5-a2b8-506c-b6ab-74cd51adb984,
urn:uuid:d4d58fe6-2cd3-5b28-8753-99a901a7b8cd,relation/unit/bab-4-grup-solvabel-dan-nilpoten/covers/surface/unit-031/protected-math-zone/306-inline,urn:uuid:2d047f0d-0114-50c1-a574-c137f8d63c73,covers,urn:uuid:d94a1695-49c6-5c0a-84c7-a80d668b5496,
urn:uuid:9892b404-abf9-5444-8f36-ef377426f8d4,relation/unit/bab-4-grup-solvabel-dan-nilpoten/covers/surface/unit-031/protected-math-zone/307-inline,urn:uuid:2d047f0d-0114-50c1-a574-c137f8d63c73,covers,urn:uuid:4780e8a9-1bc6-5fd6-8084-5541932b2ef6,
urn:uuid:527f1548-f00c-5efd-afe9-c4cd1b710987,relation/unit/bab-4-grup-solvabel-dan-nilpoten/covers/surface/unit-031/protected-math-zone/308-inline,urn:uuid:2d047f0d-0114-50c1-a574-c137f8d63c73,covers,urn:uuid:bbc28cd4-946b-5195-bee9-7ff877be346f,
urn:uuid:dcc6c749-366d-50b5-81bc-4bfe5f577994,relation/unit/bab-4-grup-solvabel-dan-nilpoten/covers/surface/unit-031/protected-math-zone/309-inline,urn:uuid:2d047f0d-0114-50c1-a574-c137f8d63c73,covers,urn:uuid:595508e9-8317-5954-8efc-b05251d7f435,
urn:uuid:305e93d8-bc1b-579f-8e3d-9fca3a40dc04,relation/unit/bab-4-grup-solvabel-dan-nilpoten/covers/surface/unit-031/protected-math-zone/310-inline,urn:uuid:2d047f0d-0114-50c1-a574-c137f8d63c73,covers,urn:uuid:5d24f54e-5258-54d1-8c1b-e20a3a244d23,
urn:uuid:3430a1e7-9e59-5f45-a4e8-badf5fbe35e3,relation/unit/bab-4-grup-solvabel-dan-nilpoten/covers/surface/unit-031/protected-math-zone/311-inline,urn:uuid:2d047f0d-0114-50c1-a574-c137f8d63c73,covers,urn:uuid:e5a94eec-27be-5bf8-b452-1b1ef02c9fdf,
urn:uuid:15e8f5f0-b3e8-5e11-b656-b6a3f7539bf7,relation/unit/bab-4-grup-solvabel-dan-nilpoten/covers/surface/unit-031/protected-math-zone/312-display-environment,urn:uuid:2d047f0d-0114-50c1-a574-c137f8d63c73,covers,urn:uuid:d22885a8-df34-5dd3-9aa4-539f38cc7881,
urn:uuid:37f731f7-ccd7-53b1-b5b8-7596febe437f,relation/unit/bab-4-grup-solvabel-dan-nilpoten/covers/surface/unit-031/protected-math-zone/313-inline,urn:uuid:2d047f0d-0114-50c1-a574-c137f8d63c73,covers,urn:uuid:96f84e29-3a24-5ab9-b73a-c74fb53e48a7,
urn:uuid:7dc6f940-cde5-55fd-80f1-d527ecf19fa9,relation/unit/bab-4-grup-solvabel-dan-nilpoten/covers/surface/unit-031/protected-math-zone/314-inline,urn:uuid:2d047f0d-0114-50c1-a574-c137f8d63c73,covers,urn:uuid:c8aa08b8-aee1-5370-9cf4-9cc013711653,
urn:uuid:1177a52f-f8c0-59ba-b849-4d785b6fa79f,relation/unit/bab-4-grup-solvabel-dan-nilpoten/covers/surface/unit-031/protected-math-zone/315-inline,urn:uuid:2d047f0d-0114-50c1-a574-c137f8d63c73,covers,urn:uuid:5c4b0f64-9068-5b00-bc14-c60704a23af4,
urn:uuid:16d8a5fe-1478-59a8-b8e5-b5f8f08c96ea,relation/unit/bab-4-grup-solvabel-dan-nilpoten/covers/surface/unit-031/protected-math-zone/316-inline,urn:uuid:2d047f0d-0114-50c1-a574-c137f8d63c73,covers,urn:uuid:1cee93a8-9145-5e44-a072-63936c3ce490,
urn:uuid:954f7d99-7d7d-5ce5-bb04-e1d421e77766,relation/unit/bab-4-grup-solvabel-dan-nilpoten/covers/surface/unit-031/protected-math-zone/317-inline,urn:uuid:2d047f0d-0114-50c1-a574-c137f8d63c73,covers,urn:uuid:9352e1ef-ed6e-5e31-a65c-add384daa8ab,
urn:uuid:06326fa9-b868-5b67-bee7-2a98bc1dd699,relation/unit/bab-4-grup-solvabel-dan-nilpoten/covers/surface/unit-031/protected-math-zone/318-inline,urn:uuid:2d047f0d-0114-50c1-a574-c137f8d63c73,covers,urn:uuid:e67a9a6e-263d-563f-b604-33355ad92afd,
urn:uuid:1952a08f-303a-5731-aa6b-4fad04e12d60,relation/unit/bab-4-grup-solvabel-dan-nilpoten/covers/surface/unit-031/protected-math-zone/319-inline,urn:uuid:2d047f0d-0114-50c1-a574-c137f8d63c73,covers,urn:uuid:2a5c7652-8a24-5bfd-956e-77a4aae657f3,
urn:uuid:d7479d07-418c-5806-85c3-744ea946814f,relation/unit/bab-4-grup-solvabel-dan-nilpoten/covers/surface/unit-031/protected-math-zone/320-inline,urn:uuid:2d047f0d-0114-50c1-a574-c137f8d63c73,covers,urn:uuid:222d860c-885d-5e6f-b3e1-219e53e25421,
urn:uuid:1bf63252-f615-519e-88e0-d8c51b733bc2,relation/unit/bab-4-grup-solvabel-dan-nilpoten/covers/surface/unit-031/protected-math-zone/321-inline,urn:uuid:2d047f0d-0114-50c1-a574-c137f8d63c73,covers,urn:uuid:5c6676e4-24c3-522e-b4fe-c8522132510d,
urn:uuid:c08b3abf-b98d-508d-bafa-052ff64b6c7c,relation/unit/bab-4-grup-solvabel-dan-nilpoten/covers/surface/unit-031/protected-math-zone/322-inline,urn:uuid:2d047f0d-0114-50c1-a574-c137f8d63c73,covers,urn:uuid:68c4e39f-64c4-55c5-8730-5055afd10cc9,
urn:uuid:8432a63f-34bb-582d-9989-dccc2a7dd60d,relation/unit/bab-4-grup-solvabel-dan-nilpoten/covers/surface/unit-031/protected-math-zone/323-inline,urn:uuid:2d047f0d-0114-50c1-a574-c137f8d63c73,covers,urn:uuid:73f263fa-b763-500e-a7f5-56e3ace9084f,
urn:uuid:ed6cf0d8-fdec-56be-b3f2-ebd30ef715be,relation/unit/bab-4-grup-solvabel-dan-nilpoten/covers/surface/unit-031/protected-math-zone/324-inline,urn:uuid:2d047f0d-0114-50c1-a574-c137f8d63c73,covers,urn:uuid:17c382ce-efbe-56bc-912b-a03a979a4c3f,
urn:uuid:0362ecc2-bfb3-5043-b249-6d7c8728fc53,relation/unit/bab-4-grup-solvabel-dan-nilpoten/covers/surface/unit-031/protected-math-zone/325-inline,urn:uuid:2d047f0d-0114-50c1-a574-c137f8d63c73,covers,urn:uuid:221f1a6b-ac1c-50e8-82d7-5a01ea9c8fb8,
urn:uuid:288fdc75-eabe-5e48-b199-ff9fab4111b6,relation/unit/bab-4-grup-solvabel-dan-nilpoten/covers/surface/unit-031/protected-math-zone/326-inline,urn:uuid:2d047f0d-0114-50c1-a574-c137f8d63c73,covers,urn:uuid:24f5666d-9cc3-5590-be54-8cb9ccac887a,
urn:uuid:bda19515-5ef7-5544-a4cf-5e628ba02abd,relation/unit/bab-4-grup-solvabel-dan-nilpoten/covers/surface/unit-031/reference/ordinary/001,urn:uuid:2d047f0d-0114-50c1-a574-c137f8d63c73,covers,urn:uuid:723c8bac-2aba-59d0-a32e-0490186044b4,
urn:uuid:646dd17c-d2b9-5ef5-8d21-358deb0fe577,relation/unit/bab-4-grup-solvabel-dan-nilpoten/covers/surface/unit-031/reference/ordinary/002,urn:uuid:2d047f0d-0114-50c1-a574-c137f8d63c73,covers,urn:uuid:fdff52ad-e4cc-5336-b51d-9e81d9f366e4,
urn:uuid:2bdfef32-582b-5ccb-81a7-f9ad550fd154,relation/unit/bab-4-grup-solvabel-dan-nilpoten/covers/surface/unit-031/reference/ordinary/003,urn:uuid:2d047f0d-0114-50c1-a574-c137f8d63c73,covers,urn:uuid:ec33680a-82b4-5d4a-b4b1-8e5d161e901a,
urn:uuid:69ddf6aa-810a-5bd6-baca-6d485bc4e9f4,relation/unit/bab-4-grup-solvabel-dan-nilpoten/covers/surface/unit-031/reference/ordinary/004,urn:uuid:2d047f0d-0114-50c1-a574-c137f8d63c73,covers,urn:uuid:0b701fa2-83b4-5497-90d6-0a3920217600,
urn:uuid:59c7b412-1c63-5399-992c-2cfe79ef9964,relation/unit/bab-4-grup-solvabel-dan-nilpoten/covers/surface/unit-031/reference/ordinary/005,urn:uuid:2d047f0d-0114-50c1-a574-c137f8d63c73,covers,urn:uuid:30a7038b-4ce2-5720-bbc0-3afde20462c5,
urn:uuid:4ef9ca4e-c149-545f-84ec-1224ddaa4823,relation/unit/bab-4-grup-solvabel-dan-nilpoten/covers/surface/unit-031/reference/ordinary/006,urn:uuid:2d047f0d-0114-50c1-a574-c137f8d63c73,covers,urn:uuid:9aa143e8-6c0b-5821-b444-2a0552a799d9,
urn:uuid:a1460e6d-9493-54ad-9db7-c5102aca0a8d,relation/unit/bab-4-grup-solvabel-dan-nilpoten/covers/surface/unit-031/reference/ordinary/007,urn:uuid:2d047f0d-0114-50c1-a574-c137f8d63c73,covers,urn:uuid:8fb8aff1-c9fa-53fa-a379-f97cbfdb396d,
urn:uuid:3065f5f5-a9e4-573c-aeee-97fafac71fc0,relation/unit/bab-4-grup-solvabel-dan-nilpoten/covers/surface/unit-031/terminology-row/001,urn:uuid:2d047f0d-0114-50c1-a574-c137f8d63c73,covers,urn:uuid:b089634c-5b85-5f54-9e9f-0051b738b371,
urn:uuid:8eca4977-51ee-5e8d-9cd1-f5d563bdce97,relation/unit/bab-4-grup-solvabel-dan-nilpoten/covers/surface/unit-031/terminology-row/002,urn:uuid:2d047f0d-0114-50c1-a574-c137f8d63c73,covers,urn:uuid:f679d360-86cf-5515-b265-35a2769ab82c,
urn:uuid:c86bc2da-8e91-54ac-aff2-a75e58592de1,relation/unit/bab-4-grup-solvabel-dan-nilpoten/covers/surface/unit-031/terminology-row/003,urn:uuid:2d047f0d-0114-50c1-a574-c137f8d63c73,covers,urn:uuid:713d36e6-9e5d-50e4-a755-a2b8a83e223e,
urn:uuid:87280b71-37e7-56dd-aeef-d2fbd1d05f40,relation/unit/bab-4-grup-solvabel-dan-nilpoten/covers/surface/unit-031/terminology-row/004,urn:uuid:2d047f0d-0114-50c1-a574-c137f8d63c73,covers,urn:uuid:e8c6246d-f241-5ffe-b441-44ce14d6789a,
urn:uuid:b8bd0d22-db31-5fe7-a4e4-a699ebf964f1,relation/unit/bab-4-grup-solvabel-dan-nilpoten/covers/surface/unit-031/terminology-row/005,urn:uuid:2d047f0d-0114-50c1-a574-c137f8d63c73,covers,urn:uuid:67d7bb27-527d-537f-87af-4d12f3943d92,
urn:uuid:673c0b7d-ee7f-5337-934e-c09a39304ca9,relation/unit/bab-4-grup-solvabel-dan-nilpoten/covers/surface/unit-031/terminology-row/006,urn:uuid:2d047f0d-0114-50c1-a574-c137f8d63c73,covers,urn:uuid:32f26bce-cee8-5e2c-9e4c-a250c51a51a9,
urn:uuid:500ae677-060c-5560-b6aa-821e9d7f9adb,relation/unit/bab-4-grup-solvabel-dan-nilpoten/covers/surface/unit-031/terminology-row/007,urn:uuid:2d047f0d-0114-50c1-a574-c137f8d63c73,covers,urn:uuid:df71f212-a2b2-52f9-acef-96227c4547d2,
urn:uuid:73f76264-f46d-5b14-aa13-f6c2c1d18958,relation/unit/bab-4-grup-solvabel-dan-nilpoten/covers/surface/unit-031/terminology-row/008,urn:uuid:2d047f0d-0114-50c1-a574-c137f8d63c73,covers,urn:uuid:0c122eae-cd67-5d97-8f7e-fc5d2a64614a,
urn:uuid:87d0750e-a997-53c6-9bb6-2d813a276960,relation/unit/bab-4-grup-solvabel-dan-nilpoten/covers/surface/unit-031/terminology-row/009,urn:uuid:2d047f0d-0114-50c1-a574-c137f8d63c73,covers,urn:uuid:44cd0ef0-3f70-5090-87ff-4383dec187d1,
urn:uuid:9cd4a9a2-56ce-5946-bf4f-00779bce805c,relation/unit/bab-4-grup-solvabel-dan-nilpoten/covers/surface/unit-031/terminology-row/010,urn:uuid:2d047f0d-0114-50c1-a574-c137f8d63c73,covers,urn:uuid:b3466241-db73-5897-86ad-bce601dca971,
urn:uuid:cd1a60f3-feee-5b2a-8fd9-282d61abcf86,relation/unit/bab-4-grup-solvabel-dan-nilpoten/covers/surface/unit-031/terminology-row/011,urn:uuid:2d047f0d-0114-50c1-a574-c137f8d63c73,covers,urn:uuid:bb91ca3f-18f2-5cd0-8a51-3c2e7cbfd306,
urn:uuid:723a9980-7a2c-590e-bb14-f3fab2d502ff,relation/unit/bab-4-grup-solvabel-dan-nilpoten/covers/surface/unit-031/terminology-row/012,urn:uuid:2d047f0d-0114-50c1-a574-c137f8d63c73,covers,urn:uuid:991caf4e-6bdc-57b0-b0bb-65be6511fd92,
urn:uuid:db0937ee-b271-5dca-b03e-fad0d03de519,relation/unit/bab-4-grup-solvabel-dan-nilpoten/covers/surface/unit-031/terminology-row/013,urn:uuid:2d047f0d-0114-50c1-a574-c137f8d63c73,covers,urn:uuid:0d4d5fb8-a541-53fa-a88f-83a2013caae9,
urn:uuid:1e473299-0145-5bb9-a11d-656a817bd03d,relation/unit/bab-4-grup-solvabel-dan-nilpoten/covers/surface/unit-031/terminology-row/014,urn:uuid:2d047f0d-0114-50c1-a574-c137f8d63c73,covers,urn:uuid:817dcd80-07e7-5637-874d-900d854ddfb9,
urn:uuid:527f1c6c-2be9-50f6-83b4-13113af5aac5,relation/unit/bab-4-grup-solvabel-dan-nilpoten/governed-by/rights/ajbook-fragment-cc-by-sa-3.0,urn:uuid:2d047f0d-0114-50c1-a574-c137f8d63c73,governed-by,urn:uuid:10faf5cd-990f-5850-87b4-26922b062485,
urn:uuid:3054a870-67dc-55c3-b866-554519b795d7,relation/unit/bab-4-grup-solvabel-dan-nilpoten/governed-by/rights/noto-fonts-ofl-1.1,urn:uuid:2d047f0d-0114-50c1-a574-c137f8d63c73,governed-by,urn:uuid:b9f7a7a7-8e18-507a-b72e-b5de733a7430,
urn:uuid:225fd068-8670-5fb5-b979-be43812b4d6a,relation/unit/bab-4-grup-solvabel-dan-nilpoten/governed-by/rights/principal-cc-by-4.0,urn:uuid:2d047f0d-0114-50c1-a574-c137f8d63c73,governed-by,urn:uuid:0baf6c47-021d-5310-9475-81519e710250,
urn:uuid:d481d9e1-8750-5839-bbab-83df0c0aafc2,relation/unit/bab-4-grup-solvabel-dan-nilpoten/requires/prerequisite/basic-group-theory,urn:uuid:2d047f0d-0114-50c1-a574-c137f8d63c73,requires,urn:uuid:3f5dc8e0-0198-5016-b767-ded1b9ec3d13,prelude.tex:49-60
urn:uuid:a96ca291-c767-5011-b7eb-9be3e868c730,relation/unit/bab-4-grup-solvabel-dan-nilpoten/requires/prerequisite/basic-mathematical-literacy,urn:uuid:2d047f0d-0114-50c1-a574-c137f8d63c73,requires,urn:uuid:8fb6c957-7285-5258-978c-e1369c7e39d7,prelude.tex:49-60
urn:uuid:fde8cd20-068c-50e3-84b3-e950a9b34550,relation/unit/bab-4-grup-solvabel-dan-nilpoten/requires/prerequisite/composition-series-and-jordan-holder-theory,urn:uuid:2d047f0d-0114-50c1-a574-c137f8d63c73,requires,urn:uuid:621b0bf0-63f9-594f-bfec-cb097167d53e,prelude.tex:49-60
urn:uuid:d4aa1efc-9668-5acb-901f-c109cf8bfde0,relation/unit/bab-4-grup-solvabel-dan-nilpoten/requires/prerequisite/elementary-number-theory,urn:uuid:2d047f0d-0114-50c1-a574-c137f8d63c73,requires,urn:uuid:cae14762-1ca0-5a11-aad9-20c81d540fee,prelude.tex:49-60
urn:uuid:a5ac79ad-d01f-5678-9c1c-3a49b651d358,relation/unit/bab-4-grup-solvabel-dan-nilpoten/requires/prerequisite/elementary-set-theory,urn:uuid:2d047f0d-0114-50c1-a574-c137f8d63c73,requires,urn:uuid:00f7d0ea-1b60-51da-843f-cca760a368e4,prelude.tex:49-60
urn:uuid:db553b91-a705-5eef-82ed-c670f685e68c,relation/unit/bab-4-grup-solvabel-dan-nilpoten/requires/prerequisite/group-actions-orbits-and-stabilizers,urn:uuid:2d047f0d-0114-50c1-a574-c137f8d63c73,requires,urn:uuid:1f177bdc-5a38-5076-a2b3-11bea04551e2,prelude.tex:49-60
urn:uuid:f698bc2e-f8c5-5de5-9781-edff05d0aa7d,relation/unit/bab-4-grup-solvabel-dan-nilpoten/requires/prerequisite/group-homomorphisms-kernels-and-quotients,urn:uuid:2d047f0d-0114-50c1-a574-c137f8d63c73,requires,urn:uuid:ecd787ee-f056-5200-91e7-f98b3d80d458,prelude.tex:49-60
urn:uuid:491d4f47-722b-537a-8361-bb80b1e2d16a,relation/unit/bab-4-grup-solvabel-dan-nilpoten/section/01/cites/citation/unit-031/01-ft63,urn:uuid:84ff50e9-68a6-516e-9012-cc8eda32a1f2,cites,urn:uuid:e03b6f6e-77cd-5269-9094-dd5d58b9e89c,chapter4.tex:1033
urn:uuid:3073a24c-30f2-5898-9a7b-426040c6a0df,relation/unit/bab-4-grup-solvabel-dan-nilpoten/section/01/covers/concept/abelianization,urn:uuid:84ff50e9-68a6-516e-9012-cc8eda32a1f2,covers,urn:uuid:a44e71f9-5dab-5087-b19c-c1f598318afc,chapter4.tex:936-1107 (line 1107 blank boundary omitted from target mapping)
urn:uuid:bcfe78eb-d69f-50ed-ac41-6f1912c90324,relation/unit/bab-4-grup-solvabel-dan-nilpoten/section/01/covers/concept/canonical-commutation-relation,urn:uuid:84ff50e9-68a6-516e-9012-cc8eda32a1f2,covers,urn:uuid:700ec71f-824a-5af7-b012-3eb98f81fd83,chapter4.tex:936-1107 (line 1107 blank boundary omitted from target mapping)
urn:uuid:928a6eaa-3d3e-5790-bfc7-d3220ed7f1a6,relation/unit/bab-4-grup-solvabel-dan-nilpoten/section/01/covers/concept/commutator,urn:uuid:84ff50e9-68a6-516e-9012-cc8eda32a1f2,covers,urn:uuid:260e28fd-4156-5479-8580-b626f94cdef0,chapter4.tex:936-1107 (line 1107 blank boundary omitted from target mapping)
urn:uuid:d2c7e7ff-5cef-598c-86a7-43ebade6fcea,relation/unit/bab-4-grup-solvabel-dan-nilpoten/section/01/covers/concept/derived-series,urn:uuid:84ff50e9-68a6-516e-9012-cc8eda32a1f2,covers,urn:uuid:a8d250d8-9567-5592-927a-7e78d6779bd7,chapter4.tex:936-1107 (line 1107 blank boundary omitted from target mapping)
urn:uuid:bf5a02b0-7268-518a-a0d8-18350a632983,relation/unit/bab-4-grup-solvabel-dan-nilpoten/section/01/covers/concept/derived-subgroup,urn:uuid:84ff50e9-68a6-516e-9012-cc8eda32a1f2,covers,urn:uuid:7cec8a99-ec21-529d-a642-805091997b23,chapter4.tex:936-1107 (line 1107 blank boundary omitted from target mapping)
urn:uuid:86901feb-0392-55ed-b748-9c9940e3ac6f,relation/unit/bab-4-grup-solvabel-dan-nilpoten/section/01/covers/concept/feit-thompson-theorem,urn:uuid:84ff50e9-68a6-516e-9012-cc8eda32a1f2,covers,urn:uuid:c57c99bc-b561-5823-82b3-71e7f526368c,chapter4.tex:936-1107 (line 1107 blank boundary omitted from target mapping)
urn:uuid:8a815d1e-c484-5ee5-8bdf-4ee06602dfe5,relation/unit/bab-4-grup-solvabel-dan-nilpoten/section/01/covers/concept/finite-p-groups-nilpotent,urn:uuid:84ff50e9-68a6-516e-9012-cc8eda32a1f2,covers,urn:uuid:43bd638d-88af-5a6b-bb93-2c1425e98671,chapter4.tex:936-1107 (line 1107 blank boundary omitted from target mapping)
urn:uuid:d3dc7a77-efd7-585c-b09f-117c894ea905,relation/unit/bab-4-grup-solvabel-dan-nilpoten/section/01/covers/concept/fourier-transform,urn:uuid:84ff50e9-68a6-516e-9012-cc8eda32a1f2,covers,urn:uuid:d0c44739-c144-5dbe-b50b-665f3e5c5ec0,chapter4.tex:936-1107 (line 1107 blank boundary omitted from target mapping)
urn:uuid:ca2f630e-1507-54c3-b640-22660958324a,relation/unit/bab-4-grup-solvabel-dan-nilpoten/section/01/covers/concept/heisenberg-group,urn:uuid:84ff50e9-68a6-516e-9012-cc8eda32a1f2,covers,urn:uuid:47637e97-bc9c-5b68-a8dd-6d563200edb7,chapter4.tex:936-1107 (line 1107 blank boundary omitted from target mapping)
urn:uuid:03e3e625-aa47-5b51-b90d-028202415198,relation/unit/bab-4-grup-solvabel-dan-nilpoten/section/01/covers/concept/lower-central-series,urn:uuid:84ff50e9-68a6-516e-9012-cc8eda32a1f2,covers,urn:uuid:807e5d0d-408d-5d25-8343-1231f06e8fd3,chapter4.tex:936-1107 (line 1107 blank boundary omitted from target mapping)
urn:uuid:c7c1dc30-b361-5f2a-b194-6af04278d73e,relation/unit/bab-4-grup-solvabel-dan-nilpoten/section/01/covers/concept/nilpotent-group,urn:uuid:84ff50e9-68a6-516e-9012-cc8eda32a1f2,covers,urn:uuid:80bceea4-cb91-50fd-b671-fd840ba3079d,chapter4.tex:936-1107 (line 1107 blank boundary omitted from target mapping)
urn:uuid:e0b99a1a-e206-514c-beb5-74c5a0d737c5,relation/unit/bab-4-grup-solvabel-dan-nilpoten/section/01/covers/concept/nilpotent-implies-supersolvable,urn:uuid:84ff50e9-68a6-516e-9012-cc8eda32a1f2,covers,urn:uuid:283afe06-443e-5665-a0f7-1d830346f260,chapter4.tex:936-1107 (line 1107 blank boundary omitted from target mapping)
urn:uuid:90c5a148-23bd-5b12-bfd0-af45bf5f54a3,relation/unit/bab-4-grup-solvabel-dan-nilpoten/section/01/covers/concept/solvable-extension-criterion,urn:uuid:84ff50e9-68a6-516e-9012-cc8eda32a1f2,covers,urn:uuid:610d4996-19b2-596c-85f5-dc708f7412e4,chapter4.tex:936-1107 (line 1107 blank boundary omitted from target mapping)
urn:uuid:e0b4d8f6-3263-5be5-9cf8-13b870152207,relation/unit/bab-4-grup-solvabel-dan-nilpoten/section/01/covers/concept/solvable-group,urn:uuid:84ff50e9-68a6-516e-9012-cc8eda32a1f2,covers,urn:uuid:b90042f3-4f6c-5801-a457-bfae432bb7c4,chapter4.tex:936-1107 (line 1107 blank boundary omitted from target mapping)
urn:uuid:5dcd0554-4577-50ab-aa93-55dc0d5748e5,relation/unit/bab-4-grup-solvabel-dan-nilpoten/section/01/covers/concept/solvable-nilpotent-characterization,urn:uuid:84ff50e9-68a6-516e-9012-cc8eda32a1f2,covers,urn:uuid:f293f550-30bd-57f9-90e8-5d294805e5cb,chapter4.tex:936-1107 (line 1107 blank boundary omitted from target mapping)
urn:uuid:58d4eb47-c7a1-5fd1-8607-ecb75ac0bf65,relation/unit/bab-4-grup-solvabel-dan-nilpoten/section/01/covers/concept/supersolvable-group,urn:uuid:84ff50e9-68a6-516e-9012-cc8eda32a1f2,covers,urn:uuid:a22b8666-9597-5cf9-986b-ebc82073f0cd,chapter4.tex:936-1107 (line 1107 blank boundary omitted from target mapping)
urn:uuid:06f8bd78-6c54-5faf-af8c-a41b5f76a32a,relation/unit/bab-4-grup-solvabel-dan-nilpoten/section/01/covers/concept/symplectic-form,urn:uuid:84ff50e9-68a6-516e-9012-cc8eda32a1f2,covers,urn:uuid:6b1bcba2-4990-5630-94ee-a45b1ad31081,chapter4.tex:936-1107 (line 1107 blank boundary omitted from target mapping)
urn:uuid:29dea5ac-f752-50ea-a6e2-d577a561eb33,relation/unit/bab-4-grup-solvabel-dan-nilpoten/section/01/covers/concept/upper-central-series,urn:uuid:84ff50e9-68a6-516e-9012-cc8eda32a1f2,covers,urn:uuid:fd00384e-80ac-5184-874b-00f395ce6534,chapter4.tex:936-1107 (line 1107 blank boundary omitted from target mapping)
urn:uuid:75482a35-c84c-5f9c-98e0-1ccfa1d0a09f,relation/unit/bab-4-grup-solvabel-dan-nilpoten/section/01/covers/concept/upper-triangular-matrix-group,urn:uuid:84ff50e9-68a6-516e-9012-cc8eda32a1f2,covers,urn:uuid:1120d4d8-2601-59a7-be62-d6ba8d54a909,chapter4.tex:936-1107 (line 1107 blank boundary omitted from target mapping)
urn:uuid:fd3684da-4c83-5538-b1c7-86ba4329219d,relation/unit/bab-4-grup-solvabel-dan-nilpoten/section/01/covers/correction/o013-li-u031-cor-001,urn:uuid:84ff50e9-68a6-516e-9012-cc8eda32a1f2,covers,urn:uuid:824f5c5c-6900-50b0-bf20-b03dc5b8c26c,chapter4.tex:936-1107 (line 1107 blank boundary omitted from target mapping)
urn:uuid:140827f5-8a7c-5fa1-a6d6-6bef2cad06d2,relation/unit/bab-4-grup-solvabel-dan-nilpoten/section/01/covers/digital-reflow/o013-li-u031-reflow-001,urn:uuid:84ff50e9-68a6-516e-9012-cc8eda32a1f2,covers,urn:uuid:f1f02452-1177-5d2a-9e53-7a1bb33eaf77,chapter4.tex:936-1107 (line 1107 blank boundary omitted from target mapping)
urn:uuid:17aec51a-d98e-5b05-8116-5b88eeaae882,relation/unit/bab-4-grup-solvabel-dan-nilpoten/section/01/covers/protected-text-localization/o013-li-u031-loc-001,urn:uuid:84ff50e9-68a6-516e-9012-cc8eda32a1f2,covers,urn:uuid:2ccce9e8-f972-54e8-acb9-ffde939ee9a6,chapter4.tex:936-1107 (line 1107 blank boundary omitted from target mapping)
urn:uuid:22b1b4c3-7436-57d2-b1f6-5c775afe2348,relation/unit/bab-4-grup-solvabel-dan-nilpoten/section/01/covers/protected-text-localization/o013-li-u031-loc-002,urn:uuid:84ff50e9-68a6-516e-9012-cc8eda32a1f2,covers,urn:uuid:47cc2ad6-81f6-50c4-be87-116e95ca49da,chapter4.tex:936-1107 (line 1107 blank boundary omitted from target mapping)
urn:uuid:b751296a-4a5b-5ce0-afdd-86d5eb184663,relation/unit/bab-4-grup-solvabel-dan-nilpoten/section/01/covers/protected-text-localization/o013-li-u031-loc-003,urn:uuid:84ff50e9-68a6-516e-9012-cc8eda32a1f2,covers,urn:uuid:2669ea2c-003f-5443-b23a-cbd78842afd9,chapter4.tex:936-1107 (line 1107 blank boundary omitted from target mapping)
urn:uuid:8524aa03-43f3-54f5-8a21-9ebf153bbdfc,relation/unit/bab-4-grup-solvabel-dan-nilpoten/section/01/covers/protected-text-localization/o013-li-u031-loc-004,urn:uuid:84ff50e9-68a6-516e-9012-cc8eda32a1f2,covers,urn:uuid:6df16235-6236-534e-b08e-a44d846105be,chapter4.tex:936-1107 (line 1107 blank boundary omitted from target mapping)
urn:uuid:88295374-7ea3-5737-9fb6-a82a39ae9e3a,relation/unit/bab-4-grup-solvabel-dan-nilpoten/section/01/covers/protected-text-localization/o013-li-u031-loc-005,urn:uuid:84ff50e9-68a6-516e-9012-cc8eda32a1f2,covers,urn:uuid:166a1eba-27ef-5964-9cdf-7e891e40a601,chapter4.tex:936-1107 (line 1107 blank boundary omitted from target mapping)
urn:uuid:ac2a7d6a-8dc9-5b20-a7c5-83a8dd813eb0,relation/unit/bab-4-grup-solvabel-dan-nilpoten/section/01/covers/protected-text-localization/o013-li-u031-loc-006,urn:uuid:84ff50e9-68a6-516e-9012-cc8eda32a1f2,covers,urn:uuid:e304581f-f247-5678-a99e-75b3d97ea9f0,chapter4.tex:936-1107 (line 1107 blank boundary omitted from target mapping)
urn:uuid:aeab7e65-4803-5cae-9808-47c8d6eff7cd,relation/unit/bab-4-grup-solvabel-dan-nilpoten/section/01/covers/protected-text-localization/o013-li-u031-loc-007,urn:uuid:84ff50e9-68a6-516e-9012-cc8eda32a1f2,covers,urn:uuid:015512d0-9fbf-59ac-b08c-d69521d53d14,chapter4.tex:936-1107 (line 1107 blank boundary omitted from target mapping)
urn:uuid:452170bd-71bd-57d9-b889-b30591e2ae7b,relation/unit/bab-4-grup-solvabel-dan-nilpoten/section/01/covers/protected-text-localization/o013-li-u031-loc-008,urn:uuid:84ff50e9-68a6-516e-9012-cc8eda32a1f2,covers,urn:uuid:1c0763b7-2d09-5461-86af-a79540aac020,chapter4.tex:936-1107 (line 1107 blank boundary omitted from target mapping)
urn:uuid:cf478462-6813-5685-bc57-9910c0fff6cc,relation/unit/bab-4-grup-solvabel-dan-nilpoten/section/01/covers/provenance/o013-li-u031-production,urn:uuid:84ff50e9-68a6-516e-9012-cc8eda32a1f2,covers,urn:uuid:adbabb80-8322-5f30-8c08-5b0d7b0d7beb,chapter4.tex:936-1107 (line 1107 blank boundary omitted from target mapping)
urn:uuid:f3d323bd-46a7-505d-ae93-60b2226124bb,relation/unit/bab-4-grup-solvabel-dan-nilpoten/section/01/covers/surface/unit-031/diagram-arrow/001,urn:uuid:84ff50e9-68a6-516e-9012-cc8eda32a1f2,covers,urn:uuid:99b2b769-500e-5788-8dff-2a03fc913552,chapter4.tex:936-1107 (line 1107 blank boundary omitted from target mapping)
urn:uuid:92bcd8c9-7bfa-5641-9a52-7e7540e96720,relation/unit/bab-4-grup-solvabel-dan-nilpoten/section/01/covers/surface/unit-031/diagram-arrow/002,urn:uuid:84ff50e9-68a6-516e-9012-cc8eda32a1f2,covers,urn:uuid:c995e54f-c92f-5152-9341-f5c15d3d5405,chapter4.tex:936-1107 (line 1107 blank boundary omitted from target mapping)
urn:uuid:b616fef3-a817-58d9-84c3-af3114b0d492,relation/unit/bab-4-grup-solvabel-dan-nilpoten/section/01/covers/surface/unit-031/diagram-arrow/003,urn:uuid:84ff50e9-68a6-516e-9012-cc8eda32a1f2,covers,urn:uuid:9d3eca4a-f30f-5ad7-b291-58a0fbac5c9c,chapter4.tex:936-1107 (line 1107 blank boundary omitted from target mapping)
urn:uuid:bec64289-acdf-5c2e-8b2b-8cac1d71596d,relation/unit/bab-4-grup-solvabel-dan-nilpoten/section/01/covers/surface/unit-031/drawing-command/001-node,urn:uuid:84ff50e9-68a6-516e-9012-cc8eda32a1f2,covers,urn:uuid:e4a24968-f603-5245-94d1-16eb52011c89,chapter4.tex:936-1107 (line 1107 blank boundary omitted from target mapping)
urn:uuid:5d20e12a-0300-58b5-b375-d42566eaa656,relation/unit/bab-4-grup-solvabel-dan-nilpoten/section/01/covers/surface/unit-031/drawing-command/002-node,urn:uuid:84ff50e9-68a6-516e-9012-cc8eda32a1f2,covers,urn:uuid:5d380886-54df-562b-bf31-8d77fc476355,chapter4.tex:936-1107 (line 1107 blank boundary omitted from target mapping)
urn:uuid:279aec11-f4e2-5d1c-864a-036481fdded5,relation/unit/bab-4-grup-solvabel-dan-nilpoten/section/01/covers/surface/unit-031/environment/001-definition-01,urn:uuid:84ff50e9-68a6-516e-9012-cc8eda32a1f2,covers,urn:uuid:a1298684-0e7a-5d67-9d20-349b324068ae,chapter4.tex:936-1107 (line 1107 blank boundary omitted from target mapping)
urn:uuid:ef03629f-bfcd-5fb9-afdc-e2e055cb6ea8,relation/unit/bab-4-grup-solvabel-dan-nilpoten/section/01/covers/surface/unit-031/environment/002-enumerate-01,urn:uuid:84ff50e9-68a6-516e-9012-cc8eda32a1f2,covers,urn:uuid:1760296d-86b7-517a-949e-dd28c91ca8fd,chapter4.tex:936-1107 (line 1107 blank boundary omitted from target mapping)
urn:uuid:345590cd-02ba-5346-a6b7-4f9697587a91,relation/unit/bab-4-grup-solvabel-dan-nilpoten/section/01/covers/surface/unit-031/environment/003-definition-02,urn:uuid:84ff50e9-68a6-516e-9012-cc8eda32a1f2,covers,urn:uuid:e96f9fd6-6167-53b3-8c9f-675ade5de650,chapter4.tex:936-1107 (line 1107 blank boundary omitted from target mapping)
urn:uuid:da34974b-da8b-56bc-a1dc-4809e4e6a0ff,relation/unit/bab-4-grup-solvabel-dan-nilpoten/section/01/covers/surface/unit-031/environment/004-itemize-01,urn:uuid:84ff50e9-68a6-516e-9012-cc8eda32a1f2,covers,urn:uuid:84c4eae5-0c3a-5067-812b-96bc7beb8712,chapter4.tex:936-1107 (line 1107 blank boundary omitted from target mapping)
urn:uuid:94ea23ca-ff6a-5bec-a88c-5e0577194048,relation/unit/bab-4-grup-solvabel-dan-nilpoten/section/01/covers/surface/unit-031/environment/005-tikzpicture-01,urn:uuid:84ff50e9-68a6-516e-9012-cc8eda32a1f2,covers,urn:uuid:6778a1b0-bcdd-56ef-8b79-79b6690d6232,chapter4.tex:936-1107 (line 1107 blank boundary omitted from target mapping)
urn:uuid:a1e36ae2-5e2c-5641-a783-989ade079643,relation/unit/bab-4-grup-solvabel-dan-nilpoten/section/01/covers/surface/unit-031/environment/006-tikzpicture-02,urn:uuid:84ff50e9-68a6-516e-9012-cc8eda32a1f2,covers,urn:uuid:cfc3d3b6-fc7f-52d5-80f5-17d3a0f13d59,chapter4.tex:936-1107 (line 1107 blank boundary omitted from target mapping)
urn:uuid:9135a64d-99ec-5961-8751-56a85b389c36,relation/unit/bab-4-grup-solvabel-dan-nilpoten/section/01/covers/surface/unit-031/environment/007-compactitem-01,urn:uuid:84ff50e9-68a6-516e-9012-cc8eda32a1f2,covers,urn:uuid:c98084a2-32f7-59e6-87c9-1bcf0b79de9c,chapter4.tex:936-1107 (line 1107 blank boundary omitted from target mapping)
urn:uuid:1cfdadb1-7d28-5b1c-b888-ecf9c31a223b,relation/unit/bab-4-grup-solvabel-dan-nilpoten/section/01/covers/surface/unit-031/environment/008-lemma-01,urn:uuid:84ff50e9-68a6-516e-9012-cc8eda32a1f2,covers,urn:uuid:8fc43dc8-6472-5c3b-9718-cbfad16431c9,chapter4.tex:936-1107 (line 1107 blank boundary omitted from target mapping)
urn:uuid:af8303d8-8a06-565e-bf18-9b2d918fa7b5,relation/unit/bab-4-grup-solvabel-dan-nilpoten/section/01/covers/surface/unit-031/environment/009-tikzcd-01,urn:uuid:84ff50e9-68a6-516e-9012-cc8eda32a1f2,covers,urn:uuid:2cb7e008-2103-5675-ba67-50c4723bb646,chapter4.tex:936-1107 (line 1107 blank boundary omitted from target mapping)
urn:uuid:c28850a4-3189-5e2d-87e0-2e6d4c6303f5,relation/unit/bab-4-grup-solvabel-dan-nilpoten/section/01/covers/surface/unit-031/environment/010-proof-01,urn:uuid:84ff50e9-68a6-516e-9012-cc8eda32a1f2,covers,urn:uuid:c845cbda-3811-5cb2-bc73-5c6bd7f4ceac,chapter4.tex:936-1107 (line 1107 blank boundary omitted from target mapping)
urn:uuid:4189380a-1d20-5f98-989e-4e5f2d4ddbd6,relation/unit/bab-4-grup-solvabel-dan-nilpoten/section/01/covers/surface/unit-031/environment/011-lemma-02,urn:uuid:84ff50e9-68a6-516e-9012-cc8eda32a1f2,covers,urn:uuid:274ee0b4-d387-5535-bd02-f7920bf0b035,chapter4.tex:936-1107 (line 1107 blank boundary omitted from target mapping)
urn:uuid:3c118d4e-c23f-5576-83aa-557f4c28e187,relation/unit/bab-4-grup-solvabel-dan-nilpoten/section/01/covers/surface/unit-031/environment/012-compactenum-01,urn:uuid:84ff50e9-68a6-516e-9012-cc8eda32a1f2,covers,urn:uuid:f722403e-5d37-5486-9dd4-95d6f4f69bd4,chapter4.tex:936-1107 (line 1107 blank boundary omitted from target mapping)
urn:uuid:3ae929c9-531d-503e-b79f-69f16a2ae463,relation/unit/bab-4-grup-solvabel-dan-nilpoten/section/01/covers/surface/unit-031/environment/013-proof-02,urn:uuid:84ff50e9-68a6-516e-9012-cc8eda32a1f2,covers,urn:uuid:456058e7-ed2c-5b3c-b483-5f279bab26b5,chapter4.tex:936-1107 (line 1107 blank boundary omitted from target mapping)
urn:uuid:1b5088b7-8914-547e-93cd-fbcf3caf6937,relation/unit/bab-4-grup-solvabel-dan-nilpoten/section/01/covers/surface/unit-031/environment/014-remark-01,urn:uuid:84ff50e9-68a6-516e-9012-cc8eda32a1f2,covers,urn:uuid:757c3803-8231-5a10-8882-58441239ce08,chapter4.tex:936-1107 (line 1107 blank boundary omitted from target mapping)
urn:uuid:e22f8bf7-6d9a-5d2c-bf27-481225ceb3cd,relation/unit/bab-4-grup-solvabel-dan-nilpoten/section/01/covers/surface/unit-031/environment/015-lemma-03,urn:uuid:84ff50e9-68a6-516e-9012-cc8eda32a1f2,covers,urn:uuid:8458d59b-5052-5cc0-9b01-14ebff1f07ec,chapter4.tex:936-1107 (line 1107 blank boundary omitted from target mapping)
urn:uuid:9f6eeb65-f853-5125-96bb-8e2756793c23,relation/unit/bab-4-grup-solvabel-dan-nilpoten/section/01/covers/surface/unit-031/environment/016-compactitem-02,urn:uuid:84ff50e9-68a6-516e-9012-cc8eda32a1f2,covers,urn:uuid:491ab4eb-d351-5591-a531-4e58fdca076d,chapter4.tex:936-1107 (line 1107 blank boundary omitted from target mapping)
urn:uuid:d48710a6-8c60-5734-a717-4eee34eae38b,relation/unit/bab-4-grup-solvabel-dan-nilpoten/section/01/covers/surface/unit-031/environment/017-proof-03,urn:uuid:84ff50e9-68a6-516e-9012-cc8eda32a1f2,covers,urn:uuid:90fb8f5c-e990-5834-9b27-1ffa91deaaa2,chapter4.tex:936-1107 (line 1107 blank boundary omitted from target mapping)
urn:uuid:77c19b68-7629-54bb-8dd4-68a5f5a04bc6,relation/unit/bab-4-grup-solvabel-dan-nilpoten/section/01/covers/surface/unit-031/environment/018-lemma-04,urn:uuid:84ff50e9-68a6-516e-9012-cc8eda32a1f2,covers,urn:uuid:f1e9267e-b7f4-55d7-9368-2ca57e5d8e00,chapter4.tex:936-1107 (line 1107 blank boundary omitted from target mapping)
urn:uuid:3038e1af-e716-5523-9fad-247ff05c87a7,relation/unit/bab-4-grup-solvabel-dan-nilpoten/section/01/covers/surface/unit-031/environment/019-proof-04,urn:uuid:84ff50e9-68a6-516e-9012-cc8eda32a1f2,covers,urn:uuid:9f63ff73-dcea-52f7-b84d-3105b6473fb8,chapter4.tex:936-1107 (line 1107 blank boundary omitted from target mapping)
urn:uuid:5082c3fb-1044-5895-be2d-1f3e21bd8a82,relation/unit/bab-4-grup-solvabel-dan-nilpoten/section/01/covers/surface/unit-031/environment/020-example-01,urn:uuid:84ff50e9-68a6-516e-9012-cc8eda32a1f2,covers,urn:uuid:47eb013f-4443-51f7-9f1c-e1cfe7a6370b,chapter4.tex:936-1107 (line 1107 blank boundary omitted from target mapping)
urn:uuid:8e1464d8-113e-54e4-8216-e49360fc20f8,relation/unit/bab-4-grup-solvabel-dan-nilpoten/section/01/covers/surface/unit-031/environment/021-pmatrix-01,urn:uuid:84ff50e9-68a6-516e-9012-cc8eda32a1f2,covers,urn:uuid:d4e0bdef-67ec-590c-abad-171c72a0286e,chapter4.tex:936-1107 (line 1107 blank boundary omitted from target mapping)
urn:uuid:9c16076c-4357-50dc-afc5-8af2ab60a121,relation/unit/bab-4-grup-solvabel-dan-nilpoten/section/01/covers/surface/unit-031/environment/022-pmatrix-02,urn:uuid:84ff50e9-68a6-516e-9012-cc8eda32a1f2,covers,urn:uuid:8a610b13-930a-5342-979c-9f1997ba9203,chapter4.tex:936-1107 (line 1107 blank boundary omitted from target mapping)
urn:uuid:f846ad2f-212b-511e-b727-0c9e281270fa,relation/unit/bab-4-grup-solvabel-dan-nilpoten/section/01/covers/surface/unit-031/environment/023-equation-01,urn:uuid:84ff50e9-68a6-516e-9012-cc8eda32a1f2,covers,urn:uuid:7c6b7047-eec7-5011-a7ee-6112f3c1c02a,chapter4.tex:936-1107 (line 1107 blank boundary omitted from target mapping)
urn:uuid:9db740b5-dbbb-5a77-a6b9-aa2624d07299,relation/unit/bab-4-grup-solvabel-dan-nilpoten/section/01/covers/surface/unit-031/environment/024-multline-01,urn:uuid:84ff50e9-68a6-516e-9012-cc8eda32a1f2,covers,urn:uuid:9b3c79e2-b21f-555b-9d6d-d92b727cdfb9,chapter4.tex:936-1107 (line 1107 blank boundary omitted from target mapping)
urn:uuid:b47dbcb3-d702-5fb8-9c9f-fe074b8f4b5b,relation/unit/bab-4-grup-solvabel-dan-nilpoten/section/01/covers/surface/unit-031/environment/025-align-01,urn:uuid:84ff50e9-68a6-516e-9012-cc8eda32a1f2,covers,urn:uuid:460bfb33-91b3-5e19-ab89-5f8aa89cdb7d,chapter4.tex:936-1107 (line 1107 blank boundary omitted from target mapping)
urn:uuid:9755fc3b-1dac-5d2d-a8ad-0e7ddda13da8,relation/unit/bab-4-grup-solvabel-dan-nilpoten/section/01/covers/surface/unit-031/environment/026-proposition-01,urn:uuid:84ff50e9-68a6-516e-9012-cc8eda32a1f2,covers,urn:uuid:a484bfe9-f5d0-5489-a727-20cc7f0cf974,chapter4.tex:936-1107 (line 1107 blank boundary omitted from target mapping)
urn:uuid:d73ee7b2-47a9-5fd1-80f8-ec913d3db77f,relation/unit/bab-4-grup-solvabel-dan-nilpoten/section/01/covers/surface/unit-031/environment/027-proof-05,urn:uuid:84ff50e9-68a6-516e-9012-cc8eda32a1f2,covers,urn:uuid:f264db91-080c-561e-97e2-2770c7ca7eca,chapter4.tex:936-1107 (line 1107 blank boundary omitted from target mapping)
urn:uuid:18f221da-beb5-53b1-b0b2-392034966eb7,relation/unit/bab-4-grup-solvabel-dan-nilpoten/section/01/covers/surface/unit-031/environment/028-example-02,urn:uuid:84ff50e9-68a6-516e-9012-cc8eda32a1f2,covers,urn:uuid:83651c21-fbe4-577c-ba5b-bf481b899f2c,chapter4.tex:936-1107 (line 1107 blank boundary omitted from target mapping)
urn:uuid:1e76906d-82b5-5bf9-9304-863f10ff6d59,relation/unit/bab-4-grup-solvabel-dan-nilpoten/section/01/covers/surface/unit-031/environment/029-align-02,urn:uuid:84ff50e9-68a6-516e-9012-cc8eda32a1f2,covers,urn:uuid:bbcda010-0c7c-5125-956f-d6973a3b5f82,chapter4.tex:936-1107 (line 1107 blank boundary omitted from target mapping)
urn:uuid:8cc9e9bc-0d9c-54fd-8518-32dd1a9805e2,relation/unit/bab-4-grup-solvabel-dan-nilpoten/section/01/covers/surface/unit-031/environment/030-gather-01,urn:uuid:84ff50e9-68a6-516e-9012-cc8eda32a1f2,covers,urn:uuid:75304376-ce1f-57ea-b671-6d2acadaeeba,chapter4.tex:936-1107 (line 1107 blank boundary omitted from target mapping)
urn:uuid:4b0c2c67-bcbe-56a9-a0f3-3ce1436a8d38,relation/unit/bab-4-grup-solvabel-dan-nilpoten/section/01/covers/surface/unit-031/environment/031-cases-01,urn:uuid:84ff50e9-68a6-516e-9012-cc8eda32a1f2,covers,urn:uuid:238d54a5-3097-51ce-8afe-fa3ac5d143a0,chapter4.tex:936-1107 (line 1107 blank boundary omitted from target mapping)
urn:uuid:16d7b26a-aea3-56d8-b38e-119fe4070863,relation/unit/bab-4-grup-solvabel-dan-nilpoten/section/01/covers/surface/unit-031/item/001,urn:uuid:84ff50e9-68a6-516e-9012-cc8eda32a1f2,covers,urn:uuid:d504fe21-4860-59ce-b88b-36a6a8051cac,chapter4.tex:936-1107 (line 1107 blank boundary omitted from target mapping)
urn:uuid:c439be0a-1e78-5c5c-9e24-594682d39a39,relation/unit/bab-4-grup-solvabel-dan-nilpoten/section/01/covers/surface/unit-031/item/002,urn:uuid:84ff50e9-68a6-516e-9012-cc8eda32a1f2,covers,urn:uuid:f0dcb12f-0e73-5956-a644-1db2a12e901a,chapter4.tex:936-1107 (line 1107 blank boundary omitted from target mapping)
urn:uuid:0516a644-94fe-5147-86c0-a6cfc9481431,relation/unit/bab-4-grup-solvabel-dan-nilpoten/section/01/covers/surface/unit-031/item/003,urn:uuid:84ff50e9-68a6-516e-9012-cc8eda32a1f2,covers,urn:uuid:91b5fbf8-f2e3-59f1-8753-b47923e374fa,chapter4.tex:936-1107 (line 1107 blank boundary omitted from target mapping)
urn:uuid:02115c84-f8eb-5536-8ae2-b2fe75ee3722,relation/unit/bab-4-grup-solvabel-dan-nilpoten/section/01/covers/surface/unit-031/item/004,urn:uuid:84ff50e9-68a6-516e-9012-cc8eda32a1f2,covers,urn:uuid:c4e0ef0b-97b0-55c5-a0f5-f10734314021,chapter4.tex:936-1107 (line 1107 blank boundary omitted from target mapping)
urn:uuid:e78913ae-782c-56b0-976d-e3689fe722cf,relation/unit/bab-4-grup-solvabel-dan-nilpoten/section/01/covers/surface/unit-031/item/005,urn:uuid:84ff50e9-68a6-516e-9012-cc8eda32a1f2,covers,urn:uuid:280caaf3-e528-5a08-b370-c21b7932c0e1,chapter4.tex:936-1107 (line 1107 blank boundary omitted from target mapping)
urn:uuid:2892d738-1ee6-5631-873c-a69bafce98c5,relation/unit/bab-4-grup-solvabel-dan-nilpoten/section/01/covers/surface/unit-031/item/006,urn:uuid:84ff50e9-68a6-516e-9012-cc8eda32a1f2,covers,urn:uuid:1b780d5c-42f0-51c2-95da-4dafbaab780d,chapter4.tex:936-1107 (line 1107 blank boundary omitted from target mapping)
urn:uuid:4fa19dbe-1c6b-55c8-9631-f8d0c1e7e53d,relation/unit/bab-4-grup-solvabel-dan-nilpoten/section/01/covers/surface/unit-031/item/007,urn:uuid:84ff50e9-68a6-516e-9012-cc8eda32a1f2,covers,urn:uuid:d184a012-90ef-5b10-9be8-6f740356be7e,chapter4.tex:936-1107 (line 1107 blank boundary omitted from target mapping)
urn:uuid:4f14c6a8-714c-5d84-85eb-268fed004382,relation/unit/bab-4-grup-solvabel-dan-nilpoten/section/01/covers/surface/unit-031/item/008,urn:uuid:84ff50e9-68a6-516e-9012-cc8eda32a1f2,covers,urn:uuid:a8804fdc-c018-5bae-9109-17d0932ab600,chapter4.tex:936-1107 (line 1107 blank boundary omitted from target mapping)
urn:uuid:8c15afc7-008c-5922-a88a-4894ca02e634,relation/unit/bab-4-grup-solvabel-dan-nilpoten/section/01/covers/surface/unit-031/item/009,urn:uuid:84ff50e9-68a6-516e-9012-cc8eda32a1f2,covers,urn:uuid:78771df7-0eed-5d8a-aab1-86b198c52ab3,chapter4.tex:936-1107 (line 1107 blank boundary omitted from target mapping)
urn:uuid:28ab01d9-8d2f-5182-8717-039855216e91,relation/unit/bab-4-grup-solvabel-dan-nilpoten/section/01/covers/surface/unit-031/item/010,urn:uuid:84ff50e9-68a6-516e-9012-cc8eda32a1f2,covers,urn:uuid:41590282-7954-5e85-8c71-8352c5f68181,chapter4.tex:936-1107 (line 1107 blank boundary omitted from target mapping)
urn:uuid:336c406b-5baf-550d-bf1b-53a0ff022579,relation/unit/bab-4-grup-solvabel-dan-nilpoten/section/01/covers/surface/unit-031/item/011,urn:uuid:84ff50e9-68a6-516e-9012-cc8eda32a1f2,covers,urn:uuid:0dddda66-6e7d-5578-9d76-a2262a1e98b5,chapter4.tex:936-1107 (line 1107 blank boundary omitted from target mapping)
urn:uuid:46d794c4-bacc-5e69-8bfd-87843e790c49,relation/unit/bab-4-grup-solvabel-dan-nilpoten/section/01/covers/surface/unit-031/item/012,urn:uuid:84ff50e9-68a6-516e-9012-cc8eda32a1f2,covers,urn:uuid:dd248bee-c003-537d-bf58-3c39d1821ef4,chapter4.tex:936-1107 (line 1107 blank boundary omitted from target mapping)
urn:uuid:5b9e0742-f316-5602-8709-dbbe71a59f41,relation/unit/bab-4-grup-solvabel-dan-nilpoten/section/01/covers/surface/unit-031/item/013,urn:uuid:84ff50e9-68a6-516e-9012-cc8eda32a1f2,covers,urn:uuid:ca2baf11-a2b3-59bf-a0b9-e1187e70551f,chapter4.tex:936-1107 (line 1107 blank boundary omitted from target mapping)
urn:uuid:eb029665-6ec0-5e3c-a9ec-48bdf55a3568,relation/unit/bab-4-grup-solvabel-dan-nilpoten/section/01/covers/surface/unit-031/item/014,urn:uuid:84ff50e9-68a6-516e-9012-cc8eda32a1f2,covers,urn:uuid:6cf027b8-f588-59a6-9f8d-a2df5bf9a3a1,chapter4.tex:936-1107 (line 1107 blank boundary omitted from target mapping)
urn:uuid:fd26d633-c4ce-51ab-a335-403fec006617,relation/unit/bab-4-grup-solvabel-dan-nilpoten/section/01/covers/surface/unit-031/label/001,urn:uuid:84ff50e9-68a6-516e-9012-cc8eda32a1f2,covers,urn:uuid:856b34e5-0cd9-56f4-b9c6-c5bb03093237,chapter4.tex:936-1107 (line 1107 blank boundary omitted from target mapping)
urn:uuid:bdd1215d-a2ab-5539-abbb-fea864a2bef8,relation/unit/bab-4-grup-solvabel-dan-nilpoten/section/01/covers/surface/unit-031/label/002,urn:uuid:84ff50e9-68a6-516e-9012-cc8eda32a1f2,covers,urn:uuid:5af4485f-0925-54ad-8928-05b930b01b02,chapter4.tex:936-1107 (line 1107 blank boundary omitted from target mapping)
urn:uuid:63b448f3-5d58-5978-a631-fc1b82f8eff1,relation/unit/bab-4-grup-solvabel-dan-nilpoten/section/01/covers/surface/unit-031/label/003,urn:uuid:84ff50e9-68a6-516e-9012-cc8eda32a1f2,covers,urn:uuid:fa1f2d37-c52e-5ad6-a4b1-b448772dde04,chapter4.tex:936-1107 (line 1107 blank boundary omitted from target mapping)
urn:uuid:c2115570-5d74-59b2-9c4a-455345dc6cfd,relation/unit/bab-4-grup-solvabel-dan-nilpoten/section/01/covers/surface/unit-031/label/004,urn:uuid:84ff50e9-68a6-516e-9012-cc8eda32a1f2,covers,urn:uuid:71d1f2e3-1b75-5ef0-a0c5-5c1db72ab81e,chapter4.tex:936-1107 (line 1107 blank boundary omitted from target mapping)
urn:uuid:c945f4ad-c581-56c3-af43-bc0bc6359baf,relation/unit/bab-4-grup-solvabel-dan-nilpoten/section/01/covers/surface/unit-031/label/005,urn:uuid:84ff50e9-68a6-516e-9012-cc8eda32a1f2,covers,urn:uuid:322cbc58-934f-56e8-978f-beba9580f6f5,chapter4.tex:936-1107 (line 1107 blank boundary omitted from target mapping)
urn:uuid:ee575727-aa83-5202-a690-b4c6c524842d,relation/unit/bab-4-grup-solvabel-dan-nilpoten/section/01/covers/surface/unit-031/label/006,urn:uuid:84ff50e9-68a6-516e-9012-cc8eda32a1f2,covers,urn:uuid:baf80fe6-235a-56fd-82dd-01456ea4c13f,chapter4.tex:936-1107 (line 1107 blank boundary omitted from target mapping)
urn:uuid:20383f86-0cc3-570f-91e8-81509782051a,relation/unit/bab-4-grup-solvabel-dan-nilpoten/section/01/covers/surface/unit-031/protected-math-zone/001-inline,urn:uuid:84ff50e9-68a6-516e-9012-cc8eda32a1f2,covers,urn:uuid:e83cc31f-de6d-5015-a3c7-950a16696790,chapter4.tex:936-1107 (line 1107 blank boundary omitted from target mapping)
urn:uuid:5cdddc41-6261-58f1-a50c-ab74e600cdf6,relation/unit/bab-4-grup-solvabel-dan-nilpoten/section/01/covers/surface/unit-031/protected-math-zone/002-inline,urn:uuid:84ff50e9-68a6-516e-9012-cc8eda32a1f2,covers,urn:uuid:dae7d4d6-1166-529a-90ef-9db99768c5e4,chapter4.tex:936-1107 (line 1107 blank boundary omitted from target mapping)
urn:uuid:12df46c2-6bca-5cdb-b847-fd211fc851ab,relation/unit/bab-4-grup-solvabel-dan-nilpoten/section/01/covers/surface/unit-031/protected-math-zone/003-inline,urn:uuid:84ff50e9-68a6-516e-9012-cc8eda32a1f2,covers,urn:uuid:fb555236-f514-5a09-bd24-72b0141b4e5a,chapter4.tex:936-1107 (line 1107 blank boundary omitted from target mapping)
urn:uuid:75c51fe4-338c-53d2-b786-115ce4eb9427,relation/unit/bab-4-grup-solvabel-dan-nilpoten/section/01/covers/surface/unit-031/protected-math-zone/004-inline,urn:uuid:84ff50e9-68a6-516e-9012-cc8eda32a1f2,covers,urn:uuid:98d9153a-c09c-5849-bddf-6723569cbea2,chapter4.tex:936-1107 (line 1107 blank boundary omitted from target mapping)
urn:uuid:940ca407-8fb2-5e63-aa71-fa32dc9e9bab,relation/unit/bab-4-grup-solvabel-dan-nilpoten/section/01/covers/surface/unit-031/protected-math-zone/005-inline,urn:uuid:84ff50e9-68a6-516e-9012-cc8eda32a1f2,covers,urn:uuid:dc72b10a-fe17-5b39-843d-fc32d6821b75,chapter4.tex:936-1107 (line 1107 blank boundary omitted from target mapping)
urn:uuid:521a6a4d-5012-5ef7-a5c6-8ffdf49e7810,relation/unit/bab-4-grup-solvabel-dan-nilpoten/section/01/covers/surface/unit-031/protected-math-zone/006-inline,urn:uuid:84ff50e9-68a6-516e-9012-cc8eda32a1f2,covers,urn:uuid:cd5fe8ab-3ea3-5c70-86b5-19f560f0113d,chapter4.tex:936-1107 (line 1107 blank boundary omitted from target mapping)
urn:uuid:29115145-f0ce-5fcd-86e0-8181cb708df8,relation/unit/bab-4-grup-solvabel-dan-nilpoten/section/01/covers/surface/unit-031/protected-math-zone/007-inline,urn:uuid:84ff50e9-68a6-516e-9012-cc8eda32a1f2,covers,urn:uuid:e5c7aa89-e419-5239-bbb9-d99c44c0fb8a,chapter4.tex:936-1107 (line 1107 blank boundary omitted from target mapping)
urn:uuid:ba8adbe2-fcb1-56e1-9827-25b1032153a5,relation/unit/bab-4-grup-solvabel-dan-nilpoten/section/01/covers/surface/unit-031/protected-math-zone/008-inline,urn:uuid:84ff50e9-68a6-516e-9012-cc8eda32a1f2,covers,urn:uuid:bbad048d-e070-59ff-a907-a4bb5e694a73,chapter4.tex:936-1107 (line 1107 blank boundary omitted from target mapping)
urn:uuid:e9162695-1fdd-56f5-bd9a-dcbefe01e5f6,relation/unit/bab-4-grup-solvabel-dan-nilpoten/section/01/covers/surface/unit-031/protected-math-zone/009-display-bracket,urn:uuid:84ff50e9-68a6-516e-9012-cc8eda32a1f2,covers,urn:uuid:6baeadf8-2937-5f4f-9248-fc30b3a73d53,chapter4.tex:936-1107 (line 1107 blank boundary omitted from target mapping)
urn:uuid:52ee792a-3edb-58b1-ad7e-1a1192e01ad3,relation/unit/bab-4-grup-solvabel-dan-nilpoten/section/01/covers/surface/unit-031/protected-math-zone/010-inline,urn:uuid:84ff50e9-68a6-516e-9012-cc8eda32a1f2,covers,urn:uuid:72b17a68-1c17-5f9a-8822-0a543177bc69,chapter4.tex:936-1107 (line 1107 blank boundary omitted from target mapping)
urn:uuid:9a0673de-4097-5384-b85e-b1f679560665,relation/unit/bab-4-grup-solvabel-dan-nilpoten/section/01/covers/surface/unit-031/protected-math-zone/011-inline,urn:uuid:84ff50e9-68a6-516e-9012-cc8eda32a1f2,covers,urn:uuid:2e136347-2602-5d3b-9135-ba20336fdd4f,chapter4.tex:936-1107 (line 1107 blank boundary omitted from target mapping)
urn:uuid:ee2fbbfb-9641-5785-a61b-dfaa3593b77d,relation/unit/bab-4-grup-solvabel-dan-nilpoten/section/01/covers/surface/unit-031/protected-math-zone/012-inline,urn:uuid:84ff50e9-68a6-516e-9012-cc8eda32a1f2,covers,urn:uuid:7178e512-0d09-5b87-8c1a-376d72d6fb01,chapter4.tex:936-1107 (line 1107 blank boundary omitted from target mapping)
urn:uuid:64e24138-ec7e-512a-bf5b-318455a86d6b,relation/unit/bab-4-grup-solvabel-dan-nilpoten/section/01/covers/surface/unit-031/protected-math-zone/013-inline,urn:uuid:84ff50e9-68a6-516e-9012-cc8eda32a1f2,covers,urn:uuid:96125b14-374b-51b0-befa-efaf3ff690a6,chapter4.tex:936-1107 (line 1107 blank boundary omitted from target mapping)
urn:uuid:185b4734-6b79-593d-8590-3937de4e7751,relation/unit/bab-4-grup-solvabel-dan-nilpoten/section/01/covers/surface/unit-031/protected-math-zone/014-display-environment,urn:uuid:84ff50e9-68a6-516e-9012-cc8eda32a1f2,covers,urn:uuid:e2085ff8-bc1b-5785-8e40-fa02316288f6,chapter4.tex:936-1107 (line 1107 blank boundary omitted from target mapping)
urn:uuid:56ac3833-7eac-5d91-a0d1-665823c706ad,relation/unit/bab-4-grup-solvabel-dan-nilpoten/section/01/covers/surface/unit-031/protected-math-zone/015-inline,urn:uuid:84ff50e9-68a6-516e-9012-cc8eda32a1f2,covers,urn:uuid:6ccb94a0-c4b9-5176-b016-b5a520c59e62,chapter4.tex:936-1107 (line 1107 blank boundary omitted from target mapping)
urn:uuid:ba911654-51b0-5521-8c95-c8a0d4280d55,relation/unit/bab-4-grup-solvabel-dan-nilpoten/section/01/covers/surface/unit-031/protected-math-zone/016-display-environment,urn:uuid:84ff50e9-68a6-516e-9012-cc8eda32a1f2,covers,urn:uuid:3f45b644-9115-5ea5-b602-a631d1f252de,chapter4.tex:936-1107 (line 1107 blank boundary omitted from target mapping)
urn:uuid:e48c574d-d08d-5e1f-a7ec-1ac9b0145342,relation/unit/bab-4-grup-solvabel-dan-nilpoten/section/01/covers/surface/unit-031/protected-math-zone/017-inline,urn:uuid:84ff50e9-68a6-516e-9012-cc8eda32a1f2,covers,urn:uuid:37d0e563-bd19-598d-8c25-e52588519177,chapter4.tex:936-1107 (line 1107 blank boundary omitted from target mapping)
urn:uuid:83e08cfb-83b0-5472-89c5-cde81a08cbe6,relation/unit/bab-4-grup-solvabel-dan-nilpoten/section/01/covers/surface/unit-031/protected-math-zone/018-inline,urn:uuid:84ff50e9-68a6-516e-9012-cc8eda32a1f2,covers,urn:uuid:39750c7e-d612-5219-a10c-345819af57e7,chapter4.tex:936-1107 (line 1107 blank boundary omitted from target mapping)
urn:uuid:277dff10-6d8b-5f6b-b141-b264203b6fd2,relation/unit/bab-4-grup-solvabel-dan-nilpoten/section/01/covers/surface/unit-031/protected-math-zone/019-inline,urn:uuid:84ff50e9-68a6-516e-9012-cc8eda32a1f2,covers,urn:uuid:6472e792-ff2f-53ca-8e90-91c438d09efb,chapter4.tex:936-1107 (line 1107 blank boundary omitted from target mapping)
urn:uuid:89d63758-fa5d-5fd4-9457-119a993a105b,relation/unit/bab-4-grup-solvabel-dan-nilpoten/section/01/covers/surface/unit-031/protected-math-zone/020-inline,urn:uuid:84ff50e9-68a6-516e-9012-cc8eda32a1f2,covers,urn:uuid:4e18cc57-61ab-5712-919b-f1e620f0e818,chapter4.tex:936-1107 (line 1107 blank boundary omitted from target mapping)
urn:uuid:bfe7f91a-ae95-567a-8072-845c192ed43d,relation/unit/bab-4-grup-solvabel-dan-nilpoten/section/01/covers/surface/unit-031/protected-math-zone/021-inline,urn:uuid:84ff50e9-68a6-516e-9012-cc8eda32a1f2,covers,urn:uuid:99456b5a-c5ab-505b-92c8-03143fca16ab,chapter4.tex:936-1107 (line 1107 blank boundary omitted from target mapping)
urn:uuid:2e388fda-c3cd-5194-8afc-22739e7b9bbf,relation/unit/bab-4-grup-solvabel-dan-nilpoten/section/01/covers/surface/unit-031/protected-math-zone/022-inline,urn:uuid:84ff50e9-68a6-516e-9012-cc8eda32a1f2,covers,urn:uuid:0de6653d-257c-53cf-bd60-3cd91b1e91eb,chapter4.tex:936-1107 (line 1107 blank boundary omitted from target mapping)
urn:uuid:d9931761-9694-5108-b582-5248a36328d2,relation/unit/bab-4-grup-solvabel-dan-nilpoten/section/01/covers/surface/unit-031/protected-math-zone/023-inline,urn:uuid:84ff50e9-68a6-516e-9012-cc8eda32a1f2,covers,urn:uuid:e3716474-67c0-5101-86ce-d8d784fbabc6,chapter4.tex:936-1107 (line 1107 blank boundary omitted from target mapping)
urn:uuid:530bb10c-28a1-5596-8cb5-06655d943923,relation/unit/bab-4-grup-solvabel-dan-nilpoten/section/01/covers/surface/unit-031/protected-math-zone/024-inline,urn:uuid:84ff50e9-68a6-516e-9012-cc8eda32a1f2,covers,urn:uuid:4cbdcf0f-a718-507f-90dc-d9e1cde1d7b4,chapter4.tex:936-1107 (line 1107 blank boundary omitted from target mapping)
urn:uuid:bee51e41-35c0-54ce-a81b-f53a52fa919d,relation/unit/bab-4-grup-solvabel-dan-nilpoten/section/01/covers/surface/unit-031/protected-math-zone/025-inline,urn:uuid:84ff50e9-68a6-516e-9012-cc8eda32a1f2,covers,urn:uuid:d1e461ba-1630-56f6-8664-c35ab2752c5a,chapter4.tex:936-1107 (line 1107 blank boundary omitted from target mapping)
urn:uuid:3723b60b-12d0-57a3-a707-d4f4914dec11,relation/unit/bab-4-grup-solvabel-dan-nilpoten/section/01/covers/surface/unit-031/protected-math-zone/026-inline,urn:uuid:84ff50e9-68a6-516e-9012-cc8eda32a1f2,covers,urn:uuid:2fa1779e-130b-542e-853c-eb44d5a6762e,chapter4.tex:936-1107 (line 1107 blank boundary omitted from target mapping)
urn:uuid:26f83cd3-ca87-5c37-ae80-0b6108247d28,relation/unit/bab-4-grup-solvabel-dan-nilpoten/section/01/covers/surface/unit-031/protected-math-zone/027-inline,urn:uuid:84ff50e9-68a6-516e-9012-cc8eda32a1f2,covers,urn:uuid:3053a3b5-68e1-51bc-8340-bc0ed2adc5da,chapter4.tex:936-1107 (line 1107 blank boundary omitted from target mapping)
urn:uuid:4c842931-30ef-588f-80f4-c59cb2e8c586,relation/unit/bab-4-grup-solvabel-dan-nilpoten/section/01/covers/surface/unit-031/protected-math-zone/028-inline,urn:uuid:84ff50e9-68a6-516e-9012-cc8eda32a1f2,covers,urn:uuid:0a866bd7-fa52-5b92-80cb-dbae10af268a,chapter4.tex:936-1107 (line 1107 blank boundary omitted from target mapping)
urn:uuid:7a369433-08b6-5874-8658-9a0d5ab28b58,relation/unit/bab-4-grup-solvabel-dan-nilpoten/section/01/covers/surface/unit-031/protected-math-zone/029-inline,urn:uuid:84ff50e9-68a6-516e-9012-cc8eda32a1f2,covers,urn:uuid:0dab51b5-f9c6-56da-9264-e4012ee627a4,chapter4.tex:936-1107 (line 1107 blank boundary omitted from target mapping)
urn:uuid:91adf378-a59a-5019-9d07-9ae457b65fd2,relation/unit/bab-4-grup-solvabel-dan-nilpoten/section/01/covers/surface/unit-031/protected-math-zone/030-inline,urn:uuid:84ff50e9-68a6-516e-9012-cc8eda32a1f2,covers,urn:uuid:eaa8b5cf-4712-5faf-b9ce-d52831723d40,chapter4.tex:936-1107 (line 1107 blank boundary omitted from target mapping)
urn:uuid:10c08bda-b8ed-5da7-af2b-787f30ec1256,relation/unit/bab-4-grup-solvabel-dan-nilpoten/section/01/covers/surface/unit-031/protected-math-zone/031-inline,urn:uuid:84ff50e9-68a6-516e-9012-cc8eda32a1f2,covers,urn:uuid:96deb34e-175c-500f-8ba6-8a35ad47c8f2,chapter4.tex:936-1107 (line 1107 blank boundary omitted from target mapping)
urn:uuid:7d59d2a5-e9df-5dd3-bce8-14f4b8817e16,relation/unit/bab-4-grup-solvabel-dan-nilpoten/section/01/covers/surface/unit-031/protected-math-zone/032-inline,urn:uuid:84ff50e9-68a6-516e-9012-cc8eda32a1f2,covers,urn:uuid:61eb58db-4357-56b6-b9a4-56105a843520,chapter4.tex:936-1107 (line 1107 blank boundary omitted from target mapping)
urn:uuid:a441bca0-ed84-532e-b8f2-96f544e54c9a,relation/unit/bab-4-grup-solvabel-dan-nilpoten/section/01/covers/surface/unit-031/protected-math-zone/033-inline,urn:uuid:84ff50e9-68a6-516e-9012-cc8eda32a1f2,covers,urn:uuid:e4c702e4-4005-5d3a-a525-560803d032fe,chapter4.tex:936-1107 (line 1107 blank boundary omitted from target mapping)
urn:uuid:c849d747-fe22-5321-91ec-57494739052f,relation/unit/bab-4-grup-solvabel-dan-nilpoten/section/01/covers/surface/unit-031/protected-math-zone/034-inline,urn:uuid:84ff50e9-68a6-516e-9012-cc8eda32a1f2,covers,urn:uuid:7275ef27-b4fd-5b76-89c1-65f239d032d1,chapter4.tex:936-1107 (line 1107 blank boundary omitted from target mapping)
urn:uuid:299db228-dc79-5423-af44-894df4dd20d5,relation/unit/bab-4-grup-solvabel-dan-nilpoten/section/01/covers/surface/unit-031/protected-math-zone/035-inline,urn:uuid:84ff50e9-68a6-516e-9012-cc8eda32a1f2,covers,urn:uuid:a05bd342-076f-5205-88ae-539c043bd979,chapter4.tex:936-1107 (line 1107 blank boundary omitted from target mapping)
urn:uuid:bb651419-d98a-5f9c-880f-975453529ab4,relation/unit/bab-4-grup-solvabel-dan-nilpoten/section/01/covers/surface/unit-031/protected-math-zone/036-inline,urn:uuid:84ff50e9-68a6-516e-9012-cc8eda32a1f2,covers,urn:uuid:b640f75d-79c8-5e9e-a769-7dd361df0a02,chapter4.tex:936-1107 (line 1107 blank boundary omitted from target mapping)
urn:uuid:35074066-4745-5c1c-8e81-d2f51e4ffd2b,relation/unit/bab-4-grup-solvabel-dan-nilpoten/section/01/covers/surface/unit-031/protected-math-zone/037-inline,urn:uuid:84ff50e9-68a6-516e-9012-cc8eda32a1f2,covers,urn:uuid:16952c1a-4f81-54f5-8fbb-010b28af706e,chapter4.tex:936-1107 (line 1107 blank boundary omitted from target mapping)
urn:uuid:f232445d-eaa2-596a-9bdf-df11cd32c827,relation/unit/bab-4-grup-solvabel-dan-nilpoten/section/01/covers/surface/unit-031/protected-math-zone/038-inline,urn:uuid:84ff50e9-68a6-516e-9012-cc8eda32a1f2,covers,urn:uuid:d75b6ccc-5020-5576-95ed-f817b769e4ce,chapter4.tex:936-1107 (line 1107 blank boundary omitted from target mapping)
urn:uuid:922e7562-8ca5-59ed-b36c-c2842c0e70c7,relation/unit/bab-4-grup-solvabel-dan-nilpoten/section/01/covers/surface/unit-031/protected-math-zone/039-inline,urn:uuid:84ff50e9-68a6-516e-9012-cc8eda32a1f2,covers,urn:uuid:9259c26d-ee22-5bb9-ad98-8525e496077c,chapter4.tex:936-1107 (line 1107 blank boundary omitted from target mapping)
urn:uuid:a865ff39-c355-577c-9ffc-32ccf4189651,relation/unit/bab-4-grup-solvabel-dan-nilpoten/section/01/covers/surface/unit-031/protected-math-zone/040-inline,urn:uuid:84ff50e9-68a6-516e-9012-cc8eda32a1f2,covers,urn:uuid:ad05ee54-0f10-5b1a-affe-c4e42a5aa167,chapter4.tex:936-1107 (line 1107 blank boundary omitted from target mapping)
urn:uuid:ead7ab7b-276e-5fe1-82e8-17aaa235759b,relation/unit/bab-4-grup-solvabel-dan-nilpoten/section/01/covers/surface/unit-031/protected-math-zone/041-inline,urn:uuid:84ff50e9-68a6-516e-9012-cc8eda32a1f2,covers,urn:uuid:35580af2-6d2e-5376-a305-d9728447504b,chapter4.tex:936-1107 (line 1107 blank boundary omitted from target mapping)
urn:uuid:777fb740-54cb-534d-946b-344a18b120f8,relation/unit/bab-4-grup-solvabel-dan-nilpoten/section/01/covers/surface/unit-031/protected-math-zone/042-inline,urn:uuid:84ff50e9-68a6-516e-9012-cc8eda32a1f2,covers,urn:uuid:4722a670-a87e-548f-a7ff-71f4c5600ba7,chapter4.tex:936-1107 (line 1107 blank boundary omitted from target mapping)
urn:uuid:58feb20b-5998-52dc-80b3-823b0bdf8498,relation/unit/bab-4-grup-solvabel-dan-nilpoten/section/01/covers/surface/unit-031/protected-math-zone/043-display-bracket,urn:uuid:84ff50e9-68a6-516e-9012-cc8eda32a1f2,covers,urn:uuid:713fa903-1b56-550a-9ac3-eeb57bb72780,chapter4.tex:936-1107 (line 1107 blank boundary omitted from target mapping)
urn:uuid:c819bb7a-5340-5f27-a755-a399abc98fa7,relation/unit/bab-4-grup-solvabel-dan-nilpoten/section/01/covers/surface/unit-031/protected-math-zone/044-display-environment,urn:uuid:84ff50e9-68a6-516e-9012-cc8eda32a1f2,covers,urn:uuid:77136c35-a9ba-5fbd-b95e-a3b6b9608fcb,chapter4.tex:936-1107 (line 1107 blank boundary omitted from target mapping)
urn:uuid:a8f41ca8-1db4-547b-af4f-8548cefd92f9,relation/unit/bab-4-grup-solvabel-dan-nilpoten/section/01/covers/surface/unit-031/protected-math-zone/045-inline,urn:uuid:84ff50e9-68a6-516e-9012-cc8eda32a1f2,covers,urn:uuid:0a7fcf36-3d66-5eff-a583-7286f62c4fc3,chapter4.tex:936-1107 (line 1107 blank boundary omitted from target mapping)
urn:uuid:beb26aff-ac5f-5397-8ef3-b3f3e6f5ffa4,relation/unit/bab-4-grup-solvabel-dan-nilpoten/section/01/covers/surface/unit-031/protected-math-zone/046-inline,urn:uuid:84ff50e9-68a6-516e-9012-cc8eda32a1f2,covers,urn:uuid:c36743fa-68c7-5894-b4bc-2eba352b4380,chapter4.tex:936-1107 (line 1107 blank boundary omitted from target mapping)
urn:uuid:59530ec8-c550-5a79-91ec-a867a1283675,relation/unit/bab-4-grup-solvabel-dan-nilpoten/section/01/covers/surface/unit-031/protected-math-zone/047-inline,urn:uuid:84ff50e9-68a6-516e-9012-cc8eda32a1f2,covers,urn:uuid:2165341b-c51f-5071-a836-db7617bb3970,chapter4.tex:936-1107 (line 1107 blank boundary omitted from target mapping)
urn:uuid:c37794b7-3f6e-5b47-a2ae-5b775eb506b1,relation/unit/bab-4-grup-solvabel-dan-nilpoten/section/01/covers/surface/unit-031/protected-math-zone/048-inline,urn:uuid:84ff50e9-68a6-516e-9012-cc8eda32a1f2,covers,urn:uuid:e112ade0-5611-53ea-a7bc-0dad93c2d43d,chapter4.tex:936-1107 (line 1107 blank boundary omitted from target mapping)
urn:uuid:4fae043d-e436-505a-ae36-5520aea94dbc,relation/unit/bab-4-grup-solvabel-dan-nilpoten/section/01/covers/surface/unit-031/protected-math-zone/049-inline,urn:uuid:84ff50e9-68a6-516e-9012-cc8eda32a1f2,covers,urn:uuid:9dcd2b94-0241-528a-8ca3-c0211667197b,chapter4.tex:936-1107 (line 1107 blank boundary omitted from target mapping)
urn:uuid:2b3212f5-74e8-562a-9e17-5581d047d59c,relation/unit/bab-4-grup-solvabel-dan-nilpoten/section/01/covers/surface/unit-031/protected-math-zone/050-inline,urn:uuid:84ff50e9-68a6-516e-9012-cc8eda32a1f2,covers,urn:uuid:040a9da4-468b-5845-b4f4-e9a6744a63d5,chapter4.tex:936-1107 (line 1107 blank boundary omitted from target mapping)
urn:uuid:6c2524c1-c650-546e-8855-3f8b0d45eb3a,relation/unit/bab-4-grup-solvabel-dan-nilpoten/section/01/covers/surface/unit-031/protected-math-zone/051-inline,urn:uuid:84ff50e9-68a6-516e-9012-cc8eda32a1f2,covers,urn:uuid:05861ebe-12d9-51f7-a885-1a1045928329,chapter4.tex:936-1107 (line 1107 blank boundary omitted from target mapping)
urn:uuid:55b1dc07-10c6-561e-aca0-9a22ea1ef17e,relation/unit/bab-4-grup-solvabel-dan-nilpoten/section/01/covers/surface/unit-031/protected-math-zone/052-inline,urn:uuid:84ff50e9-68a6-516e-9012-cc8eda32a1f2,covers,urn:uuid:cfd86a3a-d8ad-547a-aeaa-d24dadbbc3dc,chapter4.tex:936-1107 (line 1107 blank boundary omitted from target mapping)
urn:uuid:1d1b90c0-b3a3-5a5f-8e6d-1203e283a611,relation/unit/bab-4-grup-solvabel-dan-nilpoten/section/01/covers/surface/unit-031/protected-math-zone/053-inline,urn:uuid:84ff50e9-68a6-516e-9012-cc8eda32a1f2,covers,urn:uuid:ae29a13c-6bbb-5526-9557-34fe0ef08001,chapter4.tex:936-1107 (line 1107 blank boundary omitted from target mapping)
urn:uuid:46a983f7-f12d-5db7-92a2-48ad6b024460,relation/unit/bab-4-grup-solvabel-dan-nilpoten/section/01/covers/surface/unit-031/protected-math-zone/054-inline,urn:uuid:84ff50e9-68a6-516e-9012-cc8eda32a1f2,covers,urn:uuid:b61a337c-9869-59d9-b064-eb1c375e3df1,chapter4.tex:936-1107 (line 1107 blank boundary omitted from target mapping)
urn:uuid:b1cb64b5-404e-53fe-9f64-01caf4666080,relation/unit/bab-4-grup-solvabel-dan-nilpoten/section/01/covers/surface/unit-031/protected-math-zone/055-inline,urn:uuid:84ff50e9-68a6-516e-9012-cc8eda32a1f2,covers,urn:uuid:43faf465-e4e0-5961-916d-cd62b76f86b5,chapter4.tex:936-1107 (line 1107 blank boundary omitted from target mapping)
urn:uuid:9af18139-6fd7-515a-918f-9ae4c31b8864,relation/unit/bab-4-grup-solvabel-dan-nilpoten/section/01/covers/surface/unit-031/protected-math-zone/056-inline,urn:uuid:84ff50e9-68a6-516e-9012-cc8eda32a1f2,covers,urn:uuid:be0f41b9-fb04-59ad-90d7-3624d4fe9c01,chapter4.tex:936-1107 (line 1107 blank boundary omitted from target mapping)
urn:uuid:5cdba323-ae57-5e6a-8d34-f9e7a9b2e733,relation/unit/bab-4-grup-solvabel-dan-nilpoten/section/01/covers/surface/unit-031/protected-math-zone/057-inline,urn:uuid:84ff50e9-68a6-516e-9012-cc8eda32a1f2,covers,urn:uuid:26d12181-1beb-550e-8ecf-dbcd3fe0591e,chapter4.tex:936-1107 (line 1107 blank boundary omitted from target mapping)
urn:uuid:a42668f2-f44a-5f23-8542-69ebf8ccd081,relation/unit/bab-4-grup-solvabel-dan-nilpoten/section/01/covers/surface/unit-031/protected-math-zone/058-inline,urn:uuid:84ff50e9-68a6-516e-9012-cc8eda32a1f2,covers,urn:uuid:be0b57f8-a94c-5a3c-a410-5d93adf81efc,chapter4.tex:936-1107 (line 1107 blank boundary omitted from target mapping)
urn:uuid:40645466-74a5-546b-adee-fa1218c4f71a,relation/unit/bab-4-grup-solvabel-dan-nilpoten/section/01/covers/surface/unit-031/protected-math-zone/059-inline,urn:uuid:84ff50e9-68a6-516e-9012-cc8eda32a1f2,covers,urn:uuid:d1cddecd-88f0-5360-aaa5-bb07bff91c0c,chapter4.tex:936-1107 (line 1107 blank boundary omitted from target mapping)
urn:uuid:f49ca524-39e0-549d-8d86-34deff497977,relation/unit/bab-4-grup-solvabel-dan-nilpoten/section/01/covers/surface/unit-031/protected-math-zone/060-inline,urn:uuid:84ff50e9-68a6-516e-9012-cc8eda32a1f2,covers,urn:uuid:964122a4-ac61-5241-b83a-67c60cca8b71,chapter4.tex:936-1107 (line 1107 blank boundary omitted from target mapping)
urn:uuid:1ceb882a-8ff9-5ba2-89a7-f51f8b39ae36,relation/unit/bab-4-grup-solvabel-dan-nilpoten/section/01/covers/surface/unit-031/protected-math-zone/061-inline,urn:uuid:84ff50e9-68a6-516e-9012-cc8eda32a1f2,covers,urn:uuid:771948b6-41a3-59f5-ab4f-8fd42d813291,chapter4.tex:936-1107 (line 1107 blank boundary omitted from target mapping)
urn:uuid:b538f6e8-0b48-5779-bcbe-aa31c7debea0,relation/unit/bab-4-grup-solvabel-dan-nilpoten/section/01/covers/surface/unit-031/protected-math-zone/062-inline,urn:uuid:84ff50e9-68a6-516e-9012-cc8eda32a1f2,covers,urn:uuid:2f63cf0b-e75d-58f0-9040-18da12179479,chapter4.tex:936-1107 (line 1107 blank boundary omitted from target mapping)
urn:uuid:b169f8c2-4199-50a8-835e-efda10724b94,relation/unit/bab-4-grup-solvabel-dan-nilpoten/section/01/covers/surface/unit-031/protected-math-zone/063-inline,urn:uuid:84ff50e9-68a6-516e-9012-cc8eda32a1f2,covers,urn:uuid:b04c96b2-feb0-5260-a706-e4b02eb8cee1,chapter4.tex:936-1107 (line 1107 blank boundary omitted from target mapping)
urn:uuid:bf68e94c-09f0-523b-a2c6-12a231fa1644,relation/unit/bab-4-grup-solvabel-dan-nilpoten/section/01/covers/surface/unit-031/protected-math-zone/064-inline,urn:uuid:84ff50e9-68a6-516e-9012-cc8eda32a1f2,covers,urn:uuid:0f70a3bb-9065-5414-876b-ac77a4529c41,chapter4.tex:936-1107 (line 1107 blank boundary omitted from target mapping)
urn:uuid:fbf52af2-04e9-5cf2-b7d3-b1da427b1740,relation/unit/bab-4-grup-solvabel-dan-nilpoten/section/01/covers/surface/unit-031/protected-math-zone/065-inline,urn:uuid:84ff50e9-68a6-516e-9012-cc8eda32a1f2,covers,urn:uuid:f5dcf60f-aa57-511f-8181-d490d107c64b,chapter4.tex:936-1107 (line 1107 blank boundary omitted from target mapping)
urn:uuid:c7b2e76e-5e5a-53dd-bcfa-7d307ba4dd6c,relation/unit/bab-4-grup-solvabel-dan-nilpoten/section/01/covers/surface/unit-031/protected-math-zone/066-inline,urn:uuid:84ff50e9-68a6-516e-9012-cc8eda32a1f2,covers,urn:uuid:5cf6f58b-f757-5ae3-9c4f-3e08f6255a8b,chapter4.tex:936-1107 (line 1107 blank boundary omitted from target mapping)
urn:uuid:8e5fc6ce-7da0-53a2-b9c1-30da50a54e6a,relation/unit/bab-4-grup-solvabel-dan-nilpoten/section/01/covers/surface/unit-031/protected-math-zone/067-inline,urn:uuid:84ff50e9-68a6-516e-9012-cc8eda32a1f2,covers,urn:uuid:9ceb9d8c-b3fb-5b3b-b740-1e194a3ead46,chapter4.tex:936-1107 (line 1107 blank boundary omitted from target mapping)
urn:uuid:c2688640-987a-5da2-a1e3-f3a8457d655c,relation/unit/bab-4-grup-solvabel-dan-nilpoten/section/01/covers/surface/unit-031/protected-math-zone/068-inline,urn:uuid:84ff50e9-68a6-516e-9012-cc8eda32a1f2,covers,urn:uuid:c1955c25-2c59-5280-a59e-0886b0e5fbb1,chapter4.tex:936-1107 (line 1107 blank boundary omitted from target mapping)
urn:uuid:8bc711a9-20b4-5abb-b6e6-5a62b31afd65,relation/unit/bab-4-grup-solvabel-dan-nilpoten/section/01/covers/surface/unit-031/protected-math-zone/069-inline,urn:uuid:84ff50e9-68a6-516e-9012-cc8eda32a1f2,covers,urn:uuid:2a0dbea6-135a-56bc-a782-2fffa3a7b335,chapter4.tex:936-1107 (line 1107 blank boundary omitted from target mapping)
urn:uuid:e8f2c2e4-d676-5ecf-a4f4-7136616a90f8,relation/unit/bab-4-grup-solvabel-dan-nilpoten/section/01/covers/surface/unit-031/protected-math-zone/070-inline,urn:uuid:84ff50e9-68a6-516e-9012-cc8eda32a1f2,covers,urn:uuid:c3260603-c33b-5e03-a06f-b10d3d5f2110,chapter4.tex:936-1107 (line 1107 blank boundary omitted from target mapping)
urn:uuid:cdf6bdf1-4789-556a-b94f-540b23579d0a,relation/unit/bab-4-grup-solvabel-dan-nilpoten/section/01/covers/surface/unit-031/protected-math-zone/071-inline,urn:uuid:84ff50e9-68a6-516e-9012-cc8eda32a1f2,covers,urn:uuid:d5d5b21a-6e11-5a64-bfd2-7a1de2e46f86,chapter4.tex:936-1107 (line 1107 blank boundary omitted from target mapping)
urn:uuid:cd55cecb-4349-5302-b6e8-d2769405b508,relation/unit/bab-4-grup-solvabel-dan-nilpoten/section/01/covers/surface/unit-031/protected-math-zone/072-inline,urn:uuid:84ff50e9-68a6-516e-9012-cc8eda32a1f2,covers,urn:uuid:eb67bae0-4622-5078-bc0a-211509e406c6,chapter4.tex:936-1107 (line 1107 blank boundary omitted from target mapping)
urn:uuid:0a24a414-19ae-5389-97a6-a469804fdc7a,relation/unit/bab-4-grup-solvabel-dan-nilpoten/section/01/covers/surface/unit-031/protected-math-zone/073-inline,urn:uuid:84ff50e9-68a6-516e-9012-cc8eda32a1f2,covers,urn:uuid:6a98097f-636e-566c-962a-bdcbdfac1222,chapter4.tex:936-1107 (line 1107 blank boundary omitted from target mapping)
urn:uuid:b5ef05ed-f240-5af8-979d-a930331d20d1,relation/unit/bab-4-grup-solvabel-dan-nilpoten/section/01/covers/surface/unit-031/protected-math-zone/074-inline,urn:uuid:84ff50e9-68a6-516e-9012-cc8eda32a1f2,covers,urn:uuid:6ec85d01-97b8-5881-b7d5-5e03628e784d,chapter4.tex:936-1107 (line 1107 blank boundary omitted from target mapping)
urn:uuid:3be0fb62-a15e-5c27-bdac-d36c0f676192,relation/unit/bab-4-grup-solvabel-dan-nilpoten/section/01/covers/surface/unit-031/protected-math-zone/075-inline,urn:uuid:84ff50e9-68a6-516e-9012-cc8eda32a1f2,covers,urn:uuid:fc4164c8-a1a3-54fe-a0d6-ff7cfbe189de,chapter4.tex:936-1107 (line 1107 blank boundary omitted from target mapping)
urn:uuid:3f6d501d-1652-5b53-9ef1-96a3c16e1149,relation/unit/bab-4-grup-solvabel-dan-nilpoten/section/01/covers/surface/unit-031/protected-math-zone/076-inline,urn:uuid:84ff50e9-68a6-516e-9012-cc8eda32a1f2,covers,urn:uuid:c96f585a-29f5-5384-b1d7-9acaafda1cb6,chapter4.tex:936-1107 (line 1107 blank boundary omitted from target mapping)
urn:uuid:78d4614d-335e-51ec-8d3a-7e946bee5520,relation/unit/bab-4-grup-solvabel-dan-nilpoten/section/01/covers/surface/unit-031/protected-math-zone/077-inline,urn:uuid:84ff50e9-68a6-516e-9012-cc8eda32a1f2,covers,urn:uuid:b3ad4611-6603-58f1-8308-27c64c6a98ae,chapter4.tex:936-1107 (line 1107 blank boundary omitted from target mapping)
urn:uuid:796a287c-237a-54ba-9af4-4387b951b159,relation/unit/bab-4-grup-solvabel-dan-nilpoten/section/01/covers/surface/unit-031/protected-math-zone/078-inline,urn:uuid:84ff50e9-68a6-516e-9012-cc8eda32a1f2,covers,urn:uuid:0979f8c4-44f4-5b38-b162-27be28860c90,chapter4.tex:936-1107 (line 1107 blank boundary omitted from target mapping)
urn:uuid:489b81d1-f292-5a9a-896e-4fa2620c0e1b,relation/unit/bab-4-grup-solvabel-dan-nilpoten/section/01/covers/surface/unit-031/protected-math-zone/079-inline,urn:uuid:84ff50e9-68a6-516e-9012-cc8eda32a1f2,covers,urn:uuid:aae346e7-ba9e-5298-b42b-5017ace32038,chapter4.tex:936-1107 (line 1107 blank boundary omitted from target mapping)
urn:uuid:0eb43bf3-c9e7-5e9d-b4a3-aca05de9f73b,relation/unit/bab-4-grup-solvabel-dan-nilpoten/section/01/covers/surface/unit-031/protected-math-zone/080-inline,urn:uuid:84ff50e9-68a6-516e-9012-cc8eda32a1f2,covers,urn:uuid:dfa83ca8-4b5a-5540-be8b-cf4cd6ea3f85,chapter4.tex:936-1107 (line 1107 blank boundary omitted from target mapping)
urn:uuid:927b5ed4-a7f5-5410-be47-6275511b70ba,relation/unit/bab-4-grup-solvabel-dan-nilpoten/section/01/covers/surface/unit-031/protected-math-zone/081-inline,urn:uuid:84ff50e9-68a6-516e-9012-cc8eda32a1f2,covers,urn:uuid:06f19bb9-52b9-551d-b46d-52023e5e638e,chapter4.tex:936-1107 (line 1107 blank boundary omitted from target mapping)
urn:uuid:16fadcad-bb8f-59bb-8972-3c03dcb29719,relation/unit/bab-4-grup-solvabel-dan-nilpoten/section/01/covers/surface/unit-031/protected-math-zone/082-inline,urn:uuid:84ff50e9-68a6-516e-9012-cc8eda32a1f2,covers,urn:uuid:2d4fe8c4-a29b-500b-a785-fe8d78342c84,chapter4.tex:936-1107 (line 1107 blank boundary omitted from target mapping)
urn:uuid:7da0dd99-6ece-58ab-a5c1-bae76eb9bf5c,relation/unit/bab-4-grup-solvabel-dan-nilpoten/section/01/covers/surface/unit-031/protected-math-zone/083-inline,urn:uuid:84ff50e9-68a6-516e-9012-cc8eda32a1f2,covers,urn:uuid:68a71af2-f46e-5afe-b8d2-e7f5f6e28074,chapter4.tex:936-1107 (line 1107 blank boundary omitted from target mapping)
urn:uuid:b861490a-59ac-5d26-8f88-bf578ee87f72,relation/unit/bab-4-grup-solvabel-dan-nilpoten/section/01/covers/surface/unit-031/protected-math-zone/084-inline,urn:uuid:84ff50e9-68a6-516e-9012-cc8eda32a1f2,covers,urn:uuid:39aacf22-700a-593d-bc0c-796df88be249,chapter4.tex:936-1107 (line 1107 blank boundary omitted from target mapping)
urn:uuid:673f5a7f-953b-5e87-b1f8-e428816bb67b,relation/unit/bab-4-grup-solvabel-dan-nilpoten/section/01/covers/surface/unit-031/protected-math-zone/085-inline,urn:uuid:84ff50e9-68a6-516e-9012-cc8eda32a1f2,covers,urn:uuid:923d95c6-7323-5e88-b612-9964cc443e7d,chapter4.tex:936-1107 (line 1107 blank boundary omitted from target mapping)
urn:uuid:bce6b5e2-be02-5c61-82ed-6884b05d69e8,relation/unit/bab-4-grup-solvabel-dan-nilpoten/section/01/covers/surface/unit-031/protected-math-zone/086-inline,urn:uuid:84ff50e9-68a6-516e-9012-cc8eda32a1f2,covers,urn:uuid:7836553e-6653-57a8-a7ae-660d67b19be2,chapter4.tex:936-1107 (line 1107 blank boundary omitted from target mapping)
urn:uuid:c3664126-1aa9-51d0-81c2-8477ca6508b2,relation/unit/bab-4-grup-solvabel-dan-nilpoten/section/01/covers/surface/unit-031/protected-math-zone/087-inline,urn:uuid:84ff50e9-68a6-516e-9012-cc8eda32a1f2,covers,urn:uuid:83fb49db-0093-51c8-8240-9acb5d786a85,chapter4.tex:936-1107 (line 1107 blank boundary omitted from target mapping)
urn:uuid:caa576e2-47de-54bf-bef9-b61b7948b941,relation/unit/bab-4-grup-solvabel-dan-nilpoten/section/01/covers/surface/unit-031/protected-math-zone/088-inline,urn:uuid:84ff50e9-68a6-516e-9012-cc8eda32a1f2,covers,urn:uuid:11e7fc16-4d6e-5d25-9fe6-41019806dc16,chapter4.tex:936-1107 (line 1107 blank boundary omitted from target mapping)
urn:uuid:81437c72-374c-5694-a4cd-9597ae3a3ec2,relation/unit/bab-4-grup-solvabel-dan-nilpoten/section/01/covers/surface/unit-031/protected-math-zone/089-inline,urn:uuid:84ff50e9-68a6-516e-9012-cc8eda32a1f2,covers,urn:uuid:53ad3ee2-6587-558e-95fe-d7ccba0200e1,chapter4.tex:936-1107 (line 1107 blank boundary omitted from target mapping)
urn:uuid:4d5add17-0eb5-562b-a646-8b2110fce8b1,relation/unit/bab-4-grup-solvabel-dan-nilpoten/section/01/covers/surface/unit-031/protected-math-zone/090-inline,urn:uuid:84ff50e9-68a6-516e-9012-cc8eda32a1f2,covers,urn:uuid:b9081185-55b8-5033-9529-09c88d27edd6,chapter4.tex:936-1107 (line 1107 blank boundary omitted from target mapping)
urn:uuid:0c851b4f-cf61-5a20-93ff-246ef2bac601,relation/unit/bab-4-grup-solvabel-dan-nilpoten/section/01/covers/surface/unit-031/protected-math-zone/091-inline,urn:uuid:84ff50e9-68a6-516e-9012-cc8eda32a1f2,covers,urn:uuid:fe54ff18-8359-5c6e-adbc-d864ee622dd6,chapter4.tex:936-1107 (line 1107 blank boundary omitted from target mapping)
urn:uuid:46680737-5197-55d2-a8ed-c39c061c53db,relation/unit/bab-4-grup-solvabel-dan-nilpoten/section/01/covers/surface/unit-031/protected-math-zone/092-inline,urn:uuid:84ff50e9-68a6-516e-9012-cc8eda32a1f2,covers,urn:uuid:ef10ab18-8557-5446-9558-5525b21c5e48,chapter4.tex:936-1107 (line 1107 blank boundary omitted from target mapping)
urn:uuid:f75ba428-24fa-5fc0-9974-8ac08d162d08,relation/unit/bab-4-grup-solvabel-dan-nilpoten/section/01/covers/surface/unit-031/protected-math-zone/093-inline,urn:uuid:84ff50e9-68a6-516e-9012-cc8eda32a1f2,covers,urn:uuid:450ef710-86df-5ee0-bd06-6d58cff4fd94,chapter4.tex:936-1107 (line 1107 blank boundary omitted from target mapping)
urn:uuid:f553520d-0702-5605-8de9-c703700f280c,relation/unit/bab-4-grup-solvabel-dan-nilpoten/section/01/covers/surface/unit-031/protected-math-zone/094-inline,urn:uuid:84ff50e9-68a6-516e-9012-cc8eda32a1f2,covers,urn:uuid:2321fe7a-c47f-537e-bd6f-fcae73e1962d,chapter4.tex:936-1107 (line 1107 blank boundary omitted from target mapping)
urn:uuid:bb8d883a-81b3-5adc-810b-d3a64d92619a,relation/unit/bab-4-grup-solvabel-dan-nilpoten/section/01/covers/surface/unit-031/protected-math-zone/095-inline,urn:uuid:84ff50e9-68a6-516e-9012-cc8eda32a1f2,covers,urn:uuid:2fe447e6-8b82-52f7-aa24-ec25ac6ee28d,chapter4.tex:936-1107 (line 1107 blank boundary omitted from target mapping)
urn:uuid:c69c3109-62b7-53d6-91d4-4b9e62e38356,relation/unit/bab-4-grup-solvabel-dan-nilpoten/section/01/covers/surface/unit-031/protected-math-zone/096-inline,urn:uuid:84ff50e9-68a6-516e-9012-cc8eda32a1f2,covers,urn:uuid:a3e068d6-d9b2-56bb-ac6d-927b644e374d,chapter4.tex:936-1107 (line 1107 blank boundary omitted from target mapping)
urn:uuid:175225d6-2883-5c78-99da-902f9fd2f80a,relation/unit/bab-4-grup-solvabel-dan-nilpoten/section/01/covers/surface/unit-031/protected-math-zone/097-inline,urn:uuid:84ff50e9-68a6-516e-9012-cc8eda32a1f2,covers,urn:uuid:f08d520c-0a56-564c-b618-482aae26c826,chapter4.tex:936-1107 (line 1107 blank boundary omitted from target mapping)
urn:uuid:690da39a-e2fb-573e-80c6-565e0cd43d58,relation/unit/bab-4-grup-solvabel-dan-nilpoten/section/01/covers/surface/unit-031/protected-math-zone/098-inline,urn:uuid:84ff50e9-68a6-516e-9012-cc8eda32a1f2,covers,urn:uuid:9859301d-a617-5a30-ab8d-6e52c53feb00,chapter4.tex:936-1107 (line 1107 blank boundary omitted from target mapping)
urn:uuid:73e90728-dcb2-52ea-882b-00aad275b79b,relation/unit/bab-4-grup-solvabel-dan-nilpoten/section/01/covers/surface/unit-031/protected-math-zone/099-inline,urn:uuid:84ff50e9-68a6-516e-9012-cc8eda32a1f2,covers,urn:uuid:aef8a6a7-3e8e-5c9f-968a-d8f0c012825a,chapter4.tex:936-1107 (line 1107 blank boundary omitted from target mapping)
urn:uuid:e26c72bb-6fb1-5d5c-b44a-ae39be12abd8,relation/unit/bab-4-grup-solvabel-dan-nilpoten/section/01/covers/surface/unit-031/protected-math-zone/100-inline,urn:uuid:84ff50e9-68a6-516e-9012-cc8eda32a1f2,covers,urn:uuid:e04e8982-eb39-529a-8b81-45a162b5d929,chapter4.tex:936-1107 (line 1107 blank boundary omitted from target mapping)
urn:uuid:94f000aa-60f2-542f-9a1e-70b086721d0c,relation/unit/bab-4-grup-solvabel-dan-nilpoten/section/01/covers/surface/unit-031/protected-math-zone/101-inline,urn:uuid:84ff50e9-68a6-516e-9012-cc8eda32a1f2,covers,urn:uuid:e011f5e0-65e1-5fb5-8735-2c5340f8e4f4,chapter4.tex:936-1107 (line 1107 blank boundary omitted from target mapping)
urn:uuid:10f97408-13ba-592d-b66c-4b8ab0290ca1,relation/unit/bab-4-grup-solvabel-dan-nilpoten/section/01/covers/surface/unit-031/protected-math-zone/102-inline,urn:uuid:84ff50e9-68a6-516e-9012-cc8eda32a1f2,covers,urn:uuid:90f383e8-2812-53fe-a934-d5d56ec48b90,chapter4.tex:936-1107 (line 1107 blank boundary omitted from target mapping)
urn:uuid:058d1409-c048-5790-abb8-36d5599fabde,relation/unit/bab-4-grup-solvabel-dan-nilpoten/section/01/covers/surface/unit-031/protected-math-zone/103-inline,urn:uuid:84ff50e9-68a6-516e-9012-cc8eda32a1f2,covers,urn:uuid:00a90654-f89d-5d39-9a3c-a59eaadae276,chapter4.tex:936-1107 (line 1107 blank boundary omitted from target mapping)
urn:uuid:c7bf44b0-2f64-5cd5-8b5d-f743a7178648,relation/unit/bab-4-grup-solvabel-dan-nilpoten/section/01/covers/surface/unit-031/protected-math-zone/104-inline,urn:uuid:84ff50e9-68a6-516e-9012-cc8eda32a1f2,covers,urn:uuid:0be5bfaa-eb0c-5bd6-8ae4-2bdcac025ae9,chapter4.tex:936-1107 (line 1107 blank boundary omitted from target mapping)
urn:uuid:3e69c3c9-9be7-5271-95c3-67b5e2938763,relation/unit/bab-4-grup-solvabel-dan-nilpoten/section/01/covers/surface/unit-031/protected-math-zone/105-inline,urn:uuid:84ff50e9-68a6-516e-9012-cc8eda32a1f2,covers,urn:uuid:6f05b5c8-3079-5dd2-876a-cd25084c77da,chapter4.tex:936-1107 (line 1107 blank boundary omitted from target mapping)
urn:uuid:1e10e035-b3e6-504e-9cb0-b425406cc94a,relation/unit/bab-4-grup-solvabel-dan-nilpoten/section/01/covers/surface/unit-031/protected-math-zone/106-inline,urn:uuid:84ff50e9-68a6-516e-9012-cc8eda32a1f2,covers,urn:uuid:a75f889b-e869-5dd8-8403-c0a83604e264,chapter4.tex:936-1107 (line 1107 blank boundary omitted from target mapping)
urn:uuid:58f36b4b-0b58-5e77-b861-ef3867002272,relation/unit/bab-4-grup-solvabel-dan-nilpoten/section/01/covers/surface/unit-031/protected-math-zone/107-inline,urn:uuid:84ff50e9-68a6-516e-9012-cc8eda32a1f2,covers,urn:uuid:586a520d-7f72-5772-ac0b-b28bb26683fe,chapter4.tex:936-1107 (line 1107 blank boundary omitted from target mapping)
urn:uuid:f65d1394-da82-521b-8725-4b0c3676973f,relation/unit/bab-4-grup-solvabel-dan-nilpoten/section/01/covers/surface/unit-031/protected-math-zone/108-inline,urn:uuid:84ff50e9-68a6-516e-9012-cc8eda32a1f2,covers,urn:uuid:1630c7b9-4372-5970-9fb0-8afc3ab51dbb,chapter4.tex:936-1107 (line 1107 blank boundary omitted from target mapping)
urn:uuid:ecd34cbb-4278-555d-b9ab-2b41dcc3a671,relation/unit/bab-4-grup-solvabel-dan-nilpoten/section/01/covers/surface/unit-031/protected-math-zone/109-inline,urn:uuid:84ff50e9-68a6-516e-9012-cc8eda32a1f2,covers,urn:uuid:a88c63fe-b8b5-566f-8678-6f8ec9e3a9f7,chapter4.tex:936-1107 (line 1107 blank boundary omitted from target mapping)
urn:uuid:e7d8c3a8-d1d3-5241-aa54-1f427db149d1,relation/unit/bab-4-grup-solvabel-dan-nilpoten/section/01/covers/surface/unit-031/protected-math-zone/110-inline,urn:uuid:84ff50e9-68a6-516e-9012-cc8eda32a1f2,covers,urn:uuid:712c2b1e-f3a0-5bcd-bd25-82d6b4455d0d,chapter4.tex:936-1107 (line 1107 blank boundary omitted from target mapping)
urn:uuid:f32a787d-4976-5ddd-ac5b-a8eea31ae733,relation/unit/bab-4-grup-solvabel-dan-nilpoten/section/01/covers/surface/unit-031/protected-math-zone/111-inline,urn:uuid:84ff50e9-68a6-516e-9012-cc8eda32a1f2,covers,urn:uuid:0ad52349-d4d3-557e-9f17-10bda45332c3,chapter4.tex:936-1107 (line 1107 blank boundary omitted from target mapping)
urn:uuid:51995050-8350-58be-b71b-26fcf5162cdc,relation/unit/bab-4-grup-solvabel-dan-nilpoten/section/01/covers/surface/unit-031/protected-math-zone/112-inline,urn:uuid:84ff50e9-68a6-516e-9012-cc8eda32a1f2,covers,urn:uuid:b71ca346-097a-582d-820e-0c2764ebf19a,chapter4.tex:936-1107 (line 1107 blank boundary omitted from target mapping)
urn:uuid:cf972a83-e4a2-504d-96b3-f0351e16b45f,relation/unit/bab-4-grup-solvabel-dan-nilpoten/section/01/covers/surface/unit-031/protected-math-zone/113-inline,urn:uuid:84ff50e9-68a6-516e-9012-cc8eda32a1f2,covers,urn:uuid:d7757630-09d1-5dc9-bdff-d52ccc472486,chapter4.tex:936-1107 (line 1107 blank boundary omitted from target mapping)
urn:uuid:30ca9ab1-d7de-5c15-b303-fb81a5adbb2d,relation/unit/bab-4-grup-solvabel-dan-nilpoten/section/01/covers/surface/unit-031/protected-math-zone/114-inline,urn:uuid:84ff50e9-68a6-516e-9012-cc8eda32a1f2,covers,urn:uuid:53f70345-607c-5d5e-9baf-5c7a2c262a60,chapter4.tex:936-1107 (line 1107 blank boundary omitted from target mapping)
urn:uuid:4ee77ee9-c8b0-5d63-9120-8de8cfe6727f,relation/unit/bab-4-grup-solvabel-dan-nilpoten/section/01/covers/surface/unit-031/protected-math-zone/115-inline,urn:uuid:84ff50e9-68a6-516e-9012-cc8eda32a1f2,covers,urn:uuid:775f5f2c-ae31-50c6-a03f-0176aa726776,chapter4.tex:936-1107 (line 1107 blank boundary omitted from target mapping)
urn:uuid:9869214e-8eba-5a6c-9836-162db6b9ad42,relation/unit/bab-4-grup-solvabel-dan-nilpoten/section/01/covers/surface/unit-031/protected-math-zone/116-inline,urn:uuid:84ff50e9-68a6-516e-9012-cc8eda32a1f2,covers,urn:uuid:2d759b13-d1c1-5678-9f4c-683af46b5eb2,chapter4.tex:936-1107 (line 1107 blank boundary omitted from target mapping)
urn:uuid:fbada519-e717-5126-8b3f-8d9f00375068,relation/unit/bab-4-grup-solvabel-dan-nilpoten/section/01/covers/surface/unit-031/protected-math-zone/117-inline,urn:uuid:84ff50e9-68a6-516e-9012-cc8eda32a1f2,covers,urn:uuid:bd6f7f7d-00ac-5182-86c3-1ed4ef7629a7,chapter4.tex:936-1107 (line 1107 blank boundary omitted from target mapping)
urn:uuid:24df025e-a001-5e90-a1ac-a3d26cd13c68,relation/unit/bab-4-grup-solvabel-dan-nilpoten/section/01/covers/surface/unit-031/protected-math-zone/118-inline,urn:uuid:84ff50e9-68a6-516e-9012-cc8eda32a1f2,covers,urn:uuid:7eb0167c-56ec-52af-bc5c-b411d74aa1de,chapter4.tex:936-1107 (line 1107 blank boundary omitted from target mapping)
urn:uuid:ce418fe3-53e2-5671-b868-59c856d7e4a2,relation/unit/bab-4-grup-solvabel-dan-nilpoten/section/01/covers/surface/unit-031/protected-math-zone/119-inline,urn:uuid:84ff50e9-68a6-516e-9012-cc8eda32a1f2,covers,urn:uuid:0ebdef3a-bbf3-5bc4-a2e0-dca7b9a41489,chapter4.tex:936-1107 (line 1107 blank boundary omitted from target mapping)
urn:uuid:ce24ad55-0161-5e9a-9cdc-2605b3d04401,relation/unit/bab-4-grup-solvabel-dan-nilpoten/section/01/covers/surface/unit-031/protected-math-zone/120-inline,urn:uuid:84ff50e9-68a6-516e-9012-cc8eda32a1f2,covers,urn:uuid:057d8c76-fc26-50a5-8cd6-3fd44ed56037,chapter4.tex:936-1107 (line 1107 blank boundary omitted from target mapping)
urn:uuid:b7b00a82-5b4d-5936-a3ac-68a6e9c4e863,relation/unit/bab-4-grup-solvabel-dan-nilpoten/section/01/covers/surface/unit-031/protected-math-zone/121-inline,urn:uuid:84ff50e9-68a6-516e-9012-cc8eda32a1f2,covers,urn:uuid:2b2d0472-b162-54d9-853d-c7912f83f661,chapter4.tex:936-1107 (line 1107 blank boundary omitted from target mapping)
urn:uuid:5f480024-dfb7-5498-b380-895e1c8063ab,relation/unit/bab-4-grup-solvabel-dan-nilpoten/section/01/covers/surface/unit-031/protected-math-zone/122-inline,urn:uuid:84ff50e9-68a6-516e-9012-cc8eda32a1f2,covers,urn:uuid:906a3abe-a634-50eb-86d0-f3c676689251,chapter4.tex:936-1107 (line 1107 blank boundary omitted from target mapping)
urn:uuid:d43b0eaf-09a2-5375-b7a9-a3d503047b28,relation/unit/bab-4-grup-solvabel-dan-nilpoten/section/01/covers/surface/unit-031/protected-math-zone/123-inline,urn:uuid:84ff50e9-68a6-516e-9012-cc8eda32a1f2,covers,urn:uuid:9b57afa0-4f9d-52ce-9a31-89d31fbd81d2,chapter4.tex:936-1107 (line 1107 blank boundary omitted from target mapping)
urn:uuid:b4437059-a2d2-5a68-943c-ac563d3decaa,relation/unit/bab-4-grup-solvabel-dan-nilpoten/section/01/covers/surface/unit-031/protected-math-zone/124-inline,urn:uuid:84ff50e9-68a6-516e-9012-cc8eda32a1f2,covers,urn:uuid:481d5477-6dc8-5fd0-be34-dffb1fd5c249,chapter4.tex:936-1107 (line 1107 blank boundary omitted from target mapping)
urn:uuid:60a6b061-4389-552f-a324-10f17efc52a7,relation/unit/bab-4-grup-solvabel-dan-nilpoten/section/01/covers/surface/unit-031/protected-math-zone/125-inline,urn:uuid:84ff50e9-68a6-516e-9012-cc8eda32a1f2,covers,urn:uuid:2c2c1f87-3490-5b2a-a819-e8401d404ae1,chapter4.tex:936-1107 (line 1107 blank boundary omitted from target mapping)
urn:uuid:5aade6de-692d-5b60-b2e6-2c5a20a6066f,relation/unit/bab-4-grup-solvabel-dan-nilpoten/section/01/covers/surface/unit-031/protected-math-zone/126-inline,urn:uuid:84ff50e9-68a6-516e-9012-cc8eda32a1f2,covers,urn:uuid:a5511faa-d3ac-5fa7-960a-b688e513d3e3,chapter4.tex:936-1107 (line 1107 blank boundary omitted from target mapping)
urn:uuid:da742775-7c2d-559b-b047-0947642ebaae,relation/unit/bab-4-grup-solvabel-dan-nilpoten/section/01/covers/surface/unit-031/protected-math-zone/127-inline,urn:uuid:84ff50e9-68a6-516e-9012-cc8eda32a1f2,covers,urn:uuid:2c4375ed-15f2-516b-ae67-df09644778fa,chapter4.tex:936-1107 (line 1107 blank boundary omitted from target mapping)
urn:uuid:d487898c-13f3-54f5-ba58-6b76df542bad,relation/unit/bab-4-grup-solvabel-dan-nilpoten/section/01/covers/surface/unit-031/protected-math-zone/128-inline,urn:uuid:84ff50e9-68a6-516e-9012-cc8eda32a1f2,covers,urn:uuid:b4a68d56-4861-56cd-adde-6c43902b45ac,chapter4.tex:936-1107 (line 1107 blank boundary omitted from target mapping)
urn:uuid:1327d5fd-416c-5e0a-b491-fed7bb3671db,relation/unit/bab-4-grup-solvabel-dan-nilpoten/section/01/covers/surface/unit-031/protected-math-zone/129-inline,urn:uuid:84ff50e9-68a6-516e-9012-cc8eda32a1f2,covers,urn:uuid:b6c9aa86-f520-502e-8d5b-d2614b590976,chapter4.tex:936-1107 (line 1107 blank boundary omitted from target mapping)
urn:uuid:3c117b3d-7b74-5902-b680-ed90bd5213dd,relation/unit/bab-4-grup-solvabel-dan-nilpoten/section/01/covers/surface/unit-031/protected-math-zone/130-inline,urn:uuid:84ff50e9-68a6-516e-9012-cc8eda32a1f2,covers,urn:uuid:f58aa833-fed4-55c4-8b2b-345b6311e91d,chapter4.tex:936-1107 (line 1107 blank boundary omitted from target mapping)
urn:uuid:d5c1142e-6cf5-5bc6-83af-bfc7bba99ab1,relation/unit/bab-4-grup-solvabel-dan-nilpoten/section/01/covers/surface/unit-031/protected-math-zone/131-inline,urn:uuid:84ff50e9-68a6-516e-9012-cc8eda32a1f2,covers,urn:uuid:37badc47-4b3f-5e59-9907-137aedcd00fa,chapter4.tex:936-1107 (line 1107 blank boundary omitted from target mapping)
urn:uuid:9c907c9f-2f28-5a19-9c2a-6cf093d96174,relation/unit/bab-4-grup-solvabel-dan-nilpoten/section/01/covers/surface/unit-031/protected-math-zone/132-inline,urn:uuid:84ff50e9-68a6-516e-9012-cc8eda32a1f2,covers,urn:uuid:db4df43b-afe1-5833-8151-9aff821523f9,chapter4.tex:936-1107 (line 1107 blank boundary omitted from target mapping)
urn:uuid:f5602a63-1f5e-5433-85c1-17178b78bdd5,relation/unit/bab-4-grup-solvabel-dan-nilpoten/section/01/covers/surface/unit-031/protected-math-zone/133-inline,urn:uuid:84ff50e9-68a6-516e-9012-cc8eda32a1f2,covers,urn:uuid:81adcac9-9dc8-51d1-bafd-c5be8c9ad2b3,chapter4.tex:936-1107 (line 1107 blank boundary omitted from target mapping)
urn:uuid:1df238ae-a4ee-5e78-befc-9ef2ace3e8c9,relation/unit/bab-4-grup-solvabel-dan-nilpoten/section/01/covers/surface/unit-031/protected-math-zone/134-inline,urn:uuid:84ff50e9-68a6-516e-9012-cc8eda32a1f2,covers,urn:uuid:cb78e957-e98e-5832-96b4-9c162f101e01,chapter4.tex:936-1107 (line 1107 blank boundary omitted from target mapping)
urn:uuid:7dd86e05-9456-56ef-b5b8-4be04e99ed0f,relation/unit/bab-4-grup-solvabel-dan-nilpoten/section/01/covers/surface/unit-031/protected-math-zone/135-inline,urn:uuid:84ff50e9-68a6-516e-9012-cc8eda32a1f2,covers,urn:uuid:407e4c24-a218-58d4-bb19-ff2e0374e41f,chapter4.tex:936-1107 (line 1107 blank boundary omitted from target mapping)
urn:uuid:b118d147-726b-5c7a-ab1c-16b3b57eefbc,relation/unit/bab-4-grup-solvabel-dan-nilpoten/section/01/covers/surface/unit-031/protected-math-zone/136-inline,urn:uuid:84ff50e9-68a6-516e-9012-cc8eda32a1f2,covers,urn:uuid:bf9f4ff4-212b-5c29-89de-aecd537a1fc4,chapter4.tex:936-1107 (line 1107 blank boundary omitted from target mapping)
urn:uuid:7135e16e-acf8-536b-98d4-98d5296aec36,relation/unit/bab-4-grup-solvabel-dan-nilpoten/section/01/covers/surface/unit-031/protected-math-zone/137-inline,urn:uuid:84ff50e9-68a6-516e-9012-cc8eda32a1f2,covers,urn:uuid:85a5e2ad-ff7d-5d86-89d1-dc7c62b84470,chapter4.tex:936-1107 (line 1107 blank boundary omitted from target mapping)
urn:uuid:6ff58277-e528-5db3-9245-291ecae4203e,relation/unit/bab-4-grup-solvabel-dan-nilpoten/section/01/covers/surface/unit-031/protected-math-zone/138-inline,urn:uuid:84ff50e9-68a6-516e-9012-cc8eda32a1f2,covers,urn:uuid:fe28b15b-009b-5575-9bd1-ddfa6d19d061,chapter4.tex:936-1107 (line 1107 blank boundary omitted from target mapping)
urn:uuid:cf9e658c-5e9f-52bb-84f0-921ed4fa0242,relation/unit/bab-4-grup-solvabel-dan-nilpoten/section/01/covers/surface/unit-031/protected-math-zone/139-inline,urn:uuid:84ff50e9-68a6-516e-9012-cc8eda32a1f2,covers,urn:uuid:ace226ff-d6ef-5fcb-ada7-75fdb9499ebd,chapter4.tex:936-1107 (line 1107 blank boundary omitted from target mapping)
urn:uuid:6aacb027-9d6c-58ed-b6cb-27b0ed9ce278,relation/unit/bab-4-grup-solvabel-dan-nilpoten/section/01/covers/surface/unit-031/protected-math-zone/140-inline,urn:uuid:84ff50e9-68a6-516e-9012-cc8eda32a1f2,covers,urn:uuid:f676ae68-746c-5ba5-89fe-75dac48de015,chapter4.tex:936-1107 (line 1107 blank boundary omitted from target mapping)
urn:uuid:129cb167-d6fd-571b-a4bb-01f4e52de983,relation/unit/bab-4-grup-solvabel-dan-nilpoten/section/01/covers/surface/unit-031/protected-math-zone/141-display-bracket,urn:uuid:84ff50e9-68a6-516e-9012-cc8eda32a1f2,covers,urn:uuid:2658c3b6-e934-57d3-a2a4-047a0fb6a85e,chapter4.tex:936-1107 (line 1107 blank boundary omitted from target mapping)
urn:uuid:bed6088c-2311-5eab-bfaf-3db731a48786,relation/unit/bab-4-grup-solvabel-dan-nilpoten/section/01/covers/surface/unit-031/protected-math-zone/142-inline,urn:uuid:84ff50e9-68a6-516e-9012-cc8eda32a1f2,covers,urn:uuid:f85b8131-2581-50f0-9377-a2d64c834ec1,chapter4.tex:936-1107 (line 1107 blank boundary omitted from target mapping)
urn:uuid:1a9817dc-bccd-5be8-a1be-624a9a85bb3c,relation/unit/bab-4-grup-solvabel-dan-nilpoten/section/01/covers/surface/unit-031/protected-math-zone/143-inline,urn:uuid:84ff50e9-68a6-516e-9012-cc8eda32a1f2,covers,urn:uuid:b563debf-3636-50a2-8436-8f59bdeefb9d,chapter4.tex:936-1107 (line 1107 blank boundary omitted from target mapping)
urn:uuid:655331db-77d1-539b-8837-c8481c27159e,relation/unit/bab-4-grup-solvabel-dan-nilpoten/section/01/covers/surface/unit-031/protected-math-zone/144-display-bracket,urn:uuid:84ff50e9-68a6-516e-9012-cc8eda32a1f2,covers,urn:uuid:ecd6daab-73c0-520a-9735-d5f76e38a9d3,chapter4.tex:936-1107 (line 1107 blank boundary omitted from target mapping)
urn:uuid:3fbbf0a6-9434-5c3b-9d6a-b2c51f268240,relation/unit/bab-4-grup-solvabel-dan-nilpoten/section/01/covers/surface/unit-031/protected-math-zone/145-inline,urn:uuid:84ff50e9-68a6-516e-9012-cc8eda32a1f2,covers,urn:uuid:fb69297a-567f-5c00-ae59-3584adc05a0c,chapter4.tex:936-1107 (line 1107 blank boundary omitted from target mapping)
urn:uuid:a3290777-c88d-5f6f-8c1d-ded867c39e35,relation/unit/bab-4-grup-solvabel-dan-nilpoten/section/01/covers/surface/unit-031/protected-math-zone/146-inline,urn:uuid:84ff50e9-68a6-516e-9012-cc8eda32a1f2,covers,urn:uuid:65fde69f-200a-5b96-8cc7-822095a1a5b3,chapter4.tex:936-1107 (line 1107 blank boundary omitted from target mapping)
urn:uuid:6090d7fb-005d-55c1-a62f-539a4d8cdf4c,relation/unit/bab-4-grup-solvabel-dan-nilpoten/section/01/covers/surface/unit-031/protected-math-zone/147-inline,urn:uuid:84ff50e9-68a6-516e-9012-cc8eda32a1f2,covers,urn:uuid:e69505ca-f529-52d6-b63c-9b82f4dfaa81,chapter4.tex:936-1107 (line 1107 blank boundary omitted from target mapping)
urn:uuid:4a912737-25d8-55e5-8eb6-5b65398bce40,relation/unit/bab-4-grup-solvabel-dan-nilpoten/section/01/covers/surface/unit-031/protected-math-zone/148-inline,urn:uuid:84ff50e9-68a6-516e-9012-cc8eda32a1f2,covers,urn:uuid:03486f42-be9d-5290-8026-20008afcb4ad,chapter4.tex:936-1107 (line 1107 blank boundary omitted from target mapping)
urn:uuid:bd5aafd6-d936-5d19-91db-e268908c91f1,relation/unit/bab-4-grup-solvabel-dan-nilpoten/section/01/covers/surface/unit-031/protected-math-zone/149-inline,urn:uuid:84ff50e9-68a6-516e-9012-cc8eda32a1f2,covers,urn:uuid:16b30680-9153-593d-bec8-381ec1fe05a2,chapter4.tex:936-1107 (line 1107 blank boundary omitted from target mapping)
urn:uuid:0497239e-0128-519d-98e9-27bfab60cf26,relation/unit/bab-4-grup-solvabel-dan-nilpoten/section/01/covers/surface/unit-031/protected-math-zone/150-inline,urn:uuid:84ff50e9-68a6-516e-9012-cc8eda32a1f2,covers,urn:uuid:dcd27ce8-249c-5e20-ba57-c67e153ba6bd,chapter4.tex:936-1107 (line 1107 blank boundary omitted from target mapping)
urn:uuid:5f427a94-3999-51d9-87a9-0c31c33f1615,relation/unit/bab-4-grup-solvabel-dan-nilpoten/section/01/covers/surface/unit-031/protected-math-zone/151-inline,urn:uuid:84ff50e9-68a6-516e-9012-cc8eda32a1f2,covers,urn:uuid:0a33a4dc-8111-549c-9ffc-f06556eb6083,chapter4.tex:936-1107 (line 1107 blank boundary omitted from target mapping)
urn:uuid:2f097897-7bce-510e-89ba-2caee2c5ffdd,relation/unit/bab-4-grup-solvabel-dan-nilpoten/section/01/covers/surface/unit-031/protected-math-zone/152-display-bracket,urn:uuid:84ff50e9-68a6-516e-9012-cc8eda32a1f2,covers,urn:uuid:89df83d4-6515-5630-aa05-efbe8176ee08,chapter4.tex:936-1107 (line 1107 blank boundary omitted from target mapping)
urn:uuid:a62afef3-94fc-5089-b56f-4ca8a9b92d1a,relation/unit/bab-4-grup-solvabel-dan-nilpoten/section/01/covers/surface/unit-031/protected-math-zone/153-inline,urn:uuid:84ff50e9-68a6-516e-9012-cc8eda32a1f2,covers,urn:uuid:8d17c16c-acaa-5345-ba1b-5cc8e8499275,chapter4.tex:936-1107 (line 1107 blank boundary omitted from target mapping)
urn:uuid:c4efd916-f826-5078-a39e-6766f8f55d27,relation/unit/bab-4-grup-solvabel-dan-nilpoten/section/01/covers/surface/unit-031/protected-math-zone/154-inline,urn:uuid:84ff50e9-68a6-516e-9012-cc8eda32a1f2,covers,urn:uuid:d8e6fd4a-6191-51d6-b417-1c41a3e1c320,chapter4.tex:936-1107 (line 1107 blank boundary omitted from target mapping)
urn:uuid:22ec1c11-b6c5-5995-a5b5-c6cb5b590743,relation/unit/bab-4-grup-solvabel-dan-nilpoten/section/01/covers/surface/unit-031/protected-math-zone/155-inline,urn:uuid:84ff50e9-68a6-516e-9012-cc8eda32a1f2,covers,urn:uuid:1f4b3bb5-458a-5d68-be58-fcbcece6ee28,chapter4.tex:936-1107 (line 1107 blank boundary omitted from target mapping)
urn:uuid:c9e6b950-9cd2-54ba-a0c9-b5b07e81784e,relation/unit/bab-4-grup-solvabel-dan-nilpoten/section/01/covers/surface/unit-031/protected-math-zone/156-inline,urn:uuid:84ff50e9-68a6-516e-9012-cc8eda32a1f2,covers,urn:uuid:f2db9231-b519-51ba-a0d3-53ea4a38ed09,chapter4.tex:936-1107 (line 1107 blank boundary omitted from target mapping)
urn:uuid:00d3228f-684e-5c18-967f-ace815db905f,relation/unit/bab-4-grup-solvabel-dan-nilpoten/section/01/covers/surface/unit-031/protected-math-zone/157-inline,urn:uuid:84ff50e9-68a6-516e-9012-cc8eda32a1f2,covers,urn:uuid:e4f895df-299c-57ac-b890-e1f883c40642,chapter4.tex:936-1107 (line 1107 blank boundary omitted from target mapping)
urn:uuid:d14c5e7a-ccb0-5ab6-af28-d7ac12b3962c,relation/unit/bab-4-grup-solvabel-dan-nilpoten/section/01/covers/surface/unit-031/protected-math-zone/158-inline,urn:uuid:84ff50e9-68a6-516e-9012-cc8eda32a1f2,covers,urn:uuid:913ddac4-8412-5d3a-be59-6383f9385b5b,chapter4.tex:936-1107 (line 1107 blank boundary omitted from target mapping)
urn:uuid:534be6ac-0bc0-5b7e-8132-dd9dbdc852e6,relation/unit/bab-4-grup-solvabel-dan-nilpoten/section/01/covers/surface/unit-031/protected-math-zone/159-display-bracket,urn:uuid:84ff50e9-68a6-516e-9012-cc8eda32a1f2,covers,urn:uuid:aeaa7eaf-cab3-51cf-b5e5-440415a94f2f,chapter4.tex:936-1107 (line 1107 blank boundary omitted from target mapping)
urn:uuid:d1919ac9-2598-596c-9cea-ddbd2e08d122,relation/unit/bab-4-grup-solvabel-dan-nilpoten/section/01/covers/surface/unit-031/protected-math-zone/160-display-environment,urn:uuid:84ff50e9-68a6-516e-9012-cc8eda32a1f2,covers,urn:uuid:91a39b0c-0223-5184-a82c-1cd315085158,chapter4.tex:936-1107 (line 1107 blank boundary omitted from target mapping)
urn:uuid:347b686a-c325-5a24-af74-d16dce651aa0,relation/unit/bab-4-grup-solvabel-dan-nilpoten/section/01/covers/surface/unit-031/protected-math-zone/161-display-environment,urn:uuid:84ff50e9-68a6-516e-9012-cc8eda32a1f2,covers,urn:uuid:6f0eebbe-b8ff-5ee1-8120-4a1c2e95385a,chapter4.tex:936-1107 (line 1107 blank boundary omitted from target mapping)
urn:uuid:97f51c9c-6ab8-5c12-81f3-fb3ccfd67ca1,relation/unit/bab-4-grup-solvabel-dan-nilpoten/section/01/covers/surface/unit-031/protected-math-zone/162-inline,urn:uuid:84ff50e9-68a6-516e-9012-cc8eda32a1f2,covers,urn:uuid:3192604c-291c-5823-9190-9cf0c2ef6a98,chapter4.tex:936-1107 (line 1107 blank boundary omitted from target mapping)
urn:uuid:1f444307-f095-55d5-981a-59c2d45822ce,relation/unit/bab-4-grup-solvabel-dan-nilpoten/section/01/covers/surface/unit-031/protected-math-zone/163-inline,urn:uuid:84ff50e9-68a6-516e-9012-cc8eda32a1f2,covers,urn:uuid:a079afcf-2a04-55b4-9197-0a3ab01658bc,chapter4.tex:936-1107 (line 1107 blank boundary omitted from target mapping)
urn:uuid:8cba034d-d4f6-5d9f-b031-e77f9d4087fc,relation/unit/bab-4-grup-solvabel-dan-nilpoten/section/01/covers/surface/unit-031/protected-math-zone/164-inline,urn:uuid:84ff50e9-68a6-516e-9012-cc8eda32a1f2,covers,urn:uuid:456c9347-40d3-5d17-b356-2f70409b1eb3,chapter4.tex:936-1107 (line 1107 blank boundary omitted from target mapping)
urn:uuid:9f2fc8b0-32e9-566d-993f-2a5e2ebe8a91,relation/unit/bab-4-grup-solvabel-dan-nilpoten/section/01/covers/surface/unit-031/protected-math-zone/165-inline,urn:uuid:84ff50e9-68a6-516e-9012-cc8eda32a1f2,covers,urn:uuid:fcc7484d-ecbb-5460-800a-4d1c332dd529,chapter4.tex:936-1107 (line 1107 blank boundary omitted from target mapping)
urn:uuid:84641313-fc98-59a4-b433-82191118448c,relation/unit/bab-4-grup-solvabel-dan-nilpoten/section/01/covers/surface/unit-031/protected-math-zone/166-inline,urn:uuid:84ff50e9-68a6-516e-9012-cc8eda32a1f2,covers,urn:uuid:040e0b85-96bd-56e3-ba35-221c10243121,chapter4.tex:936-1107 (line 1107 blank boundary omitted from target mapping)
urn:uuid:248de0d1-3e1e-5948-8ada-d3f1b301e4a9,relation/unit/bab-4-grup-solvabel-dan-nilpoten/section/01/covers/surface/unit-031/protected-math-zone/167-inline,urn:uuid:84ff50e9-68a6-516e-9012-cc8eda32a1f2,covers,urn:uuid:32ff2e68-0fd4-56fc-a8b9-0e059bd36826,chapter4.tex:936-1107 (line 1107 blank boundary omitted from target mapping)
urn:uuid:2644240b-f4a7-5e9f-be54-960811817252,relation/unit/bab-4-grup-solvabel-dan-nilpoten/section/01/covers/surface/unit-031/protected-math-zone/168-inline,urn:uuid:84ff50e9-68a6-516e-9012-cc8eda32a1f2,covers,urn:uuid:085658ce-9496-5226-8f35-87ec1caf69cd,chapter4.tex:936-1107 (line 1107 blank boundary omitted from target mapping)
urn:uuid:9e1c09af-6a81-50c1-8a81-857063278990,relation/unit/bab-4-grup-solvabel-dan-nilpoten/section/01/covers/surface/unit-031/protected-math-zone/169-inline,urn:uuid:84ff50e9-68a6-516e-9012-cc8eda32a1f2,covers,urn:uuid:2610c246-d380-5ad2-b8ac-93409cd5c3d4,chapter4.tex:936-1107 (line 1107 blank boundary omitted from target mapping)
urn:uuid:5bf1275f-d41a-550a-a5df-78645cc03dce,relation/unit/bab-4-grup-solvabel-dan-nilpoten/section/01/covers/surface/unit-031/protected-math-zone/170-inline,urn:uuid:84ff50e9-68a6-516e-9012-cc8eda32a1f2,covers,urn:uuid:8b764236-af0f-5375-846f-31d892bad723,chapter4.tex:936-1107 (line 1107 blank boundary omitted from target mapping)
urn:uuid:9c50dc3c-7cbf-53bb-9108-2333bbdf487c,relation/unit/bab-4-grup-solvabel-dan-nilpoten/section/01/covers/surface/unit-031/protected-math-zone/171-display-bracket,urn:uuid:84ff50e9-68a6-516e-9012-cc8eda32a1f2,covers,urn:uuid:d3b12319-2f09-52cb-924a-2a572aac2a32,chapter4.tex:936-1107 (line 1107 blank boundary omitted from target mapping)
urn:uuid:afa31d15-b359-5880-95e6-4dcbd7dea749,relation/unit/bab-4-grup-solvabel-dan-nilpoten/section/01/covers/surface/unit-031/protected-math-zone/172-inline,urn:uuid:84ff50e9-68a6-516e-9012-cc8eda32a1f2,covers,urn:uuid:f5f80a09-c85d-512e-a9c1-9a902ed53540,chapter4.tex:936-1107 (line 1107 blank boundary omitted from target mapping)
urn:uuid:c7b80c33-069c-5006-a0dc-174cd13a1405,relation/unit/bab-4-grup-solvabel-dan-nilpoten/section/01/covers/surface/unit-031/protected-math-zone/173-inline,urn:uuid:84ff50e9-68a6-516e-9012-cc8eda32a1f2,covers,urn:uuid:13f3b3bd-6e2e-542f-8aae-2ec864b48079,chapter4.tex:936-1107 (line 1107 blank boundary omitted from target mapping)
urn:uuid:574e6c31-f054-599e-8ade-024958a1c23d,relation/unit/bab-4-grup-solvabel-dan-nilpoten/section/01/covers/surface/unit-031/protected-math-zone/174-inline,urn:uuid:84ff50e9-68a6-516e-9012-cc8eda32a1f2,covers,urn:uuid:d3df5fa6-d303-5b9b-91f4-aa3b4ea37252,chapter4.tex:936-1107 (line 1107 blank boundary omitted from target mapping)
urn:uuid:7132d2d3-1307-53d6-9158-0e3908e1e695,relation/unit/bab-4-grup-solvabel-dan-nilpoten/section/01/covers/surface/unit-031/protected-math-zone/175-inline,urn:uuid:84ff50e9-68a6-516e-9012-cc8eda32a1f2,covers,urn:uuid:81ab6195-900a-5ea9-9d39-2f0125a2205a,chapter4.tex:936-1107 (line 1107 blank boundary omitted from target mapping)
urn:uuid:747a6f26-4300-5da8-a6b0-79e3e8237dad,relation/unit/bab-4-grup-solvabel-dan-nilpoten/section/01/covers/surface/unit-031/protected-math-zone/176-display-environment,urn:uuid:84ff50e9-68a6-516e-9012-cc8eda32a1f2,covers,urn:uuid:86986213-8ccf-5ffd-8839-a9172733e356,chapter4.tex:936-1107 (line 1107 blank boundary omitted from target mapping)
urn:uuid:c49363ee-9abb-59e8-b86c-b0f470d7caac,relation/unit/bab-4-grup-solvabel-dan-nilpoten/section/01/covers/surface/unit-031/protected-math-zone/177-inline,urn:uuid:84ff50e9-68a6-516e-9012-cc8eda32a1f2,covers,urn:uuid:5fe3ee9b-0934-597b-9342-a82c48c892ab,chapter4.tex:936-1107 (line 1107 blank boundary omitted from target mapping)
urn:uuid:7ba0f015-c5b6-5805-bb74-0c88eebf2e5f,relation/unit/bab-4-grup-solvabel-dan-nilpoten/section/01/covers/surface/unit-031/protected-math-zone/178-inline,urn:uuid:84ff50e9-68a6-516e-9012-cc8eda32a1f2,covers,urn:uuid:5bcf98f4-076a-560c-a24a-f35ab6d5aad0,chapter4.tex:936-1107 (line 1107 blank boundary omitted from target mapping)
urn:uuid:a926a288-e44d-52bb-809b-38e0a49596ae,relation/unit/bab-4-grup-solvabel-dan-nilpoten/section/01/covers/surface/unit-031/protected-math-zone/179-inline,urn:uuid:84ff50e9-68a6-516e-9012-cc8eda32a1f2,covers,urn:uuid:1155e474-f5a8-52f7-a975-806007047b43,chapter4.tex:936-1107 (line 1107 blank boundary omitted from target mapping)
urn:uuid:824ac857-70e2-52f9-84c2-da0ca23b4747,relation/unit/bab-4-grup-solvabel-dan-nilpoten/section/01/covers/surface/unit-031/protected-math-zone/180-inline,urn:uuid:84ff50e9-68a6-516e-9012-cc8eda32a1f2,covers,urn:uuid:3923c76d-26a2-59aa-8f58-2bcbb6fc2ab0,chapter4.tex:936-1107 (line 1107 blank boundary omitted from target mapping)
urn:uuid:a7cd8b8c-8b2b-522a-aeb0-8199e0ebfb6c,relation/unit/bab-4-grup-solvabel-dan-nilpoten/section/01/covers/surface/unit-031/protected-math-zone/181-inline,urn:uuid:84ff50e9-68a6-516e-9012-cc8eda32a1f2,covers,urn:uuid:3073d1ea-e18b-504f-a9d4-ab1905f36128,chapter4.tex:936-1107 (line 1107 blank boundary omitted from target mapping)
urn:uuid:c71daef1-0e67-5395-b116-5e7b17d70b85,relation/unit/bab-4-grup-solvabel-dan-nilpoten/section/01/covers/surface/unit-031/protected-math-zone/182-inline,urn:uuid:84ff50e9-68a6-516e-9012-cc8eda32a1f2,covers,urn:uuid:fffdefaf-9061-505b-8f9e-b3d9837fecf5,chapter4.tex:936-1107 (line 1107 blank boundary omitted from target mapping)
urn:uuid:53798bc8-cb60-53e8-9ee2-9dddc39caf38,relation/unit/bab-4-grup-solvabel-dan-nilpoten/section/01/covers/surface/unit-031/protected-math-zone/183-inline,urn:uuid:84ff50e9-68a6-516e-9012-cc8eda32a1f2,covers,urn:uuid:410c9d41-a170-5ed5-8e07-158f063210b9,chapter4.tex:936-1107 (line 1107 blank boundary omitted from target mapping)
urn:uuid:99c44f89-b520-528c-b01b-27280d0401fb,relation/unit/bab-4-grup-solvabel-dan-nilpoten/section/01/covers/surface/unit-031/protected-math-zone/184-inline,urn:uuid:84ff50e9-68a6-516e-9012-cc8eda32a1f2,covers,urn:uuid:731230e7-7fa0-5fc8-aaaa-35b148ed6fa3,chapter4.tex:936-1107 (line 1107 blank boundary omitted from target mapping)
urn:uuid:fe36ed2d-bed7-53ef-a498-5fa38a7d2db8,relation/unit/bab-4-grup-solvabel-dan-nilpoten/section/01/covers/surface/unit-031/protected-math-zone/185-inline,urn:uuid:84ff50e9-68a6-516e-9012-cc8eda32a1f2,covers,urn:uuid:4160e191-08e2-5406-b8df-a1b7d36987ba,chapter4.tex:936-1107 (line 1107 blank boundary omitted from target mapping)
urn:uuid:f6e028b9-71a1-531b-b367-c793dc6dfd84,relation/unit/bab-4-grup-solvabel-dan-nilpoten/section/01/covers/surface/unit-031/protected-math-zone/186-inline,urn:uuid:84ff50e9-68a6-516e-9012-cc8eda32a1f2,covers,urn:uuid:394b3d14-04d4-5aa9-b913-c406a0adf1fe,chapter4.tex:936-1107 (line 1107 blank boundary omitted from target mapping)
urn:uuid:7171f626-d4bc-5371-8cb1-68c6d4d1a904,relation/unit/bab-4-grup-solvabel-dan-nilpoten/section/01/covers/surface/unit-031/protected-math-zone/187-inline,urn:uuid:84ff50e9-68a6-516e-9012-cc8eda32a1f2,covers,urn:uuid:56cd87b8-8f32-50fa-970a-9ffc8bb206ff,chapter4.tex:936-1107 (line 1107 blank boundary omitted from target mapping)
urn:uuid:da56e590-1cff-5627-a8c6-0016203dda4a,relation/unit/bab-4-grup-solvabel-dan-nilpoten/section/01/covers/surface/unit-031/protected-math-zone/188-inline,urn:uuid:84ff50e9-68a6-516e-9012-cc8eda32a1f2,covers,urn:uuid:1a7b1dac-b1c0-598f-9204-3ab9f5b51c76,chapter4.tex:936-1107 (line 1107 blank boundary omitted from target mapping)
urn:uuid:6dc1e4b2-3446-5f23-bed2-9a27f6681bfa,relation/unit/bab-4-grup-solvabel-dan-nilpoten/section/01/covers/surface/unit-031/protected-math-zone/189-inline,urn:uuid:84ff50e9-68a6-516e-9012-cc8eda32a1f2,covers,urn:uuid:344265a0-a6d4-59c8-b0fa-9ff680587cb9,chapter4.tex:936-1107 (line 1107 blank boundary omitted from target mapping)
urn:uuid:18ea6bf0-f1ca-5d23-8d8e-e5a72d194f7c,relation/unit/bab-4-grup-solvabel-dan-nilpoten/section/01/covers/surface/unit-031/protected-math-zone/190-inline,urn:uuid:84ff50e9-68a6-516e-9012-cc8eda32a1f2,covers,urn:uuid:d4531601-c036-5213-821b-086dd1cb1d9e,chapter4.tex:936-1107 (line 1107 blank boundary omitted from target mapping)
urn:uuid:ece78701-c7e3-5845-b2ad-661fcedb4248,relation/unit/bab-4-grup-solvabel-dan-nilpoten/section/01/covers/surface/unit-031/protected-math-zone/191-inline,urn:uuid:84ff50e9-68a6-516e-9012-cc8eda32a1f2,covers,urn:uuid:19d6b536-3b37-5a7f-98da-d3bbf1456089,chapter4.tex:936-1107 (line 1107 blank boundary omitted from target mapping)
urn:uuid:96501570-d99c-5800-ae65-299db043cd6b,relation/unit/bab-4-grup-solvabel-dan-nilpoten/section/01/covers/surface/unit-031/protected-math-zone/192-display-bracket,urn:uuid:84ff50e9-68a6-516e-9012-cc8eda32a1f2,covers,urn:uuid:f2c367a5-68e9-5a45-8343-9c6be6628008,chapter4.tex:936-1107 (line 1107 blank boundary omitted from target mapping)
urn:uuid:7b84fc1c-3ef0-5b28-8f05-3f211b77a7eb,relation/unit/bab-4-grup-solvabel-dan-nilpoten/section/01/covers/surface/unit-031/protected-math-zone/193-inline,urn:uuid:84ff50e9-68a6-516e-9012-cc8eda32a1f2,covers,urn:uuid:a0d6e795-8266-5088-a7be-9a56726c2a7b,chapter4.tex:936-1107 (line 1107 blank boundary omitted from target mapping)
urn:uuid:dad7fb37-a33c-5bca-875c-db15c1a08ff7,relation/unit/bab-4-grup-solvabel-dan-nilpoten/section/01/covers/surface/unit-031/protected-math-zone/194-inline,urn:uuid:84ff50e9-68a6-516e-9012-cc8eda32a1f2,covers,urn:uuid:568e6be1-df88-5cd0-92c0-2199f30d5d6f,chapter4.tex:936-1107 (line 1107 blank boundary omitted from target mapping)
urn:uuid:c7eb79ca-7d53-5310-a883-b45936fc51a9,relation/unit/bab-4-grup-solvabel-dan-nilpoten/section/01/covers/surface/unit-031/protected-math-zone/195-inline,urn:uuid:84ff50e9-68a6-516e-9012-cc8eda32a1f2,covers,urn:uuid:9517714d-290b-55f2-8538-02ba6f162931,chapter4.tex:936-1107 (line 1107 blank boundary omitted from target mapping)
urn:uuid:590c463c-6e62-5983-b594-8583dc8d2932,relation/unit/bab-4-grup-solvabel-dan-nilpoten/section/01/covers/surface/unit-031/protected-math-zone/196-inline,urn:uuid:84ff50e9-68a6-516e-9012-cc8eda32a1f2,covers,urn:uuid:bef1d8a9-d50a-5e7a-9acf-eac91c6c02bf,chapter4.tex:936-1107 (line 1107 blank boundary omitted from target mapping)
urn:uuid:b67316c7-95df-57b2-8594-3748960abc98,relation/unit/bab-4-grup-solvabel-dan-nilpoten/section/01/covers/surface/unit-031/protected-math-zone/197-inline,urn:uuid:84ff50e9-68a6-516e-9012-cc8eda32a1f2,covers,urn:uuid:a0e35d1b-0a66-5fce-ae0d-22ea01cd877f,chapter4.tex:936-1107 (line 1107 blank boundary omitted from target mapping)
urn:uuid:67ecccbc-979a-582e-9038-eb552cc1e434,relation/unit/bab-4-grup-solvabel-dan-nilpoten/section/01/covers/surface/unit-031/protected-math-zone/198-inline,urn:uuid:84ff50e9-68a6-516e-9012-cc8eda32a1f2,covers,urn:uuid:87d1d95b-ebfc-5571-ba1c-271823ea55cd,chapter4.tex:936-1107 (line 1107 blank boundary omitted from target mapping)
urn:uuid:a38f8b40-94c5-5e33-b819-05fd4b5d2672,relation/unit/bab-4-grup-solvabel-dan-nilpoten/section/01/covers/surface/unit-031/protected-math-zone/199-inline,urn:uuid:84ff50e9-68a6-516e-9012-cc8eda32a1f2,covers,urn:uuid:60358a71-8a70-53ee-acd2-6dc18295aad8,chapter4.tex:936-1107 (line 1107 blank boundary omitted from target mapping)
urn:uuid:05b164af-5a42-5eea-9d87-aa753305d50a,relation/unit/bab-4-grup-solvabel-dan-nilpoten/section/01/covers/surface/unit-031/protected-math-zone/200-inline,urn:uuid:84ff50e9-68a6-516e-9012-cc8eda32a1f2,covers,urn:uuid:d36fe2d4-e172-5811-9964-5a23d9899aa4,chapter4.tex:936-1107 (line 1107 blank boundary omitted from target mapping)
urn:uuid:bd4b24fe-a396-5a62-92d4-a65fe62cbfd1,relation/unit/bab-4-grup-solvabel-dan-nilpoten/section/01/covers/surface/unit-031/protected-math-zone/201-inline,urn:uuid:84ff50e9-68a6-516e-9012-cc8eda32a1f2,covers,urn:uuid:86d9cc29-4d94-5811-8a34-80a5f0c31317,chapter4.tex:936-1107 (line 1107 blank boundary omitted from target mapping)
urn:uuid:b35de32b-7017-5e1e-b3d7-ac68949e9a8d,relation/unit/bab-4-grup-solvabel-dan-nilpoten/section/01/covers/surface/unit-031/protected-math-zone/202-display-environment,urn:uuid:84ff50e9-68a6-516e-9012-cc8eda32a1f2,covers,urn:uuid:b6ee4dcb-45b3-580b-bd8c-05e6b4fb3389,chapter4.tex:936-1107 (line 1107 blank boundary omitted from target mapping)
urn:uuid:444ab4f7-008d-5585-96ca-294b51beb867,relation/unit/bab-4-grup-solvabel-dan-nilpoten/section/01/covers/surface/unit-031/protected-math-zone/203-inline,urn:uuid:84ff50e9-68a6-516e-9012-cc8eda32a1f2,covers,urn:uuid:d15ae783-8cdb-5899-b165-7b1dabb5fabb,chapter4.tex:936-1107 (line 1107 blank boundary omitted from target mapping)
urn:uuid:65d22e25-2877-59c7-99a2-9dc6b7ed6ad1,relation/unit/bab-4-grup-solvabel-dan-nilpoten/section/01/covers/surface/unit-031/protected-math-zone/204-inline,urn:uuid:84ff50e9-68a6-516e-9012-cc8eda32a1f2,covers,urn:uuid:84fe8daa-0b4d-5ba7-8094-7488b03f3784,chapter4.tex:936-1107 (line 1107 blank boundary omitted from target mapping)
urn:uuid:decaa9ae-94f0-5975-b567-c445d983d276,relation/unit/bab-4-grup-solvabel-dan-nilpoten/section/01/covers/surface/unit-031/protected-math-zone/205-inline,urn:uuid:84ff50e9-68a6-516e-9012-cc8eda32a1f2,covers,urn:uuid:e0f57601-f3e2-54c7-920f-139b17a75adf,chapter4.tex:936-1107 (line 1107 blank boundary omitted from target mapping)
urn:uuid:481f28ed-6426-54d9-a1f8-ee88d53b3696,relation/unit/bab-4-grup-solvabel-dan-nilpoten/section/01/covers/surface/unit-031/protected-math-zone/206-inline,urn:uuid:84ff50e9-68a6-516e-9012-cc8eda32a1f2,covers,urn:uuid:176053ba-4f87-5050-9acc-cdc211f28290,chapter4.tex:936-1107 (line 1107 blank boundary omitted from target mapping)
urn:uuid:66e1774d-5bb6-579e-a650-b04462412539,relation/unit/bab-4-grup-solvabel-dan-nilpoten/section/01/covers/surface/unit-031/protected-math-zone/207-inline,urn:uuid:84ff50e9-68a6-516e-9012-cc8eda32a1f2,covers,urn:uuid:a10c0052-0911-506c-b117-d8037d764cf6,chapter4.tex:936-1107 (line 1107 blank boundary omitted from target mapping)
urn:uuid:5ddc78e1-2f8d-59a9-bb1d-6d6a4a60decb,relation/unit/bab-4-grup-solvabel-dan-nilpoten/section/01/covers/surface/unit-031/protected-math-zone/208-inline,urn:uuid:84ff50e9-68a6-516e-9012-cc8eda32a1f2,covers,urn:uuid:c7f4d232-1d3f-5a73-95c5-138bb5d6b2fb,chapter4.tex:936-1107 (line 1107 blank boundary omitted from target mapping)
urn:uuid:4a61278a-d4bb-525c-8de1-33f8ca4555c9,relation/unit/bab-4-grup-solvabel-dan-nilpoten/section/01/covers/surface/unit-031/protected-math-zone/209-inline,urn:uuid:84ff50e9-68a6-516e-9012-cc8eda32a1f2,covers,urn:uuid:534d569b-3fa0-5ee7-a72d-e54972a7a760,chapter4.tex:936-1107 (line 1107 blank boundary omitted from target mapping)
urn:uuid:8ebd4f8b-67cc-50a3-99f3-734d62be813f,relation/unit/bab-4-grup-solvabel-dan-nilpoten/section/01/covers/surface/unit-031/protected-math-zone/210-inline,urn:uuid:84ff50e9-68a6-516e-9012-cc8eda32a1f2,covers,urn:uuid:a4297edb-a554-5953-938b-60d5899e961a,chapter4.tex:936-1107 (line 1107 blank boundary omitted from target mapping)
urn:uuid:0b3e377d-c0e6-518b-a900-d65344b3a4b6,relation/unit/bab-4-grup-solvabel-dan-nilpoten/section/01/covers/surface/unit-031/protected-math-zone/211-inline,urn:uuid:84ff50e9-68a6-516e-9012-cc8eda32a1f2,covers,urn:uuid:9eb14fa8-d6ef-5c99-b873-1bbd81e1b2be,chapter4.tex:936-1107 (line 1107 blank boundary omitted from target mapping)
urn:uuid:84e4a2f6-0970-5f7a-b9d4-8f73292a1098,relation/unit/bab-4-grup-solvabel-dan-nilpoten/section/01/covers/surface/unit-031/protected-math-zone/212-inline,urn:uuid:84ff50e9-68a6-516e-9012-cc8eda32a1f2,covers,urn:uuid:634f53dd-6406-5e24-81af-c07476f2d716,chapter4.tex:936-1107 (line 1107 blank boundary omitted from target mapping)
urn:uuid:e2f8f0f2-62d8-55f3-9126-4a93d0365d8a,relation/unit/bab-4-grup-solvabel-dan-nilpoten/section/01/covers/surface/unit-031/protected-math-zone/213-inline,urn:uuid:84ff50e9-68a6-516e-9012-cc8eda32a1f2,covers,urn:uuid:3a98823a-acbb-5bb6-9a8a-ba2bb2062a69,chapter4.tex:936-1107 (line 1107 blank boundary omitted from target mapping)
urn:uuid:7670549a-7300-5e43-b2b9-912fb5de8afa,relation/unit/bab-4-grup-solvabel-dan-nilpoten/section/01/covers/surface/unit-031/protected-math-zone/214-inline,urn:uuid:84ff50e9-68a6-516e-9012-cc8eda32a1f2,covers,urn:uuid:80dee240-6bd6-5a0b-a472-93a9dd3f8acd,chapter4.tex:936-1107 (line 1107 blank boundary omitted from target mapping)
urn:uuid:6b3366d1-2c29-5e8c-8e46-7f30dd9334d8,relation/unit/bab-4-grup-solvabel-dan-nilpoten/section/01/covers/surface/unit-031/protected-math-zone/215-inline,urn:uuid:84ff50e9-68a6-516e-9012-cc8eda32a1f2,covers,urn:uuid:ecbd14c4-beda-5316-96ea-4fe1a30e15d3,chapter4.tex:936-1107 (line 1107 blank boundary omitted from target mapping)
urn:uuid:851c875b-9ee1-5c45-871a-af4f9b00fd9d,relation/unit/bab-4-grup-solvabel-dan-nilpoten/section/01/covers/surface/unit-031/protected-math-zone/216-inline,urn:uuid:84ff50e9-68a6-516e-9012-cc8eda32a1f2,covers,urn:uuid:40a1f9a4-d452-5ab3-a630-15a269613846,chapter4.tex:936-1107 (line 1107 blank boundary omitted from target mapping)
urn:uuid:d93e179b-d3df-56e3-84a9-e6c754d25c1e,relation/unit/bab-4-grup-solvabel-dan-nilpoten/section/01/covers/surface/unit-031/protected-math-zone/217-inline,urn:uuid:84ff50e9-68a6-516e-9012-cc8eda32a1f2,covers,urn:uuid:f97e418b-efa8-5037-b446-99d85a6c9f9f,chapter4.tex:936-1107 (line 1107 blank boundary omitted from target mapping)
urn:uuid:bccf69c6-7aa4-5681-b1ce-bf7a811de7a2,relation/unit/bab-4-grup-solvabel-dan-nilpoten/section/01/covers/surface/unit-031/protected-math-zone/218-inline,urn:uuid:84ff50e9-68a6-516e-9012-cc8eda32a1f2,covers,urn:uuid:5601a407-907b-559c-8ef2-83be7069f5c4,chapter4.tex:936-1107 (line 1107 blank boundary omitted from target mapping)
urn:uuid:a3cad625-b7f5-55ba-a4a6-b86897281edd,relation/unit/bab-4-grup-solvabel-dan-nilpoten/section/01/covers/surface/unit-031/protected-math-zone/219-inline,urn:uuid:84ff50e9-68a6-516e-9012-cc8eda32a1f2,covers,urn:uuid:e38c16b9-7b69-5365-a5fe-1c1ae7cc9b3a,chapter4.tex:936-1107 (line 1107 blank boundary omitted from target mapping)
urn:uuid:b85a2455-0560-54d7-abc6-803684a5d9f0,relation/unit/bab-4-grup-solvabel-dan-nilpoten/section/01/covers/surface/unit-031/protected-math-zone/220-inline,urn:uuid:84ff50e9-68a6-516e-9012-cc8eda32a1f2,covers,urn:uuid:0522fbac-5660-50c9-bd70-ac7df4022f5a,chapter4.tex:936-1107 (line 1107 blank boundary omitted from target mapping)
urn:uuid:8a783fd1-341b-50bf-b359-79987b666cac,relation/unit/bab-4-grup-solvabel-dan-nilpoten/section/01/covers/surface/unit-031/protected-math-zone/221-inline,urn:uuid:84ff50e9-68a6-516e-9012-cc8eda32a1f2,covers,urn:uuid:55cbd3ca-4f68-5732-97f2-cbd6d9006378,chapter4.tex:936-1107 (line 1107 blank boundary omitted from target mapping)
urn:uuid:15b6c056-8237-5878-a7fe-a6e7d1799afb,relation/unit/bab-4-grup-solvabel-dan-nilpoten/section/01/covers/surface/unit-031/protected-math-zone/222-inline,urn:uuid:84ff50e9-68a6-516e-9012-cc8eda32a1f2,covers,urn:uuid:a4132c7f-6855-5eea-8a18-a0fb9fc44fc7,chapter4.tex:936-1107 (line 1107 blank boundary omitted from target mapping)
urn:uuid:eff19512-fc96-5e1c-bbd5-c0f459be9399,relation/unit/bab-4-grup-solvabel-dan-nilpoten/section/01/covers/surface/unit-031/protected-math-zone/223-inline,urn:uuid:84ff50e9-68a6-516e-9012-cc8eda32a1f2,covers,urn:uuid:e64e2350-9b02-5b0a-8a33-76e9fd6b70e7,chapter4.tex:936-1107 (line 1107 blank boundary omitted from target mapping)
urn:uuid:d0a832af-7d17-5805-a774-aa154dda35d6,relation/unit/bab-4-grup-solvabel-dan-nilpoten/section/01/covers/surface/unit-031/protected-math-zone/224-inline,urn:uuid:84ff50e9-68a6-516e-9012-cc8eda32a1f2,covers,urn:uuid:51aaab2c-4fef-5430-b8dd-18903210d850,chapter4.tex:936-1107 (line 1107 blank boundary omitted from target mapping)
urn:uuid:3449d342-80ed-5fe0-a57b-44280164da3c,relation/unit/bab-4-grup-solvabel-dan-nilpoten/section/01/covers/surface/unit-031/protected-math-zone/225-inline,urn:uuid:84ff50e9-68a6-516e-9012-cc8eda32a1f2,covers,urn:uuid:726ec10c-60bc-52f3-9990-9c8234a4d224,chapter4.tex:936-1107 (line 1107 blank boundary omitted from target mapping)
urn:uuid:7e19df96-e8a1-5ea6-8d0c-be9b5c992701,relation/unit/bab-4-grup-solvabel-dan-nilpoten/section/01/covers/surface/unit-031/protected-math-zone/226-inline,urn:uuid:84ff50e9-68a6-516e-9012-cc8eda32a1f2,covers,urn:uuid:be9d4a22-fdf6-5bbe-afb5-775233c1da31,chapter4.tex:936-1107 (line 1107 blank boundary omitted from target mapping)
urn:uuid:29ad2e81-ec68-5863-a01f-b237360187ec,relation/unit/bab-4-grup-solvabel-dan-nilpoten/section/01/covers/surface/unit-031/protected-math-zone/227-inline,urn:uuid:84ff50e9-68a6-516e-9012-cc8eda32a1f2,covers,urn:uuid:5fc31d36-1ec4-5c4d-a203-8eb8781b1227,chapter4.tex:936-1107 (line 1107 blank boundary omitted from target mapping)
urn:uuid:c797891d-60e5-5d0e-90bf-68bd7ec40b5b,relation/unit/bab-4-grup-solvabel-dan-nilpoten/section/01/covers/surface/unit-031/protected-math-zone/228-inline,urn:uuid:84ff50e9-68a6-516e-9012-cc8eda32a1f2,covers,urn:uuid:127a031b-c725-5b4d-ae77-dc16e0ae89b4,chapter4.tex:936-1107 (line 1107 blank boundary omitted from target mapping)
urn:uuid:8928ace8-401b-588f-be84-d165c556057a,relation/unit/bab-4-grup-solvabel-dan-nilpoten/section/01/covers/surface/unit-031/protected-math-zone/229-inline,urn:uuid:84ff50e9-68a6-516e-9012-cc8eda32a1f2,covers,urn:uuid:38f029b8-77ce-5569-94f9-cda04af10b17,chapter4.tex:936-1107 (line 1107 blank boundary omitted from target mapping)
urn:uuid:b7109d46-8488-553f-8d10-8fb3ce4e9ffe,relation/unit/bab-4-grup-solvabel-dan-nilpoten/section/01/covers/surface/unit-031/protected-math-zone/230-inline,urn:uuid:84ff50e9-68a6-516e-9012-cc8eda32a1f2,covers,urn:uuid:45c98eca-6b78-5bcc-8454-4dfdc1667755,chapter4.tex:936-1107 (line 1107 blank boundary omitted from target mapping)
urn:uuid:d4f314eb-7460-5110-bb62-6dabe3c05519,relation/unit/bab-4-grup-solvabel-dan-nilpoten/section/01/covers/surface/unit-031/protected-math-zone/231-display-environment,urn:uuid:84ff50e9-68a6-516e-9012-cc8eda32a1f2,covers,urn:uuid:0aaab0b1-86aa-54c0-b36e-4a1d72a92b88,chapter4.tex:936-1107 (line 1107 blank boundary omitted from target mapping)
urn:uuid:cfe6aa9f-cf16-57a7-8475-72783d5d2f64,relation/unit/bab-4-grup-solvabel-dan-nilpoten/section/01/covers/surface/unit-031/protected-math-zone/232-inline,urn:uuid:84ff50e9-68a6-516e-9012-cc8eda32a1f2,covers,urn:uuid:9f320557-467f-5eaf-8635-45f41d5b1479,chapter4.tex:936-1107 (line 1107 blank boundary omitted from target mapping)
urn:uuid:dca215bf-6cbb-52d1-9c36-a460b693f9a8,relation/unit/bab-4-grup-solvabel-dan-nilpoten/section/01/covers/surface/unit-031/protected-math-zone/233-inline,urn:uuid:84ff50e9-68a6-516e-9012-cc8eda32a1f2,covers,urn:uuid:0678ef4c-760c-5b88-aa85-e75276ea2778,chapter4.tex:936-1107 (line 1107 blank boundary omitted from target mapping)
urn:uuid:c09702d2-4f87-52db-af58-8d0eac35c5d7,relation/unit/bab-4-grup-solvabel-dan-nilpoten/section/01/covers/surface/unit-031/protected-math-zone/234-inline,urn:uuid:84ff50e9-68a6-516e-9012-cc8eda32a1f2,covers,urn:uuid:8c9ed578-ea36-5e3e-bd74-7301096e7a83,chapter4.tex:936-1107 (line 1107 blank boundary omitted from target mapping)
urn:uuid:d46580d2-73f4-59f1-a131-291ca54b9c89,relation/unit/bab-4-grup-solvabel-dan-nilpoten/section/01/covers/surface/unit-031/protected-math-zone/235-inline,urn:uuid:84ff50e9-68a6-516e-9012-cc8eda32a1f2,covers,urn:uuid:7d642946-dbf4-5c21-b2fd-9cda063a3bd4,chapter4.tex:936-1107 (line 1107 blank boundary omitted from target mapping)
urn:uuid:41fb2d33-c5da-5af5-88af-a7c022ab468d,relation/unit/bab-4-grup-solvabel-dan-nilpoten/section/01/covers/surface/unit-031/protected-math-zone/236-inline,urn:uuid:84ff50e9-68a6-516e-9012-cc8eda32a1f2,covers,urn:uuid:98ec35bb-3c32-5060-bad6-fa3b41b5b31d,chapter4.tex:936-1107 (line 1107 blank boundary omitted from target mapping)
urn:uuid:7002a708-4e32-5a40-9aa9-4b5331b951d1,relation/unit/bab-4-grup-solvabel-dan-nilpoten/section/01/covers/surface/unit-031/protected-math-zone/237-inline,urn:uuid:84ff50e9-68a6-516e-9012-cc8eda32a1f2,covers,urn:uuid:d6b45d04-d3b5-533d-a127-21849397a8e4,chapter4.tex:936-1107 (line 1107 blank boundary omitted from target mapping)
urn:uuid:51bedd26-bfdd-57dd-b5dd-87e7b17ea601,relation/unit/bab-4-grup-solvabel-dan-nilpoten/section/01/covers/surface/unit-031/protected-math-zone/238-inline,urn:uuid:84ff50e9-68a6-516e-9012-cc8eda32a1f2,covers,urn:uuid:33c0ca46-98f2-5429-9a9d-8028670fad50,chapter4.tex:936-1107 (line 1107 blank boundary omitted from target mapping)
urn:uuid:8d230d4a-529b-59e3-87c8-55bbec027f88,relation/unit/bab-4-grup-solvabel-dan-nilpoten/section/01/covers/surface/unit-031/protected-math-zone/239-inline,urn:uuid:84ff50e9-68a6-516e-9012-cc8eda32a1f2,covers,urn:uuid:189e31e6-d31c-53a9-9bba-ad3e2b01eaac,chapter4.tex:936-1107 (line 1107 blank boundary omitted from target mapping)
urn:uuid:48a01749-7d4b-535b-b3d5-bfa3e0554382,relation/unit/bab-4-grup-solvabel-dan-nilpoten/section/01/covers/surface/unit-031/protected-math-zone/240-inline,urn:uuid:84ff50e9-68a6-516e-9012-cc8eda32a1f2,covers,urn:uuid:09529a23-15c9-56f0-b1e5-0d938fbb56d4,chapter4.tex:936-1107 (line 1107 blank boundary omitted from target mapping)
urn:uuid:ec38c644-b0b8-5cfa-9b57-e002f9915aee,relation/unit/bab-4-grup-solvabel-dan-nilpoten/section/01/covers/surface/unit-031/protected-math-zone/241-display-bracket,urn:uuid:84ff50e9-68a6-516e-9012-cc8eda32a1f2,covers,urn:uuid:79e01789-3c5b-5ad6-87d4-f7728fc177bd,chapter4.tex:936-1107 (line 1107 blank boundary omitted from target mapping)
urn:uuid:a77510eb-39f8-5072-90e5-701caed599c9,relation/unit/bab-4-grup-solvabel-dan-nilpoten/section/01/covers/surface/unit-031/protected-math-zone/242-inline,urn:uuid:84ff50e9-68a6-516e-9012-cc8eda32a1f2,covers,urn:uuid:13c19e1a-b722-5cb4-9280-95aa5e0be646,chapter4.tex:936-1107 (line 1107 blank boundary omitted from target mapping)
urn:uuid:f6ee5a47-dead-56dc-913a-4d9e9dcccf9e,relation/unit/bab-4-grup-solvabel-dan-nilpoten/section/01/covers/surface/unit-031/protected-math-zone/243-inline,urn:uuid:84ff50e9-68a6-516e-9012-cc8eda32a1f2,covers,urn:uuid:13d9c75e-4071-58f9-84a9-864617431de9,chapter4.tex:936-1107 (line 1107 blank boundary omitted from target mapping)
urn:uuid:72fbe27f-9b8c-53d5-ab4b-63e1f50a9ac4,relation/unit/bab-4-grup-solvabel-dan-nilpoten/section/01/covers/surface/unit-031/protected-math-zone/244-inline,urn:uuid:84ff50e9-68a6-516e-9012-cc8eda32a1f2,covers,urn:uuid:c956f868-c463-5145-a34d-69df4714b53d,chapter4.tex:936-1107 (line 1107 blank boundary omitted from target mapping)
urn:uuid:e9c227cc-838e-5929-8a56-f61aeda68fb5,relation/unit/bab-4-grup-solvabel-dan-nilpoten/section/01/covers/surface/unit-031/protected-math-zone/245-inline,urn:uuid:84ff50e9-68a6-516e-9012-cc8eda32a1f2,covers,urn:uuid:c44794f9-9448-5de2-beaf-0deb736abf6b,chapter4.tex:936-1107 (line 1107 blank boundary omitted from target mapping)
urn:uuid:fd50702d-cc87-52f5-9d8d-96d6689fc626,relation/unit/bab-4-grup-solvabel-dan-nilpoten/section/01/covers/surface/unit-031/protected-math-zone/246-inline,urn:uuid:84ff50e9-68a6-516e-9012-cc8eda32a1f2,covers,urn:uuid:f31170b5-698c-53c7-a2b0-8fc96d0c6ef4,chapter4.tex:936-1107 (line 1107 blank boundary omitted from target mapping)
urn:uuid:cc3fb75a-0c34-585c-a447-7da41c3199e2,relation/unit/bab-4-grup-solvabel-dan-nilpoten/section/01/covers/surface/unit-031/protected-math-zone/247-inline,urn:uuid:84ff50e9-68a6-516e-9012-cc8eda32a1f2,covers,urn:uuid:358f2dc9-701f-5e87-afac-17b0443ab1a9,chapter4.tex:936-1107 (line 1107 blank boundary omitted from target mapping)
urn:uuid:9437a257-57b3-5c55-ab1e-686790e03666,relation/unit/bab-4-grup-solvabel-dan-nilpoten/section/01/covers/surface/unit-031/protected-math-zone/248-inline,urn:uuid:84ff50e9-68a6-516e-9012-cc8eda32a1f2,covers,urn:uuid:b6326108-2d1c-584f-844a-26dc8446cb8d,chapter4.tex:936-1107 (line 1107 blank boundary omitted from target mapping)
urn:uuid:d5e75b79-ea8c-5cd9-a7fe-99a259cac6dc,relation/unit/bab-4-grup-solvabel-dan-nilpoten/section/01/covers/surface/unit-031/protected-math-zone/249-inline,urn:uuid:84ff50e9-68a6-516e-9012-cc8eda32a1f2,covers,urn:uuid:78c537ce-a6f4-5f7b-99fc-e37f199cadd1,chapter4.tex:936-1107 (line 1107 blank boundary omitted from target mapping)
urn:uuid:a07a2939-ab2c-5d23-8e40-9ca6f7abf39c,relation/unit/bab-4-grup-solvabel-dan-nilpoten/section/01/covers/surface/unit-031/protected-math-zone/250-inline,urn:uuid:84ff50e9-68a6-516e-9012-cc8eda32a1f2,covers,urn:uuid:081b2ed1-3147-59b2-b6da-5448a07f2392,chapter4.tex:936-1107 (line 1107 blank boundary omitted from target mapping)
urn:uuid:92d0eb60-b1f9-53a6-b618-8488c3f17873,relation/unit/bab-4-grup-solvabel-dan-nilpoten/section/01/covers/surface/unit-031/protected-math-zone/251-inline,urn:uuid:84ff50e9-68a6-516e-9012-cc8eda32a1f2,covers,urn:uuid:98df68ee-449d-5796-8df8-4529010bb488,chapter4.tex:936-1107 (line 1107 blank boundary omitted from target mapping)
urn:uuid:6f1af7a0-7c60-5cc9-be0e-b06f751637c6,relation/unit/bab-4-grup-solvabel-dan-nilpoten/section/01/covers/surface/unit-031/protected-math-zone/252-inline,urn:uuid:84ff50e9-68a6-516e-9012-cc8eda32a1f2,covers,urn:uuid:e3cc8898-07db-5c4a-8ef8-5156816b5f26,chapter4.tex:936-1107 (line 1107 blank boundary omitted from target mapping)
urn:uuid:5eb1fbf3-c18c-5889-945d-80237bd16162,relation/unit/bab-4-grup-solvabel-dan-nilpoten/section/01/covers/surface/unit-031/protected-math-zone/253-inline,urn:uuid:84ff50e9-68a6-516e-9012-cc8eda32a1f2,covers,urn:uuid:fdc9337d-0e00-52fb-804e-8fc47df8eaaf,chapter4.tex:936-1107 (line 1107 blank boundary omitted from target mapping)
urn:uuid:0618328f-3a75-516b-b2cf-74f3c1bfe984,relation/unit/bab-4-grup-solvabel-dan-nilpoten/section/01/covers/surface/unit-031/protected-math-zone/254-inline,urn:uuid:84ff50e9-68a6-516e-9012-cc8eda32a1f2,covers,urn:uuid:6b6f61b4-1640-594d-b8e0-8bf4413e6274,chapter4.tex:936-1107 (line 1107 blank boundary omitted from target mapping)
urn:uuid:659d4c55-9076-5d6d-81bc-29b23da128b6,relation/unit/bab-4-grup-solvabel-dan-nilpoten/section/01/covers/surface/unit-031/protected-math-zone/255-inline,urn:uuid:84ff50e9-68a6-516e-9012-cc8eda32a1f2,covers,urn:uuid:30fbfa90-7730-5c4a-9f30-bb3df72b44ef,chapter4.tex:936-1107 (line 1107 blank boundary omitted from target mapping)
urn:uuid:072bbddc-8669-59c3-9e08-faf644c194e0,relation/unit/bab-4-grup-solvabel-dan-nilpoten/section/01/covers/surface/unit-031/protected-math-zone/256-inline,urn:uuid:84ff50e9-68a6-516e-9012-cc8eda32a1f2,covers,urn:uuid:cd5d53d0-c563-58b9-ae21-3ab3dfdcf19f,chapter4.tex:936-1107 (line 1107 blank boundary omitted from target mapping)
urn:uuid:524c8c1f-cc9d-5866-89ff-30006200a5bb,relation/unit/bab-4-grup-solvabel-dan-nilpoten/section/01/covers/surface/unit-031/protected-math-zone/257-inline,urn:uuid:84ff50e9-68a6-516e-9012-cc8eda32a1f2,covers,urn:uuid:ec90a752-d5d3-553f-b8ce-f62db2519a58,chapter4.tex:936-1107 (line 1107 blank boundary omitted from target mapping)
urn:uuid:5a79cbdd-7c91-5753-b7ad-90a932f3cc17,relation/unit/bab-4-grup-solvabel-dan-nilpoten/section/01/covers/surface/unit-031/protected-math-zone/258-inline,urn:uuid:84ff50e9-68a6-516e-9012-cc8eda32a1f2,covers,urn:uuid:c3b11ca3-9093-5005-8925-ed0ba20742b3,chapter4.tex:936-1107 (line 1107 blank boundary omitted from target mapping)
urn:uuid:5b887507-47e8-5206-92d4-5dec09c2e79d,relation/unit/bab-4-grup-solvabel-dan-nilpoten/section/01/covers/surface/unit-031/protected-math-zone/259-inline,urn:uuid:84ff50e9-68a6-516e-9012-cc8eda32a1f2,covers,urn:uuid:204d8d14-f4dd-5760-a305-902103ad2e7c,chapter4.tex:936-1107 (line 1107 blank boundary omitted from target mapping)
urn:uuid:a260fd49-43a8-5175-908a-69b0a46c6da1,relation/unit/bab-4-grup-solvabel-dan-nilpoten/section/01/covers/surface/unit-031/protected-math-zone/260-inline,urn:uuid:84ff50e9-68a6-516e-9012-cc8eda32a1f2,covers,urn:uuid:a7e613f2-8da9-5ca4-be93-dd8b21e581b0,chapter4.tex:936-1107 (line 1107 blank boundary omitted from target mapping)
urn:uuid:ea6e5f12-b5e3-5372-9871-5c703fe82164,relation/unit/bab-4-grup-solvabel-dan-nilpoten/section/01/covers/surface/unit-031/protected-math-zone/261-inline,urn:uuid:84ff50e9-68a6-516e-9012-cc8eda32a1f2,covers,urn:uuid:939f4120-b0ef-5da1-a786-73d311d4b7d2,chapter4.tex:936-1107 (line 1107 blank boundary omitted from target mapping)
urn:uuid:1190b440-f64f-5fd9-99e4-bcdb6dccd75e,relation/unit/bab-4-grup-solvabel-dan-nilpoten/section/01/covers/surface/unit-031/protected-math-zone/262-inline,urn:uuid:84ff50e9-68a6-516e-9012-cc8eda32a1f2,covers,urn:uuid:1b45f889-97af-5fbe-ac70-93fb737c1b7d,chapter4.tex:936-1107 (line 1107 blank boundary omitted from target mapping)
urn:uuid:b5fcb0f1-2e40-5228-9a45-0ebfd2f83d1a,relation/unit/bab-4-grup-solvabel-dan-nilpoten/section/01/covers/surface/unit-031/protected-math-zone/263-inline,urn:uuid:84ff50e9-68a6-516e-9012-cc8eda32a1f2,covers,urn:uuid:6ed797b2-8304-57a9-9c5c-bb138218498a,chapter4.tex:936-1107 (line 1107 blank boundary omitted from target mapping)
urn:uuid:4b9acd51-51bf-58ac-af34-3f134ee9e2f2,relation/unit/bab-4-grup-solvabel-dan-nilpoten/section/01/covers/surface/unit-031/protected-math-zone/264-inline,urn:uuid:84ff50e9-68a6-516e-9012-cc8eda32a1f2,covers,urn:uuid:f36c4602-7711-5b78-bbbb-e0791a8f53b2,chapter4.tex:936-1107 (line 1107 blank boundary omitted from target mapping)
urn:uuid:4d92e04b-853d-5a7b-9629-3f94f5cb9d20,relation/unit/bab-4-grup-solvabel-dan-nilpoten/section/01/covers/surface/unit-031/protected-math-zone/265-inline,urn:uuid:84ff50e9-68a6-516e-9012-cc8eda32a1f2,covers,urn:uuid:5a3c27e1-eb41-567f-a472-1caccd273c0a,chapter4.tex:936-1107 (line 1107 blank boundary omitted from target mapping)
urn:uuid:a50d0a36-f571-5947-a82b-b4b7cab95045,relation/unit/bab-4-grup-solvabel-dan-nilpoten/section/01/covers/surface/unit-031/protected-math-zone/266-inline,urn:uuid:84ff50e9-68a6-516e-9012-cc8eda32a1f2,covers,urn:uuid:9b6a484f-b414-51df-a376-6d9acc1ef112,chapter4.tex:936-1107 (line 1107 blank boundary omitted from target mapping)
urn:uuid:ff8e1b4c-8152-5d6c-810c-92019f2452f8,relation/unit/bab-4-grup-solvabel-dan-nilpoten/section/01/covers/surface/unit-031/protected-math-zone/267-inline,urn:uuid:84ff50e9-68a6-516e-9012-cc8eda32a1f2,covers,urn:uuid:ad435d9b-22a4-5fd2-bebe-cd17b71538a6,chapter4.tex:936-1107 (line 1107 blank boundary omitted from target mapping)
urn:uuid:4c596da8-ec3c-5733-9424-a229c7d3a782,relation/unit/bab-4-grup-solvabel-dan-nilpoten/section/01/covers/surface/unit-031/protected-math-zone/268-inline,urn:uuid:84ff50e9-68a6-516e-9012-cc8eda32a1f2,covers,urn:uuid:450dd034-3f09-5ac5-8f89-8a0e106da331,chapter4.tex:936-1107 (line 1107 blank boundary omitted from target mapping)
urn:uuid:76bc1cc3-2810-5565-a42d-f7a32bdcaa70,relation/unit/bab-4-grup-solvabel-dan-nilpoten/section/01/covers/surface/unit-031/protected-math-zone/269-inline,urn:uuid:84ff50e9-68a6-516e-9012-cc8eda32a1f2,covers,urn:uuid:a83850d5-c27e-5cfb-bee6-4d768119121b,chapter4.tex:936-1107 (line 1107 blank boundary omitted from target mapping)
urn:uuid:fc1bd479-538f-5694-ae11-245b3faceb2a,relation/unit/bab-4-grup-solvabel-dan-nilpoten/section/01/covers/surface/unit-031/protected-math-zone/270-inline,urn:uuid:84ff50e9-68a6-516e-9012-cc8eda32a1f2,covers,urn:uuid:fad079a5-4e54-5214-8c0a-2e038e7cf718,chapter4.tex:936-1107 (line 1107 blank boundary omitted from target mapping)
urn:uuid:203f42e9-34c7-5eff-a700-260a1fbe408b,relation/unit/bab-4-grup-solvabel-dan-nilpoten/section/01/covers/surface/unit-031/protected-math-zone/271-inline,urn:uuid:84ff50e9-68a6-516e-9012-cc8eda32a1f2,covers,urn:uuid:f4e7c950-e379-5922-8258-95a11229db6b,chapter4.tex:936-1107 (line 1107 blank boundary omitted from target mapping)
urn:uuid:533dd379-6b9c-5a08-a1af-4a9e5fd388db,relation/unit/bab-4-grup-solvabel-dan-nilpoten/section/01/covers/surface/unit-031/protected-math-zone/272-inline,urn:uuid:84ff50e9-68a6-516e-9012-cc8eda32a1f2,covers,urn:uuid:c319433a-32f4-5652-8b43-1c9b9d341d9a,chapter4.tex:936-1107 (line 1107 blank boundary omitted from target mapping)
urn:uuid:1ee0cbad-3ada-5956-9dcd-af8c1dcded82,relation/unit/bab-4-grup-solvabel-dan-nilpoten/section/01/covers/surface/unit-031/protected-math-zone/273-inline,urn:uuid:84ff50e9-68a6-516e-9012-cc8eda32a1f2,covers,urn:uuid:8c98162a-a279-5e40-8a77-1b3ea35f6c65,chapter4.tex:936-1107 (line 1107 blank boundary omitted from target mapping)
urn:uuid:2d59013e-b8e6-57e1-bbca-e1cf8f6d5028,relation/unit/bab-4-grup-solvabel-dan-nilpoten/section/01/covers/surface/unit-031/protected-math-zone/274-inline,urn:uuid:84ff50e9-68a6-516e-9012-cc8eda32a1f2,covers,urn:uuid:5efe1bf2-2366-5619-b912-ed5b0a6aa628,chapter4.tex:936-1107 (line 1107 blank boundary omitted from target mapping)
urn:uuid:87289b5a-877e-5f50-a433-de7d9d95cf12,relation/unit/bab-4-grup-solvabel-dan-nilpoten/section/01/covers/surface/unit-031/protected-math-zone/275-inline,urn:uuid:84ff50e9-68a6-516e-9012-cc8eda32a1f2,covers,urn:uuid:16f6e3e0-cf56-5d89-bc63-859699e40a61,chapter4.tex:936-1107 (line 1107 blank boundary omitted from target mapping)
urn:uuid:fe169af9-6ff5-5dd8-8d45-c990b80df25a,relation/unit/bab-4-grup-solvabel-dan-nilpoten/section/01/covers/surface/unit-031/protected-math-zone/276-inline,urn:uuid:84ff50e9-68a6-516e-9012-cc8eda32a1f2,covers,urn:uuid:d5a7a03a-155e-57e5-bb2e-a1ef66874f27,chapter4.tex:936-1107 (line 1107 blank boundary omitted from target mapping)
urn:uuid:337a9774-c0d6-5990-a0d2-41eb8cfdb141,relation/unit/bab-4-grup-solvabel-dan-nilpoten/section/01/covers/surface/unit-031/protected-math-zone/277-inline,urn:uuid:84ff50e9-68a6-516e-9012-cc8eda32a1f2,covers,urn:uuid:70aa7d89-592a-5857-b90a-10a526f05484,chapter4.tex:936-1107 (line 1107 blank boundary omitted from target mapping)
urn:uuid:56fc73ce-ddd8-5ebf-b3ac-a5aef866d7c6,relation/unit/bab-4-grup-solvabel-dan-nilpoten/section/01/covers/surface/unit-031/protected-math-zone/278-inline,urn:uuid:84ff50e9-68a6-516e-9012-cc8eda32a1f2,covers,urn:uuid:a1f01a07-a8b4-536e-a20e-71dc94295369,chapter4.tex:936-1107 (line 1107 blank boundary omitted from target mapping)
urn:uuid:a20665cb-d015-5261-8867-4072462404e8,relation/unit/bab-4-grup-solvabel-dan-nilpoten/section/01/covers/surface/unit-031/protected-math-zone/279-inline,urn:uuid:84ff50e9-68a6-516e-9012-cc8eda32a1f2,covers,urn:uuid:fb44108e-197a-5f1c-9fa1-ad3a6b25aba4,chapter4.tex:936-1107 (line 1107 blank boundary omitted from target mapping)
urn:uuid:2f920c4d-159a-5c55-b738-925a6ff7bd14,relation/unit/bab-4-grup-solvabel-dan-nilpoten/section/01/covers/surface/unit-031/protected-math-zone/280-display-bracket,urn:uuid:84ff50e9-68a6-516e-9012-cc8eda32a1f2,covers,urn:uuid:3c6d3ee6-3d45-542e-9b1c-afba55265482,chapter4.tex:936-1107 (line 1107 blank boundary omitted from target mapping)
urn:uuid:ab4467d8-2f5c-57db-ba98-39bef689b600,relation/unit/bab-4-grup-solvabel-dan-nilpoten/section/01/covers/surface/unit-031/protected-math-zone/281-inline,urn:uuid:84ff50e9-68a6-516e-9012-cc8eda32a1f2,covers,urn:uuid:e5f64233-d6a9-5317-be91-0f13c092dee8,chapter4.tex:936-1107 (line 1107 blank boundary omitted from target mapping)
urn:uuid:cf7fb760-710c-5638-935d-f1d72128583c,relation/unit/bab-4-grup-solvabel-dan-nilpoten/section/01/covers/surface/unit-031/protected-math-zone/282-inline,urn:uuid:84ff50e9-68a6-516e-9012-cc8eda32a1f2,covers,urn:uuid:b1af10d4-505b-55e7-921a-ff51444f533d,chapter4.tex:936-1107 (line 1107 blank boundary omitted from target mapping)
urn:uuid:80e1cd1d-51a6-58de-9f8c-c97553f5c708,relation/unit/bab-4-grup-solvabel-dan-nilpoten/section/01/covers/surface/unit-031/protected-math-zone/283-display-bracket,urn:uuid:84ff50e9-68a6-516e-9012-cc8eda32a1f2,covers,urn:uuid:138768ec-14b5-59d2-8e9a-9f1b14be65c6,chapter4.tex:936-1107 (line 1107 blank boundary omitted from target mapping)
urn:uuid:5a5b5b62-3992-57cb-a5d7-524db0c558ae,relation/unit/bab-4-grup-solvabel-dan-nilpoten/section/01/covers/surface/unit-031/protected-math-zone/284-display-bracket,urn:uuid:84ff50e9-68a6-516e-9012-cc8eda32a1f2,covers,urn:uuid:60141267-2b7e-5631-9094-0c70e5fb3e9c,chapter4.tex:936-1107 (line 1107 blank boundary omitted from target mapping)
urn:uuid:072231d2-4028-599a-be13-6b15368a899a,relation/unit/bab-4-grup-solvabel-dan-nilpoten/section/01/covers/surface/unit-031/protected-math-zone/285-inline,urn:uuid:84ff50e9-68a6-516e-9012-cc8eda32a1f2,covers,urn:uuid:0f82b918-d413-5cc0-abd1-38a5f2d8664a,chapter4.tex:936-1107 (line 1107 blank boundary omitted from target mapping)
urn:uuid:5543b910-b0f8-5ba8-ba99-329d0940db3b,relation/unit/bab-4-grup-solvabel-dan-nilpoten/section/01/covers/surface/unit-031/protected-math-zone/286-inline,urn:uuid:84ff50e9-68a6-516e-9012-cc8eda32a1f2,covers,urn:uuid:a202fecf-f5f4-5b15-9a7e-248c5b75ef66,chapter4.tex:936-1107 (line 1107 blank boundary omitted from target mapping)
urn:uuid:69cc3c60-9595-50c5-bb61-fcc4c5c389f2,relation/unit/bab-4-grup-solvabel-dan-nilpoten/section/01/covers/surface/unit-031/protected-math-zone/287-inline,urn:uuid:84ff50e9-68a6-516e-9012-cc8eda32a1f2,covers,urn:uuid:e653ba8f-2327-5ca2-a4e6-3805d4b4c58f,chapter4.tex:936-1107 (line 1107 blank boundary omitted from target mapping)
urn:uuid:94dde007-f1b0-573a-9685-5fc2aa761ca0,relation/unit/bab-4-grup-solvabel-dan-nilpoten/section/01/covers/surface/unit-031/protected-math-zone/288-display-bracket,urn:uuid:84ff50e9-68a6-516e-9012-cc8eda32a1f2,covers,urn:uuid:b1d2f488-e8bc-5e42-ba49-d413a18a6386,chapter4.tex:936-1107 (line 1107 blank boundary omitted from target mapping)
urn:uuid:31383045-7ef7-5974-a836-8b8762a99523,relation/unit/bab-4-grup-solvabel-dan-nilpoten/section/01/covers/surface/unit-031/protected-math-zone/289-inline,urn:uuid:84ff50e9-68a6-516e-9012-cc8eda32a1f2,covers,urn:uuid:a246bb50-5da6-55aa-b81a-19913453e445,chapter4.tex:936-1107 (line 1107 blank boundary omitted from target mapping)
urn:uuid:0a548789-3893-538f-9281-98a86b07984b,relation/unit/bab-4-grup-solvabel-dan-nilpoten/section/01/covers/surface/unit-031/protected-math-zone/290-inline,urn:uuid:84ff50e9-68a6-516e-9012-cc8eda32a1f2,covers,urn:uuid:7ac60eda-aa2b-5531-992f-5fa1b89466cc,chapter4.tex:936-1107 (line 1107 blank boundary omitted from target mapping)
urn:uuid:bd4559ef-39f6-51d9-a4c9-799d2e3b12c6,relation/unit/bab-4-grup-solvabel-dan-nilpoten/section/01/covers/surface/unit-031/protected-math-zone/291-inline,urn:uuid:84ff50e9-68a6-516e-9012-cc8eda32a1f2,covers,urn:uuid:383c9acf-c848-5be4-a294-aef3ec24fe43,chapter4.tex:936-1107 (line 1107 blank boundary omitted from target mapping)
urn:uuid:8241c72b-bd18-5987-965d-bdd00c329110,relation/unit/bab-4-grup-solvabel-dan-nilpoten/section/01/covers/surface/unit-031/protected-math-zone/292-inline,urn:uuid:84ff50e9-68a6-516e-9012-cc8eda32a1f2,covers,urn:uuid:5979dc5d-2bbe-5356-aa05-60e9eada69ce,chapter4.tex:936-1107 (line 1107 blank boundary omitted from target mapping)
urn:uuid:5f166d5a-3691-5f3c-af4d-f6704cea0d7b,relation/unit/bab-4-grup-solvabel-dan-nilpoten/section/01/covers/surface/unit-031/protected-math-zone/293-inline,urn:uuid:84ff50e9-68a6-516e-9012-cc8eda32a1f2,covers,urn:uuid:970ec7ae-69d0-5d6e-9634-d02c08e8f24d,chapter4.tex:936-1107 (line 1107 blank boundary omitted from target mapping)
urn:uuid:b2ae60e0-36cc-5fcf-b26f-459753f2f0fb,relation/unit/bab-4-grup-solvabel-dan-nilpoten/section/01/covers/surface/unit-031/protected-math-zone/294-inline,urn:uuid:84ff50e9-68a6-516e-9012-cc8eda32a1f2,covers,urn:uuid:707c5853-72ed-51ef-bc9d-158aede9c515,chapter4.tex:936-1107 (line 1107 blank boundary omitted from target mapping)
urn:uuid:71dd83f9-79db-59d2-923b-f6563ddf3172,relation/unit/bab-4-grup-solvabel-dan-nilpoten/section/01/covers/surface/unit-031/protected-math-zone/295-inline,urn:uuid:84ff50e9-68a6-516e-9012-cc8eda32a1f2,covers,urn:uuid:2436d4ca-26b7-543c-912e-109f613ea474,chapter4.tex:936-1107 (line 1107 blank boundary omitted from target mapping)
urn:uuid:cc460961-f53d-5c44-a9fd-4ad404ef12f5,relation/unit/bab-4-grup-solvabel-dan-nilpoten/section/01/covers/surface/unit-031/protected-math-zone/296-inline,urn:uuid:84ff50e9-68a6-516e-9012-cc8eda32a1f2,covers,urn:uuid:dbd3b114-4a33-5d1c-b376-a95a5d5dd296,chapter4.tex:936-1107 (line 1107 blank boundary omitted from target mapping)
urn:uuid:82883093-783d-5e8d-a048-7294e1b5cfa7,relation/unit/bab-4-grup-solvabel-dan-nilpoten/section/01/covers/surface/unit-031/protected-math-zone/297-inline,urn:uuid:84ff50e9-68a6-516e-9012-cc8eda32a1f2,covers,urn:uuid:84bfc5d9-e66a-587a-9f08-d2532c957bb6,chapter4.tex:936-1107 (line 1107 blank boundary omitted from target mapping)
urn:uuid:10f36a0f-80d8-56ff-b18e-e6ced2596cdd,relation/unit/bab-4-grup-solvabel-dan-nilpoten/section/01/covers/surface/unit-031/protected-math-zone/298-display-environment,urn:uuid:84ff50e9-68a6-516e-9012-cc8eda32a1f2,covers,urn:uuid:805a0747-98d5-5e01-967d-790abb1085eb,chapter4.tex:936-1107 (line 1107 blank boundary omitted from target mapping)
urn:uuid:1d93de8f-6d81-5f94-8f4c-0ffc263d97e3,relation/unit/bab-4-grup-solvabel-dan-nilpoten/section/01/covers/surface/unit-031/protected-math-zone/299-inline,urn:uuid:84ff50e9-68a6-516e-9012-cc8eda32a1f2,covers,urn:uuid:456d3c67-cfc8-5e7f-8cb9-40125191d926,chapter4.tex:936-1107 (line 1107 blank boundary omitted from target mapping)
urn:uuid:6abe508a-411f-5b4a-ad0f-0cf96fa6bea6,relation/unit/bab-4-grup-solvabel-dan-nilpoten/section/01/covers/surface/unit-031/protected-math-zone/300-inline,urn:uuid:84ff50e9-68a6-516e-9012-cc8eda32a1f2,covers,urn:uuid:c73d402b-6ca9-5348-b530-fa8d8fac2cc3,chapter4.tex:936-1107 (line 1107 blank boundary omitted from target mapping)
urn:uuid:7721792f-fa5d-5531-baf6-b1337cd98079,relation/unit/bab-4-grup-solvabel-dan-nilpoten/section/01/covers/surface/unit-031/protected-math-zone/301-inline,urn:uuid:84ff50e9-68a6-516e-9012-cc8eda32a1f2,covers,urn:uuid:cf6e154f-5dbb-5bc0-beae-ad344a86c996,chapter4.tex:936-1107 (line 1107 blank boundary omitted from target mapping)
urn:uuid:ef3c3b4f-11e0-5812-b912-d8fbd6ef23cd,relation/unit/bab-4-grup-solvabel-dan-nilpoten/section/01/covers/surface/unit-031/protected-math-zone/302-inline,urn:uuid:84ff50e9-68a6-516e-9012-cc8eda32a1f2,covers,urn:uuid:dbdb6dc5-2d80-5f10-ac4a-aaee7024c3e1,chapter4.tex:936-1107 (line 1107 blank boundary omitted from target mapping)
urn:uuid:859e0c07-a606-5569-a7ea-68a5d3025c42,relation/unit/bab-4-grup-solvabel-dan-nilpoten/section/01/covers/surface/unit-031/protected-math-zone/303-inline,urn:uuid:84ff50e9-68a6-516e-9012-cc8eda32a1f2,covers,urn:uuid:2f6818f2-4125-573d-bd8b-0406f0343d3b,chapter4.tex:936-1107 (line 1107 blank boundary omitted from target mapping)
urn:uuid:11ac2ec5-bd95-560a-905d-603b5488fca5,relation/unit/bab-4-grup-solvabel-dan-nilpoten/section/01/covers/surface/unit-031/protected-math-zone/304-inline,urn:uuid:84ff50e9-68a6-516e-9012-cc8eda32a1f2,covers,urn:uuid:ced8eabb-50cc-50db-b72c-1dd2d246fdd9,chapter4.tex:936-1107 (line 1107 blank boundary omitted from target mapping)
urn:uuid:a6737c3a-5e6f-5c2a-86ea-3e2cf2e2e2f9,relation/unit/bab-4-grup-solvabel-dan-nilpoten/section/01/covers/surface/unit-031/protected-math-zone/305-inline,urn:uuid:84ff50e9-68a6-516e-9012-cc8eda32a1f2,covers,urn:uuid:039633e5-a2b8-506c-b6ab-74cd51adb984,chapter4.tex:936-1107 (line 1107 blank boundary omitted from target mapping)
urn:uuid:48d46d92-704d-58bc-ae11-58592010d707,relation/unit/bab-4-grup-solvabel-dan-nilpoten/section/01/covers/surface/unit-031/protected-math-zone/306-inline,urn:uuid:84ff50e9-68a6-516e-9012-cc8eda32a1f2,covers,urn:uuid:d94a1695-49c6-5c0a-84c7-a80d668b5496,chapter4.tex:936-1107 (line 1107 blank boundary omitted from target mapping)
urn:uuid:39bfd0c6-83f9-572b-8823-1f87237397a9,relation/unit/bab-4-grup-solvabel-dan-nilpoten/section/01/covers/surface/unit-031/protected-math-zone/307-inline,urn:uuid:84ff50e9-68a6-516e-9012-cc8eda32a1f2,covers,urn:uuid:4780e8a9-1bc6-5fd6-8084-5541932b2ef6,chapter4.tex:936-1107 (line 1107 blank boundary omitted from target mapping)
urn:uuid:d2e832ec-3267-535b-98e3-81c75423dd8b,relation/unit/bab-4-grup-solvabel-dan-nilpoten/section/01/covers/surface/unit-031/protected-math-zone/308-inline,urn:uuid:84ff50e9-68a6-516e-9012-cc8eda32a1f2,covers,urn:uuid:bbc28cd4-946b-5195-bee9-7ff877be346f,chapter4.tex:936-1107 (line 1107 blank boundary omitted from target mapping)
urn:uuid:4ae92059-fa47-5955-a347-379be42e0621,relation/unit/bab-4-grup-solvabel-dan-nilpoten/section/01/covers/surface/unit-031/protected-math-zone/309-inline,urn:uuid:84ff50e9-68a6-516e-9012-cc8eda32a1f2,covers,urn:uuid:595508e9-8317-5954-8efc-b05251d7f435,chapter4.tex:936-1107 (line 1107 blank boundary omitted from target mapping)
urn:uuid:9c56d46f-f6d5-5e8f-83d8-89f427bbaafb,relation/unit/bab-4-grup-solvabel-dan-nilpoten/section/01/covers/surface/unit-031/protected-math-zone/310-inline,urn:uuid:84ff50e9-68a6-516e-9012-cc8eda32a1f2,covers,urn:uuid:5d24f54e-5258-54d1-8c1b-e20a3a244d23,chapter4.tex:936-1107 (line 1107 blank boundary omitted from target mapping)
urn:uuid:f1d1892a-eb0f-5bfc-b482-09b552bc01a0,relation/unit/bab-4-grup-solvabel-dan-nilpoten/section/01/covers/surface/unit-031/protected-math-zone/311-inline,urn:uuid:84ff50e9-68a6-516e-9012-cc8eda32a1f2,covers,urn:uuid:e5a94eec-27be-5bf8-b452-1b1ef02c9fdf,chapter4.tex:936-1107 (line 1107 blank boundary omitted from target mapping)
urn:uuid:497da0a1-29fd-5e0a-945d-14fcba50ae37,relation/unit/bab-4-grup-solvabel-dan-nilpoten/section/01/covers/surface/unit-031/protected-math-zone/312-display-environment,urn:uuid:84ff50e9-68a6-516e-9012-cc8eda32a1f2,covers,urn:uuid:d22885a8-df34-5dd3-9aa4-539f38cc7881,chapter4.tex:936-1107 (line 1107 blank boundary omitted from target mapping)
urn:uuid:3ea8808c-b077-514d-bf8c-c67e60cd24a7,relation/unit/bab-4-grup-solvabel-dan-nilpoten/section/01/covers/surface/unit-031/protected-math-zone/313-inline,urn:uuid:84ff50e9-68a6-516e-9012-cc8eda32a1f2,covers,urn:uuid:96f84e29-3a24-5ab9-b73a-c74fb53e48a7,chapter4.tex:936-1107 (line 1107 blank boundary omitted from target mapping)
urn:uuid:f02473c6-ac6a-5699-b37c-e9f99f39523d,relation/unit/bab-4-grup-solvabel-dan-nilpoten/section/01/covers/surface/unit-031/protected-math-zone/314-inline,urn:uuid:84ff50e9-68a6-516e-9012-cc8eda32a1f2,covers,urn:uuid:c8aa08b8-aee1-5370-9cf4-9cc013711653,chapter4.tex:936-1107 (line 1107 blank boundary omitted from target mapping)
urn:uuid:e209dd7e-3da1-5e6a-b147-4bf226deb9c5,relation/unit/bab-4-grup-solvabel-dan-nilpoten/section/01/covers/surface/unit-031/protected-math-zone/315-inline,urn:uuid:84ff50e9-68a6-516e-9012-cc8eda32a1f2,covers,urn:uuid:5c4b0f64-9068-5b00-bc14-c60704a23af4,chapter4.tex:936-1107 (line 1107 blank boundary omitted from target mapping)
urn:uuid:e29c0920-b68e-59c9-9626-26f488e9dc3f,relation/unit/bab-4-grup-solvabel-dan-nilpoten/section/01/covers/surface/unit-031/protected-math-zone/316-inline,urn:uuid:84ff50e9-68a6-516e-9012-cc8eda32a1f2,covers,urn:uuid:1cee93a8-9145-5e44-a072-63936c3ce490,chapter4.tex:936-1107 (line 1107 blank boundary omitted from target mapping)
urn:uuid:1967f2c7-4e99-558c-a287-314c29d6ac4f,relation/unit/bab-4-grup-solvabel-dan-nilpoten/section/01/covers/surface/unit-031/protected-math-zone/317-inline,urn:uuid:84ff50e9-68a6-516e-9012-cc8eda32a1f2,covers,urn:uuid:9352e1ef-ed6e-5e31-a65c-add384daa8ab,chapter4.tex:936-1107 (line 1107 blank boundary omitted from target mapping)
urn:uuid:c50abf10-a8a2-535c-b3a2-305432fc1cf2,relation/unit/bab-4-grup-solvabel-dan-nilpoten/section/01/covers/surface/unit-031/protected-math-zone/318-inline,urn:uuid:84ff50e9-68a6-516e-9012-cc8eda32a1f2,covers,urn:uuid:e67a9a6e-263d-563f-b604-33355ad92afd,chapter4.tex:936-1107 (line 1107 blank boundary omitted from target mapping)
urn:uuid:e7f826d8-3ffe-58ee-a629-057fa6deb9b6,relation/unit/bab-4-grup-solvabel-dan-nilpoten/section/01/covers/surface/unit-031/protected-math-zone/319-inline,urn:uuid:84ff50e9-68a6-516e-9012-cc8eda32a1f2,covers,urn:uuid:2a5c7652-8a24-5bfd-956e-77a4aae657f3,chapter4.tex:936-1107 (line 1107 blank boundary omitted from target mapping)
urn:uuid:5115acac-dc46-5fc6-9f2b-66f7735e2e17,relation/unit/bab-4-grup-solvabel-dan-nilpoten/section/01/covers/surface/unit-031/protected-math-zone/320-inline,urn:uuid:84ff50e9-68a6-516e-9012-cc8eda32a1f2,covers,urn:uuid:222d860c-885d-5e6f-b3e1-219e53e25421,chapter4.tex:936-1107 (line 1107 blank boundary omitted from target mapping)
urn:uuid:52aa96bf-b352-52ba-b42e-c572d24e1a3b,relation/unit/bab-4-grup-solvabel-dan-nilpoten/section/01/covers/surface/unit-031/protected-math-zone/321-inline,urn:uuid:84ff50e9-68a6-516e-9012-cc8eda32a1f2,covers,urn:uuid:5c6676e4-24c3-522e-b4fe-c8522132510d,chapter4.tex:936-1107 (line 1107 blank boundary omitted from target mapping)
urn:uuid:987ef416-c3ef-5c59-bf64-727937f454fd,relation/unit/bab-4-grup-solvabel-dan-nilpoten/section/01/covers/surface/unit-031/protected-math-zone/322-inline,urn:uuid:84ff50e9-68a6-516e-9012-cc8eda32a1f2,covers,urn:uuid:68c4e39f-64c4-55c5-8730-5055afd10cc9,chapter4.tex:936-1107 (line 1107 blank boundary omitted from target mapping)
urn:uuid:3c4c23ae-6e28-504b-a264-2a05569ac645,relation/unit/bab-4-grup-solvabel-dan-nilpoten/section/01/covers/surface/unit-031/protected-math-zone/323-inline,urn:uuid:84ff50e9-68a6-516e-9012-cc8eda32a1f2,covers,urn:uuid:73f263fa-b763-500e-a7f5-56e3ace9084f,chapter4.tex:936-1107 (line 1107 blank boundary omitted from target mapping)
urn:uuid:639758cb-9d87-5a73-86d7-fe70c50bd735,relation/unit/bab-4-grup-solvabel-dan-nilpoten/section/01/covers/surface/unit-031/protected-math-zone/324-inline,urn:uuid:84ff50e9-68a6-516e-9012-cc8eda32a1f2,covers,urn:uuid:17c382ce-efbe-56bc-912b-a03a979a4c3f,chapter4.tex:936-1107 (line 1107 blank boundary omitted from target mapping)
urn:uuid:01661033-d152-5d02-913b-fd6fcdab7c6b,relation/unit/bab-4-grup-solvabel-dan-nilpoten/section/01/covers/surface/unit-031/protected-math-zone/325-inline,urn:uuid:84ff50e9-68a6-516e-9012-cc8eda32a1f2,covers,urn:uuid:221f1a6b-ac1c-50e8-82d7-5a01ea9c8fb8,chapter4.tex:936-1107 (line 1107 blank boundary omitted from target mapping)
urn:uuid:37a40405-5096-5af2-a18c-708bc9181636,relation/unit/bab-4-grup-solvabel-dan-nilpoten/section/01/covers/surface/unit-031/protected-math-zone/326-inline,urn:uuid:84ff50e9-68a6-516e-9012-cc8eda32a1f2,covers,urn:uuid:24f5666d-9cc3-5590-be54-8cb9ccac887a,chapter4.tex:936-1107 (line 1107 blank boundary omitted from target mapping)
urn:uuid:676af567-1193-5f83-b4c3-1427dbd8faa6,relation/unit/bab-4-grup-solvabel-dan-nilpoten/section/01/covers/surface/unit-031/reference/ordinary/001,urn:uuid:84ff50e9-68a6-516e-9012-cc8eda32a1f2,covers,urn:uuid:723c8bac-2aba-59d0-a32e-0490186044b4,chapter4.tex:936-1107 (line 1107 blank boundary omitted from target mapping)
urn:uuid:04b54f37-75bb-58a2-b281-27fdf51b5dee,relation/unit/bab-4-grup-solvabel-dan-nilpoten/section/01/covers/surface/unit-031/reference/ordinary/002,urn:uuid:84ff50e9-68a6-516e-9012-cc8eda32a1f2,covers,urn:uuid:fdff52ad-e4cc-5336-b51d-9e81d9f366e4,chapter4.tex:936-1107 (line 1107 blank boundary omitted from target mapping)
urn:uuid:ad01699b-1d13-58f5-b881-2323642c4263,relation/unit/bab-4-grup-solvabel-dan-nilpoten/section/01/covers/surface/unit-031/reference/ordinary/003,urn:uuid:84ff50e9-68a6-516e-9012-cc8eda32a1f2,covers,urn:uuid:ec33680a-82b4-5d4a-b4b1-8e5d161e901a,chapter4.tex:936-1107 (line 1107 blank boundary omitted from target mapping)
urn:uuid:68e849f8-b0c2-5522-aba7-e6b0a071d652,relation/unit/bab-4-grup-solvabel-dan-nilpoten/section/01/covers/surface/unit-031/reference/ordinary/004,urn:uuid:84ff50e9-68a6-516e-9012-cc8eda32a1f2,covers,urn:uuid:0b701fa2-83b4-5497-90d6-0a3920217600,chapter4.tex:936-1107 (line 1107 blank boundary omitted from target mapping)
urn:uuid:daf21e9a-126e-5ae9-90e4-c8ba5b5bce2d,relation/unit/bab-4-grup-solvabel-dan-nilpoten/section/01/covers/surface/unit-031/reference/ordinary/005,urn:uuid:84ff50e9-68a6-516e-9012-cc8eda32a1f2,covers,urn:uuid:30a7038b-4ce2-5720-bbc0-3afde20462c5,chapter4.tex:936-1107 (line 1107 blank boundary omitted from target mapping)
urn:uuid:d375c411-8476-512c-b4b7-a21e9f02904d,relation/unit/bab-4-grup-solvabel-dan-nilpoten/section/01/covers/surface/unit-031/reference/ordinary/006,urn:uuid:84ff50e9-68a6-516e-9012-cc8eda32a1f2,covers,urn:uuid:9aa143e8-6c0b-5821-b444-2a0552a799d9,chapter4.tex:936-1107 (line 1107 blank boundary omitted from target mapping)
urn:uuid:1e99694c-84de-5169-a0c4-b28d41541f1c,relation/unit/bab-4-grup-solvabel-dan-nilpoten/section/01/covers/surface/unit-031/reference/ordinary/007,urn:uuid:84ff50e9-68a6-516e-9012-cc8eda32a1f2,covers,urn:uuid:8fb8aff1-c9fa-53fa-a379-f97cbfdb396d,chapter4.tex:936-1107 (line 1107 blank boundary omitted from target mapping)
urn:uuid:5fb20140-1b83-57f8-a670-1e849b39065c,relation/unit/bab-4-grup-solvabel-dan-nilpoten/section/01/covers/surface/unit-031/terminology-row/001,urn:uuid:84ff50e9-68a6-516e-9012-cc8eda32a1f2,covers,urn:uuid:b089634c-5b85-5f54-9e9f-0051b738b371,chapter4.tex:936-1107 (line 1107 blank boundary omitted from target mapping)
urn:uuid:a8103c1e-3044-5e81-8e2f-175e230676ce,relation/unit/bab-4-grup-solvabel-dan-nilpoten/section/01/covers/surface/unit-031/terminology-row/002,urn:uuid:84ff50e9-68a6-516e-9012-cc8eda32a1f2,covers,urn:uuid:f679d360-86cf-5515-b265-35a2769ab82c,chapter4.tex:936-1107 (line 1107 blank boundary omitted from target mapping)
urn:uuid:b55943cf-aab0-55aa-bc25-a87043321577,relation/unit/bab-4-grup-solvabel-dan-nilpoten/section/01/covers/surface/unit-031/terminology-row/003,urn:uuid:84ff50e9-68a6-516e-9012-cc8eda32a1f2,covers,urn:uuid:713d36e6-9e5d-50e4-a755-a2b8a83e223e,chapter4.tex:936-1107 (line 1107 blank boundary omitted from target mapping)
urn:uuid:5737ac79-ee10-5a57-a562-0ab3c62fd911,relation/unit/bab-4-grup-solvabel-dan-nilpoten/section/01/covers/surface/unit-031/terminology-row/004,urn:uuid:84ff50e9-68a6-516e-9012-cc8eda32a1f2,covers,urn:uuid:e8c6246d-f241-5ffe-b441-44ce14d6789a,chapter4.tex:936-1107 (line 1107 blank boundary omitted from target mapping)
urn:uuid:f43adc2b-c8ad-5bc0-b4f9-72b817ea747f,relation/unit/bab-4-grup-solvabel-dan-nilpoten/section/01/covers/surface/unit-031/terminology-row/005,urn:uuid:84ff50e9-68a6-516e-9012-cc8eda32a1f2,covers,urn:uuid:67d7bb27-527d-537f-87af-4d12f3943d92,chapter4.tex:936-1107 (line 1107 blank boundary omitted from target mapping)
urn:uuid:3a31a61b-debe-5696-a5fc-aa79d366c811,relation/unit/bab-4-grup-solvabel-dan-nilpoten/section/01/covers/surface/unit-031/terminology-row/006,urn:uuid:84ff50e9-68a6-516e-9012-cc8eda32a1f2,covers,urn:uuid:32f26bce-cee8-5e2c-9e4c-a250c51a51a9,chapter4.tex:936-1107 (line 1107 blank boundary omitted from target mapping)
urn:uuid:0431a554-ee9f-5f5b-9e02-2ac94d9fe093,relation/unit/bab-4-grup-solvabel-dan-nilpoten/section/01/covers/surface/unit-031/terminology-row/007,urn:uuid:84ff50e9-68a6-516e-9012-cc8eda32a1f2,covers,urn:uuid:df71f212-a2b2-52f9-acef-96227c4547d2,chapter4.tex:936-1107 (line 1107 blank boundary omitted from target mapping)
urn:uuid:6392cfe3-8c6f-5aff-bed5-841d087681a5,relation/unit/bab-4-grup-solvabel-dan-nilpoten/section/01/covers/surface/unit-031/terminology-row/008,urn:uuid:84ff50e9-68a6-516e-9012-cc8eda32a1f2,covers,urn:uuid:0c122eae-cd67-5d97-8f7e-fc5d2a64614a,chapter4.tex:936-1107 (line 1107 blank boundary omitted from target mapping)
urn:uuid:063e2c20-e307-5709-a2e3-4b3e93b0c7c8,relation/unit/bab-4-grup-solvabel-dan-nilpoten/section/01/covers/surface/unit-031/terminology-row/009,urn:uuid:84ff50e9-68a6-516e-9012-cc8eda32a1f2,covers,urn:uuid:44cd0ef0-3f70-5090-87ff-4383dec187d1,chapter4.tex:936-1107 (line 1107 blank boundary omitted from target mapping)
urn:uuid:8fdfa737-c6f4-5301-9272-67c126fea425,relation/unit/bab-4-grup-solvabel-dan-nilpoten/section/01/covers/surface/unit-031/terminology-row/010,urn:uuid:84ff50e9-68a6-516e-9012-cc8eda32a1f2,covers,urn:uuid:b3466241-db73-5897-86ad-bce601dca971,chapter4.tex:936-1107 (line 1107 blank boundary omitted from target mapping)
urn:uuid:c8112f21-bea2-5d01-a8bc-ed09451cd8cc,relation/unit/bab-4-grup-solvabel-dan-nilpoten/section/01/covers/surface/unit-031/terminology-row/011,urn:uuid:84ff50e9-68a6-516e-9012-cc8eda32a1f2,covers,urn:uuid:bb91ca3f-18f2-5cd0-8a51-3c2e7cbfd306,chapter4.tex:936-1107 (line 1107 blank boundary omitted from target mapping)
urn:uuid:6d91778b-a7ae-527d-ba5e-3f2026d807f5,relation/unit/bab-4-grup-solvabel-dan-nilpoten/section/01/covers/surface/unit-031/terminology-row/012,urn:uuid:84ff50e9-68a6-516e-9012-cc8eda32a1f2,covers,urn:uuid:991caf4e-6bdc-57b0-b0bb-65be6511fd92,chapter4.tex:936-1107 (line 1107 blank boundary omitted from target mapping)
urn:uuid:cc0e7e73-bc9d-518b-88fa-8db64710c43e,relation/unit/bab-4-grup-solvabel-dan-nilpoten/section/01/covers/surface/unit-031/terminology-row/013,urn:uuid:84ff50e9-68a6-516e-9012-cc8eda32a1f2,covers,urn:uuid:0d4d5fb8-a541-53fa-a88f-83a2013caae9,chapter4.tex:936-1107 (line 1107 blank boundary omitted from target mapping)
urn:uuid:51726d9c-0096-53d6-b5fe-a95f79579e4e,relation/unit/bab-4-grup-solvabel-dan-nilpoten/section/01/covers/surface/unit-031/terminology-row/014,urn:uuid:84ff50e9-68a6-516e-9012-cc8eda32a1f2,covers,urn:uuid:817dcd80-07e7-5637-874d-900d854ddfb9,chapter4.tex:936-1107 (line 1107 blank boundary omitted from target mapping)
urn:uuid:9d64adb4-a044-5c90-9acd-e589ce44a4f4,relation/unit/bab-4-grup-solvabel-dan-nilpoten/section/01/governed-by/rights/principal-cc-by-4.0,urn:uuid:84ff50e9-68a6-516e-9012-cc8eda32a1f2,governed-by,urn:uuid:0baf6c47-021d-5310-9475-81519e710250,
urn:uuid:4e6d124c-0867-5d91-8cae-ab643e72f63a,relation/unit/bab-4-grup-solvabel-dan-nilpoten/section/01/includes-diagram/diagram/unit-031/tikzcd-01,urn:uuid:84ff50e9-68a6-516e-9012-cc8eda32a1f2,includes-diagram,urn:uuid:80ebccb4-4a47-56a7-8b41-7ded651ef4ba,chapter4.tex:976-979
urn:uuid:aae7aff0-b44a-512f-acb9-2bac8403e3c7,relation/unit/bab-4-grup-solvabel-dan-nilpoten/section/01/includes-diagram/diagram/unit-031/tikzpicture-01,urn:uuid:84ff50e9-68a6-516e-9012-cc8eda32a1f2,includes-diagram,urn:uuid:eaf7a841-b3f3-5d44-aecf-7b7bda54e66a,chapter4.tex:954-957
urn:uuid:02b48b52-54a0-54a5-a146-e1aacc2edf85,relation/unit/bab-4-grup-solvabel-dan-nilpoten/section/01/includes-diagram/diagram/unit-031/tikzpicture-02,urn:uuid:84ff50e9-68a6-516e-9012-cc8eda32a1f2,includes-diagram,urn:uuid:09cd8c93-6f5b-513f-b50f-6a67e83e148b,chapter4.tex:958-961
urn:uuid:d7d705fc-2643-51fe-9ca9-4391d0468fee,relation/unit/bab-4-grup-solvabel-dan-nilpoten/section/01/indexes/index-entry/unit-031/main/001,urn:uuid:84ff50e9-68a6-516e-9012-cc8eda32a1f2,indexes,urn:uuid:7fc23761-af1a-543e-b790-4d66173aebb9,chapter4.tex:939
urn:uuid:e7ae105e-d166-582f-a718-683308e7150a,relation/unit/bab-4-grup-solvabel-dan-nilpoten/section/01/indexes/index-entry/unit-031/main/002,urn:uuid:84ff50e9-68a6-516e-9012-cc8eda32a1f2,indexes,urn:uuid:1a0861d0-c28c-563e-9baa-ee3a9c931766,chapter4.tex:939
urn:uuid:51401ff7-91da-5ca8-912f-195ae697f8a3,relation/unit/bab-4-grup-solvabel-dan-nilpoten/section/01/indexes/index-entry/unit-031/main/003,urn:uuid:84ff50e9-68a6-516e-9012-cc8eda32a1f2,indexes,urn:uuid:f6cec544-f069-509d-aa45-b18b40348792,chapter4.tex:939
urn:uuid:cce30732-e3a6-5885-8ae9-a4f72d98ce3b,relation/unit/bab-4-grup-solvabel-dan-nilpoten/section/01/indexes/index-entry/unit-031/main/005,urn:uuid:84ff50e9-68a6-516e-9012-cc8eda32a1f2,indexes,urn:uuid:64dafd29-798c-51e3-a2dc-cace18b39946,chapter4.tex:972
urn:uuid:a3f925a4-46af-5773-8621-8daf0ed4a3f3,relation/unit/bab-4-grup-solvabel-dan-nilpoten/section/01/indexes/index-entry/unit-031/main/008,urn:uuid:84ff50e9-68a6-516e-9012-cc8eda32a1f2,indexes,urn:uuid:76f50964-f24f-5a48-ae46-da7cbef14040,chapter4.tex:1033
urn:uuid:d8603b53-4b90-525c-95b0-672eb3b4d200,relation/unit/bab-4-grup-solvabel-dan-nilpoten/section/01/indexes/index-entry/unit-031/main/009,urn:uuid:84ff50e9-68a6-516e-9012-cc8eda32a1f2,indexes,urn:uuid:593e9fa2-bb0e-5042-bd7c-4cfdbc0aa36f,chapter4.tex:1084
urn:uuid:e8fa6048-eba3-5bc3-a9ae-dd6913cfd86c,relation/unit/bab-4-grup-solvabel-dan-nilpoten/section/01/indexes/index-entry/unit-031/sym1/004,urn:uuid:84ff50e9-68a6-516e-9012-cc8eda32a1f2,indexes,urn:uuid:652ddb7e-975f-56a3-89e8-5504a0d3437c,chapter4.tex:949
urn:uuid:490f427c-e04d-5e53-ba1a-c4dc3d8bb441,relation/unit/bab-4-grup-solvabel-dan-nilpoten/section/01/indexes/index-entry/unit-031/sym1/006,urn:uuid:84ff50e9-68a6-516e-9012-cc8eda32a1f2,indexes,urn:uuid:b36702cb-6a44-5411-8ffa-e955599a8859,chapter4.tex:972
urn:uuid:21cbd16a-8829-527d-9fe3-0129a0169aa1,relation/unit/bab-4-grup-solvabel-dan-nilpoten/section/01/indexes/index-entry/unit-031/sym1/007,urn:uuid:84ff50e9-68a6-516e-9012-cc8eda32a1f2,indexes,urn:uuid:c33e8c8f-95da-55ef-b00c-0d4f94f80b83,chapter4.tex:972
urn:uuid:e4a72db7-56db-50a4-8280-629d2dd5b20a,relation/unit/bab-4-grup-solvabel-dan-nilpoten/section/01/requires/prerequisite/basic-group-theory,urn:uuid:84ff50e9-68a6-516e-9012-cc8eda32a1f2,requires,urn:uuid:3f5dc8e0-0198-5016-b767-ded1b9ec3d13,chapter4.tex:936-1107 (line 1107 blank boundary omitted from target mapping)
urn:uuid:1b4cd23d-33a2-5c4d-a3f9-0b64c9a32a0b,relation/unit/bab-4-grup-solvabel-dan-nilpoten/section/01/requires/prerequisite/basic-mathematical-literacy,urn:uuid:84ff50e9-68a6-516e-9012-cc8eda32a1f2,requires,urn:uuid:8fb6c957-7285-5258-978c-e1369c7e39d7,chapter4.tex:936-1107 (line 1107 blank boundary omitted from target mapping)
urn:uuid:f83c26cb-e242-5e22-bea1-9cdf911d5f10,relation/unit/bab-4-grup-solvabel-dan-nilpoten/section/01/requires/prerequisite/composition-series-and-jordan-holder-theory,urn:uuid:84ff50e9-68a6-516e-9012-cc8eda32a1f2,requires,urn:uuid:621b0bf0-63f9-594f-bfec-cb097167d53e,chapter4.tex:936-1107 (line 1107 blank boundary omitted from target mapping)
urn:uuid:f558c71d-2a39-5c81-801d-836f5f773988,relation/unit/bab-4-grup-solvabel-dan-nilpoten/section/01/requires/prerequisite/elementary-number-theory,urn:uuid:84ff50e9-68a6-516e-9012-cc8eda32a1f2,requires,urn:uuid:cae14762-1ca0-5a11-aad9-20c81d540fee,chapter4.tex:936-1107 (line 1107 blank boundary omitted from target mapping)
urn:uuid:1a33da97-442e-5401-96c1-463490f02d10,relation/unit/bab-4-grup-solvabel-dan-nilpoten/section/01/requires/prerequisite/elementary-set-theory,urn:uuid:84ff50e9-68a6-516e-9012-cc8eda32a1f2,requires,urn:uuid:00f7d0ea-1b60-51da-843f-cca760a368e4,chapter4.tex:936-1107 (line 1107 blank boundary omitted from target mapping)
urn:uuid:e891b536-1735-56ce-aa67-2ede3a1768de,relation/unit/bab-4-grup-solvabel-dan-nilpoten/section/01/requires/prerequisite/group-actions-orbits-and-stabilizers,urn:uuid:84ff50e9-68a6-516e-9012-cc8eda32a1f2,requires,urn:uuid:1f177bdc-5a38-5076-a2b3-11bea04551e2,chapter4.tex:936-1107 (line 1107 blank boundary omitted from target mapping)
urn:uuid:b2f33985-a52f-5146-a49a-32d47da3cfc4,relation/unit/bab-4-grup-solvabel-dan-nilpoten/section/01/requires/prerequisite/group-homomorphisms-kernels-and-quotients,urn:uuid:84ff50e9-68a6-516e-9012-cc8eda32a1f2,requires,urn:uuid:ecd787ee-f056-5200-91e7-f98b3d80d458,chapter4.tex:936-1107 (line 1107 blank boundary omitted from target mapping)
