relation_id,relation_key,source_id,predicate,target_id,evidence
urn:uuid:2da1bf7e-5b5f-5683-8eb4-f856acd19452,relation/build-surface/unit-018-pdf/governed-by/rights/ajbook-fragment-cc-by-sa-3.0,urn:uuid:84bb64df-a925-52f2-92c9-6474aa0a6baf,governed-by,urn:uuid:10faf5cd-990f-5850-87b4-26922b062485,
urn:uuid:16eeddc3-8619-5263-bfb7-c71880470946,relation/build-surface/unit-018-pdf/governed-by/rights/noto-fonts-ofl-1.1,urn:uuid:84bb64df-a925-52f2-92c9-6474aa0a6baf,governed-by,urn:uuid:b9f7a7a7-8e18-507a-b72e-b5de733a7430,
urn:uuid:9825e0fb-db80-581b-be26-dac880fcdce5,relation/build-surface/unit-018-pdf/governed-by/rights/principal-cc-by-4.0,urn:uuid:84bb64df-a925-52f2-92c9-6474aa0a6baf,governed-by,urn:uuid:0baf6c47-021d-5310-9475-81519e710250,
urn:uuid:53d067a9-5de9-5fda-80de-fadd94073da9,relation/course/o013/requires/prerequisite/basic-mathematical-literacy,urn:uuid:a5f3ad58-ce3c-5f5f-b581-1f842ae79192,requires,urn:uuid:8fb6c957-7285-5258-978c-e1369c7e39d7,prelude.tex:49-60
urn:uuid:6af4c728-a07b-5571-a30d-9ee62c1a5a6e,relation/course/o013/requires/prerequisite/cauchy-sequences-and-completeness,urn:uuid:a5f3ad58-ce3c-5f5f-b581-1f842ae79192,requires,urn:uuid:b9018862-5027-50f5-9947-a9a9526cc91f,prelude.tex:49-60
urn:uuid:cdc5bef1-ed82-58de-9b13-95ec2357d9af,relation/course/o013/requires/prerequisite/elementary-number-theory,urn:uuid:a5f3ad58-ce3c-5f5f-b581-1f842ae79192,requires,urn:uuid:cae14762-1ca0-5a11-aad9-20c81d540fee,prelude.tex:49-60
urn:uuid:de5cce3e-de42-54c1-898b-fcd09a991c8d,relation/course/o013/requires/prerequisite/elementary-set-theory,urn:uuid:a5f3ad58-ce3c-5f5f-b581-1f842ae79192,requires,urn:uuid:00f7d0ea-1b60-51da-843f-cca760a368e4,prelude.tex:49-60
urn:uuid:922e2514-3fa4-5b3d-86e1-836505ce7783,relation/course/o013/requires/prerequisite/linear-transformations,urn:uuid:a5f3ad58-ce3c-5f5f-b581-1f842ae79192,requires,urn:uuid:9ef76bd8-39cf-5b09-8c2d-2d8c95f91aec,prelude.tex:49-60
urn:uuid:74ce1984-1114-53f2-a033-f2e9c028f4ee,relation/course/o013/requires/prerequisite/mathematical-logic,urn:uuid:a5f3ad58-ce3c-5f5f-b581-1f842ae79192,requires,urn:uuid:451f60c6-04ab-54a7-9d74-9dee65d088b7,prelude.tex:49-60
urn:uuid:18ee0c4f-7e83-55ce-b990-c9ff64548532,relation/course/o013/requires/prerequisite/matrices,urn:uuid:a5f3ad58-ce3c-5f5f-b581-1f842ae79192,requires,urn:uuid:d4260077-2f56-5951-8fe1-2dc390f81288,prelude.tex:49-60
urn:uuid:fe264b2f-dbe8-5589-8cb1-d75a56744c5a,relation/course/o013/requires/prerequisite/permutations-and-symmetric-groups,urn:uuid:a5f3ad58-ce3c-5f5f-b581-1f842ae79192,requires,urn:uuid:ee7d907b-05bc-5def-81d5-7fcd351829b8,prelude.tex:49-60
urn:uuid:b09b00b5-df77-5d64-94da-753d1b21fef4,relation/course/o013/requires/prerequisite/point-set-topology,urn:uuid:a5f3ad58-ce3c-5f5f-b581-1f842ae79192,requires,urn:uuid:6a61cd7e-28fe-5c64-9573-cf9ab46e5e96,prelude.tex:49-60
urn:uuid:ed32b23d-1271-5fa2-948f-562f6f29a2c2,relation/course/o013/requires/prerequisite/polynomials,urn:uuid:a5f3ad58-ce3c-5f5f-b581-1f842ae79192,requires,urn:uuid:15245348-aca2-5814-9ca8-0fce14044e14,prelude.tex:49-60
urn:uuid:59f7a53e-63b6-5f7d-a2ba-9f942e60d2cf,relation/course/o013/requires/prerequisite/real-analysis-basics,urn:uuid:a5f3ad58-ce3c-5f5f-b581-1f842ae79192,requires,urn:uuid:4eedb52d-6e0a-5379-b39c-5043b067c49f,prelude.tex:49-60
urn:uuid:f4f655a5-427a-5113-b6d6-fff3511fadfd,relation/course/o013/requires/prerequisite/vector-spaces,urn:uuid:a5f3ad58-ce3c-5f5f-b581-1f842ae79192,requires,urn:uuid:dfd6d864-afe6-5d0e-90f7-c130241cf396,prelude.tex:49-60
urn:uuid:671c70bd-307b-5cb8-a6cc-698df22eb60a,relation/course/o013/uses-resource/resource/wenweili/aljabr-1,urn:uuid:a5f3ad58-ce3c-5f5f-b581-1f842ae79192,uses-resource,urn:uuid:a72e8c67-4b46-5049-b626-479af39b5397,
urn:uuid:e0de195e-aff9-50ed-ba07-582c14db81e4,relation/diagram/unit-018/tikzcd-01/governed-by/rights/principal-cc-by-4.0,urn:uuid:6750c78a-d23b-5c2f-b66d-d98552a98e13,governed-by,urn:uuid:0baf6c47-021d-5310-9475-81519e710250,
urn:uuid:aabec331-6ba4-5e36-bf4e-5cc5c1179433,relation/edition/wenweili/aljabr-1/c4f7a01f68f5f407906b4b970640cddbbad85f6b/contains/unit/bab-2-latihan,urn:uuid:df2d23de-7370-5da5-ad49-42fb7c718c49,contains,urn:uuid:e78e538a-908b-52f4-86d1-facfaee64259,chapter2.tex:1603-1645
urn:uuid:f43da1b4-0053-5379-9911-864a80e9df27,relation/program/open-mathematics-curriculum/2026/contains/course/o013,urn:uuid:9d8d0610-2560-5376-8679-5a9418407a78,contains,urn:uuid:a5f3ad58-ce3c-5f5f-b581-1f842ae79192,
urn:uuid:03dde2e7-13e9-5147-9aac-4160466fd402,relation/resource/wenweili/aljabr-1/has-edition/edition/wenweili/aljabr-1/c4f7a01f68f5f407906b4b970640cddbbad85f6b,urn:uuid:a72e8c67-4b46-5049-b626-479af39b5397,has-edition,urn:uuid:df2d23de-7370-5da5-ad49-42fb7c718c49,
urn:uuid:9a818350-e470-5ae7-911f-e04ece951af3,relation/unit/bab-2-latihan/built-by/build-surface/unit-018-pdf,urn:uuid:e78e538a-908b-52f4-86d1-facfaee64259,built-by,urn:uuid:84bb64df-a925-52f2-92c9-6474aa0a6baf,
urn:uuid:fda5f3d7-39a9-5469-b97b-aa8466f4735d,relation/unit/bab-2-latihan/checked-by/qa/unit-018/admission-gate,urn:uuid:e78e538a-908b-52f4-86d1-facfaee64259,checked-by,urn:uuid:2e322b23-6215-5ffd-bd57-40858a81d218,
urn:uuid:a3d26421-f5a2-5a13-a448-685abdd87436,relation/unit/bab-2-latihan/checked-by/qa/unit-018/source-and-math-review,urn:uuid:e78e538a-908b-52f4-86d1-facfaee64259,checked-by,urn:uuid:4e2f3700-1499-523e-96d4-5acfae148f3b,
urn:uuid:6f31426d-d379-5876-a5bc-796d863301bc,relation/unit/bab-2-latihan/checked-by/qa/unit-018/terminology-control,urn:uuid:e78e538a-908b-52f4-86d1-facfaee64259,checked-by,urn:uuid:9732d2cb-ec91-5e5b-a989-bd8f02baddb0,
urn:uuid:11533f38-1c23-550d-afe0-e7894890b839,relation/unit/bab-2-latihan/contains/unit/bab-2-latihan/exercise/01,urn:uuid:e78e538a-908b-52f4-86d1-facfaee64259,contains,urn:uuid:07762809-12cc-58e8-bf31-bfc31cde3c5e,chapter2.tex:1604-1604
urn:uuid:3a7bc881-1a03-5313-ba26-a105aeb0592c,relation/unit/bab-2-latihan/contains/unit/bab-2-latihan/exercise/02,urn:uuid:e78e538a-908b-52f4-86d1-facfaee64259,contains,urn:uuid:80001041-3ab0-5892-b6ed-6c6fe34af886,chapter2.tex:1605-1615
urn:uuid:a2a88db6-1583-5827-8da5-13f9a213415e,relation/unit/bab-2-latihan/contains/unit/bab-2-latihan/exercise/03,urn:uuid:e78e538a-908b-52f4-86d1-facfaee64259,contains,urn:uuid:98782487-f3e4-5276-98b5-df6e5f557b4a,chapter2.tex:1616-1616
urn:uuid:bbf4c54d-edbb-59da-abfb-499e9307ceb5,relation/unit/bab-2-latihan/contains/unit/bab-2-latihan/exercise/04,urn:uuid:e78e538a-908b-52f4-86d1-facfaee64259,contains,urn:uuid:90ccf975-2e9e-539b-a555-e24091154bad,chapter2.tex:1617-1623
urn:uuid:06ba54f3-1f42-58a3-9d18-1f0c23207eff,relation/unit/bab-2-latihan/contains/unit/bab-2-latihan/exercise/05,urn:uuid:e78e538a-908b-52f4-86d1-facfaee64259,contains,urn:uuid:b2f5601e-1839-5631-a268-b1e75c447cab,chapter2.tex:1624-1624
urn:uuid:14941bba-0bbd-5dd1-8847-da8857dedaf4,relation/unit/bab-2-latihan/contains/unit/bab-2-latihan/exercise/06,urn:uuid:e78e538a-908b-52f4-86d1-facfaee64259,contains,urn:uuid:4252343f-2935-5468-81bd-302a5dce2c57,chapter2.tex:1625-1625
urn:uuid:0c9f86d7-97f7-503d-98e3-f480aa9a7572,relation/unit/bab-2-latihan/contains/unit/bab-2-latihan/exercise/07,urn:uuid:e78e538a-908b-52f4-86d1-facfaee64259,contains,urn:uuid:f5207622-3174-57e0-96ae-5f6fbfff543e,chapter2.tex:1626-1626
urn:uuid:0f22d012-c124-56fc-824b-e95bf612d5f9,relation/unit/bab-2-latihan/contains/unit/bab-2-latihan/exercise/08,urn:uuid:e78e538a-908b-52f4-86d1-facfaee64259,contains,urn:uuid:751cd409-d0fb-55e4-a887-bb80a09875f8,chapter2.tex:1627-1637
urn:uuid:fc7daee8-6d04-5793-b17e-eba0ae6246d6,relation/unit/bab-2-latihan/contains/unit/bab-2-latihan/exercise/09,urn:uuid:e78e538a-908b-52f4-86d1-facfaee64259,contains,urn:uuid:e3ec8073-076d-59a0-b72b-822fff7e4638,chapter2.tex:1639-1639
urn:uuid:35e7f4ba-949e-5c1d-b437-2145f53bd4bd,relation/unit/bab-2-latihan/contains/unit/bab-2-latihan/exercise/10,urn:uuid:e78e538a-908b-52f4-86d1-facfaee64259,contains,urn:uuid:f74363c6-9497-5ff0-82e3-a6b6ac0854b7,chapter2.tex:1640-1640
urn:uuid:5268275b-b26d-5a9f-8b61-c51a8d6e0850,relation/unit/bab-2-latihan/contains/unit/bab-2-latihan/exercise/11,urn:uuid:e78e538a-908b-52f4-86d1-facfaee64259,contains,urn:uuid:c88bcc06-9046-534f-8ec9-3eaf2c6d1296,chapter2.tex:1641-1642
urn:uuid:764963f5-d7d1-5d58-b1b8-737378fd8972,relation/unit/bab-2-latihan/contains/unit/bab-2-latihan/exercise/12,urn:uuid:e78e538a-908b-52f4-86d1-facfaee64259,contains,urn:uuid:963d889d-8810-5f60-b44a-4d4b9027c194,chapter2.tex:1643-1643
urn:uuid:fe1fcba1-6a63-51d1-8914-7f0e3ff0984b,relation/unit/bab-2-latihan/contains/unit/bab-2-latihan/exercise/13,urn:uuid:e78e538a-908b-52f4-86d1-facfaee64259,contains,urn:uuid:839833a3-3248-52f0-89a1-4c7c185e379d,chapter2.tex:1644-1644
urn:uuid:7af14a80-5334-5154-9b7b-690439faaf38,relation/unit/bab-2-latihan/covers/concept/adjunction,urn:uuid:e78e538a-908b-52f4-86d1-facfaee64259,covers,urn:uuid:4462f9e6-b549-5895-a879-d0a178f80f10,
urn:uuid:20b89ffb-2d7e-5f59-a50c-9582f80b1e14,relation/unit/bab-2-latihan/covers/concept/adjunction-counit,urn:uuid:e78e538a-908b-52f4-86d1-facfaee64259,covers,urn:uuid:4b148dec-0286-50a3-9c34-4b4e81ab2ac9,
urn:uuid:02598305-9ca5-5a79-9bd6-215745b1e7df,relation/unit/bab-2-latihan/covers/concept/adjunction-unit,urn:uuid:e78e538a-908b-52f4-86d1-facfaee64259,covers,urn:uuid:81ae54f3-18f0-5578-9227-bd146b39a7af,
urn:uuid:428f9c9b-b7ce-5ffb-90ff-d00c1f800d84,relation/unit/bab-2-latihan/covers/concept/category-equivalence,urn:uuid:e78e538a-908b-52f4-86d1-facfaee64259,covers,urn:uuid:97422dd0-3c7a-525c-867b-4c56427741f7,
urn:uuid:b82cc02e-21e8-56d4-82d4-58bd6f9803be,relation/unit/bab-2-latihan/covers/concept/category-join,urn:uuid:e78e538a-908b-52f4-86d1-facfaee64259,covers,urn:uuid:c11fe58e-9fe0-5f80-9227-92b31e05517a,
urn:uuid:9c2f60a8-c7a1-5356-8a43-550b18602083,relation/unit/bab-2-latihan/covers/concept/category-skeleton,urn:uuid:e78e538a-908b-52f4-86d1-facfaee64259,covers,urn:uuid:42e74f75-f945-5408-bf7d-9b7b99c14cff,
urn:uuid:65d0c408-7db0-5767-bb12-ee9cd5ee1eac,relation/unit/bab-2-latihan/covers/concept/cocomplete-category,urn:uuid:e78e538a-908b-52f4-86d1-facfaee64259,covers,urn:uuid:960d5c73-a7b4-5a53-acf4-85cc2ac86023,
urn:uuid:241accb3-1325-5c82-a0bd-1a10395830fd,relation/unit/bab-2-latihan/covers/concept/complete-category,urn:uuid:e78e538a-908b-52f4-86d1-facfaee64259,covers,urn:uuid:3c088c45-7dc1-5e84-9259-3e646534abd2,
urn:uuid:e0c531be-94e0-5fcf-9bd4-b7d13a6931c1,relation/unit/bab-2-latihan/covers/concept/coproduct,urn:uuid:e78e538a-908b-52f4-86d1-facfaee64259,covers,urn:uuid:e62391b3-cdfd-5b44-a7d0-e25a213dcbfe,
urn:uuid:2d32e8cb-08df-52b6-8303-6f88f6a31fae,relation/unit/bab-2-latihan/covers/concept/diagonal-functor,urn:uuid:e78e538a-908b-52f4-86d1-facfaee64259,covers,urn:uuid:571ba114-216f-55a3-8e8a-5d9130fcef21,
urn:uuid:6dd581cf-b377-5bbb-9afb-30e9fa757b12,relation/unit/bab-2-latihan/covers/concept/finite-dimensional-vector-space,urn:uuid:e78e538a-908b-52f4-86d1-facfaee64259,covers,urn:uuid:b777041f-d030-5eee-bcfe-0ab97f524821,
urn:uuid:ffe8bb40-1a22-5a08-b10e-89dad5de9809,relation/unit/bab-2-latihan/covers/concept/finite-ordinal-category,urn:uuid:e78e538a-908b-52f4-86d1-facfaee64259,covers,urn:uuid:bea3eada-15f9-5d5a-896a-b55a06d762e8,
urn:uuid:6b4b2c49-1bcc-5470-819e-500ade4a87f3,relation/unit/bab-2-latihan/covers/concept/finitely-generated-abelian-group,urn:uuid:e78e538a-908b-52f4-86d1-facfaee64259,covers,urn:uuid:59bc434f-aeae-5690-8d6d-e769204ac44f,
urn:uuid:9fc4a5f3-40d5-523e-b4c9-81d8de87b2b5,relation/unit/bab-2-latihan/covers/concept/forgetful-functor,urn:uuid:e78e538a-908b-52f4-86d1-facfaee64259,covers,urn:uuid:be8fdd79-2e4f-5a45-b766-4b88e50e387a,
urn:uuid:819dd01e-7789-5936-9954-49edcef57a07,relation/unit/bab-2-latihan/covers/concept/full-subcategory,urn:uuid:e78e538a-908b-52f4-86d1-facfaee64259,covers,urn:uuid:c5959783-bd14-5057-82b5-75ccd56699de,
urn:uuid:5a780eed-7981-515f-b592-fb6ade7491e0,relation/unit/bab-2-latihan/covers/concept/fully-faithful-functor,urn:uuid:e78e538a-908b-52f4-86d1-facfaee64259,covers,urn:uuid:e647f0a8-c84a-5e56-a905-92719c96346c,
urn:uuid:fd646596-512e-5e83-8cde-dbba682aded0,relation/unit/bab-2-latihan/covers/concept/functor-category,urn:uuid:e78e538a-908b-52f4-86d1-facfaee64259,covers,urn:uuid:557a8176-1d52-5975-a3f3-bb2aa83397c2,
urn:uuid:b841ef88-4a10-584b-87ca-47f6a2eb4102,relation/unit/bab-2-latihan/covers/concept/grothendieck-universe,urn:uuid:e78e538a-908b-52f4-86d1-facfaee64259,covers,urn:uuid:89acb040-b11f-593e-b1c8-67c63da94923,
urn:uuid:3087753a-d3f1-5438-960b-ae654deca0ae,relation/unit/bab-2-latihan/covers/concept/horizontal-composition,urn:uuid:e78e538a-908b-52f4-86d1-facfaee64259,covers,urn:uuid:8eb742a4-69cd-5a90-b5ea-b1e36b34b001,
urn:uuid:dd806eee-7aee-5c19-9c3c-57702f181af3,relation/unit/bab-2-latihan/covers/concept/inductive-limit,urn:uuid:e78e538a-908b-52f4-86d1-facfaee64259,covers,urn:uuid:767c52c4-5caa-5bd5-8c51-014b4e47eebc,
urn:uuid:27877a85-ab8b-59b5-b820-c160407f3381,relation/unit/bab-2-latihan/covers/concept/isomorphism,urn:uuid:e78e538a-908b-52f4-86d1-facfaee64259,covers,urn:uuid:775ba7e4-3cbe-5f92-ab3b-a75e61207b0f,
urn:uuid:5ead7fcd-e9a7-5626-a725-e1570290638d,relation/unit/bab-2-latihan/covers/concept/left-adjoint,urn:uuid:e78e538a-908b-52f4-86d1-facfaee64259,covers,urn:uuid:14c421be-8a5f-5546-8e00-0f6617cad759,
urn:uuid:ba59319f-ad0f-57b0-93b5-6cf6d3b9215c,relation/unit/bab-2-latihan/covers/concept/nonunital-ring,urn:uuid:e78e538a-908b-52f4-86d1-facfaee64259,covers,urn:uuid:0c4309ac-f73c-549e-b6fd-379ec6b3425c,
urn:uuid:9f217eb5-7610-5c71-8d9c-0ac5d5fc0f71,relation/unit/bab-2-latihan/covers/concept/pointed-set,urn:uuid:e78e538a-908b-52f4-86d1-facfaee64259,covers,urn:uuid:4f771f32-60c7-5b18-9fdc-3e2c438b04a8,
urn:uuid:33007b2d-102a-5998-a6bc-5eb40cabc490,relation/unit/bab-2-latihan/covers/concept/pointed-topological-space,urn:uuid:e78e538a-908b-52f4-86d1-facfaee64259,covers,urn:uuid:e0b97019-427e-53e4-8382-8472027d7b21,
urn:uuid:3fbb57e9-1276-50d7-8af2-e234a8573752,relation/unit/bab-2-latihan/covers/concept/product,urn:uuid:e78e538a-908b-52f4-86d1-facfaee64259,covers,urn:uuid:cd552f29-06ce-5025-92b9-ae3543b57991,
urn:uuid:3b89beef-543e-5fd7-a181-c980e3fbf4af,relation/unit/bab-2-latihan/covers/concept/projective-limit,urn:uuid:e78e538a-908b-52f4-86d1-facfaee64259,covers,urn:uuid:ceef170a-3594-5f79-babf-fe10ddf591b7,
urn:uuid:30170380-f6b7-5f23-8155-fd38754be3b7,relation/unit/bab-2-latihan/covers/concept/quasi-inverse-functor,urn:uuid:e78e538a-908b-52f4-86d1-facfaee64259,covers,urn:uuid:44c027d4-8b68-5172-be0b-7d283f772aa7,
urn:uuid:87990dd2-4c38-5966-9e05-0aa5106f7d77,relation/unit/bab-2-latihan/covers/concept/quotient-category,urn:uuid:e78e538a-908b-52f4-86d1-facfaee64259,covers,urn:uuid:ab03ea64-77a8-587d-8a77-fa7400462ae5,
urn:uuid:eb625a5d-0a2b-5603-87b8-f5689abd957d,relation/unit/bab-2-latihan/covers/concept/right-adjoint,urn:uuid:e78e538a-908b-52f4-86d1-facfaee64259,covers,urn:uuid:6bfa5e04-af80-5f91-9653-655a51b9f9b8,
urn:uuid:8e43a9d4-9832-5283-9b66-f9f6c42379fc,relation/unit/bab-2-latihan/covers/concept/unital-ring,urn:uuid:e78e538a-908b-52f4-86d1-facfaee64259,covers,urn:uuid:e23b2fcb-b9ab-5cdd-89ab-ff8c2b16dbb9,
urn:uuid:38457cb6-e59a-5ad5-9a2c-d0b440a124b0,relation/unit/bab-2-latihan/covers/concept/universal-property,urn:uuid:e78e538a-908b-52f4-86d1-facfaee64259,covers,urn:uuid:70b0bb37-ecec-50a8-86b6-f623c380c7d2,
urn:uuid:c7d847a3-5acb-5446-a097-12b3640862ba,relation/unit/bab-2-latihan/covers/concept/yoneda-lemma,urn:uuid:e78e538a-908b-52f4-86d1-facfaee64259,covers,urn:uuid:ea86c9f1-afae-566a-a147-15f94e48aba9,
urn:uuid:f2b13b55-4770-5c86-b539-24a98806aa23,relation/unit/bab-2-latihan/covers/correction/o013-li-u018-cor-001,urn:uuid:e78e538a-908b-52f4-86d1-facfaee64259,covers,urn:uuid:79c0adae-e80d-53d8-8ffd-e56c141b0e6e,
urn:uuid:99533e81-9a47-5eb9-b508-421fedc21b82,relation/unit/bab-2-latihan/covers/correction/o013-li-u018-cor-002,urn:uuid:e78e538a-908b-52f4-86d1-facfaee64259,covers,urn:uuid:febef1ec-8f2c-5c40-9482-1001ba2519f0,
urn:uuid:77bc44ef-8766-562f-8fd3-84f21f130a92,relation/unit/bab-2-latihan/covers/surface/unit-018/formula/display-bracket/001,urn:uuid:e78e538a-908b-52f4-86d1-facfaee64259,covers,urn:uuid:2cba0b68-2c5f-5e23-b606-1862dfb16479,
urn:uuid:57d77a05-6313-5de6-827c-7024416d03cd,relation/unit/bab-2-latihan/covers/surface/unit-018/formula/display-bracket/002,urn:uuid:e78e538a-908b-52f4-86d1-facfaee64259,covers,urn:uuid:03abc498-f711-5e3d-b05f-0c1861b92271,
urn:uuid:a8b24c64-b62f-5511-8e47-dfc69a6a69a4,relation/unit/bab-2-latihan/covers/surface/unit-018/formula/display-environment/001,urn:uuid:e78e538a-908b-52f4-86d1-facfaee64259,covers,urn:uuid:1c376d77-7fe8-5099-a89c-0424091013de,
urn:uuid:91ee6872-a284-5014-ba33-c9fc25f6c59f,relation/unit/bab-2-latihan/covers/surface/unit-018/formula/inline/001,urn:uuid:e78e538a-908b-52f4-86d1-facfaee64259,covers,urn:uuid:8fec8232-a1d7-5f52-8547-237a7cd262c7,
urn:uuid:a7bbdf7c-55b9-5073-92f7-fce85ee148c0,relation/unit/bab-2-latihan/covers/surface/unit-018/formula/inline/002,urn:uuid:e78e538a-908b-52f4-86d1-facfaee64259,covers,urn:uuid:54eada30-d4e5-5aa4-8e2d-ceb32d51fbb9,
urn:uuid:f3bf7ea4-1191-542c-9030-6b684ae5c646,relation/unit/bab-2-latihan/covers/surface/unit-018/formula/inline/003,urn:uuid:e78e538a-908b-52f4-86d1-facfaee64259,covers,urn:uuid:1f8e1ff2-f556-59f5-b269-1df6e70b3156,
urn:uuid:d44aa5b2-cb76-56b7-8820-04c1d2abc96d,relation/unit/bab-2-latihan/covers/surface/unit-018/formula/inline/004,urn:uuid:e78e538a-908b-52f4-86d1-facfaee64259,covers,urn:uuid:4769daf6-c1bb-55b2-8e2b-a41488c55060,
urn:uuid:8c5a2c2e-3bfb-5f54-a01a-e97e72747444,relation/unit/bab-2-latihan/covers/surface/unit-018/formula/inline/005,urn:uuid:e78e538a-908b-52f4-86d1-facfaee64259,covers,urn:uuid:6d44a762-001c-50b7-99f6-8d8d089cae58,
urn:uuid:1513ceb3-4035-5722-9d41-8338aa6c0c15,relation/unit/bab-2-latihan/covers/surface/unit-018/formula/inline/006,urn:uuid:e78e538a-908b-52f4-86d1-facfaee64259,covers,urn:uuid:b29b884b-b4e4-57a2-ba9d-b54231177207,
urn:uuid:5aa8a82b-c234-5c6e-b1a6-21dfb60c520b,relation/unit/bab-2-latihan/covers/surface/unit-018/formula/inline/007,urn:uuid:e78e538a-908b-52f4-86d1-facfaee64259,covers,urn:uuid:cc623f3f-cc83-5a74-ba69-d7a1d48f1b7e,
urn:uuid:797905ca-a747-598b-a36c-bea070a17a3e,relation/unit/bab-2-latihan/covers/surface/unit-018/formula/inline/008,urn:uuid:e78e538a-908b-52f4-86d1-facfaee64259,covers,urn:uuid:2665caeb-ebc5-5541-8571-74f2572c8d1c,
urn:uuid:fbdad612-7d36-53b8-a0a3-a01e3c7152c4,relation/unit/bab-2-latihan/covers/surface/unit-018/formula/inline/009,urn:uuid:e78e538a-908b-52f4-86d1-facfaee64259,covers,urn:uuid:a7d07fa7-298e-554d-949d-b22216f88059,
urn:uuid:1454114d-5de3-50a7-aad2-c16c96c6b102,relation/unit/bab-2-latihan/covers/surface/unit-018/formula/inline/010,urn:uuid:e78e538a-908b-52f4-86d1-facfaee64259,covers,urn:uuid:2172fac6-a308-57ec-adb4-032a5cd38bca,
urn:uuid:66530831-b9f9-5cec-9c60-acf1d3591574,relation/unit/bab-2-latihan/covers/surface/unit-018/formula/inline/011,urn:uuid:e78e538a-908b-52f4-86d1-facfaee64259,covers,urn:uuid:b27c8102-bd04-51e2-b261-20d8ce44c090,
urn:uuid:0662e51f-253d-5cea-be08-f902cd60d8b0,relation/unit/bab-2-latihan/covers/surface/unit-018/formula/inline/012,urn:uuid:e78e538a-908b-52f4-86d1-facfaee64259,covers,urn:uuid:2e1ad4f5-e4a8-5a31-af3b-151ed451a364,
urn:uuid:119c79c6-3219-5e51-a13e-3faaaca61e46,relation/unit/bab-2-latihan/covers/surface/unit-018/formula/inline/013,urn:uuid:e78e538a-908b-52f4-86d1-facfaee64259,covers,urn:uuid:a7712eb8-4cbc-553a-8b12-0ababeaeac3b,
urn:uuid:bf2c33e7-45e3-551a-bfc1-01b42e96f550,relation/unit/bab-2-latihan/covers/surface/unit-018/formula/inline/014,urn:uuid:e78e538a-908b-52f4-86d1-facfaee64259,covers,urn:uuid:3a08deee-aebb-5c87-9127-ec208b71977a,
urn:uuid:f6c6bdbd-eb8f-5e1f-a493-69f25a8e62dd,relation/unit/bab-2-latihan/covers/surface/unit-018/formula/inline/015,urn:uuid:e78e538a-908b-52f4-86d1-facfaee64259,covers,urn:uuid:315e5cee-b1a9-5c18-a6a1-25ba860f4623,
urn:uuid:b47ab140-f956-5602-b1db-10b13b08f7ba,relation/unit/bab-2-latihan/covers/surface/unit-018/formula/inline/016,urn:uuid:e78e538a-908b-52f4-86d1-facfaee64259,covers,urn:uuid:349fbd40-93f1-5bff-afd2-78a4ee4c079a,
urn:uuid:af781ef6-b35f-5ea4-b705-4e265cb5b522,relation/unit/bab-2-latihan/covers/surface/unit-018/formula/inline/017,urn:uuid:e78e538a-908b-52f4-86d1-facfaee64259,covers,urn:uuid:734013d9-7786-5c0e-b74f-2134b4559aa0,
urn:uuid:0b0ed76b-5c36-590c-97ac-ab74f6374df7,relation/unit/bab-2-latihan/covers/surface/unit-018/formula/inline/018,urn:uuid:e78e538a-908b-52f4-86d1-facfaee64259,covers,urn:uuid:09295b83-ccc8-525b-bc92-62a1d00754ad,
urn:uuid:b30d1ceb-a3dd-5626-9386-bba9f41c17cc,relation/unit/bab-2-latihan/covers/surface/unit-018/formula/inline/019,urn:uuid:e78e538a-908b-52f4-86d1-facfaee64259,covers,urn:uuid:07566d7d-2c9e-567b-bb95-45e40982cbf5,
urn:uuid:7c0c7fe5-5e64-5b4f-a0f1-09e3d0b2972e,relation/unit/bab-2-latihan/covers/surface/unit-018/formula/inline/020,urn:uuid:e78e538a-908b-52f4-86d1-facfaee64259,covers,urn:uuid:53421abc-28b0-5cc7-9278-4baa0287aa53,
urn:uuid:dc91df23-c5ec-5f53-b08e-37d3e084c9df,relation/unit/bab-2-latihan/covers/surface/unit-018/formula/inline/021,urn:uuid:e78e538a-908b-52f4-86d1-facfaee64259,covers,urn:uuid:e0f89e12-4bf9-5535-af6a-8301bf4bb1d9,
urn:uuid:ce720d53-0864-597d-84e1-e7bc766cef61,relation/unit/bab-2-latihan/covers/surface/unit-018/formula/inline/022,urn:uuid:e78e538a-908b-52f4-86d1-facfaee64259,covers,urn:uuid:8c89f369-dc3b-52f0-8376-6d7acd17f67c,
urn:uuid:e90f7f8e-7d0f-57bd-a05c-45617e0ecda7,relation/unit/bab-2-latihan/covers/surface/unit-018/formula/inline/023,urn:uuid:e78e538a-908b-52f4-86d1-facfaee64259,covers,urn:uuid:cd436745-b4f4-5d02-b456-4b7b36584f17,
urn:uuid:6101df7e-c728-583a-ac7a-c8f3e2cf2551,relation/unit/bab-2-latihan/covers/surface/unit-018/formula/inline/024,urn:uuid:e78e538a-908b-52f4-86d1-facfaee64259,covers,urn:uuid:9f8173d2-ac7b-57ae-b591-3650dbf1859b,
urn:uuid:1014bc56-a6dc-5eb5-ae07-bc815543ad6d,relation/unit/bab-2-latihan/covers/surface/unit-018/formula/inline/025,urn:uuid:e78e538a-908b-52f4-86d1-facfaee64259,covers,urn:uuid:d61108fc-7660-5368-bb36-3a0f3f65e112,
urn:uuid:a35b7e62-be22-536e-9a62-08f1c9af9ba6,relation/unit/bab-2-latihan/covers/surface/unit-018/formula/inline/026,urn:uuid:e78e538a-908b-52f4-86d1-facfaee64259,covers,urn:uuid:fa16d7f1-ee68-5409-a953-5c9c69ea73fa,
urn:uuid:c8025998-1e7c-59ae-b94c-2e8b7e19875a,relation/unit/bab-2-latihan/covers/surface/unit-018/formula/inline/027,urn:uuid:e78e538a-908b-52f4-86d1-facfaee64259,covers,urn:uuid:b9e9fbb3-025a-5f26-8ff3-c7e2e6e9c253,
urn:uuid:c35953c6-22c4-5171-a102-4c7208e65577,relation/unit/bab-2-latihan/covers/surface/unit-018/formula/inline/028,urn:uuid:e78e538a-908b-52f4-86d1-facfaee64259,covers,urn:uuid:ff745eb4-c3e6-527b-9d3d-c7c5106fa15f,
urn:uuid:9fbdaf6b-1bb3-55e3-bfc1-8767029cccae,relation/unit/bab-2-latihan/covers/surface/unit-018/formula/inline/029,urn:uuid:e78e538a-908b-52f4-86d1-facfaee64259,covers,urn:uuid:a1f711ce-22fb-537c-aba1-b5aba2cb7aac,
urn:uuid:28043268-9ea0-5b42-b219-15bf6873dbbe,relation/unit/bab-2-latihan/covers/surface/unit-018/formula/inline/030,urn:uuid:e78e538a-908b-52f4-86d1-facfaee64259,covers,urn:uuid:2dd71cea-2597-5e0e-9e60-dc7a8cb8e309,
urn:uuid:58931fde-efd2-5383-b212-f1fe99187a14,relation/unit/bab-2-latihan/covers/surface/unit-018/formula/inline/031,urn:uuid:e78e538a-908b-52f4-86d1-facfaee64259,covers,urn:uuid:2fb68c6d-6e41-5c3f-85f0-1527248d31ad,
urn:uuid:dd1961f6-6dd0-50cd-aec7-fea0c3b23dd4,relation/unit/bab-2-latihan/covers/surface/unit-018/formula/inline/032,urn:uuid:e78e538a-908b-52f4-86d1-facfaee64259,covers,urn:uuid:0f49a820-7ac6-5c9d-a610-f7dfbdfd87b0,
urn:uuid:56d55809-39ca-5005-9383-36ab3fdb1eb9,relation/unit/bab-2-latihan/covers/surface/unit-018/formula/inline/033,urn:uuid:e78e538a-908b-52f4-86d1-facfaee64259,covers,urn:uuid:8f08c269-5dd0-5722-bf98-8becd9e3b124,
urn:uuid:55bb5a8a-f8cc-569a-a987-c673aa577632,relation/unit/bab-2-latihan/covers/surface/unit-018/formula/inline/034,urn:uuid:e78e538a-908b-52f4-86d1-facfaee64259,covers,urn:uuid:4c545124-8881-55e0-9bad-0377f52ca653,
urn:uuid:baabfaed-2889-5fa1-96f5-4a757c799c76,relation/unit/bab-2-latihan/covers/surface/unit-018/formula/inline/035,urn:uuid:e78e538a-908b-52f4-86d1-facfaee64259,covers,urn:uuid:e3267836-d9c2-518c-b49e-279abb55630c,
urn:uuid:8e9ba408-ae2e-5bf9-abb4-01ac3d29ae13,relation/unit/bab-2-latihan/covers/surface/unit-018/formula/inline/036,urn:uuid:e78e538a-908b-52f4-86d1-facfaee64259,covers,urn:uuid:ec49d59f-6341-50c7-aa11-5d5d59d17153,
urn:uuid:39cf37b7-2f25-59c4-8d3d-ee58b7782888,relation/unit/bab-2-latihan/covers/surface/unit-018/formula/inline/037,urn:uuid:e78e538a-908b-52f4-86d1-facfaee64259,covers,urn:uuid:e8d789a4-241c-5e8e-84b4-d8a2b4c9e65f,
urn:uuid:86e7770b-cc86-5031-ad22-07dd0f2fa805,relation/unit/bab-2-latihan/covers/surface/unit-018/formula/inline/038,urn:uuid:e78e538a-908b-52f4-86d1-facfaee64259,covers,urn:uuid:ce71a75a-e881-5796-b400-3c5ef70ae1ea,
urn:uuid:d4f7930e-95f6-5bdf-b885-dc125830637e,relation/unit/bab-2-latihan/covers/surface/unit-018/formula/inline/039,urn:uuid:e78e538a-908b-52f4-86d1-facfaee64259,covers,urn:uuid:600a2f0a-bb22-5cd2-81f4-b1902fb78887,
urn:uuid:d5324117-e332-5068-aa7e-f53b8142d649,relation/unit/bab-2-latihan/covers/surface/unit-018/formula/inline/040,urn:uuid:e78e538a-908b-52f4-86d1-facfaee64259,covers,urn:uuid:edb3936d-32f6-5168-89fe-43e6d20f845c,
urn:uuid:e7d03b0a-01b4-5595-890a-3fe40bdf9454,relation/unit/bab-2-latihan/covers/surface/unit-018/formula/inline/041,urn:uuid:e78e538a-908b-52f4-86d1-facfaee64259,covers,urn:uuid:70c6dd10-69b9-579d-99c3-0336b290bc3f,
urn:uuid:dbeec585-5849-5f96-9121-fde4f13e28e9,relation/unit/bab-2-latihan/covers/surface/unit-018/formula/inline/042,urn:uuid:e78e538a-908b-52f4-86d1-facfaee64259,covers,urn:uuid:f8211f85-5628-56bb-983f-aaa6ba154588,
urn:uuid:4f60aa68-6633-56d1-a3ee-7941bcc3da3c,relation/unit/bab-2-latihan/covers/surface/unit-018/formula/inline/043,urn:uuid:e78e538a-908b-52f4-86d1-facfaee64259,covers,urn:uuid:b154dc8d-b19c-58b6-8805-1903a7140861,
urn:uuid:29c874c1-e952-50dc-91a5-4e951ac82823,relation/unit/bab-2-latihan/covers/surface/unit-018/formula/inline/044,urn:uuid:e78e538a-908b-52f4-86d1-facfaee64259,covers,urn:uuid:8a5b6e72-9d9a-5c33-9338-7ef9cdd16d49,
urn:uuid:6e09d094-5698-5805-85a2-d07324b01f8a,relation/unit/bab-2-latihan/covers/surface/unit-018/formula/inline/045,urn:uuid:e78e538a-908b-52f4-86d1-facfaee64259,covers,urn:uuid:e0866350-dee6-57d9-b225-2ae437eda9d8,
urn:uuid:3d46124e-96e2-5eca-a6bf-2820673e2e14,relation/unit/bab-2-latihan/covers/surface/unit-018/formula/inline/046,urn:uuid:e78e538a-908b-52f4-86d1-facfaee64259,covers,urn:uuid:951cbebf-5da5-51bb-b82d-2393f45d7d51,
urn:uuid:01a0b09e-e375-557d-bb03-953045b7e920,relation/unit/bab-2-latihan/covers/surface/unit-018/formula/inline/047,urn:uuid:e78e538a-908b-52f4-86d1-facfaee64259,covers,urn:uuid:30bc9d4f-df61-5509-8f23-9201c597d963,
urn:uuid:afeccd2a-82f6-52e6-897c-537a5da69eab,relation/unit/bab-2-latihan/covers/surface/unit-018/formula/inline/048,urn:uuid:e78e538a-908b-52f4-86d1-facfaee64259,covers,urn:uuid:7e861e14-7ea7-58a0-8650-c1c1ec0bb7bb,
urn:uuid:53e06479-cce0-5f80-ab10-55e56f5f013e,relation/unit/bab-2-latihan/covers/surface/unit-018/formula/inline/049,urn:uuid:e78e538a-908b-52f4-86d1-facfaee64259,covers,urn:uuid:42544ebd-453c-512a-8abd-dd8dbddeb26e,
urn:uuid:c215ae93-9fe2-5453-8136-dac76a9851a3,relation/unit/bab-2-latihan/covers/surface/unit-018/formula/inline/050,urn:uuid:e78e538a-908b-52f4-86d1-facfaee64259,covers,urn:uuid:9cc99db4-0edb-56ac-b40d-fe88d67538ea,
urn:uuid:7ba126e6-4112-5a16-80c8-1d39851d15be,relation/unit/bab-2-latihan/covers/surface/unit-018/formula/inline/051,urn:uuid:e78e538a-908b-52f4-86d1-facfaee64259,covers,urn:uuid:e3cbf2d7-c242-5e09-b4c4-b9725601cf82,
urn:uuid:93d43a71-7d4d-5f39-86e7-3bb366e38b04,relation/unit/bab-2-latihan/covers/surface/unit-018/formula/inline/052,urn:uuid:e78e538a-908b-52f4-86d1-facfaee64259,covers,urn:uuid:567fa165-83a8-583a-8776-7f08507f0983,
urn:uuid:a59aeb78-e97c-5273-8222-9bb44d47f189,relation/unit/bab-2-latihan/covers/surface/unit-018/formula/inline/053,urn:uuid:e78e538a-908b-52f4-86d1-facfaee64259,covers,urn:uuid:9dc5fb39-85a5-5e1e-b03c-157c5c199476,
urn:uuid:9e546631-9038-5794-9171-d10b76f23ca2,relation/unit/bab-2-latihan/covers/surface/unit-018/formula/inline/054,urn:uuid:e78e538a-908b-52f4-86d1-facfaee64259,covers,urn:uuid:8d893ca0-38d0-5e6a-9060-32761bb21a30,
urn:uuid:df2fcc0e-eec2-5f55-8e11-0b94dbb634c9,relation/unit/bab-2-latihan/covers/surface/unit-018/formula/inline/055,urn:uuid:e78e538a-908b-52f4-86d1-facfaee64259,covers,urn:uuid:bfb52771-3a4d-53cb-9f95-a3c33215cc8d,
urn:uuid:34b81407-34c7-5ad0-a326-cfcbc2749979,relation/unit/bab-2-latihan/covers/surface/unit-018/formula/inline/056,urn:uuid:e78e538a-908b-52f4-86d1-facfaee64259,covers,urn:uuid:fde8e2f9-e5b8-530b-a110-20fc829de730,
urn:uuid:d7f725a3-0668-53e5-860a-72556d7e3452,relation/unit/bab-2-latihan/covers/surface/unit-018/formula/inline/057,urn:uuid:e78e538a-908b-52f4-86d1-facfaee64259,covers,urn:uuid:89631901-016a-5b83-b0db-81c40b169c8f,
urn:uuid:66c596b8-af43-5992-b14f-0f8dba1a1c43,relation/unit/bab-2-latihan/covers/surface/unit-018/formula/inline/058,urn:uuid:e78e538a-908b-52f4-86d1-facfaee64259,covers,urn:uuid:b21014f8-8f25-55ae-8ae2-b0889e7be30b,
urn:uuid:7f34f0fa-dc7e-5799-aaec-afa06a12710f,relation/unit/bab-2-latihan/covers/surface/unit-018/formula/inline/059,urn:uuid:e78e538a-908b-52f4-86d1-facfaee64259,covers,urn:uuid:5bfbed41-aeb1-5ac5-bf5b-7e5e8e826990,
urn:uuid:720d4a7b-e346-53bf-94c6-90262ec2829e,relation/unit/bab-2-latihan/covers/surface/unit-018/formula/inline/060,urn:uuid:e78e538a-908b-52f4-86d1-facfaee64259,covers,urn:uuid:99b1dcd4-81d8-5da5-975b-42a8618bbbd0,
urn:uuid:0e491738-8cef-50a6-be5a-e5fa37a3292a,relation/unit/bab-2-latihan/covers/surface/unit-018/formula/inline/061,urn:uuid:e78e538a-908b-52f4-86d1-facfaee64259,covers,urn:uuid:7d90e6e3-c631-515f-892c-9aa24f3c3277,
urn:uuid:56817421-d611-59bc-a446-d9ff7cfd6b58,relation/unit/bab-2-latihan/covers/surface/unit-018/formula/inline/062,urn:uuid:e78e538a-908b-52f4-86d1-facfaee64259,covers,urn:uuid:dcc985da-f596-5980-903a-bf8c34fb5808,
urn:uuid:7d5e37c1-33e7-5b93-a4cf-ee85ea00fc6d,relation/unit/bab-2-latihan/covers/surface/unit-018/formula/inline/063,urn:uuid:e78e538a-908b-52f4-86d1-facfaee64259,covers,urn:uuid:6deab863-757a-55b4-a4cf-f6976f235137,
urn:uuid:43819e0c-0fa7-5eb3-9f25-65f8e149a913,relation/unit/bab-2-latihan/covers/surface/unit-018/formula/inline/064,urn:uuid:e78e538a-908b-52f4-86d1-facfaee64259,covers,urn:uuid:58aa5b05-a1c0-5ef2-b9b0-f0b6cba2cda9,
urn:uuid:603a0a2e-1cca-5e5a-83da-a940a724ebe1,relation/unit/bab-2-latihan/covers/surface/unit-018/formula/inline/065,urn:uuid:e78e538a-908b-52f4-86d1-facfaee64259,covers,urn:uuid:db13af15-073b-5f1b-a001-2c88dd5a7d38,
urn:uuid:bcc8ec2c-8b74-50df-b170-239074ae7be1,relation/unit/bab-2-latihan/covers/surface/unit-018/formula/inline/066,urn:uuid:e78e538a-908b-52f4-86d1-facfaee64259,covers,urn:uuid:3a35ff6d-7d60-51ee-a9d7-8ed43c1fcd55,
urn:uuid:ad2734dc-5bbf-51bb-a3c8-b44d585be809,relation/unit/bab-2-latihan/covers/surface/unit-018/formula/inline/067,urn:uuid:e78e538a-908b-52f4-86d1-facfaee64259,covers,urn:uuid:92b106bd-308e-5eae-b8bf-0aa652497f88,
urn:uuid:2c9eb2c1-fcbe-53f9-9929-8d0426d269e8,relation/unit/bab-2-latihan/covers/surface/unit-018/formula/inline/068,urn:uuid:e78e538a-908b-52f4-86d1-facfaee64259,covers,urn:uuid:66633422-3dec-52a5-8df7-d9d34c47db1b,
urn:uuid:c0f761bf-6b41-52fd-a2d9-9098c37d3c7c,relation/unit/bab-2-latihan/covers/surface/unit-018/formula/inline/069,urn:uuid:e78e538a-908b-52f4-86d1-facfaee64259,covers,urn:uuid:1882f23a-cb83-5b50-93ba-bf93bc757cbb,
urn:uuid:b9a459e1-6073-5d93-8cb2-d66eba76c11b,relation/unit/bab-2-latihan/covers/surface/unit-018/formula/inline/070,urn:uuid:e78e538a-908b-52f4-86d1-facfaee64259,covers,urn:uuid:8e2ea2fb-07ee-5bad-bc3e-efeae3ef43e0,
urn:uuid:85b9de02-4e0e-5b53-abc6-0b85d7d6cc3f,relation/unit/bab-2-latihan/covers/surface/unit-018/formula/inline/071,urn:uuid:e78e538a-908b-52f4-86d1-facfaee64259,covers,urn:uuid:c8173cf8-b9a2-5d69-88d8-14a67bdc8702,
urn:uuid:4975ac70-3ebb-55e3-b6e5-0cc3542cb4ea,relation/unit/bab-2-latihan/covers/surface/unit-018/formula/inline/072,urn:uuid:e78e538a-908b-52f4-86d1-facfaee64259,covers,urn:uuid:89122ab9-4cb7-59e3-b4b9-b3fe3ef053c2,
urn:uuid:1bc34b24-a341-548b-b93b-7daacebe0b3c,relation/unit/bab-2-latihan/covers/surface/unit-018/formula/inline/073,urn:uuid:e78e538a-908b-52f4-86d1-facfaee64259,covers,urn:uuid:9dac93c0-cf34-5082-8c8d-e980716406a6,
urn:uuid:b7172946-05cf-57bf-afaf-8e0aee1e1a16,relation/unit/bab-2-latihan/covers/surface/unit-018/formula/inline/074,urn:uuid:e78e538a-908b-52f4-86d1-facfaee64259,covers,urn:uuid:218cb182-2bb5-523c-a71a-7e32e600aef3,
urn:uuid:dd28d449-854b-5c5c-a68b-5063b3cffcf5,relation/unit/bab-2-latihan/covers/surface/unit-018/formula/inline/075,urn:uuid:e78e538a-908b-52f4-86d1-facfaee64259,covers,urn:uuid:1a335c80-862f-54dd-a971-d9583d004199,
urn:uuid:8fe9caea-a163-58cb-b7ac-1d4316c0193c,relation/unit/bab-2-latihan/covers/surface/unit-018/formula/inline/076,urn:uuid:e78e538a-908b-52f4-86d1-facfaee64259,covers,urn:uuid:537316c9-be8e-5010-af04-d73eb1bb2e48,
urn:uuid:4bad5735-45a2-57c3-8654-34e9bafed0fb,relation/unit/bab-2-latihan/covers/surface/unit-018/formula/inline/077,urn:uuid:e78e538a-908b-52f4-86d1-facfaee64259,covers,urn:uuid:1360e359-cac4-54c1-af59-84bba73a1cf7,
urn:uuid:fcaf4c9f-aa4b-50c4-99c0-548307a96c73,relation/unit/bab-2-latihan/covers/surface/unit-018/formula/inline/078,urn:uuid:e78e538a-908b-52f4-86d1-facfaee64259,covers,urn:uuid:b4faa81a-90f5-5b0a-97ae-4c354966f83d,
urn:uuid:fba3840a-223b-5fe0-89c3-fbd068962111,relation/unit/bab-2-latihan/covers/surface/unit-018/formula/inline/079,urn:uuid:e78e538a-908b-52f4-86d1-facfaee64259,covers,urn:uuid:ddf5dd27-f8fc-5159-b5b2-36b785add172,
urn:uuid:90d821eb-4c9e-5f90-8fe9-e2c7ed322dad,relation/unit/bab-2-latihan/covers/surface/unit-018/formula/inline/080,urn:uuid:e78e538a-908b-52f4-86d1-facfaee64259,covers,urn:uuid:d29c4406-0fa4-5c28-947b-c8590f5e41e8,
urn:uuid:b419da71-dd55-596b-9236-b3ea75a370f3,relation/unit/bab-2-latihan/covers/surface/unit-018/reference/ordinary/001,urn:uuid:e78e538a-908b-52f4-86d1-facfaee64259,covers,urn:uuid:351ee41d-dbd1-5fec-be1a-5cdb07767ed5,
urn:uuid:3cde39f9-2c1c-5212-853e-c1cc146f90de,relation/unit/bab-2-latihan/covers/surface/unit-018/reference/ordinary/002,urn:uuid:e78e538a-908b-52f4-86d1-facfaee64259,covers,urn:uuid:daa15864-f3c5-5484-aa62-57c947880972,
urn:uuid:e5d36f28-914b-5e86-9e16-3b419715a65e,relation/unit/bab-2-latihan/covers/surface/unit-018/reference/ordinary/003,urn:uuid:e78e538a-908b-52f4-86d1-facfaee64259,covers,urn:uuid:8c51dd33-4e12-5ef8-b02e-b298fa627cc3,
urn:uuid:0dc806ff-36e6-5591-92d1-2c215fb55058,relation/unit/bab-2-latihan/covers/unit/bab-2-latihan/exercise/04/subpart/i,urn:uuid:e78e538a-908b-52f4-86d1-facfaee64259,covers,urn:uuid:336f3e5e-f485-5b71-bfdc-dd828726be11,
urn:uuid:799f9f9a-7b3e-58d0-aa9e-7cf3cf135864,relation/unit/bab-2-latihan/covers/unit/bab-2-latihan/exercise/04/subpart/ii,urn:uuid:e78e538a-908b-52f4-86d1-facfaee64259,covers,urn:uuid:685e2f29-b2b5-588c-b775-656a9c72ce3a,
urn:uuid:28bf0e30-d3d4-53d1-841a-cf3837b1a580,relation/unit/bab-2-latihan/covers/unit/bab-2-latihan/exercise/04/subpart/iii,urn:uuid:e78e538a-908b-52f4-86d1-facfaee64259,covers,urn:uuid:ca63f731-8c20-5fd9-b0d6-893454b3e95d,
urn:uuid:dc5c53a1-8366-52eb-a933-b5cdcc8e9981,relation/unit/bab-2-latihan/covers/unit/bab-2-latihan/exercise/08/hint/01,urn:uuid:e78e538a-908b-52f4-86d1-facfaee64259,covers,urn:uuid:9eaeac83-4a14-5d4a-8cee-3fd0c8663ca7,
urn:uuid:dc2eac71-80fb-52e6-821a-d5c71fc91ee0,relation/unit/bab-2-latihan/covers/unit/bab-2-latihan/exercise/08/subpart/i,urn:uuid:e78e538a-908b-52f4-86d1-facfaee64259,covers,urn:uuid:c6fb76a8-7411-544a-8695-c4093541e0cc,
urn:uuid:cced4229-00d7-5e26-a6ba-790bd75cf01d,relation/unit/bab-2-latihan/covers/unit/bab-2-latihan/exercise/08/subpart/ii,urn:uuid:e78e538a-908b-52f4-86d1-facfaee64259,covers,urn:uuid:f0e5dda7-8580-55c7-9433-25c8dcef9e05,
urn:uuid:9ed8b56d-28cb-5a62-8b1e-6403f7c286b2,relation/unit/bab-2-latihan/exercise/01/covers/concept/isomorphism,urn:uuid:07762809-12cc-58e8-bf31-bfc31cde3c5e,covers,urn:uuid:775ba7e4-3cbe-5f92-ab3b-a75e61207b0f,chapter2.tex:1604-1604
urn:uuid:fc16c7a9-cae4-53aa-98e7-6a3f556e2a1a,relation/unit/bab-2-latihan/exercise/01/covers/surface/unit-018/formula/inline/001,urn:uuid:07762809-12cc-58e8-bf31-bfc31cde3c5e,covers,urn:uuid:8fec8232-a1d7-5f52-8547-237a7cd262c7,chapter2.tex:1604-1604
urn:uuid:b18ba28e-1aa5-5067-8b92-4e18af78af2b,relation/unit/bab-2-latihan/exercise/01/covers/surface/unit-018/formula/inline/002,urn:uuid:07762809-12cc-58e8-bf31-bfc31cde3c5e,covers,urn:uuid:54eada30-d4e5-5aa4-8e2d-ceb32d51fbb9,chapter2.tex:1604-1604
urn:uuid:9ffca697-5575-50f2-98ab-5f40ce62dea4,relation/unit/bab-2-latihan/exercise/01/covers/surface/unit-018/formula/inline/003,urn:uuid:07762809-12cc-58e8-bf31-bfc31cde3c5e,covers,urn:uuid:1f8e1ff2-f556-59f5-b269-1df6e70b3156,chapter2.tex:1604-1604
urn:uuid:871dae4e-8ebe-5175-85f3-a314d7e0df4a,relation/unit/bab-2-latihan/exercise/01/covers/surface/unit-018/formula/inline/004,urn:uuid:07762809-12cc-58e8-bf31-bfc31cde3c5e,covers,urn:uuid:4769daf6-c1bb-55b2-8e2b-a41488c55060,chapter2.tex:1604-1604
urn:uuid:2dee6c8d-d490-57bd-81ca-6b10fc6e7fcb,relation/unit/bab-2-latihan/exercise/01/governed-by/rights/principal-cc-by-4.0,urn:uuid:07762809-12cc-58e8-bf31-bfc31cde3c5e,governed-by,urn:uuid:0baf6c47-021d-5310-9475-81519e710250,
urn:uuid:01152848-9b94-5803-aec4-d8cca86aceaf,relation/unit/bab-2-latihan/exercise/01/requires/prerequisite/categories-and-morphisms,urn:uuid:07762809-12cc-58e8-bf31-bfc31cde3c5e,requires,urn:uuid:dd69ccfd-7399-53a2-83fe-84127b1baf1d,chapter2.tex:1604-1604
urn:uuid:666d7fe8-6664-59db-8a03-bc7305f96446,relation/unit/bab-2-latihan/exercise/01/requires/prerequisite/elementary-set-theory,urn:uuid:07762809-12cc-58e8-bf31-bfc31cde3c5e,requires,urn:uuid:00f7d0ea-1b60-51da-843f-cca760a368e4,chapter2.tex:1604-1604
urn:uuid:ed6c8bfa-b334-5eb5-a65c-cf96a0e015aa,relation/unit/bab-2-latihan/exercise/01/requires/prerequisite/functor-categories,urn:uuid:07762809-12cc-58e8-bf31-bfc31cde3c5e,requires,urn:uuid:e3c2ed29-b6a0-5f8d-9613-6f2b41d962c8,chapter2.tex:1604-1604
urn:uuid:e5a2e8f6-1ee8-5568-9b53-2986b50aba6a,relation/unit/bab-2-latihan/exercise/01/requires/prerequisite/functors-and-natural-transformations,urn:uuid:07762809-12cc-58e8-bf31-bfc31cde3c5e,requires,urn:uuid:3e864ace-90f6-56b3-8ce5-2e0690dbc9f8,chapter2.tex:1604-1604
urn:uuid:563f36e2-a153-5402-a80f-1d921286a5c1,relation/unit/bab-2-latihan/exercise/01/requires/prerequisite/limits-and-colimits,urn:uuid:07762809-12cc-58e8-bf31-bfc31cde3c5e,requires,urn:uuid:c0b1a30a-634a-5e76-98d3-49bde5a5821c,chapter2.tex:1604-1604
urn:uuid:8ec2a031-1fe9-5f8f-a018-1d6cb5014f02,relation/unit/bab-2-latihan/exercise/01/requires/prerequisite/representable-functors-and-yoneda,urn:uuid:07762809-12cc-58e8-bf31-bfc31cde3c5e,requires,urn:uuid:9fac54c6-e671-58b9-b840-4799739adb1e,chapter2.tex:1604-1604
urn:uuid:0ac6199a-a5cc-583f-985c-cd2056578ec0,relation/unit/bab-2-latihan/exercise/01/requires/prerequisite/universal-properties-and-comma-categories,urn:uuid:07762809-12cc-58e8-bf31-bfc31cde3c5e,requires,urn:uuid:8cab24d2-0f78-5bf9-96f8-5b2f2b07168d,chapter2.tex:1604-1604
urn:uuid:6ac67796-00c9-5849-9803-797102910641,relation/unit/bab-2-latihan/exercise/01/requires/prerequisite/vector-spaces,urn:uuid:07762809-12cc-58e8-bf31-bfc31cde3c5e,requires,urn:uuid:dfd6d864-afe6-5d0e-90f7-c130241cf396,chapter2.tex:1604-1604
urn:uuid:a1b196da-59f6-50af-8088-5e994ada479b,relation/unit/bab-2-latihan/exercise/02/covers/concept/category-join,urn:uuid:80001041-3ab0-5892-b6ed-6c6fe34af886,covers,urn:uuid:c11fe58e-9fe0-5f80-9227-92b31e05517a,chapter2.tex:1605-1615
urn:uuid:c43299a3-1be1-5c07-a853-710aab713f90,relation/unit/bab-2-latihan/exercise/02/covers/concept/finite-ordinal-category,urn:uuid:80001041-3ab0-5892-b6ed-6c6fe34af886,covers,urn:uuid:bea3eada-15f9-5d5a-896a-b55a06d762e8,chapter2.tex:1605-1615
urn:uuid:4fe59bb9-24ef-52c1-92b7-9c778170427b,relation/unit/bab-2-latihan/exercise/02/covers/concept/full-subcategory,urn:uuid:80001041-3ab0-5892-b6ed-6c6fe34af886,covers,urn:uuid:c5959783-bd14-5057-82b5-75ccd56699de,chapter2.tex:1605-1615
urn:uuid:e010e34b-dcb7-5c61-8af2-df7ca8a3ee84,relation/unit/bab-2-latihan/exercise/02/covers/surface/unit-018/formula/display-environment/001,urn:uuid:80001041-3ab0-5892-b6ed-6c6fe34af886,covers,urn:uuid:1c376d77-7fe8-5099-a89c-0424091013de,chapter2.tex:1605-1615
urn:uuid:f01bd5da-01a1-50ae-8009-28e2e7583dd5,relation/unit/bab-2-latihan/exercise/02/covers/surface/unit-018/formula/inline/005,urn:uuid:80001041-3ab0-5892-b6ed-6c6fe34af886,covers,urn:uuid:6d44a762-001c-50b7-99f6-8d8d089cae58,chapter2.tex:1605-1615
urn:uuid:6190c554-586a-5856-8482-7e92798dad93,relation/unit/bab-2-latihan/exercise/02/covers/surface/unit-018/formula/inline/006,urn:uuid:80001041-3ab0-5892-b6ed-6c6fe34af886,covers,urn:uuid:b29b884b-b4e4-57a2-ba9d-b54231177207,chapter2.tex:1605-1615
urn:uuid:900a7909-b9c2-591f-8e5e-cc1a6ffbc06e,relation/unit/bab-2-latihan/exercise/02/covers/surface/unit-018/formula/inline/007,urn:uuid:80001041-3ab0-5892-b6ed-6c6fe34af886,covers,urn:uuid:cc623f3f-cc83-5a74-ba69-d7a1d48f1b7e,chapter2.tex:1605-1615
urn:uuid:1f0f99b8-78c1-5679-af82-0b9a64740392,relation/unit/bab-2-latihan/exercise/02/covers/surface/unit-018/formula/inline/008,urn:uuid:80001041-3ab0-5892-b6ed-6c6fe34af886,covers,urn:uuid:2665caeb-ebc5-5541-8571-74f2572c8d1c,chapter2.tex:1605-1615
urn:uuid:952e819b-24d0-5533-bf91-8baf345abb6a,relation/unit/bab-2-latihan/exercise/02/covers/surface/unit-018/formula/inline/009,urn:uuid:80001041-3ab0-5892-b6ed-6c6fe34af886,covers,urn:uuid:a7d07fa7-298e-554d-949d-b22216f88059,chapter2.tex:1605-1615
urn:uuid:9cfd2316-18af-5976-bff2-82bdfa899a13,relation/unit/bab-2-latihan/exercise/02/covers/surface/unit-018/formula/inline/010,urn:uuid:80001041-3ab0-5892-b6ed-6c6fe34af886,covers,urn:uuid:2172fac6-a308-57ec-adb4-032a5cd38bca,chapter2.tex:1605-1615
urn:uuid:6d53e012-b4b9-5b1d-b7b7-0eeaf0fb3c7f,relation/unit/bab-2-latihan/exercise/02/covers/surface/unit-018/formula/inline/011,urn:uuid:80001041-3ab0-5892-b6ed-6c6fe34af886,covers,urn:uuid:b27c8102-bd04-51e2-b261-20d8ce44c090,chapter2.tex:1605-1615
urn:uuid:202beb1a-b5e4-5551-8bfd-5d0da9654ed8,relation/unit/bab-2-latihan/exercise/02/covers/surface/unit-018/formula/inline/012,urn:uuid:80001041-3ab0-5892-b6ed-6c6fe34af886,covers,urn:uuid:2e1ad4f5-e4a8-5a31-af3b-151ed451a364,chapter2.tex:1605-1615
urn:uuid:e03d7a88-0ad0-5429-bab1-d1a1dc8603cb,relation/unit/bab-2-latihan/exercise/02/covers/surface/unit-018/formula/inline/013,urn:uuid:80001041-3ab0-5892-b6ed-6c6fe34af886,covers,urn:uuid:a7712eb8-4cbc-553a-8b12-0ababeaeac3b,chapter2.tex:1605-1615
urn:uuid:64b286a2-99a1-5787-8541-7370b7052efb,relation/unit/bab-2-latihan/exercise/02/governed-by/rights/principal-cc-by-4.0,urn:uuid:80001041-3ab0-5892-b6ed-6c6fe34af886,governed-by,urn:uuid:0baf6c47-021d-5310-9475-81519e710250,
urn:uuid:cf479240-ef15-5ecf-908a-b5722dad7fc4,relation/unit/bab-2-latihan/exercise/02/requires/prerequisite/categories-and-morphisms,urn:uuid:80001041-3ab0-5892-b6ed-6c6fe34af886,requires,urn:uuid:dd69ccfd-7399-53a2-83fe-84127b1baf1d,chapter2.tex:1605-1615
urn:uuid:5ba34dc8-51eb-552b-b2a8-5e1b73230c6d,relation/unit/bab-2-latihan/exercise/02/requires/prerequisite/elementary-set-theory,urn:uuid:80001041-3ab0-5892-b6ed-6c6fe34af886,requires,urn:uuid:00f7d0ea-1b60-51da-843f-cca760a368e4,chapter2.tex:1605-1615
urn:uuid:0a77fcc5-d3e8-546c-b69f-d3dee936f96d,relation/unit/bab-2-latihan/exercise/02/requires/prerequisite/functor-categories,urn:uuid:80001041-3ab0-5892-b6ed-6c6fe34af886,requires,urn:uuid:e3c2ed29-b6a0-5f8d-9613-6f2b41d962c8,chapter2.tex:1605-1615
urn:uuid:0f4dc255-abf0-51db-a501-fd0907249053,relation/unit/bab-2-latihan/exercise/02/requires/prerequisite/functors-and-natural-transformations,urn:uuid:80001041-3ab0-5892-b6ed-6c6fe34af886,requires,urn:uuid:3e864ace-90f6-56b3-8ce5-2e0690dbc9f8,chapter2.tex:1605-1615
urn:uuid:bff5e59a-e58e-5c98-b766-cdf30d21dcf6,relation/unit/bab-2-latihan/exercise/02/requires/prerequisite/limits-and-colimits,urn:uuid:80001041-3ab0-5892-b6ed-6c6fe34af886,requires,urn:uuid:c0b1a30a-634a-5e76-98d3-49bde5a5821c,chapter2.tex:1605-1615
urn:uuid:f50b2e4e-dd4f-55c8-b0de-0d37aa700ca9,relation/unit/bab-2-latihan/exercise/02/requires/prerequisite/representable-functors-and-yoneda,urn:uuid:80001041-3ab0-5892-b6ed-6c6fe34af886,requires,urn:uuid:9fac54c6-e671-58b9-b840-4799739adb1e,chapter2.tex:1605-1615
urn:uuid:4b930210-2796-51bf-8435-fee39b983dec,relation/unit/bab-2-latihan/exercise/02/requires/prerequisite/universal-properties-and-comma-categories,urn:uuid:80001041-3ab0-5892-b6ed-6c6fe34af886,requires,urn:uuid:8cab24d2-0f78-5bf9-96f8-5b2f2b07168d,chapter2.tex:1605-1615
urn:uuid:f61715cf-e64a-56b6-9ef4-72b5db053a10,relation/unit/bab-2-latihan/exercise/02/requires/prerequisite/vector-spaces,urn:uuid:80001041-3ab0-5892-b6ed-6c6fe34af886,requires,urn:uuid:dfd6d864-afe6-5d0e-90f7-c130241cf396,chapter2.tex:1605-1615
urn:uuid:a8de255e-2dae-558a-9886-c9b3ee5967ff,relation/unit/bab-2-latihan/exercise/03/covers/concept/category-skeleton,urn:uuid:98782487-f3e4-5276-98b5-df6e5f557b4a,covers,urn:uuid:42e74f75-f945-5408-bf7d-9b7b99c14cff,chapter2.tex:1616-1616
urn:uuid:cccc9fcf-c710-59c2-9cc9-e2dd9f433e54,relation/unit/bab-2-latihan/exercise/03/covers/concept/grothendieck-universe,urn:uuid:98782487-f3e4-5276-98b5-df6e5f557b4a,covers,urn:uuid:89acb040-b11f-593e-b1c8-67c63da94923,chapter2.tex:1616-1616
urn:uuid:5c2448c6-16d1-5d43-8785-70c4bcef3961,relation/unit/bab-2-latihan/exercise/03/covers/surface/unit-018/formula/inline/014,urn:uuid:98782487-f3e4-5276-98b5-df6e5f557b4a,covers,urn:uuid:3a08deee-aebb-5c87-9127-ec208b71977a,chapter2.tex:1616-1616
urn:uuid:8d4645e6-152d-589e-8849-c60eed3326cc,relation/unit/bab-2-latihan/exercise/03/covers/surface/unit-018/formula/inline/015,urn:uuid:98782487-f3e4-5276-98b5-df6e5f557b4a,covers,urn:uuid:315e5cee-b1a9-5c18-a6a1-25ba860f4623,chapter2.tex:1616-1616
urn:uuid:38762faf-9d15-5acd-afa5-e0ebce2dd7e2,relation/unit/bab-2-latihan/exercise/03/governed-by/rights/principal-cc-by-4.0,urn:uuid:98782487-f3e4-5276-98b5-df6e5f557b4a,governed-by,urn:uuid:0baf6c47-021d-5310-9475-81519e710250,
urn:uuid:1533bcab-9be6-56f3-ab2c-f4f97df1c685,relation/unit/bab-2-latihan/exercise/03/requires/prerequisite/categories-and-morphisms,urn:uuid:98782487-f3e4-5276-98b5-df6e5f557b4a,requires,urn:uuid:dd69ccfd-7399-53a2-83fe-84127b1baf1d,chapter2.tex:1616-1616
urn:uuid:05209ef5-c0d1-5e1d-bcbd-ee9fa9ad4079,relation/unit/bab-2-latihan/exercise/03/requires/prerequisite/elementary-set-theory,urn:uuid:98782487-f3e4-5276-98b5-df6e5f557b4a,requires,urn:uuid:00f7d0ea-1b60-51da-843f-cca760a368e4,chapter2.tex:1616-1616
urn:uuid:415e9811-ab65-5718-8bc1-da8d654a4b2d,relation/unit/bab-2-latihan/exercise/03/requires/prerequisite/functor-categories,urn:uuid:98782487-f3e4-5276-98b5-df6e5f557b4a,requires,urn:uuid:e3c2ed29-b6a0-5f8d-9613-6f2b41d962c8,chapter2.tex:1616-1616
urn:uuid:4bb39c2d-9038-5759-b8b5-8062de400a25,relation/unit/bab-2-latihan/exercise/03/requires/prerequisite/functors-and-natural-transformations,urn:uuid:98782487-f3e4-5276-98b5-df6e5f557b4a,requires,urn:uuid:3e864ace-90f6-56b3-8ce5-2e0690dbc9f8,chapter2.tex:1616-1616
urn:uuid:fda4acbf-fac8-51d1-87da-66533944f446,relation/unit/bab-2-latihan/exercise/03/requires/prerequisite/limits-and-colimits,urn:uuid:98782487-f3e4-5276-98b5-df6e5f557b4a,requires,urn:uuid:c0b1a30a-634a-5e76-98d3-49bde5a5821c,chapter2.tex:1616-1616
urn:uuid:aa5ff5ae-2507-5166-8383-f7b1e30ef74e,relation/unit/bab-2-latihan/exercise/03/requires/prerequisite/representable-functors-and-yoneda,urn:uuid:98782487-f3e4-5276-98b5-df6e5f557b4a,requires,urn:uuid:9fac54c6-e671-58b9-b840-4799739adb1e,chapter2.tex:1616-1616
urn:uuid:1a06dd06-4ba6-5b69-a1ea-f70084f504a4,relation/unit/bab-2-latihan/exercise/03/requires/prerequisite/universal-properties-and-comma-categories,urn:uuid:98782487-f3e4-5276-98b5-df6e5f557b4a,requires,urn:uuid:8cab24d2-0f78-5bf9-96f8-5b2f2b07168d,chapter2.tex:1616-1616
urn:uuid:5dc69cf2-3d6c-5f1f-86ab-71b7cc44829b,relation/unit/bab-2-latihan/exercise/03/requires/prerequisite/vector-spaces,urn:uuid:98782487-f3e4-5276-98b5-df6e5f557b4a,requires,urn:uuid:dfd6d864-afe6-5d0e-90f7-c130241cf396,chapter2.tex:1616-1616
urn:uuid:fa22f615-5d8b-50bc-9b40-77e4ea572579,relation/unit/bab-2-latihan/exercise/04/covers/concept/quotient-category,urn:uuid:90ccf975-2e9e-539b-a555-e24091154bad,covers,urn:uuid:ab03ea64-77a8-587d-8a77-fa7400462ae5,chapter2.tex:1617-1623
urn:uuid:fd2e7b34-3480-5268-9fe0-349536606928,relation/unit/bab-2-latihan/exercise/04/covers/concept/universal-property,urn:uuid:90ccf975-2e9e-539b-a555-e24091154bad,covers,urn:uuid:70b0bb37-ecec-50a8-86b6-f623c380c7d2,chapter2.tex:1617-1623
urn:uuid:df774816-1c0e-54c8-b098-b4631a534558,relation/unit/bab-2-latihan/exercise/04/covers/surface/unit-018/formula/inline/016,urn:uuid:90ccf975-2e9e-539b-a555-e24091154bad,covers,urn:uuid:349fbd40-93f1-5bff-afd2-78a4ee4c079a,chapter2.tex:1617-1623
urn:uuid:4523fad0-4e6d-5c15-908a-5a137c79380e,relation/unit/bab-2-latihan/exercise/04/covers/surface/unit-018/formula/inline/017,urn:uuid:90ccf975-2e9e-539b-a555-e24091154bad,covers,urn:uuid:734013d9-7786-5c0e-b74f-2134b4559aa0,chapter2.tex:1617-1623
urn:uuid:9c5aa416-91bb-54e7-ad8e-9aee8f720b9d,relation/unit/bab-2-latihan/exercise/04/covers/surface/unit-018/formula/inline/018,urn:uuid:90ccf975-2e9e-539b-a555-e24091154bad,covers,urn:uuid:09295b83-ccc8-525b-bc92-62a1d00754ad,chapter2.tex:1617-1623
urn:uuid:10aafe19-cc8f-5c9d-851c-568985eb6a9b,relation/unit/bab-2-latihan/exercise/04/covers/surface/unit-018/formula/inline/019,urn:uuid:90ccf975-2e9e-539b-a555-e24091154bad,covers,urn:uuid:07566d7d-2c9e-567b-bb95-45e40982cbf5,chapter2.tex:1617-1623
urn:uuid:3a309b80-d16b-5a77-81ad-57897eecc549,relation/unit/bab-2-latihan/exercise/04/covers/surface/unit-018/formula/inline/020,urn:uuid:90ccf975-2e9e-539b-a555-e24091154bad,covers,urn:uuid:53421abc-28b0-5cc7-9278-4baa0287aa53,chapter2.tex:1617-1623
urn:uuid:ad7b5435-e5d0-5bb7-9f87-7ff485af0199,relation/unit/bab-2-latihan/exercise/04/covers/surface/unit-018/formula/inline/021,urn:uuid:90ccf975-2e9e-539b-a555-e24091154bad,covers,urn:uuid:e0f89e12-4bf9-5535-af6a-8301bf4bb1d9,chapter2.tex:1617-1623
urn:uuid:8f71e034-b4cd-5f80-9511-6838bb42ea94,relation/unit/bab-2-latihan/exercise/04/covers/surface/unit-018/formula/inline/022,urn:uuid:90ccf975-2e9e-539b-a555-e24091154bad,covers,urn:uuid:8c89f369-dc3b-52f0-8376-6d7acd17f67c,chapter2.tex:1617-1623
urn:uuid:cd5a5324-4795-52c0-9167-5b3704989ad7,relation/unit/bab-2-latihan/exercise/04/covers/surface/unit-018/formula/inline/023,urn:uuid:90ccf975-2e9e-539b-a555-e24091154bad,covers,urn:uuid:cd436745-b4f4-5d02-b456-4b7b36584f17,chapter2.tex:1617-1623
urn:uuid:0b4039b3-b1ff-5780-8145-58efc24ea472,relation/unit/bab-2-latihan/exercise/04/covers/surface/unit-018/formula/inline/024,urn:uuid:90ccf975-2e9e-539b-a555-e24091154bad,covers,urn:uuid:9f8173d2-ac7b-57ae-b591-3650dbf1859b,chapter2.tex:1617-1623
urn:uuid:5758b94e-5e0d-5e01-a9f5-70f1f32b0bc3,relation/unit/bab-2-latihan/exercise/04/covers/surface/unit-018/formula/inline/025,urn:uuid:90ccf975-2e9e-539b-a555-e24091154bad,covers,urn:uuid:d61108fc-7660-5368-bb36-3a0f3f65e112,chapter2.tex:1617-1623
urn:uuid:2a8be5ea-5d44-5744-b9cc-1c09e2144c1b,relation/unit/bab-2-latihan/exercise/04/covers/surface/unit-018/formula/inline/026,urn:uuid:90ccf975-2e9e-539b-a555-e24091154bad,covers,urn:uuid:fa16d7f1-ee68-5409-a953-5c9c69ea73fa,chapter2.tex:1617-1623
urn:uuid:818be8f6-48aa-5a9d-9314-3fc07fcb719d,relation/unit/bab-2-latihan/exercise/04/covers/surface/unit-018/formula/inline/027,urn:uuid:90ccf975-2e9e-539b-a555-e24091154bad,covers,urn:uuid:b9e9fbb3-025a-5f26-8ff3-c7e2e6e9c253,chapter2.tex:1617-1623
urn:uuid:71eeed83-0ead-56fa-bcc5-f73978cd7c40,relation/unit/bab-2-latihan/exercise/04/covers/surface/unit-018/formula/inline/028,urn:uuid:90ccf975-2e9e-539b-a555-e24091154bad,covers,urn:uuid:ff745eb4-c3e6-527b-9d3d-c7c5106fa15f,chapter2.tex:1617-1623
urn:uuid:15e18594-a916-5217-aadf-643400ec35a4,relation/unit/bab-2-latihan/exercise/04/covers/surface/unit-018/formula/inline/029,urn:uuid:90ccf975-2e9e-539b-a555-e24091154bad,covers,urn:uuid:a1f711ce-22fb-537c-aba1-b5aba2cb7aac,chapter2.tex:1617-1623
urn:uuid:ef2fa659-1d9c-52eb-9aee-95dfbb6f40e5,relation/unit/bab-2-latihan/exercise/04/covers/surface/unit-018/formula/inline/030,urn:uuid:90ccf975-2e9e-539b-a555-e24091154bad,covers,urn:uuid:2dd71cea-2597-5e0e-9e60-dc7a8cb8e309,chapter2.tex:1617-1623
urn:uuid:6b4a9837-2783-510e-a568-a4381778a7d2,relation/unit/bab-2-latihan/exercise/04/covers/surface/unit-018/formula/inline/031,urn:uuid:90ccf975-2e9e-539b-a555-e24091154bad,covers,urn:uuid:2fb68c6d-6e41-5c3f-85f0-1527248d31ad,chapter2.tex:1617-1623
urn:uuid:29720728-441d-5276-a1a0-dd73b3628dcf,relation/unit/bab-2-latihan/exercise/04/covers/unit/bab-2-latihan/exercise/04/subpart/i,urn:uuid:90ccf975-2e9e-539b-a555-e24091154bad,covers,urn:uuid:336f3e5e-f485-5b71-bfdc-dd828726be11,chapter2.tex:1617-1623
urn:uuid:1958de71-abea-5690-8b62-a3f2774c5539,relation/unit/bab-2-latihan/exercise/04/covers/unit/bab-2-latihan/exercise/04/subpart/ii,urn:uuid:90ccf975-2e9e-539b-a555-e24091154bad,covers,urn:uuid:685e2f29-b2b5-588c-b775-656a9c72ce3a,chapter2.tex:1617-1623
urn:uuid:5f84f42d-c195-5064-bc49-a3694a58c3aa,relation/unit/bab-2-latihan/exercise/04/covers/unit/bab-2-latihan/exercise/04/subpart/iii,urn:uuid:90ccf975-2e9e-539b-a555-e24091154bad,covers,urn:uuid:ca63f731-8c20-5fd9-b0d6-893454b3e95d,chapter2.tex:1617-1623
urn:uuid:4680f3b2-07e2-5c80-85c3-bb2fd0e72095,relation/unit/bab-2-latihan/exercise/04/governed-by/rights/principal-cc-by-4.0,urn:uuid:90ccf975-2e9e-539b-a555-e24091154bad,governed-by,urn:uuid:0baf6c47-021d-5310-9475-81519e710250,
urn:uuid:104459f5-bbd8-5369-bdb2-6e00d2bda5c1,relation/unit/bab-2-latihan/exercise/04/requires/prerequisite/categories-and-morphisms,urn:uuid:90ccf975-2e9e-539b-a555-e24091154bad,requires,urn:uuid:dd69ccfd-7399-53a2-83fe-84127b1baf1d,chapter2.tex:1617-1623
urn:uuid:49baf77b-46de-5481-abae-4b6db827d62a,relation/unit/bab-2-latihan/exercise/04/requires/prerequisite/elementary-set-theory,urn:uuid:90ccf975-2e9e-539b-a555-e24091154bad,requires,urn:uuid:00f7d0ea-1b60-51da-843f-cca760a368e4,chapter2.tex:1617-1623
urn:uuid:4f8c86ac-98fd-5029-b1c9-b7d51cab035c,relation/unit/bab-2-latihan/exercise/04/requires/prerequisite/functor-categories,urn:uuid:90ccf975-2e9e-539b-a555-e24091154bad,requires,urn:uuid:e3c2ed29-b6a0-5f8d-9613-6f2b41d962c8,chapter2.tex:1617-1623
urn:uuid:aea443d7-5ad2-590b-93c5-6d45f6e49746,relation/unit/bab-2-latihan/exercise/04/requires/prerequisite/functors-and-natural-transformations,urn:uuid:90ccf975-2e9e-539b-a555-e24091154bad,requires,urn:uuid:3e864ace-90f6-56b3-8ce5-2e0690dbc9f8,chapter2.tex:1617-1623
urn:uuid:b753ff3d-48e9-5ece-99e3-8d77f113c894,relation/unit/bab-2-latihan/exercise/04/requires/prerequisite/limits-and-colimits,urn:uuid:90ccf975-2e9e-539b-a555-e24091154bad,requires,urn:uuid:c0b1a30a-634a-5e76-98d3-49bde5a5821c,chapter2.tex:1617-1623
urn:uuid:bed6b7b9-883e-5982-9795-2c9f838d13d3,relation/unit/bab-2-latihan/exercise/04/requires/prerequisite/representable-functors-and-yoneda,urn:uuid:90ccf975-2e9e-539b-a555-e24091154bad,requires,urn:uuid:9fac54c6-e671-58b9-b840-4799739adb1e,chapter2.tex:1617-1623
urn:uuid:00748d19-77f2-5d04-abb5-3f135302b7a0,relation/unit/bab-2-latihan/exercise/04/requires/prerequisite/universal-properties-and-comma-categories,urn:uuid:90ccf975-2e9e-539b-a555-e24091154bad,requires,urn:uuid:8cab24d2-0f78-5bf9-96f8-5b2f2b07168d,chapter2.tex:1617-1623
urn:uuid:308e5099-bb61-502a-a840-ffdb07352b62,relation/unit/bab-2-latihan/exercise/04/requires/prerequisite/vector-spaces,urn:uuid:90ccf975-2e9e-539b-a555-e24091154bad,requires,urn:uuid:dfd6d864-afe6-5d0e-90f7-c130241cf396,chapter2.tex:1617-1623
urn:uuid:0f956041-361b-5021-a7ff-b2f5695f3006,relation/unit/bab-2-latihan/exercise/05/covers/concept/category-equivalence,urn:uuid:b2f5601e-1839-5631-a268-b1e75c447cab,covers,urn:uuid:97422dd0-3c7a-525c-867b-4c56427741f7,chapter2.tex:1624-1624
urn:uuid:444cddab-b2bf-51db-a6e7-86f398ce146e,relation/unit/bab-2-latihan/exercise/05/covers/concept/quasi-inverse-functor,urn:uuid:b2f5601e-1839-5631-a268-b1e75c447cab,covers,urn:uuid:44c027d4-8b68-5172-be0b-7d283f772aa7,chapter2.tex:1624-1624
urn:uuid:a549e3d4-e7fa-5a76-a7fc-a931a4b2606f,relation/unit/bab-2-latihan/exercise/05/covers/surface/unit-018/formula/inline/032,urn:uuid:b2f5601e-1839-5631-a268-b1e75c447cab,covers,urn:uuid:0f49a820-7ac6-5c9d-a610-f7dfbdfd87b0,chapter2.tex:1624-1624
urn:uuid:295ac2b5-c36a-540d-b327-bad5dcd555e0,relation/unit/bab-2-latihan/exercise/05/covers/surface/unit-018/formula/inline/033,urn:uuid:b2f5601e-1839-5631-a268-b1e75c447cab,covers,urn:uuid:8f08c269-5dd0-5722-bf98-8becd9e3b124,chapter2.tex:1624-1624
urn:uuid:7f8ce568-e5da-56ea-85ac-8f3ff92b8bff,relation/unit/bab-2-latihan/exercise/05/covers/surface/unit-018/formula/inline/034,urn:uuid:b2f5601e-1839-5631-a268-b1e75c447cab,covers,urn:uuid:4c545124-8881-55e0-9bad-0377f52ca653,chapter2.tex:1624-1624
urn:uuid:cba23b04-80e8-5c7e-81d6-0640c7fe09fb,relation/unit/bab-2-latihan/exercise/05/covers/surface/unit-018/formula/inline/035,urn:uuid:b2f5601e-1839-5631-a268-b1e75c447cab,covers,urn:uuid:e3267836-d9c2-518c-b49e-279abb55630c,chapter2.tex:1624-1624
urn:uuid:107f30c1-a0af-568e-972a-60f29d938308,relation/unit/bab-2-latihan/exercise/05/covers/surface/unit-018/formula/inline/036,urn:uuid:b2f5601e-1839-5631-a268-b1e75c447cab,covers,urn:uuid:ec49d59f-6341-50c7-aa11-5d5d59d17153,chapter2.tex:1624-1624
urn:uuid:cc3e11c0-a533-53ca-8580-a1c0688f77c5,relation/unit/bab-2-latihan/exercise/05/governed-by/rights/principal-cc-by-4.0,urn:uuid:b2f5601e-1839-5631-a268-b1e75c447cab,governed-by,urn:uuid:0baf6c47-021d-5310-9475-81519e710250,
urn:uuid:06826b0a-f72a-569b-ba94-e8a16ecff36f,relation/unit/bab-2-latihan/exercise/05/requires/prerequisite/categories-and-morphisms,urn:uuid:b2f5601e-1839-5631-a268-b1e75c447cab,requires,urn:uuid:dd69ccfd-7399-53a2-83fe-84127b1baf1d,chapter2.tex:1624-1624
urn:uuid:86b14420-323c-53c1-ad6e-7f5692165e8d,relation/unit/bab-2-latihan/exercise/05/requires/prerequisite/elementary-set-theory,urn:uuid:b2f5601e-1839-5631-a268-b1e75c447cab,requires,urn:uuid:00f7d0ea-1b60-51da-843f-cca760a368e4,chapter2.tex:1624-1624
urn:uuid:b7cfe745-5fc3-520f-8dcf-1e95f0d0587f,relation/unit/bab-2-latihan/exercise/05/requires/prerequisite/functor-categories,urn:uuid:b2f5601e-1839-5631-a268-b1e75c447cab,requires,urn:uuid:e3c2ed29-b6a0-5f8d-9613-6f2b41d962c8,chapter2.tex:1624-1624
urn:uuid:30007f7e-a31c-58a2-8436-f82fdb83b611,relation/unit/bab-2-latihan/exercise/05/requires/prerequisite/functors-and-natural-transformations,urn:uuid:b2f5601e-1839-5631-a268-b1e75c447cab,requires,urn:uuid:3e864ace-90f6-56b3-8ce5-2e0690dbc9f8,chapter2.tex:1624-1624
urn:uuid:74a39ac2-e4e1-5206-aab3-cde1d39f2951,relation/unit/bab-2-latihan/exercise/05/requires/prerequisite/limits-and-colimits,urn:uuid:b2f5601e-1839-5631-a268-b1e75c447cab,requires,urn:uuid:c0b1a30a-634a-5e76-98d3-49bde5a5821c,chapter2.tex:1624-1624
urn:uuid:31da47d0-b0fe-52ec-8757-34751bcfa684,relation/unit/bab-2-latihan/exercise/05/requires/prerequisite/representable-functors-and-yoneda,urn:uuid:b2f5601e-1839-5631-a268-b1e75c447cab,requires,urn:uuid:9fac54c6-e671-58b9-b840-4799739adb1e,chapter2.tex:1624-1624
urn:uuid:6fc76118-8a16-5b5e-bccd-0b51f23c14bb,relation/unit/bab-2-latihan/exercise/05/requires/prerequisite/universal-properties-and-comma-categories,urn:uuid:b2f5601e-1839-5631-a268-b1e75c447cab,requires,urn:uuid:8cab24d2-0f78-5bf9-96f8-5b2f2b07168d,chapter2.tex:1624-1624
urn:uuid:2462d31d-bac2-5aa1-b623-34ecf5f68386,relation/unit/bab-2-latihan/exercise/05/requires/prerequisite/vector-spaces,urn:uuid:b2f5601e-1839-5631-a268-b1e75c447cab,requires,urn:uuid:dfd6d864-afe6-5d0e-90f7-c130241cf396,chapter2.tex:1624-1624
urn:uuid:407b1aa0-7638-52b4-bd0e-15692e6a2c6e,relation/unit/bab-2-latihan/exercise/06/covers/concept/adjunction,urn:uuid:4252343f-2935-5468-81bd-302a5dce2c57,covers,urn:uuid:4462f9e6-b549-5895-a879-d0a178f80f10,chapter2.tex:1625-1625
urn:uuid:a99f28e2-2250-580c-a8cd-8dcd3ca0fed6,relation/unit/bab-2-latihan/exercise/06/covers/concept/adjunction-counit,urn:uuid:4252343f-2935-5468-81bd-302a5dce2c57,covers,urn:uuid:4b148dec-0286-50a3-9c34-4b4e81ab2ac9,chapter2.tex:1625-1625
urn:uuid:f0edb71b-f788-5970-ba33-176ba8299da8,relation/unit/bab-2-latihan/exercise/06/covers/surface/unit-018/reference/ordinary/001,urn:uuid:4252343f-2935-5468-81bd-302a5dce2c57,covers,urn:uuid:351ee41d-dbd1-5fec-be1a-5cdb07767ed5,chapter2.tex:1625-1625
urn:uuid:ada18223-8235-597e-9e33-38a778143858,relation/unit/bab-2-latihan/exercise/06/governed-by/rights/principal-cc-by-4.0,urn:uuid:4252343f-2935-5468-81bd-302a5dce2c57,governed-by,urn:uuid:0baf6c47-021d-5310-9475-81519e710250,
urn:uuid:e9bb8c88-2388-584a-9cc2-bf496bc7df37,relation/unit/bab-2-latihan/exercise/06/requires/prerequisite/categories-and-morphisms,urn:uuid:4252343f-2935-5468-81bd-302a5dce2c57,requires,urn:uuid:dd69ccfd-7399-53a2-83fe-84127b1baf1d,chapter2.tex:1625-1625
urn:uuid:231871ce-56ae-5079-a1e9-1618ac1728a3,relation/unit/bab-2-latihan/exercise/06/requires/prerequisite/elementary-set-theory,urn:uuid:4252343f-2935-5468-81bd-302a5dce2c57,requires,urn:uuid:00f7d0ea-1b60-51da-843f-cca760a368e4,chapter2.tex:1625-1625
urn:uuid:0ef40161-f153-5857-84fe-8c61c09af3b6,relation/unit/bab-2-latihan/exercise/06/requires/prerequisite/functor-categories,urn:uuid:4252343f-2935-5468-81bd-302a5dce2c57,requires,urn:uuid:e3c2ed29-b6a0-5f8d-9613-6f2b41d962c8,chapter2.tex:1625-1625
urn:uuid:0e67c2bc-c09f-5270-8bed-76c38aec3145,relation/unit/bab-2-latihan/exercise/06/requires/prerequisite/functors-and-natural-transformations,urn:uuid:4252343f-2935-5468-81bd-302a5dce2c57,requires,urn:uuid:3e864ace-90f6-56b3-8ce5-2e0690dbc9f8,chapter2.tex:1625-1625
urn:uuid:ccd0bd00-d559-599f-88cb-be0c7e98bc26,relation/unit/bab-2-latihan/exercise/06/requires/prerequisite/limits-and-colimits,urn:uuid:4252343f-2935-5468-81bd-302a5dce2c57,requires,urn:uuid:c0b1a30a-634a-5e76-98d3-49bde5a5821c,chapter2.tex:1625-1625
urn:uuid:0e2f0d26-db2e-58fd-a1c5-4ed8c014490e,relation/unit/bab-2-latihan/exercise/06/requires/prerequisite/representable-functors-and-yoneda,urn:uuid:4252343f-2935-5468-81bd-302a5dce2c57,requires,urn:uuid:9fac54c6-e671-58b9-b840-4799739adb1e,chapter2.tex:1625-1625
urn:uuid:8e41a84e-d8de-5737-9856-91e390523e7f,relation/unit/bab-2-latihan/exercise/06/requires/prerequisite/universal-properties-and-comma-categories,urn:uuid:4252343f-2935-5468-81bd-302a5dce2c57,requires,urn:uuid:8cab24d2-0f78-5bf9-96f8-5b2f2b07168d,chapter2.tex:1625-1625
urn:uuid:520e7cee-ef92-50c3-b541-aa06b9c0530b,relation/unit/bab-2-latihan/exercise/06/requires/prerequisite/vector-spaces,urn:uuid:4252343f-2935-5468-81bd-302a5dce2c57,requires,urn:uuid:dfd6d864-afe6-5d0e-90f7-c130241cf396,chapter2.tex:1625-1625
urn:uuid:62a0ca2b-52fd-5728-8d2b-8faffe8f7b54,relation/unit/bab-2-latihan/exercise/07/covers/concept/left-adjoint,urn:uuid:f5207622-3174-57e0-96ae-5f6fbfff543e,covers,urn:uuid:14c421be-8a5f-5546-8e00-0f6617cad759,chapter2.tex:1626-1626
urn:uuid:8d2e7f2c-43fb-5881-940a-892e692f7f1d,relation/unit/bab-2-latihan/exercise/07/covers/concept/nonunital-ring,urn:uuid:f5207622-3174-57e0-96ae-5f6fbfff543e,covers,urn:uuid:0c4309ac-f73c-549e-b6fd-379ec6b3425c,chapter2.tex:1626-1626
urn:uuid:c8889f55-f864-5328-9319-b32825373a8f,relation/unit/bab-2-latihan/exercise/07/covers/concept/unital-ring,urn:uuid:f5207622-3174-57e0-96ae-5f6fbfff543e,covers,urn:uuid:e23b2fcb-b9ab-5cdd-89ab-ff8c2b16dbb9,chapter2.tex:1626-1626
urn:uuid:a4f936cf-5476-5c40-9596-fb58621e5610,relation/unit/bab-2-latihan/exercise/07/covers/surface/unit-018/formula/inline/037,urn:uuid:f5207622-3174-57e0-96ae-5f6fbfff543e,covers,urn:uuid:e8d789a4-241c-5e8e-84b4-d8a2b4c9e65f,chapter2.tex:1626-1626
urn:uuid:6b48eec5-9c9e-5531-836c-cb97cd2b5a68,relation/unit/bab-2-latihan/exercise/07/covers/surface/unit-018/formula/inline/038,urn:uuid:f5207622-3174-57e0-96ae-5f6fbfff543e,covers,urn:uuid:ce71a75a-e881-5796-b400-3c5ef70ae1ea,chapter2.tex:1626-1626
urn:uuid:abc164dc-6195-5115-b488-03e85dca52bd,relation/unit/bab-2-latihan/exercise/07/covers/surface/unit-018/formula/inline/039,urn:uuid:f5207622-3174-57e0-96ae-5f6fbfff543e,covers,urn:uuid:600a2f0a-bb22-5cd2-81f4-b1902fb78887,chapter2.tex:1626-1626
urn:uuid:7ed7ba3e-bf35-5d26-88e4-2783468516d3,relation/unit/bab-2-latihan/exercise/07/governed-by/rights/principal-cc-by-4.0,urn:uuid:f5207622-3174-57e0-96ae-5f6fbfff543e,governed-by,urn:uuid:0baf6c47-021d-5310-9475-81519e710250,
urn:uuid:14a8f021-9b7b-5c09-86ea-b87bc1941999,relation/unit/bab-2-latihan/exercise/07/requires/prerequisite/categories-and-morphisms,urn:uuid:f5207622-3174-57e0-96ae-5f6fbfff543e,requires,urn:uuid:dd69ccfd-7399-53a2-83fe-84127b1baf1d,chapter2.tex:1626-1626
urn:uuid:b083b260-0c31-5cff-8ef1-03615bc83930,relation/unit/bab-2-latihan/exercise/07/requires/prerequisite/elementary-set-theory,urn:uuid:f5207622-3174-57e0-96ae-5f6fbfff543e,requires,urn:uuid:00f7d0ea-1b60-51da-843f-cca760a368e4,chapter2.tex:1626-1626
urn:uuid:349a4eb4-7c91-5567-adc9-8f2abf60776c,relation/unit/bab-2-latihan/exercise/07/requires/prerequisite/functor-categories,urn:uuid:f5207622-3174-57e0-96ae-5f6fbfff543e,requires,urn:uuid:e3c2ed29-b6a0-5f8d-9613-6f2b41d962c8,chapter2.tex:1626-1626
urn:uuid:4269c87b-25ae-569f-a2e9-315652109485,relation/unit/bab-2-latihan/exercise/07/requires/prerequisite/functors-and-natural-transformations,urn:uuid:f5207622-3174-57e0-96ae-5f6fbfff543e,requires,urn:uuid:3e864ace-90f6-56b3-8ce5-2e0690dbc9f8,chapter2.tex:1626-1626
urn:uuid:54777088-f9ef-57e3-b2b4-fc1b933dbc44,relation/unit/bab-2-latihan/exercise/07/requires/prerequisite/limits-and-colimits,urn:uuid:f5207622-3174-57e0-96ae-5f6fbfff543e,requires,urn:uuid:c0b1a30a-634a-5e76-98d3-49bde5a5821c,chapter2.tex:1626-1626
urn:uuid:e24147b4-206f-5555-a125-e073f525848d,relation/unit/bab-2-latihan/exercise/07/requires/prerequisite/representable-functors-and-yoneda,urn:uuid:f5207622-3174-57e0-96ae-5f6fbfff543e,requires,urn:uuid:9fac54c6-e671-58b9-b840-4799739adb1e,chapter2.tex:1626-1626
urn:uuid:df41a0c6-be13-5dec-86d1-c099cef3b4f3,relation/unit/bab-2-latihan/exercise/07/requires/prerequisite/universal-properties-and-comma-categories,urn:uuid:f5207622-3174-57e0-96ae-5f6fbfff543e,requires,urn:uuid:8cab24d2-0f78-5bf9-96f8-5b2f2b07168d,chapter2.tex:1626-1626
urn:uuid:f17643ff-fae8-5e79-9798-d6afc08881c9,relation/unit/bab-2-latihan/exercise/07/requires/prerequisite/vector-spaces,urn:uuid:f5207622-3174-57e0-96ae-5f6fbfff543e,requires,urn:uuid:dfd6d864-afe6-5d0e-90f7-c130241cf396,chapter2.tex:1626-1626
urn:uuid:79bd8480-9184-5c8c-be2b-f64ad1eb8e90,relation/unit/bab-2-latihan/exercise/08/covers/concept/adjunction,urn:uuid:751cd409-d0fb-55e4-a887-bb80a09875f8,covers,urn:uuid:4462f9e6-b549-5895-a879-d0a178f80f10,chapter2.tex:1627-1637
urn:uuid:04680309-2c19-508d-9530-ab1d89471327,relation/unit/bab-2-latihan/exercise/08/covers/concept/adjunction-counit,urn:uuid:751cd409-d0fb-55e4-a887-bb80a09875f8,covers,urn:uuid:4b148dec-0286-50a3-9c34-4b4e81ab2ac9,chapter2.tex:1627-1637
urn:uuid:9c298d61-374d-5f8e-8097-f995a5643752,relation/unit/bab-2-latihan/exercise/08/covers/concept/adjunction-unit,urn:uuid:751cd409-d0fb-55e4-a887-bb80a09875f8,covers,urn:uuid:81ae54f3-18f0-5578-9227-bd146b39a7af,chapter2.tex:1627-1637
urn:uuid:3330e297-2c5d-599d-8111-e7cfda5555dc,relation/unit/bab-2-latihan/exercise/08/covers/concept/fully-faithful-functor,urn:uuid:751cd409-d0fb-55e4-a887-bb80a09875f8,covers,urn:uuid:e647f0a8-c84a-5e56-a905-92719c96346c,chapter2.tex:1627-1637
urn:uuid:738ee486-3e85-50a3-b331-f15e7e5a153f,relation/unit/bab-2-latihan/exercise/08/covers/concept/yoneda-lemma,urn:uuid:751cd409-d0fb-55e4-a887-bb80a09875f8,covers,urn:uuid:ea86c9f1-afae-566a-a147-15f94e48aba9,chapter2.tex:1627-1637
urn:uuid:f58acc9f-eab8-5d61-840b-0af9ad7de408,relation/unit/bab-2-latihan/exercise/08/covers/surface/unit-018/formula/display-bracket/001,urn:uuid:751cd409-d0fb-55e4-a887-bb80a09875f8,covers,urn:uuid:2cba0b68-2c5f-5e23-b606-1862dfb16479,chapter2.tex:1627-1637
urn:uuid:30704cdf-de44-57bf-8ed9-6539fc1e64a8,relation/unit/bab-2-latihan/exercise/08/covers/surface/unit-018/formula/inline/040,urn:uuid:751cd409-d0fb-55e4-a887-bb80a09875f8,covers,urn:uuid:edb3936d-32f6-5168-89fe-43e6d20f845c,chapter2.tex:1627-1637
urn:uuid:4cb918d7-ec5c-53dc-8b93-8f0f19697656,relation/unit/bab-2-latihan/exercise/08/covers/surface/unit-018/formula/inline/041,urn:uuid:751cd409-d0fb-55e4-a887-bb80a09875f8,covers,urn:uuid:70c6dd10-69b9-579d-99c3-0336b290bc3f,chapter2.tex:1627-1637
urn:uuid:6ccbd620-dff6-5eb1-8c74-ab9536367071,relation/unit/bab-2-latihan/exercise/08/covers/surface/unit-018/formula/inline/042,urn:uuid:751cd409-d0fb-55e4-a887-bb80a09875f8,covers,urn:uuid:f8211f85-5628-56bb-983f-aaa6ba154588,chapter2.tex:1627-1637
urn:uuid:7753f752-d542-5c35-b787-329eb8f58a87,relation/unit/bab-2-latihan/exercise/08/covers/surface/unit-018/formula/inline/043,urn:uuid:751cd409-d0fb-55e4-a887-bb80a09875f8,covers,urn:uuid:b154dc8d-b19c-58b6-8805-1903a7140861,chapter2.tex:1627-1637
urn:uuid:231afb16-8e6b-5379-9e60-ba8ed26aacfb,relation/unit/bab-2-latihan/exercise/08/covers/surface/unit-018/formula/inline/044,urn:uuid:751cd409-d0fb-55e4-a887-bb80a09875f8,covers,urn:uuid:8a5b6e72-9d9a-5c33-9338-7ef9cdd16d49,chapter2.tex:1627-1637
urn:uuid:93a87349-d882-54b1-bbe2-b83be2ef5abc,relation/unit/bab-2-latihan/exercise/08/covers/surface/unit-018/formula/inline/045,urn:uuid:751cd409-d0fb-55e4-a887-bb80a09875f8,covers,urn:uuid:e0866350-dee6-57d9-b225-2ae437eda9d8,chapter2.tex:1627-1637
urn:uuid:19fc4765-4ace-52e7-9c51-d93df9fc87d7,relation/unit/bab-2-latihan/exercise/08/covers/surface/unit-018/formula/inline/046,urn:uuid:751cd409-d0fb-55e4-a887-bb80a09875f8,covers,urn:uuid:951cbebf-5da5-51bb-b82d-2393f45d7d51,chapter2.tex:1627-1637
urn:uuid:26524fe4-70c4-5422-8ccd-ef5af33bbb62,relation/unit/bab-2-latihan/exercise/08/covers/surface/unit-018/formula/inline/047,urn:uuid:751cd409-d0fb-55e4-a887-bb80a09875f8,covers,urn:uuid:30bc9d4f-df61-5509-8f23-9201c597d963,chapter2.tex:1627-1637
urn:uuid:211e0ed0-1246-53f6-89b5-47eb9e048bac,relation/unit/bab-2-latihan/exercise/08/covers/surface/unit-018/formula/inline/048,urn:uuid:751cd409-d0fb-55e4-a887-bb80a09875f8,covers,urn:uuid:7e861e14-7ea7-58a0-8650-c1c1ec0bb7bb,chapter2.tex:1627-1637
urn:uuid:c37a6913-adb8-5e92-8982-bb3b96f659dd,relation/unit/bab-2-latihan/exercise/08/covers/surface/unit-018/formula/inline/049,urn:uuid:751cd409-d0fb-55e4-a887-bb80a09875f8,covers,urn:uuid:42544ebd-453c-512a-8abd-dd8dbddeb26e,chapter2.tex:1627-1637
urn:uuid:45c691bb-723c-5600-a90e-02376dad0327,relation/unit/bab-2-latihan/exercise/08/covers/surface/unit-018/formula/inline/050,urn:uuid:751cd409-d0fb-55e4-a887-bb80a09875f8,covers,urn:uuid:9cc99db4-0edb-56ac-b40d-fe88d67538ea,chapter2.tex:1627-1637
urn:uuid:04d93ad1-303e-53d4-9ed3-bc43debca48d,relation/unit/bab-2-latihan/exercise/08/covers/surface/unit-018/formula/inline/051,urn:uuid:751cd409-d0fb-55e4-a887-bb80a09875f8,covers,urn:uuid:e3cbf2d7-c242-5e09-b4c4-b9725601cf82,chapter2.tex:1627-1637
urn:uuid:dd0ffac9-b9bd-501a-b8c2-30c8ec60eef9,relation/unit/bab-2-latihan/exercise/08/covers/surface/unit-018/formula/inline/052,urn:uuid:751cd409-d0fb-55e4-a887-bb80a09875f8,covers,urn:uuid:567fa165-83a8-583a-8776-7f08507f0983,chapter2.tex:1627-1637
urn:uuid:cdeda17d-f784-5291-a16e-d14ea6e15b0f,relation/unit/bab-2-latihan/exercise/08/covers/surface/unit-018/formula/inline/053,urn:uuid:751cd409-d0fb-55e4-a887-bb80a09875f8,covers,urn:uuid:9dc5fb39-85a5-5e1e-b03c-157c5c199476,chapter2.tex:1627-1637
urn:uuid:1f1a4257-1e98-5a9d-86da-888979d90190,relation/unit/bab-2-latihan/exercise/08/covers/surface/unit-018/formula/inline/054,urn:uuid:751cd409-d0fb-55e4-a887-bb80a09875f8,covers,urn:uuid:8d893ca0-38d0-5e6a-9060-32761bb21a30,chapter2.tex:1627-1637
urn:uuid:ec9efc19-a8c5-5d56-aff0-26bb35e8f97b,relation/unit/bab-2-latihan/exercise/08/covers/surface/unit-018/formula/inline/055,urn:uuid:751cd409-d0fb-55e4-a887-bb80a09875f8,covers,urn:uuid:bfb52771-3a4d-53cb-9f95-a3c33215cc8d,chapter2.tex:1627-1637
urn:uuid:785436de-71b4-5844-9680-1de477f013b8,relation/unit/bab-2-latihan/exercise/08/covers/surface/unit-018/formula/inline/056,urn:uuid:751cd409-d0fb-55e4-a887-bb80a09875f8,covers,urn:uuid:fde8e2f9-e5b8-530b-a110-20fc829de730,chapter2.tex:1627-1637
urn:uuid:dde90b60-d910-5452-bfb3-e95c7bcf89b3,relation/unit/bab-2-latihan/exercise/08/covers/surface/unit-018/formula/inline/057,urn:uuid:751cd409-d0fb-55e4-a887-bb80a09875f8,covers,urn:uuid:89631901-016a-5b83-b0db-81c40b169c8f,chapter2.tex:1627-1637
urn:uuid:e1bb8c21-bfaf-517a-9903-3225071e191c,relation/unit/bab-2-latihan/exercise/08/covers/surface/unit-018/formula/inline/058,urn:uuid:751cd409-d0fb-55e4-a887-bb80a09875f8,covers,urn:uuid:b21014f8-8f25-55ae-8ae2-b0889e7be30b,chapter2.tex:1627-1637
urn:uuid:f5e45e01-f4b0-5e76-beb9-db980f072b60,relation/unit/bab-2-latihan/exercise/08/covers/surface/unit-018/reference/ordinary/002,urn:uuid:751cd409-d0fb-55e4-a887-bb80a09875f8,covers,urn:uuid:daa15864-f3c5-5484-aa62-57c947880972,chapter2.tex:1627-1637
urn:uuid:486a4409-f729-58a2-a665-7ffa23809336,relation/unit/bab-2-latihan/exercise/08/covers/unit/bab-2-latihan/exercise/08/hint/01,urn:uuid:751cd409-d0fb-55e4-a887-bb80a09875f8,covers,urn:uuid:9eaeac83-4a14-5d4a-8cee-3fd0c8663ca7,chapter2.tex:1627-1637
urn:uuid:65df14dd-c0e9-568c-a1fb-01c827ce78fa,relation/unit/bab-2-latihan/exercise/08/covers/unit/bab-2-latihan/exercise/08/subpart/i,urn:uuid:751cd409-d0fb-55e4-a887-bb80a09875f8,covers,urn:uuid:c6fb76a8-7411-544a-8695-c4093541e0cc,chapter2.tex:1627-1637
urn:uuid:a0cf2942-7fe4-523a-af07-451c5935dc41,relation/unit/bab-2-latihan/exercise/08/covers/unit/bab-2-latihan/exercise/08/subpart/ii,urn:uuid:751cd409-d0fb-55e4-a887-bb80a09875f8,covers,urn:uuid:f0e5dda7-8580-55c7-9433-25c8dcef9e05,chapter2.tex:1627-1637
urn:uuid:b91e2f51-773f-53ff-a97c-e8d4713086f8,relation/unit/bab-2-latihan/exercise/08/governed-by/rights/principal-cc-by-4.0,urn:uuid:751cd409-d0fb-55e4-a887-bb80a09875f8,governed-by,urn:uuid:0baf6c47-021d-5310-9475-81519e710250,
urn:uuid:6e42d7d0-5a9a-5c20-8df0-c50140cd5798,relation/unit/bab-2-latihan/exercise/08/includes-diagram/diagram/unit-018/tikzcd-01,urn:uuid:751cd409-d0fb-55e4-a887-bb80a09875f8,includes-diagram,urn:uuid:6750c78a-d23b-5c2f-b66d-d98552a98e13,chapter2.tex:1633-1636
urn:uuid:ef1e8f45-ad60-5d73-b118-b64f779ae443,relation/unit/bab-2-latihan/exercise/08/requires/prerequisite/categories-and-morphisms,urn:uuid:751cd409-d0fb-55e4-a887-bb80a09875f8,requires,urn:uuid:dd69ccfd-7399-53a2-83fe-84127b1baf1d,chapter2.tex:1627-1637
urn:uuid:b752f553-0fc8-5b49-9d51-13d7093246d9,relation/unit/bab-2-latihan/exercise/08/requires/prerequisite/elementary-set-theory,urn:uuid:751cd409-d0fb-55e4-a887-bb80a09875f8,requires,urn:uuid:00f7d0ea-1b60-51da-843f-cca760a368e4,chapter2.tex:1627-1637
urn:uuid:6b954c74-03d1-57d3-8d4a-1cdb5f278323,relation/unit/bab-2-latihan/exercise/08/requires/prerequisite/functor-categories,urn:uuid:751cd409-d0fb-55e4-a887-bb80a09875f8,requires,urn:uuid:e3c2ed29-b6a0-5f8d-9613-6f2b41d962c8,chapter2.tex:1627-1637
urn:uuid:e0bb7498-9245-5baf-aa6c-537dd2284208,relation/unit/bab-2-latihan/exercise/08/requires/prerequisite/functors-and-natural-transformations,urn:uuid:751cd409-d0fb-55e4-a887-bb80a09875f8,requires,urn:uuid:3e864ace-90f6-56b3-8ce5-2e0690dbc9f8,chapter2.tex:1627-1637
urn:uuid:c4459db6-28d4-51e7-96c8-be597a66d3fb,relation/unit/bab-2-latihan/exercise/08/requires/prerequisite/limits-and-colimits,urn:uuid:751cd409-d0fb-55e4-a887-bb80a09875f8,requires,urn:uuid:c0b1a30a-634a-5e76-98d3-49bde5a5821c,chapter2.tex:1627-1637
urn:uuid:a8dbe9cc-b8c8-5e03-8b5e-f1ff31849f7d,relation/unit/bab-2-latihan/exercise/08/requires/prerequisite/representable-functors-and-yoneda,urn:uuid:751cd409-d0fb-55e4-a887-bb80a09875f8,requires,urn:uuid:9fac54c6-e671-58b9-b840-4799739adb1e,chapter2.tex:1627-1637
urn:uuid:f24254b9-ba29-5a2d-952c-19d1fc327e5d,relation/unit/bab-2-latihan/exercise/08/requires/prerequisite/universal-properties-and-comma-categories,urn:uuid:751cd409-d0fb-55e4-a887-bb80a09875f8,requires,urn:uuid:8cab24d2-0f78-5bf9-96f8-5b2f2b07168d,chapter2.tex:1627-1637
urn:uuid:857f99d8-25a1-51e8-b6ca-1184af0f196d,relation/unit/bab-2-latihan/exercise/08/requires/prerequisite/vector-spaces,urn:uuid:751cd409-d0fb-55e4-a887-bb80a09875f8,requires,urn:uuid:dfd6d864-afe6-5d0e-90f7-c130241cf396,chapter2.tex:1627-1637
urn:uuid:23ebef04-a4fc-5994-93c2-ada2c1b79dc8,relation/unit/bab-2-latihan/exercise/09/covers/concept/adjunction,urn:uuid:e3ec8073-076d-59a0-b72b-822fff7e4638,covers,urn:uuid:4462f9e6-b549-5895-a879-d0a178f80f10,chapter2.tex:1639-1639
urn:uuid:767bc179-9d3e-52f5-aca0-616b133666d8,relation/unit/bab-2-latihan/exercise/09/covers/concept/adjunction-counit,urn:uuid:e3ec8073-076d-59a0-b72b-822fff7e4638,covers,urn:uuid:4b148dec-0286-50a3-9c34-4b4e81ab2ac9,chapter2.tex:1639-1639
urn:uuid:70dfc20e-6002-54db-8298-1778f2478ecd,relation/unit/bab-2-latihan/exercise/09/covers/concept/adjunction-unit,urn:uuid:e3ec8073-076d-59a0-b72b-822fff7e4638,covers,urn:uuid:81ae54f3-18f0-5578-9227-bd146b39a7af,chapter2.tex:1639-1639
urn:uuid:f08ba647-66c2-5103-a2be-6cf559627de6,relation/unit/bab-2-latihan/exercise/09/covers/concept/cocomplete-category,urn:uuid:e3ec8073-076d-59a0-b72b-822fff7e4638,covers,urn:uuid:960d5c73-a7b4-5a53-acf4-85cc2ac86023,chapter2.tex:1639-1639
urn:uuid:ec461578-51eb-5029-bac3-5c67d596cc9f,relation/unit/bab-2-latihan/exercise/09/covers/concept/complete-category,urn:uuid:e3ec8073-076d-59a0-b72b-822fff7e4638,covers,urn:uuid:3c088c45-7dc1-5e84-9259-3e646534abd2,chapter2.tex:1639-1639
urn:uuid:a63cf906-40e4-551d-aa71-b89e74baf898,relation/unit/bab-2-latihan/exercise/09/covers/concept/diagonal-functor,urn:uuid:e3ec8073-076d-59a0-b72b-822fff7e4638,covers,urn:uuid:571ba114-216f-55a3-8e8a-5d9130fcef21,chapter2.tex:1639-1639
urn:uuid:53a65c98-c30c-5f42-b2af-c3a0612101d5,relation/unit/bab-2-latihan/exercise/09/covers/concept/inductive-limit,urn:uuid:e3ec8073-076d-59a0-b72b-822fff7e4638,covers,urn:uuid:767c52c4-5caa-5bd5-8c51-014b4e47eebc,chapter2.tex:1639-1639
urn:uuid:d3327bbe-bfe6-528a-b54e-c5cc1e72d43d,relation/unit/bab-2-latihan/exercise/09/covers/concept/left-adjoint,urn:uuid:e3ec8073-076d-59a0-b72b-822fff7e4638,covers,urn:uuid:14c421be-8a5f-5546-8e00-0f6617cad759,chapter2.tex:1639-1639
urn:uuid:5bbdadc4-95f2-5fd8-b40d-7130b3f8204c,relation/unit/bab-2-latihan/exercise/09/covers/concept/projective-limit,urn:uuid:e3ec8073-076d-59a0-b72b-822fff7e4638,covers,urn:uuid:ceef170a-3594-5f79-babf-fe10ddf591b7,chapter2.tex:1639-1639
urn:uuid:d3a68db6-7525-52a6-9092-c5a3d53c104b,relation/unit/bab-2-latihan/exercise/09/covers/concept/right-adjoint,urn:uuid:e3ec8073-076d-59a0-b72b-822fff7e4638,covers,urn:uuid:6bfa5e04-af80-5f91-9653-655a51b9f9b8,chapter2.tex:1639-1639
urn:uuid:3a528cd9-3ce7-5f08-b09e-d3aa7155be3d,relation/unit/bab-2-latihan/exercise/09/covers/surface/unit-018/formula/inline/059,urn:uuid:e3ec8073-076d-59a0-b72b-822fff7e4638,covers,urn:uuid:5bfbed41-aeb1-5ac5-bf5b-7e5e8e826990,chapter2.tex:1639-1639
urn:uuid:fb39e28f-11d2-51d3-814b-2cc05b98af84,relation/unit/bab-2-latihan/exercise/09/covers/surface/unit-018/formula/inline/060,urn:uuid:e3ec8073-076d-59a0-b72b-822fff7e4638,covers,urn:uuid:99b1dcd4-81d8-5da5-975b-42a8618bbbd0,chapter2.tex:1639-1639
urn:uuid:9add5a16-314d-5277-aad8-add64274f917,relation/unit/bab-2-latihan/exercise/09/covers/surface/unit-018/formula/inline/061,urn:uuid:e3ec8073-076d-59a0-b72b-822fff7e4638,covers,urn:uuid:7d90e6e3-c631-515f-892c-9aa24f3c3277,chapter2.tex:1639-1639
urn:uuid:4ebf52b1-3ea2-55da-b511-fb221780f491,relation/unit/bab-2-latihan/exercise/09/covers/surface/unit-018/formula/inline/062,urn:uuid:e3ec8073-076d-59a0-b72b-822fff7e4638,covers,urn:uuid:dcc985da-f596-5980-903a-bf8c34fb5808,chapter2.tex:1639-1639
urn:uuid:dcfee445-a80e-5897-a639-a383946e24a1,relation/unit/bab-2-latihan/exercise/09/covers/surface/unit-018/formula/inline/063,urn:uuid:e3ec8073-076d-59a0-b72b-822fff7e4638,covers,urn:uuid:6deab863-757a-55b4-a4cf-f6976f235137,chapter2.tex:1639-1639
urn:uuid:a3aea821-1b1e-504a-b3b1-0f4166c0f638,relation/unit/bab-2-latihan/exercise/09/covers/surface/unit-018/formula/inline/064,urn:uuid:e3ec8073-076d-59a0-b72b-822fff7e4638,covers,urn:uuid:58aa5b05-a1c0-5ef2-b9b0-f0b6cba2cda9,chapter2.tex:1639-1639
urn:uuid:9178fe06-6306-5efb-8c49-e70fecf4818e,relation/unit/bab-2-latihan/exercise/09/covers/surface/unit-018/reference/ordinary/003,urn:uuid:e3ec8073-076d-59a0-b72b-822fff7e4638,covers,urn:uuid:8c51dd33-4e12-5ef8-b02e-b298fa627cc3,chapter2.tex:1639-1639
urn:uuid:17493650-d8ad-531e-9d77-b2c61756c5ca,relation/unit/bab-2-latihan/exercise/09/governed-by/rights/principal-cc-by-4.0,urn:uuid:e3ec8073-076d-59a0-b72b-822fff7e4638,governed-by,urn:uuid:0baf6c47-021d-5310-9475-81519e710250,
urn:uuid:079a2cbe-b9a7-59a7-b87b-28d772613c0c,relation/unit/bab-2-latihan/exercise/09/requires/prerequisite/categories-and-morphisms,urn:uuid:e3ec8073-076d-59a0-b72b-822fff7e4638,requires,urn:uuid:dd69ccfd-7399-53a2-83fe-84127b1baf1d,chapter2.tex:1639-1639
urn:uuid:cb6e75e5-1e68-5e24-b3ad-d485b19253d0,relation/unit/bab-2-latihan/exercise/09/requires/prerequisite/elementary-set-theory,urn:uuid:e3ec8073-076d-59a0-b72b-822fff7e4638,requires,urn:uuid:00f7d0ea-1b60-51da-843f-cca760a368e4,chapter2.tex:1639-1639
urn:uuid:12cf291c-a909-547f-b65c-d26740a4b652,relation/unit/bab-2-latihan/exercise/09/requires/prerequisite/functor-categories,urn:uuid:e3ec8073-076d-59a0-b72b-822fff7e4638,requires,urn:uuid:e3c2ed29-b6a0-5f8d-9613-6f2b41d962c8,chapter2.tex:1639-1639
urn:uuid:cb5a8d48-80d9-530f-b86a-3893a43726c9,relation/unit/bab-2-latihan/exercise/09/requires/prerequisite/functors-and-natural-transformations,urn:uuid:e3ec8073-076d-59a0-b72b-822fff7e4638,requires,urn:uuid:3e864ace-90f6-56b3-8ce5-2e0690dbc9f8,chapter2.tex:1639-1639
urn:uuid:30e6bb4b-5a42-5e53-82d5-d4620501ae68,relation/unit/bab-2-latihan/exercise/09/requires/prerequisite/limits-and-colimits,urn:uuid:e3ec8073-076d-59a0-b72b-822fff7e4638,requires,urn:uuid:c0b1a30a-634a-5e76-98d3-49bde5a5821c,chapter2.tex:1639-1639
urn:uuid:048b8b9e-09ae-5ef9-9a43-e4ce9b032cf7,relation/unit/bab-2-latihan/exercise/09/requires/prerequisite/representable-functors-and-yoneda,urn:uuid:e3ec8073-076d-59a0-b72b-822fff7e4638,requires,urn:uuid:9fac54c6-e671-58b9-b840-4799739adb1e,chapter2.tex:1639-1639
urn:uuid:ea4d3ee9-d525-578b-ae68-0b5673dc255e,relation/unit/bab-2-latihan/exercise/09/requires/prerequisite/universal-properties-and-comma-categories,urn:uuid:e3ec8073-076d-59a0-b72b-822fff7e4638,requires,urn:uuid:8cab24d2-0f78-5bf9-96f8-5b2f2b07168d,chapter2.tex:1639-1639
urn:uuid:10399f2e-949e-52d3-8653-07c183fd9abd,relation/unit/bab-2-latihan/exercise/09/requires/prerequisite/vector-spaces,urn:uuid:e3ec8073-076d-59a0-b72b-822fff7e4638,requires,urn:uuid:dfd6d864-afe6-5d0e-90f7-c130241cf396,chapter2.tex:1639-1639
urn:uuid:19b4065d-94c1-5f35-8ab5-9cc4d18de7af,relation/unit/bab-2-latihan/exercise/10/covers/concept/finite-dimensional-vector-space,urn:uuid:f74363c6-9497-5ff0-82e3-a6b6ac0854b7,covers,urn:uuid:b777041f-d030-5eee-bcfe-0ab97f524821,chapter2.tex:1640-1640
urn:uuid:185b131d-6eb1-531c-b990-7e9b4aace7ed,relation/unit/bab-2-latihan/exercise/10/covers/concept/finitely-generated-abelian-group,urn:uuid:f74363c6-9497-5ff0-82e3-a6b6ac0854b7,covers,urn:uuid:59bc434f-aeae-5690-8d6d-e769204ac44f,chapter2.tex:1640-1640
urn:uuid:86e95fd2-ea9c-5d23-af02-3403d0b1b7f4,relation/unit/bab-2-latihan/exercise/10/covers/concept/inductive-limit,urn:uuid:f74363c6-9497-5ff0-82e3-a6b6ac0854b7,covers,urn:uuid:767c52c4-5caa-5bd5-8c51-014b4e47eebc,chapter2.tex:1640-1640
urn:uuid:d2ab0e99-fad8-52b1-b27e-d28bbcf1f1a3,relation/unit/bab-2-latihan/exercise/10/covers/correction/o013-li-u018-cor-001,urn:uuid:f74363c6-9497-5ff0-82e3-a6b6ac0854b7,covers,urn:uuid:79c0adae-e80d-53d8-8ffd-e56c141b0e6e,chapter2.tex:1640-1640
urn:uuid:914b8f03-8b87-5d4e-87a3-1d1a6efb0091,relation/unit/bab-2-latihan/exercise/10/covers/surface/unit-018/formula/inline/065,urn:uuid:f74363c6-9497-5ff0-82e3-a6b6ac0854b7,covers,urn:uuid:db13af15-073b-5f1b-a001-2c88dd5a7d38,chapter2.tex:1640-1640
urn:uuid:f88feb2c-bbd9-5a07-88ef-af72f211c197,relation/unit/bab-2-latihan/exercise/10/covers/surface/unit-018/formula/inline/066,urn:uuid:f74363c6-9497-5ff0-82e3-a6b6ac0854b7,covers,urn:uuid:3a35ff6d-7d60-51ee-a9d7-8ed43c1fcd55,chapter2.tex:1640-1640
urn:uuid:624b93c7-4560-546b-a3ce-a5bf30922e60,relation/unit/bab-2-latihan/exercise/10/covers/surface/unit-018/formula/inline/067,urn:uuid:f74363c6-9497-5ff0-82e3-a6b6ac0854b7,covers,urn:uuid:92b106bd-308e-5eae-b8bf-0aa652497f88,chapter2.tex:1640-1640
urn:uuid:09aa485a-9397-558c-88ea-f27ab2899e8d,relation/unit/bab-2-latihan/exercise/10/covers/surface/unit-018/formula/inline/068,urn:uuid:f74363c6-9497-5ff0-82e3-a6b6ac0854b7,covers,urn:uuid:66633422-3dec-52a5-8df7-d9d34c47db1b,chapter2.tex:1640-1640
urn:uuid:eb47fe5d-f4e7-5e9e-ae07-b5a126d83c24,relation/unit/bab-2-latihan/exercise/10/covers/surface/unit-018/formula/inline/069,urn:uuid:f74363c6-9497-5ff0-82e3-a6b6ac0854b7,covers,urn:uuid:1882f23a-cb83-5b50-93ba-bf93bc757cbb,chapter2.tex:1640-1640
urn:uuid:db58397d-9819-573b-b1fb-7175523cd53d,relation/unit/bab-2-latihan/exercise/10/covers/surface/unit-018/formula/inline/070,urn:uuid:f74363c6-9497-5ff0-82e3-a6b6ac0854b7,covers,urn:uuid:8e2ea2fb-07ee-5bad-bc3e-efeae3ef43e0,chapter2.tex:1640-1640
urn:uuid:c5bf63da-a0fb-5793-844e-bf1c49fc0ba2,relation/unit/bab-2-latihan/exercise/10/governed-by/rights/principal-cc-by-4.0,urn:uuid:f74363c6-9497-5ff0-82e3-a6b6ac0854b7,governed-by,urn:uuid:0baf6c47-021d-5310-9475-81519e710250,
urn:uuid:c03a43c5-7df8-57ea-ad4d-8c9dbc89006f,relation/unit/bab-2-latihan/exercise/10/requires/prerequisite/categories-and-morphisms,urn:uuid:f74363c6-9497-5ff0-82e3-a6b6ac0854b7,requires,urn:uuid:dd69ccfd-7399-53a2-83fe-84127b1baf1d,chapter2.tex:1640-1640
urn:uuid:677bb43f-3fdd-5ff1-9986-7fca98b5239a,relation/unit/bab-2-latihan/exercise/10/requires/prerequisite/elementary-set-theory,urn:uuid:f74363c6-9497-5ff0-82e3-a6b6ac0854b7,requires,urn:uuid:00f7d0ea-1b60-51da-843f-cca760a368e4,chapter2.tex:1640-1640
urn:uuid:e30474d9-ea68-53b8-8590-b4e9688eeb57,relation/unit/bab-2-latihan/exercise/10/requires/prerequisite/functor-categories,urn:uuid:f74363c6-9497-5ff0-82e3-a6b6ac0854b7,requires,urn:uuid:e3c2ed29-b6a0-5f8d-9613-6f2b41d962c8,chapter2.tex:1640-1640
urn:uuid:4dfb7389-f10e-58ae-8e81-6b76ea42125b,relation/unit/bab-2-latihan/exercise/10/requires/prerequisite/functors-and-natural-transformations,urn:uuid:f74363c6-9497-5ff0-82e3-a6b6ac0854b7,requires,urn:uuid:3e864ace-90f6-56b3-8ce5-2e0690dbc9f8,chapter2.tex:1640-1640
urn:uuid:b677aca6-52d9-5d89-bb86-6fa7b327e2c1,relation/unit/bab-2-latihan/exercise/10/requires/prerequisite/limits-and-colimits,urn:uuid:f74363c6-9497-5ff0-82e3-a6b6ac0854b7,requires,urn:uuid:c0b1a30a-634a-5e76-98d3-49bde5a5821c,chapter2.tex:1640-1640
urn:uuid:d1b6802e-bfb9-59e8-a228-66ddc92ae14f,relation/unit/bab-2-latihan/exercise/10/requires/prerequisite/representable-functors-and-yoneda,urn:uuid:f74363c6-9497-5ff0-82e3-a6b6ac0854b7,requires,urn:uuid:9fac54c6-e671-58b9-b840-4799739adb1e,chapter2.tex:1640-1640
urn:uuid:21ee6290-762a-5780-9d58-9467b93183a6,relation/unit/bab-2-latihan/exercise/10/requires/prerequisite/universal-properties-and-comma-categories,urn:uuid:f74363c6-9497-5ff0-82e3-a6b6ac0854b7,requires,urn:uuid:8cab24d2-0f78-5bf9-96f8-5b2f2b07168d,chapter2.tex:1640-1640
urn:uuid:9a2d7aeb-cf1e-513b-a59a-ce071ea3c489,relation/unit/bab-2-latihan/exercise/10/requires/prerequisite/vector-spaces,urn:uuid:f74363c6-9497-5ff0-82e3-a6b6ac0854b7,requires,urn:uuid:dfd6d864-afe6-5d0e-90f7-c130241cf396,chapter2.tex:1640-1640
urn:uuid:adc568a2-5bad-529a-84d2-596918e404e4,relation/unit/bab-2-latihan/exercise/11/covers/concept/full-subcategory,urn:uuid:c88bcc06-9046-534f-8ec9-3eaf2c6d1296,covers,urn:uuid:c5959783-bd14-5057-82b5-75ccd56699de,chapter2.tex:1641-1642
urn:uuid:809b39a0-9b53-5f74-b5dc-a71dc38837f8,relation/unit/bab-2-latihan/exercise/11/covers/concept/functor-category,urn:uuid:c88bcc06-9046-534f-8ec9-3eaf2c6d1296,covers,urn:uuid:557a8176-1d52-5975-a3f3-bb2aa83397c2,chapter2.tex:1641-1642
urn:uuid:2abcd893-2229-5677-96cd-76560694513d,relation/unit/bab-2-latihan/exercise/11/covers/concept/horizontal-composition,urn:uuid:c88bcc06-9046-534f-8ec9-3eaf2c6d1296,covers,urn:uuid:8eb742a4-69cd-5a90-b5ea-b1e36b34b001,chapter2.tex:1641-1642
urn:uuid:5a2f6e53-da83-520a-b8a7-24d1d8aeedc5,relation/unit/bab-2-latihan/exercise/11/covers/surface/unit-018/formula/display-bracket/002,urn:uuid:c88bcc06-9046-534f-8ec9-3eaf2c6d1296,covers,urn:uuid:03abc498-f711-5e3d-b05f-0c1861b92271,chapter2.tex:1641-1642
urn:uuid:9eaab354-818c-56d2-bf63-e6cbf268ea1f,relation/unit/bab-2-latihan/exercise/11/covers/surface/unit-018/formula/inline/071,urn:uuid:c88bcc06-9046-534f-8ec9-3eaf2c6d1296,covers,urn:uuid:c8173cf8-b9a2-5d69-88d8-14a67bdc8702,chapter2.tex:1641-1642
urn:uuid:c13b333b-3cfe-56e1-8d48-3bd9787cd5f6,relation/unit/bab-2-latihan/exercise/11/covers/surface/unit-018/formula/inline/072,urn:uuid:c88bcc06-9046-534f-8ec9-3eaf2c6d1296,covers,urn:uuid:89122ab9-4cb7-59e3-b4b9-b3fe3ef053c2,chapter2.tex:1641-1642
urn:uuid:efdd4431-2a73-50ac-a54c-ecc94dc172ed,relation/unit/bab-2-latihan/exercise/11/covers/surface/unit-018/formula/inline/073,urn:uuid:c88bcc06-9046-534f-8ec9-3eaf2c6d1296,covers,urn:uuid:9dac93c0-cf34-5082-8c8d-e980716406a6,chapter2.tex:1641-1642
urn:uuid:085d17c0-6d12-5eb5-af05-6631ad23c6ff,relation/unit/bab-2-latihan/exercise/11/covers/surface/unit-018/formula/inline/074,urn:uuid:c88bcc06-9046-534f-8ec9-3eaf2c6d1296,covers,urn:uuid:218cb182-2bb5-523c-a71a-7e32e600aef3,chapter2.tex:1641-1642
urn:uuid:fef36ee4-fc1b-56e7-9dad-de85b96dc184,relation/unit/bab-2-latihan/exercise/11/covers/surface/unit-018/formula/inline/075,urn:uuid:c88bcc06-9046-534f-8ec9-3eaf2c6d1296,covers,urn:uuid:1a335c80-862f-54dd-a971-d9583d004199,chapter2.tex:1641-1642
urn:uuid:bacff866-4ade-5d77-b532-771976360e3c,relation/unit/bab-2-latihan/exercise/11/governed-by/rights/principal-cc-by-4.0,urn:uuid:c88bcc06-9046-534f-8ec9-3eaf2c6d1296,governed-by,urn:uuid:0baf6c47-021d-5310-9475-81519e710250,
urn:uuid:3acbe18b-757b-58dc-812e-d9fb2c95e48c,relation/unit/bab-2-latihan/exercise/11/requires/prerequisite/categories-and-morphisms,urn:uuid:c88bcc06-9046-534f-8ec9-3eaf2c6d1296,requires,urn:uuid:dd69ccfd-7399-53a2-83fe-84127b1baf1d,chapter2.tex:1641-1642
urn:uuid:9c404200-0186-5e00-bd75-862d6843fb95,relation/unit/bab-2-latihan/exercise/11/requires/prerequisite/elementary-set-theory,urn:uuid:c88bcc06-9046-534f-8ec9-3eaf2c6d1296,requires,urn:uuid:00f7d0ea-1b60-51da-843f-cca760a368e4,chapter2.tex:1641-1642
urn:uuid:f90a93c9-b123-5134-a752-d73910bd5549,relation/unit/bab-2-latihan/exercise/11/requires/prerequisite/functor-categories,urn:uuid:c88bcc06-9046-534f-8ec9-3eaf2c6d1296,requires,urn:uuid:e3c2ed29-b6a0-5f8d-9613-6f2b41d962c8,chapter2.tex:1641-1642
urn:uuid:c5581549-a274-5d5e-8913-98ff7959f1f5,relation/unit/bab-2-latihan/exercise/11/requires/prerequisite/functors-and-natural-transformations,urn:uuid:c88bcc06-9046-534f-8ec9-3eaf2c6d1296,requires,urn:uuid:3e864ace-90f6-56b3-8ce5-2e0690dbc9f8,chapter2.tex:1641-1642
urn:uuid:e5a97588-27e2-5c80-8ec3-234c2f0d7704,relation/unit/bab-2-latihan/exercise/11/requires/prerequisite/limits-and-colimits,urn:uuid:c88bcc06-9046-534f-8ec9-3eaf2c6d1296,requires,urn:uuid:c0b1a30a-634a-5e76-98d3-49bde5a5821c,chapter2.tex:1641-1642
urn:uuid:58a2063d-91b4-5b4a-8d4e-ae75dce77269,relation/unit/bab-2-latihan/exercise/11/requires/prerequisite/representable-functors-and-yoneda,urn:uuid:c88bcc06-9046-534f-8ec9-3eaf2c6d1296,requires,urn:uuid:9fac54c6-e671-58b9-b840-4799739adb1e,chapter2.tex:1641-1642
urn:uuid:0187b512-d1d6-584e-8a7b-cebd2e9e69fd,relation/unit/bab-2-latihan/exercise/11/requires/prerequisite/universal-properties-and-comma-categories,urn:uuid:c88bcc06-9046-534f-8ec9-3eaf2c6d1296,requires,urn:uuid:8cab24d2-0f78-5bf9-96f8-5b2f2b07168d,chapter2.tex:1641-1642
urn:uuid:a0ef0232-56f3-52f6-9329-71dea8f0f4db,relation/unit/bab-2-latihan/exercise/11/requires/prerequisite/vector-spaces,urn:uuid:c88bcc06-9046-534f-8ec9-3eaf2c6d1296,requires,urn:uuid:dfd6d864-afe6-5d0e-90f7-c130241cf396,chapter2.tex:1641-1642
urn:uuid:44f0368f-8354-540a-8543-b7087f6b3a43,relation/unit/bab-2-latihan/exercise/12/covers/concept/cocomplete-category,urn:uuid:963d889d-8810-5f60-b44a-4d4b9027c194,covers,urn:uuid:960d5c73-a7b4-5a53-acf4-85cc2ac86023,chapter2.tex:1643-1643
urn:uuid:f76953fa-7cf7-5f63-aa8c-3e0c592574cd,relation/unit/bab-2-latihan/exercise/12/covers/concept/complete-category,urn:uuid:963d889d-8810-5f60-b44a-4d4b9027c194,covers,urn:uuid:3c088c45-7dc1-5e84-9259-3e646534abd2,chapter2.tex:1643-1643
urn:uuid:0460cb5c-a7f1-5e1d-9e78-1b75077065ed,relation/unit/bab-2-latihan/exercise/12/covers/concept/coproduct,urn:uuid:963d889d-8810-5f60-b44a-4d4b9027c194,covers,urn:uuid:e62391b3-cdfd-5b44-a7d0-e25a213dcbfe,chapter2.tex:1643-1643
urn:uuid:1415522c-0b01-5eb7-bdbb-5d501ac1ce53,relation/unit/bab-2-latihan/exercise/12/covers/concept/pointed-set,urn:uuid:963d889d-8810-5f60-b44a-4d4b9027c194,covers,urn:uuid:4f771f32-60c7-5b18-9fdc-3e2c438b04a8,chapter2.tex:1643-1643
urn:uuid:a15ab7f5-0048-5646-891d-1ab4b59ffced,relation/unit/bab-2-latihan/exercise/12/covers/concept/pointed-topological-space,urn:uuid:963d889d-8810-5f60-b44a-4d4b9027c194,covers,urn:uuid:e0b97019-427e-53e4-8382-8472027d7b21,chapter2.tex:1643-1643
urn:uuid:bcd75dff-0f79-5889-88fa-624e00b53f19,relation/unit/bab-2-latihan/exercise/12/covers/concept/product,urn:uuid:963d889d-8810-5f60-b44a-4d4b9027c194,covers,urn:uuid:cd552f29-06ce-5025-92b9-ae3543b57991,chapter2.tex:1643-1643
urn:uuid:b65461cc-9c8d-5903-981d-bbbcd99c1eb7,relation/unit/bab-2-latihan/exercise/12/covers/surface/unit-018/formula/inline/076,urn:uuid:963d889d-8810-5f60-b44a-4d4b9027c194,covers,urn:uuid:537316c9-be8e-5010-af04-d73eb1bb2e48,chapter2.tex:1643-1643
urn:uuid:c5e02e60-f756-5d79-98e8-f049decacf72,relation/unit/bab-2-latihan/exercise/12/covers/surface/unit-018/formula/inline/077,urn:uuid:963d889d-8810-5f60-b44a-4d4b9027c194,covers,urn:uuid:1360e359-cac4-54c1-af59-84bba73a1cf7,chapter2.tex:1643-1643
urn:uuid:79df1e84-b5f9-5716-bf2f-121f10b9c172,relation/unit/bab-2-latihan/exercise/12/governed-by/rights/principal-cc-by-4.0,urn:uuid:963d889d-8810-5f60-b44a-4d4b9027c194,governed-by,urn:uuid:0baf6c47-021d-5310-9475-81519e710250,
urn:uuid:5a0cd95f-e7f6-50dd-9c2e-8d48ff43a143,relation/unit/bab-2-latihan/exercise/12/requires/prerequisite/categories-and-morphisms,urn:uuid:963d889d-8810-5f60-b44a-4d4b9027c194,requires,urn:uuid:dd69ccfd-7399-53a2-83fe-84127b1baf1d,chapter2.tex:1643-1643
urn:uuid:1715fb68-b68d-5440-a8e5-7f5df98f5f2b,relation/unit/bab-2-latihan/exercise/12/requires/prerequisite/elementary-set-theory,urn:uuid:963d889d-8810-5f60-b44a-4d4b9027c194,requires,urn:uuid:00f7d0ea-1b60-51da-843f-cca760a368e4,chapter2.tex:1643-1643
urn:uuid:8866bee6-06a2-55a4-95b3-e544ec08fb26,relation/unit/bab-2-latihan/exercise/12/requires/prerequisite/functor-categories,urn:uuid:963d889d-8810-5f60-b44a-4d4b9027c194,requires,urn:uuid:e3c2ed29-b6a0-5f8d-9613-6f2b41d962c8,chapter2.tex:1643-1643
urn:uuid:7e5585af-caff-5191-a876-35caeaa42083,relation/unit/bab-2-latihan/exercise/12/requires/prerequisite/functors-and-natural-transformations,urn:uuid:963d889d-8810-5f60-b44a-4d4b9027c194,requires,urn:uuid:3e864ace-90f6-56b3-8ce5-2e0690dbc9f8,chapter2.tex:1643-1643
urn:uuid:c4ff5087-017c-52b0-b7d0-f32799eab291,relation/unit/bab-2-latihan/exercise/12/requires/prerequisite/limits-and-colimits,urn:uuid:963d889d-8810-5f60-b44a-4d4b9027c194,requires,urn:uuid:c0b1a30a-634a-5e76-98d3-49bde5a5821c,chapter2.tex:1643-1643
urn:uuid:230dc576-0198-5b1a-82f6-e601386534f5,relation/unit/bab-2-latihan/exercise/12/requires/prerequisite/representable-functors-and-yoneda,urn:uuid:963d889d-8810-5f60-b44a-4d4b9027c194,requires,urn:uuid:9fac54c6-e671-58b9-b840-4799739adb1e,chapter2.tex:1643-1643
urn:uuid:0b8e7f2b-d6f1-5f24-9e8b-eadf77bfe9d4,relation/unit/bab-2-latihan/exercise/12/requires/prerequisite/universal-properties-and-comma-categories,urn:uuid:963d889d-8810-5f60-b44a-4d4b9027c194,requires,urn:uuid:8cab24d2-0f78-5bf9-96f8-5b2f2b07168d,chapter2.tex:1643-1643
urn:uuid:0e425f96-f9ba-5dbf-b172-c7a220da5618,relation/unit/bab-2-latihan/exercise/12/requires/prerequisite/vector-spaces,urn:uuid:963d889d-8810-5f60-b44a-4d4b9027c194,requires,urn:uuid:dfd6d864-afe6-5d0e-90f7-c130241cf396,chapter2.tex:1643-1643
urn:uuid:4731e231-7170-5eb0-86df-3eeaba6b2aed,relation/unit/bab-2-latihan/exercise/13/covers/concept/adjunction,urn:uuid:839833a3-3248-52f0-89a1-4c7c185e379d,covers,urn:uuid:4462f9e6-b549-5895-a879-d0a178f80f10,chapter2.tex:1644-1644
urn:uuid:e9e260ca-528f-54d0-81c7-954d0d87e33e,relation/unit/bab-2-latihan/exercise/13/covers/concept/forgetful-functor,urn:uuid:839833a3-3248-52f0-89a1-4c7c185e379d,covers,urn:uuid:be8fdd79-2e4f-5a45-b766-4b88e50e387a,chapter2.tex:1644-1644
urn:uuid:acbc9d8f-a1d9-5aa8-b582-7efcf35cf1c7,relation/unit/bab-2-latihan/exercise/13/covers/concept/left-adjoint,urn:uuid:839833a3-3248-52f0-89a1-4c7c185e379d,covers,urn:uuid:14c421be-8a5f-5546-8e00-0f6617cad759,chapter2.tex:1644-1644
urn:uuid:985b1413-0eb7-5b4c-a831-50744cb4d437,relation/unit/bab-2-latihan/exercise/13/covers/concept/pointed-set,urn:uuid:839833a3-3248-52f0-89a1-4c7c185e379d,covers,urn:uuid:4f771f32-60c7-5b18-9fdc-3e2c438b04a8,chapter2.tex:1644-1644
urn:uuid:2e27a0ef-f042-548e-93d4-d344ce260cf4,relation/unit/bab-2-latihan/exercise/13/covers/concept/right-adjoint,urn:uuid:839833a3-3248-52f0-89a1-4c7c185e379d,covers,urn:uuid:6bfa5e04-af80-5f91-9653-655a51b9f9b8,chapter2.tex:1644-1644
urn:uuid:ce3475eb-8a3e-5dad-ae66-f2645856ee6a,relation/unit/bab-2-latihan/exercise/13/covers/correction/o013-li-u018-cor-002,urn:uuid:839833a3-3248-52f0-89a1-4c7c185e379d,covers,urn:uuid:febef1ec-8f2c-5c40-9482-1001ba2519f0,chapter2.tex:1644-1644
urn:uuid:ef995b1b-7246-5eca-9858-0f36182e2ebd,relation/unit/bab-2-latihan/exercise/13/covers/surface/unit-018/formula/inline/078,urn:uuid:839833a3-3248-52f0-89a1-4c7c185e379d,covers,urn:uuid:b4faa81a-90f5-5b0a-97ae-4c354966f83d,chapter2.tex:1644-1644
urn:uuid:a9337404-10c9-567f-8cce-a09ba18a33c6,relation/unit/bab-2-latihan/exercise/13/covers/surface/unit-018/formula/inline/079,urn:uuid:839833a3-3248-52f0-89a1-4c7c185e379d,covers,urn:uuid:ddf5dd27-f8fc-5159-b5b2-36b785add172,chapter2.tex:1644-1644
urn:uuid:3524288d-2a3f-5b04-84a1-a103c13deac2,relation/unit/bab-2-latihan/exercise/13/covers/surface/unit-018/formula/inline/080,urn:uuid:839833a3-3248-52f0-89a1-4c7c185e379d,covers,urn:uuid:d29c4406-0fa4-5c28-947b-c8590f5e41e8,chapter2.tex:1644-1644
urn:uuid:754f1ecd-e706-5bac-b992-dead9cde1611,relation/unit/bab-2-latihan/exercise/13/governed-by/rights/principal-cc-by-4.0,urn:uuid:839833a3-3248-52f0-89a1-4c7c185e379d,governed-by,urn:uuid:0baf6c47-021d-5310-9475-81519e710250,
urn:uuid:a270fd66-2ff5-56f4-b567-70b1314ab311,relation/unit/bab-2-latihan/exercise/13/requires/prerequisite/categories-and-morphisms,urn:uuid:839833a3-3248-52f0-89a1-4c7c185e379d,requires,urn:uuid:dd69ccfd-7399-53a2-83fe-84127b1baf1d,chapter2.tex:1644-1644
urn:uuid:fd4325f8-19d4-5c14-8492-1a7cacfbbfb5,relation/unit/bab-2-latihan/exercise/13/requires/prerequisite/elementary-set-theory,urn:uuid:839833a3-3248-52f0-89a1-4c7c185e379d,requires,urn:uuid:00f7d0ea-1b60-51da-843f-cca760a368e4,chapter2.tex:1644-1644
urn:uuid:7ad69323-4f9f-563d-aa33-b503c7a6575c,relation/unit/bab-2-latihan/exercise/13/requires/prerequisite/functor-categories,urn:uuid:839833a3-3248-52f0-89a1-4c7c185e379d,requires,urn:uuid:e3c2ed29-b6a0-5f8d-9613-6f2b41d962c8,chapter2.tex:1644-1644
urn:uuid:3cd5c6d1-09bf-525c-bd4e-2bce7ada2a09,relation/unit/bab-2-latihan/exercise/13/requires/prerequisite/functors-and-natural-transformations,urn:uuid:839833a3-3248-52f0-89a1-4c7c185e379d,requires,urn:uuid:3e864ace-90f6-56b3-8ce5-2e0690dbc9f8,chapter2.tex:1644-1644
urn:uuid:7ca356cb-e556-596d-a0c1-cf0916a5c62a,relation/unit/bab-2-latihan/exercise/13/requires/prerequisite/limits-and-colimits,urn:uuid:839833a3-3248-52f0-89a1-4c7c185e379d,requires,urn:uuid:c0b1a30a-634a-5e76-98d3-49bde5a5821c,chapter2.tex:1644-1644
urn:uuid:3df7d655-1fd5-5e6c-969b-f5e77e461048,relation/unit/bab-2-latihan/exercise/13/requires/prerequisite/representable-functors-and-yoneda,urn:uuid:839833a3-3248-52f0-89a1-4c7c185e379d,requires,urn:uuid:9fac54c6-e671-58b9-b840-4799739adb1e,chapter2.tex:1644-1644
urn:uuid:fe5bf66a-1bca-5751-9a98-1532b48175e0,relation/unit/bab-2-latihan/exercise/13/requires/prerequisite/universal-properties-and-comma-categories,urn:uuid:839833a3-3248-52f0-89a1-4c7c185e379d,requires,urn:uuid:8cab24d2-0f78-5bf9-96f8-5b2f2b07168d,chapter2.tex:1644-1644
urn:uuid:d38565e3-47e4-5e13-9507-af973dbe75b6,relation/unit/bab-2-latihan/exercise/13/requires/prerequisite/vector-spaces,urn:uuid:839833a3-3248-52f0-89a1-4c7c185e379d,requires,urn:uuid:dfd6d864-afe6-5d0e-90f7-c130241cf396,chapter2.tex:1644-1644
urn:uuid:ed20596b-26cb-5f1a-bdc7-bf4d6da1c8b5,relation/unit/bab-2-latihan/governed-by/rights/ajbook-fragment-cc-by-sa-3.0,urn:uuid:e78e538a-908b-52f4-86d1-facfaee64259,governed-by,urn:uuid:10faf5cd-990f-5850-87b4-26922b062485,
urn:uuid:01049bcc-2b3a-5583-bc66-2108791e4541,relation/unit/bab-2-latihan/governed-by/rights/noto-fonts-ofl-1.1,urn:uuid:e78e538a-908b-52f4-86d1-facfaee64259,governed-by,urn:uuid:b9f7a7a7-8e18-507a-b72e-b5de733a7430,
urn:uuid:a23293cd-6910-589c-ac74-eb976c57a169,relation/unit/bab-2-latihan/governed-by/rights/principal-cc-by-4.0,urn:uuid:e78e538a-908b-52f4-86d1-facfaee64259,governed-by,urn:uuid:0baf6c47-021d-5310-9475-81519e710250,
urn:uuid:346d6f3e-253a-55c2-aff5-4610bfae3142,relation/unit/bab-2-latihan/requires/prerequisite/categories-and-morphisms,urn:uuid:e78e538a-908b-52f4-86d1-facfaee64259,requires,urn:uuid:dd69ccfd-7399-53a2-83fe-84127b1baf1d,prelude.tex:49-60
urn:uuid:3af2e05d-ccc8-5528-b227-af1c98c46419,relation/unit/bab-2-latihan/requires/prerequisite/elementary-set-theory,urn:uuid:e78e538a-908b-52f4-86d1-facfaee64259,requires,urn:uuid:00f7d0ea-1b60-51da-843f-cca760a368e4,prelude.tex:49-60
urn:uuid:d59eb50d-5459-5316-849d-736f2bf87dc1,relation/unit/bab-2-latihan/requires/prerequisite/functor-categories,urn:uuid:e78e538a-908b-52f4-86d1-facfaee64259,requires,urn:uuid:e3c2ed29-b6a0-5f8d-9613-6f2b41d962c8,prelude.tex:49-60
urn:uuid:69e10134-e284-5f26-baff-0d65954e776d,relation/unit/bab-2-latihan/requires/prerequisite/functors-and-natural-transformations,urn:uuid:e78e538a-908b-52f4-86d1-facfaee64259,requires,urn:uuid:3e864ace-90f6-56b3-8ce5-2e0690dbc9f8,prelude.tex:49-60
urn:uuid:f6eb89fd-9240-5f82-8203-d12078a84556,relation/unit/bab-2-latihan/requires/prerequisite/limits-and-colimits,urn:uuid:e78e538a-908b-52f4-86d1-facfaee64259,requires,urn:uuid:c0b1a30a-634a-5e76-98d3-49bde5a5821c,prelude.tex:49-60
urn:uuid:b4205a33-72f2-53e8-b866-3c5efbbfe35d,relation/unit/bab-2-latihan/requires/prerequisite/representable-functors-and-yoneda,urn:uuid:e78e538a-908b-52f4-86d1-facfaee64259,requires,urn:uuid:9fac54c6-e671-58b9-b840-4799739adb1e,prelude.tex:49-60
urn:uuid:4e90cb4a-22c3-5bd3-acb2-27894bc7e141,relation/unit/bab-2-latihan/requires/prerequisite/universal-properties-and-comma-categories,urn:uuid:e78e538a-908b-52f4-86d1-facfaee64259,requires,urn:uuid:8cab24d2-0f78-5bf9-96f8-5b2f2b07168d,prelude.tex:49-60
urn:uuid:2a57a6dd-3c59-5e93-a975-2103275df950,relation/unit/bab-2-latihan/requires/prerequisite/vector-spaces,urn:uuid:e78e538a-908b-52f4-86d1-facfaee64259,requires,urn:uuid:dfd6d864-afe6-5d0e-90f7-c130241cf396,prelude.tex:49-60
