relation_id,relation_key,source_id,predicate,target_id,evidence
urn:uuid:7cc8ab6b-43ff-57ee-a769-2197a2b3cdb4,relation/build-surface/unit-033-pdf/governed-by/rights/ajbook-fragment-cc-by-sa-3.0,urn:uuid:31b24373-e9f8-5b4e-98bd-0e82d5d83741,governed-by,urn:uuid:10faf5cd-990f-5850-87b4-26922b062485,
urn:uuid:349b66ee-e4fa-5637-af5f-807db402ed8b,relation/build-surface/unit-033-pdf/governed-by/rights/noto-fonts-ofl-1.1,urn:uuid:31b24373-e9f8-5b4e-98bd-0e82d5d83741,governed-by,urn:uuid:b9f7a7a7-8e18-507a-b72e-b5de733a7430,
urn:uuid:fddc868a-e933-580f-be21-d9286f9dd18c,relation/build-surface/unit-033-pdf/governed-by/rights/principal-cc-by-4.0,urn:uuid:31b24373-e9f8-5b4e-98bd-0e82d5d83741,governed-by,urn:uuid:0baf6c47-021d-5310-9475-81519e710250,
urn:uuid:53d067a9-5de9-5fda-80de-fadd94073da9,relation/course/o013/requires/prerequisite/basic-mathematical-literacy,urn:uuid:a5f3ad58-ce3c-5f5f-b581-1f842ae79192,requires,urn:uuid:8fb6c957-7285-5258-978c-e1369c7e39d7,prelude.tex:49-60
urn:uuid:6af4c728-a07b-5571-a30d-9ee62c1a5a6e,relation/course/o013/requires/prerequisite/cauchy-sequences-and-completeness,urn:uuid:a5f3ad58-ce3c-5f5f-b581-1f842ae79192,requires,urn:uuid:b9018862-5027-50f5-9947-a9a9526cc91f,prelude.tex:49-60
urn:uuid:cdc5bef1-ed82-58de-9b13-95ec2357d9af,relation/course/o013/requires/prerequisite/elementary-number-theory,urn:uuid:a5f3ad58-ce3c-5f5f-b581-1f842ae79192,requires,urn:uuid:cae14762-1ca0-5a11-aad9-20c81d540fee,prelude.tex:49-60
urn:uuid:de5cce3e-de42-54c1-898b-fcd09a991c8d,relation/course/o013/requires/prerequisite/elementary-set-theory,urn:uuid:a5f3ad58-ce3c-5f5f-b581-1f842ae79192,requires,urn:uuid:00f7d0ea-1b60-51da-843f-cca760a368e4,prelude.tex:49-60
urn:uuid:922e2514-3fa4-5b3d-86e1-836505ce7783,relation/course/o013/requires/prerequisite/linear-transformations,urn:uuid:a5f3ad58-ce3c-5f5f-b581-1f842ae79192,requires,urn:uuid:9ef76bd8-39cf-5b09-8c2d-2d8c95f91aec,prelude.tex:49-60
urn:uuid:74ce1984-1114-53f2-a033-f2e9c028f4ee,relation/course/o013/requires/prerequisite/mathematical-logic,urn:uuid:a5f3ad58-ce3c-5f5f-b581-1f842ae79192,requires,urn:uuid:451f60c6-04ab-54a7-9d74-9dee65d088b7,prelude.tex:49-60
urn:uuid:18ee0c4f-7e83-55ce-b990-c9ff64548532,relation/course/o013/requires/prerequisite/matrices,urn:uuid:a5f3ad58-ce3c-5f5f-b581-1f842ae79192,requires,urn:uuid:d4260077-2f56-5951-8fe1-2dc390f81288,prelude.tex:49-60
urn:uuid:fe264b2f-dbe8-5589-8cb1-d75a56744c5a,relation/course/o013/requires/prerequisite/permutations-and-symmetric-groups,urn:uuid:a5f3ad58-ce3c-5f5f-b581-1f842ae79192,requires,urn:uuid:ee7d907b-05bc-5def-81d5-7fcd351829b8,prelude.tex:49-60
urn:uuid:b09b00b5-df77-5d64-94da-753d1b21fef4,relation/course/o013/requires/prerequisite/point-set-topology,urn:uuid:a5f3ad58-ce3c-5f5f-b581-1f842ae79192,requires,urn:uuid:6a61cd7e-28fe-5c64-9573-cf9ab46e5e96,prelude.tex:49-60
urn:uuid:ed32b23d-1271-5fa2-948f-562f6f29a2c2,relation/course/o013/requires/prerequisite/polynomials,urn:uuid:a5f3ad58-ce3c-5f5f-b581-1f842ae79192,requires,urn:uuid:15245348-aca2-5814-9ca8-0fce14044e14,prelude.tex:49-60
urn:uuid:59f7a53e-63b6-5f7d-a2ba-9f942e60d2cf,relation/course/o013/requires/prerequisite/real-analysis-basics,urn:uuid:a5f3ad58-ce3c-5f5f-b581-1f842ae79192,requires,urn:uuid:4eedb52d-6e0a-5379-b39c-5043b067c49f,prelude.tex:49-60
urn:uuid:f4f655a5-427a-5113-b6d6-fff3511fadfd,relation/course/o013/requires/prerequisite/vector-spaces,urn:uuid:a5f3ad58-ce3c-5f5f-b581-1f842ae79192,requires,urn:uuid:dfd6d864-afe6-5d0e-90f7-c130241cf396,prelude.tex:49-60
urn:uuid:671c70bd-307b-5cb8-a6cc-698df22eb60a,relation/course/o013/uses-resource/resource/wenweili/aljabr-1,urn:uuid:a5f3ad58-ce3c-5f5f-b581-1f842ae79192,uses-resource,urn:uuid:a72e8c67-4b46-5049-b626-479af39b5397,
urn:uuid:4d28b98f-c6a4-56ef-b6df-5b78efb1fdca,relation/diagram/unit-033/tikzcd-01/governed-by/rights/principal-cc-by-4.0,urn:uuid:cb5c1daa-94da-5435-81f0-f2f6cbc800b3,governed-by,urn:uuid:0baf6c47-021d-5310-9475-81519e710250,
urn:uuid:a6a21b8e-ad18-5194-9594-e19474bd2ba7,relation/diagram/unit-033/tikzpicture-01/governed-by/rights/principal-cc-by-4.0,urn:uuid:2bc4f897-ad74-5f2c-b34d-5c7ccabeee94,governed-by,urn:uuid:0baf6c47-021d-5310-9475-81519e710250,
urn:uuid:c001c9c9-3ee5-538e-966e-b690f127026f,relation/diagram/unit-033/tikzpicture-02/governed-by/rights/principal-cc-by-4.0,urn:uuid:075e2288-7006-50e9-912e-23589a888719,governed-by,urn:uuid:0baf6c47-021d-5310-9475-81519e710250,
urn:uuid:d344fe75-b82a-5b8e-96f1-c4b285ea6bdc,relation/diagram/unit-033/tikzpicture-03/governed-by/rights/principal-cc-by-4.0,urn:uuid:22c16c16-dd86-5ab4-ab49-713d519e0341,governed-by,urn:uuid:0baf6c47-021d-5310-9475-81519e710250,
urn:uuid:2a76a65b-4e08-5125-bce3-b68d88a365e8,relation/diagram/unit-033/tikzpicture-04/governed-by/rights/principal-cc-by-4.0,urn:uuid:8bc18bbb-651d-5047-8357-9ed604673f1a,governed-by,urn:uuid:0baf6c47-021d-5310-9475-81519e710250,
urn:uuid:a6b06d4a-7ede-5ac5-a3ab-e360f903a7eb,relation/diagram/unit-033/tikzpicture-05/governed-by/rights/principal-cc-by-4.0,urn:uuid:ce52a08a-d51e-5b4b-9422-b767d302a639,governed-by,urn:uuid:0baf6c47-021d-5310-9475-81519e710250,
urn:uuid:8235d9e3-094c-5c16-8b2d-9a3e4e2288dc,relation/diagram/unit-033/tikzpicture-06/governed-by/rights/principal-cc-by-4.0,urn:uuid:e7818072-d603-5a9d-b975-4b0b42890291,governed-by,urn:uuid:0baf6c47-021d-5310-9475-81519e710250,
urn:uuid:64de99d8-c741-577a-9b55-a70615879803,relation/diagram/unit-033/tikzpicture-07/governed-by/rights/principal-cc-by-4.0,urn:uuid:7a4af319-f9d3-5b8b-b753-fe89db11d044,governed-by,urn:uuid:0baf6c47-021d-5310-9475-81519e710250,
urn:uuid:8ab968c2-bbbb-5f1b-8cc4-2bde91a2e506,relation/diagram/unit-033/tikzpicture-08/governed-by/rights/principal-cc-by-4.0,urn:uuid:d417fe7b-1b2e-5dae-a740-9b37d76e51e4,governed-by,urn:uuid:0baf6c47-021d-5310-9475-81519e710250,
urn:uuid:3ee763b0-f3ce-5a02-a5a3-cca4e60b22ad,relation/diagram/unit-033/tikzpicture-09/governed-by/rights/principal-cc-by-4.0,urn:uuid:c1adafe9-a1a6-5c84-8c44-f6edcc5b1b9b,governed-by,urn:uuid:0baf6c47-021d-5310-9475-81519e710250,
urn:uuid:596a0358-9013-5f5a-9386-65509a4d9993,relation/diagram/unit-033/tikzpicture-10/governed-by/rights/principal-cc-by-4.0,urn:uuid:ffa32813-3715-54d0-97cc-11b09c485f47,governed-by,urn:uuid:0baf6c47-021d-5310-9475-81519e710250,
urn:uuid:c8fedce1-dbd6-523c-8e5f-fbf0e0ab72dd,relation/diagram/unit-033/tikzpicture-11/governed-by/rights/principal-cc-by-4.0,urn:uuid:42e72c14-f50d-51d2-adb3-d7ed5fc13596,governed-by,urn:uuid:0baf6c47-021d-5310-9475-81519e710250,
urn:uuid:eb5eb1b4-330c-554c-b67d-2ad2ca6079df,relation/edition/wenweili/aljabr-1/c4f7a01f68f5f407906b4b970640cddbbad85f6b/contains/unit/bab-4-grup-simetris,urn:uuid:df2d23de-7370-5da5-ad49-42fb7c718c49,contains,urn:uuid:e91765dc-cefe-5b2a-a7c3-0abc7e818065,chapter4.tex:1389-1608; substantive authority map 1389-1607 to target 1384-1602
urn:uuid:f43da1b4-0053-5379-9911-864a80e9df27,relation/program/open-mathematics-curriculum/2026/contains/course/o013,urn:uuid:9d8d0610-2560-5376-8679-5a9418407a78,contains,urn:uuid:a5f3ad58-ce3c-5f5f-b581-1f842ae79192,
urn:uuid:03dde2e7-13e9-5147-9aac-4160466fd402,relation/resource/wenweili/aljabr-1/has-edition/edition/wenweili/aljabr-1/c4f7a01f68f5f407906b4b970640cddbbad85f6b,urn:uuid:a72e8c67-4b46-5049-b626-479af39b5397,has-edition,urn:uuid:df2d23de-7370-5da5-ad49-42fb7c718c49,
urn:uuid:1454fea4-7b2d-509a-9765-8fc4b208b00b,relation/unit/bab-4-grup-simetris/built-by/build-surface/unit-033-pdf,urn:uuid:e91765dc-cefe-5b2a-a7c3-0abc7e818065,built-by,urn:uuid:31b24373-e9f8-5b4e-98bd-0e82d5d83741,
urn:uuid:fadf2862-729d-5e55-a42c-313979b3cc5e,relation/unit/bab-4-grup-simetris/checked-by/qa/unit-033/admission-gate,urn:uuid:e91765dc-cefe-5b2a-a7c3-0abc7e818065,checked-by,urn:uuid:5d0fba47-9253-5cb1-ad7f-8b48abe68e99,
urn:uuid:60f05c49-2602-55a7-b773-9be97b0c8585,relation/unit/bab-4-grup-simetris/checked-by/qa/unit-033/all-page-visual-review,urn:uuid:e91765dc-cefe-5b2a-a7c3-0abc7e818065,checked-by,urn:uuid:2f236328-cec6-5772-8c10-83d21924af83,
urn:uuid:8daa8d87-d234-54e8-9419-e984faa89613,relation/unit/bab-4-grup-simetris/checked-by/qa/unit-033/build-log,urn:uuid:e91765dc-cefe-5b2a-a7c3-0abc7e818065,checked-by,urn:uuid:4cbd77b5-f5f0-5fa5-bd09-0e7180cd3873,
urn:uuid:c09c7989-3060-5f6f-9deb-5a042a54ff39,relation/unit/bab-4-grup-simetris/checked-by/qa/unit-033/candidate-artifact,urn:uuid:e91765dc-cefe-5b2a-a7c3-0abc7e818065,checked-by,urn:uuid:ab0a9beb-ff7e-56ba-8706-f94d9a1ea354,
urn:uuid:65eee145-ed9e-51c0-bfbc-eef9c11f0c0d,relation/unit/bab-4-grup-simetris/checked-by/qa/unit-033/candidate-check,urn:uuid:e91765dc-cefe-5b2a-a7c3-0abc7e818065,checked-by,urn:uuid:a39418dd-8bd7-5bea-a21e-32c7f1c309ca,
urn:uuid:8e744e71-bb70-5bfc-8c02-60b1ca6ec131,relation/unit/bab-4-grup-simetris/checked-by/qa/unit-033/canonical-integration,urn:uuid:e91765dc-cefe-5b2a-a7c3-0abc7e818065,checked-by,urn:uuid:fb0ff529-db1f-56a2-a51f-72f5f1363608,
urn:uuid:067df07c-5cd1-5525-bda9-f6e479429f99,relation/unit/bab-4-grup-simetris/checked-by/qa/unit-033/digital-reflow,urn:uuid:e91765dc-cefe-5b2a-a7c3-0abc7e818065,checked-by,urn:uuid:c4e31ec2-3d3f-51f6-b6fa-5dc47b0f3e13,
urn:uuid:e026c9bf-9b3a-5a73-ba08-32705c0ab474,relation/unit/bab-4-grup-simetris/checked-by/qa/unit-033/driver-poppler-xlongequal-workaround,urn:uuid:e91765dc-cefe-5b2a-a7c3-0abc7e818065,checked-by,urn:uuid:20d946db-6264-5767-a75f-3348e6842a88,
urn:uuid:35dcf625-0b9f-557b-9647-3e909d8c0218,relation/unit/bab-4-grup-simetris/checked-by/qa/unit-033/evidence-tool,urn:uuid:e91765dc-cefe-5b2a-a7c3-0abc7e818065,checked-by,urn:uuid:ad76394e-2c81-5920-a0c3-e10db35219d3,
urn:uuid:7bab47bf-6de2-57b5-bd1f-14434b158cb9,relation/unit/bab-4-grup-simetris/checked-by/qa/unit-033/index-localizations,urn:uuid:e91765dc-cefe-5b2a-a7c3-0abc7e818065,checked-by,urn:uuid:4e91b0c7-9ea6-5527-ac08-c58d9c76ec3c,
urn:uuid:dd12856b-74f9-5e36-9cc8-23480bc6d198,relation/unit/bab-4-grup-simetris/checked-by/qa/unit-033/preflight-tool,urn:uuid:e91765dc-cefe-5b2a-a7c3-0abc7e818065,checked-by,urn:uuid:ef0d99c8-2b4a-5972-87ed-211828c2f968,
urn:uuid:2bec84df-37ef-58d8-895c-5cc803a639d2,relation/unit/bab-4-grup-simetris/checked-by/qa/unit-033/prepromotion-evidence,urn:uuid:e91765dc-cefe-5b2a-a7c3-0abc7e818065,checked-by,urn:uuid:06e1fc45-749a-5684-9abe-35069b4f3714,
urn:uuid:97d8e7e6-62a5-5fea-919d-67f0bec88307,relation/unit/bab-4-grup-simetris/checked-by/qa/unit-033/protected-text-localizations,urn:uuid:e91765dc-cefe-5b2a-a7c3-0abc7e818065,checked-by,urn:uuid:c801d104-aa66-5bc2-bbdd-a7b829dab50b,
urn:uuid:f53b914f-109e-5212-9028-7117826ebe48,relation/unit/bab-4-grup-simetris/checked-by/qa/unit-033/render-hash-inventory,urn:uuid:e91765dc-cefe-5b2a-a7c3-0abc7e818065,checked-by,urn:uuid:cccb46e2-6559-5ff0-87aa-9e124c4781f4,
urn:uuid:c9419d6d-4c63-5adc-9eab-4a6e12d40db0,relation/unit/bab-4-grup-simetris/checked-by/qa/unit-033/source-corrections,urn:uuid:e91765dc-cefe-5b2a-a7c3-0abc7e818065,checked-by,urn:uuid:8b48596c-3b6a-50a1-8853-df19d116a2fc,
urn:uuid:dc4f01c0-8377-5fb2-bad3-a736a081a28a,relation/unit/bab-4-grup-simetris/checked-by/qa/unit-033/source-review,urn:uuid:e91765dc-cefe-5b2a-a7c3-0abc7e818065,checked-by,urn:uuid:f4d53f7d-b58c-5a6a-8db5-fd7afde35f35,
urn:uuid:e0994da0-b246-5c3e-9c3f-a87f7e805e0b,relation/unit/bab-4-grup-simetris/checked-by/qa/unit-033/structure-and-pdf-qa,urn:uuid:e91765dc-cefe-5b2a-a7c3-0abc7e818065,checked-by,urn:uuid:56683d38-c537-5da3-b899-07331ff49360,
urn:uuid:b3a63d48-5956-52ca-b190-f1e3816ddc0e,relation/unit/bab-4-grup-simetris/checked-by/qa/unit-033/terminology-control,urn:uuid:e91765dc-cefe-5b2a-a7c3-0abc7e818065,checked-by,urn:uuid:9518f630-3710-5c03-a614-f77415d5569e,
urn:uuid:b8fb5ef4-6228-5531-82e0-7e5289330f08,relation/unit/bab-4-grup-simetris/checked-by/qa/unit-033/terminology-delta,urn:uuid:e91765dc-cefe-5b2a-a7c3-0abc7e818065,checked-by,urn:uuid:b33b255b-1675-5a4d-a116-d1d3044a2de3,
urn:uuid:dc2f5f2c-d760-5adc-a232-b480bada03c4,relation/unit/bab-4-grup-simetris/checked-by/qa/unit-033/terminology-evidence,urn:uuid:e91765dc-cefe-5b2a-a7c3-0abc7e818065,checked-by,urn:uuid:1c072449-d911-59a7-8355-aad926686d61,
urn:uuid:84578212-3d9a-50b5-a14b-a66f26f24ce9,relation/unit/bab-4-grup-simetris/checked-by/qa/unit-033/terminology-normalizations,urn:uuid:e91765dc-cefe-5b2a-a7c3-0abc7e818065,checked-by,urn:uuid:17452af7-847b-5c1e-925b-c6be2d7d31d8,
urn:uuid:ed9ff2be-7fce-59f4-aa86-8fe54263f38d,relation/unit/bab-4-grup-simetris/checked-by/qa/unit-033/visual-preflight,urn:uuid:e91765dc-cefe-5b2a-a7c3-0abc7e818065,checked-by,urn:uuid:460e9eb5-93f5-5dfd-ab29-e1b3adb60c54,
urn:uuid:12cd7244-ec14-5ddf-afb9-e9d78be2d59e,relation/unit/bab-4-grup-simetris/contains/unit/bab-4-grup-simetris/section/01,urn:uuid:e91765dc-cefe-5b2a-a7c3-0abc7e818065,contains,urn:uuid:3e92104f-a336-51d7-972f-cbf2151082ed,chapter4.tex:1389-1608 (line 1608 blank boundary omitted from target mapping)
urn:uuid:922f3bfd-c14d-57f1-92d7-eed138f67d58,relation/unit/bab-4-grup-simetris/covers/concept/adjacent-transposition,urn:uuid:e91765dc-cefe-5b2a-a7c3-0abc7e818065,covers,urn:uuid:f4e2e784-0481-52ef-a290-cad250703001,
urn:uuid:48648303-19e8-5c15-b793-9a0453e2a1c6,relation/unit/bab-4-grup-simetris/covers/concept/alternating-group,urn:uuid:e91765dc-cefe-5b2a-a7c3-0abc7e818065,covers,urn:uuid:a48f67f3-360d-5de9-85ad-f130f73147ed,
urn:uuid:df291bb4-a9b9-5712-985e-40248107ac89,relation/unit/bab-4-grup-simetris/covers/concept/artin-braid-presentation,urn:uuid:e91765dc-cefe-5b2a-a7c3-0abc7e818065,covers,urn:uuid:bdf87f68-9018-52a3-a1ae-52e0370941f7,
urn:uuid:dfa7f0e3-e6b1-5dfc-912d-d659fbe207b4,relation/unit/bab-4-grup-simetris/covers/concept/braid,urn:uuid:e91765dc-cefe-5b2a-a7c3-0abc7e818065,covers,urn:uuid:26a1e735-08d1-5d3f-b7fc-6da548acb23d,
urn:uuid:1accc06e-ccfc-5a3a-b1d1-8e934b1f0cca,relation/unit/bab-4-grup-simetris/covers/concept/braid-composition,urn:uuid:e91765dc-cefe-5b2a-a7c3-0abc7e818065,covers,urn:uuid:8e87d65e-4c43-58c9-9647-27b918671923,
urn:uuid:06bd41f8-5dbe-55e9-bae8-111eeada92c8,relation/unit/bab-4-grup-simetris/covers/concept/braid-diagram,urn:uuid:e91765dc-cefe-5b2a-a7c3-0abc7e818065,covers,urn:uuid:bd9469a5-4474-5753-bcf5-c23a167bbff1,
urn:uuid:bf2316ce-58e2-56c6-83c4-0558748bbbcf,relation/unit/bab-4-grup-simetris/covers/concept/braid-group,urn:uuid:e91765dc-cefe-5b2a-a7c3-0abc7e818065,covers,urn:uuid:9de7967d-48de-53aa-bbe6-571364729d1b,
urn:uuid:6583169b-8149-5a6a-9031-76cbbfc69da9,relation/unit/bab-4-grup-simetris/covers/concept/braid-relation,urn:uuid:e91765dc-cefe-5b2a-a7c3-0abc7e818065,covers,urn:uuid:72f190e2-7de5-5c3f-9a4d-6749261b26f6,
urn:uuid:66f648af-acac-5dcd-9b46-5e9ef1a67252,relation/unit/bab-4-grup-simetris/covers/concept/braid-to-symmetric-quotient,urn:uuid:e91765dc-cefe-5b2a-a7c3-0abc7e818065,covers,urn:uuid:5dbf4cb6-dd7f-51b4-bc2f-7c6b0187b024,
urn:uuid:81db7889-dc85-55de-a590-5d7a5c2b4a6c,relation/unit/bab-4-grup-simetris/covers/concept/conjugacy-class,urn:uuid:e91765dc-cefe-5b2a-a7c3-0abc7e818065,covers,urn:uuid:ee6f87d3-6a42-5da6-9a37-ed24dfd162c9,
urn:uuid:848f2c64-d371-579c-ab3e-0609f9b1adce,relation/unit/bab-4-grup-simetris/covers/concept/coxeter-group,urn:uuid:e91765dc-cefe-5b2a-a7c3-0abc7e818065,covers,urn:uuid:e8b6e5e9-fb71-5e99-a380-87bc0a36d74a,
urn:uuid:975b1846-08d7-5b63-b3f1-1480bd464815,relation/unit/bab-4-grup-simetris/covers/concept/coxeter-matrix,urn:uuid:e91765dc-cefe-5b2a-a7c3-0abc7e818065,covers,urn:uuid:2b2ebf49-3c61-59c8-8080-0ad5060f50f3,
urn:uuid:aa752316-164f-54d3-adde-a56c741aeadc,relation/unit/bab-4-grup-simetris/covers/concept/coxeter-presentation,urn:uuid:e91765dc-cefe-5b2a-a7c3-0abc7e818065,covers,urn:uuid:0b3107f2-b7ad-5ba5-8626-efe811732cba,
urn:uuid:eddecfa3-bd71-5042-9232-d3d0548e5206,relation/unit/bab-4-grup-simetris/covers/concept/cycle,urn:uuid:e91765dc-cefe-5b2a-a7c3-0abc7e818065,covers,urn:uuid:9d37cdb4-a102-54ea-8c46-7f8964656ca9,
urn:uuid:357a5604-83b2-52a0-a4d4-910afed14241,relation/unit/bab-4-grup-simetris/covers/concept/cycle-length,urn:uuid:e91765dc-cefe-5b2a-a7c3-0abc7e818065,covers,urn:uuid:c2cbab25-5db6-5f4d-8399-8a58d36f9d18,
urn:uuid:5d0a1e1b-e16f-5f75-8ab9-58803a0081ac,relation/unit/bab-4-grup-simetris/covers/concept/cycle-type,urn:uuid:e91765dc-cefe-5b2a-a7c3-0abc7e818065,covers,urn:uuid:7d18055d-35fd-5762-bac2-6284f5aab138,
urn:uuid:4a729ada-0ba4-54a8-8e58-cf014f675a5b,relation/unit/bab-4-grup-simetris/covers/concept/derived-subgroup,urn:uuid:e91765dc-cefe-5b2a-a7c3-0abc7e818065,covers,urn:uuid:7cec8a99-ec21-529d-a642-805091997b23,
urn:uuid:ecb2c4ef-6130-5b6e-9632-76ad42e5f743,relation/unit/bab-4-grup-simetris/covers/concept/dihedral-group,urn:uuid:e91765dc-cefe-5b2a-a7c3-0abc7e818065,covers,urn:uuid:468ec75b-bb5b-53bd-9625-ed823297f398,
urn:uuid:3e23e3e2-3a97-5b7f-87f8-8c17811893c5,relation/unit/bab-4-grup-simetris/covers/concept/disjoint-cycle-decomposition,urn:uuid:e91765dc-cefe-5b2a-a7c3-0abc7e818065,covers,urn:uuid:ccfc0a2c-c143-5e2e-91c3-d2c58a4a8a60,
urn:uuid:ae82c849-45a7-54ac-a42e-f12c0d23c125,relation/unit/bab-4-grup-simetris/covers/concept/disjoint-cycles,urn:uuid:e91765dc-cefe-5b2a-a7c3-0abc7e818065,covers,urn:uuid:ddb6c892-0757-501c-be2c-045d867688fc,
urn:uuid:c128306c-729f-54b7-a019-1b769cb06a61,relation/unit/bab-4-grup-simetris/covers/concept/even-permutation,urn:uuid:e91765dc-cefe-5b2a-a7c3-0abc7e818065,covers,urn:uuid:236f49a1-64c1-55e6-9189-c2da97762d68,
urn:uuid:6392b36f-d6fc-5dcd-bf15-2f2e7af7790d,relation/unit/bab-4-grup-simetris/covers/concept/fixed-point,urn:uuid:e91765dc-cefe-5b2a-a7c3-0abc7e818065,covers,urn:uuid:47062e0b-9df9-5fc2-a5b8-736859cd68d8,
urn:uuid:c084ad18-cefc-535a-acf3-1a4fa5ccac50,relation/unit/bab-4-grup-simetris/covers/concept/galois-simplicity-theorem,urn:uuid:e91765dc-cefe-5b2a-a7c3-0abc7e818065,covers,urn:uuid:198f6b12-064c-5be0-9bfb-500138488a01,
urn:uuid:ffeab249-8498-5ca8-8c12-45650d567326,relation/unit/bab-4-grup-simetris/covers/concept/generators-and-relations,urn:uuid:e91765dc-cefe-5b2a-a7c3-0abc7e818065,covers,urn:uuid:e527cc9f-928e-558d-923d-d636065fd575,
urn:uuid:037fbf68-fd2b-5a78-bfc4-c5815428e0df,relation/unit/bab-4-grup-simetris/covers/concept/index-two-subgroup,urn:uuid:e91765dc-cefe-5b2a-a7c3-0abc7e818065,covers,urn:uuid:59caf068-aee1-59e2-b0b0-1967b53598fd,
urn:uuid:248df371-4292-5a01-88ee-bd6605b630e2,relation/unit/bab-4-grup-simetris/covers/concept/integer-partition,urn:uuid:e91765dc-cefe-5b2a-a7c3-0abc7e818065,covers,urn:uuid:2816f880-df00-5dc9-9fcd-fb534bbd1642,
urn:uuid:99a29cd5-fe8b-5d56-b022-036058937eb5,relation/unit/bab-4-grup-simetris/covers/concept/least-common-multiple,urn:uuid:e91765dc-cefe-5b2a-a7c3-0abc7e818065,covers,urn:uuid:6bdaf76a-cdb0-5788-bd02-d3a2f713cf19,
urn:uuid:3b0fb522-d230-5e13-ae6d-670d5642ff18,relation/unit/bab-4-grup-simetris/covers/concept/nonabelian-simple-group,urn:uuid:e91765dc-cefe-5b2a-a7c3-0abc7e818065,covers,urn:uuid:d76574d6-d77c-52b0-94f5-1f571e8f86c0,
urn:uuid:683426be-6de5-5d21-9614-d488fb4e8b3d,relation/unit/bab-4-grup-simetris/covers/concept/nonsolvability-of-symmetric-groups,urn:uuid:e91765dc-cefe-5b2a-a7c3-0abc7e818065,covers,urn:uuid:b5c41d3d-ed60-513d-a14e-0ff304e2f2b0,
urn:uuid:ed89cdf1-54bf-5e23-91d7-25d5ad1dabb8,relation/unit/bab-4-grup-simetris/covers/concept/odd-permutation,urn:uuid:e91765dc-cefe-5b2a-a7c3-0abc7e818065,covers,urn:uuid:e73bdb4b-2b28-5ece-be77-5c73ccd2fef6,
urn:uuid:397fc08e-6c1f-5dd1-a783-c91be6816bce,relation/unit/bab-4-grup-simetris/covers/concept/order-of-permutation,urn:uuid:e91765dc-cefe-5b2a-a7c3-0abc7e818065,covers,urn:uuid:ed45d4dd-03fa-5d27-b9f8-112231f9bb15,
urn:uuid:74af5267-7e90-5a95-a508-494ca6383451,relation/unit/bab-4-grup-simetris/covers/concept/permutation,urn:uuid:e91765dc-cefe-5b2a-a7c3-0abc7e818065,covers,urn:uuid:1022cf0c-faf9-573c-a812-1c61356ca810,
urn:uuid:d8013f46-c99a-5f2c-8da3-19b5904f8ce8,relation/unit/bab-4-grup-simetris/covers/concept/permutation-support,urn:uuid:e91765dc-cefe-5b2a-a7c3-0abc7e818065,covers,urn:uuid:09c184fc-997a-5322-9aa2-e369e62e4a29,
urn:uuid:dbd2d248-f466-59bd-aa67-365cbe21aca9,relation/unit/bab-4-grup-simetris/covers/concept/sign-homomorphism,urn:uuid:e91765dc-cefe-5b2a-a7c3-0abc7e818065,covers,urn:uuid:c537b022-21a8-542c-8adb-40be6327a87e,
urn:uuid:316ec923-89ff-55bd-8bbe-5bba3f50bc50,relation/unit/bab-4-grup-simetris/covers/concept/simple-group,urn:uuid:e91765dc-cefe-5b2a-a7c3-0abc7e818065,covers,urn:uuid:c42a5c21-0ae4-559c-b5c3-4e6dc1ed41ad,
urn:uuid:07e601e1-733a-55e3-add5-6826b55d07e6,relation/unit/bab-4-grup-simetris/covers/concept/solvable-group,urn:uuid:e91765dc-cefe-5b2a-a7c3-0abc7e818065,covers,urn:uuid:b90042f3-4f6c-5801-a457-bfae432bb7c4,
urn:uuid:2b8e8ecc-bd26-5abc-a16f-b5cb5d23e300,relation/unit/bab-4-grup-simetris/covers/concept/symmetric-group,urn:uuid:e91765dc-cefe-5b2a-a7c3-0abc7e818065,covers,urn:uuid:466b1220-9ccc-56d2-a193-0cad39523da3,
urn:uuid:27543737-3972-5fa7-9d38-e43729d03a21,relation/unit/bab-4-grup-simetris/covers/concept/three-cycle,urn:uuid:e91765dc-cefe-5b2a-a7c3-0abc7e818065,covers,urn:uuid:110ad0c7-c8bd-5a3b-b696-d752036adaf5,
urn:uuid:b10a5cdc-cd64-5c74-9cc9-10debc24ca15,relation/unit/bab-4-grup-simetris/covers/concept/transposition,urn:uuid:e91765dc-cefe-5b2a-a7c3-0abc7e818065,covers,urn:uuid:c4318375-2fee-5a24-a2f3-9d94e01817c8,
urn:uuid:f935da70-70de-56b8-9afe-162a8f658ca6,relation/unit/bab-4-grup-simetris/covers/concept/vandermonde-function,urn:uuid:e91765dc-cefe-5b2a-a7c3-0abc7e818065,covers,urn:uuid:1a2b67b8-cc2c-565a-8708-a5c6824d80d4,
urn:uuid:a45f4be5-ad06-54e3-840f-054c5554bbd5,relation/unit/bab-4-grup-simetris/covers/concept/yang-baxter-equation,urn:uuid:e91765dc-cefe-5b2a-a7c3-0abc7e818065,covers,urn:uuid:38a1e0d5-c6ed-59d7-a961-bfdf822b1cef,
urn:uuid:0af9da8b-cf78-5441-b0af-2b446bbaa584,relation/unit/bab-4-grup-simetris/covers/correction/o013-li-u033-cor-001,urn:uuid:e91765dc-cefe-5b2a-a7c3-0abc7e818065,covers,urn:uuid:a4c482b1-f585-57d4-9adf-52248fa6680c,
urn:uuid:ac72a321-7075-522e-a284-ec2ae807c17f,relation/unit/bab-4-grup-simetris/covers/correction/o013-li-u033-cor-002,urn:uuid:e91765dc-cefe-5b2a-a7c3-0abc7e818065,covers,urn:uuid:20bbe278-1a63-5ad8-896a-fc0df5a3c88d,
urn:uuid:6d992d53-8d76-5a94-bf3b-a3f177cc7d31,relation/unit/bab-4-grup-simetris/covers/digital-reflow/o013-li-u033-reflow-001,urn:uuid:e91765dc-cefe-5b2a-a7c3-0abc7e818065,covers,urn:uuid:8774285d-7d1f-5060-98d9-e1f8f7df42ae,
urn:uuid:77501528-5510-503c-b7dc-f4212fc235a6,relation/unit/bab-4-grup-simetris/covers/protected-text-localization/o013-li-u033-loc-001,urn:uuid:e91765dc-cefe-5b2a-a7c3-0abc7e818065,covers,urn:uuid:5d3c82e8-5828-565e-b9c2-75051b1b678e,
urn:uuid:47f6e604-21a5-5419-be65-7f213bbd4869,relation/unit/bab-4-grup-simetris/covers/protected-text-localization/o013-li-u033-loc-002,urn:uuid:e91765dc-cefe-5b2a-a7c3-0abc7e818065,covers,urn:uuid:987a3ef4-f1d9-566a-a6ed-7618841a6c25,
urn:uuid:7fda26d8-39bd-57cd-822c-515bd026d4e4,relation/unit/bab-4-grup-simetris/covers/protected-text-localization/o013-li-u033-loc-003,urn:uuid:e91765dc-cefe-5b2a-a7c3-0abc7e818065,covers,urn:uuid:a17b677f-9f54-586f-b8a2-cbabefa45aa6,
urn:uuid:f5bf8059-95d9-55ae-a870-81402e8cea29,relation/unit/bab-4-grup-simetris/covers/protected-text-localization/o013-li-u033-loc-004,urn:uuid:e91765dc-cefe-5b2a-a7c3-0abc7e818065,covers,urn:uuid:2ac781b2-89f6-52a4-bdaa-40ab91f0a8b1,
urn:uuid:837430a1-e65f-59bd-bb94-a18d8015a984,relation/unit/bab-4-grup-simetris/covers/protected-text-localization/o013-li-u033-loc-005,urn:uuid:e91765dc-cefe-5b2a-a7c3-0abc7e818065,covers,urn:uuid:772c9441-7701-562b-bca4-925523acf2c9,
urn:uuid:073f2123-8379-52f0-970a-00e2d0c0d4f8,relation/unit/bab-4-grup-simetris/covers/provenance/o013-li-u033-production,urn:uuid:e91765dc-cefe-5b2a-a7c3-0abc7e818065,covers,urn:uuid:d088ef49-497f-5c3e-88b8-fe5422fc4d15,
urn:uuid:ab0017f6-a0a9-52cd-9b56-415463f194b1,relation/unit/bab-4-grup-simetris/covers/surface/unit-033/diagram-arrow/001,urn:uuid:e91765dc-cefe-5b2a-a7c3-0abc7e818065,covers,urn:uuid:5ce0573c-89e2-5e61-997e-4637ad4d84be,
urn:uuid:6d68c318-df6c-5228-8e9d-71b64b40704c,relation/unit/bab-4-grup-simetris/covers/surface/unit-033/diagram-arrow/002,urn:uuid:e91765dc-cefe-5b2a-a7c3-0abc7e818065,covers,urn:uuid:9cd93438-71bf-5610-9b88-ed342168d2c6,
urn:uuid:2e57bb4e-fef8-5851-b428-4857553ddc9a,relation/unit/bab-4-grup-simetris/covers/surface/unit-033/diagram-arrow/003,urn:uuid:e91765dc-cefe-5b2a-a7c3-0abc7e818065,covers,urn:uuid:a50f51b9-28a4-570e-aa89-7d314f5a954e,
urn:uuid:a18baaf1-3622-55d6-832c-db7b3019beaa,relation/unit/bab-4-grup-simetris/covers/surface/unit-033/diagram-arrow/004,urn:uuid:e91765dc-cefe-5b2a-a7c3-0abc7e818065,covers,urn:uuid:8b763cd7-be52-56ae-b658-2f8c42ac4c48,
urn:uuid:f1e484a9-5d00-5cdc-8c13-3c5d051f9977,relation/unit/bab-4-grup-simetris/covers/surface/unit-033/drawing-command/001-braid,urn:uuid:e91765dc-cefe-5b2a-a7c3-0abc7e818065,covers,urn:uuid:2043a5e4-93cf-597c-8113-33a146a3ba25,
urn:uuid:27c697cd-cea7-57ab-b45d-1a682a622e3a,relation/unit/bab-4-grup-simetris/covers/surface/unit-033/drawing-command/002-braid,urn:uuid:e91765dc-cefe-5b2a-a7c3-0abc7e818065,covers,urn:uuid:cfb7e29e-ec2f-5947-b79f-e8394fc9d86b,
urn:uuid:573224dd-da44-5602-94bd-9b6a2f3a32ac,relation/unit/bab-4-grup-simetris/covers/surface/unit-033/drawing-command/003-braid,urn:uuid:e91765dc-cefe-5b2a-a7c3-0abc7e818065,covers,urn:uuid:1eb7cefe-08eb-5a99-aa56-6c88368f8673,
urn:uuid:2a4462b0-5d2b-50bc-87d7-1e91abca4578,relation/unit/bab-4-grup-simetris/covers/surface/unit-033/drawing-command/004-braid,urn:uuid:e91765dc-cefe-5b2a-a7c3-0abc7e818065,covers,urn:uuid:2a6b15b5-21bb-530c-9f81-985843bd5a3a,
urn:uuid:91d87fe0-f7d7-54fe-846d-fad53cd5298e,relation/unit/bab-4-grup-simetris/covers/surface/unit-033/drawing-command/005-braid,urn:uuid:e91765dc-cefe-5b2a-a7c3-0abc7e818065,covers,urn:uuid:256392e1-3fae-5126-90aa-b0f04ea58433,
urn:uuid:8ee46671-f340-58cd-b6da-bf8e720bfb92,relation/unit/bab-4-grup-simetris/covers/surface/unit-033/drawing-command/006-draw,urn:uuid:e91765dc-cefe-5b2a-a7c3-0abc7e818065,covers,urn:uuid:70f7ffa8-bc0a-5a83-a485-bac43fbeebf0,
urn:uuid:ef3358d7-f351-5e0c-9491-00541b7eb6c1,relation/unit/bab-4-grup-simetris/covers/surface/unit-033/drawing-command/007-draw,urn:uuid:e91765dc-cefe-5b2a-a7c3-0abc7e818065,covers,urn:uuid:6db58c23-7146-59f3-b893-c6d8a1148093,
urn:uuid:810f92b0-e5a7-5fbe-a00e-7fce8d0f1d98,relation/unit/bab-4-grup-simetris/covers/surface/unit-033/drawing-command/008-braid,urn:uuid:e91765dc-cefe-5b2a-a7c3-0abc7e818065,covers,urn:uuid:c0930dc3-5346-5db2-bbc2-566bf3addb2e,
urn:uuid:c5074eec-2b1a-5204-a772-9425ab2e3a37,relation/unit/bab-4-grup-simetris/covers/surface/unit-033/drawing-command/009-node,urn:uuid:e91765dc-cefe-5b2a-a7c3-0abc7e818065,covers,urn:uuid:c7cd401e-7cd4-5e86-9e35-cd2833161f83,
urn:uuid:e4bbd7ed-dc0e-5c13-9969-c6f3efea9d05,relation/unit/bab-4-grup-simetris/covers/surface/unit-033/drawing-command/010-node,urn:uuid:e91765dc-cefe-5b2a-a7c3-0abc7e818065,covers,urn:uuid:4a642d83-8950-584e-b496-307825052f39,
urn:uuid:28c306ed-48f8-5b57-ac94-7c02ae1c7e19,relation/unit/bab-4-grup-simetris/covers/surface/unit-033/drawing-command/011-braid,urn:uuid:e91765dc-cefe-5b2a-a7c3-0abc7e818065,covers,urn:uuid:c737e393-54fa-5ff0-8961-576165c3ecae,
urn:uuid:6af69da2-947a-5752-bb53-b0193a4ad11d,relation/unit/bab-4-grup-simetris/covers/surface/unit-033/drawing-command/012-node,urn:uuid:e91765dc-cefe-5b2a-a7c3-0abc7e818065,covers,urn:uuid:49458b36-dbc1-51ef-9749-d7cf4525b907,
urn:uuid:58cb9061-fda0-5942-924d-4ee96ba17301,relation/unit/bab-4-grup-simetris/covers/surface/unit-033/drawing-command/013-node,urn:uuid:e91765dc-cefe-5b2a-a7c3-0abc7e818065,covers,urn:uuid:1fd10c4f-44ad-567f-a3c9-123bd4f9c5d4,
urn:uuid:45ad68a1-ec66-592a-90fa-84ff77021c8d,relation/unit/bab-4-grup-simetris/covers/surface/unit-033/drawing-command/014-node,urn:uuid:e91765dc-cefe-5b2a-a7c3-0abc7e818065,covers,urn:uuid:9b48057b-cb60-58da-a805-24d11abb03ef,
urn:uuid:98bc89bd-ec0e-5506-8b0b-93ca8789c11f,relation/unit/bab-4-grup-simetris/covers/surface/unit-033/drawing-command/015-braid,urn:uuid:e91765dc-cefe-5b2a-a7c3-0abc7e818065,covers,urn:uuid:83f8c93f-3abd-52f5-8c62-e6ce5b749172,
urn:uuid:5ee2caf9-99ab-50c8-9e73-54d91f71e041,relation/unit/bab-4-grup-simetris/covers/surface/unit-033/drawing-command/016-node,urn:uuid:e91765dc-cefe-5b2a-a7c3-0abc7e818065,covers,urn:uuid:18407817-11c5-56df-92f3-cfbe88d35089,
urn:uuid:1c6f5e7a-20fe-55b8-a63e-73f99fdc2f52,relation/unit/bab-4-grup-simetris/covers/surface/unit-033/drawing-command/017-node,urn:uuid:e91765dc-cefe-5b2a-a7c3-0abc7e818065,covers,urn:uuid:1720288e-249f-5b3a-873e-3610def64d10,
urn:uuid:708a5aa0-5987-5d2e-91eb-e1fd7046a4d1,relation/unit/bab-4-grup-simetris/covers/surface/unit-033/drawing-command/018-node,urn:uuid:e91765dc-cefe-5b2a-a7c3-0abc7e818065,covers,urn:uuid:e5fedc53-ef03-5bc6-89f1-7fea0e779979,
urn:uuid:c9cca8d8-037b-58dd-bda4-b5f292ebb529,relation/unit/bab-4-grup-simetris/covers/surface/unit-033/drawing-command/019-node,urn:uuid:e91765dc-cefe-5b2a-a7c3-0abc7e818065,covers,urn:uuid:1736f10d-e0ca-5423-8c91-3b75c1e9849a,
urn:uuid:92329c8b-1c30-5618-942f-b2aafdfa73c6,relation/unit/bab-4-grup-simetris/covers/surface/unit-033/drawing-command/020-node,urn:uuid:e91765dc-cefe-5b2a-a7c3-0abc7e818065,covers,urn:uuid:5208ab7b-ac30-5ddd-9a63-62d48a84c765,
urn:uuid:5de884af-5a3d-558a-9d3e-19b192d24697,relation/unit/bab-4-grup-simetris/covers/surface/unit-033/drawing-command/021-draw,urn:uuid:e91765dc-cefe-5b2a-a7c3-0abc7e818065,covers,urn:uuid:abc889eb-8911-5434-aaef-37a09c35e7b2,
urn:uuid:68ecb49e-0f59-587f-8f07-b3e1c4b2cee5,relation/unit/bab-4-grup-simetris/covers/surface/unit-033/drawing-command/022-braid,urn:uuid:e91765dc-cefe-5b2a-a7c3-0abc7e818065,covers,urn:uuid:3d5043da-080f-5adb-9f93-f171530c96b1,
urn:uuid:b3913638-3627-5908-b3b9-6fc2d9cc0e2d,relation/unit/bab-4-grup-simetris/covers/surface/unit-033/environment/001-definition-01,urn:uuid:e91765dc-cefe-5b2a-a7c3-0abc7e818065,covers,urn:uuid:3263ff2c-7995-513b-a871-dd439274f77d,
urn:uuid:1050c95c-fcb7-5ea8-b47c-547ca6a2ed8e,relation/unit/bab-4-grup-simetris/covers/surface/unit-033/environment/002-gather-01,urn:uuid:e91765dc-cefe-5b2a-a7c3-0abc7e818065,covers,urn:uuid:10e49d6b-125c-5369-94d3-afe7c85ee129,
urn:uuid:d05e3ada-28f6-5d0e-ad74-d5c0e3282d77,relation/unit/bab-4-grup-simetris/covers/surface/unit-033/environment/003-proposition-01,urn:uuid:e91765dc-cefe-5b2a-a7c3-0abc7e818065,covers,urn:uuid:777fb001-d327-512b-9646-b28ed19598c0,
urn:uuid:b1b7d401-c557-5bde-ac94-fbbee13e77b9,relation/unit/bab-4-grup-simetris/covers/surface/unit-033/environment/004-proof-01,urn:uuid:e91765dc-cefe-5b2a-a7c3-0abc7e818065,covers,urn:uuid:2e87b3da-b3fd-5443-8446-d5f68cfd21e1,
urn:uuid:d8e4ebc6-9b47-5f2c-900d-0018c38a2bc6,relation/unit/bab-4-grup-simetris/covers/surface/unit-033/environment/005-lemma-01,urn:uuid:e91765dc-cefe-5b2a-a7c3-0abc7e818065,covers,urn:uuid:f4db831a-e9b1-5100-b005-c0a3457d30c4,
urn:uuid:48733fb6-fefe-5ba8-b8c9-970444eec92d,relation/unit/bab-4-grup-simetris/covers/surface/unit-033/environment/006-proof-02,urn:uuid:e91765dc-cefe-5b2a-a7c3-0abc7e818065,covers,urn:uuid:44322fb6-f813-5d1a-9634-97ed3704f091,
urn:uuid:14eec703-3a6a-5c87-983a-7c411f8def14,relation/unit/bab-4-grup-simetris/covers/surface/unit-033/environment/007-lemma-02,urn:uuid:e91765dc-cefe-5b2a-a7c3-0abc7e818065,covers,urn:uuid:815fb1f1-96ce-5fca-9b64-809516f015f9,
urn:uuid:094ef85a-c61d-547c-8c94-9f9365f5aa29,relation/unit/bab-4-grup-simetris/covers/surface/unit-033/environment/008-proof-03,urn:uuid:e91765dc-cefe-5b2a-a7c3-0abc7e818065,covers,urn:uuid:91bd7bd6-9249-5257-88b3-2b8c5e30ae6a,
urn:uuid:c2e8f406-cd0d-5157-adfd-9ee9dc533dd1,relation/unit/bab-4-grup-simetris/covers/surface/unit-033/environment/009-lemma-03,urn:uuid:e91765dc-cefe-5b2a-a7c3-0abc7e818065,covers,urn:uuid:f77de89a-4cbb-5d8f-ac42-ed9a8efb3eee,
urn:uuid:1edf8929-664c-53c0-865b-fd127627dbb6,relation/unit/bab-4-grup-simetris/covers/surface/unit-033/environment/010-proof-04,urn:uuid:e91765dc-cefe-5b2a-a7c3-0abc7e818065,covers,urn:uuid:72e053de-397c-5c02-99bf-9c2a0445e2b1,
urn:uuid:d8076ae9-4a64-5e6a-a977-1b834227dbef,relation/unit/bab-4-grup-simetris/covers/surface/unit-033/environment/011-definition-02,urn:uuid:e91765dc-cefe-5b2a-a7c3-0abc7e818065,covers,urn:uuid:d1d9948d-690d-5bb6-8f24-6f30c9c5d4d0,
urn:uuid:b85cdcb8-d061-59f2-a051-7921ea4b5069,relation/unit/bab-4-grup-simetris/covers/surface/unit-033/environment/012-itemize-01,urn:uuid:e91765dc-cefe-5b2a-a7c3-0abc7e818065,covers,urn:uuid:a6c0b518-9fe5-5f65-b9e1-fa414e320a71,
urn:uuid:44ff9c3b-a691-557b-a618-a6acf8500821,relation/unit/bab-4-grup-simetris/covers/surface/unit-033/environment/013-cases-01,urn:uuid:e91765dc-cefe-5b2a-a7c3-0abc7e818065,covers,urn:uuid:54d691fd-7254-5da6-be4b-60a3a3d2ff73,
urn:uuid:c4b4e4dc-8582-5ce1-9004-50ee21607140,relation/unit/bab-4-grup-simetris/covers/surface/unit-033/environment/014-theorem-01,urn:uuid:e91765dc-cefe-5b2a-a7c3-0abc7e818065,covers,urn:uuid:b559b9b5-8f35-5ce8-9500-db51c2f20feb,
urn:uuid:d8b8859a-76a2-5f3d-ab2b-fd6f37583c57,relation/unit/bab-4-grup-simetris/covers/surface/unit-033/environment/015-proof-05,urn:uuid:e91765dc-cefe-5b2a-a7c3-0abc7e818065,covers,urn:uuid:119e1564-0ef8-5024-8099-101273013a52,
urn:uuid:477b38cd-fed2-51ee-8f66-b0c288c9a718,relation/unit/bab-4-grup-simetris/covers/surface/unit-033/environment/016-equation-01,urn:uuid:e91765dc-cefe-5b2a-a7c3-0abc7e818065,covers,urn:uuid:606f6284-38f9-5d5b-a0fc-4dae138c2139,
urn:uuid:6da35186-77e4-5a2d-a994-ce8846766d9f,relation/unit/bab-4-grup-simetris/covers/surface/unit-033/environment/017-corollary-01,urn:uuid:e91765dc-cefe-5b2a-a7c3-0abc7e818065,covers,urn:uuid:a314cfdd-da2d-5895-af79-a09251be1380,
urn:uuid:2146f6de-dc10-5cec-9616-2c58fd6bf554,relation/unit/bab-4-grup-simetris/covers/surface/unit-033/environment/018-proof-06,urn:uuid:e91765dc-cefe-5b2a-a7c3-0abc7e818065,covers,urn:uuid:7c3eb85d-e267-524c-b47f-f1a39ea94528,
urn:uuid:181449a8-9dbf-581c-871f-ad913295802a,relation/unit/bab-4-grup-simetris/covers/surface/unit-033/environment/019-center-01,urn:uuid:e91765dc-cefe-5b2a-a7c3-0abc7e818065,covers,urn:uuid:b3bdab09-38c5-583b-ac56-c293d972bcb2,
urn:uuid:9d6ed3a0-3b16-5635-9ae1-6c991b030c4b,relation/unit/bab-4-grup-simetris/covers/surface/unit-033/environment/020-tikzpicture-01,urn:uuid:e91765dc-cefe-5b2a-a7c3-0abc7e818065,covers,urn:uuid:19615566-315a-5cd4-9ddd-7d43f3651f5f,
urn:uuid:b51a0bd6-00e2-55e6-a72f-185656d52355,relation/unit/bab-4-grup-simetris/covers/surface/unit-033/environment/021-tikzpicture-02,urn:uuid:e91765dc-cefe-5b2a-a7c3-0abc7e818065,covers,urn:uuid:fb5acb75-fd18-5edb-a72e-22f079b9a9ff,
urn:uuid:7062c19b-db41-547d-ae5f-f453c3ae75b2,relation/unit/bab-4-grup-simetris/covers/surface/unit-033/environment/022-center-02,urn:uuid:e91765dc-cefe-5b2a-a7c3-0abc7e818065,covers,urn:uuid:7040e58c-7381-57bb-bbba-096cf7d1d205,
urn:uuid:fd8ccd5c-2f82-5147-9ea2-94c38f17bef8,relation/unit/bab-4-grup-simetris/covers/surface/unit-033/environment/023-tikzpicture-03,urn:uuid:e91765dc-cefe-5b2a-a7c3-0abc7e818065,covers,urn:uuid:f0a8e723-b610-5c5e-a249-3223462309ef,
urn:uuid:5256f72d-1b44-5e44-bd8d-dc28fd603eb5,relation/unit/bab-4-grup-simetris/covers/surface/unit-033/environment/024-tikzpicture-04,urn:uuid:e91765dc-cefe-5b2a-a7c3-0abc7e818065,covers,urn:uuid:3e40ee48-9af4-596e-9465-5b88b95ff6e8,
urn:uuid:2706083f-7f8a-5824-80ce-9e0eb43b320d,relation/unit/bab-4-grup-simetris/covers/surface/unit-033/environment/025-tikzpicture-05,urn:uuid:e91765dc-cefe-5b2a-a7c3-0abc7e818065,covers,urn:uuid:da70f53f-9bf7-5bb2-afeb-1b3560121181,
urn:uuid:98882865-f15d-51b2-a735-dc58a2a40e85,relation/unit/bab-4-grup-simetris/covers/surface/unit-033/environment/026-tikzpicture-06,urn:uuid:e91765dc-cefe-5b2a-a7c3-0abc7e818065,covers,urn:uuid:55662fe1-35fc-5ea0-a37a-c926b2f33d34,
urn:uuid:56a5a48b-9727-5154-9af6-aecac0b27740,relation/unit/bab-4-grup-simetris/covers/surface/unit-033/environment/027-center-03,urn:uuid:e91765dc-cefe-5b2a-a7c3-0abc7e818065,covers,urn:uuid:7e463914-28ee-5687-859b-8b8cd2d6da99,
urn:uuid:71c5d094-d7d0-5cd6-ae38-34ab08aa182c,relation/unit/bab-4-grup-simetris/covers/surface/unit-033/environment/028-tikzpicture-07,urn:uuid:e91765dc-cefe-5b2a-a7c3-0abc7e818065,covers,urn:uuid:8ee8a445-b1f2-5f1b-9f10-f5ae39cd3b78,
urn:uuid:f0c32a47-f8f3-53f7-9ce2-6c2010c20570,relation/unit/bab-4-grup-simetris/covers/surface/unit-033/environment/029-tikzpicture-08,urn:uuid:e91765dc-cefe-5b2a-a7c3-0abc7e818065,covers,urn:uuid:f0c42b8b-085a-5fde-bba9-ab008f39b985,
urn:uuid:61428f24-e1f0-560c-8743-92087725f872,relation/unit/bab-4-grup-simetris/covers/surface/unit-033/environment/030-tikzpicture-09,urn:uuid:e91765dc-cefe-5b2a-a7c3-0abc7e818065,covers,urn:uuid:dc2721f0-ecf9-562e-8e59-8c0577fadc2b,
urn:uuid:5a07a1ba-b048-5ad8-92b3-997b18a5461b,relation/unit/bab-4-grup-simetris/covers/surface/unit-033/environment/031-inparaenum-01,urn:uuid:e91765dc-cefe-5b2a-a7c3-0abc7e818065,covers,urn:uuid:06001518-245b-5c51-ad60-f0ffe494057b,
urn:uuid:2b1c9e7f-3b71-50c2-b434-238977428397,relation/unit/bab-4-grup-simetris/covers/surface/unit-033/environment/032-equation-02,urn:uuid:e91765dc-cefe-5b2a-a7c3-0abc7e818065,covers,urn:uuid:a8946ee2-f28a-58fe-817f-f21ed94ef86e,
urn:uuid:35f44888-b9a2-577d-b0be-8211ca424608,relation/unit/bab-4-grup-simetris/covers/surface/unit-033/environment/033-array-01,urn:uuid:e91765dc-cefe-5b2a-a7c3-0abc7e818065,covers,urn:uuid:f343bd70-ffc3-572f-b8f9-91c97e186207,
urn:uuid:7cc5dd9a-ea91-5238-b06c-910a7cc3bcc6,relation/unit/bab-4-grup-simetris/covers/surface/unit-033/environment/034-center-04,urn:uuid:e91765dc-cefe-5b2a-a7c3-0abc7e818065,covers,urn:uuid:72230cb3-5a56-5270-9901-0bd6f2f59062,
urn:uuid:d72e7501-b926-59a7-aba2-b4c2ec92e83d,relation/unit/bab-4-grup-simetris/covers/surface/unit-033/environment/035-tikzpicture-10,urn:uuid:e91765dc-cefe-5b2a-a7c3-0abc7e818065,covers,urn:uuid:5cadb173-b7ee-52fb-aa80-4e6b67ef9076,
urn:uuid:e16ce671-3883-5d65-9a26-0a0e82990d95,relation/unit/bab-4-grup-simetris/covers/surface/unit-033/environment/036-tikzcd-01,urn:uuid:e91765dc-cefe-5b2a-a7c3-0abc7e818065,covers,urn:uuid:fc0f1d05-380f-59fe-9740-469c93bfb974,
urn:uuid:b87e7a56-da2e-5627-95e9-0173271df40b,relation/unit/bab-4-grup-simetris/covers/surface/unit-033/environment/037-gather-02,urn:uuid:e91765dc-cefe-5b2a-a7c3-0abc7e818065,covers,urn:uuid:a1fba847-8a16-5d54-84d1-7b13b86693f4,
urn:uuid:1313197f-e970-585e-a3bc-8ac180f6340a,relation/unit/bab-4-grup-simetris/covers/surface/unit-033/environment/038-equation-03,urn:uuid:e91765dc-cefe-5b2a-a7c3-0abc7e818065,covers,urn:uuid:4a9fdc63-e451-5672-8c17-430f7dd7a515,
urn:uuid:1ceb6005-dada-5b62-a443-459f5f790e38,relation/unit/bab-4-grup-simetris/covers/surface/unit-033/environment/039-gathered-01,urn:uuid:e91765dc-cefe-5b2a-a7c3-0abc7e818065,covers,urn:uuid:2ab121e2-f164-5bf2-9efe-012bc84b2f01,
urn:uuid:66183671-5c63-592d-bd7e-3b77d2230f30,relation/unit/bab-4-grup-simetris/covers/surface/unit-033/environment/040-tikzpicture-11,urn:uuid:e91765dc-cefe-5b2a-a7c3-0abc7e818065,covers,urn:uuid:19afb8be-ba15-5b0c-917b-906157bfbbb5,
urn:uuid:f2567f69-c81f-5d31-8c68-3b29481729c0,relation/unit/bab-4-grup-simetris/covers/surface/unit-033/environment/041-theorem-02,urn:uuid:e91765dc-cefe-5b2a-a7c3-0abc7e818065,covers,urn:uuid:2aaaadf6-b594-516d-b71d-9d116cba62c0,
urn:uuid:a2298b24-dbf9-5f99-b113-fdce56495daa,relation/unit/bab-4-grup-simetris/covers/surface/unit-033/environment/042-proof-07,urn:uuid:e91765dc-cefe-5b2a-a7c3-0abc7e818065,covers,urn:uuid:fc599ea5-48ca-55bd-a31b-afc3afb48891,
urn:uuid:8119aa4c-0fcb-5603-946f-ace4e8fb95e1,relation/unit/bab-4-grup-simetris/covers/surface/unit-033/environment/043-compactitem-01,urn:uuid:e91765dc-cefe-5b2a-a7c3-0abc7e818065,covers,urn:uuid:66e11181-f736-516d-beb2-93b28877303e,
urn:uuid:668c4b2b-1454-5b85-a770-170887da6c9f,relation/unit/bab-4-grup-simetris/covers/surface/unit-033/item/001,urn:uuid:e91765dc-cefe-5b2a-a7c3-0abc7e818065,covers,urn:uuid:5692ced1-634f-5216-bbe4-9a2599b20347,
urn:uuid:ef4c4c14-c14c-5625-9aaf-aa126cd72dde,relation/unit/bab-4-grup-simetris/covers/surface/unit-033/item/002,urn:uuid:e91765dc-cefe-5b2a-a7c3-0abc7e818065,covers,urn:uuid:54995cb7-cc00-527d-bc72-231fc94b9cdd,
urn:uuid:312282b8-1e32-59cb-9ed0-2b6d4ff1d6ca,relation/unit/bab-4-grup-simetris/covers/surface/unit-033/item/003,urn:uuid:e91765dc-cefe-5b2a-a7c3-0abc7e818065,covers,urn:uuid:7954ce9f-accf-56c1-99f0-ab181441edb7,
urn:uuid:1390036e-0f59-568f-9a1f-56724efe38ea,relation/unit/bab-4-grup-simetris/covers/surface/unit-033/item/004,urn:uuid:e91765dc-cefe-5b2a-a7c3-0abc7e818065,covers,urn:uuid:85e939a6-485a-5eba-bd5f-bcb3f84a1561,
urn:uuid:efeb7082-a566-593e-b72a-7ae99e482ef4,relation/unit/bab-4-grup-simetris/covers/surface/unit-033/item/005,urn:uuid:e91765dc-cefe-5b2a-a7c3-0abc7e818065,covers,urn:uuid:6b2b975e-5bd6-5e27-8868-dea080aeedfe,
urn:uuid:9c930da8-befc-5913-a84d-c78ece665728,relation/unit/bab-4-grup-simetris/covers/surface/unit-033/item/006,urn:uuid:e91765dc-cefe-5b2a-a7c3-0abc7e818065,covers,urn:uuid:47b5bc97-fc81-5378-a8a7-5f6d3ba0253a,
urn:uuid:0ece5ed3-84b6-5154-81ae-655be0ce701c,relation/unit/bab-4-grup-simetris/covers/surface/unit-033/item/007,urn:uuid:e91765dc-cefe-5b2a-a7c3-0abc7e818065,covers,urn:uuid:6187b500-24f8-541f-bfc4-eb789237523e,
urn:uuid:9aac9e27-6f06-5942-b7fd-075484cce722,relation/unit/bab-4-grup-simetris/covers/surface/unit-033/item/008,urn:uuid:e91765dc-cefe-5b2a-a7c3-0abc7e818065,covers,urn:uuid:a2048c38-dd24-55e1-aa55-4de8f517b0f6,
urn:uuid:9d6f9637-7486-5a5f-869c-479ba664d6b3,relation/unit/bab-4-grup-simetris/covers/surface/unit-033/item/009,urn:uuid:e91765dc-cefe-5b2a-a7c3-0abc7e818065,covers,urn:uuid:7c678185-5bfa-5bdf-9c6e-3f7815d229be,
urn:uuid:c15a7afc-0e49-5e56-8724-9e4859597c1f,relation/unit/bab-4-grup-simetris/covers/surface/unit-033/item/010,urn:uuid:e91765dc-cefe-5b2a-a7c3-0abc7e818065,covers,urn:uuid:21e8a733-ef11-5864-8279-d39d85ea36ac,
urn:uuid:eb64881e-a2fd-5196-bcbd-2218bac5a31a,relation/unit/bab-4-grup-simetris/covers/surface/unit-033/label/001,urn:uuid:e91765dc-cefe-5b2a-a7c3-0abc7e818065,covers,urn:uuid:c052d09f-625e-56c1-842b-01404a49c56c,
urn:uuid:8fd79456-e352-54b2-8140-333e36237156,relation/unit/bab-4-grup-simetris/covers/surface/unit-033/label/002,urn:uuid:e91765dc-cefe-5b2a-a7c3-0abc7e818065,covers,urn:uuid:ad542ae5-c76d-5ccf-8009-49e62c1778e8,
urn:uuid:bbe8d93e-b510-5a04-a97f-03fad06a9847,relation/unit/bab-4-grup-simetris/covers/surface/unit-033/label/003,urn:uuid:e91765dc-cefe-5b2a-a7c3-0abc7e818065,covers,urn:uuid:4893318c-e9c0-525c-a8b8-a32ca3091d01,
urn:uuid:0c62286c-2b00-549c-92ba-df356e9a7129,relation/unit/bab-4-grup-simetris/covers/surface/unit-033/label/004,urn:uuid:e91765dc-cefe-5b2a-a7c3-0abc7e818065,covers,urn:uuid:24b922b1-0ba5-5811-8262-9de00bd6fd4b,
urn:uuid:6e93dbb2-930b-59a8-981b-18be818b5497,relation/unit/bab-4-grup-simetris/covers/surface/unit-033/label/005,urn:uuid:e91765dc-cefe-5b2a-a7c3-0abc7e818065,covers,urn:uuid:b72bf666-9fba-5e77-97ac-3fac2e8d1c4b,
urn:uuid:ba8ae4f7-2d6e-58e2-8492-c2fc41d4bb4c,relation/unit/bab-4-grup-simetris/covers/surface/unit-033/label/006,urn:uuid:e91765dc-cefe-5b2a-a7c3-0abc7e818065,covers,urn:uuid:d57445b4-2a19-5b70-bd4b-c2d4421572d0,
urn:uuid:dd4ff9e1-2229-565b-9998-f57ad7e3321f,relation/unit/bab-4-grup-simetris/covers/surface/unit-033/label/007,urn:uuid:e91765dc-cefe-5b2a-a7c3-0abc7e818065,covers,urn:uuid:7722d90f-e35e-5c0a-a28d-a37af75b073c,
urn:uuid:d1da51f9-e7ab-5c9b-a205-4cdeddec0c6c,relation/unit/bab-4-grup-simetris/covers/surface/unit-033/label/008,urn:uuid:e91765dc-cefe-5b2a-a7c3-0abc7e818065,covers,urn:uuid:344ee663-da57-5ab7-87fe-56e64affedb6,
urn:uuid:159cafb4-a449-5843-975e-2570e0306045,relation/unit/bab-4-grup-simetris/covers/surface/unit-033/label/009,urn:uuid:e91765dc-cefe-5b2a-a7c3-0abc7e818065,covers,urn:uuid:9b63029d-71f4-57bf-a052-df4fa140a221,
urn:uuid:b1b20d4c-6b94-5243-ba1b-5b54da857cd3,relation/unit/bab-4-grup-simetris/covers/surface/unit-033/label/010,urn:uuid:e91765dc-cefe-5b2a-a7c3-0abc7e818065,covers,urn:uuid:85cfd82e-51da-532f-b90c-bdb52fa2af21,
urn:uuid:b3570f7c-e1af-5e25-a4e5-b967c09422e6,relation/unit/bab-4-grup-simetris/covers/surface/unit-033/protected-math-zone/001-inline,urn:uuid:e91765dc-cefe-5b2a-a7c3-0abc7e818065,covers,urn:uuid:a75e14b3-fce8-5b85-96f6-1b899d589b1f,
urn:uuid:b7f34a5b-c315-5573-bf4b-8bcd40503d17,relation/unit/bab-4-grup-simetris/covers/surface/unit-033/protected-math-zone/002-inline,urn:uuid:e91765dc-cefe-5b2a-a7c3-0abc7e818065,covers,urn:uuid:3eb1bdc9-2efa-5b4b-ba02-541b11f08261,
urn:uuid:1bbf65db-76a6-5062-95f2-76f9aca499c5,relation/unit/bab-4-grup-simetris/covers/surface/unit-033/protected-math-zone/003-inline,urn:uuid:e91765dc-cefe-5b2a-a7c3-0abc7e818065,covers,urn:uuid:ae3843c3-425e-59b4-8597-d87c1269cdbb,
urn:uuid:0d599379-0e7a-5c98-acbd-3afb603d8d8c,relation/unit/bab-4-grup-simetris/covers/surface/unit-033/protected-math-zone/004-inline,urn:uuid:e91765dc-cefe-5b2a-a7c3-0abc7e818065,covers,urn:uuid:0f3cb956-e132-521a-abd5-312fe9e1f0d6,
urn:uuid:e1025f60-6017-58bc-9eea-8703c05b407a,relation/unit/bab-4-grup-simetris/covers/surface/unit-033/protected-math-zone/005-inline,urn:uuid:e91765dc-cefe-5b2a-a7c3-0abc7e818065,covers,urn:uuid:1262cf41-d062-5398-80ca-f638b0bd7508,
urn:uuid:ce7485c0-476d-5552-9abe-1e1b10a6d7a4,relation/unit/bab-4-grup-simetris/covers/surface/unit-033/protected-math-zone/006-inline,urn:uuid:e91765dc-cefe-5b2a-a7c3-0abc7e818065,covers,urn:uuid:3a062106-3d05-51ed-9b29-5b3a5998f24a,
urn:uuid:ec5b9a7b-8569-5ac0-99b5-0fef8083c9e7,relation/unit/bab-4-grup-simetris/covers/surface/unit-033/protected-math-zone/007-inline,urn:uuid:e91765dc-cefe-5b2a-a7c3-0abc7e818065,covers,urn:uuid:2a281c6f-f935-5795-aab4-02e7fa6665f5,
urn:uuid:5ba68f3f-15bc-5a86-887a-0db852ace997,relation/unit/bab-4-grup-simetris/covers/surface/unit-033/protected-math-zone/008-inline,urn:uuid:e91765dc-cefe-5b2a-a7c3-0abc7e818065,covers,urn:uuid:09c18989-cbbf-545a-ac79-36689aaf614c,
urn:uuid:afa56e3e-50f2-5e42-aad3-9c69b0601f80,relation/unit/bab-4-grup-simetris/covers/surface/unit-033/protected-math-zone/009-inline,urn:uuid:e91765dc-cefe-5b2a-a7c3-0abc7e818065,covers,urn:uuid:961f033a-8bab-5266-8dff-e2ce6feaa11f,
urn:uuid:4a9e8239-7f4b-5f01-aec5-dfd899ccfdfd,relation/unit/bab-4-grup-simetris/covers/surface/unit-033/protected-math-zone/010-inline,urn:uuid:e91765dc-cefe-5b2a-a7c3-0abc7e818065,covers,urn:uuid:8e04bc7e-6c08-5a6f-ab05-23a8fe14409a,
urn:uuid:0510a672-019f-5235-a954-fa1042e07d7d,relation/unit/bab-4-grup-simetris/covers/surface/unit-033/protected-math-zone/011-inline,urn:uuid:e91765dc-cefe-5b2a-a7c3-0abc7e818065,covers,urn:uuid:0407e4d3-3483-598d-8072-9b919e64663e,
urn:uuid:ceb3f12e-57fb-535b-ae50-40012d4c8c71,relation/unit/bab-4-grup-simetris/covers/surface/unit-033/protected-math-zone/012-inline,urn:uuid:e91765dc-cefe-5b2a-a7c3-0abc7e818065,covers,urn:uuid:0533fcfd-3136-5e7f-b6de-823eee6a5eb6,
urn:uuid:97139ebc-050f-5c21-a65c-aef3dedd43ee,relation/unit/bab-4-grup-simetris/covers/surface/unit-033/protected-math-zone/013-inline,urn:uuid:e91765dc-cefe-5b2a-a7c3-0abc7e818065,covers,urn:uuid:a3af72e4-0c97-54c9-a8b7-bfaa828558de,
urn:uuid:551c957a-74bf-5a7f-a2c8-44aaa9dd020a,relation/unit/bab-4-grup-simetris/covers/surface/unit-033/protected-math-zone/014-inline,urn:uuid:e91765dc-cefe-5b2a-a7c3-0abc7e818065,covers,urn:uuid:c8938f98-3d5c-5978-abb1-06d8113974e7,
urn:uuid:c30f2b3d-bce3-5469-9183-3717788c06c8,relation/unit/bab-4-grup-simetris/covers/surface/unit-033/protected-math-zone/015-inline,urn:uuid:e91765dc-cefe-5b2a-a7c3-0abc7e818065,covers,urn:uuid:aa55089f-bb53-5b33-b80b-d7608570f40a,
urn:uuid:57099c22-0578-55db-90e2-d18698a3624f,relation/unit/bab-4-grup-simetris/covers/surface/unit-033/protected-math-zone/016-inline,urn:uuid:e91765dc-cefe-5b2a-a7c3-0abc7e818065,covers,urn:uuid:8f732372-a776-57c6-b00f-d0b41a9dd454,
urn:uuid:4a9873fa-ec35-5209-97a2-2886b9a22c30,relation/unit/bab-4-grup-simetris/covers/surface/unit-033/protected-math-zone/017-inline,urn:uuid:e91765dc-cefe-5b2a-a7c3-0abc7e818065,covers,urn:uuid:95584833-f24a-50b3-9484-caa50f2662b2,
urn:uuid:1d374796-ed7b-5793-a2c7-be187e8a24d3,relation/unit/bab-4-grup-simetris/covers/surface/unit-033/protected-math-zone/018-inline,urn:uuid:e91765dc-cefe-5b2a-a7c3-0abc7e818065,covers,urn:uuid:8cee56a2-5be0-5317-96ce-adff92f3fbe0,
urn:uuid:10f267e7-dc08-5bea-b21e-3205bda856d7,relation/unit/bab-4-grup-simetris/covers/surface/unit-033/protected-math-zone/019-inline,urn:uuid:e91765dc-cefe-5b2a-a7c3-0abc7e818065,covers,urn:uuid:3f921934-68ff-5a18-8096-decd7ad92372,
urn:uuid:649966b2-dd8a-5f43-b248-e8d5bb8e970c,relation/unit/bab-4-grup-simetris/covers/surface/unit-033/protected-math-zone/020-inline,urn:uuid:e91765dc-cefe-5b2a-a7c3-0abc7e818065,covers,urn:uuid:5eb48557-33b0-58e0-a6ba-bf655d1b1ef8,
urn:uuid:ee33e0fb-e477-54fa-9577-f5f929fddbfc,relation/unit/bab-4-grup-simetris/covers/surface/unit-033/protected-math-zone/021-inline,urn:uuid:e91765dc-cefe-5b2a-a7c3-0abc7e818065,covers,urn:uuid:8a17ca71-cd0e-5228-988f-94de87a897b3,
urn:uuid:429a18c7-eb78-59db-b3a3-bc12cc74915e,relation/unit/bab-4-grup-simetris/covers/surface/unit-033/protected-math-zone/022-inline,urn:uuid:e91765dc-cefe-5b2a-a7c3-0abc7e818065,covers,urn:uuid:9c3f40e6-c71b-5dbf-b816-cac81e96eb56,
urn:uuid:149504a2-fde8-5f57-8cc5-c25575850edc,relation/unit/bab-4-grup-simetris/covers/surface/unit-033/protected-math-zone/023-inline,urn:uuid:e91765dc-cefe-5b2a-a7c3-0abc7e818065,covers,urn:uuid:296d5c0a-383d-5027-91a5-f71e34ad48fa,
urn:uuid:fb5ca90c-e3e7-536d-8461-488329e32283,relation/unit/bab-4-grup-simetris/covers/surface/unit-033/protected-math-zone/024-display-environment,urn:uuid:e91765dc-cefe-5b2a-a7c3-0abc7e818065,covers,urn:uuid:7f2a757b-3155-541a-a2ad-2e3dcbf0f58d,
urn:uuid:412a0947-f6a1-50b0-a518-29654072a159,relation/unit/bab-4-grup-simetris/covers/surface/unit-033/protected-math-zone/025-inline,urn:uuid:e91765dc-cefe-5b2a-a7c3-0abc7e818065,covers,urn:uuid:3620a780-acb2-5266-8785-63a4709404c1,
urn:uuid:7d9a94bb-5e90-59c9-982d-c5223f15e6a0,relation/unit/bab-4-grup-simetris/covers/surface/unit-033/protected-math-zone/026-inline,urn:uuid:e91765dc-cefe-5b2a-a7c3-0abc7e818065,covers,urn:uuid:62638add-b971-51fa-8e7f-324f207df87c,
urn:uuid:e33ed68d-10bc-55ba-a854-4bf37ddae204,relation/unit/bab-4-grup-simetris/covers/surface/unit-033/protected-math-zone/027-inline,urn:uuid:e91765dc-cefe-5b2a-a7c3-0abc7e818065,covers,urn:uuid:a3101ed6-8b32-549f-85e7-8b8c46110483,
urn:uuid:f2d493e3-ed26-5cc1-ac95-e619a1e96895,relation/unit/bab-4-grup-simetris/covers/surface/unit-033/protected-math-zone/028-inline,urn:uuid:e91765dc-cefe-5b2a-a7c3-0abc7e818065,covers,urn:uuid:78a3e996-eacf-5771-b177-cd6add9d3b38,
urn:uuid:83addfc7-1645-5166-8abd-cac59cd1eec3,relation/unit/bab-4-grup-simetris/covers/surface/unit-033/protected-math-zone/029-inline,urn:uuid:e91765dc-cefe-5b2a-a7c3-0abc7e818065,covers,urn:uuid:8c17e30f-65b6-5bbb-aa54-20e5f594e8b2,
urn:uuid:4b8e960d-8ad7-521f-b945-d7b3c9e51911,relation/unit/bab-4-grup-simetris/covers/surface/unit-033/protected-math-zone/030-inline,urn:uuid:e91765dc-cefe-5b2a-a7c3-0abc7e818065,covers,urn:uuid:978034b7-2630-5e0e-8444-6c2e1e137328,
urn:uuid:bd6c993c-4bc1-5c9d-8f85-28e085200a85,relation/unit/bab-4-grup-simetris/covers/surface/unit-033/protected-math-zone/031-inline,urn:uuid:e91765dc-cefe-5b2a-a7c3-0abc7e818065,covers,urn:uuid:b9068086-6855-5062-825e-ad86088c6f32,
urn:uuid:5ae2d667-7e5a-571c-b29f-7ca1736f979b,relation/unit/bab-4-grup-simetris/covers/surface/unit-033/protected-math-zone/032-inline,urn:uuid:e91765dc-cefe-5b2a-a7c3-0abc7e818065,covers,urn:uuid:01a2c18d-6f39-536c-bc4d-0282407cded2,
urn:uuid:46890b76-2443-55f5-a27d-e90f302ccca4,relation/unit/bab-4-grup-simetris/covers/surface/unit-033/protected-math-zone/033-inline,urn:uuid:e91765dc-cefe-5b2a-a7c3-0abc7e818065,covers,urn:uuid:5bf4660d-136d-510c-8b2c-e8e58a26fab2,
urn:uuid:e4dc5583-1186-5c6c-b015-64168d436bb7,relation/unit/bab-4-grup-simetris/covers/surface/unit-033/protected-math-zone/034-inline,urn:uuid:e91765dc-cefe-5b2a-a7c3-0abc7e818065,covers,urn:uuid:35a293e2-cd7b-566e-ae71-4cf96789a921,
urn:uuid:9d0e67d2-dba3-5c9e-9d3f-8160e24d927a,relation/unit/bab-4-grup-simetris/covers/surface/unit-033/protected-math-zone/035-inline,urn:uuid:e91765dc-cefe-5b2a-a7c3-0abc7e818065,covers,urn:uuid:e274df44-e78c-532f-96d7-7ae5672f1c62,
urn:uuid:f4afd8bf-6f5a-5240-b7c9-8f9fbda061dd,relation/unit/bab-4-grup-simetris/covers/surface/unit-033/protected-math-zone/036-inline,urn:uuid:e91765dc-cefe-5b2a-a7c3-0abc7e818065,covers,urn:uuid:ef48e283-7cb5-5ee9-a9ba-7546986853a5,
urn:uuid:04e7e32b-40c3-5ace-8c51-ed11dac957c4,relation/unit/bab-4-grup-simetris/covers/surface/unit-033/protected-math-zone/037-display-bracket,urn:uuid:e91765dc-cefe-5b2a-a7c3-0abc7e818065,covers,urn:uuid:6f43b8fb-66aa-517c-8abd-d9a79a95332e,
urn:uuid:9700af22-9bd6-523c-af5e-db92544c1202,relation/unit/bab-4-grup-simetris/covers/surface/unit-033/protected-math-zone/038-inline,urn:uuid:e91765dc-cefe-5b2a-a7c3-0abc7e818065,covers,urn:uuid:21741491-16e9-528a-8aa8-97500fc2ee06,
urn:uuid:f56ed0ca-5419-583d-a17d-4e883fd55408,relation/unit/bab-4-grup-simetris/covers/surface/unit-033/protected-math-zone/039-inline,urn:uuid:e91765dc-cefe-5b2a-a7c3-0abc7e818065,covers,urn:uuid:d29b0943-2a0a-58b9-8893-541260d0245e,
urn:uuid:0af1292b-8583-5305-a208-ac27b6c178c2,relation/unit/bab-4-grup-simetris/covers/surface/unit-033/protected-math-zone/040-inline,urn:uuid:e91765dc-cefe-5b2a-a7c3-0abc7e818065,covers,urn:uuid:11d3efa5-2051-593a-9665-205ddf373626,
urn:uuid:5f2eaf04-3fae-54a0-a1c6-ee730cddd52a,relation/unit/bab-4-grup-simetris/covers/surface/unit-033/protected-math-zone/041-inline,urn:uuid:e91765dc-cefe-5b2a-a7c3-0abc7e818065,covers,urn:uuid:a6612e04-4d73-58f2-9255-a24adc627f2d,
urn:uuid:2362e10a-9852-5419-b97c-24000dc36afa,relation/unit/bab-4-grup-simetris/covers/surface/unit-033/protected-math-zone/042-inline,urn:uuid:e91765dc-cefe-5b2a-a7c3-0abc7e818065,covers,urn:uuid:2420a524-58e6-515f-89b0-5748e9f51d8c,
urn:uuid:07f89be4-d0ae-57a7-adf7-8d7364045673,relation/unit/bab-4-grup-simetris/covers/surface/unit-033/protected-math-zone/043-inline,urn:uuid:e91765dc-cefe-5b2a-a7c3-0abc7e818065,covers,urn:uuid:5195fbbe-fda9-5704-b35f-8c0ce8587247,
urn:uuid:5625e2d0-3989-560d-8dbe-c2bccf5b0e25,relation/unit/bab-4-grup-simetris/covers/surface/unit-033/protected-math-zone/044-inline,urn:uuid:e91765dc-cefe-5b2a-a7c3-0abc7e818065,covers,urn:uuid:1632c8eb-00b3-5d13-877b-ac72a44af482,
urn:uuid:2bfa914d-c775-58dc-8542-9d1c01dd056e,relation/unit/bab-4-grup-simetris/covers/surface/unit-033/protected-math-zone/045-inline,urn:uuid:e91765dc-cefe-5b2a-a7c3-0abc7e818065,covers,urn:uuid:494925bc-b38d-5895-ad66-c950d17bd469,
urn:uuid:fbc5b0f3-e4d6-5b09-b240-7a6b810c1c6b,relation/unit/bab-4-grup-simetris/covers/surface/unit-033/protected-math-zone/046-inline,urn:uuid:e91765dc-cefe-5b2a-a7c3-0abc7e818065,covers,urn:uuid:ed574161-5ad3-5cdc-878c-2588b90a0658,
urn:uuid:38fb9d3a-c4a4-5840-a456-8d758f1a0065,relation/unit/bab-4-grup-simetris/covers/surface/unit-033/protected-math-zone/047-inline,urn:uuid:e91765dc-cefe-5b2a-a7c3-0abc7e818065,covers,urn:uuid:30bd2ecb-6f0d-57be-a322-164fcfc164f6,
urn:uuid:627700d8-58c0-56a1-bd87-8eed26be1832,relation/unit/bab-4-grup-simetris/covers/surface/unit-033/protected-math-zone/048-inline,urn:uuid:e91765dc-cefe-5b2a-a7c3-0abc7e818065,covers,urn:uuid:e9e85543-2a0d-57e9-abfb-33976af657f3,
urn:uuid:2bf8c48d-1437-5e26-a643-19bea9d8612c,relation/unit/bab-4-grup-simetris/covers/surface/unit-033/protected-math-zone/049-inline,urn:uuid:e91765dc-cefe-5b2a-a7c3-0abc7e818065,covers,urn:uuid:f7270bec-2fde-5a49-a3b3-aca4cf446217,
urn:uuid:4ab6c222-8760-5da7-91c2-5d58aa9ceb7c,relation/unit/bab-4-grup-simetris/covers/surface/unit-033/protected-math-zone/050-inline,urn:uuid:e91765dc-cefe-5b2a-a7c3-0abc7e818065,covers,urn:uuid:ef8fca43-7779-55ae-b0ef-f872681ddefd,
urn:uuid:a42eb2b1-3dff-5cb6-be84-a04d02d9a1da,relation/unit/bab-4-grup-simetris/covers/surface/unit-033/protected-math-zone/051-inline,urn:uuid:e91765dc-cefe-5b2a-a7c3-0abc7e818065,covers,urn:uuid:459dd2f8-03f2-5e34-b803-ba1a1920f021,
urn:uuid:3aed6a6c-7690-5831-99cd-3fddee268fae,relation/unit/bab-4-grup-simetris/covers/surface/unit-033/protected-math-zone/052-inline,urn:uuid:e91765dc-cefe-5b2a-a7c3-0abc7e818065,covers,urn:uuid:567731a2-80b2-5124-ab44-4c566ebfc456,
urn:uuid:a093e810-1286-5c82-b11d-e1eb5e35e0b2,relation/unit/bab-4-grup-simetris/covers/surface/unit-033/protected-math-zone/053-inline,urn:uuid:e91765dc-cefe-5b2a-a7c3-0abc7e818065,covers,urn:uuid:0bfa5079-5660-5d25-945e-452bdd20fe21,
urn:uuid:2beb25ec-5bdb-5412-bf67-71357e9aa3fd,relation/unit/bab-4-grup-simetris/covers/surface/unit-033/protected-math-zone/054-display-bracket,urn:uuid:e91765dc-cefe-5b2a-a7c3-0abc7e818065,covers,urn:uuid:d485edc1-e024-557a-b9b7-632e7fa92112,
urn:uuid:de262315-cdd5-592a-981c-70b3a9a773cb,relation/unit/bab-4-grup-simetris/covers/surface/unit-033/protected-math-zone/055-inline,urn:uuid:e91765dc-cefe-5b2a-a7c3-0abc7e818065,covers,urn:uuid:5cb77a59-a41c-5530-b5ba-b3c42a1f449a,
urn:uuid:b37f7568-28f7-5604-9d38-81d6f5f59146,relation/unit/bab-4-grup-simetris/covers/surface/unit-033/protected-math-zone/056-inline,urn:uuid:e91765dc-cefe-5b2a-a7c3-0abc7e818065,covers,urn:uuid:c5b10656-50cd-5488-bbc1-1d74c9a90dff,
urn:uuid:109f1c30-c2b3-5ff3-98d7-871ba688785a,relation/unit/bab-4-grup-simetris/covers/surface/unit-033/protected-math-zone/057-inline,urn:uuid:e91765dc-cefe-5b2a-a7c3-0abc7e818065,covers,urn:uuid:c94f91ef-c269-54f1-8c2f-a6b427c8a52a,
urn:uuid:136d34b4-17ba-5417-a8db-0712887349da,relation/unit/bab-4-grup-simetris/covers/surface/unit-033/protected-math-zone/058-inline,urn:uuid:e91765dc-cefe-5b2a-a7c3-0abc7e818065,covers,urn:uuid:7b9a5d58-4d97-5022-a3e0-72603f12dd5e,
urn:uuid:26028daf-bb13-51b9-ae4c-002bb852c02d,relation/unit/bab-4-grup-simetris/covers/surface/unit-033/protected-math-zone/059-inline,urn:uuid:e91765dc-cefe-5b2a-a7c3-0abc7e818065,covers,urn:uuid:3f6092d0-3cb9-5111-852f-474b1b6a9d87,
urn:uuid:760acb94-cd82-5e90-8981-7b9d7f9dd373,relation/unit/bab-4-grup-simetris/covers/surface/unit-033/protected-math-zone/060-inline,urn:uuid:e91765dc-cefe-5b2a-a7c3-0abc7e818065,covers,urn:uuid:a2e9282b-8f46-52a8-8459-6df0ac7dbf4d,
urn:uuid:b895c1c9-0c76-594e-a155-6aff17293eda,relation/unit/bab-4-grup-simetris/covers/surface/unit-033/protected-math-zone/061-inline,urn:uuid:e91765dc-cefe-5b2a-a7c3-0abc7e818065,covers,urn:uuid:c5a32510-e906-50b7-a925-3c8a6cb4ee5c,
urn:uuid:6403c357-bf1d-5622-a964-9669a04fddcc,relation/unit/bab-4-grup-simetris/covers/surface/unit-033/protected-math-zone/062-inline,urn:uuid:e91765dc-cefe-5b2a-a7c3-0abc7e818065,covers,urn:uuid:ee886b5a-2b26-5775-8710-22d49fd3d461,
urn:uuid:87364a0c-7df1-5611-9f02-fd59f37ea10c,relation/unit/bab-4-grup-simetris/covers/surface/unit-033/protected-math-zone/063-inline,urn:uuid:e91765dc-cefe-5b2a-a7c3-0abc7e818065,covers,urn:uuid:8d45572e-028e-59c5-b369-48fd92473f0b,
urn:uuid:e062b6ce-99ec-5c11-9966-60fa75d7f6f7,relation/unit/bab-4-grup-simetris/covers/surface/unit-033/protected-math-zone/064-inline,urn:uuid:e91765dc-cefe-5b2a-a7c3-0abc7e818065,covers,urn:uuid:4c274cce-e414-5723-84bb-0d91fbc0d638,
urn:uuid:54cb8eb5-2de6-5727-a62b-fa7a1c69d595,relation/unit/bab-4-grup-simetris/covers/surface/unit-033/protected-math-zone/065-inline,urn:uuid:e91765dc-cefe-5b2a-a7c3-0abc7e818065,covers,urn:uuid:4cfe7b2b-6601-51d8-9a08-f475e6879abe,
urn:uuid:9342b73e-d0a9-5dab-88e3-59b86e282fdc,relation/unit/bab-4-grup-simetris/covers/surface/unit-033/protected-math-zone/066-inline,urn:uuid:e91765dc-cefe-5b2a-a7c3-0abc7e818065,covers,urn:uuid:2092fc39-88c2-508d-8ceb-38f3f359c996,
urn:uuid:328fde7b-f543-540f-bae7-9be58c8b06db,relation/unit/bab-4-grup-simetris/covers/surface/unit-033/protected-math-zone/067-inline,urn:uuid:e91765dc-cefe-5b2a-a7c3-0abc7e818065,covers,urn:uuid:fe9b3cb7-3bf3-52f5-b6ad-05a22a1b0b32,
urn:uuid:be94f3e1-4f17-5d68-ab61-d963ff758402,relation/unit/bab-4-grup-simetris/covers/surface/unit-033/protected-math-zone/068-inline,urn:uuid:e91765dc-cefe-5b2a-a7c3-0abc7e818065,covers,urn:uuid:868e85e4-21a3-5700-a13c-60327c970953,
urn:uuid:a38a83fd-00ef-5873-98f2-c2fcf7103fd7,relation/unit/bab-4-grup-simetris/covers/surface/unit-033/protected-math-zone/069-inline,urn:uuid:e91765dc-cefe-5b2a-a7c3-0abc7e818065,covers,urn:uuid:85114c83-facb-5f0d-bae6-fcedcd6e14e1,
urn:uuid:3fade706-683a-55fa-a582-76bd30d31d30,relation/unit/bab-4-grup-simetris/covers/surface/unit-033/protected-math-zone/070-inline,urn:uuid:e91765dc-cefe-5b2a-a7c3-0abc7e818065,covers,urn:uuid:513c4762-5260-5be0-b78c-32e4cb8a64ea,
urn:uuid:4de3476e-aecd-57af-8b5d-8d38f33e5116,relation/unit/bab-4-grup-simetris/covers/surface/unit-033/protected-math-zone/071-inline,urn:uuid:e91765dc-cefe-5b2a-a7c3-0abc7e818065,covers,urn:uuid:a2bc3512-f647-58ab-b2ca-7bd3faea9fbd,
urn:uuid:7a6ae9bc-e97e-579e-a577-8c1bda2d0d5b,relation/unit/bab-4-grup-simetris/covers/surface/unit-033/protected-math-zone/072-inline,urn:uuid:e91765dc-cefe-5b2a-a7c3-0abc7e818065,covers,urn:uuid:d1da5d22-2e8a-54ee-b304-7cca0e0a6c47,
urn:uuid:6fc0fac6-8732-5e13-a534-5352191650a5,relation/unit/bab-4-grup-simetris/covers/surface/unit-033/protected-math-zone/073-inline,urn:uuid:e91765dc-cefe-5b2a-a7c3-0abc7e818065,covers,urn:uuid:4da20d63-891f-5967-b492-b1f61a4d089d,
urn:uuid:664a0ff4-ef89-5e8a-95b7-cf77130d9030,relation/unit/bab-4-grup-simetris/covers/surface/unit-033/protected-math-zone/074-inline,urn:uuid:e91765dc-cefe-5b2a-a7c3-0abc7e818065,covers,urn:uuid:f071837c-ce33-5c18-8489-03ffad6c7423,
urn:uuid:b23ec4b8-e395-5d8c-b5b9-14b5c66ee439,relation/unit/bab-4-grup-simetris/covers/surface/unit-033/protected-math-zone/075-inline,urn:uuid:e91765dc-cefe-5b2a-a7c3-0abc7e818065,covers,urn:uuid:80be839b-fdfd-5ec8-8161-5fcae2ad8557,
urn:uuid:0e2d9d35-a9b3-5b46-8fff-1f742d088a0e,relation/unit/bab-4-grup-simetris/covers/surface/unit-033/protected-math-zone/076-inline,urn:uuid:e91765dc-cefe-5b2a-a7c3-0abc7e818065,covers,urn:uuid:b4370a3a-d23e-5a84-8e5b-15befe5f5e61,
urn:uuid:8aca703f-db0f-5fae-83c9-ed085e70320c,relation/unit/bab-4-grup-simetris/covers/surface/unit-033/protected-math-zone/077-inline,urn:uuid:e91765dc-cefe-5b2a-a7c3-0abc7e818065,covers,urn:uuid:65320810-aa1c-5576-9757-f2d85437fa5c,
urn:uuid:b912f71b-f062-5a42-8f4f-f3d60558e656,relation/unit/bab-4-grup-simetris/covers/surface/unit-033/protected-math-zone/078-inline,urn:uuid:e91765dc-cefe-5b2a-a7c3-0abc7e818065,covers,urn:uuid:38d8729a-68e6-509b-ae3b-84a18f473a9a,
urn:uuid:23202a88-ba7f-5357-9db2-33bcf9bda0e1,relation/unit/bab-4-grup-simetris/covers/surface/unit-033/protected-math-zone/079-inline,urn:uuid:e91765dc-cefe-5b2a-a7c3-0abc7e818065,covers,urn:uuid:654b9264-f3ff-59ad-b59a-48e4d8db0e95,
urn:uuid:8b4cd44c-c14a-5c2c-b9ed-641be298dc9b,relation/unit/bab-4-grup-simetris/covers/surface/unit-033/protected-math-zone/080-inline,urn:uuid:e91765dc-cefe-5b2a-a7c3-0abc7e818065,covers,urn:uuid:0a46cee9-d66d-582c-b223-be140ecedbfd,
urn:uuid:58a83d5f-4348-5e0a-949b-013b83d27f07,relation/unit/bab-4-grup-simetris/covers/surface/unit-033/protected-math-zone/081-inline,urn:uuid:e91765dc-cefe-5b2a-a7c3-0abc7e818065,covers,urn:uuid:609d8dde-fe64-5a6e-90c8-76a1d79c7d9e,
urn:uuid:5a654ef4-ae1e-57af-b75d-2628db8c171c,relation/unit/bab-4-grup-simetris/covers/surface/unit-033/protected-math-zone/082-inline,urn:uuid:e91765dc-cefe-5b2a-a7c3-0abc7e818065,covers,urn:uuid:1e8b6820-e8c3-55a4-931f-73f1cc967cb6,
urn:uuid:a8985696-3e63-5503-b346-7be11c5effde,relation/unit/bab-4-grup-simetris/covers/surface/unit-033/protected-math-zone/083-inline,urn:uuid:e91765dc-cefe-5b2a-a7c3-0abc7e818065,covers,urn:uuid:dd951c38-f3ca-530a-9cf5-d050c2742d62,
urn:uuid:889761a6-afa8-51c4-b400-8452df1acd6c,relation/unit/bab-4-grup-simetris/covers/surface/unit-033/protected-math-zone/084-display-bracket,urn:uuid:e91765dc-cefe-5b2a-a7c3-0abc7e818065,covers,urn:uuid:8ab14a04-ca66-5c4e-9548-36d06501a835,
urn:uuid:cdf3acdc-d082-5867-8728-2ea716bef717,relation/unit/bab-4-grup-simetris/covers/surface/unit-033/protected-math-zone/085-inline,urn:uuid:e91765dc-cefe-5b2a-a7c3-0abc7e818065,covers,urn:uuid:315b9eea-7153-5d20-8c2d-a374f1fa45de,
urn:uuid:66a3e1c5-b2c2-5330-8f69-0c2676a58cdc,relation/unit/bab-4-grup-simetris/covers/surface/unit-033/protected-math-zone/086-display-bracket,urn:uuid:e91765dc-cefe-5b2a-a7c3-0abc7e818065,covers,urn:uuid:415013e9-3cd2-55fb-aa5f-31f31fc4ff64,
urn:uuid:fb36767c-fcdd-58ae-9790-b04f98e8d0e3,relation/unit/bab-4-grup-simetris/covers/surface/unit-033/protected-math-zone/087-inline,urn:uuid:e91765dc-cefe-5b2a-a7c3-0abc7e818065,covers,urn:uuid:991ca9f9-4256-52f8-a669-fe49084e5ff1,
urn:uuid:bb3b2e27-6d33-5f6d-ab86-a9b80aac32e2,relation/unit/bab-4-grup-simetris/covers/surface/unit-033/protected-math-zone/088-inline,urn:uuid:e91765dc-cefe-5b2a-a7c3-0abc7e818065,covers,urn:uuid:aa6d2164-1904-5262-ab8d-e185706466f7,
urn:uuid:484551d7-fda7-5b56-9fb9-a3e3fc145e72,relation/unit/bab-4-grup-simetris/covers/surface/unit-033/protected-math-zone/089-inline,urn:uuid:e91765dc-cefe-5b2a-a7c3-0abc7e818065,covers,urn:uuid:6c703ecd-7810-5c84-bc4e-8e96a753c590,
urn:uuid:f6ced6a3-8910-53a8-a06a-0dbe76c507f6,relation/unit/bab-4-grup-simetris/covers/surface/unit-033/protected-math-zone/090-inline,urn:uuid:e91765dc-cefe-5b2a-a7c3-0abc7e818065,covers,urn:uuid:64f5a933-f179-5cd4-8e6c-eafa36914f28,
urn:uuid:20913774-0808-5071-9064-1bb6768da0bb,relation/unit/bab-4-grup-simetris/covers/surface/unit-033/protected-math-zone/091-inline,urn:uuid:e91765dc-cefe-5b2a-a7c3-0abc7e818065,covers,urn:uuid:dc192ade-7a3a-5085-b9b0-a0b166d837c8,
urn:uuid:bdb15a99-afbe-5865-a549-a3d78bcece5b,relation/unit/bab-4-grup-simetris/covers/surface/unit-033/protected-math-zone/092-inline,urn:uuid:e91765dc-cefe-5b2a-a7c3-0abc7e818065,covers,urn:uuid:1d593c6e-248a-5bcc-a9fe-cbd41b7c09cf,
urn:uuid:354e885b-9754-52d0-9abb-51fe66712abb,relation/unit/bab-4-grup-simetris/covers/surface/unit-033/protected-math-zone/093-inline,urn:uuid:e91765dc-cefe-5b2a-a7c3-0abc7e818065,covers,urn:uuid:8f9b66b7-73cf-5a11-8e34-c97879d8afb6,
urn:uuid:4db39628-aa0b-5fcc-a4fd-ca9eab5242ea,relation/unit/bab-4-grup-simetris/covers/surface/unit-033/protected-math-zone/094-inline,urn:uuid:e91765dc-cefe-5b2a-a7c3-0abc7e818065,covers,urn:uuid:1849157b-2c97-5e2e-a5b1-8c6b5b9cc276,
urn:uuid:7949ac90-ad6a-529d-9012-e02e085bea44,relation/unit/bab-4-grup-simetris/covers/surface/unit-033/protected-math-zone/095-inline,urn:uuid:e91765dc-cefe-5b2a-a7c3-0abc7e818065,covers,urn:uuid:6915214d-cc20-55a0-a9b1-fdeccc612066,
urn:uuid:be9c05c6-e7f4-50fb-bdcc-f4b162f5a19f,relation/unit/bab-4-grup-simetris/covers/surface/unit-033/protected-math-zone/096-inline,urn:uuid:e91765dc-cefe-5b2a-a7c3-0abc7e818065,covers,urn:uuid:bc9186a7-744f-55a9-af2a-267796a517aa,
urn:uuid:05e524df-e68d-5145-ab99-e022ef76f35a,relation/unit/bab-4-grup-simetris/covers/surface/unit-033/protected-math-zone/097-inline,urn:uuid:e91765dc-cefe-5b2a-a7c3-0abc7e818065,covers,urn:uuid:101a3b46-33fa-501e-a5d7-097f055e9258,
urn:uuid:cdf4257e-968c-57da-ae38-dcd794f5308d,relation/unit/bab-4-grup-simetris/covers/surface/unit-033/protected-math-zone/098-display-bracket,urn:uuid:e91765dc-cefe-5b2a-a7c3-0abc7e818065,covers,urn:uuid:9388e59c-407e-5c7d-861e-599b0c100c2f,
urn:uuid:2c12421c-19ef-5f7c-9ccf-67bdcf2b43b9,relation/unit/bab-4-grup-simetris/covers/surface/unit-033/protected-math-zone/099-inline,urn:uuid:e91765dc-cefe-5b2a-a7c3-0abc7e818065,covers,urn:uuid:754dfec7-bf22-5c64-8e09-1a844c76c0bb,
urn:uuid:9fa59ac4-8615-5880-bc0c-5309555a53c3,relation/unit/bab-4-grup-simetris/covers/surface/unit-033/protected-math-zone/100-inline,urn:uuid:e91765dc-cefe-5b2a-a7c3-0abc7e818065,covers,urn:uuid:1776555d-afd7-5e1c-a80e-ea9acd7b1fac,
urn:uuid:0547f16b-b61a-511a-8120-733f6f272940,relation/unit/bab-4-grup-simetris/covers/surface/unit-033/protected-math-zone/101-inline,urn:uuid:e91765dc-cefe-5b2a-a7c3-0abc7e818065,covers,urn:uuid:def9df1f-0628-5b24-a953-f54a5bddd6f8,
urn:uuid:bd9fa986-c316-516e-9a1e-6d533ed7c54b,relation/unit/bab-4-grup-simetris/covers/surface/unit-033/protected-math-zone/102-inline,urn:uuid:e91765dc-cefe-5b2a-a7c3-0abc7e818065,covers,urn:uuid:fff66c3f-c9fe-57c5-a357-ce58a5217cda,
urn:uuid:665ee1bc-c230-567d-985f-953641d5ca3e,relation/unit/bab-4-grup-simetris/covers/surface/unit-033/protected-math-zone/103-inline,urn:uuid:e91765dc-cefe-5b2a-a7c3-0abc7e818065,covers,urn:uuid:1837ecbc-fd7a-5a60-b2b4-5199625ed905,
urn:uuid:3a044fb9-da88-5520-b6d1-63e780b00db8,relation/unit/bab-4-grup-simetris/covers/surface/unit-033/protected-math-zone/104-inline,urn:uuid:e91765dc-cefe-5b2a-a7c3-0abc7e818065,covers,urn:uuid:98e09141-25e1-53b2-be4c-783b28cea0e0,
urn:uuid:41213660-f9c1-5c8a-aa89-29c2290336df,relation/unit/bab-4-grup-simetris/covers/surface/unit-033/protected-math-zone/105-inline,urn:uuid:e91765dc-cefe-5b2a-a7c3-0abc7e818065,covers,urn:uuid:42e3f52a-5552-5fa9-b56a-d12d85913a34,
urn:uuid:a6bfbaf9-e4de-5107-ab25-2253164e9948,relation/unit/bab-4-grup-simetris/covers/surface/unit-033/protected-math-zone/106-inline,urn:uuid:e91765dc-cefe-5b2a-a7c3-0abc7e818065,covers,urn:uuid:4bcf70d7-0636-5db0-a2d5-871f86fd81c3,
urn:uuid:011e0c1c-3ed4-571d-822e-e16abe6e18d5,relation/unit/bab-4-grup-simetris/covers/surface/unit-033/protected-math-zone/107-inline,urn:uuid:e91765dc-cefe-5b2a-a7c3-0abc7e818065,covers,urn:uuid:f61aea5b-2886-5454-8593-90418223f639,
urn:uuid:624a4af8-16c5-5059-9349-94f28b9a8be9,relation/unit/bab-4-grup-simetris/covers/surface/unit-033/protected-math-zone/108-inline,urn:uuid:e91765dc-cefe-5b2a-a7c3-0abc7e818065,covers,urn:uuid:a8b3ea04-ccf8-5b05-9476-2439e6ec8c69,
urn:uuid:a01ba367-db95-510d-9b17-2cd2ae8933fb,relation/unit/bab-4-grup-simetris/covers/surface/unit-033/protected-math-zone/109-inline,urn:uuid:e91765dc-cefe-5b2a-a7c3-0abc7e818065,covers,urn:uuid:77c35a27-2528-5758-9b46-69cca6becb26,
urn:uuid:b8ad39e8-2540-5073-96f9-c54fe39b6849,relation/unit/bab-4-grup-simetris/covers/surface/unit-033/protected-math-zone/110-inline,urn:uuid:e91765dc-cefe-5b2a-a7c3-0abc7e818065,covers,urn:uuid:5e7f74f8-5fd6-53c3-b7e3-afc7ffafad3d,
urn:uuid:e4d2a624-8b0a-5955-a8cf-d191253b5fab,relation/unit/bab-4-grup-simetris/covers/surface/unit-033/protected-math-zone/111-inline,urn:uuid:e91765dc-cefe-5b2a-a7c3-0abc7e818065,covers,urn:uuid:4f91307d-6e28-5c35-87b2-9c70204b59c4,
urn:uuid:29c0db78-8b8d-5eb7-a45b-4539662ca3af,relation/unit/bab-4-grup-simetris/covers/surface/unit-033/protected-math-zone/112-inline,urn:uuid:e91765dc-cefe-5b2a-a7c3-0abc7e818065,covers,urn:uuid:a8686a27-28ed-5c41-a50e-abfb698241bd,
urn:uuid:6b069f53-10db-5e09-ac4b-c2f67f1a788b,relation/unit/bab-4-grup-simetris/covers/surface/unit-033/protected-math-zone/113-inline,urn:uuid:e91765dc-cefe-5b2a-a7c3-0abc7e818065,covers,urn:uuid:04470b24-14d7-569d-a94a-7576eabb0e6e,
urn:uuid:b7ba4068-ad1a-5aa2-9c3d-41d1d58efaa0,relation/unit/bab-4-grup-simetris/covers/surface/unit-033/protected-math-zone/114-inline,urn:uuid:e91765dc-cefe-5b2a-a7c3-0abc7e818065,covers,urn:uuid:5569e33e-811f-5fdf-a9ed-117f3a061fc3,
urn:uuid:3331e595-de1c-505c-a95a-a3874f8a3cf4,relation/unit/bab-4-grup-simetris/covers/surface/unit-033/protected-math-zone/115-inline,urn:uuid:e91765dc-cefe-5b2a-a7c3-0abc7e818065,covers,urn:uuid:777e999f-a62c-5b85-b587-a93c3a55bfd4,
urn:uuid:e1e6b6cf-a539-53b9-bec7-92c5a5ae0c4e,relation/unit/bab-4-grup-simetris/covers/surface/unit-033/protected-math-zone/116-inline,urn:uuid:e91765dc-cefe-5b2a-a7c3-0abc7e818065,covers,urn:uuid:3f46719f-d7fb-5216-95bf-d5bf302eaeaa,
urn:uuid:b1f41172-4caa-5a7b-bcec-d9e81bc8e118,relation/unit/bab-4-grup-simetris/covers/surface/unit-033/protected-math-zone/117-inline,urn:uuid:e91765dc-cefe-5b2a-a7c3-0abc7e818065,covers,urn:uuid:420ab1ed-4a8a-59b5-90e2-58ef4896e632,
urn:uuid:bfde0367-0d05-52de-bce3-da48cd778161,relation/unit/bab-4-grup-simetris/covers/surface/unit-033/protected-math-zone/118-inline,urn:uuid:e91765dc-cefe-5b2a-a7c3-0abc7e818065,covers,urn:uuid:e0b1aa01-7714-5a83-870e-08da2ca12531,
urn:uuid:5f2ce8ce-3d8a-53d0-af2e-1e1bc4663375,relation/unit/bab-4-grup-simetris/covers/surface/unit-033/protected-math-zone/119-inline,urn:uuid:e91765dc-cefe-5b2a-a7c3-0abc7e818065,covers,urn:uuid:f49a4434-9228-5930-aade-ad10edbe6483,
urn:uuid:cb95aba7-ff6d-5881-9ecb-abe2df14e2a3,relation/unit/bab-4-grup-simetris/covers/surface/unit-033/protected-math-zone/120-display-bracket,urn:uuid:e91765dc-cefe-5b2a-a7c3-0abc7e818065,covers,urn:uuid:6e8b12b4-b974-56d7-be10-0eedd72cfeee,
urn:uuid:08c53019-f140-5bb0-9b4b-7bc308267286,relation/unit/bab-4-grup-simetris/covers/surface/unit-033/protected-math-zone/121-inline,urn:uuid:e91765dc-cefe-5b2a-a7c3-0abc7e818065,covers,urn:uuid:852ae35c-a089-5a02-bc9c-f37b17fc55d0,
urn:uuid:f94386f7-878b-51c5-80d1-c9a11b35bcc4,relation/unit/bab-4-grup-simetris/covers/surface/unit-033/protected-math-zone/122-inline,urn:uuid:e91765dc-cefe-5b2a-a7c3-0abc7e818065,covers,urn:uuid:39e61895-6131-515f-b22f-0bd3f22f1c56,
urn:uuid:3db56bf7-29ff-5eda-abaa-78313038b6cf,relation/unit/bab-4-grup-simetris/covers/surface/unit-033/protected-math-zone/123-inline,urn:uuid:e91765dc-cefe-5b2a-a7c3-0abc7e818065,covers,urn:uuid:a8ec3765-fe70-5ffe-a9d7-6e1d75fc4ad2,
urn:uuid:3048c0ca-b519-5274-800a-a962368fafa4,relation/unit/bab-4-grup-simetris/covers/surface/unit-033/protected-math-zone/124-inline,urn:uuid:e91765dc-cefe-5b2a-a7c3-0abc7e818065,covers,urn:uuid:316dc72c-43bb-543e-8e96-50ac6c002284,
urn:uuid:9ea53601-7245-5446-9a66-0e6c26dd51c2,relation/unit/bab-4-grup-simetris/covers/surface/unit-033/protected-math-zone/125-inline,urn:uuid:e91765dc-cefe-5b2a-a7c3-0abc7e818065,covers,urn:uuid:240e1e40-3c38-59a5-b5eb-4a2edca9d9d8,
urn:uuid:03e1cb1f-68ed-5510-90f5-7515c6dc3754,relation/unit/bab-4-grup-simetris/covers/surface/unit-033/protected-math-zone/126-inline,urn:uuid:e91765dc-cefe-5b2a-a7c3-0abc7e818065,covers,urn:uuid:e3be980b-9eac-5387-b4d3-78fc37ab7e32,
urn:uuid:dbcf65a5-611d-5b39-9c14-aab50d514561,relation/unit/bab-4-grup-simetris/covers/surface/unit-033/protected-math-zone/127-inline,urn:uuid:e91765dc-cefe-5b2a-a7c3-0abc7e818065,covers,urn:uuid:17dcea98-9108-5597-aae8-3202160177f1,
urn:uuid:91a7597d-1bcf-5b29-b3d3-d0a4a7939950,relation/unit/bab-4-grup-simetris/covers/surface/unit-033/protected-math-zone/128-inline,urn:uuid:e91765dc-cefe-5b2a-a7c3-0abc7e818065,covers,urn:uuid:558bafb3-0030-5f38-b850-8f4c6f85656b,
urn:uuid:4fc425ba-fbfc-522a-9b70-47eca262c3c2,relation/unit/bab-4-grup-simetris/covers/surface/unit-033/protected-math-zone/129-inline,urn:uuid:e91765dc-cefe-5b2a-a7c3-0abc7e818065,covers,urn:uuid:4ac3c807-fa57-53e6-8c21-46c6222441dd,
urn:uuid:3f738391-3216-505d-99c9-335ca14d5456,relation/unit/bab-4-grup-simetris/covers/surface/unit-033/protected-math-zone/130-display-bracket,urn:uuid:e91765dc-cefe-5b2a-a7c3-0abc7e818065,covers,urn:uuid:39b426e5-8d30-599b-a7c0-d1be79b7b8e3,
urn:uuid:5de54cdd-99fd-5051-96d1-37a5862b9496,relation/unit/bab-4-grup-simetris/covers/surface/unit-033/protected-math-zone/131-display-environment,urn:uuid:e91765dc-cefe-5b2a-a7c3-0abc7e818065,covers,urn:uuid:e7653d90-9294-5457-a507-9fa989600261,
urn:uuid:b0c52e9d-1750-56b7-9999-042b819e10ca,relation/unit/bab-4-grup-simetris/covers/surface/unit-033/protected-math-zone/132-inline,urn:uuid:e91765dc-cefe-5b2a-a7c3-0abc7e818065,covers,urn:uuid:457eafcc-1425-5189-896e-b5709dd8c0ba,
urn:uuid:1f55e08f-c2e3-5c4d-9f60-c2251e40a278,relation/unit/bab-4-grup-simetris/covers/surface/unit-033/protected-math-zone/133-inline,urn:uuid:e91765dc-cefe-5b2a-a7c3-0abc7e818065,covers,urn:uuid:0909e062-87b9-5b5c-a867-b398afb8a7a9,
urn:uuid:3a9fc622-2bf4-5d02-8927-122291aa8789,relation/unit/bab-4-grup-simetris/covers/surface/unit-033/protected-math-zone/134-inline,urn:uuid:e91765dc-cefe-5b2a-a7c3-0abc7e818065,covers,urn:uuid:c5b1c24e-0281-59d2-94dc-aca15174f611,
urn:uuid:58ae0889-ce7f-50ac-81ae-7940a4c976ee,relation/unit/bab-4-grup-simetris/covers/surface/unit-033/protected-math-zone/135-inline,urn:uuid:e91765dc-cefe-5b2a-a7c3-0abc7e818065,covers,urn:uuid:4a32227a-69d1-5951-aa69-a8549c782253,
urn:uuid:d0e178c7-e477-5449-9362-b8125a41e1ec,relation/unit/bab-4-grup-simetris/covers/surface/unit-033/protected-math-zone/136-inline,urn:uuid:e91765dc-cefe-5b2a-a7c3-0abc7e818065,covers,urn:uuid:7383aaf0-5246-5fc8-af69-0f44c20d4b1c,
urn:uuid:57943a72-8f3f-5843-a30a-c4b13b0dc9ae,relation/unit/bab-4-grup-simetris/covers/surface/unit-033/protected-math-zone/137-inline,urn:uuid:e91765dc-cefe-5b2a-a7c3-0abc7e818065,covers,urn:uuid:d2ed6242-b524-5452-86fa-ede2c79df53d,
urn:uuid:491d5acb-3ff1-57e7-8825-3ca7f08a30ed,relation/unit/bab-4-grup-simetris/covers/surface/unit-033/protected-math-zone/138-inline,urn:uuid:e91765dc-cefe-5b2a-a7c3-0abc7e818065,covers,urn:uuid:543ab331-0201-531e-bc52-e3af397b022d,
urn:uuid:11905246-7ee7-50a2-866b-3879447a2b74,relation/unit/bab-4-grup-simetris/covers/surface/unit-033/protected-math-zone/139-inline,urn:uuid:e91765dc-cefe-5b2a-a7c3-0abc7e818065,covers,urn:uuid:7959b41a-fe2b-5788-9573-f5a40d24393c,
urn:uuid:89633925-4589-593c-9a27-fd30707e5a1d,relation/unit/bab-4-grup-simetris/covers/surface/unit-033/protected-math-zone/140-inline,urn:uuid:e91765dc-cefe-5b2a-a7c3-0abc7e818065,covers,urn:uuid:c7a121de-95e4-5d70-b65d-d0c39799eedd,
urn:uuid:413445af-e3e5-5d3b-9b51-586704390c84,relation/unit/bab-4-grup-simetris/covers/surface/unit-033/protected-math-zone/141-inline,urn:uuid:e91765dc-cefe-5b2a-a7c3-0abc7e818065,covers,urn:uuid:4ad5b60d-7eb3-51ff-a367-f6a3d6626ee8,
urn:uuid:0f9779c3-4580-5e5a-afc0-398ef76ffe8d,relation/unit/bab-4-grup-simetris/covers/surface/unit-033/protected-math-zone/142-inline,urn:uuid:e91765dc-cefe-5b2a-a7c3-0abc7e818065,covers,urn:uuid:3866dbac-195f-5aa4-b36d-1fcb53e2b933,
urn:uuid:d8ce177f-bb54-5b9d-9522-324a76c948df,relation/unit/bab-4-grup-simetris/covers/surface/unit-033/protected-math-zone/143-inline,urn:uuid:e91765dc-cefe-5b2a-a7c3-0abc7e818065,covers,urn:uuid:66aa10b6-7715-5189-bf75-cf8d818e835a,
urn:uuid:afc68eac-2399-5c94-b8d7-f2d7bd32d335,relation/unit/bab-4-grup-simetris/covers/surface/unit-033/protected-math-zone/144-inline,urn:uuid:e91765dc-cefe-5b2a-a7c3-0abc7e818065,covers,urn:uuid:af310dec-5b70-573a-8d7c-ec8b3862cd9f,
urn:uuid:3f29f2e5-52ee-547b-b102-82a75ba4c46d,relation/unit/bab-4-grup-simetris/covers/surface/unit-033/protected-math-zone/145-inline,urn:uuid:e91765dc-cefe-5b2a-a7c3-0abc7e818065,covers,urn:uuid:6adbd5aa-32d1-563a-8273-3331c3ffff26,
urn:uuid:4f3035a8-c0d7-5d4c-8992-6392d65e115b,relation/unit/bab-4-grup-simetris/covers/surface/unit-033/protected-math-zone/146-inline,urn:uuid:e91765dc-cefe-5b2a-a7c3-0abc7e818065,covers,urn:uuid:67a85c6f-a489-5b21-832b-d794e7ed193d,
urn:uuid:bbefc4bc-92ca-5670-90c8-494fc4100e66,relation/unit/bab-4-grup-simetris/covers/surface/unit-033/protected-math-zone/147-inline,urn:uuid:e91765dc-cefe-5b2a-a7c3-0abc7e818065,covers,urn:uuid:a2d84595-1083-5195-839d-32e487fb4d3d,
urn:uuid:aa8d1dab-ba7b-519a-bee3-3ced7369b754,relation/unit/bab-4-grup-simetris/covers/surface/unit-033/protected-math-zone/148-inline,urn:uuid:e91765dc-cefe-5b2a-a7c3-0abc7e818065,covers,urn:uuid:b02f3a1d-2a0e-507b-b2e2-5d3a5f553ae2,
urn:uuid:8cf477e9-e77d-5158-844d-e61d44b5e134,relation/unit/bab-4-grup-simetris/covers/surface/unit-033/protected-math-zone/149-inline,urn:uuid:e91765dc-cefe-5b2a-a7c3-0abc7e818065,covers,urn:uuid:e5cfe006-5c86-56cb-bb9b-935567dee87e,
urn:uuid:d42ce94e-67d6-5a61-95be-eaa26934f014,relation/unit/bab-4-grup-simetris/covers/surface/unit-033/protected-math-zone/150-inline,urn:uuid:e91765dc-cefe-5b2a-a7c3-0abc7e818065,covers,urn:uuid:6628b528-5de3-5fd1-a5c4-8e42ebc3b329,
urn:uuid:5911d35d-d24b-51f5-b8f5-bb6822870f54,relation/unit/bab-4-grup-simetris/covers/surface/unit-033/protected-math-zone/151-inline,urn:uuid:e91765dc-cefe-5b2a-a7c3-0abc7e818065,covers,urn:uuid:d6a497c0-edb9-5317-9ee6-991f89052408,
urn:uuid:47b53f41-3e12-5a66-a0ff-6dddd41f736a,relation/unit/bab-4-grup-simetris/covers/surface/unit-033/protected-math-zone/152-inline,urn:uuid:e91765dc-cefe-5b2a-a7c3-0abc7e818065,covers,urn:uuid:51301be2-0290-5795-b9e0-52384c3e8e16,
urn:uuid:89d94c39-b503-5e19-b6bb-a5f2a7ccc910,relation/unit/bab-4-grup-simetris/covers/surface/unit-033/protected-math-zone/153-inline,urn:uuid:e91765dc-cefe-5b2a-a7c3-0abc7e818065,covers,urn:uuid:7de30657-fc46-58c4-b1ad-a5c7b0d4b26e,
urn:uuid:36258030-7483-573b-9b03-0a5e1501018d,relation/unit/bab-4-grup-simetris/covers/surface/unit-033/protected-math-zone/154-inline,urn:uuid:e91765dc-cefe-5b2a-a7c3-0abc7e818065,covers,urn:uuid:0d1b1c75-7c60-5991-b52c-d81a1037c425,
urn:uuid:2098afb2-ecda-570d-9c67-eb7b391a6b8f,relation/unit/bab-4-grup-simetris/covers/surface/unit-033/protected-math-zone/155-inline,urn:uuid:e91765dc-cefe-5b2a-a7c3-0abc7e818065,covers,urn:uuid:619f48a2-313a-5837-a4e2-0b282c1f8b4e,
urn:uuid:2ddfeb0d-239c-5688-99c1-bc6d15e66a73,relation/unit/bab-4-grup-simetris/covers/surface/unit-033/protected-math-zone/156-inline,urn:uuid:e91765dc-cefe-5b2a-a7c3-0abc7e818065,covers,urn:uuid:e0ea299d-c848-507c-9b1b-16253da8b71e,
urn:uuid:571d4248-06a5-553a-b509-fcdd7eaf1db6,relation/unit/bab-4-grup-simetris/covers/surface/unit-033/protected-math-zone/157-inline,urn:uuid:e91765dc-cefe-5b2a-a7c3-0abc7e818065,covers,urn:uuid:e62749bb-7808-514b-a667-ff3c5b0079fb,
urn:uuid:b7f5a539-48a0-595b-8dff-d29a1feac7c6,relation/unit/bab-4-grup-simetris/covers/surface/unit-033/protected-math-zone/158-inline,urn:uuid:e91765dc-cefe-5b2a-a7c3-0abc7e818065,covers,urn:uuid:0f078000-a765-50af-ac83-453cab9e8d94,
urn:uuid:f01da009-50fb-5869-a5c0-c23efbe1c7e8,relation/unit/bab-4-grup-simetris/covers/surface/unit-033/protected-math-zone/159-inline,urn:uuid:e91765dc-cefe-5b2a-a7c3-0abc7e818065,covers,urn:uuid:3fba86d6-75fe-5c18-b1a2-d735ba43b14d,
urn:uuid:08284181-3ca2-56fb-98d0-f6fb111c2656,relation/unit/bab-4-grup-simetris/covers/surface/unit-033/protected-math-zone/160-display-environment,urn:uuid:e91765dc-cefe-5b2a-a7c3-0abc7e818065,covers,urn:uuid:1a930b07-d797-5044-bf17-3d9d801affb3,
urn:uuid:08f716e2-8f82-5d29-980e-c08dea2b539c,relation/unit/bab-4-grup-simetris/covers/surface/unit-033/protected-math-zone/161-inline,urn:uuid:e91765dc-cefe-5b2a-a7c3-0abc7e818065,covers,urn:uuid:8051736a-9fcc-5e3f-b67e-7d7d61f58e04,
urn:uuid:b8119136-9e4c-5479-ab4f-0737c161c34d,relation/unit/bab-4-grup-simetris/covers/surface/unit-033/protected-math-zone/162-inline,urn:uuid:e91765dc-cefe-5b2a-a7c3-0abc7e818065,covers,urn:uuid:4c9d0bb3-895f-51e3-a176-aa09c6e673b2,
urn:uuid:c4c4257d-8490-550a-b57c-dbfdf78a4226,relation/unit/bab-4-grup-simetris/covers/surface/unit-033/protected-math-zone/163-display-bracket,urn:uuid:e91765dc-cefe-5b2a-a7c3-0abc7e818065,covers,urn:uuid:c231cc55-27aa-505e-bff8-4289d050b2e3,
urn:uuid:bb9b4d06-6660-577f-8a65-862c27819ee3,relation/unit/bab-4-grup-simetris/covers/surface/unit-033/protected-math-zone/164-inline,urn:uuid:e91765dc-cefe-5b2a-a7c3-0abc7e818065,covers,urn:uuid:f7708fa9-27a5-5cc6-8aa6-e63eeda77912,
urn:uuid:ea8ead28-454a-5e8d-810a-3f6722ddf683,relation/unit/bab-4-grup-simetris/covers/surface/unit-033/protected-math-zone/165-inline,urn:uuid:e91765dc-cefe-5b2a-a7c3-0abc7e818065,covers,urn:uuid:b1290302-cc16-5472-94a9-d659a2f1489a,
urn:uuid:e514837b-07f0-5ee2-bf22-41fdf5bb5564,relation/unit/bab-4-grup-simetris/covers/surface/unit-033/protected-math-zone/166-inline,urn:uuid:e91765dc-cefe-5b2a-a7c3-0abc7e818065,covers,urn:uuid:2fb159f7-6276-5076-aebe-684714e12289,
urn:uuid:f047e5df-e5ff-5ed0-9a5d-b83c6ebaa78e,relation/unit/bab-4-grup-simetris/covers/surface/unit-033/protected-math-zone/167-inline,urn:uuid:e91765dc-cefe-5b2a-a7c3-0abc7e818065,covers,urn:uuid:133e1f49-75e0-5dcf-abe5-d9f9bdf9d974,
urn:uuid:bd4a4efd-4528-5272-947b-ae4d640cb2ef,relation/unit/bab-4-grup-simetris/covers/surface/unit-033/protected-math-zone/168-inline,urn:uuid:e91765dc-cefe-5b2a-a7c3-0abc7e818065,covers,urn:uuid:f5d434f6-44f6-5b62-9266-2e7f84c92d92,
urn:uuid:3859d8b7-2267-5840-b4dd-f2b896646af7,relation/unit/bab-4-grup-simetris/covers/surface/unit-033/protected-math-zone/169-inline,urn:uuid:e91765dc-cefe-5b2a-a7c3-0abc7e818065,covers,urn:uuid:da276fe3-2d40-56a1-a3d6-3bd25bc681e5,
urn:uuid:d1ee855f-cb06-5f65-9490-4aaeb21625d5,relation/unit/bab-4-grup-simetris/covers/surface/unit-033/protected-math-zone/170-inline,urn:uuid:e91765dc-cefe-5b2a-a7c3-0abc7e818065,covers,urn:uuid:588881a5-3b1b-57bd-b48b-ffdeddf80b82,
urn:uuid:ea4506e8-f1b6-5a57-bad2-2dedf4bfbbd6,relation/unit/bab-4-grup-simetris/covers/surface/unit-033/protected-math-zone/171-inline,urn:uuid:e91765dc-cefe-5b2a-a7c3-0abc7e818065,covers,urn:uuid:1a57c398-af66-5923-ac0c-f73016d0eee6,
urn:uuid:37a1aadd-7578-5b02-8301-f5472663a6f8,relation/unit/bab-4-grup-simetris/covers/surface/unit-033/protected-math-zone/172-inline,urn:uuid:e91765dc-cefe-5b2a-a7c3-0abc7e818065,covers,urn:uuid:35ef94ba-dd0c-584a-b69b-9977e9b09a2a,
urn:uuid:0036103a-1f74-51a6-84b8-90c598a1d4d8,relation/unit/bab-4-grup-simetris/covers/surface/unit-033/protected-math-zone/173-inline,urn:uuid:e91765dc-cefe-5b2a-a7c3-0abc7e818065,covers,urn:uuid:d82ca15c-f72d-5af0-abfd-abbc10f8b702,
urn:uuid:d43ca763-9e6d-5199-9cb3-5e93e0ab5a4c,relation/unit/bab-4-grup-simetris/covers/surface/unit-033/protected-math-zone/174-inline,urn:uuid:e91765dc-cefe-5b2a-a7c3-0abc7e818065,covers,urn:uuid:ee9081a3-d03b-56fd-9656-3db86aaa04e9,
urn:uuid:b806a776-2161-5008-baef-91c689703b1a,relation/unit/bab-4-grup-simetris/covers/surface/unit-033/protected-math-zone/175-inline,urn:uuid:e91765dc-cefe-5b2a-a7c3-0abc7e818065,covers,urn:uuid:31c4e491-54dd-5607-839c-636983e41a5a,
urn:uuid:354488cb-6504-553d-b3ed-fa5cb98d6fc3,relation/unit/bab-4-grup-simetris/covers/surface/unit-033/protected-math-zone/176-inline,urn:uuid:e91765dc-cefe-5b2a-a7c3-0abc7e818065,covers,urn:uuid:fe2a4314-984a-5310-ac55-b0b07b73f676,
urn:uuid:68815e5b-e820-5dcc-b1a0-df4581e40cab,relation/unit/bab-4-grup-simetris/covers/surface/unit-033/protected-math-zone/177-inline,urn:uuid:e91765dc-cefe-5b2a-a7c3-0abc7e818065,covers,urn:uuid:16d2db53-1ee9-54b4-96b2-681a88102b0c,
urn:uuid:9c9311f4-9525-5d7e-9ff1-90de41bf141e,relation/unit/bab-4-grup-simetris/covers/surface/unit-033/protected-math-zone/178-display-bracket,urn:uuid:e91765dc-cefe-5b2a-a7c3-0abc7e818065,covers,urn:uuid:58515ec6-7956-566c-a4b6-3f720cf5b2e7,
urn:uuid:7df00150-522e-5040-87df-9fea90cf3490,relation/unit/bab-4-grup-simetris/covers/surface/unit-033/protected-math-zone/179-inline,urn:uuid:e91765dc-cefe-5b2a-a7c3-0abc7e818065,covers,urn:uuid:4562e0ce-8dbe-5d86-85df-a74662d12e06,
urn:uuid:c84272cf-4b0a-5010-9f60-6a81f32c026f,relation/unit/bab-4-grup-simetris/covers/surface/unit-033/protected-math-zone/180-inline,urn:uuid:e91765dc-cefe-5b2a-a7c3-0abc7e818065,covers,urn:uuid:21940f72-5833-50f2-8dca-a3a7cd2ec96b,
urn:uuid:1efb376d-c706-5e55-8335-54875bad52f1,relation/unit/bab-4-grup-simetris/covers/surface/unit-033/protected-math-zone/181-inline,urn:uuid:e91765dc-cefe-5b2a-a7c3-0abc7e818065,covers,urn:uuid:15f930b8-1474-5568-bec7-9bb3c4c54c32,
urn:uuid:d4fd2094-d7e4-5eef-9800-7d1e90634599,relation/unit/bab-4-grup-simetris/covers/surface/unit-033/protected-math-zone/182-inline,urn:uuid:e91765dc-cefe-5b2a-a7c3-0abc7e818065,covers,urn:uuid:a05ab11b-2bf5-565c-af20-bd4082c36142,
urn:uuid:a81207a6-cc15-5517-9eb7-bd70280361d0,relation/unit/bab-4-grup-simetris/covers/surface/unit-033/protected-math-zone/183-inline,urn:uuid:e91765dc-cefe-5b2a-a7c3-0abc7e818065,covers,urn:uuid:d2a3288e-5a88-5c68-8a36-ff7137feac26,
urn:uuid:40770bd6-e0cd-5d5a-b5c1-52cf065e2ab3,relation/unit/bab-4-grup-simetris/covers/surface/unit-033/protected-math-zone/184-inline,urn:uuid:e91765dc-cefe-5b2a-a7c3-0abc7e818065,covers,urn:uuid:ffc41fce-df48-54bd-acd1-f74bced71778,
urn:uuid:074eabe0-5b3d-534b-b632-bc51a280f9b3,relation/unit/bab-4-grup-simetris/covers/surface/unit-033/protected-math-zone/185-inline,urn:uuid:e91765dc-cefe-5b2a-a7c3-0abc7e818065,covers,urn:uuid:25466aa5-ee7d-54ae-b718-f004ff09b9e1,
urn:uuid:e5843056-c3db-5afe-afe9-5ac45106658d,relation/unit/bab-4-grup-simetris/covers/surface/unit-033/protected-math-zone/186-inline,urn:uuid:e91765dc-cefe-5b2a-a7c3-0abc7e818065,covers,urn:uuid:8d3fb68d-881e-5521-b4bc-bf53be4d704d,
urn:uuid:809c2b84-c1d4-5f60-9387-b0cc72a65485,relation/unit/bab-4-grup-simetris/covers/surface/unit-033/protected-math-zone/187-inline,urn:uuid:e91765dc-cefe-5b2a-a7c3-0abc7e818065,covers,urn:uuid:83592173-7bba-568b-98d6-46e8e0e74cb4,
urn:uuid:6cbaf36b-527e-5602-8f86-8b115d01a3e6,relation/unit/bab-4-grup-simetris/covers/surface/unit-033/protected-math-zone/188-inline,urn:uuid:e91765dc-cefe-5b2a-a7c3-0abc7e818065,covers,urn:uuid:6a24d40e-10fb-5d0e-8753-1dea04ad136b,
urn:uuid:2b00c169-f88a-5587-8271-ef72f12c7272,relation/unit/bab-4-grup-simetris/covers/surface/unit-033/protected-math-zone/189-inline,urn:uuid:e91765dc-cefe-5b2a-a7c3-0abc7e818065,covers,urn:uuid:576a0c89-6fab-56e5-a8db-05a6cf704376,
urn:uuid:a792362f-0ebe-5158-afa0-7dfba4b478ba,relation/unit/bab-4-grup-simetris/covers/surface/unit-033/protected-math-zone/190-inline,urn:uuid:e91765dc-cefe-5b2a-a7c3-0abc7e818065,covers,urn:uuid:691dd2ce-3528-5f34-8aa5-e481f0fc9ef1,
urn:uuid:9431b7f2-a9a7-5225-a556-380144ce0800,relation/unit/bab-4-grup-simetris/covers/surface/unit-033/protected-math-zone/191-inline,urn:uuid:e91765dc-cefe-5b2a-a7c3-0abc7e818065,covers,urn:uuid:b60c8fb4-5cce-5794-9a69-91c55b4227fc,
urn:uuid:af6dceb7-2135-53d6-8e2a-95608933cffe,relation/unit/bab-4-grup-simetris/covers/surface/unit-033/protected-math-zone/192-display-bracket,urn:uuid:e91765dc-cefe-5b2a-a7c3-0abc7e818065,covers,urn:uuid:5d09bba4-53dd-5592-a62c-86f4056bfde7,
urn:uuid:56307e42-1114-5cec-b162-639b81585021,relation/unit/bab-4-grup-simetris/covers/surface/unit-033/protected-math-zone/193-inline,urn:uuid:e91765dc-cefe-5b2a-a7c3-0abc7e818065,covers,urn:uuid:c0224165-72a3-5775-8efa-487fca66c0ff,
urn:uuid:35f4d7f3-9514-5e35-bf9c-490144f2b1f2,relation/unit/bab-4-grup-simetris/covers/surface/unit-033/protected-math-zone/194-inline,urn:uuid:e91765dc-cefe-5b2a-a7c3-0abc7e818065,covers,urn:uuid:082cd804-7421-500c-ad03-e80e4cc0e75a,
urn:uuid:87ed1464-dc0f-5397-b076-39f6770fa399,relation/unit/bab-4-grup-simetris/covers/surface/unit-033/protected-math-zone/195-inline,urn:uuid:e91765dc-cefe-5b2a-a7c3-0abc7e818065,covers,urn:uuid:72c37527-77ca-565f-bf9b-29a1bc1e82a1,
urn:uuid:7a847e06-40bd-521e-94a8-e31254baf734,relation/unit/bab-4-grup-simetris/covers/surface/unit-033/protected-math-zone/196-inline,urn:uuid:e91765dc-cefe-5b2a-a7c3-0abc7e818065,covers,urn:uuid:2f3944d5-08bd-53c2-9953-354f8b69e560,
urn:uuid:39b6dcef-4f12-52f1-a77e-09f5d52389a6,relation/unit/bab-4-grup-simetris/covers/surface/unit-033/protected-math-zone/197-inline,urn:uuid:e91765dc-cefe-5b2a-a7c3-0abc7e818065,covers,urn:uuid:94e2967a-87ea-59c8-92b9-a6d5d6f0cec4,
urn:uuid:780a7f21-01ea-5a4e-ba7f-6bd03ab29902,relation/unit/bab-4-grup-simetris/covers/surface/unit-033/protected-math-zone/198-inline,urn:uuid:e91765dc-cefe-5b2a-a7c3-0abc7e818065,covers,urn:uuid:16088a52-a9e0-5844-b817-882813407ad1,
urn:uuid:a9521f0c-e4b7-5557-8906-86499c6c6453,relation/unit/bab-4-grup-simetris/covers/surface/unit-033/protected-math-zone/199-inline,urn:uuid:e91765dc-cefe-5b2a-a7c3-0abc7e818065,covers,urn:uuid:98e451db-8a3c-5340-a3a4-05d6cbd809d3,
urn:uuid:22395d29-ed46-5a00-9169-882ab57499bb,relation/unit/bab-4-grup-simetris/covers/surface/unit-033/protected-math-zone/200-inline,urn:uuid:e91765dc-cefe-5b2a-a7c3-0abc7e818065,covers,urn:uuid:c3e9330a-bed5-5dc0-80c6-21acf7e065e7,
urn:uuid:da3fd084-3991-5434-8def-aa00c48a98a0,relation/unit/bab-4-grup-simetris/covers/surface/unit-033/protected-math-zone/201-inline,urn:uuid:e91765dc-cefe-5b2a-a7c3-0abc7e818065,covers,urn:uuid:1c728052-8182-505a-95e2-778f2e1665fc,
urn:uuid:0669816d-00d9-5bc2-819e-2335a48e9467,relation/unit/bab-4-grup-simetris/covers/surface/unit-033/protected-math-zone/202-display-environment,urn:uuid:e91765dc-cefe-5b2a-a7c3-0abc7e818065,covers,urn:uuid:73d10919-83eb-5aba-8a2c-0e0a4a608ac4,
urn:uuid:2d904570-cea9-5d3b-a2e8-ce8b2b59e67f,relation/unit/bab-4-grup-simetris/covers/surface/unit-033/protected-math-zone/203-display-environment,urn:uuid:e91765dc-cefe-5b2a-a7c3-0abc7e818065,covers,urn:uuid:f7b33cf6-586e-5276-8b74-ea79acfa8428,
urn:uuid:db42910b-e901-50f1-9ab1-8e1bcc76dd15,relation/unit/bab-4-grup-simetris/covers/surface/unit-033/protected-math-zone/204-display-environment,urn:uuid:e91765dc-cefe-5b2a-a7c3-0abc7e818065,covers,urn:uuid:f8eb2d9e-f340-5b01-bae3-e0eac3c7b6e5,
urn:uuid:ddfc9265-e7bb-533e-ae26-95a5e710999e,relation/unit/bab-4-grup-simetris/covers/surface/unit-033/protected-math-zone/205-inline,urn:uuid:e91765dc-cefe-5b2a-a7c3-0abc7e818065,covers,urn:uuid:7fa984c9-6db2-50fd-ab55-4698a0c40ef2,
urn:uuid:0357e514-4b1f-5db9-9c68-73dd09b16469,relation/unit/bab-4-grup-simetris/covers/surface/unit-033/protected-math-zone/206-display-environment,urn:uuid:e91765dc-cefe-5b2a-a7c3-0abc7e818065,covers,urn:uuid:592a53a8-6a48-59da-b4ac-84f40b681148,
urn:uuid:1d858e04-01f8-5664-a60e-4333bb3022a7,relation/unit/bab-4-grup-simetris/covers/surface/unit-033/protected-math-zone/207-inline,urn:uuid:e91765dc-cefe-5b2a-a7c3-0abc7e818065,covers,urn:uuid:49843b5d-ebb3-5d31-aa1e-8c6ee70e8ce6,
urn:uuid:3160f9b0-a3b0-5723-8571-fdce60c61901,relation/unit/bab-4-grup-simetris/covers/surface/unit-033/protected-math-zone/208-display-environment,urn:uuid:e91765dc-cefe-5b2a-a7c3-0abc7e818065,covers,urn:uuid:4bc65505-a9ef-5cbd-946e-e13ebbd4d5f7,
urn:uuid:91221a50-c08e-5522-a32c-568e4e33dd91,relation/unit/bab-4-grup-simetris/covers/surface/unit-033/protected-math-zone/209-inline,urn:uuid:e91765dc-cefe-5b2a-a7c3-0abc7e818065,covers,urn:uuid:4e342fa6-64ae-5d5b-8547-789a0899b2ba,
urn:uuid:71dca320-6beb-5e78-bfe1-65ae8c50b3da,relation/unit/bab-4-grup-simetris/covers/surface/unit-033/protected-math-zone/210-display-environment,urn:uuid:e91765dc-cefe-5b2a-a7c3-0abc7e818065,covers,urn:uuid:7356257e-9861-5d02-ab03-da0db01cc9f6,
urn:uuid:12723d88-cec1-5da1-a2dc-ce3dce16fb03,relation/unit/bab-4-grup-simetris/covers/surface/unit-033/protected-math-zone/211-inline,urn:uuid:e91765dc-cefe-5b2a-a7c3-0abc7e818065,covers,urn:uuid:cc87f00a-efcc-50b4-b67e-24e12ef7c638,
urn:uuid:794a812d-1d38-55c4-84f4-4ea66fa27c3c,relation/unit/bab-4-grup-simetris/covers/surface/unit-033/protected-math-zone/212-inline,urn:uuid:e91765dc-cefe-5b2a-a7c3-0abc7e818065,covers,urn:uuid:a0a8a131-bbf7-5a56-8bff-74a591e0277d,
urn:uuid:8de8e215-d250-533e-9600-44596e360cb9,relation/unit/bab-4-grup-simetris/covers/surface/unit-033/protected-math-zone/213-inline,urn:uuid:e91765dc-cefe-5b2a-a7c3-0abc7e818065,covers,urn:uuid:c8a2b640-ed1c-5a49-9910-ff43fafe86e8,
urn:uuid:2fb1d328-72cb-565c-a870-d88278d6905e,relation/unit/bab-4-grup-simetris/covers/surface/unit-033/protected-math-zone/214-inline,urn:uuid:e91765dc-cefe-5b2a-a7c3-0abc7e818065,covers,urn:uuid:60987149-0bc9-5c42-b2fd-3a7be968c2f2,
urn:uuid:af4826d0-0884-518d-aea7-09b6e91ad226,relation/unit/bab-4-grup-simetris/covers/surface/unit-033/protected-math-zone/215-inline,urn:uuid:e91765dc-cefe-5b2a-a7c3-0abc7e818065,covers,urn:uuid:97890867-bb55-50a7-bbc2-56028b9a0c82,
urn:uuid:6c5cb5ed-bf93-5882-b80c-018752c51465,relation/unit/bab-4-grup-simetris/covers/surface/unit-033/protected-math-zone/216-inline,urn:uuid:e91765dc-cefe-5b2a-a7c3-0abc7e818065,covers,urn:uuid:d3b6c7ec-fb78-50e4-9db0-4851b6d9cbfd,
urn:uuid:2b6e2636-7f91-5edd-baa7-83db3b640beb,relation/unit/bab-4-grup-simetris/covers/surface/unit-033/protected-math-zone/217-inline,urn:uuid:e91765dc-cefe-5b2a-a7c3-0abc7e818065,covers,urn:uuid:66574eab-cf37-5cbe-be43-8dc42cfda4fe,
urn:uuid:3714c96f-ba13-5e47-99d3-01f4baade5ac,relation/unit/bab-4-grup-simetris/covers/surface/unit-033/protected-math-zone/218-inline,urn:uuid:e91765dc-cefe-5b2a-a7c3-0abc7e818065,covers,urn:uuid:ce0857f8-8525-5676-8859-cb2ddf848a55,
urn:uuid:4691420a-8521-5e6c-9097-cdeffa31a64c,relation/unit/bab-4-grup-simetris/covers/surface/unit-033/protected-math-zone/219-inline,urn:uuid:e91765dc-cefe-5b2a-a7c3-0abc7e818065,covers,urn:uuid:71e86eee-5e08-5833-a5cd-22e17b7c2d09,
urn:uuid:0ee3ce6a-f224-5945-b5ef-020c37be2ba0,relation/unit/bab-4-grup-simetris/covers/surface/unit-033/protected-math-zone/220-inline,urn:uuid:e91765dc-cefe-5b2a-a7c3-0abc7e818065,covers,urn:uuid:a6678ed5-67e3-5b96-a6a7-fda39ac60bdf,
urn:uuid:25d130aa-cd8a-5173-80ca-3623c07026e2,relation/unit/bab-4-grup-simetris/covers/surface/unit-033/protected-math-zone/221-display-environment,urn:uuid:e91765dc-cefe-5b2a-a7c3-0abc7e818065,covers,urn:uuid:04cf10fc-6114-5e0e-9898-250d6aed0828,
urn:uuid:f7931c81-0933-570e-ac8a-2c1b03085146,relation/unit/bab-4-grup-simetris/covers/surface/unit-033/protected-math-zone/222-inline,urn:uuid:e91765dc-cefe-5b2a-a7c3-0abc7e818065,covers,urn:uuid:975faf2b-f2c8-5e6b-933c-b264450d91b6,
urn:uuid:b1d593b7-2779-5500-8aed-1881b763daff,relation/unit/bab-4-grup-simetris/covers/surface/unit-033/protected-math-zone/223-inline,urn:uuid:e91765dc-cefe-5b2a-a7c3-0abc7e818065,covers,urn:uuid:59316180-f5fd-5f09-ae06-c116e8dc570d,
urn:uuid:5905669e-b496-5d89-b851-be44b1f0d83a,relation/unit/bab-4-grup-simetris/covers/surface/unit-033/protected-math-zone/224-inline,urn:uuid:e91765dc-cefe-5b2a-a7c3-0abc7e818065,covers,urn:uuid:4a5ae5f3-7a4d-5934-8313-131e13ff6721,
urn:uuid:c9c21335-e114-5c9f-9fcb-6325ed85a7d8,relation/unit/bab-4-grup-simetris/covers/surface/unit-033/protected-math-zone/225-inline,urn:uuid:e91765dc-cefe-5b2a-a7c3-0abc7e818065,covers,urn:uuid:48e2ac92-9c35-5e31-8a0f-9d9c56323241,
urn:uuid:80ccae3d-bd70-5044-a205-d69015b82920,relation/unit/bab-4-grup-simetris/covers/surface/unit-033/protected-math-zone/226-inline,urn:uuid:e91765dc-cefe-5b2a-a7c3-0abc7e818065,covers,urn:uuid:8fb0b0c0-accf-54cb-8931-8cc5cb0cea9b,
urn:uuid:5074c855-d04d-5262-aad3-fd18ee59281c,relation/unit/bab-4-grup-simetris/covers/surface/unit-033/protected-math-zone/227-inline,urn:uuid:e91765dc-cefe-5b2a-a7c3-0abc7e818065,covers,urn:uuid:22bea66f-547d-591b-ba63-392bea6e1af4,
urn:uuid:493ed3fe-f575-5a5f-be9e-d2943d5b0592,relation/unit/bab-4-grup-simetris/covers/surface/unit-033/protected-math-zone/228-display-bracket,urn:uuid:e91765dc-cefe-5b2a-a7c3-0abc7e818065,covers,urn:uuid:99cd77e6-2be7-5305-9b1e-bed1a2f69ae7,
urn:uuid:b80d684c-eb2d-54f3-bd70-3d4d6dcb1cd1,relation/unit/bab-4-grup-simetris/covers/surface/unit-033/protected-math-zone/229-display-environment,urn:uuid:e91765dc-cefe-5b2a-a7c3-0abc7e818065,covers,urn:uuid:bafaab15-120d-5590-89d2-027b9c941214,
urn:uuid:c2ee5520-dfbe-58a9-ac4f-f72d16c36620,relation/unit/bab-4-grup-simetris/covers/surface/unit-033/protected-math-zone/230-inline,urn:uuid:e91765dc-cefe-5b2a-a7c3-0abc7e818065,covers,urn:uuid:5839bef0-b6a3-58b8-9157-3ecf81ec2dcd,
urn:uuid:be38ef5b-ccd3-58a8-84f8-f82e1c0b4c49,relation/unit/bab-4-grup-simetris/covers/surface/unit-033/protected-math-zone/231-inline,urn:uuid:e91765dc-cefe-5b2a-a7c3-0abc7e818065,covers,urn:uuid:f3a3b680-c24b-5d82-857b-127522f487bc,
urn:uuid:fab7620e-aacd-5419-a7e3-301b9e3fcdd5,relation/unit/bab-4-grup-simetris/covers/surface/unit-033/protected-math-zone/232-inline,urn:uuid:e91765dc-cefe-5b2a-a7c3-0abc7e818065,covers,urn:uuid:b53e0dc1-e05e-5d8b-af4a-c364ba119412,
urn:uuid:e08d762d-2c09-5147-add6-e154ca0f31d8,relation/unit/bab-4-grup-simetris/covers/surface/unit-033/protected-math-zone/233-display-environment,urn:uuid:e91765dc-cefe-5b2a-a7c3-0abc7e818065,covers,urn:uuid:c0cc6329-0f42-54a2-94bf-0cbb21b01ff7,
urn:uuid:b561ccb1-a1f2-5eb0-a782-70906662b2be,relation/unit/bab-4-grup-simetris/covers/surface/unit-033/protected-math-zone/234-inline,urn:uuid:e91765dc-cefe-5b2a-a7c3-0abc7e818065,covers,urn:uuid:17b9d207-2db7-5bbf-82f7-885ac94148fc,
urn:uuid:bad069e2-b847-526c-bbe9-db65fd830bda,relation/unit/bab-4-grup-simetris/covers/surface/unit-033/protected-math-zone/235-inline,urn:uuid:e91765dc-cefe-5b2a-a7c3-0abc7e818065,covers,urn:uuid:8188c068-b80d-522b-9d33-2306aa7d5e8c,
urn:uuid:3546e74a-15b7-5864-9a90-328a62705c52,relation/unit/bab-4-grup-simetris/covers/surface/unit-033/protected-math-zone/236-inline,urn:uuid:e91765dc-cefe-5b2a-a7c3-0abc7e818065,covers,urn:uuid:43f43276-0cbb-5f3b-a710-0830e0dd35d7,
urn:uuid:9edf2ac6-0c89-511a-91cc-4951fbf75f9d,relation/unit/bab-4-grup-simetris/covers/surface/unit-033/protected-math-zone/237-inline,urn:uuid:e91765dc-cefe-5b2a-a7c3-0abc7e818065,covers,urn:uuid:69568861-06f2-583f-ab8b-4e733712655c,
urn:uuid:cb6bbd4a-f066-5e0c-8af5-303279203910,relation/unit/bab-4-grup-simetris/covers/surface/unit-033/protected-math-zone/238-inline,urn:uuid:e91765dc-cefe-5b2a-a7c3-0abc7e818065,covers,urn:uuid:a67e3675-1ed2-568e-9a95-8129445c5211,
urn:uuid:b86d4c8f-dfe1-59dc-a6fc-078709e437ae,relation/unit/bab-4-grup-simetris/covers/surface/unit-033/protected-math-zone/239-inline,urn:uuid:e91765dc-cefe-5b2a-a7c3-0abc7e818065,covers,urn:uuid:09ac3bcd-eaa1-575a-a6fb-d0350b0a475c,
urn:uuid:88bec093-dcf2-5574-a83c-ac38f89936c5,relation/unit/bab-4-grup-simetris/covers/surface/unit-033/protected-math-zone/240-inline,urn:uuid:e91765dc-cefe-5b2a-a7c3-0abc7e818065,covers,urn:uuid:0ba746d4-602e-5dd3-a139-32c12a67abde,
urn:uuid:29201cb0-66bc-548f-9ebc-0831e2d46e1f,relation/unit/bab-4-grup-simetris/covers/surface/unit-033/protected-math-zone/241-inline,urn:uuid:e91765dc-cefe-5b2a-a7c3-0abc7e818065,covers,urn:uuid:82327781-585e-5d42-9209-20118e0c4524,
urn:uuid:a37b2a98-b048-5cbb-aa02-b7c333c44783,relation/unit/bab-4-grup-simetris/covers/surface/unit-033/protected-math-zone/242-inline,urn:uuid:e91765dc-cefe-5b2a-a7c3-0abc7e818065,covers,urn:uuid:5183ba28-08a9-53c5-932c-d78012af0c69,
urn:uuid:dce74927-e368-5963-82d8-fdbd0bac92a9,relation/unit/bab-4-grup-simetris/covers/surface/unit-033/protected-math-zone/243-inline,urn:uuid:e91765dc-cefe-5b2a-a7c3-0abc7e818065,covers,urn:uuid:401d51d4-2941-5af6-b35e-38aeb53b6c8a,
urn:uuid:882e9a07-764e-5eec-8735-70d7eea937d8,relation/unit/bab-4-grup-simetris/covers/surface/unit-033/protected-math-zone/244-display-environment,urn:uuid:e91765dc-cefe-5b2a-a7c3-0abc7e818065,covers,urn:uuid:850ac769-8f30-5902-b563-3ef919088574,
urn:uuid:8e33215e-60f8-5ac5-8b52-21154ba4e658,relation/unit/bab-4-grup-simetris/covers/surface/unit-033/protected-math-zone/245-inline,urn:uuid:e91765dc-cefe-5b2a-a7c3-0abc7e818065,covers,urn:uuid:1ed2fdc5-e8f6-50c4-b9fe-76b409a1bb39,
urn:uuid:3d2e7353-e620-51cb-ad36-b370d3b0d056,relation/unit/bab-4-grup-simetris/covers/surface/unit-033/protected-math-zone/246-inline,urn:uuid:e91765dc-cefe-5b2a-a7c3-0abc7e818065,covers,urn:uuid:420004c8-ec69-5d89-8ec5-073f7c98dff2,
urn:uuid:b2ecbb20-5e55-5798-a68c-b1e9c423fc26,relation/unit/bab-4-grup-simetris/covers/surface/unit-033/protected-math-zone/247-inline,urn:uuid:e91765dc-cefe-5b2a-a7c3-0abc7e818065,covers,urn:uuid:71a2040a-d5bf-54d5-8d48-b284f453d9b1,
urn:uuid:d1f9680c-a568-5f40-985d-e2d73b9102f4,relation/unit/bab-4-grup-simetris/covers/surface/unit-033/protected-math-zone/248-inline,urn:uuid:e91765dc-cefe-5b2a-a7c3-0abc7e818065,covers,urn:uuid:2d3a77ce-b423-50c4-8573-a18c95375acc,
urn:uuid:95d738a4-0766-58d7-8eae-492050cec700,relation/unit/bab-4-grup-simetris/covers/surface/unit-033/protected-math-zone/249-inline,urn:uuid:e91765dc-cefe-5b2a-a7c3-0abc7e818065,covers,urn:uuid:2e6870af-99f9-53e9-8835-c5512566bd34,
urn:uuid:c4f35269-4a1a-5c18-821d-8aeb7fe90e2e,relation/unit/bab-4-grup-simetris/covers/surface/unit-033/protected-math-zone/250-inline,urn:uuid:e91765dc-cefe-5b2a-a7c3-0abc7e818065,covers,urn:uuid:a1da7171-46c1-584e-ad45-2816fd31d333,
urn:uuid:605b1c7f-fe85-5b94-b683-200a1ce2ca55,relation/unit/bab-4-grup-simetris/covers/surface/unit-033/protected-math-zone/251-inline,urn:uuid:e91765dc-cefe-5b2a-a7c3-0abc7e818065,covers,urn:uuid:c2869f92-8596-5381-a321-72bf08edf8d2,
urn:uuid:3af35497-4b20-5367-acbe-bdf61592722d,relation/unit/bab-4-grup-simetris/covers/surface/unit-033/protected-math-zone/252-inline,urn:uuid:e91765dc-cefe-5b2a-a7c3-0abc7e818065,covers,urn:uuid:a862ab8f-947d-5bcb-bb53-0d58a8957c68,
urn:uuid:de420e31-53ae-5445-908d-3402d7a60615,relation/unit/bab-4-grup-simetris/covers/surface/unit-033/protected-math-zone/253-inline,urn:uuid:e91765dc-cefe-5b2a-a7c3-0abc7e818065,covers,urn:uuid:586176bc-65a5-541f-b9d8-2004305e1f59,
urn:uuid:30564ee0-b18d-5185-bd2d-94777bb24100,relation/unit/bab-4-grup-simetris/covers/surface/unit-033/protected-math-zone/254-inline,urn:uuid:e91765dc-cefe-5b2a-a7c3-0abc7e818065,covers,urn:uuid:54daea39-4d06-51a5-a3f8-62661b4a2385,
urn:uuid:5c0704e9-f12c-5cc4-a9bd-a7522c240f77,relation/unit/bab-4-grup-simetris/covers/surface/unit-033/protected-math-zone/255-display-environment,urn:uuid:e91765dc-cefe-5b2a-a7c3-0abc7e818065,covers,urn:uuid:2c94fb13-7d4e-512d-bcc9-fc915bd5eec8,
urn:uuid:35f2d6d3-9d11-5596-b97b-76ed0c41b255,relation/unit/bab-4-grup-simetris/covers/surface/unit-033/protected-math-zone/256-inline,urn:uuid:e91765dc-cefe-5b2a-a7c3-0abc7e818065,covers,urn:uuid:48bed07c-b23d-5bcf-af24-9787d542d941,
urn:uuid:f85f0c00-8ad7-5fbb-b0e2-2bf36bdbc5d6,relation/unit/bab-4-grup-simetris/covers/surface/unit-033/protected-math-zone/257-inline,urn:uuid:e91765dc-cefe-5b2a-a7c3-0abc7e818065,covers,urn:uuid:06ea4097-8342-5a6c-a32e-ae6189c46496,
urn:uuid:1f20f43d-90d8-5ed4-8f2b-1e052291c9c1,relation/unit/bab-4-grup-simetris/covers/surface/unit-033/protected-math-zone/258-inline,urn:uuid:e91765dc-cefe-5b2a-a7c3-0abc7e818065,covers,urn:uuid:514213c1-2b85-5b3b-85f2-6476827b5a53,
urn:uuid:1592e1ee-b780-5d43-a375-558238580e3f,relation/unit/bab-4-grup-simetris/covers/surface/unit-033/protected-math-zone/259-inline,urn:uuid:e91765dc-cefe-5b2a-a7c3-0abc7e818065,covers,urn:uuid:ba4c0e9d-049e-5ad6-939f-c388e417fe5c,
urn:uuid:3cf9d33c-be49-5e5a-9468-87222c4fdee3,relation/unit/bab-4-grup-simetris/covers/surface/unit-033/protected-math-zone/260-display-bracket,urn:uuid:e91765dc-cefe-5b2a-a7c3-0abc7e818065,covers,urn:uuid:59b7628f-d36d-501e-831d-072bad9f8598,
urn:uuid:2b4c9298-29ec-5ed6-b811-9f5913b1cdaa,relation/unit/bab-4-grup-simetris/covers/surface/unit-033/protected-math-zone/261-display-environment,urn:uuid:e91765dc-cefe-5b2a-a7c3-0abc7e818065,covers,urn:uuid:f2e2e5ba-493c-5842-a166-af1b73e67619,
urn:uuid:5cfb6e0f-8d2b-5033-bace-8265e1a8fef6,relation/unit/bab-4-grup-simetris/covers/surface/unit-033/protected-math-zone/262-inline,urn:uuid:e91765dc-cefe-5b2a-a7c3-0abc7e818065,covers,urn:uuid:fac12fb0-7899-5ef9-bf11-4ca60dca5bb3,
urn:uuid:bfa2576e-d998-57a8-ab67-c80d7013591b,relation/unit/bab-4-grup-simetris/covers/surface/unit-033/protected-math-zone/263-display-bracket,urn:uuid:e91765dc-cefe-5b2a-a7c3-0abc7e818065,covers,urn:uuid:4b7656c4-4399-57b8-b6d2-34c7c1f3ae68,
urn:uuid:b91760cf-de6e-5d1a-8d49-64b6badc17fa,relation/unit/bab-4-grup-simetris/covers/surface/unit-033/protected-math-zone/264-inline,urn:uuid:e91765dc-cefe-5b2a-a7c3-0abc7e818065,covers,urn:uuid:d8fabfca-6336-5b94-94bb-f54ebfce850d,
urn:uuid:9a6650b3-0d98-5d11-a3cb-d4d273f8cf14,relation/unit/bab-4-grup-simetris/covers/surface/unit-033/protected-math-zone/265-inline,urn:uuid:e91765dc-cefe-5b2a-a7c3-0abc7e818065,covers,urn:uuid:7b263ba4-ea94-53fd-a3b6-9f43ac0394b9,
urn:uuid:51ec83d8-59e8-59e2-9a91-4882be727dc9,relation/unit/bab-4-grup-simetris/covers/surface/unit-033/protected-math-zone/266-inline,urn:uuid:e91765dc-cefe-5b2a-a7c3-0abc7e818065,covers,urn:uuid:d8136909-2539-5808-89d4-eec2a06671d9,
urn:uuid:7ef6f74f-20e3-5dfb-b08f-398e3e578b29,relation/unit/bab-4-grup-simetris/covers/surface/unit-033/protected-math-zone/267-display-environment,urn:uuid:e91765dc-cefe-5b2a-a7c3-0abc7e818065,covers,urn:uuid:260ec84d-534d-54a4-b17c-77d1d95cb2c2,
urn:uuid:c0229260-b1f0-5f06-b0c1-7a86639590a1,relation/unit/bab-4-grup-simetris/covers/surface/unit-033/protected-math-zone/268-inline,urn:uuid:e91765dc-cefe-5b2a-a7c3-0abc7e818065,covers,urn:uuid:8bf70645-eff4-5960-a249-0565600143c0,
urn:uuid:86ca5432-b847-593f-912a-50dad05f83b4,relation/unit/bab-4-grup-simetris/covers/surface/unit-033/protected-math-zone/269-inline,urn:uuid:e91765dc-cefe-5b2a-a7c3-0abc7e818065,covers,urn:uuid:9b580ac4-135f-5465-8765-7527becbaba7,
urn:uuid:7f91dfe5-07d4-57ae-831a-2b421e39dde3,relation/unit/bab-4-grup-simetris/covers/surface/unit-033/protected-math-zone/270-inline,urn:uuid:e91765dc-cefe-5b2a-a7c3-0abc7e818065,covers,urn:uuid:4122f860-1cc1-5552-bc3f-b2ff0f0d2f83,
urn:uuid:2b813e11-7a8c-5434-81d4-ec1204dc066e,relation/unit/bab-4-grup-simetris/covers/surface/unit-033/protected-math-zone/271-inline,urn:uuid:e91765dc-cefe-5b2a-a7c3-0abc7e818065,covers,urn:uuid:9e9b7a72-ae7b-5385-8305-e682e3e1f225,
urn:uuid:4d24aa93-a1d0-59d8-b369-410b838d4aeb,relation/unit/bab-4-grup-simetris/covers/surface/unit-033/protected-math-zone/272-display-environment,urn:uuid:e91765dc-cefe-5b2a-a7c3-0abc7e818065,covers,urn:uuid:ed8cfd48-c1a3-5812-90b3-c93039d32ed0,
urn:uuid:ad46196e-18f7-56c7-9327-4254aef4be95,relation/unit/bab-4-grup-simetris/covers/surface/unit-033/protected-math-zone/273-inline,urn:uuid:e91765dc-cefe-5b2a-a7c3-0abc7e818065,covers,urn:uuid:c3d43dc4-bc4d-5819-acf0-9513830b72e2,
urn:uuid:e396616a-c5dc-52e9-a1a3-46dccea96c44,relation/unit/bab-4-grup-simetris/covers/surface/unit-033/protected-math-zone/274-inline,urn:uuid:e91765dc-cefe-5b2a-a7c3-0abc7e818065,covers,urn:uuid:81e68e41-29af-5c6e-afce-2c8db78d955e,
urn:uuid:b7803c76-dbdd-5fb5-9025-dc7048846379,relation/unit/bab-4-grup-simetris/covers/surface/unit-033/protected-math-zone/275-inline,urn:uuid:e91765dc-cefe-5b2a-a7c3-0abc7e818065,covers,urn:uuid:f37dc6ae-2ba4-5f4a-aa1c-587be4776173,
urn:uuid:1b08f208-1646-5f82-adb5-7a5f396506c1,relation/unit/bab-4-grup-simetris/covers/surface/unit-033/protected-math-zone/276-inline,urn:uuid:e91765dc-cefe-5b2a-a7c3-0abc7e818065,covers,urn:uuid:1ddadba9-e6a5-5313-8c5e-f0122c61ddda,
urn:uuid:6d8d2e51-43eb-5f55-9647-369a6e2388c7,relation/unit/bab-4-grup-simetris/covers/surface/unit-033/protected-math-zone/277-inline,urn:uuid:e91765dc-cefe-5b2a-a7c3-0abc7e818065,covers,urn:uuid:2adf6395-33f4-5676-ae43-057b2e9b4fee,
urn:uuid:2318323c-1918-5311-af71-fd28a804c172,relation/unit/bab-4-grup-simetris/covers/surface/unit-033/protected-math-zone/278-inline,urn:uuid:e91765dc-cefe-5b2a-a7c3-0abc7e818065,covers,urn:uuid:6991e416-924f-58a7-affc-07e9df5d76e7,
urn:uuid:c29c63e9-4253-5ace-b144-130164bfa15c,relation/unit/bab-4-grup-simetris/covers/surface/unit-033/protected-math-zone/279-display-environment,urn:uuid:e91765dc-cefe-5b2a-a7c3-0abc7e818065,covers,urn:uuid:a6a26291-3f5f-5a5d-9392-8328d3bc033d,
urn:uuid:a4e34cb6-8da7-5e48-bc84-075f5d16f112,relation/unit/bab-4-grup-simetris/covers/surface/unit-033/protected-math-zone/280-inline,urn:uuid:e91765dc-cefe-5b2a-a7c3-0abc7e818065,covers,urn:uuid:7363041f-c318-5c0a-80c0-c809a1361b13,
urn:uuid:8b93f99d-4088-5607-86e3-b5bd674eccd2,relation/unit/bab-4-grup-simetris/covers/surface/unit-033/protected-math-zone/281-inline,urn:uuid:e91765dc-cefe-5b2a-a7c3-0abc7e818065,covers,urn:uuid:76ee4cbd-697a-563c-9483-17d4fe2fa0f8,
urn:uuid:11e0ed75-bccb-5e22-a55f-95efc36ad6b5,relation/unit/bab-4-grup-simetris/covers/surface/unit-033/protected-math-zone/282-inline,urn:uuid:e91765dc-cefe-5b2a-a7c3-0abc7e818065,covers,urn:uuid:ca39b917-ebf0-54a6-a30f-7866b5516d60,
urn:uuid:0f37c10b-17a8-5639-94b9-ccd78344d124,relation/unit/bab-4-grup-simetris/covers/surface/unit-033/protected-math-zone/283-inline,urn:uuid:e91765dc-cefe-5b2a-a7c3-0abc7e818065,covers,urn:uuid:03537a3f-bf07-5161-95a2-5a293def977d,
urn:uuid:1decb596-f169-5a5a-b361-6fe21682f4f7,relation/unit/bab-4-grup-simetris/covers/surface/unit-033/protected-math-zone/284-inline,urn:uuid:e91765dc-cefe-5b2a-a7c3-0abc7e818065,covers,urn:uuid:25967559-d4a1-5427-8791-dd8ff835ed93,
urn:uuid:bb0ad213-b69f-5d1a-8b76-15d91ec38745,relation/unit/bab-4-grup-simetris/covers/surface/unit-033/protected-math-zone/285-inline,urn:uuid:e91765dc-cefe-5b2a-a7c3-0abc7e818065,covers,urn:uuid:eab4df79-ad37-5182-b415-3650e1e8b93e,
urn:uuid:92ae682d-58c9-5a0c-a5cb-d0cf2be49ed6,relation/unit/bab-4-grup-simetris/covers/surface/unit-033/protected-math-zone/286-inline,urn:uuid:e91765dc-cefe-5b2a-a7c3-0abc7e818065,covers,urn:uuid:8c475c5d-1c6d-5013-8147-6a5d66e3d0e1,
urn:uuid:9d79ea5e-1dd9-54ac-9230-f7d6e4192e00,relation/unit/bab-4-grup-simetris/covers/surface/unit-033/protected-math-zone/287-inline,urn:uuid:e91765dc-cefe-5b2a-a7c3-0abc7e818065,covers,urn:uuid:7ae15f89-5362-5c4f-87f9-378457552085,
urn:uuid:d0739e06-c6d9-5581-9172-5043449629cb,relation/unit/bab-4-grup-simetris/covers/surface/unit-033/protected-math-zone/288-inline,urn:uuid:e91765dc-cefe-5b2a-a7c3-0abc7e818065,covers,urn:uuid:cc622ca7-3758-5f07-8c35-f92abaf1ff98,
urn:uuid:bafbb01a-ec37-5769-ac46-0c9f1f664d88,relation/unit/bab-4-grup-simetris/covers/surface/unit-033/protected-math-zone/289-display-bracket,urn:uuid:e91765dc-cefe-5b2a-a7c3-0abc7e818065,covers,urn:uuid:e46f2f1b-e75a-5e94-a160-be23e9a5d2fa,
urn:uuid:99013700-78e8-54df-ab62-804bbffc2e71,relation/unit/bab-4-grup-simetris/covers/surface/unit-033/protected-math-zone/290-inline,urn:uuid:e91765dc-cefe-5b2a-a7c3-0abc7e818065,covers,urn:uuid:154d7023-97b2-5fe4-bed2-374c4e5c15c9,
urn:uuid:c6be232b-23a2-54f0-8514-548731e69624,relation/unit/bab-4-grup-simetris/covers/surface/unit-033/protected-math-zone/291-inline,urn:uuid:e91765dc-cefe-5b2a-a7c3-0abc7e818065,covers,urn:uuid:b8e26b0d-462f-5eda-8de8-6f5cbec354e8,
urn:uuid:1e2bb3dd-ec64-57f7-86b9-b6f4f2dbafc9,relation/unit/bab-4-grup-simetris/covers/surface/unit-033/protected-math-zone/292-inline,urn:uuid:e91765dc-cefe-5b2a-a7c3-0abc7e818065,covers,urn:uuid:b4c46ce2-c849-510a-81e4-623306b1a8e2,
urn:uuid:3d8417d0-a93d-5866-9fff-702ef4f08d50,relation/unit/bab-4-grup-simetris/covers/surface/unit-033/protected-math-zone/293-inline,urn:uuid:e91765dc-cefe-5b2a-a7c3-0abc7e818065,covers,urn:uuid:44d80912-b6ac-51a3-ac5b-37ef79d728f0,
urn:uuid:5fad2a10-d2a9-54e6-9049-b7940a8f21c3,relation/unit/bab-4-grup-simetris/covers/surface/unit-033/protected-math-zone/294-inline,urn:uuid:e91765dc-cefe-5b2a-a7c3-0abc7e818065,covers,urn:uuid:01aa3200-7450-5210-8c72-a0bff4cf7f62,
urn:uuid:0deed93e-1a01-5087-9452-e7fe0bf4cec7,relation/unit/bab-4-grup-simetris/covers/surface/unit-033/protected-math-zone/295-inline,urn:uuid:e91765dc-cefe-5b2a-a7c3-0abc7e818065,covers,urn:uuid:13d55e1f-b27a-54c4-9a3a-e8630fbbc42f,
urn:uuid:b9dcd3ce-4108-5392-bea0-dd1871cb68c8,relation/unit/bab-4-grup-simetris/covers/surface/unit-033/protected-math-zone/296-inline,urn:uuid:e91765dc-cefe-5b2a-a7c3-0abc7e818065,covers,urn:uuid:f4e53747-0986-58c2-9cfa-a66c86417164,
urn:uuid:11b505b2-2bcc-5ef6-9e70-65c5ec2ffe03,relation/unit/bab-4-grup-simetris/covers/surface/unit-033/protected-math-zone/297-inline,urn:uuid:e91765dc-cefe-5b2a-a7c3-0abc7e818065,covers,urn:uuid:c2eda1cb-d870-5e3e-a0f8-72fa64f4c6f0,
urn:uuid:4309a1a1-df2e-5c1e-8e74-50e89979078b,relation/unit/bab-4-grup-simetris/covers/surface/unit-033/protected-math-zone/298-inline,urn:uuid:e91765dc-cefe-5b2a-a7c3-0abc7e818065,covers,urn:uuid:6cad5a54-5947-577f-945f-d1ec5ac14ecd,
urn:uuid:49edef26-75e0-5d54-95ef-701feb6a9d30,relation/unit/bab-4-grup-simetris/covers/surface/unit-033/protected-math-zone/299-inline,urn:uuid:e91765dc-cefe-5b2a-a7c3-0abc7e818065,covers,urn:uuid:930e0c44-d94b-52f9-8537-099ba1179de3,
urn:uuid:b6da9173-6f21-5398-81ac-8069e2a36e0a,relation/unit/bab-4-grup-simetris/covers/surface/unit-033/protected-math-zone/300-inline,urn:uuid:e91765dc-cefe-5b2a-a7c3-0abc7e818065,covers,urn:uuid:86a0582b-f2e9-5fbd-930c-618eae222547,
urn:uuid:cf2cda51-4059-5a76-ba88-c57f0e659d04,relation/unit/bab-4-grup-simetris/covers/surface/unit-033/protected-math-zone/301-display-bracket,urn:uuid:e91765dc-cefe-5b2a-a7c3-0abc7e818065,covers,urn:uuid:397e5b7d-8a64-58bc-9f02-baea513c0a8c,
urn:uuid:b706533b-8d28-57df-970f-e649e6b9a128,relation/unit/bab-4-grup-simetris/covers/surface/unit-033/protected-math-zone/302-display-bracket,urn:uuid:e91765dc-cefe-5b2a-a7c3-0abc7e818065,covers,urn:uuid:7ed526a7-a102-5181-b471-1033329b5e3f,
urn:uuid:fb20d2ee-e602-5745-b16f-4865ecba422e,relation/unit/bab-4-grup-simetris/covers/surface/unit-033/protected-math-zone/303-inline,urn:uuid:e91765dc-cefe-5b2a-a7c3-0abc7e818065,covers,urn:uuid:9ee666d2-c988-5ea0-9fbe-9b90e3343748,
urn:uuid:43107ca6-1a8e-52e4-b3bd-26723d57fb96,relation/unit/bab-4-grup-simetris/covers/surface/unit-033/protected-math-zone/304-inline,urn:uuid:e91765dc-cefe-5b2a-a7c3-0abc7e818065,covers,urn:uuid:2a5323a1-fa9d-5914-9e02-ce2c45363b7e,
urn:uuid:81a35a9f-5ab0-5402-b5a4-e43dd02a0f82,relation/unit/bab-4-grup-simetris/covers/surface/unit-033/protected-math-zone/305-inline,urn:uuid:e91765dc-cefe-5b2a-a7c3-0abc7e818065,covers,urn:uuid:3db65963-0c1a-5fec-9dad-64a9b07f2c51,
urn:uuid:266fe52e-b0f8-590e-834c-b25bc8b255e0,relation/unit/bab-4-grup-simetris/covers/surface/unit-033/protected-math-zone/306-inline,urn:uuid:e91765dc-cefe-5b2a-a7c3-0abc7e818065,covers,urn:uuid:49a8d87d-0fba-5d2c-b774-c3545c92f995,
urn:uuid:6ac042a3-8362-5d85-815a-92be1cf9aed9,relation/unit/bab-4-grup-simetris/covers/surface/unit-033/protected-math-zone/307-inline,urn:uuid:e91765dc-cefe-5b2a-a7c3-0abc7e818065,covers,urn:uuid:91e928e2-9eb8-590b-ba0b-8e34863a78c5,
urn:uuid:9d2beeb2-9e1b-53a3-9065-6bb11e509af5,relation/unit/bab-4-grup-simetris/covers/surface/unit-033/protected-math-zone/308-inline,urn:uuid:e91765dc-cefe-5b2a-a7c3-0abc7e818065,covers,urn:uuid:4ff07213-fdc0-5fa2-8bb0-392ecb0543a9,
urn:uuid:6116b819-54de-5f6f-af5c-ce36be91b244,relation/unit/bab-4-grup-simetris/covers/surface/unit-033/protected-math-zone/309-inline,urn:uuid:e91765dc-cefe-5b2a-a7c3-0abc7e818065,covers,urn:uuid:9b066c71-4ca8-5fb5-8195-790e31e607bd,
urn:uuid:998633d1-5e2b-5ef5-926b-6a873cac62fd,relation/unit/bab-4-grup-simetris/covers/surface/unit-033/protected-math-zone/310-inline,urn:uuid:e91765dc-cefe-5b2a-a7c3-0abc7e818065,covers,urn:uuid:5291b4a2-f72f-54ca-9daf-2596eec6032d,
urn:uuid:1b9188bf-8f6a-579c-9dd6-0a0a48132a9a,relation/unit/bab-4-grup-simetris/covers/surface/unit-033/protected-math-zone/311-inline,urn:uuid:e91765dc-cefe-5b2a-a7c3-0abc7e818065,covers,urn:uuid:a12fd4ae-cce1-533b-a640-57ab55387dc6,
urn:uuid:001528ac-99da-5144-b36d-fc6ffbec9472,relation/unit/bab-4-grup-simetris/covers/surface/unit-033/reference/equation/006,urn:uuid:e91765dc-cefe-5b2a-a7c3-0abc7e818065,covers,urn:uuid:9db0d8ab-06e1-56b8-85cb-2d44a8705014,
urn:uuid:71f709eb-f524-5def-869d-0257db676761,relation/unit/bab-4-grup-simetris/covers/surface/unit-033/reference/equation/011,urn:uuid:e91765dc-cefe-5b2a-a7c3-0abc7e818065,covers,urn:uuid:d7b6ea92-9d68-50cf-a564-e44b72ea5dbe,
urn:uuid:09c411e0-630f-58f7-886f-b09a3d925b0d,relation/unit/bab-4-grup-simetris/covers/surface/unit-033/reference/equation/012,urn:uuid:e91765dc-cefe-5b2a-a7c3-0abc7e818065,covers,urn:uuid:81f7c180-4aed-5057-95b9-89229d5a6264,
urn:uuid:057c5650-d826-520b-8be3-b964221f7c92,relation/unit/bab-4-grup-simetris/covers/surface/unit-033/reference/equation/013,urn:uuid:e91765dc-cefe-5b2a-a7c3-0abc7e818065,covers,urn:uuid:93a165c4-0969-5803-be3e-8b374e852283,
urn:uuid:5af9e91c-7a87-5e85-8a6e-f0c2b306f148,relation/unit/bab-4-grup-simetris/covers/surface/unit-033/reference/equation/014,urn:uuid:e91765dc-cefe-5b2a-a7c3-0abc7e818065,covers,urn:uuid:b376746e-2377-5e89-aac3-6729f35e709e,
urn:uuid:9e0d2c47-1027-5423-8bcd-a6d33eb10acb,relation/unit/bab-4-grup-simetris/covers/surface/unit-033/reference/equation/015,urn:uuid:e91765dc-cefe-5b2a-a7c3-0abc7e818065,covers,urn:uuid:321d2141-70bd-5cb3-ac08-bcafbfa04718,
urn:uuid:0fa04214-8992-5a1e-b581-f1e985519d1c,relation/unit/bab-4-grup-simetris/covers/surface/unit-033/reference/equation/016,urn:uuid:e91765dc-cefe-5b2a-a7c3-0abc7e818065,covers,urn:uuid:7d8cec77-f529-51f6-b6d6-a5caf701324c,
urn:uuid:961e4201-317e-5470-a144-fcbffee6d2ec,relation/unit/bab-4-grup-simetris/covers/surface/unit-033/reference/equation/017,urn:uuid:e91765dc-cefe-5b2a-a7c3-0abc7e818065,covers,urn:uuid:39afbf9d-e6a6-585a-9cb5-01f7fac643ca,
urn:uuid:515bbdbb-a228-5749-b818-f02c90174b5e,relation/unit/bab-4-grup-simetris/covers/surface/unit-033/reference/equation/018,urn:uuid:e91765dc-cefe-5b2a-a7c3-0abc7e818065,covers,urn:uuid:56ceeaeb-aaf5-5755-9d9b-a950e5ed2490,
urn:uuid:27468d34-d951-592e-934b-824a5d25f393,relation/unit/bab-4-grup-simetris/covers/surface/unit-033/reference/equation/019,urn:uuid:e91765dc-cefe-5b2a-a7c3-0abc7e818065,covers,urn:uuid:8d11cfff-1df2-55a0-bc15-a208cbe5b76a,
urn:uuid:29207ba8-8eba-566d-8fe1-516e36e59b08,relation/unit/bab-4-grup-simetris/covers/surface/unit-033/reference/ordinary/001,urn:uuid:e91765dc-cefe-5b2a-a7c3-0abc7e818065,covers,urn:uuid:1e8021ab-e091-5c79-87bf-ad5904911c06,
urn:uuid:afb3f72f-4c8e-55a0-9254-55afb1e69614,relation/unit/bab-4-grup-simetris/covers/surface/unit-033/reference/ordinary/002,urn:uuid:e91765dc-cefe-5b2a-a7c3-0abc7e818065,covers,urn:uuid:51b72cb2-2b45-5059-93a3-0918908cf936,
urn:uuid:dafbbcd8-5327-599a-8888-16e6e6b4c3ee,relation/unit/bab-4-grup-simetris/covers/surface/unit-033/reference/ordinary/003,urn:uuid:e91765dc-cefe-5b2a-a7c3-0abc7e818065,covers,urn:uuid:dad54ba9-d278-54ae-b7fd-bf14f383cde4,
urn:uuid:4303cd77-1dae-5631-b0d1-bd41bdf8f0be,relation/unit/bab-4-grup-simetris/covers/surface/unit-033/reference/ordinary/004,urn:uuid:e91765dc-cefe-5b2a-a7c3-0abc7e818065,covers,urn:uuid:6163f8ad-9b5b-5f9f-b395-6a3dcb512526,
urn:uuid:3b5a5a10-4809-510c-bba7-99de09577d13,relation/unit/bab-4-grup-simetris/covers/surface/unit-033/reference/ordinary/005,urn:uuid:e91765dc-cefe-5b2a-a7c3-0abc7e818065,covers,urn:uuid:01952c97-4a69-5231-ba2e-4124adc0772d,
urn:uuid:24eeed40-f33a-59a0-95f5-db7df64a78e8,relation/unit/bab-4-grup-simetris/covers/surface/unit-033/reference/ordinary/007,urn:uuid:e91765dc-cefe-5b2a-a7c3-0abc7e818065,covers,urn:uuid:a3f24d49-58af-55a4-9b5a-43fccb77f24e,
urn:uuid:a15b4239-95b3-585a-9b3b-416a0ccb8f3f,relation/unit/bab-4-grup-simetris/covers/surface/unit-033/reference/ordinary/008,urn:uuid:e91765dc-cefe-5b2a-a7c3-0abc7e818065,covers,urn:uuid:869ac4d8-84b0-53d5-9b67-f78d267f259a,
urn:uuid:0998533d-58cc-5960-823b-ccacc9dc3361,relation/unit/bab-4-grup-simetris/covers/surface/unit-033/reference/ordinary/009,urn:uuid:e91765dc-cefe-5b2a-a7c3-0abc7e818065,covers,urn:uuid:2b04f40f-eadc-55db-a3ac-93190a4a5966,
urn:uuid:a68c4f6a-4326-5ece-9ef2-7d9b15d41fee,relation/unit/bab-4-grup-simetris/covers/surface/unit-033/reference/ordinary/010,urn:uuid:e91765dc-cefe-5b2a-a7c3-0abc7e818065,covers,urn:uuid:e2364cf2-7d12-5f25-a057-bd2e3a3a8d1c,
urn:uuid:ef0b048a-7588-5cbd-bf48-0936971a1581,relation/unit/bab-4-grup-simetris/covers/surface/unit-033/reference/ordinary/020,urn:uuid:e91765dc-cefe-5b2a-a7c3-0abc7e818065,covers,urn:uuid:a1a646d3-2c92-5e72-9156-3b7bef856b0d,
urn:uuid:cb488980-016c-52f4-adea-4487b65117fa,relation/unit/bab-4-grup-simetris/covers/surface/unit-033/terminology-row/001,urn:uuid:e91765dc-cefe-5b2a-a7c3-0abc7e818065,covers,urn:uuid:bc42e141-87d6-5f41-9dc9-4a8409f8cf17,
urn:uuid:38fa5b5b-72e5-502f-8f0a-01b3fea8036e,relation/unit/bab-4-grup-simetris/covers/surface/unit-033/terminology-row/002,urn:uuid:e91765dc-cefe-5b2a-a7c3-0abc7e818065,covers,urn:uuid:dedd36a6-d6cb-5a7e-8eb1-927229da50a6,
urn:uuid:449c295d-e41c-5ed4-8731-3dd5c23f85f8,relation/unit/bab-4-grup-simetris/covers/surface/unit-033/terminology-row/003,urn:uuid:e91765dc-cefe-5b2a-a7c3-0abc7e818065,covers,urn:uuid:37afb3d1-ce9a-5f74-9a7f-b57a99e4bbd2,
urn:uuid:f0e867f6-de42-535a-946f-20ea6e5376a8,relation/unit/bab-4-grup-simetris/covers/surface/unit-033/terminology-row/004,urn:uuid:e91765dc-cefe-5b2a-a7c3-0abc7e818065,covers,urn:uuid:f7113d9b-6051-5898-8646-3ce0cc7a9871,
urn:uuid:a5b604da-cd24-5bd2-990e-a13fb5beb432,relation/unit/bab-4-grup-simetris/covers/surface/unit-033/terminology-row/005,urn:uuid:e91765dc-cefe-5b2a-a7c3-0abc7e818065,covers,urn:uuid:f4312757-ccf7-5caa-a216-ac967d3e87e0,
urn:uuid:51388bba-bc56-5285-a9a2-de93cf1a5b0e,relation/unit/bab-4-grup-simetris/covers/surface/unit-033/terminology-row/006,urn:uuid:e91765dc-cefe-5b2a-a7c3-0abc7e818065,covers,urn:uuid:e2d894d6-1fd8-5120-8248-7bdb57fcd4d6,
urn:uuid:751a700f-8322-5e8e-9a82-e6d40cb0a9fe,relation/unit/bab-4-grup-simetris/covers/surface/unit-033/terminology-row/007,urn:uuid:e91765dc-cefe-5b2a-a7c3-0abc7e818065,covers,urn:uuid:1c1057b7-bb12-5835-96f5-50caa4b0136e,
urn:uuid:c2f185dc-6e0e-5665-bdd0-4fe12695b447,relation/unit/bab-4-grup-simetris/covers/surface/unit-033/terminology-row/008,urn:uuid:e91765dc-cefe-5b2a-a7c3-0abc7e818065,covers,urn:uuid:15d86a55-9642-5f9a-8c53-b081614d12cc,
urn:uuid:6050fa22-6d8e-554d-b94f-42591bcfa14f,relation/unit/bab-4-grup-simetris/covers/surface/unit-033/terminology-row/009,urn:uuid:e91765dc-cefe-5b2a-a7c3-0abc7e818065,covers,urn:uuid:88a5a68a-294e-50e0-bfb3-87d8be1bcc82,
urn:uuid:55e4ac0f-d871-5ad3-b279-4c5d9b0b0b88,relation/unit/bab-4-grup-simetris/covers/surface/unit-033/terminology-row/010,urn:uuid:e91765dc-cefe-5b2a-a7c3-0abc7e818065,covers,urn:uuid:06230138-2946-5ec1-b707-a4daebfcad6f,
urn:uuid:20497755-b4fa-526f-a09f-a423baba960a,relation/unit/bab-4-grup-simetris/covers/surface/unit-033/terminology-row/011,urn:uuid:e91765dc-cefe-5b2a-a7c3-0abc7e818065,covers,urn:uuid:ee63c67f-176a-57c0-b5fd-47a9d9b06fb2,
urn:uuid:898a402c-9485-5790-a50f-d749ba296811,relation/unit/bab-4-grup-simetris/covers/surface/unit-033/terminology-row/012,urn:uuid:e91765dc-cefe-5b2a-a7c3-0abc7e818065,covers,urn:uuid:011b2cda-e546-56d0-b2fe-e1d65b1e7715,
urn:uuid:a4b3f4cc-dead-565f-9487-daa79d49a77f,relation/unit/bab-4-grup-simetris/covers/surface/unit-033/terminology-row/013,urn:uuid:e91765dc-cefe-5b2a-a7c3-0abc7e818065,covers,urn:uuid:604eef70-48f0-559e-98d4-a838a144b6cf,
urn:uuid:2c9f9e1b-5d39-57a4-b92e-ec90be1ded84,relation/unit/bab-4-grup-simetris/covers/terminology-normalization/o013-li-u033-termnorm-001,urn:uuid:e91765dc-cefe-5b2a-a7c3-0abc7e818065,covers,urn:uuid:8ebd4f14-76a0-58f1-95f6-94ea4969c71e,
urn:uuid:2040082f-74b3-51a6-b6ab-8a9c630c0b37,relation/unit/bab-4-grup-simetris/covers/terminology-normalization/o013-li-u033-termnorm-002,urn:uuid:e91765dc-cefe-5b2a-a7c3-0abc7e818065,covers,urn:uuid:be9bc16d-f5d5-564d-8e14-6e9d2dafd2c1,
urn:uuid:766ee242-e024-59c4-89ca-eed1b89e1e08,relation/unit/bab-4-grup-simetris/governed-by/rights/ajbook-fragment-cc-by-sa-3.0,urn:uuid:e91765dc-cefe-5b2a-a7c3-0abc7e818065,governed-by,urn:uuid:10faf5cd-990f-5850-87b4-26922b062485,
urn:uuid:d1c8f5fd-e551-54d7-a9e5-ec814bff68e4,relation/unit/bab-4-grup-simetris/governed-by/rights/noto-fonts-ofl-1.1,urn:uuid:e91765dc-cefe-5b2a-a7c3-0abc7e818065,governed-by,urn:uuid:b9f7a7a7-8e18-507a-b72e-b5de733a7430,
urn:uuid:7336bc82-8f1f-51f9-8930-7572d0298082,relation/unit/bab-4-grup-simetris/governed-by/rights/principal-cc-by-4.0,urn:uuid:e91765dc-cefe-5b2a-a7c3-0abc7e818065,governed-by,urn:uuid:0baf6c47-021d-5310-9475-81519e710250,
urn:uuid:487aab6f-cf41-5173-bc88-95e3035d3738,relation/unit/bab-4-grup-simetris/requires/prerequisite/basic-group-theory,urn:uuid:e91765dc-cefe-5b2a-a7c3-0abc7e818065,requires,urn:uuid:3f5dc8e0-0198-5016-b767-ded1b9ec3d13,prelude.tex:49-60
urn:uuid:1ae3ccf8-cddb-5afe-8fd8-b30713b5a656,relation/unit/bab-4-grup-simetris/requires/prerequisite/basic-mathematical-literacy,urn:uuid:e91765dc-cefe-5b2a-a7c3-0abc7e818065,requires,urn:uuid:8fb6c957-7285-5258-978c-e1369c7e39d7,prelude.tex:49-60
urn:uuid:db3d08e2-b987-5fde-a5f6-0174cb4a3fdb,relation/unit/bab-4-grup-simetris/requires/prerequisite/commutators-derived-series-and-solvability,urn:uuid:e91765dc-cefe-5b2a-a7c3-0abc7e818065,requires,urn:uuid:82ae06ba-bac3-544d-b3ce-f89cd9ad43dd,prelude.tex:49-60
urn:uuid:8c907cc0-5107-511e-8cd1-1220e6aff1ba,relation/unit/bab-4-grup-simetris/requires/prerequisite/elementary-set-theory,urn:uuid:e91765dc-cefe-5b2a-a7c3-0abc7e818065,requires,urn:uuid:00f7d0ea-1b60-51da-843f-cca760a368e4,prelude.tex:49-60
urn:uuid:c4b85712-4217-5752-877c-a7e378522d22,relation/unit/bab-4-grup-simetris/requires/prerequisite/group-actions-orbits-and-stabilizers,urn:uuid:e91765dc-cefe-5b2a-a7c3-0abc7e818065,requires,urn:uuid:1f177bdc-5a38-5076-a2b3-11bea04551e2,prelude.tex:49-60
urn:uuid:bdc8b7ed-8a50-553f-8d5c-40845d593710,relation/unit/bab-4-grup-simetris/requires/prerequisite/group-homomorphisms-kernels-and-quotients,urn:uuid:e91765dc-cefe-5b2a-a7c3-0abc7e818065,requires,urn:uuid:ecd787ee-f056-5200-91e7-f98b3d80d458,prelude.tex:49-60
urn:uuid:dfbd513c-0c36-5ab2-a58f-79989e0b27c9,relation/unit/bab-4-grup-simetris/section/01/covers/concept/adjacent-transposition,urn:uuid:3e92104f-a336-51d7-972f-cbf2151082ed,covers,urn:uuid:f4e2e784-0481-52ef-a290-cad250703001,chapter4.tex:1389-1608 (line 1608 blank boundary omitted from target mapping)
urn:uuid:a99e20d5-9ba3-58e4-9fa5-e98513522b34,relation/unit/bab-4-grup-simetris/section/01/covers/concept/alternating-group,urn:uuid:3e92104f-a336-51d7-972f-cbf2151082ed,covers,urn:uuid:a48f67f3-360d-5de9-85ad-f130f73147ed,chapter4.tex:1389-1608 (line 1608 blank boundary omitted from target mapping)
urn:uuid:fa829704-4656-586d-a5b5-f925804ad340,relation/unit/bab-4-grup-simetris/section/01/covers/concept/artin-braid-presentation,urn:uuid:3e92104f-a336-51d7-972f-cbf2151082ed,covers,urn:uuid:bdf87f68-9018-52a3-a1ae-52e0370941f7,chapter4.tex:1389-1608 (line 1608 blank boundary omitted from target mapping)
urn:uuid:de2d8fd4-3ab9-55cb-9c6e-c01d4636e47e,relation/unit/bab-4-grup-simetris/section/01/covers/concept/braid,urn:uuid:3e92104f-a336-51d7-972f-cbf2151082ed,covers,urn:uuid:26a1e735-08d1-5d3f-b7fc-6da548acb23d,chapter4.tex:1389-1608 (line 1608 blank boundary omitted from target mapping)
urn:uuid:9198066a-bd3e-5055-8b85-6606b48c23db,relation/unit/bab-4-grup-simetris/section/01/covers/concept/braid-composition,urn:uuid:3e92104f-a336-51d7-972f-cbf2151082ed,covers,urn:uuid:8e87d65e-4c43-58c9-9647-27b918671923,chapter4.tex:1389-1608 (line 1608 blank boundary omitted from target mapping)
urn:uuid:d868c645-4b55-5218-8e1b-f0867da011d7,relation/unit/bab-4-grup-simetris/section/01/covers/concept/braid-diagram,urn:uuid:3e92104f-a336-51d7-972f-cbf2151082ed,covers,urn:uuid:bd9469a5-4474-5753-bcf5-c23a167bbff1,chapter4.tex:1389-1608 (line 1608 blank boundary omitted from target mapping)
urn:uuid:a76d3ee2-a6b8-5939-8094-b6746e7b6bac,relation/unit/bab-4-grup-simetris/section/01/covers/concept/braid-group,urn:uuid:3e92104f-a336-51d7-972f-cbf2151082ed,covers,urn:uuid:9de7967d-48de-53aa-bbe6-571364729d1b,chapter4.tex:1389-1608 (line 1608 blank boundary omitted from target mapping)
urn:uuid:a925ef4b-51d7-5d42-9e15-f1d6c38b120a,relation/unit/bab-4-grup-simetris/section/01/covers/concept/braid-relation,urn:uuid:3e92104f-a336-51d7-972f-cbf2151082ed,covers,urn:uuid:72f190e2-7de5-5c3f-9a4d-6749261b26f6,chapter4.tex:1389-1608 (line 1608 blank boundary omitted from target mapping)
urn:uuid:aabbf814-2eed-53f2-8c3e-e0eb947ac283,relation/unit/bab-4-grup-simetris/section/01/covers/concept/braid-to-symmetric-quotient,urn:uuid:3e92104f-a336-51d7-972f-cbf2151082ed,covers,urn:uuid:5dbf4cb6-dd7f-51b4-bc2f-7c6b0187b024,chapter4.tex:1389-1608 (line 1608 blank boundary omitted from target mapping)
urn:uuid:9790f5b7-3e44-5b6b-81fb-3cc495643559,relation/unit/bab-4-grup-simetris/section/01/covers/concept/conjugacy-class,urn:uuid:3e92104f-a336-51d7-972f-cbf2151082ed,covers,urn:uuid:ee6f87d3-6a42-5da6-9a37-ed24dfd162c9,chapter4.tex:1389-1608 (line 1608 blank boundary omitted from target mapping)
urn:uuid:db151ed4-74f3-596b-9264-ac8f8a95a392,relation/unit/bab-4-grup-simetris/section/01/covers/concept/coxeter-group,urn:uuid:3e92104f-a336-51d7-972f-cbf2151082ed,covers,urn:uuid:e8b6e5e9-fb71-5e99-a380-87bc0a36d74a,chapter4.tex:1389-1608 (line 1608 blank boundary omitted from target mapping)
urn:uuid:e0563d47-4d08-57fc-bb71-abd78f71b649,relation/unit/bab-4-grup-simetris/section/01/covers/concept/coxeter-matrix,urn:uuid:3e92104f-a336-51d7-972f-cbf2151082ed,covers,urn:uuid:2b2ebf49-3c61-59c8-8080-0ad5060f50f3,chapter4.tex:1389-1608 (line 1608 blank boundary omitted from target mapping)
urn:uuid:b72c9a24-fc9a-530c-8114-e487ce0ad801,relation/unit/bab-4-grup-simetris/section/01/covers/concept/coxeter-presentation,urn:uuid:3e92104f-a336-51d7-972f-cbf2151082ed,covers,urn:uuid:0b3107f2-b7ad-5ba5-8626-efe811732cba,chapter4.tex:1389-1608 (line 1608 blank boundary omitted from target mapping)
urn:uuid:058a4b26-28ac-56fd-bb4b-9abc286a623b,relation/unit/bab-4-grup-simetris/section/01/covers/concept/cycle,urn:uuid:3e92104f-a336-51d7-972f-cbf2151082ed,covers,urn:uuid:9d37cdb4-a102-54ea-8c46-7f8964656ca9,chapter4.tex:1389-1608 (line 1608 blank boundary omitted from target mapping)
urn:uuid:c8b61d82-581c-5901-b09a-315cf69b94ce,relation/unit/bab-4-grup-simetris/section/01/covers/concept/cycle-length,urn:uuid:3e92104f-a336-51d7-972f-cbf2151082ed,covers,urn:uuid:c2cbab25-5db6-5f4d-8399-8a58d36f9d18,chapter4.tex:1389-1608 (line 1608 blank boundary omitted from target mapping)
urn:uuid:2b396e24-eac0-5bd3-a7b8-324a28394d50,relation/unit/bab-4-grup-simetris/section/01/covers/concept/cycle-type,urn:uuid:3e92104f-a336-51d7-972f-cbf2151082ed,covers,urn:uuid:7d18055d-35fd-5762-bac2-6284f5aab138,chapter4.tex:1389-1608 (line 1608 blank boundary omitted from target mapping)
urn:uuid:f09d6da7-ac3a-50df-8d15-cb0c192e9194,relation/unit/bab-4-grup-simetris/section/01/covers/concept/derived-subgroup,urn:uuid:3e92104f-a336-51d7-972f-cbf2151082ed,covers,urn:uuid:7cec8a99-ec21-529d-a642-805091997b23,chapter4.tex:1389-1608 (line 1608 blank boundary omitted from target mapping)
urn:uuid:78151154-2621-5ccc-94ef-48be7fa939f8,relation/unit/bab-4-grup-simetris/section/01/covers/concept/dihedral-group,urn:uuid:3e92104f-a336-51d7-972f-cbf2151082ed,covers,urn:uuid:468ec75b-bb5b-53bd-9625-ed823297f398,chapter4.tex:1389-1608 (line 1608 blank boundary omitted from target mapping)
urn:uuid:e6d9e9e0-dcb4-51d3-8ac2-e84d88369dd0,relation/unit/bab-4-grup-simetris/section/01/covers/concept/disjoint-cycle-decomposition,urn:uuid:3e92104f-a336-51d7-972f-cbf2151082ed,covers,urn:uuid:ccfc0a2c-c143-5e2e-91c3-d2c58a4a8a60,chapter4.tex:1389-1608 (line 1608 blank boundary omitted from target mapping)
urn:uuid:a09cffab-ea15-58c1-97c9-a9e98221b096,relation/unit/bab-4-grup-simetris/section/01/covers/concept/disjoint-cycles,urn:uuid:3e92104f-a336-51d7-972f-cbf2151082ed,covers,urn:uuid:ddb6c892-0757-501c-be2c-045d867688fc,chapter4.tex:1389-1608 (line 1608 blank boundary omitted from target mapping)
urn:uuid:9c9df098-1d0a-5dff-9b55-54e387d0d35d,relation/unit/bab-4-grup-simetris/section/01/covers/concept/even-permutation,urn:uuid:3e92104f-a336-51d7-972f-cbf2151082ed,covers,urn:uuid:236f49a1-64c1-55e6-9189-c2da97762d68,chapter4.tex:1389-1608 (line 1608 blank boundary omitted from target mapping)
urn:uuid:b49f8fe5-6e07-57e2-8219-4dc573c5ed87,relation/unit/bab-4-grup-simetris/section/01/covers/concept/fixed-point,urn:uuid:3e92104f-a336-51d7-972f-cbf2151082ed,covers,urn:uuid:47062e0b-9df9-5fc2-a5b8-736859cd68d8,chapter4.tex:1389-1608 (line 1608 blank boundary omitted from target mapping)
urn:uuid:9087b799-c385-541e-90cf-0572e94df2d6,relation/unit/bab-4-grup-simetris/section/01/covers/concept/galois-simplicity-theorem,urn:uuid:3e92104f-a336-51d7-972f-cbf2151082ed,covers,urn:uuid:198f6b12-064c-5be0-9bfb-500138488a01,chapter4.tex:1389-1608 (line 1608 blank boundary omitted from target mapping)
urn:uuid:6234c2a2-0da7-562c-becc-68ef46f66527,relation/unit/bab-4-grup-simetris/section/01/covers/concept/generators-and-relations,urn:uuid:3e92104f-a336-51d7-972f-cbf2151082ed,covers,urn:uuid:e527cc9f-928e-558d-923d-d636065fd575,chapter4.tex:1389-1608 (line 1608 blank boundary omitted from target mapping)
urn:uuid:28dc2118-f52b-5ba5-88c0-14aa89d588ae,relation/unit/bab-4-grup-simetris/section/01/covers/concept/index-two-subgroup,urn:uuid:3e92104f-a336-51d7-972f-cbf2151082ed,covers,urn:uuid:59caf068-aee1-59e2-b0b0-1967b53598fd,chapter4.tex:1389-1608 (line 1608 blank boundary omitted from target mapping)
urn:uuid:e98ebbd3-4bd1-5ace-8e74-938c51c88201,relation/unit/bab-4-grup-simetris/section/01/covers/concept/integer-partition,urn:uuid:3e92104f-a336-51d7-972f-cbf2151082ed,covers,urn:uuid:2816f880-df00-5dc9-9fcd-fb534bbd1642,chapter4.tex:1389-1608 (line 1608 blank boundary omitted from target mapping)
urn:uuid:3f1d8b00-5fea-5e1f-a911-9e30a27764b0,relation/unit/bab-4-grup-simetris/section/01/covers/concept/least-common-multiple,urn:uuid:3e92104f-a336-51d7-972f-cbf2151082ed,covers,urn:uuid:6bdaf76a-cdb0-5788-bd02-d3a2f713cf19,chapter4.tex:1389-1608 (line 1608 blank boundary omitted from target mapping)
urn:uuid:76bb4a82-ed6a-57ce-ade5-75f1bb71a8ed,relation/unit/bab-4-grup-simetris/section/01/covers/concept/nonabelian-simple-group,urn:uuid:3e92104f-a336-51d7-972f-cbf2151082ed,covers,urn:uuid:d76574d6-d77c-52b0-94f5-1f571e8f86c0,chapter4.tex:1389-1608 (line 1608 blank boundary omitted from target mapping)
urn:uuid:b58026c6-3d5b-5e3f-b665-3535ebeaccab,relation/unit/bab-4-grup-simetris/section/01/covers/concept/nonsolvability-of-symmetric-groups,urn:uuid:3e92104f-a336-51d7-972f-cbf2151082ed,covers,urn:uuid:b5c41d3d-ed60-513d-a14e-0ff304e2f2b0,chapter4.tex:1389-1608 (line 1608 blank boundary omitted from target mapping)
urn:uuid:1f048c7e-9fce-5b40-beda-6de4aa9bf110,relation/unit/bab-4-grup-simetris/section/01/covers/concept/odd-permutation,urn:uuid:3e92104f-a336-51d7-972f-cbf2151082ed,covers,urn:uuid:e73bdb4b-2b28-5ece-be77-5c73ccd2fef6,chapter4.tex:1389-1608 (line 1608 blank boundary omitted from target mapping)
urn:uuid:3e055289-54d9-5df2-8aab-914e1032cedb,relation/unit/bab-4-grup-simetris/section/01/covers/concept/order-of-permutation,urn:uuid:3e92104f-a336-51d7-972f-cbf2151082ed,covers,urn:uuid:ed45d4dd-03fa-5d27-b9f8-112231f9bb15,chapter4.tex:1389-1608 (line 1608 blank boundary omitted from target mapping)
urn:uuid:077927c1-1640-5cd3-8cbc-403e00253039,relation/unit/bab-4-grup-simetris/section/01/covers/concept/permutation,urn:uuid:3e92104f-a336-51d7-972f-cbf2151082ed,covers,urn:uuid:1022cf0c-faf9-573c-a812-1c61356ca810,chapter4.tex:1389-1608 (line 1608 blank boundary omitted from target mapping)
urn:uuid:3146debe-8ddd-5866-b301-95782ef0f3a8,relation/unit/bab-4-grup-simetris/section/01/covers/concept/permutation-support,urn:uuid:3e92104f-a336-51d7-972f-cbf2151082ed,covers,urn:uuid:09c184fc-997a-5322-9aa2-e369e62e4a29,chapter4.tex:1389-1608 (line 1608 blank boundary omitted from target mapping)
urn:uuid:a53a54ca-c596-5850-92ae-32da26b25871,relation/unit/bab-4-grup-simetris/section/01/covers/concept/sign-homomorphism,urn:uuid:3e92104f-a336-51d7-972f-cbf2151082ed,covers,urn:uuid:c537b022-21a8-542c-8adb-40be6327a87e,chapter4.tex:1389-1608 (line 1608 blank boundary omitted from target mapping)
urn:uuid:a484fb08-82de-5105-b064-f321938b202c,relation/unit/bab-4-grup-simetris/section/01/covers/concept/simple-group,urn:uuid:3e92104f-a336-51d7-972f-cbf2151082ed,covers,urn:uuid:c42a5c21-0ae4-559c-b5c3-4e6dc1ed41ad,chapter4.tex:1389-1608 (line 1608 blank boundary omitted from target mapping)
urn:uuid:3be8e984-f122-597a-a89a-e0a6ed0317c3,relation/unit/bab-4-grup-simetris/section/01/covers/concept/solvable-group,urn:uuid:3e92104f-a336-51d7-972f-cbf2151082ed,covers,urn:uuid:b90042f3-4f6c-5801-a457-bfae432bb7c4,chapter4.tex:1389-1608 (line 1608 blank boundary omitted from target mapping)
urn:uuid:f73d90e4-5120-5f7e-9878-e19f17299095,relation/unit/bab-4-grup-simetris/section/01/covers/concept/symmetric-group,urn:uuid:3e92104f-a336-51d7-972f-cbf2151082ed,covers,urn:uuid:466b1220-9ccc-56d2-a193-0cad39523da3,chapter4.tex:1389-1608 (line 1608 blank boundary omitted from target mapping)
urn:uuid:0184aa53-ce5f-556d-a25f-e8ce474f53f4,relation/unit/bab-4-grup-simetris/section/01/covers/concept/three-cycle,urn:uuid:3e92104f-a336-51d7-972f-cbf2151082ed,covers,urn:uuid:110ad0c7-c8bd-5a3b-b696-d752036adaf5,chapter4.tex:1389-1608 (line 1608 blank boundary omitted from target mapping)
urn:uuid:50db2e3f-995f-5755-ae50-2d6239385d58,relation/unit/bab-4-grup-simetris/section/01/covers/concept/transposition,urn:uuid:3e92104f-a336-51d7-972f-cbf2151082ed,covers,urn:uuid:c4318375-2fee-5a24-a2f3-9d94e01817c8,chapter4.tex:1389-1608 (line 1608 blank boundary omitted from target mapping)
urn:uuid:c515799e-fa8d-52ca-ba56-246011fa95bc,relation/unit/bab-4-grup-simetris/section/01/covers/concept/vandermonde-function,urn:uuid:3e92104f-a336-51d7-972f-cbf2151082ed,covers,urn:uuid:1a2b67b8-cc2c-565a-8708-a5c6824d80d4,chapter4.tex:1389-1608 (line 1608 blank boundary omitted from target mapping)
urn:uuid:82e870a5-4f59-52ea-845c-aa2e2de93ecc,relation/unit/bab-4-grup-simetris/section/01/covers/concept/yang-baxter-equation,urn:uuid:3e92104f-a336-51d7-972f-cbf2151082ed,covers,urn:uuid:38a1e0d5-c6ed-59d7-a961-bfdf822b1cef,chapter4.tex:1389-1608 (line 1608 blank boundary omitted from target mapping)
urn:uuid:33004982-c09c-5b69-9c51-a4103a12b11e,relation/unit/bab-4-grup-simetris/section/01/covers/correction/o013-li-u033-cor-001,urn:uuid:3e92104f-a336-51d7-972f-cbf2151082ed,covers,urn:uuid:a4c482b1-f585-57d4-9adf-52248fa6680c,chapter4.tex:1389-1608 (line 1608 blank boundary omitted from target mapping)
urn:uuid:8974b27e-7b85-5ba5-a3c0-33ab9e5c1f32,relation/unit/bab-4-grup-simetris/section/01/covers/correction/o013-li-u033-cor-002,urn:uuid:3e92104f-a336-51d7-972f-cbf2151082ed,covers,urn:uuid:20bbe278-1a63-5ad8-896a-fc0df5a3c88d,chapter4.tex:1389-1608 (line 1608 blank boundary omitted from target mapping)
urn:uuid:5257bf0f-a2f3-5a86-8b24-6bb6f54bd48b,relation/unit/bab-4-grup-simetris/section/01/covers/digital-reflow/o013-li-u033-reflow-001,urn:uuid:3e92104f-a336-51d7-972f-cbf2151082ed,covers,urn:uuid:8774285d-7d1f-5060-98d9-e1f8f7df42ae,chapter4.tex:1389-1608 (line 1608 blank boundary omitted from target mapping)
urn:uuid:884c08a8-f5ff-53f4-95f0-c9f736d91b45,relation/unit/bab-4-grup-simetris/section/01/covers/protected-text-localization/o013-li-u033-loc-001,urn:uuid:3e92104f-a336-51d7-972f-cbf2151082ed,covers,urn:uuid:5d3c82e8-5828-565e-b9c2-75051b1b678e,chapter4.tex:1389-1608 (line 1608 blank boundary omitted from target mapping)
urn:uuid:fe9e7960-c337-5f79-a05a-7df4e125c96f,relation/unit/bab-4-grup-simetris/section/01/covers/protected-text-localization/o013-li-u033-loc-002,urn:uuid:3e92104f-a336-51d7-972f-cbf2151082ed,covers,urn:uuid:987a3ef4-f1d9-566a-a6ed-7618841a6c25,chapter4.tex:1389-1608 (line 1608 blank boundary omitted from target mapping)
urn:uuid:aeb8709c-0bb1-5e5f-a4f4-127986b30a35,relation/unit/bab-4-grup-simetris/section/01/covers/protected-text-localization/o013-li-u033-loc-003,urn:uuid:3e92104f-a336-51d7-972f-cbf2151082ed,covers,urn:uuid:a17b677f-9f54-586f-b8a2-cbabefa45aa6,chapter4.tex:1389-1608 (line 1608 blank boundary omitted from target mapping)
urn:uuid:6e467040-aa53-5d54-8157-15d77b7f5fa4,relation/unit/bab-4-grup-simetris/section/01/covers/protected-text-localization/o013-li-u033-loc-004,urn:uuid:3e92104f-a336-51d7-972f-cbf2151082ed,covers,urn:uuid:2ac781b2-89f6-52a4-bdaa-40ab91f0a8b1,chapter4.tex:1389-1608 (line 1608 blank boundary omitted from target mapping)
urn:uuid:ed645c93-7438-5cc2-9b84-6ccd9fe69893,relation/unit/bab-4-grup-simetris/section/01/covers/protected-text-localization/o013-li-u033-loc-005,urn:uuid:3e92104f-a336-51d7-972f-cbf2151082ed,covers,urn:uuid:772c9441-7701-562b-bca4-925523acf2c9,chapter4.tex:1389-1608 (line 1608 blank boundary omitted from target mapping)
urn:uuid:8142d684-c1ff-5e5f-9506-33051a1d8399,relation/unit/bab-4-grup-simetris/section/01/covers/provenance/o013-li-u033-production,urn:uuid:3e92104f-a336-51d7-972f-cbf2151082ed,covers,urn:uuid:d088ef49-497f-5c3e-88b8-fe5422fc4d15,chapter4.tex:1389-1608 (line 1608 blank boundary omitted from target mapping)
urn:uuid:f18f2ba2-2d8c-5f1e-95d4-601739676495,relation/unit/bab-4-grup-simetris/section/01/covers/surface/unit-033/diagram-arrow/001,urn:uuid:3e92104f-a336-51d7-972f-cbf2151082ed,covers,urn:uuid:5ce0573c-89e2-5e61-997e-4637ad4d84be,chapter4.tex:1389-1608 (line 1608 blank boundary omitted from target mapping)
urn:uuid:153b211d-786e-5542-9bce-ce89fd8c63c8,relation/unit/bab-4-grup-simetris/section/01/covers/surface/unit-033/diagram-arrow/002,urn:uuid:3e92104f-a336-51d7-972f-cbf2151082ed,covers,urn:uuid:9cd93438-71bf-5610-9b88-ed342168d2c6,chapter4.tex:1389-1608 (line 1608 blank boundary omitted from target mapping)
urn:uuid:6777efdb-c4fe-5010-9d84-bccb3984796c,relation/unit/bab-4-grup-simetris/section/01/covers/surface/unit-033/diagram-arrow/003,urn:uuid:3e92104f-a336-51d7-972f-cbf2151082ed,covers,urn:uuid:a50f51b9-28a4-570e-aa89-7d314f5a954e,chapter4.tex:1389-1608 (line 1608 blank boundary omitted from target mapping)
urn:uuid:5a5471dc-73fb-58b2-b361-f8a3522130cc,relation/unit/bab-4-grup-simetris/section/01/covers/surface/unit-033/diagram-arrow/004,urn:uuid:3e92104f-a336-51d7-972f-cbf2151082ed,covers,urn:uuid:8b763cd7-be52-56ae-b658-2f8c42ac4c48,chapter4.tex:1389-1608 (line 1608 blank boundary omitted from target mapping)
urn:uuid:515c5f7b-0d14-5f29-b622-301c7b37e7ca,relation/unit/bab-4-grup-simetris/section/01/covers/surface/unit-033/drawing-command/001-braid,urn:uuid:3e92104f-a336-51d7-972f-cbf2151082ed,covers,urn:uuid:2043a5e4-93cf-597c-8113-33a146a3ba25,chapter4.tex:1389-1608 (line 1608 blank boundary omitted from target mapping)
urn:uuid:d1655ef1-9637-50c6-acc9-e88493dc8c04,relation/unit/bab-4-grup-simetris/section/01/covers/surface/unit-033/drawing-command/002-braid,urn:uuid:3e92104f-a336-51d7-972f-cbf2151082ed,covers,urn:uuid:cfb7e29e-ec2f-5947-b79f-e8394fc9d86b,chapter4.tex:1389-1608 (line 1608 blank boundary omitted from target mapping)
urn:uuid:1abb3b62-12d9-52ca-9d6f-49bcc279b30c,relation/unit/bab-4-grup-simetris/section/01/covers/surface/unit-033/drawing-command/003-braid,urn:uuid:3e92104f-a336-51d7-972f-cbf2151082ed,covers,urn:uuid:1eb7cefe-08eb-5a99-aa56-6c88368f8673,chapter4.tex:1389-1608 (line 1608 blank boundary omitted from target mapping)
urn:uuid:fc1060d3-88a3-5e18-842b-3d709c311991,relation/unit/bab-4-grup-simetris/section/01/covers/surface/unit-033/drawing-command/004-braid,urn:uuid:3e92104f-a336-51d7-972f-cbf2151082ed,covers,urn:uuid:2a6b15b5-21bb-530c-9f81-985843bd5a3a,chapter4.tex:1389-1608 (line 1608 blank boundary omitted from target mapping)
urn:uuid:f77740fa-7bb0-5fbc-a96c-3ebc485fe611,relation/unit/bab-4-grup-simetris/section/01/covers/surface/unit-033/drawing-command/005-braid,urn:uuid:3e92104f-a336-51d7-972f-cbf2151082ed,covers,urn:uuid:256392e1-3fae-5126-90aa-b0f04ea58433,chapter4.tex:1389-1608 (line 1608 blank boundary omitted from target mapping)
urn:uuid:4122e066-1c15-557c-a497-fe3df99791a2,relation/unit/bab-4-grup-simetris/section/01/covers/surface/unit-033/drawing-command/006-draw,urn:uuid:3e92104f-a336-51d7-972f-cbf2151082ed,covers,urn:uuid:70f7ffa8-bc0a-5a83-a485-bac43fbeebf0,chapter4.tex:1389-1608 (line 1608 blank boundary omitted from target mapping)
urn:uuid:8dd07e9f-03dd-5940-8bfa-2bc821cd4e5b,relation/unit/bab-4-grup-simetris/section/01/covers/surface/unit-033/drawing-command/007-draw,urn:uuid:3e92104f-a336-51d7-972f-cbf2151082ed,covers,urn:uuid:6db58c23-7146-59f3-b893-c6d8a1148093,chapter4.tex:1389-1608 (line 1608 blank boundary omitted from target mapping)
urn:uuid:a9bc4238-f73b-5cbb-bad9-4dcd4a1f0052,relation/unit/bab-4-grup-simetris/section/01/covers/surface/unit-033/drawing-command/008-braid,urn:uuid:3e92104f-a336-51d7-972f-cbf2151082ed,covers,urn:uuid:c0930dc3-5346-5db2-bbc2-566bf3addb2e,chapter4.tex:1389-1608 (line 1608 blank boundary omitted from target mapping)
urn:uuid:3286925d-3dc6-5130-8707-344cada07ea0,relation/unit/bab-4-grup-simetris/section/01/covers/surface/unit-033/drawing-command/009-node,urn:uuid:3e92104f-a336-51d7-972f-cbf2151082ed,covers,urn:uuid:c7cd401e-7cd4-5e86-9e35-cd2833161f83,chapter4.tex:1389-1608 (line 1608 blank boundary omitted from target mapping)
urn:uuid:c4bef187-8eea-5a0b-8e44-ad1226e1d061,relation/unit/bab-4-grup-simetris/section/01/covers/surface/unit-033/drawing-command/010-node,urn:uuid:3e92104f-a336-51d7-972f-cbf2151082ed,covers,urn:uuid:4a642d83-8950-584e-b496-307825052f39,chapter4.tex:1389-1608 (line 1608 blank boundary omitted from target mapping)
urn:uuid:02f6afce-b2e1-5a3e-9060-3f1d043d231a,relation/unit/bab-4-grup-simetris/section/01/covers/surface/unit-033/drawing-command/011-braid,urn:uuid:3e92104f-a336-51d7-972f-cbf2151082ed,covers,urn:uuid:c737e393-54fa-5ff0-8961-576165c3ecae,chapter4.tex:1389-1608 (line 1608 blank boundary omitted from target mapping)
urn:uuid:600bca74-cca6-5569-94da-b0e3b4dedefb,relation/unit/bab-4-grup-simetris/section/01/covers/surface/unit-033/drawing-command/012-node,urn:uuid:3e92104f-a336-51d7-972f-cbf2151082ed,covers,urn:uuid:49458b36-dbc1-51ef-9749-d7cf4525b907,chapter4.tex:1389-1608 (line 1608 blank boundary omitted from target mapping)
urn:uuid:4c76e2d7-c230-562f-a382-ee0d5b2f5eb6,relation/unit/bab-4-grup-simetris/section/01/covers/surface/unit-033/drawing-command/013-node,urn:uuid:3e92104f-a336-51d7-972f-cbf2151082ed,covers,urn:uuid:1fd10c4f-44ad-567f-a3c9-123bd4f9c5d4,chapter4.tex:1389-1608 (line 1608 blank boundary omitted from target mapping)
urn:uuid:389c9d40-7b5d-5e45-80b4-e2af20d7a3ef,relation/unit/bab-4-grup-simetris/section/01/covers/surface/unit-033/drawing-command/014-node,urn:uuid:3e92104f-a336-51d7-972f-cbf2151082ed,covers,urn:uuid:9b48057b-cb60-58da-a805-24d11abb03ef,chapter4.tex:1389-1608 (line 1608 blank boundary omitted from target mapping)
urn:uuid:60b66d61-3129-5f1e-90e5-0cd43d79b0af,relation/unit/bab-4-grup-simetris/section/01/covers/surface/unit-033/drawing-command/015-braid,urn:uuid:3e92104f-a336-51d7-972f-cbf2151082ed,covers,urn:uuid:83f8c93f-3abd-52f5-8c62-e6ce5b749172,chapter4.tex:1389-1608 (line 1608 blank boundary omitted from target mapping)
urn:uuid:2cb3558d-1ac7-5d76-8f9b-83aceed1b59e,relation/unit/bab-4-grup-simetris/section/01/covers/surface/unit-033/drawing-command/016-node,urn:uuid:3e92104f-a336-51d7-972f-cbf2151082ed,covers,urn:uuid:18407817-11c5-56df-92f3-cfbe88d35089,chapter4.tex:1389-1608 (line 1608 blank boundary omitted from target mapping)
urn:uuid:5b3ca527-22a1-5b43-af2e-6b7c8a4d1a2f,relation/unit/bab-4-grup-simetris/section/01/covers/surface/unit-033/drawing-command/017-node,urn:uuid:3e92104f-a336-51d7-972f-cbf2151082ed,covers,urn:uuid:1720288e-249f-5b3a-873e-3610def64d10,chapter4.tex:1389-1608 (line 1608 blank boundary omitted from target mapping)
urn:uuid:6c789f0c-f7cd-5cb0-96ac-75a88ae892a3,relation/unit/bab-4-grup-simetris/section/01/covers/surface/unit-033/drawing-command/018-node,urn:uuid:3e92104f-a336-51d7-972f-cbf2151082ed,covers,urn:uuid:e5fedc53-ef03-5bc6-89f1-7fea0e779979,chapter4.tex:1389-1608 (line 1608 blank boundary omitted from target mapping)
urn:uuid:301d3102-783e-53c7-b72a-d76f776ab2ea,relation/unit/bab-4-grup-simetris/section/01/covers/surface/unit-033/drawing-command/019-node,urn:uuid:3e92104f-a336-51d7-972f-cbf2151082ed,covers,urn:uuid:1736f10d-e0ca-5423-8c91-3b75c1e9849a,chapter4.tex:1389-1608 (line 1608 blank boundary omitted from target mapping)
urn:uuid:0e74bd60-88fa-5059-9ece-c208d1fe49c1,relation/unit/bab-4-grup-simetris/section/01/covers/surface/unit-033/drawing-command/020-node,urn:uuid:3e92104f-a336-51d7-972f-cbf2151082ed,covers,urn:uuid:5208ab7b-ac30-5ddd-9a63-62d48a84c765,chapter4.tex:1389-1608 (line 1608 blank boundary omitted from target mapping)
urn:uuid:51b60f06-5741-5814-be07-acfbb4876e5e,relation/unit/bab-4-grup-simetris/section/01/covers/surface/unit-033/drawing-command/021-draw,urn:uuid:3e92104f-a336-51d7-972f-cbf2151082ed,covers,urn:uuid:abc889eb-8911-5434-aaef-37a09c35e7b2,chapter4.tex:1389-1608 (line 1608 blank boundary omitted from target mapping)
urn:uuid:17e48938-0897-5e89-ae49-cf2bca519997,relation/unit/bab-4-grup-simetris/section/01/covers/surface/unit-033/drawing-command/022-braid,urn:uuid:3e92104f-a336-51d7-972f-cbf2151082ed,covers,urn:uuid:3d5043da-080f-5adb-9f93-f171530c96b1,chapter4.tex:1389-1608 (line 1608 blank boundary omitted from target mapping)
urn:uuid:ca9292d4-8336-54e2-bd6b-d6bf79e53ed3,relation/unit/bab-4-grup-simetris/section/01/covers/surface/unit-033/environment/001-definition-01,urn:uuid:3e92104f-a336-51d7-972f-cbf2151082ed,covers,urn:uuid:3263ff2c-7995-513b-a871-dd439274f77d,chapter4.tex:1389-1608 (line 1608 blank boundary omitted from target mapping)
urn:uuid:925066ba-3ec4-529d-92fb-700a090f7564,relation/unit/bab-4-grup-simetris/section/01/covers/surface/unit-033/environment/002-gather-01,urn:uuid:3e92104f-a336-51d7-972f-cbf2151082ed,covers,urn:uuid:10e49d6b-125c-5369-94d3-afe7c85ee129,chapter4.tex:1389-1608 (line 1608 blank boundary omitted from target mapping)
urn:uuid:2a9d88ba-1235-5b16-90ef-77ef83cdfc1d,relation/unit/bab-4-grup-simetris/section/01/covers/surface/unit-033/environment/003-proposition-01,urn:uuid:3e92104f-a336-51d7-972f-cbf2151082ed,covers,urn:uuid:777fb001-d327-512b-9646-b28ed19598c0,chapter4.tex:1389-1608 (line 1608 blank boundary omitted from target mapping)
urn:uuid:ef07c80e-8acf-587c-bb43-0f2472f9d522,relation/unit/bab-4-grup-simetris/section/01/covers/surface/unit-033/environment/004-proof-01,urn:uuid:3e92104f-a336-51d7-972f-cbf2151082ed,covers,urn:uuid:2e87b3da-b3fd-5443-8446-d5f68cfd21e1,chapter4.tex:1389-1608 (line 1608 blank boundary omitted from target mapping)
urn:uuid:5402c847-beb6-5fd1-9581-a3161a16d6f5,relation/unit/bab-4-grup-simetris/section/01/covers/surface/unit-033/environment/005-lemma-01,urn:uuid:3e92104f-a336-51d7-972f-cbf2151082ed,covers,urn:uuid:f4db831a-e9b1-5100-b005-c0a3457d30c4,chapter4.tex:1389-1608 (line 1608 blank boundary omitted from target mapping)
urn:uuid:266e816c-9e4f-5499-9349-75c5bee3266b,relation/unit/bab-4-grup-simetris/section/01/covers/surface/unit-033/environment/006-proof-02,urn:uuid:3e92104f-a336-51d7-972f-cbf2151082ed,covers,urn:uuid:44322fb6-f813-5d1a-9634-97ed3704f091,chapter4.tex:1389-1608 (line 1608 blank boundary omitted from target mapping)
urn:uuid:0f34b9f5-129c-5c91-a12a-6ff32284b25c,relation/unit/bab-4-grup-simetris/section/01/covers/surface/unit-033/environment/007-lemma-02,urn:uuid:3e92104f-a336-51d7-972f-cbf2151082ed,covers,urn:uuid:815fb1f1-96ce-5fca-9b64-809516f015f9,chapter4.tex:1389-1608 (line 1608 blank boundary omitted from target mapping)
urn:uuid:6ef7a495-167b-54d9-bafd-e68a86b782f8,relation/unit/bab-4-grup-simetris/section/01/covers/surface/unit-033/environment/008-proof-03,urn:uuid:3e92104f-a336-51d7-972f-cbf2151082ed,covers,urn:uuid:91bd7bd6-9249-5257-88b3-2b8c5e30ae6a,chapter4.tex:1389-1608 (line 1608 blank boundary omitted from target mapping)
urn:uuid:b51ad7a1-01c0-510c-9c1a-f2f3c0336f9d,relation/unit/bab-4-grup-simetris/section/01/covers/surface/unit-033/environment/009-lemma-03,urn:uuid:3e92104f-a336-51d7-972f-cbf2151082ed,covers,urn:uuid:f77de89a-4cbb-5d8f-ac42-ed9a8efb3eee,chapter4.tex:1389-1608 (line 1608 blank boundary omitted from target mapping)
urn:uuid:833713dc-5a00-5e2a-97fd-460b02603f16,relation/unit/bab-4-grup-simetris/section/01/covers/surface/unit-033/environment/010-proof-04,urn:uuid:3e92104f-a336-51d7-972f-cbf2151082ed,covers,urn:uuid:72e053de-397c-5c02-99bf-9c2a0445e2b1,chapter4.tex:1389-1608 (line 1608 blank boundary omitted from target mapping)
urn:uuid:094bad17-9d70-5ddb-b863-15ef2f0fc6e9,relation/unit/bab-4-grup-simetris/section/01/covers/surface/unit-033/environment/011-definition-02,urn:uuid:3e92104f-a336-51d7-972f-cbf2151082ed,covers,urn:uuid:d1d9948d-690d-5bb6-8f24-6f30c9c5d4d0,chapter4.tex:1389-1608 (line 1608 blank boundary omitted from target mapping)
urn:uuid:2cb43fd9-1bce-52a4-8c3c-a6372d3a92cd,relation/unit/bab-4-grup-simetris/section/01/covers/surface/unit-033/environment/012-itemize-01,urn:uuid:3e92104f-a336-51d7-972f-cbf2151082ed,covers,urn:uuid:a6c0b518-9fe5-5f65-b9e1-fa414e320a71,chapter4.tex:1389-1608 (line 1608 blank boundary omitted from target mapping)
urn:uuid:1f8a29e7-0833-56fc-884f-3f2166338c13,relation/unit/bab-4-grup-simetris/section/01/covers/surface/unit-033/environment/013-cases-01,urn:uuid:3e92104f-a336-51d7-972f-cbf2151082ed,covers,urn:uuid:54d691fd-7254-5da6-be4b-60a3a3d2ff73,chapter4.tex:1389-1608 (line 1608 blank boundary omitted from target mapping)
urn:uuid:bf50360a-e6d9-5d71-98c7-0e49a8ef9f1a,relation/unit/bab-4-grup-simetris/section/01/covers/surface/unit-033/environment/014-theorem-01,urn:uuid:3e92104f-a336-51d7-972f-cbf2151082ed,covers,urn:uuid:b559b9b5-8f35-5ce8-9500-db51c2f20feb,chapter4.tex:1389-1608 (line 1608 blank boundary omitted from target mapping)
urn:uuid:656d026f-622f-5d24-ac2e-1ded07e6eedb,relation/unit/bab-4-grup-simetris/section/01/covers/surface/unit-033/environment/015-proof-05,urn:uuid:3e92104f-a336-51d7-972f-cbf2151082ed,covers,urn:uuid:119e1564-0ef8-5024-8099-101273013a52,chapter4.tex:1389-1608 (line 1608 blank boundary omitted from target mapping)
urn:uuid:8674808a-839c-5f82-9f6c-9e676e4f6f59,relation/unit/bab-4-grup-simetris/section/01/covers/surface/unit-033/environment/016-equation-01,urn:uuid:3e92104f-a336-51d7-972f-cbf2151082ed,covers,urn:uuid:606f6284-38f9-5d5b-a0fc-4dae138c2139,chapter4.tex:1389-1608 (line 1608 blank boundary omitted from target mapping)
urn:uuid:065b105f-d13b-5c37-bf19-593791f5f42f,relation/unit/bab-4-grup-simetris/section/01/covers/surface/unit-033/environment/017-corollary-01,urn:uuid:3e92104f-a336-51d7-972f-cbf2151082ed,covers,urn:uuid:a314cfdd-da2d-5895-af79-a09251be1380,chapter4.tex:1389-1608 (line 1608 blank boundary omitted from target mapping)
urn:uuid:de42891a-837d-58c7-b010-1b38c86382a5,relation/unit/bab-4-grup-simetris/section/01/covers/surface/unit-033/environment/018-proof-06,urn:uuid:3e92104f-a336-51d7-972f-cbf2151082ed,covers,urn:uuid:7c3eb85d-e267-524c-b47f-f1a39ea94528,chapter4.tex:1389-1608 (line 1608 blank boundary omitted from target mapping)
urn:uuid:c2fca16b-31c1-5e06-9778-04cfbfbb9423,relation/unit/bab-4-grup-simetris/section/01/covers/surface/unit-033/environment/019-center-01,urn:uuid:3e92104f-a336-51d7-972f-cbf2151082ed,covers,urn:uuid:b3bdab09-38c5-583b-ac56-c293d972bcb2,chapter4.tex:1389-1608 (line 1608 blank boundary omitted from target mapping)
urn:uuid:f6b382e7-79cb-5521-918f-86b1f0683a1d,relation/unit/bab-4-grup-simetris/section/01/covers/surface/unit-033/environment/020-tikzpicture-01,urn:uuid:3e92104f-a336-51d7-972f-cbf2151082ed,covers,urn:uuid:19615566-315a-5cd4-9ddd-7d43f3651f5f,chapter4.tex:1389-1608 (line 1608 blank boundary omitted from target mapping)
urn:uuid:f8a60ee7-adfb-5e35-ada5-a3dad18337e8,relation/unit/bab-4-grup-simetris/section/01/covers/surface/unit-033/environment/021-tikzpicture-02,urn:uuid:3e92104f-a336-51d7-972f-cbf2151082ed,covers,urn:uuid:fb5acb75-fd18-5edb-a72e-22f079b9a9ff,chapter4.tex:1389-1608 (line 1608 blank boundary omitted from target mapping)
urn:uuid:5c8d31fe-a1c3-5636-a2fe-817ffa58fa69,relation/unit/bab-4-grup-simetris/section/01/covers/surface/unit-033/environment/022-center-02,urn:uuid:3e92104f-a336-51d7-972f-cbf2151082ed,covers,urn:uuid:7040e58c-7381-57bb-bbba-096cf7d1d205,chapter4.tex:1389-1608 (line 1608 blank boundary omitted from target mapping)
urn:uuid:9c98bc4a-386d-5e98-9f97-ad5d08914d3e,relation/unit/bab-4-grup-simetris/section/01/covers/surface/unit-033/environment/023-tikzpicture-03,urn:uuid:3e92104f-a336-51d7-972f-cbf2151082ed,covers,urn:uuid:f0a8e723-b610-5c5e-a249-3223462309ef,chapter4.tex:1389-1608 (line 1608 blank boundary omitted from target mapping)
urn:uuid:f2581166-a82b-565f-bce1-65cdbf3053e8,relation/unit/bab-4-grup-simetris/section/01/covers/surface/unit-033/environment/024-tikzpicture-04,urn:uuid:3e92104f-a336-51d7-972f-cbf2151082ed,covers,urn:uuid:3e40ee48-9af4-596e-9465-5b88b95ff6e8,chapter4.tex:1389-1608 (line 1608 blank boundary omitted from target mapping)
urn:uuid:dd5d448a-683e-5e3d-a544-a8cc1d3cc10d,relation/unit/bab-4-grup-simetris/section/01/covers/surface/unit-033/environment/025-tikzpicture-05,urn:uuid:3e92104f-a336-51d7-972f-cbf2151082ed,covers,urn:uuid:da70f53f-9bf7-5bb2-afeb-1b3560121181,chapter4.tex:1389-1608 (line 1608 blank boundary omitted from target mapping)
urn:uuid:f218b31b-b415-5152-b9ad-1c8e2997f484,relation/unit/bab-4-grup-simetris/section/01/covers/surface/unit-033/environment/026-tikzpicture-06,urn:uuid:3e92104f-a336-51d7-972f-cbf2151082ed,covers,urn:uuid:55662fe1-35fc-5ea0-a37a-c926b2f33d34,chapter4.tex:1389-1608 (line 1608 blank boundary omitted from target mapping)
urn:uuid:b68e4145-be2a-50f8-b8ae-3e16ec7ac268,relation/unit/bab-4-grup-simetris/section/01/covers/surface/unit-033/environment/027-center-03,urn:uuid:3e92104f-a336-51d7-972f-cbf2151082ed,covers,urn:uuid:7e463914-28ee-5687-859b-8b8cd2d6da99,chapter4.tex:1389-1608 (line 1608 blank boundary omitted from target mapping)
urn:uuid:96a9586c-7200-5f98-933f-8b713bda60f2,relation/unit/bab-4-grup-simetris/section/01/covers/surface/unit-033/environment/028-tikzpicture-07,urn:uuid:3e92104f-a336-51d7-972f-cbf2151082ed,covers,urn:uuid:8ee8a445-b1f2-5f1b-9f10-f5ae39cd3b78,chapter4.tex:1389-1608 (line 1608 blank boundary omitted from target mapping)
urn:uuid:221dc9e2-ddd3-57a6-9a1f-de24eba5fc6b,relation/unit/bab-4-grup-simetris/section/01/covers/surface/unit-033/environment/029-tikzpicture-08,urn:uuid:3e92104f-a336-51d7-972f-cbf2151082ed,covers,urn:uuid:f0c42b8b-085a-5fde-bba9-ab008f39b985,chapter4.tex:1389-1608 (line 1608 blank boundary omitted from target mapping)
urn:uuid:32043879-ac83-501c-9ed8-0a347e0d16ee,relation/unit/bab-4-grup-simetris/section/01/covers/surface/unit-033/environment/030-tikzpicture-09,urn:uuid:3e92104f-a336-51d7-972f-cbf2151082ed,covers,urn:uuid:dc2721f0-ecf9-562e-8e59-8c0577fadc2b,chapter4.tex:1389-1608 (line 1608 blank boundary omitted from target mapping)
urn:uuid:336530f7-cd35-50c3-843c-1bbbe7f5806d,relation/unit/bab-4-grup-simetris/section/01/covers/surface/unit-033/environment/031-inparaenum-01,urn:uuid:3e92104f-a336-51d7-972f-cbf2151082ed,covers,urn:uuid:06001518-245b-5c51-ad60-f0ffe494057b,chapter4.tex:1389-1608 (line 1608 blank boundary omitted from target mapping)
urn:uuid:b4e63951-382a-5d25-8d92-8e6330e8ef9f,relation/unit/bab-4-grup-simetris/section/01/covers/surface/unit-033/environment/032-equation-02,urn:uuid:3e92104f-a336-51d7-972f-cbf2151082ed,covers,urn:uuid:a8946ee2-f28a-58fe-817f-f21ed94ef86e,chapter4.tex:1389-1608 (line 1608 blank boundary omitted from target mapping)
urn:uuid:0d2ed245-caee-5e11-ab80-fcff7b04bdb0,relation/unit/bab-4-grup-simetris/section/01/covers/surface/unit-033/environment/033-array-01,urn:uuid:3e92104f-a336-51d7-972f-cbf2151082ed,covers,urn:uuid:f343bd70-ffc3-572f-b8f9-91c97e186207,chapter4.tex:1389-1608 (line 1608 blank boundary omitted from target mapping)
urn:uuid:3f4cc5bf-0209-5137-8291-dcfd87512306,relation/unit/bab-4-grup-simetris/section/01/covers/surface/unit-033/environment/034-center-04,urn:uuid:3e92104f-a336-51d7-972f-cbf2151082ed,covers,urn:uuid:72230cb3-5a56-5270-9901-0bd6f2f59062,chapter4.tex:1389-1608 (line 1608 blank boundary omitted from target mapping)
urn:uuid:110aae94-6d5f-5820-8cba-05febaaddc21,relation/unit/bab-4-grup-simetris/section/01/covers/surface/unit-033/environment/035-tikzpicture-10,urn:uuid:3e92104f-a336-51d7-972f-cbf2151082ed,covers,urn:uuid:5cadb173-b7ee-52fb-aa80-4e6b67ef9076,chapter4.tex:1389-1608 (line 1608 blank boundary omitted from target mapping)
urn:uuid:e6446e17-edde-582b-b703-be6651ff4942,relation/unit/bab-4-grup-simetris/section/01/covers/surface/unit-033/environment/036-tikzcd-01,urn:uuid:3e92104f-a336-51d7-972f-cbf2151082ed,covers,urn:uuid:fc0f1d05-380f-59fe-9740-469c93bfb974,chapter4.tex:1389-1608 (line 1608 blank boundary omitted from target mapping)
urn:uuid:ad002b00-9d42-5e56-99bc-2ba508b3b460,relation/unit/bab-4-grup-simetris/section/01/covers/surface/unit-033/environment/037-gather-02,urn:uuid:3e92104f-a336-51d7-972f-cbf2151082ed,covers,urn:uuid:a1fba847-8a16-5d54-84d1-7b13b86693f4,chapter4.tex:1389-1608 (line 1608 blank boundary omitted from target mapping)
urn:uuid:8049a3e6-f27d-5048-b957-8dda52ccea88,relation/unit/bab-4-grup-simetris/section/01/covers/surface/unit-033/environment/038-equation-03,urn:uuid:3e92104f-a336-51d7-972f-cbf2151082ed,covers,urn:uuid:4a9fdc63-e451-5672-8c17-430f7dd7a515,chapter4.tex:1389-1608 (line 1608 blank boundary omitted from target mapping)
urn:uuid:fc7a63d0-23e3-5489-8b56-f4938dba3fba,relation/unit/bab-4-grup-simetris/section/01/covers/surface/unit-033/environment/039-gathered-01,urn:uuid:3e92104f-a336-51d7-972f-cbf2151082ed,covers,urn:uuid:2ab121e2-f164-5bf2-9efe-012bc84b2f01,chapter4.tex:1389-1608 (line 1608 blank boundary omitted from target mapping)
urn:uuid:28a49a53-5090-5050-90b6-1f001ad161b8,relation/unit/bab-4-grup-simetris/section/01/covers/surface/unit-033/environment/040-tikzpicture-11,urn:uuid:3e92104f-a336-51d7-972f-cbf2151082ed,covers,urn:uuid:19afb8be-ba15-5b0c-917b-906157bfbbb5,chapter4.tex:1389-1608 (line 1608 blank boundary omitted from target mapping)
urn:uuid:49c239b2-911e-5976-9105-f916c4fed131,relation/unit/bab-4-grup-simetris/section/01/covers/surface/unit-033/environment/041-theorem-02,urn:uuid:3e92104f-a336-51d7-972f-cbf2151082ed,covers,urn:uuid:2aaaadf6-b594-516d-b71d-9d116cba62c0,chapter4.tex:1389-1608 (line 1608 blank boundary omitted from target mapping)
urn:uuid:e6829b83-181f-568a-a2ac-89c356b01318,relation/unit/bab-4-grup-simetris/section/01/covers/surface/unit-033/environment/042-proof-07,urn:uuid:3e92104f-a336-51d7-972f-cbf2151082ed,covers,urn:uuid:fc599ea5-48ca-55bd-a31b-afc3afb48891,chapter4.tex:1389-1608 (line 1608 blank boundary omitted from target mapping)
urn:uuid:8c0b8342-af04-54bb-aa4b-bb11907e5a37,relation/unit/bab-4-grup-simetris/section/01/covers/surface/unit-033/environment/043-compactitem-01,urn:uuid:3e92104f-a336-51d7-972f-cbf2151082ed,covers,urn:uuid:66e11181-f736-516d-beb2-93b28877303e,chapter4.tex:1389-1608 (line 1608 blank boundary omitted from target mapping)
urn:uuid:d7399dd1-2e2a-5401-abe8-dfc129548549,relation/unit/bab-4-grup-simetris/section/01/covers/surface/unit-033/item/001,urn:uuid:3e92104f-a336-51d7-972f-cbf2151082ed,covers,urn:uuid:5692ced1-634f-5216-bbe4-9a2599b20347,chapter4.tex:1389-1608 (line 1608 blank boundary omitted from target mapping)
urn:uuid:15679c6e-ff17-575b-bb7f-a26f7508489a,relation/unit/bab-4-grup-simetris/section/01/covers/surface/unit-033/item/002,urn:uuid:3e92104f-a336-51d7-972f-cbf2151082ed,covers,urn:uuid:54995cb7-cc00-527d-bc72-231fc94b9cdd,chapter4.tex:1389-1608 (line 1608 blank boundary omitted from target mapping)
urn:uuid:32ac61c9-c428-5a2a-b443-f9ef18718e31,relation/unit/bab-4-grup-simetris/section/01/covers/surface/unit-033/item/003,urn:uuid:3e92104f-a336-51d7-972f-cbf2151082ed,covers,urn:uuid:7954ce9f-accf-56c1-99f0-ab181441edb7,chapter4.tex:1389-1608 (line 1608 blank boundary omitted from target mapping)
urn:uuid:b128c6b0-5a47-5d33-8bef-f5139491aeb8,relation/unit/bab-4-grup-simetris/section/01/covers/surface/unit-033/item/004,urn:uuid:3e92104f-a336-51d7-972f-cbf2151082ed,covers,urn:uuid:85e939a6-485a-5eba-bd5f-bcb3f84a1561,chapter4.tex:1389-1608 (line 1608 blank boundary omitted from target mapping)
urn:uuid:47e8307a-ae49-5d80-8cbc-c3e96a44c92d,relation/unit/bab-4-grup-simetris/section/01/covers/surface/unit-033/item/005,urn:uuid:3e92104f-a336-51d7-972f-cbf2151082ed,covers,urn:uuid:6b2b975e-5bd6-5e27-8868-dea080aeedfe,chapter4.tex:1389-1608 (line 1608 blank boundary omitted from target mapping)
urn:uuid:2440de2e-b11f-57d2-a90b-6fca3cf34c64,relation/unit/bab-4-grup-simetris/section/01/covers/surface/unit-033/item/006,urn:uuid:3e92104f-a336-51d7-972f-cbf2151082ed,covers,urn:uuid:47b5bc97-fc81-5378-a8a7-5f6d3ba0253a,chapter4.tex:1389-1608 (line 1608 blank boundary omitted from target mapping)
urn:uuid:720f2306-9b46-5304-8ebf-f9999d29efd5,relation/unit/bab-4-grup-simetris/section/01/covers/surface/unit-033/item/007,urn:uuid:3e92104f-a336-51d7-972f-cbf2151082ed,covers,urn:uuid:6187b500-24f8-541f-bfc4-eb789237523e,chapter4.tex:1389-1608 (line 1608 blank boundary omitted from target mapping)
urn:uuid:fafc1c0f-e343-5425-9a59-8fea46029701,relation/unit/bab-4-grup-simetris/section/01/covers/surface/unit-033/item/008,urn:uuid:3e92104f-a336-51d7-972f-cbf2151082ed,covers,urn:uuid:a2048c38-dd24-55e1-aa55-4de8f517b0f6,chapter4.tex:1389-1608 (line 1608 blank boundary omitted from target mapping)
urn:uuid:8c9b3386-b877-5c65-b634-575ead6bd813,relation/unit/bab-4-grup-simetris/section/01/covers/surface/unit-033/item/009,urn:uuid:3e92104f-a336-51d7-972f-cbf2151082ed,covers,urn:uuid:7c678185-5bfa-5bdf-9c6e-3f7815d229be,chapter4.tex:1389-1608 (line 1608 blank boundary omitted from target mapping)
urn:uuid:6173623e-5a13-53fb-8178-5af60f8eab8b,relation/unit/bab-4-grup-simetris/section/01/covers/surface/unit-033/item/010,urn:uuid:3e92104f-a336-51d7-972f-cbf2151082ed,covers,urn:uuid:21e8a733-ef11-5864-8279-d39d85ea36ac,chapter4.tex:1389-1608 (line 1608 blank boundary omitted from target mapping)
urn:uuid:a1f03737-bcb8-5a1f-9d00-e984e83775ec,relation/unit/bab-4-grup-simetris/section/01/covers/surface/unit-033/label/001,urn:uuid:3e92104f-a336-51d7-972f-cbf2151082ed,covers,urn:uuid:c052d09f-625e-56c1-842b-01404a49c56c,chapter4.tex:1389-1608 (line 1608 blank boundary omitted from target mapping)
urn:uuid:2fbbf4ff-cfb2-5048-8291-79c12c234f43,relation/unit/bab-4-grup-simetris/section/01/covers/surface/unit-033/label/002,urn:uuid:3e92104f-a336-51d7-972f-cbf2151082ed,covers,urn:uuid:ad542ae5-c76d-5ccf-8009-49e62c1778e8,chapter4.tex:1389-1608 (line 1608 blank boundary omitted from target mapping)
urn:uuid:4a5e795e-7908-5825-84bc-bb6fd67776d7,relation/unit/bab-4-grup-simetris/section/01/covers/surface/unit-033/label/003,urn:uuid:3e92104f-a336-51d7-972f-cbf2151082ed,covers,urn:uuid:4893318c-e9c0-525c-a8b8-a32ca3091d01,chapter4.tex:1389-1608 (line 1608 blank boundary omitted from target mapping)
urn:uuid:3d28f456-1169-52de-a564-18138f6acc91,relation/unit/bab-4-grup-simetris/section/01/covers/surface/unit-033/label/004,urn:uuid:3e92104f-a336-51d7-972f-cbf2151082ed,covers,urn:uuid:24b922b1-0ba5-5811-8262-9de00bd6fd4b,chapter4.tex:1389-1608 (line 1608 blank boundary omitted from target mapping)
urn:uuid:36e29780-6b2f-5256-8214-7f33e854ffc1,relation/unit/bab-4-grup-simetris/section/01/covers/surface/unit-033/label/005,urn:uuid:3e92104f-a336-51d7-972f-cbf2151082ed,covers,urn:uuid:b72bf666-9fba-5e77-97ac-3fac2e8d1c4b,chapter4.tex:1389-1608 (line 1608 blank boundary omitted from target mapping)
urn:uuid:b42b51e0-a0c4-5a7c-900a-4d00da829ced,relation/unit/bab-4-grup-simetris/section/01/covers/surface/unit-033/label/006,urn:uuid:3e92104f-a336-51d7-972f-cbf2151082ed,covers,urn:uuid:d57445b4-2a19-5b70-bd4b-c2d4421572d0,chapter4.tex:1389-1608 (line 1608 blank boundary omitted from target mapping)
urn:uuid:9b395657-e540-57a8-aa99-a2df6d81d2c6,relation/unit/bab-4-grup-simetris/section/01/covers/surface/unit-033/label/007,urn:uuid:3e92104f-a336-51d7-972f-cbf2151082ed,covers,urn:uuid:7722d90f-e35e-5c0a-a28d-a37af75b073c,chapter4.tex:1389-1608 (line 1608 blank boundary omitted from target mapping)
urn:uuid:50fd6a90-7ed0-5959-95bd-2ca65667248d,relation/unit/bab-4-grup-simetris/section/01/covers/surface/unit-033/label/008,urn:uuid:3e92104f-a336-51d7-972f-cbf2151082ed,covers,urn:uuid:344ee663-da57-5ab7-87fe-56e64affedb6,chapter4.tex:1389-1608 (line 1608 blank boundary omitted from target mapping)
urn:uuid:7e5f4ef2-69d9-505a-a702-528519fead4d,relation/unit/bab-4-grup-simetris/section/01/covers/surface/unit-033/label/009,urn:uuid:3e92104f-a336-51d7-972f-cbf2151082ed,covers,urn:uuid:9b63029d-71f4-57bf-a052-df4fa140a221,chapter4.tex:1389-1608 (line 1608 blank boundary omitted from target mapping)
urn:uuid:a8ecbf54-9d29-55db-887d-f6a30276dda5,relation/unit/bab-4-grup-simetris/section/01/covers/surface/unit-033/label/010,urn:uuid:3e92104f-a336-51d7-972f-cbf2151082ed,covers,urn:uuid:85cfd82e-51da-532f-b90c-bdb52fa2af21,chapter4.tex:1389-1608 (line 1608 blank boundary omitted from target mapping)
urn:uuid:0bd121b9-ea0c-54ee-aa7d-31b8b61a17ad,relation/unit/bab-4-grup-simetris/section/01/covers/surface/unit-033/protected-math-zone/001-inline,urn:uuid:3e92104f-a336-51d7-972f-cbf2151082ed,covers,urn:uuid:a75e14b3-fce8-5b85-96f6-1b899d589b1f,chapter4.tex:1389-1608 (line 1608 blank boundary omitted from target mapping)
urn:uuid:c0ba48c0-9f04-522f-b050-53c27cbea589,relation/unit/bab-4-grup-simetris/section/01/covers/surface/unit-033/protected-math-zone/002-inline,urn:uuid:3e92104f-a336-51d7-972f-cbf2151082ed,covers,urn:uuid:3eb1bdc9-2efa-5b4b-ba02-541b11f08261,chapter4.tex:1389-1608 (line 1608 blank boundary omitted from target mapping)
urn:uuid:c106faa9-37c4-572d-8c2f-c43344e519c6,relation/unit/bab-4-grup-simetris/section/01/covers/surface/unit-033/protected-math-zone/003-inline,urn:uuid:3e92104f-a336-51d7-972f-cbf2151082ed,covers,urn:uuid:ae3843c3-425e-59b4-8597-d87c1269cdbb,chapter4.tex:1389-1608 (line 1608 blank boundary omitted from target mapping)
urn:uuid:00f6a41f-ce1a-5167-8cfe-14b31b530a2a,relation/unit/bab-4-grup-simetris/section/01/covers/surface/unit-033/protected-math-zone/004-inline,urn:uuid:3e92104f-a336-51d7-972f-cbf2151082ed,covers,urn:uuid:0f3cb956-e132-521a-abd5-312fe9e1f0d6,chapter4.tex:1389-1608 (line 1608 blank boundary omitted from target mapping)
urn:uuid:80bc4dc8-9185-5360-8fac-4ec1e485643a,relation/unit/bab-4-grup-simetris/section/01/covers/surface/unit-033/protected-math-zone/005-inline,urn:uuid:3e92104f-a336-51d7-972f-cbf2151082ed,covers,urn:uuid:1262cf41-d062-5398-80ca-f638b0bd7508,chapter4.tex:1389-1608 (line 1608 blank boundary omitted from target mapping)
urn:uuid:ec08eaa0-644c-561c-bea9-586f3205b679,relation/unit/bab-4-grup-simetris/section/01/covers/surface/unit-033/protected-math-zone/006-inline,urn:uuid:3e92104f-a336-51d7-972f-cbf2151082ed,covers,urn:uuid:3a062106-3d05-51ed-9b29-5b3a5998f24a,chapter4.tex:1389-1608 (line 1608 blank boundary omitted from target mapping)
urn:uuid:5dafa3de-6383-55fc-a0f2-f2d01adce93a,relation/unit/bab-4-grup-simetris/section/01/covers/surface/unit-033/protected-math-zone/007-inline,urn:uuid:3e92104f-a336-51d7-972f-cbf2151082ed,covers,urn:uuid:2a281c6f-f935-5795-aab4-02e7fa6665f5,chapter4.tex:1389-1608 (line 1608 blank boundary omitted from target mapping)
urn:uuid:0dd1af66-1628-5baf-b99d-55b0df4287a4,relation/unit/bab-4-grup-simetris/section/01/covers/surface/unit-033/protected-math-zone/008-inline,urn:uuid:3e92104f-a336-51d7-972f-cbf2151082ed,covers,urn:uuid:09c18989-cbbf-545a-ac79-36689aaf614c,chapter4.tex:1389-1608 (line 1608 blank boundary omitted from target mapping)
urn:uuid:e9492483-510c-5155-9c51-6cb141f4519d,relation/unit/bab-4-grup-simetris/section/01/covers/surface/unit-033/protected-math-zone/009-inline,urn:uuid:3e92104f-a336-51d7-972f-cbf2151082ed,covers,urn:uuid:961f033a-8bab-5266-8dff-e2ce6feaa11f,chapter4.tex:1389-1608 (line 1608 blank boundary omitted from target mapping)
urn:uuid:9a77ce34-fa34-54a6-a496-ec926bb764bd,relation/unit/bab-4-grup-simetris/section/01/covers/surface/unit-033/protected-math-zone/010-inline,urn:uuid:3e92104f-a336-51d7-972f-cbf2151082ed,covers,urn:uuid:8e04bc7e-6c08-5a6f-ab05-23a8fe14409a,chapter4.tex:1389-1608 (line 1608 blank boundary omitted from target mapping)
urn:uuid:610e23ab-358e-5003-b77a-97d56bdbb1c2,relation/unit/bab-4-grup-simetris/section/01/covers/surface/unit-033/protected-math-zone/011-inline,urn:uuid:3e92104f-a336-51d7-972f-cbf2151082ed,covers,urn:uuid:0407e4d3-3483-598d-8072-9b919e64663e,chapter4.tex:1389-1608 (line 1608 blank boundary omitted from target mapping)
urn:uuid:44f5c4a7-c30c-5320-8f7f-c3135a6b657d,relation/unit/bab-4-grup-simetris/section/01/covers/surface/unit-033/protected-math-zone/012-inline,urn:uuid:3e92104f-a336-51d7-972f-cbf2151082ed,covers,urn:uuid:0533fcfd-3136-5e7f-b6de-823eee6a5eb6,chapter4.tex:1389-1608 (line 1608 blank boundary omitted from target mapping)
urn:uuid:a0968203-57a5-54c9-898c-c0090ebadf85,relation/unit/bab-4-grup-simetris/section/01/covers/surface/unit-033/protected-math-zone/013-inline,urn:uuid:3e92104f-a336-51d7-972f-cbf2151082ed,covers,urn:uuid:a3af72e4-0c97-54c9-a8b7-bfaa828558de,chapter4.tex:1389-1608 (line 1608 blank boundary omitted from target mapping)
urn:uuid:749d7a24-ee2d-50b5-822a-d38b58188ac3,relation/unit/bab-4-grup-simetris/section/01/covers/surface/unit-033/protected-math-zone/014-inline,urn:uuid:3e92104f-a336-51d7-972f-cbf2151082ed,covers,urn:uuid:c8938f98-3d5c-5978-abb1-06d8113974e7,chapter4.tex:1389-1608 (line 1608 blank boundary omitted from target mapping)
urn:uuid:50f4a4e6-d730-5623-a272-6c95bd7f4831,relation/unit/bab-4-grup-simetris/section/01/covers/surface/unit-033/protected-math-zone/015-inline,urn:uuid:3e92104f-a336-51d7-972f-cbf2151082ed,covers,urn:uuid:aa55089f-bb53-5b33-b80b-d7608570f40a,chapter4.tex:1389-1608 (line 1608 blank boundary omitted from target mapping)
urn:uuid:141a8196-2b49-5d33-8fc6-42786f6e121f,relation/unit/bab-4-grup-simetris/section/01/covers/surface/unit-033/protected-math-zone/016-inline,urn:uuid:3e92104f-a336-51d7-972f-cbf2151082ed,covers,urn:uuid:8f732372-a776-57c6-b00f-d0b41a9dd454,chapter4.tex:1389-1608 (line 1608 blank boundary omitted from target mapping)
urn:uuid:59e45cb6-2d55-5f40-a8be-a494a87225f4,relation/unit/bab-4-grup-simetris/section/01/covers/surface/unit-033/protected-math-zone/017-inline,urn:uuid:3e92104f-a336-51d7-972f-cbf2151082ed,covers,urn:uuid:95584833-f24a-50b3-9484-caa50f2662b2,chapter4.tex:1389-1608 (line 1608 blank boundary omitted from target mapping)
urn:uuid:095a2209-7797-5079-ba5f-22ee032b84e9,relation/unit/bab-4-grup-simetris/section/01/covers/surface/unit-033/protected-math-zone/018-inline,urn:uuid:3e92104f-a336-51d7-972f-cbf2151082ed,covers,urn:uuid:8cee56a2-5be0-5317-96ce-adff92f3fbe0,chapter4.tex:1389-1608 (line 1608 blank boundary omitted from target mapping)
urn:uuid:70602b27-093f-5365-9d7d-f7abde71cf1f,relation/unit/bab-4-grup-simetris/section/01/covers/surface/unit-033/protected-math-zone/019-inline,urn:uuid:3e92104f-a336-51d7-972f-cbf2151082ed,covers,urn:uuid:3f921934-68ff-5a18-8096-decd7ad92372,chapter4.tex:1389-1608 (line 1608 blank boundary omitted from target mapping)
urn:uuid:80607466-602a-5a4e-ab2c-4ac6f0568c11,relation/unit/bab-4-grup-simetris/section/01/covers/surface/unit-033/protected-math-zone/020-inline,urn:uuid:3e92104f-a336-51d7-972f-cbf2151082ed,covers,urn:uuid:5eb48557-33b0-58e0-a6ba-bf655d1b1ef8,chapter4.tex:1389-1608 (line 1608 blank boundary omitted from target mapping)
urn:uuid:38352642-d5d3-5161-bfb9-73f78ae3659a,relation/unit/bab-4-grup-simetris/section/01/covers/surface/unit-033/protected-math-zone/021-inline,urn:uuid:3e92104f-a336-51d7-972f-cbf2151082ed,covers,urn:uuid:8a17ca71-cd0e-5228-988f-94de87a897b3,chapter4.tex:1389-1608 (line 1608 blank boundary omitted from target mapping)
urn:uuid:dcf193a0-051c-562d-9075-16c4d252a797,relation/unit/bab-4-grup-simetris/section/01/covers/surface/unit-033/protected-math-zone/022-inline,urn:uuid:3e92104f-a336-51d7-972f-cbf2151082ed,covers,urn:uuid:9c3f40e6-c71b-5dbf-b816-cac81e96eb56,chapter4.tex:1389-1608 (line 1608 blank boundary omitted from target mapping)
urn:uuid:0912c50c-064f-54f4-9f00-838ead65f3cf,relation/unit/bab-4-grup-simetris/section/01/covers/surface/unit-033/protected-math-zone/023-inline,urn:uuid:3e92104f-a336-51d7-972f-cbf2151082ed,covers,urn:uuid:296d5c0a-383d-5027-91a5-f71e34ad48fa,chapter4.tex:1389-1608 (line 1608 blank boundary omitted from target mapping)
urn:uuid:03a50216-2c3d-5a41-8598-61f795be6750,relation/unit/bab-4-grup-simetris/section/01/covers/surface/unit-033/protected-math-zone/024-display-environment,urn:uuid:3e92104f-a336-51d7-972f-cbf2151082ed,covers,urn:uuid:7f2a757b-3155-541a-a2ad-2e3dcbf0f58d,chapter4.tex:1389-1608 (line 1608 blank boundary omitted from target mapping)
urn:uuid:de8b33f1-da09-5e32-8991-eb20d462bc1e,relation/unit/bab-4-grup-simetris/section/01/covers/surface/unit-033/protected-math-zone/025-inline,urn:uuid:3e92104f-a336-51d7-972f-cbf2151082ed,covers,urn:uuid:3620a780-acb2-5266-8785-63a4709404c1,chapter4.tex:1389-1608 (line 1608 blank boundary omitted from target mapping)
urn:uuid:514f3658-5f03-5f00-9d69-3d467a378492,relation/unit/bab-4-grup-simetris/section/01/covers/surface/unit-033/protected-math-zone/026-inline,urn:uuid:3e92104f-a336-51d7-972f-cbf2151082ed,covers,urn:uuid:62638add-b971-51fa-8e7f-324f207df87c,chapter4.tex:1389-1608 (line 1608 blank boundary omitted from target mapping)
urn:uuid:42ea6ef0-fcee-5890-bcbc-fa294e528228,relation/unit/bab-4-grup-simetris/section/01/covers/surface/unit-033/protected-math-zone/027-inline,urn:uuid:3e92104f-a336-51d7-972f-cbf2151082ed,covers,urn:uuid:a3101ed6-8b32-549f-85e7-8b8c46110483,chapter4.tex:1389-1608 (line 1608 blank boundary omitted from target mapping)
urn:uuid:e02b182b-f001-5ebf-84b1-f39e52eedfaf,relation/unit/bab-4-grup-simetris/section/01/covers/surface/unit-033/protected-math-zone/028-inline,urn:uuid:3e92104f-a336-51d7-972f-cbf2151082ed,covers,urn:uuid:78a3e996-eacf-5771-b177-cd6add9d3b38,chapter4.tex:1389-1608 (line 1608 blank boundary omitted from target mapping)
urn:uuid:a36315ca-6526-51a5-a6ef-8fe6221ae752,relation/unit/bab-4-grup-simetris/section/01/covers/surface/unit-033/protected-math-zone/029-inline,urn:uuid:3e92104f-a336-51d7-972f-cbf2151082ed,covers,urn:uuid:8c17e30f-65b6-5bbb-aa54-20e5f594e8b2,chapter4.tex:1389-1608 (line 1608 blank boundary omitted from target mapping)
urn:uuid:4120ed9b-e655-5174-8c6f-65fdb33c5491,relation/unit/bab-4-grup-simetris/section/01/covers/surface/unit-033/protected-math-zone/030-inline,urn:uuid:3e92104f-a336-51d7-972f-cbf2151082ed,covers,urn:uuid:978034b7-2630-5e0e-8444-6c2e1e137328,chapter4.tex:1389-1608 (line 1608 blank boundary omitted from target mapping)
urn:uuid:843127cd-84fd-5eb7-851b-b4d7af947209,relation/unit/bab-4-grup-simetris/section/01/covers/surface/unit-033/protected-math-zone/031-inline,urn:uuid:3e92104f-a336-51d7-972f-cbf2151082ed,covers,urn:uuid:b9068086-6855-5062-825e-ad86088c6f32,chapter4.tex:1389-1608 (line 1608 blank boundary omitted from target mapping)
urn:uuid:7dbe0f7f-a7c3-5eea-9495-31c2cf5f6a81,relation/unit/bab-4-grup-simetris/section/01/covers/surface/unit-033/protected-math-zone/032-inline,urn:uuid:3e92104f-a336-51d7-972f-cbf2151082ed,covers,urn:uuid:01a2c18d-6f39-536c-bc4d-0282407cded2,chapter4.tex:1389-1608 (line 1608 blank boundary omitted from target mapping)
urn:uuid:f16b8c44-4a8e-5486-bff5-ada11dd54ee7,relation/unit/bab-4-grup-simetris/section/01/covers/surface/unit-033/protected-math-zone/033-inline,urn:uuid:3e92104f-a336-51d7-972f-cbf2151082ed,covers,urn:uuid:5bf4660d-136d-510c-8b2c-e8e58a26fab2,chapter4.tex:1389-1608 (line 1608 blank boundary omitted from target mapping)
urn:uuid:aeb3703d-7c83-5b0a-ba27-a50c82758b71,relation/unit/bab-4-grup-simetris/section/01/covers/surface/unit-033/protected-math-zone/034-inline,urn:uuid:3e92104f-a336-51d7-972f-cbf2151082ed,covers,urn:uuid:35a293e2-cd7b-566e-ae71-4cf96789a921,chapter4.tex:1389-1608 (line 1608 blank boundary omitted from target mapping)
urn:uuid:7b1c5c4f-9078-576a-b2bf-573f945f3455,relation/unit/bab-4-grup-simetris/section/01/covers/surface/unit-033/protected-math-zone/035-inline,urn:uuid:3e92104f-a336-51d7-972f-cbf2151082ed,covers,urn:uuid:e274df44-e78c-532f-96d7-7ae5672f1c62,chapter4.tex:1389-1608 (line 1608 blank boundary omitted from target mapping)
urn:uuid:45cacd4f-298e-5fec-b622-44f28469db2d,relation/unit/bab-4-grup-simetris/section/01/covers/surface/unit-033/protected-math-zone/036-inline,urn:uuid:3e92104f-a336-51d7-972f-cbf2151082ed,covers,urn:uuid:ef48e283-7cb5-5ee9-a9ba-7546986853a5,chapter4.tex:1389-1608 (line 1608 blank boundary omitted from target mapping)
urn:uuid:96932826-d98d-5bec-b7eb-d1cbb1f5bd5a,relation/unit/bab-4-grup-simetris/section/01/covers/surface/unit-033/protected-math-zone/037-display-bracket,urn:uuid:3e92104f-a336-51d7-972f-cbf2151082ed,covers,urn:uuid:6f43b8fb-66aa-517c-8abd-d9a79a95332e,chapter4.tex:1389-1608 (line 1608 blank boundary omitted from target mapping)
urn:uuid:5b2d721b-d3c4-5f72-8de4-56eca14615cf,relation/unit/bab-4-grup-simetris/section/01/covers/surface/unit-033/protected-math-zone/038-inline,urn:uuid:3e92104f-a336-51d7-972f-cbf2151082ed,covers,urn:uuid:21741491-16e9-528a-8aa8-97500fc2ee06,chapter4.tex:1389-1608 (line 1608 blank boundary omitted from target mapping)
urn:uuid:3a2e7576-5725-5666-8cd3-e3b19c92a205,relation/unit/bab-4-grup-simetris/section/01/covers/surface/unit-033/protected-math-zone/039-inline,urn:uuid:3e92104f-a336-51d7-972f-cbf2151082ed,covers,urn:uuid:d29b0943-2a0a-58b9-8893-541260d0245e,chapter4.tex:1389-1608 (line 1608 blank boundary omitted from target mapping)
urn:uuid:686403d7-3136-590a-aa97-2fe6fe4963d8,relation/unit/bab-4-grup-simetris/section/01/covers/surface/unit-033/protected-math-zone/040-inline,urn:uuid:3e92104f-a336-51d7-972f-cbf2151082ed,covers,urn:uuid:11d3efa5-2051-593a-9665-205ddf373626,chapter4.tex:1389-1608 (line 1608 blank boundary omitted from target mapping)
urn:uuid:ac9cc7c4-78b8-55f8-a4d6-8c41a55e65a5,relation/unit/bab-4-grup-simetris/section/01/covers/surface/unit-033/protected-math-zone/041-inline,urn:uuid:3e92104f-a336-51d7-972f-cbf2151082ed,covers,urn:uuid:a6612e04-4d73-58f2-9255-a24adc627f2d,chapter4.tex:1389-1608 (line 1608 blank boundary omitted from target mapping)
urn:uuid:cc0ff139-d80d-57eb-bad0-5c54330782da,relation/unit/bab-4-grup-simetris/section/01/covers/surface/unit-033/protected-math-zone/042-inline,urn:uuid:3e92104f-a336-51d7-972f-cbf2151082ed,covers,urn:uuid:2420a524-58e6-515f-89b0-5748e9f51d8c,chapter4.tex:1389-1608 (line 1608 blank boundary omitted from target mapping)
urn:uuid:8f9e840d-3f50-58a5-bba6-b6880f45f4ec,relation/unit/bab-4-grup-simetris/section/01/covers/surface/unit-033/protected-math-zone/043-inline,urn:uuid:3e92104f-a336-51d7-972f-cbf2151082ed,covers,urn:uuid:5195fbbe-fda9-5704-b35f-8c0ce8587247,chapter4.tex:1389-1608 (line 1608 blank boundary omitted from target mapping)
urn:uuid:b6cf1369-a7fd-5996-847f-f20d0277e14b,relation/unit/bab-4-grup-simetris/section/01/covers/surface/unit-033/protected-math-zone/044-inline,urn:uuid:3e92104f-a336-51d7-972f-cbf2151082ed,covers,urn:uuid:1632c8eb-00b3-5d13-877b-ac72a44af482,chapter4.tex:1389-1608 (line 1608 blank boundary omitted from target mapping)
urn:uuid:ce32f664-03b8-57a1-b9b2-ad3dbf0ac564,relation/unit/bab-4-grup-simetris/section/01/covers/surface/unit-033/protected-math-zone/045-inline,urn:uuid:3e92104f-a336-51d7-972f-cbf2151082ed,covers,urn:uuid:494925bc-b38d-5895-ad66-c950d17bd469,chapter4.tex:1389-1608 (line 1608 blank boundary omitted from target mapping)
urn:uuid:f192958c-2dfc-5116-8bc0-9eafcf7bdfa6,relation/unit/bab-4-grup-simetris/section/01/covers/surface/unit-033/protected-math-zone/046-inline,urn:uuid:3e92104f-a336-51d7-972f-cbf2151082ed,covers,urn:uuid:ed574161-5ad3-5cdc-878c-2588b90a0658,chapter4.tex:1389-1608 (line 1608 blank boundary omitted from target mapping)
urn:uuid:57638496-258f-5feb-8857-c12272d4c893,relation/unit/bab-4-grup-simetris/section/01/covers/surface/unit-033/protected-math-zone/047-inline,urn:uuid:3e92104f-a336-51d7-972f-cbf2151082ed,covers,urn:uuid:30bd2ecb-6f0d-57be-a322-164fcfc164f6,chapter4.tex:1389-1608 (line 1608 blank boundary omitted from target mapping)
urn:uuid:a58cee2a-9c2c-5c08-8506-39233358c393,relation/unit/bab-4-grup-simetris/section/01/covers/surface/unit-033/protected-math-zone/048-inline,urn:uuid:3e92104f-a336-51d7-972f-cbf2151082ed,covers,urn:uuid:e9e85543-2a0d-57e9-abfb-33976af657f3,chapter4.tex:1389-1608 (line 1608 blank boundary omitted from target mapping)
urn:uuid:1f79b770-af01-5782-a12f-5000671fb854,relation/unit/bab-4-grup-simetris/section/01/covers/surface/unit-033/protected-math-zone/049-inline,urn:uuid:3e92104f-a336-51d7-972f-cbf2151082ed,covers,urn:uuid:f7270bec-2fde-5a49-a3b3-aca4cf446217,chapter4.tex:1389-1608 (line 1608 blank boundary omitted from target mapping)
urn:uuid:f710ac9e-2b48-50cf-a0d3-75e4bec83d70,relation/unit/bab-4-grup-simetris/section/01/covers/surface/unit-033/protected-math-zone/050-inline,urn:uuid:3e92104f-a336-51d7-972f-cbf2151082ed,covers,urn:uuid:ef8fca43-7779-55ae-b0ef-f872681ddefd,chapter4.tex:1389-1608 (line 1608 blank boundary omitted from target mapping)
urn:uuid:2e2f74c9-86bd-573a-89f8-2bd42934fd96,relation/unit/bab-4-grup-simetris/section/01/covers/surface/unit-033/protected-math-zone/051-inline,urn:uuid:3e92104f-a336-51d7-972f-cbf2151082ed,covers,urn:uuid:459dd2f8-03f2-5e34-b803-ba1a1920f021,chapter4.tex:1389-1608 (line 1608 blank boundary omitted from target mapping)
urn:uuid:0060dea9-3861-58fd-ac1b-aeac74bfa021,relation/unit/bab-4-grup-simetris/section/01/covers/surface/unit-033/protected-math-zone/052-inline,urn:uuid:3e92104f-a336-51d7-972f-cbf2151082ed,covers,urn:uuid:567731a2-80b2-5124-ab44-4c566ebfc456,chapter4.tex:1389-1608 (line 1608 blank boundary omitted from target mapping)
urn:uuid:c1598369-ba53-5c49-a346-fb7b19bc49e5,relation/unit/bab-4-grup-simetris/section/01/covers/surface/unit-033/protected-math-zone/053-inline,urn:uuid:3e92104f-a336-51d7-972f-cbf2151082ed,covers,urn:uuid:0bfa5079-5660-5d25-945e-452bdd20fe21,chapter4.tex:1389-1608 (line 1608 blank boundary omitted from target mapping)
urn:uuid:96189245-9d9f-50c2-a2f2-53bef20218bd,relation/unit/bab-4-grup-simetris/section/01/covers/surface/unit-033/protected-math-zone/054-display-bracket,urn:uuid:3e92104f-a336-51d7-972f-cbf2151082ed,covers,urn:uuid:d485edc1-e024-557a-b9b7-632e7fa92112,chapter4.tex:1389-1608 (line 1608 blank boundary omitted from target mapping)
urn:uuid:6499155e-9cb7-5405-9174-6c8f5bfe0d56,relation/unit/bab-4-grup-simetris/section/01/covers/surface/unit-033/protected-math-zone/055-inline,urn:uuid:3e92104f-a336-51d7-972f-cbf2151082ed,covers,urn:uuid:5cb77a59-a41c-5530-b5ba-b3c42a1f449a,chapter4.tex:1389-1608 (line 1608 blank boundary omitted from target mapping)
urn:uuid:fe807457-f657-5eba-ba00-d829ba067b84,relation/unit/bab-4-grup-simetris/section/01/covers/surface/unit-033/protected-math-zone/056-inline,urn:uuid:3e92104f-a336-51d7-972f-cbf2151082ed,covers,urn:uuid:c5b10656-50cd-5488-bbc1-1d74c9a90dff,chapter4.tex:1389-1608 (line 1608 blank boundary omitted from target mapping)
urn:uuid:0b6ec579-4ab9-5598-891a-fa7030299392,relation/unit/bab-4-grup-simetris/section/01/covers/surface/unit-033/protected-math-zone/057-inline,urn:uuid:3e92104f-a336-51d7-972f-cbf2151082ed,covers,urn:uuid:c94f91ef-c269-54f1-8c2f-a6b427c8a52a,chapter4.tex:1389-1608 (line 1608 blank boundary omitted from target mapping)
urn:uuid:cd75d07b-0d01-5fba-a9a1-c3745e03d6ea,relation/unit/bab-4-grup-simetris/section/01/covers/surface/unit-033/protected-math-zone/058-inline,urn:uuid:3e92104f-a336-51d7-972f-cbf2151082ed,covers,urn:uuid:7b9a5d58-4d97-5022-a3e0-72603f12dd5e,chapter4.tex:1389-1608 (line 1608 blank boundary omitted from target mapping)
urn:uuid:1bd38020-dc57-5c37-91d4-4f1589ff2280,relation/unit/bab-4-grup-simetris/section/01/covers/surface/unit-033/protected-math-zone/059-inline,urn:uuid:3e92104f-a336-51d7-972f-cbf2151082ed,covers,urn:uuid:3f6092d0-3cb9-5111-852f-474b1b6a9d87,chapter4.tex:1389-1608 (line 1608 blank boundary omitted from target mapping)
urn:uuid:02eb47c3-1946-5654-9f65-4708b05db492,relation/unit/bab-4-grup-simetris/section/01/covers/surface/unit-033/protected-math-zone/060-inline,urn:uuid:3e92104f-a336-51d7-972f-cbf2151082ed,covers,urn:uuid:a2e9282b-8f46-52a8-8459-6df0ac7dbf4d,chapter4.tex:1389-1608 (line 1608 blank boundary omitted from target mapping)
urn:uuid:7945c4e5-bfc1-543e-8cd9-f23699c11e76,relation/unit/bab-4-grup-simetris/section/01/covers/surface/unit-033/protected-math-zone/061-inline,urn:uuid:3e92104f-a336-51d7-972f-cbf2151082ed,covers,urn:uuid:c5a32510-e906-50b7-a925-3c8a6cb4ee5c,chapter4.tex:1389-1608 (line 1608 blank boundary omitted from target mapping)
urn:uuid:86513fe5-61c1-560a-8da0-e6a1b6a7faee,relation/unit/bab-4-grup-simetris/section/01/covers/surface/unit-033/protected-math-zone/062-inline,urn:uuid:3e92104f-a336-51d7-972f-cbf2151082ed,covers,urn:uuid:ee886b5a-2b26-5775-8710-22d49fd3d461,chapter4.tex:1389-1608 (line 1608 blank boundary omitted from target mapping)
urn:uuid:1c85f331-4262-58c6-8fdb-4c2fa38eb4af,relation/unit/bab-4-grup-simetris/section/01/covers/surface/unit-033/protected-math-zone/063-inline,urn:uuid:3e92104f-a336-51d7-972f-cbf2151082ed,covers,urn:uuid:8d45572e-028e-59c5-b369-48fd92473f0b,chapter4.tex:1389-1608 (line 1608 blank boundary omitted from target mapping)
urn:uuid:e3df5004-1b46-598c-a8f2-f8de94a6f858,relation/unit/bab-4-grup-simetris/section/01/covers/surface/unit-033/protected-math-zone/064-inline,urn:uuid:3e92104f-a336-51d7-972f-cbf2151082ed,covers,urn:uuid:4c274cce-e414-5723-84bb-0d91fbc0d638,chapter4.tex:1389-1608 (line 1608 blank boundary omitted from target mapping)
urn:uuid:51ba9cb0-ada9-5dca-8026-e1cc96910692,relation/unit/bab-4-grup-simetris/section/01/covers/surface/unit-033/protected-math-zone/065-inline,urn:uuid:3e92104f-a336-51d7-972f-cbf2151082ed,covers,urn:uuid:4cfe7b2b-6601-51d8-9a08-f475e6879abe,chapter4.tex:1389-1608 (line 1608 blank boundary omitted from target mapping)
urn:uuid:76bc4f51-20f8-5888-8fce-4a25e7aaa3f7,relation/unit/bab-4-grup-simetris/section/01/covers/surface/unit-033/protected-math-zone/066-inline,urn:uuid:3e92104f-a336-51d7-972f-cbf2151082ed,covers,urn:uuid:2092fc39-88c2-508d-8ceb-38f3f359c996,chapter4.tex:1389-1608 (line 1608 blank boundary omitted from target mapping)
urn:uuid:ab8b90b8-6b93-5183-b627-cfb2746f52e1,relation/unit/bab-4-grup-simetris/section/01/covers/surface/unit-033/protected-math-zone/067-inline,urn:uuid:3e92104f-a336-51d7-972f-cbf2151082ed,covers,urn:uuid:fe9b3cb7-3bf3-52f5-b6ad-05a22a1b0b32,chapter4.tex:1389-1608 (line 1608 blank boundary omitted from target mapping)
urn:uuid:2c6192c9-2a4d-5b4f-a8ee-83c96dc4e132,relation/unit/bab-4-grup-simetris/section/01/covers/surface/unit-033/protected-math-zone/068-inline,urn:uuid:3e92104f-a336-51d7-972f-cbf2151082ed,covers,urn:uuid:868e85e4-21a3-5700-a13c-60327c970953,chapter4.tex:1389-1608 (line 1608 blank boundary omitted from target mapping)
urn:uuid:3ae83fd3-704a-5692-9bb7-2c81f117a9fb,relation/unit/bab-4-grup-simetris/section/01/covers/surface/unit-033/protected-math-zone/069-inline,urn:uuid:3e92104f-a336-51d7-972f-cbf2151082ed,covers,urn:uuid:85114c83-facb-5f0d-bae6-fcedcd6e14e1,chapter4.tex:1389-1608 (line 1608 blank boundary omitted from target mapping)
urn:uuid:8f28fafb-7e19-5623-b599-f9db0e85545f,relation/unit/bab-4-grup-simetris/section/01/covers/surface/unit-033/protected-math-zone/070-inline,urn:uuid:3e92104f-a336-51d7-972f-cbf2151082ed,covers,urn:uuid:513c4762-5260-5be0-b78c-32e4cb8a64ea,chapter4.tex:1389-1608 (line 1608 blank boundary omitted from target mapping)
urn:uuid:4df2a02c-47d7-551f-ac82-1ae0b9eaaad5,relation/unit/bab-4-grup-simetris/section/01/covers/surface/unit-033/protected-math-zone/071-inline,urn:uuid:3e92104f-a336-51d7-972f-cbf2151082ed,covers,urn:uuid:a2bc3512-f647-58ab-b2ca-7bd3faea9fbd,chapter4.tex:1389-1608 (line 1608 blank boundary omitted from target mapping)
urn:uuid:5de7c45d-01b7-572d-99ff-d1fb9eb93b04,relation/unit/bab-4-grup-simetris/section/01/covers/surface/unit-033/protected-math-zone/072-inline,urn:uuid:3e92104f-a336-51d7-972f-cbf2151082ed,covers,urn:uuid:d1da5d22-2e8a-54ee-b304-7cca0e0a6c47,chapter4.tex:1389-1608 (line 1608 blank boundary omitted from target mapping)
urn:uuid:383e670c-dc15-50f1-9a0f-e080ef4df385,relation/unit/bab-4-grup-simetris/section/01/covers/surface/unit-033/protected-math-zone/073-inline,urn:uuid:3e92104f-a336-51d7-972f-cbf2151082ed,covers,urn:uuid:4da20d63-891f-5967-b492-b1f61a4d089d,chapter4.tex:1389-1608 (line 1608 blank boundary omitted from target mapping)
urn:uuid:c953ffc5-9265-5d57-83d9-35a9195ccb40,relation/unit/bab-4-grup-simetris/section/01/covers/surface/unit-033/protected-math-zone/074-inline,urn:uuid:3e92104f-a336-51d7-972f-cbf2151082ed,covers,urn:uuid:f071837c-ce33-5c18-8489-03ffad6c7423,chapter4.tex:1389-1608 (line 1608 blank boundary omitted from target mapping)
urn:uuid:751c64d2-5123-58a0-b7d2-7ef3c10798b8,relation/unit/bab-4-grup-simetris/section/01/covers/surface/unit-033/protected-math-zone/075-inline,urn:uuid:3e92104f-a336-51d7-972f-cbf2151082ed,covers,urn:uuid:80be839b-fdfd-5ec8-8161-5fcae2ad8557,chapter4.tex:1389-1608 (line 1608 blank boundary omitted from target mapping)
urn:uuid:e01c741c-8d0a-5d43-9e49-c9403e2cd0df,relation/unit/bab-4-grup-simetris/section/01/covers/surface/unit-033/protected-math-zone/076-inline,urn:uuid:3e92104f-a336-51d7-972f-cbf2151082ed,covers,urn:uuid:b4370a3a-d23e-5a84-8e5b-15befe5f5e61,chapter4.tex:1389-1608 (line 1608 blank boundary omitted from target mapping)
urn:uuid:9ecc8930-dcd1-5bab-945c-de38809cb536,relation/unit/bab-4-grup-simetris/section/01/covers/surface/unit-033/protected-math-zone/077-inline,urn:uuid:3e92104f-a336-51d7-972f-cbf2151082ed,covers,urn:uuid:65320810-aa1c-5576-9757-f2d85437fa5c,chapter4.tex:1389-1608 (line 1608 blank boundary omitted from target mapping)
urn:uuid:c92214c4-4ad5-5bd4-87ae-a37a26ee7f46,relation/unit/bab-4-grup-simetris/section/01/covers/surface/unit-033/protected-math-zone/078-inline,urn:uuid:3e92104f-a336-51d7-972f-cbf2151082ed,covers,urn:uuid:38d8729a-68e6-509b-ae3b-84a18f473a9a,chapter4.tex:1389-1608 (line 1608 blank boundary omitted from target mapping)
urn:uuid:33af189d-4943-59d7-a7b2-a1b878e47ef2,relation/unit/bab-4-grup-simetris/section/01/covers/surface/unit-033/protected-math-zone/079-inline,urn:uuid:3e92104f-a336-51d7-972f-cbf2151082ed,covers,urn:uuid:654b9264-f3ff-59ad-b59a-48e4d8db0e95,chapter4.tex:1389-1608 (line 1608 blank boundary omitted from target mapping)
urn:uuid:c6e95bbb-902f-5ead-86d5-fdab9122f010,relation/unit/bab-4-grup-simetris/section/01/covers/surface/unit-033/protected-math-zone/080-inline,urn:uuid:3e92104f-a336-51d7-972f-cbf2151082ed,covers,urn:uuid:0a46cee9-d66d-582c-b223-be140ecedbfd,chapter4.tex:1389-1608 (line 1608 blank boundary omitted from target mapping)
urn:uuid:49a341b8-7da4-5d5d-966b-bc48fef0f43e,relation/unit/bab-4-grup-simetris/section/01/covers/surface/unit-033/protected-math-zone/081-inline,urn:uuid:3e92104f-a336-51d7-972f-cbf2151082ed,covers,urn:uuid:609d8dde-fe64-5a6e-90c8-76a1d79c7d9e,chapter4.tex:1389-1608 (line 1608 blank boundary omitted from target mapping)
urn:uuid:2e7c509c-e92b-52b8-a1d7-4368304a6ecf,relation/unit/bab-4-grup-simetris/section/01/covers/surface/unit-033/protected-math-zone/082-inline,urn:uuid:3e92104f-a336-51d7-972f-cbf2151082ed,covers,urn:uuid:1e8b6820-e8c3-55a4-931f-73f1cc967cb6,chapter4.tex:1389-1608 (line 1608 blank boundary omitted from target mapping)
urn:uuid:285d66aa-66c8-5f61-8f55-bffd0c608954,relation/unit/bab-4-grup-simetris/section/01/covers/surface/unit-033/protected-math-zone/083-inline,urn:uuid:3e92104f-a336-51d7-972f-cbf2151082ed,covers,urn:uuid:dd951c38-f3ca-530a-9cf5-d050c2742d62,chapter4.tex:1389-1608 (line 1608 blank boundary omitted from target mapping)
urn:uuid:09074d6c-cb08-5a26-b2c6-c0a5709cfe56,relation/unit/bab-4-grup-simetris/section/01/covers/surface/unit-033/protected-math-zone/084-display-bracket,urn:uuid:3e92104f-a336-51d7-972f-cbf2151082ed,covers,urn:uuid:8ab14a04-ca66-5c4e-9548-36d06501a835,chapter4.tex:1389-1608 (line 1608 blank boundary omitted from target mapping)
urn:uuid:7220ac9e-5c11-5ee1-b143-2695c4967b18,relation/unit/bab-4-grup-simetris/section/01/covers/surface/unit-033/protected-math-zone/085-inline,urn:uuid:3e92104f-a336-51d7-972f-cbf2151082ed,covers,urn:uuid:315b9eea-7153-5d20-8c2d-a374f1fa45de,chapter4.tex:1389-1608 (line 1608 blank boundary omitted from target mapping)
urn:uuid:b896b80b-2240-56d4-82f3-5c4c87c26263,relation/unit/bab-4-grup-simetris/section/01/covers/surface/unit-033/protected-math-zone/086-display-bracket,urn:uuid:3e92104f-a336-51d7-972f-cbf2151082ed,covers,urn:uuid:415013e9-3cd2-55fb-aa5f-31f31fc4ff64,chapter4.tex:1389-1608 (line 1608 blank boundary omitted from target mapping)
urn:uuid:1af54754-5a2b-55c7-9365-27193a7ca0ba,relation/unit/bab-4-grup-simetris/section/01/covers/surface/unit-033/protected-math-zone/087-inline,urn:uuid:3e92104f-a336-51d7-972f-cbf2151082ed,covers,urn:uuid:991ca9f9-4256-52f8-a669-fe49084e5ff1,chapter4.tex:1389-1608 (line 1608 blank boundary omitted from target mapping)
urn:uuid:b54d14e9-625d-5259-9ca5-35dbd621cbff,relation/unit/bab-4-grup-simetris/section/01/covers/surface/unit-033/protected-math-zone/088-inline,urn:uuid:3e92104f-a336-51d7-972f-cbf2151082ed,covers,urn:uuid:aa6d2164-1904-5262-ab8d-e185706466f7,chapter4.tex:1389-1608 (line 1608 blank boundary omitted from target mapping)
urn:uuid:9c081fe3-ac49-5ee5-963e-168be6f8cf9d,relation/unit/bab-4-grup-simetris/section/01/covers/surface/unit-033/protected-math-zone/089-inline,urn:uuid:3e92104f-a336-51d7-972f-cbf2151082ed,covers,urn:uuid:6c703ecd-7810-5c84-bc4e-8e96a753c590,chapter4.tex:1389-1608 (line 1608 blank boundary omitted from target mapping)
urn:uuid:245a6605-20f7-55c2-9b5e-8f32b70ad69c,relation/unit/bab-4-grup-simetris/section/01/covers/surface/unit-033/protected-math-zone/090-inline,urn:uuid:3e92104f-a336-51d7-972f-cbf2151082ed,covers,urn:uuid:64f5a933-f179-5cd4-8e6c-eafa36914f28,chapter4.tex:1389-1608 (line 1608 blank boundary omitted from target mapping)
urn:uuid:f0eca03c-ba14-57f2-b07f-9b36df165051,relation/unit/bab-4-grup-simetris/section/01/covers/surface/unit-033/protected-math-zone/091-inline,urn:uuid:3e92104f-a336-51d7-972f-cbf2151082ed,covers,urn:uuid:dc192ade-7a3a-5085-b9b0-a0b166d837c8,chapter4.tex:1389-1608 (line 1608 blank boundary omitted from target mapping)
urn:uuid:254db37f-7621-5814-a17a-5ae369a07816,relation/unit/bab-4-grup-simetris/section/01/covers/surface/unit-033/protected-math-zone/092-inline,urn:uuid:3e92104f-a336-51d7-972f-cbf2151082ed,covers,urn:uuid:1d593c6e-248a-5bcc-a9fe-cbd41b7c09cf,chapter4.tex:1389-1608 (line 1608 blank boundary omitted from target mapping)
urn:uuid:19635c88-ff95-5a09-928b-cee174a8826a,relation/unit/bab-4-grup-simetris/section/01/covers/surface/unit-033/protected-math-zone/093-inline,urn:uuid:3e92104f-a336-51d7-972f-cbf2151082ed,covers,urn:uuid:8f9b66b7-73cf-5a11-8e34-c97879d8afb6,chapter4.tex:1389-1608 (line 1608 blank boundary omitted from target mapping)
urn:uuid:418bb567-1f39-5d11-bdd1-209331d66ba5,relation/unit/bab-4-grup-simetris/section/01/covers/surface/unit-033/protected-math-zone/094-inline,urn:uuid:3e92104f-a336-51d7-972f-cbf2151082ed,covers,urn:uuid:1849157b-2c97-5e2e-a5b1-8c6b5b9cc276,chapter4.tex:1389-1608 (line 1608 blank boundary omitted from target mapping)
urn:uuid:9a6945d0-3daf-523f-a6e3-c158b5afcf2a,relation/unit/bab-4-grup-simetris/section/01/covers/surface/unit-033/protected-math-zone/095-inline,urn:uuid:3e92104f-a336-51d7-972f-cbf2151082ed,covers,urn:uuid:6915214d-cc20-55a0-a9b1-fdeccc612066,chapter4.tex:1389-1608 (line 1608 blank boundary omitted from target mapping)
urn:uuid:e2d85bed-dcaa-5a7d-920a-2f9d053e8991,relation/unit/bab-4-grup-simetris/section/01/covers/surface/unit-033/protected-math-zone/096-inline,urn:uuid:3e92104f-a336-51d7-972f-cbf2151082ed,covers,urn:uuid:bc9186a7-744f-55a9-af2a-267796a517aa,chapter4.tex:1389-1608 (line 1608 blank boundary omitted from target mapping)
urn:uuid:90c59745-801b-5dc5-9826-3743e27df5f4,relation/unit/bab-4-grup-simetris/section/01/covers/surface/unit-033/protected-math-zone/097-inline,urn:uuid:3e92104f-a336-51d7-972f-cbf2151082ed,covers,urn:uuid:101a3b46-33fa-501e-a5d7-097f055e9258,chapter4.tex:1389-1608 (line 1608 blank boundary omitted from target mapping)
urn:uuid:963962de-86fd-5dbc-9ba4-5d07373d2260,relation/unit/bab-4-grup-simetris/section/01/covers/surface/unit-033/protected-math-zone/098-display-bracket,urn:uuid:3e92104f-a336-51d7-972f-cbf2151082ed,covers,urn:uuid:9388e59c-407e-5c7d-861e-599b0c100c2f,chapter4.tex:1389-1608 (line 1608 blank boundary omitted from target mapping)
urn:uuid:06c1db0f-6567-5251-8918-4bdb96524d09,relation/unit/bab-4-grup-simetris/section/01/covers/surface/unit-033/protected-math-zone/099-inline,urn:uuid:3e92104f-a336-51d7-972f-cbf2151082ed,covers,urn:uuid:754dfec7-bf22-5c64-8e09-1a844c76c0bb,chapter4.tex:1389-1608 (line 1608 blank boundary omitted from target mapping)
urn:uuid:b2b78215-ccf6-533a-a561-ebcef0761dfe,relation/unit/bab-4-grup-simetris/section/01/covers/surface/unit-033/protected-math-zone/100-inline,urn:uuid:3e92104f-a336-51d7-972f-cbf2151082ed,covers,urn:uuid:1776555d-afd7-5e1c-a80e-ea9acd7b1fac,chapter4.tex:1389-1608 (line 1608 blank boundary omitted from target mapping)
urn:uuid:ec6c4efb-e052-5ba0-b737-1b6155dd7570,relation/unit/bab-4-grup-simetris/section/01/covers/surface/unit-033/protected-math-zone/101-inline,urn:uuid:3e92104f-a336-51d7-972f-cbf2151082ed,covers,urn:uuid:def9df1f-0628-5b24-a953-f54a5bddd6f8,chapter4.tex:1389-1608 (line 1608 blank boundary omitted from target mapping)
urn:uuid:99664547-fd99-5849-aa7f-23d0306bab68,relation/unit/bab-4-grup-simetris/section/01/covers/surface/unit-033/protected-math-zone/102-inline,urn:uuid:3e92104f-a336-51d7-972f-cbf2151082ed,covers,urn:uuid:fff66c3f-c9fe-57c5-a357-ce58a5217cda,chapter4.tex:1389-1608 (line 1608 blank boundary omitted from target mapping)
urn:uuid:bcea1531-4034-5654-8fd8-055e7b4aca7e,relation/unit/bab-4-grup-simetris/section/01/covers/surface/unit-033/protected-math-zone/103-inline,urn:uuid:3e92104f-a336-51d7-972f-cbf2151082ed,covers,urn:uuid:1837ecbc-fd7a-5a60-b2b4-5199625ed905,chapter4.tex:1389-1608 (line 1608 blank boundary omitted from target mapping)
urn:uuid:7d12f1fa-b96d-5049-9bd0-9a6d723645f0,relation/unit/bab-4-grup-simetris/section/01/covers/surface/unit-033/protected-math-zone/104-inline,urn:uuid:3e92104f-a336-51d7-972f-cbf2151082ed,covers,urn:uuid:98e09141-25e1-53b2-be4c-783b28cea0e0,chapter4.tex:1389-1608 (line 1608 blank boundary omitted from target mapping)
urn:uuid:5db19abd-4e21-505c-8a7f-3a62be439a70,relation/unit/bab-4-grup-simetris/section/01/covers/surface/unit-033/protected-math-zone/105-inline,urn:uuid:3e92104f-a336-51d7-972f-cbf2151082ed,covers,urn:uuid:42e3f52a-5552-5fa9-b56a-d12d85913a34,chapter4.tex:1389-1608 (line 1608 blank boundary omitted from target mapping)
urn:uuid:85852978-26d4-5045-be7a-69ad43d3d4ca,relation/unit/bab-4-grup-simetris/section/01/covers/surface/unit-033/protected-math-zone/106-inline,urn:uuid:3e92104f-a336-51d7-972f-cbf2151082ed,covers,urn:uuid:4bcf70d7-0636-5db0-a2d5-871f86fd81c3,chapter4.tex:1389-1608 (line 1608 blank boundary omitted from target mapping)
urn:uuid:238c3a17-816d-5da4-9eb7-053667e14187,relation/unit/bab-4-grup-simetris/section/01/covers/surface/unit-033/protected-math-zone/107-inline,urn:uuid:3e92104f-a336-51d7-972f-cbf2151082ed,covers,urn:uuid:f61aea5b-2886-5454-8593-90418223f639,chapter4.tex:1389-1608 (line 1608 blank boundary omitted from target mapping)
urn:uuid:895e5063-3b90-52a6-a02e-2b65319ead6f,relation/unit/bab-4-grup-simetris/section/01/covers/surface/unit-033/protected-math-zone/108-inline,urn:uuid:3e92104f-a336-51d7-972f-cbf2151082ed,covers,urn:uuid:a8b3ea04-ccf8-5b05-9476-2439e6ec8c69,chapter4.tex:1389-1608 (line 1608 blank boundary omitted from target mapping)
urn:uuid:4ab7105d-d918-514e-a46b-b42dd0fbe1e6,relation/unit/bab-4-grup-simetris/section/01/covers/surface/unit-033/protected-math-zone/109-inline,urn:uuid:3e92104f-a336-51d7-972f-cbf2151082ed,covers,urn:uuid:77c35a27-2528-5758-9b46-69cca6becb26,chapter4.tex:1389-1608 (line 1608 blank boundary omitted from target mapping)
urn:uuid:d01bb182-d9a7-5991-94cd-05fb87211cf7,relation/unit/bab-4-grup-simetris/section/01/covers/surface/unit-033/protected-math-zone/110-inline,urn:uuid:3e92104f-a336-51d7-972f-cbf2151082ed,covers,urn:uuid:5e7f74f8-5fd6-53c3-b7e3-afc7ffafad3d,chapter4.tex:1389-1608 (line 1608 blank boundary omitted from target mapping)
urn:uuid:8bcf0cd3-7cef-5aad-bad9-1e0e04fce46e,relation/unit/bab-4-grup-simetris/section/01/covers/surface/unit-033/protected-math-zone/111-inline,urn:uuid:3e92104f-a336-51d7-972f-cbf2151082ed,covers,urn:uuid:4f91307d-6e28-5c35-87b2-9c70204b59c4,chapter4.tex:1389-1608 (line 1608 blank boundary omitted from target mapping)
urn:uuid:0c4a79f1-66cc-587a-9722-b0f63e52c2bd,relation/unit/bab-4-grup-simetris/section/01/covers/surface/unit-033/protected-math-zone/112-inline,urn:uuid:3e92104f-a336-51d7-972f-cbf2151082ed,covers,urn:uuid:a8686a27-28ed-5c41-a50e-abfb698241bd,chapter4.tex:1389-1608 (line 1608 blank boundary omitted from target mapping)
urn:uuid:e9c52b89-a556-58db-9a61-7f4aca353d09,relation/unit/bab-4-grup-simetris/section/01/covers/surface/unit-033/protected-math-zone/113-inline,urn:uuid:3e92104f-a336-51d7-972f-cbf2151082ed,covers,urn:uuid:04470b24-14d7-569d-a94a-7576eabb0e6e,chapter4.tex:1389-1608 (line 1608 blank boundary omitted from target mapping)
urn:uuid:7de0b7b7-9d36-59b1-b783-d1153d9440c1,relation/unit/bab-4-grup-simetris/section/01/covers/surface/unit-033/protected-math-zone/114-inline,urn:uuid:3e92104f-a336-51d7-972f-cbf2151082ed,covers,urn:uuid:5569e33e-811f-5fdf-a9ed-117f3a061fc3,chapter4.tex:1389-1608 (line 1608 blank boundary omitted from target mapping)
urn:uuid:51af4226-f69b-5b43-a3a0-c7f73aa45c9d,relation/unit/bab-4-grup-simetris/section/01/covers/surface/unit-033/protected-math-zone/115-inline,urn:uuid:3e92104f-a336-51d7-972f-cbf2151082ed,covers,urn:uuid:777e999f-a62c-5b85-b587-a93c3a55bfd4,chapter4.tex:1389-1608 (line 1608 blank boundary omitted from target mapping)
urn:uuid:94b42f98-db99-53ae-9882-2d7336decd1a,relation/unit/bab-4-grup-simetris/section/01/covers/surface/unit-033/protected-math-zone/116-inline,urn:uuid:3e92104f-a336-51d7-972f-cbf2151082ed,covers,urn:uuid:3f46719f-d7fb-5216-95bf-d5bf302eaeaa,chapter4.tex:1389-1608 (line 1608 blank boundary omitted from target mapping)
urn:uuid:0264d58a-670b-5e7a-b9f9-b82908903d8a,relation/unit/bab-4-grup-simetris/section/01/covers/surface/unit-033/protected-math-zone/117-inline,urn:uuid:3e92104f-a336-51d7-972f-cbf2151082ed,covers,urn:uuid:420ab1ed-4a8a-59b5-90e2-58ef4896e632,chapter4.tex:1389-1608 (line 1608 blank boundary omitted from target mapping)
urn:uuid:e0f0453f-1c1a-53a0-93d7-71e105c3854f,relation/unit/bab-4-grup-simetris/section/01/covers/surface/unit-033/protected-math-zone/118-inline,urn:uuid:3e92104f-a336-51d7-972f-cbf2151082ed,covers,urn:uuid:e0b1aa01-7714-5a83-870e-08da2ca12531,chapter4.tex:1389-1608 (line 1608 blank boundary omitted from target mapping)
urn:uuid:3a4e6982-cd25-5f48-995c-0062b255f398,relation/unit/bab-4-grup-simetris/section/01/covers/surface/unit-033/protected-math-zone/119-inline,urn:uuid:3e92104f-a336-51d7-972f-cbf2151082ed,covers,urn:uuid:f49a4434-9228-5930-aade-ad10edbe6483,chapter4.tex:1389-1608 (line 1608 blank boundary omitted from target mapping)
urn:uuid:3ca8d63b-11e2-5fbe-8f95-f4ae060649d0,relation/unit/bab-4-grup-simetris/section/01/covers/surface/unit-033/protected-math-zone/120-display-bracket,urn:uuid:3e92104f-a336-51d7-972f-cbf2151082ed,covers,urn:uuid:6e8b12b4-b974-56d7-be10-0eedd72cfeee,chapter4.tex:1389-1608 (line 1608 blank boundary omitted from target mapping)
urn:uuid:96dcc5bc-c520-51e3-9ad2-b81c5c2ac4e3,relation/unit/bab-4-grup-simetris/section/01/covers/surface/unit-033/protected-math-zone/121-inline,urn:uuid:3e92104f-a336-51d7-972f-cbf2151082ed,covers,urn:uuid:852ae35c-a089-5a02-bc9c-f37b17fc55d0,chapter4.tex:1389-1608 (line 1608 blank boundary omitted from target mapping)
urn:uuid:08112016-588f-540a-83f2-03430d982bdb,relation/unit/bab-4-grup-simetris/section/01/covers/surface/unit-033/protected-math-zone/122-inline,urn:uuid:3e92104f-a336-51d7-972f-cbf2151082ed,covers,urn:uuid:39e61895-6131-515f-b22f-0bd3f22f1c56,chapter4.tex:1389-1608 (line 1608 blank boundary omitted from target mapping)
urn:uuid:f8c937e6-1e06-5579-9fc1-6f7b0abbe110,relation/unit/bab-4-grup-simetris/section/01/covers/surface/unit-033/protected-math-zone/123-inline,urn:uuid:3e92104f-a336-51d7-972f-cbf2151082ed,covers,urn:uuid:a8ec3765-fe70-5ffe-a9d7-6e1d75fc4ad2,chapter4.tex:1389-1608 (line 1608 blank boundary omitted from target mapping)
urn:uuid:88ce2890-2067-58d9-bf59-990791ee28c2,relation/unit/bab-4-grup-simetris/section/01/covers/surface/unit-033/protected-math-zone/124-inline,urn:uuid:3e92104f-a336-51d7-972f-cbf2151082ed,covers,urn:uuid:316dc72c-43bb-543e-8e96-50ac6c002284,chapter4.tex:1389-1608 (line 1608 blank boundary omitted from target mapping)
urn:uuid:61503055-d7a2-59d4-a9ac-462f4ff91f04,relation/unit/bab-4-grup-simetris/section/01/covers/surface/unit-033/protected-math-zone/125-inline,urn:uuid:3e92104f-a336-51d7-972f-cbf2151082ed,covers,urn:uuid:240e1e40-3c38-59a5-b5eb-4a2edca9d9d8,chapter4.tex:1389-1608 (line 1608 blank boundary omitted from target mapping)
urn:uuid:b1bf4b64-27bd-58b2-85f3-e059019d8322,relation/unit/bab-4-grup-simetris/section/01/covers/surface/unit-033/protected-math-zone/126-inline,urn:uuid:3e92104f-a336-51d7-972f-cbf2151082ed,covers,urn:uuid:e3be980b-9eac-5387-b4d3-78fc37ab7e32,chapter4.tex:1389-1608 (line 1608 blank boundary omitted from target mapping)
urn:uuid:54e6a264-0736-5a6c-ba9a-f1253ec0dea5,relation/unit/bab-4-grup-simetris/section/01/covers/surface/unit-033/protected-math-zone/127-inline,urn:uuid:3e92104f-a336-51d7-972f-cbf2151082ed,covers,urn:uuid:17dcea98-9108-5597-aae8-3202160177f1,chapter4.tex:1389-1608 (line 1608 blank boundary omitted from target mapping)
urn:uuid:b786f9a0-487c-5da8-86eb-9d405e13a280,relation/unit/bab-4-grup-simetris/section/01/covers/surface/unit-033/protected-math-zone/128-inline,urn:uuid:3e92104f-a336-51d7-972f-cbf2151082ed,covers,urn:uuid:558bafb3-0030-5f38-b850-8f4c6f85656b,chapter4.tex:1389-1608 (line 1608 blank boundary omitted from target mapping)
urn:uuid:cb00e7cb-1e07-563e-9755-cf131286c0bc,relation/unit/bab-4-grup-simetris/section/01/covers/surface/unit-033/protected-math-zone/129-inline,urn:uuid:3e92104f-a336-51d7-972f-cbf2151082ed,covers,urn:uuid:4ac3c807-fa57-53e6-8c21-46c6222441dd,chapter4.tex:1389-1608 (line 1608 blank boundary omitted from target mapping)
urn:uuid:69a76a9f-9bf1-5df6-893b-805da7e46782,relation/unit/bab-4-grup-simetris/section/01/covers/surface/unit-033/protected-math-zone/130-display-bracket,urn:uuid:3e92104f-a336-51d7-972f-cbf2151082ed,covers,urn:uuid:39b426e5-8d30-599b-a7c0-d1be79b7b8e3,chapter4.tex:1389-1608 (line 1608 blank boundary omitted from target mapping)
urn:uuid:ff1ef19e-46d2-599e-8040-1d3216df6116,relation/unit/bab-4-grup-simetris/section/01/covers/surface/unit-033/protected-math-zone/131-display-environment,urn:uuid:3e92104f-a336-51d7-972f-cbf2151082ed,covers,urn:uuid:e7653d90-9294-5457-a507-9fa989600261,chapter4.tex:1389-1608 (line 1608 blank boundary omitted from target mapping)
urn:uuid:3633de9d-caf5-5146-b513-5e116d54da84,relation/unit/bab-4-grup-simetris/section/01/covers/surface/unit-033/protected-math-zone/132-inline,urn:uuid:3e92104f-a336-51d7-972f-cbf2151082ed,covers,urn:uuid:457eafcc-1425-5189-896e-b5709dd8c0ba,chapter4.tex:1389-1608 (line 1608 blank boundary omitted from target mapping)
urn:uuid:f79e6b39-4d30-59ee-8900-a5960aca354a,relation/unit/bab-4-grup-simetris/section/01/covers/surface/unit-033/protected-math-zone/133-inline,urn:uuid:3e92104f-a336-51d7-972f-cbf2151082ed,covers,urn:uuid:0909e062-87b9-5b5c-a867-b398afb8a7a9,chapter4.tex:1389-1608 (line 1608 blank boundary omitted from target mapping)
urn:uuid:785dfb69-b21a-5f1f-b38e-285daaa7b683,relation/unit/bab-4-grup-simetris/section/01/covers/surface/unit-033/protected-math-zone/134-inline,urn:uuid:3e92104f-a336-51d7-972f-cbf2151082ed,covers,urn:uuid:c5b1c24e-0281-59d2-94dc-aca15174f611,chapter4.tex:1389-1608 (line 1608 blank boundary omitted from target mapping)
urn:uuid:79add722-b92b-595f-b516-22e440d6e965,relation/unit/bab-4-grup-simetris/section/01/covers/surface/unit-033/protected-math-zone/135-inline,urn:uuid:3e92104f-a336-51d7-972f-cbf2151082ed,covers,urn:uuid:4a32227a-69d1-5951-aa69-a8549c782253,chapter4.tex:1389-1608 (line 1608 blank boundary omitted from target mapping)
urn:uuid:d9913e75-a082-55c7-9a74-50caec248ebc,relation/unit/bab-4-grup-simetris/section/01/covers/surface/unit-033/protected-math-zone/136-inline,urn:uuid:3e92104f-a336-51d7-972f-cbf2151082ed,covers,urn:uuid:7383aaf0-5246-5fc8-af69-0f44c20d4b1c,chapter4.tex:1389-1608 (line 1608 blank boundary omitted from target mapping)
urn:uuid:a5ea1ce4-a621-5f29-a7ae-155da6ab1607,relation/unit/bab-4-grup-simetris/section/01/covers/surface/unit-033/protected-math-zone/137-inline,urn:uuid:3e92104f-a336-51d7-972f-cbf2151082ed,covers,urn:uuid:d2ed6242-b524-5452-86fa-ede2c79df53d,chapter4.tex:1389-1608 (line 1608 blank boundary omitted from target mapping)
urn:uuid:6786d1f6-58e8-53ba-844d-1f1d09399852,relation/unit/bab-4-grup-simetris/section/01/covers/surface/unit-033/protected-math-zone/138-inline,urn:uuid:3e92104f-a336-51d7-972f-cbf2151082ed,covers,urn:uuid:543ab331-0201-531e-bc52-e3af397b022d,chapter4.tex:1389-1608 (line 1608 blank boundary omitted from target mapping)
urn:uuid:79d80a97-6548-5fee-a775-5cb71e22ea5f,relation/unit/bab-4-grup-simetris/section/01/covers/surface/unit-033/protected-math-zone/139-inline,urn:uuid:3e92104f-a336-51d7-972f-cbf2151082ed,covers,urn:uuid:7959b41a-fe2b-5788-9573-f5a40d24393c,chapter4.tex:1389-1608 (line 1608 blank boundary omitted from target mapping)
urn:uuid:8bf97787-feeb-50c6-89db-c3b7e9766b80,relation/unit/bab-4-grup-simetris/section/01/covers/surface/unit-033/protected-math-zone/140-inline,urn:uuid:3e92104f-a336-51d7-972f-cbf2151082ed,covers,urn:uuid:c7a121de-95e4-5d70-b65d-d0c39799eedd,chapter4.tex:1389-1608 (line 1608 blank boundary omitted from target mapping)
urn:uuid:ebb8fe60-0ce4-5f2e-9b2a-38df4161d3fc,relation/unit/bab-4-grup-simetris/section/01/covers/surface/unit-033/protected-math-zone/141-inline,urn:uuid:3e92104f-a336-51d7-972f-cbf2151082ed,covers,urn:uuid:4ad5b60d-7eb3-51ff-a367-f6a3d6626ee8,chapter4.tex:1389-1608 (line 1608 blank boundary omitted from target mapping)
urn:uuid:989fd98d-30b0-5a41-84b3-2323bbc04156,relation/unit/bab-4-grup-simetris/section/01/covers/surface/unit-033/protected-math-zone/142-inline,urn:uuid:3e92104f-a336-51d7-972f-cbf2151082ed,covers,urn:uuid:3866dbac-195f-5aa4-b36d-1fcb53e2b933,chapter4.tex:1389-1608 (line 1608 blank boundary omitted from target mapping)
urn:uuid:16c5601a-71da-5ba3-9f79-2f9723717876,relation/unit/bab-4-grup-simetris/section/01/covers/surface/unit-033/protected-math-zone/143-inline,urn:uuid:3e92104f-a336-51d7-972f-cbf2151082ed,covers,urn:uuid:66aa10b6-7715-5189-bf75-cf8d818e835a,chapter4.tex:1389-1608 (line 1608 blank boundary omitted from target mapping)
urn:uuid:a6a83789-6a62-5100-8892-244e42194db0,relation/unit/bab-4-grup-simetris/section/01/covers/surface/unit-033/protected-math-zone/144-inline,urn:uuid:3e92104f-a336-51d7-972f-cbf2151082ed,covers,urn:uuid:af310dec-5b70-573a-8d7c-ec8b3862cd9f,chapter4.tex:1389-1608 (line 1608 blank boundary omitted from target mapping)
urn:uuid:515a09b4-847a-542d-ad96-f5c2e6b0dc69,relation/unit/bab-4-grup-simetris/section/01/covers/surface/unit-033/protected-math-zone/145-inline,urn:uuid:3e92104f-a336-51d7-972f-cbf2151082ed,covers,urn:uuid:6adbd5aa-32d1-563a-8273-3331c3ffff26,chapter4.tex:1389-1608 (line 1608 blank boundary omitted from target mapping)
urn:uuid:a24ff208-1bc5-56ed-9486-acfb39fab97f,relation/unit/bab-4-grup-simetris/section/01/covers/surface/unit-033/protected-math-zone/146-inline,urn:uuid:3e92104f-a336-51d7-972f-cbf2151082ed,covers,urn:uuid:67a85c6f-a489-5b21-832b-d794e7ed193d,chapter4.tex:1389-1608 (line 1608 blank boundary omitted from target mapping)
urn:uuid:199fe944-a7d4-584a-b928-c5156ee26f15,relation/unit/bab-4-grup-simetris/section/01/covers/surface/unit-033/protected-math-zone/147-inline,urn:uuid:3e92104f-a336-51d7-972f-cbf2151082ed,covers,urn:uuid:a2d84595-1083-5195-839d-32e487fb4d3d,chapter4.tex:1389-1608 (line 1608 blank boundary omitted from target mapping)
urn:uuid:fd2d3cda-56c4-551a-965d-38e693f651c7,relation/unit/bab-4-grup-simetris/section/01/covers/surface/unit-033/protected-math-zone/148-inline,urn:uuid:3e92104f-a336-51d7-972f-cbf2151082ed,covers,urn:uuid:b02f3a1d-2a0e-507b-b2e2-5d3a5f553ae2,chapter4.tex:1389-1608 (line 1608 blank boundary omitted from target mapping)
urn:uuid:f6c91af5-1f88-5581-930f-8a6bd06e115b,relation/unit/bab-4-grup-simetris/section/01/covers/surface/unit-033/protected-math-zone/149-inline,urn:uuid:3e92104f-a336-51d7-972f-cbf2151082ed,covers,urn:uuid:e5cfe006-5c86-56cb-bb9b-935567dee87e,chapter4.tex:1389-1608 (line 1608 blank boundary omitted from target mapping)
urn:uuid:506eb3e6-6bde-5659-b2ee-0e228390d003,relation/unit/bab-4-grup-simetris/section/01/covers/surface/unit-033/protected-math-zone/150-inline,urn:uuid:3e92104f-a336-51d7-972f-cbf2151082ed,covers,urn:uuid:6628b528-5de3-5fd1-a5c4-8e42ebc3b329,chapter4.tex:1389-1608 (line 1608 blank boundary omitted from target mapping)
urn:uuid:caa73e92-ff83-5cff-8467-592624d47cdc,relation/unit/bab-4-grup-simetris/section/01/covers/surface/unit-033/protected-math-zone/151-inline,urn:uuid:3e92104f-a336-51d7-972f-cbf2151082ed,covers,urn:uuid:d6a497c0-edb9-5317-9ee6-991f89052408,chapter4.tex:1389-1608 (line 1608 blank boundary omitted from target mapping)
urn:uuid:9609911c-79b9-5092-b490-ccdd50ac87da,relation/unit/bab-4-grup-simetris/section/01/covers/surface/unit-033/protected-math-zone/152-inline,urn:uuid:3e92104f-a336-51d7-972f-cbf2151082ed,covers,urn:uuid:51301be2-0290-5795-b9e0-52384c3e8e16,chapter4.tex:1389-1608 (line 1608 blank boundary omitted from target mapping)
urn:uuid:222f6c98-4259-5ada-9ae2-557b561ff655,relation/unit/bab-4-grup-simetris/section/01/covers/surface/unit-033/protected-math-zone/153-inline,urn:uuid:3e92104f-a336-51d7-972f-cbf2151082ed,covers,urn:uuid:7de30657-fc46-58c4-b1ad-a5c7b0d4b26e,chapter4.tex:1389-1608 (line 1608 blank boundary omitted from target mapping)
urn:uuid:b03f4ff0-bdbc-5ff2-a5f4-e11701f892d0,relation/unit/bab-4-grup-simetris/section/01/covers/surface/unit-033/protected-math-zone/154-inline,urn:uuid:3e92104f-a336-51d7-972f-cbf2151082ed,covers,urn:uuid:0d1b1c75-7c60-5991-b52c-d81a1037c425,chapter4.tex:1389-1608 (line 1608 blank boundary omitted from target mapping)
urn:uuid:98e9fb0d-cbbb-5c61-8033-6ba16a6ebb47,relation/unit/bab-4-grup-simetris/section/01/covers/surface/unit-033/protected-math-zone/155-inline,urn:uuid:3e92104f-a336-51d7-972f-cbf2151082ed,covers,urn:uuid:619f48a2-313a-5837-a4e2-0b282c1f8b4e,chapter4.tex:1389-1608 (line 1608 blank boundary omitted from target mapping)
urn:uuid:52f7337a-5669-5c70-b70a-05265a485e09,relation/unit/bab-4-grup-simetris/section/01/covers/surface/unit-033/protected-math-zone/156-inline,urn:uuid:3e92104f-a336-51d7-972f-cbf2151082ed,covers,urn:uuid:e0ea299d-c848-507c-9b1b-16253da8b71e,chapter4.tex:1389-1608 (line 1608 blank boundary omitted from target mapping)
urn:uuid:ee375ded-1cf2-571b-a1ac-d573903a51f6,relation/unit/bab-4-grup-simetris/section/01/covers/surface/unit-033/protected-math-zone/157-inline,urn:uuid:3e92104f-a336-51d7-972f-cbf2151082ed,covers,urn:uuid:e62749bb-7808-514b-a667-ff3c5b0079fb,chapter4.tex:1389-1608 (line 1608 blank boundary omitted from target mapping)
urn:uuid:a9169466-8d85-5011-94e7-5cea05cce924,relation/unit/bab-4-grup-simetris/section/01/covers/surface/unit-033/protected-math-zone/158-inline,urn:uuid:3e92104f-a336-51d7-972f-cbf2151082ed,covers,urn:uuid:0f078000-a765-50af-ac83-453cab9e8d94,chapter4.tex:1389-1608 (line 1608 blank boundary omitted from target mapping)
urn:uuid:f025264a-1015-526f-a681-b6c1dc43c600,relation/unit/bab-4-grup-simetris/section/01/covers/surface/unit-033/protected-math-zone/159-inline,urn:uuid:3e92104f-a336-51d7-972f-cbf2151082ed,covers,urn:uuid:3fba86d6-75fe-5c18-b1a2-d735ba43b14d,chapter4.tex:1389-1608 (line 1608 blank boundary omitted from target mapping)
urn:uuid:4d42d516-3cbe-5029-b0a9-925775bbb13c,relation/unit/bab-4-grup-simetris/section/01/covers/surface/unit-033/protected-math-zone/160-display-environment,urn:uuid:3e92104f-a336-51d7-972f-cbf2151082ed,covers,urn:uuid:1a930b07-d797-5044-bf17-3d9d801affb3,chapter4.tex:1389-1608 (line 1608 blank boundary omitted from target mapping)
urn:uuid:d0458c89-f8ac-5142-8d98-754f17df9ed8,relation/unit/bab-4-grup-simetris/section/01/covers/surface/unit-033/protected-math-zone/161-inline,urn:uuid:3e92104f-a336-51d7-972f-cbf2151082ed,covers,urn:uuid:8051736a-9fcc-5e3f-b67e-7d7d61f58e04,chapter4.tex:1389-1608 (line 1608 blank boundary omitted from target mapping)
urn:uuid:c95372af-e228-5697-a97b-dd3ffd22973f,relation/unit/bab-4-grup-simetris/section/01/covers/surface/unit-033/protected-math-zone/162-inline,urn:uuid:3e92104f-a336-51d7-972f-cbf2151082ed,covers,urn:uuid:4c9d0bb3-895f-51e3-a176-aa09c6e673b2,chapter4.tex:1389-1608 (line 1608 blank boundary omitted from target mapping)
urn:uuid:d89faa74-71d7-58f4-a083-468d47dc2080,relation/unit/bab-4-grup-simetris/section/01/covers/surface/unit-033/protected-math-zone/163-display-bracket,urn:uuid:3e92104f-a336-51d7-972f-cbf2151082ed,covers,urn:uuid:c231cc55-27aa-505e-bff8-4289d050b2e3,chapter4.tex:1389-1608 (line 1608 blank boundary omitted from target mapping)
urn:uuid:f6139252-a5b1-574a-bf1b-9120ef5459b9,relation/unit/bab-4-grup-simetris/section/01/covers/surface/unit-033/protected-math-zone/164-inline,urn:uuid:3e92104f-a336-51d7-972f-cbf2151082ed,covers,urn:uuid:f7708fa9-27a5-5cc6-8aa6-e63eeda77912,chapter4.tex:1389-1608 (line 1608 blank boundary omitted from target mapping)
urn:uuid:2235329f-fb69-5f58-85ae-a11812000c41,relation/unit/bab-4-grup-simetris/section/01/covers/surface/unit-033/protected-math-zone/165-inline,urn:uuid:3e92104f-a336-51d7-972f-cbf2151082ed,covers,urn:uuid:b1290302-cc16-5472-94a9-d659a2f1489a,chapter4.tex:1389-1608 (line 1608 blank boundary omitted from target mapping)
urn:uuid:594c6892-0d53-5531-8d47-de79306d1dfe,relation/unit/bab-4-grup-simetris/section/01/covers/surface/unit-033/protected-math-zone/166-inline,urn:uuid:3e92104f-a336-51d7-972f-cbf2151082ed,covers,urn:uuid:2fb159f7-6276-5076-aebe-684714e12289,chapter4.tex:1389-1608 (line 1608 blank boundary omitted from target mapping)
urn:uuid:75f425a7-68d2-5a7b-987f-3c9de100e6cc,relation/unit/bab-4-grup-simetris/section/01/covers/surface/unit-033/protected-math-zone/167-inline,urn:uuid:3e92104f-a336-51d7-972f-cbf2151082ed,covers,urn:uuid:133e1f49-75e0-5dcf-abe5-d9f9bdf9d974,chapter4.tex:1389-1608 (line 1608 blank boundary omitted from target mapping)
urn:uuid:3a1943d7-c1f4-5149-877d-4f32a6ead012,relation/unit/bab-4-grup-simetris/section/01/covers/surface/unit-033/protected-math-zone/168-inline,urn:uuid:3e92104f-a336-51d7-972f-cbf2151082ed,covers,urn:uuid:f5d434f6-44f6-5b62-9266-2e7f84c92d92,chapter4.tex:1389-1608 (line 1608 blank boundary omitted from target mapping)
urn:uuid:905f94de-7de6-5718-be5e-f546a3acda11,relation/unit/bab-4-grup-simetris/section/01/covers/surface/unit-033/protected-math-zone/169-inline,urn:uuid:3e92104f-a336-51d7-972f-cbf2151082ed,covers,urn:uuid:da276fe3-2d40-56a1-a3d6-3bd25bc681e5,chapter4.tex:1389-1608 (line 1608 blank boundary omitted from target mapping)
urn:uuid:9aff43b8-864f-5374-b28c-dc2920f88c47,relation/unit/bab-4-grup-simetris/section/01/covers/surface/unit-033/protected-math-zone/170-inline,urn:uuid:3e92104f-a336-51d7-972f-cbf2151082ed,covers,urn:uuid:588881a5-3b1b-57bd-b48b-ffdeddf80b82,chapter4.tex:1389-1608 (line 1608 blank boundary omitted from target mapping)
urn:uuid:84c79668-ffd1-52d5-ac59-5fe28aab6a17,relation/unit/bab-4-grup-simetris/section/01/covers/surface/unit-033/protected-math-zone/171-inline,urn:uuid:3e92104f-a336-51d7-972f-cbf2151082ed,covers,urn:uuid:1a57c398-af66-5923-ac0c-f73016d0eee6,chapter4.tex:1389-1608 (line 1608 blank boundary omitted from target mapping)
urn:uuid:832fc6ff-bebd-5833-9bd0-a43af89c695e,relation/unit/bab-4-grup-simetris/section/01/covers/surface/unit-033/protected-math-zone/172-inline,urn:uuid:3e92104f-a336-51d7-972f-cbf2151082ed,covers,urn:uuid:35ef94ba-dd0c-584a-b69b-9977e9b09a2a,chapter4.tex:1389-1608 (line 1608 blank boundary omitted from target mapping)
urn:uuid:49951ed6-4839-59e7-8ac1-b2b22ba5ebd7,relation/unit/bab-4-grup-simetris/section/01/covers/surface/unit-033/protected-math-zone/173-inline,urn:uuid:3e92104f-a336-51d7-972f-cbf2151082ed,covers,urn:uuid:d82ca15c-f72d-5af0-abfd-abbc10f8b702,chapter4.tex:1389-1608 (line 1608 blank boundary omitted from target mapping)
urn:uuid:2d99b99f-62e7-5b00-b978-6a027b2900d6,relation/unit/bab-4-grup-simetris/section/01/covers/surface/unit-033/protected-math-zone/174-inline,urn:uuid:3e92104f-a336-51d7-972f-cbf2151082ed,covers,urn:uuid:ee9081a3-d03b-56fd-9656-3db86aaa04e9,chapter4.tex:1389-1608 (line 1608 blank boundary omitted from target mapping)
urn:uuid:cab35832-50fc-5484-9b40-240ca9e662fe,relation/unit/bab-4-grup-simetris/section/01/covers/surface/unit-033/protected-math-zone/175-inline,urn:uuid:3e92104f-a336-51d7-972f-cbf2151082ed,covers,urn:uuid:31c4e491-54dd-5607-839c-636983e41a5a,chapter4.tex:1389-1608 (line 1608 blank boundary omitted from target mapping)
urn:uuid:4ee91d73-bfb0-5032-898e-9d35c169b65b,relation/unit/bab-4-grup-simetris/section/01/covers/surface/unit-033/protected-math-zone/176-inline,urn:uuid:3e92104f-a336-51d7-972f-cbf2151082ed,covers,urn:uuid:fe2a4314-984a-5310-ac55-b0b07b73f676,chapter4.tex:1389-1608 (line 1608 blank boundary omitted from target mapping)
urn:uuid:e5a2bbe7-f244-5a3d-a7c4-b0bc2d6a5e3e,relation/unit/bab-4-grup-simetris/section/01/covers/surface/unit-033/protected-math-zone/177-inline,urn:uuid:3e92104f-a336-51d7-972f-cbf2151082ed,covers,urn:uuid:16d2db53-1ee9-54b4-96b2-681a88102b0c,chapter4.tex:1389-1608 (line 1608 blank boundary omitted from target mapping)
urn:uuid:ade18b69-8ec4-58e9-ac83-009a48aa6ced,relation/unit/bab-4-grup-simetris/section/01/covers/surface/unit-033/protected-math-zone/178-display-bracket,urn:uuid:3e92104f-a336-51d7-972f-cbf2151082ed,covers,urn:uuid:58515ec6-7956-566c-a4b6-3f720cf5b2e7,chapter4.tex:1389-1608 (line 1608 blank boundary omitted from target mapping)
urn:uuid:16ea7806-e722-5675-a0d3-8691df74594b,relation/unit/bab-4-grup-simetris/section/01/covers/surface/unit-033/protected-math-zone/179-inline,urn:uuid:3e92104f-a336-51d7-972f-cbf2151082ed,covers,urn:uuid:4562e0ce-8dbe-5d86-85df-a74662d12e06,chapter4.tex:1389-1608 (line 1608 blank boundary omitted from target mapping)
urn:uuid:ec898e3b-e17d-55ec-96a0-02e299ce8285,relation/unit/bab-4-grup-simetris/section/01/covers/surface/unit-033/protected-math-zone/180-inline,urn:uuid:3e92104f-a336-51d7-972f-cbf2151082ed,covers,urn:uuid:21940f72-5833-50f2-8dca-a3a7cd2ec96b,chapter4.tex:1389-1608 (line 1608 blank boundary omitted from target mapping)
urn:uuid:acfbe669-6e10-5769-ba9c-7ed007c034b1,relation/unit/bab-4-grup-simetris/section/01/covers/surface/unit-033/protected-math-zone/181-inline,urn:uuid:3e92104f-a336-51d7-972f-cbf2151082ed,covers,urn:uuid:15f930b8-1474-5568-bec7-9bb3c4c54c32,chapter4.tex:1389-1608 (line 1608 blank boundary omitted from target mapping)
urn:uuid:6ac029ea-ce09-596b-8baa-f95d7ae12239,relation/unit/bab-4-grup-simetris/section/01/covers/surface/unit-033/protected-math-zone/182-inline,urn:uuid:3e92104f-a336-51d7-972f-cbf2151082ed,covers,urn:uuid:a05ab11b-2bf5-565c-af20-bd4082c36142,chapter4.tex:1389-1608 (line 1608 blank boundary omitted from target mapping)
urn:uuid:131aa7b1-9882-510a-9f53-6c7491936a42,relation/unit/bab-4-grup-simetris/section/01/covers/surface/unit-033/protected-math-zone/183-inline,urn:uuid:3e92104f-a336-51d7-972f-cbf2151082ed,covers,urn:uuid:d2a3288e-5a88-5c68-8a36-ff7137feac26,chapter4.tex:1389-1608 (line 1608 blank boundary omitted from target mapping)
urn:uuid:fa9b6f27-f7cd-539d-9206-6ad347992a9b,relation/unit/bab-4-grup-simetris/section/01/covers/surface/unit-033/protected-math-zone/184-inline,urn:uuid:3e92104f-a336-51d7-972f-cbf2151082ed,covers,urn:uuid:ffc41fce-df48-54bd-acd1-f74bced71778,chapter4.tex:1389-1608 (line 1608 blank boundary omitted from target mapping)
urn:uuid:00a534e2-c6b8-5f42-8abe-880e4d65a709,relation/unit/bab-4-grup-simetris/section/01/covers/surface/unit-033/protected-math-zone/185-inline,urn:uuid:3e92104f-a336-51d7-972f-cbf2151082ed,covers,urn:uuid:25466aa5-ee7d-54ae-b718-f004ff09b9e1,chapter4.tex:1389-1608 (line 1608 blank boundary omitted from target mapping)
urn:uuid:cc455b03-e9df-5759-b170-b1c94353cfb2,relation/unit/bab-4-grup-simetris/section/01/covers/surface/unit-033/protected-math-zone/186-inline,urn:uuid:3e92104f-a336-51d7-972f-cbf2151082ed,covers,urn:uuid:8d3fb68d-881e-5521-b4bc-bf53be4d704d,chapter4.tex:1389-1608 (line 1608 blank boundary omitted from target mapping)
urn:uuid:421eda69-0a15-52d7-aeaf-c6f8d2ae832b,relation/unit/bab-4-grup-simetris/section/01/covers/surface/unit-033/protected-math-zone/187-inline,urn:uuid:3e92104f-a336-51d7-972f-cbf2151082ed,covers,urn:uuid:83592173-7bba-568b-98d6-46e8e0e74cb4,chapter4.tex:1389-1608 (line 1608 blank boundary omitted from target mapping)
urn:uuid:46d21ceb-1f6c-54ed-891a-f565d4e1eab2,relation/unit/bab-4-grup-simetris/section/01/covers/surface/unit-033/protected-math-zone/188-inline,urn:uuid:3e92104f-a336-51d7-972f-cbf2151082ed,covers,urn:uuid:6a24d40e-10fb-5d0e-8753-1dea04ad136b,chapter4.tex:1389-1608 (line 1608 blank boundary omitted from target mapping)
urn:uuid:e90343db-a3ed-58c7-bbd6-312fb15df6c4,relation/unit/bab-4-grup-simetris/section/01/covers/surface/unit-033/protected-math-zone/189-inline,urn:uuid:3e92104f-a336-51d7-972f-cbf2151082ed,covers,urn:uuid:576a0c89-6fab-56e5-a8db-05a6cf704376,chapter4.tex:1389-1608 (line 1608 blank boundary omitted from target mapping)
urn:uuid:ff29c40e-fa16-5f90-bba8-645b2092b120,relation/unit/bab-4-grup-simetris/section/01/covers/surface/unit-033/protected-math-zone/190-inline,urn:uuid:3e92104f-a336-51d7-972f-cbf2151082ed,covers,urn:uuid:691dd2ce-3528-5f34-8aa5-e481f0fc9ef1,chapter4.tex:1389-1608 (line 1608 blank boundary omitted from target mapping)
urn:uuid:cbb45a22-2bad-5551-ae50-c1b1643b37a0,relation/unit/bab-4-grup-simetris/section/01/covers/surface/unit-033/protected-math-zone/191-inline,urn:uuid:3e92104f-a336-51d7-972f-cbf2151082ed,covers,urn:uuid:b60c8fb4-5cce-5794-9a69-91c55b4227fc,chapter4.tex:1389-1608 (line 1608 blank boundary omitted from target mapping)
urn:uuid:e99abadb-6f65-517f-8603-4c922b933868,relation/unit/bab-4-grup-simetris/section/01/covers/surface/unit-033/protected-math-zone/192-display-bracket,urn:uuid:3e92104f-a336-51d7-972f-cbf2151082ed,covers,urn:uuid:5d09bba4-53dd-5592-a62c-86f4056bfde7,chapter4.tex:1389-1608 (line 1608 blank boundary omitted from target mapping)
urn:uuid:518256f7-3034-5615-a9cf-dfa34a97045e,relation/unit/bab-4-grup-simetris/section/01/covers/surface/unit-033/protected-math-zone/193-inline,urn:uuid:3e92104f-a336-51d7-972f-cbf2151082ed,covers,urn:uuid:c0224165-72a3-5775-8efa-487fca66c0ff,chapter4.tex:1389-1608 (line 1608 blank boundary omitted from target mapping)
urn:uuid:d2d1266a-bf58-5c7e-9348-85af06817e04,relation/unit/bab-4-grup-simetris/section/01/covers/surface/unit-033/protected-math-zone/194-inline,urn:uuid:3e92104f-a336-51d7-972f-cbf2151082ed,covers,urn:uuid:082cd804-7421-500c-ad03-e80e4cc0e75a,chapter4.tex:1389-1608 (line 1608 blank boundary omitted from target mapping)
urn:uuid:9091cf45-9df0-544d-aa25-0b7fde743d94,relation/unit/bab-4-grup-simetris/section/01/covers/surface/unit-033/protected-math-zone/195-inline,urn:uuid:3e92104f-a336-51d7-972f-cbf2151082ed,covers,urn:uuid:72c37527-77ca-565f-bf9b-29a1bc1e82a1,chapter4.tex:1389-1608 (line 1608 blank boundary omitted from target mapping)
urn:uuid:cb712894-96da-511c-b625-34bdc40de250,relation/unit/bab-4-grup-simetris/section/01/covers/surface/unit-033/protected-math-zone/196-inline,urn:uuid:3e92104f-a336-51d7-972f-cbf2151082ed,covers,urn:uuid:2f3944d5-08bd-53c2-9953-354f8b69e560,chapter4.tex:1389-1608 (line 1608 blank boundary omitted from target mapping)
urn:uuid:c17d8191-b2f6-5210-a80a-b7d71c38a09e,relation/unit/bab-4-grup-simetris/section/01/covers/surface/unit-033/protected-math-zone/197-inline,urn:uuid:3e92104f-a336-51d7-972f-cbf2151082ed,covers,urn:uuid:94e2967a-87ea-59c8-92b9-a6d5d6f0cec4,chapter4.tex:1389-1608 (line 1608 blank boundary omitted from target mapping)
urn:uuid:ede29cd4-ce04-506b-b942-e63737286923,relation/unit/bab-4-grup-simetris/section/01/covers/surface/unit-033/protected-math-zone/198-inline,urn:uuid:3e92104f-a336-51d7-972f-cbf2151082ed,covers,urn:uuid:16088a52-a9e0-5844-b817-882813407ad1,chapter4.tex:1389-1608 (line 1608 blank boundary omitted from target mapping)
urn:uuid:aaef1647-f6bc-5dcd-9820-739f410c4d7f,relation/unit/bab-4-grup-simetris/section/01/covers/surface/unit-033/protected-math-zone/199-inline,urn:uuid:3e92104f-a336-51d7-972f-cbf2151082ed,covers,urn:uuid:98e451db-8a3c-5340-a3a4-05d6cbd809d3,chapter4.tex:1389-1608 (line 1608 blank boundary omitted from target mapping)
urn:uuid:913ccb4a-dd81-5e72-be4e-1f80e4b23fc2,relation/unit/bab-4-grup-simetris/section/01/covers/surface/unit-033/protected-math-zone/200-inline,urn:uuid:3e92104f-a336-51d7-972f-cbf2151082ed,covers,urn:uuid:c3e9330a-bed5-5dc0-80c6-21acf7e065e7,chapter4.tex:1389-1608 (line 1608 blank boundary omitted from target mapping)
urn:uuid:04781b7e-812c-5d17-8999-36f13edf56c8,relation/unit/bab-4-grup-simetris/section/01/covers/surface/unit-033/protected-math-zone/201-inline,urn:uuid:3e92104f-a336-51d7-972f-cbf2151082ed,covers,urn:uuid:1c728052-8182-505a-95e2-778f2e1665fc,chapter4.tex:1389-1608 (line 1608 blank boundary omitted from target mapping)
urn:uuid:cb1f0d72-4a11-5aca-afd8-d77d83e60fcc,relation/unit/bab-4-grup-simetris/section/01/covers/surface/unit-033/protected-math-zone/202-display-environment,urn:uuid:3e92104f-a336-51d7-972f-cbf2151082ed,covers,urn:uuid:73d10919-83eb-5aba-8a2c-0e0a4a608ac4,chapter4.tex:1389-1608 (line 1608 blank boundary omitted from target mapping)
urn:uuid:7e5ff59f-b662-5864-8a58-fb6d16041662,relation/unit/bab-4-grup-simetris/section/01/covers/surface/unit-033/protected-math-zone/203-display-environment,urn:uuid:3e92104f-a336-51d7-972f-cbf2151082ed,covers,urn:uuid:f7b33cf6-586e-5276-8b74-ea79acfa8428,chapter4.tex:1389-1608 (line 1608 blank boundary omitted from target mapping)
urn:uuid:ba76cc10-ba42-5ea6-afc3-7fb57a3bd3b4,relation/unit/bab-4-grup-simetris/section/01/covers/surface/unit-033/protected-math-zone/204-display-environment,urn:uuid:3e92104f-a336-51d7-972f-cbf2151082ed,covers,urn:uuid:f8eb2d9e-f340-5b01-bae3-e0eac3c7b6e5,chapter4.tex:1389-1608 (line 1608 blank boundary omitted from target mapping)
urn:uuid:04db36da-f5dc-5ed3-8c5c-74fff9fce244,relation/unit/bab-4-grup-simetris/section/01/covers/surface/unit-033/protected-math-zone/205-inline,urn:uuid:3e92104f-a336-51d7-972f-cbf2151082ed,covers,urn:uuid:7fa984c9-6db2-50fd-ab55-4698a0c40ef2,chapter4.tex:1389-1608 (line 1608 blank boundary omitted from target mapping)
urn:uuid:d7b1f418-7173-57c2-92f6-a990fff3ea25,relation/unit/bab-4-grup-simetris/section/01/covers/surface/unit-033/protected-math-zone/206-display-environment,urn:uuid:3e92104f-a336-51d7-972f-cbf2151082ed,covers,urn:uuid:592a53a8-6a48-59da-b4ac-84f40b681148,chapter4.tex:1389-1608 (line 1608 blank boundary omitted from target mapping)
urn:uuid:1af138b2-bd2d-507e-8056-c6352d654512,relation/unit/bab-4-grup-simetris/section/01/covers/surface/unit-033/protected-math-zone/207-inline,urn:uuid:3e92104f-a336-51d7-972f-cbf2151082ed,covers,urn:uuid:49843b5d-ebb3-5d31-aa1e-8c6ee70e8ce6,chapter4.tex:1389-1608 (line 1608 blank boundary omitted from target mapping)
urn:uuid:ad668ec3-64f6-50bc-b6a6-6567595094b4,relation/unit/bab-4-grup-simetris/section/01/covers/surface/unit-033/protected-math-zone/208-display-environment,urn:uuid:3e92104f-a336-51d7-972f-cbf2151082ed,covers,urn:uuid:4bc65505-a9ef-5cbd-946e-e13ebbd4d5f7,chapter4.tex:1389-1608 (line 1608 blank boundary omitted from target mapping)
urn:uuid:df3c2ba1-ec2a-532f-9c92-29ddf6c8b335,relation/unit/bab-4-grup-simetris/section/01/covers/surface/unit-033/protected-math-zone/209-inline,urn:uuid:3e92104f-a336-51d7-972f-cbf2151082ed,covers,urn:uuid:4e342fa6-64ae-5d5b-8547-789a0899b2ba,chapter4.tex:1389-1608 (line 1608 blank boundary omitted from target mapping)
urn:uuid:6287f145-f9d8-526d-93c3-cde3800b4963,relation/unit/bab-4-grup-simetris/section/01/covers/surface/unit-033/protected-math-zone/210-display-environment,urn:uuid:3e92104f-a336-51d7-972f-cbf2151082ed,covers,urn:uuid:7356257e-9861-5d02-ab03-da0db01cc9f6,chapter4.tex:1389-1608 (line 1608 blank boundary omitted from target mapping)
urn:uuid:603beea3-c351-5b91-a589-5c48eb0d0390,relation/unit/bab-4-grup-simetris/section/01/covers/surface/unit-033/protected-math-zone/211-inline,urn:uuid:3e92104f-a336-51d7-972f-cbf2151082ed,covers,urn:uuid:cc87f00a-efcc-50b4-b67e-24e12ef7c638,chapter4.tex:1389-1608 (line 1608 blank boundary omitted from target mapping)
urn:uuid:97afc091-5d35-5761-96fe-269fa4a3c2bf,relation/unit/bab-4-grup-simetris/section/01/covers/surface/unit-033/protected-math-zone/212-inline,urn:uuid:3e92104f-a336-51d7-972f-cbf2151082ed,covers,urn:uuid:a0a8a131-bbf7-5a56-8bff-74a591e0277d,chapter4.tex:1389-1608 (line 1608 blank boundary omitted from target mapping)
urn:uuid:add8a62d-0f81-5c48-a280-d374703df1da,relation/unit/bab-4-grup-simetris/section/01/covers/surface/unit-033/protected-math-zone/213-inline,urn:uuid:3e92104f-a336-51d7-972f-cbf2151082ed,covers,urn:uuid:c8a2b640-ed1c-5a49-9910-ff43fafe86e8,chapter4.tex:1389-1608 (line 1608 blank boundary omitted from target mapping)
urn:uuid:7238bc68-e596-5eab-a5f9-0ae1243b9b4c,relation/unit/bab-4-grup-simetris/section/01/covers/surface/unit-033/protected-math-zone/214-inline,urn:uuid:3e92104f-a336-51d7-972f-cbf2151082ed,covers,urn:uuid:60987149-0bc9-5c42-b2fd-3a7be968c2f2,chapter4.tex:1389-1608 (line 1608 blank boundary omitted from target mapping)
urn:uuid:c7150d0a-7a87-5fba-bdfe-5c6ea814c8d1,relation/unit/bab-4-grup-simetris/section/01/covers/surface/unit-033/protected-math-zone/215-inline,urn:uuid:3e92104f-a336-51d7-972f-cbf2151082ed,covers,urn:uuid:97890867-bb55-50a7-bbc2-56028b9a0c82,chapter4.tex:1389-1608 (line 1608 blank boundary omitted from target mapping)
urn:uuid:7a531b1e-1746-512e-a5f4-80fee12ab7f1,relation/unit/bab-4-grup-simetris/section/01/covers/surface/unit-033/protected-math-zone/216-inline,urn:uuid:3e92104f-a336-51d7-972f-cbf2151082ed,covers,urn:uuid:d3b6c7ec-fb78-50e4-9db0-4851b6d9cbfd,chapter4.tex:1389-1608 (line 1608 blank boundary omitted from target mapping)
urn:uuid:8fc49777-d0ab-5435-9bae-6524031c19e8,relation/unit/bab-4-grup-simetris/section/01/covers/surface/unit-033/protected-math-zone/217-inline,urn:uuid:3e92104f-a336-51d7-972f-cbf2151082ed,covers,urn:uuid:66574eab-cf37-5cbe-be43-8dc42cfda4fe,chapter4.tex:1389-1608 (line 1608 blank boundary omitted from target mapping)
urn:uuid:885f63b1-8daf-5015-a203-45444a470eef,relation/unit/bab-4-grup-simetris/section/01/covers/surface/unit-033/protected-math-zone/218-inline,urn:uuid:3e92104f-a336-51d7-972f-cbf2151082ed,covers,urn:uuid:ce0857f8-8525-5676-8859-cb2ddf848a55,chapter4.tex:1389-1608 (line 1608 blank boundary omitted from target mapping)
urn:uuid:184cc226-d5b5-5a05-ae53-0b4d43a9da1e,relation/unit/bab-4-grup-simetris/section/01/covers/surface/unit-033/protected-math-zone/219-inline,urn:uuid:3e92104f-a336-51d7-972f-cbf2151082ed,covers,urn:uuid:71e86eee-5e08-5833-a5cd-22e17b7c2d09,chapter4.tex:1389-1608 (line 1608 blank boundary omitted from target mapping)
urn:uuid:ac4ba0a3-37b2-532f-8e7c-f36a82216476,relation/unit/bab-4-grup-simetris/section/01/covers/surface/unit-033/protected-math-zone/220-inline,urn:uuid:3e92104f-a336-51d7-972f-cbf2151082ed,covers,urn:uuid:a6678ed5-67e3-5b96-a6a7-fda39ac60bdf,chapter4.tex:1389-1608 (line 1608 blank boundary omitted from target mapping)
urn:uuid:113a604d-59f6-5d2a-b187-19ecb81565e0,relation/unit/bab-4-grup-simetris/section/01/covers/surface/unit-033/protected-math-zone/221-display-environment,urn:uuid:3e92104f-a336-51d7-972f-cbf2151082ed,covers,urn:uuid:04cf10fc-6114-5e0e-9898-250d6aed0828,chapter4.tex:1389-1608 (line 1608 blank boundary omitted from target mapping)
urn:uuid:5c2e6118-ad50-5421-8b4a-58ccfb7fa52d,relation/unit/bab-4-grup-simetris/section/01/covers/surface/unit-033/protected-math-zone/222-inline,urn:uuid:3e92104f-a336-51d7-972f-cbf2151082ed,covers,urn:uuid:975faf2b-f2c8-5e6b-933c-b264450d91b6,chapter4.tex:1389-1608 (line 1608 blank boundary omitted from target mapping)
urn:uuid:6ecb75fd-3d42-506c-9f91-1a5478697224,relation/unit/bab-4-grup-simetris/section/01/covers/surface/unit-033/protected-math-zone/223-inline,urn:uuid:3e92104f-a336-51d7-972f-cbf2151082ed,covers,urn:uuid:59316180-f5fd-5f09-ae06-c116e8dc570d,chapter4.tex:1389-1608 (line 1608 blank boundary omitted from target mapping)
urn:uuid:936ac8c1-d254-537d-9174-dbbdf64d88ce,relation/unit/bab-4-grup-simetris/section/01/covers/surface/unit-033/protected-math-zone/224-inline,urn:uuid:3e92104f-a336-51d7-972f-cbf2151082ed,covers,urn:uuid:4a5ae5f3-7a4d-5934-8313-131e13ff6721,chapter4.tex:1389-1608 (line 1608 blank boundary omitted from target mapping)
urn:uuid:43182734-e36c-5e81-b36c-023455be2c6b,relation/unit/bab-4-grup-simetris/section/01/covers/surface/unit-033/protected-math-zone/225-inline,urn:uuid:3e92104f-a336-51d7-972f-cbf2151082ed,covers,urn:uuid:48e2ac92-9c35-5e31-8a0f-9d9c56323241,chapter4.tex:1389-1608 (line 1608 blank boundary omitted from target mapping)
urn:uuid:82b3b3db-8700-545f-8d5f-02bebba61f68,relation/unit/bab-4-grup-simetris/section/01/covers/surface/unit-033/protected-math-zone/226-inline,urn:uuid:3e92104f-a336-51d7-972f-cbf2151082ed,covers,urn:uuid:8fb0b0c0-accf-54cb-8931-8cc5cb0cea9b,chapter4.tex:1389-1608 (line 1608 blank boundary omitted from target mapping)
urn:uuid:c1d7f7a9-1338-5d27-b48e-fe5c39a8a62d,relation/unit/bab-4-grup-simetris/section/01/covers/surface/unit-033/protected-math-zone/227-inline,urn:uuid:3e92104f-a336-51d7-972f-cbf2151082ed,covers,urn:uuid:22bea66f-547d-591b-ba63-392bea6e1af4,chapter4.tex:1389-1608 (line 1608 blank boundary omitted from target mapping)
urn:uuid:33d74e52-820e-559a-8011-f2749bcea2c2,relation/unit/bab-4-grup-simetris/section/01/covers/surface/unit-033/protected-math-zone/228-display-bracket,urn:uuid:3e92104f-a336-51d7-972f-cbf2151082ed,covers,urn:uuid:99cd77e6-2be7-5305-9b1e-bed1a2f69ae7,chapter4.tex:1389-1608 (line 1608 blank boundary omitted from target mapping)
urn:uuid:9c55551d-874b-5d2b-adb0-6d393780145f,relation/unit/bab-4-grup-simetris/section/01/covers/surface/unit-033/protected-math-zone/229-display-environment,urn:uuid:3e92104f-a336-51d7-972f-cbf2151082ed,covers,urn:uuid:bafaab15-120d-5590-89d2-027b9c941214,chapter4.tex:1389-1608 (line 1608 blank boundary omitted from target mapping)
urn:uuid:b0ed432d-6309-54b1-80e0-06e12497e7ca,relation/unit/bab-4-grup-simetris/section/01/covers/surface/unit-033/protected-math-zone/230-inline,urn:uuid:3e92104f-a336-51d7-972f-cbf2151082ed,covers,urn:uuid:5839bef0-b6a3-58b8-9157-3ecf81ec2dcd,chapter4.tex:1389-1608 (line 1608 blank boundary omitted from target mapping)
urn:uuid:cf2fbb0f-873f-583d-98c9-4780818549e2,relation/unit/bab-4-grup-simetris/section/01/covers/surface/unit-033/protected-math-zone/231-inline,urn:uuid:3e92104f-a336-51d7-972f-cbf2151082ed,covers,urn:uuid:f3a3b680-c24b-5d82-857b-127522f487bc,chapter4.tex:1389-1608 (line 1608 blank boundary omitted from target mapping)
urn:uuid:2889e033-e34b-528d-8cf1-6b6711e325de,relation/unit/bab-4-grup-simetris/section/01/covers/surface/unit-033/protected-math-zone/232-inline,urn:uuid:3e92104f-a336-51d7-972f-cbf2151082ed,covers,urn:uuid:b53e0dc1-e05e-5d8b-af4a-c364ba119412,chapter4.tex:1389-1608 (line 1608 blank boundary omitted from target mapping)
urn:uuid:24226353-6980-5488-a84d-4858d6c6a1ca,relation/unit/bab-4-grup-simetris/section/01/covers/surface/unit-033/protected-math-zone/233-display-environment,urn:uuid:3e92104f-a336-51d7-972f-cbf2151082ed,covers,urn:uuid:c0cc6329-0f42-54a2-94bf-0cbb21b01ff7,chapter4.tex:1389-1608 (line 1608 blank boundary omitted from target mapping)
urn:uuid:b13fe336-92aa-57e0-96c3-c1bff97c4c39,relation/unit/bab-4-grup-simetris/section/01/covers/surface/unit-033/protected-math-zone/234-inline,urn:uuid:3e92104f-a336-51d7-972f-cbf2151082ed,covers,urn:uuid:17b9d207-2db7-5bbf-82f7-885ac94148fc,chapter4.tex:1389-1608 (line 1608 blank boundary omitted from target mapping)
urn:uuid:f7a20cae-3f5b-5038-b575-e6241f030dc7,relation/unit/bab-4-grup-simetris/section/01/covers/surface/unit-033/protected-math-zone/235-inline,urn:uuid:3e92104f-a336-51d7-972f-cbf2151082ed,covers,urn:uuid:8188c068-b80d-522b-9d33-2306aa7d5e8c,chapter4.tex:1389-1608 (line 1608 blank boundary omitted from target mapping)
urn:uuid:a9457f53-0e0f-5102-a65b-b3ad6d8ef3f7,relation/unit/bab-4-grup-simetris/section/01/covers/surface/unit-033/protected-math-zone/236-inline,urn:uuid:3e92104f-a336-51d7-972f-cbf2151082ed,covers,urn:uuid:43f43276-0cbb-5f3b-a710-0830e0dd35d7,chapter4.tex:1389-1608 (line 1608 blank boundary omitted from target mapping)
urn:uuid:d3d58c2d-6b65-5de6-8ee9-9fa40359dc50,relation/unit/bab-4-grup-simetris/section/01/covers/surface/unit-033/protected-math-zone/237-inline,urn:uuid:3e92104f-a336-51d7-972f-cbf2151082ed,covers,urn:uuid:69568861-06f2-583f-ab8b-4e733712655c,chapter4.tex:1389-1608 (line 1608 blank boundary omitted from target mapping)
urn:uuid:53ba5923-abd6-5fef-837e-00dc52af3fca,relation/unit/bab-4-grup-simetris/section/01/covers/surface/unit-033/protected-math-zone/238-inline,urn:uuid:3e92104f-a336-51d7-972f-cbf2151082ed,covers,urn:uuid:a67e3675-1ed2-568e-9a95-8129445c5211,chapter4.tex:1389-1608 (line 1608 blank boundary omitted from target mapping)
urn:uuid:0a7b12e8-edd9-5032-ac87-d03eb97cdf03,relation/unit/bab-4-grup-simetris/section/01/covers/surface/unit-033/protected-math-zone/239-inline,urn:uuid:3e92104f-a336-51d7-972f-cbf2151082ed,covers,urn:uuid:09ac3bcd-eaa1-575a-a6fb-d0350b0a475c,chapter4.tex:1389-1608 (line 1608 blank boundary omitted from target mapping)
urn:uuid:66dbdd87-0389-5b23-b042-afc156efd99e,relation/unit/bab-4-grup-simetris/section/01/covers/surface/unit-033/protected-math-zone/240-inline,urn:uuid:3e92104f-a336-51d7-972f-cbf2151082ed,covers,urn:uuid:0ba746d4-602e-5dd3-a139-32c12a67abde,chapter4.tex:1389-1608 (line 1608 blank boundary omitted from target mapping)
urn:uuid:e5bc3feb-ac96-532a-a886-88c60873b79d,relation/unit/bab-4-grup-simetris/section/01/covers/surface/unit-033/protected-math-zone/241-inline,urn:uuid:3e92104f-a336-51d7-972f-cbf2151082ed,covers,urn:uuid:82327781-585e-5d42-9209-20118e0c4524,chapter4.tex:1389-1608 (line 1608 blank boundary omitted from target mapping)
urn:uuid:ece1b67b-fe0d-583f-bdb4-a67bab684bd0,relation/unit/bab-4-grup-simetris/section/01/covers/surface/unit-033/protected-math-zone/242-inline,urn:uuid:3e92104f-a336-51d7-972f-cbf2151082ed,covers,urn:uuid:5183ba28-08a9-53c5-932c-d78012af0c69,chapter4.tex:1389-1608 (line 1608 blank boundary omitted from target mapping)
urn:uuid:26da70a4-cffc-50c9-86c1-75dffbc45486,relation/unit/bab-4-grup-simetris/section/01/covers/surface/unit-033/protected-math-zone/243-inline,urn:uuid:3e92104f-a336-51d7-972f-cbf2151082ed,covers,urn:uuid:401d51d4-2941-5af6-b35e-38aeb53b6c8a,chapter4.tex:1389-1608 (line 1608 blank boundary omitted from target mapping)
urn:uuid:7f09c35d-b763-5b4a-bab1-1f2431913745,relation/unit/bab-4-grup-simetris/section/01/covers/surface/unit-033/protected-math-zone/244-display-environment,urn:uuid:3e92104f-a336-51d7-972f-cbf2151082ed,covers,urn:uuid:850ac769-8f30-5902-b563-3ef919088574,chapter4.tex:1389-1608 (line 1608 blank boundary omitted from target mapping)
urn:uuid:ef98a6db-4a7f-524b-8fab-1b8468e6ff86,relation/unit/bab-4-grup-simetris/section/01/covers/surface/unit-033/protected-math-zone/245-inline,urn:uuid:3e92104f-a336-51d7-972f-cbf2151082ed,covers,urn:uuid:1ed2fdc5-e8f6-50c4-b9fe-76b409a1bb39,chapter4.tex:1389-1608 (line 1608 blank boundary omitted from target mapping)
urn:uuid:a02b4f88-0073-522a-92c7-0767a128a9d0,relation/unit/bab-4-grup-simetris/section/01/covers/surface/unit-033/protected-math-zone/246-inline,urn:uuid:3e92104f-a336-51d7-972f-cbf2151082ed,covers,urn:uuid:420004c8-ec69-5d89-8ec5-073f7c98dff2,chapter4.tex:1389-1608 (line 1608 blank boundary omitted from target mapping)
urn:uuid:b8191673-a2aa-5e61-bf88-409e2453d7fb,relation/unit/bab-4-grup-simetris/section/01/covers/surface/unit-033/protected-math-zone/247-inline,urn:uuid:3e92104f-a336-51d7-972f-cbf2151082ed,covers,urn:uuid:71a2040a-d5bf-54d5-8d48-b284f453d9b1,chapter4.tex:1389-1608 (line 1608 blank boundary omitted from target mapping)
urn:uuid:c3c33181-82a9-59fc-9f8b-90f10a00e8f7,relation/unit/bab-4-grup-simetris/section/01/covers/surface/unit-033/protected-math-zone/248-inline,urn:uuid:3e92104f-a336-51d7-972f-cbf2151082ed,covers,urn:uuid:2d3a77ce-b423-50c4-8573-a18c95375acc,chapter4.tex:1389-1608 (line 1608 blank boundary omitted from target mapping)
urn:uuid:0772534f-5033-5dd2-ac16-779517dc8b22,relation/unit/bab-4-grup-simetris/section/01/covers/surface/unit-033/protected-math-zone/249-inline,urn:uuid:3e92104f-a336-51d7-972f-cbf2151082ed,covers,urn:uuid:2e6870af-99f9-53e9-8835-c5512566bd34,chapter4.tex:1389-1608 (line 1608 blank boundary omitted from target mapping)
urn:uuid:d25560b2-ff16-5e48-9797-028d0f0a2352,relation/unit/bab-4-grup-simetris/section/01/covers/surface/unit-033/protected-math-zone/250-inline,urn:uuid:3e92104f-a336-51d7-972f-cbf2151082ed,covers,urn:uuid:a1da7171-46c1-584e-ad45-2816fd31d333,chapter4.tex:1389-1608 (line 1608 blank boundary omitted from target mapping)
urn:uuid:0beaa776-9a14-5f1d-aa4d-eb4995cf30b8,relation/unit/bab-4-grup-simetris/section/01/covers/surface/unit-033/protected-math-zone/251-inline,urn:uuid:3e92104f-a336-51d7-972f-cbf2151082ed,covers,urn:uuid:c2869f92-8596-5381-a321-72bf08edf8d2,chapter4.tex:1389-1608 (line 1608 blank boundary omitted from target mapping)
urn:uuid:ec8e7819-adbd-5383-becb-ef43b605606d,relation/unit/bab-4-grup-simetris/section/01/covers/surface/unit-033/protected-math-zone/252-inline,urn:uuid:3e92104f-a336-51d7-972f-cbf2151082ed,covers,urn:uuid:a862ab8f-947d-5bcb-bb53-0d58a8957c68,chapter4.tex:1389-1608 (line 1608 blank boundary omitted from target mapping)
urn:uuid:0c0e86ba-657a-5ca1-a7ef-c19745da98b1,relation/unit/bab-4-grup-simetris/section/01/covers/surface/unit-033/protected-math-zone/253-inline,urn:uuid:3e92104f-a336-51d7-972f-cbf2151082ed,covers,urn:uuid:586176bc-65a5-541f-b9d8-2004305e1f59,chapter4.tex:1389-1608 (line 1608 blank boundary omitted from target mapping)
urn:uuid:ff7a34cf-0194-525a-9427-d5a5866c1a97,relation/unit/bab-4-grup-simetris/section/01/covers/surface/unit-033/protected-math-zone/254-inline,urn:uuid:3e92104f-a336-51d7-972f-cbf2151082ed,covers,urn:uuid:54daea39-4d06-51a5-a3f8-62661b4a2385,chapter4.tex:1389-1608 (line 1608 blank boundary omitted from target mapping)
urn:uuid:71f76940-f0fe-5188-9c6c-f554d9b6b36e,relation/unit/bab-4-grup-simetris/section/01/covers/surface/unit-033/protected-math-zone/255-display-environment,urn:uuid:3e92104f-a336-51d7-972f-cbf2151082ed,covers,urn:uuid:2c94fb13-7d4e-512d-bcc9-fc915bd5eec8,chapter4.tex:1389-1608 (line 1608 blank boundary omitted from target mapping)
urn:uuid:1d9ed561-edd2-54b4-bf05-9ab09cdc1b7c,relation/unit/bab-4-grup-simetris/section/01/covers/surface/unit-033/protected-math-zone/256-inline,urn:uuid:3e92104f-a336-51d7-972f-cbf2151082ed,covers,urn:uuid:48bed07c-b23d-5bcf-af24-9787d542d941,chapter4.tex:1389-1608 (line 1608 blank boundary omitted from target mapping)
urn:uuid:c9a685e3-e257-5616-9cfa-83828f8dd9f8,relation/unit/bab-4-grup-simetris/section/01/covers/surface/unit-033/protected-math-zone/257-inline,urn:uuid:3e92104f-a336-51d7-972f-cbf2151082ed,covers,urn:uuid:06ea4097-8342-5a6c-a32e-ae6189c46496,chapter4.tex:1389-1608 (line 1608 blank boundary omitted from target mapping)
urn:uuid:3fa61aea-0ef9-5914-b478-4d80fa1d5c0f,relation/unit/bab-4-grup-simetris/section/01/covers/surface/unit-033/protected-math-zone/258-inline,urn:uuid:3e92104f-a336-51d7-972f-cbf2151082ed,covers,urn:uuid:514213c1-2b85-5b3b-85f2-6476827b5a53,chapter4.tex:1389-1608 (line 1608 blank boundary omitted from target mapping)
urn:uuid:82bf05b7-2975-5436-8cae-35f67a167130,relation/unit/bab-4-grup-simetris/section/01/covers/surface/unit-033/protected-math-zone/259-inline,urn:uuid:3e92104f-a336-51d7-972f-cbf2151082ed,covers,urn:uuid:ba4c0e9d-049e-5ad6-939f-c388e417fe5c,chapter4.tex:1389-1608 (line 1608 blank boundary omitted from target mapping)
urn:uuid:153eef8b-42d9-5fa2-8d05-c08c4ad0c172,relation/unit/bab-4-grup-simetris/section/01/covers/surface/unit-033/protected-math-zone/260-display-bracket,urn:uuid:3e92104f-a336-51d7-972f-cbf2151082ed,covers,urn:uuid:59b7628f-d36d-501e-831d-072bad9f8598,chapter4.tex:1389-1608 (line 1608 blank boundary omitted from target mapping)
urn:uuid:25c1ea4d-0f22-5977-b2df-1c41f93e9b36,relation/unit/bab-4-grup-simetris/section/01/covers/surface/unit-033/protected-math-zone/261-display-environment,urn:uuid:3e92104f-a336-51d7-972f-cbf2151082ed,covers,urn:uuid:f2e2e5ba-493c-5842-a166-af1b73e67619,chapter4.tex:1389-1608 (line 1608 blank boundary omitted from target mapping)
urn:uuid:090bac8e-829d-5687-898e-f8adcea3ef94,relation/unit/bab-4-grup-simetris/section/01/covers/surface/unit-033/protected-math-zone/262-inline,urn:uuid:3e92104f-a336-51d7-972f-cbf2151082ed,covers,urn:uuid:fac12fb0-7899-5ef9-bf11-4ca60dca5bb3,chapter4.tex:1389-1608 (line 1608 blank boundary omitted from target mapping)
urn:uuid:4ac90ce8-6092-50a9-9314-f6e2c293eacf,relation/unit/bab-4-grup-simetris/section/01/covers/surface/unit-033/protected-math-zone/263-display-bracket,urn:uuid:3e92104f-a336-51d7-972f-cbf2151082ed,covers,urn:uuid:4b7656c4-4399-57b8-b6d2-34c7c1f3ae68,chapter4.tex:1389-1608 (line 1608 blank boundary omitted from target mapping)
urn:uuid:ed495856-893b-5534-93be-55f94a1e1c5e,relation/unit/bab-4-grup-simetris/section/01/covers/surface/unit-033/protected-math-zone/264-inline,urn:uuid:3e92104f-a336-51d7-972f-cbf2151082ed,covers,urn:uuid:d8fabfca-6336-5b94-94bb-f54ebfce850d,chapter4.tex:1389-1608 (line 1608 blank boundary omitted from target mapping)
urn:uuid:e372b215-64e1-51bb-b926-b5aeeff3c9fe,relation/unit/bab-4-grup-simetris/section/01/covers/surface/unit-033/protected-math-zone/265-inline,urn:uuid:3e92104f-a336-51d7-972f-cbf2151082ed,covers,urn:uuid:7b263ba4-ea94-53fd-a3b6-9f43ac0394b9,chapter4.tex:1389-1608 (line 1608 blank boundary omitted from target mapping)
urn:uuid:194149fc-c7d9-5dff-8417-5d9ff30d41bb,relation/unit/bab-4-grup-simetris/section/01/covers/surface/unit-033/protected-math-zone/266-inline,urn:uuid:3e92104f-a336-51d7-972f-cbf2151082ed,covers,urn:uuid:d8136909-2539-5808-89d4-eec2a06671d9,chapter4.tex:1389-1608 (line 1608 blank boundary omitted from target mapping)
urn:uuid:773922dc-00bf-5d53-925a-49cec61bfd5e,relation/unit/bab-4-grup-simetris/section/01/covers/surface/unit-033/protected-math-zone/267-display-environment,urn:uuid:3e92104f-a336-51d7-972f-cbf2151082ed,covers,urn:uuid:260ec84d-534d-54a4-b17c-77d1d95cb2c2,chapter4.tex:1389-1608 (line 1608 blank boundary omitted from target mapping)
urn:uuid:9b579800-1702-5ab4-b775-7665dd0bcf9f,relation/unit/bab-4-grup-simetris/section/01/covers/surface/unit-033/protected-math-zone/268-inline,urn:uuid:3e92104f-a336-51d7-972f-cbf2151082ed,covers,urn:uuid:8bf70645-eff4-5960-a249-0565600143c0,chapter4.tex:1389-1608 (line 1608 blank boundary omitted from target mapping)
urn:uuid:38abc7d9-110f-59ca-b642-4117297fda6f,relation/unit/bab-4-grup-simetris/section/01/covers/surface/unit-033/protected-math-zone/269-inline,urn:uuid:3e92104f-a336-51d7-972f-cbf2151082ed,covers,urn:uuid:9b580ac4-135f-5465-8765-7527becbaba7,chapter4.tex:1389-1608 (line 1608 blank boundary omitted from target mapping)
urn:uuid:197eb4a9-10a3-5129-ab26-bb740864d936,relation/unit/bab-4-grup-simetris/section/01/covers/surface/unit-033/protected-math-zone/270-inline,urn:uuid:3e92104f-a336-51d7-972f-cbf2151082ed,covers,urn:uuid:4122f860-1cc1-5552-bc3f-b2ff0f0d2f83,chapter4.tex:1389-1608 (line 1608 blank boundary omitted from target mapping)
urn:uuid:f88105af-26e2-5723-b0f2-461047243343,relation/unit/bab-4-grup-simetris/section/01/covers/surface/unit-033/protected-math-zone/271-inline,urn:uuid:3e92104f-a336-51d7-972f-cbf2151082ed,covers,urn:uuid:9e9b7a72-ae7b-5385-8305-e682e3e1f225,chapter4.tex:1389-1608 (line 1608 blank boundary omitted from target mapping)
urn:uuid:f4c9b1c7-3091-51e4-8303-89ee5c1eef28,relation/unit/bab-4-grup-simetris/section/01/covers/surface/unit-033/protected-math-zone/272-display-environment,urn:uuid:3e92104f-a336-51d7-972f-cbf2151082ed,covers,urn:uuid:ed8cfd48-c1a3-5812-90b3-c93039d32ed0,chapter4.tex:1389-1608 (line 1608 blank boundary omitted from target mapping)
urn:uuid:3145fb66-fc5f-502a-8864-dcb3c7b2a0e8,relation/unit/bab-4-grup-simetris/section/01/covers/surface/unit-033/protected-math-zone/273-inline,urn:uuid:3e92104f-a336-51d7-972f-cbf2151082ed,covers,urn:uuid:c3d43dc4-bc4d-5819-acf0-9513830b72e2,chapter4.tex:1389-1608 (line 1608 blank boundary omitted from target mapping)
urn:uuid:2eb87a04-e8eb-5365-bcaa-67de201fdaee,relation/unit/bab-4-grup-simetris/section/01/covers/surface/unit-033/protected-math-zone/274-inline,urn:uuid:3e92104f-a336-51d7-972f-cbf2151082ed,covers,urn:uuid:81e68e41-29af-5c6e-afce-2c8db78d955e,chapter4.tex:1389-1608 (line 1608 blank boundary omitted from target mapping)
urn:uuid:d6d2d45e-7fd1-516b-b060-73459eefb049,relation/unit/bab-4-grup-simetris/section/01/covers/surface/unit-033/protected-math-zone/275-inline,urn:uuid:3e92104f-a336-51d7-972f-cbf2151082ed,covers,urn:uuid:f37dc6ae-2ba4-5f4a-aa1c-587be4776173,chapter4.tex:1389-1608 (line 1608 blank boundary omitted from target mapping)
urn:uuid:01a5a505-c401-5458-8e92-3be22ed0d6a9,relation/unit/bab-4-grup-simetris/section/01/covers/surface/unit-033/protected-math-zone/276-inline,urn:uuid:3e92104f-a336-51d7-972f-cbf2151082ed,covers,urn:uuid:1ddadba9-e6a5-5313-8c5e-f0122c61ddda,chapter4.tex:1389-1608 (line 1608 blank boundary omitted from target mapping)
urn:uuid:772b041d-77d1-57d4-b77c-1d5fec966e25,relation/unit/bab-4-grup-simetris/section/01/covers/surface/unit-033/protected-math-zone/277-inline,urn:uuid:3e92104f-a336-51d7-972f-cbf2151082ed,covers,urn:uuid:2adf6395-33f4-5676-ae43-057b2e9b4fee,chapter4.tex:1389-1608 (line 1608 blank boundary omitted from target mapping)
urn:uuid:9bc4fc37-8a74-5f4c-ba39-d33dc43563d9,relation/unit/bab-4-grup-simetris/section/01/covers/surface/unit-033/protected-math-zone/278-inline,urn:uuid:3e92104f-a336-51d7-972f-cbf2151082ed,covers,urn:uuid:6991e416-924f-58a7-affc-07e9df5d76e7,chapter4.tex:1389-1608 (line 1608 blank boundary omitted from target mapping)
urn:uuid:3548e95a-5e7d-547a-bbde-b30ced529efb,relation/unit/bab-4-grup-simetris/section/01/covers/surface/unit-033/protected-math-zone/279-display-environment,urn:uuid:3e92104f-a336-51d7-972f-cbf2151082ed,covers,urn:uuid:a6a26291-3f5f-5a5d-9392-8328d3bc033d,chapter4.tex:1389-1608 (line 1608 blank boundary omitted from target mapping)
urn:uuid:c29d0d3f-1a64-5ff3-bbb9-a02828e2e764,relation/unit/bab-4-grup-simetris/section/01/covers/surface/unit-033/protected-math-zone/280-inline,urn:uuid:3e92104f-a336-51d7-972f-cbf2151082ed,covers,urn:uuid:7363041f-c318-5c0a-80c0-c809a1361b13,chapter4.tex:1389-1608 (line 1608 blank boundary omitted from target mapping)
urn:uuid:9891962c-931e-5d5f-92c5-420bc8094d31,relation/unit/bab-4-grup-simetris/section/01/covers/surface/unit-033/protected-math-zone/281-inline,urn:uuid:3e92104f-a336-51d7-972f-cbf2151082ed,covers,urn:uuid:76ee4cbd-697a-563c-9483-17d4fe2fa0f8,chapter4.tex:1389-1608 (line 1608 blank boundary omitted from target mapping)
urn:uuid:d7319e49-70d2-546a-ac4b-14697ae7b989,relation/unit/bab-4-grup-simetris/section/01/covers/surface/unit-033/protected-math-zone/282-inline,urn:uuid:3e92104f-a336-51d7-972f-cbf2151082ed,covers,urn:uuid:ca39b917-ebf0-54a6-a30f-7866b5516d60,chapter4.tex:1389-1608 (line 1608 blank boundary omitted from target mapping)
urn:uuid:962d662c-437b-5ae3-8a9c-07ee6184e319,relation/unit/bab-4-grup-simetris/section/01/covers/surface/unit-033/protected-math-zone/283-inline,urn:uuid:3e92104f-a336-51d7-972f-cbf2151082ed,covers,urn:uuid:03537a3f-bf07-5161-95a2-5a293def977d,chapter4.tex:1389-1608 (line 1608 blank boundary omitted from target mapping)
urn:uuid:74e33f00-2d02-5c2f-8257-1843374ac5d0,relation/unit/bab-4-grup-simetris/section/01/covers/surface/unit-033/protected-math-zone/284-inline,urn:uuid:3e92104f-a336-51d7-972f-cbf2151082ed,covers,urn:uuid:25967559-d4a1-5427-8791-dd8ff835ed93,chapter4.tex:1389-1608 (line 1608 blank boundary omitted from target mapping)
urn:uuid:f21fe440-07dd-52dd-a97b-0216573ffe47,relation/unit/bab-4-grup-simetris/section/01/covers/surface/unit-033/protected-math-zone/285-inline,urn:uuid:3e92104f-a336-51d7-972f-cbf2151082ed,covers,urn:uuid:eab4df79-ad37-5182-b415-3650e1e8b93e,chapter4.tex:1389-1608 (line 1608 blank boundary omitted from target mapping)
urn:uuid:7c64e16d-b93a-5a95-a8c6-d4fcbbff2125,relation/unit/bab-4-grup-simetris/section/01/covers/surface/unit-033/protected-math-zone/286-inline,urn:uuid:3e92104f-a336-51d7-972f-cbf2151082ed,covers,urn:uuid:8c475c5d-1c6d-5013-8147-6a5d66e3d0e1,chapter4.tex:1389-1608 (line 1608 blank boundary omitted from target mapping)
urn:uuid:553815b8-8fc4-5fec-bf8b-b2d48375d22d,relation/unit/bab-4-grup-simetris/section/01/covers/surface/unit-033/protected-math-zone/287-inline,urn:uuid:3e92104f-a336-51d7-972f-cbf2151082ed,covers,urn:uuid:7ae15f89-5362-5c4f-87f9-378457552085,chapter4.tex:1389-1608 (line 1608 blank boundary omitted from target mapping)
urn:uuid:57442281-b2d2-5b18-a3a9-54c1eb25c32b,relation/unit/bab-4-grup-simetris/section/01/covers/surface/unit-033/protected-math-zone/288-inline,urn:uuid:3e92104f-a336-51d7-972f-cbf2151082ed,covers,urn:uuid:cc622ca7-3758-5f07-8c35-f92abaf1ff98,chapter4.tex:1389-1608 (line 1608 blank boundary omitted from target mapping)
urn:uuid:2ea8ad2a-52e8-5f3d-8a6d-4c395ca80151,relation/unit/bab-4-grup-simetris/section/01/covers/surface/unit-033/protected-math-zone/289-display-bracket,urn:uuid:3e92104f-a336-51d7-972f-cbf2151082ed,covers,urn:uuid:e46f2f1b-e75a-5e94-a160-be23e9a5d2fa,chapter4.tex:1389-1608 (line 1608 blank boundary omitted from target mapping)
urn:uuid:e87a0f00-f709-5801-8dd6-137c6c89bedb,relation/unit/bab-4-grup-simetris/section/01/covers/surface/unit-033/protected-math-zone/290-inline,urn:uuid:3e92104f-a336-51d7-972f-cbf2151082ed,covers,urn:uuid:154d7023-97b2-5fe4-bed2-374c4e5c15c9,chapter4.tex:1389-1608 (line 1608 blank boundary omitted from target mapping)
urn:uuid:3d2edecf-e748-54b2-8aff-79d59dfd15d7,relation/unit/bab-4-grup-simetris/section/01/covers/surface/unit-033/protected-math-zone/291-inline,urn:uuid:3e92104f-a336-51d7-972f-cbf2151082ed,covers,urn:uuid:b8e26b0d-462f-5eda-8de8-6f5cbec354e8,chapter4.tex:1389-1608 (line 1608 blank boundary omitted from target mapping)
urn:uuid:bdfb2f0e-2fe6-50f6-9d5a-72aaeb350cf8,relation/unit/bab-4-grup-simetris/section/01/covers/surface/unit-033/protected-math-zone/292-inline,urn:uuid:3e92104f-a336-51d7-972f-cbf2151082ed,covers,urn:uuid:b4c46ce2-c849-510a-81e4-623306b1a8e2,chapter4.tex:1389-1608 (line 1608 blank boundary omitted from target mapping)
urn:uuid:2f70c0cd-9d6c-525a-9ad7-ead94fbe4c45,relation/unit/bab-4-grup-simetris/section/01/covers/surface/unit-033/protected-math-zone/293-inline,urn:uuid:3e92104f-a336-51d7-972f-cbf2151082ed,covers,urn:uuid:44d80912-b6ac-51a3-ac5b-37ef79d728f0,chapter4.tex:1389-1608 (line 1608 blank boundary omitted from target mapping)
urn:uuid:1d376f83-4313-5a02-82ab-f7f343391165,relation/unit/bab-4-grup-simetris/section/01/covers/surface/unit-033/protected-math-zone/294-inline,urn:uuid:3e92104f-a336-51d7-972f-cbf2151082ed,covers,urn:uuid:01aa3200-7450-5210-8c72-a0bff4cf7f62,chapter4.tex:1389-1608 (line 1608 blank boundary omitted from target mapping)
urn:uuid:ff19d407-5dda-578f-a93c-faaa5b1648c7,relation/unit/bab-4-grup-simetris/section/01/covers/surface/unit-033/protected-math-zone/295-inline,urn:uuid:3e92104f-a336-51d7-972f-cbf2151082ed,covers,urn:uuid:13d55e1f-b27a-54c4-9a3a-e8630fbbc42f,chapter4.tex:1389-1608 (line 1608 blank boundary omitted from target mapping)
urn:uuid:d338a360-f623-5eb2-9786-ff82ccb478d4,relation/unit/bab-4-grup-simetris/section/01/covers/surface/unit-033/protected-math-zone/296-inline,urn:uuid:3e92104f-a336-51d7-972f-cbf2151082ed,covers,urn:uuid:f4e53747-0986-58c2-9cfa-a66c86417164,chapter4.tex:1389-1608 (line 1608 blank boundary omitted from target mapping)
urn:uuid:84ac07bf-34f5-51c2-837d-704eba2699db,relation/unit/bab-4-grup-simetris/section/01/covers/surface/unit-033/protected-math-zone/297-inline,urn:uuid:3e92104f-a336-51d7-972f-cbf2151082ed,covers,urn:uuid:c2eda1cb-d870-5e3e-a0f8-72fa64f4c6f0,chapter4.tex:1389-1608 (line 1608 blank boundary omitted from target mapping)
urn:uuid:e336d93c-7cbd-5a69-91e3-9cdb5444015f,relation/unit/bab-4-grup-simetris/section/01/covers/surface/unit-033/protected-math-zone/298-inline,urn:uuid:3e92104f-a336-51d7-972f-cbf2151082ed,covers,urn:uuid:6cad5a54-5947-577f-945f-d1ec5ac14ecd,chapter4.tex:1389-1608 (line 1608 blank boundary omitted from target mapping)
urn:uuid:978a8922-9800-59d0-8ab8-c81560401c6d,relation/unit/bab-4-grup-simetris/section/01/covers/surface/unit-033/protected-math-zone/299-inline,urn:uuid:3e92104f-a336-51d7-972f-cbf2151082ed,covers,urn:uuid:930e0c44-d94b-52f9-8537-099ba1179de3,chapter4.tex:1389-1608 (line 1608 blank boundary omitted from target mapping)
urn:uuid:b02aa16e-87d5-5da1-9456-3a6d9972e509,relation/unit/bab-4-grup-simetris/section/01/covers/surface/unit-033/protected-math-zone/300-inline,urn:uuid:3e92104f-a336-51d7-972f-cbf2151082ed,covers,urn:uuid:86a0582b-f2e9-5fbd-930c-618eae222547,chapter4.tex:1389-1608 (line 1608 blank boundary omitted from target mapping)
urn:uuid:168a5908-84e7-58c9-a9eb-de1b09ca10e8,relation/unit/bab-4-grup-simetris/section/01/covers/surface/unit-033/protected-math-zone/301-display-bracket,urn:uuid:3e92104f-a336-51d7-972f-cbf2151082ed,covers,urn:uuid:397e5b7d-8a64-58bc-9f02-baea513c0a8c,chapter4.tex:1389-1608 (line 1608 blank boundary omitted from target mapping)
urn:uuid:44c29691-8b46-57b6-9b3a-2448d72ae5cb,relation/unit/bab-4-grup-simetris/section/01/covers/surface/unit-033/protected-math-zone/302-display-bracket,urn:uuid:3e92104f-a336-51d7-972f-cbf2151082ed,covers,urn:uuid:7ed526a7-a102-5181-b471-1033329b5e3f,chapter4.tex:1389-1608 (line 1608 blank boundary omitted from target mapping)
urn:uuid:c8c73f56-55ab-5741-907f-055f77bfa5ff,relation/unit/bab-4-grup-simetris/section/01/covers/surface/unit-033/protected-math-zone/303-inline,urn:uuid:3e92104f-a336-51d7-972f-cbf2151082ed,covers,urn:uuid:9ee666d2-c988-5ea0-9fbe-9b90e3343748,chapter4.tex:1389-1608 (line 1608 blank boundary omitted from target mapping)
urn:uuid:7583185f-e9e1-52d3-a837-4fb7e4a8880c,relation/unit/bab-4-grup-simetris/section/01/covers/surface/unit-033/protected-math-zone/304-inline,urn:uuid:3e92104f-a336-51d7-972f-cbf2151082ed,covers,urn:uuid:2a5323a1-fa9d-5914-9e02-ce2c45363b7e,chapter4.tex:1389-1608 (line 1608 blank boundary omitted from target mapping)
urn:uuid:2478d581-5884-5d8e-bf7d-6cd8ddb23664,relation/unit/bab-4-grup-simetris/section/01/covers/surface/unit-033/protected-math-zone/305-inline,urn:uuid:3e92104f-a336-51d7-972f-cbf2151082ed,covers,urn:uuid:3db65963-0c1a-5fec-9dad-64a9b07f2c51,chapter4.tex:1389-1608 (line 1608 blank boundary omitted from target mapping)
urn:uuid:cbac8d67-2c10-53e7-9bf7-4e1f24b0cb7d,relation/unit/bab-4-grup-simetris/section/01/covers/surface/unit-033/protected-math-zone/306-inline,urn:uuid:3e92104f-a336-51d7-972f-cbf2151082ed,covers,urn:uuid:49a8d87d-0fba-5d2c-b774-c3545c92f995,chapter4.tex:1389-1608 (line 1608 blank boundary omitted from target mapping)
urn:uuid:e78e080e-0689-5db9-9596-125d65861f0a,relation/unit/bab-4-grup-simetris/section/01/covers/surface/unit-033/protected-math-zone/307-inline,urn:uuid:3e92104f-a336-51d7-972f-cbf2151082ed,covers,urn:uuid:91e928e2-9eb8-590b-ba0b-8e34863a78c5,chapter4.tex:1389-1608 (line 1608 blank boundary omitted from target mapping)
urn:uuid:ba3b882d-99a2-574e-a802-7e223916ec1a,relation/unit/bab-4-grup-simetris/section/01/covers/surface/unit-033/protected-math-zone/308-inline,urn:uuid:3e92104f-a336-51d7-972f-cbf2151082ed,covers,urn:uuid:4ff07213-fdc0-5fa2-8bb0-392ecb0543a9,chapter4.tex:1389-1608 (line 1608 blank boundary omitted from target mapping)
urn:uuid:f5ab503b-fb57-54f6-9254-6f50657be9be,relation/unit/bab-4-grup-simetris/section/01/covers/surface/unit-033/protected-math-zone/309-inline,urn:uuid:3e92104f-a336-51d7-972f-cbf2151082ed,covers,urn:uuid:9b066c71-4ca8-5fb5-8195-790e31e607bd,chapter4.tex:1389-1608 (line 1608 blank boundary omitted from target mapping)
urn:uuid:c8335ec2-3cde-54de-9067-b1b912d6cab8,relation/unit/bab-4-grup-simetris/section/01/covers/surface/unit-033/protected-math-zone/310-inline,urn:uuid:3e92104f-a336-51d7-972f-cbf2151082ed,covers,urn:uuid:5291b4a2-f72f-54ca-9daf-2596eec6032d,chapter4.tex:1389-1608 (line 1608 blank boundary omitted from target mapping)
urn:uuid:b88d1e1e-c991-53fb-ab3c-183087fa7209,relation/unit/bab-4-grup-simetris/section/01/covers/surface/unit-033/protected-math-zone/311-inline,urn:uuid:3e92104f-a336-51d7-972f-cbf2151082ed,covers,urn:uuid:a12fd4ae-cce1-533b-a640-57ab55387dc6,chapter4.tex:1389-1608 (line 1608 blank boundary omitted from target mapping)
urn:uuid:ad5654c0-36a6-5f5f-a6e1-637021fdc9ec,relation/unit/bab-4-grup-simetris/section/01/covers/surface/unit-033/reference/equation/006,urn:uuid:3e92104f-a336-51d7-972f-cbf2151082ed,covers,urn:uuid:9db0d8ab-06e1-56b8-85cb-2d44a8705014,chapter4.tex:1389-1608 (line 1608 blank boundary omitted from target mapping)
urn:uuid:3c88dc2e-eb5f-51d7-b9e1-ddf4c62292ac,relation/unit/bab-4-grup-simetris/section/01/covers/surface/unit-033/reference/equation/011,urn:uuid:3e92104f-a336-51d7-972f-cbf2151082ed,covers,urn:uuid:d7b6ea92-9d68-50cf-a564-e44b72ea5dbe,chapter4.tex:1389-1608 (line 1608 blank boundary omitted from target mapping)
urn:uuid:a52f3378-8af9-5d8f-92b0-d2da487ea096,relation/unit/bab-4-grup-simetris/section/01/covers/surface/unit-033/reference/equation/012,urn:uuid:3e92104f-a336-51d7-972f-cbf2151082ed,covers,urn:uuid:81f7c180-4aed-5057-95b9-89229d5a6264,chapter4.tex:1389-1608 (line 1608 blank boundary omitted from target mapping)
urn:uuid:aa95202e-4854-5878-9e0e-a817e1870757,relation/unit/bab-4-grup-simetris/section/01/covers/surface/unit-033/reference/equation/013,urn:uuid:3e92104f-a336-51d7-972f-cbf2151082ed,covers,urn:uuid:93a165c4-0969-5803-be3e-8b374e852283,chapter4.tex:1389-1608 (line 1608 blank boundary omitted from target mapping)
urn:uuid:d38be718-e0dd-5da1-91b8-f19c7fb75f6f,relation/unit/bab-4-grup-simetris/section/01/covers/surface/unit-033/reference/equation/014,urn:uuid:3e92104f-a336-51d7-972f-cbf2151082ed,covers,urn:uuid:b376746e-2377-5e89-aac3-6729f35e709e,chapter4.tex:1389-1608 (line 1608 blank boundary omitted from target mapping)
urn:uuid:efe4c692-08fa-52f9-9c77-cc11b34c277d,relation/unit/bab-4-grup-simetris/section/01/covers/surface/unit-033/reference/equation/015,urn:uuid:3e92104f-a336-51d7-972f-cbf2151082ed,covers,urn:uuid:321d2141-70bd-5cb3-ac08-bcafbfa04718,chapter4.tex:1389-1608 (line 1608 blank boundary omitted from target mapping)
urn:uuid:ac44f145-697d-5d6b-91d6-9602da4a4640,relation/unit/bab-4-grup-simetris/section/01/covers/surface/unit-033/reference/equation/016,urn:uuid:3e92104f-a336-51d7-972f-cbf2151082ed,covers,urn:uuid:7d8cec77-f529-51f6-b6d6-a5caf701324c,chapter4.tex:1389-1608 (line 1608 blank boundary omitted from target mapping)
urn:uuid:4e1ef347-d193-5cff-a036-631063331943,relation/unit/bab-4-grup-simetris/section/01/covers/surface/unit-033/reference/equation/017,urn:uuid:3e92104f-a336-51d7-972f-cbf2151082ed,covers,urn:uuid:39afbf9d-e6a6-585a-9cb5-01f7fac643ca,chapter4.tex:1389-1608 (line 1608 blank boundary omitted from target mapping)
urn:uuid:6f087d9b-80af-5d5f-b347-9c615aaabff2,relation/unit/bab-4-grup-simetris/section/01/covers/surface/unit-033/reference/equation/018,urn:uuid:3e92104f-a336-51d7-972f-cbf2151082ed,covers,urn:uuid:56ceeaeb-aaf5-5755-9d9b-a950e5ed2490,chapter4.tex:1389-1608 (line 1608 blank boundary omitted from target mapping)
urn:uuid:f62eeaba-0335-5f7a-a497-784fbee307a3,relation/unit/bab-4-grup-simetris/section/01/covers/surface/unit-033/reference/equation/019,urn:uuid:3e92104f-a336-51d7-972f-cbf2151082ed,covers,urn:uuid:8d11cfff-1df2-55a0-bc15-a208cbe5b76a,chapter4.tex:1389-1608 (line 1608 blank boundary omitted from target mapping)
urn:uuid:c84e3e58-d117-50a1-887e-ea928b0dc5c6,relation/unit/bab-4-grup-simetris/section/01/covers/surface/unit-033/reference/ordinary/001,urn:uuid:3e92104f-a336-51d7-972f-cbf2151082ed,covers,urn:uuid:1e8021ab-e091-5c79-87bf-ad5904911c06,chapter4.tex:1389-1608 (line 1608 blank boundary omitted from target mapping)
urn:uuid:e67d439e-d5e0-5c66-b86d-815498821e29,relation/unit/bab-4-grup-simetris/section/01/covers/surface/unit-033/reference/ordinary/002,urn:uuid:3e92104f-a336-51d7-972f-cbf2151082ed,covers,urn:uuid:51b72cb2-2b45-5059-93a3-0918908cf936,chapter4.tex:1389-1608 (line 1608 blank boundary omitted from target mapping)
urn:uuid:06f99e51-406b-5da4-9f76-b41b5e67d3c6,relation/unit/bab-4-grup-simetris/section/01/covers/surface/unit-033/reference/ordinary/003,urn:uuid:3e92104f-a336-51d7-972f-cbf2151082ed,covers,urn:uuid:dad54ba9-d278-54ae-b7fd-bf14f383cde4,chapter4.tex:1389-1608 (line 1608 blank boundary omitted from target mapping)
urn:uuid:3a250b64-e743-5535-a85e-3debaca0a54c,relation/unit/bab-4-grup-simetris/section/01/covers/surface/unit-033/reference/ordinary/004,urn:uuid:3e92104f-a336-51d7-972f-cbf2151082ed,covers,urn:uuid:6163f8ad-9b5b-5f9f-b395-6a3dcb512526,chapter4.tex:1389-1608 (line 1608 blank boundary omitted from target mapping)
urn:uuid:ecd7f32c-c508-58d4-be8c-2c9e8d74518e,relation/unit/bab-4-grup-simetris/section/01/covers/surface/unit-033/reference/ordinary/005,urn:uuid:3e92104f-a336-51d7-972f-cbf2151082ed,covers,urn:uuid:01952c97-4a69-5231-ba2e-4124adc0772d,chapter4.tex:1389-1608 (line 1608 blank boundary omitted from target mapping)
urn:uuid:49d1059b-2b44-5281-bd8e-e47c27f86d8e,relation/unit/bab-4-grup-simetris/section/01/covers/surface/unit-033/reference/ordinary/007,urn:uuid:3e92104f-a336-51d7-972f-cbf2151082ed,covers,urn:uuid:a3f24d49-58af-55a4-9b5a-43fccb77f24e,chapter4.tex:1389-1608 (line 1608 blank boundary omitted from target mapping)
urn:uuid:dc75cd81-100b-5ec5-864b-f388d43499fd,relation/unit/bab-4-grup-simetris/section/01/covers/surface/unit-033/reference/ordinary/008,urn:uuid:3e92104f-a336-51d7-972f-cbf2151082ed,covers,urn:uuid:869ac4d8-84b0-53d5-9b67-f78d267f259a,chapter4.tex:1389-1608 (line 1608 blank boundary omitted from target mapping)
urn:uuid:7e7accf1-74ad-5d0c-ac54-8c079b0bcb5e,relation/unit/bab-4-grup-simetris/section/01/covers/surface/unit-033/reference/ordinary/009,urn:uuid:3e92104f-a336-51d7-972f-cbf2151082ed,covers,urn:uuid:2b04f40f-eadc-55db-a3ac-93190a4a5966,chapter4.tex:1389-1608 (line 1608 blank boundary omitted from target mapping)
urn:uuid:ddac1039-717e-51bd-8618-716f6c885927,relation/unit/bab-4-grup-simetris/section/01/covers/surface/unit-033/reference/ordinary/010,urn:uuid:3e92104f-a336-51d7-972f-cbf2151082ed,covers,urn:uuid:e2364cf2-7d12-5f25-a057-bd2e3a3a8d1c,chapter4.tex:1389-1608 (line 1608 blank boundary omitted from target mapping)
urn:uuid:d8be3aa3-dfbf-5776-a3ad-75add0a145cf,relation/unit/bab-4-grup-simetris/section/01/covers/surface/unit-033/reference/ordinary/020,urn:uuid:3e92104f-a336-51d7-972f-cbf2151082ed,covers,urn:uuid:a1a646d3-2c92-5e72-9156-3b7bef856b0d,chapter4.tex:1389-1608 (line 1608 blank boundary omitted from target mapping)
urn:uuid:17682177-1be1-56de-bc15-a11b9d2a34cd,relation/unit/bab-4-grup-simetris/section/01/covers/surface/unit-033/terminology-row/001,urn:uuid:3e92104f-a336-51d7-972f-cbf2151082ed,covers,urn:uuid:bc42e141-87d6-5f41-9dc9-4a8409f8cf17,chapter4.tex:1389-1608 (line 1608 blank boundary omitted from target mapping)
urn:uuid:f4455f27-e32a-58ad-a44b-a11aca5f8ae4,relation/unit/bab-4-grup-simetris/section/01/covers/surface/unit-033/terminology-row/002,urn:uuid:3e92104f-a336-51d7-972f-cbf2151082ed,covers,urn:uuid:dedd36a6-d6cb-5a7e-8eb1-927229da50a6,chapter4.tex:1389-1608 (line 1608 blank boundary omitted from target mapping)
urn:uuid:8f028e17-c3ba-5e9d-bf36-4926189e6c65,relation/unit/bab-4-grup-simetris/section/01/covers/surface/unit-033/terminology-row/003,urn:uuid:3e92104f-a336-51d7-972f-cbf2151082ed,covers,urn:uuid:37afb3d1-ce9a-5f74-9a7f-b57a99e4bbd2,chapter4.tex:1389-1608 (line 1608 blank boundary omitted from target mapping)
urn:uuid:57bc6176-6ebd-52a0-b485-1ba45af314c9,relation/unit/bab-4-grup-simetris/section/01/covers/surface/unit-033/terminology-row/004,urn:uuid:3e92104f-a336-51d7-972f-cbf2151082ed,covers,urn:uuid:f7113d9b-6051-5898-8646-3ce0cc7a9871,chapter4.tex:1389-1608 (line 1608 blank boundary omitted from target mapping)
urn:uuid:6f71db35-5d6e-5fea-930b-e3829d83b37f,relation/unit/bab-4-grup-simetris/section/01/covers/surface/unit-033/terminology-row/005,urn:uuid:3e92104f-a336-51d7-972f-cbf2151082ed,covers,urn:uuid:f4312757-ccf7-5caa-a216-ac967d3e87e0,chapter4.tex:1389-1608 (line 1608 blank boundary omitted from target mapping)
urn:uuid:1fe73571-3729-5f3f-9901-3a70377118bb,relation/unit/bab-4-grup-simetris/section/01/covers/surface/unit-033/terminology-row/006,urn:uuid:3e92104f-a336-51d7-972f-cbf2151082ed,covers,urn:uuid:e2d894d6-1fd8-5120-8248-7bdb57fcd4d6,chapter4.tex:1389-1608 (line 1608 blank boundary omitted from target mapping)
urn:uuid:ba999489-3720-536d-9313-f90002cd02dd,relation/unit/bab-4-grup-simetris/section/01/covers/surface/unit-033/terminology-row/007,urn:uuid:3e92104f-a336-51d7-972f-cbf2151082ed,covers,urn:uuid:1c1057b7-bb12-5835-96f5-50caa4b0136e,chapter4.tex:1389-1608 (line 1608 blank boundary omitted from target mapping)
urn:uuid:17114852-44e3-55ca-870d-53f2624e923c,relation/unit/bab-4-grup-simetris/section/01/covers/surface/unit-033/terminology-row/008,urn:uuid:3e92104f-a336-51d7-972f-cbf2151082ed,covers,urn:uuid:15d86a55-9642-5f9a-8c53-b081614d12cc,chapter4.tex:1389-1608 (line 1608 blank boundary omitted from target mapping)
urn:uuid:9d643945-7421-53ee-8f9b-83df0ae47662,relation/unit/bab-4-grup-simetris/section/01/covers/surface/unit-033/terminology-row/009,urn:uuid:3e92104f-a336-51d7-972f-cbf2151082ed,covers,urn:uuid:88a5a68a-294e-50e0-bfb3-87d8be1bcc82,chapter4.tex:1389-1608 (line 1608 blank boundary omitted from target mapping)
urn:uuid:50a44757-8aa0-53b8-b859-68d9445362c0,relation/unit/bab-4-grup-simetris/section/01/covers/surface/unit-033/terminology-row/010,urn:uuid:3e92104f-a336-51d7-972f-cbf2151082ed,covers,urn:uuid:06230138-2946-5ec1-b707-a4daebfcad6f,chapter4.tex:1389-1608 (line 1608 blank boundary omitted from target mapping)
urn:uuid:394387d1-1751-5512-9a43-8437747c9652,relation/unit/bab-4-grup-simetris/section/01/covers/surface/unit-033/terminology-row/011,urn:uuid:3e92104f-a336-51d7-972f-cbf2151082ed,covers,urn:uuid:ee63c67f-176a-57c0-b5fd-47a9d9b06fb2,chapter4.tex:1389-1608 (line 1608 blank boundary omitted from target mapping)
urn:uuid:6bbb6b9d-3d79-55a5-aa9f-082521441a0b,relation/unit/bab-4-grup-simetris/section/01/covers/surface/unit-033/terminology-row/012,urn:uuid:3e92104f-a336-51d7-972f-cbf2151082ed,covers,urn:uuid:011b2cda-e546-56d0-b2fe-e1d65b1e7715,chapter4.tex:1389-1608 (line 1608 blank boundary omitted from target mapping)
urn:uuid:e5884d25-08d2-58a4-9b7d-171b6018c9b4,relation/unit/bab-4-grup-simetris/section/01/covers/surface/unit-033/terminology-row/013,urn:uuid:3e92104f-a336-51d7-972f-cbf2151082ed,covers,urn:uuid:604eef70-48f0-559e-98d4-a838a144b6cf,chapter4.tex:1389-1608 (line 1608 blank boundary omitted from target mapping)
urn:uuid:f7555c23-1371-5561-b8ff-b6a579cd74fc,relation/unit/bab-4-grup-simetris/section/01/covers/terminology-normalization/o013-li-u033-termnorm-001,urn:uuid:3e92104f-a336-51d7-972f-cbf2151082ed,covers,urn:uuid:8ebd4f14-76a0-58f1-95f6-94ea4969c71e,chapter4.tex:1389-1608 (line 1608 blank boundary omitted from target mapping)
urn:uuid:17f1999f-0402-5c99-9ecb-f5760efcbad3,relation/unit/bab-4-grup-simetris/section/01/covers/terminology-normalization/o013-li-u033-termnorm-002,urn:uuid:3e92104f-a336-51d7-972f-cbf2151082ed,covers,urn:uuid:be9bc16d-f5d5-564d-8e14-6e9d2dafd2c1,chapter4.tex:1389-1608 (line 1608 blank boundary omitted from target mapping)
urn:uuid:dc8a1bd7-cf57-52cb-96cd-af0d92397dd2,relation/unit/bab-4-grup-simetris/section/01/governed-by/rights/principal-cc-by-4.0,urn:uuid:3e92104f-a336-51d7-972f-cbf2151082ed,governed-by,urn:uuid:0baf6c47-021d-5310-9475-81519e710250,
urn:uuid:c8f1083e-c20b-5508-bb7c-709e5a31cd58,relation/unit/bab-4-grup-simetris/section/01/includes-diagram/diagram/unit-033/tikzcd-01,urn:uuid:3e92104f-a336-51d7-972f-cbf2151082ed,includes-diagram,urn:uuid:cb5c1daa-94da-5435-81f0-f2f6cbc800b3,chapter4.tex:1560-1563
urn:uuid:38b8a0df-6db2-54dc-9709-39c18f969633,relation/unit/bab-4-grup-simetris/section/01/includes-diagram/diagram/unit-033/tikzpicture-01,urn:uuid:3e92104f-a336-51d7-972f-cbf2151082ed,includes-diagram,urn:uuid:2bc4f897-ad74-5f2c-b34d-5c7ccabeee94,chapter4.tex:1498-1500
urn:uuid:93d08782-0694-5464-b5aa-f1056cabb343,relation/unit/bab-4-grup-simetris/section/01/includes-diagram/diagram/unit-033/tikzpicture-02,urn:uuid:3e92104f-a336-51d7-972f-cbf2151082ed,includes-diagram,urn:uuid:075e2288-7006-50e9-912e-23589a888719,chapter4.tex:1500-1502
urn:uuid:0bfd3f2c-d2df-529e-bb6c-bacdaa9a6fcb,relation/unit/bab-4-grup-simetris/section/01/includes-diagram/diagram/unit-033/tikzpicture-03,urn:uuid:3e92104f-a336-51d7-972f-cbf2151082ed,includes-diagram,urn:uuid:22c16c16-dd86-5ab4-ab49-713d519e0341,chapter4.tex:1504-1506
urn:uuid:c7e2f6f8-a014-5329-a77a-7511f9b34c78,relation/unit/bab-4-grup-simetris/section/01/includes-diagram/diagram/unit-033/tikzpicture-04,urn:uuid:3e92104f-a336-51d7-972f-cbf2151082ed,includes-diagram,urn:uuid:8bc18bbb-651d-5047-8357-9ed604673f1a,chapter4.tex:1506-1508
urn:uuid:c820eb8b-12cf-5e4d-ad1e-9246bf3da934,relation/unit/bab-4-grup-simetris/section/01/includes-diagram/diagram/unit-033/tikzpicture-05,urn:uuid:3e92104f-a336-51d7-972f-cbf2151082ed,includes-diagram,urn:uuid:ce52a08a-d51e-5b4b-9422-b767d302a639,chapter4.tex:1508-1510
urn:uuid:c89ccb49-ce3c-5f61-b580-bd769056891c,relation/unit/bab-4-grup-simetris/section/01/includes-diagram/diagram/unit-033/tikzpicture-06,urn:uuid:3e92104f-a336-51d7-972f-cbf2151082ed,includes-diagram,urn:uuid:e7818072-d603-5a9d-b975-4b0b42890291,chapter4.tex:1511-1515
urn:uuid:2716d9d4-481f-5c5d-9346-3ad1012b5696,relation/unit/bab-4-grup-simetris/section/01/includes-diagram/diagram/unit-033/tikzpicture-07,urn:uuid:3e92104f-a336-51d7-972f-cbf2151082ed,includes-diagram,urn:uuid:7a4af319-f9d3-5b8b-b753-fe89db11d044,chapter4.tex:1521-1525
urn:uuid:20304d97-50aa-52dc-90c0-8ff1d4660834,relation/unit/bab-4-grup-simetris/section/01/includes-diagram/diagram/unit-033/tikzpicture-08,urn:uuid:3e92104f-a336-51d7-972f-cbf2151082ed,includes-diagram,urn:uuid:d417fe7b-1b2e-5dae-a740-9b37d76e51e4,chapter4.tex:1527-1532
urn:uuid:fdf3d4ab-4492-5005-95f6-3936ae1f94ff,relation/unit/bab-4-grup-simetris/section/01/includes-diagram/diagram/unit-033/tikzpicture-09,urn:uuid:3e92104f-a336-51d7-972f-cbf2151082ed,includes-diagram,urn:uuid:c1adafe9-a1a6-5c84-8c44-f6edcc5b1b9b,chapter4.tex:1534-1539
urn:uuid:6ff48a42-bd9b-5cca-bd9e-0ac5ede3e2cf,relation/unit/bab-4-grup-simetris/section/01/includes-diagram/diagram/unit-033/tikzpicture-10,urn:uuid:3e92104f-a336-51d7-972f-cbf2151082ed,includes-diagram,urn:uuid:ffa32813-3715-54d0-97cc-11b09c485f47,chapter4.tex:1554-1558
urn:uuid:11e4efa9-d486-5a26-8be1-28899bf5f15c,relation/unit/bab-4-grup-simetris/section/01/includes-diagram/diagram/unit-033/tikzpicture-11,urn:uuid:3e92104f-a336-51d7-972f-cbf2151082ed,includes-diagram,urn:uuid:42e72c14-f50d-51d2-adb3-d7ed5fc13596,chapter4.tex:1581-1583
urn:uuid:47a57a27-b340-5e87-8dc0-ee3abf89d348,relation/unit/bab-4-grup-simetris/section/01/indexes/index-entry/unit-033/main/001,urn:uuid:3e92104f-a336-51d7-972f-cbf2151082ed,indexes,urn:uuid:b50d47a7-b5a9-54fc-b115-bfed74f023c1,chapter4.tex:1394
urn:uuid:ae36d9c7-d481-5105-b922-a2896ded1c04,relation/unit/bab-4-grup-simetris/section/01/indexes/index-entry/unit-033/main/002,urn:uuid:3e92104f-a336-51d7-972f-cbf2151082ed,indexes,urn:uuid:0845a232-643b-5b3c-89e6-a60350d77eaf,chapter4.tex:1394
urn:uuid:6d0cc8c4-62d6-5ed3-b7cc-dd76f8724df7,relation/unit/bab-4-grup-simetris/section/01/indexes/index-entry/unit-033/main/003,urn:uuid:3e92104f-a336-51d7-972f-cbf2151082ed,indexes,urn:uuid:a21d40d6-f046-5a0e-b7cb-851aed96d0f2,chapter4.tex:1394
urn:uuid:94f04a3e-d92f-5f6c-ba60-2125cc122a19,relation/unit/bab-4-grup-simetris/section/01/indexes/index-entry/unit-033/main/005,urn:uuid:3e92104f-a336-51d7-972f-cbf2151082ed,indexes,urn:uuid:507245da-ae55-5388-8cd8-2d128bf2d52c,chapter4.tex:1413
urn:uuid:3522df70-4e4e-552f-bc47-97ac2b459b30,relation/unit/bab-4-grup-simetris/section/01/indexes/index-entry/unit-033/main/008,urn:uuid:3e92104f-a336-51d7-972f-cbf2151082ed,indexes,urn:uuid:e7336399-6060-54b9-976f-3b0449713103,chapter4.tex:1488
urn:uuid:f34a2ed4-6423-50bd-8de1-0875d98fe323,relation/unit/bab-4-grup-simetris/section/01/indexes/index-entry/unit-033/main/009,urn:uuid:3e92104f-a336-51d7-972f-cbf2151082ed,indexes,urn:uuid:d250107c-3b10-5551-8702-56e4f22bc24f,chapter4.tex:1607
urn:uuid:7d8301e2-701c-534d-87e0-da827e55ed1d,relation/unit/bab-4-grup-simetris/section/01/indexes/index-entry/unit-033/sym1/004,urn:uuid:3e92104f-a336-51d7-972f-cbf2151082ed,indexes,urn:uuid:77962a71-786a-5793-86ef-a7d455aceef0,chapter4.tex:1394
urn:uuid:d2f8543a-da00-5352-a41d-d602fee43c08,relation/unit/bab-4-grup-simetris/section/01/indexes/index-entry/unit-033/sym1/006,urn:uuid:3e92104f-a336-51d7-972f-cbf2151082ed,indexes,urn:uuid:bf28924a-0224-56ef-8838-1160e20ac6b6,chapter4.tex:1433
urn:uuid:632ef923-a2a3-5d57-aa82-ce8ebb1e5f11,relation/unit/bab-4-grup-simetris/section/01/indexes/index-entry/unit-033/sym1/007,urn:uuid:3e92104f-a336-51d7-972f-cbf2151082ed,indexes,urn:uuid:d595bf13-e2ac-57c3-9c0d-06ddab69e80b,chapter4.tex:1446
urn:uuid:289e2434-2b3d-58c8-8705-3ec8c563dc83,relation/unit/bab-4-grup-simetris/section/01/requires/prerequisite/basic-group-theory,urn:uuid:3e92104f-a336-51d7-972f-cbf2151082ed,requires,urn:uuid:3f5dc8e0-0198-5016-b767-ded1b9ec3d13,chapter4.tex:1389-1608 (line 1608 blank boundary omitted from target mapping)
urn:uuid:335f27fe-cef5-5aec-804b-20a6109788ca,relation/unit/bab-4-grup-simetris/section/01/requires/prerequisite/basic-mathematical-literacy,urn:uuid:3e92104f-a336-51d7-972f-cbf2151082ed,requires,urn:uuid:8fb6c957-7285-5258-978c-e1369c7e39d7,chapter4.tex:1389-1608 (line 1608 blank boundary omitted from target mapping)
urn:uuid:0a684a34-e365-5190-ab6a-fd59659d5ed1,relation/unit/bab-4-grup-simetris/section/01/requires/prerequisite/commutators-derived-series-and-solvability,urn:uuid:3e92104f-a336-51d7-972f-cbf2151082ed,requires,urn:uuid:82ae06ba-bac3-544d-b3ce-f89cd9ad43dd,chapter4.tex:1389-1608 (line 1608 blank boundary omitted from target mapping)
urn:uuid:5d8eb894-56b4-5378-bacc-b9eae41e727a,relation/unit/bab-4-grup-simetris/section/01/requires/prerequisite/elementary-set-theory,urn:uuid:3e92104f-a336-51d7-972f-cbf2151082ed,requires,urn:uuid:00f7d0ea-1b60-51da-843f-cca760a368e4,chapter4.tex:1389-1608 (line 1608 blank boundary omitted from target mapping)
urn:uuid:a354ad03-797c-5ed9-ab34-89b18bc64bf5,relation/unit/bab-4-grup-simetris/section/01/requires/prerequisite/group-actions-orbits-and-stabilizers,urn:uuid:3e92104f-a336-51d7-972f-cbf2151082ed,requires,urn:uuid:1f177bdc-5a38-5076-a2b3-11bea04551e2,chapter4.tex:1389-1608 (line 1608 blank boundary omitted from target mapping)
urn:uuid:2956cfbc-9cbf-5616-88eb-f3a9f0a57505,relation/unit/bab-4-grup-simetris/section/01/requires/prerequisite/group-homomorphisms-kernels-and-quotients,urn:uuid:3e92104f-a336-51d7-972f-cbf2151082ed,requires,urn:uuid:ecd787ee-f056-5200-91e7-f98b3d80d458,chapter4.tex:1389-1608 (line 1608 blank boundary omitted from target mapping)
