relation_id,relation_key,source_id,predicate,target_id,evidence
urn:uuid:ccf3e00f-4bff-56db-b627-5d78bc48393a,relation/build-surface/unit-029-pdf/governed-by/rights/ajbook-fragment-cc-by-sa-3.0,urn:uuid:daf3c6bf-b314-5af0-9380-030f088c552e,governed-by,urn:uuid:10faf5cd-990f-5850-87b4-26922b062485,
urn:uuid:27f4e418-e3a2-510e-ba97-dcd4cd57f02e,relation/build-surface/unit-029-pdf/governed-by/rights/noto-fonts-ofl-1.1,urn:uuid:daf3c6bf-b314-5af0-9380-030f088c552e,governed-by,urn:uuid:b9f7a7a7-8e18-507a-b72e-b5de733a7430,
urn:uuid:5b5b5de0-c883-5657-a62f-0080b72743af,relation/build-surface/unit-029-pdf/governed-by/rights/principal-cc-by-4.0,urn:uuid:daf3c6bf-b314-5af0-9380-030f088c552e,governed-by,urn:uuid:0baf6c47-021d-5310-9475-81519e710250,
urn:uuid:53d067a9-5de9-5fda-80de-fadd94073da9,relation/course/o013/requires/prerequisite/basic-mathematical-literacy,urn:uuid:a5f3ad58-ce3c-5f5f-b581-1f842ae79192,requires,urn:uuid:8fb6c957-7285-5258-978c-e1369c7e39d7,prelude.tex:49-60
urn:uuid:6af4c728-a07b-5571-a30d-9ee62c1a5a6e,relation/course/o013/requires/prerequisite/cauchy-sequences-and-completeness,urn:uuid:a5f3ad58-ce3c-5f5f-b581-1f842ae79192,requires,urn:uuid:b9018862-5027-50f5-9947-a9a9526cc91f,prelude.tex:49-60
urn:uuid:cdc5bef1-ed82-58de-9b13-95ec2357d9af,relation/course/o013/requires/prerequisite/elementary-number-theory,urn:uuid:a5f3ad58-ce3c-5f5f-b581-1f842ae79192,requires,urn:uuid:cae14762-1ca0-5a11-aad9-20c81d540fee,prelude.tex:49-60
urn:uuid:de5cce3e-de42-54c1-898b-fcd09a991c8d,relation/course/o013/requires/prerequisite/elementary-set-theory,urn:uuid:a5f3ad58-ce3c-5f5f-b581-1f842ae79192,requires,urn:uuid:00f7d0ea-1b60-51da-843f-cca760a368e4,prelude.tex:49-60
urn:uuid:922e2514-3fa4-5b3d-86e1-836505ce7783,relation/course/o013/requires/prerequisite/linear-transformations,urn:uuid:a5f3ad58-ce3c-5f5f-b581-1f842ae79192,requires,urn:uuid:9ef76bd8-39cf-5b09-8c2d-2d8c95f91aec,prelude.tex:49-60
urn:uuid:74ce1984-1114-53f2-a033-f2e9c028f4ee,relation/course/o013/requires/prerequisite/mathematical-logic,urn:uuid:a5f3ad58-ce3c-5f5f-b581-1f842ae79192,requires,urn:uuid:451f60c6-04ab-54a7-9d74-9dee65d088b7,prelude.tex:49-60
urn:uuid:18ee0c4f-7e83-55ce-b990-c9ff64548532,relation/course/o013/requires/prerequisite/matrices,urn:uuid:a5f3ad58-ce3c-5f5f-b581-1f842ae79192,requires,urn:uuid:d4260077-2f56-5951-8fe1-2dc390f81288,prelude.tex:49-60
urn:uuid:fe264b2f-dbe8-5589-8cb1-d75a56744c5a,relation/course/o013/requires/prerequisite/permutations-and-symmetric-groups,urn:uuid:a5f3ad58-ce3c-5f5f-b581-1f842ae79192,requires,urn:uuid:ee7d907b-05bc-5def-81d5-7fcd351829b8,prelude.tex:49-60
urn:uuid:b09b00b5-df77-5d64-94da-753d1b21fef4,relation/course/o013/requires/prerequisite/point-set-topology,urn:uuid:a5f3ad58-ce3c-5f5f-b581-1f842ae79192,requires,urn:uuid:6a61cd7e-28fe-5c64-9573-cf9ab46e5e96,prelude.tex:49-60
urn:uuid:ed32b23d-1271-5fa2-948f-562f6f29a2c2,relation/course/o013/requires/prerequisite/polynomials,urn:uuid:a5f3ad58-ce3c-5f5f-b581-1f842ae79192,requires,urn:uuid:15245348-aca2-5814-9ca8-0fce14044e14,prelude.tex:49-60
urn:uuid:59f7a53e-63b6-5f7d-a2ba-9f942e60d2cf,relation/course/o013/requires/prerequisite/real-analysis-basics,urn:uuid:a5f3ad58-ce3c-5f5f-b581-1f842ae79192,requires,urn:uuid:4eedb52d-6e0a-5379-b39c-5043b067c49f,prelude.tex:49-60
urn:uuid:f4f655a5-427a-5113-b6d6-fff3511fadfd,relation/course/o013/requires/prerequisite/vector-spaces,urn:uuid:a5f3ad58-ce3c-5f5f-b581-1f842ae79192,requires,urn:uuid:dfd6d864-afe6-5d0e-90f7-c130241cf396,prelude.tex:49-60
urn:uuid:671c70bd-307b-5cb8-a6cc-698df22eb60a,relation/course/o013/uses-resource/resource/wenweili/aljabr-1,urn:uuid:a5f3ad58-ce3c-5f5f-b581-1f842ae79192,uses-resource,urn:uuid:a72e8c67-4b46-5049-b626-479af39b5397,
urn:uuid:e200d359-2bff-5d8b-9157-f61f118c2187,relation/edition/wenweili/aljabr-1/c4f7a01f68f5f407906b4b970640cddbbad85f6b/contains/unit/bab-4-teorema-sylow,urn:uuid:df2d23de-7370-5da5-ad49-42fb7c718c49,contains,urn:uuid:f0b159eb-df48-5390-aa3f-6559397278e7,chapter4.tex:666-795; substantive authority map 666-794 to target 665-793
urn:uuid:f43da1b4-0053-5379-9911-864a80e9df27,relation/program/open-mathematics-curriculum/2026/contains/course/o013,urn:uuid:9d8d0610-2560-5376-8679-5a9418407a78,contains,urn:uuid:a5f3ad58-ce3c-5f5f-b581-1f842ae79192,
urn:uuid:03dde2e7-13e9-5147-9aac-4160466fd402,relation/resource/wenweili/aljabr-1/has-edition/edition/wenweili/aljabr-1/c4f7a01f68f5f407906b4b970640cddbbad85f6b,urn:uuid:a72e8c67-4b46-5049-b626-479af39b5397,has-edition,urn:uuid:df2d23de-7370-5da5-ad49-42fb7c718c49,
urn:uuid:5d75c1c7-1a9a-5804-bbf0-e235cc2873e3,relation/unit/bab-4-teorema-sylow/built-by/build-surface/unit-029-pdf,urn:uuid:f0b159eb-df48-5390-aa3f-6559397278e7,built-by,urn:uuid:daf3c6bf-b314-5af0-9380-030f088c552e,
urn:uuid:2c2b1ef7-4c72-5b88-b6cc-3fb258b60280,relation/unit/bab-4-teorema-sylow/checked-by/qa/unit-029/admission-gate,urn:uuid:f0b159eb-df48-5390-aa3f-6559397278e7,checked-by,urn:uuid:010b14f6-e80e-5a5d-a292-a2841ac3919b,
urn:uuid:e686dc54-af0b-5373-9664-a35bc04149b9,relation/unit/bab-4-teorema-sylow/checked-by/qa/unit-029/all-page-visual-review,urn:uuid:f0b159eb-df48-5390-aa3f-6559397278e7,checked-by,urn:uuid:50ffb60e-0cc5-56a2-bb34-5afa8c6bc5a2,
urn:uuid:4231abe4-30cf-5504-a410-2878440aeacb,relation/unit/bab-4-teorema-sylow/checked-by/qa/unit-029/build-log,urn:uuid:f0b159eb-df48-5390-aa3f-6559397278e7,checked-by,urn:uuid:63b615f4-a943-5220-9ff1-fbe6c2f0b9ec,
urn:uuid:53c9b67d-0824-52fc-b810-b9ff780abb52,relation/unit/bab-4-teorema-sylow/checked-by/qa/unit-029/candidate-artifact,urn:uuid:f0b159eb-df48-5390-aa3f-6559397278e7,checked-by,urn:uuid:f752157d-49d1-5637-982d-51b96c46c658,
urn:uuid:7df4eaa1-e18e-52e3-a27c-23e7dbedd304,relation/unit/bab-4-teorema-sylow/checked-by/qa/unit-029/candidate-check,urn:uuid:f0b159eb-df48-5390-aa3f-6559397278e7,checked-by,urn:uuid:f636e294-1e3c-5846-a28c-71af09e3dfa7,
urn:uuid:03055376-5718-595b-a160-2a48989f626e,relation/unit/bab-4-teorema-sylow/checked-by/qa/unit-029/canonical-integration,urn:uuid:f0b159eb-df48-5390-aa3f-6559397278e7,checked-by,urn:uuid:6517e4ce-2bcc-5fa1-b846-b86674a7e758,
urn:uuid:de788957-6133-5a53-a36a-16ab0d5bf7b8,relation/unit/bab-4-teorema-sylow/checked-by/qa/unit-029/citation-closure,urn:uuid:f0b159eb-df48-5390-aa3f-6559397278e7,checked-by,urn:uuid:1cb180d2-46c7-5ab8-83dc-20df99479c99,
urn:uuid:4c2f5d02-eda0-5a4c-8626-91ac3481afac,relation/unit/bab-4-teorema-sylow/checked-by/qa/unit-029/prepromotion-evidence,urn:uuid:f0b159eb-df48-5390-aa3f-6559397278e7,checked-by,urn:uuid:bb4fcaf8-a1f8-5f2f-ab85-faea9640361b,
urn:uuid:4553fb23-83c4-5813-96fb-9d54519e9266,relation/unit/bab-4-teorema-sylow/checked-by/qa/unit-029/protected-text-localizations,urn:uuid:f0b159eb-df48-5390-aa3f-6559397278e7,checked-by,urn:uuid:94ebaebf-700e-514a-a331-f9024e03f2d9,
urn:uuid:8d401c82-c9c0-5402-bf9b-fb8bce3cdb66,relation/unit/bab-4-teorema-sylow/checked-by/qa/unit-029/render-hash-inventory,urn:uuid:f0b159eb-df48-5390-aa3f-6559397278e7,checked-by,urn:uuid:a5f70f02-a873-52e2-8294-935d9b0f3b0d,
urn:uuid:9f7cf1d2-51c7-55a7-a548-4bb0baa4a1a5,relation/unit/bab-4-teorema-sylow/checked-by/qa/unit-029/source-corrections,urn:uuid:f0b159eb-df48-5390-aa3f-6559397278e7,checked-by,urn:uuid:ac4466ca-4e12-5a5e-886d-2a2678af9fe5,
urn:uuid:5f2d6843-dfc4-5ded-b6c8-6a16d3062d20,relation/unit/bab-4-teorema-sylow/checked-by/qa/unit-029/source-review,urn:uuid:f0b159eb-df48-5390-aa3f-6559397278e7,checked-by,urn:uuid:4d5e1f65-c30b-5033-bd64-db97b15eb6c3,
urn:uuid:3a9cb4a1-0a3b-5734-9a16-cae81fb94415,relation/unit/bab-4-teorema-sylow/checked-by/qa/unit-029/structure-and-pdf-qa,urn:uuid:f0b159eb-df48-5390-aa3f-6559397278e7,checked-by,urn:uuid:769da768-b618-52a4-82e1-06d73d29aeb7,
urn:uuid:c98f470e-694e-5f07-a757-2dc5a426cf18,relation/unit/bab-4-teorema-sylow/checked-by/qa/unit-029/terminology-control,urn:uuid:f0b159eb-df48-5390-aa3f-6559397278e7,checked-by,urn:uuid:05b1331f-d548-560c-841d-fd432d6ad0f2,
urn:uuid:76cffba6-5b99-521d-a336-c8b1ba565e61,relation/unit/bab-4-teorema-sylow/checked-by/qa/unit-029/terminology-delta,urn:uuid:f0b159eb-df48-5390-aa3f-6559397278e7,checked-by,urn:uuid:ac7aeb9e-1172-5b24-96da-59472cc67322,
urn:uuid:06804247-6f7c-56fa-bc8c-f5653127d927,relation/unit/bab-4-teorema-sylow/checked-by/qa/unit-029/terminology-evidence,urn:uuid:f0b159eb-df48-5390-aa3f-6559397278e7,checked-by,urn:uuid:5bf64fd4-30fe-5e5a-b630-75d3907550af,
urn:uuid:80cbc00f-40e5-580a-9f61-72685119a651,relation/unit/bab-4-teorema-sylow/checked-by/qa/unit-029/visual-preflight,urn:uuid:f0b159eb-df48-5390-aa3f-6559397278e7,checked-by,urn:uuid:0a27e57e-9ad2-508c-8a05-7d14b498e4f0,
urn:uuid:92959a56-0410-59ad-8ac3-07db940033c1,relation/unit/bab-4-teorema-sylow/contains/unit/bab-4-teorema-sylow/section/01,urn:uuid:f0b159eb-df48-5390-aa3f-6559397278e7,contains,urn:uuid:ac55ea4f-3c97-50eb-aaf0-c41aeba23c31,chapter4.tex:666-795 (line 795 blank boundary omitted from target mapping)
urn:uuid:e1fa29d5-a15f-502f-8708-15d8a9e576bb,relation/unit/bab-4-teorema-sylow/covers/concept/cauchy-theorem-for-finite-groups,urn:uuid:f0b159eb-df48-5390-aa3f-6559397278e7,covers,urn:uuid:3cf0a1e3-9e0d-5559-a29d-f1e33450e98e,
urn:uuid:66597690-ff43-5218-880f-3548c80d3875,relation/unit/bab-4-teorema-sylow/covers/concept/exact-prime-power-divisibility,urn:uuid:f0b159eb-df48-5390-aa3f-6559397278e7,covers,urn:uuid:a65e9ab2-7eaa-55ba-bf32-ed33d4363a35,
urn:uuid:23a358e5-21ac-5dca-8033-38bb95d33097,relation/unit/bab-4-teorema-sylow/covers/concept/first-sylow-theorem,urn:uuid:f0b159eb-df48-5390-aa3f-6559397278e7,covers,urn:uuid:9cd8789a-2c9b-5655-8c7b-cf69c80e0dc7,
urn:uuid:d11696dd-a942-5e7a-b0d2-a53a1fd59b3e,relation/unit/bab-4-teorema-sylow/covers/concept/nontrivial-center-of-p-group,urn:uuid:f0b159eb-df48-5390-aa3f-6559397278e7,covers,urn:uuid:c5020e6e-9061-5bb8-8dea-98e4fe9f0b41,
urn:uuid:696b389d-e6f0-5ee5-841b-42523327d858,relation/unit/bab-4-teorema-sylow/covers/concept/normal-sylow-direct-product-characterization,urn:uuid:f0b159eb-df48-5390-aa3f-6559397278e7,covers,urn:uuid:3612439c-e2e8-5d00-b715-a5df3c97f220,
urn:uuid:a7aac061-c7bb-5f99-a141-fcb319253290,relation/unit/bab-4-teorema-sylow/covers/concept/p-group,urn:uuid:f0b159eb-df48-5390-aa3f-6559397278e7,covers,urn:uuid:12693a14-6c72-55b0-b7a1-943123cc88c0,
urn:uuid:2a1e6e99-b217-5e2c-921a-7765b3c57142,relation/unit/bab-4-teorema-sylow/covers/concept/p-group-orbit-counting-congruence,urn:uuid:f0b159eb-df48-5390-aa3f-6559397278e7,covers,urn:uuid:dd847f99-8d99-5044-b96a-5efc09d040e2,
urn:uuid:b95e057b-94ee-5223-ab9a-ff98e4f5563e,relation/unit/bab-4-teorema-sylow/covers/concept/proper-subgroup-proper-normalizer,urn:uuid:f0b159eb-df48-5390-aa3f-6559397278e7,covers,urn:uuid:96c20157-9da5-53e2-a9ac-94233221b1e6,
urn:uuid:0b5a24c2-33a8-5469-a856-af43ea235284,relation/unit/bab-4-teorema-sylow/covers/concept/second-sylow-theorem,urn:uuid:f0b159eb-df48-5390-aa3f-6559397278e7,covers,urn:uuid:1e6f4fc6-d86f-591e-8a59-073d557df642,
urn:uuid:ac36e4b2-36ad-54a1-8221-38d9a42bee55,relation/unit/bab-4-teorema-sylow/covers/concept/sylow-normalizer-lemma,urn:uuid:f0b159eb-df48-5390-aa3f-6559397278e7,covers,urn:uuid:553ff138-6a39-525b-b914-df5184509372,
urn:uuid:63f6c82f-caae-5adb-a615-144df859b46f,relation/unit/bab-4-teorema-sylow/covers/concept/sylow-p-subgroup,urn:uuid:f0b159eb-df48-5390-aa3f-6559397278e7,covers,urn:uuid:ced08766-30e9-586d-9e8b-7f43e971d16c,
urn:uuid:344cb619-3f3b-5ac2-b24d-eb8f2d7992d4,relation/unit/bab-4-teorema-sylow/covers/concept/third-sylow-theorem,urn:uuid:f0b159eb-df48-5390-aa3f-6559397278e7,covers,urn:uuid:16bb3df5-0f31-5aa5-83e4-bcbc7baca16e,
urn:uuid:4455054c-ec05-5488-b193-aa5fe3aa520f,relation/unit/bab-4-teorema-sylow/covers/concept/wielandt-binomial-congruence,urn:uuid:f0b159eb-df48-5390-aa3f-6559397278e7,covers,urn:uuid:d48e2474-c40c-5f2f-9c8f-00e67de92c89,
urn:uuid:bcb9ea84-fe84-5598-993a-027e86cfadb8,relation/unit/bab-4-teorema-sylow/covers/protected-text-localization/o013-li-u029-loc-001,urn:uuid:f0b159eb-df48-5390-aa3f-6559397278e7,covers,urn:uuid:871636f9-1fb8-53fb-a208-f77f8a3875cc,
urn:uuid:95cb5630-e27b-5498-9be0-f43ae1568d39,relation/unit/bab-4-teorema-sylow/covers/provenance/o013-li-u029-production,urn:uuid:f0b159eb-df48-5390-aa3f-6559397278e7,covers,urn:uuid:e7bd22ac-fa59-5dca-a170-f97cc17c3eb5,
urn:uuid:213dc109-3b74-5284-8187-4fe277e24fb0,relation/unit/bab-4-teorema-sylow/covers/surface/unit-029/environment/001-definition-01,urn:uuid:f0b159eb-df48-5390-aa3f-6559397278e7,covers,urn:uuid:77ad793c-32e7-5e7a-a7a5-d3f976057ef2,
urn:uuid:f7557e1e-9d56-5ee7-b248-894132117971,relation/unit/bab-4-teorema-sylow/covers/surface/unit-029/environment/002-proposition-01,urn:uuid:f0b159eb-df48-5390-aa3f-6559397278e7,covers,urn:uuid:143170f0-681b-51e3-a90b-560a17e0f2c0,
urn:uuid:d37b9c51-5d13-51db-84c3-bf6621a5f29c,relation/unit/bab-4-teorema-sylow/covers/surface/unit-029/environment/003-proof-01,urn:uuid:f0b159eb-df48-5390-aa3f-6559397278e7,covers,urn:uuid:43ce79e3-7e5c-58ef-8be0-42a7b9cb92a1,
urn:uuid:e36c10ed-751f-5382-9b32-b8d7370080f7,relation/unit/bab-4-teorema-sylow/covers/surface/unit-029/environment/004-corollary-01,urn:uuid:f0b159eb-df48-5390-aa3f-6559397278e7,covers,urn:uuid:5cf39279-fb0b-55f3-8855-9d6c1a80ccb5,
urn:uuid:affd9ff3-7af9-5361-abe1-411c7cb44f47,relation/unit/bab-4-teorema-sylow/covers/surface/unit-029/environment/005-proof-02,urn:uuid:f0b159eb-df48-5390-aa3f-6559397278e7,covers,urn:uuid:09f62d1b-0075-5776-b286-122c7aa577f3,
urn:uuid:75788e6d-43f7-584a-b12c-e7ddfd06f9c1,relation/unit/bab-4-teorema-sylow/covers/surface/unit-029/environment/006-corollary-02,urn:uuid:f0b159eb-df48-5390-aa3f-6559397278e7,covers,urn:uuid:271bca9b-2904-5c9d-9b79-8724eea9fedc,
urn:uuid:62a1df40-3851-57d8-adfe-15145ab01d3e,relation/unit/bab-4-teorema-sylow/covers/surface/unit-029/environment/007-proof-03,urn:uuid:f0b159eb-df48-5390-aa3f-6559397278e7,covers,urn:uuid:dfc8720a-e8e5-5c14-9ed4-4d8c019c848f,
urn:uuid:b5070073-fbd5-548e-8cb6-625118cb9bc3,relation/unit/bab-4-teorema-sylow/covers/surface/unit-029/environment/008-corollary-03,urn:uuid:f0b159eb-df48-5390-aa3f-6559397278e7,covers,urn:uuid:1a7f9346-0d94-55a3-813f-f24be6d6dd6b,
urn:uuid:8b39eebe-7499-5a89-9d75-3f583bea4af8,relation/unit/bab-4-teorema-sylow/covers/surface/unit-029/environment/009-proof-04,urn:uuid:f0b159eb-df48-5390-aa3f-6559397278e7,covers,urn:uuid:ff35f1fc-7da7-567d-a836-dcb2270f31a2,
urn:uuid:849fd25d-657b-5ad3-aafb-5b964df6e50b,relation/unit/bab-4-teorema-sylow/covers/surface/unit-029/environment/010-convention-01,urn:uuid:f0b159eb-df48-5390-aa3f-6559397278e7,covers,urn:uuid:8832e9f3-56f6-53c4-8973-21b87b4f29d9,
urn:uuid:7c489219-a4da-508b-8e20-8e384de02e34,relation/unit/bab-4-teorema-sylow/covers/surface/unit-029/environment/011-definition-02,urn:uuid:f0b159eb-df48-5390-aa3f-6559397278e7,covers,urn:uuid:b70e3d34-2290-5c73-9abf-4cff05d872dc,
urn:uuid:7ababc7f-875e-503f-bbdd-74c309ce7b2c,relation/unit/bab-4-teorema-sylow/covers/surface/unit-029/environment/012-lemma-01,urn:uuid:f0b159eb-df48-5390-aa3f-6559397278e7,covers,urn:uuid:c6188dbe-115a-5366-8c04-51d29d64ba2e,
urn:uuid:1d8fdcba-7d29-5a8a-bcaf-2153a86ee51b,relation/unit/bab-4-teorema-sylow/covers/surface/unit-029/environment/013-proof-05,urn:uuid:f0b159eb-df48-5390-aa3f-6559397278e7,covers,urn:uuid:48f3d834-f9c9-5b81-a49c-e85821699767,
urn:uuid:61424d5e-f6da-5037-8887-1325a08e4912,relation/unit/bab-4-teorema-sylow/covers/surface/unit-029/environment/014-theorem-01,urn:uuid:f0b159eb-df48-5390-aa3f-6559397278e7,covers,urn:uuid:66be0020-9a85-503c-ad00-960f6cd33026,
urn:uuid:bffc06f4-ff6c-5592-bb44-2153283dd2b4,relation/unit/bab-4-teorema-sylow/covers/surface/unit-029/environment/015-proof-06,urn:uuid:f0b159eb-df48-5390-aa3f-6559397278e7,covers,urn:uuid:5ac5dfaf-2996-5358-b5b2-dd3a93de3334,
urn:uuid:debec52c-cfad-5d4f-8f7f-580b6868bf28,relation/unit/bab-4-teorema-sylow/covers/surface/unit-029/environment/016-lemma-02,urn:uuid:f0b159eb-df48-5390-aa3f-6559397278e7,covers,urn:uuid:3c5d1575-71db-51b1-a42d-13f7f380b318,
urn:uuid:27d3c40e-8f4d-5f4f-80bc-a31acfd5c021,relation/unit/bab-4-teorema-sylow/covers/surface/unit-029/environment/017-proof-07,urn:uuid:f0b159eb-df48-5390-aa3f-6559397278e7,covers,urn:uuid:4851814e-6843-51ac-a8f3-e3c21091a732,
urn:uuid:8e587233-0eb6-58da-97d2-01c526c5b2a5,relation/unit/bab-4-teorema-sylow/covers/surface/unit-029/environment/018-theorem-02,urn:uuid:f0b159eb-df48-5390-aa3f-6559397278e7,covers,urn:uuid:0bb96ab6-8877-5688-9020-27a87022e08f,
urn:uuid:21f0620d-1fb7-5a30-8cdb-74b05063a265,relation/unit/bab-4-teorema-sylow/covers/surface/unit-029/environment/019-compactenum-01,urn:uuid:f0b159eb-df48-5390-aa3f-6559397278e7,covers,urn:uuid:0e0996cd-f09b-52c2-8c0f-73086075e6d3,
urn:uuid:70ffff98-0a21-5479-b96d-2d007e540dd1,relation/unit/bab-4-teorema-sylow/covers/surface/unit-029/environment/020-proof-08,urn:uuid:f0b159eb-df48-5390-aa3f-6559397278e7,covers,urn:uuid:901d19ba-d9fd-550a-a8c7-dd09a5e6e5ba,
urn:uuid:fffaec56-d8dd-5865-ae9b-c4c6968d3939,relation/unit/bab-4-teorema-sylow/covers/surface/unit-029/environment/021-align-01,urn:uuid:f0b159eb-df48-5390-aa3f-6559397278e7,covers,urn:uuid:00a15110-c1ec-52c0-851e-cf09c997947f,
urn:uuid:8e40d3ea-6553-5132-9eb9-e5f0ec17004a,relation/unit/bab-4-teorema-sylow/covers/surface/unit-029/environment/022-theorem-03,urn:uuid:f0b159eb-df48-5390-aa3f-6559397278e7,covers,urn:uuid:5f26eea4-4d0c-555f-913b-b5c61736b83c,
urn:uuid:33c78f99-9990-5488-b816-cac8ea848607,relation/unit/bab-4-teorema-sylow/covers/surface/unit-029/environment/023-proof-09,urn:uuid:f0b159eb-df48-5390-aa3f-6559397278e7,covers,urn:uuid:29568695-f290-5b07-92d0-bc63ac63c3dc,
urn:uuid:795247e2-a201-5af5-8470-4de773c4b8a1,relation/unit/bab-4-teorema-sylow/covers/surface/unit-029/environment/024-proposition-02,urn:uuid:f0b159eb-df48-5390-aa3f-6559397278e7,covers,urn:uuid:59de9469-9027-57c2-a353-a7f101bab3c9,
urn:uuid:3a1cb764-13e4-5616-b54f-e73e0bde0acb,relation/unit/bab-4-teorema-sylow/covers/surface/unit-029/environment/025-proof-10,urn:uuid:f0b159eb-df48-5390-aa3f-6559397278e7,covers,urn:uuid:a23da729-f210-57a8-9703-e3978d1c76b0,
urn:uuid:500997f7-2575-59ee-929e-64bde2e1a5b7,relation/unit/bab-4-teorema-sylow/covers/surface/unit-029/item/001,urn:uuid:f0b159eb-df48-5390-aa3f-6559397278e7,covers,urn:uuid:3b45b714-ba64-51bb-9097-53d3de1800f5,
urn:uuid:a4188a1b-4ef7-5586-a3a0-062a9a5c727d,relation/unit/bab-4-teorema-sylow/covers/surface/unit-029/item/002,urn:uuid:f0b159eb-df48-5390-aa3f-6559397278e7,covers,urn:uuid:201493b7-ddcd-59a7-b4c1-0fc0348dd211,
urn:uuid:6f442ae0-efb7-5785-afa6-f165fc3eb552,relation/unit/bab-4-teorema-sylow/covers/surface/unit-029/label/001,urn:uuid:f0b159eb-df48-5390-aa3f-6559397278e7,covers,urn:uuid:f4d4c06a-ecea-5001-b04c-724edb7d5586,
urn:uuid:183ee488-293e-5a84-9470-722d2da62c18,relation/unit/bab-4-teorema-sylow/covers/surface/unit-029/label/002,urn:uuid:f0b159eb-df48-5390-aa3f-6559397278e7,covers,urn:uuid:3f848a95-00c8-51f3-8a09-e13838423186,
urn:uuid:c7a39a20-4dea-52fb-9437-996bcbedc2b9,relation/unit/bab-4-teorema-sylow/covers/surface/unit-029/label/003,urn:uuid:f0b159eb-df48-5390-aa3f-6559397278e7,covers,urn:uuid:4badd009-ac47-5604-bd74-01e36522971f,
urn:uuid:ebe18d35-cbd2-500d-bf50-24c5fb8c7534,relation/unit/bab-4-teorema-sylow/covers/surface/unit-029/label/004,urn:uuid:f0b159eb-df48-5390-aa3f-6559397278e7,covers,urn:uuid:6cf09d24-237e-581b-b399-363e36a2661c,
urn:uuid:303e867d-f121-5ad3-ad10-384c6e4430d3,relation/unit/bab-4-teorema-sylow/covers/surface/unit-029/label/005,urn:uuid:f0b159eb-df48-5390-aa3f-6559397278e7,covers,urn:uuid:8656c05c-c1ff-59da-af58-72329c9271cc,
urn:uuid:40d607ba-52e3-5ff8-a578-804db2fdfbf6,relation/unit/bab-4-teorema-sylow/covers/surface/unit-029/label/006,urn:uuid:f0b159eb-df48-5390-aa3f-6559397278e7,covers,urn:uuid:214ce17b-46e3-586f-aca9-33032cbf8610,
urn:uuid:f87d101e-242b-5889-9220-a1c4515e7197,relation/unit/bab-4-teorema-sylow/covers/surface/unit-029/protected-math-zone/001-inline,urn:uuid:f0b159eb-df48-5390-aa3f-6559397278e7,covers,urn:uuid:2b132396-8fc8-5c45-96f5-097e54a20a07,
urn:uuid:0d54e38b-8679-5752-9a35-a0f6fd2f87dd,relation/unit/bab-4-teorema-sylow/covers/surface/unit-029/protected-math-zone/002-inline,urn:uuid:f0b159eb-df48-5390-aa3f-6559397278e7,covers,urn:uuid:a9ba521f-1a63-5092-9156-a7133028481f,
urn:uuid:a9e4786c-4a32-5a6e-a69e-8899bf4494da,relation/unit/bab-4-teorema-sylow/covers/surface/unit-029/protected-math-zone/003-inline,urn:uuid:f0b159eb-df48-5390-aa3f-6559397278e7,covers,urn:uuid:996a26ba-32af-5e07-a8df-e5df7fed3595,
urn:uuid:12a0b68c-2070-5f11-8034-8368c99a8b74,relation/unit/bab-4-teorema-sylow/covers/surface/unit-029/protected-math-zone/004-inline,urn:uuid:f0b159eb-df48-5390-aa3f-6559397278e7,covers,urn:uuid:96eee96e-6808-5623-a271-0ecf9d38d568,
urn:uuid:1da25b53-4468-5d5c-a56b-bd8a602cc0e0,relation/unit/bab-4-teorema-sylow/covers/surface/unit-029/protected-math-zone/005-inline,urn:uuid:f0b159eb-df48-5390-aa3f-6559397278e7,covers,urn:uuid:b9a3780b-b158-5143-9911-3aa1a1c462bc,
urn:uuid:a345c53d-52f4-5c5f-b100-98dbf0cc3a34,relation/unit/bab-4-teorema-sylow/covers/surface/unit-029/protected-math-zone/006-inline,urn:uuid:f0b159eb-df48-5390-aa3f-6559397278e7,covers,urn:uuid:58797332-2543-5f37-b543-21da1862ad5c,
urn:uuid:7645e0a2-5010-5a3e-a738-38d5c2b1789b,relation/unit/bab-4-teorema-sylow/covers/surface/unit-029/protected-math-zone/007-inline,urn:uuid:f0b159eb-df48-5390-aa3f-6559397278e7,covers,urn:uuid:1ffc80a6-699c-5318-94ac-dead53d4ef4c,
urn:uuid:8657888c-ee2c-52fd-8334-328cb5bcfac4,relation/unit/bab-4-teorema-sylow/covers/surface/unit-029/protected-math-zone/008-inline,urn:uuid:f0b159eb-df48-5390-aa3f-6559397278e7,covers,urn:uuid:63236474-53a8-5580-8f43-719587a95422,
urn:uuid:5fe1b7ba-2136-5139-b944-486de84537d6,relation/unit/bab-4-teorema-sylow/covers/surface/unit-029/protected-math-zone/009-inline,urn:uuid:f0b159eb-df48-5390-aa3f-6559397278e7,covers,urn:uuid:f0211f40-094b-5a69-9f98-3e3b98f829b7,
urn:uuid:a58873a9-d842-5857-a3f1-eed478cb815f,relation/unit/bab-4-teorema-sylow/covers/surface/unit-029/protected-math-zone/010-inline,urn:uuid:f0b159eb-df48-5390-aa3f-6559397278e7,covers,urn:uuid:ff536673-14ae-5380-8966-0c308151d7fa,
urn:uuid:9e0c93c5-9056-5a7c-b7ed-ab2a6f293e21,relation/unit/bab-4-teorema-sylow/covers/surface/unit-029/protected-math-zone/011-inline,urn:uuid:f0b159eb-df48-5390-aa3f-6559397278e7,covers,urn:uuid:83180e63-af6c-5ac1-8a63-8ba186983a9a,
urn:uuid:604e245c-a363-58c9-a7dc-015513a82f62,relation/unit/bab-4-teorema-sylow/covers/surface/unit-029/protected-math-zone/012-inline,urn:uuid:f0b159eb-df48-5390-aa3f-6559397278e7,covers,urn:uuid:a4ca1bc2-ebd1-5c38-a02e-3045c2cc3299,
urn:uuid:03b5b7f9-c1cb-5fb8-9f42-f276b21554ed,relation/unit/bab-4-teorema-sylow/covers/surface/unit-029/protected-math-zone/013-inline,urn:uuid:f0b159eb-df48-5390-aa3f-6559397278e7,covers,urn:uuid:c48a7f43-43e8-580c-b62e-fd8b711fdf52,
urn:uuid:8c76b11d-ac7d-5117-996f-47f8c532f375,relation/unit/bab-4-teorema-sylow/covers/surface/unit-029/protected-math-zone/014-display-bracket,urn:uuid:f0b159eb-df48-5390-aa3f-6559397278e7,covers,urn:uuid:7d6e7d68-74d0-5cb7-8c00-00f8e95e39ab,
urn:uuid:4bbb97a9-2318-57b8-af2c-3d0cc1a258c3,relation/unit/bab-4-teorema-sylow/covers/surface/unit-029/protected-math-zone/015-inline,urn:uuid:f0b159eb-df48-5390-aa3f-6559397278e7,covers,urn:uuid:68753388-b30c-5e94-a212-e9b7513bcd8f,
urn:uuid:bf25442a-48fd-5cbd-b016-3f9d3ec565ec,relation/unit/bab-4-teorema-sylow/covers/surface/unit-029/protected-math-zone/016-inline,urn:uuid:f0b159eb-df48-5390-aa3f-6559397278e7,covers,urn:uuid:abdc2646-b14e-539c-9ea3-a4021ce44488,
urn:uuid:3bb81a68-49aa-59fe-aa67-559ed7c0663c,relation/unit/bab-4-teorema-sylow/covers/surface/unit-029/protected-math-zone/017-inline,urn:uuid:f0b159eb-df48-5390-aa3f-6559397278e7,covers,urn:uuid:ce3b6f82-13cb-5533-ae03-0541eb0d626a,
urn:uuid:cbb761d8-04e4-5c30-a1bd-e57a15b21a5f,relation/unit/bab-4-teorema-sylow/covers/surface/unit-029/protected-math-zone/018-display-bracket,urn:uuid:f0b159eb-df48-5390-aa3f-6559397278e7,covers,urn:uuid:63e995ab-ff10-586b-9b04-d5f1d3d3daef,
urn:uuid:7947e55a-1be5-511c-bfa1-4abcc6274537,relation/unit/bab-4-teorema-sylow/covers/surface/unit-029/protected-math-zone/019-inline,urn:uuid:f0b159eb-df48-5390-aa3f-6559397278e7,covers,urn:uuid:1a9af3a4-3c7f-5237-97f1-206a42d096c3,
urn:uuid:2b338233-6749-526e-8575-ec96b1b1861e,relation/unit/bab-4-teorema-sylow/covers/surface/unit-029/protected-math-zone/020-inline,urn:uuid:f0b159eb-df48-5390-aa3f-6559397278e7,covers,urn:uuid:01c5c6f7-5b0d-5787-90c1-328f146c41be,
urn:uuid:99457c86-2d9e-57af-8751-588c156ee3fc,relation/unit/bab-4-teorema-sylow/covers/surface/unit-029/protected-math-zone/021-inline,urn:uuid:f0b159eb-df48-5390-aa3f-6559397278e7,covers,urn:uuid:d8765b92-8afb-5cb4-9fd7-212614e2ff45,
urn:uuid:43e26d94-ff45-58e5-a1ce-f0976a811a7f,relation/unit/bab-4-teorema-sylow/covers/surface/unit-029/protected-math-zone/022-inline,urn:uuid:f0b159eb-df48-5390-aa3f-6559397278e7,covers,urn:uuid:6455db87-a59a-5e91-bcfb-381d24f41972,
urn:uuid:c5d38ad4-33bd-5577-9cfc-e445a0ed12cb,relation/unit/bab-4-teorema-sylow/covers/surface/unit-029/protected-math-zone/023-display-bracket,urn:uuid:f0b159eb-df48-5390-aa3f-6559397278e7,covers,urn:uuid:5c7ad455-f0c6-59e9-be2e-1f1158f8bfb8,
urn:uuid:a5bc1d84-a92c-562e-bcfe-193f8130a36d,relation/unit/bab-4-teorema-sylow/covers/surface/unit-029/protected-math-zone/024-inline,urn:uuid:f0b159eb-df48-5390-aa3f-6559397278e7,covers,urn:uuid:9d341dde-c242-52dc-b1ee-3f375acec080,
urn:uuid:2a412cd1-ee0e-5b81-8f80-afdb3d90a312,relation/unit/bab-4-teorema-sylow/covers/surface/unit-029/protected-math-zone/025-inline,urn:uuid:f0b159eb-df48-5390-aa3f-6559397278e7,covers,urn:uuid:e8d117ef-fcc4-5a86-8714-9e50fd1dbcc6,
urn:uuid:2ba03075-0390-56d3-9d2f-ea6dab9881cc,relation/unit/bab-4-teorema-sylow/covers/surface/unit-029/protected-math-zone/026-inline,urn:uuid:f0b159eb-df48-5390-aa3f-6559397278e7,covers,urn:uuid:35c6c972-4864-5eb0-8260-59fca51770ee,
urn:uuid:806f763d-c870-5a6a-9604-5e69193b231b,relation/unit/bab-4-teorema-sylow/covers/surface/unit-029/protected-math-zone/027-inline,urn:uuid:f0b159eb-df48-5390-aa3f-6559397278e7,covers,urn:uuid:20c68f6d-8eb9-5550-8986-f80c2df006c6,
urn:uuid:55a149f1-5ddc-5789-ba93-bb94aa4f7fa3,relation/unit/bab-4-teorema-sylow/covers/surface/unit-029/protected-math-zone/028-inline,urn:uuid:f0b159eb-df48-5390-aa3f-6559397278e7,covers,urn:uuid:0edac4b8-8df6-5244-9992-3c18b2fff628,
urn:uuid:5a8d4602-88b5-5cc9-818f-2719ee9d0834,relation/unit/bab-4-teorema-sylow/covers/surface/unit-029/protected-math-zone/029-inline,urn:uuid:f0b159eb-df48-5390-aa3f-6559397278e7,covers,urn:uuid:24ddb610-f1c3-583f-a3b7-5ce43fb0015a,
urn:uuid:5c7ba140-f684-501c-b0dd-757c3875dbd7,relation/unit/bab-4-teorema-sylow/covers/surface/unit-029/protected-math-zone/030-inline,urn:uuid:f0b159eb-df48-5390-aa3f-6559397278e7,covers,urn:uuid:e69097cb-cb1e-57f5-b2d8-6bb526e6fe82,
urn:uuid:9dddc7e0-adb2-534a-9e91-fc1068dfbe01,relation/unit/bab-4-teorema-sylow/covers/surface/unit-029/protected-math-zone/031-inline,urn:uuid:f0b159eb-df48-5390-aa3f-6559397278e7,covers,urn:uuid:3641f9c3-2a3d-55d0-817e-b2bc55c7eb14,
urn:uuid:6f274946-e03f-506d-963d-e40d118ef930,relation/unit/bab-4-teorema-sylow/covers/surface/unit-029/protected-math-zone/032-inline,urn:uuid:f0b159eb-df48-5390-aa3f-6559397278e7,covers,urn:uuid:743bfebd-ed5a-54b7-8148-69ad84e9c4c1,
urn:uuid:3d7f900c-0778-5e3f-8a6f-e6d0d62bb9ea,relation/unit/bab-4-teorema-sylow/covers/surface/unit-029/protected-math-zone/033-inline,urn:uuid:f0b159eb-df48-5390-aa3f-6559397278e7,covers,urn:uuid:e4ec5714-21b1-5277-9337-17dee3a8fe22,
urn:uuid:cde5669b-9266-5470-9317-6d3182caf596,relation/unit/bab-4-teorema-sylow/covers/surface/unit-029/protected-math-zone/034-inline,urn:uuid:f0b159eb-df48-5390-aa3f-6559397278e7,covers,urn:uuid:3d21fb5a-5ce2-5516-a647-4ab8cfda3a90,
urn:uuid:243072b0-968f-5bfc-820b-ea53c57946ce,relation/unit/bab-4-teorema-sylow/covers/surface/unit-029/protected-math-zone/035-inline,urn:uuid:f0b159eb-df48-5390-aa3f-6559397278e7,covers,urn:uuid:c0903825-9dd1-5f3f-b0d2-e33395e958c1,
urn:uuid:eb335362-904e-50de-a550-73b217496958,relation/unit/bab-4-teorema-sylow/covers/surface/unit-029/protected-math-zone/036-inline,urn:uuid:f0b159eb-df48-5390-aa3f-6559397278e7,covers,urn:uuid:bb6caf79-d162-521c-a22c-6b5b12bbcc8b,
urn:uuid:7f8248d8-255d-54e4-b747-2f512bff3108,relation/unit/bab-4-teorema-sylow/covers/surface/unit-029/protected-math-zone/037-inline,urn:uuid:f0b159eb-df48-5390-aa3f-6559397278e7,covers,urn:uuid:1dc812f0-be28-5016-95bf-11b9c7dec4b6,
urn:uuid:88c1a414-11a7-5109-958a-68e633879eb8,relation/unit/bab-4-teorema-sylow/covers/surface/unit-029/protected-math-zone/038-inline,urn:uuid:f0b159eb-df48-5390-aa3f-6559397278e7,covers,urn:uuid:ae20eb29-d9e7-53bb-9ae0-7750c8b4c386,
urn:uuid:9edd039d-0b6c-5697-9c58-a96121a544be,relation/unit/bab-4-teorema-sylow/covers/surface/unit-029/protected-math-zone/039-inline,urn:uuid:f0b159eb-df48-5390-aa3f-6559397278e7,covers,urn:uuid:ddaa03c3-5cbf-5599-87ee-6b24a28b8e0b,
urn:uuid:eed901f4-b521-58cf-851d-fe318a262d3e,relation/unit/bab-4-teorema-sylow/covers/surface/unit-029/protected-math-zone/040-display-bracket,urn:uuid:f0b159eb-df48-5390-aa3f-6559397278e7,covers,urn:uuid:60ecb4d1-a756-50fa-b239-3c44fa7eee55,
urn:uuid:13f054a2-0de6-5d48-8983-153bdef36bf1,relation/unit/bab-4-teorema-sylow/covers/surface/unit-029/protected-math-zone/041-inline,urn:uuid:f0b159eb-df48-5390-aa3f-6559397278e7,covers,urn:uuid:1542d2f5-8032-5392-8ab3-c5abe32e9d9d,
urn:uuid:e9467de9-e71d-5ecb-9888-c0d3334440fc,relation/unit/bab-4-teorema-sylow/covers/surface/unit-029/protected-math-zone/042-inline,urn:uuid:f0b159eb-df48-5390-aa3f-6559397278e7,covers,urn:uuid:61a5f95d-1e17-547d-a4e9-4b079c418a52,
urn:uuid:b6fc7f2c-bac5-5d1c-93a1-af6e3139c3d6,relation/unit/bab-4-teorema-sylow/covers/surface/unit-029/protected-math-zone/043-inline,urn:uuid:f0b159eb-df48-5390-aa3f-6559397278e7,covers,urn:uuid:15a1b9f6-05f6-5c46-8007-4bfd51c3e294,
urn:uuid:7528437c-75a3-5e47-a4e5-c7ab4dc73c60,relation/unit/bab-4-teorema-sylow/covers/surface/unit-029/protected-math-zone/044-inline,urn:uuid:f0b159eb-df48-5390-aa3f-6559397278e7,covers,urn:uuid:7022cbb6-b554-53b3-bb41-76a61315ed14,
urn:uuid:26811cdc-1f28-587b-8dd6-ec4c26cf11ba,relation/unit/bab-4-teorema-sylow/covers/surface/unit-029/protected-math-zone/045-inline,urn:uuid:f0b159eb-df48-5390-aa3f-6559397278e7,covers,urn:uuid:e964f5cd-0c85-5678-b6b2-5dfb7fa03ec1,
urn:uuid:eca291c5-8bd7-5aad-9756-52c97c7065a8,relation/unit/bab-4-teorema-sylow/covers/surface/unit-029/protected-math-zone/046-inline,urn:uuid:f0b159eb-df48-5390-aa3f-6559397278e7,covers,urn:uuid:4d3c647c-81a9-544c-b4ab-0ea1633db7ab,
urn:uuid:79e18a20-46cb-5573-85ce-b42c628965ec,relation/unit/bab-4-teorema-sylow/covers/surface/unit-029/protected-math-zone/047-inline,urn:uuid:f0b159eb-df48-5390-aa3f-6559397278e7,covers,urn:uuid:5ec8ec42-2840-5d74-b2d1-f6b2b50950ff,
urn:uuid:ca715f00-2d48-50f4-9b96-4904667d51c2,relation/unit/bab-4-teorema-sylow/covers/surface/unit-029/protected-math-zone/048-inline,urn:uuid:f0b159eb-df48-5390-aa3f-6559397278e7,covers,urn:uuid:8fa843b5-4bd3-5b55-a289-7e207b3d4bad,
urn:uuid:7f4dbf07-3c9e-5e66-a1d2-92c1ca13ca17,relation/unit/bab-4-teorema-sylow/covers/surface/unit-029/protected-math-zone/049-inline,urn:uuid:f0b159eb-df48-5390-aa3f-6559397278e7,covers,urn:uuid:2f2bbeac-22ed-581a-b349-f7ae71d7031c,
urn:uuid:c9285bb7-ce8f-53d6-af62-107a869ce40b,relation/unit/bab-4-teorema-sylow/covers/surface/unit-029/protected-math-zone/050-display-bracket,urn:uuid:f0b159eb-df48-5390-aa3f-6559397278e7,covers,urn:uuid:a27927dd-04b3-52ac-bccb-6d821719f102,
urn:uuid:9b5d3b46-2659-5830-82de-3679fcbf8099,relation/unit/bab-4-teorema-sylow/covers/surface/unit-029/protected-math-zone/051-inline,urn:uuid:f0b159eb-df48-5390-aa3f-6559397278e7,covers,urn:uuid:0fc98014-24f3-58d2-9495-f10a372b3fed,
urn:uuid:faab2231-c383-5e41-aae2-59d569ca8427,relation/unit/bab-4-teorema-sylow/covers/surface/unit-029/protected-math-zone/052-inline,urn:uuid:f0b159eb-df48-5390-aa3f-6559397278e7,covers,urn:uuid:1aa26429-8266-58c8-8e68-ba3a7f440896,
urn:uuid:124f69ea-d4be-57ea-8320-999fe0c45a94,relation/unit/bab-4-teorema-sylow/covers/surface/unit-029/protected-math-zone/053-inline,urn:uuid:f0b159eb-df48-5390-aa3f-6559397278e7,covers,urn:uuid:d3cb2ce8-269c-56fa-b5fa-549f325ebe3d,
urn:uuid:b570d0da-361a-502d-9e98-a9989ceac669,relation/unit/bab-4-teorema-sylow/covers/surface/unit-029/protected-math-zone/054-inline,urn:uuid:f0b159eb-df48-5390-aa3f-6559397278e7,covers,urn:uuid:41f4679c-b08e-527c-b3fa-8aa9e4da2a6c,
urn:uuid:6b74ca3a-66b5-5bae-ac72-cb2a2bfad96d,relation/unit/bab-4-teorema-sylow/covers/surface/unit-029/protected-math-zone/055-inline,urn:uuid:f0b159eb-df48-5390-aa3f-6559397278e7,covers,urn:uuid:58dd3ce5-23c9-5d95-a29a-ec061d81e82b,
urn:uuid:24f60593-6e34-567a-ab0a-0313f0e175eb,relation/unit/bab-4-teorema-sylow/covers/surface/unit-029/protected-math-zone/056-display-bracket,urn:uuid:f0b159eb-df48-5390-aa3f-6559397278e7,covers,urn:uuid:87ea0bb9-2400-5481-8dcc-982eead92477,
urn:uuid:11caca39-cdb3-5e96-84cb-ec242680f428,relation/unit/bab-4-teorema-sylow/covers/surface/unit-029/protected-math-zone/057-inline,urn:uuid:f0b159eb-df48-5390-aa3f-6559397278e7,covers,urn:uuid:db8bd00d-fdf1-5e09-a57d-f0bca219ae0c,
urn:uuid:4c34bc52-fa78-5639-a518-3cc9192dcd10,relation/unit/bab-4-teorema-sylow/covers/surface/unit-029/protected-math-zone/058-inline,urn:uuid:f0b159eb-df48-5390-aa3f-6559397278e7,covers,urn:uuid:63c641e2-962b-51a7-8116-dda9aea61723,
urn:uuid:6799933e-4180-55c5-9c3a-86bfcc5f24ba,relation/unit/bab-4-teorema-sylow/covers/surface/unit-029/protected-math-zone/059-inline,urn:uuid:f0b159eb-df48-5390-aa3f-6559397278e7,covers,urn:uuid:5f08c76a-a794-5d50-aed0-8dd42e57182e,
urn:uuid:81c524b2-0a6b-5efb-b436-990c1570c642,relation/unit/bab-4-teorema-sylow/covers/surface/unit-029/protected-math-zone/060-inline,urn:uuid:f0b159eb-df48-5390-aa3f-6559397278e7,covers,urn:uuid:2d9c85b2-5d5a-5153-be8f-a596ff5c10f9,
urn:uuid:e6318e3c-4e3c-5d23-afc7-f49afbf88bbc,relation/unit/bab-4-teorema-sylow/covers/surface/unit-029/protected-math-zone/061-inline,urn:uuid:f0b159eb-df48-5390-aa3f-6559397278e7,covers,urn:uuid:795e3541-848b-5d0b-bc6b-de6bed296163,
urn:uuid:e8d04314-dccb-5ba3-98ff-d701f56c5b1f,relation/unit/bab-4-teorema-sylow/covers/surface/unit-029/protected-math-zone/062-inline,urn:uuid:f0b159eb-df48-5390-aa3f-6559397278e7,covers,urn:uuid:30a12e7f-25c6-524f-9b71-afd17ccaceec,
urn:uuid:e1ba0b74-9d52-5bbb-9b34-ff0ce193a8b0,relation/unit/bab-4-teorema-sylow/covers/surface/unit-029/protected-math-zone/063-inline,urn:uuid:f0b159eb-df48-5390-aa3f-6559397278e7,covers,urn:uuid:fe3ad0db-cf28-52cf-946f-369f4d539ceb,
urn:uuid:8350386f-4a7d-584b-8166-1213b4122b6b,relation/unit/bab-4-teorema-sylow/covers/surface/unit-029/protected-math-zone/064-inline,urn:uuid:f0b159eb-df48-5390-aa3f-6559397278e7,covers,urn:uuid:c794fd6c-44b6-5bf6-9f30-62e340a2db47,
urn:uuid:fdf537d3-a1db-5057-9b25-53fffeb9a023,relation/unit/bab-4-teorema-sylow/covers/surface/unit-029/protected-math-zone/065-inline,urn:uuid:f0b159eb-df48-5390-aa3f-6559397278e7,covers,urn:uuid:5f7e1cfa-36d3-5e95-85e4-c392d40c874b,
urn:uuid:3b9ead65-ecbd-5d8c-84fb-cb3676ee2426,relation/unit/bab-4-teorema-sylow/covers/surface/unit-029/protected-math-zone/066-inline,urn:uuid:f0b159eb-df48-5390-aa3f-6559397278e7,covers,urn:uuid:886fa5c7-1889-5267-95ba-8548b6117c5f,
urn:uuid:b027af7f-c94d-521d-83f1-b9fb3dc1f3ba,relation/unit/bab-4-teorema-sylow/covers/surface/unit-029/protected-math-zone/067-inline,urn:uuid:f0b159eb-df48-5390-aa3f-6559397278e7,covers,urn:uuid:b1d6c82a-341d-53c6-b340-60ee47669832,
urn:uuid:56a9a1dc-7514-5151-a9f3-44b9a8f156fa,relation/unit/bab-4-teorema-sylow/covers/surface/unit-029/protected-math-zone/068-inline,urn:uuid:f0b159eb-df48-5390-aa3f-6559397278e7,covers,urn:uuid:bd6c75a5-8c99-532d-b239-67f028d1a9a0,
urn:uuid:2d795140-3d1b-5afc-a264-c29c4de5b99a,relation/unit/bab-4-teorema-sylow/covers/surface/unit-029/protected-math-zone/069-display-bracket,urn:uuid:f0b159eb-df48-5390-aa3f-6559397278e7,covers,urn:uuid:4ed414bd-8613-56c5-831c-024fb7f4a8e8,
urn:uuid:5a682a40-6955-5fcd-ac9d-abc6339d21c1,relation/unit/bab-4-teorema-sylow/covers/surface/unit-029/protected-math-zone/070-display-bracket,urn:uuid:f0b159eb-df48-5390-aa3f-6559397278e7,covers,urn:uuid:bfbccbc2-799c-5759-ac97-fe2ae8df165e,
urn:uuid:2722371d-f755-56d0-a2f7-52b4e23b77d2,relation/unit/bab-4-teorema-sylow/covers/surface/unit-029/protected-math-zone/071-inline,urn:uuid:f0b159eb-df48-5390-aa3f-6559397278e7,covers,urn:uuid:2314313f-2bf1-5cda-a2bb-92f36374baf6,
urn:uuid:9fe4867a-78dd-5a60-9de6-c6d092e18ca6,relation/unit/bab-4-teorema-sylow/covers/surface/unit-029/protected-math-zone/072-inline,urn:uuid:f0b159eb-df48-5390-aa3f-6559397278e7,covers,urn:uuid:14ce531e-0425-5c56-afa4-ec459600e434,
urn:uuid:c98d56f4-5f00-5e50-9244-8ccfb819727d,relation/unit/bab-4-teorema-sylow/covers/surface/unit-029/protected-math-zone/073-inline,urn:uuid:f0b159eb-df48-5390-aa3f-6559397278e7,covers,urn:uuid:d654bec6-2d33-597a-9dea-29b77f170a11,
urn:uuid:a482f9ec-6823-5a49-b795-f26624199cf8,relation/unit/bab-4-teorema-sylow/covers/surface/unit-029/protected-math-zone/074-inline,urn:uuid:f0b159eb-df48-5390-aa3f-6559397278e7,covers,urn:uuid:b46c9ae6-450a-5ae5-b855-2b6993c8d1a6,
urn:uuid:848805dd-739a-5dd4-90f2-9a1ed0443247,relation/unit/bab-4-teorema-sylow/covers/surface/unit-029/protected-math-zone/075-inline,urn:uuid:f0b159eb-df48-5390-aa3f-6559397278e7,covers,urn:uuid:d7e9c78f-8c51-581f-98ef-be3bec1b1260,
urn:uuid:ea2cfb87-58ab-59d2-b3f5-6924b852a6d2,relation/unit/bab-4-teorema-sylow/covers/surface/unit-029/protected-math-zone/076-inline,urn:uuid:f0b159eb-df48-5390-aa3f-6559397278e7,covers,urn:uuid:9acfed02-5c24-52eb-8e45-80469f638a0e,
urn:uuid:d4ae3982-28a5-583f-ba8e-f03f89461342,relation/unit/bab-4-teorema-sylow/covers/surface/unit-029/protected-math-zone/077-inline,urn:uuid:f0b159eb-df48-5390-aa3f-6559397278e7,covers,urn:uuid:1960698a-89e0-55fd-95a9-a1002efc79a7,
urn:uuid:85c46701-eee4-500f-8c4e-67c8ce48af8a,relation/unit/bab-4-teorema-sylow/covers/surface/unit-029/protected-math-zone/078-inline,urn:uuid:f0b159eb-df48-5390-aa3f-6559397278e7,covers,urn:uuid:0e88191e-9568-5ae3-a053-bb967fca6659,
urn:uuid:bf3271a1-d897-512c-b789-d23e25e0fcd3,relation/unit/bab-4-teorema-sylow/covers/surface/unit-029/protected-math-zone/079-inline,urn:uuid:f0b159eb-df48-5390-aa3f-6559397278e7,covers,urn:uuid:ee48a58a-9e9a-5931-aac5-598637344660,
urn:uuid:e64780fe-8574-58a6-aa07-72fdfda17e22,relation/unit/bab-4-teorema-sylow/covers/surface/unit-029/protected-math-zone/080-inline,urn:uuid:f0b159eb-df48-5390-aa3f-6559397278e7,covers,urn:uuid:833af82b-1fde-55ff-bbe3-88a0ecc0888c,
urn:uuid:588bcf5e-f75d-50fa-8096-6f2748f2083a,relation/unit/bab-4-teorema-sylow/covers/surface/unit-029/protected-math-zone/081-inline,urn:uuid:f0b159eb-df48-5390-aa3f-6559397278e7,covers,urn:uuid:9800763a-93c0-59ee-9a81-38898bcb5c4e,
urn:uuid:b338f57a-bf2c-58ac-9863-289566ed918d,relation/unit/bab-4-teorema-sylow/covers/surface/unit-029/protected-math-zone/082-inline,urn:uuid:f0b159eb-df48-5390-aa3f-6559397278e7,covers,urn:uuid:9169cf6c-7ce3-518b-b458-0498ecb0ab4c,
urn:uuid:c6e98d57-a407-5b03-a277-4910d483936e,relation/unit/bab-4-teorema-sylow/covers/surface/unit-029/protected-math-zone/083-inline,urn:uuid:f0b159eb-df48-5390-aa3f-6559397278e7,covers,urn:uuid:7a8048f2-eb60-53bb-b4f1-e57150960b6c,
urn:uuid:9ef3919b-b8ce-5724-8fcf-c425ffad6ed8,relation/unit/bab-4-teorema-sylow/covers/surface/unit-029/protected-math-zone/084-inline,urn:uuid:f0b159eb-df48-5390-aa3f-6559397278e7,covers,urn:uuid:a35addb2-79d9-5848-b5a5-a05c50ea8022,
urn:uuid:dcbb603a-e70b-53d4-b64c-4e86ddf329e3,relation/unit/bab-4-teorema-sylow/covers/surface/unit-029/protected-math-zone/085-inline,urn:uuid:f0b159eb-df48-5390-aa3f-6559397278e7,covers,urn:uuid:d41f05ef-0e43-5101-9433-83429bc8df10,
urn:uuid:56029d5a-43bc-54df-83ce-be657e71cf6f,relation/unit/bab-4-teorema-sylow/covers/surface/unit-029/protected-math-zone/086-inline,urn:uuid:f0b159eb-df48-5390-aa3f-6559397278e7,covers,urn:uuid:0681ba16-003f-5e1d-b549-6fb9081b8dd3,
urn:uuid:c82bfaa6-a8a9-5e77-b491-f4d20f043996,relation/unit/bab-4-teorema-sylow/covers/surface/unit-029/protected-math-zone/087-inline,urn:uuid:f0b159eb-df48-5390-aa3f-6559397278e7,covers,urn:uuid:2f41eecd-9981-585d-b5ad-90834a389580,
urn:uuid:8f1a0b73-e659-5857-aed4-7bb1a012b5a9,relation/unit/bab-4-teorema-sylow/covers/surface/unit-029/protected-math-zone/088-inline,urn:uuid:f0b159eb-df48-5390-aa3f-6559397278e7,covers,urn:uuid:033a0c06-0c2f-5e51-85db-10bc1f071f40,
urn:uuid:4c1162b1-7243-5f81-b1d4-44903393701b,relation/unit/bab-4-teorema-sylow/covers/surface/unit-029/protected-math-zone/089-inline,urn:uuid:f0b159eb-df48-5390-aa3f-6559397278e7,covers,urn:uuid:6cb8eaf1-4e81-5663-ad56-c0fc16c56207,
urn:uuid:38d9b5f6-1d0f-557f-8079-eea1769c2928,relation/unit/bab-4-teorema-sylow/covers/surface/unit-029/protected-math-zone/090-inline,urn:uuid:f0b159eb-df48-5390-aa3f-6559397278e7,covers,urn:uuid:164bbfc8-2c7b-5587-bc3b-4981912cf488,
urn:uuid:8e771cd8-aaeb-54f0-acac-f561581fcaf8,relation/unit/bab-4-teorema-sylow/covers/surface/unit-029/protected-math-zone/091-inline,urn:uuid:f0b159eb-df48-5390-aa3f-6559397278e7,covers,urn:uuid:1fda881e-55a8-57a1-81dc-dc8eb475d4a5,
urn:uuid:da805c60-e9f2-52de-9b97-b8baef5f841b,relation/unit/bab-4-teorema-sylow/covers/surface/unit-029/protected-math-zone/092-inline,urn:uuid:f0b159eb-df48-5390-aa3f-6559397278e7,covers,urn:uuid:ee8d53c4-043b-5e01-ba99-b78e2b375f6f,
urn:uuid:bacf41ec-71cd-5667-a6e3-4d26cb103677,relation/unit/bab-4-teorema-sylow/covers/surface/unit-029/protected-math-zone/093-display-bracket,urn:uuid:f0b159eb-df48-5390-aa3f-6559397278e7,covers,urn:uuid:e9940281-e3e9-5ec8-9590-4388540858b7,
urn:uuid:873c9494-96b7-5686-a8ce-96151977d356,relation/unit/bab-4-teorema-sylow/covers/surface/unit-029/protected-math-zone/094-inline,urn:uuid:f0b159eb-df48-5390-aa3f-6559397278e7,covers,urn:uuid:b2421936-3819-5d69-ba03-28fd42272e49,
urn:uuid:e3258f3e-6579-594d-9312-08e8e305d111,relation/unit/bab-4-teorema-sylow/covers/surface/unit-029/protected-math-zone/095-inline,urn:uuid:f0b159eb-df48-5390-aa3f-6559397278e7,covers,urn:uuid:60f5bce1-515e-5830-8f78-3a141019fc39,
urn:uuid:e388018c-329d-500c-a2ce-66b6f7e69d72,relation/unit/bab-4-teorema-sylow/covers/surface/unit-029/protected-math-zone/096-display-bracket,urn:uuid:f0b159eb-df48-5390-aa3f-6559397278e7,covers,urn:uuid:db5ce24d-ba1d-531b-bae9-b45300be15f6,
urn:uuid:79ff9b10-e824-5eef-85d7-fa876a91a70d,relation/unit/bab-4-teorema-sylow/covers/surface/unit-029/protected-math-zone/097-inline,urn:uuid:f0b159eb-df48-5390-aa3f-6559397278e7,covers,urn:uuid:379267e2-e043-5ad8-9f79-7f50bfd9c38d,
urn:uuid:71e89d9e-b8a5-5950-8cd6-57dba60462f3,relation/unit/bab-4-teorema-sylow/covers/surface/unit-029/protected-math-zone/098-inline,urn:uuid:f0b159eb-df48-5390-aa3f-6559397278e7,covers,urn:uuid:8a2e27c3-e206-540f-ad4b-551676b3f4cf,
urn:uuid:388c8b3e-98e5-513b-b851-ad50f3ac16c0,relation/unit/bab-4-teorema-sylow/covers/surface/unit-029/protected-math-zone/099-inline,urn:uuid:f0b159eb-df48-5390-aa3f-6559397278e7,covers,urn:uuid:daabe0ad-d6f8-5487-a3d7-1efd04f5cbcb,
urn:uuid:a4373dcf-d0fd-53bb-9f9e-93568e44091e,relation/unit/bab-4-teorema-sylow/covers/surface/unit-029/protected-math-zone/100-inline,urn:uuid:f0b159eb-df48-5390-aa3f-6559397278e7,covers,urn:uuid:bb39c794-8f6c-5913-98ef-7699eea3b320,
urn:uuid:bc5cac7b-851c-58ab-a5ff-4c7cf3eb4d87,relation/unit/bab-4-teorema-sylow/covers/surface/unit-029/protected-math-zone/101-inline,urn:uuid:f0b159eb-df48-5390-aa3f-6559397278e7,covers,urn:uuid:d47cfc1e-e11b-53c1-9e92-cfc336970c0e,
urn:uuid:da7477c9-4b62-5e4d-a370-cd39b6fc93bd,relation/unit/bab-4-teorema-sylow/covers/surface/unit-029/protected-math-zone/102-inline,urn:uuid:f0b159eb-df48-5390-aa3f-6559397278e7,covers,urn:uuid:e882e6da-86dd-5bc9-87ea-c95cd3378aa6,
urn:uuid:72bdcf1f-4d77-58dd-bffd-9c8315ba4b16,relation/unit/bab-4-teorema-sylow/covers/surface/unit-029/protected-math-zone/103-inline,urn:uuid:f0b159eb-df48-5390-aa3f-6559397278e7,covers,urn:uuid:6e66bdea-5835-5e1e-b300-9733ec5e4ff3,
urn:uuid:d22d461c-6af1-5a6c-a20f-f46dd8e8593c,relation/unit/bab-4-teorema-sylow/covers/surface/unit-029/protected-math-zone/104-inline,urn:uuid:f0b159eb-df48-5390-aa3f-6559397278e7,covers,urn:uuid:7c91a0d8-8d09-5492-90c4-a5ec9265c644,
urn:uuid:fa1936aa-acdc-558b-b1fc-006bf7aa82e1,relation/unit/bab-4-teorema-sylow/covers/surface/unit-029/protected-math-zone/105-inline,urn:uuid:f0b159eb-df48-5390-aa3f-6559397278e7,covers,urn:uuid:842c724b-1d7d-53f1-a260-4bf7a8316235,
urn:uuid:e8eb12f8-d714-5836-ac78-a2ecc32436d0,relation/unit/bab-4-teorema-sylow/covers/surface/unit-029/protected-math-zone/106-inline,urn:uuid:f0b159eb-df48-5390-aa3f-6559397278e7,covers,urn:uuid:749d33f1-0434-5b47-bcf0-41927096518d,
urn:uuid:4de2ee5d-f96c-5c8c-9d33-d72998062675,relation/unit/bab-4-teorema-sylow/covers/surface/unit-029/protected-math-zone/107-display-bracket,urn:uuid:f0b159eb-df48-5390-aa3f-6559397278e7,covers,urn:uuid:4fc70b26-c34c-5252-9e74-cabc84808f7e,
urn:uuid:db0be652-a103-5e97-9581-cb20dc78cfe3,relation/unit/bab-4-teorema-sylow/covers/surface/unit-029/protected-math-zone/108-display-bracket,urn:uuid:f0b159eb-df48-5390-aa3f-6559397278e7,covers,urn:uuid:d60ceb4e-f108-57ed-85fc-fcf65af8d41c,
urn:uuid:3af54558-62ee-5412-bb62-aed45c9767a7,relation/unit/bab-4-teorema-sylow/covers/surface/unit-029/protected-math-zone/109-inline,urn:uuid:f0b159eb-df48-5390-aa3f-6559397278e7,covers,urn:uuid:29ad2c3c-ae9b-5611-b18a-51f29c9106a9,
urn:uuid:b5b4beb8-03b0-5f5e-a862-6b60297f75c2,relation/unit/bab-4-teorema-sylow/covers/surface/unit-029/protected-math-zone/110-inline,urn:uuid:f0b159eb-df48-5390-aa3f-6559397278e7,covers,urn:uuid:3ad63ffc-56c2-590c-a203-7c77c4f6687a,
urn:uuid:2174a37f-f646-5711-9f00-e095f3df87c1,relation/unit/bab-4-teorema-sylow/covers/surface/unit-029/protected-math-zone/111-inline,urn:uuid:f0b159eb-df48-5390-aa3f-6559397278e7,covers,urn:uuid:da6ca011-01c0-5085-b53d-525cc923cd78,
urn:uuid:2ae74ac9-1164-5b00-8b5b-e39ec10b12fc,relation/unit/bab-4-teorema-sylow/covers/surface/unit-029/protected-math-zone/112-inline,urn:uuid:f0b159eb-df48-5390-aa3f-6559397278e7,covers,urn:uuid:f126e89f-b730-5381-8233-4b8c51683d48,
urn:uuid:859b8061-bc2b-5214-be3b-fe73b44a4aa0,relation/unit/bab-4-teorema-sylow/covers/surface/unit-029/protected-math-zone/113-inline,urn:uuid:f0b159eb-df48-5390-aa3f-6559397278e7,covers,urn:uuid:3b5ca680-4877-5fa3-ba84-13e2302d93d1,
urn:uuid:8c5a3621-4274-5e70-8ac2-37763e41734e,relation/unit/bab-4-teorema-sylow/covers/surface/unit-029/protected-math-zone/114-inline,urn:uuid:f0b159eb-df48-5390-aa3f-6559397278e7,covers,urn:uuid:9552303b-3888-5636-bd45-a4da940f629d,
urn:uuid:2ee1fa96-abca-58dc-8769-fcad94de6857,relation/unit/bab-4-teorema-sylow/covers/surface/unit-029/protected-math-zone/115-inline,urn:uuid:f0b159eb-df48-5390-aa3f-6559397278e7,covers,urn:uuid:47a09b23-026e-5350-b98a-6149aff84c2b,
urn:uuid:ffbc3985-5a32-58ca-943b-b7145bb9fd0c,relation/unit/bab-4-teorema-sylow/covers/surface/unit-029/protected-math-zone/116-inline,urn:uuid:f0b159eb-df48-5390-aa3f-6559397278e7,covers,urn:uuid:fb14d7fd-f6ae-5553-a9df-a96870c9b8ff,
urn:uuid:4cc624e3-5807-5220-b924-8e8afd413a29,relation/unit/bab-4-teorema-sylow/covers/surface/unit-029/protected-math-zone/117-inline,urn:uuid:f0b159eb-df48-5390-aa3f-6559397278e7,covers,urn:uuid:55ad8703-0c10-5ca8-a11f-938958b7b7b2,
urn:uuid:e1732a37-e675-53f1-b48b-540ad0660e4b,relation/unit/bab-4-teorema-sylow/covers/surface/unit-029/protected-math-zone/118-inline,urn:uuid:f0b159eb-df48-5390-aa3f-6559397278e7,covers,urn:uuid:0884dd53-b6fb-54d3-8cb5-7be5463aaa60,
urn:uuid:7042aca3-c7a8-5628-921f-52fa108f6f55,relation/unit/bab-4-teorema-sylow/covers/surface/unit-029/protected-math-zone/119-inline,urn:uuid:f0b159eb-df48-5390-aa3f-6559397278e7,covers,urn:uuid:2d8fbcb2-f6bb-58ba-9b71-271e76707993,
urn:uuid:0c9af074-e610-56f4-a91e-2cb7237e93f4,relation/unit/bab-4-teorema-sylow/covers/surface/unit-029/protected-math-zone/120-inline,urn:uuid:f0b159eb-df48-5390-aa3f-6559397278e7,covers,urn:uuid:d5eb8008-f4d3-57f9-8840-6b7b14007c26,
urn:uuid:c8ce4346-66d8-5574-92e4-8ee0d6b6c90d,relation/unit/bab-4-teorema-sylow/covers/surface/unit-029/protected-math-zone/121-inline,urn:uuid:f0b159eb-df48-5390-aa3f-6559397278e7,covers,urn:uuid:6f9b5456-2e56-53d5-8796-2dd71442c4fc,
urn:uuid:834879c9-5a5e-511e-8397-464e16afae08,relation/unit/bab-4-teorema-sylow/covers/surface/unit-029/protected-math-zone/122-inline,urn:uuid:f0b159eb-df48-5390-aa3f-6559397278e7,covers,urn:uuid:2ab0dd9b-b059-527b-a9c4-2c2c0ad3f313,
urn:uuid:7f5da103-b5f9-5fe2-ba79-8636b31d24a4,relation/unit/bab-4-teorema-sylow/covers/surface/unit-029/protected-math-zone/123-inline,urn:uuid:f0b159eb-df48-5390-aa3f-6559397278e7,covers,urn:uuid:46a53b70-4f3d-556a-821b-8b55c4d6f7a4,
urn:uuid:3b228b7a-b7d5-5f63-a938-ac7018e9ddaf,relation/unit/bab-4-teorema-sylow/covers/surface/unit-029/protected-math-zone/124-inline,urn:uuid:f0b159eb-df48-5390-aa3f-6559397278e7,covers,urn:uuid:961d75aa-15a3-56d3-8ab2-b3af5624dbd7,
urn:uuid:534a38c0-28af-5da9-a37f-0934c0e299ea,relation/unit/bab-4-teorema-sylow/covers/surface/unit-029/protected-math-zone/125-inline,urn:uuid:f0b159eb-df48-5390-aa3f-6559397278e7,covers,urn:uuid:5621f54f-1130-5170-bce0-cdbc1312e06b,
urn:uuid:70a09510-f7f4-5b23-9940-18823d57f843,relation/unit/bab-4-teorema-sylow/covers/surface/unit-029/protected-math-zone/126-inline,urn:uuid:f0b159eb-df48-5390-aa3f-6559397278e7,covers,urn:uuid:3712cc33-52a4-5e40-acbc-357b07317348,
urn:uuid:df21cc80-3c65-5c58-b3ae-be437b8b973f,relation/unit/bab-4-teorema-sylow/covers/surface/unit-029/protected-math-zone/127-inline,urn:uuid:f0b159eb-df48-5390-aa3f-6559397278e7,covers,urn:uuid:5c84471e-e374-5eba-a988-3e01a2f7ec0a,
urn:uuid:77239d34-c0f9-5e5e-9289-e290e7203ccc,relation/unit/bab-4-teorema-sylow/covers/surface/unit-029/protected-math-zone/128-inline,urn:uuid:f0b159eb-df48-5390-aa3f-6559397278e7,covers,urn:uuid:1f2890d5-28e7-50f7-9b16-f039eecb7e09,
urn:uuid:eb317b54-f733-5d03-b621-ab9093382e96,relation/unit/bab-4-teorema-sylow/covers/surface/unit-029/protected-math-zone/129-inline,urn:uuid:f0b159eb-df48-5390-aa3f-6559397278e7,covers,urn:uuid:7c85fe36-4799-5756-a6e3-bc4945770cf8,
urn:uuid:0d2c7c6c-1d00-5f3d-a933-403a97055ba3,relation/unit/bab-4-teorema-sylow/covers/surface/unit-029/protected-math-zone/130-inline,urn:uuid:f0b159eb-df48-5390-aa3f-6559397278e7,covers,urn:uuid:17ad2743-03b4-5396-9685-237580528bee,
urn:uuid:353d4053-3352-52fb-bf23-bb1b4a597fab,relation/unit/bab-4-teorema-sylow/covers/surface/unit-029/protected-math-zone/131-inline,urn:uuid:f0b159eb-df48-5390-aa3f-6559397278e7,covers,urn:uuid:14dd13b4-b4c8-5a35-b219-ece4e2d6b146,
urn:uuid:802a4ea0-5090-5c10-8c3e-7baf3d8146d7,relation/unit/bab-4-teorema-sylow/covers/surface/unit-029/protected-math-zone/132-inline,urn:uuid:f0b159eb-df48-5390-aa3f-6559397278e7,covers,urn:uuid:78f5944d-7819-5133-ac16-901ad9fd7133,
urn:uuid:baf89d40-f933-5209-b65b-7106203ad8a7,relation/unit/bab-4-teorema-sylow/covers/surface/unit-029/protected-math-zone/133-inline,urn:uuid:f0b159eb-df48-5390-aa3f-6559397278e7,covers,urn:uuid:4d039e74-0964-5e58-b66d-631a3fe6d9cd,
urn:uuid:493e86b1-b7c4-5a9d-bc57-4399f4abd20b,relation/unit/bab-4-teorema-sylow/covers/surface/unit-029/protected-math-zone/134-inline,urn:uuid:f0b159eb-df48-5390-aa3f-6559397278e7,covers,urn:uuid:ccdd0abf-c77a-53ad-9707-8258d1914e3c,
urn:uuid:3ea75b08-a183-51cb-ad31-b6bfe9dfb174,relation/unit/bab-4-teorema-sylow/covers/surface/unit-029/protected-math-zone/135-inline,urn:uuid:f0b159eb-df48-5390-aa3f-6559397278e7,covers,urn:uuid:145d873c-093a-547f-b12b-00c7e3ce256f,
urn:uuid:53619cc7-62fd-590a-87f7-812e89e0d6d2,relation/unit/bab-4-teorema-sylow/covers/surface/unit-029/protected-math-zone/136-inline,urn:uuid:f0b159eb-df48-5390-aa3f-6559397278e7,covers,urn:uuid:2dc6d01b-bda1-587f-ba68-8ab07bf9a202,
urn:uuid:91f7e6c4-f022-5969-9118-5ddda8d377eb,relation/unit/bab-4-teorema-sylow/covers/surface/unit-029/protected-math-zone/137-inline,urn:uuid:f0b159eb-df48-5390-aa3f-6559397278e7,covers,urn:uuid:d944d353-a71d-583b-bcf5-f074f29db51c,
urn:uuid:66617b75-4412-506b-ba08-bd6f28cce6df,relation/unit/bab-4-teorema-sylow/covers/surface/unit-029/protected-math-zone/138-inline,urn:uuid:f0b159eb-df48-5390-aa3f-6559397278e7,covers,urn:uuid:0fc14f81-896d-5d03-9426-f11a7e68bd4c,
urn:uuid:1a496f4a-5289-5488-a3e4-ea1644d42e0a,relation/unit/bab-4-teorema-sylow/covers/surface/unit-029/protected-math-zone/139-inline,urn:uuid:f0b159eb-df48-5390-aa3f-6559397278e7,covers,urn:uuid:6a19f9b0-9fba-5be4-9c95-260189ccd196,
urn:uuid:ec95847a-5fad-5425-a135-891f42c78314,relation/unit/bab-4-teorema-sylow/covers/surface/unit-029/protected-math-zone/140-inline,urn:uuid:f0b159eb-df48-5390-aa3f-6559397278e7,covers,urn:uuid:0de1e4ea-0758-5a57-88bb-bc478a058556,
urn:uuid:dfc1cda4-2b12-5dae-838a-f6e51cb1df2f,relation/unit/bab-4-teorema-sylow/covers/surface/unit-029/protected-math-zone/141-inline,urn:uuid:f0b159eb-df48-5390-aa3f-6559397278e7,covers,urn:uuid:80202e0c-27fd-533b-b473-52ba9ff1291b,
urn:uuid:da719380-1211-5bd7-9886-543226dba7ca,relation/unit/bab-4-teorema-sylow/covers/surface/unit-029/protected-math-zone/142-inline,urn:uuid:f0b159eb-df48-5390-aa3f-6559397278e7,covers,urn:uuid:4d109dce-c49b-5a40-b60d-a8e6d5fe757d,
urn:uuid:68e2b170-0e87-5659-9a9d-16b5dfb26e74,relation/unit/bab-4-teorema-sylow/covers/surface/unit-029/protected-math-zone/143-inline,urn:uuid:f0b159eb-df48-5390-aa3f-6559397278e7,covers,urn:uuid:b7c04079-750e-5ca9-aee0-78b37b242b9d,
urn:uuid:4b6e249b-b985-5969-a300-9ca1f292c4e5,relation/unit/bab-4-teorema-sylow/covers/surface/unit-029/protected-math-zone/144-inline,urn:uuid:f0b159eb-df48-5390-aa3f-6559397278e7,covers,urn:uuid:db564b52-2081-5a28-afd2-a54bb312e1cd,
urn:uuid:7fc71da1-1d98-576d-acbc-1ca5247df320,relation/unit/bab-4-teorema-sylow/covers/surface/unit-029/protected-math-zone/145-inline,urn:uuid:f0b159eb-df48-5390-aa3f-6559397278e7,covers,urn:uuid:cb3a49a6-95aa-56b4-a20d-2f633473212a,
urn:uuid:73e1752d-276e-5e0d-af68-5a276551d70f,relation/unit/bab-4-teorema-sylow/covers/surface/unit-029/protected-math-zone/146-inline,urn:uuid:f0b159eb-df48-5390-aa3f-6559397278e7,covers,urn:uuid:5daa0ac9-94c1-58cd-9c8c-7747b8a67de9,
urn:uuid:7adb7f2a-254a-521d-8c15-f790c5838acf,relation/unit/bab-4-teorema-sylow/covers/surface/unit-029/protected-math-zone/147-inline,urn:uuid:f0b159eb-df48-5390-aa3f-6559397278e7,covers,urn:uuid:3b1a516d-4ac4-5cc8-87b8-3e883d5d496e,
urn:uuid:731b0112-7d67-5303-8766-e81ca860d315,relation/unit/bab-4-teorema-sylow/covers/surface/unit-029/protected-math-zone/148-inline,urn:uuid:f0b159eb-df48-5390-aa3f-6559397278e7,covers,urn:uuid:b26577d4-4586-5c8d-b36b-4bd65458685f,
urn:uuid:228ca0c2-e866-52e2-9a60-63cb4f9190bc,relation/unit/bab-4-teorema-sylow/covers/surface/unit-029/protected-math-zone/149-inline,urn:uuid:f0b159eb-df48-5390-aa3f-6559397278e7,covers,urn:uuid:6f5cfe08-7186-5871-bbdb-def78d5e0c97,
urn:uuid:472037e5-6f5d-5873-87a1-40e1b2aaeff9,relation/unit/bab-4-teorema-sylow/covers/surface/unit-029/protected-math-zone/150-inline,urn:uuid:f0b159eb-df48-5390-aa3f-6559397278e7,covers,urn:uuid:407c2bdf-d12c-5b9d-9a84-745313cb9b06,
urn:uuid:6c5ebf54-1434-57d5-8039-41a3b5661b41,relation/unit/bab-4-teorema-sylow/covers/surface/unit-029/protected-math-zone/151-inline,urn:uuid:f0b159eb-df48-5390-aa3f-6559397278e7,covers,urn:uuid:d3f19070-b0c2-500b-b1c8-2d4c796426f4,
urn:uuid:89355de0-f41f-5828-840b-9510552b9a9b,relation/unit/bab-4-teorema-sylow/covers/surface/unit-029/protected-math-zone/152-inline,urn:uuid:f0b159eb-df48-5390-aa3f-6559397278e7,covers,urn:uuid:0b1c39f2-8dfb-548b-9303-5c5d7c0ec643,
urn:uuid:d0f5a680-9f7a-5f92-a907-257c916c961c,relation/unit/bab-4-teorema-sylow/covers/surface/unit-029/protected-math-zone/153-inline,urn:uuid:f0b159eb-df48-5390-aa3f-6559397278e7,covers,urn:uuid:ee36673c-5b3b-5136-9eed-862942ae35ab,
urn:uuid:1b1e9902-3431-54fa-81a8-2ef7f6471ee6,relation/unit/bab-4-teorema-sylow/covers/surface/unit-029/protected-math-zone/154-inline,urn:uuid:f0b159eb-df48-5390-aa3f-6559397278e7,covers,urn:uuid:b729065e-4b50-5969-90e3-75d48f97b25d,
urn:uuid:cf1977a3-3531-5c68-b3ac-71495454c0cb,relation/unit/bab-4-teorema-sylow/covers/surface/unit-029/protected-math-zone/155-inline,urn:uuid:f0b159eb-df48-5390-aa3f-6559397278e7,covers,urn:uuid:ab415592-15e6-57ca-933f-e72b7eacbcd1,
urn:uuid:eb082801-c63a-54b0-80a9-cf5d267467cc,relation/unit/bab-4-teorema-sylow/covers/surface/unit-029/protected-math-zone/156-inline,urn:uuid:f0b159eb-df48-5390-aa3f-6559397278e7,covers,urn:uuid:48d07eba-1325-505d-8fe5-d054be581cee,
urn:uuid:34df9e11-1e42-56ac-8012-e4f3c9797970,relation/unit/bab-4-teorema-sylow/covers/surface/unit-029/protected-math-zone/157-display-bracket,urn:uuid:f0b159eb-df48-5390-aa3f-6559397278e7,covers,urn:uuid:7a95e741-3ec5-5ac1-9dfa-0c40a25a15dd,
urn:uuid:0306f34e-05af-58a2-a835-340c2e34a44f,relation/unit/bab-4-teorema-sylow/covers/surface/unit-029/protected-math-zone/158-inline,urn:uuid:f0b159eb-df48-5390-aa3f-6559397278e7,covers,urn:uuid:8ed194c0-ba9f-544b-a9f2-646c5b604ffb,
urn:uuid:a13b4c66-2e6b-5e7a-9b57-4a85db113eab,relation/unit/bab-4-teorema-sylow/covers/surface/unit-029/protected-math-zone/159-inline,urn:uuid:f0b159eb-df48-5390-aa3f-6559397278e7,covers,urn:uuid:461c8c67-79bd-5954-b027-62e1e1d173d3,
urn:uuid:4a2e4531-c57d-5a74-9228-a37c23e52ff4,relation/unit/bab-4-teorema-sylow/covers/surface/unit-029/protected-math-zone/160-inline,urn:uuid:f0b159eb-df48-5390-aa3f-6559397278e7,covers,urn:uuid:92aae3d8-45fe-5fdf-834d-1e6273002319,
urn:uuid:2e1a4748-60f8-5fc1-a107-42ff7d66f82c,relation/unit/bab-4-teorema-sylow/covers/surface/unit-029/protected-math-zone/161-inline,urn:uuid:f0b159eb-df48-5390-aa3f-6559397278e7,covers,urn:uuid:9be26aa7-3e57-5c21-8ced-c227c926fb48,
urn:uuid:e5a5314e-d0d0-5765-a986-1ebac52b36fd,relation/unit/bab-4-teorema-sylow/covers/surface/unit-029/protected-math-zone/162-inline,urn:uuid:f0b159eb-df48-5390-aa3f-6559397278e7,covers,urn:uuid:2e363105-008f-5ffb-8aed-f53ce93adfa4,
urn:uuid:49e41b97-5063-58f6-a15f-ebe84f6471aa,relation/unit/bab-4-teorema-sylow/covers/surface/unit-029/protected-math-zone/163-display-environment,urn:uuid:f0b159eb-df48-5390-aa3f-6559397278e7,covers,urn:uuid:d80cf995-3d6c-55d6-8ace-ef2a94f2071c,
urn:uuid:57e0e8b6-141b-5646-ace1-cc3cdfbcce6d,relation/unit/bab-4-teorema-sylow/covers/surface/unit-029/protected-math-zone/164-inline,urn:uuid:f0b159eb-df48-5390-aa3f-6559397278e7,covers,urn:uuid:b3c887de-c2db-5304-8c64-19ed98764011,
urn:uuid:2b9a19ca-fa0e-5b1f-b12e-e629c86628cd,relation/unit/bab-4-teorema-sylow/covers/surface/unit-029/protected-math-zone/165-inline,urn:uuid:f0b159eb-df48-5390-aa3f-6559397278e7,covers,urn:uuid:11eb4301-1bb9-53ee-b94a-62fdbafde066,
urn:uuid:8717b558-e7dd-5110-879a-7ba20cafb4ac,relation/unit/bab-4-teorema-sylow/covers/surface/unit-029/protected-math-zone/166-inline,urn:uuid:f0b159eb-df48-5390-aa3f-6559397278e7,covers,urn:uuid:f0a77ad7-f2dd-584c-82c9-e1fa6fa931bb,
urn:uuid:96a93413-bd5e-5f3c-b9da-706e698bcff4,relation/unit/bab-4-teorema-sylow/covers/surface/unit-029/protected-math-zone/167-inline,urn:uuid:f0b159eb-df48-5390-aa3f-6559397278e7,covers,urn:uuid:ea660d9b-87ba-5797-9f15-b72d6f0c6411,
urn:uuid:55d2db3e-36b5-5872-9ee0-a95079f575d6,relation/unit/bab-4-teorema-sylow/covers/surface/unit-029/protected-math-zone/168-inline,urn:uuid:f0b159eb-df48-5390-aa3f-6559397278e7,covers,urn:uuid:d997c36b-d78f-540b-92eb-6e81a7dc4c64,
urn:uuid:def1908a-b172-5719-9fed-00f5e32da385,relation/unit/bab-4-teorema-sylow/covers/surface/unit-029/protected-math-zone/169-inline,urn:uuid:f0b159eb-df48-5390-aa3f-6559397278e7,covers,urn:uuid:0a40fb03-47b2-5d10-853d-4182732129a3,
urn:uuid:409a7c01-9d20-5302-be45-7288434616b2,relation/unit/bab-4-teorema-sylow/covers/surface/unit-029/protected-math-zone/170-inline,urn:uuid:f0b159eb-df48-5390-aa3f-6559397278e7,covers,urn:uuid:e021609a-e95b-5cf3-9437-a579b8127a29,
urn:uuid:bc249236-8b88-507d-846e-1408261405ce,relation/unit/bab-4-teorema-sylow/covers/surface/unit-029/protected-math-zone/171-inline,urn:uuid:f0b159eb-df48-5390-aa3f-6559397278e7,covers,urn:uuid:a2bb9bf7-2d4e-5d82-b0c8-9e40e73b117a,
urn:uuid:11a6c6b3-49ee-5142-afe8-d894ea93ee2c,relation/unit/bab-4-teorema-sylow/covers/surface/unit-029/protected-math-zone/172-inline,urn:uuid:f0b159eb-df48-5390-aa3f-6559397278e7,covers,urn:uuid:066a4b15-1133-543d-9470-232fd8f69656,
urn:uuid:1566b47f-59ec-5368-9529-bc4021e7ddfe,relation/unit/bab-4-teorema-sylow/covers/surface/unit-029/protected-math-zone/173-inline,urn:uuid:f0b159eb-df48-5390-aa3f-6559397278e7,covers,urn:uuid:911ffc35-734f-57d4-8496-54868d2f0656,
urn:uuid:d1edeac7-e9a9-5af3-9171-dd34b74235ae,relation/unit/bab-4-teorema-sylow/covers/surface/unit-029/protected-math-zone/174-inline,urn:uuid:f0b159eb-df48-5390-aa3f-6559397278e7,covers,urn:uuid:f1068da8-bf6f-5f79-b4e4-f5f6f0578cb7,
urn:uuid:29779084-1a19-5200-a220-8bf714c9ec18,relation/unit/bab-4-teorema-sylow/covers/surface/unit-029/protected-math-zone/175-inline,urn:uuid:f0b159eb-df48-5390-aa3f-6559397278e7,covers,urn:uuid:49fed0d2-59d5-5889-8695-2329aa0f8412,
urn:uuid:6afc16b9-4527-5af9-98f9-acb621f3e40e,relation/unit/bab-4-teorema-sylow/covers/surface/unit-029/protected-math-zone/176-inline,urn:uuid:f0b159eb-df48-5390-aa3f-6559397278e7,covers,urn:uuid:5ee66a50-49eb-5986-bcc9-64f71a78009a,
urn:uuid:78504878-ca12-5792-9d9e-b576a1ad07e2,relation/unit/bab-4-teorema-sylow/covers/surface/unit-029/protected-math-zone/177-inline,urn:uuid:f0b159eb-df48-5390-aa3f-6559397278e7,covers,urn:uuid:16405d26-ccd3-505f-8ade-acc2e59dd1be,
urn:uuid:0b3ac56d-6a87-5f1b-a882-d2fd2e017714,relation/unit/bab-4-teorema-sylow/covers/surface/unit-029/protected-math-zone/178-inline,urn:uuid:f0b159eb-df48-5390-aa3f-6559397278e7,covers,urn:uuid:b83c52ee-33bd-520d-8e23-51503ebf7044,
urn:uuid:3e641bb6-a154-5234-8a86-ec7f0072656b,relation/unit/bab-4-teorema-sylow/covers/surface/unit-029/protected-math-zone/179-inline,urn:uuid:f0b159eb-df48-5390-aa3f-6559397278e7,covers,urn:uuid:72eddace-afe2-5f7b-9557-20c2cf499e44,
urn:uuid:0e72a448-c20c-501c-83c9-ad88a28bb345,relation/unit/bab-4-teorema-sylow/covers/surface/unit-029/protected-math-zone/180-inline,urn:uuid:f0b159eb-df48-5390-aa3f-6559397278e7,covers,urn:uuid:d0db0c23-b37a-5956-85d0-9a288f6ee8cd,
urn:uuid:55d0f6aa-48bd-5cb8-aad7-17168ae753dc,relation/unit/bab-4-teorema-sylow/covers/surface/unit-029/protected-math-zone/181-inline,urn:uuid:f0b159eb-df48-5390-aa3f-6559397278e7,covers,urn:uuid:acb43dcb-301e-5be7-950a-91f70d7d3328,
urn:uuid:419c0d58-0b4c-5cf7-ace7-067184cf14b8,relation/unit/bab-4-teorema-sylow/covers/surface/unit-029/protected-math-zone/182-inline,urn:uuid:f0b159eb-df48-5390-aa3f-6559397278e7,covers,urn:uuid:c66716a2-1b12-5f45-a04d-2cc346e241b9,
urn:uuid:53cde626-afcb-5646-ae0b-5edd60b34446,relation/unit/bab-4-teorema-sylow/covers/surface/unit-029/protected-math-zone/183-inline,urn:uuid:f0b159eb-df48-5390-aa3f-6559397278e7,covers,urn:uuid:534109fb-50c5-5965-8df1-f378226f102c,
urn:uuid:4f9ded1e-0d63-5eda-b536-374cfb14d23b,relation/unit/bab-4-teorema-sylow/covers/surface/unit-029/protected-math-zone/184-inline,urn:uuid:f0b159eb-df48-5390-aa3f-6559397278e7,covers,urn:uuid:70309080-971a-5d66-a941-3af7aaa43544,
urn:uuid:6cfb2638-2613-5a6c-a249-ca6933eac887,relation/unit/bab-4-teorema-sylow/covers/surface/unit-029/protected-math-zone/185-inline,urn:uuid:f0b159eb-df48-5390-aa3f-6559397278e7,covers,urn:uuid:05d787a8-fb58-50cf-a3dc-79aff3977c45,
urn:uuid:82db03b9-b6af-5f56-aa86-3b185d42f508,relation/unit/bab-4-teorema-sylow/covers/surface/unit-029/protected-math-zone/186-inline,urn:uuid:f0b159eb-df48-5390-aa3f-6559397278e7,covers,urn:uuid:059c3431-8f34-5ff2-af55-789e5278002f,
urn:uuid:680da8dc-ea1d-50b7-b257-b29d9744402c,relation/unit/bab-4-teorema-sylow/covers/surface/unit-029/protected-math-zone/187-inline,urn:uuid:f0b159eb-df48-5390-aa3f-6559397278e7,covers,urn:uuid:f1f7bbef-4bbc-5ee7-80fe-039bf4e7e3ff,
urn:uuid:edf79125-4d34-50c8-8dbf-09369962836e,relation/unit/bab-4-teorema-sylow/covers/surface/unit-029/protected-math-zone/188-inline,urn:uuid:f0b159eb-df48-5390-aa3f-6559397278e7,covers,urn:uuid:be477e41-2ee0-545b-a5d7-8028c819ac94,
urn:uuid:779b6b66-cc94-5640-8706-33bc469c561c,relation/unit/bab-4-teorema-sylow/covers/surface/unit-029/protected-math-zone/189-inline,urn:uuid:f0b159eb-df48-5390-aa3f-6559397278e7,covers,urn:uuid:8523aff5-21b8-583d-b450-3f4d93cadfcb,
urn:uuid:d1a79e55-7f33-5bb0-9fdf-61ed7fc7d637,relation/unit/bab-4-teorema-sylow/covers/surface/unit-029/protected-math-zone/190-inline,urn:uuid:f0b159eb-df48-5390-aa3f-6559397278e7,covers,urn:uuid:1592cda9-31e9-5d59-8dff-26f5325c7286,
urn:uuid:4ad6fed3-6df9-5e57-b702-e2572572f02b,relation/unit/bab-4-teorema-sylow/covers/surface/unit-029/protected-math-zone/191-inline,urn:uuid:f0b159eb-df48-5390-aa3f-6559397278e7,covers,urn:uuid:10259a5b-443a-575d-ae7c-588c2a29fcac,
urn:uuid:8d660623-9040-57e6-8e21-5036b223e917,relation/unit/bab-4-teorema-sylow/covers/surface/unit-029/protected-math-zone/192-inline,urn:uuid:f0b159eb-df48-5390-aa3f-6559397278e7,covers,urn:uuid:171b0e1e-3ea6-5a8e-ac92-5faa186dc6e7,
urn:uuid:75e12deb-0a40-5163-81a3-aa9057f41800,relation/unit/bab-4-teorema-sylow/covers/surface/unit-029/protected-math-zone/193-inline,urn:uuid:f0b159eb-df48-5390-aa3f-6559397278e7,covers,urn:uuid:750729ee-a182-5921-b2aa-64408733707e,
urn:uuid:354fce46-6a02-519a-9361-202f7cc3a047,relation/unit/bab-4-teorema-sylow/covers/surface/unit-029/protected-math-zone/194-inline,urn:uuid:f0b159eb-df48-5390-aa3f-6559397278e7,covers,urn:uuid:8ee156a6-9073-5815-85b3-ed3418de8ab8,
urn:uuid:d8ff0703-f860-5f6a-aa68-e2e2f0e0cfb1,relation/unit/bab-4-teorema-sylow/covers/surface/unit-029/protected-math-zone/195-inline,urn:uuid:f0b159eb-df48-5390-aa3f-6559397278e7,covers,urn:uuid:960415e6-0815-5383-9aa7-362a3977a5d2,
urn:uuid:017ce27c-b555-581d-9935-0da0550bfbdd,relation/unit/bab-4-teorema-sylow/covers/surface/unit-029/protected-math-zone/196-inline,urn:uuid:f0b159eb-df48-5390-aa3f-6559397278e7,covers,urn:uuid:f0823dba-4580-538e-b54b-7aceba876ae4,
urn:uuid:881034f0-5be7-5dfe-9102-a0bdc09378d4,relation/unit/bab-4-teorema-sylow/covers/surface/unit-029/protected-math-zone/197-inline,urn:uuid:f0b159eb-df48-5390-aa3f-6559397278e7,covers,urn:uuid:d96c57ad-827c-5c44-baaa-0354ba85cf80,
urn:uuid:41655b14-9d64-56b3-bc29-bdbfd8b2bb0e,relation/unit/bab-4-teorema-sylow/covers/surface/unit-029/protected-math-zone/198-inline,urn:uuid:f0b159eb-df48-5390-aa3f-6559397278e7,covers,urn:uuid:d72ed0f6-ac68-5a65-aeb0-5602cd1ba3fa,
urn:uuid:5e8b55c6-eca0-51fb-96c2-423ba2a1817e,relation/unit/bab-4-teorema-sylow/covers/surface/unit-029/protected-math-zone/199-inline,urn:uuid:f0b159eb-df48-5390-aa3f-6559397278e7,covers,urn:uuid:17a5f316-b17e-50a3-9ba7-19796451eace,
urn:uuid:524a88b1-de2c-5239-a217-98dd91f77007,relation/unit/bab-4-teorema-sylow/covers/surface/unit-029/protected-math-zone/200-inline,urn:uuid:f0b159eb-df48-5390-aa3f-6559397278e7,covers,urn:uuid:5c77a1fd-bf95-586d-b8df-b0bdb60bd15d,
urn:uuid:21c4a307-3c53-57f5-9177-ad2ff2c0aa40,relation/unit/bab-4-teorema-sylow/covers/surface/unit-029/protected-math-zone/201-inline,urn:uuid:f0b159eb-df48-5390-aa3f-6559397278e7,covers,urn:uuid:a16c3832-19dd-58ab-8664-98e8c3599145,
urn:uuid:00016e2f-a264-56d3-89b4-3eddf3fb24c5,relation/unit/bab-4-teorema-sylow/covers/surface/unit-029/protected-math-zone/202-inline,urn:uuid:f0b159eb-df48-5390-aa3f-6559397278e7,covers,urn:uuid:bde9a41e-6fba-52b9-bae7-5c69b658e850,
urn:uuid:9a1131f0-6c23-58d5-8571-92e832da2e07,relation/unit/bab-4-teorema-sylow/covers/surface/unit-029/protected-math-zone/203-inline,urn:uuid:f0b159eb-df48-5390-aa3f-6559397278e7,covers,urn:uuid:30be2969-54a4-5999-bb13-74b2e5f46d20,
urn:uuid:42e8dbe6-f8d7-58b0-98f3-5dd7968545c2,relation/unit/bab-4-teorema-sylow/covers/surface/unit-029/protected-math-zone/204-inline,urn:uuid:f0b159eb-df48-5390-aa3f-6559397278e7,covers,urn:uuid:f2b5551d-a12d-5522-a14b-fba5dbd7539b,
urn:uuid:9acf5dc0-bd76-5a0c-a586-9f592cd7567b,relation/unit/bab-4-teorema-sylow/covers/surface/unit-029/protected-math-zone/205-inline,urn:uuid:f0b159eb-df48-5390-aa3f-6559397278e7,covers,urn:uuid:dc17b9cd-52fb-5410-bec1-e27c1ab6b202,
urn:uuid:52fd9006-6fdc-55ce-9c1c-a0bca078bcc9,relation/unit/bab-4-teorema-sylow/covers/surface/unit-029/protected-math-zone/206-inline,urn:uuid:f0b159eb-df48-5390-aa3f-6559397278e7,covers,urn:uuid:d92334cc-6e62-5b53-96ac-db7142f31e90,
urn:uuid:30018fbc-0571-5d94-812f-c5a3ad817d89,relation/unit/bab-4-teorema-sylow/covers/surface/unit-029/protected-math-zone/207-inline,urn:uuid:f0b159eb-df48-5390-aa3f-6559397278e7,covers,urn:uuid:92f3ff83-6d86-5346-beeb-4395acb760aa,
urn:uuid:2eab369d-d4f9-52ac-9e85-240a89c1ba01,relation/unit/bab-4-teorema-sylow/covers/surface/unit-029/protected-math-zone/208-inline,urn:uuid:f0b159eb-df48-5390-aa3f-6559397278e7,covers,urn:uuid:291d71a0-3458-5537-9400-dff60cbf2083,
urn:uuid:2174c37b-c5ca-5598-a592-4e761b8cb5c2,relation/unit/bab-4-teorema-sylow/covers/surface/unit-029/protected-math-zone/209-inline,urn:uuid:f0b159eb-df48-5390-aa3f-6559397278e7,covers,urn:uuid:f297acd5-15b6-5e5c-91a7-88044303de18,
urn:uuid:5b7b983e-983c-52aa-a87b-898ddecd981e,relation/unit/bab-4-teorema-sylow/covers/surface/unit-029/protected-math-zone/210-inline,urn:uuid:f0b159eb-df48-5390-aa3f-6559397278e7,covers,urn:uuid:04ecfbe8-6af8-58db-a04c-f3e427a2af18,
urn:uuid:67ab4eaa-dbd2-5105-b831-81d4335c4866,relation/unit/bab-4-teorema-sylow/covers/surface/unit-029/protected-math-zone/211-inline,urn:uuid:f0b159eb-df48-5390-aa3f-6559397278e7,covers,urn:uuid:34eba587-c2f9-55ca-90f4-6f283c4edb4e,
urn:uuid:0dbe6f9e-4b2a-52b8-9de0-11481f5fd93f,relation/unit/bab-4-teorema-sylow/covers/surface/unit-029/reference/ordinary/001,urn:uuid:f0b159eb-df48-5390-aa3f-6559397278e7,covers,urn:uuid:db7d0b2f-fe92-5792-834b-a22971921e55,
urn:uuid:703a5948-23a0-50cb-b31a-33a14a415c42,relation/unit/bab-4-teorema-sylow/covers/surface/unit-029/reference/ordinary/002,urn:uuid:f0b159eb-df48-5390-aa3f-6559397278e7,covers,urn:uuid:bb2399fc-7e30-5302-a5df-930b5c273d43,
urn:uuid:4c4c9a39-166d-59ae-a055-97b628074be0,relation/unit/bab-4-teorema-sylow/covers/surface/unit-029/reference/ordinary/003,urn:uuid:f0b159eb-df48-5390-aa3f-6559397278e7,covers,urn:uuid:9766bcd5-14c1-5169-b3d8-1bb0daec04fa,
urn:uuid:003fd824-fe2d-5929-befd-a2ce5672199d,relation/unit/bab-4-teorema-sylow/covers/surface/unit-029/reference/ordinary/004,urn:uuid:f0b159eb-df48-5390-aa3f-6559397278e7,covers,urn:uuid:ed3abf38-2da3-5962-9033-c06d3633aa66,
urn:uuid:5be80462-a1d6-5311-9ce3-f115f1d6c9ec,relation/unit/bab-4-teorema-sylow/covers/surface/unit-029/reference/ordinary/005,urn:uuid:f0b159eb-df48-5390-aa3f-6559397278e7,covers,urn:uuid:c9048bdd-cc62-5cdd-bbea-6a33b87b0a37,
urn:uuid:a4a4233f-fe01-5a6c-842e-9a3b1e8afdd0,relation/unit/bab-4-teorema-sylow/covers/surface/unit-029/reference/ordinary/006,urn:uuid:f0b159eb-df48-5390-aa3f-6559397278e7,covers,urn:uuid:6743eec7-67a8-555d-a63a-bc9820223425,
urn:uuid:def72bb3-d525-5299-9d97-a2869826e6ae,relation/unit/bab-4-teorema-sylow/covers/surface/unit-029/reference/ordinary/007,urn:uuid:f0b159eb-df48-5390-aa3f-6559397278e7,covers,urn:uuid:3604f844-e82d-5152-b06f-3bcb5649a2e6,
urn:uuid:6efc94b3-d2df-5da3-ad60-7947943b4f2d,relation/unit/bab-4-teorema-sylow/covers/surface/unit-029/reference/ordinary/008,urn:uuid:f0b159eb-df48-5390-aa3f-6559397278e7,covers,urn:uuid:a0eaf318-90a9-58a9-9587-f540292fde88,
urn:uuid:97429844-2425-5fe0-966e-8233c03e3d91,relation/unit/bab-4-teorema-sylow/covers/surface/unit-029/reference/ordinary/009,urn:uuid:f0b159eb-df48-5390-aa3f-6559397278e7,covers,urn:uuid:3002b7e9-675f-55ec-8dab-54f4fe1138f6,
urn:uuid:776a9a23-0555-5007-a16f-350a5dc99af0,relation/unit/bab-4-teorema-sylow/covers/surface/unit-029/reference/ordinary/010,urn:uuid:f0b159eb-df48-5390-aa3f-6559397278e7,covers,urn:uuid:63afeb70-bfc6-5218-a892-7b92997a21fb,
urn:uuid:6ad994f0-3251-59c7-bd2b-9d3c9aaddd2d,relation/unit/bab-4-teorema-sylow/covers/surface/unit-029/reference/ordinary/011,urn:uuid:f0b159eb-df48-5390-aa3f-6559397278e7,covers,urn:uuid:342a39ea-1a16-54d2-986a-f56f692393e0,
urn:uuid:ca22fac2-b858-5214-9b97-54371728cc7f,relation/unit/bab-4-teorema-sylow/covers/surface/unit-029/reference/ordinary/012,urn:uuid:f0b159eb-df48-5390-aa3f-6559397278e7,covers,urn:uuid:47a9def0-e8de-5ce4-89a4-0d39d29a4fb9,
urn:uuid:18dd01cd-3757-5bf9-bad5-e1d2d48601c2,relation/unit/bab-4-teorema-sylow/covers/surface/unit-029/reference/ordinary/013,urn:uuid:f0b159eb-df48-5390-aa3f-6559397278e7,covers,urn:uuid:e2929907-9e2a-5f69-b6d1-7d370a51dc45,
urn:uuid:fd08c864-62cb-5050-85d5-0f9c9f3319d9,relation/unit/bab-4-teorema-sylow/covers/surface/unit-029/reference/ordinary/014,urn:uuid:f0b159eb-df48-5390-aa3f-6559397278e7,covers,urn:uuid:1316856c-d789-507b-908c-14e350009550,
urn:uuid:9ee9bd0e-6385-59cf-a39e-7f7d2ca40c7f,relation/unit/bab-4-teorema-sylow/covers/surface/unit-029/reference/ordinary/015,urn:uuid:f0b159eb-df48-5390-aa3f-6559397278e7,covers,urn:uuid:e760cbed-25ab-55a1-bae7-da357270f138,
urn:uuid:eb192785-a205-5705-b0dd-19808f28fe12,relation/unit/bab-4-teorema-sylow/covers/surface/unit-029/reference/ordinary/016,urn:uuid:f0b159eb-df48-5390-aa3f-6559397278e7,covers,urn:uuid:eca47812-23ad-5d3e-8385-27daddf7d8c0,
urn:uuid:0168399b-d110-52f8-9f2b-b67771ff4931,relation/unit/bab-4-teorema-sylow/covers/surface/unit-029/terminology-row/001,urn:uuid:f0b159eb-df48-5390-aa3f-6559397278e7,covers,urn:uuid:eaa135a1-3e09-5e8a-af15-333aec2c6404,
urn:uuid:d65fd642-d037-5961-9544-eebbb485db08,relation/unit/bab-4-teorema-sylow/covers/surface/unit-029/terminology-row/002,urn:uuid:f0b159eb-df48-5390-aa3f-6559397278e7,covers,urn:uuid:8f2b736e-3bff-5b05-9959-39c625a30ac4,
urn:uuid:0014560d-6e2f-5b65-ae47-8f01c1f61fe4,relation/unit/bab-4-teorema-sylow/covers/surface/unit-029/terminology-row/003,urn:uuid:f0b159eb-df48-5390-aa3f-6559397278e7,covers,urn:uuid:52fbaafe-51e2-523c-8b04-e1061d2f2e91,
urn:uuid:823eccd7-7377-5150-b255-bb702616754e,relation/unit/bab-4-teorema-sylow/covers/surface/unit-029/terminology-row/004,urn:uuid:f0b159eb-df48-5390-aa3f-6559397278e7,covers,urn:uuid:a6e64ad3-81db-58d5-bf71-987aa12c20ee,
urn:uuid:090d51b5-91fd-5e96-9370-5949d8462846,relation/unit/bab-4-teorema-sylow/covers/surface/unit-029/terminology-row/005,urn:uuid:f0b159eb-df48-5390-aa3f-6559397278e7,covers,urn:uuid:d59a287d-7203-5d00-bc9f-7b98dd1ca927,
urn:uuid:bed60f01-2864-5165-b201-0930265a82dc,relation/unit/bab-4-teorema-sylow/governed-by/rights/ajbook-fragment-cc-by-sa-3.0,urn:uuid:f0b159eb-df48-5390-aa3f-6559397278e7,governed-by,urn:uuid:10faf5cd-990f-5850-87b4-26922b062485,
urn:uuid:33278a94-e0d8-56fa-b625-5846af4db78b,relation/unit/bab-4-teorema-sylow/governed-by/rights/noto-fonts-ofl-1.1,urn:uuid:f0b159eb-df48-5390-aa3f-6559397278e7,governed-by,urn:uuid:b9f7a7a7-8e18-507a-b72e-b5de733a7430,
urn:uuid:985f2e47-3962-5462-89d6-c20a490f435f,relation/unit/bab-4-teorema-sylow/governed-by/rights/principal-cc-by-4.0,urn:uuid:f0b159eb-df48-5390-aa3f-6559397278e7,governed-by,urn:uuid:0baf6c47-021d-5310-9475-81519e710250,
urn:uuid:acb78913-e269-50fb-b1d6-2f52d85d807d,relation/unit/bab-4-teorema-sylow/requires/prerequisite/basic-group-theory,urn:uuid:f0b159eb-df48-5390-aa3f-6559397278e7,requires,urn:uuid:3f5dc8e0-0198-5016-b767-ded1b9ec3d13,prelude.tex:49-60
urn:uuid:9d230661-4116-581b-80d8-3b8edf3bcc5b,relation/unit/bab-4-teorema-sylow/requires/prerequisite/basic-mathematical-literacy,urn:uuid:f0b159eb-df48-5390-aa3f-6559397278e7,requires,urn:uuid:8fb6c957-7285-5258-978c-e1369c7e39d7,prelude.tex:49-60
urn:uuid:825097ea-52e2-53a5-978c-560c2e02ae1d,relation/unit/bab-4-teorema-sylow/requires/prerequisite/elementary-number-theory,urn:uuid:f0b159eb-df48-5390-aa3f-6559397278e7,requires,urn:uuid:cae14762-1ca0-5a11-aad9-20c81d540fee,prelude.tex:49-60
urn:uuid:35b4ca90-bb2f-5a82-8578-28741b90e219,relation/unit/bab-4-teorema-sylow/requires/prerequisite/elementary-set-theory,urn:uuid:f0b159eb-df48-5390-aa3f-6559397278e7,requires,urn:uuid:00f7d0ea-1b60-51da-843f-cca760a368e4,prelude.tex:49-60
urn:uuid:e7c9d7ff-4515-570c-9531-0cfc967a3616,relation/unit/bab-4-teorema-sylow/requires/prerequisite/group-actions-orbits-and-stabilizers,urn:uuid:f0b159eb-df48-5390-aa3f-6559397278e7,requires,urn:uuid:1f177bdc-5a38-5076-a2b3-11bea04551e2,prelude.tex:49-60
urn:uuid:ae924802-25df-5f33-8541-bd26191d3940,relation/unit/bab-4-teorema-sylow/requires/prerequisite/group-homomorphisms-kernels-and-quotients,urn:uuid:f0b159eb-df48-5390-aa3f-6559397278e7,requires,urn:uuid:ecd787ee-f056-5200-91e7-f98b3d80d458,prelude.tex:49-60
urn:uuid:4f66b15d-664d-53e9-aec6-d5e12b4865ee,relation/unit/bab-4-teorema-sylow/section/01/cites/citation/unit-029/01-lang02,urn:uuid:ac55ea4f-3c97-50eb-aaf0-c41aeba23c31,cites,urn:uuid:2f88a045-55ca-5c1e-b0fc-3bf2dad96a80,chapter4.tex:743
urn:uuid:09d312f2-c809-548c-b7a5-07608ce6b98c,relation/unit/bab-4-teorema-sylow/section/01/covers/concept/cauchy-theorem-for-finite-groups,urn:uuid:ac55ea4f-3c97-50eb-aaf0-c41aeba23c31,covers,urn:uuid:3cf0a1e3-9e0d-5559-a29d-f1e33450e98e,chapter4.tex:666-795 (line 795 blank boundary omitted from target mapping)
urn:uuid:fcd424b5-8d87-55b4-8740-b44ec685eea8,relation/unit/bab-4-teorema-sylow/section/01/covers/concept/exact-prime-power-divisibility,urn:uuid:ac55ea4f-3c97-50eb-aaf0-c41aeba23c31,covers,urn:uuid:a65e9ab2-7eaa-55ba-bf32-ed33d4363a35,chapter4.tex:666-795 (line 795 blank boundary omitted from target mapping)
urn:uuid:3beb45ce-ec3d-5a7a-aa36-b87e53e10df6,relation/unit/bab-4-teorema-sylow/section/01/covers/concept/first-sylow-theorem,urn:uuid:ac55ea4f-3c97-50eb-aaf0-c41aeba23c31,covers,urn:uuid:9cd8789a-2c9b-5655-8c7b-cf69c80e0dc7,chapter4.tex:666-795 (line 795 blank boundary omitted from target mapping)
urn:uuid:b13abcbc-2f37-5549-845c-136b184e99ea,relation/unit/bab-4-teorema-sylow/section/01/covers/concept/nontrivial-center-of-p-group,urn:uuid:ac55ea4f-3c97-50eb-aaf0-c41aeba23c31,covers,urn:uuid:c5020e6e-9061-5bb8-8dea-98e4fe9f0b41,chapter4.tex:666-795 (line 795 blank boundary omitted from target mapping)
urn:uuid:282522d9-3afb-5814-8d8d-865acd4ccd70,relation/unit/bab-4-teorema-sylow/section/01/covers/concept/normal-sylow-direct-product-characterization,urn:uuid:ac55ea4f-3c97-50eb-aaf0-c41aeba23c31,covers,urn:uuid:3612439c-e2e8-5d00-b715-a5df3c97f220,chapter4.tex:666-795 (line 795 blank boundary omitted from target mapping)
urn:uuid:90e24922-8eb9-572a-91d8-45f9516ac041,relation/unit/bab-4-teorema-sylow/section/01/covers/concept/p-group,urn:uuid:ac55ea4f-3c97-50eb-aaf0-c41aeba23c31,covers,urn:uuid:12693a14-6c72-55b0-b7a1-943123cc88c0,chapter4.tex:666-795 (line 795 blank boundary omitted from target mapping)
urn:uuid:bfe4e94a-6b0d-5791-a3bb-f158a97604c6,relation/unit/bab-4-teorema-sylow/section/01/covers/concept/p-group-orbit-counting-congruence,urn:uuid:ac55ea4f-3c97-50eb-aaf0-c41aeba23c31,covers,urn:uuid:dd847f99-8d99-5044-b96a-5efc09d040e2,chapter4.tex:666-795 (line 795 blank boundary omitted from target mapping)
urn:uuid:6f8e1ed3-1bca-58c5-8fd5-64b9aa2b69ee,relation/unit/bab-4-teorema-sylow/section/01/covers/concept/proper-subgroup-proper-normalizer,urn:uuid:ac55ea4f-3c97-50eb-aaf0-c41aeba23c31,covers,urn:uuid:96c20157-9da5-53e2-a9ac-94233221b1e6,chapter4.tex:666-795 (line 795 blank boundary omitted from target mapping)
urn:uuid:a0ae02a3-47f4-5a96-9e5c-9c5c40476ebe,relation/unit/bab-4-teorema-sylow/section/01/covers/concept/second-sylow-theorem,urn:uuid:ac55ea4f-3c97-50eb-aaf0-c41aeba23c31,covers,urn:uuid:1e6f4fc6-d86f-591e-8a59-073d557df642,chapter4.tex:666-795 (line 795 blank boundary omitted from target mapping)
urn:uuid:47ea5c69-4635-50be-9cb8-6b8d5a72b30b,relation/unit/bab-4-teorema-sylow/section/01/covers/concept/sylow-normalizer-lemma,urn:uuid:ac55ea4f-3c97-50eb-aaf0-c41aeba23c31,covers,urn:uuid:553ff138-6a39-525b-b914-df5184509372,chapter4.tex:666-795 (line 795 blank boundary omitted from target mapping)
urn:uuid:4fa298aa-373e-5bbb-b001-681ed3fd455f,relation/unit/bab-4-teorema-sylow/section/01/covers/concept/sylow-p-subgroup,urn:uuid:ac55ea4f-3c97-50eb-aaf0-c41aeba23c31,covers,urn:uuid:ced08766-30e9-586d-9e8b-7f43e971d16c,chapter4.tex:666-795 (line 795 blank boundary omitted from target mapping)
urn:uuid:c5f77cda-9229-5640-8679-26725dd502b3,relation/unit/bab-4-teorema-sylow/section/01/covers/concept/third-sylow-theorem,urn:uuid:ac55ea4f-3c97-50eb-aaf0-c41aeba23c31,covers,urn:uuid:16bb3df5-0f31-5aa5-83e4-bcbc7baca16e,chapter4.tex:666-795 (line 795 blank boundary omitted from target mapping)
urn:uuid:7e15a932-7567-5a72-9745-d45519f04ffe,relation/unit/bab-4-teorema-sylow/section/01/covers/concept/wielandt-binomial-congruence,urn:uuid:ac55ea4f-3c97-50eb-aaf0-c41aeba23c31,covers,urn:uuid:d48e2474-c40c-5f2f-9c8f-00e67de92c89,chapter4.tex:666-795 (line 795 blank boundary omitted from target mapping)
urn:uuid:163688f0-ebf6-5425-b691-2cef76e2178b,relation/unit/bab-4-teorema-sylow/section/01/covers/protected-text-localization/o013-li-u029-loc-001,urn:uuid:ac55ea4f-3c97-50eb-aaf0-c41aeba23c31,covers,urn:uuid:871636f9-1fb8-53fb-a208-f77f8a3875cc,chapter4.tex:666-795 (line 795 blank boundary omitted from target mapping)
urn:uuid:bc15e490-3590-58a7-a226-8fde7d3a5f15,relation/unit/bab-4-teorema-sylow/section/01/covers/provenance/o013-li-u029-production,urn:uuid:ac55ea4f-3c97-50eb-aaf0-c41aeba23c31,covers,urn:uuid:e7bd22ac-fa59-5dca-a170-f97cc17c3eb5,chapter4.tex:666-795 (line 795 blank boundary omitted from target mapping)
urn:uuid:11c9fdf1-5cff-5f95-afa9-5165f8dea212,relation/unit/bab-4-teorema-sylow/section/01/covers/surface/unit-029/environment/001-definition-01,urn:uuid:ac55ea4f-3c97-50eb-aaf0-c41aeba23c31,covers,urn:uuid:77ad793c-32e7-5e7a-a7a5-d3f976057ef2,chapter4.tex:666-795 (line 795 blank boundary omitted from target mapping)
urn:uuid:b7d66ae5-8027-569d-835c-b4aabfc8f2ea,relation/unit/bab-4-teorema-sylow/section/01/covers/surface/unit-029/environment/002-proposition-01,urn:uuid:ac55ea4f-3c97-50eb-aaf0-c41aeba23c31,covers,urn:uuid:143170f0-681b-51e3-a90b-560a17e0f2c0,chapter4.tex:666-795 (line 795 blank boundary omitted from target mapping)
urn:uuid:46d384a8-97be-5f8f-9470-50e9380ef2f3,relation/unit/bab-4-teorema-sylow/section/01/covers/surface/unit-029/environment/003-proof-01,urn:uuid:ac55ea4f-3c97-50eb-aaf0-c41aeba23c31,covers,urn:uuid:43ce79e3-7e5c-58ef-8be0-42a7b9cb92a1,chapter4.tex:666-795 (line 795 blank boundary omitted from target mapping)
urn:uuid:610fc53b-0059-5215-ba82-fb4367dd2ffe,relation/unit/bab-4-teorema-sylow/section/01/covers/surface/unit-029/environment/004-corollary-01,urn:uuid:ac55ea4f-3c97-50eb-aaf0-c41aeba23c31,covers,urn:uuid:5cf39279-fb0b-55f3-8855-9d6c1a80ccb5,chapter4.tex:666-795 (line 795 blank boundary omitted from target mapping)
urn:uuid:2ef96948-8744-54b5-83e2-46f326c4e44b,relation/unit/bab-4-teorema-sylow/section/01/covers/surface/unit-029/environment/005-proof-02,urn:uuid:ac55ea4f-3c97-50eb-aaf0-c41aeba23c31,covers,urn:uuid:09f62d1b-0075-5776-b286-122c7aa577f3,chapter4.tex:666-795 (line 795 blank boundary omitted from target mapping)
urn:uuid:c836489c-d106-5236-9976-6500668a68b3,relation/unit/bab-4-teorema-sylow/section/01/covers/surface/unit-029/environment/006-corollary-02,urn:uuid:ac55ea4f-3c97-50eb-aaf0-c41aeba23c31,covers,urn:uuid:271bca9b-2904-5c9d-9b79-8724eea9fedc,chapter4.tex:666-795 (line 795 blank boundary omitted from target mapping)
urn:uuid:ca5eca8e-6bb0-5e09-a2ff-960b75f26ca0,relation/unit/bab-4-teorema-sylow/section/01/covers/surface/unit-029/environment/007-proof-03,urn:uuid:ac55ea4f-3c97-50eb-aaf0-c41aeba23c31,covers,urn:uuid:dfc8720a-e8e5-5c14-9ed4-4d8c019c848f,chapter4.tex:666-795 (line 795 blank boundary omitted from target mapping)
urn:uuid:ac658f18-7e62-5052-938d-2631724d5f41,relation/unit/bab-4-teorema-sylow/section/01/covers/surface/unit-029/environment/008-corollary-03,urn:uuid:ac55ea4f-3c97-50eb-aaf0-c41aeba23c31,covers,urn:uuid:1a7f9346-0d94-55a3-813f-f24be6d6dd6b,chapter4.tex:666-795 (line 795 blank boundary omitted from target mapping)
urn:uuid:0515e802-fb20-584c-9e92-4a9d68101e64,relation/unit/bab-4-teorema-sylow/section/01/covers/surface/unit-029/environment/009-proof-04,urn:uuid:ac55ea4f-3c97-50eb-aaf0-c41aeba23c31,covers,urn:uuid:ff35f1fc-7da7-567d-a836-dcb2270f31a2,chapter4.tex:666-795 (line 795 blank boundary omitted from target mapping)
urn:uuid:24edd42d-fcc3-5391-abf5-345447d4a764,relation/unit/bab-4-teorema-sylow/section/01/covers/surface/unit-029/environment/010-convention-01,urn:uuid:ac55ea4f-3c97-50eb-aaf0-c41aeba23c31,covers,urn:uuid:8832e9f3-56f6-53c4-8973-21b87b4f29d9,chapter4.tex:666-795 (line 795 blank boundary omitted from target mapping)
urn:uuid:6a84e226-e6a1-5ce4-be81-dfd8e2e04f28,relation/unit/bab-4-teorema-sylow/section/01/covers/surface/unit-029/environment/011-definition-02,urn:uuid:ac55ea4f-3c97-50eb-aaf0-c41aeba23c31,covers,urn:uuid:b70e3d34-2290-5c73-9abf-4cff05d872dc,chapter4.tex:666-795 (line 795 blank boundary omitted from target mapping)
urn:uuid:ef0ee4ca-bd11-5916-994c-047acbca159e,relation/unit/bab-4-teorema-sylow/section/01/covers/surface/unit-029/environment/012-lemma-01,urn:uuid:ac55ea4f-3c97-50eb-aaf0-c41aeba23c31,covers,urn:uuid:c6188dbe-115a-5366-8c04-51d29d64ba2e,chapter4.tex:666-795 (line 795 blank boundary omitted from target mapping)
urn:uuid:50a1bfa6-854a-5d06-9dad-20a4d39946d7,relation/unit/bab-4-teorema-sylow/section/01/covers/surface/unit-029/environment/013-proof-05,urn:uuid:ac55ea4f-3c97-50eb-aaf0-c41aeba23c31,covers,urn:uuid:48f3d834-f9c9-5b81-a49c-e85821699767,chapter4.tex:666-795 (line 795 blank boundary omitted from target mapping)
urn:uuid:44370274-9fbe-5d30-b4ce-5ca890b99f53,relation/unit/bab-4-teorema-sylow/section/01/covers/surface/unit-029/environment/014-theorem-01,urn:uuid:ac55ea4f-3c97-50eb-aaf0-c41aeba23c31,covers,urn:uuid:66be0020-9a85-503c-ad00-960f6cd33026,chapter4.tex:666-795 (line 795 blank boundary omitted from target mapping)
urn:uuid:8696962f-1cf4-595d-8253-ea2b214b4cb8,relation/unit/bab-4-teorema-sylow/section/01/covers/surface/unit-029/environment/015-proof-06,urn:uuid:ac55ea4f-3c97-50eb-aaf0-c41aeba23c31,covers,urn:uuid:5ac5dfaf-2996-5358-b5b2-dd3a93de3334,chapter4.tex:666-795 (line 795 blank boundary omitted from target mapping)
urn:uuid:08905387-0c4a-5191-a806-bdf15bd5b37c,relation/unit/bab-4-teorema-sylow/section/01/covers/surface/unit-029/environment/016-lemma-02,urn:uuid:ac55ea4f-3c97-50eb-aaf0-c41aeba23c31,covers,urn:uuid:3c5d1575-71db-51b1-a42d-13f7f380b318,chapter4.tex:666-795 (line 795 blank boundary omitted from target mapping)
urn:uuid:51764303-c7b1-5e43-90a6-ab53755a03cd,relation/unit/bab-4-teorema-sylow/section/01/covers/surface/unit-029/environment/017-proof-07,urn:uuid:ac55ea4f-3c97-50eb-aaf0-c41aeba23c31,covers,urn:uuid:4851814e-6843-51ac-a8f3-e3c21091a732,chapter4.tex:666-795 (line 795 blank boundary omitted from target mapping)
urn:uuid:305d3e3c-ec47-5799-9df3-cdb5c204b9fe,relation/unit/bab-4-teorema-sylow/section/01/covers/surface/unit-029/environment/018-theorem-02,urn:uuid:ac55ea4f-3c97-50eb-aaf0-c41aeba23c31,covers,urn:uuid:0bb96ab6-8877-5688-9020-27a87022e08f,chapter4.tex:666-795 (line 795 blank boundary omitted from target mapping)
urn:uuid:1de3ba91-4388-550b-82dd-dced3e80a41d,relation/unit/bab-4-teorema-sylow/section/01/covers/surface/unit-029/environment/019-compactenum-01,urn:uuid:ac55ea4f-3c97-50eb-aaf0-c41aeba23c31,covers,urn:uuid:0e0996cd-f09b-52c2-8c0f-73086075e6d3,chapter4.tex:666-795 (line 795 blank boundary omitted from target mapping)
urn:uuid:5efc77c8-3fe7-5b42-b244-7ee3adbcf887,relation/unit/bab-4-teorema-sylow/section/01/covers/surface/unit-029/environment/020-proof-08,urn:uuid:ac55ea4f-3c97-50eb-aaf0-c41aeba23c31,covers,urn:uuid:901d19ba-d9fd-550a-a8c7-dd09a5e6e5ba,chapter4.tex:666-795 (line 795 blank boundary omitted from target mapping)
urn:uuid:f3a54fc1-5354-58eb-88ca-3835f0102bda,relation/unit/bab-4-teorema-sylow/section/01/covers/surface/unit-029/environment/021-align-01,urn:uuid:ac55ea4f-3c97-50eb-aaf0-c41aeba23c31,covers,urn:uuid:00a15110-c1ec-52c0-851e-cf09c997947f,chapter4.tex:666-795 (line 795 blank boundary omitted from target mapping)
urn:uuid:6791cc58-0858-5246-a56c-b9b374bcba52,relation/unit/bab-4-teorema-sylow/section/01/covers/surface/unit-029/environment/022-theorem-03,urn:uuid:ac55ea4f-3c97-50eb-aaf0-c41aeba23c31,covers,urn:uuid:5f26eea4-4d0c-555f-913b-b5c61736b83c,chapter4.tex:666-795 (line 795 blank boundary omitted from target mapping)
urn:uuid:e1d13919-7117-5c07-8ec4-5b38a9aad549,relation/unit/bab-4-teorema-sylow/section/01/covers/surface/unit-029/environment/023-proof-09,urn:uuid:ac55ea4f-3c97-50eb-aaf0-c41aeba23c31,covers,urn:uuid:29568695-f290-5b07-92d0-bc63ac63c3dc,chapter4.tex:666-795 (line 795 blank boundary omitted from target mapping)
urn:uuid:f875c597-a915-5935-8c59-91ec896265e4,relation/unit/bab-4-teorema-sylow/section/01/covers/surface/unit-029/environment/024-proposition-02,urn:uuid:ac55ea4f-3c97-50eb-aaf0-c41aeba23c31,covers,urn:uuid:59de9469-9027-57c2-a353-a7f101bab3c9,chapter4.tex:666-795 (line 795 blank boundary omitted from target mapping)
urn:uuid:c0691c9d-a5fb-594e-a63a-933d9422eaf0,relation/unit/bab-4-teorema-sylow/section/01/covers/surface/unit-029/environment/025-proof-10,urn:uuid:ac55ea4f-3c97-50eb-aaf0-c41aeba23c31,covers,urn:uuid:a23da729-f210-57a8-9703-e3978d1c76b0,chapter4.tex:666-795 (line 795 blank boundary omitted from target mapping)
urn:uuid:b40e9fd9-bbf9-5194-b85b-8a3f5ac69722,relation/unit/bab-4-teorema-sylow/section/01/covers/surface/unit-029/item/001,urn:uuid:ac55ea4f-3c97-50eb-aaf0-c41aeba23c31,covers,urn:uuid:3b45b714-ba64-51bb-9097-53d3de1800f5,chapter4.tex:666-795 (line 795 blank boundary omitted from target mapping)
urn:uuid:1d49d306-a160-5d80-a771-57980fc5d74c,relation/unit/bab-4-teorema-sylow/section/01/covers/surface/unit-029/item/002,urn:uuid:ac55ea4f-3c97-50eb-aaf0-c41aeba23c31,covers,urn:uuid:201493b7-ddcd-59a7-b4c1-0fc0348dd211,chapter4.tex:666-795 (line 795 blank boundary omitted from target mapping)
urn:uuid:f34747a4-2755-5427-a90f-077f72d3b17f,relation/unit/bab-4-teorema-sylow/section/01/covers/surface/unit-029/label/001,urn:uuid:ac55ea4f-3c97-50eb-aaf0-c41aeba23c31,covers,urn:uuid:f4d4c06a-ecea-5001-b04c-724edb7d5586,chapter4.tex:666-795 (line 795 blank boundary omitted from target mapping)
urn:uuid:3a01f171-76ec-5cea-8ceb-04258db5ba3e,relation/unit/bab-4-teorema-sylow/section/01/covers/surface/unit-029/label/002,urn:uuid:ac55ea4f-3c97-50eb-aaf0-c41aeba23c31,covers,urn:uuid:3f848a95-00c8-51f3-8a09-e13838423186,chapter4.tex:666-795 (line 795 blank boundary omitted from target mapping)
urn:uuid:e2b82fb0-7255-5bb4-a5f1-20a44bcf6e38,relation/unit/bab-4-teorema-sylow/section/01/covers/surface/unit-029/label/003,urn:uuid:ac55ea4f-3c97-50eb-aaf0-c41aeba23c31,covers,urn:uuid:4badd009-ac47-5604-bd74-01e36522971f,chapter4.tex:666-795 (line 795 blank boundary omitted from target mapping)
urn:uuid:5322a1cb-f2bb-5e25-9110-9119ef1f5644,relation/unit/bab-4-teorema-sylow/section/01/covers/surface/unit-029/label/004,urn:uuid:ac55ea4f-3c97-50eb-aaf0-c41aeba23c31,covers,urn:uuid:6cf09d24-237e-581b-b399-363e36a2661c,chapter4.tex:666-795 (line 795 blank boundary omitted from target mapping)
urn:uuid:9cd85b0b-a93c-58bb-add2-675518443c98,relation/unit/bab-4-teorema-sylow/section/01/covers/surface/unit-029/label/005,urn:uuid:ac55ea4f-3c97-50eb-aaf0-c41aeba23c31,covers,urn:uuid:8656c05c-c1ff-59da-af58-72329c9271cc,chapter4.tex:666-795 (line 795 blank boundary omitted from target mapping)
urn:uuid:24a3d572-864f-5ded-88ce-4806eabfe8e9,relation/unit/bab-4-teorema-sylow/section/01/covers/surface/unit-029/label/006,urn:uuid:ac55ea4f-3c97-50eb-aaf0-c41aeba23c31,covers,urn:uuid:214ce17b-46e3-586f-aca9-33032cbf8610,chapter4.tex:666-795 (line 795 blank boundary omitted from target mapping)
urn:uuid:3b5de922-a14d-5f5f-b3ee-0351538b7e7f,relation/unit/bab-4-teorema-sylow/section/01/covers/surface/unit-029/protected-math-zone/001-inline,urn:uuid:ac55ea4f-3c97-50eb-aaf0-c41aeba23c31,covers,urn:uuid:2b132396-8fc8-5c45-96f5-097e54a20a07,chapter4.tex:666-795 (line 795 blank boundary omitted from target mapping)
urn:uuid:d18bb9b4-2874-5d33-90ab-402c4af32aa6,relation/unit/bab-4-teorema-sylow/section/01/covers/surface/unit-029/protected-math-zone/002-inline,urn:uuid:ac55ea4f-3c97-50eb-aaf0-c41aeba23c31,covers,urn:uuid:a9ba521f-1a63-5092-9156-a7133028481f,chapter4.tex:666-795 (line 795 blank boundary omitted from target mapping)
urn:uuid:20b40a73-61d3-51f0-8046-419a3408ad36,relation/unit/bab-4-teorema-sylow/section/01/covers/surface/unit-029/protected-math-zone/003-inline,urn:uuid:ac55ea4f-3c97-50eb-aaf0-c41aeba23c31,covers,urn:uuid:996a26ba-32af-5e07-a8df-e5df7fed3595,chapter4.tex:666-795 (line 795 blank boundary omitted from target mapping)
urn:uuid:bbaa1b5d-828b-542f-ba7d-ecfb5b110df7,relation/unit/bab-4-teorema-sylow/section/01/covers/surface/unit-029/protected-math-zone/004-inline,urn:uuid:ac55ea4f-3c97-50eb-aaf0-c41aeba23c31,covers,urn:uuid:96eee96e-6808-5623-a271-0ecf9d38d568,chapter4.tex:666-795 (line 795 blank boundary omitted from target mapping)
urn:uuid:c06218aa-aa9d-5d88-93b6-44ba6d2df03c,relation/unit/bab-4-teorema-sylow/section/01/covers/surface/unit-029/protected-math-zone/005-inline,urn:uuid:ac55ea4f-3c97-50eb-aaf0-c41aeba23c31,covers,urn:uuid:b9a3780b-b158-5143-9911-3aa1a1c462bc,chapter4.tex:666-795 (line 795 blank boundary omitted from target mapping)
urn:uuid:0087f4a4-5f25-564a-b018-32f894fca9e6,relation/unit/bab-4-teorema-sylow/section/01/covers/surface/unit-029/protected-math-zone/006-inline,urn:uuid:ac55ea4f-3c97-50eb-aaf0-c41aeba23c31,covers,urn:uuid:58797332-2543-5f37-b543-21da1862ad5c,chapter4.tex:666-795 (line 795 blank boundary omitted from target mapping)
urn:uuid:7ee3998a-3a9a-51ec-995b-3cafc08f4bcb,relation/unit/bab-4-teorema-sylow/section/01/covers/surface/unit-029/protected-math-zone/007-inline,urn:uuid:ac55ea4f-3c97-50eb-aaf0-c41aeba23c31,covers,urn:uuid:1ffc80a6-699c-5318-94ac-dead53d4ef4c,chapter4.tex:666-795 (line 795 blank boundary omitted from target mapping)
urn:uuid:323ea0c4-9307-50cc-abcf-b5d360070630,relation/unit/bab-4-teorema-sylow/section/01/covers/surface/unit-029/protected-math-zone/008-inline,urn:uuid:ac55ea4f-3c97-50eb-aaf0-c41aeba23c31,covers,urn:uuid:63236474-53a8-5580-8f43-719587a95422,chapter4.tex:666-795 (line 795 blank boundary omitted from target mapping)
urn:uuid:50df1e5b-5413-5ab8-a9e3-b8684aa8230a,relation/unit/bab-4-teorema-sylow/section/01/covers/surface/unit-029/protected-math-zone/009-inline,urn:uuid:ac55ea4f-3c97-50eb-aaf0-c41aeba23c31,covers,urn:uuid:f0211f40-094b-5a69-9f98-3e3b98f829b7,chapter4.tex:666-795 (line 795 blank boundary omitted from target mapping)
urn:uuid:8e3ae9ba-46d6-55bb-bc86-4cea007f72b4,relation/unit/bab-4-teorema-sylow/section/01/covers/surface/unit-029/protected-math-zone/010-inline,urn:uuid:ac55ea4f-3c97-50eb-aaf0-c41aeba23c31,covers,urn:uuid:ff536673-14ae-5380-8966-0c308151d7fa,chapter4.tex:666-795 (line 795 blank boundary omitted from target mapping)
urn:uuid:5f5e155b-876f-55b7-8054-3a41c1c213c9,relation/unit/bab-4-teorema-sylow/section/01/covers/surface/unit-029/protected-math-zone/011-inline,urn:uuid:ac55ea4f-3c97-50eb-aaf0-c41aeba23c31,covers,urn:uuid:83180e63-af6c-5ac1-8a63-8ba186983a9a,chapter4.tex:666-795 (line 795 blank boundary omitted from target mapping)
urn:uuid:ad0305b8-d940-5c6b-8011-5fd9c5dc70c4,relation/unit/bab-4-teorema-sylow/section/01/covers/surface/unit-029/protected-math-zone/012-inline,urn:uuid:ac55ea4f-3c97-50eb-aaf0-c41aeba23c31,covers,urn:uuid:a4ca1bc2-ebd1-5c38-a02e-3045c2cc3299,chapter4.tex:666-795 (line 795 blank boundary omitted from target mapping)
urn:uuid:eb402b04-b5c1-54b1-9e89-702e52a477ea,relation/unit/bab-4-teorema-sylow/section/01/covers/surface/unit-029/protected-math-zone/013-inline,urn:uuid:ac55ea4f-3c97-50eb-aaf0-c41aeba23c31,covers,urn:uuid:c48a7f43-43e8-580c-b62e-fd8b711fdf52,chapter4.tex:666-795 (line 795 blank boundary omitted from target mapping)
urn:uuid:1d365a31-0a95-5867-bde9-9b14be4af142,relation/unit/bab-4-teorema-sylow/section/01/covers/surface/unit-029/protected-math-zone/014-display-bracket,urn:uuid:ac55ea4f-3c97-50eb-aaf0-c41aeba23c31,covers,urn:uuid:7d6e7d68-74d0-5cb7-8c00-00f8e95e39ab,chapter4.tex:666-795 (line 795 blank boundary omitted from target mapping)
urn:uuid:bddde402-9c80-5d66-890b-a5962f45b2c9,relation/unit/bab-4-teorema-sylow/section/01/covers/surface/unit-029/protected-math-zone/015-inline,urn:uuid:ac55ea4f-3c97-50eb-aaf0-c41aeba23c31,covers,urn:uuid:68753388-b30c-5e94-a212-e9b7513bcd8f,chapter4.tex:666-795 (line 795 blank boundary omitted from target mapping)
urn:uuid:c655cd8d-dccc-5066-96d0-21ed267302fb,relation/unit/bab-4-teorema-sylow/section/01/covers/surface/unit-029/protected-math-zone/016-inline,urn:uuid:ac55ea4f-3c97-50eb-aaf0-c41aeba23c31,covers,urn:uuid:abdc2646-b14e-539c-9ea3-a4021ce44488,chapter4.tex:666-795 (line 795 blank boundary omitted from target mapping)
urn:uuid:bced68b0-e9f4-5f5f-8fef-86d4d67b2233,relation/unit/bab-4-teorema-sylow/section/01/covers/surface/unit-029/protected-math-zone/017-inline,urn:uuid:ac55ea4f-3c97-50eb-aaf0-c41aeba23c31,covers,urn:uuid:ce3b6f82-13cb-5533-ae03-0541eb0d626a,chapter4.tex:666-795 (line 795 blank boundary omitted from target mapping)
urn:uuid:693d3b04-b12a-518a-906b-b958120019e9,relation/unit/bab-4-teorema-sylow/section/01/covers/surface/unit-029/protected-math-zone/018-display-bracket,urn:uuid:ac55ea4f-3c97-50eb-aaf0-c41aeba23c31,covers,urn:uuid:63e995ab-ff10-586b-9b04-d5f1d3d3daef,chapter4.tex:666-795 (line 795 blank boundary omitted from target mapping)
urn:uuid:094503e9-6ce4-5e0f-b321-d40f203d53d0,relation/unit/bab-4-teorema-sylow/section/01/covers/surface/unit-029/protected-math-zone/019-inline,urn:uuid:ac55ea4f-3c97-50eb-aaf0-c41aeba23c31,covers,urn:uuid:1a9af3a4-3c7f-5237-97f1-206a42d096c3,chapter4.tex:666-795 (line 795 blank boundary omitted from target mapping)
urn:uuid:7dc7fe16-9b27-5861-aa5d-458849604e50,relation/unit/bab-4-teorema-sylow/section/01/covers/surface/unit-029/protected-math-zone/020-inline,urn:uuid:ac55ea4f-3c97-50eb-aaf0-c41aeba23c31,covers,urn:uuid:01c5c6f7-5b0d-5787-90c1-328f146c41be,chapter4.tex:666-795 (line 795 blank boundary omitted from target mapping)
urn:uuid:b57fcef4-9c66-5c49-9580-e81424e3cd3b,relation/unit/bab-4-teorema-sylow/section/01/covers/surface/unit-029/protected-math-zone/021-inline,urn:uuid:ac55ea4f-3c97-50eb-aaf0-c41aeba23c31,covers,urn:uuid:d8765b92-8afb-5cb4-9fd7-212614e2ff45,chapter4.tex:666-795 (line 795 blank boundary omitted from target mapping)
urn:uuid:9f1b070f-5222-5523-a93d-95a8ec29c473,relation/unit/bab-4-teorema-sylow/section/01/covers/surface/unit-029/protected-math-zone/022-inline,urn:uuid:ac55ea4f-3c97-50eb-aaf0-c41aeba23c31,covers,urn:uuid:6455db87-a59a-5e91-bcfb-381d24f41972,chapter4.tex:666-795 (line 795 blank boundary omitted from target mapping)
urn:uuid:7103755f-e888-53a8-8c61-7db4450de14d,relation/unit/bab-4-teorema-sylow/section/01/covers/surface/unit-029/protected-math-zone/023-display-bracket,urn:uuid:ac55ea4f-3c97-50eb-aaf0-c41aeba23c31,covers,urn:uuid:5c7ad455-f0c6-59e9-be2e-1f1158f8bfb8,chapter4.tex:666-795 (line 795 blank boundary omitted from target mapping)
urn:uuid:0aaaf85b-fe5c-54cf-ab98-5d76d565a833,relation/unit/bab-4-teorema-sylow/section/01/covers/surface/unit-029/protected-math-zone/024-inline,urn:uuid:ac55ea4f-3c97-50eb-aaf0-c41aeba23c31,covers,urn:uuid:9d341dde-c242-52dc-b1ee-3f375acec080,chapter4.tex:666-795 (line 795 blank boundary omitted from target mapping)
urn:uuid:c7153b7d-6a0f-5c68-af74-4210a3a4b5f3,relation/unit/bab-4-teorema-sylow/section/01/covers/surface/unit-029/protected-math-zone/025-inline,urn:uuid:ac55ea4f-3c97-50eb-aaf0-c41aeba23c31,covers,urn:uuid:e8d117ef-fcc4-5a86-8714-9e50fd1dbcc6,chapter4.tex:666-795 (line 795 blank boundary omitted from target mapping)
urn:uuid:bf9cc339-a43c-53fd-ba32-b0c66fe4d64d,relation/unit/bab-4-teorema-sylow/section/01/covers/surface/unit-029/protected-math-zone/026-inline,urn:uuid:ac55ea4f-3c97-50eb-aaf0-c41aeba23c31,covers,urn:uuid:35c6c972-4864-5eb0-8260-59fca51770ee,chapter4.tex:666-795 (line 795 blank boundary omitted from target mapping)
urn:uuid:eb22df1f-80d0-5a02-977c-c8b776bc1039,relation/unit/bab-4-teorema-sylow/section/01/covers/surface/unit-029/protected-math-zone/027-inline,urn:uuid:ac55ea4f-3c97-50eb-aaf0-c41aeba23c31,covers,urn:uuid:20c68f6d-8eb9-5550-8986-f80c2df006c6,chapter4.tex:666-795 (line 795 blank boundary omitted from target mapping)
urn:uuid:73ead099-e9a0-5d27-9796-b2df8a42bdb3,relation/unit/bab-4-teorema-sylow/section/01/covers/surface/unit-029/protected-math-zone/028-inline,urn:uuid:ac55ea4f-3c97-50eb-aaf0-c41aeba23c31,covers,urn:uuid:0edac4b8-8df6-5244-9992-3c18b2fff628,chapter4.tex:666-795 (line 795 blank boundary omitted from target mapping)
urn:uuid:b2010b65-aa16-58da-a5fd-ce6ae1b06856,relation/unit/bab-4-teorema-sylow/section/01/covers/surface/unit-029/protected-math-zone/029-inline,urn:uuid:ac55ea4f-3c97-50eb-aaf0-c41aeba23c31,covers,urn:uuid:24ddb610-f1c3-583f-a3b7-5ce43fb0015a,chapter4.tex:666-795 (line 795 blank boundary omitted from target mapping)
urn:uuid:facf3a96-47b8-5790-a7ba-7ef3c62d5373,relation/unit/bab-4-teorema-sylow/section/01/covers/surface/unit-029/protected-math-zone/030-inline,urn:uuid:ac55ea4f-3c97-50eb-aaf0-c41aeba23c31,covers,urn:uuid:e69097cb-cb1e-57f5-b2d8-6bb526e6fe82,chapter4.tex:666-795 (line 795 blank boundary omitted from target mapping)
urn:uuid:9b1436b8-2aef-5607-aea5-79d169cd6789,relation/unit/bab-4-teorema-sylow/section/01/covers/surface/unit-029/protected-math-zone/031-inline,urn:uuid:ac55ea4f-3c97-50eb-aaf0-c41aeba23c31,covers,urn:uuid:3641f9c3-2a3d-55d0-817e-b2bc55c7eb14,chapter4.tex:666-795 (line 795 blank boundary omitted from target mapping)
urn:uuid:28dbd236-6d6d-56d6-a400-3e805390fe7e,relation/unit/bab-4-teorema-sylow/section/01/covers/surface/unit-029/protected-math-zone/032-inline,urn:uuid:ac55ea4f-3c97-50eb-aaf0-c41aeba23c31,covers,urn:uuid:743bfebd-ed5a-54b7-8148-69ad84e9c4c1,chapter4.tex:666-795 (line 795 blank boundary omitted from target mapping)
urn:uuid:21e76c13-c931-57b0-a675-92ba11cf903c,relation/unit/bab-4-teorema-sylow/section/01/covers/surface/unit-029/protected-math-zone/033-inline,urn:uuid:ac55ea4f-3c97-50eb-aaf0-c41aeba23c31,covers,urn:uuid:e4ec5714-21b1-5277-9337-17dee3a8fe22,chapter4.tex:666-795 (line 795 blank boundary omitted from target mapping)
urn:uuid:3f4bb721-ec2e-5015-89e2-d3e1323231db,relation/unit/bab-4-teorema-sylow/section/01/covers/surface/unit-029/protected-math-zone/034-inline,urn:uuid:ac55ea4f-3c97-50eb-aaf0-c41aeba23c31,covers,urn:uuid:3d21fb5a-5ce2-5516-a647-4ab8cfda3a90,chapter4.tex:666-795 (line 795 blank boundary omitted from target mapping)
urn:uuid:94d16859-2d45-595e-9ba6-ff0d9d97071a,relation/unit/bab-4-teorema-sylow/section/01/covers/surface/unit-029/protected-math-zone/035-inline,urn:uuid:ac55ea4f-3c97-50eb-aaf0-c41aeba23c31,covers,urn:uuid:c0903825-9dd1-5f3f-b0d2-e33395e958c1,chapter4.tex:666-795 (line 795 blank boundary omitted from target mapping)
urn:uuid:6d03e18a-96d9-567d-a7f9-789e54140f82,relation/unit/bab-4-teorema-sylow/section/01/covers/surface/unit-029/protected-math-zone/036-inline,urn:uuid:ac55ea4f-3c97-50eb-aaf0-c41aeba23c31,covers,urn:uuid:bb6caf79-d162-521c-a22c-6b5b12bbcc8b,chapter4.tex:666-795 (line 795 blank boundary omitted from target mapping)
urn:uuid:87ba8149-9e02-5631-b834-083e9aeacff3,relation/unit/bab-4-teorema-sylow/section/01/covers/surface/unit-029/protected-math-zone/037-inline,urn:uuid:ac55ea4f-3c97-50eb-aaf0-c41aeba23c31,covers,urn:uuid:1dc812f0-be28-5016-95bf-11b9c7dec4b6,chapter4.tex:666-795 (line 795 blank boundary omitted from target mapping)
urn:uuid:ef69583e-46a1-5205-9475-77b9bdadc383,relation/unit/bab-4-teorema-sylow/section/01/covers/surface/unit-029/protected-math-zone/038-inline,urn:uuid:ac55ea4f-3c97-50eb-aaf0-c41aeba23c31,covers,urn:uuid:ae20eb29-d9e7-53bb-9ae0-7750c8b4c386,chapter4.tex:666-795 (line 795 blank boundary omitted from target mapping)
urn:uuid:09c68ad2-4bfb-5dbe-bf41-0b5ef2da9a2b,relation/unit/bab-4-teorema-sylow/section/01/covers/surface/unit-029/protected-math-zone/039-inline,urn:uuid:ac55ea4f-3c97-50eb-aaf0-c41aeba23c31,covers,urn:uuid:ddaa03c3-5cbf-5599-87ee-6b24a28b8e0b,chapter4.tex:666-795 (line 795 blank boundary omitted from target mapping)
urn:uuid:c49e6f43-2e02-53fd-89e2-2bd6c7077183,relation/unit/bab-4-teorema-sylow/section/01/covers/surface/unit-029/protected-math-zone/040-display-bracket,urn:uuid:ac55ea4f-3c97-50eb-aaf0-c41aeba23c31,covers,urn:uuid:60ecb4d1-a756-50fa-b239-3c44fa7eee55,chapter4.tex:666-795 (line 795 blank boundary omitted from target mapping)
urn:uuid:4465c06a-413e-5f3a-93b9-eba6b6c8b1a9,relation/unit/bab-4-teorema-sylow/section/01/covers/surface/unit-029/protected-math-zone/041-inline,urn:uuid:ac55ea4f-3c97-50eb-aaf0-c41aeba23c31,covers,urn:uuid:1542d2f5-8032-5392-8ab3-c5abe32e9d9d,chapter4.tex:666-795 (line 795 blank boundary omitted from target mapping)
urn:uuid:588ea06f-54f5-5815-96ad-76d0b90bafad,relation/unit/bab-4-teorema-sylow/section/01/covers/surface/unit-029/protected-math-zone/042-inline,urn:uuid:ac55ea4f-3c97-50eb-aaf0-c41aeba23c31,covers,urn:uuid:61a5f95d-1e17-547d-a4e9-4b079c418a52,chapter4.tex:666-795 (line 795 blank boundary omitted from target mapping)
urn:uuid:45059707-d310-50b8-a39d-fd426586c458,relation/unit/bab-4-teorema-sylow/section/01/covers/surface/unit-029/protected-math-zone/043-inline,urn:uuid:ac55ea4f-3c97-50eb-aaf0-c41aeba23c31,covers,urn:uuid:15a1b9f6-05f6-5c46-8007-4bfd51c3e294,chapter4.tex:666-795 (line 795 blank boundary omitted from target mapping)
urn:uuid:d368b5f4-c981-50cc-be8e-b2d5d4a362d5,relation/unit/bab-4-teorema-sylow/section/01/covers/surface/unit-029/protected-math-zone/044-inline,urn:uuid:ac55ea4f-3c97-50eb-aaf0-c41aeba23c31,covers,urn:uuid:7022cbb6-b554-53b3-bb41-76a61315ed14,chapter4.tex:666-795 (line 795 blank boundary omitted from target mapping)
urn:uuid:e27c1353-6a11-5077-a80c-5c35ade37391,relation/unit/bab-4-teorema-sylow/section/01/covers/surface/unit-029/protected-math-zone/045-inline,urn:uuid:ac55ea4f-3c97-50eb-aaf0-c41aeba23c31,covers,urn:uuid:e964f5cd-0c85-5678-b6b2-5dfb7fa03ec1,chapter4.tex:666-795 (line 795 blank boundary omitted from target mapping)
urn:uuid:dd5644f3-378a-5d14-a81b-88282583e5f3,relation/unit/bab-4-teorema-sylow/section/01/covers/surface/unit-029/protected-math-zone/046-inline,urn:uuid:ac55ea4f-3c97-50eb-aaf0-c41aeba23c31,covers,urn:uuid:4d3c647c-81a9-544c-b4ab-0ea1633db7ab,chapter4.tex:666-795 (line 795 blank boundary omitted from target mapping)
urn:uuid:f4825f27-3492-5340-ad09-cf5346e843a9,relation/unit/bab-4-teorema-sylow/section/01/covers/surface/unit-029/protected-math-zone/047-inline,urn:uuid:ac55ea4f-3c97-50eb-aaf0-c41aeba23c31,covers,urn:uuid:5ec8ec42-2840-5d74-b2d1-f6b2b50950ff,chapter4.tex:666-795 (line 795 blank boundary omitted from target mapping)
urn:uuid:63803486-5da2-5c22-9afa-9e029e3c79ca,relation/unit/bab-4-teorema-sylow/section/01/covers/surface/unit-029/protected-math-zone/048-inline,urn:uuid:ac55ea4f-3c97-50eb-aaf0-c41aeba23c31,covers,urn:uuid:8fa843b5-4bd3-5b55-a289-7e207b3d4bad,chapter4.tex:666-795 (line 795 blank boundary omitted from target mapping)
urn:uuid:455f0b9c-fded-505c-8553-f962e3b21b93,relation/unit/bab-4-teorema-sylow/section/01/covers/surface/unit-029/protected-math-zone/049-inline,urn:uuid:ac55ea4f-3c97-50eb-aaf0-c41aeba23c31,covers,urn:uuid:2f2bbeac-22ed-581a-b349-f7ae71d7031c,chapter4.tex:666-795 (line 795 blank boundary omitted from target mapping)
urn:uuid:3d2a439c-0341-5833-bdf8-1b6b99ccbb0e,relation/unit/bab-4-teorema-sylow/section/01/covers/surface/unit-029/protected-math-zone/050-display-bracket,urn:uuid:ac55ea4f-3c97-50eb-aaf0-c41aeba23c31,covers,urn:uuid:a27927dd-04b3-52ac-bccb-6d821719f102,chapter4.tex:666-795 (line 795 blank boundary omitted from target mapping)
urn:uuid:9b39caf1-14eb-520b-9704-6ec28f2be6dd,relation/unit/bab-4-teorema-sylow/section/01/covers/surface/unit-029/protected-math-zone/051-inline,urn:uuid:ac55ea4f-3c97-50eb-aaf0-c41aeba23c31,covers,urn:uuid:0fc98014-24f3-58d2-9495-f10a372b3fed,chapter4.tex:666-795 (line 795 blank boundary omitted from target mapping)
urn:uuid:728b45f1-4134-5519-9020-ddb39b3847c3,relation/unit/bab-4-teorema-sylow/section/01/covers/surface/unit-029/protected-math-zone/052-inline,urn:uuid:ac55ea4f-3c97-50eb-aaf0-c41aeba23c31,covers,urn:uuid:1aa26429-8266-58c8-8e68-ba3a7f440896,chapter4.tex:666-795 (line 795 blank boundary omitted from target mapping)
urn:uuid:3099e32a-42c4-5724-a9c5-5207ed740300,relation/unit/bab-4-teorema-sylow/section/01/covers/surface/unit-029/protected-math-zone/053-inline,urn:uuid:ac55ea4f-3c97-50eb-aaf0-c41aeba23c31,covers,urn:uuid:d3cb2ce8-269c-56fa-b5fa-549f325ebe3d,chapter4.tex:666-795 (line 795 blank boundary omitted from target mapping)
urn:uuid:e1d08099-2df1-5c6b-9726-409a5ca6aa79,relation/unit/bab-4-teorema-sylow/section/01/covers/surface/unit-029/protected-math-zone/054-inline,urn:uuid:ac55ea4f-3c97-50eb-aaf0-c41aeba23c31,covers,urn:uuid:41f4679c-b08e-527c-b3fa-8aa9e4da2a6c,chapter4.tex:666-795 (line 795 blank boundary omitted from target mapping)
urn:uuid:f3e616a0-12ff-50d5-bf76-169293f4bc6b,relation/unit/bab-4-teorema-sylow/section/01/covers/surface/unit-029/protected-math-zone/055-inline,urn:uuid:ac55ea4f-3c97-50eb-aaf0-c41aeba23c31,covers,urn:uuid:58dd3ce5-23c9-5d95-a29a-ec061d81e82b,chapter4.tex:666-795 (line 795 blank boundary omitted from target mapping)
urn:uuid:8e25273f-34e9-5d82-be60-631908096620,relation/unit/bab-4-teorema-sylow/section/01/covers/surface/unit-029/protected-math-zone/056-display-bracket,urn:uuid:ac55ea4f-3c97-50eb-aaf0-c41aeba23c31,covers,urn:uuid:87ea0bb9-2400-5481-8dcc-982eead92477,chapter4.tex:666-795 (line 795 blank boundary omitted from target mapping)
urn:uuid:673d2920-6525-51a5-a5c3-35e11210b55d,relation/unit/bab-4-teorema-sylow/section/01/covers/surface/unit-029/protected-math-zone/057-inline,urn:uuid:ac55ea4f-3c97-50eb-aaf0-c41aeba23c31,covers,urn:uuid:db8bd00d-fdf1-5e09-a57d-f0bca219ae0c,chapter4.tex:666-795 (line 795 blank boundary omitted from target mapping)
urn:uuid:7e367880-c471-53ac-b61c-3bf0d3d58912,relation/unit/bab-4-teorema-sylow/section/01/covers/surface/unit-029/protected-math-zone/058-inline,urn:uuid:ac55ea4f-3c97-50eb-aaf0-c41aeba23c31,covers,urn:uuid:63c641e2-962b-51a7-8116-dda9aea61723,chapter4.tex:666-795 (line 795 blank boundary omitted from target mapping)
urn:uuid:197a87da-faac-5802-ab61-3a4b7e220b06,relation/unit/bab-4-teorema-sylow/section/01/covers/surface/unit-029/protected-math-zone/059-inline,urn:uuid:ac55ea4f-3c97-50eb-aaf0-c41aeba23c31,covers,urn:uuid:5f08c76a-a794-5d50-aed0-8dd42e57182e,chapter4.tex:666-795 (line 795 blank boundary omitted from target mapping)
urn:uuid:4c350eb2-19f3-5230-b4e8-68178879666c,relation/unit/bab-4-teorema-sylow/section/01/covers/surface/unit-029/protected-math-zone/060-inline,urn:uuid:ac55ea4f-3c97-50eb-aaf0-c41aeba23c31,covers,urn:uuid:2d9c85b2-5d5a-5153-be8f-a596ff5c10f9,chapter4.tex:666-795 (line 795 blank boundary omitted from target mapping)
urn:uuid:27c5fa64-b5c5-5995-9249-70c52fad82c2,relation/unit/bab-4-teorema-sylow/section/01/covers/surface/unit-029/protected-math-zone/061-inline,urn:uuid:ac55ea4f-3c97-50eb-aaf0-c41aeba23c31,covers,urn:uuid:795e3541-848b-5d0b-bc6b-de6bed296163,chapter4.tex:666-795 (line 795 blank boundary omitted from target mapping)
urn:uuid:59c255be-9a10-5743-9307-ec712d4ff2c2,relation/unit/bab-4-teorema-sylow/section/01/covers/surface/unit-029/protected-math-zone/062-inline,urn:uuid:ac55ea4f-3c97-50eb-aaf0-c41aeba23c31,covers,urn:uuid:30a12e7f-25c6-524f-9b71-afd17ccaceec,chapter4.tex:666-795 (line 795 blank boundary omitted from target mapping)
urn:uuid:ee30e8e5-5816-51f1-9d9d-c52ce1250de1,relation/unit/bab-4-teorema-sylow/section/01/covers/surface/unit-029/protected-math-zone/063-inline,urn:uuid:ac55ea4f-3c97-50eb-aaf0-c41aeba23c31,covers,urn:uuid:fe3ad0db-cf28-52cf-946f-369f4d539ceb,chapter4.tex:666-795 (line 795 blank boundary omitted from target mapping)
urn:uuid:5f714e26-210d-5360-af46-55fbd17f94a8,relation/unit/bab-4-teorema-sylow/section/01/covers/surface/unit-029/protected-math-zone/064-inline,urn:uuid:ac55ea4f-3c97-50eb-aaf0-c41aeba23c31,covers,urn:uuid:c794fd6c-44b6-5bf6-9f30-62e340a2db47,chapter4.tex:666-795 (line 795 blank boundary omitted from target mapping)
urn:uuid:335c4ee6-4ee0-549b-a108-62ee836f2ca1,relation/unit/bab-4-teorema-sylow/section/01/covers/surface/unit-029/protected-math-zone/065-inline,urn:uuid:ac55ea4f-3c97-50eb-aaf0-c41aeba23c31,covers,urn:uuid:5f7e1cfa-36d3-5e95-85e4-c392d40c874b,chapter4.tex:666-795 (line 795 blank boundary omitted from target mapping)
urn:uuid:7b26512a-bfd0-5f07-b1c8-b3e15d19cd27,relation/unit/bab-4-teorema-sylow/section/01/covers/surface/unit-029/protected-math-zone/066-inline,urn:uuid:ac55ea4f-3c97-50eb-aaf0-c41aeba23c31,covers,urn:uuid:886fa5c7-1889-5267-95ba-8548b6117c5f,chapter4.tex:666-795 (line 795 blank boundary omitted from target mapping)
urn:uuid:8d6de20a-9541-540e-b712-f50adb3211f2,relation/unit/bab-4-teorema-sylow/section/01/covers/surface/unit-029/protected-math-zone/067-inline,urn:uuid:ac55ea4f-3c97-50eb-aaf0-c41aeba23c31,covers,urn:uuid:b1d6c82a-341d-53c6-b340-60ee47669832,chapter4.tex:666-795 (line 795 blank boundary omitted from target mapping)
urn:uuid:2d188c37-199f-5305-8cf3-52b2a28deabb,relation/unit/bab-4-teorema-sylow/section/01/covers/surface/unit-029/protected-math-zone/068-inline,urn:uuid:ac55ea4f-3c97-50eb-aaf0-c41aeba23c31,covers,urn:uuid:bd6c75a5-8c99-532d-b239-67f028d1a9a0,chapter4.tex:666-795 (line 795 blank boundary omitted from target mapping)
urn:uuid:7078f0c0-01d8-5aff-8722-b37c4cbc8c4c,relation/unit/bab-4-teorema-sylow/section/01/covers/surface/unit-029/protected-math-zone/069-display-bracket,urn:uuid:ac55ea4f-3c97-50eb-aaf0-c41aeba23c31,covers,urn:uuid:4ed414bd-8613-56c5-831c-024fb7f4a8e8,chapter4.tex:666-795 (line 795 blank boundary omitted from target mapping)
urn:uuid:a83a31ee-b9a0-572c-bc19-a71385e964b9,relation/unit/bab-4-teorema-sylow/section/01/covers/surface/unit-029/protected-math-zone/070-display-bracket,urn:uuid:ac55ea4f-3c97-50eb-aaf0-c41aeba23c31,covers,urn:uuid:bfbccbc2-799c-5759-ac97-fe2ae8df165e,chapter4.tex:666-795 (line 795 blank boundary omitted from target mapping)
urn:uuid:9f473eea-7077-515a-ba0c-ad06774f1df0,relation/unit/bab-4-teorema-sylow/section/01/covers/surface/unit-029/protected-math-zone/071-inline,urn:uuid:ac55ea4f-3c97-50eb-aaf0-c41aeba23c31,covers,urn:uuid:2314313f-2bf1-5cda-a2bb-92f36374baf6,chapter4.tex:666-795 (line 795 blank boundary omitted from target mapping)
urn:uuid:b5b0199e-dc34-5860-8c92-49b4126af4c6,relation/unit/bab-4-teorema-sylow/section/01/covers/surface/unit-029/protected-math-zone/072-inline,urn:uuid:ac55ea4f-3c97-50eb-aaf0-c41aeba23c31,covers,urn:uuid:14ce531e-0425-5c56-afa4-ec459600e434,chapter4.tex:666-795 (line 795 blank boundary omitted from target mapping)
urn:uuid:8cc4ee55-8f16-5428-a771-962ae8b2b6a2,relation/unit/bab-4-teorema-sylow/section/01/covers/surface/unit-029/protected-math-zone/073-inline,urn:uuid:ac55ea4f-3c97-50eb-aaf0-c41aeba23c31,covers,urn:uuid:d654bec6-2d33-597a-9dea-29b77f170a11,chapter4.tex:666-795 (line 795 blank boundary omitted from target mapping)
urn:uuid:ae7f9131-6cf6-542c-951a-8f9453a246aa,relation/unit/bab-4-teorema-sylow/section/01/covers/surface/unit-029/protected-math-zone/074-inline,urn:uuid:ac55ea4f-3c97-50eb-aaf0-c41aeba23c31,covers,urn:uuid:b46c9ae6-450a-5ae5-b855-2b6993c8d1a6,chapter4.tex:666-795 (line 795 blank boundary omitted from target mapping)
urn:uuid:952f4561-34ef-54d9-ac33-72ff4a827945,relation/unit/bab-4-teorema-sylow/section/01/covers/surface/unit-029/protected-math-zone/075-inline,urn:uuid:ac55ea4f-3c97-50eb-aaf0-c41aeba23c31,covers,urn:uuid:d7e9c78f-8c51-581f-98ef-be3bec1b1260,chapter4.tex:666-795 (line 795 blank boundary omitted from target mapping)
urn:uuid:fb270799-707f-5652-b6ef-3f85fdd5d2ea,relation/unit/bab-4-teorema-sylow/section/01/covers/surface/unit-029/protected-math-zone/076-inline,urn:uuid:ac55ea4f-3c97-50eb-aaf0-c41aeba23c31,covers,urn:uuid:9acfed02-5c24-52eb-8e45-80469f638a0e,chapter4.tex:666-795 (line 795 blank boundary omitted from target mapping)
urn:uuid:62fe83c9-e510-538f-acfa-cd97659f7c05,relation/unit/bab-4-teorema-sylow/section/01/covers/surface/unit-029/protected-math-zone/077-inline,urn:uuid:ac55ea4f-3c97-50eb-aaf0-c41aeba23c31,covers,urn:uuid:1960698a-89e0-55fd-95a9-a1002efc79a7,chapter4.tex:666-795 (line 795 blank boundary omitted from target mapping)
urn:uuid:8a376fb2-6bff-5aa7-af60-20be93e9e29a,relation/unit/bab-4-teorema-sylow/section/01/covers/surface/unit-029/protected-math-zone/078-inline,urn:uuid:ac55ea4f-3c97-50eb-aaf0-c41aeba23c31,covers,urn:uuid:0e88191e-9568-5ae3-a053-bb967fca6659,chapter4.tex:666-795 (line 795 blank boundary omitted from target mapping)
urn:uuid:ab2bb46c-5a1b-54d5-af8b-7bdb87104546,relation/unit/bab-4-teorema-sylow/section/01/covers/surface/unit-029/protected-math-zone/079-inline,urn:uuid:ac55ea4f-3c97-50eb-aaf0-c41aeba23c31,covers,urn:uuid:ee48a58a-9e9a-5931-aac5-598637344660,chapter4.tex:666-795 (line 795 blank boundary omitted from target mapping)
urn:uuid:4ffd242d-0473-5aaf-baa0-d017ec6dab39,relation/unit/bab-4-teorema-sylow/section/01/covers/surface/unit-029/protected-math-zone/080-inline,urn:uuid:ac55ea4f-3c97-50eb-aaf0-c41aeba23c31,covers,urn:uuid:833af82b-1fde-55ff-bbe3-88a0ecc0888c,chapter4.tex:666-795 (line 795 blank boundary omitted from target mapping)
urn:uuid:aaa52226-c438-542d-8138-93deb886ea08,relation/unit/bab-4-teorema-sylow/section/01/covers/surface/unit-029/protected-math-zone/081-inline,urn:uuid:ac55ea4f-3c97-50eb-aaf0-c41aeba23c31,covers,urn:uuid:9800763a-93c0-59ee-9a81-38898bcb5c4e,chapter4.tex:666-795 (line 795 blank boundary omitted from target mapping)
urn:uuid:b1ec4175-7497-5480-9bdd-119ad7e468b3,relation/unit/bab-4-teorema-sylow/section/01/covers/surface/unit-029/protected-math-zone/082-inline,urn:uuid:ac55ea4f-3c97-50eb-aaf0-c41aeba23c31,covers,urn:uuid:9169cf6c-7ce3-518b-b458-0498ecb0ab4c,chapter4.tex:666-795 (line 795 blank boundary omitted from target mapping)
urn:uuid:f89fcfde-c52d-54c6-9278-6afe6fcc2118,relation/unit/bab-4-teorema-sylow/section/01/covers/surface/unit-029/protected-math-zone/083-inline,urn:uuid:ac55ea4f-3c97-50eb-aaf0-c41aeba23c31,covers,urn:uuid:7a8048f2-eb60-53bb-b4f1-e57150960b6c,chapter4.tex:666-795 (line 795 blank boundary omitted from target mapping)
urn:uuid:d9df10ed-1573-5eab-8923-e5ccdccc965f,relation/unit/bab-4-teorema-sylow/section/01/covers/surface/unit-029/protected-math-zone/084-inline,urn:uuid:ac55ea4f-3c97-50eb-aaf0-c41aeba23c31,covers,urn:uuid:a35addb2-79d9-5848-b5a5-a05c50ea8022,chapter4.tex:666-795 (line 795 blank boundary omitted from target mapping)
urn:uuid:46ffd10b-1e95-5bdb-a722-8881205259d8,relation/unit/bab-4-teorema-sylow/section/01/covers/surface/unit-029/protected-math-zone/085-inline,urn:uuid:ac55ea4f-3c97-50eb-aaf0-c41aeba23c31,covers,urn:uuid:d41f05ef-0e43-5101-9433-83429bc8df10,chapter4.tex:666-795 (line 795 blank boundary omitted from target mapping)
urn:uuid:a3a40dd5-0373-5c2f-842c-19b3542fa33a,relation/unit/bab-4-teorema-sylow/section/01/covers/surface/unit-029/protected-math-zone/086-inline,urn:uuid:ac55ea4f-3c97-50eb-aaf0-c41aeba23c31,covers,urn:uuid:0681ba16-003f-5e1d-b549-6fb9081b8dd3,chapter4.tex:666-795 (line 795 blank boundary omitted from target mapping)
urn:uuid:78308f01-7f3a-5c37-9614-26cbb85a5f36,relation/unit/bab-4-teorema-sylow/section/01/covers/surface/unit-029/protected-math-zone/087-inline,urn:uuid:ac55ea4f-3c97-50eb-aaf0-c41aeba23c31,covers,urn:uuid:2f41eecd-9981-585d-b5ad-90834a389580,chapter4.tex:666-795 (line 795 blank boundary omitted from target mapping)
urn:uuid:c9a19ee7-d035-50c0-b19a-bfe4ec00f69d,relation/unit/bab-4-teorema-sylow/section/01/covers/surface/unit-029/protected-math-zone/088-inline,urn:uuid:ac55ea4f-3c97-50eb-aaf0-c41aeba23c31,covers,urn:uuid:033a0c06-0c2f-5e51-85db-10bc1f071f40,chapter4.tex:666-795 (line 795 blank boundary omitted from target mapping)
urn:uuid:63c3da7b-4ce6-5a72-8868-150ec4c31a8c,relation/unit/bab-4-teorema-sylow/section/01/covers/surface/unit-029/protected-math-zone/089-inline,urn:uuid:ac55ea4f-3c97-50eb-aaf0-c41aeba23c31,covers,urn:uuid:6cb8eaf1-4e81-5663-ad56-c0fc16c56207,chapter4.tex:666-795 (line 795 blank boundary omitted from target mapping)
urn:uuid:119a2273-3fa8-5a65-87a0-c7464e1f26d7,relation/unit/bab-4-teorema-sylow/section/01/covers/surface/unit-029/protected-math-zone/090-inline,urn:uuid:ac55ea4f-3c97-50eb-aaf0-c41aeba23c31,covers,urn:uuid:164bbfc8-2c7b-5587-bc3b-4981912cf488,chapter4.tex:666-795 (line 795 blank boundary omitted from target mapping)
urn:uuid:caf38c4e-fdfa-573d-93ea-85bb1b3d11f8,relation/unit/bab-4-teorema-sylow/section/01/covers/surface/unit-029/protected-math-zone/091-inline,urn:uuid:ac55ea4f-3c97-50eb-aaf0-c41aeba23c31,covers,urn:uuid:1fda881e-55a8-57a1-81dc-dc8eb475d4a5,chapter4.tex:666-795 (line 795 blank boundary omitted from target mapping)
urn:uuid:f33cae9d-90da-582c-acaa-61dde1819582,relation/unit/bab-4-teorema-sylow/section/01/covers/surface/unit-029/protected-math-zone/092-inline,urn:uuid:ac55ea4f-3c97-50eb-aaf0-c41aeba23c31,covers,urn:uuid:ee8d53c4-043b-5e01-ba99-b78e2b375f6f,chapter4.tex:666-795 (line 795 blank boundary omitted from target mapping)
urn:uuid:4211faaf-2c10-5cf6-a8af-7bade094bcbd,relation/unit/bab-4-teorema-sylow/section/01/covers/surface/unit-029/protected-math-zone/093-display-bracket,urn:uuid:ac55ea4f-3c97-50eb-aaf0-c41aeba23c31,covers,urn:uuid:e9940281-e3e9-5ec8-9590-4388540858b7,chapter4.tex:666-795 (line 795 blank boundary omitted from target mapping)
urn:uuid:9354ff37-b590-5999-871a-6bf971136c83,relation/unit/bab-4-teorema-sylow/section/01/covers/surface/unit-029/protected-math-zone/094-inline,urn:uuid:ac55ea4f-3c97-50eb-aaf0-c41aeba23c31,covers,urn:uuid:b2421936-3819-5d69-ba03-28fd42272e49,chapter4.tex:666-795 (line 795 blank boundary omitted from target mapping)
urn:uuid:9e587cd7-ffac-581f-a424-b0c758ba9138,relation/unit/bab-4-teorema-sylow/section/01/covers/surface/unit-029/protected-math-zone/095-inline,urn:uuid:ac55ea4f-3c97-50eb-aaf0-c41aeba23c31,covers,urn:uuid:60f5bce1-515e-5830-8f78-3a141019fc39,chapter4.tex:666-795 (line 795 blank boundary omitted from target mapping)
urn:uuid:3baf051d-3d57-5673-99b8-9eacd49e9fdd,relation/unit/bab-4-teorema-sylow/section/01/covers/surface/unit-029/protected-math-zone/096-display-bracket,urn:uuid:ac55ea4f-3c97-50eb-aaf0-c41aeba23c31,covers,urn:uuid:db5ce24d-ba1d-531b-bae9-b45300be15f6,chapter4.tex:666-795 (line 795 blank boundary omitted from target mapping)
urn:uuid:4c1398aa-ee76-558a-b550-1b28d969cae1,relation/unit/bab-4-teorema-sylow/section/01/covers/surface/unit-029/protected-math-zone/097-inline,urn:uuid:ac55ea4f-3c97-50eb-aaf0-c41aeba23c31,covers,urn:uuid:379267e2-e043-5ad8-9f79-7f50bfd9c38d,chapter4.tex:666-795 (line 795 blank boundary omitted from target mapping)
urn:uuid:da4b75ca-0dac-50d4-9200-80c439be9f16,relation/unit/bab-4-teorema-sylow/section/01/covers/surface/unit-029/protected-math-zone/098-inline,urn:uuid:ac55ea4f-3c97-50eb-aaf0-c41aeba23c31,covers,urn:uuid:8a2e27c3-e206-540f-ad4b-551676b3f4cf,chapter4.tex:666-795 (line 795 blank boundary omitted from target mapping)
urn:uuid:0839d29a-a762-580b-bd1d-a5dbd9e4f7f3,relation/unit/bab-4-teorema-sylow/section/01/covers/surface/unit-029/protected-math-zone/099-inline,urn:uuid:ac55ea4f-3c97-50eb-aaf0-c41aeba23c31,covers,urn:uuid:daabe0ad-d6f8-5487-a3d7-1efd04f5cbcb,chapter4.tex:666-795 (line 795 blank boundary omitted from target mapping)
urn:uuid:1ade9f12-3a0a-5719-9d6f-593133fd132b,relation/unit/bab-4-teorema-sylow/section/01/covers/surface/unit-029/protected-math-zone/100-inline,urn:uuid:ac55ea4f-3c97-50eb-aaf0-c41aeba23c31,covers,urn:uuid:bb39c794-8f6c-5913-98ef-7699eea3b320,chapter4.tex:666-795 (line 795 blank boundary omitted from target mapping)
urn:uuid:ae03ddea-76e8-5bd8-9ca8-27e4930d414b,relation/unit/bab-4-teorema-sylow/section/01/covers/surface/unit-029/protected-math-zone/101-inline,urn:uuid:ac55ea4f-3c97-50eb-aaf0-c41aeba23c31,covers,urn:uuid:d47cfc1e-e11b-53c1-9e92-cfc336970c0e,chapter4.tex:666-795 (line 795 blank boundary omitted from target mapping)
urn:uuid:441ecd49-e8f1-5b07-b960-4a00528d00f6,relation/unit/bab-4-teorema-sylow/section/01/covers/surface/unit-029/protected-math-zone/102-inline,urn:uuid:ac55ea4f-3c97-50eb-aaf0-c41aeba23c31,covers,urn:uuid:e882e6da-86dd-5bc9-87ea-c95cd3378aa6,chapter4.tex:666-795 (line 795 blank boundary omitted from target mapping)
urn:uuid:41514295-6e5a-5aa0-b948-cc03cef45950,relation/unit/bab-4-teorema-sylow/section/01/covers/surface/unit-029/protected-math-zone/103-inline,urn:uuid:ac55ea4f-3c97-50eb-aaf0-c41aeba23c31,covers,urn:uuid:6e66bdea-5835-5e1e-b300-9733ec5e4ff3,chapter4.tex:666-795 (line 795 blank boundary omitted from target mapping)
urn:uuid:9df2c0b8-1c97-5be0-9ed7-fa87f22a5628,relation/unit/bab-4-teorema-sylow/section/01/covers/surface/unit-029/protected-math-zone/104-inline,urn:uuid:ac55ea4f-3c97-50eb-aaf0-c41aeba23c31,covers,urn:uuid:7c91a0d8-8d09-5492-90c4-a5ec9265c644,chapter4.tex:666-795 (line 795 blank boundary omitted from target mapping)
urn:uuid:188c784e-4408-55ab-b38b-5ae44d9f68ec,relation/unit/bab-4-teorema-sylow/section/01/covers/surface/unit-029/protected-math-zone/105-inline,urn:uuid:ac55ea4f-3c97-50eb-aaf0-c41aeba23c31,covers,urn:uuid:842c724b-1d7d-53f1-a260-4bf7a8316235,chapter4.tex:666-795 (line 795 blank boundary omitted from target mapping)
urn:uuid:6d1d24b0-044b-54d9-8201-cd1ab9c437f9,relation/unit/bab-4-teorema-sylow/section/01/covers/surface/unit-029/protected-math-zone/106-inline,urn:uuid:ac55ea4f-3c97-50eb-aaf0-c41aeba23c31,covers,urn:uuid:749d33f1-0434-5b47-bcf0-41927096518d,chapter4.tex:666-795 (line 795 blank boundary omitted from target mapping)
urn:uuid:307bbdf6-4bc5-5b4c-9847-5d789db2f21c,relation/unit/bab-4-teorema-sylow/section/01/covers/surface/unit-029/protected-math-zone/107-display-bracket,urn:uuid:ac55ea4f-3c97-50eb-aaf0-c41aeba23c31,covers,urn:uuid:4fc70b26-c34c-5252-9e74-cabc84808f7e,chapter4.tex:666-795 (line 795 blank boundary omitted from target mapping)
urn:uuid:34480c7f-d2ce-503a-96d8-89806916380b,relation/unit/bab-4-teorema-sylow/section/01/covers/surface/unit-029/protected-math-zone/108-display-bracket,urn:uuid:ac55ea4f-3c97-50eb-aaf0-c41aeba23c31,covers,urn:uuid:d60ceb4e-f108-57ed-85fc-fcf65af8d41c,chapter4.tex:666-795 (line 795 blank boundary omitted from target mapping)
urn:uuid:bae8e16a-eb99-56d7-8645-aa03a8516992,relation/unit/bab-4-teorema-sylow/section/01/covers/surface/unit-029/protected-math-zone/109-inline,urn:uuid:ac55ea4f-3c97-50eb-aaf0-c41aeba23c31,covers,urn:uuid:29ad2c3c-ae9b-5611-b18a-51f29c9106a9,chapter4.tex:666-795 (line 795 blank boundary omitted from target mapping)
urn:uuid:192fe372-c2be-55e8-b7af-1750b2be3d69,relation/unit/bab-4-teorema-sylow/section/01/covers/surface/unit-029/protected-math-zone/110-inline,urn:uuid:ac55ea4f-3c97-50eb-aaf0-c41aeba23c31,covers,urn:uuid:3ad63ffc-56c2-590c-a203-7c77c4f6687a,chapter4.tex:666-795 (line 795 blank boundary omitted from target mapping)
urn:uuid:43e571aa-afaf-5f9a-a58e-25d3cb0e9db5,relation/unit/bab-4-teorema-sylow/section/01/covers/surface/unit-029/protected-math-zone/111-inline,urn:uuid:ac55ea4f-3c97-50eb-aaf0-c41aeba23c31,covers,urn:uuid:da6ca011-01c0-5085-b53d-525cc923cd78,chapter4.tex:666-795 (line 795 blank boundary omitted from target mapping)
urn:uuid:32d8c35b-8339-5e42-8269-95df346ebcb8,relation/unit/bab-4-teorema-sylow/section/01/covers/surface/unit-029/protected-math-zone/112-inline,urn:uuid:ac55ea4f-3c97-50eb-aaf0-c41aeba23c31,covers,urn:uuid:f126e89f-b730-5381-8233-4b8c51683d48,chapter4.tex:666-795 (line 795 blank boundary omitted from target mapping)
urn:uuid:83621117-564b-5c7f-8186-1418c84a45c1,relation/unit/bab-4-teorema-sylow/section/01/covers/surface/unit-029/protected-math-zone/113-inline,urn:uuid:ac55ea4f-3c97-50eb-aaf0-c41aeba23c31,covers,urn:uuid:3b5ca680-4877-5fa3-ba84-13e2302d93d1,chapter4.tex:666-795 (line 795 blank boundary omitted from target mapping)
urn:uuid:371810c4-d4d1-5cea-807d-5f9acdb058ae,relation/unit/bab-4-teorema-sylow/section/01/covers/surface/unit-029/protected-math-zone/114-inline,urn:uuid:ac55ea4f-3c97-50eb-aaf0-c41aeba23c31,covers,urn:uuid:9552303b-3888-5636-bd45-a4da940f629d,chapter4.tex:666-795 (line 795 blank boundary omitted from target mapping)
urn:uuid:36398fc2-e129-5257-a506-4b57127d6183,relation/unit/bab-4-teorema-sylow/section/01/covers/surface/unit-029/protected-math-zone/115-inline,urn:uuid:ac55ea4f-3c97-50eb-aaf0-c41aeba23c31,covers,urn:uuid:47a09b23-026e-5350-b98a-6149aff84c2b,chapter4.tex:666-795 (line 795 blank boundary omitted from target mapping)
urn:uuid:f938b951-dfa2-5916-a9aa-df54deae6c72,relation/unit/bab-4-teorema-sylow/section/01/covers/surface/unit-029/protected-math-zone/116-inline,urn:uuid:ac55ea4f-3c97-50eb-aaf0-c41aeba23c31,covers,urn:uuid:fb14d7fd-f6ae-5553-a9df-a96870c9b8ff,chapter4.tex:666-795 (line 795 blank boundary omitted from target mapping)
urn:uuid:4c96ad82-c08f-5d4c-9791-a160b2962191,relation/unit/bab-4-teorema-sylow/section/01/covers/surface/unit-029/protected-math-zone/117-inline,urn:uuid:ac55ea4f-3c97-50eb-aaf0-c41aeba23c31,covers,urn:uuid:55ad8703-0c10-5ca8-a11f-938958b7b7b2,chapter4.tex:666-795 (line 795 blank boundary omitted from target mapping)
urn:uuid:634c56e6-75fb-562a-b298-57ccefeeb192,relation/unit/bab-4-teorema-sylow/section/01/covers/surface/unit-029/protected-math-zone/118-inline,urn:uuid:ac55ea4f-3c97-50eb-aaf0-c41aeba23c31,covers,urn:uuid:0884dd53-b6fb-54d3-8cb5-7be5463aaa60,chapter4.tex:666-795 (line 795 blank boundary omitted from target mapping)
urn:uuid:2dc89e5a-5b2e-5a33-9c37-6b8c28ca8810,relation/unit/bab-4-teorema-sylow/section/01/covers/surface/unit-029/protected-math-zone/119-inline,urn:uuid:ac55ea4f-3c97-50eb-aaf0-c41aeba23c31,covers,urn:uuid:2d8fbcb2-f6bb-58ba-9b71-271e76707993,chapter4.tex:666-795 (line 795 blank boundary omitted from target mapping)
urn:uuid:2952924d-74bd-5707-aff5-5c3e9ff21290,relation/unit/bab-4-teorema-sylow/section/01/covers/surface/unit-029/protected-math-zone/120-inline,urn:uuid:ac55ea4f-3c97-50eb-aaf0-c41aeba23c31,covers,urn:uuid:d5eb8008-f4d3-57f9-8840-6b7b14007c26,chapter4.tex:666-795 (line 795 blank boundary omitted from target mapping)
urn:uuid:ed2308a1-61cb-5069-9a1d-a6c5c25147e4,relation/unit/bab-4-teorema-sylow/section/01/covers/surface/unit-029/protected-math-zone/121-inline,urn:uuid:ac55ea4f-3c97-50eb-aaf0-c41aeba23c31,covers,urn:uuid:6f9b5456-2e56-53d5-8796-2dd71442c4fc,chapter4.tex:666-795 (line 795 blank boundary omitted from target mapping)
urn:uuid:fd666688-604d-5384-a208-04e1cece6b8c,relation/unit/bab-4-teorema-sylow/section/01/covers/surface/unit-029/protected-math-zone/122-inline,urn:uuid:ac55ea4f-3c97-50eb-aaf0-c41aeba23c31,covers,urn:uuid:2ab0dd9b-b059-527b-a9c4-2c2c0ad3f313,chapter4.tex:666-795 (line 795 blank boundary omitted from target mapping)
urn:uuid:264aceef-1ec9-5537-b89a-fa0f39317c4e,relation/unit/bab-4-teorema-sylow/section/01/covers/surface/unit-029/protected-math-zone/123-inline,urn:uuid:ac55ea4f-3c97-50eb-aaf0-c41aeba23c31,covers,urn:uuid:46a53b70-4f3d-556a-821b-8b55c4d6f7a4,chapter4.tex:666-795 (line 795 blank boundary omitted from target mapping)
urn:uuid:738c8d5d-3880-54f8-8063-5494abf27a51,relation/unit/bab-4-teorema-sylow/section/01/covers/surface/unit-029/protected-math-zone/124-inline,urn:uuid:ac55ea4f-3c97-50eb-aaf0-c41aeba23c31,covers,urn:uuid:961d75aa-15a3-56d3-8ab2-b3af5624dbd7,chapter4.tex:666-795 (line 795 blank boundary omitted from target mapping)
urn:uuid:768b4831-2d61-5452-b8a4-3b33e2e2769d,relation/unit/bab-4-teorema-sylow/section/01/covers/surface/unit-029/protected-math-zone/125-inline,urn:uuid:ac55ea4f-3c97-50eb-aaf0-c41aeba23c31,covers,urn:uuid:5621f54f-1130-5170-bce0-cdbc1312e06b,chapter4.tex:666-795 (line 795 blank boundary omitted from target mapping)
urn:uuid:503227ac-0bb7-5a5e-8055-eaf34b0c8b93,relation/unit/bab-4-teorema-sylow/section/01/covers/surface/unit-029/protected-math-zone/126-inline,urn:uuid:ac55ea4f-3c97-50eb-aaf0-c41aeba23c31,covers,urn:uuid:3712cc33-52a4-5e40-acbc-357b07317348,chapter4.tex:666-795 (line 795 blank boundary omitted from target mapping)
urn:uuid:90d0e05a-66ab-5a32-bc53-29017d733655,relation/unit/bab-4-teorema-sylow/section/01/covers/surface/unit-029/protected-math-zone/127-inline,urn:uuid:ac55ea4f-3c97-50eb-aaf0-c41aeba23c31,covers,urn:uuid:5c84471e-e374-5eba-a988-3e01a2f7ec0a,chapter4.tex:666-795 (line 795 blank boundary omitted from target mapping)
urn:uuid:955de5fa-aa18-51c1-81c2-03df73127597,relation/unit/bab-4-teorema-sylow/section/01/covers/surface/unit-029/protected-math-zone/128-inline,urn:uuid:ac55ea4f-3c97-50eb-aaf0-c41aeba23c31,covers,urn:uuid:1f2890d5-28e7-50f7-9b16-f039eecb7e09,chapter4.tex:666-795 (line 795 blank boundary omitted from target mapping)
urn:uuid:2ee3f669-8068-59e2-bba5-26dbd2d5c097,relation/unit/bab-4-teorema-sylow/section/01/covers/surface/unit-029/protected-math-zone/129-inline,urn:uuid:ac55ea4f-3c97-50eb-aaf0-c41aeba23c31,covers,urn:uuid:7c85fe36-4799-5756-a6e3-bc4945770cf8,chapter4.tex:666-795 (line 795 blank boundary omitted from target mapping)
urn:uuid:1ad1d2a7-e489-59a3-9a33-f946f17c8aa6,relation/unit/bab-4-teorema-sylow/section/01/covers/surface/unit-029/protected-math-zone/130-inline,urn:uuid:ac55ea4f-3c97-50eb-aaf0-c41aeba23c31,covers,urn:uuid:17ad2743-03b4-5396-9685-237580528bee,chapter4.tex:666-795 (line 795 blank boundary omitted from target mapping)
urn:uuid:242e85f9-5310-5aef-b4be-39f4d05b83e9,relation/unit/bab-4-teorema-sylow/section/01/covers/surface/unit-029/protected-math-zone/131-inline,urn:uuid:ac55ea4f-3c97-50eb-aaf0-c41aeba23c31,covers,urn:uuid:14dd13b4-b4c8-5a35-b219-ece4e2d6b146,chapter4.tex:666-795 (line 795 blank boundary omitted from target mapping)
urn:uuid:5eca3fa3-7594-5c34-818e-811a99fbe9ac,relation/unit/bab-4-teorema-sylow/section/01/covers/surface/unit-029/protected-math-zone/132-inline,urn:uuid:ac55ea4f-3c97-50eb-aaf0-c41aeba23c31,covers,urn:uuid:78f5944d-7819-5133-ac16-901ad9fd7133,chapter4.tex:666-795 (line 795 blank boundary omitted from target mapping)
urn:uuid:13812502-c525-51d5-855d-525de85acc54,relation/unit/bab-4-teorema-sylow/section/01/covers/surface/unit-029/protected-math-zone/133-inline,urn:uuid:ac55ea4f-3c97-50eb-aaf0-c41aeba23c31,covers,urn:uuid:4d039e74-0964-5e58-b66d-631a3fe6d9cd,chapter4.tex:666-795 (line 795 blank boundary omitted from target mapping)
urn:uuid:6bbae97c-2ab9-55e9-9f85-7015207c02c8,relation/unit/bab-4-teorema-sylow/section/01/covers/surface/unit-029/protected-math-zone/134-inline,urn:uuid:ac55ea4f-3c97-50eb-aaf0-c41aeba23c31,covers,urn:uuid:ccdd0abf-c77a-53ad-9707-8258d1914e3c,chapter4.tex:666-795 (line 795 blank boundary omitted from target mapping)
urn:uuid:022b4cbb-b78a-50de-84ce-d475b8aa80c6,relation/unit/bab-4-teorema-sylow/section/01/covers/surface/unit-029/protected-math-zone/135-inline,urn:uuid:ac55ea4f-3c97-50eb-aaf0-c41aeba23c31,covers,urn:uuid:145d873c-093a-547f-b12b-00c7e3ce256f,chapter4.tex:666-795 (line 795 blank boundary omitted from target mapping)
urn:uuid:4c8cab46-8bdf-50dd-aaaa-4cab816457f0,relation/unit/bab-4-teorema-sylow/section/01/covers/surface/unit-029/protected-math-zone/136-inline,urn:uuid:ac55ea4f-3c97-50eb-aaf0-c41aeba23c31,covers,urn:uuid:2dc6d01b-bda1-587f-ba68-8ab07bf9a202,chapter4.tex:666-795 (line 795 blank boundary omitted from target mapping)
urn:uuid:e6e05bd5-4879-5a1a-9ab7-f5c5dd956945,relation/unit/bab-4-teorema-sylow/section/01/covers/surface/unit-029/protected-math-zone/137-inline,urn:uuid:ac55ea4f-3c97-50eb-aaf0-c41aeba23c31,covers,urn:uuid:d944d353-a71d-583b-bcf5-f074f29db51c,chapter4.tex:666-795 (line 795 blank boundary omitted from target mapping)
urn:uuid:557ab0ed-599e-575d-8d69-2c76bd614e5b,relation/unit/bab-4-teorema-sylow/section/01/covers/surface/unit-029/protected-math-zone/138-inline,urn:uuid:ac55ea4f-3c97-50eb-aaf0-c41aeba23c31,covers,urn:uuid:0fc14f81-896d-5d03-9426-f11a7e68bd4c,chapter4.tex:666-795 (line 795 blank boundary omitted from target mapping)
urn:uuid:5e348979-736d-5c49-89ae-96b4ba5c12ef,relation/unit/bab-4-teorema-sylow/section/01/covers/surface/unit-029/protected-math-zone/139-inline,urn:uuid:ac55ea4f-3c97-50eb-aaf0-c41aeba23c31,covers,urn:uuid:6a19f9b0-9fba-5be4-9c95-260189ccd196,chapter4.tex:666-795 (line 795 blank boundary omitted from target mapping)
urn:uuid:d20f86fe-980c-5e2c-9199-fa3711078e97,relation/unit/bab-4-teorema-sylow/section/01/covers/surface/unit-029/protected-math-zone/140-inline,urn:uuid:ac55ea4f-3c97-50eb-aaf0-c41aeba23c31,covers,urn:uuid:0de1e4ea-0758-5a57-88bb-bc478a058556,chapter4.tex:666-795 (line 795 blank boundary omitted from target mapping)
urn:uuid:a43a2c10-30cc-52fb-9e6c-337d83a5776d,relation/unit/bab-4-teorema-sylow/section/01/covers/surface/unit-029/protected-math-zone/141-inline,urn:uuid:ac55ea4f-3c97-50eb-aaf0-c41aeba23c31,covers,urn:uuid:80202e0c-27fd-533b-b473-52ba9ff1291b,chapter4.tex:666-795 (line 795 blank boundary omitted from target mapping)
urn:uuid:0a5543fe-85a7-59fd-954e-9c2c3aac908b,relation/unit/bab-4-teorema-sylow/section/01/covers/surface/unit-029/protected-math-zone/142-inline,urn:uuid:ac55ea4f-3c97-50eb-aaf0-c41aeba23c31,covers,urn:uuid:4d109dce-c49b-5a40-b60d-a8e6d5fe757d,chapter4.tex:666-795 (line 795 blank boundary omitted from target mapping)
urn:uuid:e457cb14-4705-5adf-b889-bb5fce904d83,relation/unit/bab-4-teorema-sylow/section/01/covers/surface/unit-029/protected-math-zone/143-inline,urn:uuid:ac55ea4f-3c97-50eb-aaf0-c41aeba23c31,covers,urn:uuid:b7c04079-750e-5ca9-aee0-78b37b242b9d,chapter4.tex:666-795 (line 795 blank boundary omitted from target mapping)
urn:uuid:96810d42-c0e9-502d-84e4-d45b00f7fedf,relation/unit/bab-4-teorema-sylow/section/01/covers/surface/unit-029/protected-math-zone/144-inline,urn:uuid:ac55ea4f-3c97-50eb-aaf0-c41aeba23c31,covers,urn:uuid:db564b52-2081-5a28-afd2-a54bb312e1cd,chapter4.tex:666-795 (line 795 blank boundary omitted from target mapping)
urn:uuid:77a5e106-b07c-5831-bc47-1f62f62047c3,relation/unit/bab-4-teorema-sylow/section/01/covers/surface/unit-029/protected-math-zone/145-inline,urn:uuid:ac55ea4f-3c97-50eb-aaf0-c41aeba23c31,covers,urn:uuid:cb3a49a6-95aa-56b4-a20d-2f633473212a,chapter4.tex:666-795 (line 795 blank boundary omitted from target mapping)
urn:uuid:c0078b94-f350-5a27-bc62-0ebe7542494d,relation/unit/bab-4-teorema-sylow/section/01/covers/surface/unit-029/protected-math-zone/146-inline,urn:uuid:ac55ea4f-3c97-50eb-aaf0-c41aeba23c31,covers,urn:uuid:5daa0ac9-94c1-58cd-9c8c-7747b8a67de9,chapter4.tex:666-795 (line 795 blank boundary omitted from target mapping)
urn:uuid:7667d2d7-917c-53d2-a3b0-ad2554e0e682,relation/unit/bab-4-teorema-sylow/section/01/covers/surface/unit-029/protected-math-zone/147-inline,urn:uuid:ac55ea4f-3c97-50eb-aaf0-c41aeba23c31,covers,urn:uuid:3b1a516d-4ac4-5cc8-87b8-3e883d5d496e,chapter4.tex:666-795 (line 795 blank boundary omitted from target mapping)
urn:uuid:9f025111-74a0-52c3-87be-792a74f71044,relation/unit/bab-4-teorema-sylow/section/01/covers/surface/unit-029/protected-math-zone/148-inline,urn:uuid:ac55ea4f-3c97-50eb-aaf0-c41aeba23c31,covers,urn:uuid:b26577d4-4586-5c8d-b36b-4bd65458685f,chapter4.tex:666-795 (line 795 blank boundary omitted from target mapping)
urn:uuid:56796f1c-a7c6-555a-b6e1-5fa6ff8cb797,relation/unit/bab-4-teorema-sylow/section/01/covers/surface/unit-029/protected-math-zone/149-inline,urn:uuid:ac55ea4f-3c97-50eb-aaf0-c41aeba23c31,covers,urn:uuid:6f5cfe08-7186-5871-bbdb-def78d5e0c97,chapter4.tex:666-795 (line 795 blank boundary omitted from target mapping)
urn:uuid:6061158d-de72-5004-8b89-14b9137441e2,relation/unit/bab-4-teorema-sylow/section/01/covers/surface/unit-029/protected-math-zone/150-inline,urn:uuid:ac55ea4f-3c97-50eb-aaf0-c41aeba23c31,covers,urn:uuid:407c2bdf-d12c-5b9d-9a84-745313cb9b06,chapter4.tex:666-795 (line 795 blank boundary omitted from target mapping)
urn:uuid:e5402aa4-f4cd-5233-8545-24fb235e48d5,relation/unit/bab-4-teorema-sylow/section/01/covers/surface/unit-029/protected-math-zone/151-inline,urn:uuid:ac55ea4f-3c97-50eb-aaf0-c41aeba23c31,covers,urn:uuid:d3f19070-b0c2-500b-b1c8-2d4c796426f4,chapter4.tex:666-795 (line 795 blank boundary omitted from target mapping)
urn:uuid:41933ef1-cfad-5272-a182-9a2b4be7664f,relation/unit/bab-4-teorema-sylow/section/01/covers/surface/unit-029/protected-math-zone/152-inline,urn:uuid:ac55ea4f-3c97-50eb-aaf0-c41aeba23c31,covers,urn:uuid:0b1c39f2-8dfb-548b-9303-5c5d7c0ec643,chapter4.tex:666-795 (line 795 blank boundary omitted from target mapping)
urn:uuid:cecf3b7d-929f-5fab-b4c5-ab828ee98844,relation/unit/bab-4-teorema-sylow/section/01/covers/surface/unit-029/protected-math-zone/153-inline,urn:uuid:ac55ea4f-3c97-50eb-aaf0-c41aeba23c31,covers,urn:uuid:ee36673c-5b3b-5136-9eed-862942ae35ab,chapter4.tex:666-795 (line 795 blank boundary omitted from target mapping)
urn:uuid:2169c210-d98c-549b-af23-4c6dba84def7,relation/unit/bab-4-teorema-sylow/section/01/covers/surface/unit-029/protected-math-zone/154-inline,urn:uuid:ac55ea4f-3c97-50eb-aaf0-c41aeba23c31,covers,urn:uuid:b729065e-4b50-5969-90e3-75d48f97b25d,chapter4.tex:666-795 (line 795 blank boundary omitted from target mapping)
urn:uuid:ed13e59a-515b-5bdd-9443-f872db4fea0a,relation/unit/bab-4-teorema-sylow/section/01/covers/surface/unit-029/protected-math-zone/155-inline,urn:uuid:ac55ea4f-3c97-50eb-aaf0-c41aeba23c31,covers,urn:uuid:ab415592-15e6-57ca-933f-e72b7eacbcd1,chapter4.tex:666-795 (line 795 blank boundary omitted from target mapping)
urn:uuid:1a33780f-8b55-5eb0-8056-0685e032ce65,relation/unit/bab-4-teorema-sylow/section/01/covers/surface/unit-029/protected-math-zone/156-inline,urn:uuid:ac55ea4f-3c97-50eb-aaf0-c41aeba23c31,covers,urn:uuid:48d07eba-1325-505d-8fe5-d054be581cee,chapter4.tex:666-795 (line 795 blank boundary omitted from target mapping)
urn:uuid:9f131283-3791-5609-8eec-520b71cf629c,relation/unit/bab-4-teorema-sylow/section/01/covers/surface/unit-029/protected-math-zone/157-display-bracket,urn:uuid:ac55ea4f-3c97-50eb-aaf0-c41aeba23c31,covers,urn:uuid:7a95e741-3ec5-5ac1-9dfa-0c40a25a15dd,chapter4.tex:666-795 (line 795 blank boundary omitted from target mapping)
urn:uuid:02f29e3a-5e9c-54c3-9f91-0a5399f0c20c,relation/unit/bab-4-teorema-sylow/section/01/covers/surface/unit-029/protected-math-zone/158-inline,urn:uuid:ac55ea4f-3c97-50eb-aaf0-c41aeba23c31,covers,urn:uuid:8ed194c0-ba9f-544b-a9f2-646c5b604ffb,chapter4.tex:666-795 (line 795 blank boundary omitted from target mapping)
urn:uuid:1cf97e2b-f8a5-58b1-a9c2-f81e6eec954d,relation/unit/bab-4-teorema-sylow/section/01/covers/surface/unit-029/protected-math-zone/159-inline,urn:uuid:ac55ea4f-3c97-50eb-aaf0-c41aeba23c31,covers,urn:uuid:461c8c67-79bd-5954-b027-62e1e1d173d3,chapter4.tex:666-795 (line 795 blank boundary omitted from target mapping)
urn:uuid:f4e3fea1-b370-5de3-a52a-fc304af60ddd,relation/unit/bab-4-teorema-sylow/section/01/covers/surface/unit-029/protected-math-zone/160-inline,urn:uuid:ac55ea4f-3c97-50eb-aaf0-c41aeba23c31,covers,urn:uuid:92aae3d8-45fe-5fdf-834d-1e6273002319,chapter4.tex:666-795 (line 795 blank boundary omitted from target mapping)
urn:uuid:a1ec5492-afa1-5659-9e79-2bd8ff848f98,relation/unit/bab-4-teorema-sylow/section/01/covers/surface/unit-029/protected-math-zone/161-inline,urn:uuid:ac55ea4f-3c97-50eb-aaf0-c41aeba23c31,covers,urn:uuid:9be26aa7-3e57-5c21-8ced-c227c926fb48,chapter4.tex:666-795 (line 795 blank boundary omitted from target mapping)
urn:uuid:4cc5ea5e-c2f7-5626-8e1e-4a354024a61c,relation/unit/bab-4-teorema-sylow/section/01/covers/surface/unit-029/protected-math-zone/162-inline,urn:uuid:ac55ea4f-3c97-50eb-aaf0-c41aeba23c31,covers,urn:uuid:2e363105-008f-5ffb-8aed-f53ce93adfa4,chapter4.tex:666-795 (line 795 blank boundary omitted from target mapping)
urn:uuid:6a86c161-1d91-56c0-ab0a-2ab01485a4bf,relation/unit/bab-4-teorema-sylow/section/01/covers/surface/unit-029/protected-math-zone/163-display-environment,urn:uuid:ac55ea4f-3c97-50eb-aaf0-c41aeba23c31,covers,urn:uuid:d80cf995-3d6c-55d6-8ace-ef2a94f2071c,chapter4.tex:666-795 (line 795 blank boundary omitted from target mapping)
urn:uuid:c9f7b75e-9f39-52d9-a962-8b652e7c8c3d,relation/unit/bab-4-teorema-sylow/section/01/covers/surface/unit-029/protected-math-zone/164-inline,urn:uuid:ac55ea4f-3c97-50eb-aaf0-c41aeba23c31,covers,urn:uuid:b3c887de-c2db-5304-8c64-19ed98764011,chapter4.tex:666-795 (line 795 blank boundary omitted from target mapping)
urn:uuid:7580bfc8-ad12-5912-89c2-8f75d2c20880,relation/unit/bab-4-teorema-sylow/section/01/covers/surface/unit-029/protected-math-zone/165-inline,urn:uuid:ac55ea4f-3c97-50eb-aaf0-c41aeba23c31,covers,urn:uuid:11eb4301-1bb9-53ee-b94a-62fdbafde066,chapter4.tex:666-795 (line 795 blank boundary omitted from target mapping)
urn:uuid:c0b42989-2f3e-54d6-bb40-ad47c9afafdf,relation/unit/bab-4-teorema-sylow/section/01/covers/surface/unit-029/protected-math-zone/166-inline,urn:uuid:ac55ea4f-3c97-50eb-aaf0-c41aeba23c31,covers,urn:uuid:f0a77ad7-f2dd-584c-82c9-e1fa6fa931bb,chapter4.tex:666-795 (line 795 blank boundary omitted from target mapping)
urn:uuid:f8768680-ac03-5bea-b880-d3ba89ee923b,relation/unit/bab-4-teorema-sylow/section/01/covers/surface/unit-029/protected-math-zone/167-inline,urn:uuid:ac55ea4f-3c97-50eb-aaf0-c41aeba23c31,covers,urn:uuid:ea660d9b-87ba-5797-9f15-b72d6f0c6411,chapter4.tex:666-795 (line 795 blank boundary omitted from target mapping)
urn:uuid:d2a8ac04-3abd-51a4-864a-8ed1af3bb88a,relation/unit/bab-4-teorema-sylow/section/01/covers/surface/unit-029/protected-math-zone/168-inline,urn:uuid:ac55ea4f-3c97-50eb-aaf0-c41aeba23c31,covers,urn:uuid:d997c36b-d78f-540b-92eb-6e81a7dc4c64,chapter4.tex:666-795 (line 795 blank boundary omitted from target mapping)
urn:uuid:6654bcca-1bf5-58ef-a07b-59b4100474be,relation/unit/bab-4-teorema-sylow/section/01/covers/surface/unit-029/protected-math-zone/169-inline,urn:uuid:ac55ea4f-3c97-50eb-aaf0-c41aeba23c31,covers,urn:uuid:0a40fb03-47b2-5d10-853d-4182732129a3,chapter4.tex:666-795 (line 795 blank boundary omitted from target mapping)
urn:uuid:17bd261f-19ab-57c6-a2d5-f3b5fd3f9464,relation/unit/bab-4-teorema-sylow/section/01/covers/surface/unit-029/protected-math-zone/170-inline,urn:uuid:ac55ea4f-3c97-50eb-aaf0-c41aeba23c31,covers,urn:uuid:e021609a-e95b-5cf3-9437-a579b8127a29,chapter4.tex:666-795 (line 795 blank boundary omitted from target mapping)
urn:uuid:efa76703-3c4c-509d-b610-9e0e3c35bc9a,relation/unit/bab-4-teorema-sylow/section/01/covers/surface/unit-029/protected-math-zone/171-inline,urn:uuid:ac55ea4f-3c97-50eb-aaf0-c41aeba23c31,covers,urn:uuid:a2bb9bf7-2d4e-5d82-b0c8-9e40e73b117a,chapter4.tex:666-795 (line 795 blank boundary omitted from target mapping)
urn:uuid:43f94d22-afe3-51b6-9689-c9b8c0c9d3b4,relation/unit/bab-4-teorema-sylow/section/01/covers/surface/unit-029/protected-math-zone/172-inline,urn:uuid:ac55ea4f-3c97-50eb-aaf0-c41aeba23c31,covers,urn:uuid:066a4b15-1133-543d-9470-232fd8f69656,chapter4.tex:666-795 (line 795 blank boundary omitted from target mapping)
urn:uuid:624d5e47-4bc0-59ad-801b-53e781bfc3ab,relation/unit/bab-4-teorema-sylow/section/01/covers/surface/unit-029/protected-math-zone/173-inline,urn:uuid:ac55ea4f-3c97-50eb-aaf0-c41aeba23c31,covers,urn:uuid:911ffc35-734f-57d4-8496-54868d2f0656,chapter4.tex:666-795 (line 795 blank boundary omitted from target mapping)
urn:uuid:ed3d0b67-b39c-51c1-ab7f-a5677364b179,relation/unit/bab-4-teorema-sylow/section/01/covers/surface/unit-029/protected-math-zone/174-inline,urn:uuid:ac55ea4f-3c97-50eb-aaf0-c41aeba23c31,covers,urn:uuid:f1068da8-bf6f-5f79-b4e4-f5f6f0578cb7,chapter4.tex:666-795 (line 795 blank boundary omitted from target mapping)
urn:uuid:add3b6a5-e466-553a-9190-14a80b46047b,relation/unit/bab-4-teorema-sylow/section/01/covers/surface/unit-029/protected-math-zone/175-inline,urn:uuid:ac55ea4f-3c97-50eb-aaf0-c41aeba23c31,covers,urn:uuid:49fed0d2-59d5-5889-8695-2329aa0f8412,chapter4.tex:666-795 (line 795 blank boundary omitted from target mapping)
urn:uuid:80172a6c-4427-50c1-88bb-3c06973945de,relation/unit/bab-4-teorema-sylow/section/01/covers/surface/unit-029/protected-math-zone/176-inline,urn:uuid:ac55ea4f-3c97-50eb-aaf0-c41aeba23c31,covers,urn:uuid:5ee66a50-49eb-5986-bcc9-64f71a78009a,chapter4.tex:666-795 (line 795 blank boundary omitted from target mapping)
urn:uuid:8b03a083-9f4b-53c2-b682-9f72beffba1a,relation/unit/bab-4-teorema-sylow/section/01/covers/surface/unit-029/protected-math-zone/177-inline,urn:uuid:ac55ea4f-3c97-50eb-aaf0-c41aeba23c31,covers,urn:uuid:16405d26-ccd3-505f-8ade-acc2e59dd1be,chapter4.tex:666-795 (line 795 blank boundary omitted from target mapping)
urn:uuid:8b517312-95b3-54f7-95f1-d308348829a4,relation/unit/bab-4-teorema-sylow/section/01/covers/surface/unit-029/protected-math-zone/178-inline,urn:uuid:ac55ea4f-3c97-50eb-aaf0-c41aeba23c31,covers,urn:uuid:b83c52ee-33bd-520d-8e23-51503ebf7044,chapter4.tex:666-795 (line 795 blank boundary omitted from target mapping)
urn:uuid:2ca3207f-8052-5727-a887-69c752f2a8d5,relation/unit/bab-4-teorema-sylow/section/01/covers/surface/unit-029/protected-math-zone/179-inline,urn:uuid:ac55ea4f-3c97-50eb-aaf0-c41aeba23c31,covers,urn:uuid:72eddace-afe2-5f7b-9557-20c2cf499e44,chapter4.tex:666-795 (line 795 blank boundary omitted from target mapping)
urn:uuid:3e3cad5b-998f-5659-9588-40365d8b9f3f,relation/unit/bab-4-teorema-sylow/section/01/covers/surface/unit-029/protected-math-zone/180-inline,urn:uuid:ac55ea4f-3c97-50eb-aaf0-c41aeba23c31,covers,urn:uuid:d0db0c23-b37a-5956-85d0-9a288f6ee8cd,chapter4.tex:666-795 (line 795 blank boundary omitted from target mapping)
urn:uuid:23fae331-699e-5ccd-a847-6eff4e2e5a67,relation/unit/bab-4-teorema-sylow/section/01/covers/surface/unit-029/protected-math-zone/181-inline,urn:uuid:ac55ea4f-3c97-50eb-aaf0-c41aeba23c31,covers,urn:uuid:acb43dcb-301e-5be7-950a-91f70d7d3328,chapter4.tex:666-795 (line 795 blank boundary omitted from target mapping)
urn:uuid:7efbde2a-f2bf-5677-a0c7-4fac166224b4,relation/unit/bab-4-teorema-sylow/section/01/covers/surface/unit-029/protected-math-zone/182-inline,urn:uuid:ac55ea4f-3c97-50eb-aaf0-c41aeba23c31,covers,urn:uuid:c66716a2-1b12-5f45-a04d-2cc346e241b9,chapter4.tex:666-795 (line 795 blank boundary omitted from target mapping)
urn:uuid:9f7f473b-a5e9-5694-ac00-5770c605bbe9,relation/unit/bab-4-teorema-sylow/section/01/covers/surface/unit-029/protected-math-zone/183-inline,urn:uuid:ac55ea4f-3c97-50eb-aaf0-c41aeba23c31,covers,urn:uuid:534109fb-50c5-5965-8df1-f378226f102c,chapter4.tex:666-795 (line 795 blank boundary omitted from target mapping)
urn:uuid:9ed78d61-68d1-5f51-872a-abcb4c9b6ec9,relation/unit/bab-4-teorema-sylow/section/01/covers/surface/unit-029/protected-math-zone/184-inline,urn:uuid:ac55ea4f-3c97-50eb-aaf0-c41aeba23c31,covers,urn:uuid:70309080-971a-5d66-a941-3af7aaa43544,chapter4.tex:666-795 (line 795 blank boundary omitted from target mapping)
urn:uuid:1186fcf4-a963-5fc6-9697-10ef947e308e,relation/unit/bab-4-teorema-sylow/section/01/covers/surface/unit-029/protected-math-zone/185-inline,urn:uuid:ac55ea4f-3c97-50eb-aaf0-c41aeba23c31,covers,urn:uuid:05d787a8-fb58-50cf-a3dc-79aff3977c45,chapter4.tex:666-795 (line 795 blank boundary omitted from target mapping)
urn:uuid:6b62cf6e-57a8-5b23-a6b3-108089198057,relation/unit/bab-4-teorema-sylow/section/01/covers/surface/unit-029/protected-math-zone/186-inline,urn:uuid:ac55ea4f-3c97-50eb-aaf0-c41aeba23c31,covers,urn:uuid:059c3431-8f34-5ff2-af55-789e5278002f,chapter4.tex:666-795 (line 795 blank boundary omitted from target mapping)
urn:uuid:b1be4750-4198-51db-b87d-0686ef745ea8,relation/unit/bab-4-teorema-sylow/section/01/covers/surface/unit-029/protected-math-zone/187-inline,urn:uuid:ac55ea4f-3c97-50eb-aaf0-c41aeba23c31,covers,urn:uuid:f1f7bbef-4bbc-5ee7-80fe-039bf4e7e3ff,chapter4.tex:666-795 (line 795 blank boundary omitted from target mapping)
urn:uuid:6e8d0af9-ddaf-5289-a4cd-37795af93c13,relation/unit/bab-4-teorema-sylow/section/01/covers/surface/unit-029/protected-math-zone/188-inline,urn:uuid:ac55ea4f-3c97-50eb-aaf0-c41aeba23c31,covers,urn:uuid:be477e41-2ee0-545b-a5d7-8028c819ac94,chapter4.tex:666-795 (line 795 blank boundary omitted from target mapping)
urn:uuid:0b692c10-34ce-520d-98e0-61798a23c67b,relation/unit/bab-4-teorema-sylow/section/01/covers/surface/unit-029/protected-math-zone/189-inline,urn:uuid:ac55ea4f-3c97-50eb-aaf0-c41aeba23c31,covers,urn:uuid:8523aff5-21b8-583d-b450-3f4d93cadfcb,chapter4.tex:666-795 (line 795 blank boundary omitted from target mapping)
urn:uuid:72adf852-6542-575a-aef4-a5ef5dc79ef7,relation/unit/bab-4-teorema-sylow/section/01/covers/surface/unit-029/protected-math-zone/190-inline,urn:uuid:ac55ea4f-3c97-50eb-aaf0-c41aeba23c31,covers,urn:uuid:1592cda9-31e9-5d59-8dff-26f5325c7286,chapter4.tex:666-795 (line 795 blank boundary omitted from target mapping)
urn:uuid:411eb5e9-7414-57ed-ac26-f3988e660af6,relation/unit/bab-4-teorema-sylow/section/01/covers/surface/unit-029/protected-math-zone/191-inline,urn:uuid:ac55ea4f-3c97-50eb-aaf0-c41aeba23c31,covers,urn:uuid:10259a5b-443a-575d-ae7c-588c2a29fcac,chapter4.tex:666-795 (line 795 blank boundary omitted from target mapping)
urn:uuid:32af2767-dd2c-598b-9aa5-ce6ecf7ecc96,relation/unit/bab-4-teorema-sylow/section/01/covers/surface/unit-029/protected-math-zone/192-inline,urn:uuid:ac55ea4f-3c97-50eb-aaf0-c41aeba23c31,covers,urn:uuid:171b0e1e-3ea6-5a8e-ac92-5faa186dc6e7,chapter4.tex:666-795 (line 795 blank boundary omitted from target mapping)
urn:uuid:c7890790-d125-56de-ad12-d0e780699632,relation/unit/bab-4-teorema-sylow/section/01/covers/surface/unit-029/protected-math-zone/193-inline,urn:uuid:ac55ea4f-3c97-50eb-aaf0-c41aeba23c31,covers,urn:uuid:750729ee-a182-5921-b2aa-64408733707e,chapter4.tex:666-795 (line 795 blank boundary omitted from target mapping)
urn:uuid:2e02cb72-67aa-57d0-b450-27352ffe886f,relation/unit/bab-4-teorema-sylow/section/01/covers/surface/unit-029/protected-math-zone/194-inline,urn:uuid:ac55ea4f-3c97-50eb-aaf0-c41aeba23c31,covers,urn:uuid:8ee156a6-9073-5815-85b3-ed3418de8ab8,chapter4.tex:666-795 (line 795 blank boundary omitted from target mapping)
urn:uuid:527c14ac-02f7-5891-bd34-d1d8addaad80,relation/unit/bab-4-teorema-sylow/section/01/covers/surface/unit-029/protected-math-zone/195-inline,urn:uuid:ac55ea4f-3c97-50eb-aaf0-c41aeba23c31,covers,urn:uuid:960415e6-0815-5383-9aa7-362a3977a5d2,chapter4.tex:666-795 (line 795 blank boundary omitted from target mapping)
urn:uuid:5a110b43-318a-5356-8d0e-7be64ba60f59,relation/unit/bab-4-teorema-sylow/section/01/covers/surface/unit-029/protected-math-zone/196-inline,urn:uuid:ac55ea4f-3c97-50eb-aaf0-c41aeba23c31,covers,urn:uuid:f0823dba-4580-538e-b54b-7aceba876ae4,chapter4.tex:666-795 (line 795 blank boundary omitted from target mapping)
urn:uuid:329016e7-c75f-599b-8d16-c3ac4e19eee4,relation/unit/bab-4-teorema-sylow/section/01/covers/surface/unit-029/protected-math-zone/197-inline,urn:uuid:ac55ea4f-3c97-50eb-aaf0-c41aeba23c31,covers,urn:uuid:d96c57ad-827c-5c44-baaa-0354ba85cf80,chapter4.tex:666-795 (line 795 blank boundary omitted from target mapping)
urn:uuid:aef5d1a9-e44f-592a-bcbe-e7c096f9237e,relation/unit/bab-4-teorema-sylow/section/01/covers/surface/unit-029/protected-math-zone/198-inline,urn:uuid:ac55ea4f-3c97-50eb-aaf0-c41aeba23c31,covers,urn:uuid:d72ed0f6-ac68-5a65-aeb0-5602cd1ba3fa,chapter4.tex:666-795 (line 795 blank boundary omitted from target mapping)
urn:uuid:6ac5bf14-649d-5a6f-a88e-9cc46fd24e75,relation/unit/bab-4-teorema-sylow/section/01/covers/surface/unit-029/protected-math-zone/199-inline,urn:uuid:ac55ea4f-3c97-50eb-aaf0-c41aeba23c31,covers,urn:uuid:17a5f316-b17e-50a3-9ba7-19796451eace,chapter4.tex:666-795 (line 795 blank boundary omitted from target mapping)
urn:uuid:9e512adf-c034-5c4f-8688-d4e7c3a30bdb,relation/unit/bab-4-teorema-sylow/section/01/covers/surface/unit-029/protected-math-zone/200-inline,urn:uuid:ac55ea4f-3c97-50eb-aaf0-c41aeba23c31,covers,urn:uuid:5c77a1fd-bf95-586d-b8df-b0bdb60bd15d,chapter4.tex:666-795 (line 795 blank boundary omitted from target mapping)
urn:uuid:428eb7ec-a24f-554c-b0e8-9cd269414595,relation/unit/bab-4-teorema-sylow/section/01/covers/surface/unit-029/protected-math-zone/201-inline,urn:uuid:ac55ea4f-3c97-50eb-aaf0-c41aeba23c31,covers,urn:uuid:a16c3832-19dd-58ab-8664-98e8c3599145,chapter4.tex:666-795 (line 795 blank boundary omitted from target mapping)
urn:uuid:8dcebbc8-90c1-5a66-81f3-da8ba0f6e1a1,relation/unit/bab-4-teorema-sylow/section/01/covers/surface/unit-029/protected-math-zone/202-inline,urn:uuid:ac55ea4f-3c97-50eb-aaf0-c41aeba23c31,covers,urn:uuid:bde9a41e-6fba-52b9-bae7-5c69b658e850,chapter4.tex:666-795 (line 795 blank boundary omitted from target mapping)
urn:uuid:82aeeb1b-7308-5483-a891-46eafe2e90b8,relation/unit/bab-4-teorema-sylow/section/01/covers/surface/unit-029/protected-math-zone/203-inline,urn:uuid:ac55ea4f-3c97-50eb-aaf0-c41aeba23c31,covers,urn:uuid:30be2969-54a4-5999-bb13-74b2e5f46d20,chapter4.tex:666-795 (line 795 blank boundary omitted from target mapping)
urn:uuid:c0320680-80aa-52f6-8c34-427153cc7e49,relation/unit/bab-4-teorema-sylow/section/01/covers/surface/unit-029/protected-math-zone/204-inline,urn:uuid:ac55ea4f-3c97-50eb-aaf0-c41aeba23c31,covers,urn:uuid:f2b5551d-a12d-5522-a14b-fba5dbd7539b,chapter4.tex:666-795 (line 795 blank boundary omitted from target mapping)
urn:uuid:cbc5315c-0394-5678-877c-4b8d5ef18344,relation/unit/bab-4-teorema-sylow/section/01/covers/surface/unit-029/protected-math-zone/205-inline,urn:uuid:ac55ea4f-3c97-50eb-aaf0-c41aeba23c31,covers,urn:uuid:dc17b9cd-52fb-5410-bec1-e27c1ab6b202,chapter4.tex:666-795 (line 795 blank boundary omitted from target mapping)
urn:uuid:e517b24c-bab7-51f0-9c4f-54be3732914d,relation/unit/bab-4-teorema-sylow/section/01/covers/surface/unit-029/protected-math-zone/206-inline,urn:uuid:ac55ea4f-3c97-50eb-aaf0-c41aeba23c31,covers,urn:uuid:d92334cc-6e62-5b53-96ac-db7142f31e90,chapter4.tex:666-795 (line 795 blank boundary omitted from target mapping)
urn:uuid:0a68d66d-fa75-5ea5-9417-e1452b6ef850,relation/unit/bab-4-teorema-sylow/section/01/covers/surface/unit-029/protected-math-zone/207-inline,urn:uuid:ac55ea4f-3c97-50eb-aaf0-c41aeba23c31,covers,urn:uuid:92f3ff83-6d86-5346-beeb-4395acb760aa,chapter4.tex:666-795 (line 795 blank boundary omitted from target mapping)
urn:uuid:805af690-535f-5725-ad46-1e23647ca510,relation/unit/bab-4-teorema-sylow/section/01/covers/surface/unit-029/protected-math-zone/208-inline,urn:uuid:ac55ea4f-3c97-50eb-aaf0-c41aeba23c31,covers,urn:uuid:291d71a0-3458-5537-9400-dff60cbf2083,chapter4.tex:666-795 (line 795 blank boundary omitted from target mapping)
urn:uuid:00b86d17-7680-57bb-86f5-ca83441c2c20,relation/unit/bab-4-teorema-sylow/section/01/covers/surface/unit-029/protected-math-zone/209-inline,urn:uuid:ac55ea4f-3c97-50eb-aaf0-c41aeba23c31,covers,urn:uuid:f297acd5-15b6-5e5c-91a7-88044303de18,chapter4.tex:666-795 (line 795 blank boundary omitted from target mapping)
urn:uuid:9eeb06c1-9d80-55bb-baf5-cacae77c68d3,relation/unit/bab-4-teorema-sylow/section/01/covers/surface/unit-029/protected-math-zone/210-inline,urn:uuid:ac55ea4f-3c97-50eb-aaf0-c41aeba23c31,covers,urn:uuid:04ecfbe8-6af8-58db-a04c-f3e427a2af18,chapter4.tex:666-795 (line 795 blank boundary omitted from target mapping)
urn:uuid:69682f14-0f1a-597f-adaa-26bd0c701bde,relation/unit/bab-4-teorema-sylow/section/01/covers/surface/unit-029/protected-math-zone/211-inline,urn:uuid:ac55ea4f-3c97-50eb-aaf0-c41aeba23c31,covers,urn:uuid:34eba587-c2f9-55ca-90f4-6f283c4edb4e,chapter4.tex:666-795 (line 795 blank boundary omitted from target mapping)
urn:uuid:f2fc6640-22a5-5732-94ca-d8ea632cdb39,relation/unit/bab-4-teorema-sylow/section/01/covers/surface/unit-029/reference/ordinary/001,urn:uuid:ac55ea4f-3c97-50eb-aaf0-c41aeba23c31,covers,urn:uuid:db7d0b2f-fe92-5792-834b-a22971921e55,chapter4.tex:666-795 (line 795 blank boundary omitted from target mapping)
urn:uuid:d01e9060-575d-5947-938d-223c82fb30e4,relation/unit/bab-4-teorema-sylow/section/01/covers/surface/unit-029/reference/ordinary/002,urn:uuid:ac55ea4f-3c97-50eb-aaf0-c41aeba23c31,covers,urn:uuid:bb2399fc-7e30-5302-a5df-930b5c273d43,chapter4.tex:666-795 (line 795 blank boundary omitted from target mapping)
urn:uuid:28fa2092-26cb-505a-a992-006a80fcf386,relation/unit/bab-4-teorema-sylow/section/01/covers/surface/unit-029/reference/ordinary/003,urn:uuid:ac55ea4f-3c97-50eb-aaf0-c41aeba23c31,covers,urn:uuid:9766bcd5-14c1-5169-b3d8-1bb0daec04fa,chapter4.tex:666-795 (line 795 blank boundary omitted from target mapping)
urn:uuid:949e10e5-fcbb-5fda-8be8-a8e081ab40a3,relation/unit/bab-4-teorema-sylow/section/01/covers/surface/unit-029/reference/ordinary/004,urn:uuid:ac55ea4f-3c97-50eb-aaf0-c41aeba23c31,covers,urn:uuid:ed3abf38-2da3-5962-9033-c06d3633aa66,chapter4.tex:666-795 (line 795 blank boundary omitted from target mapping)
urn:uuid:af0f41a8-56f2-5639-ab64-805294b6ca34,relation/unit/bab-4-teorema-sylow/section/01/covers/surface/unit-029/reference/ordinary/005,urn:uuid:ac55ea4f-3c97-50eb-aaf0-c41aeba23c31,covers,urn:uuid:c9048bdd-cc62-5cdd-bbea-6a33b87b0a37,chapter4.tex:666-795 (line 795 blank boundary omitted from target mapping)
urn:uuid:c7eb05d6-c9ce-535c-9e3f-687f2a367370,relation/unit/bab-4-teorema-sylow/section/01/covers/surface/unit-029/reference/ordinary/006,urn:uuid:ac55ea4f-3c97-50eb-aaf0-c41aeba23c31,covers,urn:uuid:6743eec7-67a8-555d-a63a-bc9820223425,chapter4.tex:666-795 (line 795 blank boundary omitted from target mapping)
urn:uuid:da40e06d-8ce1-59ba-9502-68790a6ef9ae,relation/unit/bab-4-teorema-sylow/section/01/covers/surface/unit-029/reference/ordinary/007,urn:uuid:ac55ea4f-3c97-50eb-aaf0-c41aeba23c31,covers,urn:uuid:3604f844-e82d-5152-b06f-3bcb5649a2e6,chapter4.tex:666-795 (line 795 blank boundary omitted from target mapping)
urn:uuid:b1e0b7f2-1e14-52ad-8644-7f754346f7a3,relation/unit/bab-4-teorema-sylow/section/01/covers/surface/unit-029/reference/ordinary/008,urn:uuid:ac55ea4f-3c97-50eb-aaf0-c41aeba23c31,covers,urn:uuid:a0eaf318-90a9-58a9-9587-f540292fde88,chapter4.tex:666-795 (line 795 blank boundary omitted from target mapping)
urn:uuid:8737d4df-4d6b-52c0-acfc-ea800a9065b7,relation/unit/bab-4-teorema-sylow/section/01/covers/surface/unit-029/reference/ordinary/009,urn:uuid:ac55ea4f-3c97-50eb-aaf0-c41aeba23c31,covers,urn:uuid:3002b7e9-675f-55ec-8dab-54f4fe1138f6,chapter4.tex:666-795 (line 795 blank boundary omitted from target mapping)
urn:uuid:1364d7e5-2288-5c2e-9e01-aa263e19e57a,relation/unit/bab-4-teorema-sylow/section/01/covers/surface/unit-029/reference/ordinary/010,urn:uuid:ac55ea4f-3c97-50eb-aaf0-c41aeba23c31,covers,urn:uuid:63afeb70-bfc6-5218-a892-7b92997a21fb,chapter4.tex:666-795 (line 795 blank boundary omitted from target mapping)
urn:uuid:b0b4e099-91aa-5b47-891b-106976a0217c,relation/unit/bab-4-teorema-sylow/section/01/covers/surface/unit-029/reference/ordinary/011,urn:uuid:ac55ea4f-3c97-50eb-aaf0-c41aeba23c31,covers,urn:uuid:342a39ea-1a16-54d2-986a-f56f692393e0,chapter4.tex:666-795 (line 795 blank boundary omitted from target mapping)
urn:uuid:62d95121-4d3c-50f9-83a3-a12803b83baf,relation/unit/bab-4-teorema-sylow/section/01/covers/surface/unit-029/reference/ordinary/012,urn:uuid:ac55ea4f-3c97-50eb-aaf0-c41aeba23c31,covers,urn:uuid:47a9def0-e8de-5ce4-89a4-0d39d29a4fb9,chapter4.tex:666-795 (line 795 blank boundary omitted from target mapping)
urn:uuid:7ae2b8ab-1b7f-5dc5-a620-f651acbb82b3,relation/unit/bab-4-teorema-sylow/section/01/covers/surface/unit-029/reference/ordinary/013,urn:uuid:ac55ea4f-3c97-50eb-aaf0-c41aeba23c31,covers,urn:uuid:e2929907-9e2a-5f69-b6d1-7d370a51dc45,chapter4.tex:666-795 (line 795 blank boundary omitted from target mapping)
urn:uuid:c81c8a35-6b67-57b5-ad50-b5f456a7d930,relation/unit/bab-4-teorema-sylow/section/01/covers/surface/unit-029/reference/ordinary/014,urn:uuid:ac55ea4f-3c97-50eb-aaf0-c41aeba23c31,covers,urn:uuid:1316856c-d789-507b-908c-14e350009550,chapter4.tex:666-795 (line 795 blank boundary omitted from target mapping)
urn:uuid:2d0152a2-6209-57b8-9611-7339858521c7,relation/unit/bab-4-teorema-sylow/section/01/covers/surface/unit-029/reference/ordinary/015,urn:uuid:ac55ea4f-3c97-50eb-aaf0-c41aeba23c31,covers,urn:uuid:e760cbed-25ab-55a1-bae7-da357270f138,chapter4.tex:666-795 (line 795 blank boundary omitted from target mapping)
urn:uuid:3df84f22-a3a7-5b18-ad2c-287002577d7b,relation/unit/bab-4-teorema-sylow/section/01/covers/surface/unit-029/reference/ordinary/016,urn:uuid:ac55ea4f-3c97-50eb-aaf0-c41aeba23c31,covers,urn:uuid:eca47812-23ad-5d3e-8385-27daddf7d8c0,chapter4.tex:666-795 (line 795 blank boundary omitted from target mapping)
urn:uuid:b348c109-534d-52a6-86fd-bb7262b42193,relation/unit/bab-4-teorema-sylow/section/01/covers/surface/unit-029/terminology-row/001,urn:uuid:ac55ea4f-3c97-50eb-aaf0-c41aeba23c31,covers,urn:uuid:eaa135a1-3e09-5e8a-af15-333aec2c6404,chapter4.tex:666-795 (line 795 blank boundary omitted from target mapping)
urn:uuid:c24508e4-f016-56ad-9ade-6afab73fcf2c,relation/unit/bab-4-teorema-sylow/section/01/covers/surface/unit-029/terminology-row/002,urn:uuid:ac55ea4f-3c97-50eb-aaf0-c41aeba23c31,covers,urn:uuid:8f2b736e-3bff-5b05-9959-39c625a30ac4,chapter4.tex:666-795 (line 795 blank boundary omitted from target mapping)
urn:uuid:cbf1d158-067d-5275-b18d-7063431a630c,relation/unit/bab-4-teorema-sylow/section/01/covers/surface/unit-029/terminology-row/003,urn:uuid:ac55ea4f-3c97-50eb-aaf0-c41aeba23c31,covers,urn:uuid:52fbaafe-51e2-523c-8b04-e1061d2f2e91,chapter4.tex:666-795 (line 795 blank boundary omitted from target mapping)
urn:uuid:fac2649b-779c-50fb-8444-7d58ff1ed67e,relation/unit/bab-4-teorema-sylow/section/01/covers/surface/unit-029/terminology-row/004,urn:uuid:ac55ea4f-3c97-50eb-aaf0-c41aeba23c31,covers,urn:uuid:a6e64ad3-81db-58d5-bf71-987aa12c20ee,chapter4.tex:666-795 (line 795 blank boundary omitted from target mapping)
urn:uuid:76d488fa-7ad8-5db5-96d7-8fa503d8aafe,relation/unit/bab-4-teorema-sylow/section/01/covers/surface/unit-029/terminology-row/005,urn:uuid:ac55ea4f-3c97-50eb-aaf0-c41aeba23c31,covers,urn:uuid:d59a287d-7203-5d00-bc9f-7b98dd1ca927,chapter4.tex:666-795 (line 795 blank boundary omitted from target mapping)
urn:uuid:10e58248-6427-5e21-bb0b-4085608bd33a,relation/unit/bab-4-teorema-sylow/section/01/governed-by/rights/principal-cc-by-4.0,urn:uuid:ac55ea4f-3c97-50eb-aaf0-c41aeba23c31,governed-by,urn:uuid:0baf6c47-021d-5310-9475-81519e710250,
urn:uuid:3ca80b78-c8d9-575a-af86-aa16e5c02dc7,relation/unit/bab-4-teorema-sylow/section/01/indexes/index-entry/unit-029/main/001,urn:uuid:ac55ea4f-3c97-50eb-aaf0-c41aeba23c31,indexes,urn:uuid:b0467091-3186-59f8-a4ee-69d848a2d3a7,chapter4.tex:669
urn:uuid:de8256c7-c40e-5774-95c9-9d530f749eb7,relation/unit/bab-4-teorema-sylow/section/01/indexes/index-entry/unit-029/main/002,urn:uuid:ac55ea4f-3c97-50eb-aaf0-c41aeba23c31,indexes,urn:uuid:62e2f1ea-2029-5a3d-b184-7cbfe26d1181,chapter4.tex:725
urn:uuid:27cd60a6-cfc4-59af-a0fb-95434e3d8c68,relation/unit/bab-4-teorema-sylow/section/01/requires/prerequisite/basic-group-theory,urn:uuid:ac55ea4f-3c97-50eb-aaf0-c41aeba23c31,requires,urn:uuid:3f5dc8e0-0198-5016-b767-ded1b9ec3d13,chapter4.tex:666-795 (line 795 blank boundary omitted from target mapping)
urn:uuid:1981e230-7c4d-55cb-8568-64b81140caf5,relation/unit/bab-4-teorema-sylow/section/01/requires/prerequisite/basic-mathematical-literacy,urn:uuid:ac55ea4f-3c97-50eb-aaf0-c41aeba23c31,requires,urn:uuid:8fb6c957-7285-5258-978c-e1369c7e39d7,chapter4.tex:666-795 (line 795 blank boundary omitted from target mapping)
urn:uuid:c8bc8d15-f964-5400-93b9-8faa57a51960,relation/unit/bab-4-teorema-sylow/section/01/requires/prerequisite/elementary-number-theory,urn:uuid:ac55ea4f-3c97-50eb-aaf0-c41aeba23c31,requires,urn:uuid:cae14762-1ca0-5a11-aad9-20c81d540fee,chapter4.tex:666-795 (line 795 blank boundary omitted from target mapping)
urn:uuid:42f8eded-2aa7-5386-b777-a54d67ee3e23,relation/unit/bab-4-teorema-sylow/section/01/requires/prerequisite/elementary-set-theory,urn:uuid:ac55ea4f-3c97-50eb-aaf0-c41aeba23c31,requires,urn:uuid:00f7d0ea-1b60-51da-843f-cca760a368e4,chapter4.tex:666-795 (line 795 blank boundary omitted from target mapping)
urn:uuid:4c07e1dc-6094-5143-9b93-c831ecaa2b60,relation/unit/bab-4-teorema-sylow/section/01/requires/prerequisite/group-actions-orbits-and-stabilizers,urn:uuid:ac55ea4f-3c97-50eb-aaf0-c41aeba23c31,requires,urn:uuid:1f177bdc-5a38-5076-a2b3-11bea04551e2,chapter4.tex:666-795 (line 795 blank boundary omitted from target mapping)
urn:uuid:c8b707f7-4a57-5489-8ab3-2f8d1c75b2aa,relation/unit/bab-4-teorema-sylow/section/01/requires/prerequisite/group-homomorphisms-kernels-and-quotients,urn:uuid:ac55ea4f-3c97-50eb-aaf0-c41aeba23c31,requires,urn:uuid:ecd787ee-f056-5200-91e7-f98b3d80d458,chapter4.tex:666-795 (line 795 blank boundary omitted from target mapping)
