relation_id,relation_key,source_id,predicate,target_id,evidence
urn:uuid:12c27448-3876-512f-a089-6c07906a09c9,relation/build-surface/unit-023-pdf/governed-by/rights/ajbook-fragment-cc-by-sa-3.0,urn:uuid:c1882cba-a333-5f23-9959-24fef327c49e,governed-by,urn:uuid:10faf5cd-990f-5850-87b4-26922b062485,
urn:uuid:c528fd01-8153-570f-ba04-2a82efd39dff,relation/build-surface/unit-023-pdf/governed-by/rights/noto-fonts-ofl-1.1,urn:uuid:c1882cba-a333-5f23-9959-24fef327c49e,governed-by,urn:uuid:b9f7a7a7-8e18-507a-b72e-b5de733a7430,
urn:uuid:30136363-f3f8-566e-a03d-7d7b3926477a,relation/build-surface/unit-023-pdf/governed-by/rights/principal-cc-by-4.0,urn:uuid:c1882cba-a333-5f23-9959-24fef327c49e,governed-by,urn:uuid:0baf6c47-021d-5310-9475-81519e710250,
urn:uuid:53d067a9-5de9-5fda-80de-fadd94073da9,relation/course/o013/requires/prerequisite/basic-mathematical-literacy,urn:uuid:a5f3ad58-ce3c-5f5f-b581-1f842ae79192,requires,urn:uuid:8fb6c957-7285-5258-978c-e1369c7e39d7,prelude.tex:49-60
urn:uuid:6af4c728-a07b-5571-a30d-9ee62c1a5a6e,relation/course/o013/requires/prerequisite/cauchy-sequences-and-completeness,urn:uuid:a5f3ad58-ce3c-5f5f-b581-1f842ae79192,requires,urn:uuid:b9018862-5027-50f5-9947-a9a9526cc91f,prelude.tex:49-60
urn:uuid:cdc5bef1-ed82-58de-9b13-95ec2357d9af,relation/course/o013/requires/prerequisite/elementary-number-theory,urn:uuid:a5f3ad58-ce3c-5f5f-b581-1f842ae79192,requires,urn:uuid:cae14762-1ca0-5a11-aad9-20c81d540fee,prelude.tex:49-60
urn:uuid:de5cce3e-de42-54c1-898b-fcd09a991c8d,relation/course/o013/requires/prerequisite/elementary-set-theory,urn:uuid:a5f3ad58-ce3c-5f5f-b581-1f842ae79192,requires,urn:uuid:00f7d0ea-1b60-51da-843f-cca760a368e4,prelude.tex:49-60
urn:uuid:922e2514-3fa4-5b3d-86e1-836505ce7783,relation/course/o013/requires/prerequisite/linear-transformations,urn:uuid:a5f3ad58-ce3c-5f5f-b581-1f842ae79192,requires,urn:uuid:9ef76bd8-39cf-5b09-8c2d-2d8c95f91aec,prelude.tex:49-60
urn:uuid:74ce1984-1114-53f2-a033-f2e9c028f4ee,relation/course/o013/requires/prerequisite/mathematical-logic,urn:uuid:a5f3ad58-ce3c-5f5f-b581-1f842ae79192,requires,urn:uuid:451f60c6-04ab-54a7-9d74-9dee65d088b7,prelude.tex:49-60
urn:uuid:18ee0c4f-7e83-55ce-b990-c9ff64548532,relation/course/o013/requires/prerequisite/matrices,urn:uuid:a5f3ad58-ce3c-5f5f-b581-1f842ae79192,requires,urn:uuid:d4260077-2f56-5951-8fe1-2dc390f81288,prelude.tex:49-60
urn:uuid:fe264b2f-dbe8-5589-8cb1-d75a56744c5a,relation/course/o013/requires/prerequisite/permutations-and-symmetric-groups,urn:uuid:a5f3ad58-ce3c-5f5f-b581-1f842ae79192,requires,urn:uuid:ee7d907b-05bc-5def-81d5-7fcd351829b8,prelude.tex:49-60
urn:uuid:b09b00b5-df77-5d64-94da-753d1b21fef4,relation/course/o013/requires/prerequisite/point-set-topology,urn:uuid:a5f3ad58-ce3c-5f5f-b581-1f842ae79192,requires,urn:uuid:6a61cd7e-28fe-5c64-9573-cf9ab46e5e96,prelude.tex:49-60
urn:uuid:ed32b23d-1271-5fa2-948f-562f6f29a2c2,relation/course/o013/requires/prerequisite/polynomials,urn:uuid:a5f3ad58-ce3c-5f5f-b581-1f842ae79192,requires,urn:uuid:15245348-aca2-5814-9ca8-0fce14044e14,prelude.tex:49-60
urn:uuid:59f7a53e-63b6-5f7d-a2ba-9f942e60d2cf,relation/course/o013/requires/prerequisite/real-analysis-basics,urn:uuid:a5f3ad58-ce3c-5f5f-b581-1f842ae79192,requires,urn:uuid:4eedb52d-6e0a-5379-b39c-5043b067c49f,prelude.tex:49-60
urn:uuid:f4f655a5-427a-5113-b6d6-fff3511fadfd,relation/course/o013/requires/prerequisite/vector-spaces,urn:uuid:a5f3ad58-ce3c-5f5f-b581-1f842ae79192,requires,urn:uuid:dfd6d864-afe6-5d0e-90f7-c130241cf396,prelude.tex:49-60
urn:uuid:671c70bd-307b-5cb8-a6cc-698df22eb60a,relation/course/o013/uses-resource/resource/wenweili/aljabr-1,urn:uuid:a5f3ad58-ce3c-5f5f-b581-1f842ae79192,uses-resource,urn:uuid:a72e8c67-4b46-5049-b626-479af39b5397,
urn:uuid:707f48a6-882d-544b-9c39-fb09fd0d3e5c,relation/diagram/unit-023/tikzcd-01/governed-by/rights/principal-cc-by-4.0,urn:uuid:fe09be6f-2cbe-53a2-aa70-30a33ea8e56f,governed-by,urn:uuid:0baf6c47-021d-5310-9475-81519e710250,
urn:uuid:1aa3ce11-0e0d-5a1c-8da1-25c552f526c3,relation/diagram/unit-023/tikzcd-02/governed-by/rights/principal-cc-by-4.0,urn:uuid:f1ea69bd-9d72-5a2e-9abd-90f0a04b9b28,governed-by,urn:uuid:0baf6c47-021d-5310-9475-81519e710250,
urn:uuid:cd259254-ca84-52ea-9f83-3034aa3a381b,relation/diagram/unit-023/tikzcd-03/governed-by/rights/principal-cc-by-4.0,urn:uuid:50e275ff-567f-5686-85ba-bb99773f7df2,governed-by,urn:uuid:0baf6c47-021d-5310-9475-81519e710250,
urn:uuid:224b43ec-6680-568b-98f1-cd597127e62d,relation/diagram/unit-023/tikzcd-04/governed-by/rights/principal-cc-by-4.0,urn:uuid:6c3b2663-46ff-5df0-88dd-c43b9d130360,governed-by,urn:uuid:0baf6c47-021d-5310-9475-81519e710250,
urn:uuid:46bc6cda-ec2a-5703-b828-b2c4ca5fb7d7,relation/diagram/unit-023/tikzcd-05/governed-by/rights/principal-cc-by-4.0,urn:uuid:2d716d4a-7c09-591d-8955-a5b33e266618,governed-by,urn:uuid:0baf6c47-021d-5310-9475-81519e710250,
urn:uuid:d6d2730b-5fe9-55a5-95d9-1d37559262e1,relation/diagram/unit-023/tikzcd-06/governed-by/rights/principal-cc-by-4.0,urn:uuid:eaace5b5-c624-50f6-a43c-157872a43671,governed-by,urn:uuid:0baf6c47-021d-5310-9475-81519e710250,
urn:uuid:a6f56bf1-4171-5f1c-9eae-804cc6cb1d68,relation/diagram/unit-023/tikzcd-07/governed-by/rights/principal-cc-by-4.0,urn:uuid:5618c563-1e7b-56b0-8d1c-6a3e81224ba7,governed-by,urn:uuid:0baf6c47-021d-5310-9475-81519e710250,
urn:uuid:839c3ab6-ba80-5245-8d0f-6b5fad4ad10a,relation/diagram/unit-023/tikzcd-08/governed-by/rights/principal-cc-by-4.0,urn:uuid:812904db-4ed9-5320-9b4e-601c2f46a0b6,governed-by,urn:uuid:0baf6c47-021d-5310-9475-81519e710250,
urn:uuid:dc7dbdc4-17e5-5b4f-8d5b-509961fd6f77,relation/diagram/unit-023/tikzcd-09/governed-by/rights/principal-cc-by-4.0,urn:uuid:eba99f25-a3a1-5b77-9696-4e9fde4b4b82,governed-by,urn:uuid:0baf6c47-021d-5310-9475-81519e710250,
urn:uuid:963502ce-0aca-52aa-b5a2-e5c282e8a31c,relation/diagram/unit-023/tikzcd-10/governed-by/rights/principal-cc-by-4.0,urn:uuid:ac67d835-f47a-561e-b9f4-b2d2d96d1126,governed-by,urn:uuid:0baf6c47-021d-5310-9475-81519e710250,
urn:uuid:9a330803-d446-57a7-b702-c7756cb8c542,relation/diagram/unit-023/tikzcd-11/governed-by/rights/principal-cc-by-4.0,urn:uuid:e026c671-55af-574e-8d4f-01fda33c03f4,governed-by,urn:uuid:0baf6c47-021d-5310-9475-81519e710250,
urn:uuid:4207c6bb-af1e-54ab-870a-95a36226117b,relation/diagram/unit-023/tikzcd-12/governed-by/rights/principal-cc-by-4.0,urn:uuid:e476afcf-27f9-5dbe-b073-62c28ee33761,governed-by,urn:uuid:0baf6c47-021d-5310-9475-81519e710250,
urn:uuid:f646a825-545b-59c5-8e6e-75b68a52e9a7,relation/diagram/unit-023/tikzcd-13/governed-by/rights/principal-cc-by-4.0,urn:uuid:3bf1da59-c579-5ca7-9f9c-bf0bd1e5e585,governed-by,urn:uuid:0baf6c47-021d-5310-9475-81519e710250,
urn:uuid:00361997-9539-5bea-81d1-b92acbf4e84c,relation/diagram/unit-023/tikzcd-14/governed-by/rights/principal-cc-by-4.0,urn:uuid:6f13b69b-d8d8-5ae5-a4cb-831620670c60,governed-by,urn:uuid:0baf6c47-021d-5310-9475-81519e710250,
urn:uuid:a7249d0e-a331-57d6-a940-61bd644cbf0b,relation/edition/wenweili/aljabr-1/c4f7a01f68f5f407906b4b970640cddbbad85f6b/contains/unit/bab-3-sekilas-tentang-2-kategori,urn:uuid:df2d23de-7370-5da5-ad49-42fb7c718c49,contains,urn:uuid:47a2ae37-c009-5dc3-86df-4cfea8f18709,chapter3.tex:723-872
urn:uuid:f43da1b4-0053-5379-9911-864a80e9df27,relation/program/open-mathematics-curriculum/2026/contains/course/o013,urn:uuid:9d8d0610-2560-5376-8679-5a9418407a78,contains,urn:uuid:a5f3ad58-ce3c-5f5f-b581-1f842ae79192,
urn:uuid:03dde2e7-13e9-5147-9aac-4160466fd402,relation/resource/wenweili/aljabr-1/has-edition/edition/wenweili/aljabr-1/c4f7a01f68f5f407906b4b970640cddbbad85f6b,urn:uuid:a72e8c67-4b46-5049-b626-479af39b5397,has-edition,urn:uuid:df2d23de-7370-5da5-ad49-42fb7c718c49,
urn:uuid:810a7508-bbfb-5287-a5df-f895e359b0ba,relation/unit/bab-3-sekilas-tentang-2-kategori/built-by/build-surface/unit-023-pdf,urn:uuid:47a2ae37-c009-5dc3-86df-4cfea8f18709,built-by,urn:uuid:c1882cba-a333-5f23-9959-24fef327c49e,
urn:uuid:f148532b-7da6-5ac4-b98c-3e21674bb0a7,relation/unit/bab-3-sekilas-tentang-2-kategori/checked-by/qa/unit-023/admission-gate,urn:uuid:47a2ae37-c009-5dc3-86df-4cfea8f18709,checked-by,urn:uuid:9563a495-08a1-52fc-a432-5e65cf2df2d2,
urn:uuid:7ae73abd-bd87-59a5-b660-c1f4a0c22752,relation/unit/bab-3-sekilas-tentang-2-kategori/checked-by/qa/unit-023/all-page-visual-review,urn:uuid:47a2ae37-c009-5dc3-86df-4cfea8f18709,checked-by,urn:uuid:e0ff8692-62b7-5af9-804b-0632596dad60,
urn:uuid:088660f2-b942-5c55-b3c3-03b59e6738c2,relation/unit/bab-3-sekilas-tentang-2-kategori/checked-by/qa/unit-023/editorial-normalization,urn:uuid:47a2ae37-c009-5dc3-86df-4cfea8f18709,checked-by,urn:uuid:5b028def-e628-5591-9c07-2f5a3afa111f,
urn:uuid:f8a0881c-8c37-5e1b-8d5f-f8c3a6c749ed,relation/unit/bab-3-sekilas-tentang-2-kategori/checked-by/qa/unit-023/math-structure-review,urn:uuid:47a2ae37-c009-5dc3-86df-4cfea8f18709,checked-by,urn:uuid:2740d6f9-404c-595d-9850-c7e0dda6239a,
urn:uuid:c82e689b-de9c-5136-8721-08fe34efe336,relation/unit/bab-3-sekilas-tentang-2-kategori/checked-by/qa/unit-023/render-replay,urn:uuid:47a2ae37-c009-5dc3-86df-4cfea8f18709,checked-by,urn:uuid:4de0000f-5a37-59f3-a827-710e154b0270,
urn:uuid:4887eed5-a6e8-5f1e-a900-9810c875e7e0,relation/unit/bab-3-sekilas-tentang-2-kategori/checked-by/qa/unit-023/source-review,urn:uuid:47a2ae37-c009-5dc3-86df-4cfea8f18709,checked-by,urn:uuid:f92b0ab2-de47-5b36-ab4b-5baeb07a5e8a,
urn:uuid:ab3ad19a-5d6f-5129-817c-7bda0f0cd5c9,relation/unit/bab-3-sekilas-tentang-2-kategori/checked-by/qa/unit-023/structure-check,urn:uuid:47a2ae37-c009-5dc3-86df-4cfea8f18709,checked-by,urn:uuid:3ecfba3b-f611-5993-9a45-ec0802a0ad91,
urn:uuid:f500350c-4fb9-575b-b517-e53b31ab0217,relation/unit/bab-3-sekilas-tentang-2-kategori/checked-by/qa/unit-023/terminology-control,urn:uuid:47a2ae37-c009-5dc3-86df-4cfea8f18709,checked-by,urn:uuid:24064bde-6f54-589d-b856-9006e31157a8,
urn:uuid:ff1da04a-f94b-5ed8-bf28-dcca88df1cca,relation/unit/bab-3-sekilas-tentang-2-kategori/checked-by/qa/unit-023/terminology-evidence,urn:uuid:47a2ae37-c009-5dc3-86df-4cfea8f18709,checked-by,urn:uuid:5d2cf4b4-f11b-520d-98f2-25b94e83b3d3,
urn:uuid:7265b2c7-f5c7-50b1-b4a7-fbbee8559dc0,relation/unit/bab-3-sekilas-tentang-2-kategori/contains/unit/bab-3-sekilas-tentang-2-kategori/section/sekilas-tentang-2-kategori,urn:uuid:47a2ae37-c009-5dc3-86df-4cfea8f18709,contains,urn:uuid:4234ea9a-f75b-56a8-b5dc-b20acad0b8af,chapter3.tex:723-872
urn:uuid:5cbaf26b-8057-5e84-bf98-e82a78bb3664,relation/unit/bab-3-sekilas-tentang-2-kategori/covers/concept/adjoint-equivalence,urn:uuid:47a2ae37-c009-5dc3-86df-4cfea8f18709,covers,urn:uuid:9e4fc028-9e95-59ed-8557-e086dc5bda7e,
urn:uuid:4eba2a90-f655-5678-86c5-25807b1022e7,relation/unit/bab-3-sekilas-tentang-2-kategori/covers/concept/adjunction-counit,urn:uuid:47a2ae37-c009-5dc3-86df-4cfea8f18709,covers,urn:uuid:4b148dec-0286-50a3-9c34-4b4e81ab2ac9,
urn:uuid:58e5dba9-7536-58ee-991d-92fa4f422b64,relation/unit/bab-3-sekilas-tentang-2-kategori/covers/concept/adjunction-in-two-category,urn:uuid:47a2ae37-c009-5dc3-86df-4cfea8f18709,covers,urn:uuid:dad7a3c3-e0b9-5ba6-b180-1579677baa82,
urn:uuid:c050e88b-4e5a-51a4-8855-f36a28428e86,relation/unit/bab-3-sekilas-tentang-2-kategori/covers/concept/adjunction-unit,urn:uuid:47a2ae37-c009-5dc3-86df-4cfea8f18709,covers,urn:uuid:81ae54f3-18f0-5578-9227-bd146b39a7af,
urn:uuid:6b99e150-9169-533c-af9a-7d6a5fc553eb,relation/unit/bab-3-sekilas-tentang-2-kategori/covers/concept/bicategory,urn:uuid:47a2ae37-c009-5dc3-86df-4cfea8f18709,covers,urn:uuid:78b0c186-a1b9-5b57-ba38-538e9efbb688,
urn:uuid:cae4a1fd-0881-5cdd-8e8c-68c4114187ff,relation/unit/bab-3-sekilas-tentang-2-kategori/covers/concept/cartesian-monoidal-structure,urn:uuid:47a2ae37-c009-5dc3-86df-4cfea8f18709,covers,urn:uuid:4d80222e-6c43-53c4-a0f7-d95783d19f77,
urn:uuid:04271aa6-ee1a-55c8-9ae2-3aac2103d8f5,relation/unit/bab-3-sekilas-tentang-2-kategori/covers/concept/cat-enriched-category,urn:uuid:47a2ae37-c009-5dc3-86df-4cfea8f18709,covers,urn:uuid:e02da22c-fa3a-5ab9-9902-bf1a95677fab,
urn:uuid:25e5ab8e-7971-5586-b60b-ade2cea2e2ae,relation/unit/bab-3-sekilas-tentang-2-kategori/covers/concept/cat-two-category,urn:uuid:47a2ae37-c009-5dc3-86df-4cfea8f18709,covers,urn:uuid:bdccad90-6f12-5472-ae76-39345b09c2a7,
urn:uuid:748e8d8f-acf1-525f-8a8e-f1bd73d0da56,relation/unit/bab-3-sekilas-tentang-2-kategori/covers/concept/coherence-theorem,urn:uuid:47a2ae37-c009-5dc3-86df-4cfea8f18709,covers,urn:uuid:d7ced953-c651-50ce-ba44-7607c7770e83,
urn:uuid:65aeb6ee-a7da-52fe-8bab-55008c670b76,relation/unit/bab-3-sekilas-tentang-2-kategori/covers/concept/diagrammatic-convention,urn:uuid:47a2ae37-c009-5dc3-86df-4cfea8f18709,covers,urn:uuid:f3139dba-cf14-52a7-a34b-9b4aaa23db2f,
urn:uuid:e52590d5-0dd5-53d5-a9a6-7cf01a5ce694,relation/unit/bab-3-sekilas-tentang-2-kategori/covers/concept/functor-category,urn:uuid:47a2ae37-c009-5dc3-86df-4cfea8f18709,covers,urn:uuid:557a8176-1d52-5975-a3f3-bb2aa83397c2,
urn:uuid:f71cc07d-df67-5448-8310-bce15a1b84b0,relation/unit/bab-3-sekilas-tentang-2-kategori/covers/concept/higher-category,urn:uuid:47a2ae37-c009-5dc3-86df-4cfea8f18709,covers,urn:uuid:94a26b85-b96f-556f-9fbf-1838a8e0e4ef,
urn:uuid:5987784c-fa28-5434-b26a-094d99b0a28d,relation/unit/bab-3-sekilas-tentang-2-kategori/covers/concept/horizontal-composition,urn:uuid:47a2ae37-c009-5dc3-86df-4cfea8f18709,covers,urn:uuid:8eb742a4-69cd-5a90-b5ea-b1e36b34b001,
urn:uuid:93660f5a-0846-5ccf-9248-60a608323af8,relation/unit/bab-3-sekilas-tentang-2-kategori/covers/concept/horizontal-identity,urn:uuid:47a2ae37-c009-5dc3-86df-4cfea8f18709,covers,urn:uuid:c3e2c290-b45a-5be3-93e2-81cd95661cb0,
urn:uuid:4482ba37-113a-5625-92ed-2c70b2ea519d,relation/unit/bab-3-sekilas-tentang-2-kategori/covers/concept/interchange-law,urn:uuid:47a2ae37-c009-5dc3-86df-4cfea8f18709,covers,urn:uuid:3ba92f3d-4068-5b93-a7d2-c20e81fdc86a,
urn:uuid:49749d68-c099-5808-9c2e-4a9a5fbd4f03,relation/unit/bab-3-sekilas-tentang-2-kategori/covers/concept/one-category,urn:uuid:47a2ae37-c009-5dc3-86df-4cfea8f18709,covers,urn:uuid:42cd55e3-ab08-5cb4-bab4-a26447d5ab60,
urn:uuid:a397ce03-7c0c-53e2-8d29-47d6fe13a920,relation/unit/bab-3-sekilas-tentang-2-kategori/covers/concept/one-morphism,urn:uuid:47a2ae37-c009-5dc3-86df-4cfea8f18709,covers,urn:uuid:410c4695-78f9-5737-97c0-4b89732b2678,
urn:uuid:45a32ade-9fa8-558d-881b-4f3c822bf654,relation/unit/bab-3-sekilas-tentang-2-kategori/covers/concept/strict-two-category,urn:uuid:47a2ae37-c009-5dc3-86df-4cfea8f18709,covers,urn:uuid:ddbc4cf7-3bb4-523e-91e7-a64701627664,
urn:uuid:52e1a0b7-406d-5d89-87b7-5b1b4b7c217f,relation/unit/bab-3-sekilas-tentang-2-kategori/covers/concept/triangle-identities,urn:uuid:47a2ae37-c009-5dc3-86df-4cfea8f18709,covers,urn:uuid:b7a019e2-dd00-5fa7-8905-88e0e6f9d130,
urn:uuid:d8688adb-9ad8-51f2-91f4-cd8facc1334c,relation/unit/bab-3-sekilas-tentang-2-kategori/covers/concept/two-category,urn:uuid:47a2ae37-c009-5dc3-86df-4cfea8f18709,covers,urn:uuid:ba97bc99-c26e-5ad4-9038-77393a5bcd6c,
urn:uuid:64bf3f4d-3897-5149-8ddb-42f48dae5ab7,relation/unit/bab-3-sekilas-tentang-2-kategori/covers/concept/two-cell,urn:uuid:47a2ae37-c009-5dc3-86df-4cfea8f18709,covers,urn:uuid:a199d350-f14e-51b6-ae9c-f66ab2a35518,
urn:uuid:9468d2e1-aa4e-569d-b73e-eca785eba731,relation/unit/bab-3-sekilas-tentang-2-kategori/covers/concept/two-functor,urn:uuid:47a2ae37-c009-5dc3-86df-4cfea8f18709,covers,urn:uuid:86d8bc89-5064-558c-aa58-5d78ea39b9a3,
urn:uuid:351bbf3c-28a2-54ec-8a4d-b1c2a5706b60,relation/unit/bab-3-sekilas-tentang-2-kategori/covers/concept/two-morphism,urn:uuid:47a2ae37-c009-5dc3-86df-4cfea8f18709,covers,urn:uuid:cd0a666b-bca7-5578-9801-21845d8b794a,
urn:uuid:d22d8bb2-bd39-5b58-b37d-dde13a13cb40,relation/unit/bab-3-sekilas-tentang-2-kategori/covers/concept/two-natural-transformation,urn:uuid:47a2ae37-c009-5dc3-86df-4cfea8f18709,covers,urn:uuid:14678eaf-b978-50c2-b27a-2fe4d39b2061,
urn:uuid:9cffa911-26b4-5963-a23d-c67362af21e9,relation/unit/bab-3-sekilas-tentang-2-kategori/covers/concept/vertical-category,urn:uuid:47a2ae37-c009-5dc3-86df-4cfea8f18709,covers,urn:uuid:a51e9286-6123-5bfb-b988-4b9818f91c58,
urn:uuid:c52636d9-95bf-542e-871f-c2516b903d2e,relation/unit/bab-3-sekilas-tentang-2-kategori/covers/concept/vertical-composition,urn:uuid:47a2ae37-c009-5dc3-86df-4cfea8f18709,covers,urn:uuid:4db95878-bfb1-5afb-9c18-883cfa5950c3,
urn:uuid:ee1d24a9-f5a5-55c5-a2a8-bcd9b23aeef4,relation/unit/bab-3-sekilas-tentang-2-kategori/covers/concept/vertical-identity,urn:uuid:47a2ae37-c009-5dc3-86df-4cfea8f18709,covers,urn:uuid:4a6e6ef8-1059-5fe7-93bf-c598a656a9d0,
urn:uuid:e03249f5-7574-53c1-8d9c-b0abb1c235b8,relation/unit/bab-3-sekilas-tentang-2-kategori/covers/concept/zero-category,urn:uuid:47a2ae37-c009-5dc3-86df-4cfea8f18709,covers,urn:uuid:484096a0-b7a6-50e9-91df-74c3853af459,
urn:uuid:ebff3193-d552-549b-81ce-bad0b5440d73,relation/unit/bab-3-sekilas-tentang-2-kategori/covers/concept/zero-morphism,urn:uuid:47a2ae37-c009-5dc3-86df-4cfea8f18709,covers,urn:uuid:3ee2b3c6-b375-58e8-b3e2-ac2ae917c1ff,
urn:uuid:baf3ccb6-6e4c-53b6-b2aa-dbd1013d609f,relation/unit/bab-3-sekilas-tentang-2-kategori/covers/editorial/o013-li-u023-ed-001,urn:uuid:47a2ae37-c009-5dc3-86df-4cfea8f18709,covers,urn:uuid:d3ba4e7e-2241-57df-9941-2eb2e40a5709,
urn:uuid:684a3c8b-525d-502f-a140-970aedd88359,relation/unit/bab-3-sekilas-tentang-2-kategori/covers/surface/unit-023/diagram-arrow/001,urn:uuid:47a2ae37-c009-5dc3-86df-4cfea8f18709,covers,urn:uuid:6d04639d-dedf-5f86-a22c-0711e0607c8c,
urn:uuid:7afab1b1-aeb5-5d36-a200-92d4eadc4046,relation/unit/bab-3-sekilas-tentang-2-kategori/covers/surface/unit-023/diagram-arrow/002,urn:uuid:47a2ae37-c009-5dc3-86df-4cfea8f18709,covers,urn:uuid:3b239b79-8ed7-5341-9548-374464605e23,
urn:uuid:6bfcfc93-ed15-5092-b2f7-8c115de41d38,relation/unit/bab-3-sekilas-tentang-2-kategori/covers/surface/unit-023/diagram-arrow/003,urn:uuid:47a2ae37-c009-5dc3-86df-4cfea8f18709,covers,urn:uuid:c5d6b5db-69a9-5875-b836-92a11c29f9d1,
urn:uuid:f9f2ff0f-4214-5cb0-91f2-0592bf2d5742,relation/unit/bab-3-sekilas-tentang-2-kategori/covers/surface/unit-023/diagram-arrow/004,urn:uuid:47a2ae37-c009-5dc3-86df-4cfea8f18709,covers,urn:uuid:471eaa83-daeb-54fe-bdb7-9ff44559e29d,
urn:uuid:873fb3cb-0a02-58d5-ac33-96a2eb8b87b0,relation/unit/bab-3-sekilas-tentang-2-kategori/covers/surface/unit-023/diagram-arrow/005,urn:uuid:47a2ae37-c009-5dc3-86df-4cfea8f18709,covers,urn:uuid:77d56d0f-4be1-5532-8a67-9a469f44e966,
urn:uuid:b71c2f9c-d927-53c0-8203-b1363cbf2590,relation/unit/bab-3-sekilas-tentang-2-kategori/covers/surface/unit-023/diagram-arrow/006,urn:uuid:47a2ae37-c009-5dc3-86df-4cfea8f18709,covers,urn:uuid:376266c1-34c8-5208-b6a3-f82a212f426e,
urn:uuid:72919b29-887f-5da8-b348-51dd769f6e32,relation/unit/bab-3-sekilas-tentang-2-kategori/covers/surface/unit-023/diagram-arrow/007,urn:uuid:47a2ae37-c009-5dc3-86df-4cfea8f18709,covers,urn:uuid:96b997cb-ce60-54eb-a89d-faf912ee8f1e,
urn:uuid:100f7da9-630d-583a-befb-654103d5c3df,relation/unit/bab-3-sekilas-tentang-2-kategori/covers/surface/unit-023/diagram-arrow/008,urn:uuid:47a2ae37-c009-5dc3-86df-4cfea8f18709,covers,urn:uuid:93530f61-c48b-5a85-b5cd-b30d74b88259,
urn:uuid:e7e25bfa-e497-5dee-a690-9ea7acfddb8d,relation/unit/bab-3-sekilas-tentang-2-kategori/covers/surface/unit-023/diagram-arrow/009,urn:uuid:47a2ae37-c009-5dc3-86df-4cfea8f18709,covers,urn:uuid:d23180e8-d528-5afb-9274-5ca60dae3976,
urn:uuid:8ed6e0da-107c-5dac-9a44-30d7991322dc,relation/unit/bab-3-sekilas-tentang-2-kategori/covers/surface/unit-023/diagram-arrow/010,urn:uuid:47a2ae37-c009-5dc3-86df-4cfea8f18709,covers,urn:uuid:667417fc-6728-5252-b819-7ada06629412,
urn:uuid:1e6ddce0-d420-5f38-9e82-bfc10a35686b,relation/unit/bab-3-sekilas-tentang-2-kategori/covers/surface/unit-023/diagram-arrow/011,urn:uuid:47a2ae37-c009-5dc3-86df-4cfea8f18709,covers,urn:uuid:28b977f9-d7b7-5672-91d0-661b2e2409f4,
urn:uuid:412bb3d8-1e00-53dd-b92c-585cae583eb7,relation/unit/bab-3-sekilas-tentang-2-kategori/covers/surface/unit-023/diagram-arrow/012,urn:uuid:47a2ae37-c009-5dc3-86df-4cfea8f18709,covers,urn:uuid:542928a1-0f62-5b54-b801-cbb183d23ca3,
urn:uuid:17a9096f-07be-5b65-a579-e84cd22a8b3d,relation/unit/bab-3-sekilas-tentang-2-kategori/covers/surface/unit-023/diagram-arrow/013,urn:uuid:47a2ae37-c009-5dc3-86df-4cfea8f18709,covers,urn:uuid:df19c23f-b1f3-523b-984a-3e9661799ab3,
urn:uuid:6f2ae941-b0a4-551e-9d55-a220f8a1caab,relation/unit/bab-3-sekilas-tentang-2-kategori/covers/surface/unit-023/diagram-arrow/014,urn:uuid:47a2ae37-c009-5dc3-86df-4cfea8f18709,covers,urn:uuid:a37be4ac-dd1f-5873-ae25-2cfe1ae21b34,
urn:uuid:e0c244e3-97b0-5671-abec-4cb149711540,relation/unit/bab-3-sekilas-tentang-2-kategori/covers/surface/unit-023/diagram-arrow/015,urn:uuid:47a2ae37-c009-5dc3-86df-4cfea8f18709,covers,urn:uuid:6056c73d-f15d-5cf4-92a0-6f1afe089b90,
urn:uuid:ad1e45b9-bd39-533d-a864-8cfa7df32932,relation/unit/bab-3-sekilas-tentang-2-kategori/covers/surface/unit-023/diagram-arrow/016,urn:uuid:47a2ae37-c009-5dc3-86df-4cfea8f18709,covers,urn:uuid:c49441a3-99c0-5faf-9cf0-126cd98ed6bd,
urn:uuid:50a69d8e-722a-5312-b14d-20a4b7f0699d,relation/unit/bab-3-sekilas-tentang-2-kategori/covers/surface/unit-023/diagram-arrow/017,urn:uuid:47a2ae37-c009-5dc3-86df-4cfea8f18709,covers,urn:uuid:b391a7aa-50cc-5d5f-8a05-2c0928d0396c,
urn:uuid:2673fd87-033a-58d5-9b86-40f32e8950dd,relation/unit/bab-3-sekilas-tentang-2-kategori/covers/surface/unit-023/diagram-arrow/018,urn:uuid:47a2ae37-c009-5dc3-86df-4cfea8f18709,covers,urn:uuid:b5c04d76-0e47-5753-bb2b-b0f43515c7d7,
urn:uuid:2b52542d-dd8f-5eb6-9e40-aa08ac813830,relation/unit/bab-3-sekilas-tentang-2-kategori/covers/surface/unit-023/diagram-arrow/019,urn:uuid:47a2ae37-c009-5dc3-86df-4cfea8f18709,covers,urn:uuid:ec577157-2e89-50f5-93a9-bfe4caaf2708,
urn:uuid:6bc54c42-80a4-50d1-b520-0053a5d0e793,relation/unit/bab-3-sekilas-tentang-2-kategori/covers/surface/unit-023/diagram-arrow/020,urn:uuid:47a2ae37-c009-5dc3-86df-4cfea8f18709,covers,urn:uuid:68ba695e-3025-5afc-a36d-61c00f470b06,
urn:uuid:a77f0e0b-b8eb-5401-a1ec-43c65f9ed0ee,relation/unit/bab-3-sekilas-tentang-2-kategori/covers/surface/unit-023/diagram-arrow/021,urn:uuid:47a2ae37-c009-5dc3-86df-4cfea8f18709,covers,urn:uuid:f4e136b0-7ae5-54f7-98b1-7fa37d1fb7a3,
urn:uuid:13e21c36-35e1-5ac8-8d73-bbe40019052a,relation/unit/bab-3-sekilas-tentang-2-kategori/covers/surface/unit-023/diagram-arrow/022,urn:uuid:47a2ae37-c009-5dc3-86df-4cfea8f18709,covers,urn:uuid:146db74f-7a06-588b-9f27-f86e4aeac3db,
urn:uuid:f3fab325-df3f-5f6e-8195-4429bfbbece8,relation/unit/bab-3-sekilas-tentang-2-kategori/covers/surface/unit-023/diagram-arrow/023,urn:uuid:47a2ae37-c009-5dc3-86df-4cfea8f18709,covers,urn:uuid:08fc70bc-1a2e-5096-b9e3-95fecf7cdb4b,
urn:uuid:ef095e3b-2225-5bc6-8e45-8901b7d17059,relation/unit/bab-3-sekilas-tentang-2-kategori/covers/surface/unit-023/diagram-arrow/024,urn:uuid:47a2ae37-c009-5dc3-86df-4cfea8f18709,covers,urn:uuid:b69cf687-6758-5bd5-bfc4-434e4fc4d484,
urn:uuid:dfbf2aef-c781-51c2-b449-cc20781ddd39,relation/unit/bab-3-sekilas-tentang-2-kategori/covers/surface/unit-023/diagram-arrow/025,urn:uuid:47a2ae37-c009-5dc3-86df-4cfea8f18709,covers,urn:uuid:986f1e88-da6a-5065-bcde-417f5fc0b33b,
urn:uuid:a96da246-bfa1-512c-968d-5cf138c1f2c8,relation/unit/bab-3-sekilas-tentang-2-kategori/covers/surface/unit-023/diagram-arrow/026,urn:uuid:47a2ae37-c009-5dc3-86df-4cfea8f18709,covers,urn:uuid:49af99c4-cf99-5479-b917-705f6c14369a,
urn:uuid:0c62b648-27f4-50fb-88b8-ec05c18ea178,relation/unit/bab-3-sekilas-tentang-2-kategori/covers/surface/unit-023/diagram-arrow/027,urn:uuid:47a2ae37-c009-5dc3-86df-4cfea8f18709,covers,urn:uuid:a303a108-589c-53d1-8dfd-1f84507a58e8,
urn:uuid:76bac9b9-9620-513a-91b8-19cf6077f676,relation/unit/bab-3-sekilas-tentang-2-kategori/covers/surface/unit-023/diagram-arrow/028,urn:uuid:47a2ae37-c009-5dc3-86df-4cfea8f18709,covers,urn:uuid:a79d7981-9231-59c6-b106-c53fa7c6e9a1,
urn:uuid:456ab3cb-682e-5256-ba03-2bd482ccb7a3,relation/unit/bab-3-sekilas-tentang-2-kategori/covers/surface/unit-023/diagram-arrow/029,urn:uuid:47a2ae37-c009-5dc3-86df-4cfea8f18709,covers,urn:uuid:942c708a-8049-53b6-8020-974880eecb51,
urn:uuid:270bec4a-d4bd-5b00-95fd-3a0d3f43bd4e,relation/unit/bab-3-sekilas-tentang-2-kategori/covers/surface/unit-023/diagram-arrow/030,urn:uuid:47a2ae37-c009-5dc3-86df-4cfea8f18709,covers,urn:uuid:d2a04fc9-64ad-5e95-91c9-d0ea9eff9b75,
urn:uuid:57931ccd-4ce3-5961-a40d-bacd79de6e07,relation/unit/bab-3-sekilas-tentang-2-kategori/covers/surface/unit-023/diagram-arrow/031,urn:uuid:47a2ae37-c009-5dc3-86df-4cfea8f18709,covers,urn:uuid:e7d12832-c2ac-56e0-b323-e8ed0e9a6f15,
urn:uuid:caa11f7d-e6d5-516c-9b29-238fe37c9f4d,relation/unit/bab-3-sekilas-tentang-2-kategori/covers/surface/unit-023/diagram-arrow/032,urn:uuid:47a2ae37-c009-5dc3-86df-4cfea8f18709,covers,urn:uuid:4406588b-4ea1-53c1-a4d4-a5dc274f0224,
urn:uuid:c2282473-a496-503a-b173-5a7bea471496,relation/unit/bab-3-sekilas-tentang-2-kategori/covers/surface/unit-023/diagram-arrow/033,urn:uuid:47a2ae37-c009-5dc3-86df-4cfea8f18709,covers,urn:uuid:16b24940-a1ae-5635-a1f6-c4eee0106f15,
urn:uuid:788465c3-c5e6-5aab-8f98-6d3cb4b37377,relation/unit/bab-3-sekilas-tentang-2-kategori/covers/surface/unit-023/diagram-arrow/034,urn:uuid:47a2ae37-c009-5dc3-86df-4cfea8f18709,covers,urn:uuid:b3f476a7-e22e-5790-9d08-24614c6ebbee,
urn:uuid:d9c26e5b-7bd1-502c-9cb4-cb855ed837b6,relation/unit/bab-3-sekilas-tentang-2-kategori/covers/surface/unit-023/diagram-arrow/035,urn:uuid:47a2ae37-c009-5dc3-86df-4cfea8f18709,covers,urn:uuid:1f9ab646-50da-5109-85a5-5e463ca3cd44,
urn:uuid:410f6da0-3ce5-5a74-ad2b-5f4da4f3adaf,relation/unit/bab-3-sekilas-tentang-2-kategori/covers/surface/unit-023/diagram-arrow/036,urn:uuid:47a2ae37-c009-5dc3-86df-4cfea8f18709,covers,urn:uuid:9694e832-8540-5aca-bac4-bbeb1c82338d,
urn:uuid:0a887208-b9dc-554b-b286-2ea3a98d5593,relation/unit/bab-3-sekilas-tentang-2-kategori/covers/surface/unit-023/diagram-arrow/037,urn:uuid:47a2ae37-c009-5dc3-86df-4cfea8f18709,covers,urn:uuid:6761a774-4ddc-544d-b930-dbc76060320f,
urn:uuid:c11996ca-db2e-5b02-b87c-702776c9a169,relation/unit/bab-3-sekilas-tentang-2-kategori/covers/surface/unit-023/diagram-arrow/038,urn:uuid:47a2ae37-c009-5dc3-86df-4cfea8f18709,covers,urn:uuid:65d699ab-2a28-5070-a3ff-7dcb9ed30b76,
urn:uuid:73d32e2f-7f50-50ae-9d70-0040289b3d5e,relation/unit/bab-3-sekilas-tentang-2-kategori/covers/surface/unit-023/diagram-arrow/039,urn:uuid:47a2ae37-c009-5dc3-86df-4cfea8f18709,covers,urn:uuid:b145de35-ee1d-5651-9cb7-3add1f3c5af2,
urn:uuid:1eed9cd8-e2a1-5b02-9281-f478898d702a,relation/unit/bab-3-sekilas-tentang-2-kategori/covers/surface/unit-023/diagram-arrow/040,urn:uuid:47a2ae37-c009-5dc3-86df-4cfea8f18709,covers,urn:uuid:9db618a7-c175-57ed-a170-e8b64ebaedf6,
urn:uuid:9fbf67d7-ddb3-5e87-936e-fbef9eb67a2d,relation/unit/bab-3-sekilas-tentang-2-kategori/covers/surface/unit-023/diagram-arrow/041,urn:uuid:47a2ae37-c009-5dc3-86df-4cfea8f18709,covers,urn:uuid:0fb07ca6-c5a3-583b-8c63-8d1d05cb1165,
urn:uuid:9e7d5564-e386-5f0a-87c7-883f8925340e,relation/unit/bab-3-sekilas-tentang-2-kategori/covers/surface/unit-023/diagram-arrow/042,urn:uuid:47a2ae37-c009-5dc3-86df-4cfea8f18709,covers,urn:uuid:9680ed77-fd11-5ce9-8fe3-c19e829bc21b,
urn:uuid:295ec913-76bd-5d38-9311-93d3dba52700,relation/unit/bab-3-sekilas-tentang-2-kategori/covers/surface/unit-023/diagram-arrow/043,urn:uuid:47a2ae37-c009-5dc3-86df-4cfea8f18709,covers,urn:uuid:0eef16e6-c67c-5349-94f6-e05789af74f4,
urn:uuid:7588207b-6856-51b8-8a35-6d03465ef24c,relation/unit/bab-3-sekilas-tentang-2-kategori/covers/surface/unit-023/diagram-arrow/044,urn:uuid:47a2ae37-c009-5dc3-86df-4cfea8f18709,covers,urn:uuid:a92166d4-cfa9-57f4-8ae0-18f90a7b0bb4,
urn:uuid:ab402069-1fcd-5f32-b607-992ad0741afb,relation/unit/bab-3-sekilas-tentang-2-kategori/covers/surface/unit-023/diagram-arrow/045,urn:uuid:47a2ae37-c009-5dc3-86df-4cfea8f18709,covers,urn:uuid:c5641c75-79d7-59a6-a789-83a1117a20fd,
urn:uuid:1761b6a0-5c1a-535a-89bf-9267b461b70a,relation/unit/bab-3-sekilas-tentang-2-kategori/covers/surface/unit-023/diagram-arrow/046,urn:uuid:47a2ae37-c009-5dc3-86df-4cfea8f18709,covers,urn:uuid:9c6e5354-ad6e-5cd5-b086-4754ac61cd5b,
urn:uuid:509ea850-891e-53ef-94e2-5ca70bb0929f,relation/unit/bab-3-sekilas-tentang-2-kategori/covers/surface/unit-023/diagram-arrow/047,urn:uuid:47a2ae37-c009-5dc3-86df-4cfea8f18709,covers,urn:uuid:74119ead-8eae-52f3-9916-b5582c3264e8,
urn:uuid:dab7d2f3-5dfd-53bc-826d-696ca5a2ab13,relation/unit/bab-3-sekilas-tentang-2-kategori/covers/surface/unit-023/diagram-arrow/048,urn:uuid:47a2ae37-c009-5dc3-86df-4cfea8f18709,covers,urn:uuid:96bac3df-1da2-570a-8c0a-7b04c223763c,
urn:uuid:b9f6e04e-6186-57f2-b378-07293359b10d,relation/unit/bab-3-sekilas-tentang-2-kategori/covers/surface/unit-023/diagram-arrow/049,urn:uuid:47a2ae37-c009-5dc3-86df-4cfea8f18709,covers,urn:uuid:c06ef26b-53a2-5f19-b1a4-07406c45942f,
urn:uuid:5c6b5737-9e82-5a17-b751-598793f15a8f,relation/unit/bab-3-sekilas-tentang-2-kategori/covers/surface/unit-023/diagram-arrow/050,urn:uuid:47a2ae37-c009-5dc3-86df-4cfea8f18709,covers,urn:uuid:f94f217a-f8b4-519b-9bb1-98dc3ecdadf9,
urn:uuid:af110205-e8fb-5cbf-a3de-c68147bc9178,relation/unit/bab-3-sekilas-tentang-2-kategori/covers/surface/unit-023/diagram-arrow/051,urn:uuid:47a2ae37-c009-5dc3-86df-4cfea8f18709,covers,urn:uuid:e8bca75d-5f77-5b58-a869-5b0c56528bf3,
urn:uuid:f8cd6c61-e8f1-5d41-8bd0-378d3ceffbda,relation/unit/bab-3-sekilas-tentang-2-kategori/covers/surface/unit-023/diagram-arrow/052,urn:uuid:47a2ae37-c009-5dc3-86df-4cfea8f18709,covers,urn:uuid:45cc4e14-af19-56e2-ae8f-c58b310550bc,
urn:uuid:55819660-f2ba-54ab-992b-7f56455d5393,relation/unit/bab-3-sekilas-tentang-2-kategori/covers/surface/unit-023/diagram-arrow/053,urn:uuid:47a2ae37-c009-5dc3-86df-4cfea8f18709,covers,urn:uuid:16a05515-586b-5cb1-a750-8806232c00d1,
urn:uuid:65ae7da5-16b0-56cf-ba67-922d7a4d49b3,relation/unit/bab-3-sekilas-tentang-2-kategori/covers/surface/unit-023/diagram-arrow/054,urn:uuid:47a2ae37-c009-5dc3-86df-4cfea8f18709,covers,urn:uuid:4136fefb-70b3-507f-bad4-0cc8ea4c647b,
urn:uuid:fbe96c02-9bb0-5965-8441-8a9fdca75512,relation/unit/bab-3-sekilas-tentang-2-kategori/covers/surface/unit-023/diagram-arrow/055,urn:uuid:47a2ae37-c009-5dc3-86df-4cfea8f18709,covers,urn:uuid:c1c113f0-3c82-5c09-b33c-003e75517bd7,
urn:uuid:515be282-cd83-56d9-9e94-5ee419604296,relation/unit/bab-3-sekilas-tentang-2-kategori/covers/surface/unit-023/diagram-arrow/056,urn:uuid:47a2ae37-c009-5dc3-86df-4cfea8f18709,covers,urn:uuid:b9544f0c-25f3-5e76-85eb-b0cd31093a54,
urn:uuid:11caff65-fdf4-5ca8-a973-accf17a7ebab,relation/unit/bab-3-sekilas-tentang-2-kategori/covers/surface/unit-023/diagram-arrow/057,urn:uuid:47a2ae37-c009-5dc3-86df-4cfea8f18709,covers,urn:uuid:651bdeaa-a26c-5aea-b54a-af77ef1b1121,
urn:uuid:c040b186-2ef5-596b-8a2c-a99a427b90da,relation/unit/bab-3-sekilas-tentang-2-kategori/covers/surface/unit-023/diagram-arrow/058,urn:uuid:47a2ae37-c009-5dc3-86df-4cfea8f18709,covers,urn:uuid:d3712781-a436-5071-84be-b527da6d8375,
urn:uuid:51abd0d0-9b3c-551b-b004-ddc97d9fc2ae,relation/unit/bab-3-sekilas-tentang-2-kategori/covers/surface/unit-023/diagram-arrow/059,urn:uuid:47a2ae37-c009-5dc3-86df-4cfea8f18709,covers,urn:uuid:86edafb6-e725-5296-96b4-5469eb560427,
urn:uuid:27ab1b85-5b27-50d4-9a75-5965cf70c21b,relation/unit/bab-3-sekilas-tentang-2-kategori/covers/surface/unit-023/diagram-arrow/060,urn:uuid:47a2ae37-c009-5dc3-86df-4cfea8f18709,covers,urn:uuid:014a05ab-7a35-59a4-8898-0062f6098fea,
urn:uuid:a30960a9-4f90-575a-a2e8-753318e2c9c5,relation/unit/bab-3-sekilas-tentang-2-kategori/covers/surface/unit-023/diagram-arrow/061,urn:uuid:47a2ae37-c009-5dc3-86df-4cfea8f18709,covers,urn:uuid:814e3241-0a9f-58bd-b344-70de1e90934f,
urn:uuid:82cc28ee-e7fc-5b37-bd24-4f283de0498a,relation/unit/bab-3-sekilas-tentang-2-kategori/covers/surface/unit-023/diagram-arrow/062,urn:uuid:47a2ae37-c009-5dc3-86df-4cfea8f18709,covers,urn:uuid:97984de8-37dc-579a-ab60-9f6ea3d31cfb,
urn:uuid:bf11ee93-fa7d-590b-a8f3-ef35a5b77ca0,relation/unit/bab-3-sekilas-tentang-2-kategori/covers/surface/unit-023/diagram-arrow/063,urn:uuid:47a2ae37-c009-5dc3-86df-4cfea8f18709,covers,urn:uuid:3e5fe575-272b-5094-9dad-da62b3e2473e,
urn:uuid:7d2043b1-9778-5cd5-a9f5-f21768c345fc,relation/unit/bab-3-sekilas-tentang-2-kategori/covers/surface/unit-023/diagram-arrow/064,urn:uuid:47a2ae37-c009-5dc3-86df-4cfea8f18709,covers,urn:uuid:73bc0b40-d353-555b-9108-25f76c0d91d5,
urn:uuid:27d9ed0a-7408-55e9-bae6-439ddc8ce5b9,relation/unit/bab-3-sekilas-tentang-2-kategori/covers/surface/unit-023/environment/001-definition-01,urn:uuid:47a2ae37-c009-5dc3-86df-4cfea8f18709,covers,urn:uuid:8da3b8e1-feba-5389-b8fd-0d52774930db,
urn:uuid:1be8c3e2-bb7b-55e5-b294-b0beadac25ce,relation/unit/bab-3-sekilas-tentang-2-kategori/covers/surface/unit-023/environment/002-itemize-01,urn:uuid:47a2ae37-c009-5dc3-86df-4cfea8f18709,covers,urn:uuid:416e65ac-3a3d-519d-ac29-ba5a2ad04cef,
urn:uuid:6a508f0c-0c04-5e0f-868a-93a15aee15b1,relation/unit/bab-3-sekilas-tentang-2-kategori/covers/surface/unit-023/environment/003-enumerate-01,urn:uuid:47a2ae37-c009-5dc3-86df-4cfea8f18709,covers,urn:uuid:2da728a9-03b2-5eee-a7ad-2e45da0dc1e3,
urn:uuid:81390091-cff9-51b5-9171-c27fff196c85,relation/unit/bab-3-sekilas-tentang-2-kategori/covers/surface/unit-023/environment/004-tikzcd-01,urn:uuid:47a2ae37-c009-5dc3-86df-4cfea8f18709,covers,urn:uuid:79c5b920-ac45-552a-b3b4-3a931986f46a,
urn:uuid:d5134daa-20fc-5c23-90b3-cf798cf1d24f,relation/unit/bab-3-sekilas-tentang-2-kategori/covers/surface/unit-023/environment/005-tikzcd-02,urn:uuid:47a2ae37-c009-5dc3-86df-4cfea8f18709,covers,urn:uuid:456a2559-7598-54f7-a695-161b9b012172,
urn:uuid:86425b4f-eb80-5f04-81ef-816290b28980,relation/unit/bab-3-sekilas-tentang-2-kategori/covers/surface/unit-023/environment/006-tikzcd-03,urn:uuid:47a2ae37-c009-5dc3-86df-4cfea8f18709,covers,urn:uuid:9641e7e8-a2a1-57bc-891f-db715ee29440,
urn:uuid:d6f4432a-0164-537b-ac61-b4266468ccbf,relation/unit/bab-3-sekilas-tentang-2-kategori/covers/surface/unit-023/environment/007-tikzcd-04,urn:uuid:47a2ae37-c009-5dc3-86df-4cfea8f18709,covers,urn:uuid:d48120cc-8a44-52c0-b5bc-77f5016791b8,
urn:uuid:ee649f88-76fa-55bc-be1c-31d1db45787e,relation/unit/bab-3-sekilas-tentang-2-kategori/covers/surface/unit-023/environment/008-tikzcd-05,urn:uuid:47a2ae37-c009-5dc3-86df-4cfea8f18709,covers,urn:uuid:de46c707-1a78-510d-88d0-98c9227a558e,
urn:uuid:4aeb00cd-924e-5874-8182-7ce27e984ede,relation/unit/bab-3-sekilas-tentang-2-kategori/covers/surface/unit-023/environment/009-tikzcd-06,urn:uuid:47a2ae37-c009-5dc3-86df-4cfea8f18709,covers,urn:uuid:50300f89-e295-529c-a36b-90326a18c443,
urn:uuid:91db837d-0477-5f13-b0e6-1c9da2b00f92,relation/unit/bab-3-sekilas-tentang-2-kategori/covers/surface/unit-023/environment/010-tikzcd-07,urn:uuid:47a2ae37-c009-5dc3-86df-4cfea8f18709,covers,urn:uuid:5de0612e-3a7c-55d0-95e4-0ea91983653f,
urn:uuid:5a3a5a51-56c9-5867-8e51-f334490dab72,relation/unit/bab-3-sekilas-tentang-2-kategori/covers/surface/unit-023/environment/011-tikzcd-08,urn:uuid:47a2ae37-c009-5dc3-86df-4cfea8f18709,covers,urn:uuid:5ca7b762-c4ad-55b9-b5af-c412a388cf15,
urn:uuid:f7c4bac0-d168-55b5-9e48-8bb07656fe0e,relation/unit/bab-3-sekilas-tentang-2-kategori/covers/surface/unit-023/environment/012-tikzcd-09,urn:uuid:47a2ae37-c009-5dc3-86df-4cfea8f18709,covers,urn:uuid:274062a6-5ebe-523b-af64-3052edc174d4,
urn:uuid:e7e891fd-8fe7-55c1-91b5-b6a1ec08e09d,relation/unit/bab-3-sekilas-tentang-2-kategori/covers/surface/unit-023/environment/013-tikzcd-10,urn:uuid:47a2ae37-c009-5dc3-86df-4cfea8f18709,covers,urn:uuid:435ae827-2778-521b-9dd3-089911aa840d,
urn:uuid:ebf5d998-8f6f-51c1-ac09-0868bfb2505f,relation/unit/bab-3-sekilas-tentang-2-kategori/covers/surface/unit-023/environment/014-remark-01,urn:uuid:47a2ae37-c009-5dc3-86df-4cfea8f18709,covers,urn:uuid:bb8e181f-f682-56ac-9796-6cf5cbb4152e,
urn:uuid:9e912e1b-90b2-5d16-9c1e-1a26395af1a2,relation/unit/bab-3-sekilas-tentang-2-kategori/covers/surface/unit-023/environment/015-example-01,urn:uuid:47a2ae37-c009-5dc3-86df-4cfea8f18709,covers,urn:uuid:efcd9676-1f32-5815-a2e2-2d7c0ba1fa71,
urn:uuid:6f2e0a59-a179-5893-b9a8-f255911055ec,relation/unit/bab-3-sekilas-tentang-2-kategori/covers/surface/unit-023/environment/016-compactitem-01,urn:uuid:47a2ae37-c009-5dc3-86df-4cfea8f18709,covers,urn:uuid:9e617652-4783-51dc-8f4c-4cfb3225a3f3,
urn:uuid:8536b2be-7b40-5465-8233-848d01229fe7,relation/unit/bab-3-sekilas-tentang-2-kategori/covers/surface/unit-023/environment/017-remark-02,urn:uuid:47a2ae37-c009-5dc3-86df-4cfea8f18709,covers,urn:uuid:680fd44d-800f-5c7a-b43b-093ebe0d486b,
urn:uuid:0a0f9c1b-8fc2-52cd-85e8-b0a896017501,relation/unit/bab-3-sekilas-tentang-2-kategori/covers/surface/unit-023/environment/018-compactitem-02,urn:uuid:47a2ae37-c009-5dc3-86df-4cfea8f18709,covers,urn:uuid:235b4322-7af1-5348-a29a-0f9cbe732e64,
urn:uuid:2fea32f0-016f-578f-87e4-355cfc9f2823,relation/unit/bab-3-sekilas-tentang-2-kategori/covers/surface/unit-023/environment/019-definition-02,urn:uuid:47a2ae37-c009-5dc3-86df-4cfea8f18709,covers,urn:uuid:a1a0ee99-f194-58d9-b8c9-b9c0f95491e1,
urn:uuid:894002b4-ff59-5ed0-b07f-ecc8af970ed7,relation/unit/bab-3-sekilas-tentang-2-kategori/covers/surface/unit-023/environment/020-convention-01,urn:uuid:47a2ae37-c009-5dc3-86df-4cfea8f18709,covers,urn:uuid:7dcdf254-4b59-5c3b-a0d2-6993c486a80b,
urn:uuid:3ff17726-f17a-534c-b05f-85afdbeead52,relation/unit/bab-3-sekilas-tentang-2-kategori/covers/surface/unit-023/environment/021-tikzcd-11,urn:uuid:47a2ae37-c009-5dc3-86df-4cfea8f18709,covers,urn:uuid:2f263eb8-3de8-59ef-a3f3-5388257b4dc1,
urn:uuid:3d9f6fa0-1bd2-5423-8e5f-87ac1c6d8b27,relation/unit/bab-3-sekilas-tentang-2-kategori/covers/surface/unit-023/environment/022-tikzcd-12,urn:uuid:47a2ae37-c009-5dc3-86df-4cfea8f18709,covers,urn:uuid:dab123ac-f387-50bc-a6fc-b26136ee69ec,
urn:uuid:8831dee1-eaf3-5ade-95f0-4c0371688fd8,relation/unit/bab-3-sekilas-tentang-2-kategori/covers/surface/unit-023/environment/023-tikzcd-13,urn:uuid:47a2ae37-c009-5dc3-86df-4cfea8f18709,covers,urn:uuid:5a1ee1da-f412-55b9-99e5-206a2e53fa39,
urn:uuid:2af21b9a-e536-573d-87b4-9434d70ceec1,relation/unit/bab-3-sekilas-tentang-2-kategori/covers/surface/unit-023/environment/024-remark-03,urn:uuid:47a2ae37-c009-5dc3-86df-4cfea8f18709,covers,urn:uuid:96aa96e0-8832-5b7d-99f7-ee870648c79b,
urn:uuid:7e57163b-ff3f-5677-8216-430303fe5d45,relation/unit/bab-3-sekilas-tentang-2-kategori/covers/surface/unit-023/environment/025-tikzcd-14,urn:uuid:47a2ae37-c009-5dc3-86df-4cfea8f18709,covers,urn:uuid:03995eb5-f6d7-5eba-a551-6cd818ea2fa8,
urn:uuid:fadfccf2-9409-5e70-86b9-d88d8a59b307,relation/unit/bab-3-sekilas-tentang-2-kategori/covers/surface/unit-023/formula/display-bracket/001,urn:uuid:47a2ae37-c009-5dc3-86df-4cfea8f18709,covers,urn:uuid:6fbba14e-e0f1-50b7-b27a-88ceca935343,
urn:uuid:f93cf81b-75c7-50dd-89ff-17be9aca2730,relation/unit/bab-3-sekilas-tentang-2-kategori/covers/surface/unit-023/formula/display-bracket/002,urn:uuid:47a2ae37-c009-5dc3-86df-4cfea8f18709,covers,urn:uuid:09d7cd6b-9497-5670-ae2b-e40dd830b420,
urn:uuid:dc705c49-6fe5-5516-abf4-2f86ffeaa0e7,relation/unit/bab-3-sekilas-tentang-2-kategori/covers/surface/unit-023/formula/display-bracket/003,urn:uuid:47a2ae37-c009-5dc3-86df-4cfea8f18709,covers,urn:uuid:e0fe6420-e39f-5412-ad73-9d04b4ed9e75,
urn:uuid:81e76ef9-1c51-5c37-86d8-3dd815fb7ffa,relation/unit/bab-3-sekilas-tentang-2-kategori/covers/surface/unit-023/formula/display-bracket/004,urn:uuid:47a2ae37-c009-5dc3-86df-4cfea8f18709,covers,urn:uuid:fc0b5ddc-c21b-5dd4-97ea-b87e2058930e,
urn:uuid:088e8e2b-0fda-5242-a6c3-78e4c255e3fe,relation/unit/bab-3-sekilas-tentang-2-kategori/covers/surface/unit-023/formula/display-bracket/005,urn:uuid:47a2ae37-c009-5dc3-86df-4cfea8f18709,covers,urn:uuid:21085c5d-ba40-5eed-91d8-64af1e35f3d1,
urn:uuid:a139c29b-2f13-5e01-8eb9-068dbb3d4668,relation/unit/bab-3-sekilas-tentang-2-kategori/covers/surface/unit-023/formula/display-bracket/006,urn:uuid:47a2ae37-c009-5dc3-86df-4cfea8f18709,covers,urn:uuid:b69dbebf-c088-56a7-bacd-8f1adc9a74aa,
urn:uuid:514b87ae-7973-57ea-a622-c8efde823c5a,relation/unit/bab-3-sekilas-tentang-2-kategori/covers/surface/unit-023/formula/display-bracket/007,urn:uuid:47a2ae37-c009-5dc3-86df-4cfea8f18709,covers,urn:uuid:ec36a0a5-dc1b-5e28-bf88-0e0f868ec4ad,
urn:uuid:22dbdc8b-dff9-5ae6-8b34-21afa78e62a4,relation/unit/bab-3-sekilas-tentang-2-kategori/covers/surface/unit-023/formula/display-bracket/008,urn:uuid:47a2ae37-c009-5dc3-86df-4cfea8f18709,covers,urn:uuid:25f180fa-7ea7-5c10-8337-8805e970c386,
urn:uuid:af4297c9-5e05-53de-b426-46311cba1762,relation/unit/bab-3-sekilas-tentang-2-kategori/covers/surface/unit-023/formula/display-bracket/009,urn:uuid:47a2ae37-c009-5dc3-86df-4cfea8f18709,covers,urn:uuid:16b5bca5-bab3-5366-8cae-c5dcf5419fef,
urn:uuid:7f0179f6-b770-5e58-97e7-e814aa04413c,relation/unit/bab-3-sekilas-tentang-2-kategori/covers/surface/unit-023/formula/display-bracket/010,urn:uuid:47a2ae37-c009-5dc3-86df-4cfea8f18709,covers,urn:uuid:d5a71de4-81d4-5625-a818-1c1bb02559ee,
urn:uuid:2379d4c7-5e12-5d80-8429-4f6e2f43c48b,relation/unit/bab-3-sekilas-tentang-2-kategori/covers/surface/unit-023/formula/display-bracket/011,urn:uuid:47a2ae37-c009-5dc3-86df-4cfea8f18709,covers,urn:uuid:5fc5be06-4513-5340-8450-eb64181663fd,
urn:uuid:087e5160-ce83-5f36-80e7-63cadb2815b7,relation/unit/bab-3-sekilas-tentang-2-kategori/covers/surface/unit-023/formula/inline/001,urn:uuid:47a2ae37-c009-5dc3-86df-4cfea8f18709,covers,urn:uuid:a7762c0e-2f03-5557-8fd8-565575c8a79a,
urn:uuid:107f57ad-d1f5-5dc5-98d7-f306863d2af8,relation/unit/bab-3-sekilas-tentang-2-kategori/covers/surface/unit-023/formula/inline/002,urn:uuid:47a2ae37-c009-5dc3-86df-4cfea8f18709,covers,urn:uuid:e0ba31f8-0a0f-5031-a072-d2245bd9073a,
urn:uuid:51a052fc-41f2-51a9-a7cc-9a09cb59cc35,relation/unit/bab-3-sekilas-tentang-2-kategori/covers/surface/unit-023/formula/inline/003,urn:uuid:47a2ae37-c009-5dc3-86df-4cfea8f18709,covers,urn:uuid:1b491eb5-6941-5e45-be0c-810b2d3a2afd,
urn:uuid:9ad1c4da-c4a9-5389-b671-7f1aef738939,relation/unit/bab-3-sekilas-tentang-2-kategori/covers/surface/unit-023/formula/inline/004,urn:uuid:47a2ae37-c009-5dc3-86df-4cfea8f18709,covers,urn:uuid:8a66d5ac-0fae-5faa-92bf-68d0c6966145,
urn:uuid:cc6e8885-3411-5d8f-8f49-84906a6dfffb,relation/unit/bab-3-sekilas-tentang-2-kategori/covers/surface/unit-023/formula/inline/005,urn:uuid:47a2ae37-c009-5dc3-86df-4cfea8f18709,covers,urn:uuid:17cf3027-9afe-51c6-89e3-ba544a39bff7,
urn:uuid:14fb24f9-b63d-54e0-bbbd-40ecbaea6f0f,relation/unit/bab-3-sekilas-tentang-2-kategori/covers/surface/unit-023/formula/inline/006,urn:uuid:47a2ae37-c009-5dc3-86df-4cfea8f18709,covers,urn:uuid:d04a0b2e-7473-5da1-bc22-74907cf9ae56,
urn:uuid:96a3d0b5-9e45-520a-bee8-9294e3820f86,relation/unit/bab-3-sekilas-tentang-2-kategori/covers/surface/unit-023/formula/inline/007,urn:uuid:47a2ae37-c009-5dc3-86df-4cfea8f18709,covers,urn:uuid:b62db6ad-56b1-5dda-80ff-892053dbc7d1,
urn:uuid:31eb261f-029d-5e48-8ba8-cb0315c5f8c4,relation/unit/bab-3-sekilas-tentang-2-kategori/covers/surface/unit-023/formula/inline/008,urn:uuid:47a2ae37-c009-5dc3-86df-4cfea8f18709,covers,urn:uuid:085f1665-71bf-5ff1-bdfa-9ce03214942e,
urn:uuid:5ff5c006-a3b1-5954-ae3d-02a9f09f122c,relation/unit/bab-3-sekilas-tentang-2-kategori/covers/surface/unit-023/formula/inline/009,urn:uuid:47a2ae37-c009-5dc3-86df-4cfea8f18709,covers,urn:uuid:40f1b640-f746-519c-acb6-da5bb6cecdf0,
urn:uuid:efd4c68a-be74-54fc-8fc2-15cc3ac2a7e6,relation/unit/bab-3-sekilas-tentang-2-kategori/covers/surface/unit-023/formula/inline/010,urn:uuid:47a2ae37-c009-5dc3-86df-4cfea8f18709,covers,urn:uuid:08680159-037c-5b82-a29a-526965347ec9,
urn:uuid:8966a91d-a63d-50fe-b062-81eb2b3b32d8,relation/unit/bab-3-sekilas-tentang-2-kategori/covers/surface/unit-023/formula/inline/011,urn:uuid:47a2ae37-c009-5dc3-86df-4cfea8f18709,covers,urn:uuid:3c3e03d7-98d3-554a-a9ff-6c5506f730ca,
urn:uuid:d01b2de5-d5a9-57da-b99d-6b0766b6d2cb,relation/unit/bab-3-sekilas-tentang-2-kategori/covers/surface/unit-023/formula/inline/012,urn:uuid:47a2ae37-c009-5dc3-86df-4cfea8f18709,covers,urn:uuid:2dfb0a24-4d8e-50ed-aff6-5d41c327ff28,
urn:uuid:60770444-7ccb-528b-9179-b5aeff4cc162,relation/unit/bab-3-sekilas-tentang-2-kategori/covers/surface/unit-023/formula/inline/013,urn:uuid:47a2ae37-c009-5dc3-86df-4cfea8f18709,covers,urn:uuid:b4dae2db-8ec6-5ae3-9e0f-9c8fcaa842ad,
urn:uuid:63479b04-937f-5d4c-bccc-c3bc177072c5,relation/unit/bab-3-sekilas-tentang-2-kategori/covers/surface/unit-023/formula/inline/014,urn:uuid:47a2ae37-c009-5dc3-86df-4cfea8f18709,covers,urn:uuid:edaad230-cc2c-562e-b36e-5eec8a966e21,
urn:uuid:6d91df12-cc73-51ef-a9ed-b5a88bafac0f,relation/unit/bab-3-sekilas-tentang-2-kategori/covers/surface/unit-023/formula/inline/015,urn:uuid:47a2ae37-c009-5dc3-86df-4cfea8f18709,covers,urn:uuid:b1e9da74-c3d9-577c-a7cd-c2c298b670e4,
urn:uuid:790e08d2-e74c-5c6b-b2dc-f4f34e26e640,relation/unit/bab-3-sekilas-tentang-2-kategori/covers/surface/unit-023/formula/inline/016,urn:uuid:47a2ae37-c009-5dc3-86df-4cfea8f18709,covers,urn:uuid:3b3570e0-487a-56de-9cc6-3b23e6403e96,
urn:uuid:b2883226-fb2c-5040-9eb7-dfd3acff7ce4,relation/unit/bab-3-sekilas-tentang-2-kategori/covers/surface/unit-023/formula/inline/017,urn:uuid:47a2ae37-c009-5dc3-86df-4cfea8f18709,covers,urn:uuid:e08973ef-a1ef-5202-b53b-5ca9745dcd8a,
urn:uuid:558cca47-3f7b-550b-b829-b989c61a9244,relation/unit/bab-3-sekilas-tentang-2-kategori/covers/surface/unit-023/formula/inline/018,urn:uuid:47a2ae37-c009-5dc3-86df-4cfea8f18709,covers,urn:uuid:b778faa6-2919-57ea-9032-bb80d254fd32,
urn:uuid:563e3fcd-62d9-5b57-bade-6eef6650a19b,relation/unit/bab-3-sekilas-tentang-2-kategori/covers/surface/unit-023/formula/inline/019,urn:uuid:47a2ae37-c009-5dc3-86df-4cfea8f18709,covers,urn:uuid:19773d68-dafa-5a92-9860-cdea602fcd81,
urn:uuid:dbb0fe39-277d-5fb4-bd12-6beb7a5f2388,relation/unit/bab-3-sekilas-tentang-2-kategori/covers/surface/unit-023/formula/inline/020,urn:uuid:47a2ae37-c009-5dc3-86df-4cfea8f18709,covers,urn:uuid:4948b516-5765-502e-b41b-f043110e187b,
urn:uuid:8d905e42-eac7-5804-a99e-23b9dc08fbb3,relation/unit/bab-3-sekilas-tentang-2-kategori/covers/surface/unit-023/formula/inline/021,urn:uuid:47a2ae37-c009-5dc3-86df-4cfea8f18709,covers,urn:uuid:b943f614-7f5a-56f6-b7de-06ee79ba509b,
urn:uuid:20fede7b-2f2d-5145-ac25-8dd6ae219a08,relation/unit/bab-3-sekilas-tentang-2-kategori/covers/surface/unit-023/formula/inline/022,urn:uuid:47a2ae37-c009-5dc3-86df-4cfea8f18709,covers,urn:uuid:35662eee-6a98-5eeb-bd85-b2e44447f621,
urn:uuid:0fd94f18-d1ad-5bd5-a155-e6de1fe99829,relation/unit/bab-3-sekilas-tentang-2-kategori/covers/surface/unit-023/formula/inline/023,urn:uuid:47a2ae37-c009-5dc3-86df-4cfea8f18709,covers,urn:uuid:eb82054d-36e9-562b-ba84-1f8ca219a644,
urn:uuid:536854c7-0b34-5fd0-8200-5b82776f6fa2,relation/unit/bab-3-sekilas-tentang-2-kategori/covers/surface/unit-023/formula/inline/024,urn:uuid:47a2ae37-c009-5dc3-86df-4cfea8f18709,covers,urn:uuid:5bd9f928-9249-57fa-9a0f-5d8dc89fa01b,
urn:uuid:efc8ea64-af94-54a1-b2d4-32da19265ef1,relation/unit/bab-3-sekilas-tentang-2-kategori/covers/surface/unit-023/formula/inline/025,urn:uuid:47a2ae37-c009-5dc3-86df-4cfea8f18709,covers,urn:uuid:c243c335-8144-5e94-8c1b-a0e74efcd594,
urn:uuid:2b5b71a7-3fc3-5cb0-a733-89f73bab8c70,relation/unit/bab-3-sekilas-tentang-2-kategori/covers/surface/unit-023/formula/inline/026,urn:uuid:47a2ae37-c009-5dc3-86df-4cfea8f18709,covers,urn:uuid:b80ba200-b614-51a0-84f9-18e9f2fffca7,
urn:uuid:10efa00c-c957-5416-9850-93f9cb93dc1e,relation/unit/bab-3-sekilas-tentang-2-kategori/covers/surface/unit-023/formula/inline/027,urn:uuid:47a2ae37-c009-5dc3-86df-4cfea8f18709,covers,urn:uuid:61051269-47d3-52f3-b1ae-5a5c021e00f6,
urn:uuid:908766a8-4681-5ca0-be5e-55557cfa23c8,relation/unit/bab-3-sekilas-tentang-2-kategori/covers/surface/unit-023/formula/inline/028,urn:uuid:47a2ae37-c009-5dc3-86df-4cfea8f18709,covers,urn:uuid:fb7c5548-7904-56e7-aa65-e4e4fc62d91f,
urn:uuid:1d35a420-ec38-529e-9577-1eb6ecf5b7d5,relation/unit/bab-3-sekilas-tentang-2-kategori/covers/surface/unit-023/formula/inline/029,urn:uuid:47a2ae37-c009-5dc3-86df-4cfea8f18709,covers,urn:uuid:b1d307d5-d94b-5415-8095-10065495aefe,
urn:uuid:e124aef7-6cd1-5dfe-b764-13cb9379a373,relation/unit/bab-3-sekilas-tentang-2-kategori/covers/surface/unit-023/formula/inline/030,urn:uuid:47a2ae37-c009-5dc3-86df-4cfea8f18709,covers,urn:uuid:cf993807-8bfc-5434-b0fc-069dae93d682,
urn:uuid:68b105ad-b4c2-55b7-acfc-c1e623bb0b8b,relation/unit/bab-3-sekilas-tentang-2-kategori/covers/surface/unit-023/formula/inline/031,urn:uuid:47a2ae37-c009-5dc3-86df-4cfea8f18709,covers,urn:uuid:f794c3a8-1f7e-57a6-9089-d1265869f186,
urn:uuid:5d77a08e-9f13-56a0-bae5-afa2abac4512,relation/unit/bab-3-sekilas-tentang-2-kategori/covers/surface/unit-023/formula/inline/032,urn:uuid:47a2ae37-c009-5dc3-86df-4cfea8f18709,covers,urn:uuid:6dcc9078-575d-5233-982d-ac735bddb31c,
urn:uuid:3c124d28-f281-5231-b960-6c2e08b398ae,relation/unit/bab-3-sekilas-tentang-2-kategori/covers/surface/unit-023/formula/inline/033,urn:uuid:47a2ae37-c009-5dc3-86df-4cfea8f18709,covers,urn:uuid:cf0b9ab3-e600-5c77-8bd2-9cf7da791e99,
urn:uuid:c722deb6-9d58-51c6-ab1b-41e9250fa2fe,relation/unit/bab-3-sekilas-tentang-2-kategori/covers/surface/unit-023/formula/inline/034,urn:uuid:47a2ae37-c009-5dc3-86df-4cfea8f18709,covers,urn:uuid:9a722afb-c8db-5545-9a0b-7fa1c203c6ca,
urn:uuid:6ec15267-b20e-5571-9c21-a4dcc3705497,relation/unit/bab-3-sekilas-tentang-2-kategori/covers/surface/unit-023/formula/inline/035,urn:uuid:47a2ae37-c009-5dc3-86df-4cfea8f18709,covers,urn:uuid:1cd7d00a-3b8d-53cc-9e61-2db48979345d,
urn:uuid:2668397c-368c-5699-b95a-714b74d5d893,relation/unit/bab-3-sekilas-tentang-2-kategori/covers/surface/unit-023/formula/inline/036,urn:uuid:47a2ae37-c009-5dc3-86df-4cfea8f18709,covers,urn:uuid:2ecfcb91-4fa0-52d7-88ba-7c28af9a2871,
urn:uuid:437551b6-ab72-57da-b566-63edb4758a3f,relation/unit/bab-3-sekilas-tentang-2-kategori/covers/surface/unit-023/formula/inline/037,urn:uuid:47a2ae37-c009-5dc3-86df-4cfea8f18709,covers,urn:uuid:e8938dd0-27e4-5cc6-93f9-3973b40e1381,
urn:uuid:3b863044-c5b9-54e0-94a1-995510effccb,relation/unit/bab-3-sekilas-tentang-2-kategori/covers/surface/unit-023/formula/inline/038,urn:uuid:47a2ae37-c009-5dc3-86df-4cfea8f18709,covers,urn:uuid:1d17a05c-7af9-520a-8d54-95cd60c1972c,
urn:uuid:3fe36554-1273-5f7a-a657-daf86c5fd5b9,relation/unit/bab-3-sekilas-tentang-2-kategori/covers/surface/unit-023/formula/inline/039,urn:uuid:47a2ae37-c009-5dc3-86df-4cfea8f18709,covers,urn:uuid:d185af6b-5b3c-5918-ac2e-5b368ddd293b,
urn:uuid:9e6160ae-9b1b-5c01-990d-44bbe3eacac1,relation/unit/bab-3-sekilas-tentang-2-kategori/covers/surface/unit-023/formula/inline/040,urn:uuid:47a2ae37-c009-5dc3-86df-4cfea8f18709,covers,urn:uuid:da450a8a-430a-5211-b548-dc747464beb7,
urn:uuid:a88042c7-aaa9-5902-9b16-c9b660c8dd71,relation/unit/bab-3-sekilas-tentang-2-kategori/covers/surface/unit-023/formula/inline/041,urn:uuid:47a2ae37-c009-5dc3-86df-4cfea8f18709,covers,urn:uuid:88a1bc22-30c3-5a23-9ece-c87f4423ccaf,
urn:uuid:5166daf7-cb26-59cc-944f-bcf159355402,relation/unit/bab-3-sekilas-tentang-2-kategori/covers/surface/unit-023/formula/inline/042,urn:uuid:47a2ae37-c009-5dc3-86df-4cfea8f18709,covers,urn:uuid:1270aa72-b638-514f-b481-fb84653e6e33,
urn:uuid:c1837ee8-1427-50a2-b97c-bdf335225ab9,relation/unit/bab-3-sekilas-tentang-2-kategori/covers/surface/unit-023/formula/inline/043,urn:uuid:47a2ae37-c009-5dc3-86df-4cfea8f18709,covers,urn:uuid:1c6dca49-f60a-5c73-81d7-9a44a0bc9790,
urn:uuid:ccd073dc-12b9-5141-9a9c-94b046662f09,relation/unit/bab-3-sekilas-tentang-2-kategori/covers/surface/unit-023/formula/inline/044,urn:uuid:47a2ae37-c009-5dc3-86df-4cfea8f18709,covers,urn:uuid:8fdc4b7c-a9ba-5404-bd3b-bf68855f12d0,
urn:uuid:3afbc4c9-2b3f-5499-b113-5f00e6b9043a,relation/unit/bab-3-sekilas-tentang-2-kategori/covers/surface/unit-023/formula/inline/045,urn:uuid:47a2ae37-c009-5dc3-86df-4cfea8f18709,covers,urn:uuid:9f7f07e6-7dac-5172-b9b1-8253b64e9253,
urn:uuid:6bee96f2-bd3d-5d5f-9f90-201539c4da17,relation/unit/bab-3-sekilas-tentang-2-kategori/covers/surface/unit-023/formula/inline/046,urn:uuid:47a2ae37-c009-5dc3-86df-4cfea8f18709,covers,urn:uuid:df7d0a17-4013-5235-9f57-566794f5763d,
urn:uuid:67690ef5-9190-5350-a5fe-b1faad04df2b,relation/unit/bab-3-sekilas-tentang-2-kategori/covers/surface/unit-023/formula/inline/047,urn:uuid:47a2ae37-c009-5dc3-86df-4cfea8f18709,covers,urn:uuid:56251051-3f04-5427-a31b-c4a82fd9eaaf,
urn:uuid:d4062670-d4e2-56d6-87cf-fd001a8e4e4a,relation/unit/bab-3-sekilas-tentang-2-kategori/covers/surface/unit-023/formula/inline/048,urn:uuid:47a2ae37-c009-5dc3-86df-4cfea8f18709,covers,urn:uuid:fc63617c-3b8f-5e60-a438-ae5a9230ae2b,
urn:uuid:3e3e6866-0ff2-596f-9a24-8bf5d8e30ad5,relation/unit/bab-3-sekilas-tentang-2-kategori/covers/surface/unit-023/formula/inline/049,urn:uuid:47a2ae37-c009-5dc3-86df-4cfea8f18709,covers,urn:uuid:9c13fe1d-b38b-58df-86d6-076b371b17e8,
urn:uuid:8e62de77-6784-5bfe-a69c-e60c9306528f,relation/unit/bab-3-sekilas-tentang-2-kategori/covers/surface/unit-023/formula/inline/050,urn:uuid:47a2ae37-c009-5dc3-86df-4cfea8f18709,covers,urn:uuid:e8412d37-acaf-53d6-9ed4-fc6e49434e0a,
urn:uuid:4f3bcc9a-4ab1-59e9-9384-42e0c8e9906d,relation/unit/bab-3-sekilas-tentang-2-kategori/covers/surface/unit-023/formula/inline/051,urn:uuid:47a2ae37-c009-5dc3-86df-4cfea8f18709,covers,urn:uuid:590eedf3-5477-5880-824f-5246aec987f6,
urn:uuid:5deb7f22-c60c-5a52-86c1-3feec48753a3,relation/unit/bab-3-sekilas-tentang-2-kategori/covers/surface/unit-023/formula/inline/052,urn:uuid:47a2ae37-c009-5dc3-86df-4cfea8f18709,covers,urn:uuid:f3a4b39e-434e-5bca-bc0e-1be947bab1ea,
urn:uuid:15d52a30-48d3-531d-8b8d-bf22952f42af,relation/unit/bab-3-sekilas-tentang-2-kategori/covers/surface/unit-023/formula/inline/053,urn:uuid:47a2ae37-c009-5dc3-86df-4cfea8f18709,covers,urn:uuid:863d0e16-d55e-55b7-959f-b6c477ae4d9d,
urn:uuid:3c433e9e-3ed2-5212-b476-71c7becdd994,relation/unit/bab-3-sekilas-tentang-2-kategori/covers/surface/unit-023/formula/inline/054,urn:uuid:47a2ae37-c009-5dc3-86df-4cfea8f18709,covers,urn:uuid:d1f926f3-12d6-5bf5-a21d-c44c33211a4a,
urn:uuid:28490b1b-f9cc-59df-9fd8-3e69f3cc452d,relation/unit/bab-3-sekilas-tentang-2-kategori/covers/surface/unit-023/formula/inline/055,urn:uuid:47a2ae37-c009-5dc3-86df-4cfea8f18709,covers,urn:uuid:99233747-7ce8-5307-927a-48b4557f3c7f,
urn:uuid:546d25ef-f131-5e37-9360-58253f4506fe,relation/unit/bab-3-sekilas-tentang-2-kategori/covers/surface/unit-023/formula/inline/056,urn:uuid:47a2ae37-c009-5dc3-86df-4cfea8f18709,covers,urn:uuid:e8f7b85f-a6b5-523f-b049-8b32fe7225c3,
urn:uuid:3c8dbcb1-b0a5-5c42-b1d5-7e943de8fa58,relation/unit/bab-3-sekilas-tentang-2-kategori/covers/surface/unit-023/formula/inline/057,urn:uuid:47a2ae37-c009-5dc3-86df-4cfea8f18709,covers,urn:uuid:cabad873-0f01-5253-80c4-5b7fad71bc0a,
urn:uuid:df0db3e4-f5d9-5bf5-ae7e-b4df22c23be6,relation/unit/bab-3-sekilas-tentang-2-kategori/covers/surface/unit-023/formula/inline/058,urn:uuid:47a2ae37-c009-5dc3-86df-4cfea8f18709,covers,urn:uuid:7c8fbeb4-6754-5b4e-8d3d-56818239e50e,
urn:uuid:eff0b489-e85c-57eb-994f-31925cc65017,relation/unit/bab-3-sekilas-tentang-2-kategori/covers/surface/unit-023/formula/inline/059,urn:uuid:47a2ae37-c009-5dc3-86df-4cfea8f18709,covers,urn:uuid:e0a7aa00-2093-573e-9021-6b2aedba0508,
urn:uuid:2b419169-2ff5-5845-86b5-172cd3d34984,relation/unit/bab-3-sekilas-tentang-2-kategori/covers/surface/unit-023/formula/inline/060,urn:uuid:47a2ae37-c009-5dc3-86df-4cfea8f18709,covers,urn:uuid:5399ac04-93ab-5305-86ec-5e8103de1785,
urn:uuid:b6ae3ea1-4603-5db4-ace5-4a335e451a7d,relation/unit/bab-3-sekilas-tentang-2-kategori/covers/surface/unit-023/formula/inline/061,urn:uuid:47a2ae37-c009-5dc3-86df-4cfea8f18709,covers,urn:uuid:8143e478-02f3-5bad-8cee-6c1594f1ed1f,
urn:uuid:81738244-3603-526b-85f8-eb3f48ccc03d,relation/unit/bab-3-sekilas-tentang-2-kategori/covers/surface/unit-023/formula/inline/062,urn:uuid:47a2ae37-c009-5dc3-86df-4cfea8f18709,covers,urn:uuid:947ce6f4-4b61-5e78-8480-07d696b81fcf,
urn:uuid:99bd212c-0347-5b92-8ac2-81b40f585f5a,relation/unit/bab-3-sekilas-tentang-2-kategori/covers/surface/unit-023/formula/inline/063,urn:uuid:47a2ae37-c009-5dc3-86df-4cfea8f18709,covers,urn:uuid:4946714b-aeb2-5554-87b5-d4686cc08a9b,
urn:uuid:5ba0ecd7-13e1-522a-b161-abeef7775d2c,relation/unit/bab-3-sekilas-tentang-2-kategori/covers/surface/unit-023/formula/inline/064,urn:uuid:47a2ae37-c009-5dc3-86df-4cfea8f18709,covers,urn:uuid:d562cfba-e416-56e1-b424-663757e2c6fb,
urn:uuid:c1d82500-94de-56b1-921f-99a24285fecb,relation/unit/bab-3-sekilas-tentang-2-kategori/covers/surface/unit-023/formula/inline/065,urn:uuid:47a2ae37-c009-5dc3-86df-4cfea8f18709,covers,urn:uuid:c27eafd1-6ae9-59a2-a11b-6b014dfd3e0a,
urn:uuid:17cd7533-c522-5aec-b5b6-a77c490078c7,relation/unit/bab-3-sekilas-tentang-2-kategori/covers/surface/unit-023/formula/inline/066,urn:uuid:47a2ae37-c009-5dc3-86df-4cfea8f18709,covers,urn:uuid:e50209eb-0e4f-5d79-b5c5-a22b2e6710c9,
urn:uuid:1d2775b6-212f-5776-9041-94e3afad91f5,relation/unit/bab-3-sekilas-tentang-2-kategori/covers/surface/unit-023/formula/inline/067,urn:uuid:47a2ae37-c009-5dc3-86df-4cfea8f18709,covers,urn:uuid:5137b1eb-4f20-5f3c-a4a6-9713a60a82ed,
urn:uuid:20498f49-116d-5e08-a775-5b2c60eb2612,relation/unit/bab-3-sekilas-tentang-2-kategori/covers/surface/unit-023/formula/inline/068,urn:uuid:47a2ae37-c009-5dc3-86df-4cfea8f18709,covers,urn:uuid:69746289-6a5e-5f7b-b0e0-06ed256dfb24,
urn:uuid:59c80be3-7eb1-5cea-80f6-950d143926f9,relation/unit/bab-3-sekilas-tentang-2-kategori/covers/surface/unit-023/formula/inline/069,urn:uuid:47a2ae37-c009-5dc3-86df-4cfea8f18709,covers,urn:uuid:57bee4ad-3f6d-556c-96ff-96de3c2063a9,
urn:uuid:34560ff7-4439-5f64-b182-72bd4654611b,relation/unit/bab-3-sekilas-tentang-2-kategori/covers/surface/unit-023/formula/inline/070,urn:uuid:47a2ae37-c009-5dc3-86df-4cfea8f18709,covers,urn:uuid:b59052ee-846e-57ce-89c2-a6b9e67f5757,
urn:uuid:b532bbe9-54b5-5b96-8b71-e92934f2a952,relation/unit/bab-3-sekilas-tentang-2-kategori/covers/surface/unit-023/formula/inline/071,urn:uuid:47a2ae37-c009-5dc3-86df-4cfea8f18709,covers,urn:uuid:d8beacd4-6e66-58bc-9f5e-3dadc742321e,
urn:uuid:e6b8fca4-8f35-5fb4-aeee-fee30fee2a0d,relation/unit/bab-3-sekilas-tentang-2-kategori/covers/surface/unit-023/formula/inline/072,urn:uuid:47a2ae37-c009-5dc3-86df-4cfea8f18709,covers,urn:uuid:badab14e-89df-5adc-9ab3-4c00c40f26f3,
urn:uuid:b1a24b67-4589-5cc9-8d9e-8e35fcb02b66,relation/unit/bab-3-sekilas-tentang-2-kategori/covers/surface/unit-023/formula/inline/073,urn:uuid:47a2ae37-c009-5dc3-86df-4cfea8f18709,covers,urn:uuid:9cd331aa-8bfb-5b92-89be-50dae92c20ab,
urn:uuid:c90db650-b12f-5e99-a116-819370775e7b,relation/unit/bab-3-sekilas-tentang-2-kategori/covers/surface/unit-023/formula/inline/074,urn:uuid:47a2ae37-c009-5dc3-86df-4cfea8f18709,covers,urn:uuid:e295005d-5e38-5cea-a6d4-b934d2725a5e,
urn:uuid:07b5600e-7e3c-5ba8-bf3b-fd55a71d426c,relation/unit/bab-3-sekilas-tentang-2-kategori/covers/surface/unit-023/formula/inline/075,urn:uuid:47a2ae37-c009-5dc3-86df-4cfea8f18709,covers,urn:uuid:5406aab5-8701-567a-9e5a-829b8914e400,
urn:uuid:33e0ae13-b987-52e1-8721-262b3cc1d766,relation/unit/bab-3-sekilas-tentang-2-kategori/covers/surface/unit-023/formula/inline/076,urn:uuid:47a2ae37-c009-5dc3-86df-4cfea8f18709,covers,urn:uuid:837d4bc2-2adb-5793-bb68-81aa51cc2b24,
urn:uuid:e581eedf-fd90-59d5-a3a6-08d6a9abdb23,relation/unit/bab-3-sekilas-tentang-2-kategori/covers/surface/unit-023/formula/inline/077,urn:uuid:47a2ae37-c009-5dc3-86df-4cfea8f18709,covers,urn:uuid:a8b238da-fbf7-5822-9c24-9b323fc0298c,
urn:uuid:ae6dd618-c8e2-5e46-9a87-2bd6a39587da,relation/unit/bab-3-sekilas-tentang-2-kategori/covers/surface/unit-023/formula/inline/078,urn:uuid:47a2ae37-c009-5dc3-86df-4cfea8f18709,covers,urn:uuid:665486ab-254f-551e-bdc0-399449dafd45,
urn:uuid:885e3c1e-d5f9-517b-b5b3-91674fe5463f,relation/unit/bab-3-sekilas-tentang-2-kategori/covers/surface/unit-023/formula/inline/079,urn:uuid:47a2ae37-c009-5dc3-86df-4cfea8f18709,covers,urn:uuid:4e9b9c4b-aed6-58d5-814a-ac18c271bc60,
urn:uuid:2f2a1541-51fd-5646-9381-8a13aaadbcfc,relation/unit/bab-3-sekilas-tentang-2-kategori/covers/surface/unit-023/formula/inline/080,urn:uuid:47a2ae37-c009-5dc3-86df-4cfea8f18709,covers,urn:uuid:b0eefacc-31be-5e1c-9994-9c5fcb104ae3,
urn:uuid:0e768399-ad0d-564c-a8c6-da617464e9dd,relation/unit/bab-3-sekilas-tentang-2-kategori/covers/surface/unit-023/formula/inline/081,urn:uuid:47a2ae37-c009-5dc3-86df-4cfea8f18709,covers,urn:uuid:0274fde5-3e14-5c7c-90dd-47e024053c38,
urn:uuid:34a63729-33a0-566e-b247-a7d13bc3249c,relation/unit/bab-3-sekilas-tentang-2-kategori/covers/surface/unit-023/formula/inline/082,urn:uuid:47a2ae37-c009-5dc3-86df-4cfea8f18709,covers,urn:uuid:4c35e9f4-8c9a-5c96-8f7a-759ea268a05f,
urn:uuid:09036b36-6d02-53af-b5cc-6e43e0ff4c91,relation/unit/bab-3-sekilas-tentang-2-kategori/covers/surface/unit-023/formula/inline/083,urn:uuid:47a2ae37-c009-5dc3-86df-4cfea8f18709,covers,urn:uuid:75030724-7080-59f9-92d6-137809f433e6,
urn:uuid:1e41939f-25ca-5dd8-adb3-085b6a84c10e,relation/unit/bab-3-sekilas-tentang-2-kategori/covers/surface/unit-023/formula/inline/084,urn:uuid:47a2ae37-c009-5dc3-86df-4cfea8f18709,covers,urn:uuid:088e763d-dd42-5cd2-8d13-f144f2414938,
urn:uuid:f4fd079b-c8cc-5100-b1f5-74c399bb1221,relation/unit/bab-3-sekilas-tentang-2-kategori/covers/surface/unit-023/formula/inline/085,urn:uuid:47a2ae37-c009-5dc3-86df-4cfea8f18709,covers,urn:uuid:a7f7aee9-ed76-57e6-b3b4-24aad78651ba,
urn:uuid:a83eaaa6-6b1d-545d-9768-aa9be9174d20,relation/unit/bab-3-sekilas-tentang-2-kategori/covers/surface/unit-023/formula/inline/086,urn:uuid:47a2ae37-c009-5dc3-86df-4cfea8f18709,covers,urn:uuid:9ba395c3-47ea-597e-942d-11ed6a766b04,
urn:uuid:4cccdd73-1dd0-5038-b628-90647765ea1d,relation/unit/bab-3-sekilas-tentang-2-kategori/covers/surface/unit-023/formula/inline/087,urn:uuid:47a2ae37-c009-5dc3-86df-4cfea8f18709,covers,urn:uuid:7e7772e2-ebdf-5687-8c38-21e9b53058a9,
urn:uuid:42fd2a61-100e-54c9-9a7f-ca66362047f3,relation/unit/bab-3-sekilas-tentang-2-kategori/covers/surface/unit-023/formula/inline/088,urn:uuid:47a2ae37-c009-5dc3-86df-4cfea8f18709,covers,urn:uuid:22877f2a-70c0-513a-81a3-076c138cf07f,
urn:uuid:d9132518-0bbc-566d-86cf-94125616e468,relation/unit/bab-3-sekilas-tentang-2-kategori/covers/surface/unit-023/formula/inline/089,urn:uuid:47a2ae37-c009-5dc3-86df-4cfea8f18709,covers,urn:uuid:c12bb6e1-76a3-5b00-96d9-61092c79a4eb,
urn:uuid:6f9f41f9-d41a-5f3d-8cb3-f24d05a7ee9f,relation/unit/bab-3-sekilas-tentang-2-kategori/covers/surface/unit-023/formula/inline/090,urn:uuid:47a2ae37-c009-5dc3-86df-4cfea8f18709,covers,urn:uuid:e9f7493b-188b-5be4-b2c5-c4dace8618eb,
urn:uuid:55407b87-847c-5c60-8505-766035d150aa,relation/unit/bab-3-sekilas-tentang-2-kategori/covers/surface/unit-023/formula/inline/091,urn:uuid:47a2ae37-c009-5dc3-86df-4cfea8f18709,covers,urn:uuid:956ed23a-68e5-5b39-91a9-74528e37af80,
urn:uuid:3bd84a94-f432-51cd-8851-b30781c85946,relation/unit/bab-3-sekilas-tentang-2-kategori/covers/surface/unit-023/formula/inline/092,urn:uuid:47a2ae37-c009-5dc3-86df-4cfea8f18709,covers,urn:uuid:79430337-90c0-52f3-b578-de6a707b6fb9,
urn:uuid:985d1054-3b25-5db0-9336-68838371cba4,relation/unit/bab-3-sekilas-tentang-2-kategori/covers/surface/unit-023/formula/inline/093,urn:uuid:47a2ae37-c009-5dc3-86df-4cfea8f18709,covers,urn:uuid:1cc7caff-83f4-5e95-8ce6-77d0806e27ef,
urn:uuid:fd514b74-b416-522d-9974-7b071e996398,relation/unit/bab-3-sekilas-tentang-2-kategori/covers/surface/unit-023/formula/inline/094,urn:uuid:47a2ae37-c009-5dc3-86df-4cfea8f18709,covers,urn:uuid:6904aa39-4d3a-5658-84ec-6cae3ee96baf,
urn:uuid:82997617-0bb4-57b5-ad34-99db843242f1,relation/unit/bab-3-sekilas-tentang-2-kategori/covers/surface/unit-023/formula/inline/095,urn:uuid:47a2ae37-c009-5dc3-86df-4cfea8f18709,covers,urn:uuid:7f524836-96b3-507d-9537-f85dcc1780c1,
urn:uuid:e00ba320-38f9-531b-b4c6-aefa33365a5e,relation/unit/bab-3-sekilas-tentang-2-kategori/covers/surface/unit-023/formula/inline/096,urn:uuid:47a2ae37-c009-5dc3-86df-4cfea8f18709,covers,urn:uuid:bb80ebf0-895e-5dcd-83f5-b1fda2f43c0a,
urn:uuid:4655458c-d284-5df2-bdef-f1708072ecfb,relation/unit/bab-3-sekilas-tentang-2-kategori/covers/surface/unit-023/formula/inline/097,urn:uuid:47a2ae37-c009-5dc3-86df-4cfea8f18709,covers,urn:uuid:e4dba4fb-3975-534f-b63c-3e062d434bb0,
urn:uuid:04581680-788d-56e2-84de-7d345e54f171,relation/unit/bab-3-sekilas-tentang-2-kategori/covers/surface/unit-023/formula/inline/098,urn:uuid:47a2ae37-c009-5dc3-86df-4cfea8f18709,covers,urn:uuid:f91bb7c8-f74b-5650-bf65-30559a5470d9,
urn:uuid:fc3bb22a-5b1d-54c6-8fb6-444901cf5d73,relation/unit/bab-3-sekilas-tentang-2-kategori/covers/surface/unit-023/formula/inline/099,urn:uuid:47a2ae37-c009-5dc3-86df-4cfea8f18709,covers,urn:uuid:b0427994-f9bc-587b-aac9-518055dd4603,
urn:uuid:ffeb4914-b9ff-587f-89be-c364f7bad677,relation/unit/bab-3-sekilas-tentang-2-kategori/covers/surface/unit-023/formula/inline/100,urn:uuid:47a2ae37-c009-5dc3-86df-4cfea8f18709,covers,urn:uuid:590379e7-05d9-52c2-a4a3-77a99bc0b32a,
urn:uuid:a4c7a4fa-bda5-5dae-b2f6-25ea24d8d303,relation/unit/bab-3-sekilas-tentang-2-kategori/covers/surface/unit-023/formula/inline/101,urn:uuid:47a2ae37-c009-5dc3-86df-4cfea8f18709,covers,urn:uuid:9d7c1e98-a395-5ed8-abd7-b01d222acc00,
urn:uuid:8f5267a5-cd0c-57b8-998c-2172d505bc37,relation/unit/bab-3-sekilas-tentang-2-kategori/covers/surface/unit-023/formula/inline/102,urn:uuid:47a2ae37-c009-5dc3-86df-4cfea8f18709,covers,urn:uuid:5a9c424a-4555-598f-b159-e587c2ed3db6,
urn:uuid:30934c5a-79f6-5f88-9e3e-f65a095fd09f,relation/unit/bab-3-sekilas-tentang-2-kategori/covers/surface/unit-023/formula/inline/103,urn:uuid:47a2ae37-c009-5dc3-86df-4cfea8f18709,covers,urn:uuid:b695a434-dba4-5b49-a380-2c2250511342,
urn:uuid:400ca05f-2d72-5fc1-8473-268eda2ea39e,relation/unit/bab-3-sekilas-tentang-2-kategori/covers/surface/unit-023/formula/inline/104,urn:uuid:47a2ae37-c009-5dc3-86df-4cfea8f18709,covers,urn:uuid:5a8609d1-585c-5a2c-b10e-5e059754b7c5,
urn:uuid:854bf5a0-dae6-5629-bab0-031f81536068,relation/unit/bab-3-sekilas-tentang-2-kategori/covers/surface/unit-023/formula/inline/105,urn:uuid:47a2ae37-c009-5dc3-86df-4cfea8f18709,covers,urn:uuid:ac45676b-4bdd-5d48-8709-d63a77a58e7e,
urn:uuid:01573c6e-5e2b-5d16-ac24-5e97d2378a1b,relation/unit/bab-3-sekilas-tentang-2-kategori/covers/surface/unit-023/formula/inline/106,urn:uuid:47a2ae37-c009-5dc3-86df-4cfea8f18709,covers,urn:uuid:b717ddf0-9b3c-5e9b-890d-ba701b067198,
urn:uuid:4b8e2148-5ccc-58b3-a021-1ff9531262fd,relation/unit/bab-3-sekilas-tentang-2-kategori/covers/surface/unit-023/formula/inline/107,urn:uuid:47a2ae37-c009-5dc3-86df-4cfea8f18709,covers,urn:uuid:da7c0be2-ecd5-5b0b-9a03-4c797aa1d4e8,
urn:uuid:4ba4ad9b-6316-5dfe-980d-c854dba02223,relation/unit/bab-3-sekilas-tentang-2-kategori/covers/surface/unit-023/formula/inline/108,urn:uuid:47a2ae37-c009-5dc3-86df-4cfea8f18709,covers,urn:uuid:0daf3cab-907c-5f29-8305-b93d7d89f251,
urn:uuid:ae641b6e-b90a-5719-8e13-90c9553aa843,relation/unit/bab-3-sekilas-tentang-2-kategori/covers/surface/unit-023/formula/inline/109,urn:uuid:47a2ae37-c009-5dc3-86df-4cfea8f18709,covers,urn:uuid:6bb983d0-c41e-5097-bbad-b6c4ee5e6d98,
urn:uuid:461eff4d-8d4a-5cc9-aaf1-28d06e9a2af1,relation/unit/bab-3-sekilas-tentang-2-kategori/covers/surface/unit-023/formula/inline/110,urn:uuid:47a2ae37-c009-5dc3-86df-4cfea8f18709,covers,urn:uuid:bfe71fc6-c7b8-580e-a011-0de3557f2724,
urn:uuid:c330ea6a-30f4-58ff-958b-299ee93efc59,relation/unit/bab-3-sekilas-tentang-2-kategori/covers/surface/unit-023/formula/inline/111,urn:uuid:47a2ae37-c009-5dc3-86df-4cfea8f18709,covers,urn:uuid:f935bc5c-956a-59b7-8d71-a9af4d6c0612,
urn:uuid:8f936dc8-4551-542c-ae20-570e81fd1d6e,relation/unit/bab-3-sekilas-tentang-2-kategori/covers/surface/unit-023/formula/inline/112,urn:uuid:47a2ae37-c009-5dc3-86df-4cfea8f18709,covers,urn:uuid:0a924846-d0d3-5dc1-bc10-aeace8ed877c,
urn:uuid:e276577d-ead6-5a8e-8596-805f770d1f2f,relation/unit/bab-3-sekilas-tentang-2-kategori/covers/surface/unit-023/formula/inline/113,urn:uuid:47a2ae37-c009-5dc3-86df-4cfea8f18709,covers,urn:uuid:a41ea71e-918f-508b-a66b-dfa488999a7f,
urn:uuid:f158cafc-9c4c-5bb9-becb-906a73e26046,relation/unit/bab-3-sekilas-tentang-2-kategori/covers/surface/unit-023/formula/inline/114,urn:uuid:47a2ae37-c009-5dc3-86df-4cfea8f18709,covers,urn:uuid:741bb8c4-7f36-5fc6-aa88-355083311be6,
urn:uuid:929f882b-c73f-574f-bebf-ec152eda2b36,relation/unit/bab-3-sekilas-tentang-2-kategori/covers/surface/unit-023/formula/inline/115,urn:uuid:47a2ae37-c009-5dc3-86df-4cfea8f18709,covers,urn:uuid:396be637-4f41-5cd5-b834-2a2c7606974d,
urn:uuid:65f9a227-284a-54ad-8a5b-85717e9699e3,relation/unit/bab-3-sekilas-tentang-2-kategori/covers/surface/unit-023/formula/inline/116,urn:uuid:47a2ae37-c009-5dc3-86df-4cfea8f18709,covers,urn:uuid:ce72e0df-3dd6-5e67-a07a-8e51b1567cd6,
urn:uuid:78a16aed-f5c5-5663-99fe-b48af8f11289,relation/unit/bab-3-sekilas-tentang-2-kategori/covers/surface/unit-023/formula/inline/117,urn:uuid:47a2ae37-c009-5dc3-86df-4cfea8f18709,covers,urn:uuid:804df87a-7523-56bb-9ec8-468f006ee9c7,
urn:uuid:db41295b-4bd8-5740-92e6-5ce667dfad21,relation/unit/bab-3-sekilas-tentang-2-kategori/covers/surface/unit-023/formula/inline/118,urn:uuid:47a2ae37-c009-5dc3-86df-4cfea8f18709,covers,urn:uuid:14cc0723-785a-5ece-8362-107af978f1b7,
urn:uuid:d7fa08c8-5273-5db7-9d48-593f374dea8d,relation/unit/bab-3-sekilas-tentang-2-kategori/covers/surface/unit-023/formula/inline/119,urn:uuid:47a2ae37-c009-5dc3-86df-4cfea8f18709,covers,urn:uuid:3308c3e3-eac1-515f-ae5b-8ab4889fff36,
urn:uuid:11b9c280-5b6f-5429-ba38-930cb3997b31,relation/unit/bab-3-sekilas-tentang-2-kategori/covers/surface/unit-023/formula/inline/120,urn:uuid:47a2ae37-c009-5dc3-86df-4cfea8f18709,covers,urn:uuid:2d30c37e-1bd3-527a-b3f2-1a7d13e1c341,
urn:uuid:9773e1c0-9927-50d5-9aad-0dc007a6b12b,relation/unit/bab-3-sekilas-tentang-2-kategori/covers/surface/unit-023/formula/inline/121,urn:uuid:47a2ae37-c009-5dc3-86df-4cfea8f18709,covers,urn:uuid:decb49d9-c5b0-501e-9278-b9f0ee66070e,
urn:uuid:5af40491-b660-5481-8c73-ba9e65a94460,relation/unit/bab-3-sekilas-tentang-2-kategori/covers/surface/unit-023/formula/inline/122,urn:uuid:47a2ae37-c009-5dc3-86df-4cfea8f18709,covers,urn:uuid:b2b13937-42d2-5862-b8cf-634634e445be,
urn:uuid:9b1fde13-535f-54d3-85ac-bbf1d295350a,relation/unit/bab-3-sekilas-tentang-2-kategori/covers/surface/unit-023/formula/inline/123,urn:uuid:47a2ae37-c009-5dc3-86df-4cfea8f18709,covers,urn:uuid:4d6c45b4-eaec-5e71-9003-1ee19742b9c8,
urn:uuid:7ac4b454-5089-56cd-9865-950b296d5909,relation/unit/bab-3-sekilas-tentang-2-kategori/covers/surface/unit-023/formula/inline/124,urn:uuid:47a2ae37-c009-5dc3-86df-4cfea8f18709,covers,urn:uuid:826f59b5-b4ea-567c-95dc-afe4c7e8e9f3,
urn:uuid:f30e1ead-01c8-5f8a-b50e-ca0d4d410e3a,relation/unit/bab-3-sekilas-tentang-2-kategori/covers/surface/unit-023/formula/inline/125,urn:uuid:47a2ae37-c009-5dc3-86df-4cfea8f18709,covers,urn:uuid:996b9afe-5fa7-5637-a0ef-8b47c04fc08a,
urn:uuid:f9dcb82d-edf4-5e96-a060-c9b8239a0a07,relation/unit/bab-3-sekilas-tentang-2-kategori/covers/surface/unit-023/formula/inline/126,urn:uuid:47a2ae37-c009-5dc3-86df-4cfea8f18709,covers,urn:uuid:40d98679-4bdd-55ce-bea7-67763ff60790,
urn:uuid:1ce09e1f-9b37-5ce4-b67f-e32c1d5807f8,relation/unit/bab-3-sekilas-tentang-2-kategori/covers/surface/unit-023/formula/inline/127,urn:uuid:47a2ae37-c009-5dc3-86df-4cfea8f18709,covers,urn:uuid:d6c51599-81b1-5eae-804f-63279c7ef4f4,
urn:uuid:7b521010-7430-5231-a4fd-f79e38115a28,relation/unit/bab-3-sekilas-tentang-2-kategori/covers/surface/unit-023/formula/inline/128,urn:uuid:47a2ae37-c009-5dc3-86df-4cfea8f18709,covers,urn:uuid:809580c9-fdcf-5bb9-a17d-4709ba367275,
urn:uuid:124b87e9-3a18-5dd9-9faf-2807052deb19,relation/unit/bab-3-sekilas-tentang-2-kategori/covers/surface/unit-023/formula/inline/129,urn:uuid:47a2ae37-c009-5dc3-86df-4cfea8f18709,covers,urn:uuid:2e630457-1fa1-5e2d-be72-1feaca4b0ffa,
urn:uuid:bcada1d1-a975-5b7b-90ab-24e39ed74cf4,relation/unit/bab-3-sekilas-tentang-2-kategori/covers/surface/unit-023/formula/inline/130,urn:uuid:47a2ae37-c009-5dc3-86df-4cfea8f18709,covers,urn:uuid:14def09e-c52b-53f4-b501-f42907ba8324,
urn:uuid:40cff8e7-93eb-5cc8-b7eb-b3403aee63a3,relation/unit/bab-3-sekilas-tentang-2-kategori/covers/surface/unit-023/formula/inline/131,urn:uuid:47a2ae37-c009-5dc3-86df-4cfea8f18709,covers,urn:uuid:9a5be97c-617d-5a94-b373-6a2ee4f04ab3,
urn:uuid:57903be1-ff9f-573c-aec7-c5a55864c44a,relation/unit/bab-3-sekilas-tentang-2-kategori/covers/surface/unit-023/formula/inline/132,urn:uuid:47a2ae37-c009-5dc3-86df-4cfea8f18709,covers,urn:uuid:48794273-5d57-5f30-8baa-da5e0bb26a8f,
urn:uuid:c6ecb8fb-6913-5c51-ada7-831e3320b72a,relation/unit/bab-3-sekilas-tentang-2-kategori/covers/surface/unit-023/formula/inline/133,urn:uuid:47a2ae37-c009-5dc3-86df-4cfea8f18709,covers,urn:uuid:092be791-96ac-5d1c-be17-b577ea37ae41,
urn:uuid:cfe05281-fef1-584b-b107-31e076115e2c,relation/unit/bab-3-sekilas-tentang-2-kategori/covers/surface/unit-023/formula/inline/134,urn:uuid:47a2ae37-c009-5dc3-86df-4cfea8f18709,covers,urn:uuid:0a5cef15-792f-535c-863c-bfe3cd414d7f,
urn:uuid:e347e05e-c6ab-5d28-8924-e2da5e59d654,relation/unit/bab-3-sekilas-tentang-2-kategori/covers/surface/unit-023/formula/inline/135,urn:uuid:47a2ae37-c009-5dc3-86df-4cfea8f18709,covers,urn:uuid:887f3352-6c7c-54cc-9abd-99308fb86127,
urn:uuid:bc0290ff-ba61-5738-ace9-e695f9898973,relation/unit/bab-3-sekilas-tentang-2-kategori/covers/surface/unit-023/formula/inline/136,urn:uuid:47a2ae37-c009-5dc3-86df-4cfea8f18709,covers,urn:uuid:c037125a-2539-585b-a10f-ad70da8e1886,
urn:uuid:cb966145-deeb-5d92-8200-e55c56e9cf50,relation/unit/bab-3-sekilas-tentang-2-kategori/covers/surface/unit-023/formula/inline/137,urn:uuid:47a2ae37-c009-5dc3-86df-4cfea8f18709,covers,urn:uuid:a43ac5ee-0a66-5eb8-85b3-2836efb1b9f7,
urn:uuid:dc9dbcd3-56b6-580e-98a6-638a0c956ecf,relation/unit/bab-3-sekilas-tentang-2-kategori/covers/surface/unit-023/formula/inline/138,urn:uuid:47a2ae37-c009-5dc3-86df-4cfea8f18709,covers,urn:uuid:146aebad-7fe2-5424-8a07-24a3128669f4,
urn:uuid:c449579b-60e2-5325-b0b9-5788e3efbfa4,relation/unit/bab-3-sekilas-tentang-2-kategori/covers/surface/unit-023/formula/inline/139,urn:uuid:47a2ae37-c009-5dc3-86df-4cfea8f18709,covers,urn:uuid:5c7134b1-defe-516f-ab6c-c7cf83d238b9,
urn:uuid:a41626bf-9505-5878-981b-fda5e3f63654,relation/unit/bab-3-sekilas-tentang-2-kategori/covers/surface/unit-023/formula/inline/140,urn:uuid:47a2ae37-c009-5dc3-86df-4cfea8f18709,covers,urn:uuid:94273e31-4b5b-5ede-8a17-9e1959b2852d,
urn:uuid:73598e01-f58b-5a07-ab9f-6903ac934d17,relation/unit/bab-3-sekilas-tentang-2-kategori/covers/surface/unit-023/formula/inline/141,urn:uuid:47a2ae37-c009-5dc3-86df-4cfea8f18709,covers,urn:uuid:505acc37-215c-51ae-ac8a-bc03505b5262,
urn:uuid:3f9860f3-cdde-5efa-bff0-d1f764ddbce1,relation/unit/bab-3-sekilas-tentang-2-kategori/covers/surface/unit-023/formula/inline/142,urn:uuid:47a2ae37-c009-5dc3-86df-4cfea8f18709,covers,urn:uuid:5aed8369-6ef6-553f-bc6f-757c8a66580a,
urn:uuid:a480a0ee-8ab8-598d-b46a-a3b41757e2d3,relation/unit/bab-3-sekilas-tentang-2-kategori/covers/surface/unit-023/formula/inline/143,urn:uuid:47a2ae37-c009-5dc3-86df-4cfea8f18709,covers,urn:uuid:94df5331-d8f7-5f33-84ea-5afad36e45e0,
urn:uuid:43b96ead-884a-5793-961d-97a7a388681c,relation/unit/bab-3-sekilas-tentang-2-kategori/covers/surface/unit-023/formula/inline/144,urn:uuid:47a2ae37-c009-5dc3-86df-4cfea8f18709,covers,urn:uuid:4331e3c2-68cf-5064-87f8-8322d040be19,
urn:uuid:2b35acb5-e8ac-5c94-acea-d2e4871a902f,relation/unit/bab-3-sekilas-tentang-2-kategori/covers/surface/unit-023/formula/inline/145,urn:uuid:47a2ae37-c009-5dc3-86df-4cfea8f18709,covers,urn:uuid:d2c8ae57-60b2-5d9c-8076-c87f7268ad34,
urn:uuid:59521068-47f4-5ee5-ad93-8759a3bdf736,relation/unit/bab-3-sekilas-tentang-2-kategori/covers/surface/unit-023/formula/inline/146,urn:uuid:47a2ae37-c009-5dc3-86df-4cfea8f18709,covers,urn:uuid:64b93d54-35c7-5154-b53f-4ca31adf3225,
urn:uuid:55acc8c1-0eba-51de-85d1-c3aae72050ba,relation/unit/bab-3-sekilas-tentang-2-kategori/covers/surface/unit-023/formula/inline/147,urn:uuid:47a2ae37-c009-5dc3-86df-4cfea8f18709,covers,urn:uuid:c914ac79-6b28-56dd-ac85-cf0b1249e444,
urn:uuid:21a3cf1a-c73f-5b4c-aa7a-f51e6d481c7e,relation/unit/bab-3-sekilas-tentang-2-kategori/covers/surface/unit-023/formula/inline/148,urn:uuid:47a2ae37-c009-5dc3-86df-4cfea8f18709,covers,urn:uuid:a4a63638-42ff-5b7b-9bae-d8881cb9527e,
urn:uuid:a3902a76-afc3-51fc-b3b9-d832b29d01e9,relation/unit/bab-3-sekilas-tentang-2-kategori/covers/surface/unit-023/formula/inline/149,urn:uuid:47a2ae37-c009-5dc3-86df-4cfea8f18709,covers,urn:uuid:b22be58a-d04e-59ca-a5cb-5f4c4b550a85,
urn:uuid:d7cbbbb0-7b26-59b5-b19d-1b6b350de527,relation/unit/bab-3-sekilas-tentang-2-kategori/covers/surface/unit-023/formula/inline/150,urn:uuid:47a2ae37-c009-5dc3-86df-4cfea8f18709,covers,urn:uuid:4a66757e-3bc5-5da9-bef3-f5b5aa30ec68,
urn:uuid:7dfc8a47-1054-5975-8c85-b4a3d469c4d1,relation/unit/bab-3-sekilas-tentang-2-kategori/covers/surface/unit-023/formula/inline/151,urn:uuid:47a2ae37-c009-5dc3-86df-4cfea8f18709,covers,urn:uuid:cf35d33c-9bb2-5ce8-8dd5-be4f2a4a7f2a,
urn:uuid:c7afb311-8045-5ef9-b9f7-fc360c58479c,relation/unit/bab-3-sekilas-tentang-2-kategori/covers/surface/unit-023/formula/inline/152,urn:uuid:47a2ae37-c009-5dc3-86df-4cfea8f18709,covers,urn:uuid:aca1f6b1-27c1-5e36-ba53-e9db9827dd86,
urn:uuid:a71d3804-ba23-56da-9384-f92a6c7a6ac4,relation/unit/bab-3-sekilas-tentang-2-kategori/covers/surface/unit-023/formula/inline/153,urn:uuid:47a2ae37-c009-5dc3-86df-4cfea8f18709,covers,urn:uuid:9365f6fa-e1fe-53c0-b0a4-e97c061bb0e1,
urn:uuid:1048f910-1c7e-5bab-a084-b6cb666f0309,relation/unit/bab-3-sekilas-tentang-2-kategori/covers/surface/unit-023/formula/inline/154,urn:uuid:47a2ae37-c009-5dc3-86df-4cfea8f18709,covers,urn:uuid:8b6b05a5-cea1-5a65-b38e-ba6306f05456,
urn:uuid:d1e486d4-e18d-54f7-89a3-ef2dbc978b9c,relation/unit/bab-3-sekilas-tentang-2-kategori/covers/surface/unit-023/formula/inline/155,urn:uuid:47a2ae37-c009-5dc3-86df-4cfea8f18709,covers,urn:uuid:1d795af7-393f-51b8-9eae-1510be210d7f,
urn:uuid:4703aedf-1b37-5004-98f3-dfea7615654b,relation/unit/bab-3-sekilas-tentang-2-kategori/covers/surface/unit-023/formula/inline/156,urn:uuid:47a2ae37-c009-5dc3-86df-4cfea8f18709,covers,urn:uuid:4ce57537-27d5-5908-9186-2226f3ab03f8,
urn:uuid:10371dc4-9e85-599a-961b-f4a555f8ec39,relation/unit/bab-3-sekilas-tentang-2-kategori/covers/surface/unit-023/item/001,urn:uuid:47a2ae37-c009-5dc3-86df-4cfea8f18709,covers,urn:uuid:4f0f533c-5a7d-5ffd-b393-ce6144d35a99,
urn:uuid:7a25068e-c3e3-5f9b-bb24-3857aa6a88de,relation/unit/bab-3-sekilas-tentang-2-kategori/covers/surface/unit-023/item/002,urn:uuid:47a2ae37-c009-5dc3-86df-4cfea8f18709,covers,urn:uuid:6453a5d7-937a-5545-b73f-2226429e1335,
urn:uuid:f6ac034f-1d92-5ddb-90e7-f23f35dc9ace,relation/unit/bab-3-sekilas-tentang-2-kategori/covers/surface/unit-023/item/003,urn:uuid:47a2ae37-c009-5dc3-86df-4cfea8f18709,covers,urn:uuid:0a76270e-cc06-5287-add1-c81be6544190,
urn:uuid:ab2b73e1-1725-5e64-ad08-eee8e081d130,relation/unit/bab-3-sekilas-tentang-2-kategori/covers/surface/unit-023/item/004,urn:uuid:47a2ae37-c009-5dc3-86df-4cfea8f18709,covers,urn:uuid:2151a6da-6b9e-5bf2-813d-45416100258b,
urn:uuid:f8705176-bc23-5f3f-9dbb-e82fcecfc4f8,relation/unit/bab-3-sekilas-tentang-2-kategori/covers/surface/unit-023/item/005,urn:uuid:47a2ae37-c009-5dc3-86df-4cfea8f18709,covers,urn:uuid:21a78a00-e954-57e4-a698-d603bcc0bd69,
urn:uuid:82857f95-8962-5bbe-bc9f-4fd93e51799d,relation/unit/bab-3-sekilas-tentang-2-kategori/covers/surface/unit-023/item/006,urn:uuid:47a2ae37-c009-5dc3-86df-4cfea8f18709,covers,urn:uuid:39ba9f4e-278c-54a6-b921-0826180a6d60,
urn:uuid:80eda86a-86c7-5945-82cc-182062519e5d,relation/unit/bab-3-sekilas-tentang-2-kategori/covers/surface/unit-023/item/007,urn:uuid:47a2ae37-c009-5dc3-86df-4cfea8f18709,covers,urn:uuid:c23d8c4c-d023-5fe4-b251-8c7e5f2ca340,
urn:uuid:7b6b7e47-0016-5ae1-b729-b5b357df818f,relation/unit/bab-3-sekilas-tentang-2-kategori/covers/surface/unit-023/item/008,urn:uuid:47a2ae37-c009-5dc3-86df-4cfea8f18709,covers,urn:uuid:451685b7-1380-5286-8b2a-1f0cbe852ec6,
urn:uuid:5ce180b8-3e68-53d2-8cfb-c8bd9c25fb3b,relation/unit/bab-3-sekilas-tentang-2-kategori/covers/surface/unit-023/item/009,urn:uuid:47a2ae37-c009-5dc3-86df-4cfea8f18709,covers,urn:uuid:97cfd6bb-a7a4-5a1d-bb08-1a8f627c523b,
urn:uuid:6ad39f21-4cbc-5081-8d44-567d566c839c,relation/unit/bab-3-sekilas-tentang-2-kategori/covers/surface/unit-023/item/010,urn:uuid:47a2ae37-c009-5dc3-86df-4cfea8f18709,covers,urn:uuid:c2b80e99-8423-5cdb-8031-40e53ccdeaa7,
urn:uuid:86c0c6a1-d4fe-5153-8023-486aa5b3a7c4,relation/unit/bab-3-sekilas-tentang-2-kategori/covers/surface/unit-023/item/011,urn:uuid:47a2ae37-c009-5dc3-86df-4cfea8f18709,covers,urn:uuid:ded062b1-0683-5382-a604-59864814587b,
urn:uuid:0e324b16-f121-55ee-8887-f76f0e3e8ced,relation/unit/bab-3-sekilas-tentang-2-kategori/covers/surface/unit-023/item/012,urn:uuid:47a2ae37-c009-5dc3-86df-4cfea8f18709,covers,urn:uuid:03e4396b-5657-501a-b009-24476ed49827,
urn:uuid:95c86ca2-89ed-5ce0-a1c9-8b091862d203,relation/unit/bab-3-sekilas-tentang-2-kategori/covers/surface/unit-023/item/013,urn:uuid:47a2ae37-c009-5dc3-86df-4cfea8f18709,covers,urn:uuid:65aeda44-90ad-5d2b-b27f-bd351bfa3e7e,
urn:uuid:487f6e83-cbee-5497-aaab-276c434239c1,relation/unit/bab-3-sekilas-tentang-2-kategori/covers/surface/unit-023/item/014,urn:uuid:47a2ae37-c009-5dc3-86df-4cfea8f18709,covers,urn:uuid:41d11094-b574-59b9-a52d-10aa0b870e47,
urn:uuid:2fde8d19-bdf6-599c-9f8e-fab353511929,relation/unit/bab-3-sekilas-tentang-2-kategori/covers/surface/unit-023/item/015,urn:uuid:47a2ae37-c009-5dc3-86df-4cfea8f18709,covers,urn:uuid:36803c8f-1c54-55fc-a086-7fd9df19f733,
urn:uuid:644f1955-e613-5fb9-a5c4-19f2b14bd1ae,relation/unit/bab-3-sekilas-tentang-2-kategori/covers/surface/unit-023/item/016,urn:uuid:47a2ae37-c009-5dc3-86df-4cfea8f18709,covers,urn:uuid:0c1cc862-8ede-5313-b90a-57417dc6e526,
urn:uuid:f5281f17-7eb1-54a7-b87e-2310439a92dd,relation/unit/bab-3-sekilas-tentang-2-kategori/covers/surface/unit-023/item/017,urn:uuid:47a2ae37-c009-5dc3-86df-4cfea8f18709,covers,urn:uuid:033468c6-d95d-543a-a3ed-860b00106643,
urn:uuid:26a3f590-435a-51fa-bca7-cf3edbc53935,relation/unit/bab-3-sekilas-tentang-2-kategori/covers/surface/unit-023/item/018,urn:uuid:47a2ae37-c009-5dc3-86df-4cfea8f18709,covers,urn:uuid:1ec33ebc-f712-538a-b503-c207d3adf15c,
urn:uuid:0151b685-2cab-5d1b-b043-fbc03672c597,relation/unit/bab-3-sekilas-tentang-2-kategori/covers/surface/unit-023/item/019,urn:uuid:47a2ae37-c009-5dc3-86df-4cfea8f18709,covers,urn:uuid:f7a3830c-7f09-577f-b825-5f12541bd6f4,
urn:uuid:7427523f-dd52-5753-b539-39d8c0d9d057,relation/unit/bab-3-sekilas-tentang-2-kategori/covers/surface/unit-023/label/001,urn:uuid:47a2ae37-c009-5dc3-86df-4cfea8f18709,covers,urn:uuid:4acc8e52-7d51-55fa-b0ff-35f0cba1b556,
urn:uuid:c1fdc18a-3f79-5f78-b4f0-9224c872656d,relation/unit/bab-3-sekilas-tentang-2-kategori/covers/surface/unit-023/label/002,urn:uuid:47a2ae37-c009-5dc3-86df-4cfea8f18709,covers,urn:uuid:50cf5d3b-c334-5916-9f3c-a55f8b894de3,
urn:uuid:66841619-2135-5b87-8234-911f672ca1a1,relation/unit/bab-3-sekilas-tentang-2-kategori/covers/surface/unit-023/reference/ordinary/001,urn:uuid:47a2ae37-c009-5dc3-86df-4cfea8f18709,covers,urn:uuid:81bee61b-94ed-58a7-b0e9-3242d6d1b128,
urn:uuid:4fe79822-0407-5247-b224-c8c874095456,relation/unit/bab-3-sekilas-tentang-2-kategori/covers/surface/unit-023/reference/ordinary/002,urn:uuid:47a2ae37-c009-5dc3-86df-4cfea8f18709,covers,urn:uuid:74a18dda-6cd7-5bf6-9cab-7bed4e34b589,
urn:uuid:40587156-d47b-5631-8a75-04e9c06968ff,relation/unit/bab-3-sekilas-tentang-2-kategori/covers/surface/unit-023/reference/ordinary/003,urn:uuid:47a2ae37-c009-5dc3-86df-4cfea8f18709,covers,urn:uuid:7b19c76c-6470-52c5-97f2-bdd2c11b6311,
urn:uuid:84bb130e-536c-590e-bb45-b4194a1539c1,relation/unit/bab-3-sekilas-tentang-2-kategori/covers/surface/unit-023/reference/ordinary/004,urn:uuid:47a2ae37-c009-5dc3-86df-4cfea8f18709,covers,urn:uuid:7bdd2db0-ac09-5b6b-ba3b-528dcf357560,
urn:uuid:1b28b573-7b5c-5fbc-8c41-43983589dd92,relation/unit/bab-3-sekilas-tentang-2-kategori/covers/surface/unit-023/reference/ordinary/005,urn:uuid:47a2ae37-c009-5dc3-86df-4cfea8f18709,covers,urn:uuid:cdf44da4-fdd5-5f7d-81f6-23a83ae4caf4,
urn:uuid:a8058bd3-d3a8-5c33-b16d-ec0c048b2e9f,relation/unit/bab-3-sekilas-tentang-2-kategori/covers/surface/unit-023/reference/ordinary/006,urn:uuid:47a2ae37-c009-5dc3-86df-4cfea8f18709,covers,urn:uuid:e16c4651-724f-5ee5-a71b-74d2333f9a2a,
urn:uuid:d4a97fbd-5d6b-5caf-875b-c5ba50439b76,relation/unit/bab-3-sekilas-tentang-2-kategori/covers/surface/unit-023/reference/ordinary/007,urn:uuid:47a2ae37-c009-5dc3-86df-4cfea8f18709,covers,urn:uuid:587a385c-4489-5b34-8f87-aa4a8de429e3,
urn:uuid:4540b1ab-e480-5b70-b9c0-97ce839d59f1,relation/unit/bab-3-sekilas-tentang-2-kategori/covers/surface/unit-023/reference/ordinary/008,urn:uuid:47a2ae37-c009-5dc3-86df-4cfea8f18709,covers,urn:uuid:397dd334-49dd-5037-afc7-a6bcbe2d614a,
urn:uuid:6b7c3b74-d29b-5702-8895-316524f74110,relation/unit/bab-3-sekilas-tentang-2-kategori/covers/surface/unit-023/reference/ordinary/009,urn:uuid:47a2ae37-c009-5dc3-86df-4cfea8f18709,covers,urn:uuid:04046360-b186-5469-a10e-deebda3110d3,
urn:uuid:7d0c8e4a-017d-53b1-a731-65ee95ef7c3e,relation/unit/bab-3-sekilas-tentang-2-kategori/covers/surface/unit-023/reference/ordinary/010,urn:uuid:47a2ae37-c009-5dc3-86df-4cfea8f18709,covers,urn:uuid:6436135f-86bc-570c-bf60-94222a277132,
urn:uuid:5bb3ff0f-626f-5df6-a605-b1fbcebce7d8,relation/unit/bab-3-sekilas-tentang-2-kategori/covers/surface/unit-023/reference/ordinary/011,urn:uuid:47a2ae37-c009-5dc3-86df-4cfea8f18709,covers,urn:uuid:1cc45ad7-20fb-5332-827b-5d4ccae1d6b2,
urn:uuid:5d8da739-80be-5f22-87b1-429d884317af,relation/unit/bab-3-sekilas-tentang-2-kategori/covers/surface/unit-023/reference/ordinary/012,urn:uuid:47a2ae37-c009-5dc3-86df-4cfea8f18709,covers,urn:uuid:00e6ff1f-1a37-5771-b2fd-529e8750b672,
urn:uuid:35fbc5e3-f815-5684-b114-fbe3a7866ccb,relation/unit/bab-3-sekilas-tentang-2-kategori/covers/surface/unit-023/reference/ordinary/013,urn:uuid:47a2ae37-c009-5dc3-86df-4cfea8f18709,covers,urn:uuid:57ea05e0-6ed4-58a1-acb9-a49cf2359cfb,
urn:uuid:60f5c163-aaf9-5041-867c-c8991120ddc3,relation/unit/bab-3-sekilas-tentang-2-kategori/covers/surface/unit-023/reference/ordinary/014,urn:uuid:47a2ae37-c009-5dc3-86df-4cfea8f18709,covers,urn:uuid:856fdd04-544d-52d9-ae78-94ee4ee77a4b,
urn:uuid:648b3311-de20-5d6e-ac14-de4cd52bef11,relation/unit/bab-3-sekilas-tentang-2-kategori/covers/surface/unit-023/reference/ordinary/015,urn:uuid:47a2ae37-c009-5dc3-86df-4cfea8f18709,covers,urn:uuid:518dc5e5-6385-50b7-8b55-01d75af01528,
urn:uuid:d2cbee44-12b4-553f-831d-7d2769d783c9,relation/unit/bab-3-sekilas-tentang-2-kategori/covers/surface/unit-023/reference/ordinary/016,urn:uuid:47a2ae37-c009-5dc3-86df-4cfea8f18709,covers,urn:uuid:cf04c7bf-2fb6-5e7c-aff9-19e48fcc3240,
urn:uuid:97cded7a-99b7-5cfe-9a54-b11e25c2c3d8,relation/unit/bab-3-sekilas-tentang-2-kategori/covers/surface/unit-023/terminology-row/001,urn:uuid:47a2ae37-c009-5dc3-86df-4cfea8f18709,covers,urn:uuid:f2b1319d-e01e-59ab-9fd2-c55391b98393,
urn:uuid:a832a276-8c0c-5a66-a69a-1ef3e1434e33,relation/unit/bab-3-sekilas-tentang-2-kategori/covers/surface/unit-023/terminology-row/002,urn:uuid:47a2ae37-c009-5dc3-86df-4cfea8f18709,covers,urn:uuid:886f39b3-b25f-5343-9aff-e6b8c5062edb,
urn:uuid:1d97c5a1-1295-5766-9d13-16b8dec0cf0f,relation/unit/bab-3-sekilas-tentang-2-kategori/covers/surface/unit-023/terminology-row/003,urn:uuid:47a2ae37-c009-5dc3-86df-4cfea8f18709,covers,urn:uuid:f5d715d1-1285-5d3f-8d4a-0b9a3e9a8ef9,
urn:uuid:beb346c3-c070-5c9e-9b54-c58ef62d8946,relation/unit/bab-3-sekilas-tentang-2-kategori/covers/surface/unit-023/terminology-row/004,urn:uuid:47a2ae37-c009-5dc3-86df-4cfea8f18709,covers,urn:uuid:af8dc2b6-5bb9-595b-b5f8-fa5eea2a9d66,
urn:uuid:24948cfb-58e1-54af-951d-4fcfc7203567,relation/unit/bab-3-sekilas-tentang-2-kategori/covers/surface/unit-023/terminology-row/005,urn:uuid:47a2ae37-c009-5dc3-86df-4cfea8f18709,covers,urn:uuid:e58edd0f-0c9e-5552-a519-e3977907af06,
urn:uuid:7ca6d0c8-24e4-56c4-bbbe-01683d17972b,relation/unit/bab-3-sekilas-tentang-2-kategori/covers/surface/unit-023/terminology-row/006,urn:uuid:47a2ae37-c009-5dc3-86df-4cfea8f18709,covers,urn:uuid:5955348f-c4b1-58f2-912d-efe575b932eb,
urn:uuid:a58bfe63-fb88-573c-981e-739b7ba92363,relation/unit/bab-3-sekilas-tentang-2-kategori/covers/surface/unit-023/terminology-row/007,urn:uuid:47a2ae37-c009-5dc3-86df-4cfea8f18709,covers,urn:uuid:7fe751a2-876b-5ab7-a42e-7979eb5642e4,
urn:uuid:da69748a-d0d4-5328-9703-43965f27952a,relation/unit/bab-3-sekilas-tentang-2-kategori/covers/surface/unit-023/terminology-row/008,urn:uuid:47a2ae37-c009-5dc3-86df-4cfea8f18709,covers,urn:uuid:a8da290f-0fc0-5284-85aa-5362432f8527,
urn:uuid:6500bac4-63e9-5a44-9518-460649cbf5e6,relation/unit/bab-3-sekilas-tentang-2-kategori/covers/surface/unit-023/terminology-row/009,urn:uuid:47a2ae37-c009-5dc3-86df-4cfea8f18709,covers,urn:uuid:b83d354b-814d-5400-9209-db0bb1103ea3,
urn:uuid:de37ed1e-c8c1-55c8-88c8-013c861a6e19,relation/unit/bab-3-sekilas-tentang-2-kategori/covers/surface/unit-023/terminology-row/010,urn:uuid:47a2ae37-c009-5dc3-86df-4cfea8f18709,covers,urn:uuid:4887d20a-a2e5-5516-9ed6-04f8bb925ca1,
urn:uuid:6c808119-0b96-5ad8-ba92-469cb4233890,relation/unit/bab-3-sekilas-tentang-2-kategori/covers/surface/unit-023/terminology-row/011,urn:uuid:47a2ae37-c009-5dc3-86df-4cfea8f18709,covers,urn:uuid:666bd328-35f5-51db-bc29-398979b3190f,
urn:uuid:834b1091-cd3f-5d4f-8a06-65f36bab3586,relation/unit/bab-3-sekilas-tentang-2-kategori/covers/surface/unit-023/terminology-row/012,urn:uuid:47a2ae37-c009-5dc3-86df-4cfea8f18709,covers,urn:uuid:c65e47ba-311f-55e9-b7ee-09da693669fb,
urn:uuid:bd14774a-1680-5717-b19d-1a7a4808b820,relation/unit/bab-3-sekilas-tentang-2-kategori/covers/surface/unit-023/terminology-row/013,urn:uuid:47a2ae37-c009-5dc3-86df-4cfea8f18709,covers,urn:uuid:d296b906-4ed9-54ce-8086-1710073a3f75,
urn:uuid:24ac3ec1-c762-5218-ac74-b30e687ac58e,relation/unit/bab-3-sekilas-tentang-2-kategori/covers/surface/unit-023/terminology-row/014,urn:uuid:47a2ae37-c009-5dc3-86df-4cfea8f18709,covers,urn:uuid:cc8c6e5f-7d3c-5772-af03-c137e369d35b,
urn:uuid:86d0ec17-a294-5ddb-9c58-127b31738ce7,relation/unit/bab-3-sekilas-tentang-2-kategori/covers/surface/unit-023/terminology-row/015,urn:uuid:47a2ae37-c009-5dc3-86df-4cfea8f18709,covers,urn:uuid:ed713286-4816-5adc-94f9-f3f61993bebe,
urn:uuid:d1466a2f-65db-5750-b1e6-8a58fa3dc4be,relation/unit/bab-3-sekilas-tentang-2-kategori/covers/surface/unit-023/terminology-row/016,urn:uuid:47a2ae37-c009-5dc3-86df-4cfea8f18709,covers,urn:uuid:4aab0bba-3511-57ad-b3c6-454d104cb5ff,
urn:uuid:e5042008-4d08-5702-a0df-e84aa6669ed7,relation/unit/bab-3-sekilas-tentang-2-kategori/covers/surface/unit-023/terminology-row/017,urn:uuid:47a2ae37-c009-5dc3-86df-4cfea8f18709,covers,urn:uuid:4aa53a54-bcac-5bb7-8f8a-08120fbf254b,
urn:uuid:0e0f8233-ef4e-56ee-94e5-5d5429dc01ef,relation/unit/bab-3-sekilas-tentang-2-kategori/covers/surface/unit-023/terminology-row/018,urn:uuid:47a2ae37-c009-5dc3-86df-4cfea8f18709,covers,urn:uuid:d71e4c3a-cb29-5784-a825-6ffd13cf75ce,
urn:uuid:e559a950-e657-50f7-b45d-afaa1b2e3c59,relation/unit/bab-3-sekilas-tentang-2-kategori/covers/surface/unit-023/terminology-row/019,urn:uuid:47a2ae37-c009-5dc3-86df-4cfea8f18709,covers,urn:uuid:22a4338d-a9b1-50ea-a4fb-bb4f74356081,
urn:uuid:8ec7dae9-7d8d-5f62-8e25-a9db034682f0,relation/unit/bab-3-sekilas-tentang-2-kategori/covers/surface/unit-023/terminology-row/020,urn:uuid:47a2ae37-c009-5dc3-86df-4cfea8f18709,covers,urn:uuid:cb26b639-2174-5a81-bf19-9215da8650b0,
urn:uuid:13e4caeb-57bb-5df8-8cb5-cfe16bc3d394,relation/unit/bab-3-sekilas-tentang-2-kategori/governed-by/rights/ajbook-fragment-cc-by-sa-3.0,urn:uuid:47a2ae37-c009-5dc3-86df-4cfea8f18709,governed-by,urn:uuid:10faf5cd-990f-5850-87b4-26922b062485,
urn:uuid:2b3cc3b9-0a51-5d26-9fbf-2543f0580045,relation/unit/bab-3-sekilas-tentang-2-kategori/governed-by/rights/noto-fonts-ofl-1.1,urn:uuid:47a2ae37-c009-5dc3-86df-4cfea8f18709,governed-by,urn:uuid:b9f7a7a7-8e18-507a-b72e-b5de733a7430,
urn:uuid:eeebfd98-055e-5d84-937d-679cddb23bcc,relation/unit/bab-3-sekilas-tentang-2-kategori/governed-by/rights/principal-cc-by-4.0,urn:uuid:47a2ae37-c009-5dc3-86df-4cfea8f18709,governed-by,urn:uuid:0baf6c47-021d-5310-9475-81519e710250,
urn:uuid:4c47cbb4-9456-5883-9ba9-fe08afeed8fc,relation/unit/bab-3-sekilas-tentang-2-kategori/requires/prerequisite/categories-and-morphisms,urn:uuid:47a2ae37-c009-5dc3-86df-4cfea8f18709,requires,urn:uuid:dd69ccfd-7399-53a2-83fe-84127b1baf1d,prelude.tex:49-60
urn:uuid:6362414b-e7a1-58c2-8b33-6893f8ce505f,relation/unit/bab-3-sekilas-tentang-2-kategori/requires/prerequisite/elementary-set-theory,urn:uuid:47a2ae37-c009-5dc3-86df-4cfea8f18709,requires,urn:uuid:00f7d0ea-1b60-51da-843f-cca760a368e4,prelude.tex:49-60
urn:uuid:d5eedff6-94e6-545f-8722-5efa0028f13c,relation/unit/bab-3-sekilas-tentang-2-kategori/requires/prerequisite/functor-categories,urn:uuid:47a2ae37-c009-5dc3-86df-4cfea8f18709,requires,urn:uuid:e3c2ed29-b6a0-5f8d-9613-6f2b41d962c8,prelude.tex:49-60
urn:uuid:d5991994-bfbe-5e81-80bf-df5a74b44c1f,relation/unit/bab-3-sekilas-tentang-2-kategori/requires/prerequisite/functors-and-natural-transformations,urn:uuid:47a2ae37-c009-5dc3-86df-4cfea8f18709,requires,urn:uuid:3e864ace-90f6-56b3-8ce5-2e0690dbc9f8,prelude.tex:49-60
urn:uuid:6457f8f4-61cd-53f4-9ff6-7271bcfa13b2,relation/unit/bab-3-sekilas-tentang-2-kategori/requires/prerequisite/point-set-topology,urn:uuid:47a2ae37-c009-5dc3-86df-4cfea8f18709,requires,urn:uuid:6a61cd7e-28fe-5c64-9573-cf9ab46e5e96,prelude.tex:49-60
urn:uuid:ef35447d-b65b-5154-b0a0-60083a6c7874,relation/unit/bab-3-sekilas-tentang-2-kategori/requires/prerequisite/universal-properties-and-comma-categories,urn:uuid:47a2ae37-c009-5dc3-86df-4cfea8f18709,requires,urn:uuid:8cab24d2-0f78-5bf9-96f8-5b2f2b07168d,prelude.tex:49-60
urn:uuid:861b7059-9c80-5406-a7f1-cdf1a2407323,relation/unit/bab-3-sekilas-tentang-2-kategori/section/sekilas-tentang-2-kategori/covers/concept/adjoint-equivalence,urn:uuid:4234ea9a-f75b-56a8-b5dc-b20acad0b8af,covers,urn:uuid:9e4fc028-9e95-59ed-8557-e086dc5bda7e,chapter3.tex:723-872
urn:uuid:2479935e-a2bb-5d7a-b3e3-ca4a1dd9242e,relation/unit/bab-3-sekilas-tentang-2-kategori/section/sekilas-tentang-2-kategori/covers/concept/adjunction-counit,urn:uuid:4234ea9a-f75b-56a8-b5dc-b20acad0b8af,covers,urn:uuid:4b148dec-0286-50a3-9c34-4b4e81ab2ac9,chapter3.tex:723-872
urn:uuid:07903f94-207f-5a3e-9229-c0bebdf3689d,relation/unit/bab-3-sekilas-tentang-2-kategori/section/sekilas-tentang-2-kategori/covers/concept/adjunction-in-two-category,urn:uuid:4234ea9a-f75b-56a8-b5dc-b20acad0b8af,covers,urn:uuid:dad7a3c3-e0b9-5ba6-b180-1579677baa82,chapter3.tex:723-872
urn:uuid:729f8466-8b49-5e96-8494-3f189efbb000,relation/unit/bab-3-sekilas-tentang-2-kategori/section/sekilas-tentang-2-kategori/covers/concept/adjunction-unit,urn:uuid:4234ea9a-f75b-56a8-b5dc-b20acad0b8af,covers,urn:uuid:81ae54f3-18f0-5578-9227-bd146b39a7af,chapter3.tex:723-872
urn:uuid:2f0e4b5c-0b67-540e-8a04-226861349ca4,relation/unit/bab-3-sekilas-tentang-2-kategori/section/sekilas-tentang-2-kategori/covers/concept/bicategory,urn:uuid:4234ea9a-f75b-56a8-b5dc-b20acad0b8af,covers,urn:uuid:78b0c186-a1b9-5b57-ba38-538e9efbb688,chapter3.tex:723-872
urn:uuid:27e18342-4ec4-57ec-83e5-7c90d80987aa,relation/unit/bab-3-sekilas-tentang-2-kategori/section/sekilas-tentang-2-kategori/covers/concept/cartesian-monoidal-structure,urn:uuid:4234ea9a-f75b-56a8-b5dc-b20acad0b8af,covers,urn:uuid:4d80222e-6c43-53c4-a0f7-d95783d19f77,chapter3.tex:723-872
urn:uuid:2d6705fc-fd3b-57c3-b5ec-6bad14ebd2f4,relation/unit/bab-3-sekilas-tentang-2-kategori/section/sekilas-tentang-2-kategori/covers/concept/cat-enriched-category,urn:uuid:4234ea9a-f75b-56a8-b5dc-b20acad0b8af,covers,urn:uuid:e02da22c-fa3a-5ab9-9902-bf1a95677fab,chapter3.tex:723-872
urn:uuid:2cd3883e-8ca2-5067-af57-c18d4ab2efe4,relation/unit/bab-3-sekilas-tentang-2-kategori/section/sekilas-tentang-2-kategori/covers/concept/cat-two-category,urn:uuid:4234ea9a-f75b-56a8-b5dc-b20acad0b8af,covers,urn:uuid:bdccad90-6f12-5472-ae76-39345b09c2a7,chapter3.tex:723-872
urn:uuid:7e9cb244-d800-58a2-a5b0-adc95342f22d,relation/unit/bab-3-sekilas-tentang-2-kategori/section/sekilas-tentang-2-kategori/covers/concept/coherence-theorem,urn:uuid:4234ea9a-f75b-56a8-b5dc-b20acad0b8af,covers,urn:uuid:d7ced953-c651-50ce-ba44-7607c7770e83,chapter3.tex:723-872
urn:uuid:07ad1453-ec0c-5a0c-9afe-e72d46116c63,relation/unit/bab-3-sekilas-tentang-2-kategori/section/sekilas-tentang-2-kategori/covers/concept/diagrammatic-convention,urn:uuid:4234ea9a-f75b-56a8-b5dc-b20acad0b8af,covers,urn:uuid:f3139dba-cf14-52a7-a34b-9b4aaa23db2f,chapter3.tex:723-872
urn:uuid:118cb26b-5371-5fe6-a65c-de9a838cb787,relation/unit/bab-3-sekilas-tentang-2-kategori/section/sekilas-tentang-2-kategori/covers/concept/functor-category,urn:uuid:4234ea9a-f75b-56a8-b5dc-b20acad0b8af,covers,urn:uuid:557a8176-1d52-5975-a3f3-bb2aa83397c2,chapter3.tex:723-872
urn:uuid:ca5de4b3-15cb-59b8-8e22-ac0b137c8af8,relation/unit/bab-3-sekilas-tentang-2-kategori/section/sekilas-tentang-2-kategori/covers/concept/higher-category,urn:uuid:4234ea9a-f75b-56a8-b5dc-b20acad0b8af,covers,urn:uuid:94a26b85-b96f-556f-9fbf-1838a8e0e4ef,chapter3.tex:723-872
urn:uuid:8014642e-166f-5444-8f34-5e2c75c31875,relation/unit/bab-3-sekilas-tentang-2-kategori/section/sekilas-tentang-2-kategori/covers/concept/horizontal-composition,urn:uuid:4234ea9a-f75b-56a8-b5dc-b20acad0b8af,covers,urn:uuid:8eb742a4-69cd-5a90-b5ea-b1e36b34b001,chapter3.tex:723-872
urn:uuid:74c61d50-8c51-563a-8878-8856d97cde4a,relation/unit/bab-3-sekilas-tentang-2-kategori/section/sekilas-tentang-2-kategori/covers/concept/horizontal-identity,urn:uuid:4234ea9a-f75b-56a8-b5dc-b20acad0b8af,covers,urn:uuid:c3e2c290-b45a-5be3-93e2-81cd95661cb0,chapter3.tex:723-872
urn:uuid:8998997f-ad95-5ffe-a3a5-163c5e2f159f,relation/unit/bab-3-sekilas-tentang-2-kategori/section/sekilas-tentang-2-kategori/covers/concept/interchange-law,urn:uuid:4234ea9a-f75b-56a8-b5dc-b20acad0b8af,covers,urn:uuid:3ba92f3d-4068-5b93-a7d2-c20e81fdc86a,chapter3.tex:723-872
urn:uuid:099d527a-2aba-52df-b33a-4aef6e7eea14,relation/unit/bab-3-sekilas-tentang-2-kategori/section/sekilas-tentang-2-kategori/covers/concept/one-category,urn:uuid:4234ea9a-f75b-56a8-b5dc-b20acad0b8af,covers,urn:uuid:42cd55e3-ab08-5cb4-bab4-a26447d5ab60,chapter3.tex:723-872
urn:uuid:edd06d4c-3fc8-56fc-b2f7-e2feba4e1b94,relation/unit/bab-3-sekilas-tentang-2-kategori/section/sekilas-tentang-2-kategori/covers/concept/one-morphism,urn:uuid:4234ea9a-f75b-56a8-b5dc-b20acad0b8af,covers,urn:uuid:410c4695-78f9-5737-97c0-4b89732b2678,chapter3.tex:723-872
urn:uuid:466088cd-3e20-5272-ac0e-d01de2da42c9,relation/unit/bab-3-sekilas-tentang-2-kategori/section/sekilas-tentang-2-kategori/covers/concept/strict-two-category,urn:uuid:4234ea9a-f75b-56a8-b5dc-b20acad0b8af,covers,urn:uuid:ddbc4cf7-3bb4-523e-91e7-a64701627664,chapter3.tex:723-872
urn:uuid:c6f5f9e3-0d81-5c71-b408-050cd53bd978,relation/unit/bab-3-sekilas-tentang-2-kategori/section/sekilas-tentang-2-kategori/covers/concept/triangle-identities,urn:uuid:4234ea9a-f75b-56a8-b5dc-b20acad0b8af,covers,urn:uuid:b7a019e2-dd00-5fa7-8905-88e0e6f9d130,chapter3.tex:723-872
urn:uuid:6d2d1272-100e-57be-a878-db95e7469b72,relation/unit/bab-3-sekilas-tentang-2-kategori/section/sekilas-tentang-2-kategori/covers/concept/two-category,urn:uuid:4234ea9a-f75b-56a8-b5dc-b20acad0b8af,covers,urn:uuid:ba97bc99-c26e-5ad4-9038-77393a5bcd6c,chapter3.tex:723-872
urn:uuid:4d8e5a81-bcdb-5111-a56c-2adcbcb4ef03,relation/unit/bab-3-sekilas-tentang-2-kategori/section/sekilas-tentang-2-kategori/covers/concept/two-cell,urn:uuid:4234ea9a-f75b-56a8-b5dc-b20acad0b8af,covers,urn:uuid:a199d350-f14e-51b6-ae9c-f66ab2a35518,chapter3.tex:723-872
urn:uuid:e5093dc5-991b-5dff-ad3d-f94386b53602,relation/unit/bab-3-sekilas-tentang-2-kategori/section/sekilas-tentang-2-kategori/covers/concept/two-functor,urn:uuid:4234ea9a-f75b-56a8-b5dc-b20acad0b8af,covers,urn:uuid:86d8bc89-5064-558c-aa58-5d78ea39b9a3,chapter3.tex:723-872
urn:uuid:6909e019-8ed3-5378-ab11-60c9127da6ed,relation/unit/bab-3-sekilas-tentang-2-kategori/section/sekilas-tentang-2-kategori/covers/concept/two-morphism,urn:uuid:4234ea9a-f75b-56a8-b5dc-b20acad0b8af,covers,urn:uuid:cd0a666b-bca7-5578-9801-21845d8b794a,chapter3.tex:723-872
urn:uuid:44c5dedb-a411-5547-a56e-a22b1acd0288,relation/unit/bab-3-sekilas-tentang-2-kategori/section/sekilas-tentang-2-kategori/covers/concept/two-natural-transformation,urn:uuid:4234ea9a-f75b-56a8-b5dc-b20acad0b8af,covers,urn:uuid:14678eaf-b978-50c2-b27a-2fe4d39b2061,chapter3.tex:723-872
urn:uuid:907cb8ee-c115-5541-933e-604a5b635c6f,relation/unit/bab-3-sekilas-tentang-2-kategori/section/sekilas-tentang-2-kategori/covers/concept/vertical-category,urn:uuid:4234ea9a-f75b-56a8-b5dc-b20acad0b8af,covers,urn:uuid:a51e9286-6123-5bfb-b988-4b9818f91c58,chapter3.tex:723-872
urn:uuid:bcc6af75-b4b1-5109-b44f-df5a05faae11,relation/unit/bab-3-sekilas-tentang-2-kategori/section/sekilas-tentang-2-kategori/covers/concept/vertical-composition,urn:uuid:4234ea9a-f75b-56a8-b5dc-b20acad0b8af,covers,urn:uuid:4db95878-bfb1-5afb-9c18-883cfa5950c3,chapter3.tex:723-872
urn:uuid:ba1a9410-5d63-5f5b-b39e-ab18e20af5c8,relation/unit/bab-3-sekilas-tentang-2-kategori/section/sekilas-tentang-2-kategori/covers/concept/vertical-identity,urn:uuid:4234ea9a-f75b-56a8-b5dc-b20acad0b8af,covers,urn:uuid:4a6e6ef8-1059-5fe7-93bf-c598a656a9d0,chapter3.tex:723-872
urn:uuid:2315300c-46c8-5c99-8064-d235fd655a8e,relation/unit/bab-3-sekilas-tentang-2-kategori/section/sekilas-tentang-2-kategori/covers/concept/zero-category,urn:uuid:4234ea9a-f75b-56a8-b5dc-b20acad0b8af,covers,urn:uuid:484096a0-b7a6-50e9-91df-74c3853af459,chapter3.tex:723-872
urn:uuid:b1ee255a-39b1-59dc-aed8-8f334a10bc53,relation/unit/bab-3-sekilas-tentang-2-kategori/section/sekilas-tentang-2-kategori/covers/concept/zero-morphism,urn:uuid:4234ea9a-f75b-56a8-b5dc-b20acad0b8af,covers,urn:uuid:3ee2b3c6-b375-58e8-b3e2-ac2ae917c1ff,chapter3.tex:723-872
urn:uuid:a2f9eaab-88cc-545e-b963-2bcbf73ec599,relation/unit/bab-3-sekilas-tentang-2-kategori/section/sekilas-tentang-2-kategori/covers/editorial/o013-li-u023-ed-001,urn:uuid:4234ea9a-f75b-56a8-b5dc-b20acad0b8af,covers,urn:uuid:d3ba4e7e-2241-57df-9941-2eb2e40a5709,chapter3.tex:723-872
urn:uuid:d723f22a-ef1d-55ba-9e87-747735e6087f,relation/unit/bab-3-sekilas-tentang-2-kategori/section/sekilas-tentang-2-kategori/covers/surface/unit-023/diagram-arrow/001,urn:uuid:4234ea9a-f75b-56a8-b5dc-b20acad0b8af,covers,urn:uuid:6d04639d-dedf-5f86-a22c-0711e0607c8c,chapter3.tex:723-872
urn:uuid:29c5ed9d-4718-5259-b945-134187453d56,relation/unit/bab-3-sekilas-tentang-2-kategori/section/sekilas-tentang-2-kategori/covers/surface/unit-023/diagram-arrow/002,urn:uuid:4234ea9a-f75b-56a8-b5dc-b20acad0b8af,covers,urn:uuid:3b239b79-8ed7-5341-9548-374464605e23,chapter3.tex:723-872
urn:uuid:204f2561-3d02-5ace-b864-27592bdb9981,relation/unit/bab-3-sekilas-tentang-2-kategori/section/sekilas-tentang-2-kategori/covers/surface/unit-023/diagram-arrow/003,urn:uuid:4234ea9a-f75b-56a8-b5dc-b20acad0b8af,covers,urn:uuid:c5d6b5db-69a9-5875-b836-92a11c29f9d1,chapter3.tex:723-872
urn:uuid:773da3ea-8d3b-5d9f-a2b3-e1dc057417e9,relation/unit/bab-3-sekilas-tentang-2-kategori/section/sekilas-tentang-2-kategori/covers/surface/unit-023/diagram-arrow/004,urn:uuid:4234ea9a-f75b-56a8-b5dc-b20acad0b8af,covers,urn:uuid:471eaa83-daeb-54fe-bdb7-9ff44559e29d,chapter3.tex:723-872
urn:uuid:f653d30b-8782-5cd8-b4ce-0e4f27127f94,relation/unit/bab-3-sekilas-tentang-2-kategori/section/sekilas-tentang-2-kategori/covers/surface/unit-023/diagram-arrow/005,urn:uuid:4234ea9a-f75b-56a8-b5dc-b20acad0b8af,covers,urn:uuid:77d56d0f-4be1-5532-8a67-9a469f44e966,chapter3.tex:723-872
urn:uuid:09e03ac2-ec9b-5f06-a587-129fa635ab11,relation/unit/bab-3-sekilas-tentang-2-kategori/section/sekilas-tentang-2-kategori/covers/surface/unit-023/diagram-arrow/006,urn:uuid:4234ea9a-f75b-56a8-b5dc-b20acad0b8af,covers,urn:uuid:376266c1-34c8-5208-b6a3-f82a212f426e,chapter3.tex:723-872
urn:uuid:2e053e0d-8068-5ba7-b522-70c4b3019c56,relation/unit/bab-3-sekilas-tentang-2-kategori/section/sekilas-tentang-2-kategori/covers/surface/unit-023/diagram-arrow/007,urn:uuid:4234ea9a-f75b-56a8-b5dc-b20acad0b8af,covers,urn:uuid:96b997cb-ce60-54eb-a89d-faf912ee8f1e,chapter3.tex:723-872
urn:uuid:ee0c9f39-9153-5acb-8ba4-ad2e5c3c3d55,relation/unit/bab-3-sekilas-tentang-2-kategori/section/sekilas-tentang-2-kategori/covers/surface/unit-023/diagram-arrow/008,urn:uuid:4234ea9a-f75b-56a8-b5dc-b20acad0b8af,covers,urn:uuid:93530f61-c48b-5a85-b5cd-b30d74b88259,chapter3.tex:723-872
urn:uuid:30fe412d-6e96-5b1f-acb8-a5e15af81e70,relation/unit/bab-3-sekilas-tentang-2-kategori/section/sekilas-tentang-2-kategori/covers/surface/unit-023/diagram-arrow/009,urn:uuid:4234ea9a-f75b-56a8-b5dc-b20acad0b8af,covers,urn:uuid:d23180e8-d528-5afb-9274-5ca60dae3976,chapter3.tex:723-872
urn:uuid:ee6011cd-4ab1-5282-9381-05cf706d4fe9,relation/unit/bab-3-sekilas-tentang-2-kategori/section/sekilas-tentang-2-kategori/covers/surface/unit-023/diagram-arrow/010,urn:uuid:4234ea9a-f75b-56a8-b5dc-b20acad0b8af,covers,urn:uuid:667417fc-6728-5252-b819-7ada06629412,chapter3.tex:723-872
urn:uuid:b78703c2-6dc8-598d-987a-a8dfcb0fb793,relation/unit/bab-3-sekilas-tentang-2-kategori/section/sekilas-tentang-2-kategori/covers/surface/unit-023/diagram-arrow/011,urn:uuid:4234ea9a-f75b-56a8-b5dc-b20acad0b8af,covers,urn:uuid:28b977f9-d7b7-5672-91d0-661b2e2409f4,chapter3.tex:723-872
urn:uuid:554b9b01-0656-5db8-bdc8-f26726840a2b,relation/unit/bab-3-sekilas-tentang-2-kategori/section/sekilas-tentang-2-kategori/covers/surface/unit-023/diagram-arrow/012,urn:uuid:4234ea9a-f75b-56a8-b5dc-b20acad0b8af,covers,urn:uuid:542928a1-0f62-5b54-b801-cbb183d23ca3,chapter3.tex:723-872
urn:uuid:b288e062-2f14-58a0-a6b8-16eb61fa8bea,relation/unit/bab-3-sekilas-tentang-2-kategori/section/sekilas-tentang-2-kategori/covers/surface/unit-023/diagram-arrow/013,urn:uuid:4234ea9a-f75b-56a8-b5dc-b20acad0b8af,covers,urn:uuid:df19c23f-b1f3-523b-984a-3e9661799ab3,chapter3.tex:723-872
urn:uuid:d16047b6-9d43-5b69-8212-f1618559eaa5,relation/unit/bab-3-sekilas-tentang-2-kategori/section/sekilas-tentang-2-kategori/covers/surface/unit-023/diagram-arrow/014,urn:uuid:4234ea9a-f75b-56a8-b5dc-b20acad0b8af,covers,urn:uuid:a37be4ac-dd1f-5873-ae25-2cfe1ae21b34,chapter3.tex:723-872
urn:uuid:1f41ec87-2c6e-51e0-8e45-9a33675afebb,relation/unit/bab-3-sekilas-tentang-2-kategori/section/sekilas-tentang-2-kategori/covers/surface/unit-023/diagram-arrow/015,urn:uuid:4234ea9a-f75b-56a8-b5dc-b20acad0b8af,covers,urn:uuid:6056c73d-f15d-5cf4-92a0-6f1afe089b90,chapter3.tex:723-872
urn:uuid:f309ce53-1205-5564-8f0f-792ac0782c39,relation/unit/bab-3-sekilas-tentang-2-kategori/section/sekilas-tentang-2-kategori/covers/surface/unit-023/diagram-arrow/016,urn:uuid:4234ea9a-f75b-56a8-b5dc-b20acad0b8af,covers,urn:uuid:c49441a3-99c0-5faf-9cf0-126cd98ed6bd,chapter3.tex:723-872
urn:uuid:41c5d712-145c-52bf-85f4-b09cf070284c,relation/unit/bab-3-sekilas-tentang-2-kategori/section/sekilas-tentang-2-kategori/covers/surface/unit-023/diagram-arrow/017,urn:uuid:4234ea9a-f75b-56a8-b5dc-b20acad0b8af,covers,urn:uuid:b391a7aa-50cc-5d5f-8a05-2c0928d0396c,chapter3.tex:723-872
urn:uuid:2d2f3afa-6527-5b15-a970-dd92885c595a,relation/unit/bab-3-sekilas-tentang-2-kategori/section/sekilas-tentang-2-kategori/covers/surface/unit-023/diagram-arrow/018,urn:uuid:4234ea9a-f75b-56a8-b5dc-b20acad0b8af,covers,urn:uuid:b5c04d76-0e47-5753-bb2b-b0f43515c7d7,chapter3.tex:723-872
urn:uuid:bae1adb4-c3d3-54df-9b55-16ee179dd7ed,relation/unit/bab-3-sekilas-tentang-2-kategori/section/sekilas-tentang-2-kategori/covers/surface/unit-023/diagram-arrow/019,urn:uuid:4234ea9a-f75b-56a8-b5dc-b20acad0b8af,covers,urn:uuid:ec577157-2e89-50f5-93a9-bfe4caaf2708,chapter3.tex:723-872
urn:uuid:f4f6ebd6-d84d-5119-9dc6-dcdaced84534,relation/unit/bab-3-sekilas-tentang-2-kategori/section/sekilas-tentang-2-kategori/covers/surface/unit-023/diagram-arrow/020,urn:uuid:4234ea9a-f75b-56a8-b5dc-b20acad0b8af,covers,urn:uuid:68ba695e-3025-5afc-a36d-61c00f470b06,chapter3.tex:723-872
urn:uuid:e21c21bc-f7a3-581b-9242-34fd6b6d8483,relation/unit/bab-3-sekilas-tentang-2-kategori/section/sekilas-tentang-2-kategori/covers/surface/unit-023/diagram-arrow/021,urn:uuid:4234ea9a-f75b-56a8-b5dc-b20acad0b8af,covers,urn:uuid:f4e136b0-7ae5-54f7-98b1-7fa37d1fb7a3,chapter3.tex:723-872
urn:uuid:2c20398c-c4c1-5bf1-815f-c6cfa5f164c6,relation/unit/bab-3-sekilas-tentang-2-kategori/section/sekilas-tentang-2-kategori/covers/surface/unit-023/diagram-arrow/022,urn:uuid:4234ea9a-f75b-56a8-b5dc-b20acad0b8af,covers,urn:uuid:146db74f-7a06-588b-9f27-f86e4aeac3db,chapter3.tex:723-872
urn:uuid:c8e102ef-cbe4-5e42-8958-89b6d9f377de,relation/unit/bab-3-sekilas-tentang-2-kategori/section/sekilas-tentang-2-kategori/covers/surface/unit-023/diagram-arrow/023,urn:uuid:4234ea9a-f75b-56a8-b5dc-b20acad0b8af,covers,urn:uuid:08fc70bc-1a2e-5096-b9e3-95fecf7cdb4b,chapter3.tex:723-872
urn:uuid:b8e6eeb5-1ac1-548e-8854-7e73a0c58e10,relation/unit/bab-3-sekilas-tentang-2-kategori/section/sekilas-tentang-2-kategori/covers/surface/unit-023/diagram-arrow/024,urn:uuid:4234ea9a-f75b-56a8-b5dc-b20acad0b8af,covers,urn:uuid:b69cf687-6758-5bd5-bfc4-434e4fc4d484,chapter3.tex:723-872
urn:uuid:4b4c4aa4-d799-55e8-9560-2b394bb8d549,relation/unit/bab-3-sekilas-tentang-2-kategori/section/sekilas-tentang-2-kategori/covers/surface/unit-023/diagram-arrow/025,urn:uuid:4234ea9a-f75b-56a8-b5dc-b20acad0b8af,covers,urn:uuid:986f1e88-da6a-5065-bcde-417f5fc0b33b,chapter3.tex:723-872
urn:uuid:dc85c094-d7ee-507e-84e3-8f39dfbaf103,relation/unit/bab-3-sekilas-tentang-2-kategori/section/sekilas-tentang-2-kategori/covers/surface/unit-023/diagram-arrow/026,urn:uuid:4234ea9a-f75b-56a8-b5dc-b20acad0b8af,covers,urn:uuid:49af99c4-cf99-5479-b917-705f6c14369a,chapter3.tex:723-872
urn:uuid:2f73f087-5aa1-553b-8869-0b58cb892960,relation/unit/bab-3-sekilas-tentang-2-kategori/section/sekilas-tentang-2-kategori/covers/surface/unit-023/diagram-arrow/027,urn:uuid:4234ea9a-f75b-56a8-b5dc-b20acad0b8af,covers,urn:uuid:a303a108-589c-53d1-8dfd-1f84507a58e8,chapter3.tex:723-872
urn:uuid:65f07928-7042-57d2-9fb5-1148bae6d12c,relation/unit/bab-3-sekilas-tentang-2-kategori/section/sekilas-tentang-2-kategori/covers/surface/unit-023/diagram-arrow/028,urn:uuid:4234ea9a-f75b-56a8-b5dc-b20acad0b8af,covers,urn:uuid:a79d7981-9231-59c6-b106-c53fa7c6e9a1,chapter3.tex:723-872
urn:uuid:f892212d-d80a-5031-b1fc-db66355d3a2e,relation/unit/bab-3-sekilas-tentang-2-kategori/section/sekilas-tentang-2-kategori/covers/surface/unit-023/diagram-arrow/029,urn:uuid:4234ea9a-f75b-56a8-b5dc-b20acad0b8af,covers,urn:uuid:942c708a-8049-53b6-8020-974880eecb51,chapter3.tex:723-872
urn:uuid:be6f9c6d-a853-5511-9e69-42608e980e07,relation/unit/bab-3-sekilas-tentang-2-kategori/section/sekilas-tentang-2-kategori/covers/surface/unit-023/diagram-arrow/030,urn:uuid:4234ea9a-f75b-56a8-b5dc-b20acad0b8af,covers,urn:uuid:d2a04fc9-64ad-5e95-91c9-d0ea9eff9b75,chapter3.tex:723-872
urn:uuid:51bbed68-e8a5-5efb-8ee8-fa7873f33ba6,relation/unit/bab-3-sekilas-tentang-2-kategori/section/sekilas-tentang-2-kategori/covers/surface/unit-023/diagram-arrow/031,urn:uuid:4234ea9a-f75b-56a8-b5dc-b20acad0b8af,covers,urn:uuid:e7d12832-c2ac-56e0-b323-e8ed0e9a6f15,chapter3.tex:723-872
urn:uuid:dc885a83-95ba-59bf-b273-1194888f8dad,relation/unit/bab-3-sekilas-tentang-2-kategori/section/sekilas-tentang-2-kategori/covers/surface/unit-023/diagram-arrow/032,urn:uuid:4234ea9a-f75b-56a8-b5dc-b20acad0b8af,covers,urn:uuid:4406588b-4ea1-53c1-a4d4-a5dc274f0224,chapter3.tex:723-872
urn:uuid:64506c94-61d3-59b9-8529-e8c19c3babb9,relation/unit/bab-3-sekilas-tentang-2-kategori/section/sekilas-tentang-2-kategori/covers/surface/unit-023/diagram-arrow/033,urn:uuid:4234ea9a-f75b-56a8-b5dc-b20acad0b8af,covers,urn:uuid:16b24940-a1ae-5635-a1f6-c4eee0106f15,chapter3.tex:723-872
urn:uuid:734938c4-15c3-58a0-85d2-9f991fc2febe,relation/unit/bab-3-sekilas-tentang-2-kategori/section/sekilas-tentang-2-kategori/covers/surface/unit-023/diagram-arrow/034,urn:uuid:4234ea9a-f75b-56a8-b5dc-b20acad0b8af,covers,urn:uuid:b3f476a7-e22e-5790-9d08-24614c6ebbee,chapter3.tex:723-872
urn:uuid:5af92d42-e6bf-5015-93eb-edfbbff6899d,relation/unit/bab-3-sekilas-tentang-2-kategori/section/sekilas-tentang-2-kategori/covers/surface/unit-023/diagram-arrow/035,urn:uuid:4234ea9a-f75b-56a8-b5dc-b20acad0b8af,covers,urn:uuid:1f9ab646-50da-5109-85a5-5e463ca3cd44,chapter3.tex:723-872
urn:uuid:53e7bd89-632a-5e20-af58-6861edd1e56d,relation/unit/bab-3-sekilas-tentang-2-kategori/section/sekilas-tentang-2-kategori/covers/surface/unit-023/diagram-arrow/036,urn:uuid:4234ea9a-f75b-56a8-b5dc-b20acad0b8af,covers,urn:uuid:9694e832-8540-5aca-bac4-bbeb1c82338d,chapter3.tex:723-872
urn:uuid:0e836426-a4f3-5a12-94e2-12dcfe969f98,relation/unit/bab-3-sekilas-tentang-2-kategori/section/sekilas-tentang-2-kategori/covers/surface/unit-023/diagram-arrow/037,urn:uuid:4234ea9a-f75b-56a8-b5dc-b20acad0b8af,covers,urn:uuid:6761a774-4ddc-544d-b930-dbc76060320f,chapter3.tex:723-872
urn:uuid:3695ff77-372f-5d4e-8295-1a12d9c5c857,relation/unit/bab-3-sekilas-tentang-2-kategori/section/sekilas-tentang-2-kategori/covers/surface/unit-023/diagram-arrow/038,urn:uuid:4234ea9a-f75b-56a8-b5dc-b20acad0b8af,covers,urn:uuid:65d699ab-2a28-5070-a3ff-7dcb9ed30b76,chapter3.tex:723-872
urn:uuid:30063b72-275b-5a8e-8e58-57e9510d5007,relation/unit/bab-3-sekilas-tentang-2-kategori/section/sekilas-tentang-2-kategori/covers/surface/unit-023/diagram-arrow/039,urn:uuid:4234ea9a-f75b-56a8-b5dc-b20acad0b8af,covers,urn:uuid:b145de35-ee1d-5651-9cb7-3add1f3c5af2,chapter3.tex:723-872
urn:uuid:06382862-1b1c-5e81-96d5-b5bcf5683ca4,relation/unit/bab-3-sekilas-tentang-2-kategori/section/sekilas-tentang-2-kategori/covers/surface/unit-023/diagram-arrow/040,urn:uuid:4234ea9a-f75b-56a8-b5dc-b20acad0b8af,covers,urn:uuid:9db618a7-c175-57ed-a170-e8b64ebaedf6,chapter3.tex:723-872
urn:uuid:90a67add-47c9-5435-93d3-d6b93dc9b674,relation/unit/bab-3-sekilas-tentang-2-kategori/section/sekilas-tentang-2-kategori/covers/surface/unit-023/diagram-arrow/041,urn:uuid:4234ea9a-f75b-56a8-b5dc-b20acad0b8af,covers,urn:uuid:0fb07ca6-c5a3-583b-8c63-8d1d05cb1165,chapter3.tex:723-872
urn:uuid:2e037360-b155-581f-be8f-9458fcc0e294,relation/unit/bab-3-sekilas-tentang-2-kategori/section/sekilas-tentang-2-kategori/covers/surface/unit-023/diagram-arrow/042,urn:uuid:4234ea9a-f75b-56a8-b5dc-b20acad0b8af,covers,urn:uuid:9680ed77-fd11-5ce9-8fe3-c19e829bc21b,chapter3.tex:723-872
urn:uuid:7ec00609-7911-544e-947e-2b96544bd8ed,relation/unit/bab-3-sekilas-tentang-2-kategori/section/sekilas-tentang-2-kategori/covers/surface/unit-023/diagram-arrow/043,urn:uuid:4234ea9a-f75b-56a8-b5dc-b20acad0b8af,covers,urn:uuid:0eef16e6-c67c-5349-94f6-e05789af74f4,chapter3.tex:723-872
urn:uuid:772b7f18-1362-5d0e-be15-ddc7b8bea6f8,relation/unit/bab-3-sekilas-tentang-2-kategori/section/sekilas-tentang-2-kategori/covers/surface/unit-023/diagram-arrow/044,urn:uuid:4234ea9a-f75b-56a8-b5dc-b20acad0b8af,covers,urn:uuid:a92166d4-cfa9-57f4-8ae0-18f90a7b0bb4,chapter3.tex:723-872
urn:uuid:90b8a336-ebab-5f99-8de9-8fd81aa7f622,relation/unit/bab-3-sekilas-tentang-2-kategori/section/sekilas-tentang-2-kategori/covers/surface/unit-023/diagram-arrow/045,urn:uuid:4234ea9a-f75b-56a8-b5dc-b20acad0b8af,covers,urn:uuid:c5641c75-79d7-59a6-a789-83a1117a20fd,chapter3.tex:723-872
urn:uuid:e951ae81-bd31-55e5-8d12-0097bb172735,relation/unit/bab-3-sekilas-tentang-2-kategori/section/sekilas-tentang-2-kategori/covers/surface/unit-023/diagram-arrow/046,urn:uuid:4234ea9a-f75b-56a8-b5dc-b20acad0b8af,covers,urn:uuid:9c6e5354-ad6e-5cd5-b086-4754ac61cd5b,chapter3.tex:723-872
urn:uuid:bac19d4f-be3e-54b7-9c7f-fb631016b2a5,relation/unit/bab-3-sekilas-tentang-2-kategori/section/sekilas-tentang-2-kategori/covers/surface/unit-023/diagram-arrow/047,urn:uuid:4234ea9a-f75b-56a8-b5dc-b20acad0b8af,covers,urn:uuid:74119ead-8eae-52f3-9916-b5582c3264e8,chapter3.tex:723-872
urn:uuid:86bf1977-f94a-572d-b03e-29b4b469edb6,relation/unit/bab-3-sekilas-tentang-2-kategori/section/sekilas-tentang-2-kategori/covers/surface/unit-023/diagram-arrow/048,urn:uuid:4234ea9a-f75b-56a8-b5dc-b20acad0b8af,covers,urn:uuid:96bac3df-1da2-570a-8c0a-7b04c223763c,chapter3.tex:723-872
urn:uuid:d64923a0-09c1-5236-bcae-e6401ebe4fc0,relation/unit/bab-3-sekilas-tentang-2-kategori/section/sekilas-tentang-2-kategori/covers/surface/unit-023/diagram-arrow/049,urn:uuid:4234ea9a-f75b-56a8-b5dc-b20acad0b8af,covers,urn:uuid:c06ef26b-53a2-5f19-b1a4-07406c45942f,chapter3.tex:723-872
urn:uuid:d7998c82-69c1-589e-8fa3-f57d7a17df91,relation/unit/bab-3-sekilas-tentang-2-kategori/section/sekilas-tentang-2-kategori/covers/surface/unit-023/diagram-arrow/050,urn:uuid:4234ea9a-f75b-56a8-b5dc-b20acad0b8af,covers,urn:uuid:f94f217a-f8b4-519b-9bb1-98dc3ecdadf9,chapter3.tex:723-872
urn:uuid:b402a1fc-ed49-5f2c-a4f0-9b8bb5aa730a,relation/unit/bab-3-sekilas-tentang-2-kategori/section/sekilas-tentang-2-kategori/covers/surface/unit-023/diagram-arrow/051,urn:uuid:4234ea9a-f75b-56a8-b5dc-b20acad0b8af,covers,urn:uuid:e8bca75d-5f77-5b58-a869-5b0c56528bf3,chapter3.tex:723-872
urn:uuid:0a249b44-d2d4-50ee-8a47-446c82e0d793,relation/unit/bab-3-sekilas-tentang-2-kategori/section/sekilas-tentang-2-kategori/covers/surface/unit-023/diagram-arrow/052,urn:uuid:4234ea9a-f75b-56a8-b5dc-b20acad0b8af,covers,urn:uuid:45cc4e14-af19-56e2-ae8f-c58b310550bc,chapter3.tex:723-872
urn:uuid:fceecfd7-13ed-5339-b056-cfd8abe74c0e,relation/unit/bab-3-sekilas-tentang-2-kategori/section/sekilas-tentang-2-kategori/covers/surface/unit-023/diagram-arrow/053,urn:uuid:4234ea9a-f75b-56a8-b5dc-b20acad0b8af,covers,urn:uuid:16a05515-586b-5cb1-a750-8806232c00d1,chapter3.tex:723-872
urn:uuid:e61e61e2-6c4b-5c7b-b33f-c717c8e72465,relation/unit/bab-3-sekilas-tentang-2-kategori/section/sekilas-tentang-2-kategori/covers/surface/unit-023/diagram-arrow/054,urn:uuid:4234ea9a-f75b-56a8-b5dc-b20acad0b8af,covers,urn:uuid:4136fefb-70b3-507f-bad4-0cc8ea4c647b,chapter3.tex:723-872
urn:uuid:b2cb617c-0cb6-580e-aa34-e33059de3d6e,relation/unit/bab-3-sekilas-tentang-2-kategori/section/sekilas-tentang-2-kategori/covers/surface/unit-023/diagram-arrow/055,urn:uuid:4234ea9a-f75b-56a8-b5dc-b20acad0b8af,covers,urn:uuid:c1c113f0-3c82-5c09-b33c-003e75517bd7,chapter3.tex:723-872
urn:uuid:95bf8d40-fcd0-5a35-97e6-96b3f1ee24ca,relation/unit/bab-3-sekilas-tentang-2-kategori/section/sekilas-tentang-2-kategori/covers/surface/unit-023/diagram-arrow/056,urn:uuid:4234ea9a-f75b-56a8-b5dc-b20acad0b8af,covers,urn:uuid:b9544f0c-25f3-5e76-85eb-b0cd31093a54,chapter3.tex:723-872
urn:uuid:85663fae-6c5c-5007-9f52-1bbe3eed9ec1,relation/unit/bab-3-sekilas-tentang-2-kategori/section/sekilas-tentang-2-kategori/covers/surface/unit-023/diagram-arrow/057,urn:uuid:4234ea9a-f75b-56a8-b5dc-b20acad0b8af,covers,urn:uuid:651bdeaa-a26c-5aea-b54a-af77ef1b1121,chapter3.tex:723-872
urn:uuid:66f3f6fe-b847-5e49-adfd-0c3f0757849f,relation/unit/bab-3-sekilas-tentang-2-kategori/section/sekilas-tentang-2-kategori/covers/surface/unit-023/diagram-arrow/058,urn:uuid:4234ea9a-f75b-56a8-b5dc-b20acad0b8af,covers,urn:uuid:d3712781-a436-5071-84be-b527da6d8375,chapter3.tex:723-872
urn:uuid:3c031949-fa2c-5da7-be88-742771c8dd75,relation/unit/bab-3-sekilas-tentang-2-kategori/section/sekilas-tentang-2-kategori/covers/surface/unit-023/diagram-arrow/059,urn:uuid:4234ea9a-f75b-56a8-b5dc-b20acad0b8af,covers,urn:uuid:86edafb6-e725-5296-96b4-5469eb560427,chapter3.tex:723-872
urn:uuid:bee8ca94-588d-534b-8b4d-0cf405350ed6,relation/unit/bab-3-sekilas-tentang-2-kategori/section/sekilas-tentang-2-kategori/covers/surface/unit-023/diagram-arrow/060,urn:uuid:4234ea9a-f75b-56a8-b5dc-b20acad0b8af,covers,urn:uuid:014a05ab-7a35-59a4-8898-0062f6098fea,chapter3.tex:723-872
urn:uuid:4cc3e36e-903f-505f-a49d-d40e1723b40e,relation/unit/bab-3-sekilas-tentang-2-kategori/section/sekilas-tentang-2-kategori/covers/surface/unit-023/diagram-arrow/061,urn:uuid:4234ea9a-f75b-56a8-b5dc-b20acad0b8af,covers,urn:uuid:814e3241-0a9f-58bd-b344-70de1e90934f,chapter3.tex:723-872
urn:uuid:15d09a4b-e845-5a5e-afdb-31c1747e963e,relation/unit/bab-3-sekilas-tentang-2-kategori/section/sekilas-tentang-2-kategori/covers/surface/unit-023/diagram-arrow/062,urn:uuid:4234ea9a-f75b-56a8-b5dc-b20acad0b8af,covers,urn:uuid:97984de8-37dc-579a-ab60-9f6ea3d31cfb,chapter3.tex:723-872
urn:uuid:05a42587-e108-5ed8-91f3-c6e4cab2cd97,relation/unit/bab-3-sekilas-tentang-2-kategori/section/sekilas-tentang-2-kategori/covers/surface/unit-023/diagram-arrow/063,urn:uuid:4234ea9a-f75b-56a8-b5dc-b20acad0b8af,covers,urn:uuid:3e5fe575-272b-5094-9dad-da62b3e2473e,chapter3.tex:723-872
urn:uuid:7e82cae1-a172-589b-bcd6-1d23bc4fa397,relation/unit/bab-3-sekilas-tentang-2-kategori/section/sekilas-tentang-2-kategori/covers/surface/unit-023/diagram-arrow/064,urn:uuid:4234ea9a-f75b-56a8-b5dc-b20acad0b8af,covers,urn:uuid:73bc0b40-d353-555b-9108-25f76c0d91d5,chapter3.tex:723-872
urn:uuid:cb0c7fae-02e8-57d4-9639-f18af67f5cec,relation/unit/bab-3-sekilas-tentang-2-kategori/section/sekilas-tentang-2-kategori/covers/surface/unit-023/environment/001-definition-01,urn:uuid:4234ea9a-f75b-56a8-b5dc-b20acad0b8af,covers,urn:uuid:8da3b8e1-feba-5389-b8fd-0d52774930db,chapter3.tex:723-872
urn:uuid:fc77b753-9a03-5957-bb18-36630508d96f,relation/unit/bab-3-sekilas-tentang-2-kategori/section/sekilas-tentang-2-kategori/covers/surface/unit-023/environment/002-itemize-01,urn:uuid:4234ea9a-f75b-56a8-b5dc-b20acad0b8af,covers,urn:uuid:416e65ac-3a3d-519d-ac29-ba5a2ad04cef,chapter3.tex:723-872
urn:uuid:c8ed9e9d-7169-53c1-ae0b-e3ea036ec4bb,relation/unit/bab-3-sekilas-tentang-2-kategori/section/sekilas-tentang-2-kategori/covers/surface/unit-023/environment/003-enumerate-01,urn:uuid:4234ea9a-f75b-56a8-b5dc-b20acad0b8af,covers,urn:uuid:2da728a9-03b2-5eee-a7ad-2e45da0dc1e3,chapter3.tex:723-872
urn:uuid:d21223bd-cd08-557b-bc0a-d69eedf5b248,relation/unit/bab-3-sekilas-tentang-2-kategori/section/sekilas-tentang-2-kategori/covers/surface/unit-023/environment/004-tikzcd-01,urn:uuid:4234ea9a-f75b-56a8-b5dc-b20acad0b8af,covers,urn:uuid:79c5b920-ac45-552a-b3b4-3a931986f46a,chapter3.tex:723-872
urn:uuid:88c17102-bc26-53a1-8e74-2272fc2dd46b,relation/unit/bab-3-sekilas-tentang-2-kategori/section/sekilas-tentang-2-kategori/covers/surface/unit-023/environment/005-tikzcd-02,urn:uuid:4234ea9a-f75b-56a8-b5dc-b20acad0b8af,covers,urn:uuid:456a2559-7598-54f7-a695-161b9b012172,chapter3.tex:723-872
urn:uuid:e65b2358-4547-5fab-9078-c80df08cd490,relation/unit/bab-3-sekilas-tentang-2-kategori/section/sekilas-tentang-2-kategori/covers/surface/unit-023/environment/006-tikzcd-03,urn:uuid:4234ea9a-f75b-56a8-b5dc-b20acad0b8af,covers,urn:uuid:9641e7e8-a2a1-57bc-891f-db715ee29440,chapter3.tex:723-872
urn:uuid:ad72efae-588c-50a3-9b06-35156d446c56,relation/unit/bab-3-sekilas-tentang-2-kategori/section/sekilas-tentang-2-kategori/covers/surface/unit-023/environment/007-tikzcd-04,urn:uuid:4234ea9a-f75b-56a8-b5dc-b20acad0b8af,covers,urn:uuid:d48120cc-8a44-52c0-b5bc-77f5016791b8,chapter3.tex:723-872
urn:uuid:3bbf8dc6-9117-5427-b25e-f4ebfb996033,relation/unit/bab-3-sekilas-tentang-2-kategori/section/sekilas-tentang-2-kategori/covers/surface/unit-023/environment/008-tikzcd-05,urn:uuid:4234ea9a-f75b-56a8-b5dc-b20acad0b8af,covers,urn:uuid:de46c707-1a78-510d-88d0-98c9227a558e,chapter3.tex:723-872
urn:uuid:4cc8d7c6-4a02-50de-9857-22b6f0ade26a,relation/unit/bab-3-sekilas-tentang-2-kategori/section/sekilas-tentang-2-kategori/covers/surface/unit-023/environment/009-tikzcd-06,urn:uuid:4234ea9a-f75b-56a8-b5dc-b20acad0b8af,covers,urn:uuid:50300f89-e295-529c-a36b-90326a18c443,chapter3.tex:723-872
urn:uuid:f834f89a-3028-5c4b-bb6e-7c5577aba71b,relation/unit/bab-3-sekilas-tentang-2-kategori/section/sekilas-tentang-2-kategori/covers/surface/unit-023/environment/010-tikzcd-07,urn:uuid:4234ea9a-f75b-56a8-b5dc-b20acad0b8af,covers,urn:uuid:5de0612e-3a7c-55d0-95e4-0ea91983653f,chapter3.tex:723-872
urn:uuid:ee084516-9b0d-5538-98b2-6c0e85193019,relation/unit/bab-3-sekilas-tentang-2-kategori/section/sekilas-tentang-2-kategori/covers/surface/unit-023/environment/011-tikzcd-08,urn:uuid:4234ea9a-f75b-56a8-b5dc-b20acad0b8af,covers,urn:uuid:5ca7b762-c4ad-55b9-b5af-c412a388cf15,chapter3.tex:723-872
urn:uuid:ad6c2efa-5c0a-5810-9b11-42b97104a688,relation/unit/bab-3-sekilas-tentang-2-kategori/section/sekilas-tentang-2-kategori/covers/surface/unit-023/environment/012-tikzcd-09,urn:uuid:4234ea9a-f75b-56a8-b5dc-b20acad0b8af,covers,urn:uuid:274062a6-5ebe-523b-af64-3052edc174d4,chapter3.tex:723-872
urn:uuid:80137c09-f649-5790-8f23-d58d6c16a2dc,relation/unit/bab-3-sekilas-tentang-2-kategori/section/sekilas-tentang-2-kategori/covers/surface/unit-023/environment/013-tikzcd-10,urn:uuid:4234ea9a-f75b-56a8-b5dc-b20acad0b8af,covers,urn:uuid:435ae827-2778-521b-9dd3-089911aa840d,chapter3.tex:723-872
urn:uuid:f676f8ae-d0f3-5479-aa3e-6ae3a3bc1727,relation/unit/bab-3-sekilas-tentang-2-kategori/section/sekilas-tentang-2-kategori/covers/surface/unit-023/environment/014-remark-01,urn:uuid:4234ea9a-f75b-56a8-b5dc-b20acad0b8af,covers,urn:uuid:bb8e181f-f682-56ac-9796-6cf5cbb4152e,chapter3.tex:723-872
urn:uuid:a8dcd7bf-0019-574a-af91-37b64b9d81a9,relation/unit/bab-3-sekilas-tentang-2-kategori/section/sekilas-tentang-2-kategori/covers/surface/unit-023/environment/015-example-01,urn:uuid:4234ea9a-f75b-56a8-b5dc-b20acad0b8af,covers,urn:uuid:efcd9676-1f32-5815-a2e2-2d7c0ba1fa71,chapter3.tex:723-872
urn:uuid:47e5e241-5e3d-5403-8fa5-d91d3e4a25c2,relation/unit/bab-3-sekilas-tentang-2-kategori/section/sekilas-tentang-2-kategori/covers/surface/unit-023/environment/016-compactitem-01,urn:uuid:4234ea9a-f75b-56a8-b5dc-b20acad0b8af,covers,urn:uuid:9e617652-4783-51dc-8f4c-4cfb3225a3f3,chapter3.tex:723-872
urn:uuid:3e41c837-2440-58ec-a563-64219f3dc33b,relation/unit/bab-3-sekilas-tentang-2-kategori/section/sekilas-tentang-2-kategori/covers/surface/unit-023/environment/017-remark-02,urn:uuid:4234ea9a-f75b-56a8-b5dc-b20acad0b8af,covers,urn:uuid:680fd44d-800f-5c7a-b43b-093ebe0d486b,chapter3.tex:723-872
urn:uuid:d1e7230d-a92a-5c1b-b62f-42115a920f40,relation/unit/bab-3-sekilas-tentang-2-kategori/section/sekilas-tentang-2-kategori/covers/surface/unit-023/environment/018-compactitem-02,urn:uuid:4234ea9a-f75b-56a8-b5dc-b20acad0b8af,covers,urn:uuid:235b4322-7af1-5348-a29a-0f9cbe732e64,chapter3.tex:723-872
urn:uuid:92478075-3240-5e7a-bc2e-a8ea02caddeb,relation/unit/bab-3-sekilas-tentang-2-kategori/section/sekilas-tentang-2-kategori/covers/surface/unit-023/environment/019-definition-02,urn:uuid:4234ea9a-f75b-56a8-b5dc-b20acad0b8af,covers,urn:uuid:a1a0ee99-f194-58d9-b8c9-b9c0f95491e1,chapter3.tex:723-872
urn:uuid:6a50e320-f050-55b5-ba1a-9a678aa49eb1,relation/unit/bab-3-sekilas-tentang-2-kategori/section/sekilas-tentang-2-kategori/covers/surface/unit-023/environment/020-convention-01,urn:uuid:4234ea9a-f75b-56a8-b5dc-b20acad0b8af,covers,urn:uuid:7dcdf254-4b59-5c3b-a0d2-6993c486a80b,chapter3.tex:723-872
urn:uuid:7e4b683a-14a9-538d-8858-d4807b6f1940,relation/unit/bab-3-sekilas-tentang-2-kategori/section/sekilas-tentang-2-kategori/covers/surface/unit-023/environment/021-tikzcd-11,urn:uuid:4234ea9a-f75b-56a8-b5dc-b20acad0b8af,covers,urn:uuid:2f263eb8-3de8-59ef-a3f3-5388257b4dc1,chapter3.tex:723-872
urn:uuid:e44217e5-78a9-5a27-bbf1-ddbe2627e90c,relation/unit/bab-3-sekilas-tentang-2-kategori/section/sekilas-tentang-2-kategori/covers/surface/unit-023/environment/022-tikzcd-12,urn:uuid:4234ea9a-f75b-56a8-b5dc-b20acad0b8af,covers,urn:uuid:dab123ac-f387-50bc-a6fc-b26136ee69ec,chapter3.tex:723-872
urn:uuid:3d5fa148-21e3-5d1e-97ac-a66974870e72,relation/unit/bab-3-sekilas-tentang-2-kategori/section/sekilas-tentang-2-kategori/covers/surface/unit-023/environment/023-tikzcd-13,urn:uuid:4234ea9a-f75b-56a8-b5dc-b20acad0b8af,covers,urn:uuid:5a1ee1da-f412-55b9-99e5-206a2e53fa39,chapter3.tex:723-872
urn:uuid:c8e9008a-94ff-5817-9fe3-04fa77b5d3f2,relation/unit/bab-3-sekilas-tentang-2-kategori/section/sekilas-tentang-2-kategori/covers/surface/unit-023/environment/024-remark-03,urn:uuid:4234ea9a-f75b-56a8-b5dc-b20acad0b8af,covers,urn:uuid:96aa96e0-8832-5b7d-99f7-ee870648c79b,chapter3.tex:723-872
urn:uuid:e95b6b05-86ed-57c5-8336-55262e40345c,relation/unit/bab-3-sekilas-tentang-2-kategori/section/sekilas-tentang-2-kategori/covers/surface/unit-023/environment/025-tikzcd-14,urn:uuid:4234ea9a-f75b-56a8-b5dc-b20acad0b8af,covers,urn:uuid:03995eb5-f6d7-5eba-a551-6cd818ea2fa8,chapter3.tex:723-872
urn:uuid:bfcaf9f0-8134-5ce1-befc-6da29735ff01,relation/unit/bab-3-sekilas-tentang-2-kategori/section/sekilas-tentang-2-kategori/covers/surface/unit-023/formula/display-bracket/001,urn:uuid:4234ea9a-f75b-56a8-b5dc-b20acad0b8af,covers,urn:uuid:6fbba14e-e0f1-50b7-b27a-88ceca935343,chapter3.tex:723-872
urn:uuid:99074d1e-b181-5a1b-aacc-81b2798959a5,relation/unit/bab-3-sekilas-tentang-2-kategori/section/sekilas-tentang-2-kategori/covers/surface/unit-023/formula/display-bracket/002,urn:uuid:4234ea9a-f75b-56a8-b5dc-b20acad0b8af,covers,urn:uuid:09d7cd6b-9497-5670-ae2b-e40dd830b420,chapter3.tex:723-872
urn:uuid:e81ee699-6ef5-5daa-979f-bf745d9cc736,relation/unit/bab-3-sekilas-tentang-2-kategori/section/sekilas-tentang-2-kategori/covers/surface/unit-023/formula/display-bracket/003,urn:uuid:4234ea9a-f75b-56a8-b5dc-b20acad0b8af,covers,urn:uuid:e0fe6420-e39f-5412-ad73-9d04b4ed9e75,chapter3.tex:723-872
urn:uuid:e606ccca-360a-5dac-874e-f029e60cf6bd,relation/unit/bab-3-sekilas-tentang-2-kategori/section/sekilas-tentang-2-kategori/covers/surface/unit-023/formula/display-bracket/004,urn:uuid:4234ea9a-f75b-56a8-b5dc-b20acad0b8af,covers,urn:uuid:fc0b5ddc-c21b-5dd4-97ea-b87e2058930e,chapter3.tex:723-872
urn:uuid:9f7ec2c6-4cff-51df-8a39-a3188490c1bc,relation/unit/bab-3-sekilas-tentang-2-kategori/section/sekilas-tentang-2-kategori/covers/surface/unit-023/formula/display-bracket/005,urn:uuid:4234ea9a-f75b-56a8-b5dc-b20acad0b8af,covers,urn:uuid:21085c5d-ba40-5eed-91d8-64af1e35f3d1,chapter3.tex:723-872
urn:uuid:6d45fa49-8e74-57f5-8b25-2d9159f1b0c0,relation/unit/bab-3-sekilas-tentang-2-kategori/section/sekilas-tentang-2-kategori/covers/surface/unit-023/formula/display-bracket/006,urn:uuid:4234ea9a-f75b-56a8-b5dc-b20acad0b8af,covers,urn:uuid:b69dbebf-c088-56a7-bacd-8f1adc9a74aa,chapter3.tex:723-872
urn:uuid:bd8be6fd-d751-552c-b882-30e1735e7ab9,relation/unit/bab-3-sekilas-tentang-2-kategori/section/sekilas-tentang-2-kategori/covers/surface/unit-023/formula/display-bracket/007,urn:uuid:4234ea9a-f75b-56a8-b5dc-b20acad0b8af,covers,urn:uuid:ec36a0a5-dc1b-5e28-bf88-0e0f868ec4ad,chapter3.tex:723-872
urn:uuid:f38cd721-e2a5-596f-b54f-a384a1c5e606,relation/unit/bab-3-sekilas-tentang-2-kategori/section/sekilas-tentang-2-kategori/covers/surface/unit-023/formula/display-bracket/008,urn:uuid:4234ea9a-f75b-56a8-b5dc-b20acad0b8af,covers,urn:uuid:25f180fa-7ea7-5c10-8337-8805e970c386,chapter3.tex:723-872
urn:uuid:6b785b49-4c9e-578d-b97f-b0484824e6eb,relation/unit/bab-3-sekilas-tentang-2-kategori/section/sekilas-tentang-2-kategori/covers/surface/unit-023/formula/display-bracket/009,urn:uuid:4234ea9a-f75b-56a8-b5dc-b20acad0b8af,covers,urn:uuid:16b5bca5-bab3-5366-8cae-c5dcf5419fef,chapter3.tex:723-872
urn:uuid:ff366e47-37ec-581d-b130-41cceef6dd2e,relation/unit/bab-3-sekilas-tentang-2-kategori/section/sekilas-tentang-2-kategori/covers/surface/unit-023/formula/display-bracket/010,urn:uuid:4234ea9a-f75b-56a8-b5dc-b20acad0b8af,covers,urn:uuid:d5a71de4-81d4-5625-a818-1c1bb02559ee,chapter3.tex:723-872
urn:uuid:fc11cb52-d170-5841-9e4f-988c543f7dd9,relation/unit/bab-3-sekilas-tentang-2-kategori/section/sekilas-tentang-2-kategori/covers/surface/unit-023/formula/display-bracket/011,urn:uuid:4234ea9a-f75b-56a8-b5dc-b20acad0b8af,covers,urn:uuid:5fc5be06-4513-5340-8450-eb64181663fd,chapter3.tex:723-872
urn:uuid:8d127626-fe7a-520d-a9c3-1c8d139ba95a,relation/unit/bab-3-sekilas-tentang-2-kategori/section/sekilas-tentang-2-kategori/covers/surface/unit-023/formula/inline/001,urn:uuid:4234ea9a-f75b-56a8-b5dc-b20acad0b8af,covers,urn:uuid:a7762c0e-2f03-5557-8fd8-565575c8a79a,chapter3.tex:723-872
urn:uuid:96eedafd-672a-58bb-ace2-3b85a8994c12,relation/unit/bab-3-sekilas-tentang-2-kategori/section/sekilas-tentang-2-kategori/covers/surface/unit-023/formula/inline/002,urn:uuid:4234ea9a-f75b-56a8-b5dc-b20acad0b8af,covers,urn:uuid:e0ba31f8-0a0f-5031-a072-d2245bd9073a,chapter3.tex:723-872
urn:uuid:fda13b54-b7da-55a5-8a39-0a8602152d1a,relation/unit/bab-3-sekilas-tentang-2-kategori/section/sekilas-tentang-2-kategori/covers/surface/unit-023/formula/inline/003,urn:uuid:4234ea9a-f75b-56a8-b5dc-b20acad0b8af,covers,urn:uuid:1b491eb5-6941-5e45-be0c-810b2d3a2afd,chapter3.tex:723-872
urn:uuid:0ecbf077-fc65-5e96-bdb9-f1f1a35b538a,relation/unit/bab-3-sekilas-tentang-2-kategori/section/sekilas-tentang-2-kategori/covers/surface/unit-023/formula/inline/004,urn:uuid:4234ea9a-f75b-56a8-b5dc-b20acad0b8af,covers,urn:uuid:8a66d5ac-0fae-5faa-92bf-68d0c6966145,chapter3.tex:723-872
urn:uuid:dfc4b667-06ec-5975-80cf-4c54b5315b9b,relation/unit/bab-3-sekilas-tentang-2-kategori/section/sekilas-tentang-2-kategori/covers/surface/unit-023/formula/inline/005,urn:uuid:4234ea9a-f75b-56a8-b5dc-b20acad0b8af,covers,urn:uuid:17cf3027-9afe-51c6-89e3-ba544a39bff7,chapter3.tex:723-872
urn:uuid:c132c5f4-59fd-5f00-9eee-ecacc964462c,relation/unit/bab-3-sekilas-tentang-2-kategori/section/sekilas-tentang-2-kategori/covers/surface/unit-023/formula/inline/006,urn:uuid:4234ea9a-f75b-56a8-b5dc-b20acad0b8af,covers,urn:uuid:d04a0b2e-7473-5da1-bc22-74907cf9ae56,chapter3.tex:723-872
urn:uuid:5e199454-92a2-5ed2-b55f-622b1e193a1e,relation/unit/bab-3-sekilas-tentang-2-kategori/section/sekilas-tentang-2-kategori/covers/surface/unit-023/formula/inline/007,urn:uuid:4234ea9a-f75b-56a8-b5dc-b20acad0b8af,covers,urn:uuid:b62db6ad-56b1-5dda-80ff-892053dbc7d1,chapter3.tex:723-872
urn:uuid:1e8d4b16-6f3b-5e6e-941d-1396acf13fdc,relation/unit/bab-3-sekilas-tentang-2-kategori/section/sekilas-tentang-2-kategori/covers/surface/unit-023/formula/inline/008,urn:uuid:4234ea9a-f75b-56a8-b5dc-b20acad0b8af,covers,urn:uuid:085f1665-71bf-5ff1-bdfa-9ce03214942e,chapter3.tex:723-872
urn:uuid:bce118e4-1500-5913-93a5-be5186611ea3,relation/unit/bab-3-sekilas-tentang-2-kategori/section/sekilas-tentang-2-kategori/covers/surface/unit-023/formula/inline/009,urn:uuid:4234ea9a-f75b-56a8-b5dc-b20acad0b8af,covers,urn:uuid:40f1b640-f746-519c-acb6-da5bb6cecdf0,chapter3.tex:723-872
urn:uuid:5842e6ac-7190-55c9-af38-107881fcb9c6,relation/unit/bab-3-sekilas-tentang-2-kategori/section/sekilas-tentang-2-kategori/covers/surface/unit-023/formula/inline/010,urn:uuid:4234ea9a-f75b-56a8-b5dc-b20acad0b8af,covers,urn:uuid:08680159-037c-5b82-a29a-526965347ec9,chapter3.tex:723-872
urn:uuid:2c24b8aa-580a-55f5-8f33-845c09933200,relation/unit/bab-3-sekilas-tentang-2-kategori/section/sekilas-tentang-2-kategori/covers/surface/unit-023/formula/inline/011,urn:uuid:4234ea9a-f75b-56a8-b5dc-b20acad0b8af,covers,urn:uuid:3c3e03d7-98d3-554a-a9ff-6c5506f730ca,chapter3.tex:723-872
urn:uuid:be8ed022-65eb-564e-9380-7864c4f50319,relation/unit/bab-3-sekilas-tentang-2-kategori/section/sekilas-tentang-2-kategori/covers/surface/unit-023/formula/inline/012,urn:uuid:4234ea9a-f75b-56a8-b5dc-b20acad0b8af,covers,urn:uuid:2dfb0a24-4d8e-50ed-aff6-5d41c327ff28,chapter3.tex:723-872
urn:uuid:c3a2b22f-5350-5502-bc4d-4e84cebab791,relation/unit/bab-3-sekilas-tentang-2-kategori/section/sekilas-tentang-2-kategori/covers/surface/unit-023/formula/inline/013,urn:uuid:4234ea9a-f75b-56a8-b5dc-b20acad0b8af,covers,urn:uuid:b4dae2db-8ec6-5ae3-9e0f-9c8fcaa842ad,chapter3.tex:723-872
urn:uuid:cc32031e-456f-54bc-b10f-cddc36a9feb4,relation/unit/bab-3-sekilas-tentang-2-kategori/section/sekilas-tentang-2-kategori/covers/surface/unit-023/formula/inline/014,urn:uuid:4234ea9a-f75b-56a8-b5dc-b20acad0b8af,covers,urn:uuid:edaad230-cc2c-562e-b36e-5eec8a966e21,chapter3.tex:723-872
urn:uuid:df898892-7588-5c3a-8031-267b9baa3eee,relation/unit/bab-3-sekilas-tentang-2-kategori/section/sekilas-tentang-2-kategori/covers/surface/unit-023/formula/inline/015,urn:uuid:4234ea9a-f75b-56a8-b5dc-b20acad0b8af,covers,urn:uuid:b1e9da74-c3d9-577c-a7cd-c2c298b670e4,chapter3.tex:723-872
urn:uuid:4a974a37-88dc-5b06-ba22-81173335903a,relation/unit/bab-3-sekilas-tentang-2-kategori/section/sekilas-tentang-2-kategori/covers/surface/unit-023/formula/inline/016,urn:uuid:4234ea9a-f75b-56a8-b5dc-b20acad0b8af,covers,urn:uuid:3b3570e0-487a-56de-9cc6-3b23e6403e96,chapter3.tex:723-872
urn:uuid:fa9a5cfb-298f-552e-aad6-6de9ec226118,relation/unit/bab-3-sekilas-tentang-2-kategori/section/sekilas-tentang-2-kategori/covers/surface/unit-023/formula/inline/017,urn:uuid:4234ea9a-f75b-56a8-b5dc-b20acad0b8af,covers,urn:uuid:e08973ef-a1ef-5202-b53b-5ca9745dcd8a,chapter3.tex:723-872
urn:uuid:1a791ccb-16f6-5521-83a9-7f5328fc8c6c,relation/unit/bab-3-sekilas-tentang-2-kategori/section/sekilas-tentang-2-kategori/covers/surface/unit-023/formula/inline/018,urn:uuid:4234ea9a-f75b-56a8-b5dc-b20acad0b8af,covers,urn:uuid:b778faa6-2919-57ea-9032-bb80d254fd32,chapter3.tex:723-872
urn:uuid:1469d6b3-007e-58cc-ac35-dbe67fe39249,relation/unit/bab-3-sekilas-tentang-2-kategori/section/sekilas-tentang-2-kategori/covers/surface/unit-023/formula/inline/019,urn:uuid:4234ea9a-f75b-56a8-b5dc-b20acad0b8af,covers,urn:uuid:19773d68-dafa-5a92-9860-cdea602fcd81,chapter3.tex:723-872
urn:uuid:14ef27c3-5a31-5bc4-8c94-a844825a656d,relation/unit/bab-3-sekilas-tentang-2-kategori/section/sekilas-tentang-2-kategori/covers/surface/unit-023/formula/inline/020,urn:uuid:4234ea9a-f75b-56a8-b5dc-b20acad0b8af,covers,urn:uuid:4948b516-5765-502e-b41b-f043110e187b,chapter3.tex:723-872
urn:uuid:d43af1bb-0d36-54f5-904c-e1fa445780a8,relation/unit/bab-3-sekilas-tentang-2-kategori/section/sekilas-tentang-2-kategori/covers/surface/unit-023/formula/inline/021,urn:uuid:4234ea9a-f75b-56a8-b5dc-b20acad0b8af,covers,urn:uuid:b943f614-7f5a-56f6-b7de-06ee79ba509b,chapter3.tex:723-872
urn:uuid:4b3c19bc-68eb-5cdc-b6b9-d3e02441a998,relation/unit/bab-3-sekilas-tentang-2-kategori/section/sekilas-tentang-2-kategori/covers/surface/unit-023/formula/inline/022,urn:uuid:4234ea9a-f75b-56a8-b5dc-b20acad0b8af,covers,urn:uuid:35662eee-6a98-5eeb-bd85-b2e44447f621,chapter3.tex:723-872
urn:uuid:ccf3319d-f1e6-5a6b-849b-64df022521cf,relation/unit/bab-3-sekilas-tentang-2-kategori/section/sekilas-tentang-2-kategori/covers/surface/unit-023/formula/inline/023,urn:uuid:4234ea9a-f75b-56a8-b5dc-b20acad0b8af,covers,urn:uuid:eb82054d-36e9-562b-ba84-1f8ca219a644,chapter3.tex:723-872
urn:uuid:57000e12-6718-5de7-8148-46aacff3469d,relation/unit/bab-3-sekilas-tentang-2-kategori/section/sekilas-tentang-2-kategori/covers/surface/unit-023/formula/inline/024,urn:uuid:4234ea9a-f75b-56a8-b5dc-b20acad0b8af,covers,urn:uuid:5bd9f928-9249-57fa-9a0f-5d8dc89fa01b,chapter3.tex:723-872
urn:uuid:178639b8-69fc-5db1-a8a4-6ba03525ccd6,relation/unit/bab-3-sekilas-tentang-2-kategori/section/sekilas-tentang-2-kategori/covers/surface/unit-023/formula/inline/025,urn:uuid:4234ea9a-f75b-56a8-b5dc-b20acad0b8af,covers,urn:uuid:c243c335-8144-5e94-8c1b-a0e74efcd594,chapter3.tex:723-872
urn:uuid:54af502b-46eb-5f9a-9832-be8f1485aa92,relation/unit/bab-3-sekilas-tentang-2-kategori/section/sekilas-tentang-2-kategori/covers/surface/unit-023/formula/inline/026,urn:uuid:4234ea9a-f75b-56a8-b5dc-b20acad0b8af,covers,urn:uuid:b80ba200-b614-51a0-84f9-18e9f2fffca7,chapter3.tex:723-872
urn:uuid:c941962d-e07a-5b1c-a86e-eb6a2192adef,relation/unit/bab-3-sekilas-tentang-2-kategori/section/sekilas-tentang-2-kategori/covers/surface/unit-023/formula/inline/027,urn:uuid:4234ea9a-f75b-56a8-b5dc-b20acad0b8af,covers,urn:uuid:61051269-47d3-52f3-b1ae-5a5c021e00f6,chapter3.tex:723-872
urn:uuid:c17d8eb2-82da-515a-8fed-07c6d9cffb27,relation/unit/bab-3-sekilas-tentang-2-kategori/section/sekilas-tentang-2-kategori/covers/surface/unit-023/formula/inline/028,urn:uuid:4234ea9a-f75b-56a8-b5dc-b20acad0b8af,covers,urn:uuid:fb7c5548-7904-56e7-aa65-e4e4fc62d91f,chapter3.tex:723-872
urn:uuid:bdf147c8-0e2b-5b4d-a4f6-d6553c441b45,relation/unit/bab-3-sekilas-tentang-2-kategori/section/sekilas-tentang-2-kategori/covers/surface/unit-023/formula/inline/029,urn:uuid:4234ea9a-f75b-56a8-b5dc-b20acad0b8af,covers,urn:uuid:b1d307d5-d94b-5415-8095-10065495aefe,chapter3.tex:723-872
urn:uuid:1550e0c0-1efb-5846-8b52-2f401a92a1f8,relation/unit/bab-3-sekilas-tentang-2-kategori/section/sekilas-tentang-2-kategori/covers/surface/unit-023/formula/inline/030,urn:uuid:4234ea9a-f75b-56a8-b5dc-b20acad0b8af,covers,urn:uuid:cf993807-8bfc-5434-b0fc-069dae93d682,chapter3.tex:723-872
urn:uuid:13160a5e-d7be-50e1-9f60-e834d720b3d5,relation/unit/bab-3-sekilas-tentang-2-kategori/section/sekilas-tentang-2-kategori/covers/surface/unit-023/formula/inline/031,urn:uuid:4234ea9a-f75b-56a8-b5dc-b20acad0b8af,covers,urn:uuid:f794c3a8-1f7e-57a6-9089-d1265869f186,chapter3.tex:723-872
urn:uuid:7b035814-e7e0-534a-b566-c9a81d7eba9a,relation/unit/bab-3-sekilas-tentang-2-kategori/section/sekilas-tentang-2-kategori/covers/surface/unit-023/formula/inline/032,urn:uuid:4234ea9a-f75b-56a8-b5dc-b20acad0b8af,covers,urn:uuid:6dcc9078-575d-5233-982d-ac735bddb31c,chapter3.tex:723-872
urn:uuid:cf23ddba-0d00-5ebe-b1af-2c745cb8b7a8,relation/unit/bab-3-sekilas-tentang-2-kategori/section/sekilas-tentang-2-kategori/covers/surface/unit-023/formula/inline/033,urn:uuid:4234ea9a-f75b-56a8-b5dc-b20acad0b8af,covers,urn:uuid:cf0b9ab3-e600-5c77-8bd2-9cf7da791e99,chapter3.tex:723-872
urn:uuid:a47cbdbd-2f65-5761-baf6-0190bdf5bd0a,relation/unit/bab-3-sekilas-tentang-2-kategori/section/sekilas-tentang-2-kategori/covers/surface/unit-023/formula/inline/034,urn:uuid:4234ea9a-f75b-56a8-b5dc-b20acad0b8af,covers,urn:uuid:9a722afb-c8db-5545-9a0b-7fa1c203c6ca,chapter3.tex:723-872
urn:uuid:627955e0-597d-5264-8f04-7ed3d1a5459f,relation/unit/bab-3-sekilas-tentang-2-kategori/section/sekilas-tentang-2-kategori/covers/surface/unit-023/formula/inline/035,urn:uuid:4234ea9a-f75b-56a8-b5dc-b20acad0b8af,covers,urn:uuid:1cd7d00a-3b8d-53cc-9e61-2db48979345d,chapter3.tex:723-872
urn:uuid:006da3f6-8c38-57d2-bc79-fc228d5e8145,relation/unit/bab-3-sekilas-tentang-2-kategori/section/sekilas-tentang-2-kategori/covers/surface/unit-023/formula/inline/036,urn:uuid:4234ea9a-f75b-56a8-b5dc-b20acad0b8af,covers,urn:uuid:2ecfcb91-4fa0-52d7-88ba-7c28af9a2871,chapter3.tex:723-872
urn:uuid:7b41beae-710a-5189-9330-4ebe48dfc27f,relation/unit/bab-3-sekilas-tentang-2-kategori/section/sekilas-tentang-2-kategori/covers/surface/unit-023/formula/inline/037,urn:uuid:4234ea9a-f75b-56a8-b5dc-b20acad0b8af,covers,urn:uuid:e8938dd0-27e4-5cc6-93f9-3973b40e1381,chapter3.tex:723-872
urn:uuid:234a62a9-9e4a-58f9-81cc-d46860429c08,relation/unit/bab-3-sekilas-tentang-2-kategori/section/sekilas-tentang-2-kategori/covers/surface/unit-023/formula/inline/038,urn:uuid:4234ea9a-f75b-56a8-b5dc-b20acad0b8af,covers,urn:uuid:1d17a05c-7af9-520a-8d54-95cd60c1972c,chapter3.tex:723-872
urn:uuid:0d893c17-f4ae-523f-a8cc-347d039bc28d,relation/unit/bab-3-sekilas-tentang-2-kategori/section/sekilas-tentang-2-kategori/covers/surface/unit-023/formula/inline/039,urn:uuid:4234ea9a-f75b-56a8-b5dc-b20acad0b8af,covers,urn:uuid:d185af6b-5b3c-5918-ac2e-5b368ddd293b,chapter3.tex:723-872
urn:uuid:c15051ed-2bc0-554c-b9dc-ed8ea89d5214,relation/unit/bab-3-sekilas-tentang-2-kategori/section/sekilas-tentang-2-kategori/covers/surface/unit-023/formula/inline/040,urn:uuid:4234ea9a-f75b-56a8-b5dc-b20acad0b8af,covers,urn:uuid:da450a8a-430a-5211-b548-dc747464beb7,chapter3.tex:723-872
urn:uuid:5de1a399-b632-5dcf-bd96-20d8a055bc21,relation/unit/bab-3-sekilas-tentang-2-kategori/section/sekilas-tentang-2-kategori/covers/surface/unit-023/formula/inline/041,urn:uuid:4234ea9a-f75b-56a8-b5dc-b20acad0b8af,covers,urn:uuid:88a1bc22-30c3-5a23-9ece-c87f4423ccaf,chapter3.tex:723-872
urn:uuid:914b7d4c-8d8f-5dc2-9495-db56d5aeb2fd,relation/unit/bab-3-sekilas-tentang-2-kategori/section/sekilas-tentang-2-kategori/covers/surface/unit-023/formula/inline/042,urn:uuid:4234ea9a-f75b-56a8-b5dc-b20acad0b8af,covers,urn:uuid:1270aa72-b638-514f-b481-fb84653e6e33,chapter3.tex:723-872
urn:uuid:6479c979-65d0-5a06-9eae-5cf6a82e87c9,relation/unit/bab-3-sekilas-tentang-2-kategori/section/sekilas-tentang-2-kategori/covers/surface/unit-023/formula/inline/043,urn:uuid:4234ea9a-f75b-56a8-b5dc-b20acad0b8af,covers,urn:uuid:1c6dca49-f60a-5c73-81d7-9a44a0bc9790,chapter3.tex:723-872
urn:uuid:80a4fcf7-0f85-5ce5-bc6c-57e5e7cf9b91,relation/unit/bab-3-sekilas-tentang-2-kategori/section/sekilas-tentang-2-kategori/covers/surface/unit-023/formula/inline/044,urn:uuid:4234ea9a-f75b-56a8-b5dc-b20acad0b8af,covers,urn:uuid:8fdc4b7c-a9ba-5404-bd3b-bf68855f12d0,chapter3.tex:723-872
urn:uuid:1f490aa7-ace4-59be-a6fb-f97687d3d453,relation/unit/bab-3-sekilas-tentang-2-kategori/section/sekilas-tentang-2-kategori/covers/surface/unit-023/formula/inline/045,urn:uuid:4234ea9a-f75b-56a8-b5dc-b20acad0b8af,covers,urn:uuid:9f7f07e6-7dac-5172-b9b1-8253b64e9253,chapter3.tex:723-872
urn:uuid:302385bb-d5cd-5739-ae1b-5cc0e26fa7e2,relation/unit/bab-3-sekilas-tentang-2-kategori/section/sekilas-tentang-2-kategori/covers/surface/unit-023/formula/inline/046,urn:uuid:4234ea9a-f75b-56a8-b5dc-b20acad0b8af,covers,urn:uuid:df7d0a17-4013-5235-9f57-566794f5763d,chapter3.tex:723-872
urn:uuid:ef663964-a25e-502d-a09e-8bfe29a96610,relation/unit/bab-3-sekilas-tentang-2-kategori/section/sekilas-tentang-2-kategori/covers/surface/unit-023/formula/inline/047,urn:uuid:4234ea9a-f75b-56a8-b5dc-b20acad0b8af,covers,urn:uuid:56251051-3f04-5427-a31b-c4a82fd9eaaf,chapter3.tex:723-872
urn:uuid:4fb17fc0-23f7-52fc-999f-03b96f8ad018,relation/unit/bab-3-sekilas-tentang-2-kategori/section/sekilas-tentang-2-kategori/covers/surface/unit-023/formula/inline/048,urn:uuid:4234ea9a-f75b-56a8-b5dc-b20acad0b8af,covers,urn:uuid:fc63617c-3b8f-5e60-a438-ae5a9230ae2b,chapter3.tex:723-872
urn:uuid:1f9e861a-3cb4-59e7-bfea-90c6d217e2c0,relation/unit/bab-3-sekilas-tentang-2-kategori/section/sekilas-tentang-2-kategori/covers/surface/unit-023/formula/inline/049,urn:uuid:4234ea9a-f75b-56a8-b5dc-b20acad0b8af,covers,urn:uuid:9c13fe1d-b38b-58df-86d6-076b371b17e8,chapter3.tex:723-872
urn:uuid:6c6f4f31-9f0a-5e50-9f5f-648351a8cf75,relation/unit/bab-3-sekilas-tentang-2-kategori/section/sekilas-tentang-2-kategori/covers/surface/unit-023/formula/inline/050,urn:uuid:4234ea9a-f75b-56a8-b5dc-b20acad0b8af,covers,urn:uuid:e8412d37-acaf-53d6-9ed4-fc6e49434e0a,chapter3.tex:723-872
urn:uuid:de831df3-f90b-516f-82ed-2f6e5181d279,relation/unit/bab-3-sekilas-tentang-2-kategori/section/sekilas-tentang-2-kategori/covers/surface/unit-023/formula/inline/051,urn:uuid:4234ea9a-f75b-56a8-b5dc-b20acad0b8af,covers,urn:uuid:590eedf3-5477-5880-824f-5246aec987f6,chapter3.tex:723-872
urn:uuid:8fb49b66-4ad4-5dba-a9f9-2a71f903d20f,relation/unit/bab-3-sekilas-tentang-2-kategori/section/sekilas-tentang-2-kategori/covers/surface/unit-023/formula/inline/052,urn:uuid:4234ea9a-f75b-56a8-b5dc-b20acad0b8af,covers,urn:uuid:f3a4b39e-434e-5bca-bc0e-1be947bab1ea,chapter3.tex:723-872
urn:uuid:2ba4fecc-a264-57d5-a727-5b713686a8f0,relation/unit/bab-3-sekilas-tentang-2-kategori/section/sekilas-tentang-2-kategori/covers/surface/unit-023/formula/inline/053,urn:uuid:4234ea9a-f75b-56a8-b5dc-b20acad0b8af,covers,urn:uuid:863d0e16-d55e-55b7-959f-b6c477ae4d9d,chapter3.tex:723-872
urn:uuid:5b80c298-37b0-599a-b6e8-c229da16d5b9,relation/unit/bab-3-sekilas-tentang-2-kategori/section/sekilas-tentang-2-kategori/covers/surface/unit-023/formula/inline/054,urn:uuid:4234ea9a-f75b-56a8-b5dc-b20acad0b8af,covers,urn:uuid:d1f926f3-12d6-5bf5-a21d-c44c33211a4a,chapter3.tex:723-872
urn:uuid:14ff7f67-db0d-5c88-9730-c767abe010ba,relation/unit/bab-3-sekilas-tentang-2-kategori/section/sekilas-tentang-2-kategori/covers/surface/unit-023/formula/inline/055,urn:uuid:4234ea9a-f75b-56a8-b5dc-b20acad0b8af,covers,urn:uuid:99233747-7ce8-5307-927a-48b4557f3c7f,chapter3.tex:723-872
urn:uuid:33717aa3-f4d1-53b4-bbde-72fda1685cae,relation/unit/bab-3-sekilas-tentang-2-kategori/section/sekilas-tentang-2-kategori/covers/surface/unit-023/formula/inline/056,urn:uuid:4234ea9a-f75b-56a8-b5dc-b20acad0b8af,covers,urn:uuid:e8f7b85f-a6b5-523f-b049-8b32fe7225c3,chapter3.tex:723-872
urn:uuid:d5b48ef6-3106-5c8f-b96a-3ade7710b0c3,relation/unit/bab-3-sekilas-tentang-2-kategori/section/sekilas-tentang-2-kategori/covers/surface/unit-023/formula/inline/057,urn:uuid:4234ea9a-f75b-56a8-b5dc-b20acad0b8af,covers,urn:uuid:cabad873-0f01-5253-80c4-5b7fad71bc0a,chapter3.tex:723-872
urn:uuid:e5038737-0342-5960-ac78-5275ed6f0702,relation/unit/bab-3-sekilas-tentang-2-kategori/section/sekilas-tentang-2-kategori/covers/surface/unit-023/formula/inline/058,urn:uuid:4234ea9a-f75b-56a8-b5dc-b20acad0b8af,covers,urn:uuid:7c8fbeb4-6754-5b4e-8d3d-56818239e50e,chapter3.tex:723-872
urn:uuid:f9446510-6977-59b7-a061-b1e23bc7e8dd,relation/unit/bab-3-sekilas-tentang-2-kategori/section/sekilas-tentang-2-kategori/covers/surface/unit-023/formula/inline/059,urn:uuid:4234ea9a-f75b-56a8-b5dc-b20acad0b8af,covers,urn:uuid:e0a7aa00-2093-573e-9021-6b2aedba0508,chapter3.tex:723-872
urn:uuid:66333f30-a085-5586-8cbd-44b885f5ae79,relation/unit/bab-3-sekilas-tentang-2-kategori/section/sekilas-tentang-2-kategori/covers/surface/unit-023/formula/inline/060,urn:uuid:4234ea9a-f75b-56a8-b5dc-b20acad0b8af,covers,urn:uuid:5399ac04-93ab-5305-86ec-5e8103de1785,chapter3.tex:723-872
urn:uuid:527ed4e5-a853-55e1-bb7e-499db69a07bd,relation/unit/bab-3-sekilas-tentang-2-kategori/section/sekilas-tentang-2-kategori/covers/surface/unit-023/formula/inline/061,urn:uuid:4234ea9a-f75b-56a8-b5dc-b20acad0b8af,covers,urn:uuid:8143e478-02f3-5bad-8cee-6c1594f1ed1f,chapter3.tex:723-872
urn:uuid:19ef258e-3fc9-5955-bc9a-a2363f85eeef,relation/unit/bab-3-sekilas-tentang-2-kategori/section/sekilas-tentang-2-kategori/covers/surface/unit-023/formula/inline/062,urn:uuid:4234ea9a-f75b-56a8-b5dc-b20acad0b8af,covers,urn:uuid:947ce6f4-4b61-5e78-8480-07d696b81fcf,chapter3.tex:723-872
urn:uuid:37bb01e2-b5ea-50ea-9e2d-8261a7e2b31c,relation/unit/bab-3-sekilas-tentang-2-kategori/section/sekilas-tentang-2-kategori/covers/surface/unit-023/formula/inline/063,urn:uuid:4234ea9a-f75b-56a8-b5dc-b20acad0b8af,covers,urn:uuid:4946714b-aeb2-5554-87b5-d4686cc08a9b,chapter3.tex:723-872
urn:uuid:646144b6-a265-5e30-bad3-705642eee1ce,relation/unit/bab-3-sekilas-tentang-2-kategori/section/sekilas-tentang-2-kategori/covers/surface/unit-023/formula/inline/064,urn:uuid:4234ea9a-f75b-56a8-b5dc-b20acad0b8af,covers,urn:uuid:d562cfba-e416-56e1-b424-663757e2c6fb,chapter3.tex:723-872
urn:uuid:90b92283-39b9-52bf-a2d6-1f25b1dabce3,relation/unit/bab-3-sekilas-tentang-2-kategori/section/sekilas-tentang-2-kategori/covers/surface/unit-023/formula/inline/065,urn:uuid:4234ea9a-f75b-56a8-b5dc-b20acad0b8af,covers,urn:uuid:c27eafd1-6ae9-59a2-a11b-6b014dfd3e0a,chapter3.tex:723-872
urn:uuid:148d0a61-994c-58a4-a9f6-d5de020903ff,relation/unit/bab-3-sekilas-tentang-2-kategori/section/sekilas-tentang-2-kategori/covers/surface/unit-023/formula/inline/066,urn:uuid:4234ea9a-f75b-56a8-b5dc-b20acad0b8af,covers,urn:uuid:e50209eb-0e4f-5d79-b5c5-a22b2e6710c9,chapter3.tex:723-872
urn:uuid:58ec7cb4-1594-5960-a30c-33f51d61b16c,relation/unit/bab-3-sekilas-tentang-2-kategori/section/sekilas-tentang-2-kategori/covers/surface/unit-023/formula/inline/067,urn:uuid:4234ea9a-f75b-56a8-b5dc-b20acad0b8af,covers,urn:uuid:5137b1eb-4f20-5f3c-a4a6-9713a60a82ed,chapter3.tex:723-872
urn:uuid:631f5594-366f-5362-b1de-51d9780caa1b,relation/unit/bab-3-sekilas-tentang-2-kategori/section/sekilas-tentang-2-kategori/covers/surface/unit-023/formula/inline/068,urn:uuid:4234ea9a-f75b-56a8-b5dc-b20acad0b8af,covers,urn:uuid:69746289-6a5e-5f7b-b0e0-06ed256dfb24,chapter3.tex:723-872
urn:uuid:883e2275-7a77-58db-aa21-63b5bc4135ff,relation/unit/bab-3-sekilas-tentang-2-kategori/section/sekilas-tentang-2-kategori/covers/surface/unit-023/formula/inline/069,urn:uuid:4234ea9a-f75b-56a8-b5dc-b20acad0b8af,covers,urn:uuid:57bee4ad-3f6d-556c-96ff-96de3c2063a9,chapter3.tex:723-872
urn:uuid:e4656d8d-bd2c-55c9-b673-3efbb522232b,relation/unit/bab-3-sekilas-tentang-2-kategori/section/sekilas-tentang-2-kategori/covers/surface/unit-023/formula/inline/070,urn:uuid:4234ea9a-f75b-56a8-b5dc-b20acad0b8af,covers,urn:uuid:b59052ee-846e-57ce-89c2-a6b9e67f5757,chapter3.tex:723-872
urn:uuid:8c5619ad-3d25-5493-9586-83ba2e342198,relation/unit/bab-3-sekilas-tentang-2-kategori/section/sekilas-tentang-2-kategori/covers/surface/unit-023/formula/inline/071,urn:uuid:4234ea9a-f75b-56a8-b5dc-b20acad0b8af,covers,urn:uuid:d8beacd4-6e66-58bc-9f5e-3dadc742321e,chapter3.tex:723-872
urn:uuid:6f1537ec-305f-502f-8d9e-b122946e0cc8,relation/unit/bab-3-sekilas-tentang-2-kategori/section/sekilas-tentang-2-kategori/covers/surface/unit-023/formula/inline/072,urn:uuid:4234ea9a-f75b-56a8-b5dc-b20acad0b8af,covers,urn:uuid:badab14e-89df-5adc-9ab3-4c00c40f26f3,chapter3.tex:723-872
urn:uuid:35883133-53b3-5b4e-86bb-088dc6295fb4,relation/unit/bab-3-sekilas-tentang-2-kategori/section/sekilas-tentang-2-kategori/covers/surface/unit-023/formula/inline/073,urn:uuid:4234ea9a-f75b-56a8-b5dc-b20acad0b8af,covers,urn:uuid:9cd331aa-8bfb-5b92-89be-50dae92c20ab,chapter3.tex:723-872
urn:uuid:043d7c40-9856-518f-b2e5-1ed15261fe87,relation/unit/bab-3-sekilas-tentang-2-kategori/section/sekilas-tentang-2-kategori/covers/surface/unit-023/formula/inline/074,urn:uuid:4234ea9a-f75b-56a8-b5dc-b20acad0b8af,covers,urn:uuid:e295005d-5e38-5cea-a6d4-b934d2725a5e,chapter3.tex:723-872
urn:uuid:b724b7a1-815a-5aef-9217-2a73b59e0de1,relation/unit/bab-3-sekilas-tentang-2-kategori/section/sekilas-tentang-2-kategori/covers/surface/unit-023/formula/inline/075,urn:uuid:4234ea9a-f75b-56a8-b5dc-b20acad0b8af,covers,urn:uuid:5406aab5-8701-567a-9e5a-829b8914e400,chapter3.tex:723-872
urn:uuid:1a0e8b2a-5f0e-5b3b-84e3-de8c61fba0b2,relation/unit/bab-3-sekilas-tentang-2-kategori/section/sekilas-tentang-2-kategori/covers/surface/unit-023/formula/inline/076,urn:uuid:4234ea9a-f75b-56a8-b5dc-b20acad0b8af,covers,urn:uuid:837d4bc2-2adb-5793-bb68-81aa51cc2b24,chapter3.tex:723-872
urn:uuid:f55bfbe8-8b20-5d6f-8ea3-e5bba2ae8e1e,relation/unit/bab-3-sekilas-tentang-2-kategori/section/sekilas-tentang-2-kategori/covers/surface/unit-023/formula/inline/077,urn:uuid:4234ea9a-f75b-56a8-b5dc-b20acad0b8af,covers,urn:uuid:a8b238da-fbf7-5822-9c24-9b323fc0298c,chapter3.tex:723-872
urn:uuid:97098bb9-c3df-592f-a9eb-5300c482ce16,relation/unit/bab-3-sekilas-tentang-2-kategori/section/sekilas-tentang-2-kategori/covers/surface/unit-023/formula/inline/078,urn:uuid:4234ea9a-f75b-56a8-b5dc-b20acad0b8af,covers,urn:uuid:665486ab-254f-551e-bdc0-399449dafd45,chapter3.tex:723-872
urn:uuid:e3e89ec1-4344-5bd2-b9e1-d6071bd425ea,relation/unit/bab-3-sekilas-tentang-2-kategori/section/sekilas-tentang-2-kategori/covers/surface/unit-023/formula/inline/079,urn:uuid:4234ea9a-f75b-56a8-b5dc-b20acad0b8af,covers,urn:uuid:4e9b9c4b-aed6-58d5-814a-ac18c271bc60,chapter3.tex:723-872
urn:uuid:21a283b0-99fb-5a55-a1c3-0f2532569c14,relation/unit/bab-3-sekilas-tentang-2-kategori/section/sekilas-tentang-2-kategori/covers/surface/unit-023/formula/inline/080,urn:uuid:4234ea9a-f75b-56a8-b5dc-b20acad0b8af,covers,urn:uuid:b0eefacc-31be-5e1c-9994-9c5fcb104ae3,chapter3.tex:723-872
urn:uuid:e9dff97e-2b8d-5666-8c0d-9d2795e5da1f,relation/unit/bab-3-sekilas-tentang-2-kategori/section/sekilas-tentang-2-kategori/covers/surface/unit-023/formula/inline/081,urn:uuid:4234ea9a-f75b-56a8-b5dc-b20acad0b8af,covers,urn:uuid:0274fde5-3e14-5c7c-90dd-47e024053c38,chapter3.tex:723-872
urn:uuid:5981f826-9f10-51bb-a834-b39bb63d55e5,relation/unit/bab-3-sekilas-tentang-2-kategori/section/sekilas-tentang-2-kategori/covers/surface/unit-023/formula/inline/082,urn:uuid:4234ea9a-f75b-56a8-b5dc-b20acad0b8af,covers,urn:uuid:4c35e9f4-8c9a-5c96-8f7a-759ea268a05f,chapter3.tex:723-872
urn:uuid:d092fe8d-d137-5a87-af88-1030faa41dbb,relation/unit/bab-3-sekilas-tentang-2-kategori/section/sekilas-tentang-2-kategori/covers/surface/unit-023/formula/inline/083,urn:uuid:4234ea9a-f75b-56a8-b5dc-b20acad0b8af,covers,urn:uuid:75030724-7080-59f9-92d6-137809f433e6,chapter3.tex:723-872
urn:uuid:78a9b857-d01f-54e2-95dd-95af76294a95,relation/unit/bab-3-sekilas-tentang-2-kategori/section/sekilas-tentang-2-kategori/covers/surface/unit-023/formula/inline/084,urn:uuid:4234ea9a-f75b-56a8-b5dc-b20acad0b8af,covers,urn:uuid:088e763d-dd42-5cd2-8d13-f144f2414938,chapter3.tex:723-872
urn:uuid:fe84340e-220c-5f16-94e1-77067c680926,relation/unit/bab-3-sekilas-tentang-2-kategori/section/sekilas-tentang-2-kategori/covers/surface/unit-023/formula/inline/085,urn:uuid:4234ea9a-f75b-56a8-b5dc-b20acad0b8af,covers,urn:uuid:a7f7aee9-ed76-57e6-b3b4-24aad78651ba,chapter3.tex:723-872
urn:uuid:6d9bc4c3-81d2-5571-b47b-87f8719c8690,relation/unit/bab-3-sekilas-tentang-2-kategori/section/sekilas-tentang-2-kategori/covers/surface/unit-023/formula/inline/086,urn:uuid:4234ea9a-f75b-56a8-b5dc-b20acad0b8af,covers,urn:uuid:9ba395c3-47ea-597e-942d-11ed6a766b04,chapter3.tex:723-872
urn:uuid:a43f6ccb-1393-56a0-9c19-e73f0b745557,relation/unit/bab-3-sekilas-tentang-2-kategori/section/sekilas-tentang-2-kategori/covers/surface/unit-023/formula/inline/087,urn:uuid:4234ea9a-f75b-56a8-b5dc-b20acad0b8af,covers,urn:uuid:7e7772e2-ebdf-5687-8c38-21e9b53058a9,chapter3.tex:723-872
urn:uuid:c52e525b-0f69-54fb-95a8-1254dda5c372,relation/unit/bab-3-sekilas-tentang-2-kategori/section/sekilas-tentang-2-kategori/covers/surface/unit-023/formula/inline/088,urn:uuid:4234ea9a-f75b-56a8-b5dc-b20acad0b8af,covers,urn:uuid:22877f2a-70c0-513a-81a3-076c138cf07f,chapter3.tex:723-872
urn:uuid:e580392b-0f78-5630-a60a-fcbde75a3932,relation/unit/bab-3-sekilas-tentang-2-kategori/section/sekilas-tentang-2-kategori/covers/surface/unit-023/formula/inline/089,urn:uuid:4234ea9a-f75b-56a8-b5dc-b20acad0b8af,covers,urn:uuid:c12bb6e1-76a3-5b00-96d9-61092c79a4eb,chapter3.tex:723-872
urn:uuid:cd39f702-4c81-5bd0-8d24-33d8e16862c7,relation/unit/bab-3-sekilas-tentang-2-kategori/section/sekilas-tentang-2-kategori/covers/surface/unit-023/formula/inline/090,urn:uuid:4234ea9a-f75b-56a8-b5dc-b20acad0b8af,covers,urn:uuid:e9f7493b-188b-5be4-b2c5-c4dace8618eb,chapter3.tex:723-872
urn:uuid:abe283d8-d648-53ef-a4cb-58f86ee17ad1,relation/unit/bab-3-sekilas-tentang-2-kategori/section/sekilas-tentang-2-kategori/covers/surface/unit-023/formula/inline/091,urn:uuid:4234ea9a-f75b-56a8-b5dc-b20acad0b8af,covers,urn:uuid:956ed23a-68e5-5b39-91a9-74528e37af80,chapter3.tex:723-872
urn:uuid:2b12d43b-9e3c-5d8f-bee6-7c3268c897d6,relation/unit/bab-3-sekilas-tentang-2-kategori/section/sekilas-tentang-2-kategori/covers/surface/unit-023/formula/inline/092,urn:uuid:4234ea9a-f75b-56a8-b5dc-b20acad0b8af,covers,urn:uuid:79430337-90c0-52f3-b578-de6a707b6fb9,chapter3.tex:723-872
urn:uuid:27b6366c-0f74-5fb7-b28e-d05cc5921226,relation/unit/bab-3-sekilas-tentang-2-kategori/section/sekilas-tentang-2-kategori/covers/surface/unit-023/formula/inline/093,urn:uuid:4234ea9a-f75b-56a8-b5dc-b20acad0b8af,covers,urn:uuid:1cc7caff-83f4-5e95-8ce6-77d0806e27ef,chapter3.tex:723-872
urn:uuid:94359160-d826-56cd-9b4f-e55518c9c488,relation/unit/bab-3-sekilas-tentang-2-kategori/section/sekilas-tentang-2-kategori/covers/surface/unit-023/formula/inline/094,urn:uuid:4234ea9a-f75b-56a8-b5dc-b20acad0b8af,covers,urn:uuid:6904aa39-4d3a-5658-84ec-6cae3ee96baf,chapter3.tex:723-872
urn:uuid:3fd0be29-5e84-5ecc-870a-168fb535ed5d,relation/unit/bab-3-sekilas-tentang-2-kategori/section/sekilas-tentang-2-kategori/covers/surface/unit-023/formula/inline/095,urn:uuid:4234ea9a-f75b-56a8-b5dc-b20acad0b8af,covers,urn:uuid:7f524836-96b3-507d-9537-f85dcc1780c1,chapter3.tex:723-872
urn:uuid:a60d1994-e650-5752-afd0-564decc7f60b,relation/unit/bab-3-sekilas-tentang-2-kategori/section/sekilas-tentang-2-kategori/covers/surface/unit-023/formula/inline/096,urn:uuid:4234ea9a-f75b-56a8-b5dc-b20acad0b8af,covers,urn:uuid:bb80ebf0-895e-5dcd-83f5-b1fda2f43c0a,chapter3.tex:723-872
urn:uuid:1e7067be-f959-5d9d-b5cd-a495dd6568fb,relation/unit/bab-3-sekilas-tentang-2-kategori/section/sekilas-tentang-2-kategori/covers/surface/unit-023/formula/inline/097,urn:uuid:4234ea9a-f75b-56a8-b5dc-b20acad0b8af,covers,urn:uuid:e4dba4fb-3975-534f-b63c-3e062d434bb0,chapter3.tex:723-872
urn:uuid:885fe8e4-6865-5ba4-8c0b-4e7aeeb853ea,relation/unit/bab-3-sekilas-tentang-2-kategori/section/sekilas-tentang-2-kategori/covers/surface/unit-023/formula/inline/098,urn:uuid:4234ea9a-f75b-56a8-b5dc-b20acad0b8af,covers,urn:uuid:f91bb7c8-f74b-5650-bf65-30559a5470d9,chapter3.tex:723-872
urn:uuid:6e24e106-1a0f-50bd-b4c1-6f4f621113ae,relation/unit/bab-3-sekilas-tentang-2-kategori/section/sekilas-tentang-2-kategori/covers/surface/unit-023/formula/inline/099,urn:uuid:4234ea9a-f75b-56a8-b5dc-b20acad0b8af,covers,urn:uuid:b0427994-f9bc-587b-aac9-518055dd4603,chapter3.tex:723-872
urn:uuid:75e18356-d110-509a-8418-7a7f1fab7c57,relation/unit/bab-3-sekilas-tentang-2-kategori/section/sekilas-tentang-2-kategori/covers/surface/unit-023/formula/inline/100,urn:uuid:4234ea9a-f75b-56a8-b5dc-b20acad0b8af,covers,urn:uuid:590379e7-05d9-52c2-a4a3-77a99bc0b32a,chapter3.tex:723-872
urn:uuid:5981ea62-cffc-5402-bdc0-54d99f75f640,relation/unit/bab-3-sekilas-tentang-2-kategori/section/sekilas-tentang-2-kategori/covers/surface/unit-023/formula/inline/101,urn:uuid:4234ea9a-f75b-56a8-b5dc-b20acad0b8af,covers,urn:uuid:9d7c1e98-a395-5ed8-abd7-b01d222acc00,chapter3.tex:723-872
urn:uuid:6cae8510-41ad-5a77-bba2-e2ba1a064e76,relation/unit/bab-3-sekilas-tentang-2-kategori/section/sekilas-tentang-2-kategori/covers/surface/unit-023/formula/inline/102,urn:uuid:4234ea9a-f75b-56a8-b5dc-b20acad0b8af,covers,urn:uuid:5a9c424a-4555-598f-b159-e587c2ed3db6,chapter3.tex:723-872
urn:uuid:4fe2d454-aa6c-59c5-b319-ddac3d596819,relation/unit/bab-3-sekilas-tentang-2-kategori/section/sekilas-tentang-2-kategori/covers/surface/unit-023/formula/inline/103,urn:uuid:4234ea9a-f75b-56a8-b5dc-b20acad0b8af,covers,urn:uuid:b695a434-dba4-5b49-a380-2c2250511342,chapter3.tex:723-872
urn:uuid:784390b5-5446-5fbc-9739-405474a75232,relation/unit/bab-3-sekilas-tentang-2-kategori/section/sekilas-tentang-2-kategori/covers/surface/unit-023/formula/inline/104,urn:uuid:4234ea9a-f75b-56a8-b5dc-b20acad0b8af,covers,urn:uuid:5a8609d1-585c-5a2c-b10e-5e059754b7c5,chapter3.tex:723-872
urn:uuid:38e50f9f-5173-546f-8759-28db9102505f,relation/unit/bab-3-sekilas-tentang-2-kategori/section/sekilas-tentang-2-kategori/covers/surface/unit-023/formula/inline/105,urn:uuid:4234ea9a-f75b-56a8-b5dc-b20acad0b8af,covers,urn:uuid:ac45676b-4bdd-5d48-8709-d63a77a58e7e,chapter3.tex:723-872
urn:uuid:d1c91e96-b0c6-5dc7-a0f7-4434d85920b8,relation/unit/bab-3-sekilas-tentang-2-kategori/section/sekilas-tentang-2-kategori/covers/surface/unit-023/formula/inline/106,urn:uuid:4234ea9a-f75b-56a8-b5dc-b20acad0b8af,covers,urn:uuid:b717ddf0-9b3c-5e9b-890d-ba701b067198,chapter3.tex:723-872
urn:uuid:184cf7d5-b65d-5c19-a442-c3a9be42efb7,relation/unit/bab-3-sekilas-tentang-2-kategori/section/sekilas-tentang-2-kategori/covers/surface/unit-023/formula/inline/107,urn:uuid:4234ea9a-f75b-56a8-b5dc-b20acad0b8af,covers,urn:uuid:da7c0be2-ecd5-5b0b-9a03-4c797aa1d4e8,chapter3.tex:723-872
urn:uuid:74767a95-7a07-5e42-b6fe-3aa2af6f4331,relation/unit/bab-3-sekilas-tentang-2-kategori/section/sekilas-tentang-2-kategori/covers/surface/unit-023/formula/inline/108,urn:uuid:4234ea9a-f75b-56a8-b5dc-b20acad0b8af,covers,urn:uuid:0daf3cab-907c-5f29-8305-b93d7d89f251,chapter3.tex:723-872
urn:uuid:ddb4ae35-ef86-5fdb-9a0f-b9ce49e438e9,relation/unit/bab-3-sekilas-tentang-2-kategori/section/sekilas-tentang-2-kategori/covers/surface/unit-023/formula/inline/109,urn:uuid:4234ea9a-f75b-56a8-b5dc-b20acad0b8af,covers,urn:uuid:6bb983d0-c41e-5097-bbad-b6c4ee5e6d98,chapter3.tex:723-872
urn:uuid:5242f42a-4b5a-5ab0-aaa8-620011a33743,relation/unit/bab-3-sekilas-tentang-2-kategori/section/sekilas-tentang-2-kategori/covers/surface/unit-023/formula/inline/110,urn:uuid:4234ea9a-f75b-56a8-b5dc-b20acad0b8af,covers,urn:uuid:bfe71fc6-c7b8-580e-a011-0de3557f2724,chapter3.tex:723-872
urn:uuid:548dd777-7195-542b-b6e1-6ee261c35f71,relation/unit/bab-3-sekilas-tentang-2-kategori/section/sekilas-tentang-2-kategori/covers/surface/unit-023/formula/inline/111,urn:uuid:4234ea9a-f75b-56a8-b5dc-b20acad0b8af,covers,urn:uuid:f935bc5c-956a-59b7-8d71-a9af4d6c0612,chapter3.tex:723-872
urn:uuid:940ace2e-7779-525a-b4c4-d5f41541deef,relation/unit/bab-3-sekilas-tentang-2-kategori/section/sekilas-tentang-2-kategori/covers/surface/unit-023/formula/inline/112,urn:uuid:4234ea9a-f75b-56a8-b5dc-b20acad0b8af,covers,urn:uuid:0a924846-d0d3-5dc1-bc10-aeace8ed877c,chapter3.tex:723-872
urn:uuid:f9303605-26e0-5dfd-b20d-9bd862e25877,relation/unit/bab-3-sekilas-tentang-2-kategori/section/sekilas-tentang-2-kategori/covers/surface/unit-023/formula/inline/113,urn:uuid:4234ea9a-f75b-56a8-b5dc-b20acad0b8af,covers,urn:uuid:a41ea71e-918f-508b-a66b-dfa488999a7f,chapter3.tex:723-872
urn:uuid:d3c1e98d-0128-5a9a-a425-e8cea9e0420d,relation/unit/bab-3-sekilas-tentang-2-kategori/section/sekilas-tentang-2-kategori/covers/surface/unit-023/formula/inline/114,urn:uuid:4234ea9a-f75b-56a8-b5dc-b20acad0b8af,covers,urn:uuid:741bb8c4-7f36-5fc6-aa88-355083311be6,chapter3.tex:723-872
urn:uuid:36fba37c-abd6-5d8d-a67c-2cc90385239b,relation/unit/bab-3-sekilas-tentang-2-kategori/section/sekilas-tentang-2-kategori/covers/surface/unit-023/formula/inline/115,urn:uuid:4234ea9a-f75b-56a8-b5dc-b20acad0b8af,covers,urn:uuid:396be637-4f41-5cd5-b834-2a2c7606974d,chapter3.tex:723-872
urn:uuid:6279b16f-d8e0-51b2-9afd-d6b9dba79aa2,relation/unit/bab-3-sekilas-tentang-2-kategori/section/sekilas-tentang-2-kategori/covers/surface/unit-023/formula/inline/116,urn:uuid:4234ea9a-f75b-56a8-b5dc-b20acad0b8af,covers,urn:uuid:ce72e0df-3dd6-5e67-a07a-8e51b1567cd6,chapter3.tex:723-872
urn:uuid:4944c0b5-7837-5ecc-9455-5f92795a003e,relation/unit/bab-3-sekilas-tentang-2-kategori/section/sekilas-tentang-2-kategori/covers/surface/unit-023/formula/inline/117,urn:uuid:4234ea9a-f75b-56a8-b5dc-b20acad0b8af,covers,urn:uuid:804df87a-7523-56bb-9ec8-468f006ee9c7,chapter3.tex:723-872
urn:uuid:91a86763-436b-5c2a-abb9-a5158166a086,relation/unit/bab-3-sekilas-tentang-2-kategori/section/sekilas-tentang-2-kategori/covers/surface/unit-023/formula/inline/118,urn:uuid:4234ea9a-f75b-56a8-b5dc-b20acad0b8af,covers,urn:uuid:14cc0723-785a-5ece-8362-107af978f1b7,chapter3.tex:723-872
urn:uuid:d437ed8c-0c24-5949-8eb0-a18cf3b06895,relation/unit/bab-3-sekilas-tentang-2-kategori/section/sekilas-tentang-2-kategori/covers/surface/unit-023/formula/inline/119,urn:uuid:4234ea9a-f75b-56a8-b5dc-b20acad0b8af,covers,urn:uuid:3308c3e3-eac1-515f-ae5b-8ab4889fff36,chapter3.tex:723-872
urn:uuid:bcafca73-edbf-5c78-937c-4ccfcf5cb996,relation/unit/bab-3-sekilas-tentang-2-kategori/section/sekilas-tentang-2-kategori/covers/surface/unit-023/formula/inline/120,urn:uuid:4234ea9a-f75b-56a8-b5dc-b20acad0b8af,covers,urn:uuid:2d30c37e-1bd3-527a-b3f2-1a7d13e1c341,chapter3.tex:723-872
urn:uuid:20955901-cd89-589b-b024-c0f3530ffd56,relation/unit/bab-3-sekilas-tentang-2-kategori/section/sekilas-tentang-2-kategori/covers/surface/unit-023/formula/inline/121,urn:uuid:4234ea9a-f75b-56a8-b5dc-b20acad0b8af,covers,urn:uuid:decb49d9-c5b0-501e-9278-b9f0ee66070e,chapter3.tex:723-872
urn:uuid:023d6026-c226-5226-ae84-44e10af3eb79,relation/unit/bab-3-sekilas-tentang-2-kategori/section/sekilas-tentang-2-kategori/covers/surface/unit-023/formula/inline/122,urn:uuid:4234ea9a-f75b-56a8-b5dc-b20acad0b8af,covers,urn:uuid:b2b13937-42d2-5862-b8cf-634634e445be,chapter3.tex:723-872
urn:uuid:6a060dcd-944a-5945-b37a-8f362393af84,relation/unit/bab-3-sekilas-tentang-2-kategori/section/sekilas-tentang-2-kategori/covers/surface/unit-023/formula/inline/123,urn:uuid:4234ea9a-f75b-56a8-b5dc-b20acad0b8af,covers,urn:uuid:4d6c45b4-eaec-5e71-9003-1ee19742b9c8,chapter3.tex:723-872
urn:uuid:6aef327c-339a-519f-bf40-ff5aac8673f8,relation/unit/bab-3-sekilas-tentang-2-kategori/section/sekilas-tentang-2-kategori/covers/surface/unit-023/formula/inline/124,urn:uuid:4234ea9a-f75b-56a8-b5dc-b20acad0b8af,covers,urn:uuid:826f59b5-b4ea-567c-95dc-afe4c7e8e9f3,chapter3.tex:723-872
urn:uuid:f5c00f04-026e-50e7-af91-f044ce87ec6f,relation/unit/bab-3-sekilas-tentang-2-kategori/section/sekilas-tentang-2-kategori/covers/surface/unit-023/formula/inline/125,urn:uuid:4234ea9a-f75b-56a8-b5dc-b20acad0b8af,covers,urn:uuid:996b9afe-5fa7-5637-a0ef-8b47c04fc08a,chapter3.tex:723-872
urn:uuid:396e59cb-7e39-5eba-8b37-ecfaf773f22a,relation/unit/bab-3-sekilas-tentang-2-kategori/section/sekilas-tentang-2-kategori/covers/surface/unit-023/formula/inline/126,urn:uuid:4234ea9a-f75b-56a8-b5dc-b20acad0b8af,covers,urn:uuid:40d98679-4bdd-55ce-bea7-67763ff60790,chapter3.tex:723-872
urn:uuid:12d7e6f9-cbe7-55bd-a891-5c61479a63d8,relation/unit/bab-3-sekilas-tentang-2-kategori/section/sekilas-tentang-2-kategori/covers/surface/unit-023/formula/inline/127,urn:uuid:4234ea9a-f75b-56a8-b5dc-b20acad0b8af,covers,urn:uuid:d6c51599-81b1-5eae-804f-63279c7ef4f4,chapter3.tex:723-872
urn:uuid:b5895c65-c54a-5223-b4ba-17d44f77ea73,relation/unit/bab-3-sekilas-tentang-2-kategori/section/sekilas-tentang-2-kategori/covers/surface/unit-023/formula/inline/128,urn:uuid:4234ea9a-f75b-56a8-b5dc-b20acad0b8af,covers,urn:uuid:809580c9-fdcf-5bb9-a17d-4709ba367275,chapter3.tex:723-872
urn:uuid:e771986e-f035-54c3-becb-e0a16ed212bd,relation/unit/bab-3-sekilas-tentang-2-kategori/section/sekilas-tentang-2-kategori/covers/surface/unit-023/formula/inline/129,urn:uuid:4234ea9a-f75b-56a8-b5dc-b20acad0b8af,covers,urn:uuid:2e630457-1fa1-5e2d-be72-1feaca4b0ffa,chapter3.tex:723-872
urn:uuid:afc75f4a-305a-52dd-9b3a-ab4cce7144b6,relation/unit/bab-3-sekilas-tentang-2-kategori/section/sekilas-tentang-2-kategori/covers/surface/unit-023/formula/inline/130,urn:uuid:4234ea9a-f75b-56a8-b5dc-b20acad0b8af,covers,urn:uuid:14def09e-c52b-53f4-b501-f42907ba8324,chapter3.tex:723-872
urn:uuid:3ba462b7-f85d-5b8f-b555-122319961517,relation/unit/bab-3-sekilas-tentang-2-kategori/section/sekilas-tentang-2-kategori/covers/surface/unit-023/formula/inline/131,urn:uuid:4234ea9a-f75b-56a8-b5dc-b20acad0b8af,covers,urn:uuid:9a5be97c-617d-5a94-b373-6a2ee4f04ab3,chapter3.tex:723-872
urn:uuid:26348355-f52c-55ec-8153-1b909e5846d5,relation/unit/bab-3-sekilas-tentang-2-kategori/section/sekilas-tentang-2-kategori/covers/surface/unit-023/formula/inline/132,urn:uuid:4234ea9a-f75b-56a8-b5dc-b20acad0b8af,covers,urn:uuid:48794273-5d57-5f30-8baa-da5e0bb26a8f,chapter3.tex:723-872
urn:uuid:3f5379d5-cd14-5766-b48b-c455a46a153d,relation/unit/bab-3-sekilas-tentang-2-kategori/section/sekilas-tentang-2-kategori/covers/surface/unit-023/formula/inline/133,urn:uuid:4234ea9a-f75b-56a8-b5dc-b20acad0b8af,covers,urn:uuid:092be791-96ac-5d1c-be17-b577ea37ae41,chapter3.tex:723-872
urn:uuid:93353883-5413-52d6-b735-e473a8e18fad,relation/unit/bab-3-sekilas-tentang-2-kategori/section/sekilas-tentang-2-kategori/covers/surface/unit-023/formula/inline/134,urn:uuid:4234ea9a-f75b-56a8-b5dc-b20acad0b8af,covers,urn:uuid:0a5cef15-792f-535c-863c-bfe3cd414d7f,chapter3.tex:723-872
urn:uuid:325901c2-da72-553d-baec-e4d0cbfb3a41,relation/unit/bab-3-sekilas-tentang-2-kategori/section/sekilas-tentang-2-kategori/covers/surface/unit-023/formula/inline/135,urn:uuid:4234ea9a-f75b-56a8-b5dc-b20acad0b8af,covers,urn:uuid:887f3352-6c7c-54cc-9abd-99308fb86127,chapter3.tex:723-872
urn:uuid:2b83e07e-0a4e-5758-9cda-d2e66ef389a0,relation/unit/bab-3-sekilas-tentang-2-kategori/section/sekilas-tentang-2-kategori/covers/surface/unit-023/formula/inline/136,urn:uuid:4234ea9a-f75b-56a8-b5dc-b20acad0b8af,covers,urn:uuid:c037125a-2539-585b-a10f-ad70da8e1886,chapter3.tex:723-872
urn:uuid:718b1b01-011d-5289-ad99-ff96efc4007f,relation/unit/bab-3-sekilas-tentang-2-kategori/section/sekilas-tentang-2-kategori/covers/surface/unit-023/formula/inline/137,urn:uuid:4234ea9a-f75b-56a8-b5dc-b20acad0b8af,covers,urn:uuid:a43ac5ee-0a66-5eb8-85b3-2836efb1b9f7,chapter3.tex:723-872
urn:uuid:4f14a46a-fc07-55bb-bfbf-0cc0b7a3ef85,relation/unit/bab-3-sekilas-tentang-2-kategori/section/sekilas-tentang-2-kategori/covers/surface/unit-023/formula/inline/138,urn:uuid:4234ea9a-f75b-56a8-b5dc-b20acad0b8af,covers,urn:uuid:146aebad-7fe2-5424-8a07-24a3128669f4,chapter3.tex:723-872
urn:uuid:c3303faa-7897-5b80-a18c-dedae0eb07d5,relation/unit/bab-3-sekilas-tentang-2-kategori/section/sekilas-tentang-2-kategori/covers/surface/unit-023/formula/inline/139,urn:uuid:4234ea9a-f75b-56a8-b5dc-b20acad0b8af,covers,urn:uuid:5c7134b1-defe-516f-ab6c-c7cf83d238b9,chapter3.tex:723-872
urn:uuid:49cff675-c789-5242-aed8-58f006479950,relation/unit/bab-3-sekilas-tentang-2-kategori/section/sekilas-tentang-2-kategori/covers/surface/unit-023/formula/inline/140,urn:uuid:4234ea9a-f75b-56a8-b5dc-b20acad0b8af,covers,urn:uuid:94273e31-4b5b-5ede-8a17-9e1959b2852d,chapter3.tex:723-872
urn:uuid:0997b71f-b575-5f64-90f2-a3e804ca9480,relation/unit/bab-3-sekilas-tentang-2-kategori/section/sekilas-tentang-2-kategori/covers/surface/unit-023/formula/inline/141,urn:uuid:4234ea9a-f75b-56a8-b5dc-b20acad0b8af,covers,urn:uuid:505acc37-215c-51ae-ac8a-bc03505b5262,chapter3.tex:723-872
urn:uuid:335c9d8c-68c6-5af1-962a-8b5d375c28e3,relation/unit/bab-3-sekilas-tentang-2-kategori/section/sekilas-tentang-2-kategori/covers/surface/unit-023/formula/inline/142,urn:uuid:4234ea9a-f75b-56a8-b5dc-b20acad0b8af,covers,urn:uuid:5aed8369-6ef6-553f-bc6f-757c8a66580a,chapter3.tex:723-872
urn:uuid:15896c7b-3c32-5e91-9a4f-769ff6ab10e3,relation/unit/bab-3-sekilas-tentang-2-kategori/section/sekilas-tentang-2-kategori/covers/surface/unit-023/formula/inline/143,urn:uuid:4234ea9a-f75b-56a8-b5dc-b20acad0b8af,covers,urn:uuid:94df5331-d8f7-5f33-84ea-5afad36e45e0,chapter3.tex:723-872
urn:uuid:d6e9b30b-ee64-5b05-80a8-96d61d62a6d3,relation/unit/bab-3-sekilas-tentang-2-kategori/section/sekilas-tentang-2-kategori/covers/surface/unit-023/formula/inline/144,urn:uuid:4234ea9a-f75b-56a8-b5dc-b20acad0b8af,covers,urn:uuid:4331e3c2-68cf-5064-87f8-8322d040be19,chapter3.tex:723-872
urn:uuid:668a5dd6-89ff-5d34-b32e-fc276f2c3cd6,relation/unit/bab-3-sekilas-tentang-2-kategori/section/sekilas-tentang-2-kategori/covers/surface/unit-023/formula/inline/145,urn:uuid:4234ea9a-f75b-56a8-b5dc-b20acad0b8af,covers,urn:uuid:d2c8ae57-60b2-5d9c-8076-c87f7268ad34,chapter3.tex:723-872
urn:uuid:caf9274b-5045-5ff6-8fe5-ddb14bbef3bc,relation/unit/bab-3-sekilas-tentang-2-kategori/section/sekilas-tentang-2-kategori/covers/surface/unit-023/formula/inline/146,urn:uuid:4234ea9a-f75b-56a8-b5dc-b20acad0b8af,covers,urn:uuid:64b93d54-35c7-5154-b53f-4ca31adf3225,chapter3.tex:723-872
urn:uuid:c5d29c61-c680-5dba-a130-2119a207c76e,relation/unit/bab-3-sekilas-tentang-2-kategori/section/sekilas-tentang-2-kategori/covers/surface/unit-023/formula/inline/147,urn:uuid:4234ea9a-f75b-56a8-b5dc-b20acad0b8af,covers,urn:uuid:c914ac79-6b28-56dd-ac85-cf0b1249e444,chapter3.tex:723-872
urn:uuid:93018943-c088-5cad-997c-8bf94e9a9c32,relation/unit/bab-3-sekilas-tentang-2-kategori/section/sekilas-tentang-2-kategori/covers/surface/unit-023/formula/inline/148,urn:uuid:4234ea9a-f75b-56a8-b5dc-b20acad0b8af,covers,urn:uuid:a4a63638-42ff-5b7b-9bae-d8881cb9527e,chapter3.tex:723-872
urn:uuid:af6f8974-8ff6-56d8-bc0f-a57c6e4581ef,relation/unit/bab-3-sekilas-tentang-2-kategori/section/sekilas-tentang-2-kategori/covers/surface/unit-023/formula/inline/149,urn:uuid:4234ea9a-f75b-56a8-b5dc-b20acad0b8af,covers,urn:uuid:b22be58a-d04e-59ca-a5cb-5f4c4b550a85,chapter3.tex:723-872
urn:uuid:484ec8fd-33d0-592d-b6a3-220d47257e21,relation/unit/bab-3-sekilas-tentang-2-kategori/section/sekilas-tentang-2-kategori/covers/surface/unit-023/formula/inline/150,urn:uuid:4234ea9a-f75b-56a8-b5dc-b20acad0b8af,covers,urn:uuid:4a66757e-3bc5-5da9-bef3-f5b5aa30ec68,chapter3.tex:723-872
urn:uuid:089adeff-b94c-5f48-980a-54a1c61f5d2d,relation/unit/bab-3-sekilas-tentang-2-kategori/section/sekilas-tentang-2-kategori/covers/surface/unit-023/formula/inline/151,urn:uuid:4234ea9a-f75b-56a8-b5dc-b20acad0b8af,covers,urn:uuid:cf35d33c-9bb2-5ce8-8dd5-be4f2a4a7f2a,chapter3.tex:723-872
urn:uuid:56524ad9-b713-5002-accd-bfff45c66fe6,relation/unit/bab-3-sekilas-tentang-2-kategori/section/sekilas-tentang-2-kategori/covers/surface/unit-023/formula/inline/152,urn:uuid:4234ea9a-f75b-56a8-b5dc-b20acad0b8af,covers,urn:uuid:aca1f6b1-27c1-5e36-ba53-e9db9827dd86,chapter3.tex:723-872
urn:uuid:8a9fbb54-3032-5883-bf20-8be6efb70223,relation/unit/bab-3-sekilas-tentang-2-kategori/section/sekilas-tentang-2-kategori/covers/surface/unit-023/formula/inline/153,urn:uuid:4234ea9a-f75b-56a8-b5dc-b20acad0b8af,covers,urn:uuid:9365f6fa-e1fe-53c0-b0a4-e97c061bb0e1,chapter3.tex:723-872
urn:uuid:f686c0cf-54ed-53cf-8db0-a410a6496519,relation/unit/bab-3-sekilas-tentang-2-kategori/section/sekilas-tentang-2-kategori/covers/surface/unit-023/formula/inline/154,urn:uuid:4234ea9a-f75b-56a8-b5dc-b20acad0b8af,covers,urn:uuid:8b6b05a5-cea1-5a65-b38e-ba6306f05456,chapter3.tex:723-872
urn:uuid:e59be255-d484-5416-9ac8-28656ad32c09,relation/unit/bab-3-sekilas-tentang-2-kategori/section/sekilas-tentang-2-kategori/covers/surface/unit-023/formula/inline/155,urn:uuid:4234ea9a-f75b-56a8-b5dc-b20acad0b8af,covers,urn:uuid:1d795af7-393f-51b8-9eae-1510be210d7f,chapter3.tex:723-872
urn:uuid:4dc3c5ee-423e-5366-9a7b-e582ce48aa29,relation/unit/bab-3-sekilas-tentang-2-kategori/section/sekilas-tentang-2-kategori/covers/surface/unit-023/formula/inline/156,urn:uuid:4234ea9a-f75b-56a8-b5dc-b20acad0b8af,covers,urn:uuid:4ce57537-27d5-5908-9186-2226f3ab03f8,chapter3.tex:723-872
urn:uuid:2e522cf2-1dca-57d3-b5a7-b6edbfe3fc08,relation/unit/bab-3-sekilas-tentang-2-kategori/section/sekilas-tentang-2-kategori/covers/surface/unit-023/item/001,urn:uuid:4234ea9a-f75b-56a8-b5dc-b20acad0b8af,covers,urn:uuid:4f0f533c-5a7d-5ffd-b393-ce6144d35a99,chapter3.tex:723-872
urn:uuid:47d2164d-bdc0-5fa5-9e99-9ff8e8d07e73,relation/unit/bab-3-sekilas-tentang-2-kategori/section/sekilas-tentang-2-kategori/covers/surface/unit-023/item/002,urn:uuid:4234ea9a-f75b-56a8-b5dc-b20acad0b8af,covers,urn:uuid:6453a5d7-937a-5545-b73f-2226429e1335,chapter3.tex:723-872
urn:uuid:b7b83619-aede-57cc-95f2-545ac636a9ae,relation/unit/bab-3-sekilas-tentang-2-kategori/section/sekilas-tentang-2-kategori/covers/surface/unit-023/item/003,urn:uuid:4234ea9a-f75b-56a8-b5dc-b20acad0b8af,covers,urn:uuid:0a76270e-cc06-5287-add1-c81be6544190,chapter3.tex:723-872
urn:uuid:8caa49dc-7d61-513a-9220-045673727ac1,relation/unit/bab-3-sekilas-tentang-2-kategori/section/sekilas-tentang-2-kategori/covers/surface/unit-023/item/004,urn:uuid:4234ea9a-f75b-56a8-b5dc-b20acad0b8af,covers,urn:uuid:2151a6da-6b9e-5bf2-813d-45416100258b,chapter3.tex:723-872
urn:uuid:1c9158bb-ec5f-522d-8a67-4b312f8f4edb,relation/unit/bab-3-sekilas-tentang-2-kategori/section/sekilas-tentang-2-kategori/covers/surface/unit-023/item/005,urn:uuid:4234ea9a-f75b-56a8-b5dc-b20acad0b8af,covers,urn:uuid:21a78a00-e954-57e4-a698-d603bcc0bd69,chapter3.tex:723-872
urn:uuid:eddc9ca3-26a6-5f40-b9aa-e53045d5681b,relation/unit/bab-3-sekilas-tentang-2-kategori/section/sekilas-tentang-2-kategori/covers/surface/unit-023/item/006,urn:uuid:4234ea9a-f75b-56a8-b5dc-b20acad0b8af,covers,urn:uuid:39ba9f4e-278c-54a6-b921-0826180a6d60,chapter3.tex:723-872
urn:uuid:57d2a5e3-69af-506d-9aa3-61049017ff4b,relation/unit/bab-3-sekilas-tentang-2-kategori/section/sekilas-tentang-2-kategori/covers/surface/unit-023/item/007,urn:uuid:4234ea9a-f75b-56a8-b5dc-b20acad0b8af,covers,urn:uuid:c23d8c4c-d023-5fe4-b251-8c7e5f2ca340,chapter3.tex:723-872
urn:uuid:a109dbb6-8d6d-5456-84fa-992cd22c8e97,relation/unit/bab-3-sekilas-tentang-2-kategori/section/sekilas-tentang-2-kategori/covers/surface/unit-023/item/008,urn:uuid:4234ea9a-f75b-56a8-b5dc-b20acad0b8af,covers,urn:uuid:451685b7-1380-5286-8b2a-1f0cbe852ec6,chapter3.tex:723-872
urn:uuid:3709ed3c-e75a-51e3-808c-b71459add287,relation/unit/bab-3-sekilas-tentang-2-kategori/section/sekilas-tentang-2-kategori/covers/surface/unit-023/item/009,urn:uuid:4234ea9a-f75b-56a8-b5dc-b20acad0b8af,covers,urn:uuid:97cfd6bb-a7a4-5a1d-bb08-1a8f627c523b,chapter3.tex:723-872
urn:uuid:21118080-5890-5358-934a-d24915bb6c15,relation/unit/bab-3-sekilas-tentang-2-kategori/section/sekilas-tentang-2-kategori/covers/surface/unit-023/item/010,urn:uuid:4234ea9a-f75b-56a8-b5dc-b20acad0b8af,covers,urn:uuid:c2b80e99-8423-5cdb-8031-40e53ccdeaa7,chapter3.tex:723-872
urn:uuid:2efb72a4-d64a-5a5b-891e-4759cb4e978a,relation/unit/bab-3-sekilas-tentang-2-kategori/section/sekilas-tentang-2-kategori/covers/surface/unit-023/item/011,urn:uuid:4234ea9a-f75b-56a8-b5dc-b20acad0b8af,covers,urn:uuid:ded062b1-0683-5382-a604-59864814587b,chapter3.tex:723-872
urn:uuid:e9d4ff05-d2c8-5e60-a94e-ba0241ca1ba4,relation/unit/bab-3-sekilas-tentang-2-kategori/section/sekilas-tentang-2-kategori/covers/surface/unit-023/item/012,urn:uuid:4234ea9a-f75b-56a8-b5dc-b20acad0b8af,covers,urn:uuid:03e4396b-5657-501a-b009-24476ed49827,chapter3.tex:723-872
urn:uuid:8946e19b-535d-574d-a5a7-7b85262981e2,relation/unit/bab-3-sekilas-tentang-2-kategori/section/sekilas-tentang-2-kategori/covers/surface/unit-023/item/013,urn:uuid:4234ea9a-f75b-56a8-b5dc-b20acad0b8af,covers,urn:uuid:65aeda44-90ad-5d2b-b27f-bd351bfa3e7e,chapter3.tex:723-872
urn:uuid:9ee2ae48-f809-54b6-b936-1f3dd2e241be,relation/unit/bab-3-sekilas-tentang-2-kategori/section/sekilas-tentang-2-kategori/covers/surface/unit-023/item/014,urn:uuid:4234ea9a-f75b-56a8-b5dc-b20acad0b8af,covers,urn:uuid:41d11094-b574-59b9-a52d-10aa0b870e47,chapter3.tex:723-872
urn:uuid:57949d1f-e8c7-5671-9295-389de4b448ac,relation/unit/bab-3-sekilas-tentang-2-kategori/section/sekilas-tentang-2-kategori/covers/surface/unit-023/item/015,urn:uuid:4234ea9a-f75b-56a8-b5dc-b20acad0b8af,covers,urn:uuid:36803c8f-1c54-55fc-a086-7fd9df19f733,chapter3.tex:723-872
urn:uuid:bee8f43a-a163-5645-88fc-d6d70b31ca94,relation/unit/bab-3-sekilas-tentang-2-kategori/section/sekilas-tentang-2-kategori/covers/surface/unit-023/item/016,urn:uuid:4234ea9a-f75b-56a8-b5dc-b20acad0b8af,covers,urn:uuid:0c1cc862-8ede-5313-b90a-57417dc6e526,chapter3.tex:723-872
urn:uuid:792b3d85-a584-51cc-ae0f-a6a155f39ae1,relation/unit/bab-3-sekilas-tentang-2-kategori/section/sekilas-tentang-2-kategori/covers/surface/unit-023/item/017,urn:uuid:4234ea9a-f75b-56a8-b5dc-b20acad0b8af,covers,urn:uuid:033468c6-d95d-543a-a3ed-860b00106643,chapter3.tex:723-872
urn:uuid:1963b4a2-a14e-5310-ad18-3cedc186dd6b,relation/unit/bab-3-sekilas-tentang-2-kategori/section/sekilas-tentang-2-kategori/covers/surface/unit-023/item/018,urn:uuid:4234ea9a-f75b-56a8-b5dc-b20acad0b8af,covers,urn:uuid:1ec33ebc-f712-538a-b503-c207d3adf15c,chapter3.tex:723-872
urn:uuid:b853f2e5-0a4e-56e6-9c77-350a44f8d5db,relation/unit/bab-3-sekilas-tentang-2-kategori/section/sekilas-tentang-2-kategori/covers/surface/unit-023/item/019,urn:uuid:4234ea9a-f75b-56a8-b5dc-b20acad0b8af,covers,urn:uuid:f7a3830c-7f09-577f-b825-5f12541bd6f4,chapter3.tex:723-872
urn:uuid:1d3dc9ec-8c71-5a34-b718-ebe1e236b76c,relation/unit/bab-3-sekilas-tentang-2-kategori/section/sekilas-tentang-2-kategori/covers/surface/unit-023/label/001,urn:uuid:4234ea9a-f75b-56a8-b5dc-b20acad0b8af,covers,urn:uuid:4acc8e52-7d51-55fa-b0ff-35f0cba1b556,chapter3.tex:723-872
urn:uuid:471a4751-388a-5009-be24-d396ce8adb60,relation/unit/bab-3-sekilas-tentang-2-kategori/section/sekilas-tentang-2-kategori/covers/surface/unit-023/label/002,urn:uuid:4234ea9a-f75b-56a8-b5dc-b20acad0b8af,covers,urn:uuid:50cf5d3b-c334-5916-9f3c-a55f8b894de3,chapter3.tex:723-872
urn:uuid:b95ebe2f-64ca-56fa-b6c7-56d1c0398dee,relation/unit/bab-3-sekilas-tentang-2-kategori/section/sekilas-tentang-2-kategori/covers/surface/unit-023/reference/ordinary/001,urn:uuid:4234ea9a-f75b-56a8-b5dc-b20acad0b8af,covers,urn:uuid:81bee61b-94ed-58a7-b0e9-3242d6d1b128,chapter3.tex:723-872
urn:uuid:7cffdb84-4e07-5606-9ddf-8876f0019ebe,relation/unit/bab-3-sekilas-tentang-2-kategori/section/sekilas-tentang-2-kategori/covers/surface/unit-023/reference/ordinary/002,urn:uuid:4234ea9a-f75b-56a8-b5dc-b20acad0b8af,covers,urn:uuid:74a18dda-6cd7-5bf6-9cab-7bed4e34b589,chapter3.tex:723-872
urn:uuid:73365f67-3416-5521-b62e-4a01934ff3c5,relation/unit/bab-3-sekilas-tentang-2-kategori/section/sekilas-tentang-2-kategori/covers/surface/unit-023/reference/ordinary/003,urn:uuid:4234ea9a-f75b-56a8-b5dc-b20acad0b8af,covers,urn:uuid:7b19c76c-6470-52c5-97f2-bdd2c11b6311,chapter3.tex:723-872
urn:uuid:66eeb540-436d-5149-bf63-234b71caaa16,relation/unit/bab-3-sekilas-tentang-2-kategori/section/sekilas-tentang-2-kategori/covers/surface/unit-023/reference/ordinary/004,urn:uuid:4234ea9a-f75b-56a8-b5dc-b20acad0b8af,covers,urn:uuid:7bdd2db0-ac09-5b6b-ba3b-528dcf357560,chapter3.tex:723-872
urn:uuid:39df36ae-e04f-59fa-a5ad-4d924a108deb,relation/unit/bab-3-sekilas-tentang-2-kategori/section/sekilas-tentang-2-kategori/covers/surface/unit-023/reference/ordinary/005,urn:uuid:4234ea9a-f75b-56a8-b5dc-b20acad0b8af,covers,urn:uuid:cdf44da4-fdd5-5f7d-81f6-23a83ae4caf4,chapter3.tex:723-872
urn:uuid:38954c2d-c01b-5a40-be5b-0bf80856c28c,relation/unit/bab-3-sekilas-tentang-2-kategori/section/sekilas-tentang-2-kategori/covers/surface/unit-023/reference/ordinary/006,urn:uuid:4234ea9a-f75b-56a8-b5dc-b20acad0b8af,covers,urn:uuid:e16c4651-724f-5ee5-a71b-74d2333f9a2a,chapter3.tex:723-872
urn:uuid:d7cf86f9-eebf-54c2-b737-07249827185b,relation/unit/bab-3-sekilas-tentang-2-kategori/section/sekilas-tentang-2-kategori/covers/surface/unit-023/reference/ordinary/007,urn:uuid:4234ea9a-f75b-56a8-b5dc-b20acad0b8af,covers,urn:uuid:587a385c-4489-5b34-8f87-aa4a8de429e3,chapter3.tex:723-872
urn:uuid:fba06785-4043-55b7-a54f-ffd9c455e9f0,relation/unit/bab-3-sekilas-tentang-2-kategori/section/sekilas-tentang-2-kategori/covers/surface/unit-023/reference/ordinary/008,urn:uuid:4234ea9a-f75b-56a8-b5dc-b20acad0b8af,covers,urn:uuid:397dd334-49dd-5037-afc7-a6bcbe2d614a,chapter3.tex:723-872
urn:uuid:978c394b-f14b-51d2-bcce-421cb27f229a,relation/unit/bab-3-sekilas-tentang-2-kategori/section/sekilas-tentang-2-kategori/covers/surface/unit-023/reference/ordinary/009,urn:uuid:4234ea9a-f75b-56a8-b5dc-b20acad0b8af,covers,urn:uuid:04046360-b186-5469-a10e-deebda3110d3,chapter3.tex:723-872
urn:uuid:d2baa760-2da5-5c76-a8ee-501805d0ff1c,relation/unit/bab-3-sekilas-tentang-2-kategori/section/sekilas-tentang-2-kategori/covers/surface/unit-023/reference/ordinary/010,urn:uuid:4234ea9a-f75b-56a8-b5dc-b20acad0b8af,covers,urn:uuid:6436135f-86bc-570c-bf60-94222a277132,chapter3.tex:723-872
urn:uuid:15660b53-5911-5d61-8a1b-8f2362a9581d,relation/unit/bab-3-sekilas-tentang-2-kategori/section/sekilas-tentang-2-kategori/covers/surface/unit-023/reference/ordinary/011,urn:uuid:4234ea9a-f75b-56a8-b5dc-b20acad0b8af,covers,urn:uuid:1cc45ad7-20fb-5332-827b-5d4ccae1d6b2,chapter3.tex:723-872
urn:uuid:7d912695-8db9-5fbf-9a02-2b63481a6059,relation/unit/bab-3-sekilas-tentang-2-kategori/section/sekilas-tentang-2-kategori/covers/surface/unit-023/reference/ordinary/012,urn:uuid:4234ea9a-f75b-56a8-b5dc-b20acad0b8af,covers,urn:uuid:00e6ff1f-1a37-5771-b2fd-529e8750b672,chapter3.tex:723-872
urn:uuid:8c3a7e77-3e13-508f-93ec-6eaee027d716,relation/unit/bab-3-sekilas-tentang-2-kategori/section/sekilas-tentang-2-kategori/covers/surface/unit-023/reference/ordinary/013,urn:uuid:4234ea9a-f75b-56a8-b5dc-b20acad0b8af,covers,urn:uuid:57ea05e0-6ed4-58a1-acb9-a49cf2359cfb,chapter3.tex:723-872
urn:uuid:77bc66f5-bd70-53f5-a5eb-c11178e78e0d,relation/unit/bab-3-sekilas-tentang-2-kategori/section/sekilas-tentang-2-kategori/covers/surface/unit-023/reference/ordinary/014,urn:uuid:4234ea9a-f75b-56a8-b5dc-b20acad0b8af,covers,urn:uuid:856fdd04-544d-52d9-ae78-94ee4ee77a4b,chapter3.tex:723-872
urn:uuid:0dc5ea25-153c-599e-b610-4f5372527c04,relation/unit/bab-3-sekilas-tentang-2-kategori/section/sekilas-tentang-2-kategori/covers/surface/unit-023/reference/ordinary/015,urn:uuid:4234ea9a-f75b-56a8-b5dc-b20acad0b8af,covers,urn:uuid:518dc5e5-6385-50b7-8b55-01d75af01528,chapter3.tex:723-872
urn:uuid:a7169a43-1333-5701-8e64-ffdedc9324ec,relation/unit/bab-3-sekilas-tentang-2-kategori/section/sekilas-tentang-2-kategori/covers/surface/unit-023/reference/ordinary/016,urn:uuid:4234ea9a-f75b-56a8-b5dc-b20acad0b8af,covers,urn:uuid:cf04c7bf-2fb6-5e7c-aff9-19e48fcc3240,chapter3.tex:723-872
urn:uuid:578d2a02-2770-54fc-ab19-49a683567ce0,relation/unit/bab-3-sekilas-tentang-2-kategori/section/sekilas-tentang-2-kategori/covers/surface/unit-023/terminology-row/001,urn:uuid:4234ea9a-f75b-56a8-b5dc-b20acad0b8af,covers,urn:uuid:f2b1319d-e01e-59ab-9fd2-c55391b98393,chapter3.tex:723-872
urn:uuid:918babab-931d-5608-a9ba-b1adace5673b,relation/unit/bab-3-sekilas-tentang-2-kategori/section/sekilas-tentang-2-kategori/covers/surface/unit-023/terminology-row/002,urn:uuid:4234ea9a-f75b-56a8-b5dc-b20acad0b8af,covers,urn:uuid:886f39b3-b25f-5343-9aff-e6b8c5062edb,chapter3.tex:723-872
urn:uuid:a60ba725-6886-5e81-b05b-896de91c86ca,relation/unit/bab-3-sekilas-tentang-2-kategori/section/sekilas-tentang-2-kategori/covers/surface/unit-023/terminology-row/003,urn:uuid:4234ea9a-f75b-56a8-b5dc-b20acad0b8af,covers,urn:uuid:f5d715d1-1285-5d3f-8d4a-0b9a3e9a8ef9,chapter3.tex:723-872
urn:uuid:6fccecbe-626a-5a32-b68a-765dca2e34b4,relation/unit/bab-3-sekilas-tentang-2-kategori/section/sekilas-tentang-2-kategori/covers/surface/unit-023/terminology-row/004,urn:uuid:4234ea9a-f75b-56a8-b5dc-b20acad0b8af,covers,urn:uuid:af8dc2b6-5bb9-595b-b5f8-fa5eea2a9d66,chapter3.tex:723-872
urn:uuid:7d7d14b4-4cc2-5367-b470-38f99af2ac83,relation/unit/bab-3-sekilas-tentang-2-kategori/section/sekilas-tentang-2-kategori/covers/surface/unit-023/terminology-row/005,urn:uuid:4234ea9a-f75b-56a8-b5dc-b20acad0b8af,covers,urn:uuid:e58edd0f-0c9e-5552-a519-e3977907af06,chapter3.tex:723-872
urn:uuid:7beb9164-61c1-5557-affa-0808b7a58d9b,relation/unit/bab-3-sekilas-tentang-2-kategori/section/sekilas-tentang-2-kategori/covers/surface/unit-023/terminology-row/006,urn:uuid:4234ea9a-f75b-56a8-b5dc-b20acad0b8af,covers,urn:uuid:5955348f-c4b1-58f2-912d-efe575b932eb,chapter3.tex:723-872
urn:uuid:a5aa244e-0432-5d9c-8d73-4e243899c31f,relation/unit/bab-3-sekilas-tentang-2-kategori/section/sekilas-tentang-2-kategori/covers/surface/unit-023/terminology-row/007,urn:uuid:4234ea9a-f75b-56a8-b5dc-b20acad0b8af,covers,urn:uuid:7fe751a2-876b-5ab7-a42e-7979eb5642e4,chapter3.tex:723-872
urn:uuid:7b56a94c-e685-5d8f-aa1d-296860c8c113,relation/unit/bab-3-sekilas-tentang-2-kategori/section/sekilas-tentang-2-kategori/covers/surface/unit-023/terminology-row/008,urn:uuid:4234ea9a-f75b-56a8-b5dc-b20acad0b8af,covers,urn:uuid:a8da290f-0fc0-5284-85aa-5362432f8527,chapter3.tex:723-872
urn:uuid:7f85b69c-2613-546c-8c8d-d57a83502034,relation/unit/bab-3-sekilas-tentang-2-kategori/section/sekilas-tentang-2-kategori/covers/surface/unit-023/terminology-row/009,urn:uuid:4234ea9a-f75b-56a8-b5dc-b20acad0b8af,covers,urn:uuid:b83d354b-814d-5400-9209-db0bb1103ea3,chapter3.tex:723-872
urn:uuid:26772f93-ce81-50ee-8f16-550e8a002e76,relation/unit/bab-3-sekilas-tentang-2-kategori/section/sekilas-tentang-2-kategori/covers/surface/unit-023/terminology-row/010,urn:uuid:4234ea9a-f75b-56a8-b5dc-b20acad0b8af,covers,urn:uuid:4887d20a-a2e5-5516-9ed6-04f8bb925ca1,chapter3.tex:723-872
urn:uuid:fd9a8c4a-85fe-5cfb-8f5b-8de0e5f56eab,relation/unit/bab-3-sekilas-tentang-2-kategori/section/sekilas-tentang-2-kategori/covers/surface/unit-023/terminology-row/011,urn:uuid:4234ea9a-f75b-56a8-b5dc-b20acad0b8af,covers,urn:uuid:666bd328-35f5-51db-bc29-398979b3190f,chapter3.tex:723-872
urn:uuid:1e402707-811c-59be-a913-9be9c09f1a60,relation/unit/bab-3-sekilas-tentang-2-kategori/section/sekilas-tentang-2-kategori/covers/surface/unit-023/terminology-row/012,urn:uuid:4234ea9a-f75b-56a8-b5dc-b20acad0b8af,covers,urn:uuid:c65e47ba-311f-55e9-b7ee-09da693669fb,chapter3.tex:723-872
urn:uuid:bd13a4e0-2fec-5073-b4d2-06d0c586a881,relation/unit/bab-3-sekilas-tentang-2-kategori/section/sekilas-tentang-2-kategori/covers/surface/unit-023/terminology-row/013,urn:uuid:4234ea9a-f75b-56a8-b5dc-b20acad0b8af,covers,urn:uuid:d296b906-4ed9-54ce-8086-1710073a3f75,chapter3.tex:723-872
urn:uuid:bcfc9b83-ecc1-5845-9365-f5dc7db3ba25,relation/unit/bab-3-sekilas-tentang-2-kategori/section/sekilas-tentang-2-kategori/covers/surface/unit-023/terminology-row/014,urn:uuid:4234ea9a-f75b-56a8-b5dc-b20acad0b8af,covers,urn:uuid:cc8c6e5f-7d3c-5772-af03-c137e369d35b,chapter3.tex:723-872
urn:uuid:17155f83-fc45-54a8-ada0-fec69ee10b5b,relation/unit/bab-3-sekilas-tentang-2-kategori/section/sekilas-tentang-2-kategori/covers/surface/unit-023/terminology-row/015,urn:uuid:4234ea9a-f75b-56a8-b5dc-b20acad0b8af,covers,urn:uuid:ed713286-4816-5adc-94f9-f3f61993bebe,chapter3.tex:723-872
urn:uuid:92808111-a073-546a-b0ce-58a9eba3b8fa,relation/unit/bab-3-sekilas-tentang-2-kategori/section/sekilas-tentang-2-kategori/covers/surface/unit-023/terminology-row/016,urn:uuid:4234ea9a-f75b-56a8-b5dc-b20acad0b8af,covers,urn:uuid:4aab0bba-3511-57ad-b3c6-454d104cb5ff,chapter3.tex:723-872
urn:uuid:61155a91-7741-5186-9c8e-bf13aee9c7d3,relation/unit/bab-3-sekilas-tentang-2-kategori/section/sekilas-tentang-2-kategori/covers/surface/unit-023/terminology-row/017,urn:uuid:4234ea9a-f75b-56a8-b5dc-b20acad0b8af,covers,urn:uuid:4aa53a54-bcac-5bb7-8f8a-08120fbf254b,chapter3.tex:723-872
urn:uuid:323f130c-9b55-5bea-8c4a-0bef0c22a631,relation/unit/bab-3-sekilas-tentang-2-kategori/section/sekilas-tentang-2-kategori/covers/surface/unit-023/terminology-row/018,urn:uuid:4234ea9a-f75b-56a8-b5dc-b20acad0b8af,covers,urn:uuid:d71e4c3a-cb29-5784-a825-6ffd13cf75ce,chapter3.tex:723-872
urn:uuid:6fa10e3e-94ff-5807-b64b-77e9d0922cd5,relation/unit/bab-3-sekilas-tentang-2-kategori/section/sekilas-tentang-2-kategori/covers/surface/unit-023/terminology-row/019,urn:uuid:4234ea9a-f75b-56a8-b5dc-b20acad0b8af,covers,urn:uuid:22a4338d-a9b1-50ea-a4fb-bb4f74356081,chapter3.tex:723-872
urn:uuid:2e7b7b56-e3a3-5a07-926b-8be7083b3e4e,relation/unit/bab-3-sekilas-tentang-2-kategori/section/sekilas-tentang-2-kategori/covers/surface/unit-023/terminology-row/020,urn:uuid:4234ea9a-f75b-56a8-b5dc-b20acad0b8af,covers,urn:uuid:cb26b639-2174-5a81-bf19-9215da8650b0,chapter3.tex:723-872
urn:uuid:7a2824e0-84dc-51f1-840a-f0d7f8f4c10b,relation/unit/bab-3-sekilas-tentang-2-kategori/section/sekilas-tentang-2-kategori/governed-by/rights/principal-cc-by-4.0,urn:uuid:4234ea9a-f75b-56a8-b5dc-b20acad0b8af,governed-by,urn:uuid:0baf6c47-021d-5310-9475-81519e710250,
urn:uuid:516c7b4b-f77d-525b-9034-9af243abbc8f,relation/unit/bab-3-sekilas-tentang-2-kategori/section/sekilas-tentang-2-kategori/includes-diagram/diagram/unit-023/tikzcd-01,urn:uuid:4234ea9a-f75b-56a8-b5dc-b20acad0b8af,includes-diagram,urn:uuid:fe09be6f-2cbe-53a2-aa70-30a33ea8e56f,chapter3.tex:740-746
urn:uuid:4d6e0961-6de3-57b8-aece-b4f94a9c173d,relation/unit/bab-3-sekilas-tentang-2-kategori/section/sekilas-tentang-2-kategori/includes-diagram/diagram/unit-023/tikzcd-02,urn:uuid:4234ea9a-f75b-56a8-b5dc-b20acad0b8af,includes-diagram,urn:uuid:f1ea69bd-9d72-5a2e-9abd-90f0a04b9b28,chapter3.tex:748-753
urn:uuid:1c840666-2780-5c81-a2ee-6c381f63348a,relation/unit/bab-3-sekilas-tentang-2-kategori/section/sekilas-tentang-2-kategori/includes-diagram/diagram/unit-023/tikzcd-03,urn:uuid:4234ea9a-f75b-56a8-b5dc-b20acad0b8af,includes-diagram,urn:uuid:50e275ff-567f-5686-85ba-bb99773f7df2,chapter3.tex:754-754
urn:uuid:3215eef7-6582-5190-a137-c16e7f03576f,relation/unit/bab-3-sekilas-tentang-2-kategori/section/sekilas-tentang-2-kategori/includes-diagram/diagram/unit-023/tikzcd-04,urn:uuid:4234ea9a-f75b-56a8-b5dc-b20acad0b8af,includes-diagram,urn:uuid:6c3b2663-46ff-5df0-88dd-c43b9d130360,chapter3.tex:754-754
urn:uuid:c6fb8ac9-807a-55e1-a8fc-6835784c1281,relation/unit/bab-3-sekilas-tentang-2-kategori/section/sekilas-tentang-2-kategori/includes-diagram/diagram/unit-023/tikzcd-05,urn:uuid:4234ea9a-f75b-56a8-b5dc-b20acad0b8af,includes-diagram,urn:uuid:2d716d4a-7c09-591d-8955-a5b33e266618,chapter3.tex:755-759
urn:uuid:827f279a-e032-5eaf-82a2-2aefd309212e,relation/unit/bab-3-sekilas-tentang-2-kategori/section/sekilas-tentang-2-kategori/includes-diagram/diagram/unit-023/tikzcd-06,urn:uuid:4234ea9a-f75b-56a8-b5dc-b20acad0b8af,includes-diagram,urn:uuid:eaace5b5-c624-50f6-a43c-157872a43671,chapter3.tex:761-766
urn:uuid:359333c8-f02d-5694-8858-62ab672329fd,relation/unit/bab-3-sekilas-tentang-2-kategori/section/sekilas-tentang-2-kategori/includes-diagram/diagram/unit-023/tikzcd-07,urn:uuid:4234ea9a-f75b-56a8-b5dc-b20acad0b8af,includes-diagram,urn:uuid:5618c563-1e7b-56b0-8d1c-6a3e81224ba7,chapter3.tex:768-773
urn:uuid:9572abcc-fbbd-561e-ae87-20bdabc33470,relation/unit/bab-3-sekilas-tentang-2-kategori/section/sekilas-tentang-2-kategori/includes-diagram/diagram/unit-023/tikzcd-08,urn:uuid:4234ea9a-f75b-56a8-b5dc-b20acad0b8af,includes-diagram,urn:uuid:812904db-4ed9-5320-9b4e-601c2f46a0b6,chapter3.tex:777-781
urn:uuid:4175d257-260d-5cd8-9839-0ebecfdabab6,relation/unit/bab-3-sekilas-tentang-2-kategori/section/sekilas-tentang-2-kategori/includes-diagram/diagram/unit-023/tikzcd-09,urn:uuid:4234ea9a-f75b-56a8-b5dc-b20acad0b8af,includes-diagram,urn:uuid:eba99f25-a3a1-5b77-9696-4e9fde4b4b82,chapter3.tex:783-788
urn:uuid:2d90b89f-cb60-5be4-a1c7-b91744a7ec06,relation/unit/bab-3-sekilas-tentang-2-kategori/section/sekilas-tentang-2-kategori/includes-diagram/diagram/unit-023/tikzcd-10,urn:uuid:4234ea9a-f75b-56a8-b5dc-b20acad0b8af,includes-diagram,urn:uuid:ac67d835-f47a-561e-b9f4-b2d2d96d1126,chapter3.tex:790-800
urn:uuid:8c8d7e0c-5eaf-52e8-b904-fffa588d1474,relation/unit/bab-3-sekilas-tentang-2-kategori/section/sekilas-tentang-2-kategori/includes-diagram/diagram/unit-023/tikzcd-11,urn:uuid:4234ea9a-f75b-56a8-b5dc-b20acad0b8af,includes-diagram,urn:uuid:e026c671-55af-574e-8d4f-01fda33c03f4,chapter3.tex:848-850
urn:uuid:025e99e5-0214-5ebe-b350-f2b7f0da279d,relation/unit/bab-3-sekilas-tentang-2-kategori/section/sekilas-tentang-2-kategori/includes-diagram/diagram/unit-023/tikzcd-12,urn:uuid:4234ea9a-f75b-56a8-b5dc-b20acad0b8af,includes-diagram,urn:uuid:e476afcf-27f9-5dbe-b073-62c28ee33761,chapter3.tex:852-855
urn:uuid:90404c52-0614-59ba-8230-019d31dbd8c3,relation/unit/bab-3-sekilas-tentang-2-kategori/section/sekilas-tentang-2-kategori/includes-diagram/diagram/unit-023/tikzcd-13,urn:uuid:4234ea9a-f75b-56a8-b5dc-b20acad0b8af,includes-diagram,urn:uuid:3bf1da59-c579-5ca7-9f9c-bf0bd1e5e585,chapter3.tex:857-862
urn:uuid:87dd06a9-6c9e-5c98-80ea-d11f509891ad,relation/unit/bab-3-sekilas-tentang-2-kategori/section/sekilas-tentang-2-kategori/includes-diagram/diagram/unit-023/tikzcd-14,urn:uuid:4234ea9a-f75b-56a8-b5dc-b20acad0b8af,includes-diagram,urn:uuid:6f13b69b-d8d8-5ae5-a4cb-831620670c60,chapter3.tex:867-869
urn:uuid:a9e87cd0-c13f-5ecc-8987-676f9ea34c79,relation/unit/bab-3-sekilas-tentang-2-kategori/section/sekilas-tentang-2-kategori/indexes/index-entry/unit-023/2-category,urn:uuid:4234ea9a-f75b-56a8-b5dc-b20acad0b8af,indexes,urn:uuid:68db2709-3c65-5b45-9509-58d6d8143d5f,chapter3.tex:728
urn:uuid:80ef9b53-6227-5cbc-9f50-ab15e6957242,relation/unit/bab-3-sekilas-tentang-2-kategori/section/sekilas-tentang-2-kategori/indexes/index-entry/unit-023/adjunction,urn:uuid:4234ea9a-f75b-56a8-b5dc-b20acad0b8af,indexes,urn:uuid:9a4f2b40-12a0-5009-b6b8-2db59c6a7262,chapter3.tex:865
urn:uuid:63602e64-4aff-5f0e-b7bb-28a53df9b9e0,relation/unit/bab-3-sekilas-tentang-2-kategori/section/sekilas-tentang-2-kategori/indexes/index-entry/unit-023/cat-symbol,urn:uuid:4234ea9a-f75b-56a8-b5dc-b20acad0b8af,indexes,urn:uuid:7122340a-79a9-58fa-ab08-f07b8e633477,chapter3.tex:810
urn:uuid:9f84f969-5793-5ee4-bbbf-1314285a1d1d,relation/unit/bab-3-sekilas-tentang-2-kategori/section/sekilas-tentang-2-kategori/requires/prerequisite/categories-and-morphisms,urn:uuid:4234ea9a-f75b-56a8-b5dc-b20acad0b8af,requires,urn:uuid:dd69ccfd-7399-53a2-83fe-84127b1baf1d,chapter3.tex:723-872
urn:uuid:4d2f2151-cf33-5e58-a670-ffc4726128fc,relation/unit/bab-3-sekilas-tentang-2-kategori/section/sekilas-tentang-2-kategori/requires/prerequisite/elementary-set-theory,urn:uuid:4234ea9a-f75b-56a8-b5dc-b20acad0b8af,requires,urn:uuid:00f7d0ea-1b60-51da-843f-cca760a368e4,chapter3.tex:723-872
urn:uuid:9d01a2f3-0d35-57ae-994a-a3247b688288,relation/unit/bab-3-sekilas-tentang-2-kategori/section/sekilas-tentang-2-kategori/requires/prerequisite/functor-categories,urn:uuid:4234ea9a-f75b-56a8-b5dc-b20acad0b8af,requires,urn:uuid:e3c2ed29-b6a0-5f8d-9613-6f2b41d962c8,chapter3.tex:723-872
urn:uuid:7c8b1cab-45b6-57c6-9d70-4d308348a6b1,relation/unit/bab-3-sekilas-tentang-2-kategori/section/sekilas-tentang-2-kategori/requires/prerequisite/functors-and-natural-transformations,urn:uuid:4234ea9a-f75b-56a8-b5dc-b20acad0b8af,requires,urn:uuid:3e864ace-90f6-56b3-8ce5-2e0690dbc9f8,chapter3.tex:723-872
urn:uuid:495af4d4-3ca1-5964-948f-ea04f362b89c,relation/unit/bab-3-sekilas-tentang-2-kategori/section/sekilas-tentang-2-kategori/requires/prerequisite/point-set-topology,urn:uuid:4234ea9a-f75b-56a8-b5dc-b20acad0b8af,requires,urn:uuid:6a61cd7e-28fe-5c64-9573-cf9ab46e5e96,chapter3.tex:723-872
urn:uuid:4603c1f0-470e-5158-999e-f7e9173b8541,relation/unit/bab-3-sekilas-tentang-2-kategori/section/sekilas-tentang-2-kategori/requires/prerequisite/universal-properties-and-comma-categories,urn:uuid:4234ea9a-f75b-56a8-b5dc-b20acad0b8af,requires,urn:uuid:8cab24d2-0f78-5bf9-96f8-5b2f2b07168d,chapter3.tex:723-872
