relation_id,relation_key,source_id,predicate,target_id,evidence
urn:uuid:55d1b5d0-a9d5-5e5f-a98b-38a863db935b,relation/build-surface/unit-017-pdf/governed-by/rights/ajbook-fragment-cc-by-sa-3.0,urn:uuid:066ee342-15e5-515b-b3f7-f552783eaf37,governed-by,urn:uuid:10faf5cd-990f-5850-87b4-26922b062485,
urn:uuid:6029ef7f-69b3-54e6-84ec-cd745d382f08,relation/build-surface/unit-017-pdf/governed-by/rights/noto-fonts-ofl-1.1,urn:uuid:066ee342-15e5-515b-b3f7-f552783eaf37,governed-by,urn:uuid:b9f7a7a7-8e18-507a-b72e-b5de733a7430,
urn:uuid:feafb923-5f41-5703-b793-bf205d1309f1,relation/build-surface/unit-017-pdf/governed-by/rights/principal-cc-by-4.0,urn:uuid:066ee342-15e5-515b-b3f7-f552783eaf37,governed-by,urn:uuid:0baf6c47-021d-5310-9475-81519e710250,
urn:uuid:53d067a9-5de9-5fda-80de-fadd94073da9,relation/course/o013/requires/prerequisite/basic-mathematical-literacy,urn:uuid:a5f3ad58-ce3c-5f5f-b581-1f842ae79192,requires,urn:uuid:8fb6c957-7285-5258-978c-e1369c7e39d7,prelude.tex:49-60
urn:uuid:6af4c728-a07b-5571-a30d-9ee62c1a5a6e,relation/course/o013/requires/prerequisite/cauchy-sequences-and-completeness,urn:uuid:a5f3ad58-ce3c-5f5f-b581-1f842ae79192,requires,urn:uuid:b9018862-5027-50f5-9947-a9a9526cc91f,prelude.tex:49-60
urn:uuid:cdc5bef1-ed82-58de-9b13-95ec2357d9af,relation/course/o013/requires/prerequisite/elementary-number-theory,urn:uuid:a5f3ad58-ce3c-5f5f-b581-1f842ae79192,requires,urn:uuid:cae14762-1ca0-5a11-aad9-20c81d540fee,prelude.tex:49-60
urn:uuid:de5cce3e-de42-54c1-898b-fcd09a991c8d,relation/course/o013/requires/prerequisite/elementary-set-theory,urn:uuid:a5f3ad58-ce3c-5f5f-b581-1f842ae79192,requires,urn:uuid:00f7d0ea-1b60-51da-843f-cca760a368e4,prelude.tex:49-60
urn:uuid:922e2514-3fa4-5b3d-86e1-836505ce7783,relation/course/o013/requires/prerequisite/linear-transformations,urn:uuid:a5f3ad58-ce3c-5f5f-b581-1f842ae79192,requires,urn:uuid:9ef76bd8-39cf-5b09-8c2d-2d8c95f91aec,prelude.tex:49-60
urn:uuid:74ce1984-1114-53f2-a033-f2e9c028f4ee,relation/course/o013/requires/prerequisite/mathematical-logic,urn:uuid:a5f3ad58-ce3c-5f5f-b581-1f842ae79192,requires,urn:uuid:451f60c6-04ab-54a7-9d74-9dee65d088b7,prelude.tex:49-60
urn:uuid:18ee0c4f-7e83-55ce-b990-c9ff64548532,relation/course/o013/requires/prerequisite/matrices,urn:uuid:a5f3ad58-ce3c-5f5f-b581-1f842ae79192,requires,urn:uuid:d4260077-2f56-5951-8fe1-2dc390f81288,prelude.tex:49-60
urn:uuid:fe264b2f-dbe8-5589-8cb1-d75a56744c5a,relation/course/o013/requires/prerequisite/permutations-and-symmetric-groups,urn:uuid:a5f3ad58-ce3c-5f5f-b581-1f842ae79192,requires,urn:uuid:ee7d907b-05bc-5def-81d5-7fcd351829b8,prelude.tex:49-60
urn:uuid:b09b00b5-df77-5d64-94da-753d1b21fef4,relation/course/o013/requires/prerequisite/point-set-topology,urn:uuid:a5f3ad58-ce3c-5f5f-b581-1f842ae79192,requires,urn:uuid:6a61cd7e-28fe-5c64-9573-cf9ab46e5e96,prelude.tex:49-60
urn:uuid:ed32b23d-1271-5fa2-948f-562f6f29a2c2,relation/course/o013/requires/prerequisite/polynomials,urn:uuid:a5f3ad58-ce3c-5f5f-b581-1f842ae79192,requires,urn:uuid:15245348-aca2-5814-9ca8-0fce14044e14,prelude.tex:49-60
urn:uuid:59f7a53e-63b6-5f7d-a2ba-9f942e60d2cf,relation/course/o013/requires/prerequisite/real-analysis-basics,urn:uuid:a5f3ad58-ce3c-5f5f-b581-1f842ae79192,requires,urn:uuid:4eedb52d-6e0a-5379-b39c-5043b067c49f,prelude.tex:49-60
urn:uuid:f4f655a5-427a-5113-b6d6-fff3511fadfd,relation/course/o013/requires/prerequisite/vector-spaces,urn:uuid:a5f3ad58-ce3c-5f5f-b581-1f842ae79192,requires,urn:uuid:dfd6d864-afe6-5d0e-90f7-c130241cf396,prelude.tex:49-60
urn:uuid:671c70bd-307b-5cb8-a6cc-698df22eb60a,relation/course/o013/uses-resource/resource/wenweili/aljabr-1,urn:uuid:a5f3ad58-ce3c-5f5f-b581-1f842ae79192,uses-resource,urn:uuid:a72e8c67-4b46-5049-b626-479af39b5397,
urn:uuid:2ea62a9f-f9f1-519b-84f3-ad4c556ba664,relation/diagram/unit-017/tikzcd-01/governed-by/rights/principal-cc-by-4.0,urn:uuid:cdd54b66-ff09-53ae-b804-9271a75ac205,governed-by,urn:uuid:0baf6c47-021d-5310-9475-81519e710250,
urn:uuid:4b39df13-3c44-50d5-9104-8a8c0a102da3,relation/diagram/unit-017/tikzcd-02/governed-by/rights/principal-cc-by-4.0,urn:uuid:3709c6bf-5df6-5c6f-ac4f-74fd53601464,governed-by,urn:uuid:0baf6c47-021d-5310-9475-81519e710250,
urn:uuid:ed0f0ea7-5d31-5da9-9641-1615d6c71e0f,relation/diagram/unit-017/tikzcd-03/governed-by/rights/principal-cc-by-4.0,urn:uuid:899fc4a8-bc79-5cd8-bf03-78c462c57ec7,governed-by,urn:uuid:0baf6c47-021d-5310-9475-81519e710250,
urn:uuid:a7e71055-88eb-5566-a747-5712bc143ca4,relation/diagram/unit-017/tikzcd-04/governed-by/rights/principal-cc-by-4.0,urn:uuid:da3ef434-16da-5aec-8ff4-319e20013490,governed-by,urn:uuid:0baf6c47-021d-5310-9475-81519e710250,
urn:uuid:3560c041-2dd1-55aa-a7ef-673b587bf72b,relation/diagram/unit-017/tikzcd-05/governed-by/rights/principal-cc-by-4.0,urn:uuid:4bf1dee6-2b84-519f-8bed-15bb81bac743,governed-by,urn:uuid:0baf6c47-021d-5310-9475-81519e710250,
urn:uuid:69ad3c1d-7e48-5d77-95b3-9909f0582ee8,relation/diagram/unit-017/tikzcd-06/governed-by/rights/principal-cc-by-4.0,urn:uuid:a8d30fc0-1592-5512-be73-dfbcc796d145,governed-by,urn:uuid:0baf6c47-021d-5310-9475-81519e710250,
urn:uuid:a995fb30-95e8-5057-9d0b-a74ff47b1fe4,relation/diagram/unit-017/tikzcd-07/governed-by/rights/principal-cc-by-4.0,urn:uuid:e84ddc36-8802-5651-ba0c-78a321e252b9,governed-by,urn:uuid:0baf6c47-021d-5310-9475-81519e710250,
urn:uuid:fb94b418-4e22-58e3-a30a-ce2d4dfa67e4,relation/diagram/unit-017/tikzcd-08/governed-by/rights/principal-cc-by-4.0,urn:uuid:b572ba4d-af58-5c83-b96b-052a4f1665cc,governed-by,urn:uuid:0baf6c47-021d-5310-9475-81519e710250,
urn:uuid:a464cb5f-d046-5604-b6ba-70847483218b,relation/diagram/unit-017/tikzcd-09/governed-by/rights/principal-cc-by-4.0,urn:uuid:0256f961-cd7a-5259-a5d9-95dc5138955a,governed-by,urn:uuid:0baf6c47-021d-5310-9475-81519e710250,
urn:uuid:96d05ac2-7dc0-5795-98a6-9f7acd133a89,relation/edition/wenweili/aljabr-1/c4f7a01f68f5f407906b4b970640cddbbad85f6b/contains/unit/bab-2-kelengkapan,urn:uuid:df2d23de-7370-5da5-ad49-42fb7c718c49,contains,urn:uuid:e56ffb9b-c5b0-5afb-a0b4-3cc18d864b88,chapter2.tex:1406-1602
urn:uuid:f43da1b4-0053-5379-9911-864a80e9df27,relation/program/open-mathematics-curriculum/2026/contains/course/o013,urn:uuid:9d8d0610-2560-5376-8679-5a9418407a78,contains,urn:uuid:a5f3ad58-ce3c-5f5f-b581-1f842ae79192,
urn:uuid:03dde2e7-13e9-5147-9aac-4160466fd402,relation/resource/wenweili/aljabr-1/has-edition/edition/wenweili/aljabr-1/c4f7a01f68f5f407906b4b970640cddbbad85f6b,urn:uuid:a72e8c67-4b46-5049-b626-479af39b5397,has-edition,urn:uuid:df2d23de-7370-5da5-ad49-42fb7c718c49,
urn:uuid:4166bef3-401f-522e-9735-ff96aeca467f,relation/unit/bab-2-kelengkapan/built-by/build-surface/unit-017-pdf,urn:uuid:e56ffb9b-c5b0-5afb-a0b4-3cc18d864b88,built-by,urn:uuid:066ee342-15e5-515b-b3f7-f552783eaf37,
urn:uuid:7629ee31-1462-53a6-981e-9053f22868df,relation/unit/bab-2-kelengkapan/checked-by/qa/unit-017/admission-gate,urn:uuid:e56ffb9b-c5b0-5afb-a0b4-3cc18d864b88,checked-by,urn:uuid:20975d50-0efa-55e2-b7d6-774859e47176,
urn:uuid:91fc80a9-333c-5be7-bd84-27154da6f093,relation/unit/bab-2-kelengkapan/checked-by/qa/unit-017/structured-public-evidence,urn:uuid:e56ffb9b-c5b0-5afb-a0b4-3cc18d864b88,checked-by,urn:uuid:6d67b240-b403-57ed-8518-7e81a1b9f251,
urn:uuid:35b8f109-3110-55c8-aa76-050f763ba294,relation/unit/bab-2-kelengkapan/contains/unit/bab-2-kelengkapan/section/kelengkapan,urn:uuid:e56ffb9b-c5b0-5afb-a0b4-3cc18d864b88,contains,urn:uuid:17909d8c-7652-53fe-9f16-1f54e14ed703,chapter2.tex:1406-1602
urn:uuid:c8ccb4d0-1095-5eb9-b9c0-c7dee9903510,relation/unit/bab-2-kelengkapan/covers/concept/abelian-group-coequalizer,urn:uuid:e56ffb9b-c5b0-5afb-a0b4-3cc18d864b88,covers,urn:uuid:ae2c5e31-e861-5383-bf17-c1af42c3f59b,
urn:uuid:b7ab39f9-1925-504b-a572-91df06cc4a09,relation/unit/bab-2-kelengkapan/covers/concept/abelianization,urn:uuid:e56ffb9b-c5b0-5afb-a0b4-3cc18d864b88,covers,urn:uuid:a44e71f9-5dab-5087-b19c-c1f598318afc,
urn:uuid:a7964487-9cf6-5e5e-8bb6-d254d85c9bad,relation/unit/bab-2-kelengkapan/covers/concept/adjunction,urn:uuid:e56ffb9b-c5b0-5afb-a0b4-3cc18d864b88,covers,urn:uuid:4462f9e6-b549-5895-a879-d0a178f80f10,
urn:uuid:68793534-9aa8-5795-afe6-f9291f1a5bfb,relation/unit/bab-2-kelengkapan/covers/concept/cartesian-square,urn:uuid:e56ffb9b-c5b0-5afb-a0b4-3cc18d864b88,covers,urn:uuid:a014673a-abcd-5274-95cc-5b5c674e47c1,
urn:uuid:5bd07e4b-2a51-543d-acf3-6f3ba6ab8d82,relation/unit/bab-2-kelengkapan/covers/concept/cocomplete-category,urn:uuid:e56ffb9b-c5b0-5afb-a0b4-3cc18d864b88,covers,urn:uuid:960d5c73-a7b4-5a53-acf4-85cc2ac86023,
urn:uuid:3de2d53c-ad99-5f06-aac7-744b3445e52e,relation/unit/bab-2-kelengkapan/covers/concept/coequalizer,urn:uuid:e56ffb9b-c5b0-5afb-a0b4-3cc18d864b88,covers,urn:uuid:583c6cfd-ca3f-582f-894b-f9f507d74a9a,
urn:uuid:9613cba2-5004-521f-b8a6-c79f86da32af,relation/unit/bab-2-kelengkapan/covers/concept/colimit-comparison-morphism,urn:uuid:e56ffb9b-c5b0-5afb-a0b4-3cc18d864b88,covers,urn:uuid:2b4bc2cf-4ea7-5c3d-9f27-f18b6a70ada5,
urn:uuid:00ba1a06-4c98-51f3-8774-235eb511bc7a,relation/unit/bab-2-kelengkapan/covers/concept/colimit-preservation,urn:uuid:e56ffb9b-c5b0-5afb-a0b4-3cc18d864b88,covers,urn:uuid:096472d1-3ddb-5285-9f46-054e81806c2e,
urn:uuid:cca44df4-220e-5197-8789-da9616bbe12b,relation/unit/bab-2-kelengkapan/covers/concept/complete-category,urn:uuid:e56ffb9b-c5b0-5afb-a0b4-3cc18d864b88,covers,urn:uuid:3c088c45-7dc1-5e84-9259-3e646534abd2,
urn:uuid:e443549d-a8fc-5b15-904b-516b0e1ad1f7,relation/unit/bab-2-kelengkapan/covers/concept/coproduct,urn:uuid:e56ffb9b-c5b0-5afb-a0b4-3cc18d864b88,covers,urn:uuid:e62391b3-cdfd-5b44-a7d0-e25a213dcbfe,
urn:uuid:82a4d2b4-9dd9-5a9a-a663-eb08ee34de4c,relation/unit/bab-2-kelengkapan/covers/concept/direct-product-of-groups,urn:uuid:e56ffb9b-c5b0-5afb-a0b4-3cc18d864b88,covers,urn:uuid:a0a36e10-5906-50be-9287-99746fed1429,
urn:uuid:75e6a291-a621-5306-9e42-8eea93fddc52,relation/unit/bab-2-kelengkapan/covers/concept/direct-sum-of-abelian-groups,urn:uuid:e56ffb9b-c5b0-5afb-a0b4-3cc18d864b88,covers,urn:uuid:3549eb12-bc0b-53e5-a649-02077467de9b,
urn:uuid:3fb8ba25-9c77-5a05-aacd-620743df5763,relation/unit/bab-2-kelengkapan/covers/concept/equalizer,urn:uuid:e56ffb9b-c5b0-5afb-a0b4-3cc18d864b88,covers,urn:uuid:0b96f8dd-1a9b-51bd-9895-4c3a9c1c9eee,
urn:uuid:249fc3ae-623a-5042-9a70-7b44a96b8dfb,relation/unit/bab-2-kelengkapan/covers/concept/fiber-coproduct,urn:uuid:e56ffb9b-c5b0-5afb-a0b4-3cc18d864b88,covers,urn:uuid:5cf6ab1a-a15d-50f0-95c0-28ea9aa8e231,
urn:uuid:8420f7e5-7cb1-519d-9555-d69035d19762,relation/unit/bab-2-kelengkapan/covers/concept/fiber-product,urn:uuid:e56ffb9b-c5b0-5afb-a0b4-3cc18d864b88,covers,urn:uuid:e677ef3d-c268-5619-b930-15b8bd9e778f,
urn:uuid:3fbd6a6a-2828-5e8a-8168-b15c899fa9e5,relation/unit/bab-2-kelengkapan/covers/concept/finite-colimit,urn:uuid:e56ffb9b-c5b0-5afb-a0b4-3cc18d864b88,covers,urn:uuid:6017519e-a574-5c46-bc6f-7491b1dc8201,
urn:uuid:0bd8255a-9b47-51f6-9db8-7274df2ea6f5,relation/unit/bab-2-kelengkapan/covers/concept/finite-limit,urn:uuid:e56ffb9b-c5b0-5afb-a0b4-3cc18d864b88,covers,urn:uuid:aad41589-5c63-55c7-aed7-9e685dce7251,
urn:uuid:c7ae7ec2-fe65-5dea-8ff2-47e5e22a0cf2,relation/unit/bab-2-kelengkapan/covers/concept/forgetful-functor,urn:uuid:e56ffb9b-c5b0-5afb-a0b4-3cc18d864b88,covers,urn:uuid:be8fdd79-2e4f-5a45-b766-4b88e50e387a,
urn:uuid:6973adb5-c50f-5a33-bfb9-314ffedaa8d8,relation/unit/bab-2-kelengkapan/covers/concept/free-product-of-groups,urn:uuid:e56ffb9b-c5b0-5afb-a0b4-3cc18d864b88,covers,urn:uuid:18d362f1-4433-5934-aaec-0dbadbf18371,
urn:uuid:7298a876-bee6-5a04-926c-70ea530de2f7,relation/unit/bab-2-kelengkapan/covers/concept/freyd-small-completeness-theorem,urn:uuid:e56ffb9b-c5b0-5afb-a0b4-3cc18d864b88,covers,urn:uuid:9fc85b65-c025-505e-8930-e0d536d72632,
urn:uuid:1393b988-aece-53eb-bf73-d2c0c1e506c6,relation/unit/bab-2-kelengkapan/covers/concept/group-coequalizer,urn:uuid:e56ffb9b-c5b0-5afb-a0b4-3cc18d864b88,covers,urn:uuid:705b82f6-b6ac-5a59-a5b7-20b649a0d790,
urn:uuid:8ebcc901-7801-5d5c-8d24-22dbd978e610,relation/unit/bab-2-kelengkapan/covers/concept/hom-functor-limit-preservation,urn:uuid:e56ffb9b-c5b0-5afb-a0b4-3cc18d864b88,covers,urn:uuid:bcf05e1f-268f-5a04-8e58-3fb4f2a1b309,
urn:uuid:913bcd11-1526-52c5-bf23-c9664f80fdb8,relation/unit/bab-2-kelengkapan/covers/concept/infimum,urn:uuid:e56ffb9b-c5b0-5afb-a0b4-3cc18d864b88,covers,urn:uuid:bb184ac9-04d6-5b55-8537-a1f597f8c750,
urn:uuid:12db7715-b9a4-5983-a71a-2b2a3f2c9848,relation/unit/bab-2-kelengkapan/covers/concept/initial-object,urn:uuid:e56ffb9b-c5b0-5afb-a0b4-3cc18d864b88,covers,urn:uuid:d3138919-381a-5912-b913-7467c6083ca3,
urn:uuid:3583663b-f748-5186-a44d-333a02b9d33a,relation/unit/bab-2-kelengkapan/covers/concept/left-adjoint-preserves-colimits,urn:uuid:e56ffb9b-c5b0-5afb-a0b4-3cc18d864b88,covers,urn:uuid:c2782e34-02b4-5acc-b3c1-3c463c7ba5b4,
urn:uuid:96b675db-46ac-5704-a61a-9da2f3a5ed9f,relation/unit/bab-2-kelengkapan/covers/concept/limit-building-blocks,urn:uuid:e56ffb9b-c5b0-5afb-a0b4-3cc18d864b88,covers,urn:uuid:0c728fa8-f039-5d25-b876-5ead21e11cd9,
urn:uuid:6c8d4748-2e07-5ead-96ae-7d5ea5676200,relation/unit/bab-2-kelengkapan/covers/concept/limit-comparison-morphism,urn:uuid:e56ffb9b-c5b0-5afb-a0b4-3cc18d864b88,covers,urn:uuid:00ded514-abf6-51ef-8cac-e662e580fbde,
urn:uuid:59d32636-e749-5648-ab10-d6ef875420b0,relation/unit/bab-2-kelengkapan/covers/concept/limit-preservation,urn:uuid:e56ffb9b-c5b0-5afb-a0b4-3cc18d864b88,covers,urn:uuid:fb0104cf-a774-536f-8431-4890859b416b,
urn:uuid:e5607fc5-59b8-5b64-85ee-bfe13aec83e0,relation/unit/bab-2-kelengkapan/covers/concept/preordered-category,urn:uuid:e56ffb9b-c5b0-5afb-a0b4-3cc18d864b88,covers,urn:uuid:d6bfd13c-0645-5472-b6be-2bd2cc5ce0b9,
urn:uuid:378019aa-3e87-5be0-9b29-0396773a11b6,relation/unit/bab-2-kelengkapan/covers/concept/product,urn:uuid:e56ffb9b-c5b0-5afb-a0b4-3cc18d864b88,covers,urn:uuid:cd552f29-06ce-5025-92b9-ae3543b57991,
urn:uuid:8d3b3d64-6dc5-52e5-9cd4-734faf5cd318,relation/unit/bab-2-kelengkapan/covers/concept/pullback,urn:uuid:e56ffb9b-c5b0-5afb-a0b4-3cc18d864b88,covers,urn:uuid:347879c2-b7cb-5c04-ab87-0892d01685be,
urn:uuid:0ee6f10b-0f60-5756-93c5-99549d587404,relation/unit/bab-2-kelengkapan/covers/concept/pushout,urn:uuid:e56ffb9b-c5b0-5afb-a0b4-3cc18d864b88,covers,urn:uuid:f65cd5ee-6410-5e60-9b27-71a54070d726,
urn:uuid:933e334b-bf1a-5960-94f8-3a001abb6a3e,relation/unit/bab-2-kelengkapan/covers/concept/representability-of-limits,urn:uuid:e56ffb9b-c5b0-5afb-a0b4-3cc18d864b88,covers,urn:uuid:0e09661e-2615-55ce-aef1-ec4d6f600053,
urn:uuid:b1f53e98-99ac-58b8-9ca5-e817cce43814,relation/unit/bab-2-kelengkapan/covers/concept/right-adjoint-preserves-limits,urn:uuid:e56ffb9b-c5b0-5afb-a0b4-3cc18d864b88,covers,urn:uuid:4774f505-cd80-5b14-aa1b-fcec730ec141,
urn:uuid:11672824-55cc-583f-94e4-c8ec9432fc6f,relation/unit/bab-2-kelengkapan/covers/concept/small-category,urn:uuid:e56ffb9b-c5b0-5afb-a0b4-3cc18d864b88,covers,urn:uuid:b21465f0-0c7b-5426-8cdd-1043376b33a7,
urn:uuid:14a6a9aa-6c14-5322-b76c-1ebfc1fe84e1,relation/unit/bab-2-kelengkapan/covers/concept/small-colimit,urn:uuid:e56ffb9b-c5b0-5afb-a0b4-3cc18d864b88,covers,urn:uuid:1968fd41-174f-541f-967c-f7f36856daa3,
urn:uuid:55c592b9-04ef-5ab4-a33c-8af66b9e63a1,relation/unit/bab-2-kelengkapan/covers/concept/small-limit,urn:uuid:e56ffb9b-c5b0-5afb-a0b4-3cc18d864b88,covers,urn:uuid:b01e69f7-74d1-57b1-9c67-2635fd6a8a24,
urn:uuid:94e64d75-06cf-5a60-b284-b4a69131a64d,relation/unit/bab-2-kelengkapan/covers/concept/terminal-object,urn:uuid:e56ffb9b-c5b0-5afb-a0b4-3cc18d864b88,covers,urn:uuid:549f5df0-9fbb-5028-b4da-e81f9e13604d,
urn:uuid:62388431-398b-54f4-ad85-49882ddfe104,relation/unit/bab-2-kelengkapan/covers/correction/o013-li-u017-cor-001,urn:uuid:e56ffb9b-c5b0-5afb-a0b4-3cc18d864b88,covers,urn:uuid:931d9308-3265-5e06-be09-79af87c4181d,
urn:uuid:cdd123a0-a7c8-59bb-b4eb-33d2717feb64,relation/unit/bab-2-kelengkapan/covers/correction/o013-li-u017-cor-002,urn:uuid:e56ffb9b-c5b0-5afb-a0b4-3cc18d864b88,covers,urn:uuid:bba3a12f-bd5b-5594-8f59-0dc502b86e53,
urn:uuid:d923ee43-5a8d-58c6-b5bd-1b4e89d629ed,relation/unit/bab-2-kelengkapan/covers/correction/o013-li-u017-cor-003,urn:uuid:e56ffb9b-c5b0-5afb-a0b4-3cc18d864b88,covers,urn:uuid:d817c599-787a-5b20-81b8-d6fb24689f9b,
urn:uuid:3798983d-e058-584f-bdf7-f9090dc83e1c,relation/unit/bab-2-kelengkapan/covers/correction/o013-li-u017-cor-004,urn:uuid:e56ffb9b-c5b0-5afb-a0b4-3cc18d864b88,covers,urn:uuid:a88b72e1-9aa2-54f0-95a2-3059012358ca,
urn:uuid:06c2e5bf-ee55-5d14-a2ef-33570d942b5c,relation/unit/bab-2-kelengkapan/covers/correction/o013-li-u017-cor-005,urn:uuid:e56ffb9b-c5b0-5afb-a0b4-3cc18d864b88,covers,urn:uuid:0b474c80-ec13-5b3e-accc-1248ae47bbef,
urn:uuid:9e9587a0-2a94-5280-8e68-051bbc1bbe86,relation/unit/bab-2-kelengkapan/covers/correction/o013-li-u017-cor-006,urn:uuid:e56ffb9b-c5b0-5afb-a0b4-3cc18d864b88,covers,urn:uuid:2ed1e1e3-3655-5d9e-bb4f-436e9b3fe8f4,
urn:uuid:16b3d66a-fb40-543c-85ae-523a003bf52e,relation/unit/bab-2-kelengkapan/covers/surface/unit-017/formula/display-bracket/001,urn:uuid:e56ffb9b-c5b0-5afb-a0b4-3cc18d864b88,covers,urn:uuid:4f541fa2-6045-5a5c-ad4c-61eafcf349aa,
urn:uuid:354f520c-70e0-54ca-8788-476fb864d282,relation/unit/bab-2-kelengkapan/covers/surface/unit-017/formula/display-bracket/002,urn:uuid:e56ffb9b-c5b0-5afb-a0b4-3cc18d864b88,covers,urn:uuid:c3f9669c-4ca5-55b9-a1fe-9d088b5fd322,
urn:uuid:910f30a4-ca4f-5121-8eb7-d1a933cd03fb,relation/unit/bab-2-kelengkapan/covers/surface/unit-017/formula/display-bracket/003,urn:uuid:e56ffb9b-c5b0-5afb-a0b4-3cc18d864b88,covers,urn:uuid:f7a22072-1f4b-5862-a000-3ac278edd269,
urn:uuid:eb140177-892b-59c8-a11f-2c5b1e33c200,relation/unit/bab-2-kelengkapan/covers/surface/unit-017/formula/display-bracket/004,urn:uuid:e56ffb9b-c5b0-5afb-a0b4-3cc18d864b88,covers,urn:uuid:88d08797-d0c6-54c8-81c6-7cbc63a6f661,
urn:uuid:11a3a70e-f157-59e5-8787-b5443ce95c35,relation/unit/bab-2-kelengkapan/covers/surface/unit-017/formula/display-environment/001,urn:uuid:e56ffb9b-c5b0-5afb-a0b4-3cc18d864b88,covers,urn:uuid:e1be13b0-b872-5764-950a-0eddfb361859,
urn:uuid:206772ca-0ae0-51ce-9385-17e14876a8cc,relation/unit/bab-2-kelengkapan/covers/surface/unit-017/formula/display-environment/002,urn:uuid:e56ffb9b-c5b0-5afb-a0b4-3cc18d864b88,covers,urn:uuid:f857b25d-95f7-5610-9b0d-fd381b7556b0,
urn:uuid:93449197-30a8-5108-903f-9ede776dae02,relation/unit/bab-2-kelengkapan/covers/surface/unit-017/formula/display-environment/003,urn:uuid:e56ffb9b-c5b0-5afb-a0b4-3cc18d864b88,covers,urn:uuid:2847f492-4685-59f9-ba51-cd39e3a4c20c,
urn:uuid:03245ede-2d3c-5dc5-a111-00b847aff50b,relation/unit/bab-2-kelengkapan/covers/surface/unit-017/formula/display-environment/004,urn:uuid:e56ffb9b-c5b0-5afb-a0b4-3cc18d864b88,covers,urn:uuid:418e2e38-f127-5e8e-8c78-264515b05eec,
urn:uuid:33bce59a-7364-5b71-ae08-b7d3477d4cdd,relation/unit/bab-2-kelengkapan/covers/surface/unit-017/formula/display-environment/005,urn:uuid:e56ffb9b-c5b0-5afb-a0b4-3cc18d864b88,covers,urn:uuid:b22d75dd-d4f5-5402-97b9-caacfa4d571c,
urn:uuid:ef995caf-f8ee-5599-9749-a28f98e7215d,relation/unit/bab-2-kelengkapan/covers/surface/unit-017/formula/display-environment/006,urn:uuid:e56ffb9b-c5b0-5afb-a0b4-3cc18d864b88,covers,urn:uuid:62876ea5-f908-5bc6-a3c7-3946a00cf06b,
urn:uuid:e1fb6ca8-fa03-51bc-a169-212c66586137,relation/unit/bab-2-kelengkapan/covers/surface/unit-017/formula/inline/001,urn:uuid:e56ffb9b-c5b0-5afb-a0b4-3cc18d864b88,covers,urn:uuid:cf6b95d0-da66-53d4-8dda-94e32cf733a2,
urn:uuid:8f7fc6eb-f381-53d8-9ec0-3f5ad41e7f21,relation/unit/bab-2-kelengkapan/covers/surface/unit-017/formula/inline/002,urn:uuid:e56ffb9b-c5b0-5afb-a0b4-3cc18d864b88,covers,urn:uuid:070d79e7-18af-54f0-954f-3e3f99aad9bd,
urn:uuid:b562a866-f081-5753-a3cb-c463d873898d,relation/unit/bab-2-kelengkapan/covers/surface/unit-017/formula/inline/003,urn:uuid:e56ffb9b-c5b0-5afb-a0b4-3cc18d864b88,covers,urn:uuid:06c1ca3c-38e8-5ea0-8d16-d673c10ec50c,
urn:uuid:b6148324-c394-538e-ab02-fe4ba7093502,relation/unit/bab-2-kelengkapan/covers/surface/unit-017/formula/inline/004,urn:uuid:e56ffb9b-c5b0-5afb-a0b4-3cc18d864b88,covers,urn:uuid:1725d91b-542e-5ff5-a52e-5b1171e514e3,
urn:uuid:6ca3cc5e-c212-58c9-9f76-4f199424c6cc,relation/unit/bab-2-kelengkapan/covers/surface/unit-017/formula/inline/005,urn:uuid:e56ffb9b-c5b0-5afb-a0b4-3cc18d864b88,covers,urn:uuid:1b95dfe3-1e9a-5cd6-b889-57faf80124b5,
urn:uuid:0a34b7c6-378d-59ce-9c7f-647fece3b24f,relation/unit/bab-2-kelengkapan/covers/surface/unit-017/formula/inline/006,urn:uuid:e56ffb9b-c5b0-5afb-a0b4-3cc18d864b88,covers,urn:uuid:89ea6e06-0cd4-5fec-94be-7780e72a578e,
urn:uuid:ee128c84-5af7-5e39-bd9a-f71dfef31ef4,relation/unit/bab-2-kelengkapan/covers/surface/unit-017/formula/inline/007,urn:uuid:e56ffb9b-c5b0-5afb-a0b4-3cc18d864b88,covers,urn:uuid:a0583a6b-7e63-53f6-93fb-db95d7a0558b,
urn:uuid:1764ea91-0f40-5a1f-b2a5-a5328bd48ed6,relation/unit/bab-2-kelengkapan/covers/surface/unit-017/formula/inline/008,urn:uuid:e56ffb9b-c5b0-5afb-a0b4-3cc18d864b88,covers,urn:uuid:c747fc14-b59f-5ba2-a5da-04cf30a60113,
urn:uuid:b00bcd4e-7c1b-5040-83fc-4f1b177fb9a6,relation/unit/bab-2-kelengkapan/covers/surface/unit-017/formula/inline/009,urn:uuid:e56ffb9b-c5b0-5afb-a0b4-3cc18d864b88,covers,urn:uuid:5c5926bb-7758-564c-ac3b-658de83e8aa3,
urn:uuid:c3b4d5a5-ae01-5dbc-bfa8-f13ebb81c188,relation/unit/bab-2-kelengkapan/covers/surface/unit-017/formula/inline/010,urn:uuid:e56ffb9b-c5b0-5afb-a0b4-3cc18d864b88,covers,urn:uuid:cbeaf3e0-04d5-5262-bceb-738d55870cef,
urn:uuid:493e7443-46d4-5361-a44c-38a9fc0cc330,relation/unit/bab-2-kelengkapan/covers/surface/unit-017/formula/inline/011,urn:uuid:e56ffb9b-c5b0-5afb-a0b4-3cc18d864b88,covers,urn:uuid:1a53182e-3fb0-55e0-9c5d-88fc07dd9b21,
urn:uuid:b5fa12d1-34a4-5308-9fe0-fc5e5b3f00c1,relation/unit/bab-2-kelengkapan/covers/surface/unit-017/formula/inline/012,urn:uuid:e56ffb9b-c5b0-5afb-a0b4-3cc18d864b88,covers,urn:uuid:48a349ab-75f8-5992-bd6a-449d6f6022e4,
urn:uuid:c88a037d-b013-511e-b6e8-818b702f9bb0,relation/unit/bab-2-kelengkapan/covers/surface/unit-017/formula/inline/013,urn:uuid:e56ffb9b-c5b0-5afb-a0b4-3cc18d864b88,covers,urn:uuid:8380d28c-5b3c-5f10-8249-63b574e39b16,
urn:uuid:f603b3ae-2e25-50ee-88ac-96962e9121fc,relation/unit/bab-2-kelengkapan/covers/surface/unit-017/formula/inline/014,urn:uuid:e56ffb9b-c5b0-5afb-a0b4-3cc18d864b88,covers,urn:uuid:4dc1f58f-c738-5e0b-8fd5-a5c2030d5c04,
urn:uuid:6383b04f-4583-5672-8dbd-d024991e1ad6,relation/unit/bab-2-kelengkapan/covers/surface/unit-017/formula/inline/015,urn:uuid:e56ffb9b-c5b0-5afb-a0b4-3cc18d864b88,covers,urn:uuid:09a38c64-4f63-57e5-88d1-72b987f19b73,
urn:uuid:2507b4ea-1965-50bf-8c6a-3054912b2514,relation/unit/bab-2-kelengkapan/covers/surface/unit-017/formula/inline/016,urn:uuid:e56ffb9b-c5b0-5afb-a0b4-3cc18d864b88,covers,urn:uuid:d3b4414f-8c5d-5515-9959-0f70e6ebe60a,
urn:uuid:d678a4ff-a114-5ada-a4bc-4f171aebc614,relation/unit/bab-2-kelengkapan/covers/surface/unit-017/formula/inline/017,urn:uuid:e56ffb9b-c5b0-5afb-a0b4-3cc18d864b88,covers,urn:uuid:79e5b011-91f9-5c5c-86dc-514a3969ea50,
urn:uuid:0c824e9c-fbd7-518a-8dfc-057be6b4241c,relation/unit/bab-2-kelengkapan/covers/surface/unit-017/formula/inline/018,urn:uuid:e56ffb9b-c5b0-5afb-a0b4-3cc18d864b88,covers,urn:uuid:4d9189c9-0b80-5591-a4a1-b8f6da0dee5e,
urn:uuid:bafc9f66-44d7-52ce-995d-8a300cb67c2c,relation/unit/bab-2-kelengkapan/covers/surface/unit-017/formula/inline/019,urn:uuid:e56ffb9b-c5b0-5afb-a0b4-3cc18d864b88,covers,urn:uuid:74d9ed32-fdfb-5017-ba10-2083bc4ea3c2,
urn:uuid:2adf09b1-feae-5f4d-9478-9dfdf7f521c4,relation/unit/bab-2-kelengkapan/covers/surface/unit-017/formula/inline/020,urn:uuid:e56ffb9b-c5b0-5afb-a0b4-3cc18d864b88,covers,urn:uuid:00dcf02d-cf19-5035-a88d-7675b0ae33a4,
urn:uuid:0dcc5229-c938-58cc-a953-35f5b6801be1,relation/unit/bab-2-kelengkapan/covers/surface/unit-017/formula/inline/021,urn:uuid:e56ffb9b-c5b0-5afb-a0b4-3cc18d864b88,covers,urn:uuid:9b7d82b6-c177-547a-863d-d6327e3cc51a,
urn:uuid:4cab5241-b4ec-5b00-97e9-ef6a73bf8bde,relation/unit/bab-2-kelengkapan/covers/surface/unit-017/formula/inline/022,urn:uuid:e56ffb9b-c5b0-5afb-a0b4-3cc18d864b88,covers,urn:uuid:85069173-fde2-52c8-b8c1-2d7bea4988ed,
urn:uuid:eb91bbf0-9d0e-59f8-8b31-09d2f858f73e,relation/unit/bab-2-kelengkapan/covers/surface/unit-017/formula/inline/023,urn:uuid:e56ffb9b-c5b0-5afb-a0b4-3cc18d864b88,covers,urn:uuid:763291c5-ecfa-5e8b-974e-cf657c7bcaa9,
urn:uuid:a2ddcc92-3dee-50f7-9d50-653bb7a11a48,relation/unit/bab-2-kelengkapan/covers/surface/unit-017/formula/inline/024,urn:uuid:e56ffb9b-c5b0-5afb-a0b4-3cc18d864b88,covers,urn:uuid:ab2023ac-8dba-5b02-ab5b-1500cfcdc8dc,
urn:uuid:8c635fc1-2f18-53ad-8c94-ba6a74554c7f,relation/unit/bab-2-kelengkapan/covers/surface/unit-017/formula/inline/025,urn:uuid:e56ffb9b-c5b0-5afb-a0b4-3cc18d864b88,covers,urn:uuid:0e5a7161-d771-5f45-8161-c0b63449ca00,
urn:uuid:2cacc76c-bc87-5cc7-a17f-fedbeda663f1,relation/unit/bab-2-kelengkapan/covers/surface/unit-017/formula/inline/026,urn:uuid:e56ffb9b-c5b0-5afb-a0b4-3cc18d864b88,covers,urn:uuid:5de064ac-0b7e-5c92-b667-5c43ca0d45d4,
urn:uuid:49625fa0-f2ed-5dd9-8f5b-8374ca452c56,relation/unit/bab-2-kelengkapan/covers/surface/unit-017/formula/inline/027,urn:uuid:e56ffb9b-c5b0-5afb-a0b4-3cc18d864b88,covers,urn:uuid:331eb762-ba20-51ce-90bb-910f34d375f5,
urn:uuid:50098b90-cde8-5ed4-b8f0-174bb30bc908,relation/unit/bab-2-kelengkapan/covers/surface/unit-017/formula/inline/028,urn:uuid:e56ffb9b-c5b0-5afb-a0b4-3cc18d864b88,covers,urn:uuid:40e0a5c0-87fc-5976-9fc7-56aa41ddd3da,
urn:uuid:5a6c76ca-79a3-5ff0-b855-3511b09d747d,relation/unit/bab-2-kelengkapan/covers/surface/unit-017/formula/inline/029,urn:uuid:e56ffb9b-c5b0-5afb-a0b4-3cc18d864b88,covers,urn:uuid:30c2c18e-e3f3-54e4-9ac0-ac5284e41363,
urn:uuid:2e46c9d8-2835-548d-bcce-3de99a5835c6,relation/unit/bab-2-kelengkapan/covers/surface/unit-017/formula/inline/030,urn:uuid:e56ffb9b-c5b0-5afb-a0b4-3cc18d864b88,covers,urn:uuid:4568c3ae-614d-5797-823f-1c2c115197b4,
urn:uuid:2c73602f-03e2-5b5e-9a7d-68787c3d3e7b,relation/unit/bab-2-kelengkapan/covers/surface/unit-017/formula/inline/031,urn:uuid:e56ffb9b-c5b0-5afb-a0b4-3cc18d864b88,covers,urn:uuid:f8c7ebdc-afed-51e5-a799-3866fb0eac7b,
urn:uuid:17dedb71-67d8-5ad1-bcf6-009378776f69,relation/unit/bab-2-kelengkapan/covers/surface/unit-017/formula/inline/032,urn:uuid:e56ffb9b-c5b0-5afb-a0b4-3cc18d864b88,covers,urn:uuid:5dadf5ee-d30f-551a-9bfd-d0d2d9f37ca6,
urn:uuid:50d8ce1b-adf8-5f60-9fdf-70ad0e2a8e97,relation/unit/bab-2-kelengkapan/covers/surface/unit-017/formula/inline/033,urn:uuid:e56ffb9b-c5b0-5afb-a0b4-3cc18d864b88,covers,urn:uuid:c733145e-46e7-5de2-ae1e-901782a52a0d,
urn:uuid:1c339998-41d7-51eb-8792-9473a6c22d78,relation/unit/bab-2-kelengkapan/covers/surface/unit-017/formula/inline/034,urn:uuid:e56ffb9b-c5b0-5afb-a0b4-3cc18d864b88,covers,urn:uuid:7383a539-452c-5a45-b229-2f3fd366722c,
urn:uuid:789fdd2f-75d4-5d91-9698-8d4628bfc290,relation/unit/bab-2-kelengkapan/covers/surface/unit-017/formula/inline/035,urn:uuid:e56ffb9b-c5b0-5afb-a0b4-3cc18d864b88,covers,urn:uuid:15ab18db-61c8-5332-aaba-225236d43f4d,
urn:uuid:3f7f934a-c18d-52c3-8832-ec232cc21cab,relation/unit/bab-2-kelengkapan/covers/surface/unit-017/formula/inline/036,urn:uuid:e56ffb9b-c5b0-5afb-a0b4-3cc18d864b88,covers,urn:uuid:c36707eb-7cea-59f5-97e0-426aae6e1f31,
urn:uuid:f65b63c2-45a4-5b1f-9873-257d8deaf80d,relation/unit/bab-2-kelengkapan/covers/surface/unit-017/formula/inline/037,urn:uuid:e56ffb9b-c5b0-5afb-a0b4-3cc18d864b88,covers,urn:uuid:2fc46e49-183c-515f-9b07-f2fcb720c43b,
urn:uuid:eebb2f2c-1cd7-5dd4-b78e-4d4f77d32e5f,relation/unit/bab-2-kelengkapan/covers/surface/unit-017/formula/inline/038,urn:uuid:e56ffb9b-c5b0-5afb-a0b4-3cc18d864b88,covers,urn:uuid:8693077e-27fd-5887-8ca4-7e55525db913,
urn:uuid:c5eba8a6-7f2d-5241-b4e1-f51a919dbbe1,relation/unit/bab-2-kelengkapan/covers/surface/unit-017/formula/inline/039,urn:uuid:e56ffb9b-c5b0-5afb-a0b4-3cc18d864b88,covers,urn:uuid:8eacc96c-1606-576f-b132-2e3da4af823c,
urn:uuid:c0a226e4-ab8d-5bf5-8ff3-3bec866452df,relation/unit/bab-2-kelengkapan/covers/surface/unit-017/formula/inline/040,urn:uuid:e56ffb9b-c5b0-5afb-a0b4-3cc18d864b88,covers,urn:uuid:b63e1e61-e7c4-599a-b15e-e06fab388a14,
urn:uuid:9d58af3b-b797-514a-84e4-111e80a997df,relation/unit/bab-2-kelengkapan/covers/surface/unit-017/formula/inline/041,urn:uuid:e56ffb9b-c5b0-5afb-a0b4-3cc18d864b88,covers,urn:uuid:5bcd6961-b459-5af8-915e-10204719b738,
urn:uuid:fe946157-7fe6-54ca-9f20-ec25aaf4f85b,relation/unit/bab-2-kelengkapan/covers/surface/unit-017/formula/inline/042,urn:uuid:e56ffb9b-c5b0-5afb-a0b4-3cc18d864b88,covers,urn:uuid:fcd79016-c56c-535c-91ef-08b6ff397b0c,
urn:uuid:f215dc61-160b-5281-8ffd-36eef9eb3120,relation/unit/bab-2-kelengkapan/covers/surface/unit-017/formula/inline/043,urn:uuid:e56ffb9b-c5b0-5afb-a0b4-3cc18d864b88,covers,urn:uuid:a5a74d38-dcf0-566e-94e9-e435363f240a,
urn:uuid:fe6d2abd-71ef-5316-9311-8441976c6a27,relation/unit/bab-2-kelengkapan/covers/surface/unit-017/formula/inline/044,urn:uuid:e56ffb9b-c5b0-5afb-a0b4-3cc18d864b88,covers,urn:uuid:87aea7c0-f290-5a7d-855d-b3a349a662a9,
urn:uuid:42605b5d-870b-545d-beea-9fc1b0d73974,relation/unit/bab-2-kelengkapan/covers/surface/unit-017/formula/inline/045,urn:uuid:e56ffb9b-c5b0-5afb-a0b4-3cc18d864b88,covers,urn:uuid:fe7e1393-7334-589d-a983-0e555a85e36c,
urn:uuid:e331a8a8-7a0a-5602-bc44-f24c2134945b,relation/unit/bab-2-kelengkapan/covers/surface/unit-017/formula/inline/046,urn:uuid:e56ffb9b-c5b0-5afb-a0b4-3cc18d864b88,covers,urn:uuid:97653eb2-293b-572b-a607-c1d3f27e1f35,
urn:uuid:632dcf36-0377-50ce-aa09-7af9e1d14fd9,relation/unit/bab-2-kelengkapan/covers/surface/unit-017/formula/inline/047,urn:uuid:e56ffb9b-c5b0-5afb-a0b4-3cc18d864b88,covers,urn:uuid:dc28d23e-757b-54c2-84bf-fef004e9ea4e,
urn:uuid:9f6c96a9-d58c-5e46-9cc2-5fd6bd46af49,relation/unit/bab-2-kelengkapan/covers/surface/unit-017/formula/inline/048,urn:uuid:e56ffb9b-c5b0-5afb-a0b4-3cc18d864b88,covers,urn:uuid:1811d34d-e978-5301-9258-c6c421d26edd,
urn:uuid:e5fcd182-8770-5976-904a-39e0e7fb36b9,relation/unit/bab-2-kelengkapan/covers/surface/unit-017/formula/inline/049,urn:uuid:e56ffb9b-c5b0-5afb-a0b4-3cc18d864b88,covers,urn:uuid:b9596ecc-a865-5ea1-bc80-f5ee7d2dddf2,
urn:uuid:52f47404-1d0a-564d-ade3-67f7ab53be65,relation/unit/bab-2-kelengkapan/covers/surface/unit-017/formula/inline/050,urn:uuid:e56ffb9b-c5b0-5afb-a0b4-3cc18d864b88,covers,urn:uuid:d6e6bc77-dd90-52d7-946a-dfef6b73601c,
urn:uuid:5c125be7-424c-59f1-9986-b840cfe67434,relation/unit/bab-2-kelengkapan/covers/surface/unit-017/formula/inline/051,urn:uuid:e56ffb9b-c5b0-5afb-a0b4-3cc18d864b88,covers,urn:uuid:d998c90f-200d-53dd-9f4a-2c97dc56e867,
urn:uuid:ea200441-a0de-52da-bc3d-1003b2990cde,relation/unit/bab-2-kelengkapan/covers/surface/unit-017/formula/inline/052,urn:uuid:e56ffb9b-c5b0-5afb-a0b4-3cc18d864b88,covers,urn:uuid:8d02bb46-e6c4-5292-ac33-65710852e383,
urn:uuid:708b09e8-d1c2-5ce1-9692-8b48c00df4ab,relation/unit/bab-2-kelengkapan/covers/surface/unit-017/formula/inline/053,urn:uuid:e56ffb9b-c5b0-5afb-a0b4-3cc18d864b88,covers,urn:uuid:6dd1ef82-c4d2-5d7e-ac99-18f3a5eed743,
urn:uuid:007677c2-7293-5b32-9f0a-4b29f876e1ad,relation/unit/bab-2-kelengkapan/covers/surface/unit-017/formula/inline/054,urn:uuid:e56ffb9b-c5b0-5afb-a0b4-3cc18d864b88,covers,urn:uuid:62242d7e-4fb0-53b8-a343-9e047381e5f7,
urn:uuid:20370452-1961-54a1-ba5c-8e1fff7f8d63,relation/unit/bab-2-kelengkapan/covers/surface/unit-017/formula/inline/055,urn:uuid:e56ffb9b-c5b0-5afb-a0b4-3cc18d864b88,covers,urn:uuid:f5fcea03-8fdd-5f92-9ed0-356aaa30963e,
urn:uuid:9246fe0d-34af-5798-a65a-18ce6d2aeb5d,relation/unit/bab-2-kelengkapan/covers/surface/unit-017/formula/inline/056,urn:uuid:e56ffb9b-c5b0-5afb-a0b4-3cc18d864b88,covers,urn:uuid:758492b7-9577-51e1-9d77-64b855eeba13,
urn:uuid:61fbcbe0-85cf-5ca3-bb96-47fff3649dcc,relation/unit/bab-2-kelengkapan/covers/surface/unit-017/formula/inline/057,urn:uuid:e56ffb9b-c5b0-5afb-a0b4-3cc18d864b88,covers,urn:uuid:b9fe6967-8178-5708-9569-c08c99c726f3,
urn:uuid:f04029bf-1cd7-567a-8221-21c04419f9b4,relation/unit/bab-2-kelengkapan/covers/surface/unit-017/formula/inline/058,urn:uuid:e56ffb9b-c5b0-5afb-a0b4-3cc18d864b88,covers,urn:uuid:381f67a1-fd69-54a1-8e95-25d77a55afff,
urn:uuid:f3eb5b12-3e11-5ed8-a845-4d2ced1813d7,relation/unit/bab-2-kelengkapan/covers/surface/unit-017/formula/inline/059,urn:uuid:e56ffb9b-c5b0-5afb-a0b4-3cc18d864b88,covers,urn:uuid:e482ee3a-11fe-54fd-b807-ba3f91c70d3c,
urn:uuid:ed8a16c7-0174-52e8-9d20-4f3de5999fd8,relation/unit/bab-2-kelengkapan/covers/surface/unit-017/formula/inline/060,urn:uuid:e56ffb9b-c5b0-5afb-a0b4-3cc18d864b88,covers,urn:uuid:393d7b55-617c-5e4e-9c09-c90dd491c3a8,
urn:uuid:5beb6017-86b6-5530-854b-600c8e555100,relation/unit/bab-2-kelengkapan/covers/surface/unit-017/formula/inline/061,urn:uuid:e56ffb9b-c5b0-5afb-a0b4-3cc18d864b88,covers,urn:uuid:fb28cf25-a5b8-5e15-8d5d-8c6d9623cb34,
urn:uuid:06254a4c-6dc0-5cce-a415-51fdab9fcb62,relation/unit/bab-2-kelengkapan/covers/surface/unit-017/formula/inline/062,urn:uuid:e56ffb9b-c5b0-5afb-a0b4-3cc18d864b88,covers,urn:uuid:12d5f3d4-3d1c-5804-9961-ad0e556b9862,
urn:uuid:59485a08-f283-5f37-8d7b-d40d96a89b36,relation/unit/bab-2-kelengkapan/covers/surface/unit-017/formula/inline/063,urn:uuid:e56ffb9b-c5b0-5afb-a0b4-3cc18d864b88,covers,urn:uuid:60863573-a68c-5f7d-9757-5f09185427c7,
urn:uuid:999d416a-53e2-5f6a-bd25-7813c1bda34c,relation/unit/bab-2-kelengkapan/covers/surface/unit-017/formula/inline/064,urn:uuid:e56ffb9b-c5b0-5afb-a0b4-3cc18d864b88,covers,urn:uuid:4cd533b3-3aeb-572c-8703-664dc1ad3e59,
urn:uuid:c1d48345-d211-5000-b1a7-b6e017060f99,relation/unit/bab-2-kelengkapan/covers/surface/unit-017/formula/inline/065,urn:uuid:e56ffb9b-c5b0-5afb-a0b4-3cc18d864b88,covers,urn:uuid:b4e581f2-b5af-545e-a608-8aff7d23586e,
urn:uuid:19fd103f-cdf4-5c72-a01c-aad6eee77e81,relation/unit/bab-2-kelengkapan/covers/surface/unit-017/formula/inline/066,urn:uuid:e56ffb9b-c5b0-5afb-a0b4-3cc18d864b88,covers,urn:uuid:467952a7-57cc-5e5f-8392-352ace48d3af,
urn:uuid:bc691120-0257-5dfc-9f87-524a05ab199e,relation/unit/bab-2-kelengkapan/covers/surface/unit-017/formula/inline/067,urn:uuid:e56ffb9b-c5b0-5afb-a0b4-3cc18d864b88,covers,urn:uuid:fee96e35-f6ce-5fd6-b316-2d25186ba1dc,
urn:uuid:623223ec-335e-58d2-a493-bd8a79294c8b,relation/unit/bab-2-kelengkapan/covers/surface/unit-017/formula/inline/068,urn:uuid:e56ffb9b-c5b0-5afb-a0b4-3cc18d864b88,covers,urn:uuid:ff320e44-1609-5d71-8b56-7c138dad45ee,
urn:uuid:fbd36b48-531c-5210-9e41-c5f150eea379,relation/unit/bab-2-kelengkapan/covers/surface/unit-017/formula/inline/069,urn:uuid:e56ffb9b-c5b0-5afb-a0b4-3cc18d864b88,covers,urn:uuid:cfc6f9e1-b914-56ea-83fa-26a4e58eae84,
urn:uuid:2c2d9ea6-e421-53e6-ac85-f5a1bb286274,relation/unit/bab-2-kelengkapan/covers/surface/unit-017/formula/inline/070,urn:uuid:e56ffb9b-c5b0-5afb-a0b4-3cc18d864b88,covers,urn:uuid:a5657559-d658-5f9a-8fb4-58e9fe5d19ca,
urn:uuid:4dc04aa7-561f-5d06-b1ff-a788a5f6d935,relation/unit/bab-2-kelengkapan/covers/surface/unit-017/formula/inline/071,urn:uuid:e56ffb9b-c5b0-5afb-a0b4-3cc18d864b88,covers,urn:uuid:bdfca36d-c3a4-5394-bb8c-a5acd56a7124,
urn:uuid:ac9c86b3-8886-5284-8817-968670353519,relation/unit/bab-2-kelengkapan/covers/surface/unit-017/formula/inline/072,urn:uuid:e56ffb9b-c5b0-5afb-a0b4-3cc18d864b88,covers,urn:uuid:08fe947c-4a26-597c-acf8-7a976180d2ca,
urn:uuid:6c2921ab-b660-5013-9df2-b58c6a759618,relation/unit/bab-2-kelengkapan/covers/surface/unit-017/formula/inline/073,urn:uuid:e56ffb9b-c5b0-5afb-a0b4-3cc18d864b88,covers,urn:uuid:ac7853f8-c8fd-584e-b3fd-f6a68313834d,
urn:uuid:15984b03-21e0-55bb-93e8-a36d6dfbc112,relation/unit/bab-2-kelengkapan/covers/surface/unit-017/formula/inline/074,urn:uuid:e56ffb9b-c5b0-5afb-a0b4-3cc18d864b88,covers,urn:uuid:5bf2acd0-ece1-5a6a-8910-1e14814d1ea7,
urn:uuid:481c940f-f1ce-5521-ac2b-e3d5e9a33d24,relation/unit/bab-2-kelengkapan/covers/surface/unit-017/formula/inline/075,urn:uuid:e56ffb9b-c5b0-5afb-a0b4-3cc18d864b88,covers,urn:uuid:20580c13-e2f4-5767-88aa-6d1064df91b4,
urn:uuid:57eb9dea-01f0-515c-9430-93c51a5d167c,relation/unit/bab-2-kelengkapan/covers/surface/unit-017/formula/inline/076,urn:uuid:e56ffb9b-c5b0-5afb-a0b4-3cc18d864b88,covers,urn:uuid:794b4502-3d72-5231-9921-f781a2bc3f07,
urn:uuid:f005ab86-bdf9-5008-9e44-56326b150e2e,relation/unit/bab-2-kelengkapan/covers/surface/unit-017/formula/inline/077,urn:uuid:e56ffb9b-c5b0-5afb-a0b4-3cc18d864b88,covers,urn:uuid:aeef9b6b-fcf1-50d4-ba3d-28b7e5732d1c,
urn:uuid:cd7d366e-f9e3-5c27-8bfa-a8de1c1f0d02,relation/unit/bab-2-kelengkapan/covers/surface/unit-017/formula/inline/078,urn:uuid:e56ffb9b-c5b0-5afb-a0b4-3cc18d864b88,covers,urn:uuid:22c15268-4b1e-51b5-9ea1-02ece625d60d,
urn:uuid:84ffa199-5d3a-5d46-852f-4c431046d718,relation/unit/bab-2-kelengkapan/covers/surface/unit-017/formula/inline/079,urn:uuid:e56ffb9b-c5b0-5afb-a0b4-3cc18d864b88,covers,urn:uuid:86fd17f7-5ad3-51b2-8470-2d313c95ffb0,
urn:uuid:77b5c9d3-4e7e-5a75-8ae3-e731a3ea8971,relation/unit/bab-2-kelengkapan/covers/surface/unit-017/formula/inline/080,urn:uuid:e56ffb9b-c5b0-5afb-a0b4-3cc18d864b88,covers,urn:uuid:29440208-40be-5ba4-965d-f70abcefb2d3,
urn:uuid:6d86c073-4fff-5d44-b6b0-21d39ea45d79,relation/unit/bab-2-kelengkapan/covers/surface/unit-017/formula/inline/081,urn:uuid:e56ffb9b-c5b0-5afb-a0b4-3cc18d864b88,covers,urn:uuid:6c374ed5-70da-5cac-a36e-499319c80b65,
urn:uuid:6ba32ef0-c045-5328-b994-19058d3e07f0,relation/unit/bab-2-kelengkapan/covers/surface/unit-017/formula/inline/082,urn:uuid:e56ffb9b-c5b0-5afb-a0b4-3cc18d864b88,covers,urn:uuid:f1e72e5f-43c9-5f58-abee-3e3af63cc9e1,
urn:uuid:71dd44c3-491b-52c5-a6ad-1bfd669e36e9,relation/unit/bab-2-kelengkapan/covers/surface/unit-017/formula/inline/083,urn:uuid:e56ffb9b-c5b0-5afb-a0b4-3cc18d864b88,covers,urn:uuid:60e9796f-6b78-5232-b67a-abb5134a8281,
urn:uuid:f79f9cc5-1d86-501e-af3b-e8eeb5cf512a,relation/unit/bab-2-kelengkapan/covers/surface/unit-017/formula/inline/084,urn:uuid:e56ffb9b-c5b0-5afb-a0b4-3cc18d864b88,covers,urn:uuid:9329b205-cea4-530f-9760-2ffd326b1821,
urn:uuid:ddef13b0-eb16-5c75-9fd7-87029e9fe5ca,relation/unit/bab-2-kelengkapan/covers/surface/unit-017/formula/inline/085,urn:uuid:e56ffb9b-c5b0-5afb-a0b4-3cc18d864b88,covers,urn:uuid:27d942c9-1539-5070-90dc-5a1bee61982c,
urn:uuid:55496a47-9fa9-57f4-b755-b39e3dc02253,relation/unit/bab-2-kelengkapan/covers/surface/unit-017/formula/inline/086,urn:uuid:e56ffb9b-c5b0-5afb-a0b4-3cc18d864b88,covers,urn:uuid:03b42a8e-0fd6-51d1-8707-77e0aaeaa33c,
urn:uuid:72e0b3ab-3745-5d3a-b387-11797ff26781,relation/unit/bab-2-kelengkapan/covers/surface/unit-017/formula/inline/087,urn:uuid:e56ffb9b-c5b0-5afb-a0b4-3cc18d864b88,covers,urn:uuid:c0dc1964-e636-58fe-90d3-082413e04f35,
urn:uuid:094a1102-1e98-555f-8480-a1f87bf13e24,relation/unit/bab-2-kelengkapan/covers/surface/unit-017/formula/inline/088,urn:uuid:e56ffb9b-c5b0-5afb-a0b4-3cc18d864b88,covers,urn:uuid:1e436500-a1d5-5506-8f07-59ec024f52f9,
urn:uuid:c3e36d7b-2dce-5376-b3a6-e04e6c7ddf17,relation/unit/bab-2-kelengkapan/covers/surface/unit-017/formula/inline/089,urn:uuid:e56ffb9b-c5b0-5afb-a0b4-3cc18d864b88,covers,urn:uuid:f6569369-bad2-56d8-ae63-356197512e89,
urn:uuid:672c759a-ef71-56d7-bc80-119ccd607db9,relation/unit/bab-2-kelengkapan/covers/surface/unit-017/formula/inline/090,urn:uuid:e56ffb9b-c5b0-5afb-a0b4-3cc18d864b88,covers,urn:uuid:b5197dad-6323-5d54-a2b0-025ae09cff1a,
urn:uuid:ad825bae-78d0-5e4a-b210-40d6b1b8f11a,relation/unit/bab-2-kelengkapan/covers/surface/unit-017/formula/inline/091,urn:uuid:e56ffb9b-c5b0-5afb-a0b4-3cc18d864b88,covers,urn:uuid:b572d162-07b9-5872-8acb-20ae050894ad,
urn:uuid:455e47b4-1c3d-5bc2-b5c9-72b71efba15e,relation/unit/bab-2-kelengkapan/covers/surface/unit-017/formula/inline/092,urn:uuid:e56ffb9b-c5b0-5afb-a0b4-3cc18d864b88,covers,urn:uuid:1933b035-db63-559d-b3e0-b72fa569449b,
urn:uuid:eb6e6816-f0b2-535d-a38a-7745dee95a09,relation/unit/bab-2-kelengkapan/covers/surface/unit-017/formula/inline/093,urn:uuid:e56ffb9b-c5b0-5afb-a0b4-3cc18d864b88,covers,urn:uuid:f138da6a-44c4-590f-ada8-284d285ceb7c,
urn:uuid:854cde0a-80b9-5128-9234-60b748fc33d1,relation/unit/bab-2-kelengkapan/covers/surface/unit-017/formula/inline/094,urn:uuid:e56ffb9b-c5b0-5afb-a0b4-3cc18d864b88,covers,urn:uuid:b15eaa5f-a090-5b18-90d5-5cbdc40024a3,
urn:uuid:731d64b6-f44e-535f-9aed-29f93c1e0e64,relation/unit/bab-2-kelengkapan/covers/surface/unit-017/formula/inline/095,urn:uuid:e56ffb9b-c5b0-5afb-a0b4-3cc18d864b88,covers,urn:uuid:46f4dd3d-d17b-5046-a091-cf7e4fd2594e,
urn:uuid:e4753962-72b1-5324-b908-3b82fa3d5348,relation/unit/bab-2-kelengkapan/covers/surface/unit-017/formula/inline/096,urn:uuid:e56ffb9b-c5b0-5afb-a0b4-3cc18d864b88,covers,urn:uuid:cb4d4d6e-d18a-5346-90ef-11806e1f14d9,
urn:uuid:bd1d8223-b47e-51e5-af2b-4d96a38fdb59,relation/unit/bab-2-kelengkapan/covers/surface/unit-017/formula/inline/097,urn:uuid:e56ffb9b-c5b0-5afb-a0b4-3cc18d864b88,covers,urn:uuid:21115cdd-796a-54fb-b29d-c6f57e7d7236,
urn:uuid:229286d0-2847-570b-a25a-2186d5c37428,relation/unit/bab-2-kelengkapan/covers/surface/unit-017/formula/inline/098,urn:uuid:e56ffb9b-c5b0-5afb-a0b4-3cc18d864b88,covers,urn:uuid:81616700-967a-595d-addf-029d44c812a9,
urn:uuid:59466a37-0d1a-5992-ba87-3e2e4c92bb1c,relation/unit/bab-2-kelengkapan/covers/surface/unit-017/formula/inline/099,urn:uuid:e56ffb9b-c5b0-5afb-a0b4-3cc18d864b88,covers,urn:uuid:f0d3cec8-c695-5534-97a0-8950ec444598,
urn:uuid:6859a8f8-fd3e-5c80-b03c-da9dc3558c8d,relation/unit/bab-2-kelengkapan/covers/surface/unit-017/formula/inline/100,urn:uuid:e56ffb9b-c5b0-5afb-a0b4-3cc18d864b88,covers,urn:uuid:94c974ec-2906-5029-888c-475ab291d7dd,
urn:uuid:2a1327f1-5e04-54ea-bcdf-06e53238f0e6,relation/unit/bab-2-kelengkapan/covers/surface/unit-017/formula/inline/101,urn:uuid:e56ffb9b-c5b0-5afb-a0b4-3cc18d864b88,covers,urn:uuid:1bfacbea-8cb5-5336-97a3-1ba5483dae79,
urn:uuid:74d91f54-303d-5db5-aee8-14a6ab169236,relation/unit/bab-2-kelengkapan/covers/surface/unit-017/formula/inline/102,urn:uuid:e56ffb9b-c5b0-5afb-a0b4-3cc18d864b88,covers,urn:uuid:c8bb0de6-b69f-5dde-9773-b5d962d82018,
urn:uuid:f9d3c8b1-4b46-5ccb-ab55-0e2e6ac3e248,relation/unit/bab-2-kelengkapan/covers/surface/unit-017/formula/inline/103,urn:uuid:e56ffb9b-c5b0-5afb-a0b4-3cc18d864b88,covers,urn:uuid:cc5e506e-989f-52c1-84a9-f569f4d2a420,
urn:uuid:132defea-864d-55b8-ac2a-b0b0a85fc3c6,relation/unit/bab-2-kelengkapan/covers/surface/unit-017/formula/inline/104,urn:uuid:e56ffb9b-c5b0-5afb-a0b4-3cc18d864b88,covers,urn:uuid:f4320baa-a6fe-5547-8645-4b6f822a48ee,
urn:uuid:5f11df81-a9e8-56c4-a9c4-c325ebb0c073,relation/unit/bab-2-kelengkapan/covers/surface/unit-017/formula/inline/105,urn:uuid:e56ffb9b-c5b0-5afb-a0b4-3cc18d864b88,covers,urn:uuid:188a940b-f626-50fd-a468-4da74a16dab2,
urn:uuid:480ece2a-aa8e-5c15-9ca8-4da51ace8f7a,relation/unit/bab-2-kelengkapan/covers/surface/unit-017/formula/inline/106,urn:uuid:e56ffb9b-c5b0-5afb-a0b4-3cc18d864b88,covers,urn:uuid:dd6aa38f-36bc-5b7f-96b1-d46d8ee1b279,
urn:uuid:4b8d2fb9-028b-5a01-92f2-1f8254c0bfd6,relation/unit/bab-2-kelengkapan/covers/surface/unit-017/formula/inline/107,urn:uuid:e56ffb9b-c5b0-5afb-a0b4-3cc18d864b88,covers,urn:uuid:a0579e32-d5f5-5709-8736-04cd5c4f3395,
urn:uuid:ff5f727b-7e01-5cf0-9784-b6b0e256014d,relation/unit/bab-2-kelengkapan/covers/surface/unit-017/formula/inline/108,urn:uuid:e56ffb9b-c5b0-5afb-a0b4-3cc18d864b88,covers,urn:uuid:15e8aba6-7f1b-5344-8647-ae78c189e79e,
urn:uuid:cdf34f89-3921-5532-8b06-38204fc3b382,relation/unit/bab-2-kelengkapan/covers/surface/unit-017/formula/inline/109,urn:uuid:e56ffb9b-c5b0-5afb-a0b4-3cc18d864b88,covers,urn:uuid:260cef62-cd51-5b6c-81fc-31c6e52b9547,
urn:uuid:e620f7e4-a7d7-5edf-849e-de699bc0d0b8,relation/unit/bab-2-kelengkapan/covers/surface/unit-017/formula/inline/110,urn:uuid:e56ffb9b-c5b0-5afb-a0b4-3cc18d864b88,covers,urn:uuid:20173003-c50b-5c57-9a07-30542f946a2c,
urn:uuid:d28dc74b-d5a6-5fcb-aa22-3204afd7c64d,relation/unit/bab-2-kelengkapan/covers/surface/unit-017/formula/inline/111,urn:uuid:e56ffb9b-c5b0-5afb-a0b4-3cc18d864b88,covers,urn:uuid:8e17fb56-6ace-585e-834e-107bf71f5727,
urn:uuid:8ee19477-81d3-55d7-af1f-e639f1359065,relation/unit/bab-2-kelengkapan/covers/surface/unit-017/formula/inline/112,urn:uuid:e56ffb9b-c5b0-5afb-a0b4-3cc18d864b88,covers,urn:uuid:442535ed-5be8-58d3-8429-8909f5aa2548,
urn:uuid:d7d303d0-d06c-54df-8c41-26bd4f2d6249,relation/unit/bab-2-kelengkapan/covers/surface/unit-017/formula/inline/113,urn:uuid:e56ffb9b-c5b0-5afb-a0b4-3cc18d864b88,covers,urn:uuid:812b1bb9-ff2f-5be5-889d-186f998f7c3f,
urn:uuid:5246138f-11a4-547e-a5ca-1d2985839567,relation/unit/bab-2-kelengkapan/covers/surface/unit-017/formula/inline/114,urn:uuid:e56ffb9b-c5b0-5afb-a0b4-3cc18d864b88,covers,urn:uuid:b5f40952-49fb-50fd-9136-b93f4714171c,
urn:uuid:35a86d42-7643-55e8-974d-7e057b965def,relation/unit/bab-2-kelengkapan/covers/surface/unit-017/formula/inline/115,urn:uuid:e56ffb9b-c5b0-5afb-a0b4-3cc18d864b88,covers,urn:uuid:0099db3f-b975-536f-b910-f5d2ad4e0982,
urn:uuid:d828b974-3778-5f51-8d0b-93e728a1d087,relation/unit/bab-2-kelengkapan/covers/surface/unit-017/formula/inline/116,urn:uuid:e56ffb9b-c5b0-5afb-a0b4-3cc18d864b88,covers,urn:uuid:7cc421f6-08bb-5b33-a2f3-e34ca5bad26f,
urn:uuid:b0461d66-29ef-52a5-aa46-cb1ce6b12885,relation/unit/bab-2-kelengkapan/covers/surface/unit-017/formula/inline/117,urn:uuid:e56ffb9b-c5b0-5afb-a0b4-3cc18d864b88,covers,urn:uuid:9a363abb-4393-5c0c-990a-a68e9156c9bd,
urn:uuid:b18cb5b3-7f01-5ddb-ad23-08efa131ac29,relation/unit/bab-2-kelengkapan/covers/surface/unit-017/formula/inline/118,urn:uuid:e56ffb9b-c5b0-5afb-a0b4-3cc18d864b88,covers,urn:uuid:3cf978b5-129a-573b-8e56-c6748940a7e3,
urn:uuid:049b8411-06e8-5234-abb4-1099643280ab,relation/unit/bab-2-kelengkapan/covers/surface/unit-017/formula/inline/119,urn:uuid:e56ffb9b-c5b0-5afb-a0b4-3cc18d864b88,covers,urn:uuid:b815cf47-6551-50db-a044-7c23b805d2be,
urn:uuid:09de4103-0262-5615-8096-87e3ca51c2e8,relation/unit/bab-2-kelengkapan/covers/surface/unit-017/formula/inline/120,urn:uuid:e56ffb9b-c5b0-5afb-a0b4-3cc18d864b88,covers,urn:uuid:7588c7ee-e909-5cf5-97e8-c75598cfecd6,
urn:uuid:b149e8aa-896e-56ce-abfb-7daa9ba78180,relation/unit/bab-2-kelengkapan/covers/surface/unit-017/formula/inline/121,urn:uuid:e56ffb9b-c5b0-5afb-a0b4-3cc18d864b88,covers,urn:uuid:4292d517-9aaf-54ec-9a79-2defb30fa869,
urn:uuid:e054c615-330f-58f4-a1b1-e3bf839d07d1,relation/unit/bab-2-kelengkapan/covers/surface/unit-017/formula/inline/122,urn:uuid:e56ffb9b-c5b0-5afb-a0b4-3cc18d864b88,covers,urn:uuid:e0c687fa-2d0b-55fb-a207-9174152c27c5,
urn:uuid:7db4a7fd-06c2-57f2-b2ae-a5af41c3b96b,relation/unit/bab-2-kelengkapan/covers/surface/unit-017/formula/inline/123,urn:uuid:e56ffb9b-c5b0-5afb-a0b4-3cc18d864b88,covers,urn:uuid:5367e394-6f44-5094-a65b-2d6c74e37239,
urn:uuid:766bb20f-ae86-5812-b10b-368ffdfcb6bf,relation/unit/bab-2-kelengkapan/covers/surface/unit-017/formula/inline/124,urn:uuid:e56ffb9b-c5b0-5afb-a0b4-3cc18d864b88,covers,urn:uuid:25fc603e-11eb-53af-acc1-e6f462b518e0,
urn:uuid:5f5ce766-a62e-5a5a-a799-24cbdd04e40c,relation/unit/bab-2-kelengkapan/covers/surface/unit-017/formula/inline/125,urn:uuid:e56ffb9b-c5b0-5afb-a0b4-3cc18d864b88,covers,urn:uuid:6a0ff35e-7d2e-56df-a29a-7955f1843f9a,
urn:uuid:49900a33-c453-57b8-a9d0-9f2244a88ba5,relation/unit/bab-2-kelengkapan/covers/surface/unit-017/formula/inline/126,urn:uuid:e56ffb9b-c5b0-5afb-a0b4-3cc18d864b88,covers,urn:uuid:cca367b7-5192-544b-b276-2f14d47e5cb8,
urn:uuid:8ed1092b-b86f-5aae-9630-03b55901c829,relation/unit/bab-2-kelengkapan/covers/surface/unit-017/formula/inline/127,urn:uuid:e56ffb9b-c5b0-5afb-a0b4-3cc18d864b88,covers,urn:uuid:63ace4da-0536-58c4-bbad-a00a2fe9c650,
urn:uuid:431e9122-1e8a-56f8-b648-afbd507a96d2,relation/unit/bab-2-kelengkapan/covers/surface/unit-017/formula/inline/128,urn:uuid:e56ffb9b-c5b0-5afb-a0b4-3cc18d864b88,covers,urn:uuid:181ee567-7867-517f-aa1d-a66c60f163ee,
urn:uuid:e71ed190-7689-58a2-b683-04b27185c7b1,relation/unit/bab-2-kelengkapan/covers/surface/unit-017/formula/inline/129,urn:uuid:e56ffb9b-c5b0-5afb-a0b4-3cc18d864b88,covers,urn:uuid:5cc509c9-e892-55c5-bb4e-7705e61c3b55,
urn:uuid:f908654d-361f-5f89-902a-3549077c9272,relation/unit/bab-2-kelengkapan/covers/surface/unit-017/formula/inline/130,urn:uuid:e56ffb9b-c5b0-5afb-a0b4-3cc18d864b88,covers,urn:uuid:e00adb84-8090-55ec-82c8-7100186ca81e,
urn:uuid:f1872458-d4c8-5aaf-a6a7-01f45c3faf36,relation/unit/bab-2-kelengkapan/covers/surface/unit-017/formula/inline/131,urn:uuid:e56ffb9b-c5b0-5afb-a0b4-3cc18d864b88,covers,urn:uuid:53aaceef-ab98-5585-9556-19db985be73c,
urn:uuid:2a8ebe35-7b92-5c8f-94a3-8b33adb91cf9,relation/unit/bab-2-kelengkapan/covers/surface/unit-017/formula/inline/132,urn:uuid:e56ffb9b-c5b0-5afb-a0b4-3cc18d864b88,covers,urn:uuid:87f65abb-a87a-5e2a-8696-ac7377b34f26,
urn:uuid:be78940e-1534-5f79-bdc8-f92897d33b18,relation/unit/bab-2-kelengkapan/covers/surface/unit-017/formula/inline/133,urn:uuid:e56ffb9b-c5b0-5afb-a0b4-3cc18d864b88,covers,urn:uuid:0c3ee7d1-b49e-5654-a3cf-5d9dc9de07e6,
urn:uuid:8f1b6270-b1e9-5fa6-8f8c-2cdd7216e15b,relation/unit/bab-2-kelengkapan/covers/surface/unit-017/formula/inline/134,urn:uuid:e56ffb9b-c5b0-5afb-a0b4-3cc18d864b88,covers,urn:uuid:cd33fb85-c20d-58d6-864c-b5437f15236f,
urn:uuid:f28a7777-56a3-5921-9086-df3785f61d22,relation/unit/bab-2-kelengkapan/covers/surface/unit-017/formula/inline/135,urn:uuid:e56ffb9b-c5b0-5afb-a0b4-3cc18d864b88,covers,urn:uuid:f91d051f-1ad0-5304-9c0e-b2a1d5ca709d,
urn:uuid:c5cb3be5-0c3e-5e92-ba20-21354cec12a6,relation/unit/bab-2-kelengkapan/covers/surface/unit-017/formula/inline/136,urn:uuid:e56ffb9b-c5b0-5afb-a0b4-3cc18d864b88,covers,urn:uuid:b5bd153c-7eea-5ca8-882b-8db60fed0747,
urn:uuid:73240e28-c67b-5438-aef6-6fe2b288cdd0,relation/unit/bab-2-kelengkapan/covers/surface/unit-017/formula/inline/137,urn:uuid:e56ffb9b-c5b0-5afb-a0b4-3cc18d864b88,covers,urn:uuid:256c758f-6f62-5014-92b0-ba515a52740f,
urn:uuid:43e4a4fd-9794-58a1-805d-663f94e23746,relation/unit/bab-2-kelengkapan/covers/surface/unit-017/formula/inline/138,urn:uuid:e56ffb9b-c5b0-5afb-a0b4-3cc18d864b88,covers,urn:uuid:152a8d5f-05d2-5732-a305-588c9f443b16,
urn:uuid:5f0a1bb2-1fb4-5dac-810b-cb70000e801d,relation/unit/bab-2-kelengkapan/covers/surface/unit-017/formula/inline/139,urn:uuid:e56ffb9b-c5b0-5afb-a0b4-3cc18d864b88,covers,urn:uuid:695d54f8-58a9-5bed-ba69-5e0fa0d66a12,
urn:uuid:72b142da-0fc9-5fb6-9446-ed01ee2bb98b,relation/unit/bab-2-kelengkapan/covers/surface/unit-017/formula/inline/140,urn:uuid:e56ffb9b-c5b0-5afb-a0b4-3cc18d864b88,covers,urn:uuid:5045990d-dc13-5bff-a198-ec1dccda2162,
urn:uuid:ad0d7550-ff47-5942-9827-b94d7a07d22a,relation/unit/bab-2-kelengkapan/covers/surface/unit-017/formula/inline/141,urn:uuid:e56ffb9b-c5b0-5afb-a0b4-3cc18d864b88,covers,urn:uuid:6aa73faf-339f-5977-bc80-ab3377385389,
urn:uuid:6548f0d3-8c22-5d21-965d-63a55a22d150,relation/unit/bab-2-kelengkapan/covers/surface/unit-017/formula/inline/142,urn:uuid:e56ffb9b-c5b0-5afb-a0b4-3cc18d864b88,covers,urn:uuid:19b3cd8d-91d7-50ab-b91a-ea98b0711a3c,
urn:uuid:4b7d24c8-aa70-5a0b-90e5-2874070778f0,relation/unit/bab-2-kelengkapan/covers/surface/unit-017/formula/inline/143,urn:uuid:e56ffb9b-c5b0-5afb-a0b4-3cc18d864b88,covers,urn:uuid:6ecae2f5-97cd-5f55-a6c7-1a23fd834268,
urn:uuid:8bd00269-27f8-51ea-a462-a0e4a38b191f,relation/unit/bab-2-kelengkapan/covers/surface/unit-017/formula/inline/144,urn:uuid:e56ffb9b-c5b0-5afb-a0b4-3cc18d864b88,covers,urn:uuid:ebd6876a-0431-5c08-a240-802c0e9d19e5,
urn:uuid:bd11ab51-8396-5fbc-98be-ca244619389b,relation/unit/bab-2-kelengkapan/covers/surface/unit-017/formula/inline/145,urn:uuid:e56ffb9b-c5b0-5afb-a0b4-3cc18d864b88,covers,urn:uuid:b97c2d5f-3368-529e-821d-26750ea5127b,
urn:uuid:dfbc97d0-8208-54b9-82b8-53c4974d180b,relation/unit/bab-2-kelengkapan/covers/surface/unit-017/formula/inline/146,urn:uuid:e56ffb9b-c5b0-5afb-a0b4-3cc18d864b88,covers,urn:uuid:d57cd4a1-b5c8-52c7-9454-e8c9b4cfe7f6,
urn:uuid:2489190f-13d1-50d0-808a-1d9b1e7d4bad,relation/unit/bab-2-kelengkapan/covers/surface/unit-017/formula/inline/147,urn:uuid:e56ffb9b-c5b0-5afb-a0b4-3cc18d864b88,covers,urn:uuid:bcbc288f-02bc-5fcd-ad2a-0c9f13e79688,
urn:uuid:6bc4b7e5-4699-5ab5-b48a-09a48ef03109,relation/unit/bab-2-kelengkapan/covers/surface/unit-017/formula/inline/148,urn:uuid:e56ffb9b-c5b0-5afb-a0b4-3cc18d864b88,covers,urn:uuid:f9cc6af9-1fc6-5575-8a28-ab98787d677a,
urn:uuid:a1db69e9-5f7d-54b0-8453-f34aaeb44215,relation/unit/bab-2-kelengkapan/covers/surface/unit-017/formula/inline/149,urn:uuid:e56ffb9b-c5b0-5afb-a0b4-3cc18d864b88,covers,urn:uuid:5bdbbaef-ba27-5276-821d-12c467358b56,
urn:uuid:aaff5578-3d38-5c53-9fe7-7c4137bdccad,relation/unit/bab-2-kelengkapan/covers/surface/unit-017/formula/inline/150,urn:uuid:e56ffb9b-c5b0-5afb-a0b4-3cc18d864b88,covers,urn:uuid:010270a5-f024-57a2-9754-751082052b8f,
urn:uuid:f943c4db-538b-5767-b7ee-6c5eecbb15d6,relation/unit/bab-2-kelengkapan/covers/surface/unit-017/formula/inline/151,urn:uuid:e56ffb9b-c5b0-5afb-a0b4-3cc18d864b88,covers,urn:uuid:eaf23b26-687a-5b44-8c84-ac655ccb1c66,
urn:uuid:e587a307-1db3-59ec-b930-bead38515273,relation/unit/bab-2-kelengkapan/covers/surface/unit-017/formula/inline/152,urn:uuid:e56ffb9b-c5b0-5afb-a0b4-3cc18d864b88,covers,urn:uuid:b4c5ca3f-6389-5087-aab3-16ec39fc673b,
urn:uuid:f2010e69-7855-58a4-9b9b-3a0802b68865,relation/unit/bab-2-kelengkapan/covers/surface/unit-017/formula/inline/153,urn:uuid:e56ffb9b-c5b0-5afb-a0b4-3cc18d864b88,covers,urn:uuid:a75e7783-67ea-537a-95b4-edb403e52ed9,
urn:uuid:d0de55a0-8025-500d-97f4-9f274d0408ba,relation/unit/bab-2-kelengkapan/covers/surface/unit-017/formula/inline/154,urn:uuid:e56ffb9b-c5b0-5afb-a0b4-3cc18d864b88,covers,urn:uuid:6d4b30b0-c55a-54dc-8f0d-443f555f898e,
urn:uuid:4722a5ce-3f23-5845-89b9-760ad3e022a1,relation/unit/bab-2-kelengkapan/covers/surface/unit-017/formula/inline/155,urn:uuid:e56ffb9b-c5b0-5afb-a0b4-3cc18d864b88,covers,urn:uuid:386109db-9f56-5ccd-a930-064a4d066076,
urn:uuid:fafc43a8-ac40-5d1a-ae8a-f2ac76e9869b,relation/unit/bab-2-kelengkapan/covers/surface/unit-017/formula/inline/156,urn:uuid:e56ffb9b-c5b0-5afb-a0b4-3cc18d864b88,covers,urn:uuid:60a7eb79-5b3d-5130-b058-90410ec12aef,
urn:uuid:96ec2630-7ead-59ff-bb05-55d356b0bca5,relation/unit/bab-2-kelengkapan/covers/surface/unit-017/formula/inline/157,urn:uuid:e56ffb9b-c5b0-5afb-a0b4-3cc18d864b88,covers,urn:uuid:26306ce6-9629-58b7-a64f-61fba3b61878,
urn:uuid:d47d0713-c4ff-51f9-a16d-6316d7ff2a67,relation/unit/bab-2-kelengkapan/covers/surface/unit-017/formula/inline/158,urn:uuid:e56ffb9b-c5b0-5afb-a0b4-3cc18d864b88,covers,urn:uuid:70d63375-8dc2-564d-a099-ce909c3851a6,
urn:uuid:d4f99843-08ab-5658-ab7b-a81116513c1f,relation/unit/bab-2-kelengkapan/covers/surface/unit-017/formula/inline/159,urn:uuid:e56ffb9b-c5b0-5afb-a0b4-3cc18d864b88,covers,urn:uuid:e03b8f11-315e-5c31-b6c7-a2b04c128d94,
urn:uuid:2843793f-ebe9-555f-886f-023496e3dbb4,relation/unit/bab-2-kelengkapan/covers/surface/unit-017/formula/inline/160,urn:uuid:e56ffb9b-c5b0-5afb-a0b4-3cc18d864b88,covers,urn:uuid:9ff53742-d1b3-5348-a388-4ee90e1595cf,
urn:uuid:b92a91b8-bcc5-558d-94f7-874fd12ef2ee,relation/unit/bab-2-kelengkapan/covers/surface/unit-017/formula/inline/161,urn:uuid:e56ffb9b-c5b0-5afb-a0b4-3cc18d864b88,covers,urn:uuid:8228c3cb-8dbd-544c-9fe2-9a10ff7e254f,
urn:uuid:0895e86b-1cef-535e-9b10-88420cd361cc,relation/unit/bab-2-kelengkapan/covers/surface/unit-017/formula/inline/162,urn:uuid:e56ffb9b-c5b0-5afb-a0b4-3cc18d864b88,covers,urn:uuid:fa504bbf-e09e-5f88-a470-7dcf63249f3e,
urn:uuid:ab83d8b7-2cb0-59b6-82cf-d96cf361abdb,relation/unit/bab-2-kelengkapan/covers/surface/unit-017/formula/inline/163,urn:uuid:e56ffb9b-c5b0-5afb-a0b4-3cc18d864b88,covers,urn:uuid:329f7379-5859-5c54-9a6f-9a7f68975de0,
urn:uuid:1cffc8c7-5240-56c5-b836-aafcbb410acb,relation/unit/bab-2-kelengkapan/covers/surface/unit-017/formula/inline/164,urn:uuid:e56ffb9b-c5b0-5afb-a0b4-3cc18d864b88,covers,urn:uuid:788a8c0f-d967-578f-9b71-e8191716160c,
urn:uuid:c28838ce-da47-5f1b-8358-c1ff6293babb,relation/unit/bab-2-kelengkapan/covers/surface/unit-017/formula/inline/165,urn:uuid:e56ffb9b-c5b0-5afb-a0b4-3cc18d864b88,covers,urn:uuid:d13eeaef-f56a-5c4d-95d7-2aac98f6ee24,
urn:uuid:19817d45-f700-53f7-908e-36e6a37546ef,relation/unit/bab-2-kelengkapan/covers/surface/unit-017/formula/inline/166,urn:uuid:e56ffb9b-c5b0-5afb-a0b4-3cc18d864b88,covers,urn:uuid:42a406a5-5e60-5663-817d-c24bf55f3c39,
urn:uuid:e1e76088-b99f-5675-972b-50d4d26d2419,relation/unit/bab-2-kelengkapan/covers/surface/unit-017/formula/inline/167,urn:uuid:e56ffb9b-c5b0-5afb-a0b4-3cc18d864b88,covers,urn:uuid:1797b8f7-4133-5934-a51e-b9b9b6e56aed,
urn:uuid:f583dc2b-5454-5636-967e-ec6f9cb03e4a,relation/unit/bab-2-kelengkapan/covers/surface/unit-017/formula/inline/168,urn:uuid:e56ffb9b-c5b0-5afb-a0b4-3cc18d864b88,covers,urn:uuid:ba80dcdf-933f-5d2f-81d3-ac023c81b397,
urn:uuid:16777e65-4c38-53b6-a4f5-8cb38987f9e2,relation/unit/bab-2-kelengkapan/covers/surface/unit-017/formula/inline/169,urn:uuid:e56ffb9b-c5b0-5afb-a0b4-3cc18d864b88,covers,urn:uuid:40e18b04-20d7-5df8-a771-55a3575adac7,
urn:uuid:5f30e02d-4932-53a2-862f-9789de7240be,relation/unit/bab-2-kelengkapan/covers/surface/unit-017/formula/inline/170,urn:uuid:e56ffb9b-c5b0-5afb-a0b4-3cc18d864b88,covers,urn:uuid:9f45f89e-943d-5bff-a942-1247fc7068e8,
urn:uuid:4f450225-cd4c-577c-99bd-c9d2689a4e3e,relation/unit/bab-2-kelengkapan/covers/surface/unit-017/formula/inline/171,urn:uuid:e56ffb9b-c5b0-5afb-a0b4-3cc18d864b88,covers,urn:uuid:ba528aa7-b0dd-52d3-a5d9-5a486cd49f16,
urn:uuid:2cf21a8b-ebd4-5ffc-ac77-bf29804ab848,relation/unit/bab-2-kelengkapan/covers/surface/unit-017/formula/inline/172,urn:uuid:e56ffb9b-c5b0-5afb-a0b4-3cc18d864b88,covers,urn:uuid:53901ecb-aab9-5909-951d-90acbf14e241,
urn:uuid:88c57a78-87f2-54d3-951e-814790b715b3,relation/unit/bab-2-kelengkapan/covers/surface/unit-017/formula/inline/173,urn:uuid:e56ffb9b-c5b0-5afb-a0b4-3cc18d864b88,covers,urn:uuid:233eed04-1aa8-5441-ac6e-57c916536633,
urn:uuid:b4c176f6-a74d-59c7-aa4c-e0287f362e40,relation/unit/bab-2-kelengkapan/covers/surface/unit-017/formula/inline/174,urn:uuid:e56ffb9b-c5b0-5afb-a0b4-3cc18d864b88,covers,urn:uuid:ca7a0f11-ebe5-5381-a3f3-3bd6b997c446,
urn:uuid:70d4f964-4b1a-5c41-be5f-f1fd08a6e434,relation/unit/bab-2-kelengkapan/covers/surface/unit-017/formula/inline/175,urn:uuid:e56ffb9b-c5b0-5afb-a0b4-3cc18d864b88,covers,urn:uuid:28d5f86a-a1cf-5585-8365-352b0ea8a5bf,
urn:uuid:2148397b-6366-5b7b-8334-7f4ce0fe8637,relation/unit/bab-2-kelengkapan/covers/surface/unit-017/formula/inline/176,urn:uuid:e56ffb9b-c5b0-5afb-a0b4-3cc18d864b88,covers,urn:uuid:15889446-cb6b-50c8-b8eb-2391e4f4575a,
urn:uuid:225a58bf-e33d-5be8-a862-7c1b1cf5ef00,relation/unit/bab-2-kelengkapan/covers/surface/unit-017/formula/inline/177,urn:uuid:e56ffb9b-c5b0-5afb-a0b4-3cc18d864b88,covers,urn:uuid:a8f60329-ebc9-5d79-b480-ab9c23263acf,
urn:uuid:d3181978-8237-5ee7-9771-e9de166a3ed4,relation/unit/bab-2-kelengkapan/covers/surface/unit-017/formula/inline/178,urn:uuid:e56ffb9b-c5b0-5afb-a0b4-3cc18d864b88,covers,urn:uuid:7dcf1a8b-1da2-5a5f-9a51-e533004c5bfb,
urn:uuid:daec678e-96cd-5095-a8f3-06dc0868e17c,relation/unit/bab-2-kelengkapan/covers/surface/unit-017/formula/inline/179,urn:uuid:e56ffb9b-c5b0-5afb-a0b4-3cc18d864b88,covers,urn:uuid:10193f74-ad8e-55ce-9cf0-ad5ce43d4338,
urn:uuid:5bdb5c9f-b875-58b9-bb5b-b51428b70d25,relation/unit/bab-2-kelengkapan/covers/surface/unit-017/formula/inline/180,urn:uuid:e56ffb9b-c5b0-5afb-a0b4-3cc18d864b88,covers,urn:uuid:6236852c-fa73-52d3-9237-b59db52a100d,
urn:uuid:7fc90827-bfbc-517b-81a2-2f65456e6ef0,relation/unit/bab-2-kelengkapan/covers/surface/unit-017/formula/inline/181,urn:uuid:e56ffb9b-c5b0-5afb-a0b4-3cc18d864b88,covers,urn:uuid:5adb6aa2-dfee-507c-9f46-8c5933b60bd9,
urn:uuid:763d3985-8017-5c6d-a431-e8e03d582cc3,relation/unit/bab-2-kelengkapan/covers/surface/unit-017/formula/inline/182,urn:uuid:e56ffb9b-c5b0-5afb-a0b4-3cc18d864b88,covers,urn:uuid:ddded710-a317-53a0-8128-a638880a4c8a,
urn:uuid:67fb683e-bd8d-5d98-9c4c-ab620781b565,relation/unit/bab-2-kelengkapan/covers/surface/unit-017/formula/inline/183,urn:uuid:e56ffb9b-c5b0-5afb-a0b4-3cc18d864b88,covers,urn:uuid:11e1f5c6-e4d7-544e-9168-15f9b28bd6e9,
urn:uuid:27dc9473-81c3-58df-89dd-caf288650ebe,relation/unit/bab-2-kelengkapan/covers/surface/unit-017/formula/inline/184,urn:uuid:e56ffb9b-c5b0-5afb-a0b4-3cc18d864b88,covers,urn:uuid:761e8ccc-28b7-5091-ab27-64c825cfa09b,
urn:uuid:6c6688e4-6fd6-58c2-8153-e1b12e07559e,relation/unit/bab-2-kelengkapan/covers/surface/unit-017/formula/inline/185,urn:uuid:e56ffb9b-c5b0-5afb-a0b4-3cc18d864b88,covers,urn:uuid:08c7a4a9-7a11-5173-b68e-bcd14b73d07a,
urn:uuid:ef910af7-5a8c-5a53-af57-416fb75363d8,relation/unit/bab-2-kelengkapan/covers/surface/unit-017/formula/inline/186,urn:uuid:e56ffb9b-c5b0-5afb-a0b4-3cc18d864b88,covers,urn:uuid:f0274551-e70f-5000-8a43-19b7bccbaa78,
urn:uuid:c66e52ce-14a7-5ef9-8679-b0309f8f80f4,relation/unit/bab-2-kelengkapan/covers/surface/unit-017/formula/inline/187,urn:uuid:e56ffb9b-c5b0-5afb-a0b4-3cc18d864b88,covers,urn:uuid:e20dfc53-4036-5ccc-bb76-4012ff8b57de,
urn:uuid:cf20711c-0822-5cb1-878b-1cdedd4edead,relation/unit/bab-2-kelengkapan/covers/surface/unit-017/formula/inline/188,urn:uuid:e56ffb9b-c5b0-5afb-a0b4-3cc18d864b88,covers,urn:uuid:b940a614-61fd-59ab-99dd-f1c45c5bb528,
urn:uuid:ef18f6ae-c69a-5907-8043-2bc3925821a0,relation/unit/bab-2-kelengkapan/covers/surface/unit-017/formula/inline/189,urn:uuid:e56ffb9b-c5b0-5afb-a0b4-3cc18d864b88,covers,urn:uuid:7a9056a1-b106-5332-ba23-5d459a844c78,
urn:uuid:270431f2-13c8-5cd9-bbc0-4e1a4e174ca6,relation/unit/bab-2-kelengkapan/covers/surface/unit-017/formula/inline/190,urn:uuid:e56ffb9b-c5b0-5afb-a0b4-3cc18d864b88,covers,urn:uuid:fa9181ae-5bfe-57d7-9318-63725e35014c,
urn:uuid:e02c7562-71ca-5e76-a00c-7e004be2e77d,relation/unit/bab-2-kelengkapan/covers/surface/unit-017/formula/inline/191,urn:uuid:e56ffb9b-c5b0-5afb-a0b4-3cc18d864b88,covers,urn:uuid:465ecb62-175f-5f16-ab09-1de04ee2393f,
urn:uuid:1e77e07d-e343-5163-8485-349a96aa42e0,relation/unit/bab-2-kelengkapan/covers/surface/unit-017/formula/inline/192,urn:uuid:e56ffb9b-c5b0-5afb-a0b4-3cc18d864b88,covers,urn:uuid:817eacf5-d33e-5659-b72c-80eb1579be76,
urn:uuid:ea89a343-121f-5278-9be4-731288f8b934,relation/unit/bab-2-kelengkapan/covers/surface/unit-017/formula/inline/193,urn:uuid:e56ffb9b-c5b0-5afb-a0b4-3cc18d864b88,covers,urn:uuid:0c81753f-4f3f-554f-8ee8-8af0ca84f717,
urn:uuid:404fd743-e4a1-5046-9af9-e32c90bc844b,relation/unit/bab-2-kelengkapan/covers/surface/unit-017/formula/inline/194,urn:uuid:e56ffb9b-c5b0-5afb-a0b4-3cc18d864b88,covers,urn:uuid:85fab72d-5ace-55bf-8309-c1990d57745c,
urn:uuid:f6a5b33a-8476-5082-ac05-295243266527,relation/unit/bab-2-kelengkapan/covers/surface/unit-017/formula/inline/195,urn:uuid:e56ffb9b-c5b0-5afb-a0b4-3cc18d864b88,covers,urn:uuid:d0e28f10-ceb6-5a20-b71e-3317c38cbdd1,
urn:uuid:684ff677-d3a6-5893-a2e8-07caebdac2d7,relation/unit/bab-2-kelengkapan/covers/surface/unit-017/formula/inline/196,urn:uuid:e56ffb9b-c5b0-5afb-a0b4-3cc18d864b88,covers,urn:uuid:4121e0fe-122f-59d1-91a2-7c457c0841aa,
urn:uuid:9a173220-dabe-5bf3-b406-c21c47a90fd8,relation/unit/bab-2-kelengkapan/covers/surface/unit-017/formula/inline/197,urn:uuid:e56ffb9b-c5b0-5afb-a0b4-3cc18d864b88,covers,urn:uuid:88c130a9-b878-5620-98f3-94153a3fb202,
urn:uuid:de6a6db5-4ec6-51bf-8eec-f677770c4b48,relation/unit/bab-2-kelengkapan/covers/surface/unit-017/formula/inline/198,urn:uuid:e56ffb9b-c5b0-5afb-a0b4-3cc18d864b88,covers,urn:uuid:8853268c-74f6-55d1-97e5-fc291c65341b,
urn:uuid:cbf06583-dfe0-5e12-9ae6-635676053097,relation/unit/bab-2-kelengkapan/covers/surface/unit-017/formula/inline/199,urn:uuid:e56ffb9b-c5b0-5afb-a0b4-3cc18d864b88,covers,urn:uuid:575cf736-9476-5a63-9912-cac93e1ff04e,
urn:uuid:d044fdbb-b262-57d0-bd0a-5386b36a3414,relation/unit/bab-2-kelengkapan/covers/surface/unit-017/label/001,urn:uuid:e56ffb9b-c5b0-5afb-a0b4-3cc18d864b88,covers,urn:uuid:04baad72-9f8c-52e3-9df1-f233da680c67,
urn:uuid:03b59c59-133c-5cb0-90cb-63144f32a868,relation/unit/bab-2-kelengkapan/covers/surface/unit-017/label/002,urn:uuid:e56ffb9b-c5b0-5afb-a0b4-3cc18d864b88,covers,urn:uuid:7487f242-b105-50ad-b180-e8a1d8ea64de,
urn:uuid:a93c10a8-2eaf-54a7-8277-4397b14d50ad,relation/unit/bab-2-kelengkapan/covers/surface/unit-017/label/003,urn:uuid:e56ffb9b-c5b0-5afb-a0b4-3cc18d864b88,covers,urn:uuid:91fd410d-247c-5f16-a170-45e0bc5a4087,
urn:uuid:bb7bd81e-6aa1-5c92-aa59-8ad5a44ce04b,relation/unit/bab-2-kelengkapan/covers/surface/unit-017/label/004,urn:uuid:e56ffb9b-c5b0-5afb-a0b4-3cc18d864b88,covers,urn:uuid:34b35b78-7d8e-50d6-b998-d8d615f4f982,
urn:uuid:9c224526-9d3e-5731-a4f5-cb5e87c38fff,relation/unit/bab-2-kelengkapan/covers/surface/unit-017/label/005,urn:uuid:e56ffb9b-c5b0-5afb-a0b4-3cc18d864b88,covers,urn:uuid:4ee14950-321e-5520-9f3b-0dadff9a61d7,
urn:uuid:110c6d68-7273-5a5b-b8d1-a182647186cf,relation/unit/bab-2-kelengkapan/covers/surface/unit-017/label/006,urn:uuid:e56ffb9b-c5b0-5afb-a0b4-3cc18d864b88,covers,urn:uuid:29c7dc30-fc94-541a-ad32-f3ef6e0f1ae2,
urn:uuid:bfafcecc-ac26-56a0-9589-97e9005b8721,relation/unit/bab-2-kelengkapan/covers/surface/unit-017/label/007,urn:uuid:e56ffb9b-c5b0-5afb-a0b4-3cc18d864b88,covers,urn:uuid:1da3b402-8fec-5a72-b530-5725f717ffd1,
urn:uuid:cd2ce971-3030-5e49-8f88-3c68a7202053,relation/unit/bab-2-kelengkapan/covers/surface/unit-017/label/008,urn:uuid:e56ffb9b-c5b0-5afb-a0b4-3cc18d864b88,covers,urn:uuid:40708f51-f9c2-5468-862a-2c45a2925e27,
urn:uuid:c1c306d7-7fb2-5b6c-b6d2-7039d2656b36,relation/unit/bab-2-kelengkapan/covers/surface/unit-017/label/009,urn:uuid:e56ffb9b-c5b0-5afb-a0b4-3cc18d864b88,covers,urn:uuid:90d1c08a-f6e5-59d4-8bd7-8b48096d8874,
urn:uuid:d02f6dc7-128c-5c27-88e4-32bfe9acf47f,relation/unit/bab-2-kelengkapan/covers/surface/unit-017/label/010,urn:uuid:e56ffb9b-c5b0-5afb-a0b4-3cc18d864b88,covers,urn:uuid:99a8498a-2147-5d4c-89a1-4cb7587b353a,
urn:uuid:914d4d73-65bc-5de8-91ca-282a575c3bce,relation/unit/bab-2-kelengkapan/covers/surface/unit-017/label/011,urn:uuid:e56ffb9b-c5b0-5afb-a0b4-3cc18d864b88,covers,urn:uuid:5494d104-09a8-5d31-b801-6fd7118a72e1,
urn:uuid:39410c3c-fc40-5f66-ad91-f578c282d0e2,relation/unit/bab-2-kelengkapan/covers/surface/unit-017/reference/equation/001,urn:uuid:e56ffb9b-c5b0-5afb-a0b4-3cc18d864b88,covers,urn:uuid:a18dbd6e-d159-5148-88de-5aed7c146174,
urn:uuid:cf5a0703-fb87-5014-880c-fd594b7ac948,relation/unit/bab-2-kelengkapan/covers/surface/unit-017/reference/equation/002,urn:uuid:e56ffb9b-c5b0-5afb-a0b4-3cc18d864b88,covers,urn:uuid:1e0c8c4a-ec40-5d7f-ba26-0c298c7a7948,
urn:uuid:921de3a3-b57a-5cf9-a968-d862c0e77645,relation/unit/bab-2-kelengkapan/covers/surface/unit-017/reference/equation/003,urn:uuid:e56ffb9b-c5b0-5afb-a0b4-3cc18d864b88,covers,urn:uuid:2cb6d666-1714-506f-b55c-dc5fd70564bf,
urn:uuid:29a03ca4-ece5-585b-ab22-dd58d5872eb6,relation/unit/bab-2-kelengkapan/covers/surface/unit-017/reference/equation/004,urn:uuid:e56ffb9b-c5b0-5afb-a0b4-3cc18d864b88,covers,urn:uuid:88aaf1aa-68e8-5570-8dad-5c026b101523,
urn:uuid:9ef7c4c4-c5ea-5640-bafc-024f0fe90df0,relation/unit/bab-2-kelengkapan/covers/surface/unit-017/reference/equation/005,urn:uuid:e56ffb9b-c5b0-5afb-a0b4-3cc18d864b88,covers,urn:uuid:6f7bf49d-1436-5149-90cb-7a17d6f09828,
urn:uuid:87c01e24-c301-5d24-b69f-721145a358be,relation/unit/bab-2-kelengkapan/covers/surface/unit-017/reference/ordinary/001,urn:uuid:e56ffb9b-c5b0-5afb-a0b4-3cc18d864b88,covers,urn:uuid:abce9cbc-32ac-58f2-b978-9beca2268729,
urn:uuid:28341fe0-a6c4-56c2-848b-cb7e197b9171,relation/unit/bab-2-kelengkapan/covers/surface/unit-017/reference/ordinary/002,urn:uuid:e56ffb9b-c5b0-5afb-a0b4-3cc18d864b88,covers,urn:uuid:ea93a5e0-07c9-598d-956c-7d813912d734,
urn:uuid:7684aa54-13e2-5d87-9124-67624d5801fe,relation/unit/bab-2-kelengkapan/covers/surface/unit-017/reference/ordinary/003,urn:uuid:e56ffb9b-c5b0-5afb-a0b4-3cc18d864b88,covers,urn:uuid:5738135e-fe96-5023-afc9-e2d1f6791924,
urn:uuid:90846435-1cfd-5fae-9345-eebc02c97e1f,relation/unit/bab-2-kelengkapan/covers/surface/unit-017/reference/ordinary/004,urn:uuid:e56ffb9b-c5b0-5afb-a0b4-3cc18d864b88,covers,urn:uuid:012adda1-e09d-57dc-b7cc-f93c8b28a7d0,
urn:uuid:08450a8b-63d3-5f81-8f9a-57063ce06dde,relation/unit/bab-2-kelengkapan/covers/surface/unit-017/reference/ordinary/005,urn:uuid:e56ffb9b-c5b0-5afb-a0b4-3cc18d864b88,covers,urn:uuid:939ead6b-ec0c-54ca-bef7-506d8266c211,
urn:uuid:fa947e7c-2966-50be-8ea2-e4699ceded6a,relation/unit/bab-2-kelengkapan/covers/surface/unit-017/reference/ordinary/006,urn:uuid:e56ffb9b-c5b0-5afb-a0b4-3cc18d864b88,covers,urn:uuid:4a51fba8-087b-5ef1-a68c-50f300543efa,
urn:uuid:c270c9e8-a565-57fa-8695-6688f4bff353,relation/unit/bab-2-kelengkapan/covers/surface/unit-017/reference/ordinary/007,urn:uuid:e56ffb9b-c5b0-5afb-a0b4-3cc18d864b88,covers,urn:uuid:b93e2388-6399-58f3-b1e2-aef5fb081f48,
urn:uuid:1783cee3-b935-5279-9146-a02bb87317b2,relation/unit/bab-2-kelengkapan/covers/surface/unit-017/reference/ordinary/008,urn:uuid:e56ffb9b-c5b0-5afb-a0b4-3cc18d864b88,covers,urn:uuid:3924ddb6-bf79-5da8-840e-029a62dbdcc0,
urn:uuid:68386849-6c4d-5daf-b6de-13d4d8ab4f08,relation/unit/bab-2-kelengkapan/covers/surface/unit-017/reference/ordinary/009,urn:uuid:e56ffb9b-c5b0-5afb-a0b4-3cc18d864b88,covers,urn:uuid:fee72156-3280-5afc-bec9-8393265569b7,
urn:uuid:6cd12341-ebbb-5a28-a77a-d3d6310b5295,relation/unit/bab-2-kelengkapan/covers/surface/unit-017/reference/ordinary/010,urn:uuid:e56ffb9b-c5b0-5afb-a0b4-3cc18d864b88,covers,urn:uuid:fb78aa64-3f0c-5f96-ba7c-88d01c8fc4a1,
urn:uuid:b9f0b89a-4a0b-5e90-a0c2-255b21ce0f66,relation/unit/bab-2-kelengkapan/covers/surface/unit-017/reference/ordinary/011,urn:uuid:e56ffb9b-c5b0-5afb-a0b4-3cc18d864b88,covers,urn:uuid:e2f8a60f-792e-5842-b8b1-c71e5627f1d8,
urn:uuid:e8c57a1d-3d3e-5e30-94be-c358f3da6ba6,relation/unit/bab-2-kelengkapan/covers/surface/unit-017/reference/ordinary/012,urn:uuid:e56ffb9b-c5b0-5afb-a0b4-3cc18d864b88,covers,urn:uuid:bf5b83e3-5ddb-5311-a437-e5b40f77a0a0,
urn:uuid:ca1b40a4-4eb4-583c-8a7c-8a4f37d6362b,relation/unit/bab-2-kelengkapan/covers/surface/unit-017/reference/ordinary/013,urn:uuid:e56ffb9b-c5b0-5afb-a0b4-3cc18d864b88,covers,urn:uuid:82fda1ce-6179-59a7-aa3c-987335789549,
urn:uuid:f1754213-81a2-5301-9785-93d701ba50f1,relation/unit/bab-2-kelengkapan/covers/surface/unit-017/reference/ordinary/014,urn:uuid:e56ffb9b-c5b0-5afb-a0b4-3cc18d864b88,covers,urn:uuid:7ce2d948-d553-5bc7-b2f5-54384d5eaa7c,
urn:uuid:bf27f751-52f7-5fac-a641-c0e4e3469fc8,relation/unit/bab-2-kelengkapan/covers/surface/unit-017/reference/ordinary/015,urn:uuid:e56ffb9b-c5b0-5afb-a0b4-3cc18d864b88,covers,urn:uuid:35616ddc-4418-50aa-b9c1-c3936b08d006,
urn:uuid:ae8e8416-7b08-55d8-82fe-a5ad90c71093,relation/unit/bab-2-kelengkapan/covers/surface/unit-017/reference/ordinary/016,urn:uuid:e56ffb9b-c5b0-5afb-a0b4-3cc18d864b88,covers,urn:uuid:c077b756-879d-59be-8623-90d904a01b71,
urn:uuid:9218e51d-be2b-511d-8974-4a694f07be1f,relation/unit/bab-2-kelengkapan/covers/surface/unit-017/reference/ordinary/017,urn:uuid:e56ffb9b-c5b0-5afb-a0b4-3cc18d864b88,covers,urn:uuid:57d47cbf-93b2-5b65-81bb-788150486c7a,
urn:uuid:2566931e-1529-5fe7-a9e5-3933a4374866,relation/unit/bab-2-kelengkapan/covers/surface/unit-017/reference/ordinary/018,urn:uuid:e56ffb9b-c5b0-5afb-a0b4-3cc18d864b88,covers,urn:uuid:9a5f8619-7c61-55c2-9328-731e458311b1,
urn:uuid:aa9fa074-852d-53c2-924d-92cc7b421733,relation/unit/bab-2-kelengkapan/covers/surface/unit-017/reference/ordinary/019,urn:uuid:e56ffb9b-c5b0-5afb-a0b4-3cc18d864b88,covers,urn:uuid:373883b7-6a93-5968-93a6-42c1b43319c9,
urn:uuid:c7d504ab-162b-50b3-8c72-9a4b35c839bb,relation/unit/bab-2-kelengkapan/covers/surface/unit-017/reference/ordinary/020,urn:uuid:e56ffb9b-c5b0-5afb-a0b4-3cc18d864b88,covers,urn:uuid:0af578d2-d844-5742-bb45-febfac08772c,
urn:uuid:fc7f1ba3-b758-5ec9-975a-be8a7e2ef539,relation/unit/bab-2-kelengkapan/covers/surface/unit-017/reference/ordinary/021,urn:uuid:e56ffb9b-c5b0-5afb-a0b4-3cc18d864b88,covers,urn:uuid:13cd3747-6274-55d1-832f-5db4940f3ebd,
urn:uuid:eebcbd22-91e6-5ae4-8441-14c5e84beb6a,relation/unit/bab-2-kelengkapan/covers/surface/unit-017/reference/ordinary/022,urn:uuid:e56ffb9b-c5b0-5afb-a0b4-3cc18d864b88,covers,urn:uuid:4a24ac4b-4006-5f05-9883-fa29a7051319,
urn:uuid:64e9b5c5-3a87-5438-8290-2d6e35daecde,relation/unit/bab-2-kelengkapan/covers/surface/unit-017/reference/ordinary/023,urn:uuid:e56ffb9b-c5b0-5afb-a0b4-3cc18d864b88,covers,urn:uuid:d74d4d7f-25a0-5a5c-9c3d-a37376b79014,
urn:uuid:cd628d44-9922-538d-b959-7805dc340315,relation/unit/bab-2-kelengkapan/covers/surface/unit-017/reference/ordinary/024,urn:uuid:e56ffb9b-c5b0-5afb-a0b4-3cc18d864b88,covers,urn:uuid:baf04c21-a1d7-5095-8962-744916edc8df,
urn:uuid:a883a89f-ae66-55ed-ba70-9dfa7f730252,relation/unit/bab-2-kelengkapan/covers/surface/unit-017/reference/ordinary/025,urn:uuid:e56ffb9b-c5b0-5afb-a0b4-3cc18d864b88,covers,urn:uuid:8850c34d-e24e-547f-bd9c-b7131a876230,
urn:uuid:84d7b0d2-7fdf-52b9-bbd5-18e460297323,relation/unit/bab-2-kelengkapan/covers/surface/unit-017/reference/ordinary/026,urn:uuid:e56ffb9b-c5b0-5afb-a0b4-3cc18d864b88,covers,urn:uuid:35b5281f-d753-52fa-8da7-273a11162f5a,
urn:uuid:405b2b6a-1af4-5547-8e45-e6520f05b0b9,relation/unit/bab-2-kelengkapan/covers/surface/unit-017/reference/ordinary/027,urn:uuid:e56ffb9b-c5b0-5afb-a0b4-3cc18d864b88,covers,urn:uuid:dfc9d4d6-5343-57d3-b9be-18311173ebc3,
urn:uuid:86ad89f0-514c-5b00-880f-17cf9bc8b996,relation/unit/bab-2-kelengkapan/covers/surface/unit-017/reference/ordinary/028,urn:uuid:e56ffb9b-c5b0-5afb-a0b4-3cc18d864b88,covers,urn:uuid:7827bd80-de72-5a06-aa5d-959c2f366bb4,
urn:uuid:59a61113-65a5-5229-88cc-823caaae2d66,relation/unit/bab-2-kelengkapan/covers/surface/unit-017/reference/ordinary/029,urn:uuid:e56ffb9b-c5b0-5afb-a0b4-3cc18d864b88,covers,urn:uuid:d7367b84-4517-5505-baf9-6a28e9def153,
urn:uuid:464ba182-e685-538b-b9a7-3ccb8a8c7ed3,relation/unit/bab-2-kelengkapan/covers/surface/unit-017/reference/ordinary/030,urn:uuid:e56ffb9b-c5b0-5afb-a0b4-3cc18d864b88,covers,urn:uuid:92af4130-d14a-5eca-8d79-bb0369b6f239,
urn:uuid:6259ad1c-b712-5256-9795-c841d578a26a,relation/unit/bab-2-kelengkapan/covers/surface/unit-017/reference/ordinary/031,urn:uuid:e56ffb9b-c5b0-5afb-a0b4-3cc18d864b88,covers,urn:uuid:7365fc21-ae6d-5942-a076-bb38143939e1,
urn:uuid:347d348e-4210-5ab6-b5ec-3bb38132dd5f,relation/unit/bab-2-kelengkapan/covers/surface/unit-017/reference/ordinary/032,urn:uuid:e56ffb9b-c5b0-5afb-a0b4-3cc18d864b88,covers,urn:uuid:5acfd458-ee70-5c6b-9eb0-ba0f12dfc402,
urn:uuid:a12f56a3-a803-55ed-86f2-2a44614e1569,relation/unit/bab-2-kelengkapan/covers/surface/unit-017/reference/ordinary/033,urn:uuid:e56ffb9b-c5b0-5afb-a0b4-3cc18d864b88,covers,urn:uuid:5c3e3a5e-a68f-50c4-aacd-40467daf71d0,
urn:uuid:2a52b3f3-5faa-5e5d-b6ac-01cc12bb5288,relation/unit/bab-2-kelengkapan/covers/surface/unit-017/reference/ordinary/034,urn:uuid:e56ffb9b-c5b0-5afb-a0b4-3cc18d864b88,covers,urn:uuid:dfcde98d-4221-56b7-b2fd-0c5addc12245,
urn:uuid:e880b768-6c52-5657-a77a-92ceb04d5c7f,relation/unit/bab-2-kelengkapan/covers/surface/unit-017/reference/ordinary/035,urn:uuid:e56ffb9b-c5b0-5afb-a0b4-3cc18d864b88,covers,urn:uuid:a555e6d5-b325-529b-b24a-88ae7a9f0ecc,
urn:uuid:a9c0d7a1-ea30-5005-b038-83975a03db40,relation/unit/bab-2-kelengkapan/governed-by/rights/ajbook-fragment-cc-by-sa-3.0,urn:uuid:e56ffb9b-c5b0-5afb-a0b4-3cc18d864b88,governed-by,urn:uuid:10faf5cd-990f-5850-87b4-26922b062485,
urn:uuid:92c60799-b8ea-554d-a4e7-8c679c118ec9,relation/unit/bab-2-kelengkapan/governed-by/rights/noto-fonts-ofl-1.1,urn:uuid:e56ffb9b-c5b0-5afb-a0b4-3cc18d864b88,governed-by,urn:uuid:b9f7a7a7-8e18-507a-b72e-b5de733a7430,
urn:uuid:5d623806-f2af-5057-80a2-e0072f9d8988,relation/unit/bab-2-kelengkapan/governed-by/rights/principal-cc-by-4.0,urn:uuid:e56ffb9b-c5b0-5afb-a0b4-3cc18d864b88,governed-by,urn:uuid:0baf6c47-021d-5310-9475-81519e710250,
urn:uuid:25d288a2-f6ad-5cf2-a6eb-87b3f9f6cf8c,relation/unit/bab-2-kelengkapan/requires/prerequisite/basic-mathematical-literacy,urn:uuid:e56ffb9b-c5b0-5afb-a0b4-3cc18d864b88,requires,urn:uuid:8fb6c957-7285-5258-978c-e1369c7e39d7,prelude.tex:49-60
urn:uuid:6b6de048-888c-5dc8-9afe-63d6dbd5d333,relation/unit/bab-2-kelengkapan/requires/prerequisite/categories-and-morphisms,urn:uuid:e56ffb9b-c5b0-5afb-a0b4-3cc18d864b88,requires,urn:uuid:dd69ccfd-7399-53a2-83fe-84127b1baf1d,prelude.tex:49-60
urn:uuid:9974a187-f5c0-53c2-a244-61d9b103f1d8,relation/unit/bab-2-kelengkapan/requires/prerequisite/cauchy-sequences-and-completeness,urn:uuid:e56ffb9b-c5b0-5afb-a0b4-3cc18d864b88,requires,urn:uuid:b9018862-5027-50f5-9947-a9a9526cc91f,prelude.tex:49-60
urn:uuid:edcab960-a488-5514-a31e-168c06b3efb9,relation/unit/bab-2-kelengkapan/requires/prerequisite/elementary-number-theory,urn:uuid:e56ffb9b-c5b0-5afb-a0b4-3cc18d864b88,requires,urn:uuid:cae14762-1ca0-5a11-aad9-20c81d540fee,prelude.tex:49-60
urn:uuid:9f3d549e-9096-5ccb-93b3-4ca13f13db05,relation/unit/bab-2-kelengkapan/requires/prerequisite/elementary-set-theory,urn:uuid:e56ffb9b-c5b0-5afb-a0b4-3cc18d864b88,requires,urn:uuid:00f7d0ea-1b60-51da-843f-cca760a368e4,prelude.tex:49-60
urn:uuid:b21a05c0-4702-5592-87dc-b23f830402cd,relation/unit/bab-2-kelengkapan/requires/prerequisite/functor-categories,urn:uuid:e56ffb9b-c5b0-5afb-a0b4-3cc18d864b88,requires,urn:uuid:e3c2ed29-b6a0-5f8d-9613-6f2b41d962c8,prelude.tex:49-60
urn:uuid:680b3ea5-721b-5e62-9ba5-83c489e895a1,relation/unit/bab-2-kelengkapan/requires/prerequisite/functors-and-natural-transformations,urn:uuid:e56ffb9b-c5b0-5afb-a0b4-3cc18d864b88,requires,urn:uuid:3e864ace-90f6-56b3-8ce5-2e0690dbc9f8,prelude.tex:49-60
urn:uuid:a2d3da7d-0049-5107-a691-2f199da03bed,relation/unit/bab-2-kelengkapan/requires/prerequisite/limits-and-colimits,urn:uuid:e56ffb9b-c5b0-5afb-a0b4-3cc18d864b88,requires,urn:uuid:c0b1a30a-634a-5e76-98d3-49bde5a5821c,prelude.tex:49-60
urn:uuid:2fa1b5e2-8b63-5113-a7a9-7f326ab2cf75,relation/unit/bab-2-kelengkapan/requires/prerequisite/linear-transformations,urn:uuid:e56ffb9b-c5b0-5afb-a0b4-3cc18d864b88,requires,urn:uuid:9ef76bd8-39cf-5b09-8c2d-2d8c95f91aec,prelude.tex:49-60
urn:uuid:2c6b97b9-e107-586f-a8d3-ff5783aa8ef5,relation/unit/bab-2-kelengkapan/requires/prerequisite/mathematical-logic,urn:uuid:e56ffb9b-c5b0-5afb-a0b4-3cc18d864b88,requires,urn:uuid:451f60c6-04ab-54a7-9d74-9dee65d088b7,prelude.tex:49-60
urn:uuid:81ef02e5-5ccb-53a6-b444-12dea375d294,relation/unit/bab-2-kelengkapan/requires/prerequisite/matrices,urn:uuid:e56ffb9b-c5b0-5afb-a0b4-3cc18d864b88,requires,urn:uuid:d4260077-2f56-5951-8fe1-2dc390f81288,prelude.tex:49-60
urn:uuid:ed21d1d5-567a-54ac-8659-3c855ecc1be4,relation/unit/bab-2-kelengkapan/requires/prerequisite/permutations-and-symmetric-groups,urn:uuid:e56ffb9b-c5b0-5afb-a0b4-3cc18d864b88,requires,urn:uuid:ee7d907b-05bc-5def-81d5-7fcd351829b8,prelude.tex:49-60
urn:uuid:d2bb81f6-1863-512c-bfe6-e4aea48496a4,relation/unit/bab-2-kelengkapan/requires/prerequisite/point-set-topology,urn:uuid:e56ffb9b-c5b0-5afb-a0b4-3cc18d864b88,requires,urn:uuid:6a61cd7e-28fe-5c64-9573-cf9ab46e5e96,prelude.tex:49-60
urn:uuid:7b8b0d21-45a1-5a1a-959c-de93d4d3a63c,relation/unit/bab-2-kelengkapan/requires/prerequisite/polynomials,urn:uuid:e56ffb9b-c5b0-5afb-a0b4-3cc18d864b88,requires,urn:uuid:15245348-aca2-5814-9ca8-0fce14044e14,prelude.tex:49-60
urn:uuid:04d9b654-7e2d-5b78-b82f-3650046cfc47,relation/unit/bab-2-kelengkapan/requires/prerequisite/real-analysis-basics,urn:uuid:e56ffb9b-c5b0-5afb-a0b4-3cc18d864b88,requires,urn:uuid:4eedb52d-6e0a-5379-b39c-5043b067c49f,prelude.tex:49-60
urn:uuid:de461c58-16d8-500e-a1e6-66bdb36cea31,relation/unit/bab-2-kelengkapan/requires/prerequisite/representable-functors-and-yoneda,urn:uuid:e56ffb9b-c5b0-5afb-a0b4-3cc18d864b88,requires,urn:uuid:9fac54c6-e671-58b9-b840-4799739adb1e,prelude.tex:49-60
urn:uuid:54f98add-35a3-5668-be70-40d2bda953a0,relation/unit/bab-2-kelengkapan/requires/prerequisite/universal-properties-and-comma-categories,urn:uuid:e56ffb9b-c5b0-5afb-a0b4-3cc18d864b88,requires,urn:uuid:8cab24d2-0f78-5bf9-96f8-5b2f2b07168d,prelude.tex:49-60
urn:uuid:bd5c5a79-202a-57ff-a496-1cf25492f0ef,relation/unit/bab-2-kelengkapan/requires/prerequisite/vector-spaces,urn:uuid:e56ffb9b-c5b0-5afb-a0b4-3cc18d864b88,requires,urn:uuid:dfd6d864-afe6-5d0e-90f7-c130241cf396,prelude.tex:49-60
urn:uuid:9d2b4597-c04f-5cac-b31f-dd365121ae78,relation/unit/bab-2-kelengkapan/section/kelengkapan/covers/concept/abelian-group-coequalizer,urn:uuid:17909d8c-7652-53fe-9f16-1f54e14ed703,covers,urn:uuid:ae2c5e31-e861-5383-bf17-c1af42c3f59b,chapter2.tex:1406-1602
urn:uuid:f8f626bc-4b07-5834-a432-87fdaa9b061b,relation/unit/bab-2-kelengkapan/section/kelengkapan/covers/concept/abelianization,urn:uuid:17909d8c-7652-53fe-9f16-1f54e14ed703,covers,urn:uuid:a44e71f9-5dab-5087-b19c-c1f598318afc,chapter2.tex:1406-1602
urn:uuid:40fa053b-e924-53aa-9d67-adb6b9c9ce5b,relation/unit/bab-2-kelengkapan/section/kelengkapan/covers/concept/adjunction,urn:uuid:17909d8c-7652-53fe-9f16-1f54e14ed703,covers,urn:uuid:4462f9e6-b549-5895-a879-d0a178f80f10,chapter2.tex:1406-1602
urn:uuid:f6e97894-fe12-5ae5-9b1f-4600f1200df0,relation/unit/bab-2-kelengkapan/section/kelengkapan/covers/concept/cartesian-square,urn:uuid:17909d8c-7652-53fe-9f16-1f54e14ed703,covers,urn:uuid:a014673a-abcd-5274-95cc-5b5c674e47c1,chapter2.tex:1406-1602
urn:uuid:71dedc14-a916-5822-80cf-6305c46def94,relation/unit/bab-2-kelengkapan/section/kelengkapan/covers/concept/cocomplete-category,urn:uuid:17909d8c-7652-53fe-9f16-1f54e14ed703,covers,urn:uuid:960d5c73-a7b4-5a53-acf4-85cc2ac86023,chapter2.tex:1406-1602
urn:uuid:ad16ca26-09dd-5847-8e88-982524e98321,relation/unit/bab-2-kelengkapan/section/kelengkapan/covers/concept/coequalizer,urn:uuid:17909d8c-7652-53fe-9f16-1f54e14ed703,covers,urn:uuid:583c6cfd-ca3f-582f-894b-f9f507d74a9a,chapter2.tex:1406-1602
urn:uuid:646ce9ee-6ec2-5e96-a194-687c1cebff77,relation/unit/bab-2-kelengkapan/section/kelengkapan/covers/concept/colimit-comparison-morphism,urn:uuid:17909d8c-7652-53fe-9f16-1f54e14ed703,covers,urn:uuid:2b4bc2cf-4ea7-5c3d-9f27-f18b6a70ada5,chapter2.tex:1406-1602
urn:uuid:5e23d2db-5ee7-5f29-a6e3-7dc149a60348,relation/unit/bab-2-kelengkapan/section/kelengkapan/covers/concept/colimit-preservation,urn:uuid:17909d8c-7652-53fe-9f16-1f54e14ed703,covers,urn:uuid:096472d1-3ddb-5285-9f46-054e81806c2e,chapter2.tex:1406-1602
urn:uuid:a1153a5b-f964-51eb-96f8-d3530b1cbfe2,relation/unit/bab-2-kelengkapan/section/kelengkapan/covers/concept/complete-category,urn:uuid:17909d8c-7652-53fe-9f16-1f54e14ed703,covers,urn:uuid:3c088c45-7dc1-5e84-9259-3e646534abd2,chapter2.tex:1406-1602
urn:uuid:cbb7baaf-120b-5288-b04a-ff2a044f7dba,relation/unit/bab-2-kelengkapan/section/kelengkapan/covers/concept/coproduct,urn:uuid:17909d8c-7652-53fe-9f16-1f54e14ed703,covers,urn:uuid:e62391b3-cdfd-5b44-a7d0-e25a213dcbfe,chapter2.tex:1406-1602
urn:uuid:bf28a5dc-bc2b-5cb2-940c-20b8b1b96553,relation/unit/bab-2-kelengkapan/section/kelengkapan/covers/concept/direct-product-of-groups,urn:uuid:17909d8c-7652-53fe-9f16-1f54e14ed703,covers,urn:uuid:a0a36e10-5906-50be-9287-99746fed1429,chapter2.tex:1406-1602
urn:uuid:d2a5f7f2-3704-5c59-87ac-9579eef5e353,relation/unit/bab-2-kelengkapan/section/kelengkapan/covers/concept/direct-sum-of-abelian-groups,urn:uuid:17909d8c-7652-53fe-9f16-1f54e14ed703,covers,urn:uuid:3549eb12-bc0b-53e5-a649-02077467de9b,chapter2.tex:1406-1602
urn:uuid:5efbc0de-dd51-5bb9-a8f1-4be31f8492dd,relation/unit/bab-2-kelengkapan/section/kelengkapan/covers/concept/equalizer,urn:uuid:17909d8c-7652-53fe-9f16-1f54e14ed703,covers,urn:uuid:0b96f8dd-1a9b-51bd-9895-4c3a9c1c9eee,chapter2.tex:1406-1602
urn:uuid:53684716-b250-5a35-bc58-6415b6d19279,relation/unit/bab-2-kelengkapan/section/kelengkapan/covers/concept/fiber-coproduct,urn:uuid:17909d8c-7652-53fe-9f16-1f54e14ed703,covers,urn:uuid:5cf6ab1a-a15d-50f0-95c0-28ea9aa8e231,chapter2.tex:1406-1602
urn:uuid:f3f2c5c7-3660-58f0-851e-6291bab43c3f,relation/unit/bab-2-kelengkapan/section/kelengkapan/covers/concept/fiber-product,urn:uuid:17909d8c-7652-53fe-9f16-1f54e14ed703,covers,urn:uuid:e677ef3d-c268-5619-b930-15b8bd9e778f,chapter2.tex:1406-1602
urn:uuid:1c69ffbd-610d-527f-8ed0-8dfc31ef7444,relation/unit/bab-2-kelengkapan/section/kelengkapan/covers/concept/finite-colimit,urn:uuid:17909d8c-7652-53fe-9f16-1f54e14ed703,covers,urn:uuid:6017519e-a574-5c46-bc6f-7491b1dc8201,chapter2.tex:1406-1602
urn:uuid:cff528bd-1423-5eda-a98f-fd3b960126ef,relation/unit/bab-2-kelengkapan/section/kelengkapan/covers/concept/finite-limit,urn:uuid:17909d8c-7652-53fe-9f16-1f54e14ed703,covers,urn:uuid:aad41589-5c63-55c7-aed7-9e685dce7251,chapter2.tex:1406-1602
urn:uuid:a65347b8-2eb8-5143-8dc5-547165e2b82a,relation/unit/bab-2-kelengkapan/section/kelengkapan/covers/concept/forgetful-functor,urn:uuid:17909d8c-7652-53fe-9f16-1f54e14ed703,covers,urn:uuid:be8fdd79-2e4f-5a45-b766-4b88e50e387a,chapter2.tex:1406-1602
urn:uuid:15cba911-fd2d-5abc-a6be-536f914cbca4,relation/unit/bab-2-kelengkapan/section/kelengkapan/covers/concept/free-product-of-groups,urn:uuid:17909d8c-7652-53fe-9f16-1f54e14ed703,covers,urn:uuid:18d362f1-4433-5934-aaec-0dbadbf18371,chapter2.tex:1406-1602
urn:uuid:4866d9ce-a6ba-5a95-981b-7d38f7ce38e7,relation/unit/bab-2-kelengkapan/section/kelengkapan/covers/concept/freyd-small-completeness-theorem,urn:uuid:17909d8c-7652-53fe-9f16-1f54e14ed703,covers,urn:uuid:9fc85b65-c025-505e-8930-e0d536d72632,chapter2.tex:1406-1602
urn:uuid:26698ebc-0a76-5a27-9ce8-fc29c257f20d,relation/unit/bab-2-kelengkapan/section/kelengkapan/covers/concept/group-coequalizer,urn:uuid:17909d8c-7652-53fe-9f16-1f54e14ed703,covers,urn:uuid:705b82f6-b6ac-5a59-a5b7-20b649a0d790,chapter2.tex:1406-1602
urn:uuid:8b16dd8a-95f1-5e45-b7f9-ec98f5ac0907,relation/unit/bab-2-kelengkapan/section/kelengkapan/covers/concept/hom-functor-limit-preservation,urn:uuid:17909d8c-7652-53fe-9f16-1f54e14ed703,covers,urn:uuid:bcf05e1f-268f-5a04-8e58-3fb4f2a1b309,chapter2.tex:1406-1602
urn:uuid:0927b59f-2bef-5cc9-af55-6fe8448e3936,relation/unit/bab-2-kelengkapan/section/kelengkapan/covers/concept/infimum,urn:uuid:17909d8c-7652-53fe-9f16-1f54e14ed703,covers,urn:uuid:bb184ac9-04d6-5b55-8537-a1f597f8c750,chapter2.tex:1406-1602
urn:uuid:95355752-d4d8-50d9-9b1d-40d82eb3f849,relation/unit/bab-2-kelengkapan/section/kelengkapan/covers/concept/initial-object,urn:uuid:17909d8c-7652-53fe-9f16-1f54e14ed703,covers,urn:uuid:d3138919-381a-5912-b913-7467c6083ca3,chapter2.tex:1406-1602
urn:uuid:58bdf550-5065-577b-af42-df8f92e7fa6e,relation/unit/bab-2-kelengkapan/section/kelengkapan/covers/concept/left-adjoint-preserves-colimits,urn:uuid:17909d8c-7652-53fe-9f16-1f54e14ed703,covers,urn:uuid:c2782e34-02b4-5acc-b3c1-3c463c7ba5b4,chapter2.tex:1406-1602
urn:uuid:f06675f6-ce02-5cec-b2a1-6290488d8da7,relation/unit/bab-2-kelengkapan/section/kelengkapan/covers/concept/limit-building-blocks,urn:uuid:17909d8c-7652-53fe-9f16-1f54e14ed703,covers,urn:uuid:0c728fa8-f039-5d25-b876-5ead21e11cd9,chapter2.tex:1406-1602
urn:uuid:1145e762-3614-5441-a1f9-bb8d70b819ac,relation/unit/bab-2-kelengkapan/section/kelengkapan/covers/concept/limit-comparison-morphism,urn:uuid:17909d8c-7652-53fe-9f16-1f54e14ed703,covers,urn:uuid:00ded514-abf6-51ef-8cac-e662e580fbde,chapter2.tex:1406-1602
urn:uuid:26112763-5e0b-558a-866b-7a78ca3b9c5f,relation/unit/bab-2-kelengkapan/section/kelengkapan/covers/concept/limit-preservation,urn:uuid:17909d8c-7652-53fe-9f16-1f54e14ed703,covers,urn:uuid:fb0104cf-a774-536f-8431-4890859b416b,chapter2.tex:1406-1602
urn:uuid:88b93d6c-b60d-5657-a510-c68632a9b531,relation/unit/bab-2-kelengkapan/section/kelengkapan/covers/concept/preordered-category,urn:uuid:17909d8c-7652-53fe-9f16-1f54e14ed703,covers,urn:uuid:d6bfd13c-0645-5472-b6be-2bd2cc5ce0b9,chapter2.tex:1406-1602
urn:uuid:348f27a0-79cc-55cc-a283-6189e85989a3,relation/unit/bab-2-kelengkapan/section/kelengkapan/covers/concept/product,urn:uuid:17909d8c-7652-53fe-9f16-1f54e14ed703,covers,urn:uuid:cd552f29-06ce-5025-92b9-ae3543b57991,chapter2.tex:1406-1602
urn:uuid:1e5cd0c2-12ac-5ad7-a4d7-63fb79f7981f,relation/unit/bab-2-kelengkapan/section/kelengkapan/covers/concept/pullback,urn:uuid:17909d8c-7652-53fe-9f16-1f54e14ed703,covers,urn:uuid:347879c2-b7cb-5c04-ab87-0892d01685be,chapter2.tex:1406-1602
urn:uuid:a5ee65a2-7024-5977-9967-00e8393d842b,relation/unit/bab-2-kelengkapan/section/kelengkapan/covers/concept/pushout,urn:uuid:17909d8c-7652-53fe-9f16-1f54e14ed703,covers,urn:uuid:f65cd5ee-6410-5e60-9b27-71a54070d726,chapter2.tex:1406-1602
urn:uuid:88f7dfbe-07e7-5776-9c13-370e5d393caf,relation/unit/bab-2-kelengkapan/section/kelengkapan/covers/concept/representability-of-limits,urn:uuid:17909d8c-7652-53fe-9f16-1f54e14ed703,covers,urn:uuid:0e09661e-2615-55ce-aef1-ec4d6f600053,chapter2.tex:1406-1602
urn:uuid:29c9394f-ca88-5355-912f-0ba3b1bde4be,relation/unit/bab-2-kelengkapan/section/kelengkapan/covers/concept/right-adjoint-preserves-limits,urn:uuid:17909d8c-7652-53fe-9f16-1f54e14ed703,covers,urn:uuid:4774f505-cd80-5b14-aa1b-fcec730ec141,chapter2.tex:1406-1602
urn:uuid:2b57b3c9-996e-5676-816e-7ebf2103150b,relation/unit/bab-2-kelengkapan/section/kelengkapan/covers/concept/small-category,urn:uuid:17909d8c-7652-53fe-9f16-1f54e14ed703,covers,urn:uuid:b21465f0-0c7b-5426-8cdd-1043376b33a7,chapter2.tex:1406-1602
urn:uuid:91f25c69-e96d-5576-8bac-fd130f05dc3e,relation/unit/bab-2-kelengkapan/section/kelengkapan/covers/concept/small-colimit,urn:uuid:17909d8c-7652-53fe-9f16-1f54e14ed703,covers,urn:uuid:1968fd41-174f-541f-967c-f7f36856daa3,chapter2.tex:1406-1602
urn:uuid:07a643ed-fd52-5dbe-9dd3-629e7906ce5c,relation/unit/bab-2-kelengkapan/section/kelengkapan/covers/concept/small-limit,urn:uuid:17909d8c-7652-53fe-9f16-1f54e14ed703,covers,urn:uuid:b01e69f7-74d1-57b1-9c67-2635fd6a8a24,chapter2.tex:1406-1602
urn:uuid:6306e2ad-69c1-5b3b-8181-824a085a0c33,relation/unit/bab-2-kelengkapan/section/kelengkapan/covers/concept/terminal-object,urn:uuid:17909d8c-7652-53fe-9f16-1f54e14ed703,covers,urn:uuid:549f5df0-9fbb-5028-b4da-e81f9e13604d,chapter2.tex:1406-1602
urn:uuid:61a2c97e-cab4-5149-8918-7371f4a438fe,relation/unit/bab-2-kelengkapan/section/kelengkapan/covers/correction/o013-li-u017-cor-001,urn:uuid:17909d8c-7652-53fe-9f16-1f54e14ed703,covers,urn:uuid:931d9308-3265-5e06-be09-79af87c4181d,chapter2.tex:1406-1602
urn:uuid:5e47163a-ab73-5115-b7ce-1740503d78c8,relation/unit/bab-2-kelengkapan/section/kelengkapan/covers/correction/o013-li-u017-cor-002,urn:uuid:17909d8c-7652-53fe-9f16-1f54e14ed703,covers,urn:uuid:bba3a12f-bd5b-5594-8f59-0dc502b86e53,chapter2.tex:1406-1602
urn:uuid:27af7437-00f1-55aa-aa12-cbfd21610c4e,relation/unit/bab-2-kelengkapan/section/kelengkapan/covers/correction/o013-li-u017-cor-003,urn:uuid:17909d8c-7652-53fe-9f16-1f54e14ed703,covers,urn:uuid:d817c599-787a-5b20-81b8-d6fb24689f9b,chapter2.tex:1406-1602
urn:uuid:9297e3b9-daf7-576a-ad1b-03171ae9a9ec,relation/unit/bab-2-kelengkapan/section/kelengkapan/covers/correction/o013-li-u017-cor-004,urn:uuid:17909d8c-7652-53fe-9f16-1f54e14ed703,covers,urn:uuid:a88b72e1-9aa2-54f0-95a2-3059012358ca,chapter2.tex:1406-1602
urn:uuid:6726f403-abbb-59de-ac4e-444feb835aa8,relation/unit/bab-2-kelengkapan/section/kelengkapan/covers/correction/o013-li-u017-cor-005,urn:uuid:17909d8c-7652-53fe-9f16-1f54e14ed703,covers,urn:uuid:0b474c80-ec13-5b3e-accc-1248ae47bbef,chapter2.tex:1406-1602
urn:uuid:4ebac231-3b8e-5f3c-ace5-65b83860bd72,relation/unit/bab-2-kelengkapan/section/kelengkapan/covers/correction/o013-li-u017-cor-006,urn:uuid:17909d8c-7652-53fe-9f16-1f54e14ed703,covers,urn:uuid:2ed1e1e3-3655-5d9e-bb4f-436e9b3fe8f4,chapter2.tex:1406-1602
urn:uuid:145ecf89-6af3-5362-b7d7-aa52f5d0301b,relation/unit/bab-2-kelengkapan/section/kelengkapan/covers/surface/unit-017/formula/display-bracket/001,urn:uuid:17909d8c-7652-53fe-9f16-1f54e14ed703,covers,urn:uuid:4f541fa2-6045-5a5c-ad4c-61eafcf349aa,chapter2.tex:1406-1602
urn:uuid:e028944a-e286-59c6-b395-6e69c03208f4,relation/unit/bab-2-kelengkapan/section/kelengkapan/covers/surface/unit-017/formula/display-bracket/002,urn:uuid:17909d8c-7652-53fe-9f16-1f54e14ed703,covers,urn:uuid:c3f9669c-4ca5-55b9-a1fe-9d088b5fd322,chapter2.tex:1406-1602
urn:uuid:f6d32e76-46bb-5743-8a02-5b9baa78f6eb,relation/unit/bab-2-kelengkapan/section/kelengkapan/covers/surface/unit-017/formula/display-bracket/003,urn:uuid:17909d8c-7652-53fe-9f16-1f54e14ed703,covers,urn:uuid:f7a22072-1f4b-5862-a000-3ac278edd269,chapter2.tex:1406-1602
urn:uuid:1e3115b7-d096-5631-b3a4-83d5adb78203,relation/unit/bab-2-kelengkapan/section/kelengkapan/covers/surface/unit-017/formula/display-bracket/004,urn:uuid:17909d8c-7652-53fe-9f16-1f54e14ed703,covers,urn:uuid:88d08797-d0c6-54c8-81c6-7cbc63a6f661,chapter2.tex:1406-1602
urn:uuid:11437d17-aa7b-50a0-bee8-21fea501c2c9,relation/unit/bab-2-kelengkapan/section/kelengkapan/covers/surface/unit-017/formula/display-environment/001,urn:uuid:17909d8c-7652-53fe-9f16-1f54e14ed703,covers,urn:uuid:e1be13b0-b872-5764-950a-0eddfb361859,chapter2.tex:1406-1602
urn:uuid:d1e78f98-6fe9-5d00-8807-968105e504a2,relation/unit/bab-2-kelengkapan/section/kelengkapan/covers/surface/unit-017/formula/display-environment/002,urn:uuid:17909d8c-7652-53fe-9f16-1f54e14ed703,covers,urn:uuid:f857b25d-95f7-5610-9b0d-fd381b7556b0,chapter2.tex:1406-1602
urn:uuid:9f9790ea-a65b-5240-9ef5-a2a02dc7c309,relation/unit/bab-2-kelengkapan/section/kelengkapan/covers/surface/unit-017/formula/display-environment/003,urn:uuid:17909d8c-7652-53fe-9f16-1f54e14ed703,covers,urn:uuid:2847f492-4685-59f9-ba51-cd39e3a4c20c,chapter2.tex:1406-1602
urn:uuid:e4f88561-ef13-52c6-8cc5-e6f16a4f595a,relation/unit/bab-2-kelengkapan/section/kelengkapan/covers/surface/unit-017/formula/display-environment/004,urn:uuid:17909d8c-7652-53fe-9f16-1f54e14ed703,covers,urn:uuid:418e2e38-f127-5e8e-8c78-264515b05eec,chapter2.tex:1406-1602
urn:uuid:9ca5dd40-72f9-5873-b735-4e4568d0d6f8,relation/unit/bab-2-kelengkapan/section/kelengkapan/covers/surface/unit-017/formula/display-environment/005,urn:uuid:17909d8c-7652-53fe-9f16-1f54e14ed703,covers,urn:uuid:b22d75dd-d4f5-5402-97b9-caacfa4d571c,chapter2.tex:1406-1602
urn:uuid:dc4aa395-dc38-5829-b6bc-76a84b17f307,relation/unit/bab-2-kelengkapan/section/kelengkapan/covers/surface/unit-017/formula/display-environment/006,urn:uuid:17909d8c-7652-53fe-9f16-1f54e14ed703,covers,urn:uuid:62876ea5-f908-5bc6-a3c7-3946a00cf06b,chapter2.tex:1406-1602
urn:uuid:c8cd06f0-de83-50c7-a168-f9cb58c71e17,relation/unit/bab-2-kelengkapan/section/kelengkapan/covers/surface/unit-017/formula/inline/001,urn:uuid:17909d8c-7652-53fe-9f16-1f54e14ed703,covers,urn:uuid:cf6b95d0-da66-53d4-8dda-94e32cf733a2,chapter2.tex:1406-1602
urn:uuid:22e8a2fb-5080-5b33-b8b0-052afb22c15a,relation/unit/bab-2-kelengkapan/section/kelengkapan/covers/surface/unit-017/formula/inline/002,urn:uuid:17909d8c-7652-53fe-9f16-1f54e14ed703,covers,urn:uuid:070d79e7-18af-54f0-954f-3e3f99aad9bd,chapter2.tex:1406-1602
urn:uuid:760d6e9f-c8d4-5f7d-b8f9-941bc16792fb,relation/unit/bab-2-kelengkapan/section/kelengkapan/covers/surface/unit-017/formula/inline/003,urn:uuid:17909d8c-7652-53fe-9f16-1f54e14ed703,covers,urn:uuid:06c1ca3c-38e8-5ea0-8d16-d673c10ec50c,chapter2.tex:1406-1602
urn:uuid:762a6a23-2bb0-57eb-b7d1-1af0ca22a1ce,relation/unit/bab-2-kelengkapan/section/kelengkapan/covers/surface/unit-017/formula/inline/004,urn:uuid:17909d8c-7652-53fe-9f16-1f54e14ed703,covers,urn:uuid:1725d91b-542e-5ff5-a52e-5b1171e514e3,chapter2.tex:1406-1602
urn:uuid:82dc5052-887e-5c97-a3a3-7b8cff88c3db,relation/unit/bab-2-kelengkapan/section/kelengkapan/covers/surface/unit-017/formula/inline/005,urn:uuid:17909d8c-7652-53fe-9f16-1f54e14ed703,covers,urn:uuid:1b95dfe3-1e9a-5cd6-b889-57faf80124b5,chapter2.tex:1406-1602
urn:uuid:31ddd4e3-e143-5fa0-b90f-afe0e90c2763,relation/unit/bab-2-kelengkapan/section/kelengkapan/covers/surface/unit-017/formula/inline/006,urn:uuid:17909d8c-7652-53fe-9f16-1f54e14ed703,covers,urn:uuid:89ea6e06-0cd4-5fec-94be-7780e72a578e,chapter2.tex:1406-1602
urn:uuid:9b9f38a9-cc10-50b8-9a34-652bcfe68664,relation/unit/bab-2-kelengkapan/section/kelengkapan/covers/surface/unit-017/formula/inline/007,urn:uuid:17909d8c-7652-53fe-9f16-1f54e14ed703,covers,urn:uuid:a0583a6b-7e63-53f6-93fb-db95d7a0558b,chapter2.tex:1406-1602
urn:uuid:bfc388d1-6626-56ac-8003-4f5859169e29,relation/unit/bab-2-kelengkapan/section/kelengkapan/covers/surface/unit-017/formula/inline/008,urn:uuid:17909d8c-7652-53fe-9f16-1f54e14ed703,covers,urn:uuid:c747fc14-b59f-5ba2-a5da-04cf30a60113,chapter2.tex:1406-1602
urn:uuid:02c669cb-6ef0-5498-ac1e-70cf6504c288,relation/unit/bab-2-kelengkapan/section/kelengkapan/covers/surface/unit-017/formula/inline/009,urn:uuid:17909d8c-7652-53fe-9f16-1f54e14ed703,covers,urn:uuid:5c5926bb-7758-564c-ac3b-658de83e8aa3,chapter2.tex:1406-1602
urn:uuid:5c64e8dc-d302-5f9a-9faf-ace19844d553,relation/unit/bab-2-kelengkapan/section/kelengkapan/covers/surface/unit-017/formula/inline/010,urn:uuid:17909d8c-7652-53fe-9f16-1f54e14ed703,covers,urn:uuid:cbeaf3e0-04d5-5262-bceb-738d55870cef,chapter2.tex:1406-1602
urn:uuid:1e6daea0-1fbf-55f3-9707-c691b12e7f08,relation/unit/bab-2-kelengkapan/section/kelengkapan/covers/surface/unit-017/formula/inline/011,urn:uuid:17909d8c-7652-53fe-9f16-1f54e14ed703,covers,urn:uuid:1a53182e-3fb0-55e0-9c5d-88fc07dd9b21,chapter2.tex:1406-1602
urn:uuid:24116eea-4a5c-5e19-bbce-c27e96f2927b,relation/unit/bab-2-kelengkapan/section/kelengkapan/covers/surface/unit-017/formula/inline/012,urn:uuid:17909d8c-7652-53fe-9f16-1f54e14ed703,covers,urn:uuid:48a349ab-75f8-5992-bd6a-449d6f6022e4,chapter2.tex:1406-1602
urn:uuid:c1498499-8be7-5d4c-a348-e7b15a466ddf,relation/unit/bab-2-kelengkapan/section/kelengkapan/covers/surface/unit-017/formula/inline/013,urn:uuid:17909d8c-7652-53fe-9f16-1f54e14ed703,covers,urn:uuid:8380d28c-5b3c-5f10-8249-63b574e39b16,chapter2.tex:1406-1602
urn:uuid:ed9db7a3-e12f-53a8-91c7-44521580d737,relation/unit/bab-2-kelengkapan/section/kelengkapan/covers/surface/unit-017/formula/inline/014,urn:uuid:17909d8c-7652-53fe-9f16-1f54e14ed703,covers,urn:uuid:4dc1f58f-c738-5e0b-8fd5-a5c2030d5c04,chapter2.tex:1406-1602
urn:uuid:a0fef0f9-3ccd-5dc5-9202-09c62fab8796,relation/unit/bab-2-kelengkapan/section/kelengkapan/covers/surface/unit-017/formula/inline/015,urn:uuid:17909d8c-7652-53fe-9f16-1f54e14ed703,covers,urn:uuid:09a38c64-4f63-57e5-88d1-72b987f19b73,chapter2.tex:1406-1602
urn:uuid:c305ea4f-6ae6-5d3d-a9cd-aabf54666a0b,relation/unit/bab-2-kelengkapan/section/kelengkapan/covers/surface/unit-017/formula/inline/016,urn:uuid:17909d8c-7652-53fe-9f16-1f54e14ed703,covers,urn:uuid:d3b4414f-8c5d-5515-9959-0f70e6ebe60a,chapter2.tex:1406-1602
urn:uuid:d519c3db-92a0-574c-a3ba-4df1c57eb77e,relation/unit/bab-2-kelengkapan/section/kelengkapan/covers/surface/unit-017/formula/inline/017,urn:uuid:17909d8c-7652-53fe-9f16-1f54e14ed703,covers,urn:uuid:79e5b011-91f9-5c5c-86dc-514a3969ea50,chapter2.tex:1406-1602
urn:uuid:bf2e1440-7503-5da5-a509-d55d75e1112e,relation/unit/bab-2-kelengkapan/section/kelengkapan/covers/surface/unit-017/formula/inline/018,urn:uuid:17909d8c-7652-53fe-9f16-1f54e14ed703,covers,urn:uuid:4d9189c9-0b80-5591-a4a1-b8f6da0dee5e,chapter2.tex:1406-1602
urn:uuid:aaf7ca75-5faa-5b14-85ef-03e625020c23,relation/unit/bab-2-kelengkapan/section/kelengkapan/covers/surface/unit-017/formula/inline/019,urn:uuid:17909d8c-7652-53fe-9f16-1f54e14ed703,covers,urn:uuid:74d9ed32-fdfb-5017-ba10-2083bc4ea3c2,chapter2.tex:1406-1602
urn:uuid:a6329108-f307-5be4-a601-066bdf11b78d,relation/unit/bab-2-kelengkapan/section/kelengkapan/covers/surface/unit-017/formula/inline/020,urn:uuid:17909d8c-7652-53fe-9f16-1f54e14ed703,covers,urn:uuid:00dcf02d-cf19-5035-a88d-7675b0ae33a4,chapter2.tex:1406-1602
urn:uuid:e613698e-b026-50b3-a681-e6e0359db48b,relation/unit/bab-2-kelengkapan/section/kelengkapan/covers/surface/unit-017/formula/inline/021,urn:uuid:17909d8c-7652-53fe-9f16-1f54e14ed703,covers,urn:uuid:9b7d82b6-c177-547a-863d-d6327e3cc51a,chapter2.tex:1406-1602
urn:uuid:5c5d0d5c-6fe5-5cc2-865b-705a145e12ff,relation/unit/bab-2-kelengkapan/section/kelengkapan/covers/surface/unit-017/formula/inline/022,urn:uuid:17909d8c-7652-53fe-9f16-1f54e14ed703,covers,urn:uuid:85069173-fde2-52c8-b8c1-2d7bea4988ed,chapter2.tex:1406-1602
urn:uuid:28dcf982-7a9b-59e1-8be1-7a72d98d7304,relation/unit/bab-2-kelengkapan/section/kelengkapan/covers/surface/unit-017/formula/inline/023,urn:uuid:17909d8c-7652-53fe-9f16-1f54e14ed703,covers,urn:uuid:763291c5-ecfa-5e8b-974e-cf657c7bcaa9,chapter2.tex:1406-1602
urn:uuid:2f6d0f4f-1a1c-54ac-81af-96d9a2abbedb,relation/unit/bab-2-kelengkapan/section/kelengkapan/covers/surface/unit-017/formula/inline/024,urn:uuid:17909d8c-7652-53fe-9f16-1f54e14ed703,covers,urn:uuid:ab2023ac-8dba-5b02-ab5b-1500cfcdc8dc,chapter2.tex:1406-1602
urn:uuid:fb77c376-d881-5323-b399-f0eb58f1ee7b,relation/unit/bab-2-kelengkapan/section/kelengkapan/covers/surface/unit-017/formula/inline/025,urn:uuid:17909d8c-7652-53fe-9f16-1f54e14ed703,covers,urn:uuid:0e5a7161-d771-5f45-8161-c0b63449ca00,chapter2.tex:1406-1602
urn:uuid:f9f5dbbb-a2c5-5017-b657-c3107812742b,relation/unit/bab-2-kelengkapan/section/kelengkapan/covers/surface/unit-017/formula/inline/026,urn:uuid:17909d8c-7652-53fe-9f16-1f54e14ed703,covers,urn:uuid:5de064ac-0b7e-5c92-b667-5c43ca0d45d4,chapter2.tex:1406-1602
urn:uuid:e9fde2e8-09fa-51fb-956b-2a3a81413ffc,relation/unit/bab-2-kelengkapan/section/kelengkapan/covers/surface/unit-017/formula/inline/027,urn:uuid:17909d8c-7652-53fe-9f16-1f54e14ed703,covers,urn:uuid:331eb762-ba20-51ce-90bb-910f34d375f5,chapter2.tex:1406-1602
urn:uuid:cf35c275-d2b4-5e51-a005-e8ba129b9ea6,relation/unit/bab-2-kelengkapan/section/kelengkapan/covers/surface/unit-017/formula/inline/028,urn:uuid:17909d8c-7652-53fe-9f16-1f54e14ed703,covers,urn:uuid:40e0a5c0-87fc-5976-9fc7-56aa41ddd3da,chapter2.tex:1406-1602
urn:uuid:2d50c7fc-0a6f-5a21-b32b-5237b7e2bbb5,relation/unit/bab-2-kelengkapan/section/kelengkapan/covers/surface/unit-017/formula/inline/029,urn:uuid:17909d8c-7652-53fe-9f16-1f54e14ed703,covers,urn:uuid:30c2c18e-e3f3-54e4-9ac0-ac5284e41363,chapter2.tex:1406-1602
urn:uuid:9b976c7a-958a-5fd7-90cb-070249c6889d,relation/unit/bab-2-kelengkapan/section/kelengkapan/covers/surface/unit-017/formula/inline/030,urn:uuid:17909d8c-7652-53fe-9f16-1f54e14ed703,covers,urn:uuid:4568c3ae-614d-5797-823f-1c2c115197b4,chapter2.tex:1406-1602
urn:uuid:f85f8cc3-a460-5020-9225-5c699fb4a51b,relation/unit/bab-2-kelengkapan/section/kelengkapan/covers/surface/unit-017/formula/inline/031,urn:uuid:17909d8c-7652-53fe-9f16-1f54e14ed703,covers,urn:uuid:f8c7ebdc-afed-51e5-a799-3866fb0eac7b,chapter2.tex:1406-1602
urn:uuid:427f3eff-d051-57e0-ac94-0897bbda1cde,relation/unit/bab-2-kelengkapan/section/kelengkapan/covers/surface/unit-017/formula/inline/032,urn:uuid:17909d8c-7652-53fe-9f16-1f54e14ed703,covers,urn:uuid:5dadf5ee-d30f-551a-9bfd-d0d2d9f37ca6,chapter2.tex:1406-1602
urn:uuid:c3165ec9-bac3-58fe-964b-7c85a5032014,relation/unit/bab-2-kelengkapan/section/kelengkapan/covers/surface/unit-017/formula/inline/033,urn:uuid:17909d8c-7652-53fe-9f16-1f54e14ed703,covers,urn:uuid:c733145e-46e7-5de2-ae1e-901782a52a0d,chapter2.tex:1406-1602
urn:uuid:77c36dfc-fe76-57d1-9896-c2a33137f8ca,relation/unit/bab-2-kelengkapan/section/kelengkapan/covers/surface/unit-017/formula/inline/034,urn:uuid:17909d8c-7652-53fe-9f16-1f54e14ed703,covers,urn:uuid:7383a539-452c-5a45-b229-2f3fd366722c,chapter2.tex:1406-1602
urn:uuid:85f0feb2-f660-5541-aae6-79352bb1ab8b,relation/unit/bab-2-kelengkapan/section/kelengkapan/covers/surface/unit-017/formula/inline/035,urn:uuid:17909d8c-7652-53fe-9f16-1f54e14ed703,covers,urn:uuid:15ab18db-61c8-5332-aaba-225236d43f4d,chapter2.tex:1406-1602
urn:uuid:6b8c31a8-0344-58e2-9dc8-b5a909018b18,relation/unit/bab-2-kelengkapan/section/kelengkapan/covers/surface/unit-017/formula/inline/036,urn:uuid:17909d8c-7652-53fe-9f16-1f54e14ed703,covers,urn:uuid:c36707eb-7cea-59f5-97e0-426aae6e1f31,chapter2.tex:1406-1602
urn:uuid:e150ea51-ac3d-576f-80c3-5e5d4ff5a8ab,relation/unit/bab-2-kelengkapan/section/kelengkapan/covers/surface/unit-017/formula/inline/037,urn:uuid:17909d8c-7652-53fe-9f16-1f54e14ed703,covers,urn:uuid:2fc46e49-183c-515f-9b07-f2fcb720c43b,chapter2.tex:1406-1602
urn:uuid:8561a4ef-3fb1-5c33-a9b6-1e7ded69bbe8,relation/unit/bab-2-kelengkapan/section/kelengkapan/covers/surface/unit-017/formula/inline/038,urn:uuid:17909d8c-7652-53fe-9f16-1f54e14ed703,covers,urn:uuid:8693077e-27fd-5887-8ca4-7e55525db913,chapter2.tex:1406-1602
urn:uuid:5f525ead-d6af-50b4-a961-83500d729778,relation/unit/bab-2-kelengkapan/section/kelengkapan/covers/surface/unit-017/formula/inline/039,urn:uuid:17909d8c-7652-53fe-9f16-1f54e14ed703,covers,urn:uuid:8eacc96c-1606-576f-b132-2e3da4af823c,chapter2.tex:1406-1602
urn:uuid:4d91102f-fb41-5b74-8c18-0b183a810409,relation/unit/bab-2-kelengkapan/section/kelengkapan/covers/surface/unit-017/formula/inline/040,urn:uuid:17909d8c-7652-53fe-9f16-1f54e14ed703,covers,urn:uuid:b63e1e61-e7c4-599a-b15e-e06fab388a14,chapter2.tex:1406-1602
urn:uuid:37cfcd80-cb7e-5a40-866c-f0bceda79c1a,relation/unit/bab-2-kelengkapan/section/kelengkapan/covers/surface/unit-017/formula/inline/041,urn:uuid:17909d8c-7652-53fe-9f16-1f54e14ed703,covers,urn:uuid:5bcd6961-b459-5af8-915e-10204719b738,chapter2.tex:1406-1602
urn:uuid:3669ab2c-37aa-55ca-8417-bf4d064535de,relation/unit/bab-2-kelengkapan/section/kelengkapan/covers/surface/unit-017/formula/inline/042,urn:uuid:17909d8c-7652-53fe-9f16-1f54e14ed703,covers,urn:uuid:fcd79016-c56c-535c-91ef-08b6ff397b0c,chapter2.tex:1406-1602
urn:uuid:4667124e-bb63-5a10-9843-73c233b363be,relation/unit/bab-2-kelengkapan/section/kelengkapan/covers/surface/unit-017/formula/inline/043,urn:uuid:17909d8c-7652-53fe-9f16-1f54e14ed703,covers,urn:uuid:a5a74d38-dcf0-566e-94e9-e435363f240a,chapter2.tex:1406-1602
urn:uuid:9ece81c3-495e-5a32-a14b-64aecbe3a552,relation/unit/bab-2-kelengkapan/section/kelengkapan/covers/surface/unit-017/formula/inline/044,urn:uuid:17909d8c-7652-53fe-9f16-1f54e14ed703,covers,urn:uuid:87aea7c0-f290-5a7d-855d-b3a349a662a9,chapter2.tex:1406-1602
urn:uuid:5f003a0c-78c5-518c-8555-8a1f11fb45b0,relation/unit/bab-2-kelengkapan/section/kelengkapan/covers/surface/unit-017/formula/inline/045,urn:uuid:17909d8c-7652-53fe-9f16-1f54e14ed703,covers,urn:uuid:fe7e1393-7334-589d-a983-0e555a85e36c,chapter2.tex:1406-1602
urn:uuid:95707fce-618d-514a-89d7-15a816eca1fc,relation/unit/bab-2-kelengkapan/section/kelengkapan/covers/surface/unit-017/formula/inline/046,urn:uuid:17909d8c-7652-53fe-9f16-1f54e14ed703,covers,urn:uuid:97653eb2-293b-572b-a607-c1d3f27e1f35,chapter2.tex:1406-1602
urn:uuid:0eb90f19-26c4-5a4f-9b51-9e60b652e8e2,relation/unit/bab-2-kelengkapan/section/kelengkapan/covers/surface/unit-017/formula/inline/047,urn:uuid:17909d8c-7652-53fe-9f16-1f54e14ed703,covers,urn:uuid:dc28d23e-757b-54c2-84bf-fef004e9ea4e,chapter2.tex:1406-1602
urn:uuid:38d57e54-b07c-5eba-81be-e3af116bca34,relation/unit/bab-2-kelengkapan/section/kelengkapan/covers/surface/unit-017/formula/inline/048,urn:uuid:17909d8c-7652-53fe-9f16-1f54e14ed703,covers,urn:uuid:1811d34d-e978-5301-9258-c6c421d26edd,chapter2.tex:1406-1602
urn:uuid:07aef45d-f95b-523c-85fd-a272b2a8ad45,relation/unit/bab-2-kelengkapan/section/kelengkapan/covers/surface/unit-017/formula/inline/049,urn:uuid:17909d8c-7652-53fe-9f16-1f54e14ed703,covers,urn:uuid:b9596ecc-a865-5ea1-bc80-f5ee7d2dddf2,chapter2.tex:1406-1602
urn:uuid:999e39fd-2fab-5652-824e-9d7fbdcbbc98,relation/unit/bab-2-kelengkapan/section/kelengkapan/covers/surface/unit-017/formula/inline/050,urn:uuid:17909d8c-7652-53fe-9f16-1f54e14ed703,covers,urn:uuid:d6e6bc77-dd90-52d7-946a-dfef6b73601c,chapter2.tex:1406-1602
urn:uuid:f508b0d8-438d-5664-8333-141efcdbd8ef,relation/unit/bab-2-kelengkapan/section/kelengkapan/covers/surface/unit-017/formula/inline/051,urn:uuid:17909d8c-7652-53fe-9f16-1f54e14ed703,covers,urn:uuid:d998c90f-200d-53dd-9f4a-2c97dc56e867,chapter2.tex:1406-1602
urn:uuid:4944398c-4703-5939-b752-5d86fa8171f5,relation/unit/bab-2-kelengkapan/section/kelengkapan/covers/surface/unit-017/formula/inline/052,urn:uuid:17909d8c-7652-53fe-9f16-1f54e14ed703,covers,urn:uuid:8d02bb46-e6c4-5292-ac33-65710852e383,chapter2.tex:1406-1602
urn:uuid:200a0a08-4013-52c7-bdce-aa061fe8a4ee,relation/unit/bab-2-kelengkapan/section/kelengkapan/covers/surface/unit-017/formula/inline/053,urn:uuid:17909d8c-7652-53fe-9f16-1f54e14ed703,covers,urn:uuid:6dd1ef82-c4d2-5d7e-ac99-18f3a5eed743,chapter2.tex:1406-1602
urn:uuid:3f6f1fb5-dfd0-58c0-94f8-a56766bfd170,relation/unit/bab-2-kelengkapan/section/kelengkapan/covers/surface/unit-017/formula/inline/054,urn:uuid:17909d8c-7652-53fe-9f16-1f54e14ed703,covers,urn:uuid:62242d7e-4fb0-53b8-a343-9e047381e5f7,chapter2.tex:1406-1602
urn:uuid:d2b4c388-8b69-540c-ab88-8c8190e6f90d,relation/unit/bab-2-kelengkapan/section/kelengkapan/covers/surface/unit-017/formula/inline/055,urn:uuid:17909d8c-7652-53fe-9f16-1f54e14ed703,covers,urn:uuid:f5fcea03-8fdd-5f92-9ed0-356aaa30963e,chapter2.tex:1406-1602
urn:uuid:477a0b1c-aeae-551c-aefc-b27c12b6f149,relation/unit/bab-2-kelengkapan/section/kelengkapan/covers/surface/unit-017/formula/inline/056,urn:uuid:17909d8c-7652-53fe-9f16-1f54e14ed703,covers,urn:uuid:758492b7-9577-51e1-9d77-64b855eeba13,chapter2.tex:1406-1602
urn:uuid:55b83cbf-8080-5065-b951-ca2d40076613,relation/unit/bab-2-kelengkapan/section/kelengkapan/covers/surface/unit-017/formula/inline/057,urn:uuid:17909d8c-7652-53fe-9f16-1f54e14ed703,covers,urn:uuid:b9fe6967-8178-5708-9569-c08c99c726f3,chapter2.tex:1406-1602
urn:uuid:f00edf7e-c1bd-54d1-9454-bd872a646829,relation/unit/bab-2-kelengkapan/section/kelengkapan/covers/surface/unit-017/formula/inline/058,urn:uuid:17909d8c-7652-53fe-9f16-1f54e14ed703,covers,urn:uuid:381f67a1-fd69-54a1-8e95-25d77a55afff,chapter2.tex:1406-1602
urn:uuid:fab6253f-d761-579d-9776-138c7a14e474,relation/unit/bab-2-kelengkapan/section/kelengkapan/covers/surface/unit-017/formula/inline/059,urn:uuid:17909d8c-7652-53fe-9f16-1f54e14ed703,covers,urn:uuid:e482ee3a-11fe-54fd-b807-ba3f91c70d3c,chapter2.tex:1406-1602
urn:uuid:72b1ace9-a961-5571-b236-1c2e2ec58b42,relation/unit/bab-2-kelengkapan/section/kelengkapan/covers/surface/unit-017/formula/inline/060,urn:uuid:17909d8c-7652-53fe-9f16-1f54e14ed703,covers,urn:uuid:393d7b55-617c-5e4e-9c09-c90dd491c3a8,chapter2.tex:1406-1602
urn:uuid:7c57cc82-7ca1-5e87-ae45-3d9bd26651fb,relation/unit/bab-2-kelengkapan/section/kelengkapan/covers/surface/unit-017/formula/inline/061,urn:uuid:17909d8c-7652-53fe-9f16-1f54e14ed703,covers,urn:uuid:fb28cf25-a5b8-5e15-8d5d-8c6d9623cb34,chapter2.tex:1406-1602
urn:uuid:e125c39e-fad5-5beb-b48e-d4f37cd8cbbd,relation/unit/bab-2-kelengkapan/section/kelengkapan/covers/surface/unit-017/formula/inline/062,urn:uuid:17909d8c-7652-53fe-9f16-1f54e14ed703,covers,urn:uuid:12d5f3d4-3d1c-5804-9961-ad0e556b9862,chapter2.tex:1406-1602
urn:uuid:00bc2cfd-b606-5fff-96c1-38232c09b2a1,relation/unit/bab-2-kelengkapan/section/kelengkapan/covers/surface/unit-017/formula/inline/063,urn:uuid:17909d8c-7652-53fe-9f16-1f54e14ed703,covers,urn:uuid:60863573-a68c-5f7d-9757-5f09185427c7,chapter2.tex:1406-1602
urn:uuid:eae5d129-e6d6-50cb-913e-f7aa206e2d52,relation/unit/bab-2-kelengkapan/section/kelengkapan/covers/surface/unit-017/formula/inline/064,urn:uuid:17909d8c-7652-53fe-9f16-1f54e14ed703,covers,urn:uuid:4cd533b3-3aeb-572c-8703-664dc1ad3e59,chapter2.tex:1406-1602
urn:uuid:36e5f0f7-7d77-50ad-8744-c3c575dac55b,relation/unit/bab-2-kelengkapan/section/kelengkapan/covers/surface/unit-017/formula/inline/065,urn:uuid:17909d8c-7652-53fe-9f16-1f54e14ed703,covers,urn:uuid:b4e581f2-b5af-545e-a608-8aff7d23586e,chapter2.tex:1406-1602
urn:uuid:420e0bf9-a5ef-58cd-aa0c-a42f30b17767,relation/unit/bab-2-kelengkapan/section/kelengkapan/covers/surface/unit-017/formula/inline/066,urn:uuid:17909d8c-7652-53fe-9f16-1f54e14ed703,covers,urn:uuid:467952a7-57cc-5e5f-8392-352ace48d3af,chapter2.tex:1406-1602
urn:uuid:29ca9220-bd37-5843-a4cc-3c4178409e0f,relation/unit/bab-2-kelengkapan/section/kelengkapan/covers/surface/unit-017/formula/inline/067,urn:uuid:17909d8c-7652-53fe-9f16-1f54e14ed703,covers,urn:uuid:fee96e35-f6ce-5fd6-b316-2d25186ba1dc,chapter2.tex:1406-1602
urn:uuid:22c3ec3b-38a7-5b4b-8a9b-02dd45ee3da4,relation/unit/bab-2-kelengkapan/section/kelengkapan/covers/surface/unit-017/formula/inline/068,urn:uuid:17909d8c-7652-53fe-9f16-1f54e14ed703,covers,urn:uuid:ff320e44-1609-5d71-8b56-7c138dad45ee,chapter2.tex:1406-1602
urn:uuid:eeee4dec-c81d-5dfc-87fc-7eaf0f11954b,relation/unit/bab-2-kelengkapan/section/kelengkapan/covers/surface/unit-017/formula/inline/069,urn:uuid:17909d8c-7652-53fe-9f16-1f54e14ed703,covers,urn:uuid:cfc6f9e1-b914-56ea-83fa-26a4e58eae84,chapter2.tex:1406-1602
urn:uuid:aefa6ee6-0a41-50b3-9202-c35928c0b8e0,relation/unit/bab-2-kelengkapan/section/kelengkapan/covers/surface/unit-017/formula/inline/070,urn:uuid:17909d8c-7652-53fe-9f16-1f54e14ed703,covers,urn:uuid:a5657559-d658-5f9a-8fb4-58e9fe5d19ca,chapter2.tex:1406-1602
urn:uuid:c98a8352-a2cc-5ad3-bd7a-79b373b2047e,relation/unit/bab-2-kelengkapan/section/kelengkapan/covers/surface/unit-017/formula/inline/071,urn:uuid:17909d8c-7652-53fe-9f16-1f54e14ed703,covers,urn:uuid:bdfca36d-c3a4-5394-bb8c-a5acd56a7124,chapter2.tex:1406-1602
urn:uuid:0d76854b-5a54-5b52-9d6f-3e4323c54ba2,relation/unit/bab-2-kelengkapan/section/kelengkapan/covers/surface/unit-017/formula/inline/072,urn:uuid:17909d8c-7652-53fe-9f16-1f54e14ed703,covers,urn:uuid:08fe947c-4a26-597c-acf8-7a976180d2ca,chapter2.tex:1406-1602
urn:uuid:278fea29-b23f-5672-a598-d5f945445f9c,relation/unit/bab-2-kelengkapan/section/kelengkapan/covers/surface/unit-017/formula/inline/073,urn:uuid:17909d8c-7652-53fe-9f16-1f54e14ed703,covers,urn:uuid:ac7853f8-c8fd-584e-b3fd-f6a68313834d,chapter2.tex:1406-1602
urn:uuid:030074a3-7ddc-534b-a64b-eb5352b5415f,relation/unit/bab-2-kelengkapan/section/kelengkapan/covers/surface/unit-017/formula/inline/074,urn:uuid:17909d8c-7652-53fe-9f16-1f54e14ed703,covers,urn:uuid:5bf2acd0-ece1-5a6a-8910-1e14814d1ea7,chapter2.tex:1406-1602
urn:uuid:51186453-90bf-55be-afcd-ae9a0c549154,relation/unit/bab-2-kelengkapan/section/kelengkapan/covers/surface/unit-017/formula/inline/075,urn:uuid:17909d8c-7652-53fe-9f16-1f54e14ed703,covers,urn:uuid:20580c13-e2f4-5767-88aa-6d1064df91b4,chapter2.tex:1406-1602
urn:uuid:a4c313e6-591f-5ced-822a-27401077f42e,relation/unit/bab-2-kelengkapan/section/kelengkapan/covers/surface/unit-017/formula/inline/076,urn:uuid:17909d8c-7652-53fe-9f16-1f54e14ed703,covers,urn:uuid:794b4502-3d72-5231-9921-f781a2bc3f07,chapter2.tex:1406-1602
urn:uuid:3e401d2c-5ec4-5eba-b572-6a623b641414,relation/unit/bab-2-kelengkapan/section/kelengkapan/covers/surface/unit-017/formula/inline/077,urn:uuid:17909d8c-7652-53fe-9f16-1f54e14ed703,covers,urn:uuid:aeef9b6b-fcf1-50d4-ba3d-28b7e5732d1c,chapter2.tex:1406-1602
urn:uuid:60670736-48ae-54de-b64a-12f547517706,relation/unit/bab-2-kelengkapan/section/kelengkapan/covers/surface/unit-017/formula/inline/078,urn:uuid:17909d8c-7652-53fe-9f16-1f54e14ed703,covers,urn:uuid:22c15268-4b1e-51b5-9ea1-02ece625d60d,chapter2.tex:1406-1602
urn:uuid:331240bc-70fc-5977-9781-ad0ad28bcb3f,relation/unit/bab-2-kelengkapan/section/kelengkapan/covers/surface/unit-017/formula/inline/079,urn:uuid:17909d8c-7652-53fe-9f16-1f54e14ed703,covers,urn:uuid:86fd17f7-5ad3-51b2-8470-2d313c95ffb0,chapter2.tex:1406-1602
urn:uuid:b1e4d86d-cb66-5dcf-a16e-8669da7b8d9b,relation/unit/bab-2-kelengkapan/section/kelengkapan/covers/surface/unit-017/formula/inline/080,urn:uuid:17909d8c-7652-53fe-9f16-1f54e14ed703,covers,urn:uuid:29440208-40be-5ba4-965d-f70abcefb2d3,chapter2.tex:1406-1602
urn:uuid:47e4fe15-6e4c-5ca0-9502-37db3baf077a,relation/unit/bab-2-kelengkapan/section/kelengkapan/covers/surface/unit-017/formula/inline/081,urn:uuid:17909d8c-7652-53fe-9f16-1f54e14ed703,covers,urn:uuid:6c374ed5-70da-5cac-a36e-499319c80b65,chapter2.tex:1406-1602
urn:uuid:2f38cebb-e35d-546b-9f59-a27e3bd42610,relation/unit/bab-2-kelengkapan/section/kelengkapan/covers/surface/unit-017/formula/inline/082,urn:uuid:17909d8c-7652-53fe-9f16-1f54e14ed703,covers,urn:uuid:f1e72e5f-43c9-5f58-abee-3e3af63cc9e1,chapter2.tex:1406-1602
urn:uuid:28a6223c-6825-5f70-b7a9-7c3b10048a71,relation/unit/bab-2-kelengkapan/section/kelengkapan/covers/surface/unit-017/formula/inline/083,urn:uuid:17909d8c-7652-53fe-9f16-1f54e14ed703,covers,urn:uuid:60e9796f-6b78-5232-b67a-abb5134a8281,chapter2.tex:1406-1602
urn:uuid:ddda1d3a-3544-54bd-a45e-7cf709f3b262,relation/unit/bab-2-kelengkapan/section/kelengkapan/covers/surface/unit-017/formula/inline/084,urn:uuid:17909d8c-7652-53fe-9f16-1f54e14ed703,covers,urn:uuid:9329b205-cea4-530f-9760-2ffd326b1821,chapter2.tex:1406-1602
urn:uuid:c197a627-56c3-5cd0-905e-3ed26433ffd2,relation/unit/bab-2-kelengkapan/section/kelengkapan/covers/surface/unit-017/formula/inline/085,urn:uuid:17909d8c-7652-53fe-9f16-1f54e14ed703,covers,urn:uuid:27d942c9-1539-5070-90dc-5a1bee61982c,chapter2.tex:1406-1602
urn:uuid:7365e3a5-7127-5365-bb4d-524db9813a3c,relation/unit/bab-2-kelengkapan/section/kelengkapan/covers/surface/unit-017/formula/inline/086,urn:uuid:17909d8c-7652-53fe-9f16-1f54e14ed703,covers,urn:uuid:03b42a8e-0fd6-51d1-8707-77e0aaeaa33c,chapter2.tex:1406-1602
urn:uuid:dd1da699-6b1b-51b9-80e5-eccee8349adb,relation/unit/bab-2-kelengkapan/section/kelengkapan/covers/surface/unit-017/formula/inline/087,urn:uuid:17909d8c-7652-53fe-9f16-1f54e14ed703,covers,urn:uuid:c0dc1964-e636-58fe-90d3-082413e04f35,chapter2.tex:1406-1602
urn:uuid:ee423ea9-da57-5f66-84aa-2c104b3a7592,relation/unit/bab-2-kelengkapan/section/kelengkapan/covers/surface/unit-017/formula/inline/088,urn:uuid:17909d8c-7652-53fe-9f16-1f54e14ed703,covers,urn:uuid:1e436500-a1d5-5506-8f07-59ec024f52f9,chapter2.tex:1406-1602
urn:uuid:e9e97909-bea8-500a-a622-127f0ae03dd3,relation/unit/bab-2-kelengkapan/section/kelengkapan/covers/surface/unit-017/formula/inline/089,urn:uuid:17909d8c-7652-53fe-9f16-1f54e14ed703,covers,urn:uuid:f6569369-bad2-56d8-ae63-356197512e89,chapter2.tex:1406-1602
urn:uuid:1e99a41b-5b5d-5589-8ad1-a5ac66e8f022,relation/unit/bab-2-kelengkapan/section/kelengkapan/covers/surface/unit-017/formula/inline/090,urn:uuid:17909d8c-7652-53fe-9f16-1f54e14ed703,covers,urn:uuid:b5197dad-6323-5d54-a2b0-025ae09cff1a,chapter2.tex:1406-1602
urn:uuid:b573e391-6e50-5428-97d3-ed2d78b66461,relation/unit/bab-2-kelengkapan/section/kelengkapan/covers/surface/unit-017/formula/inline/091,urn:uuid:17909d8c-7652-53fe-9f16-1f54e14ed703,covers,urn:uuid:b572d162-07b9-5872-8acb-20ae050894ad,chapter2.tex:1406-1602
urn:uuid:27c4e5ef-0b83-5675-aafa-cb0adaac8be3,relation/unit/bab-2-kelengkapan/section/kelengkapan/covers/surface/unit-017/formula/inline/092,urn:uuid:17909d8c-7652-53fe-9f16-1f54e14ed703,covers,urn:uuid:1933b035-db63-559d-b3e0-b72fa569449b,chapter2.tex:1406-1602
urn:uuid:7b5d6db2-f0c2-511a-928b-6d2df4c14734,relation/unit/bab-2-kelengkapan/section/kelengkapan/covers/surface/unit-017/formula/inline/093,urn:uuid:17909d8c-7652-53fe-9f16-1f54e14ed703,covers,urn:uuid:f138da6a-44c4-590f-ada8-284d285ceb7c,chapter2.tex:1406-1602
urn:uuid:fbc3a5ec-a26f-57dd-ba61-124a9b2aae7e,relation/unit/bab-2-kelengkapan/section/kelengkapan/covers/surface/unit-017/formula/inline/094,urn:uuid:17909d8c-7652-53fe-9f16-1f54e14ed703,covers,urn:uuid:b15eaa5f-a090-5b18-90d5-5cbdc40024a3,chapter2.tex:1406-1602
urn:uuid:d0cccaa6-c94e-512b-8b4e-82291e3763a6,relation/unit/bab-2-kelengkapan/section/kelengkapan/covers/surface/unit-017/formula/inline/095,urn:uuid:17909d8c-7652-53fe-9f16-1f54e14ed703,covers,urn:uuid:46f4dd3d-d17b-5046-a091-cf7e4fd2594e,chapter2.tex:1406-1602
urn:uuid:7aa11f62-207b-58e0-9edd-7a3aa7290172,relation/unit/bab-2-kelengkapan/section/kelengkapan/covers/surface/unit-017/formula/inline/096,urn:uuid:17909d8c-7652-53fe-9f16-1f54e14ed703,covers,urn:uuid:cb4d4d6e-d18a-5346-90ef-11806e1f14d9,chapter2.tex:1406-1602
urn:uuid:6c194b71-ffcd-5bd2-9cc8-652e75909164,relation/unit/bab-2-kelengkapan/section/kelengkapan/covers/surface/unit-017/formula/inline/097,urn:uuid:17909d8c-7652-53fe-9f16-1f54e14ed703,covers,urn:uuid:21115cdd-796a-54fb-b29d-c6f57e7d7236,chapter2.tex:1406-1602
urn:uuid:11b9257f-8856-5e99-acc1-3a60dea9519e,relation/unit/bab-2-kelengkapan/section/kelengkapan/covers/surface/unit-017/formula/inline/098,urn:uuid:17909d8c-7652-53fe-9f16-1f54e14ed703,covers,urn:uuid:81616700-967a-595d-addf-029d44c812a9,chapter2.tex:1406-1602
urn:uuid:56b7bcdb-49cf-572d-8aa2-e6b6bb97877a,relation/unit/bab-2-kelengkapan/section/kelengkapan/covers/surface/unit-017/formula/inline/099,urn:uuid:17909d8c-7652-53fe-9f16-1f54e14ed703,covers,urn:uuid:f0d3cec8-c695-5534-97a0-8950ec444598,chapter2.tex:1406-1602
urn:uuid:00befdbc-89f8-534a-8215-d0e12f057257,relation/unit/bab-2-kelengkapan/section/kelengkapan/covers/surface/unit-017/formula/inline/100,urn:uuid:17909d8c-7652-53fe-9f16-1f54e14ed703,covers,urn:uuid:94c974ec-2906-5029-888c-475ab291d7dd,chapter2.tex:1406-1602
urn:uuid:9fdc5a7d-f633-5267-8f25-9bed311b6c58,relation/unit/bab-2-kelengkapan/section/kelengkapan/covers/surface/unit-017/formula/inline/101,urn:uuid:17909d8c-7652-53fe-9f16-1f54e14ed703,covers,urn:uuid:1bfacbea-8cb5-5336-97a3-1ba5483dae79,chapter2.tex:1406-1602
urn:uuid:35b7eb5c-2409-5051-8900-286726101d07,relation/unit/bab-2-kelengkapan/section/kelengkapan/covers/surface/unit-017/formula/inline/102,urn:uuid:17909d8c-7652-53fe-9f16-1f54e14ed703,covers,urn:uuid:c8bb0de6-b69f-5dde-9773-b5d962d82018,chapter2.tex:1406-1602
urn:uuid:a2a57bb1-1144-59a0-a1ee-ebe102a04d21,relation/unit/bab-2-kelengkapan/section/kelengkapan/covers/surface/unit-017/formula/inline/103,urn:uuid:17909d8c-7652-53fe-9f16-1f54e14ed703,covers,urn:uuid:cc5e506e-989f-52c1-84a9-f569f4d2a420,chapter2.tex:1406-1602
urn:uuid:ce27425d-8569-50e5-8a81-c9c5b61f6ece,relation/unit/bab-2-kelengkapan/section/kelengkapan/covers/surface/unit-017/formula/inline/104,urn:uuid:17909d8c-7652-53fe-9f16-1f54e14ed703,covers,urn:uuid:f4320baa-a6fe-5547-8645-4b6f822a48ee,chapter2.tex:1406-1602
urn:uuid:b0ce83c5-26a7-5ff9-a480-43fa9bbb7621,relation/unit/bab-2-kelengkapan/section/kelengkapan/covers/surface/unit-017/formula/inline/105,urn:uuid:17909d8c-7652-53fe-9f16-1f54e14ed703,covers,urn:uuid:188a940b-f626-50fd-a468-4da74a16dab2,chapter2.tex:1406-1602
urn:uuid:4a1e42c7-3e97-5bf9-a568-d7917d580426,relation/unit/bab-2-kelengkapan/section/kelengkapan/covers/surface/unit-017/formula/inline/106,urn:uuid:17909d8c-7652-53fe-9f16-1f54e14ed703,covers,urn:uuid:dd6aa38f-36bc-5b7f-96b1-d46d8ee1b279,chapter2.tex:1406-1602
urn:uuid:ec40348c-8ff7-5d3d-89d5-d0ecc6534335,relation/unit/bab-2-kelengkapan/section/kelengkapan/covers/surface/unit-017/formula/inline/107,urn:uuid:17909d8c-7652-53fe-9f16-1f54e14ed703,covers,urn:uuid:a0579e32-d5f5-5709-8736-04cd5c4f3395,chapter2.tex:1406-1602
urn:uuid:3f5d1c18-556b-552c-832c-700480e0c31d,relation/unit/bab-2-kelengkapan/section/kelengkapan/covers/surface/unit-017/formula/inline/108,urn:uuid:17909d8c-7652-53fe-9f16-1f54e14ed703,covers,urn:uuid:15e8aba6-7f1b-5344-8647-ae78c189e79e,chapter2.tex:1406-1602
urn:uuid:a377a2f4-eacb-5562-b164-ffda82ff2852,relation/unit/bab-2-kelengkapan/section/kelengkapan/covers/surface/unit-017/formula/inline/109,urn:uuid:17909d8c-7652-53fe-9f16-1f54e14ed703,covers,urn:uuid:260cef62-cd51-5b6c-81fc-31c6e52b9547,chapter2.tex:1406-1602
urn:uuid:5ed55b25-6723-539c-9f99-f41d895c3ce3,relation/unit/bab-2-kelengkapan/section/kelengkapan/covers/surface/unit-017/formula/inline/110,urn:uuid:17909d8c-7652-53fe-9f16-1f54e14ed703,covers,urn:uuid:20173003-c50b-5c57-9a07-30542f946a2c,chapter2.tex:1406-1602
urn:uuid:b73038bc-3109-5533-a849-6124364d1238,relation/unit/bab-2-kelengkapan/section/kelengkapan/covers/surface/unit-017/formula/inline/111,urn:uuid:17909d8c-7652-53fe-9f16-1f54e14ed703,covers,urn:uuid:8e17fb56-6ace-585e-834e-107bf71f5727,chapter2.tex:1406-1602
urn:uuid:4e90c3bc-754e-57ed-9efe-8e434f52f561,relation/unit/bab-2-kelengkapan/section/kelengkapan/covers/surface/unit-017/formula/inline/112,urn:uuid:17909d8c-7652-53fe-9f16-1f54e14ed703,covers,urn:uuid:442535ed-5be8-58d3-8429-8909f5aa2548,chapter2.tex:1406-1602
urn:uuid:46402084-7311-5f96-af7b-fd9a26960fa4,relation/unit/bab-2-kelengkapan/section/kelengkapan/covers/surface/unit-017/formula/inline/113,urn:uuid:17909d8c-7652-53fe-9f16-1f54e14ed703,covers,urn:uuid:812b1bb9-ff2f-5be5-889d-186f998f7c3f,chapter2.tex:1406-1602
urn:uuid:2da7445e-6e8f-58b1-88bf-3bb7a953e3cc,relation/unit/bab-2-kelengkapan/section/kelengkapan/covers/surface/unit-017/formula/inline/114,urn:uuid:17909d8c-7652-53fe-9f16-1f54e14ed703,covers,urn:uuid:b5f40952-49fb-50fd-9136-b93f4714171c,chapter2.tex:1406-1602
urn:uuid:8c9bc280-6b56-56e6-96ce-1fc2f80a7af4,relation/unit/bab-2-kelengkapan/section/kelengkapan/covers/surface/unit-017/formula/inline/115,urn:uuid:17909d8c-7652-53fe-9f16-1f54e14ed703,covers,urn:uuid:0099db3f-b975-536f-b910-f5d2ad4e0982,chapter2.tex:1406-1602
urn:uuid:5150f2af-7e65-5c01-9999-f868a712d5f0,relation/unit/bab-2-kelengkapan/section/kelengkapan/covers/surface/unit-017/formula/inline/116,urn:uuid:17909d8c-7652-53fe-9f16-1f54e14ed703,covers,urn:uuid:7cc421f6-08bb-5b33-a2f3-e34ca5bad26f,chapter2.tex:1406-1602
urn:uuid:e528195b-4070-5b03-b4da-ce38af3b35a6,relation/unit/bab-2-kelengkapan/section/kelengkapan/covers/surface/unit-017/formula/inline/117,urn:uuid:17909d8c-7652-53fe-9f16-1f54e14ed703,covers,urn:uuid:9a363abb-4393-5c0c-990a-a68e9156c9bd,chapter2.tex:1406-1602
urn:uuid:145a81f7-a78d-5ae3-9dd6-638fb61e5018,relation/unit/bab-2-kelengkapan/section/kelengkapan/covers/surface/unit-017/formula/inline/118,urn:uuid:17909d8c-7652-53fe-9f16-1f54e14ed703,covers,urn:uuid:3cf978b5-129a-573b-8e56-c6748940a7e3,chapter2.tex:1406-1602
urn:uuid:166597db-572f-5389-9c0b-f6394210f604,relation/unit/bab-2-kelengkapan/section/kelengkapan/covers/surface/unit-017/formula/inline/119,urn:uuid:17909d8c-7652-53fe-9f16-1f54e14ed703,covers,urn:uuid:b815cf47-6551-50db-a044-7c23b805d2be,chapter2.tex:1406-1602
urn:uuid:2455b499-46e1-5562-9ec7-07ca0828f96d,relation/unit/bab-2-kelengkapan/section/kelengkapan/covers/surface/unit-017/formula/inline/120,urn:uuid:17909d8c-7652-53fe-9f16-1f54e14ed703,covers,urn:uuid:7588c7ee-e909-5cf5-97e8-c75598cfecd6,chapter2.tex:1406-1602
urn:uuid:2d31a62a-c90a-5ad5-870f-10442999b0d0,relation/unit/bab-2-kelengkapan/section/kelengkapan/covers/surface/unit-017/formula/inline/121,urn:uuid:17909d8c-7652-53fe-9f16-1f54e14ed703,covers,urn:uuid:4292d517-9aaf-54ec-9a79-2defb30fa869,chapter2.tex:1406-1602
urn:uuid:af7e2d3b-1cf1-5de8-bb03-1fb0e51b6f4b,relation/unit/bab-2-kelengkapan/section/kelengkapan/covers/surface/unit-017/formula/inline/122,urn:uuid:17909d8c-7652-53fe-9f16-1f54e14ed703,covers,urn:uuid:e0c687fa-2d0b-55fb-a207-9174152c27c5,chapter2.tex:1406-1602
urn:uuid:e0cbafba-4ee5-52c6-bb1a-83b086703950,relation/unit/bab-2-kelengkapan/section/kelengkapan/covers/surface/unit-017/formula/inline/123,urn:uuid:17909d8c-7652-53fe-9f16-1f54e14ed703,covers,urn:uuid:5367e394-6f44-5094-a65b-2d6c74e37239,chapter2.tex:1406-1602
urn:uuid:bb352199-caf6-5e94-a31f-086b4cf86a1b,relation/unit/bab-2-kelengkapan/section/kelengkapan/covers/surface/unit-017/formula/inline/124,urn:uuid:17909d8c-7652-53fe-9f16-1f54e14ed703,covers,urn:uuid:25fc603e-11eb-53af-acc1-e6f462b518e0,chapter2.tex:1406-1602
urn:uuid:77a579a4-302a-5ef1-9f46-33bb06b1e661,relation/unit/bab-2-kelengkapan/section/kelengkapan/covers/surface/unit-017/formula/inline/125,urn:uuid:17909d8c-7652-53fe-9f16-1f54e14ed703,covers,urn:uuid:6a0ff35e-7d2e-56df-a29a-7955f1843f9a,chapter2.tex:1406-1602
urn:uuid:a364be87-a5ef-5141-a59f-2268b588edc2,relation/unit/bab-2-kelengkapan/section/kelengkapan/covers/surface/unit-017/formula/inline/126,urn:uuid:17909d8c-7652-53fe-9f16-1f54e14ed703,covers,urn:uuid:cca367b7-5192-544b-b276-2f14d47e5cb8,chapter2.tex:1406-1602
urn:uuid:f9262cb2-6550-5385-af36-d4c20de9b5e0,relation/unit/bab-2-kelengkapan/section/kelengkapan/covers/surface/unit-017/formula/inline/127,urn:uuid:17909d8c-7652-53fe-9f16-1f54e14ed703,covers,urn:uuid:63ace4da-0536-58c4-bbad-a00a2fe9c650,chapter2.tex:1406-1602
urn:uuid:b83a2b07-a4dd-5b4c-bb13-4aef5c607ba0,relation/unit/bab-2-kelengkapan/section/kelengkapan/covers/surface/unit-017/formula/inline/128,urn:uuid:17909d8c-7652-53fe-9f16-1f54e14ed703,covers,urn:uuid:181ee567-7867-517f-aa1d-a66c60f163ee,chapter2.tex:1406-1602
urn:uuid:322f493f-d362-507c-b9c3-c710badb0338,relation/unit/bab-2-kelengkapan/section/kelengkapan/covers/surface/unit-017/formula/inline/129,urn:uuid:17909d8c-7652-53fe-9f16-1f54e14ed703,covers,urn:uuid:5cc509c9-e892-55c5-bb4e-7705e61c3b55,chapter2.tex:1406-1602
urn:uuid:35c23522-b16a-59b9-b761-c5a260f42ed1,relation/unit/bab-2-kelengkapan/section/kelengkapan/covers/surface/unit-017/formula/inline/130,urn:uuid:17909d8c-7652-53fe-9f16-1f54e14ed703,covers,urn:uuid:e00adb84-8090-55ec-82c8-7100186ca81e,chapter2.tex:1406-1602
urn:uuid:28325b6d-6837-54bd-a71a-7092ed2197cf,relation/unit/bab-2-kelengkapan/section/kelengkapan/covers/surface/unit-017/formula/inline/131,urn:uuid:17909d8c-7652-53fe-9f16-1f54e14ed703,covers,urn:uuid:53aaceef-ab98-5585-9556-19db985be73c,chapter2.tex:1406-1602
urn:uuid:d72fdbc4-5331-514d-8a50-389159ac341d,relation/unit/bab-2-kelengkapan/section/kelengkapan/covers/surface/unit-017/formula/inline/132,urn:uuid:17909d8c-7652-53fe-9f16-1f54e14ed703,covers,urn:uuid:87f65abb-a87a-5e2a-8696-ac7377b34f26,chapter2.tex:1406-1602
urn:uuid:cfd64de9-263e-5818-8192-ca1b14fc8762,relation/unit/bab-2-kelengkapan/section/kelengkapan/covers/surface/unit-017/formula/inline/133,urn:uuid:17909d8c-7652-53fe-9f16-1f54e14ed703,covers,urn:uuid:0c3ee7d1-b49e-5654-a3cf-5d9dc9de07e6,chapter2.tex:1406-1602
urn:uuid:27fd24c2-8b72-553e-b950-e93c070e5d22,relation/unit/bab-2-kelengkapan/section/kelengkapan/covers/surface/unit-017/formula/inline/134,urn:uuid:17909d8c-7652-53fe-9f16-1f54e14ed703,covers,urn:uuid:cd33fb85-c20d-58d6-864c-b5437f15236f,chapter2.tex:1406-1602
urn:uuid:ba2db2f6-c652-5044-834e-7bbd66f8ae38,relation/unit/bab-2-kelengkapan/section/kelengkapan/covers/surface/unit-017/formula/inline/135,urn:uuid:17909d8c-7652-53fe-9f16-1f54e14ed703,covers,urn:uuid:f91d051f-1ad0-5304-9c0e-b2a1d5ca709d,chapter2.tex:1406-1602
urn:uuid:728766e1-69b7-564c-bc37-6dac00ee141e,relation/unit/bab-2-kelengkapan/section/kelengkapan/covers/surface/unit-017/formula/inline/136,urn:uuid:17909d8c-7652-53fe-9f16-1f54e14ed703,covers,urn:uuid:b5bd153c-7eea-5ca8-882b-8db60fed0747,chapter2.tex:1406-1602
urn:uuid:64dd0436-35b6-5b01-91f9-78dfa2d14a9a,relation/unit/bab-2-kelengkapan/section/kelengkapan/covers/surface/unit-017/formula/inline/137,urn:uuid:17909d8c-7652-53fe-9f16-1f54e14ed703,covers,urn:uuid:256c758f-6f62-5014-92b0-ba515a52740f,chapter2.tex:1406-1602
urn:uuid:1f842f5c-f2eb-55f4-9d16-e4ae2a50b132,relation/unit/bab-2-kelengkapan/section/kelengkapan/covers/surface/unit-017/formula/inline/138,urn:uuid:17909d8c-7652-53fe-9f16-1f54e14ed703,covers,urn:uuid:152a8d5f-05d2-5732-a305-588c9f443b16,chapter2.tex:1406-1602
urn:uuid:f25a7802-f810-5003-894f-8d8ea5495c9b,relation/unit/bab-2-kelengkapan/section/kelengkapan/covers/surface/unit-017/formula/inline/139,urn:uuid:17909d8c-7652-53fe-9f16-1f54e14ed703,covers,urn:uuid:695d54f8-58a9-5bed-ba69-5e0fa0d66a12,chapter2.tex:1406-1602
urn:uuid:c2a13600-9d70-5c44-a3f6-73edefc8efe8,relation/unit/bab-2-kelengkapan/section/kelengkapan/covers/surface/unit-017/formula/inline/140,urn:uuid:17909d8c-7652-53fe-9f16-1f54e14ed703,covers,urn:uuid:5045990d-dc13-5bff-a198-ec1dccda2162,chapter2.tex:1406-1602
urn:uuid:ef91d5da-670f-50f7-923b-e679992540c3,relation/unit/bab-2-kelengkapan/section/kelengkapan/covers/surface/unit-017/formula/inline/141,urn:uuid:17909d8c-7652-53fe-9f16-1f54e14ed703,covers,urn:uuid:6aa73faf-339f-5977-bc80-ab3377385389,chapter2.tex:1406-1602
urn:uuid:926ae540-eb71-57a1-8c91-78342898dcf3,relation/unit/bab-2-kelengkapan/section/kelengkapan/covers/surface/unit-017/formula/inline/142,urn:uuid:17909d8c-7652-53fe-9f16-1f54e14ed703,covers,urn:uuid:19b3cd8d-91d7-50ab-b91a-ea98b0711a3c,chapter2.tex:1406-1602
urn:uuid:757e3942-a43f-5a96-a9a0-dcb980ad4fca,relation/unit/bab-2-kelengkapan/section/kelengkapan/covers/surface/unit-017/formula/inline/143,urn:uuid:17909d8c-7652-53fe-9f16-1f54e14ed703,covers,urn:uuid:6ecae2f5-97cd-5f55-a6c7-1a23fd834268,chapter2.tex:1406-1602
urn:uuid:142937f3-c801-53dd-840d-c0a86a90b303,relation/unit/bab-2-kelengkapan/section/kelengkapan/covers/surface/unit-017/formula/inline/144,urn:uuid:17909d8c-7652-53fe-9f16-1f54e14ed703,covers,urn:uuid:ebd6876a-0431-5c08-a240-802c0e9d19e5,chapter2.tex:1406-1602
urn:uuid:f433dc8a-b813-5437-b0ad-70088169e242,relation/unit/bab-2-kelengkapan/section/kelengkapan/covers/surface/unit-017/formula/inline/145,urn:uuid:17909d8c-7652-53fe-9f16-1f54e14ed703,covers,urn:uuid:b97c2d5f-3368-529e-821d-26750ea5127b,chapter2.tex:1406-1602
urn:uuid:c33a1ae1-0d9d-5b00-88c7-f54d3909ac67,relation/unit/bab-2-kelengkapan/section/kelengkapan/covers/surface/unit-017/formula/inline/146,urn:uuid:17909d8c-7652-53fe-9f16-1f54e14ed703,covers,urn:uuid:d57cd4a1-b5c8-52c7-9454-e8c9b4cfe7f6,chapter2.tex:1406-1602
urn:uuid:27e19597-b894-52fa-8e1f-ff3dc225d408,relation/unit/bab-2-kelengkapan/section/kelengkapan/covers/surface/unit-017/formula/inline/147,urn:uuid:17909d8c-7652-53fe-9f16-1f54e14ed703,covers,urn:uuid:bcbc288f-02bc-5fcd-ad2a-0c9f13e79688,chapter2.tex:1406-1602
urn:uuid:bd9ea443-c7c2-50a3-bda2-74b0f0efc28b,relation/unit/bab-2-kelengkapan/section/kelengkapan/covers/surface/unit-017/formula/inline/148,urn:uuid:17909d8c-7652-53fe-9f16-1f54e14ed703,covers,urn:uuid:f9cc6af9-1fc6-5575-8a28-ab98787d677a,chapter2.tex:1406-1602
urn:uuid:bc3772c1-1a94-5f49-8c7c-d0f7f45a223c,relation/unit/bab-2-kelengkapan/section/kelengkapan/covers/surface/unit-017/formula/inline/149,urn:uuid:17909d8c-7652-53fe-9f16-1f54e14ed703,covers,urn:uuid:5bdbbaef-ba27-5276-821d-12c467358b56,chapter2.tex:1406-1602
urn:uuid:0e90f10b-29ca-59ef-b90f-8bc1df6dbd3a,relation/unit/bab-2-kelengkapan/section/kelengkapan/covers/surface/unit-017/formula/inline/150,urn:uuid:17909d8c-7652-53fe-9f16-1f54e14ed703,covers,urn:uuid:010270a5-f024-57a2-9754-751082052b8f,chapter2.tex:1406-1602
urn:uuid:8a1cdfa9-619a-5842-a9c1-2a2be1aebd55,relation/unit/bab-2-kelengkapan/section/kelengkapan/covers/surface/unit-017/formula/inline/151,urn:uuid:17909d8c-7652-53fe-9f16-1f54e14ed703,covers,urn:uuid:eaf23b26-687a-5b44-8c84-ac655ccb1c66,chapter2.tex:1406-1602
urn:uuid:92dda5b8-3d1d-580b-b4ec-2554493a76c3,relation/unit/bab-2-kelengkapan/section/kelengkapan/covers/surface/unit-017/formula/inline/152,urn:uuid:17909d8c-7652-53fe-9f16-1f54e14ed703,covers,urn:uuid:b4c5ca3f-6389-5087-aab3-16ec39fc673b,chapter2.tex:1406-1602
urn:uuid:e7abdd71-9447-596d-97d9-d5a6033679e1,relation/unit/bab-2-kelengkapan/section/kelengkapan/covers/surface/unit-017/formula/inline/153,urn:uuid:17909d8c-7652-53fe-9f16-1f54e14ed703,covers,urn:uuid:a75e7783-67ea-537a-95b4-edb403e52ed9,chapter2.tex:1406-1602
urn:uuid:a4eac5db-04ff-5ba9-829e-b90c7636b475,relation/unit/bab-2-kelengkapan/section/kelengkapan/covers/surface/unit-017/formula/inline/154,urn:uuid:17909d8c-7652-53fe-9f16-1f54e14ed703,covers,urn:uuid:6d4b30b0-c55a-54dc-8f0d-443f555f898e,chapter2.tex:1406-1602
urn:uuid:ec898f89-9099-58d8-8bef-e477f0667246,relation/unit/bab-2-kelengkapan/section/kelengkapan/covers/surface/unit-017/formula/inline/155,urn:uuid:17909d8c-7652-53fe-9f16-1f54e14ed703,covers,urn:uuid:386109db-9f56-5ccd-a930-064a4d066076,chapter2.tex:1406-1602
urn:uuid:8b2e5411-2e44-50d5-9dd1-4fe62a088648,relation/unit/bab-2-kelengkapan/section/kelengkapan/covers/surface/unit-017/formula/inline/156,urn:uuid:17909d8c-7652-53fe-9f16-1f54e14ed703,covers,urn:uuid:60a7eb79-5b3d-5130-b058-90410ec12aef,chapter2.tex:1406-1602
urn:uuid:7304c041-37d4-5c1a-a9cd-ff70b3f12303,relation/unit/bab-2-kelengkapan/section/kelengkapan/covers/surface/unit-017/formula/inline/157,urn:uuid:17909d8c-7652-53fe-9f16-1f54e14ed703,covers,urn:uuid:26306ce6-9629-58b7-a64f-61fba3b61878,chapter2.tex:1406-1602
urn:uuid:7d6c069b-17af-57dc-b376-6247b0e083fa,relation/unit/bab-2-kelengkapan/section/kelengkapan/covers/surface/unit-017/formula/inline/158,urn:uuid:17909d8c-7652-53fe-9f16-1f54e14ed703,covers,urn:uuid:70d63375-8dc2-564d-a099-ce909c3851a6,chapter2.tex:1406-1602
urn:uuid:d237f6c3-7504-589b-9f83-327fd9b62569,relation/unit/bab-2-kelengkapan/section/kelengkapan/covers/surface/unit-017/formula/inline/159,urn:uuid:17909d8c-7652-53fe-9f16-1f54e14ed703,covers,urn:uuid:e03b8f11-315e-5c31-b6c7-a2b04c128d94,chapter2.tex:1406-1602
urn:uuid:4c78c712-9202-5aec-987a-82f69bca38dd,relation/unit/bab-2-kelengkapan/section/kelengkapan/covers/surface/unit-017/formula/inline/160,urn:uuid:17909d8c-7652-53fe-9f16-1f54e14ed703,covers,urn:uuid:9ff53742-d1b3-5348-a388-4ee90e1595cf,chapter2.tex:1406-1602
urn:uuid:b646c04c-5ee1-5a33-956d-e8a3f9770bfd,relation/unit/bab-2-kelengkapan/section/kelengkapan/covers/surface/unit-017/formula/inline/161,urn:uuid:17909d8c-7652-53fe-9f16-1f54e14ed703,covers,urn:uuid:8228c3cb-8dbd-544c-9fe2-9a10ff7e254f,chapter2.tex:1406-1602
urn:uuid:f77daeda-b80e-5cba-a195-89c429722bc1,relation/unit/bab-2-kelengkapan/section/kelengkapan/covers/surface/unit-017/formula/inline/162,urn:uuid:17909d8c-7652-53fe-9f16-1f54e14ed703,covers,urn:uuid:fa504bbf-e09e-5f88-a470-7dcf63249f3e,chapter2.tex:1406-1602
urn:uuid:7b14b672-bf6e-559d-8f36-f16b4d74b419,relation/unit/bab-2-kelengkapan/section/kelengkapan/covers/surface/unit-017/formula/inline/163,urn:uuid:17909d8c-7652-53fe-9f16-1f54e14ed703,covers,urn:uuid:329f7379-5859-5c54-9a6f-9a7f68975de0,chapter2.tex:1406-1602
urn:uuid:0c8f3803-0a2a-5857-8d7d-0d8c1ebadd9b,relation/unit/bab-2-kelengkapan/section/kelengkapan/covers/surface/unit-017/formula/inline/164,urn:uuid:17909d8c-7652-53fe-9f16-1f54e14ed703,covers,urn:uuid:788a8c0f-d967-578f-9b71-e8191716160c,chapter2.tex:1406-1602
urn:uuid:73e7cb83-1025-5535-8c63-ae861a06905d,relation/unit/bab-2-kelengkapan/section/kelengkapan/covers/surface/unit-017/formula/inline/165,urn:uuid:17909d8c-7652-53fe-9f16-1f54e14ed703,covers,urn:uuid:d13eeaef-f56a-5c4d-95d7-2aac98f6ee24,chapter2.tex:1406-1602
urn:uuid:974f87ba-99cf-5457-9697-a27e57de6584,relation/unit/bab-2-kelengkapan/section/kelengkapan/covers/surface/unit-017/formula/inline/166,urn:uuid:17909d8c-7652-53fe-9f16-1f54e14ed703,covers,urn:uuid:42a406a5-5e60-5663-817d-c24bf55f3c39,chapter2.tex:1406-1602
urn:uuid:07c92340-5cb2-5c36-81c6-548c21a46a23,relation/unit/bab-2-kelengkapan/section/kelengkapan/covers/surface/unit-017/formula/inline/167,urn:uuid:17909d8c-7652-53fe-9f16-1f54e14ed703,covers,urn:uuid:1797b8f7-4133-5934-a51e-b9b9b6e56aed,chapter2.tex:1406-1602
urn:uuid:07cc0665-74ed-5a01-9580-0a29cc825ba8,relation/unit/bab-2-kelengkapan/section/kelengkapan/covers/surface/unit-017/formula/inline/168,urn:uuid:17909d8c-7652-53fe-9f16-1f54e14ed703,covers,urn:uuid:ba80dcdf-933f-5d2f-81d3-ac023c81b397,chapter2.tex:1406-1602
urn:uuid:ce62be60-bdb9-5c49-966f-3e56306cd4ba,relation/unit/bab-2-kelengkapan/section/kelengkapan/covers/surface/unit-017/formula/inline/169,urn:uuid:17909d8c-7652-53fe-9f16-1f54e14ed703,covers,urn:uuid:40e18b04-20d7-5df8-a771-55a3575adac7,chapter2.tex:1406-1602
urn:uuid:11d1b043-7624-5fea-b590-1deaee266763,relation/unit/bab-2-kelengkapan/section/kelengkapan/covers/surface/unit-017/formula/inline/170,urn:uuid:17909d8c-7652-53fe-9f16-1f54e14ed703,covers,urn:uuid:9f45f89e-943d-5bff-a942-1247fc7068e8,chapter2.tex:1406-1602
urn:uuid:75962eb1-5480-528e-9041-cfdafbf7b987,relation/unit/bab-2-kelengkapan/section/kelengkapan/covers/surface/unit-017/formula/inline/171,urn:uuid:17909d8c-7652-53fe-9f16-1f54e14ed703,covers,urn:uuid:ba528aa7-b0dd-52d3-a5d9-5a486cd49f16,chapter2.tex:1406-1602
urn:uuid:398d923c-177d-5ca2-99ce-82b2d18f80bb,relation/unit/bab-2-kelengkapan/section/kelengkapan/covers/surface/unit-017/formula/inline/172,urn:uuid:17909d8c-7652-53fe-9f16-1f54e14ed703,covers,urn:uuid:53901ecb-aab9-5909-951d-90acbf14e241,chapter2.tex:1406-1602
urn:uuid:6ec779af-6aec-5c6e-8f2d-0bfa25b93649,relation/unit/bab-2-kelengkapan/section/kelengkapan/covers/surface/unit-017/formula/inline/173,urn:uuid:17909d8c-7652-53fe-9f16-1f54e14ed703,covers,urn:uuid:233eed04-1aa8-5441-ac6e-57c916536633,chapter2.tex:1406-1602
urn:uuid:7419792d-456e-539c-9e98-cc03e60054af,relation/unit/bab-2-kelengkapan/section/kelengkapan/covers/surface/unit-017/formula/inline/174,urn:uuid:17909d8c-7652-53fe-9f16-1f54e14ed703,covers,urn:uuid:ca7a0f11-ebe5-5381-a3f3-3bd6b997c446,chapter2.tex:1406-1602
urn:uuid:b02a0049-ea26-58a0-8d91-5bec4c3dfd1d,relation/unit/bab-2-kelengkapan/section/kelengkapan/covers/surface/unit-017/formula/inline/175,urn:uuid:17909d8c-7652-53fe-9f16-1f54e14ed703,covers,urn:uuid:28d5f86a-a1cf-5585-8365-352b0ea8a5bf,chapter2.tex:1406-1602
urn:uuid:4c0b19d1-3834-5f4b-a7c6-a57acf8a0859,relation/unit/bab-2-kelengkapan/section/kelengkapan/covers/surface/unit-017/formula/inline/176,urn:uuid:17909d8c-7652-53fe-9f16-1f54e14ed703,covers,urn:uuid:15889446-cb6b-50c8-b8eb-2391e4f4575a,chapter2.tex:1406-1602
urn:uuid:61219b2b-2b05-5cb2-b869-dd6fedb730d4,relation/unit/bab-2-kelengkapan/section/kelengkapan/covers/surface/unit-017/formula/inline/177,urn:uuid:17909d8c-7652-53fe-9f16-1f54e14ed703,covers,urn:uuid:a8f60329-ebc9-5d79-b480-ab9c23263acf,chapter2.tex:1406-1602
urn:uuid:8bb8d9c4-47d1-543a-8461-b438067dfa46,relation/unit/bab-2-kelengkapan/section/kelengkapan/covers/surface/unit-017/formula/inline/178,urn:uuid:17909d8c-7652-53fe-9f16-1f54e14ed703,covers,urn:uuid:7dcf1a8b-1da2-5a5f-9a51-e533004c5bfb,chapter2.tex:1406-1602
urn:uuid:a71fa6fe-8f61-50e7-a1fc-aa891fde4abc,relation/unit/bab-2-kelengkapan/section/kelengkapan/covers/surface/unit-017/formula/inline/179,urn:uuid:17909d8c-7652-53fe-9f16-1f54e14ed703,covers,urn:uuid:10193f74-ad8e-55ce-9cf0-ad5ce43d4338,chapter2.tex:1406-1602
urn:uuid:1a9def99-5e62-5a5e-8780-1ecabd574888,relation/unit/bab-2-kelengkapan/section/kelengkapan/covers/surface/unit-017/formula/inline/180,urn:uuid:17909d8c-7652-53fe-9f16-1f54e14ed703,covers,urn:uuid:6236852c-fa73-52d3-9237-b59db52a100d,chapter2.tex:1406-1602
urn:uuid:1b182926-74de-5c8c-a7b5-6ef9d548e7b0,relation/unit/bab-2-kelengkapan/section/kelengkapan/covers/surface/unit-017/formula/inline/181,urn:uuid:17909d8c-7652-53fe-9f16-1f54e14ed703,covers,urn:uuid:5adb6aa2-dfee-507c-9f46-8c5933b60bd9,chapter2.tex:1406-1602
urn:uuid:893f1e36-acbc-5ad1-81fd-51362059ca6e,relation/unit/bab-2-kelengkapan/section/kelengkapan/covers/surface/unit-017/formula/inline/182,urn:uuid:17909d8c-7652-53fe-9f16-1f54e14ed703,covers,urn:uuid:ddded710-a317-53a0-8128-a638880a4c8a,chapter2.tex:1406-1602
urn:uuid:3c887a76-1428-5b9b-bcfc-a2e0b2c34d6f,relation/unit/bab-2-kelengkapan/section/kelengkapan/covers/surface/unit-017/formula/inline/183,urn:uuid:17909d8c-7652-53fe-9f16-1f54e14ed703,covers,urn:uuid:11e1f5c6-e4d7-544e-9168-15f9b28bd6e9,chapter2.tex:1406-1602
urn:uuid:6132f00a-9ce9-5dc3-b0f4-4d101875fde1,relation/unit/bab-2-kelengkapan/section/kelengkapan/covers/surface/unit-017/formula/inline/184,urn:uuid:17909d8c-7652-53fe-9f16-1f54e14ed703,covers,urn:uuid:761e8ccc-28b7-5091-ab27-64c825cfa09b,chapter2.tex:1406-1602
urn:uuid:d596f77c-b4f4-5786-a6bd-3e0aad9d0c2b,relation/unit/bab-2-kelengkapan/section/kelengkapan/covers/surface/unit-017/formula/inline/185,urn:uuid:17909d8c-7652-53fe-9f16-1f54e14ed703,covers,urn:uuid:08c7a4a9-7a11-5173-b68e-bcd14b73d07a,chapter2.tex:1406-1602
urn:uuid:a36c74ef-e672-5d02-822f-3a7966bf39cb,relation/unit/bab-2-kelengkapan/section/kelengkapan/covers/surface/unit-017/formula/inline/186,urn:uuid:17909d8c-7652-53fe-9f16-1f54e14ed703,covers,urn:uuid:f0274551-e70f-5000-8a43-19b7bccbaa78,chapter2.tex:1406-1602
urn:uuid:f237a156-d94f-5d59-a934-d6ae95714a98,relation/unit/bab-2-kelengkapan/section/kelengkapan/covers/surface/unit-017/formula/inline/187,urn:uuid:17909d8c-7652-53fe-9f16-1f54e14ed703,covers,urn:uuid:e20dfc53-4036-5ccc-bb76-4012ff8b57de,chapter2.tex:1406-1602
urn:uuid:449153ea-e7ac-530c-8610-10bfb860c0bc,relation/unit/bab-2-kelengkapan/section/kelengkapan/covers/surface/unit-017/formula/inline/188,urn:uuid:17909d8c-7652-53fe-9f16-1f54e14ed703,covers,urn:uuid:b940a614-61fd-59ab-99dd-f1c45c5bb528,chapter2.tex:1406-1602
urn:uuid:b4230819-e5b6-5f8a-a5d6-bf8fb7003e16,relation/unit/bab-2-kelengkapan/section/kelengkapan/covers/surface/unit-017/formula/inline/189,urn:uuid:17909d8c-7652-53fe-9f16-1f54e14ed703,covers,urn:uuid:7a9056a1-b106-5332-ba23-5d459a844c78,chapter2.tex:1406-1602
urn:uuid:1b557d7c-7e92-58ae-8209-9d28751695f6,relation/unit/bab-2-kelengkapan/section/kelengkapan/covers/surface/unit-017/formula/inline/190,urn:uuid:17909d8c-7652-53fe-9f16-1f54e14ed703,covers,urn:uuid:fa9181ae-5bfe-57d7-9318-63725e35014c,chapter2.tex:1406-1602
urn:uuid:b8e9adb3-a331-56e9-bbc1-87ea573f20f6,relation/unit/bab-2-kelengkapan/section/kelengkapan/covers/surface/unit-017/formula/inline/191,urn:uuid:17909d8c-7652-53fe-9f16-1f54e14ed703,covers,urn:uuid:465ecb62-175f-5f16-ab09-1de04ee2393f,chapter2.tex:1406-1602
urn:uuid:ecb7ba59-450e-58f4-a37c-566f7381b5b4,relation/unit/bab-2-kelengkapan/section/kelengkapan/covers/surface/unit-017/formula/inline/192,urn:uuid:17909d8c-7652-53fe-9f16-1f54e14ed703,covers,urn:uuid:817eacf5-d33e-5659-b72c-80eb1579be76,chapter2.tex:1406-1602
urn:uuid:85287ae2-a772-56ce-a8f7-cb4a9785d6a5,relation/unit/bab-2-kelengkapan/section/kelengkapan/covers/surface/unit-017/formula/inline/193,urn:uuid:17909d8c-7652-53fe-9f16-1f54e14ed703,covers,urn:uuid:0c81753f-4f3f-554f-8ee8-8af0ca84f717,chapter2.tex:1406-1602
urn:uuid:9344fb09-159f-56d7-84ff-29e43b54a8bf,relation/unit/bab-2-kelengkapan/section/kelengkapan/covers/surface/unit-017/formula/inline/194,urn:uuid:17909d8c-7652-53fe-9f16-1f54e14ed703,covers,urn:uuid:85fab72d-5ace-55bf-8309-c1990d57745c,chapter2.tex:1406-1602
urn:uuid:3b22effa-0c4f-558e-850a-77d44aa902a5,relation/unit/bab-2-kelengkapan/section/kelengkapan/covers/surface/unit-017/formula/inline/195,urn:uuid:17909d8c-7652-53fe-9f16-1f54e14ed703,covers,urn:uuid:d0e28f10-ceb6-5a20-b71e-3317c38cbdd1,chapter2.tex:1406-1602
urn:uuid:a055d371-2bda-5d68-ba30-c4955510d0eb,relation/unit/bab-2-kelengkapan/section/kelengkapan/covers/surface/unit-017/formula/inline/196,urn:uuid:17909d8c-7652-53fe-9f16-1f54e14ed703,covers,urn:uuid:4121e0fe-122f-59d1-91a2-7c457c0841aa,chapter2.tex:1406-1602
urn:uuid:6217babe-0c5a-5b47-a786-e1d9d06afd70,relation/unit/bab-2-kelengkapan/section/kelengkapan/covers/surface/unit-017/formula/inline/197,urn:uuid:17909d8c-7652-53fe-9f16-1f54e14ed703,covers,urn:uuid:88c130a9-b878-5620-98f3-94153a3fb202,chapter2.tex:1406-1602
urn:uuid:a311691f-15ea-54b1-bbfe-2c976d50abd9,relation/unit/bab-2-kelengkapan/section/kelengkapan/covers/surface/unit-017/formula/inline/198,urn:uuid:17909d8c-7652-53fe-9f16-1f54e14ed703,covers,urn:uuid:8853268c-74f6-55d1-97e5-fc291c65341b,chapter2.tex:1406-1602
urn:uuid:e8091131-ba11-539a-a72f-dbf8c340c94a,relation/unit/bab-2-kelengkapan/section/kelengkapan/covers/surface/unit-017/formula/inline/199,urn:uuid:17909d8c-7652-53fe-9f16-1f54e14ed703,covers,urn:uuid:575cf736-9476-5a63-9912-cac93e1ff04e,chapter2.tex:1406-1602
urn:uuid:43605ea9-c1ab-50cb-a849-41185036bced,relation/unit/bab-2-kelengkapan/section/kelengkapan/covers/surface/unit-017/label/001,urn:uuid:17909d8c-7652-53fe-9f16-1f54e14ed703,covers,urn:uuid:04baad72-9f8c-52e3-9df1-f233da680c67,chapter2.tex:1406-1602
urn:uuid:7b410932-f0e2-5f0d-bbf0-2194807fb508,relation/unit/bab-2-kelengkapan/section/kelengkapan/covers/surface/unit-017/label/002,urn:uuid:17909d8c-7652-53fe-9f16-1f54e14ed703,covers,urn:uuid:7487f242-b105-50ad-b180-e8a1d8ea64de,chapter2.tex:1406-1602
urn:uuid:0cb0d0da-c3c1-5a35-95ca-0743637a6768,relation/unit/bab-2-kelengkapan/section/kelengkapan/covers/surface/unit-017/label/003,urn:uuid:17909d8c-7652-53fe-9f16-1f54e14ed703,covers,urn:uuid:91fd410d-247c-5f16-a170-45e0bc5a4087,chapter2.tex:1406-1602
urn:uuid:7e3de1a8-54ec-5ced-a1df-907f71b88a7f,relation/unit/bab-2-kelengkapan/section/kelengkapan/covers/surface/unit-017/label/004,urn:uuid:17909d8c-7652-53fe-9f16-1f54e14ed703,covers,urn:uuid:34b35b78-7d8e-50d6-b998-d8d615f4f982,chapter2.tex:1406-1602
urn:uuid:f479d973-04de-51c2-bd8a-c71d8f0cfa7e,relation/unit/bab-2-kelengkapan/section/kelengkapan/covers/surface/unit-017/label/005,urn:uuid:17909d8c-7652-53fe-9f16-1f54e14ed703,covers,urn:uuid:4ee14950-321e-5520-9f3b-0dadff9a61d7,chapter2.tex:1406-1602
urn:uuid:02a48db8-7fa9-534b-8ff9-3df2d6b44037,relation/unit/bab-2-kelengkapan/section/kelengkapan/covers/surface/unit-017/label/006,urn:uuid:17909d8c-7652-53fe-9f16-1f54e14ed703,covers,urn:uuid:29c7dc30-fc94-541a-ad32-f3ef6e0f1ae2,chapter2.tex:1406-1602
urn:uuid:e4ebaf50-1d02-58e2-96be-b9431584b9b5,relation/unit/bab-2-kelengkapan/section/kelengkapan/covers/surface/unit-017/label/007,urn:uuid:17909d8c-7652-53fe-9f16-1f54e14ed703,covers,urn:uuid:1da3b402-8fec-5a72-b530-5725f717ffd1,chapter2.tex:1406-1602
urn:uuid:fc00be07-366b-59ba-ade7-eb2493ac5745,relation/unit/bab-2-kelengkapan/section/kelengkapan/covers/surface/unit-017/label/008,urn:uuid:17909d8c-7652-53fe-9f16-1f54e14ed703,covers,urn:uuid:40708f51-f9c2-5468-862a-2c45a2925e27,chapter2.tex:1406-1602
urn:uuid:604b357f-19ba-5196-9d7f-b371bd98bdb1,relation/unit/bab-2-kelengkapan/section/kelengkapan/covers/surface/unit-017/label/009,urn:uuid:17909d8c-7652-53fe-9f16-1f54e14ed703,covers,urn:uuid:90d1c08a-f6e5-59d4-8bd7-8b48096d8874,chapter2.tex:1406-1602
urn:uuid:ccb1477f-7285-5d8d-807e-79d772e4347f,relation/unit/bab-2-kelengkapan/section/kelengkapan/covers/surface/unit-017/label/010,urn:uuid:17909d8c-7652-53fe-9f16-1f54e14ed703,covers,urn:uuid:99a8498a-2147-5d4c-89a1-4cb7587b353a,chapter2.tex:1406-1602
urn:uuid:5337d7e6-8a95-577a-bc85-268315282c05,relation/unit/bab-2-kelengkapan/section/kelengkapan/covers/surface/unit-017/label/011,urn:uuid:17909d8c-7652-53fe-9f16-1f54e14ed703,covers,urn:uuid:5494d104-09a8-5d31-b801-6fd7118a72e1,chapter2.tex:1406-1602
urn:uuid:bf319b93-5fb2-5991-b748-1f21bf5a8d61,relation/unit/bab-2-kelengkapan/section/kelengkapan/covers/surface/unit-017/reference/equation/001,urn:uuid:17909d8c-7652-53fe-9f16-1f54e14ed703,covers,urn:uuid:a18dbd6e-d159-5148-88de-5aed7c146174,chapter2.tex:1406-1602
urn:uuid:d60fb4bc-7e5a-59cd-badc-a1279659e7ed,relation/unit/bab-2-kelengkapan/section/kelengkapan/covers/surface/unit-017/reference/equation/002,urn:uuid:17909d8c-7652-53fe-9f16-1f54e14ed703,covers,urn:uuid:1e0c8c4a-ec40-5d7f-ba26-0c298c7a7948,chapter2.tex:1406-1602
urn:uuid:9fb411a1-78d4-5be8-bbbf-3605052343cd,relation/unit/bab-2-kelengkapan/section/kelengkapan/covers/surface/unit-017/reference/equation/003,urn:uuid:17909d8c-7652-53fe-9f16-1f54e14ed703,covers,urn:uuid:2cb6d666-1714-506f-b55c-dc5fd70564bf,chapter2.tex:1406-1602
urn:uuid:67dea4a0-62dc-5394-97c9-b3e2c84c708a,relation/unit/bab-2-kelengkapan/section/kelengkapan/covers/surface/unit-017/reference/equation/004,urn:uuid:17909d8c-7652-53fe-9f16-1f54e14ed703,covers,urn:uuid:88aaf1aa-68e8-5570-8dad-5c026b101523,chapter2.tex:1406-1602
urn:uuid:779df9bc-cddb-5a6a-9e6a-b973b47740b4,relation/unit/bab-2-kelengkapan/section/kelengkapan/covers/surface/unit-017/reference/equation/005,urn:uuid:17909d8c-7652-53fe-9f16-1f54e14ed703,covers,urn:uuid:6f7bf49d-1436-5149-90cb-7a17d6f09828,chapter2.tex:1406-1602
urn:uuid:6cf95f3a-53ce-54d7-9808-674f6b42bf29,relation/unit/bab-2-kelengkapan/section/kelengkapan/covers/surface/unit-017/reference/ordinary/001,urn:uuid:17909d8c-7652-53fe-9f16-1f54e14ed703,covers,urn:uuid:abce9cbc-32ac-58f2-b978-9beca2268729,chapter2.tex:1406-1602
urn:uuid:8f2b8665-64fa-5991-83ab-a14b7da0630a,relation/unit/bab-2-kelengkapan/section/kelengkapan/covers/surface/unit-017/reference/ordinary/002,urn:uuid:17909d8c-7652-53fe-9f16-1f54e14ed703,covers,urn:uuid:ea93a5e0-07c9-598d-956c-7d813912d734,chapter2.tex:1406-1602
urn:uuid:2e74ebfe-faa9-5e9e-8563-f601876c4044,relation/unit/bab-2-kelengkapan/section/kelengkapan/covers/surface/unit-017/reference/ordinary/003,urn:uuid:17909d8c-7652-53fe-9f16-1f54e14ed703,covers,urn:uuid:5738135e-fe96-5023-afc9-e2d1f6791924,chapter2.tex:1406-1602
urn:uuid:5bc52829-463c-5f65-bba1-87bfed489312,relation/unit/bab-2-kelengkapan/section/kelengkapan/covers/surface/unit-017/reference/ordinary/004,urn:uuid:17909d8c-7652-53fe-9f16-1f54e14ed703,covers,urn:uuid:012adda1-e09d-57dc-b7cc-f93c8b28a7d0,chapter2.tex:1406-1602
urn:uuid:af3f15ae-c1d2-555a-b5f9-fa86de30fbfd,relation/unit/bab-2-kelengkapan/section/kelengkapan/covers/surface/unit-017/reference/ordinary/005,urn:uuid:17909d8c-7652-53fe-9f16-1f54e14ed703,covers,urn:uuid:939ead6b-ec0c-54ca-bef7-506d8266c211,chapter2.tex:1406-1602
urn:uuid:0f268c55-ada1-567f-9c05-2b42e30625b3,relation/unit/bab-2-kelengkapan/section/kelengkapan/covers/surface/unit-017/reference/ordinary/006,urn:uuid:17909d8c-7652-53fe-9f16-1f54e14ed703,covers,urn:uuid:4a51fba8-087b-5ef1-a68c-50f300543efa,chapter2.tex:1406-1602
urn:uuid:eb88b104-21e4-520e-980b-741a23882c93,relation/unit/bab-2-kelengkapan/section/kelengkapan/covers/surface/unit-017/reference/ordinary/007,urn:uuid:17909d8c-7652-53fe-9f16-1f54e14ed703,covers,urn:uuid:b93e2388-6399-58f3-b1e2-aef5fb081f48,chapter2.tex:1406-1602
urn:uuid:03dc5746-a8c5-5877-b71e-66f853ae0557,relation/unit/bab-2-kelengkapan/section/kelengkapan/covers/surface/unit-017/reference/ordinary/008,urn:uuid:17909d8c-7652-53fe-9f16-1f54e14ed703,covers,urn:uuid:3924ddb6-bf79-5da8-840e-029a62dbdcc0,chapter2.tex:1406-1602
urn:uuid:ca60981d-1535-55c4-9be3-ae1a56bc1aaf,relation/unit/bab-2-kelengkapan/section/kelengkapan/covers/surface/unit-017/reference/ordinary/009,urn:uuid:17909d8c-7652-53fe-9f16-1f54e14ed703,covers,urn:uuid:fee72156-3280-5afc-bec9-8393265569b7,chapter2.tex:1406-1602
urn:uuid:253d8bfc-11ed-5742-88ce-76c6a07ca511,relation/unit/bab-2-kelengkapan/section/kelengkapan/covers/surface/unit-017/reference/ordinary/010,urn:uuid:17909d8c-7652-53fe-9f16-1f54e14ed703,covers,urn:uuid:fb78aa64-3f0c-5f96-ba7c-88d01c8fc4a1,chapter2.tex:1406-1602
urn:uuid:32947b52-fb6e-58f5-8557-2941af2d45da,relation/unit/bab-2-kelengkapan/section/kelengkapan/covers/surface/unit-017/reference/ordinary/011,urn:uuid:17909d8c-7652-53fe-9f16-1f54e14ed703,covers,urn:uuid:e2f8a60f-792e-5842-b8b1-c71e5627f1d8,chapter2.tex:1406-1602
urn:uuid:3611d250-c696-5b5a-b133-756d1c27fb1f,relation/unit/bab-2-kelengkapan/section/kelengkapan/covers/surface/unit-017/reference/ordinary/012,urn:uuid:17909d8c-7652-53fe-9f16-1f54e14ed703,covers,urn:uuid:bf5b83e3-5ddb-5311-a437-e5b40f77a0a0,chapter2.tex:1406-1602
urn:uuid:be0c6e23-9ae3-5e1c-b643-190d7d69ce10,relation/unit/bab-2-kelengkapan/section/kelengkapan/covers/surface/unit-017/reference/ordinary/013,urn:uuid:17909d8c-7652-53fe-9f16-1f54e14ed703,covers,urn:uuid:82fda1ce-6179-59a7-aa3c-987335789549,chapter2.tex:1406-1602
urn:uuid:9433cb6d-33d4-554d-a375-9350295125e4,relation/unit/bab-2-kelengkapan/section/kelengkapan/covers/surface/unit-017/reference/ordinary/014,urn:uuid:17909d8c-7652-53fe-9f16-1f54e14ed703,covers,urn:uuid:7ce2d948-d553-5bc7-b2f5-54384d5eaa7c,chapter2.tex:1406-1602
urn:uuid:8a4401d9-06af-5ff7-a06b-4a5bf765414c,relation/unit/bab-2-kelengkapan/section/kelengkapan/covers/surface/unit-017/reference/ordinary/015,urn:uuid:17909d8c-7652-53fe-9f16-1f54e14ed703,covers,urn:uuid:35616ddc-4418-50aa-b9c1-c3936b08d006,chapter2.tex:1406-1602
urn:uuid:e05e484e-5cb2-51b8-a6ea-64b04542830a,relation/unit/bab-2-kelengkapan/section/kelengkapan/covers/surface/unit-017/reference/ordinary/016,urn:uuid:17909d8c-7652-53fe-9f16-1f54e14ed703,covers,urn:uuid:c077b756-879d-59be-8623-90d904a01b71,chapter2.tex:1406-1602
urn:uuid:591f2d5a-e5c7-5cad-8fb8-65fc759d883d,relation/unit/bab-2-kelengkapan/section/kelengkapan/covers/surface/unit-017/reference/ordinary/017,urn:uuid:17909d8c-7652-53fe-9f16-1f54e14ed703,covers,urn:uuid:57d47cbf-93b2-5b65-81bb-788150486c7a,chapter2.tex:1406-1602
urn:uuid:c832b583-5edf-5ceb-8af6-eec037e77f4b,relation/unit/bab-2-kelengkapan/section/kelengkapan/covers/surface/unit-017/reference/ordinary/018,urn:uuid:17909d8c-7652-53fe-9f16-1f54e14ed703,covers,urn:uuid:9a5f8619-7c61-55c2-9328-731e458311b1,chapter2.tex:1406-1602
urn:uuid:85ba7f7b-adad-5cac-9c76-62d3544dc7b2,relation/unit/bab-2-kelengkapan/section/kelengkapan/covers/surface/unit-017/reference/ordinary/019,urn:uuid:17909d8c-7652-53fe-9f16-1f54e14ed703,covers,urn:uuid:373883b7-6a93-5968-93a6-42c1b43319c9,chapter2.tex:1406-1602
urn:uuid:8a1ad32b-3368-5ff8-8d78-9b81d9ba8806,relation/unit/bab-2-kelengkapan/section/kelengkapan/covers/surface/unit-017/reference/ordinary/020,urn:uuid:17909d8c-7652-53fe-9f16-1f54e14ed703,covers,urn:uuid:0af578d2-d844-5742-bb45-febfac08772c,chapter2.tex:1406-1602
urn:uuid:72c354ec-0624-5bf0-acb0-6da6f0784412,relation/unit/bab-2-kelengkapan/section/kelengkapan/covers/surface/unit-017/reference/ordinary/021,urn:uuid:17909d8c-7652-53fe-9f16-1f54e14ed703,covers,urn:uuid:13cd3747-6274-55d1-832f-5db4940f3ebd,chapter2.tex:1406-1602
urn:uuid:a1a0012f-33c4-57f2-982d-beab62832bd9,relation/unit/bab-2-kelengkapan/section/kelengkapan/covers/surface/unit-017/reference/ordinary/022,urn:uuid:17909d8c-7652-53fe-9f16-1f54e14ed703,covers,urn:uuid:4a24ac4b-4006-5f05-9883-fa29a7051319,chapter2.tex:1406-1602
urn:uuid:3f9e9ee6-41ac-55a2-b7dc-3f7c51569d9a,relation/unit/bab-2-kelengkapan/section/kelengkapan/covers/surface/unit-017/reference/ordinary/023,urn:uuid:17909d8c-7652-53fe-9f16-1f54e14ed703,covers,urn:uuid:d74d4d7f-25a0-5a5c-9c3d-a37376b79014,chapter2.tex:1406-1602
urn:uuid:eb27e151-eac3-5040-b54f-488f0918b6a1,relation/unit/bab-2-kelengkapan/section/kelengkapan/covers/surface/unit-017/reference/ordinary/024,urn:uuid:17909d8c-7652-53fe-9f16-1f54e14ed703,covers,urn:uuid:baf04c21-a1d7-5095-8962-744916edc8df,chapter2.tex:1406-1602
urn:uuid:d3f79a0e-f0de-5949-81cf-ff91af07298d,relation/unit/bab-2-kelengkapan/section/kelengkapan/covers/surface/unit-017/reference/ordinary/025,urn:uuid:17909d8c-7652-53fe-9f16-1f54e14ed703,covers,urn:uuid:8850c34d-e24e-547f-bd9c-b7131a876230,chapter2.tex:1406-1602
urn:uuid:deda7ea5-3afa-54d4-98af-8aa2e28ac6fc,relation/unit/bab-2-kelengkapan/section/kelengkapan/covers/surface/unit-017/reference/ordinary/026,urn:uuid:17909d8c-7652-53fe-9f16-1f54e14ed703,covers,urn:uuid:35b5281f-d753-52fa-8da7-273a11162f5a,chapter2.tex:1406-1602
urn:uuid:dfc95a69-fe3e-50e1-b077-844414b9ee04,relation/unit/bab-2-kelengkapan/section/kelengkapan/covers/surface/unit-017/reference/ordinary/027,urn:uuid:17909d8c-7652-53fe-9f16-1f54e14ed703,covers,urn:uuid:dfc9d4d6-5343-57d3-b9be-18311173ebc3,chapter2.tex:1406-1602
urn:uuid:6ed1dea0-34f2-5445-a02a-0157137bbaad,relation/unit/bab-2-kelengkapan/section/kelengkapan/covers/surface/unit-017/reference/ordinary/028,urn:uuid:17909d8c-7652-53fe-9f16-1f54e14ed703,covers,urn:uuid:7827bd80-de72-5a06-aa5d-959c2f366bb4,chapter2.tex:1406-1602
urn:uuid:c30cd285-2503-5230-a429-2c54d3700726,relation/unit/bab-2-kelengkapan/section/kelengkapan/covers/surface/unit-017/reference/ordinary/029,urn:uuid:17909d8c-7652-53fe-9f16-1f54e14ed703,covers,urn:uuid:d7367b84-4517-5505-baf9-6a28e9def153,chapter2.tex:1406-1602
urn:uuid:64927eb7-0e94-5335-942f-87511f9b0dcf,relation/unit/bab-2-kelengkapan/section/kelengkapan/covers/surface/unit-017/reference/ordinary/030,urn:uuid:17909d8c-7652-53fe-9f16-1f54e14ed703,covers,urn:uuid:92af4130-d14a-5eca-8d79-bb0369b6f239,chapter2.tex:1406-1602
urn:uuid:1a5a3fad-fe92-5b18-ad2e-6985de95fdbd,relation/unit/bab-2-kelengkapan/section/kelengkapan/covers/surface/unit-017/reference/ordinary/031,urn:uuid:17909d8c-7652-53fe-9f16-1f54e14ed703,covers,urn:uuid:7365fc21-ae6d-5942-a076-bb38143939e1,chapter2.tex:1406-1602
urn:uuid:cbbd317d-da1d-58f1-808e-bb0a1e6bdaf6,relation/unit/bab-2-kelengkapan/section/kelengkapan/covers/surface/unit-017/reference/ordinary/032,urn:uuid:17909d8c-7652-53fe-9f16-1f54e14ed703,covers,urn:uuid:5acfd458-ee70-5c6b-9eb0-ba0f12dfc402,chapter2.tex:1406-1602
urn:uuid:f2083a7f-37cb-535e-b2de-e821b8ab8932,relation/unit/bab-2-kelengkapan/section/kelengkapan/covers/surface/unit-017/reference/ordinary/033,urn:uuid:17909d8c-7652-53fe-9f16-1f54e14ed703,covers,urn:uuid:5c3e3a5e-a68f-50c4-aacd-40467daf71d0,chapter2.tex:1406-1602
urn:uuid:823946af-b271-56cc-9505-e6f78bdd6ce1,relation/unit/bab-2-kelengkapan/section/kelengkapan/covers/surface/unit-017/reference/ordinary/034,urn:uuid:17909d8c-7652-53fe-9f16-1f54e14ed703,covers,urn:uuid:dfcde98d-4221-56b7-b2fd-0c5addc12245,chapter2.tex:1406-1602
urn:uuid:861d1d80-4242-5ac8-a59f-1115f2f5edeb,relation/unit/bab-2-kelengkapan/section/kelengkapan/covers/surface/unit-017/reference/ordinary/035,urn:uuid:17909d8c-7652-53fe-9f16-1f54e14ed703,covers,urn:uuid:a555e6d5-b325-529b-b24a-88ae7a9f0ecc,chapter2.tex:1406-1602
urn:uuid:27379a50-ce04-50e8-bb75-588784d852f4,relation/unit/bab-2-kelengkapan/section/kelengkapan/governed-by/rights/principal-cc-by-4.0,urn:uuid:17909d8c-7652-53fe-9f16-1f54e14ed703,governed-by,urn:uuid:0baf6c47-021d-5310-9475-81519e710250,
urn:uuid:e17d27d0-b334-5d24-bf4a-74d7b27562b6,relation/unit/bab-2-kelengkapan/section/kelengkapan/includes-diagram/diagram/unit-017/tikzcd-01,urn:uuid:17909d8c-7652-53fe-9f16-1f54e14ed703,includes-diagram,urn:uuid:cdd54b66-ff09-53ae-b804-9271a75ac205,chapter2.tex:1431-1434
urn:uuid:cd50b115-22a5-5cc7-a314-e5514f91d8a4,relation/unit/bab-2-kelengkapan/section/kelengkapan/includes-diagram/diagram/unit-017/tikzcd-02,urn:uuid:17909d8c-7652-53fe-9f16-1f54e14ed703,includes-diagram,urn:uuid:3709c6bf-5df6-5c6f-ac4f-74fd53601464,chapter2.tex:1436-1438
urn:uuid:ce59e3b1-f931-50ef-875f-7a99d8990e76,relation/unit/bab-2-kelengkapan/section/kelengkapan/includes-diagram/diagram/unit-017/tikzcd-03,urn:uuid:17909d8c-7652-53fe-9f16-1f54e14ed703,includes-diagram,urn:uuid:899fc4a8-bc79-5cd8-bf03-78c462c57ec7,chapter2.tex:1469-1474
urn:uuid:132ddd5d-67ae-58b3-857e-2ac810d01343,relation/unit/bab-2-kelengkapan/section/kelengkapan/includes-diagram/diagram/unit-017/tikzcd-04,urn:uuid:17909d8c-7652-53fe-9f16-1f54e14ed703,includes-diagram,urn:uuid:da3ef434-16da-5aec-8ff4-319e20013490,chapter2.tex:1475-1480
urn:uuid:4465d76f-0343-5dbc-94c5-335c97a43c4d,relation/unit/bab-2-kelengkapan/section/kelengkapan/includes-diagram/diagram/unit-017/tikzcd-05,urn:uuid:17909d8c-7652-53fe-9f16-1f54e14ed703,includes-diagram,urn:uuid:4bf1dee6-2b84-519f-8bed-15bb81bac743,chapter2.tex:1485-1488
urn:uuid:2fe2174b-9770-5280-a4c6-487f751968d8,relation/unit/bab-2-kelengkapan/section/kelengkapan/includes-diagram/diagram/unit-017/tikzcd-06,urn:uuid:17909d8c-7652-53fe-9f16-1f54e14ed703,includes-diagram,urn:uuid:a8d30fc0-1592-5512-be73-dfbcc796d145,chapter2.tex:1490-1493
urn:uuid:25f14375-7ca0-573c-92ac-930a29f35d3d,relation/unit/bab-2-kelengkapan/section/kelengkapan/includes-diagram/diagram/unit-017/tikzcd-07,urn:uuid:17909d8c-7652-53fe-9f16-1f54e14ed703,includes-diagram,urn:uuid:e84ddc36-8802-5651-ba0c-78a321e252b9,chapter2.tex:1524-1528
urn:uuid:77464e3f-b8c0-50e4-bae9-33bfeaf89a28,relation/unit/bab-2-kelengkapan/section/kelengkapan/includes-diagram/diagram/unit-017/tikzcd-08,urn:uuid:17909d8c-7652-53fe-9f16-1f54e14ed703,includes-diagram,urn:uuid:b572ba4d-af58-5c83-b96b-052a4f1665cc,chapter2.tex:1570-1570
urn:uuid:aabd4568-d471-5e28-a1dd-ea34c28017c8,relation/unit/bab-2-kelengkapan/section/kelengkapan/includes-diagram/diagram/unit-017/tikzcd-09,urn:uuid:17909d8c-7652-53fe-9f16-1f54e14ed703,includes-diagram,urn:uuid:0256f961-cd7a-5259-a5d9-95dc5138955a,chapter2.tex:1586-1591
urn:uuid:b645ac21-f125-5423-a013-f7592d61fea7,relation/unit/bab-2-kelengkapan/section/kelengkapan/indexes/index-entry/unit-017/adjunction,urn:uuid:17909d8c-7652-53fe-9f16-1f54e14ed703,indexes,urn:uuid:0b221e3f-f9fd-54eb-bae8-9aca8c11c8c0,chapter2.tex:1569
urn:uuid:228cdd5a-ea69-5ae3-b9c3-76f8cf2ae6f2,relation/unit/bab-2-kelengkapan/section/kelengkapan/indexes/index-entry/unit-017/cocomplete-category,urn:uuid:17909d8c-7652-53fe-9f16-1f54e14ed703,indexes,urn:uuid:ac47014f-aa38-5986-a103-0cb60eea2a66,chapter2.tex:1409
urn:uuid:b9c151f8-b44f-5e79-90ef-fa95fcf99af1,relation/unit/bab-2-kelengkapan/section/kelengkapan/indexes/index-entry/unit-017/complete-category,urn:uuid:17909d8c-7652-53fe-9f16-1f54e14ed703,indexes,urn:uuid:68a02bd1-e401-596b-8d6f-ca8f1d85c2e9,chapter2.tex:1409
urn:uuid:190bec81-cfa2-56b7-9ed9-9b41f2519c81,relation/unit/bab-2-kelengkapan/section/kelengkapan/indexes/index-entry/unit-017/fiber-coproduct,urn:uuid:17909d8c-7652-53fe-9f16-1f54e14ed703,indexes,urn:uuid:260f6d99-f291-5e64-b275-2ee40d19b335,chapter2.tex:1464
urn:uuid:38a1dbd2-ff3d-55e1-91aa-4a84e87b8bae,relation/unit/bab-2-kelengkapan/section/kelengkapan/indexes/index-entry/unit-017/fiber-product,urn:uuid:17909d8c-7652-53fe-9f16-1f54e14ed703,indexes,urn:uuid:51618761-d416-5d4e-afda-2c94b0b4a8a9,chapter2.tex:1463
urn:uuid:0a23572b-41c5-5160-8176-add972e66bc0,relation/unit/bab-2-kelengkapan/section/kelengkapan/indexes/index-entry/unit-017/pullback,urn:uuid:17909d8c-7652-53fe-9f16-1f54e14ed703,indexes,urn:uuid:61de7f3e-32dd-528d-af2e-c42c8014e6c4,chapter2.tex:1463
urn:uuid:277f5de2-efd6-5fa1-b89e-a169b8bf6cf5,relation/unit/bab-2-kelengkapan/section/kelengkapan/indexes/index-entry/unit-017/pullback-repeat,urn:uuid:17909d8c-7652-53fe-9f16-1f54e14ed703,indexes,urn:uuid:21f380d5-7189-5dd5-bcbf-9afabe27a9e4,chapter2.tex:1483
urn:uuid:533b941d-19e8-5744-9b63-67de71b16a79,relation/unit/bab-2-kelengkapan/section/kelengkapan/indexes/index-entry/unit-017/pushout,urn:uuid:17909d8c-7652-53fe-9f16-1f54e14ed703,indexes,urn:uuid:8d92c42c-3075-5ce8-ac13-31863240f1a7,chapter2.tex:1464
urn:uuid:e30027cc-026f-5df2-9d73-0bd067e21859,relation/unit/bab-2-kelengkapan/section/kelengkapan/indexes/index-entry/unit-017/pushout-repeat,urn:uuid:17909d8c-7652-53fe-9f16-1f54e14ed703,indexes,urn:uuid:08b5cfcc-10e5-5e90-8240-8e5d292238fe,chapter2.tex:1483
urn:uuid:90433270-7fe9-553e-b38f-32978465f359,relation/unit/bab-2-kelengkapan/section/kelengkapan/requires/prerequisite/basic-mathematical-literacy,urn:uuid:17909d8c-7652-53fe-9f16-1f54e14ed703,requires,urn:uuid:8fb6c957-7285-5258-978c-e1369c7e39d7,chapter2.tex:1406-1602
urn:uuid:44c205d0-8d2f-5594-82d4-a0b1f8568473,relation/unit/bab-2-kelengkapan/section/kelengkapan/requires/prerequisite/categories-and-morphisms,urn:uuid:17909d8c-7652-53fe-9f16-1f54e14ed703,requires,urn:uuid:dd69ccfd-7399-53a2-83fe-84127b1baf1d,chapter2.tex:1406-1602
urn:uuid:9fa569b7-d110-5e10-9364-57eb83854322,relation/unit/bab-2-kelengkapan/section/kelengkapan/requires/prerequisite/cauchy-sequences-and-completeness,urn:uuid:17909d8c-7652-53fe-9f16-1f54e14ed703,requires,urn:uuid:b9018862-5027-50f5-9947-a9a9526cc91f,chapter2.tex:1406-1602
urn:uuid:a425bc64-af56-52cc-8b59-eb1b7069eac0,relation/unit/bab-2-kelengkapan/section/kelengkapan/requires/prerequisite/elementary-number-theory,urn:uuid:17909d8c-7652-53fe-9f16-1f54e14ed703,requires,urn:uuid:cae14762-1ca0-5a11-aad9-20c81d540fee,chapter2.tex:1406-1602
urn:uuid:fdf7aabf-eff8-5a1c-aca8-921d29bd93da,relation/unit/bab-2-kelengkapan/section/kelengkapan/requires/prerequisite/elementary-set-theory,urn:uuid:17909d8c-7652-53fe-9f16-1f54e14ed703,requires,urn:uuid:00f7d0ea-1b60-51da-843f-cca760a368e4,chapter2.tex:1406-1602
urn:uuid:48e12c84-a5ff-501a-9e68-e73774ce3dff,relation/unit/bab-2-kelengkapan/section/kelengkapan/requires/prerequisite/functor-categories,urn:uuid:17909d8c-7652-53fe-9f16-1f54e14ed703,requires,urn:uuid:e3c2ed29-b6a0-5f8d-9613-6f2b41d962c8,chapter2.tex:1406-1602
urn:uuid:f41f0aa2-7b88-5db7-a40f-fd6d0d29035d,relation/unit/bab-2-kelengkapan/section/kelengkapan/requires/prerequisite/functors-and-natural-transformations,urn:uuid:17909d8c-7652-53fe-9f16-1f54e14ed703,requires,urn:uuid:3e864ace-90f6-56b3-8ce5-2e0690dbc9f8,chapter2.tex:1406-1602
urn:uuid:d9304804-aaae-5e6d-929c-18e9ebde0c60,relation/unit/bab-2-kelengkapan/section/kelengkapan/requires/prerequisite/limits-and-colimits,urn:uuid:17909d8c-7652-53fe-9f16-1f54e14ed703,requires,urn:uuid:c0b1a30a-634a-5e76-98d3-49bde5a5821c,chapter2.tex:1406-1602
urn:uuid:d9a2d024-7785-51cc-aa70-932e0295d7ad,relation/unit/bab-2-kelengkapan/section/kelengkapan/requires/prerequisite/linear-transformations,urn:uuid:17909d8c-7652-53fe-9f16-1f54e14ed703,requires,urn:uuid:9ef76bd8-39cf-5b09-8c2d-2d8c95f91aec,chapter2.tex:1406-1602
urn:uuid:bc418dc9-ef22-5a49-bc42-fea2edf5a7e6,relation/unit/bab-2-kelengkapan/section/kelengkapan/requires/prerequisite/mathematical-logic,urn:uuid:17909d8c-7652-53fe-9f16-1f54e14ed703,requires,urn:uuid:451f60c6-04ab-54a7-9d74-9dee65d088b7,chapter2.tex:1406-1602
urn:uuid:a92a83a4-677d-559b-9d91-d81b4bfc62f8,relation/unit/bab-2-kelengkapan/section/kelengkapan/requires/prerequisite/matrices,urn:uuid:17909d8c-7652-53fe-9f16-1f54e14ed703,requires,urn:uuid:d4260077-2f56-5951-8fe1-2dc390f81288,chapter2.tex:1406-1602
urn:uuid:baa61e8e-7902-5142-80b0-0e5016f31653,relation/unit/bab-2-kelengkapan/section/kelengkapan/requires/prerequisite/permutations-and-symmetric-groups,urn:uuid:17909d8c-7652-53fe-9f16-1f54e14ed703,requires,urn:uuid:ee7d907b-05bc-5def-81d5-7fcd351829b8,chapter2.tex:1406-1602
urn:uuid:5783c7be-8d96-5607-b6b6-a2235f5d5b35,relation/unit/bab-2-kelengkapan/section/kelengkapan/requires/prerequisite/point-set-topology,urn:uuid:17909d8c-7652-53fe-9f16-1f54e14ed703,requires,urn:uuid:6a61cd7e-28fe-5c64-9573-cf9ab46e5e96,chapter2.tex:1406-1602
urn:uuid:2a4f6975-a6ca-54ea-bca8-3e28552b77e7,relation/unit/bab-2-kelengkapan/section/kelengkapan/requires/prerequisite/polynomials,urn:uuid:17909d8c-7652-53fe-9f16-1f54e14ed703,requires,urn:uuid:15245348-aca2-5814-9ca8-0fce14044e14,chapter2.tex:1406-1602
urn:uuid:9d91af93-68a4-5a3d-b009-237eb2c3ca0d,relation/unit/bab-2-kelengkapan/section/kelengkapan/requires/prerequisite/real-analysis-basics,urn:uuid:17909d8c-7652-53fe-9f16-1f54e14ed703,requires,urn:uuid:4eedb52d-6e0a-5379-b39c-5043b067c49f,chapter2.tex:1406-1602
urn:uuid:2f5e04c0-a851-59b5-9676-19a38e1d8092,relation/unit/bab-2-kelengkapan/section/kelengkapan/requires/prerequisite/representable-functors-and-yoneda,urn:uuid:17909d8c-7652-53fe-9f16-1f54e14ed703,requires,urn:uuid:9fac54c6-e671-58b9-b840-4799739adb1e,chapter2.tex:1406-1602
urn:uuid:9c6612e9-5ca5-50d5-9610-d170bd10e27d,relation/unit/bab-2-kelengkapan/section/kelengkapan/requires/prerequisite/universal-properties-and-comma-categories,urn:uuid:17909d8c-7652-53fe-9f16-1f54e14ed703,requires,urn:uuid:8cab24d2-0f78-5bf9-96f8-5b2f2b07168d,chapter2.tex:1406-1602
urn:uuid:1f1f2ece-b67d-5f8f-8bfa-fd9efaee0b43,relation/unit/bab-2-kelengkapan/section/kelengkapan/requires/prerequisite/vector-spaces,urn:uuid:17909d8c-7652-53fe-9f16-1f54e14ed703,requires,urn:uuid:dfd6d864-afe6-5d0e-90f7-c130241cf396,chapter2.tex:1406-1602
