relation_id,relation_key,source_id,predicate,target_id,evidence
urn:uuid:0947819f-4675-551e-8180-fd052a24d689,relation/build-surface/unit-035-pdf/governed-by/rights/ajbook-fragment-cc-by-sa-3.0,urn:uuid:39589307-c9ab-5d85-b4f5-e5effdc50fef,governed-by,urn:uuid:10faf5cd-990f-5850-87b4-26922b062485,
urn:uuid:f8d1b175-6941-5fb3-afb2-bb24971bf1f9,relation/build-surface/unit-035-pdf/governed-by/rights/fandol-gpl-3.0-with-font-exception,urn:uuid:39589307-c9ab-5d85-b4f5-e5effdc50fef,governed-by,urn:uuid:624ac6e0-0ed9-531c-8b35-47c040240806,
urn:uuid:1b0f8f43-2246-5446-ba88-c891a714cd57,relation/build-surface/unit-035-pdf/governed-by/rights/noto-fonts-ofl-1.1,urn:uuid:39589307-c9ab-5d85-b4f5-e5effdc50fef,governed-by,urn:uuid:b9f7a7a7-8e18-507a-b72e-b5de733a7430,
urn:uuid:b8732f00-8820-5ba2-a990-d34049ec9856,relation/build-surface/unit-035-pdf/governed-by/rights/principal-cc-by-4.0,urn:uuid:39589307-c9ab-5d85-b4f5-e5effdc50fef,governed-by,urn:uuid:0baf6c47-021d-5310-9475-81519e710250,
urn:uuid:53d067a9-5de9-5fda-80de-fadd94073da9,relation/course/o013/requires/prerequisite/basic-mathematical-literacy,urn:uuid:a5f3ad58-ce3c-5f5f-b581-1f842ae79192,requires,urn:uuid:8fb6c957-7285-5258-978c-e1369c7e39d7,prelude.tex:49-60
urn:uuid:6af4c728-a07b-5571-a30d-9ee62c1a5a6e,relation/course/o013/requires/prerequisite/cauchy-sequences-and-completeness,urn:uuid:a5f3ad58-ce3c-5f5f-b581-1f842ae79192,requires,urn:uuid:b9018862-5027-50f5-9947-a9a9526cc91f,prelude.tex:49-60
urn:uuid:cdc5bef1-ed82-58de-9b13-95ec2357d9af,relation/course/o013/requires/prerequisite/elementary-number-theory,urn:uuid:a5f3ad58-ce3c-5f5f-b581-1f842ae79192,requires,urn:uuid:cae14762-1ca0-5a11-aad9-20c81d540fee,prelude.tex:49-60
urn:uuid:de5cce3e-de42-54c1-898b-fcd09a991c8d,relation/course/o013/requires/prerequisite/elementary-set-theory,urn:uuid:a5f3ad58-ce3c-5f5f-b581-1f842ae79192,requires,urn:uuid:00f7d0ea-1b60-51da-843f-cca760a368e4,prelude.tex:49-60
urn:uuid:922e2514-3fa4-5b3d-86e1-836505ce7783,relation/course/o013/requires/prerequisite/linear-transformations,urn:uuid:a5f3ad58-ce3c-5f5f-b581-1f842ae79192,requires,urn:uuid:9ef76bd8-39cf-5b09-8c2d-2d8c95f91aec,prelude.tex:49-60
urn:uuid:74ce1984-1114-53f2-a033-f2e9c028f4ee,relation/course/o013/requires/prerequisite/mathematical-logic,urn:uuid:a5f3ad58-ce3c-5f5f-b581-1f842ae79192,requires,urn:uuid:451f60c6-04ab-54a7-9d74-9dee65d088b7,prelude.tex:49-60
urn:uuid:18ee0c4f-7e83-55ce-b990-c9ff64548532,relation/course/o013/requires/prerequisite/matrices,urn:uuid:a5f3ad58-ce3c-5f5f-b581-1f842ae79192,requires,urn:uuid:d4260077-2f56-5951-8fe1-2dc390f81288,prelude.tex:49-60
urn:uuid:fe264b2f-dbe8-5589-8cb1-d75a56744c5a,relation/course/o013/requires/prerequisite/permutations-and-symmetric-groups,urn:uuid:a5f3ad58-ce3c-5f5f-b581-1f842ae79192,requires,urn:uuid:ee7d907b-05bc-5def-81d5-7fcd351829b8,prelude.tex:49-60
urn:uuid:b09b00b5-df77-5d64-94da-753d1b21fef4,relation/course/o013/requires/prerequisite/point-set-topology,urn:uuid:a5f3ad58-ce3c-5f5f-b581-1f842ae79192,requires,urn:uuid:6a61cd7e-28fe-5c64-9573-cf9ab46e5e96,prelude.tex:49-60
urn:uuid:ed32b23d-1271-5fa2-948f-562f6f29a2c2,relation/course/o013/requires/prerequisite/polynomials,urn:uuid:a5f3ad58-ce3c-5f5f-b581-1f842ae79192,requires,urn:uuid:15245348-aca2-5814-9ca8-0fce14044e14,prelude.tex:49-60
urn:uuid:59f7a53e-63b6-5f7d-a2ba-9f942e60d2cf,relation/course/o013/requires/prerequisite/real-analysis-basics,urn:uuid:a5f3ad58-ce3c-5f5f-b581-1f842ae79192,requires,urn:uuid:4eedb52d-6e0a-5379-b39c-5043b067c49f,prelude.tex:49-60
urn:uuid:f4f655a5-427a-5113-b6d6-fff3511fadfd,relation/course/o013/requires/prerequisite/vector-spaces,urn:uuid:a5f3ad58-ce3c-5f5f-b581-1f842ae79192,requires,urn:uuid:dfd6d864-afe6-5d0e-90f7-c130241cf396,prelude.tex:49-60
urn:uuid:671c70bd-307b-5cb8-a6cc-698df22eb60a,relation/course/o013/uses-resource/resource/wenweili/aljabr-1,urn:uuid:a5f3ad58-ce3c-5f5f-b581-1f842ae79192,uses-resource,urn:uuid:a72e8c67-4b46-5049-b626-479af39b5397,
urn:uuid:eae83ad3-5cf4-554c-adba-2f7b4274c164,relation/diagram/unit-035/tikzcd-01/governed-by/rights/principal-cc-by-4.0,urn:uuid:c3dfed56-0e2b-52f6-a8e6-19b8ac6d09ed,governed-by,urn:uuid:0baf6c47-021d-5310-9475-81519e710250,
urn:uuid:bfde0c66-e678-5fee-b10b-74117d590367,relation/diagram/unit-035/tikzcd-02/governed-by/rights/principal-cc-by-4.0,urn:uuid:4fc0d086-a8c9-506f-91fd-5f92ed2857cc,governed-by,urn:uuid:0baf6c47-021d-5310-9475-81519e710250,
urn:uuid:940a13ab-94c5-57f0-8d49-8f2f482d9285,relation/diagram/unit-035/tikzcd-03/governed-by/rights/principal-cc-by-4.0,urn:uuid:169f196c-cdee-510d-aafb-b657da41df8a,governed-by,urn:uuid:0baf6c47-021d-5310-9475-81519e710250,
urn:uuid:a5b6b832-d8e7-5303-9e75-ad16e6c75215,relation/diagram/unit-035/tikzcd-04/governed-by/rights/principal-cc-by-4.0,urn:uuid:816bb326-73b3-5e96-a5a3-8bdc28775506,governed-by,urn:uuid:0baf6c47-021d-5310-9475-81519e710250,
urn:uuid:5115496c-3aec-538e-bda9-cceb1ea8d966,relation/diagram/unit-035/tikzcd-05/governed-by/rights/principal-cc-by-4.0,urn:uuid:4e585820-fc2e-57c9-ba37-b7f12351742b,governed-by,urn:uuid:0baf6c47-021d-5310-9475-81519e710250,
urn:uuid:11ab48d4-9073-5da7-b0e4-42f0827e5f02,relation/diagram/unit-035/tikzcd-06/governed-by/rights/principal-cc-by-4.0,urn:uuid:e45b37c4-fbf5-54a9-88a4-75182d1a9414,governed-by,urn:uuid:0baf6c47-021d-5310-9475-81519e710250,
urn:uuid:aa6519b5-5c26-571f-826f-b470f267ed9a,relation/diagram/unit-035/tikzcd-07/governed-by/rights/principal-cc-by-4.0,urn:uuid:143ffbfd-3ff0-52ec-8e6b-550e00701db9,governed-by,urn:uuid:0baf6c47-021d-5310-9475-81519e710250,
urn:uuid:5326537e-2816-5805-be0c-66848f70d779,relation/diagram/unit-035/tikzcd-08/governed-by/rights/principal-cc-by-4.0,urn:uuid:2844216b-3676-5899-8fcd-10c041631e4c,governed-by,urn:uuid:0baf6c47-021d-5310-9475-81519e710250,
urn:uuid:e80b90b3-d402-59ae-bab9-673126786bdc,relation/edition/wenweili/aljabr-1/c4f7a01f68f5f407906b4b970640cddbbad85f6b/contains/unit/bab-4-grup-dalam-kategori-dan-latihan,urn:uuid:df2d23de-7370-5da5-ad49-42fb7c718c49,contains,urn:uuid:e8742522-5470-57c0-90c9-9eb6b82902bd,chapter4.tex:1745-1898; complete Section 4.11 and Chapter 4 Exercises
urn:uuid:f43da1b4-0053-5379-9911-864a80e9df27,relation/program/open-mathematics-curriculum/2026/contains/course/o013,urn:uuid:9d8d0610-2560-5376-8679-5a9418407a78,contains,urn:uuid:a5f3ad58-ce3c-5f5f-b581-1f842ae79192,
urn:uuid:03dde2e7-13e9-5147-9aac-4160466fd402,relation/resource/wenweili/aljabr-1/has-edition/edition/wenweili/aljabr-1/c4f7a01f68f5f407906b4b970640cddbbad85f6b,urn:uuid:a72e8c67-4b46-5049-b626-479af39b5397,has-edition,urn:uuid:df2d23de-7370-5da5-ad49-42fb7c718c49,
urn:uuid:a26d965b-3f18-52ef-a07e-9445d99d8bce,relation/unit/bab-4-grup-dalam-kategori-dan-latihan/built-by/build-surface/unit-035-pdf,urn:uuid:e8742522-5470-57c0-90c9-9eb6b82902bd,built-by,urn:uuid:39589307-c9ab-5d85-b4f5-e5effdc50fef,
urn:uuid:02b415dc-15ad-5bac-bdd8-4a7b28e47f4d,relation/unit/bab-4-grup-dalam-kategori-dan-latihan/checked-by/qa/unit-035/01-candidate,urn:uuid:e8742522-5470-57c0-90c9-9eb6b82902bd,checked-by,urn:uuid:5dc88852-f076-537c-a72f-1a181c4ceaf9,
urn:uuid:ccfa0b2c-b270-516b-9ed5-42f54fcf49be,relation/unit/bab-4-grup-dalam-kategori-dan-latihan/checked-by/qa/unit-035/02-structure,urn:uuid:e8742522-5470-57c0-90c9-9eb6b82902bd,checked-by,urn:uuid:7974fd27-006e-5e34-bb78-d40db5c96def,
urn:uuid:e9d85db4-fa5a-573c-a7bf-0b91b64e2a5e,relation/unit/bab-4-grup-dalam-kategori-dan-latihan/checked-by/qa/unit-035/03-build,urn:uuid:e8742522-5470-57c0-90c9-9eb6b82902bd,checked-by,urn:uuid:75001c3d-2716-5492-ba0b-9c3065417755,
urn:uuid:b72c2fad-a71d-5daa-a9e8-3da677bd7e83,relation/unit/bab-4-grup-dalam-kategori-dan-latihan/checked-by/qa/unit-035/04-visual,urn:uuid:e8742522-5470-57c0-90c9-9eb6b82902bd,checked-by,urn:uuid:66509b4f-ff67-5aed-8ae4-5a4734d223dc,
urn:uuid:a6971e9b-905f-571f-a257-3a855cb719f2,relation/unit/bab-4-grup-dalam-kategori-dan-latihan/checked-by/qa/unit-035/05-render,urn:uuid:e8742522-5470-57c0-90c9-9eb6b82902bd,checked-by,urn:uuid:3d651fd4-2c3e-580f-b4f4-d9ee7c674c4f,
urn:uuid:9bd560fe-8bb7-5c07-ba2e-a59de2fb3106,relation/unit/bab-4-grup-dalam-kategori-dan-latihan/checked-by/qa/unit-035/06-rights,urn:uuid:e8742522-5470-57c0-90c9-9eb6b82902bd,checked-by,urn:uuid:f0a3e16b-8cbe-535b-bdf6-7c68eaca921f,
urn:uuid:0faaa6a9-3978-5a96-887e-1e150fef26b2,relation/unit/bab-4-grup-dalam-kategori-dan-latihan/checked-by/qa/unit-035/07-correction,urn:uuid:e8742522-5470-57c0-90c9-9eb6b82902bd,checked-by,urn:uuid:7292159c-7cd1-5bbe-817b-b5346679b423,
urn:uuid:55ad0470-f6fb-5ea9-a5be-b4b27a149c03,relation/unit/bab-4-grup-dalam-kategori-dan-latihan/contains/unit/bab-4-grup-dalam-kategori-dan-latihan/section/01,urn:uuid:e8742522-5470-57c0-90c9-9eb6b82902bd,contains,urn:uuid:f2a5a2ed-50b6-578c-9ff8-59331b11d8a1,chapter4.tex:1745-1844
urn:uuid:79326f93-c2e2-5df1-9248-f302bec8d970,relation/unit/bab-4-grup-dalam-kategori-dan-latihan/contains/unit/bab-4-grup-dalam-kategori-dan-latihan/section/02,urn:uuid:e8742522-5470-57c0-90c9-9eb6b82902bd,contains,urn:uuid:238ab6ec-24b0-5b14-862c-d3867a59a6ce,chapter4.tex:1845-1898
urn:uuid:5645e6b0-0638-5681-9fee-8e96639b8820,relation/unit/bab-4-grup-dalam-kategori-dan-latihan/covers/concept/term/equivariant-morphism,urn:uuid:e8742522-5470-57c0-90c9-9eb6b82902bd,covers,urn:uuid:1aed6cc8-f01c-5166-a943-321ff960f8f6,
urn:uuid:93c33cd8-73a9-585a-9981-823c3064fb25,relation/unit/bab-4-grup-dalam-kategori-dan-latihan/covers/concept/term/finite-product,urn:uuid:e8742522-5470-57c0-90c9-9eb6b82902bd,covers,urn:uuid:547a731a-22d3-5449-89d1-48c1b60b8fc5,
urn:uuid:35bc5bb0-a59c-5bb3-9da7-a5668c74469e,relation/unit/bab-4-grup-dalam-kategori-dan-latihan/covers/concept/term/group-functor,urn:uuid:e8742522-5470-57c0-90c9-9eb6b82902bd,covers,urn:uuid:23467799-ba6f-5c38-965c-189f50bb6c66,
urn:uuid:47f8a9e0-9f1c-5faf-9930-5892ba5fd238,relation/unit/bab-4-grup-dalam-kategori-dan-latihan/covers/concept/term/group-object,urn:uuid:e8742522-5470-57c0-90c9-9eb6b82902bd,covers,urn:uuid:c224a9ed-3d1a-5b41-8166-7c20420a9ee3,
urn:uuid:7cfc5c22-f8e1-5032-a210-407089f90c06,relation/unit/bab-4-grup-dalam-kategori-dan-latihan/covers/concept/term/outer-automorphism,urn:uuid:e8742522-5470-57c0-90c9-9eb6b82902bd,covers,urn:uuid:baa3e24c-8d3a-5f4b-aba8-b39b7b5028d4,
urn:uuid:02e8a8d0-42d0-5c45-b84b-7b2603f98d9a,relation/unit/bab-4-grup-dalam-kategori-dan-latihan/covers/concept/term/ping-pong-lemma,urn:uuid:e8742522-5470-57c0-90c9-9eb6b82902bd,covers,urn:uuid:db7e9919-9343-5fe1-a205-c0bdc3935620,
urn:uuid:9844b708-7e7a-550a-8528-d5012807f840,relation/unit/bab-4-grup-dalam-kategori-dan-latihan/covers/concept/term/restricted-product,urn:uuid:e8742522-5470-57c0-90c9-9eb6b82902bd,covers,urn:uuid:116516eb-4b8e-548b-acc2-d657f8a87bb8,
urn:uuid:40f0b0dc-5d8a-5e0d-9db5-0ce7a2cbf71f,relation/unit/bab-4-grup-dalam-kategori-dan-latihan/covers/concept/term/sylow-subgroup,urn:uuid:e8742522-5470-57c0-90c9-9eb6b82902bd,covers,urn:uuid:91e64aa4-7cf4-53e7-8ce3-d6ecbcb39092,
urn:uuid:d548dc67-d96a-5aea-b36d-880a54f5411d,relation/unit/bab-4-grup-dalam-kategori-dan-latihan/covers/concept/term/transfer,urn:uuid:e8742522-5470-57c0-90c9-9eb6b82902bd,covers,urn:uuid:d7a0e5a6-d232-5cde-b018-62aa1dceed79,
urn:uuid:c990b809-2f46-520f-8203-b2089aa7d527,relation/unit/bab-4-grup-dalam-kategori-dan-latihan/covers/concept/term/upper-unitriangular-matrices,urn:uuid:e8742522-5470-57c0-90c9-9eb6b82902bd,covers,urn:uuid:8fd4a4a6-f530-5d24-81f8-4d338705f389,
urn:uuid:94a1cd6c-847f-5988-8fb4-b036ab9417fe,relation/unit/bab-4-grup-dalam-kategori-dan-latihan/covers/concept/term/wilson-theorem,urn:uuid:e8742522-5470-57c0-90c9-9eb6b82902bd,covers,urn:uuid:a969667b-f1de-5130-836f-db1d60737837,
urn:uuid:bf5f8489-d931-5268-b36e-f58d9c2d2b33,relation/unit/bab-4-grup-dalam-kategori-dan-latihan/covers/surface/unit-035/correction/001,urn:uuid:e8742522-5470-57c0-90c9-9eb6b82902bd,covers,urn:uuid:b67aed8e-fb30-5d7f-8726-457e58803cd6,
urn:uuid:b8e4ce40-8ca7-5c76-9bfa-3f8b37e6c80e,relation/unit/bab-4-grup-dalam-kategori-dan-latihan/covers/surface/unit-035/environment/001,urn:uuid:e8742522-5470-57c0-90c9-9eb6b82902bd,covers,urn:uuid:aaeeeef0-05a0-558d-8966-4083e2a53b47,
urn:uuid:f9a23038-2652-58b2-a6e3-c7c22cb4ebc4,relation/unit/bab-4-grup-dalam-kategori-dan-latihan/covers/surface/unit-035/environment/002,urn:uuid:e8742522-5470-57c0-90c9-9eb6b82902bd,covers,urn:uuid:37193890-b74f-5c1b-8dd8-636bb6865c88,
urn:uuid:4b322bed-7af6-56c9-91be-23372e943276,relation/unit/bab-4-grup-dalam-kategori-dan-latihan/covers/surface/unit-035/environment/003,urn:uuid:e8742522-5470-57c0-90c9-9eb6b82902bd,covers,urn:uuid:8697c5f4-c209-5ece-b749-b21c1ffd1bda,
urn:uuid:e9d4cb0b-1241-5792-a602-6606f61d801b,relation/unit/bab-4-grup-dalam-kategori-dan-latihan/covers/surface/unit-035/environment/004,urn:uuid:e8742522-5470-57c0-90c9-9eb6b82902bd,covers,urn:uuid:e928455f-22ba-54fb-b60f-de55099437e1,
urn:uuid:5a75607c-b014-52c3-9243-329c54575c0b,relation/unit/bab-4-grup-dalam-kategori-dan-latihan/covers/surface/unit-035/environment/005,urn:uuid:e8742522-5470-57c0-90c9-9eb6b82902bd,covers,urn:uuid:0d74a3c2-10f2-5ebe-90ba-fb51ac20c3c4,
urn:uuid:7d4d4b20-7f6a-5829-8894-4efb728ebc0f,relation/unit/bab-4-grup-dalam-kategori-dan-latihan/covers/surface/unit-035/environment/006,urn:uuid:e8742522-5470-57c0-90c9-9eb6b82902bd,covers,urn:uuid:29b5912c-fd9c-5443-8580-93497f03e9f0,
urn:uuid:eccb5a55-c55e-53eb-ad61-d40acacc95d5,relation/unit/bab-4-grup-dalam-kategori-dan-latihan/covers/surface/unit-035/environment/007,urn:uuid:e8742522-5470-57c0-90c9-9eb6b82902bd,covers,urn:uuid:3420870a-1d8c-574d-a610-247811710515,
urn:uuid:b296e49b-fb24-5d33-b14c-42dfeccb6b15,relation/unit/bab-4-grup-dalam-kategori-dan-latihan/covers/surface/unit-035/environment/008,urn:uuid:e8742522-5470-57c0-90c9-9eb6b82902bd,covers,urn:uuid:b154e8d0-8afd-5ada-9dd4-762f0839e91f,
urn:uuid:cec34168-41b1-5eee-9489-9e3b383e5b5e,relation/unit/bab-4-grup-dalam-kategori-dan-latihan/covers/surface/unit-035/environment/009,urn:uuid:e8742522-5470-57c0-90c9-9eb6b82902bd,covers,urn:uuid:15f94ecf-9772-5d77-be37-4e13fbf9e1bc,
urn:uuid:f80eac12-e8f0-5778-b8a0-79c74ee8dd69,relation/unit/bab-4-grup-dalam-kategori-dan-latihan/covers/surface/unit-035/environment/010,urn:uuid:e8742522-5470-57c0-90c9-9eb6b82902bd,covers,urn:uuid:4a38b4b0-0fcb-5a02-a8f8-9edf04386974,
urn:uuid:e6a45788-97cc-5131-8952-efc680e2c9f5,relation/unit/bab-4-grup-dalam-kategori-dan-latihan/covers/surface/unit-035/environment/011,urn:uuid:e8742522-5470-57c0-90c9-9eb6b82902bd,covers,urn:uuid:506393b9-cdad-5e3f-893c-882c3595dedb,
urn:uuid:13931c7e-3822-5968-a13a-b0cddb236fe6,relation/unit/bab-4-grup-dalam-kategori-dan-latihan/covers/surface/unit-035/environment/012,urn:uuid:e8742522-5470-57c0-90c9-9eb6b82902bd,covers,urn:uuid:e547efea-9c77-5c27-81e9-737a0088e685,
urn:uuid:a5d9e83f-bba3-59a3-b119-6e940e724bf3,relation/unit/bab-4-grup-dalam-kategori-dan-latihan/covers/surface/unit-035/environment/013,urn:uuid:e8742522-5470-57c0-90c9-9eb6b82902bd,covers,urn:uuid:40fbf8aa-aaf5-55f1-8208-5aedad4bff21,
urn:uuid:4b459916-5746-545d-9c25-3519a120bbef,relation/unit/bab-4-grup-dalam-kategori-dan-latihan/covers/surface/unit-035/environment/014,urn:uuid:e8742522-5470-57c0-90c9-9eb6b82902bd,covers,urn:uuid:3031618c-47ae-5fea-8fda-45a016f4d0da,
urn:uuid:d39f79c3-3be3-54ff-b638-479cad939cab,relation/unit/bab-4-grup-dalam-kategori-dan-latihan/covers/surface/unit-035/environment/015,urn:uuid:e8742522-5470-57c0-90c9-9eb6b82902bd,covers,urn:uuid:958f6086-7954-57e2-a3e8-5a9288d932c5,
urn:uuid:13fcfa2b-6f12-504e-adbc-f6ab9758c686,relation/unit/bab-4-grup-dalam-kategori-dan-latihan/covers/surface/unit-035/environment/016,urn:uuid:e8742522-5470-57c0-90c9-9eb6b82902bd,covers,urn:uuid:e5465579-4f35-568a-a76f-0b0d8e525bf4,
urn:uuid:0cbff8df-d041-5d7f-81ae-dade9002ae02,relation/unit/bab-4-grup-dalam-kategori-dan-latihan/covers/surface/unit-035/environment/017,urn:uuid:e8742522-5470-57c0-90c9-9eb6b82902bd,covers,urn:uuid:4cc9509e-dd19-5026-a287-891ec2af43a6,
urn:uuid:9ab7bb97-fc3e-5a53-b29c-f3c67daaee06,relation/unit/bab-4-grup-dalam-kategori-dan-latihan/covers/surface/unit-035/environment/018,urn:uuid:e8742522-5470-57c0-90c9-9eb6b82902bd,covers,urn:uuid:ab365cb2-8a1f-5f6c-a7ad-64168b777b2e,
urn:uuid:a51408fa-9047-54a5-b7f2-fdad9ea064d5,relation/unit/bab-4-grup-dalam-kategori-dan-latihan/covers/surface/unit-035/environment/019,urn:uuid:e8742522-5470-57c0-90c9-9eb6b82902bd,covers,urn:uuid:450fc991-9b71-539b-b936-a43850620bf2,
urn:uuid:8300fe89-603c-5355-8c1f-59bb392e41fc,relation/unit/bab-4-grup-dalam-kategori-dan-latihan/covers/surface/unit-035/environment/020,urn:uuid:e8742522-5470-57c0-90c9-9eb6b82902bd,covers,urn:uuid:3207d00f-b4b3-5b7b-8891-9da6b47c3ec8,
urn:uuid:b432cd8e-cbb8-5f97-b947-8acf739a2550,relation/unit/bab-4-grup-dalam-kategori-dan-latihan/covers/surface/unit-035/environment/021,urn:uuid:e8742522-5470-57c0-90c9-9eb6b82902bd,covers,urn:uuid:f37beee8-28cf-5248-8b04-a324008e4400,
urn:uuid:2b3384c0-1a4d-5d9f-b9ee-08891d8a5cc4,relation/unit/bab-4-grup-dalam-kategori-dan-latihan/covers/surface/unit-035/environment/022,urn:uuid:e8742522-5470-57c0-90c9-9eb6b82902bd,covers,urn:uuid:0b6fbfd3-f288-56d2-b71f-50fbc47f6ba2,
urn:uuid:e7325e79-0cd6-5ef9-b306-fffe63da7d42,relation/unit/bab-4-grup-dalam-kategori-dan-latihan/covers/surface/unit-035/environment/023,urn:uuid:e8742522-5470-57c0-90c9-9eb6b82902bd,covers,urn:uuid:91edf098-9adb-5d01-8f0b-89ba9041d348,
urn:uuid:954bfec7-a816-574d-99ab-6ad3e0f2f4b8,relation/unit/bab-4-grup-dalam-kategori-dan-latihan/covers/surface/unit-035/environment/024,urn:uuid:e8742522-5470-57c0-90c9-9eb6b82902bd,covers,urn:uuid:15cc1df1-4582-596e-a608-8afadc23b734,
urn:uuid:7c1459da-2a8c-5734-b3b3-5cea063ec86e,relation/unit/bab-4-grup-dalam-kategori-dan-latihan/covers/surface/unit-035/environment/025,urn:uuid:e8742522-5470-57c0-90c9-9eb6b82902bd,covers,urn:uuid:d17b67e9-6c0e-54c1-89d7-5791bd53a157,
urn:uuid:c9c187c7-2bc7-5873-8e7e-60251a67cdf6,relation/unit/bab-4-grup-dalam-kategori-dan-latihan/covers/surface/unit-035/environment/026,urn:uuid:e8742522-5470-57c0-90c9-9eb6b82902bd,covers,urn:uuid:b2ca0e43-b1d6-56fd-9512-755b5f8f7588,
urn:uuid:1187d6b3-8ac8-5a67-8b0a-982874fcde0b,relation/unit/bab-4-grup-dalam-kategori-dan-latihan/covers/surface/unit-035/environment/027,urn:uuid:e8742522-5470-57c0-90c9-9eb6b82902bd,covers,urn:uuid:b0ce3a32-990d-54c9-8d66-bb3bf2c8548e,
urn:uuid:a99eb177-5116-5b9f-87dd-c083688b294c,relation/unit/bab-4-grup-dalam-kategori-dan-latihan/covers/surface/unit-035/environment/028,urn:uuid:e8742522-5470-57c0-90c9-9eb6b82902bd,covers,urn:uuid:427456c3-b7d7-5dfb-8845-1dfa3f69e04b,
urn:uuid:c136c883-5374-59b0-a468-11b2a5603070,relation/unit/bab-4-grup-dalam-kategori-dan-latihan/covers/surface/unit-035/environment/029,urn:uuid:e8742522-5470-57c0-90c9-9eb6b82902bd,covers,urn:uuid:8571218a-e0d0-59a3-8db9-68bb4ae98b9c,
urn:uuid:ed99d187-052a-54ed-88b7-5ead8d25f761,relation/unit/bab-4-grup-dalam-kategori-dan-latihan/covers/surface/unit-035/environment/030,urn:uuid:e8742522-5470-57c0-90c9-9eb6b82902bd,covers,urn:uuid:3a4d6c4c-e453-534c-a53c-675d5e100655,
urn:uuid:2dd8c14d-e1f9-5df8-8864-83c06b68d1f1,relation/unit/bab-4-grup-dalam-kategori-dan-latihan/covers/surface/unit-035/exercise/001,urn:uuid:e8742522-5470-57c0-90c9-9eb6b82902bd,covers,urn:uuid:4eb92ac2-77f9-55e2-b54c-9326d79aa1a4,
urn:uuid:cc979404-3693-5846-bc35-9816fccce3a4,relation/unit/bab-4-grup-dalam-kategori-dan-latihan/covers/surface/unit-035/exercise/002,urn:uuid:e8742522-5470-57c0-90c9-9eb6b82902bd,covers,urn:uuid:f5fc9f89-3718-59f9-9c0b-d1e8d4b8b373,
urn:uuid:e6b45c4d-f8ba-5300-a99c-398f694b4370,relation/unit/bab-4-grup-dalam-kategori-dan-latihan/covers/surface/unit-035/exercise/003,urn:uuid:e8742522-5470-57c0-90c9-9eb6b82902bd,covers,urn:uuid:3c4fd083-6392-58f2-b98a-f174febe0ef5,
urn:uuid:9620d5cd-f698-5a92-8282-b07dcddb0bae,relation/unit/bab-4-grup-dalam-kategori-dan-latihan/covers/surface/unit-035/exercise/004,urn:uuid:e8742522-5470-57c0-90c9-9eb6b82902bd,covers,urn:uuid:07118e7a-9758-5859-bf84-010881791b90,
urn:uuid:7aad19de-78d6-5736-8e25-2b10ce1c87ca,relation/unit/bab-4-grup-dalam-kategori-dan-latihan/covers/surface/unit-035/exercise/005,urn:uuid:e8742522-5470-57c0-90c9-9eb6b82902bd,covers,urn:uuid:872b9e65-6378-54be-a4a2-a12bc77aa6c0,
urn:uuid:ce3cc177-67da-5537-a1f2-f11eaa7e3419,relation/unit/bab-4-grup-dalam-kategori-dan-latihan/covers/surface/unit-035/exercise/006,urn:uuid:e8742522-5470-57c0-90c9-9eb6b82902bd,covers,urn:uuid:6edb74de-0eee-539e-805a-1a6545e3678d,
urn:uuid:b0024c7f-be5c-5211-964e-cac24e8597ee,relation/unit/bab-4-grup-dalam-kategori-dan-latihan/covers/surface/unit-035/exercise/007,urn:uuid:e8742522-5470-57c0-90c9-9eb6b82902bd,covers,urn:uuid:d7b6cd33-188e-5349-987c-48e1a40719c1,
urn:uuid:b01b6469-4102-5a6c-a546-9a7cca9d67be,relation/unit/bab-4-grup-dalam-kategori-dan-latihan/covers/surface/unit-035/exercise/008,urn:uuid:e8742522-5470-57c0-90c9-9eb6b82902bd,covers,urn:uuid:055cecb9-2981-52a9-9c74-189acb0b4584,
urn:uuid:ba0814d6-7cb5-50cf-83da-78efa031c825,relation/unit/bab-4-grup-dalam-kategori-dan-latihan/covers/surface/unit-035/exercise/009,urn:uuid:e8742522-5470-57c0-90c9-9eb6b82902bd,covers,urn:uuid:ad3dca3a-ced3-51e3-82c3-f9cf1f3bf503,
urn:uuid:12f937f8-ab73-5a2b-97ba-0d43a93b2240,relation/unit/bab-4-grup-dalam-kategori-dan-latihan/covers/surface/unit-035/exercise/010,urn:uuid:e8742522-5470-57c0-90c9-9eb6b82902bd,covers,urn:uuid:a7aa4a66-c606-54bf-9a9a-3be26eb2965e,
urn:uuid:092d6294-d45b-5949-82e9-16d36480d958,relation/unit/bab-4-grup-dalam-kategori-dan-latihan/covers/surface/unit-035/exercise/011,urn:uuid:e8742522-5470-57c0-90c9-9eb6b82902bd,covers,urn:uuid:901ee0b1-c5d9-5105-9140-1a73d3c6634b,
urn:uuid:22691ce4-c119-5ca9-a6ee-cfdde8cff0bc,relation/unit/bab-4-grup-dalam-kategori-dan-latihan/covers/surface/unit-035/exercise/012,urn:uuid:e8742522-5470-57c0-90c9-9eb6b82902bd,covers,urn:uuid:b6de9eeb-cb10-538b-a313-1d4ccaeae251,
urn:uuid:b43beedb-4a02-52f2-bedb-a0bda4c000ba,relation/unit/bab-4-grup-dalam-kategori-dan-latihan/covers/surface/unit-035/exercise/013,urn:uuid:e8742522-5470-57c0-90c9-9eb6b82902bd,covers,urn:uuid:36cfbf5f-ce8d-56ff-8d99-81ab73f22cd7,
urn:uuid:05c55346-da03-5b99-a17a-c6f3d23afe81,relation/unit/bab-4-grup-dalam-kategori-dan-latihan/covers/surface/unit-035/exercise/014,urn:uuid:e8742522-5470-57c0-90c9-9eb6b82902bd,covers,urn:uuid:48b7f1d6-df03-5a7c-bd52-42408d761013,
urn:uuid:1de8868f-9081-51ae-a41b-ffc713bbbb61,relation/unit/bab-4-grup-dalam-kategori-dan-latihan/covers/surface/unit-035/exercise/015,urn:uuid:e8742522-5470-57c0-90c9-9eb6b82902bd,covers,urn:uuid:b0389f67-04f6-5eff-b507-d4cb5cfbbbff,
urn:uuid:33e8a115-fd47-557c-a807-0f765557f3a9,relation/unit/bab-4-grup-dalam-kategori-dan-latihan/covers/surface/unit-035/exercise/016,urn:uuid:e8742522-5470-57c0-90c9-9eb6b82902bd,covers,urn:uuid:61550060-9686-56ad-9fb1-2a0fbb41455b,
urn:uuid:b1505468-7dec-5ba5-a92c-cd149dc4ec22,relation/unit/bab-4-grup-dalam-kategori-dan-latihan/covers/surface/unit-035/exercise/017,urn:uuid:e8742522-5470-57c0-90c9-9eb6b82902bd,covers,urn:uuid:b2bef036-09d2-538d-86e9-f3f75914fa0c,
urn:uuid:d7fb8051-43ec-5cde-85ea-79dcd7c37c26,relation/unit/bab-4-grup-dalam-kategori-dan-latihan/covers/surface/unit-035/exercise/018,urn:uuid:e8742522-5470-57c0-90c9-9eb6b82902bd,covers,urn:uuid:a9151783-12ef-5c8f-a6c5-e2d0cf3d19c0,
urn:uuid:fc7c0178-8703-5200-93de-e2175c33b102,relation/unit/bab-4-grup-dalam-kategori-dan-latihan/covers/surface/unit-035/exercise/019,urn:uuid:e8742522-5470-57c0-90c9-9eb6b82902bd,covers,urn:uuid:46041aec-af9b-5086-a31a-8525c0370b5c,
urn:uuid:5acf659c-7a4f-59c5-a50c-a6200de35d08,relation/unit/bab-4-grup-dalam-kategori-dan-latihan/covers/surface/unit-035/exercise/020,urn:uuid:e8742522-5470-57c0-90c9-9eb6b82902bd,covers,urn:uuid:a10b9027-f874-5e4a-a9ea-73559b43e46c,
urn:uuid:6cb678ee-6f5d-525d-9966-a8826af180af,relation/unit/bab-4-grup-dalam-kategori-dan-latihan/covers/surface/unit-035/exercise/021,urn:uuid:e8742522-5470-57c0-90c9-9eb6b82902bd,covers,urn:uuid:ccc6455a-1626-5e95-8bdf-f2c22a81fa07,
urn:uuid:6c54d678-6808-55a5-9b79-a179d03dde75,relation/unit/bab-4-grup-dalam-kategori-dan-latihan/covers/surface/unit-035/exercise/022,urn:uuid:e8742522-5470-57c0-90c9-9eb6b82902bd,covers,urn:uuid:c4c4a515-5a59-571c-865a-4d3cbc251d63,
urn:uuid:97883f99-197c-5d45-9941-048b4e41bc33,relation/unit/bab-4-grup-dalam-kategori-dan-latihan/covers/surface/unit-035/exercise/023,urn:uuid:e8742522-5470-57c0-90c9-9eb6b82902bd,covers,urn:uuid:7c8207ef-1407-5b55-b5a9-cd33101cfe52,
urn:uuid:cb1a900a-908f-5edc-943d-7b094d644468,relation/unit/bab-4-grup-dalam-kategori-dan-latihan/covers/surface/unit-035/exercise/024,urn:uuid:e8742522-5470-57c0-90c9-9eb6b82902bd,covers,urn:uuid:2eb9cadc-ec5c-5af2-8b62-e0da469c1555,
urn:uuid:381d8155-2727-5f01-8c95-e05a18a4b5d3,relation/unit/bab-4-grup-dalam-kategori-dan-latihan/covers/surface/unit-035/exercise/025,urn:uuid:e8742522-5470-57c0-90c9-9eb6b82902bd,covers,urn:uuid:9c6e54f7-5cc5-5f53-80c5-86a781242bdb,
urn:uuid:5da6b240-7771-5e46-a712-1464272f994b,relation/unit/bab-4-grup-dalam-kategori-dan-latihan/covers/surface/unit-035/exercise/026,urn:uuid:e8742522-5470-57c0-90c9-9eb6b82902bd,covers,urn:uuid:e7806b6e-23ba-5d76-961a-9dfe876c0598,
urn:uuid:9b1cef18-ff5a-561d-a93f-6ae202a33df7,relation/unit/bab-4-grup-dalam-kategori-dan-latihan/covers/surface/unit-035/formula/001,urn:uuid:e8742522-5470-57c0-90c9-9eb6b82902bd,covers,urn:uuid:09f12b14-b213-5174-9644-8686b9fdbcf2,
urn:uuid:01006d70-2372-57d3-86ae-15c215d3e9a4,relation/unit/bab-4-grup-dalam-kategori-dan-latihan/covers/surface/unit-035/formula/002,urn:uuid:e8742522-5470-57c0-90c9-9eb6b82902bd,covers,urn:uuid:ded33aaa-e462-5151-b44d-fe118dc7a761,
urn:uuid:3bdeac67-0554-5501-be41-75972e517a13,relation/unit/bab-4-grup-dalam-kategori-dan-latihan/covers/surface/unit-035/formula/003,urn:uuid:e8742522-5470-57c0-90c9-9eb6b82902bd,covers,urn:uuid:b3e04a67-71da-5ff5-b69d-72d91170f14e,
urn:uuid:76163fd8-3b00-5be4-8958-05dcd3df4204,relation/unit/bab-4-grup-dalam-kategori-dan-latihan/covers/surface/unit-035/formula/004,urn:uuid:e8742522-5470-57c0-90c9-9eb6b82902bd,covers,urn:uuid:8ad44e44-09d2-5e94-85ef-0af54dd79e79,
urn:uuid:6012b26d-15ea-5b93-9619-9573547fdb57,relation/unit/bab-4-grup-dalam-kategori-dan-latihan/covers/surface/unit-035/formula/005,urn:uuid:e8742522-5470-57c0-90c9-9eb6b82902bd,covers,urn:uuid:61af8a0a-18bf-5313-ae10-afc44bddc2d1,
urn:uuid:126a358c-5631-5392-8d91-a3b2ab5256d8,relation/unit/bab-4-grup-dalam-kategori-dan-latihan/covers/surface/unit-035/formula/006,urn:uuid:e8742522-5470-57c0-90c9-9eb6b82902bd,covers,urn:uuid:ac9da16b-c882-5d9a-aa7e-a8beec2c7b43,
urn:uuid:c3459b71-ffe4-59de-9b69-50a41862fd51,relation/unit/bab-4-grup-dalam-kategori-dan-latihan/covers/surface/unit-035/formula/007,urn:uuid:e8742522-5470-57c0-90c9-9eb6b82902bd,covers,urn:uuid:04bedf92-2031-51b3-9bb5-d80664b00a0c,
urn:uuid:4191c8db-09bf-5255-8746-eaac88031bac,relation/unit/bab-4-grup-dalam-kategori-dan-latihan/covers/surface/unit-035/formula/008,urn:uuid:e8742522-5470-57c0-90c9-9eb6b82902bd,covers,urn:uuid:d8fd35f1-87fd-5a8d-bffb-33ffc04709d5,
urn:uuid:3a301aa2-cc15-55cf-a4b0-87b396f2ec07,relation/unit/bab-4-grup-dalam-kategori-dan-latihan/covers/surface/unit-035/formula/009,urn:uuid:e8742522-5470-57c0-90c9-9eb6b82902bd,covers,urn:uuid:a4105eed-8f84-5968-801c-6a69e0eb0c5f,
urn:uuid:0e9706ec-259a-5ca4-a656-3f1c94d4daf9,relation/unit/bab-4-grup-dalam-kategori-dan-latihan/covers/surface/unit-035/formula/010,urn:uuid:e8742522-5470-57c0-90c9-9eb6b82902bd,covers,urn:uuid:50a46541-7638-5090-b860-7c238eff33ee,
urn:uuid:c4f5c598-37e7-5090-b5ed-b1710bacfcd4,relation/unit/bab-4-grup-dalam-kategori-dan-latihan/covers/surface/unit-035/formula/011,urn:uuid:e8742522-5470-57c0-90c9-9eb6b82902bd,covers,urn:uuid:a9ba408c-381c-5148-b680-ab379972b095,
urn:uuid:81a493ce-7af7-58b0-b96c-e4b9c7bc84d3,relation/unit/bab-4-grup-dalam-kategori-dan-latihan/covers/surface/unit-035/formula/012,urn:uuid:e8742522-5470-57c0-90c9-9eb6b82902bd,covers,urn:uuid:d453359c-d8ff-50c0-b593-7db8f5a8f62f,
urn:uuid:524d3501-0b83-52e9-a6cc-d6273071ec4a,relation/unit/bab-4-grup-dalam-kategori-dan-latihan/covers/surface/unit-035/formula/013,urn:uuid:e8742522-5470-57c0-90c9-9eb6b82902bd,covers,urn:uuid:f2cf7989-6043-5660-9520-fe25dc241553,
urn:uuid:5ab6a10d-9379-5afe-9f82-f7c51395efd1,relation/unit/bab-4-grup-dalam-kategori-dan-latihan/covers/surface/unit-035/formula/014,urn:uuid:e8742522-5470-57c0-90c9-9eb6b82902bd,covers,urn:uuid:fa6b0af2-ebdc-50c5-bdc3-23dcdddf9cb5,
urn:uuid:88218d8c-29b4-5063-9d26-4aa01fcb0fc8,relation/unit/bab-4-grup-dalam-kategori-dan-latihan/covers/surface/unit-035/formula/015,urn:uuid:e8742522-5470-57c0-90c9-9eb6b82902bd,covers,urn:uuid:f7337344-bc94-5e81-bab8-417727111584,
urn:uuid:8ffe30fa-18d7-5eb5-ba5c-1d5c791f004b,relation/unit/bab-4-grup-dalam-kategori-dan-latihan/covers/surface/unit-035/formula/016,urn:uuid:e8742522-5470-57c0-90c9-9eb6b82902bd,covers,urn:uuid:3f5aebcd-e7e1-537a-881a-1f1006b7a99e,
urn:uuid:0baf4c0a-9de7-5340-8758-d618091c655f,relation/unit/bab-4-grup-dalam-kategori-dan-latihan/covers/surface/unit-035/formula/017,urn:uuid:e8742522-5470-57c0-90c9-9eb6b82902bd,covers,urn:uuid:9b40a71a-b1a7-5f2a-b7d8-23d39fe68b71,
urn:uuid:2fd840b8-8ae0-5142-9b7d-da7df19f7bac,relation/unit/bab-4-grup-dalam-kategori-dan-latihan/covers/surface/unit-035/formula/018,urn:uuid:e8742522-5470-57c0-90c9-9eb6b82902bd,covers,urn:uuid:53d9906f-3e31-575a-8663-03ecc7bcae07,
urn:uuid:e4876914-5dfc-5403-81a4-d5309bdc4e12,relation/unit/bab-4-grup-dalam-kategori-dan-latihan/covers/surface/unit-035/formula/019,urn:uuid:e8742522-5470-57c0-90c9-9eb6b82902bd,covers,urn:uuid:8f8ff6c7-227e-568f-9dad-dcb8bfefb920,
urn:uuid:222d8135-eed7-5f3c-bd55-45b52f35ac70,relation/unit/bab-4-grup-dalam-kategori-dan-latihan/covers/surface/unit-035/formula/020,urn:uuid:e8742522-5470-57c0-90c9-9eb6b82902bd,covers,urn:uuid:d7bfe670-1716-511f-848e-b4f66b055155,
urn:uuid:c03de352-806b-5dce-8e77-250309d903d4,relation/unit/bab-4-grup-dalam-kategori-dan-latihan/covers/surface/unit-035/formula/021,urn:uuid:e8742522-5470-57c0-90c9-9eb6b82902bd,covers,urn:uuid:cf933eac-4496-565d-8c63-16234fa80c09,
urn:uuid:97be82a5-eed8-52aa-b0fc-19bdbff5b08e,relation/unit/bab-4-grup-dalam-kategori-dan-latihan/covers/surface/unit-035/formula/022,urn:uuid:e8742522-5470-57c0-90c9-9eb6b82902bd,covers,urn:uuid:03a06c32-c725-5789-9716-3874f53e684f,
urn:uuid:4638ab28-f707-5730-a4cd-d59e40ccb07c,relation/unit/bab-4-grup-dalam-kategori-dan-latihan/covers/surface/unit-035/formula/023,urn:uuid:e8742522-5470-57c0-90c9-9eb6b82902bd,covers,urn:uuid:6f9f8a74-c282-5090-af39-45e1cae96f11,
urn:uuid:b41298c4-3213-5dcc-af60-d080ae566f17,relation/unit/bab-4-grup-dalam-kategori-dan-latihan/covers/surface/unit-035/formula/024,urn:uuid:e8742522-5470-57c0-90c9-9eb6b82902bd,covers,urn:uuid:90887507-6ffb-59eb-b561-c035415b0641,
urn:uuid:5143776d-fa67-5aaa-a50e-5ed51fa2c49f,relation/unit/bab-4-grup-dalam-kategori-dan-latihan/covers/surface/unit-035/formula/025,urn:uuid:e8742522-5470-57c0-90c9-9eb6b82902bd,covers,urn:uuid:6dee40bb-b493-5db4-8674-fc81a5f1b463,
urn:uuid:b78edb2f-b15c-53e1-9456-714d15eaa960,relation/unit/bab-4-grup-dalam-kategori-dan-latihan/covers/surface/unit-035/formula/026,urn:uuid:e8742522-5470-57c0-90c9-9eb6b82902bd,covers,urn:uuid:bc649569-b3ac-5b6d-863c-f68acf41d06b,
urn:uuid:8738a0c4-0628-5f58-853d-b33a8e5856ee,relation/unit/bab-4-grup-dalam-kategori-dan-latihan/covers/surface/unit-035/formula/027,urn:uuid:e8742522-5470-57c0-90c9-9eb6b82902bd,covers,urn:uuid:427926b8-de1e-5aab-b013-d68a996a87b3,
urn:uuid:bdded159-0387-506d-82e5-5a22cc5a05ba,relation/unit/bab-4-grup-dalam-kategori-dan-latihan/covers/surface/unit-035/formula/028,urn:uuid:e8742522-5470-57c0-90c9-9eb6b82902bd,covers,urn:uuid:20a13fdb-3619-5327-803e-28456c55c744,
urn:uuid:8994eee3-0b3a-535a-bd29-3d220e4b3714,relation/unit/bab-4-grup-dalam-kategori-dan-latihan/covers/surface/unit-035/formula/029,urn:uuid:e8742522-5470-57c0-90c9-9eb6b82902bd,covers,urn:uuid:5b692def-7b77-5fd9-bec0-b2fd1d9bd9ba,
urn:uuid:905d1d36-9138-50e8-ba84-4a399974a0f1,relation/unit/bab-4-grup-dalam-kategori-dan-latihan/covers/surface/unit-035/formula/030,urn:uuid:e8742522-5470-57c0-90c9-9eb6b82902bd,covers,urn:uuid:b4ddcf21-8ee6-5614-8061-ee93928ce47d,
urn:uuid:ea6c9cfd-c354-503e-80b1-51724a8d1ea6,relation/unit/bab-4-grup-dalam-kategori-dan-latihan/covers/surface/unit-035/formula/031,urn:uuid:e8742522-5470-57c0-90c9-9eb6b82902bd,covers,urn:uuid:0bb2754f-0f8a-5997-baae-ece63901cf58,
urn:uuid:94c1affe-0652-5e30-84f0-13268572396e,relation/unit/bab-4-grup-dalam-kategori-dan-latihan/covers/surface/unit-035/formula/032,urn:uuid:e8742522-5470-57c0-90c9-9eb6b82902bd,covers,urn:uuid:530b513f-f399-5040-8d06-2a8a39c1a7a3,
urn:uuid:158321ee-0aa0-55b3-8bbd-672f6d6ff872,relation/unit/bab-4-grup-dalam-kategori-dan-latihan/covers/surface/unit-035/formula/033,urn:uuid:e8742522-5470-57c0-90c9-9eb6b82902bd,covers,urn:uuid:e7b67468-a898-5d15-a3a8-23314cd13f11,
urn:uuid:20024b77-518d-5495-b38c-9963236bc8ab,relation/unit/bab-4-grup-dalam-kategori-dan-latihan/covers/surface/unit-035/formula/034,urn:uuid:e8742522-5470-57c0-90c9-9eb6b82902bd,covers,urn:uuid:a4b6dd8e-4b84-5413-8be8-5c6fdbd372c0,
urn:uuid:c5c377d3-6670-5b20-bee0-90d0202333e5,relation/unit/bab-4-grup-dalam-kategori-dan-latihan/covers/surface/unit-035/formula/035,urn:uuid:e8742522-5470-57c0-90c9-9eb6b82902bd,covers,urn:uuid:659ea88d-935b-50c2-afcb-35511bc9c4bf,
urn:uuid:09d11fb9-3d94-56ee-962f-735cc9b5c279,relation/unit/bab-4-grup-dalam-kategori-dan-latihan/covers/surface/unit-035/formula/036,urn:uuid:e8742522-5470-57c0-90c9-9eb6b82902bd,covers,urn:uuid:27680052-c6c6-5ee4-91b1-6bf5c11d3202,
urn:uuid:65580388-8870-52d4-a18c-95d5c371ef4e,relation/unit/bab-4-grup-dalam-kategori-dan-latihan/covers/surface/unit-035/formula/037,urn:uuid:e8742522-5470-57c0-90c9-9eb6b82902bd,covers,urn:uuid:c7011293-21d6-573b-9b0d-65b6e8b6946d,
urn:uuid:30f13383-7ef8-5764-8564-bb3c429352a3,relation/unit/bab-4-grup-dalam-kategori-dan-latihan/covers/surface/unit-035/formula/038,urn:uuid:e8742522-5470-57c0-90c9-9eb6b82902bd,covers,urn:uuid:eb67bf1e-3ce0-5989-a39b-9ce2111a6054,
urn:uuid:43080287-ee8e-5b82-9ec2-aab3218b17ed,relation/unit/bab-4-grup-dalam-kategori-dan-latihan/covers/surface/unit-035/formula/039,urn:uuid:e8742522-5470-57c0-90c9-9eb6b82902bd,covers,urn:uuid:4b0d77e9-6aa9-5b75-906d-55cce6b5ee24,
urn:uuid:d4a59b54-9f13-556c-b5eb-b6b8053632d2,relation/unit/bab-4-grup-dalam-kategori-dan-latihan/covers/surface/unit-035/formula/040,urn:uuid:e8742522-5470-57c0-90c9-9eb6b82902bd,covers,urn:uuid:e62e0374-4f98-5a2c-b1cd-8d2548c7185a,
urn:uuid:3777ebd2-f5df-5bba-b43b-5d4f2ead72ec,relation/unit/bab-4-grup-dalam-kategori-dan-latihan/covers/surface/unit-035/formula/041,urn:uuid:e8742522-5470-57c0-90c9-9eb6b82902bd,covers,urn:uuid:d76f738e-0c75-52d2-88ec-82934fc853db,
urn:uuid:524f1dda-53f6-52d4-82e2-1a7665cb8c6e,relation/unit/bab-4-grup-dalam-kategori-dan-latihan/covers/surface/unit-035/formula/042,urn:uuid:e8742522-5470-57c0-90c9-9eb6b82902bd,covers,urn:uuid:c7dffc26-0307-5a6d-947b-827eb4a33fdc,
urn:uuid:c0fc8131-16cf-5853-bfdd-f05b6a148c61,relation/unit/bab-4-grup-dalam-kategori-dan-latihan/covers/surface/unit-035/formula/043,urn:uuid:e8742522-5470-57c0-90c9-9eb6b82902bd,covers,urn:uuid:705c2b93-c37b-5b5e-9213-42639c7988ed,
urn:uuid:6998e07b-2f34-5633-abaf-789a1abf05c2,relation/unit/bab-4-grup-dalam-kategori-dan-latihan/covers/surface/unit-035/formula/044,urn:uuid:e8742522-5470-57c0-90c9-9eb6b82902bd,covers,urn:uuid:eb126729-e0e6-568e-935f-0e297fe83b74,
urn:uuid:daf80a14-9641-5a88-ab1a-2948e98356f0,relation/unit/bab-4-grup-dalam-kategori-dan-latihan/covers/surface/unit-035/formula/045,urn:uuid:e8742522-5470-57c0-90c9-9eb6b82902bd,covers,urn:uuid:e39a2454-4672-5aa4-a1e1-6db0fb36ecee,
urn:uuid:8375bb4e-3980-5dc2-bc41-c32471cb47a2,relation/unit/bab-4-grup-dalam-kategori-dan-latihan/covers/surface/unit-035/formula/046,urn:uuid:e8742522-5470-57c0-90c9-9eb6b82902bd,covers,urn:uuid:35389830-c9fd-5f9c-9350-313e55d0a376,
urn:uuid:e8e30767-4658-5207-8fe0-78e9c3784b26,relation/unit/bab-4-grup-dalam-kategori-dan-latihan/covers/surface/unit-035/formula/047,urn:uuid:e8742522-5470-57c0-90c9-9eb6b82902bd,covers,urn:uuid:9a81bdd3-2773-5ba4-8053-5c83a4855310,
urn:uuid:3d8cb1f3-101f-54b3-a76e-0b07c89a5fa0,relation/unit/bab-4-grup-dalam-kategori-dan-latihan/covers/surface/unit-035/formula/048,urn:uuid:e8742522-5470-57c0-90c9-9eb6b82902bd,covers,urn:uuid:ef40687d-bd28-55d5-8d28-f77fc980c99e,
urn:uuid:2facce59-cb00-585c-8f16-4d42bd45ca9c,relation/unit/bab-4-grup-dalam-kategori-dan-latihan/covers/surface/unit-035/formula/049,urn:uuid:e8742522-5470-57c0-90c9-9eb6b82902bd,covers,urn:uuid:7bef1b3b-dd47-5552-875a-9b65de9ca216,
urn:uuid:bd608650-a73a-5a50-9ba7-f52ba79c2923,relation/unit/bab-4-grup-dalam-kategori-dan-latihan/covers/surface/unit-035/formula/050,urn:uuid:e8742522-5470-57c0-90c9-9eb6b82902bd,covers,urn:uuid:09462c1d-8c4c-54d7-851a-a46fd8e0885f,
urn:uuid:e29fafd9-3a2a-553c-a849-de9871d185a5,relation/unit/bab-4-grup-dalam-kategori-dan-latihan/covers/surface/unit-035/formula/051,urn:uuid:e8742522-5470-57c0-90c9-9eb6b82902bd,covers,urn:uuid:01c134b3-2a25-54ea-b84a-67bbb170b6b3,
urn:uuid:2842b28d-3bdc-5626-afde-d37e0d3eb77d,relation/unit/bab-4-grup-dalam-kategori-dan-latihan/covers/surface/unit-035/formula/052,urn:uuid:e8742522-5470-57c0-90c9-9eb6b82902bd,covers,urn:uuid:48a48beb-3422-591a-a8ec-6f7303838ac4,
urn:uuid:877fdde6-771f-5bba-81ac-e88c57c3ac56,relation/unit/bab-4-grup-dalam-kategori-dan-latihan/covers/surface/unit-035/formula/053,urn:uuid:e8742522-5470-57c0-90c9-9eb6b82902bd,covers,urn:uuid:52d8c1c2-50e1-5880-8cd4-eb20993ca78b,
urn:uuid:e12f976b-7f43-54ed-9463-3d7b956dd9db,relation/unit/bab-4-grup-dalam-kategori-dan-latihan/covers/surface/unit-035/formula/054,urn:uuid:e8742522-5470-57c0-90c9-9eb6b82902bd,covers,urn:uuid:422a66e0-afeb-592b-b69c-5e66fc3dcce8,
urn:uuid:127243c0-12d0-5e36-a2f5-e26827ed224b,relation/unit/bab-4-grup-dalam-kategori-dan-latihan/covers/surface/unit-035/formula/055,urn:uuid:e8742522-5470-57c0-90c9-9eb6b82902bd,covers,urn:uuid:7832dc52-eb45-5305-8f71-4fffa619ba60,
urn:uuid:f2b43e47-5d69-5404-bda8-9c617e10be55,relation/unit/bab-4-grup-dalam-kategori-dan-latihan/covers/surface/unit-035/formula/056,urn:uuid:e8742522-5470-57c0-90c9-9eb6b82902bd,covers,urn:uuid:1afe9148-a630-5e44-a85b-5c5dd0cb4cde,
urn:uuid:98a88b49-c27c-5876-bd09-a60e0adc0a06,relation/unit/bab-4-grup-dalam-kategori-dan-latihan/covers/surface/unit-035/formula/057,urn:uuid:e8742522-5470-57c0-90c9-9eb6b82902bd,covers,urn:uuid:9d0311fc-b634-5958-826f-6d07b2430986,
urn:uuid:096ed68c-c7d9-5a1a-aad1-cd40018eb23b,relation/unit/bab-4-grup-dalam-kategori-dan-latihan/covers/surface/unit-035/formula/058,urn:uuid:e8742522-5470-57c0-90c9-9eb6b82902bd,covers,urn:uuid:72596265-826e-5bea-9b9f-83f32089c4d5,
urn:uuid:892a0680-7fdc-5fee-b1aa-a67bfa0bb8f7,relation/unit/bab-4-grup-dalam-kategori-dan-latihan/covers/surface/unit-035/formula/059,urn:uuid:e8742522-5470-57c0-90c9-9eb6b82902bd,covers,urn:uuid:b792228c-a882-5a5a-9b3a-af5094134382,
urn:uuid:6dbb42cc-d4b1-5e06-8583-ebf3ea7172cf,relation/unit/bab-4-grup-dalam-kategori-dan-latihan/covers/surface/unit-035/formula/060,urn:uuid:e8742522-5470-57c0-90c9-9eb6b82902bd,covers,urn:uuid:7269fe77-efc7-58c5-962c-c6b4d8a47322,
urn:uuid:89ca99ce-a287-5e1b-ab73-076d3cdd5dcf,relation/unit/bab-4-grup-dalam-kategori-dan-latihan/covers/surface/unit-035/formula/061,urn:uuid:e8742522-5470-57c0-90c9-9eb6b82902bd,covers,urn:uuid:d2fb5e77-8bb4-548f-9034-6217c357d5c0,
urn:uuid:9d3ca58b-4437-572c-b792-100d4097bc8d,relation/unit/bab-4-grup-dalam-kategori-dan-latihan/covers/surface/unit-035/formula/062,urn:uuid:e8742522-5470-57c0-90c9-9eb6b82902bd,covers,urn:uuid:427925d9-0375-5374-b2f6-09b90705789a,
urn:uuid:f5ad478e-fbdd-5029-b86a-4a0430088a77,relation/unit/bab-4-grup-dalam-kategori-dan-latihan/covers/surface/unit-035/formula/063,urn:uuid:e8742522-5470-57c0-90c9-9eb6b82902bd,covers,urn:uuid:dc7b3cb3-9922-5e95-b2f0-cb55fc736420,
urn:uuid:5a8d59e9-928e-5af6-8072-e5b731c3219b,relation/unit/bab-4-grup-dalam-kategori-dan-latihan/covers/surface/unit-035/formula/064,urn:uuid:e8742522-5470-57c0-90c9-9eb6b82902bd,covers,urn:uuid:b7cb404c-ea86-5192-8f09-5d8a1da25efa,
urn:uuid:1b659845-acef-5138-81bc-d43263617466,relation/unit/bab-4-grup-dalam-kategori-dan-latihan/covers/surface/unit-035/formula/065,urn:uuid:e8742522-5470-57c0-90c9-9eb6b82902bd,covers,urn:uuid:2576318f-4c2f-5940-ad96-dd30c7aa5627,
urn:uuid:e8a6169f-e825-5a08-a4c7-cda95a6a7561,relation/unit/bab-4-grup-dalam-kategori-dan-latihan/covers/surface/unit-035/formula/066,urn:uuid:e8742522-5470-57c0-90c9-9eb6b82902bd,covers,urn:uuid:207f6fe8-d019-5139-ad76-83c3cd5b3ed9,
urn:uuid:0f04c7aa-6c25-54f5-be1c-f0dab11dcb4f,relation/unit/bab-4-grup-dalam-kategori-dan-latihan/covers/surface/unit-035/formula/067,urn:uuid:e8742522-5470-57c0-90c9-9eb6b82902bd,covers,urn:uuid:61c65c67-6040-566f-8949-3838b213fd93,
urn:uuid:803d3d70-4aba-5a01-9e2b-83ffac62f05a,relation/unit/bab-4-grup-dalam-kategori-dan-latihan/covers/surface/unit-035/formula/068,urn:uuid:e8742522-5470-57c0-90c9-9eb6b82902bd,covers,urn:uuid:c3debbf0-af12-50a2-b440-d09e2daf5fe0,
urn:uuid:f2f2eb72-0205-5173-a7cc-1f729366bb12,relation/unit/bab-4-grup-dalam-kategori-dan-latihan/covers/surface/unit-035/formula/069,urn:uuid:e8742522-5470-57c0-90c9-9eb6b82902bd,covers,urn:uuid:2de800b0-920c-5c26-8bc4-3220e6006879,
urn:uuid:0a9ad227-c31f-58e7-b2bb-68e0c7462ff2,relation/unit/bab-4-grup-dalam-kategori-dan-latihan/covers/surface/unit-035/formula/070,urn:uuid:e8742522-5470-57c0-90c9-9eb6b82902bd,covers,urn:uuid:f38a5cbd-ab5f-515d-ae15-1653a8cf943c,
urn:uuid:80e135d5-1665-5acb-a760-a86237547589,relation/unit/bab-4-grup-dalam-kategori-dan-latihan/covers/surface/unit-035/formula/071,urn:uuid:e8742522-5470-57c0-90c9-9eb6b82902bd,covers,urn:uuid:ba932aed-a95e-5e85-b478-f0414a264ddb,
urn:uuid:be809fd4-6dcc-514c-bc2d-a6507ebb0ac9,relation/unit/bab-4-grup-dalam-kategori-dan-latihan/covers/surface/unit-035/formula/072,urn:uuid:e8742522-5470-57c0-90c9-9eb6b82902bd,covers,urn:uuid:548c0b27-f402-5e75-a004-dfc2b6a3510b,
urn:uuid:7f7c6cfc-52b6-5040-a506-607a53f0f7bd,relation/unit/bab-4-grup-dalam-kategori-dan-latihan/covers/surface/unit-035/formula/073,urn:uuid:e8742522-5470-57c0-90c9-9eb6b82902bd,covers,urn:uuid:c4fbb5a8-51f9-5ddc-99ac-f6a80719da03,
urn:uuid:8497accc-bf47-5215-8452-2c25d6945104,relation/unit/bab-4-grup-dalam-kategori-dan-latihan/covers/surface/unit-035/formula/074,urn:uuid:e8742522-5470-57c0-90c9-9eb6b82902bd,covers,urn:uuid:3bd36a3e-070b-5947-b38b-4430f121a071,
urn:uuid:f8fb0bfa-a80b-53a4-aeea-7736c5494701,relation/unit/bab-4-grup-dalam-kategori-dan-latihan/covers/surface/unit-035/formula/075,urn:uuid:e8742522-5470-57c0-90c9-9eb6b82902bd,covers,urn:uuid:cd1fc9de-f716-5579-8c1e-850b607cbfc6,
urn:uuid:aa28b939-4b1b-563e-9264-07ad923b0584,relation/unit/bab-4-grup-dalam-kategori-dan-latihan/covers/surface/unit-035/formula/076,urn:uuid:e8742522-5470-57c0-90c9-9eb6b82902bd,covers,urn:uuid:b2e6f21e-9474-5e23-968e-95a9ef87ae0c,
urn:uuid:9f3811c6-fffe-5adf-8938-fdaec87230fd,relation/unit/bab-4-grup-dalam-kategori-dan-latihan/covers/surface/unit-035/formula/077,urn:uuid:e8742522-5470-57c0-90c9-9eb6b82902bd,covers,urn:uuid:a5aa9806-8619-5cfd-8471-5dae372e1535,
urn:uuid:9a869952-2895-5dbe-ad33-470b98116d83,relation/unit/bab-4-grup-dalam-kategori-dan-latihan/covers/surface/unit-035/formula/078,urn:uuid:e8742522-5470-57c0-90c9-9eb6b82902bd,covers,urn:uuid:278e2181-5edf-5663-bf28-f622caf30640,
urn:uuid:f02a680a-7f41-5784-b077-169b84f141b7,relation/unit/bab-4-grup-dalam-kategori-dan-latihan/covers/surface/unit-035/formula/079,urn:uuid:e8742522-5470-57c0-90c9-9eb6b82902bd,covers,urn:uuid:41dbcace-7125-5913-836a-64dacec0877e,
urn:uuid:dfb96050-6047-5c93-85e0-a1cfcb935d37,relation/unit/bab-4-grup-dalam-kategori-dan-latihan/covers/surface/unit-035/formula/080,urn:uuid:e8742522-5470-57c0-90c9-9eb6b82902bd,covers,urn:uuid:df00ba56-e8e1-51ad-8ccb-ea7b5dffa8b5,
urn:uuid:1427a4b7-0df6-59cb-9702-f22ba17b9516,relation/unit/bab-4-grup-dalam-kategori-dan-latihan/covers/surface/unit-035/formula/081,urn:uuid:e8742522-5470-57c0-90c9-9eb6b82902bd,covers,urn:uuid:a627b100-5220-5b9a-a89b-a4a75181d0f3,
urn:uuid:1d20f03d-43f8-5cf0-a279-a1a5626b96be,relation/unit/bab-4-grup-dalam-kategori-dan-latihan/covers/surface/unit-035/formula/082,urn:uuid:e8742522-5470-57c0-90c9-9eb6b82902bd,covers,urn:uuid:90d42952-cc5f-5fd9-9c89-f8fef60bc64b,
urn:uuid:a5433ce0-1983-5124-b89f-e08e8051265d,relation/unit/bab-4-grup-dalam-kategori-dan-latihan/covers/surface/unit-035/formula/083,urn:uuid:e8742522-5470-57c0-90c9-9eb6b82902bd,covers,urn:uuid:ad2f304a-cfc8-599d-ace0-70dcd02bd4da,
urn:uuid:775d71a7-bb81-57d8-a280-556c8caab0c7,relation/unit/bab-4-grup-dalam-kategori-dan-latihan/covers/surface/unit-035/formula/084,urn:uuid:e8742522-5470-57c0-90c9-9eb6b82902bd,covers,urn:uuid:8080098c-93c0-5c04-8c3f-dd41d232c8c2,
urn:uuid:4960e00c-c4f9-50c6-9e3b-8e078783d05b,relation/unit/bab-4-grup-dalam-kategori-dan-latihan/covers/surface/unit-035/formula/085,urn:uuid:e8742522-5470-57c0-90c9-9eb6b82902bd,covers,urn:uuid:68bc7d38-f730-5413-b5c3-7c92c15ba688,
urn:uuid:3a270564-ec30-5cc5-9286-c697cd2eba9b,relation/unit/bab-4-grup-dalam-kategori-dan-latihan/covers/surface/unit-035/formula/086,urn:uuid:e8742522-5470-57c0-90c9-9eb6b82902bd,covers,urn:uuid:f7e8c96b-d148-55c3-867f-f6c1c0793e0f,
urn:uuid:9e44eaa2-b646-51d2-953d-571b9498051b,relation/unit/bab-4-grup-dalam-kategori-dan-latihan/covers/surface/unit-035/formula/087,urn:uuid:e8742522-5470-57c0-90c9-9eb6b82902bd,covers,urn:uuid:c88099d9-637a-51b3-afea-af98692f9dde,
urn:uuid:5b64415c-7127-59fa-b045-afce0a0b3648,relation/unit/bab-4-grup-dalam-kategori-dan-latihan/covers/surface/unit-035/formula/088,urn:uuid:e8742522-5470-57c0-90c9-9eb6b82902bd,covers,urn:uuid:f1a911f7-9ec7-5629-825a-f70f472def31,
urn:uuid:94bc1678-1f3d-515d-b71a-bf081b0b7d29,relation/unit/bab-4-grup-dalam-kategori-dan-latihan/covers/surface/unit-035/formula/089,urn:uuid:e8742522-5470-57c0-90c9-9eb6b82902bd,covers,urn:uuid:d9e7abbc-3390-5a47-adff-f222dee8a354,
urn:uuid:96d558df-7d3b-5300-874d-970930a3f11b,relation/unit/bab-4-grup-dalam-kategori-dan-latihan/covers/surface/unit-035/formula/090,urn:uuid:e8742522-5470-57c0-90c9-9eb6b82902bd,covers,urn:uuid:e17c8993-d2f0-5c8d-9d81-95b9dda9999d,
urn:uuid:9db71720-4634-5e10-b777-0e9daccbdfbb,relation/unit/bab-4-grup-dalam-kategori-dan-latihan/covers/surface/unit-035/formula/091,urn:uuid:e8742522-5470-57c0-90c9-9eb6b82902bd,covers,urn:uuid:cb508cd3-0fbe-5211-a5c1-e987827ef128,
urn:uuid:fb78029e-8b76-5b42-8298-2fccec837b08,relation/unit/bab-4-grup-dalam-kategori-dan-latihan/covers/surface/unit-035/formula/092,urn:uuid:e8742522-5470-57c0-90c9-9eb6b82902bd,covers,urn:uuid:33db8923-ca54-546c-8708-b807fefeef23,
urn:uuid:498f4658-0451-5037-b73f-1fd90aa9a265,relation/unit/bab-4-grup-dalam-kategori-dan-latihan/covers/surface/unit-035/formula/093,urn:uuid:e8742522-5470-57c0-90c9-9eb6b82902bd,covers,urn:uuid:b83bc88c-4c78-56c7-afa1-5bb6ace9cf66,
urn:uuid:f993babc-a8e4-5bbc-8e77-725dab92b0df,relation/unit/bab-4-grup-dalam-kategori-dan-latihan/covers/surface/unit-035/formula/094,urn:uuid:e8742522-5470-57c0-90c9-9eb6b82902bd,covers,urn:uuid:1f037999-7c0a-5a90-950d-5360d16748d6,
urn:uuid:f4bfd4cd-973c-5cd3-9f00-bfaf820b7b25,relation/unit/bab-4-grup-dalam-kategori-dan-latihan/covers/surface/unit-035/formula/095,urn:uuid:e8742522-5470-57c0-90c9-9eb6b82902bd,covers,urn:uuid:a0e2e715-3e77-556c-87aa-427e1e6a4d59,
urn:uuid:3f2a1c85-8f96-5b02-a343-560be3bd21a4,relation/unit/bab-4-grup-dalam-kategori-dan-latihan/covers/surface/unit-035/formula/096,urn:uuid:e8742522-5470-57c0-90c9-9eb6b82902bd,covers,urn:uuid:ef322202-f77c-51c3-a9b7-56dda12d8e93,
urn:uuid:6bd1750b-d643-5bc8-b7aa-8ecfe55da890,relation/unit/bab-4-grup-dalam-kategori-dan-latihan/covers/surface/unit-035/formula/097,urn:uuid:e8742522-5470-57c0-90c9-9eb6b82902bd,covers,urn:uuid:68df4f4e-31bb-57ec-8375-f8ccbb51931d,
urn:uuid:f69997ce-e00e-538e-b4ad-dbe589376ebd,relation/unit/bab-4-grup-dalam-kategori-dan-latihan/covers/surface/unit-035/formula/098,urn:uuid:e8742522-5470-57c0-90c9-9eb6b82902bd,covers,urn:uuid:b0035214-e27a-51a8-b99e-7071eb3bacbe,
urn:uuid:2d88a5bb-3f07-57cc-a038-d5e5386a2a04,relation/unit/bab-4-grup-dalam-kategori-dan-latihan/covers/surface/unit-035/formula/099,urn:uuid:e8742522-5470-57c0-90c9-9eb6b82902bd,covers,urn:uuid:5c855243-e8a5-5f92-bc28-c9bcc0b627a6,
urn:uuid:4bd808d2-52a3-5c22-9b31-279a68bc275b,relation/unit/bab-4-grup-dalam-kategori-dan-latihan/covers/surface/unit-035/formula/100,urn:uuid:e8742522-5470-57c0-90c9-9eb6b82902bd,covers,urn:uuid:142bd36f-dd0a-5111-b558-7c28c3627401,
urn:uuid:9a2b9472-ddc3-5656-845e-0d711de1a0f7,relation/unit/bab-4-grup-dalam-kategori-dan-latihan/covers/surface/unit-035/formula/101,urn:uuid:e8742522-5470-57c0-90c9-9eb6b82902bd,covers,urn:uuid:0bacf67d-634f-5233-9641-819c56b9fda4,
urn:uuid:5d84c9c1-4a90-595e-a89d-d7fc5bdb3d95,relation/unit/bab-4-grup-dalam-kategori-dan-latihan/covers/surface/unit-035/formula/102,urn:uuid:e8742522-5470-57c0-90c9-9eb6b82902bd,covers,urn:uuid:8e0d3d3b-5840-5faf-8246-094c24644e5b,
urn:uuid:7368a09c-64aa-544d-8012-bc1f1224b1c5,relation/unit/bab-4-grup-dalam-kategori-dan-latihan/covers/surface/unit-035/formula/103,urn:uuid:e8742522-5470-57c0-90c9-9eb6b82902bd,covers,urn:uuid:7df08e60-318e-56d5-bd6a-713755b9c33c,
urn:uuid:dfc6df1e-f4eb-5009-9706-9b39ea521896,relation/unit/bab-4-grup-dalam-kategori-dan-latihan/covers/surface/unit-035/formula/104,urn:uuid:e8742522-5470-57c0-90c9-9eb6b82902bd,covers,urn:uuid:469bd5c9-32f7-51c4-a78c-021e9fef92fc,
urn:uuid:90e3adf6-1947-5614-8112-138bc64ddcd3,relation/unit/bab-4-grup-dalam-kategori-dan-latihan/covers/surface/unit-035/formula/105,urn:uuid:e8742522-5470-57c0-90c9-9eb6b82902bd,covers,urn:uuid:785bad88-9c71-5834-b719-39419833f8d4,
urn:uuid:eb193e6a-14cc-5e89-be6e-6981e59794c3,relation/unit/bab-4-grup-dalam-kategori-dan-latihan/covers/surface/unit-035/formula/106,urn:uuid:e8742522-5470-57c0-90c9-9eb6b82902bd,covers,urn:uuid:e69b18da-1e62-56f6-85cd-46408e20368c,
urn:uuid:8278d595-e18f-5712-951d-aca62571ff65,relation/unit/bab-4-grup-dalam-kategori-dan-latihan/covers/surface/unit-035/formula/107,urn:uuid:e8742522-5470-57c0-90c9-9eb6b82902bd,covers,urn:uuid:9c484863-d285-5d09-9253-ebcae982777b,
urn:uuid:b446ec6b-c25c-54d2-b8fb-2c450a59c0f0,relation/unit/bab-4-grup-dalam-kategori-dan-latihan/covers/surface/unit-035/formula/108,urn:uuid:e8742522-5470-57c0-90c9-9eb6b82902bd,covers,urn:uuid:07e4faa7-fbdd-5f3f-825f-5aa2835ee6ff,
urn:uuid:19482715-6754-5e1a-a388-d413ca3a28ee,relation/unit/bab-4-grup-dalam-kategori-dan-latihan/covers/surface/unit-035/formula/109,urn:uuid:e8742522-5470-57c0-90c9-9eb6b82902bd,covers,urn:uuid:15f4d1c7-e62d-5fe5-9cc6-840ce3e338af,
urn:uuid:fc2f948a-6099-50d3-ace8-c1ab767feebb,relation/unit/bab-4-grup-dalam-kategori-dan-latihan/covers/surface/unit-035/formula/110,urn:uuid:e8742522-5470-57c0-90c9-9eb6b82902bd,covers,urn:uuid:97258bcd-3047-56d5-afbe-6945d00cd0f6,
urn:uuid:b3c17fb6-02b1-5433-a4bb-93e01e0361cf,relation/unit/bab-4-grup-dalam-kategori-dan-latihan/covers/surface/unit-035/formula/111,urn:uuid:e8742522-5470-57c0-90c9-9eb6b82902bd,covers,urn:uuid:5e055b62-34d2-5a73-bb4c-1035ddb1139c,
urn:uuid:7df88c05-d940-5425-86c2-a0f4377ffeb1,relation/unit/bab-4-grup-dalam-kategori-dan-latihan/covers/surface/unit-035/formula/112,urn:uuid:e8742522-5470-57c0-90c9-9eb6b82902bd,covers,urn:uuid:8b2f2c95-11cd-570d-b5d0-217f64c82bde,
urn:uuid:dc692ed4-26e0-5ddc-904e-437bfb08b2c6,relation/unit/bab-4-grup-dalam-kategori-dan-latihan/covers/surface/unit-035/formula/113,urn:uuid:e8742522-5470-57c0-90c9-9eb6b82902bd,covers,urn:uuid:a8fd0254-2df9-5edb-b749-30036faa438f,
urn:uuid:4249bd77-8593-542c-8848-56a8dc6e42fd,relation/unit/bab-4-grup-dalam-kategori-dan-latihan/covers/surface/unit-035/formula/114,urn:uuid:e8742522-5470-57c0-90c9-9eb6b82902bd,covers,urn:uuid:c28a6342-f8a8-5e51-a6e1-b3a100d0e134,
urn:uuid:0ae83151-0e83-5ce5-8c61-549b58a30da1,relation/unit/bab-4-grup-dalam-kategori-dan-latihan/covers/surface/unit-035/formula/115,urn:uuid:e8742522-5470-57c0-90c9-9eb6b82902bd,covers,urn:uuid:981ca7f2-dab8-5283-a712-08f8e0540a23,
urn:uuid:ef992d90-faec-56e8-8bf1-cff925b61506,relation/unit/bab-4-grup-dalam-kategori-dan-latihan/covers/surface/unit-035/formula/116,urn:uuid:e8742522-5470-57c0-90c9-9eb6b82902bd,covers,urn:uuid:fc20d01e-4a8a-5e86-aca8-4fbe8a7f0fac,
urn:uuid:cb7712aa-a1e9-51b0-a472-8f8ff6c94836,relation/unit/bab-4-grup-dalam-kategori-dan-latihan/covers/surface/unit-035/formula/117,urn:uuid:e8742522-5470-57c0-90c9-9eb6b82902bd,covers,urn:uuid:197c3ed2-3133-5943-94eb-1f37c028598a,
urn:uuid:1847309f-d4e7-523b-9329-c72a40a9a77e,relation/unit/bab-4-grup-dalam-kategori-dan-latihan/covers/surface/unit-035/formula/118,urn:uuid:e8742522-5470-57c0-90c9-9eb6b82902bd,covers,urn:uuid:8206b497-f213-5084-8afb-b4eab7e3a1cd,
urn:uuid:264d296a-cfaf-5a50-a091-f72f9db3cb64,relation/unit/bab-4-grup-dalam-kategori-dan-latihan/covers/surface/unit-035/formula/119,urn:uuid:e8742522-5470-57c0-90c9-9eb6b82902bd,covers,urn:uuid:f7bba8d0-2673-5146-b45d-68620f03c23c,
urn:uuid:a0b31f79-3923-5b37-b387-c79c50f3901c,relation/unit/bab-4-grup-dalam-kategori-dan-latihan/covers/surface/unit-035/formula/120,urn:uuid:e8742522-5470-57c0-90c9-9eb6b82902bd,covers,urn:uuid:3e0a88e2-6e8c-5690-979e-b47b0597b09c,
urn:uuid:a28d3a95-d710-5221-bc76-3e6fb22221d4,relation/unit/bab-4-grup-dalam-kategori-dan-latihan/covers/surface/unit-035/formula/121,urn:uuid:e8742522-5470-57c0-90c9-9eb6b82902bd,covers,urn:uuid:c5041a1c-a57a-5220-9ca7-c619faf80d97,
urn:uuid:5a736f77-0eb4-56e9-8251-2089d2cd7de8,relation/unit/bab-4-grup-dalam-kategori-dan-latihan/covers/surface/unit-035/formula/122,urn:uuid:e8742522-5470-57c0-90c9-9eb6b82902bd,covers,urn:uuid:840f4c33-e4eb-532c-91af-ee565dadbe85,
urn:uuid:c84a71b5-fa1e-5ddd-a367-095866a8318b,relation/unit/bab-4-grup-dalam-kategori-dan-latihan/covers/surface/unit-035/formula/123,urn:uuid:e8742522-5470-57c0-90c9-9eb6b82902bd,covers,urn:uuid:57f44bf5-b6d2-52bf-9cb4-e3ef95af7a7a,
urn:uuid:258c935f-0cd6-5930-a06d-992138c93f93,relation/unit/bab-4-grup-dalam-kategori-dan-latihan/covers/surface/unit-035/formula/124,urn:uuid:e8742522-5470-57c0-90c9-9eb6b82902bd,covers,urn:uuid:fd64cb7f-af42-5242-8046-e5c46ae13b08,
urn:uuid:1e30525c-9824-5063-bf7d-52c82a35740c,relation/unit/bab-4-grup-dalam-kategori-dan-latihan/covers/surface/unit-035/formula/125,urn:uuid:e8742522-5470-57c0-90c9-9eb6b82902bd,covers,urn:uuid:9602e4c4-08dc-5676-8f56-c1e5669264d6,
urn:uuid:734b308e-a17e-5680-8be9-fade0980e049,relation/unit/bab-4-grup-dalam-kategori-dan-latihan/covers/surface/unit-035/formula/126,urn:uuid:e8742522-5470-57c0-90c9-9eb6b82902bd,covers,urn:uuid:6e4b8232-f6af-5f2d-bbbf-a9bac114e544,
urn:uuid:22031bce-5cb6-5d13-baf7-ed4ce27b3887,relation/unit/bab-4-grup-dalam-kategori-dan-latihan/covers/surface/unit-035/formula/127,urn:uuid:e8742522-5470-57c0-90c9-9eb6b82902bd,covers,urn:uuid:35880de4-5247-5d64-9a23-bd962608d0c5,
urn:uuid:9015d53f-e466-5ff6-b33a-a0ab1e1b6f34,relation/unit/bab-4-grup-dalam-kategori-dan-latihan/covers/surface/unit-035/formula/128,urn:uuid:e8742522-5470-57c0-90c9-9eb6b82902bd,covers,urn:uuid:a46106a0-98d5-5399-ac3d-2871d509ec6c,
urn:uuid:c00c544c-7c17-5b8e-b61c-04131a9081a8,relation/unit/bab-4-grup-dalam-kategori-dan-latihan/covers/surface/unit-035/formula/129,urn:uuid:e8742522-5470-57c0-90c9-9eb6b82902bd,covers,urn:uuid:16ba6e8a-ba0b-5a45-9cc8-6d31a4338792,
urn:uuid:e360b8a8-6e1c-5739-8826-f9bc6c63079a,relation/unit/bab-4-grup-dalam-kategori-dan-latihan/covers/surface/unit-035/formula/130,urn:uuid:e8742522-5470-57c0-90c9-9eb6b82902bd,covers,urn:uuid:f6f9d5a6-f07b-57f0-8661-3c8863d202e6,
urn:uuid:10dcd12c-0a6b-5c38-b65b-9ba8f4836222,relation/unit/bab-4-grup-dalam-kategori-dan-latihan/covers/surface/unit-035/formula/131,urn:uuid:e8742522-5470-57c0-90c9-9eb6b82902bd,covers,urn:uuid:04433e14-f4b5-5e73-87fd-77c52022c851,
urn:uuid:0c6f1ec5-aa39-52a4-a190-033e18b7a44b,relation/unit/bab-4-grup-dalam-kategori-dan-latihan/covers/surface/unit-035/formula/132,urn:uuid:e8742522-5470-57c0-90c9-9eb6b82902bd,covers,urn:uuid:9cad2b36-b23c-5b08-923f-6a6f90e13d78,
urn:uuid:15865934-f607-55d0-9489-74f4396f0984,relation/unit/bab-4-grup-dalam-kategori-dan-latihan/covers/surface/unit-035/formula/133,urn:uuid:e8742522-5470-57c0-90c9-9eb6b82902bd,covers,urn:uuid:f05aa360-e3c9-53f5-a109-96e613539969,
urn:uuid:18213962-6d09-5fba-b2c5-e22e52065122,relation/unit/bab-4-grup-dalam-kategori-dan-latihan/covers/surface/unit-035/formula/134,urn:uuid:e8742522-5470-57c0-90c9-9eb6b82902bd,covers,urn:uuid:76ea38e2-da0c-5427-bb49-03d651091e49,
urn:uuid:79d8da23-4f41-5f63-9278-93d5db3cb299,relation/unit/bab-4-grup-dalam-kategori-dan-latihan/covers/surface/unit-035/formula/135,urn:uuid:e8742522-5470-57c0-90c9-9eb6b82902bd,covers,urn:uuid:057ef5fb-47eb-5971-9a34-1073fa4d835c,
urn:uuid:8d4ba1ec-8a95-5b10-af06-9cc04e30bb4b,relation/unit/bab-4-grup-dalam-kategori-dan-latihan/covers/surface/unit-035/formula/136,urn:uuid:e8742522-5470-57c0-90c9-9eb6b82902bd,covers,urn:uuid:78295793-d331-5259-8221-254438ce57a2,
urn:uuid:b6e2ecb7-42cd-5096-8059-62f96fd979ce,relation/unit/bab-4-grup-dalam-kategori-dan-latihan/covers/surface/unit-035/formula/137,urn:uuid:e8742522-5470-57c0-90c9-9eb6b82902bd,covers,urn:uuid:2bbc2eb6-06c9-5212-9395-ec29df82aafd,
urn:uuid:8a667387-002d-54a1-9233-fd1aede591c2,relation/unit/bab-4-grup-dalam-kategori-dan-latihan/covers/surface/unit-035/formula/138,urn:uuid:e8742522-5470-57c0-90c9-9eb6b82902bd,covers,urn:uuid:44ba0003-66dd-5a0d-8565-f65491385d0e,
urn:uuid:a82a0c8f-6933-50a9-9b01-d080f2e1fe1f,relation/unit/bab-4-grup-dalam-kategori-dan-latihan/covers/surface/unit-035/formula/139,urn:uuid:e8742522-5470-57c0-90c9-9eb6b82902bd,covers,urn:uuid:36933ab2-1a3c-5c25-a2d9-886660bfb783,
urn:uuid:96905598-edef-5789-b084-3f89c2713060,relation/unit/bab-4-grup-dalam-kategori-dan-latihan/covers/surface/unit-035/formula/140,urn:uuid:e8742522-5470-57c0-90c9-9eb6b82902bd,covers,urn:uuid:6deb0e8c-c47f-5eeb-9bf0-d891bfad53e5,
urn:uuid:9b29d373-ef53-5d8b-a98e-42ef03e4174a,relation/unit/bab-4-grup-dalam-kategori-dan-latihan/covers/surface/unit-035/formula/141,urn:uuid:e8742522-5470-57c0-90c9-9eb6b82902bd,covers,urn:uuid:0c90fcd1-3ed9-5dc5-881a-51ecec096154,
urn:uuid:101f89ae-4a1d-54c7-9607-8c8fba715185,relation/unit/bab-4-grup-dalam-kategori-dan-latihan/covers/surface/unit-035/formula/142,urn:uuid:e8742522-5470-57c0-90c9-9eb6b82902bd,covers,urn:uuid:74ca207d-b412-54ed-9bf6-34a738e28709,
urn:uuid:2d03721a-71b9-5a96-9c58-5a0518fb38ec,relation/unit/bab-4-grup-dalam-kategori-dan-latihan/covers/surface/unit-035/formula/143,urn:uuid:e8742522-5470-57c0-90c9-9eb6b82902bd,covers,urn:uuid:d999d9f5-70be-5bd4-95de-738a6450682d,
urn:uuid:c72d62b6-be43-503f-aace-6a3f0068971c,relation/unit/bab-4-grup-dalam-kategori-dan-latihan/covers/surface/unit-035/formula/144,urn:uuid:e8742522-5470-57c0-90c9-9eb6b82902bd,covers,urn:uuid:a42464fe-6b7f-5924-803c-21f60cd35d9b,
urn:uuid:310f8920-bbb2-5b44-8c80-00e4fcbe4308,relation/unit/bab-4-grup-dalam-kategori-dan-latihan/covers/surface/unit-035/formula/145,urn:uuid:e8742522-5470-57c0-90c9-9eb6b82902bd,covers,urn:uuid:c5a7258b-9b07-5dcb-a392-4daa9982317e,
urn:uuid:e8040a6a-4d4c-5646-a365-fff18bad00fb,relation/unit/bab-4-grup-dalam-kategori-dan-latihan/covers/surface/unit-035/formula/146,urn:uuid:e8742522-5470-57c0-90c9-9eb6b82902bd,covers,urn:uuid:e1e5aeca-ecb5-5ea4-aa2a-cd18db75b8d9,
urn:uuid:25c9b737-f93d-5e4b-a44f-3386a0167aef,relation/unit/bab-4-grup-dalam-kategori-dan-latihan/covers/surface/unit-035/formula/147,urn:uuid:e8742522-5470-57c0-90c9-9eb6b82902bd,covers,urn:uuid:12dab2d7-8a57-5be5-a92e-8317f9fe890a,
urn:uuid:6b1946cf-c753-57e7-aaca-ed7e575477c9,relation/unit/bab-4-grup-dalam-kategori-dan-latihan/covers/surface/unit-035/formula/148,urn:uuid:e8742522-5470-57c0-90c9-9eb6b82902bd,covers,urn:uuid:89419e44-51a6-544e-bac2-07e2b271f353,
urn:uuid:3a754d15-8867-5ff1-b3f9-c0a1bec6d92a,relation/unit/bab-4-grup-dalam-kategori-dan-latihan/covers/surface/unit-035/formula/149,urn:uuid:e8742522-5470-57c0-90c9-9eb6b82902bd,covers,urn:uuid:742122af-1544-50d3-a521-f3b8e621e25f,
urn:uuid:f202bd3b-4ec8-5151-b8c3-1b8e7e25ca00,relation/unit/bab-4-grup-dalam-kategori-dan-latihan/covers/surface/unit-035/formula/150,urn:uuid:e8742522-5470-57c0-90c9-9eb6b82902bd,covers,urn:uuid:1578c85d-def8-5e07-8593-b2c1d332f75d,
urn:uuid:a743bb12-0aef-502d-8f4d-85c44b95b965,relation/unit/bab-4-grup-dalam-kategori-dan-latihan/covers/surface/unit-035/formula/151,urn:uuid:e8742522-5470-57c0-90c9-9eb6b82902bd,covers,urn:uuid:e6a27b73-4f3d-5c5b-9327-3980e954f274,
urn:uuid:dc35cf0b-e33c-52ca-b3b0-bce64fb6eda8,relation/unit/bab-4-grup-dalam-kategori-dan-latihan/covers/surface/unit-035/formula/152,urn:uuid:e8742522-5470-57c0-90c9-9eb6b82902bd,covers,urn:uuid:b5494e00-5d69-5321-9e8c-cbd05651a53b,
urn:uuid:05f8d350-0db5-59c9-9212-fbed9ad7ff10,relation/unit/bab-4-grup-dalam-kategori-dan-latihan/covers/surface/unit-035/formula/153,urn:uuid:e8742522-5470-57c0-90c9-9eb6b82902bd,covers,urn:uuid:5afc4769-aabb-56cb-b2cc-7893112cf16f,
urn:uuid:ba5054e2-79a1-5942-bf92-91f5ff2357e0,relation/unit/bab-4-grup-dalam-kategori-dan-latihan/covers/surface/unit-035/formula/154,urn:uuid:e8742522-5470-57c0-90c9-9eb6b82902bd,covers,urn:uuid:ae33cbdc-4a2c-5d21-a52f-900cde35d080,
urn:uuid:7d22c52e-3b06-5394-a844-ac78f2e3b71b,relation/unit/bab-4-grup-dalam-kategori-dan-latihan/covers/surface/unit-035/formula/155,urn:uuid:e8742522-5470-57c0-90c9-9eb6b82902bd,covers,urn:uuid:6ef6da0d-7840-5552-a8f9-c5f1dfa7210c,
urn:uuid:de290d41-acb5-5a15-844a-aae7622d479e,relation/unit/bab-4-grup-dalam-kategori-dan-latihan/covers/surface/unit-035/formula/156,urn:uuid:e8742522-5470-57c0-90c9-9eb6b82902bd,covers,urn:uuid:a741ad20-75d2-5235-b154-faf15e8bc226,
urn:uuid:a6ed394e-3af0-55d4-b4ab-330fee88850b,relation/unit/bab-4-grup-dalam-kategori-dan-latihan/covers/surface/unit-035/formula/157,urn:uuid:e8742522-5470-57c0-90c9-9eb6b82902bd,covers,urn:uuid:1d87a538-0fff-5db2-8522-63e8aba2a75a,
urn:uuid:07a3bd8e-cb56-5e9d-915d-5fbeb4024066,relation/unit/bab-4-grup-dalam-kategori-dan-latihan/covers/surface/unit-035/formula/158,urn:uuid:e8742522-5470-57c0-90c9-9eb6b82902bd,covers,urn:uuid:8f7e35a5-4314-5279-b445-a1df12cbf008,
urn:uuid:f8efc36a-43be-58d4-9d2c-bcc5ef65f31b,relation/unit/bab-4-grup-dalam-kategori-dan-latihan/covers/surface/unit-035/formula/159,urn:uuid:e8742522-5470-57c0-90c9-9eb6b82902bd,covers,urn:uuid:3532e2b4-3650-5e35-9c9a-90526210ef4c,
urn:uuid:a14f8a0f-33e2-5510-8ec0-876aa662df74,relation/unit/bab-4-grup-dalam-kategori-dan-latihan/covers/surface/unit-035/formula/160,urn:uuid:e8742522-5470-57c0-90c9-9eb6b82902bd,covers,urn:uuid:c5a677c4-c1f7-5b44-b67a-abdf1bb4195f,
urn:uuid:e9129643-37ae-535c-b315-2c2623c8f63c,relation/unit/bab-4-grup-dalam-kategori-dan-latihan/covers/surface/unit-035/formula/161,urn:uuid:e8742522-5470-57c0-90c9-9eb6b82902bd,covers,urn:uuid:e2afc326-a6ab-5325-bce1-698fb944e20f,
urn:uuid:6c22f97b-bd6c-5d6a-aa50-70ba7009d84e,relation/unit/bab-4-grup-dalam-kategori-dan-latihan/covers/surface/unit-035/formula/162,urn:uuid:e8742522-5470-57c0-90c9-9eb6b82902bd,covers,urn:uuid:f9e91c2d-3c5e-54ac-b3a7-29423ed60adf,
urn:uuid:ea147b82-9a20-523d-a5b3-42dd1f951c50,relation/unit/bab-4-grup-dalam-kategori-dan-latihan/covers/surface/unit-035/formula/163,urn:uuid:e8742522-5470-57c0-90c9-9eb6b82902bd,covers,urn:uuid:6e76c205-fe7c-5609-9527-6a52fe0e2ec8,
urn:uuid:bd91bf1d-0309-5b9e-9570-6905c77b89c0,relation/unit/bab-4-grup-dalam-kategori-dan-latihan/covers/surface/unit-035/formula/164,urn:uuid:e8742522-5470-57c0-90c9-9eb6b82902bd,covers,urn:uuid:025df162-e18b-570f-b195-12e67dc8e59a,
urn:uuid:a0112f01-c0fa-5480-9259-a3e49fec95e1,relation/unit/bab-4-grup-dalam-kategori-dan-latihan/covers/surface/unit-035/formula/165,urn:uuid:e8742522-5470-57c0-90c9-9eb6b82902bd,covers,urn:uuid:58f64b69-beea-59af-b59e-60960cc672c5,
urn:uuid:92654bac-6c9b-5db2-9e1c-4150b1bcf91e,relation/unit/bab-4-grup-dalam-kategori-dan-latihan/covers/surface/unit-035/formula/166,urn:uuid:e8742522-5470-57c0-90c9-9eb6b82902bd,covers,urn:uuid:9a901f5d-69ff-5b49-b266-b0baa77ade0b,
urn:uuid:03e91a23-72fb-5563-80c8-e6917c450d39,relation/unit/bab-4-grup-dalam-kategori-dan-latihan/covers/surface/unit-035/formula/167,urn:uuid:e8742522-5470-57c0-90c9-9eb6b82902bd,covers,urn:uuid:a8f4bd50-0869-5716-8048-68e7725b3af1,
urn:uuid:f4c8e10a-4c2c-5682-91fd-713c9a5ad3d8,relation/unit/bab-4-grup-dalam-kategori-dan-latihan/covers/surface/unit-035/formula/168,urn:uuid:e8742522-5470-57c0-90c9-9eb6b82902bd,covers,urn:uuid:4030d72f-8be3-5998-94e6-a9648a6d6b8c,
urn:uuid:aedeb137-1963-5b19-8030-b092aaf38ad7,relation/unit/bab-4-grup-dalam-kategori-dan-latihan/covers/surface/unit-035/formula/169,urn:uuid:e8742522-5470-57c0-90c9-9eb6b82902bd,covers,urn:uuid:37b0ebf5-bc60-50cd-a7e2-3f8347f0106c,
urn:uuid:97de439f-1411-5927-97b8-4c9433875891,relation/unit/bab-4-grup-dalam-kategori-dan-latihan/covers/surface/unit-035/formula/170,urn:uuid:e8742522-5470-57c0-90c9-9eb6b82902bd,covers,urn:uuid:265f8efe-7fbf-5248-92ee-45beaa6bf62f,
urn:uuid:c5afeac4-7b28-53b4-9140-4ff45e6dbfe7,relation/unit/bab-4-grup-dalam-kategori-dan-latihan/covers/surface/unit-035/formula/171,urn:uuid:e8742522-5470-57c0-90c9-9eb6b82902bd,covers,urn:uuid:bdc68cda-a530-5374-9fc9-fdb30f9c4905,
urn:uuid:e0d7ff6e-dd05-54e3-ab5e-e8db5c51debb,relation/unit/bab-4-grup-dalam-kategori-dan-latihan/covers/surface/unit-035/formula/172,urn:uuid:e8742522-5470-57c0-90c9-9eb6b82902bd,covers,urn:uuid:0858f6f0-600b-5f0d-95b0-a571ee5fa7e9,
urn:uuid:8d8cd682-8093-594f-aa7a-99978c03210c,relation/unit/bab-4-grup-dalam-kategori-dan-latihan/covers/surface/unit-035/formula/173,urn:uuid:e8742522-5470-57c0-90c9-9eb6b82902bd,covers,urn:uuid:f04a9a30-979e-52c1-83e3-df4aadf925ff,
urn:uuid:929cfb87-45c2-515f-9e75-33169e8befb4,relation/unit/bab-4-grup-dalam-kategori-dan-latihan/covers/surface/unit-035/formula/174,urn:uuid:e8742522-5470-57c0-90c9-9eb6b82902bd,covers,urn:uuid:e73dbc79-0177-5086-99ac-c9f3b30c9dcb,
urn:uuid:dd1929cb-7a4a-559f-a876-f790d2fdcb51,relation/unit/bab-4-grup-dalam-kategori-dan-latihan/covers/surface/unit-035/formula/175,urn:uuid:e8742522-5470-57c0-90c9-9eb6b82902bd,covers,urn:uuid:d9c2afab-4d88-59e1-8926-128ff3628cfd,
urn:uuid:c64dd4a4-50a4-57b0-a69c-b83f171ee9fb,relation/unit/bab-4-grup-dalam-kategori-dan-latihan/covers/surface/unit-035/formula/176,urn:uuid:e8742522-5470-57c0-90c9-9eb6b82902bd,covers,urn:uuid:8b0fa653-b5f4-5b41-8465-3895a493b8f4,
urn:uuid:30f32943-41a4-5374-8656-68f37c80d8c6,relation/unit/bab-4-grup-dalam-kategori-dan-latihan/covers/surface/unit-035/formula/177,urn:uuid:e8742522-5470-57c0-90c9-9eb6b82902bd,covers,urn:uuid:18e45711-0995-5308-8f24-82280e032db0,
urn:uuid:3715c4b1-54fb-5674-8481-88b3f7765c66,relation/unit/bab-4-grup-dalam-kategori-dan-latihan/covers/surface/unit-035/formula/178,urn:uuid:e8742522-5470-57c0-90c9-9eb6b82902bd,covers,urn:uuid:d5257785-85ba-58df-9d6a-06d64df21e62,
urn:uuid:a0808501-0ab3-55b9-87df-c59151e9ce46,relation/unit/bab-4-grup-dalam-kategori-dan-latihan/covers/surface/unit-035/formula/179,urn:uuid:e8742522-5470-57c0-90c9-9eb6b82902bd,covers,urn:uuid:4c407475-66e0-551d-8968-70a29eb303d8,
urn:uuid:80c24e44-4462-5a43-bd55-adcee1daa9f2,relation/unit/bab-4-grup-dalam-kategori-dan-latihan/covers/surface/unit-035/formula/180,urn:uuid:e8742522-5470-57c0-90c9-9eb6b82902bd,covers,urn:uuid:eeaec740-fb21-5cc9-a2e4-9d2d4c6be0bc,
urn:uuid:5b7c158f-f503-54ec-a4b7-db3ebd3d5d90,relation/unit/bab-4-grup-dalam-kategori-dan-latihan/covers/surface/unit-035/formula/181,urn:uuid:e8742522-5470-57c0-90c9-9eb6b82902bd,covers,urn:uuid:495f3ece-9371-5453-868a-77422082a6e6,
urn:uuid:182e7890-9455-5940-bcef-0745353b9ac9,relation/unit/bab-4-grup-dalam-kategori-dan-latihan/covers/surface/unit-035/formula/182,urn:uuid:e8742522-5470-57c0-90c9-9eb6b82902bd,covers,urn:uuid:33d46f14-5fc0-51f2-bfee-6e5714ae2509,
urn:uuid:2ea35a33-31b3-5218-96df-eb17c0558940,relation/unit/bab-4-grup-dalam-kategori-dan-latihan/covers/surface/unit-035/formula/183,urn:uuid:e8742522-5470-57c0-90c9-9eb6b82902bd,covers,urn:uuid:18d31b31-561d-53ee-96c9-0d23103e3c45,
urn:uuid:32b9402b-b6bf-5100-a3a6-3552e0e3e977,relation/unit/bab-4-grup-dalam-kategori-dan-latihan/covers/surface/unit-035/formula/184,urn:uuid:e8742522-5470-57c0-90c9-9eb6b82902bd,covers,urn:uuid:c3a60b4a-4089-55ac-9477-1f4db20189aa,
urn:uuid:e95ca06c-ba4c-5a83-a36f-1a57e808e10f,relation/unit/bab-4-grup-dalam-kategori-dan-latihan/covers/surface/unit-035/formula/185,urn:uuid:e8742522-5470-57c0-90c9-9eb6b82902bd,covers,urn:uuid:e30ba69c-1024-5c35-9377-d4ab4f7a763e,
urn:uuid:845960b0-083d-569b-947d-2bf3f4ffeb31,relation/unit/bab-4-grup-dalam-kategori-dan-latihan/covers/surface/unit-035/formula/186,urn:uuid:e8742522-5470-57c0-90c9-9eb6b82902bd,covers,urn:uuid:ab912318-505d-5099-9a27-b4d76d6f3d59,
urn:uuid:33661029-1581-5e64-9634-44ac83b1a0ee,relation/unit/bab-4-grup-dalam-kategori-dan-latihan/covers/surface/unit-035/formula/187,urn:uuid:e8742522-5470-57c0-90c9-9eb6b82902bd,covers,urn:uuid:b8839b86-b373-5d5a-8d16-e2a80ec44483,
urn:uuid:da4556b6-47bd-5a60-8439-9a3ae65ee8b0,relation/unit/bab-4-grup-dalam-kategori-dan-latihan/covers/surface/unit-035/formula/188,urn:uuid:e8742522-5470-57c0-90c9-9eb6b82902bd,covers,urn:uuid:aba25949-28ab-5e4c-a506-121d8283bd9c,
urn:uuid:66160250-9443-51eb-877a-e2106d2d4388,relation/unit/bab-4-grup-dalam-kategori-dan-latihan/covers/surface/unit-035/formula/189,urn:uuid:e8742522-5470-57c0-90c9-9eb6b82902bd,covers,urn:uuid:8d1f8b72-46e3-56c0-9d0a-6343c11cb04d,
urn:uuid:3284dd35-e3c3-5984-90d3-670489f9870c,relation/unit/bab-4-grup-dalam-kategori-dan-latihan/covers/surface/unit-035/formula/190,urn:uuid:e8742522-5470-57c0-90c9-9eb6b82902bd,covers,urn:uuid:f2682d71-2e57-5930-856c-a360fdc39ac2,
urn:uuid:c9eaba4a-825e-5dcb-a5a3-7703d7edbcbb,relation/unit/bab-4-grup-dalam-kategori-dan-latihan/covers/surface/unit-035/formula/191,urn:uuid:e8742522-5470-57c0-90c9-9eb6b82902bd,covers,urn:uuid:2bd4d203-8f7a-5dc3-9621-847905612ae5,
urn:uuid:e7334506-3f6f-56ba-a0b7-cd05abd9a251,relation/unit/bab-4-grup-dalam-kategori-dan-latihan/covers/surface/unit-035/formula/192,urn:uuid:e8742522-5470-57c0-90c9-9eb6b82902bd,covers,urn:uuid:ac82b8f1-72aa-54f2-a8c3-34f2237d2a9c,
urn:uuid:8c3fcdc2-9f69-5ff0-ae63-e10ce1050b0c,relation/unit/bab-4-grup-dalam-kategori-dan-latihan/covers/surface/unit-035/formula/193,urn:uuid:e8742522-5470-57c0-90c9-9eb6b82902bd,covers,urn:uuid:09182d19-3caa-5fd9-9686-878027495858,
urn:uuid:a1fa6c3a-e424-5053-8aa8-aa2f93fa806c,relation/unit/bab-4-grup-dalam-kategori-dan-latihan/covers/surface/unit-035/formula/194,urn:uuid:e8742522-5470-57c0-90c9-9eb6b82902bd,covers,urn:uuid:57d40f47-f4da-582f-8306-150d32911cb6,
urn:uuid:f00e0435-3c4d-50ef-8c73-46ca75ff0278,relation/unit/bab-4-grup-dalam-kategori-dan-latihan/covers/surface/unit-035/formula/195,urn:uuid:e8742522-5470-57c0-90c9-9eb6b82902bd,covers,urn:uuid:1cd7276b-b810-5785-81ae-b03711110a37,
urn:uuid:5a56eb58-e01b-585b-8af1-c226b95c14a6,relation/unit/bab-4-grup-dalam-kategori-dan-latihan/covers/surface/unit-035/formula/196,urn:uuid:e8742522-5470-57c0-90c9-9eb6b82902bd,covers,urn:uuid:f0bda65f-1e32-554d-9b86-02cbe7ad3d4f,
urn:uuid:326e8a3e-223a-5a61-b5b4-cbc1e631eb72,relation/unit/bab-4-grup-dalam-kategori-dan-latihan/covers/surface/unit-035/formula/197,urn:uuid:e8742522-5470-57c0-90c9-9eb6b82902bd,covers,urn:uuid:c4dd8327-af9f-5474-a933-d59655885451,
urn:uuid:a056d2ce-78a0-5d05-8c7d-e0f9915a6e5d,relation/unit/bab-4-grup-dalam-kategori-dan-latihan/covers/surface/unit-035/formula/198,urn:uuid:e8742522-5470-57c0-90c9-9eb6b82902bd,covers,urn:uuid:50249f88-137f-5377-a916-88b3e13924ba,
urn:uuid:e863a856-dbb3-57db-92b3-2b9d37f4567f,relation/unit/bab-4-grup-dalam-kategori-dan-latihan/covers/surface/unit-035/formula/199,urn:uuid:e8742522-5470-57c0-90c9-9eb6b82902bd,covers,urn:uuid:a040f9e9-3164-5535-940d-f51bfe358753,
urn:uuid:1a1275dd-0b76-5c17-9cdd-1bc7ab70f041,relation/unit/bab-4-grup-dalam-kategori-dan-latihan/covers/surface/unit-035/formula/200,urn:uuid:e8742522-5470-57c0-90c9-9eb6b82902bd,covers,urn:uuid:b019b618-be0f-5fed-bdc2-196e44bc24f4,
urn:uuid:62e2e38e-ca41-5699-bd7a-2a4a7fcd8def,relation/unit/bab-4-grup-dalam-kategori-dan-latihan/covers/surface/unit-035/formula/201,urn:uuid:e8742522-5470-57c0-90c9-9eb6b82902bd,covers,urn:uuid:27e2b0f3-f628-5d44-9b70-1db1ad1163ef,
urn:uuid:1b36aa4a-f0b0-56f6-b037-42ca74cfa988,relation/unit/bab-4-grup-dalam-kategori-dan-latihan/covers/surface/unit-035/formula/202,urn:uuid:e8742522-5470-57c0-90c9-9eb6b82902bd,covers,urn:uuid:37c086d3-e616-54d9-829f-09a42fdc7a8f,
urn:uuid:77b8e03b-acfa-5454-95c1-2e122fd57d84,relation/unit/bab-4-grup-dalam-kategori-dan-latihan/covers/surface/unit-035/formula/203,urn:uuid:e8742522-5470-57c0-90c9-9eb6b82902bd,covers,urn:uuid:d59fc908-ee56-5c49-98a7-74ea0b726665,
urn:uuid:f1c684ad-0b3b-53a1-a0d7-87bb9f31d7dd,relation/unit/bab-4-grup-dalam-kategori-dan-latihan/covers/surface/unit-035/formula/204,urn:uuid:e8742522-5470-57c0-90c9-9eb6b82902bd,covers,urn:uuid:e156bcf1-7af3-5e49-8690-246b8c18473a,
urn:uuid:033d18d7-4f80-5881-9ff4-06f764b4f813,relation/unit/bab-4-grup-dalam-kategori-dan-latihan/covers/surface/unit-035/formula/205,urn:uuid:e8742522-5470-57c0-90c9-9eb6b82902bd,covers,urn:uuid:7801169c-c9b1-52bb-9a1e-b0432cab8c88,
urn:uuid:d9ab77cf-66f5-543a-b0e0-d8381e57b01b,relation/unit/bab-4-grup-dalam-kategori-dan-latihan/covers/surface/unit-035/formula/206,urn:uuid:e8742522-5470-57c0-90c9-9eb6b82902bd,covers,urn:uuid:ff612558-7743-5c71-9cda-9d9576179e91,
urn:uuid:95b0766b-176c-5fd5-927b-a9d380dcc5a4,relation/unit/bab-4-grup-dalam-kategori-dan-latihan/covers/surface/unit-035/formula/207,urn:uuid:e8742522-5470-57c0-90c9-9eb6b82902bd,covers,urn:uuid:0de3b2a7-9af4-50f3-afa3-829616b345b6,
urn:uuid:0d446846-b66a-5fa2-b9e4-58c1f2a0a28a,relation/unit/bab-4-grup-dalam-kategori-dan-latihan/covers/surface/unit-035/formula/208,urn:uuid:e8742522-5470-57c0-90c9-9eb6b82902bd,covers,urn:uuid:c872097e-136f-55ef-9c83-7d605722fe75,
urn:uuid:bc4000ce-5188-56eb-9900-c6cd25a6dee4,relation/unit/bab-4-grup-dalam-kategori-dan-latihan/covers/surface/unit-035/formula/209,urn:uuid:e8742522-5470-57c0-90c9-9eb6b82902bd,covers,urn:uuid:704e4ef9-0b2f-5c0d-af0b-d9a98fdd2c3b,
urn:uuid:a5b661c6-d391-5fc7-80cc-c35a30abafea,relation/unit/bab-4-grup-dalam-kategori-dan-latihan/covers/surface/unit-035/formula/210,urn:uuid:e8742522-5470-57c0-90c9-9eb6b82902bd,covers,urn:uuid:44bfcec1-2398-5b61-9c09-742e455a3eb0,
urn:uuid:50ead7d6-6d67-57d5-a3d9-1357e9137a68,relation/unit/bab-4-grup-dalam-kategori-dan-latihan/covers/surface/unit-035/formula/211,urn:uuid:e8742522-5470-57c0-90c9-9eb6b82902bd,covers,urn:uuid:0d6fdc13-1a22-57d2-b3c4-b1324cc824ed,
urn:uuid:63c9f838-63e6-5bf1-a30b-6d0fc57c75ca,relation/unit/bab-4-grup-dalam-kategori-dan-latihan/covers/surface/unit-035/formula/212,urn:uuid:e8742522-5470-57c0-90c9-9eb6b82902bd,covers,urn:uuid:e2cf7e24-1bfc-5a9d-9636-b9cdee5e64a6,
urn:uuid:57ea22bf-049c-5199-9350-07f63e6f49e8,relation/unit/bab-4-grup-dalam-kategori-dan-latihan/covers/surface/unit-035/formula/213,urn:uuid:e8742522-5470-57c0-90c9-9eb6b82902bd,covers,urn:uuid:c1ad1681-fd3b-5cf7-ab7b-83e285f919b1,
urn:uuid:13cde8ee-701e-5855-8e1e-ef8ed6785710,relation/unit/bab-4-grup-dalam-kategori-dan-latihan/covers/surface/unit-035/formula/214,urn:uuid:e8742522-5470-57c0-90c9-9eb6b82902bd,covers,urn:uuid:45083881-da50-5ea0-9a68-6994c47cbf90,
urn:uuid:63861aa0-f200-55c9-bd0d-0f5036ded009,relation/unit/bab-4-grup-dalam-kategori-dan-latihan/covers/surface/unit-035/formula/215,urn:uuid:e8742522-5470-57c0-90c9-9eb6b82902bd,covers,urn:uuid:3635bf07-d5c0-5e27-80e5-dbc6fbc3b1e4,
urn:uuid:dcf16875-591e-5b5a-863a-ba543d8cfb43,relation/unit/bab-4-grup-dalam-kategori-dan-latihan/covers/surface/unit-035/formula/216,urn:uuid:e8742522-5470-57c0-90c9-9eb6b82902bd,covers,urn:uuid:43abbc74-9f9b-579d-aded-24780dcb7320,
urn:uuid:51efb9e1-6b3a-5f2c-a768-0d1b1a218419,relation/unit/bab-4-grup-dalam-kategori-dan-latihan/covers/surface/unit-035/formula/217,urn:uuid:e8742522-5470-57c0-90c9-9eb6b82902bd,covers,urn:uuid:27e3e54f-102b-5578-a57f-e97038d03923,
urn:uuid:7f115058-68fc-5f69-9ef4-81a3fa2a015d,relation/unit/bab-4-grup-dalam-kategori-dan-latihan/covers/surface/unit-035/formula/218,urn:uuid:e8742522-5470-57c0-90c9-9eb6b82902bd,covers,urn:uuid:ea08517d-bc2e-51ed-bcfd-8ba85e040eca,
urn:uuid:9db32860-30af-542d-af83-4d5b4f2ffe84,relation/unit/bab-4-grup-dalam-kategori-dan-latihan/covers/surface/unit-035/formula/219,urn:uuid:e8742522-5470-57c0-90c9-9eb6b82902bd,covers,urn:uuid:e3218fe2-df91-5aa7-8953-d82665b3eff7,
urn:uuid:6f9f7083-6e99-5fa2-af44-a36c575ad1bc,relation/unit/bab-4-grup-dalam-kategori-dan-latihan/covers/surface/unit-035/formula/220,urn:uuid:e8742522-5470-57c0-90c9-9eb6b82902bd,covers,urn:uuid:8c3af48b-cba0-5c42-b3c8-c946486f6878,
urn:uuid:f559dd21-beed-57ce-949e-037a6f6736ab,relation/unit/bab-4-grup-dalam-kategori-dan-latihan/covers/surface/unit-035/formula/221,urn:uuid:e8742522-5470-57c0-90c9-9eb6b82902bd,covers,urn:uuid:9a575052-8ad4-5f4d-b711-39c49fde9b67,
urn:uuid:0f03c305-cd26-5349-8630-7072d4f85577,relation/unit/bab-4-grup-dalam-kategori-dan-latihan/covers/surface/unit-035/formula/222,urn:uuid:e8742522-5470-57c0-90c9-9eb6b82902bd,covers,urn:uuid:59424b1a-3389-536b-b34c-36b54ba7807d,
urn:uuid:d870b799-cb57-5593-843c-24ba851d2d6b,relation/unit/bab-4-grup-dalam-kategori-dan-latihan/covers/surface/unit-035/formula/223,urn:uuid:e8742522-5470-57c0-90c9-9eb6b82902bd,covers,urn:uuid:5a401407-a778-5a98-8312-b8257d8ea096,
urn:uuid:1b693a53-d0d3-5c16-868c-990333250d4a,relation/unit/bab-4-grup-dalam-kategori-dan-latihan/covers/surface/unit-035/formula/224,urn:uuid:e8742522-5470-57c0-90c9-9eb6b82902bd,covers,urn:uuid:05b57f04-246f-5149-8bb3-33fd3438c82b,
urn:uuid:f37f66dd-db86-5e77-b308-0bdd6b8311ea,relation/unit/bab-4-grup-dalam-kategori-dan-latihan/covers/surface/unit-035/formula/225,urn:uuid:e8742522-5470-57c0-90c9-9eb6b82902bd,covers,urn:uuid:4432adf6-94a1-544e-bc67-ad4b34a0c263,
urn:uuid:f154128b-c6cc-5f4c-a971-3bca840e90a2,relation/unit/bab-4-grup-dalam-kategori-dan-latihan/covers/surface/unit-035/formula/226,urn:uuid:e8742522-5470-57c0-90c9-9eb6b82902bd,covers,urn:uuid:d8602a44-ed1a-54fb-a005-01b966e5d024,
urn:uuid:fe7004c5-4b3d-54bb-8081-7e1ac29db8bd,relation/unit/bab-4-grup-dalam-kategori-dan-latihan/covers/surface/unit-035/formula/227,urn:uuid:e8742522-5470-57c0-90c9-9eb6b82902bd,covers,urn:uuid:849c8acc-54b5-545d-97a5-14941d709607,
urn:uuid:fc0b1bf0-a9ab-5679-9ef7-aac4a3906453,relation/unit/bab-4-grup-dalam-kategori-dan-latihan/covers/surface/unit-035/formula/228,urn:uuid:e8742522-5470-57c0-90c9-9eb6b82902bd,covers,urn:uuid:ca55defd-e4d0-5adf-b30c-3f64c9274701,
urn:uuid:c0de6938-33ff-5ffd-b7de-d2658d03d475,relation/unit/bab-4-grup-dalam-kategori-dan-latihan/covers/surface/unit-035/formula/229,urn:uuid:e8742522-5470-57c0-90c9-9eb6b82902bd,covers,urn:uuid:088af9ad-48a0-5233-a87e-d39e01dea419,
urn:uuid:5934aa7a-0ae6-58f9-b53f-27fa3225f307,relation/unit/bab-4-grup-dalam-kategori-dan-latihan/covers/surface/unit-035/formula/230,urn:uuid:e8742522-5470-57c0-90c9-9eb6b82902bd,covers,urn:uuid:d6279d5d-db85-5902-b2c9-061d320a1e8b,
urn:uuid:8eea2e0d-ab30-5226-a600-edffe1e952d7,relation/unit/bab-4-grup-dalam-kategori-dan-latihan/covers/surface/unit-035/formula/231,urn:uuid:e8742522-5470-57c0-90c9-9eb6b82902bd,covers,urn:uuid:cab7f22a-9091-5924-b90b-efa008a318e7,
urn:uuid:6239d9e8-2d5f-5045-adc7-a4f68ada423f,relation/unit/bab-4-grup-dalam-kategori-dan-latihan/covers/surface/unit-035/formula/232,urn:uuid:e8742522-5470-57c0-90c9-9eb6b82902bd,covers,urn:uuid:b2bc2347-52ca-532b-a7eb-56baa86b282a,
urn:uuid:c738a153-ef47-5681-bf1a-ca3c62df76a3,relation/unit/bab-4-grup-dalam-kategori-dan-latihan/covers/surface/unit-035/formula/233,urn:uuid:e8742522-5470-57c0-90c9-9eb6b82902bd,covers,urn:uuid:b50137e3-e73a-55e2-a47b-f79c847843a8,
urn:uuid:b61a91df-2852-5f5d-a8bc-1bb5c56ca058,relation/unit/bab-4-grup-dalam-kategori-dan-latihan/covers/surface/unit-035/formula/234,urn:uuid:e8742522-5470-57c0-90c9-9eb6b82902bd,covers,urn:uuid:af307cfd-ed70-5d9e-bce1-d261e7a0d04d,
urn:uuid:b70e12c4-ed95-52c4-a077-a37c5df01027,relation/unit/bab-4-grup-dalam-kategori-dan-latihan/covers/surface/unit-035/formula/235,urn:uuid:e8742522-5470-57c0-90c9-9eb6b82902bd,covers,urn:uuid:602fdfbf-cb3e-5e9a-8bce-1351ec1792e5,
urn:uuid:c92a01dc-39e8-5907-ba40-11850a987e2c,relation/unit/bab-4-grup-dalam-kategori-dan-latihan/covers/surface/unit-035/formula/236,urn:uuid:e8742522-5470-57c0-90c9-9eb6b82902bd,covers,urn:uuid:62fca427-b394-59fc-bd05-8b1c6738b191,
urn:uuid:403a7e93-57ad-59f7-9363-2a2a4dd3afa8,relation/unit/bab-4-grup-dalam-kategori-dan-latihan/covers/surface/unit-035/formula/237,urn:uuid:e8742522-5470-57c0-90c9-9eb6b82902bd,covers,urn:uuid:413824f7-01b2-5b88-b1a7-1555d451525c,
urn:uuid:c2837f65-f793-5894-93d3-f16b0a044d6c,relation/unit/bab-4-grup-dalam-kategori-dan-latihan/covers/surface/unit-035/formula/238,urn:uuid:e8742522-5470-57c0-90c9-9eb6b82902bd,covers,urn:uuid:0242c846-7ca1-5658-9c58-2ffdee8dab8f,
urn:uuid:328c1668-f51e-55d1-ac11-7989b12aa2b7,relation/unit/bab-4-grup-dalam-kategori-dan-latihan/covers/surface/unit-035/formula/239,urn:uuid:e8742522-5470-57c0-90c9-9eb6b82902bd,covers,urn:uuid:030f51ca-25da-513b-9753-cf9a41a14dfb,
urn:uuid:1dc4e59c-2e2c-581a-b92f-af2380665850,relation/unit/bab-4-grup-dalam-kategori-dan-latihan/covers/surface/unit-035/formula/240,urn:uuid:e8742522-5470-57c0-90c9-9eb6b82902bd,covers,urn:uuid:be07fb7c-b852-5a90-a9ad-21aa6b17f540,
urn:uuid:a079f682-1487-53eb-b219-6b9160f9e597,relation/unit/bab-4-grup-dalam-kategori-dan-latihan/covers/surface/unit-035/formula/241,urn:uuid:e8742522-5470-57c0-90c9-9eb6b82902bd,covers,urn:uuid:c13c3113-e2e7-5cd5-ad2d-6a085cf75b83,
urn:uuid:46cf9641-c6e5-59d0-908a-d1f81d40807f,relation/unit/bab-4-grup-dalam-kategori-dan-latihan/covers/surface/unit-035/formula/242,urn:uuid:e8742522-5470-57c0-90c9-9eb6b82902bd,covers,urn:uuid:4e47c137-fec3-52ae-954f-aaba11c0f9d5,
urn:uuid:6c38650f-95ab-5a51-a3d0-39bf5c666a1d,relation/unit/bab-4-grup-dalam-kategori-dan-latihan/covers/surface/unit-035/formula/243,urn:uuid:e8742522-5470-57c0-90c9-9eb6b82902bd,covers,urn:uuid:cea6249e-fac0-5008-92cd-1a0ea6f773fe,
urn:uuid:d873e9b6-9f0c-5a04-bc9b-1f15f3977464,relation/unit/bab-4-grup-dalam-kategori-dan-latihan/covers/surface/unit-035/formula/244,urn:uuid:e8742522-5470-57c0-90c9-9eb6b82902bd,covers,urn:uuid:47778cdf-673e-50c4-ae7f-e2a9f0ce952b,
urn:uuid:6095eec1-59bd-52f4-a3be-7b48f1252dc5,relation/unit/bab-4-grup-dalam-kategori-dan-latihan/covers/surface/unit-035/formula/245,urn:uuid:e8742522-5470-57c0-90c9-9eb6b82902bd,covers,urn:uuid:da55bd04-7d8c-54df-bd7b-2af4273937c3,
urn:uuid:d4ab9313-b64a-59e4-bbdc-665439718964,relation/unit/bab-4-grup-dalam-kategori-dan-latihan/covers/surface/unit-035/formula/246,urn:uuid:e8742522-5470-57c0-90c9-9eb6b82902bd,covers,urn:uuid:3015cd8a-74d1-53ec-b571-79f143064dcb,
urn:uuid:f03ac900-b1f4-57d0-8787-c0b63bb0a163,relation/unit/bab-4-grup-dalam-kategori-dan-latihan/covers/surface/unit-035/formula/247,urn:uuid:e8742522-5470-57c0-90c9-9eb6b82902bd,covers,urn:uuid:96d26ebf-2637-57e8-81cc-43a851231911,
urn:uuid:9f066289-7ca4-563a-8395-d4c7d09def41,relation/unit/bab-4-grup-dalam-kategori-dan-latihan/covers/surface/unit-035/hint/001,urn:uuid:e8742522-5470-57c0-90c9-9eb6b82902bd,covers,urn:uuid:596a99c6-0396-55e4-a520-3a0906ab11aa,
urn:uuid:f23aa3fc-4510-564c-a8e7-653ca21dbc24,relation/unit/bab-4-grup-dalam-kategori-dan-latihan/covers/surface/unit-035/hint/002,urn:uuid:e8742522-5470-57c0-90c9-9eb6b82902bd,covers,urn:uuid:b74c63cd-a936-5eeb-8735-9a9666811940,
urn:uuid:d0298537-2492-5438-932a-a18bbaa8e569,relation/unit/bab-4-grup-dalam-kategori-dan-latihan/covers/surface/unit-035/hint/003,urn:uuid:e8742522-5470-57c0-90c9-9eb6b82902bd,covers,urn:uuid:0fbd1e88-c156-5505-a86c-e044e1dda95f,
urn:uuid:32442631-3901-52f8-9e94-09b474891942,relation/unit/bab-4-grup-dalam-kategori-dan-latihan/covers/surface/unit-035/hint/004,urn:uuid:e8742522-5470-57c0-90c9-9eb6b82902bd,covers,urn:uuid:bc5edf49-c745-5013-9568-ed24d91f705c,
urn:uuid:4afdd562-cd27-5dc8-8e96-3112ead23be7,relation/unit/bab-4-grup-dalam-kategori-dan-latihan/covers/surface/unit-035/hint/005,urn:uuid:e8742522-5470-57c0-90c9-9eb6b82902bd,covers,urn:uuid:3669858a-69af-58c0-afc6-2b4215ce4058,
urn:uuid:1627feba-fed7-5ae6-9aef-eeec1dcab98b,relation/unit/bab-4-grup-dalam-kategori-dan-latihan/covers/surface/unit-035/label/001,urn:uuid:e8742522-5470-57c0-90c9-9eb6b82902bd,covers,urn:uuid:378937c9-e7ba-5bf3-b86d-6d428d16166e,
urn:uuid:c6e3f353-5545-596e-8c88-eaa97355c66f,relation/unit/bab-4-grup-dalam-kategori-dan-latihan/covers/surface/unit-035/label/002,urn:uuid:e8742522-5470-57c0-90c9-9eb6b82902bd,covers,urn:uuid:cbdb3065-639a-5ce7-9f0b-2476a6525cc2,
urn:uuid:b7d53dbc-aaf8-5a9a-b794-f3da1befa458,relation/unit/bab-4-grup-dalam-kategori-dan-latihan/covers/surface/unit-035/label/003,urn:uuid:e8742522-5470-57c0-90c9-9eb6b82902bd,covers,urn:uuid:9a1d7f63-64c7-5183-8a46-d19166c3e763,
urn:uuid:61ec6af2-90ca-5b7f-8b47-7248557fc803,relation/unit/bab-4-grup-dalam-kategori-dan-latihan/covers/surface/unit-035/list-item/001,urn:uuid:e8742522-5470-57c0-90c9-9eb6b82902bd,covers,urn:uuid:955a636f-2dd2-56f7-ac0c-56404e6932f3,
urn:uuid:33844fac-86ed-501e-852d-8e10eb661439,relation/unit/bab-4-grup-dalam-kategori-dan-latihan/covers/surface/unit-035/list-item/002,urn:uuid:e8742522-5470-57c0-90c9-9eb6b82902bd,covers,urn:uuid:e2026e58-e73e-5ef1-ae73-de71ce4b9320,
urn:uuid:aa38b8f7-2651-533f-94d0-96032a0a3d5a,relation/unit/bab-4-grup-dalam-kategori-dan-latihan/covers/surface/unit-035/list-item/003,urn:uuid:e8742522-5470-57c0-90c9-9eb6b82902bd,covers,urn:uuid:3a2adbbb-e0aa-5e38-8c14-8329f715c20b,
urn:uuid:f6e2de01-f33a-5bde-b4cd-3e3de2afcd05,relation/unit/bab-4-grup-dalam-kategori-dan-latihan/covers/surface/unit-035/list-item/004,urn:uuid:e8742522-5470-57c0-90c9-9eb6b82902bd,covers,urn:uuid:e40c639b-e334-51f6-aeb7-ca07b7fb5573,
urn:uuid:1c3c6e6b-4119-5238-8399-454229343093,relation/unit/bab-4-grup-dalam-kategori-dan-latihan/covers/surface/unit-035/list-item/005,urn:uuid:e8742522-5470-57c0-90c9-9eb6b82902bd,covers,urn:uuid:46baae3c-21c4-576c-90ca-86c770548cdb,
urn:uuid:d3da3bb8-f79c-54ca-824c-7a0de6ae4d0f,relation/unit/bab-4-grup-dalam-kategori-dan-latihan/covers/surface/unit-035/list-item/006,urn:uuid:e8742522-5470-57c0-90c9-9eb6b82902bd,covers,urn:uuid:b49e67c3-303b-5bee-bbf5-7b131c96111d,
urn:uuid:cd670b97-91ad-52c5-9bbb-d0f24bad0cfc,relation/unit/bab-4-grup-dalam-kategori-dan-latihan/covers/surface/unit-035/list-item/007,urn:uuid:e8742522-5470-57c0-90c9-9eb6b82902bd,covers,urn:uuid:ddf10e64-0a83-55db-8c2f-2dfcc6327c26,
urn:uuid:848fcaf3-39a6-5b76-961c-d2f32b3f809c,relation/unit/bab-4-grup-dalam-kategori-dan-latihan/covers/surface/unit-035/list-item/008,urn:uuid:e8742522-5470-57c0-90c9-9eb6b82902bd,covers,urn:uuid:0bedd9bb-2203-5e8b-9918-e78337129a59,
urn:uuid:36d9d198-150f-5779-8708-c5064d9106de,relation/unit/bab-4-grup-dalam-kategori-dan-latihan/covers/surface/unit-035/list-item/009,urn:uuid:e8742522-5470-57c0-90c9-9eb6b82902bd,covers,urn:uuid:b899bb79-0d61-5749-95ea-c60b35d40def,
urn:uuid:dae8be55-f443-53e6-a51a-410518f800bc,relation/unit/bab-4-grup-dalam-kategori-dan-latihan/covers/surface/unit-035/list-item/010,urn:uuid:e8742522-5470-57c0-90c9-9eb6b82902bd,covers,urn:uuid:5f28bc4f-8bd5-57cf-b26c-d118c3cccd29,
urn:uuid:e87e1615-6a2e-53fe-b695-02272fabff42,relation/unit/bab-4-grup-dalam-kategori-dan-latihan/covers/surface/unit-035/list-item/011,urn:uuid:e8742522-5470-57c0-90c9-9eb6b82902bd,covers,urn:uuid:fa50dcf7-70ad-5feb-b2c6-41b3dd4b3fdb,
urn:uuid:46a26a2f-ae57-5674-9d95-1715f077dd28,relation/unit/bab-4-grup-dalam-kategori-dan-latihan/covers/surface/unit-035/list-item/012,urn:uuid:e8742522-5470-57c0-90c9-9eb6b82902bd,covers,urn:uuid:c65f4dca-fa94-5e13-af44-4e6246999d8d,
urn:uuid:b9e39d4a-51d9-50af-8c12-520a02e3a53e,relation/unit/bab-4-grup-dalam-kategori-dan-latihan/covers/surface/unit-035/list-item/013,urn:uuid:e8742522-5470-57c0-90c9-9eb6b82902bd,covers,urn:uuid:5d445b50-8aee-5935-a5ff-6739ab4f22b7,
urn:uuid:0ea5ab3a-6910-500c-aeb5-e7020e276ead,relation/unit/bab-4-grup-dalam-kategori-dan-latihan/covers/surface/unit-035/list-item/014,urn:uuid:e8742522-5470-57c0-90c9-9eb6b82902bd,covers,urn:uuid:ec38df69-ec60-5c43-b988-e571141d6250,
urn:uuid:6de9d073-7227-525a-969f-0634d20fed53,relation/unit/bab-4-grup-dalam-kategori-dan-latihan/covers/surface/unit-035/list-item/015,urn:uuid:e8742522-5470-57c0-90c9-9eb6b82902bd,covers,urn:uuid:ce06b186-e21c-5b5d-8320-22e47ba39aa1,
urn:uuid:b17d2c35-2de1-5a5b-a71f-018aa5dd8904,relation/unit/bab-4-grup-dalam-kategori-dan-latihan/covers/surface/unit-035/list-item/016,urn:uuid:e8742522-5470-57c0-90c9-9eb6b82902bd,covers,urn:uuid:41e50035-a60e-5325-80dd-bb359b3bd2ee,
urn:uuid:c85e701d-7fd2-5791-990a-143e9f634459,relation/unit/bab-4-grup-dalam-kategori-dan-latihan/covers/surface/unit-035/list-item/017,urn:uuid:e8742522-5470-57c0-90c9-9eb6b82902bd,covers,urn:uuid:a7f1a642-88ec-5be3-9b22-337673ed0a83,
urn:uuid:0052e807-d5e9-5edc-b611-b54c56dbaf5d,relation/unit/bab-4-grup-dalam-kategori-dan-latihan/covers/surface/unit-035/list-item/018,urn:uuid:e8742522-5470-57c0-90c9-9eb6b82902bd,covers,urn:uuid:5fbf4f00-4411-5d23-84a7-c6f48404d51b,
urn:uuid:80529532-e7b8-540c-a6d4-d4127e7354fd,relation/unit/bab-4-grup-dalam-kategori-dan-latihan/covers/surface/unit-035/list-item/019,urn:uuid:e8742522-5470-57c0-90c9-9eb6b82902bd,covers,urn:uuid:91020b01-91d5-5378-83f7-8785941fa6a7,
urn:uuid:f5f2fc42-6738-5146-b708-7d54817aee12,relation/unit/bab-4-grup-dalam-kategori-dan-latihan/covers/surface/unit-035/list-item/020,urn:uuid:e8742522-5470-57c0-90c9-9eb6b82902bd,covers,urn:uuid:6b56ffb8-3285-5cac-a2d7-e110579ec6af,
urn:uuid:606efcfc-dc04-5f0f-bde9-d202b83ff877,relation/unit/bab-4-grup-dalam-kategori-dan-latihan/covers/surface/unit-035/list-item/021,urn:uuid:e8742522-5470-57c0-90c9-9eb6b82902bd,covers,urn:uuid:e6d1fb07-fa0c-58ff-8116-fcf06e271dce,
urn:uuid:f3a4c1f7-3fc1-5ce8-b4d7-28feed6676ed,relation/unit/bab-4-grup-dalam-kategori-dan-latihan/covers/surface/unit-035/list-item/022,urn:uuid:e8742522-5470-57c0-90c9-9eb6b82902bd,covers,urn:uuid:7fa15f3b-6de0-5252-8a36-8ee31357a5f9,
urn:uuid:79d16209-4f1b-570f-89b6-f452f3df4743,relation/unit/bab-4-grup-dalam-kategori-dan-latihan/covers/surface/unit-035/list-item/023,urn:uuid:e8742522-5470-57c0-90c9-9eb6b82902bd,covers,urn:uuid:68f14026-d73a-558d-ada5-817257e68a28,
urn:uuid:82e20b9b-3724-5a5b-9b87-7a3747f583b0,relation/unit/bab-4-grup-dalam-kategori-dan-latihan/covers/surface/unit-035/list-item/024,urn:uuid:e8742522-5470-57c0-90c9-9eb6b82902bd,covers,urn:uuid:9fc7e39c-b40a-553f-9001-5329571073e9,
urn:uuid:1d53243b-4875-5df3-9e1c-0be242376d43,relation/unit/bab-4-grup-dalam-kategori-dan-latihan/covers/surface/unit-035/list-item/025,urn:uuid:e8742522-5470-57c0-90c9-9eb6b82902bd,covers,urn:uuid:1b3ddaf3-ad1b-5501-95a8-4901a7eae8d8,
urn:uuid:700af76c-51b6-5b8b-b0c6-09c46131a58c,relation/unit/bab-4-grup-dalam-kategori-dan-latihan/covers/surface/unit-035/list-item/026,urn:uuid:e8742522-5470-57c0-90c9-9eb6b82902bd,covers,urn:uuid:c7b3cec3-bcab-532b-8a17-14aa3d999694,
urn:uuid:3c96a135-ee01-52c1-816a-9dbd64def616,relation/unit/bab-4-grup-dalam-kategori-dan-latihan/covers/surface/unit-035/list-item/027,urn:uuid:e8742522-5470-57c0-90c9-9eb6b82902bd,covers,urn:uuid:3ee13ca7-22b2-5e60-a39a-dbf9ec96a6d8,
urn:uuid:bc07c10b-36a6-54e0-b8e6-c8521be5af7e,relation/unit/bab-4-grup-dalam-kategori-dan-latihan/covers/surface/unit-035/list-item/028,urn:uuid:e8742522-5470-57c0-90c9-9eb6b82902bd,covers,urn:uuid:07497359-a3dc-5074-89e3-99f1b833d2c1,
urn:uuid:8372eb2d-160f-57e5-8f26-33c69b937a3a,relation/unit/bab-4-grup-dalam-kategori-dan-latihan/covers/surface/unit-035/list-item/029,urn:uuid:e8742522-5470-57c0-90c9-9eb6b82902bd,covers,urn:uuid:9b3d8180-7967-508b-b525-0d3dcd16f380,
urn:uuid:faf437c4-461e-5cb5-b97e-f60838e1311b,relation/unit/bab-4-grup-dalam-kategori-dan-latihan/covers/surface/unit-035/list-item/030,urn:uuid:e8742522-5470-57c0-90c9-9eb6b82902bd,covers,urn:uuid:cce7a93e-f38b-5f75-862f-9175033b96b7,
urn:uuid:a9a8debb-64cf-5453-98fa-fbc4e64f4045,relation/unit/bab-4-grup-dalam-kategori-dan-latihan/covers/surface/unit-035/list-item/031,urn:uuid:e8742522-5470-57c0-90c9-9eb6b82902bd,covers,urn:uuid:2cc7fe88-a100-548c-b9bc-7f6de72946cf,
urn:uuid:87a43c19-f945-565b-9b98-afae8150f60d,relation/unit/bab-4-grup-dalam-kategori-dan-latihan/covers/surface/unit-035/list-item/032,urn:uuid:e8742522-5470-57c0-90c9-9eb6b82902bd,covers,urn:uuid:bb50aa8a-1dd3-5b4c-b5a3-674e391e955d,
urn:uuid:97466f5e-bb3c-533d-bb6a-7126cf037a59,relation/unit/bab-4-grup-dalam-kategori-dan-latihan/covers/surface/unit-035/list-item/033,urn:uuid:e8742522-5470-57c0-90c9-9eb6b82902bd,covers,urn:uuid:564801b4-75b9-55b4-970f-e604720f5ce2,
urn:uuid:e15cb838-7f3d-540d-9a92-ec5d41973446,relation/unit/bab-4-grup-dalam-kategori-dan-latihan/covers/surface/unit-035/list-item/034,urn:uuid:e8742522-5470-57c0-90c9-9eb6b82902bd,covers,urn:uuid:daa032bf-9055-55bc-b1b1-25e3dc594ae1,
urn:uuid:91805a8f-0f02-5b35-b9b8-8cf0e67ac3a2,relation/unit/bab-4-grup-dalam-kategori-dan-latihan/covers/surface/unit-035/list-item/035,urn:uuid:e8742522-5470-57c0-90c9-9eb6b82902bd,covers,urn:uuid:c8bb7186-23fe-5c93-9514-85e89c6ee8d8,
urn:uuid:51cd232e-bef0-54f3-91cf-d35da5f0c7a0,relation/unit/bab-4-grup-dalam-kategori-dan-latihan/covers/surface/unit-035/list-item/036,urn:uuid:e8742522-5470-57c0-90c9-9eb6b82902bd,covers,urn:uuid:78646e51-8286-5bff-b954-17fdd689ab27,
urn:uuid:276effeb-6d7b-57f7-9994-c58e2a88d30d,relation/unit/bab-4-grup-dalam-kategori-dan-latihan/covers/surface/unit-035/list-item/037,urn:uuid:e8742522-5470-57c0-90c9-9eb6b82902bd,covers,urn:uuid:9cba98a2-b83f-575b-b1bf-c3f6727b9a12,
urn:uuid:1a711be3-9e9e-544b-8c1d-81e780cc17a4,relation/unit/bab-4-grup-dalam-kategori-dan-latihan/covers/surface/unit-035/list-item/038,urn:uuid:e8742522-5470-57c0-90c9-9eb6b82902bd,covers,urn:uuid:a25b675d-9a06-5503-b62c-08ee39ba04b8,
urn:uuid:3d1c9bd2-e265-58e2-b613-1cc512edea19,relation/unit/bab-4-grup-dalam-kategori-dan-latihan/covers/surface/unit-035/list-item/039,urn:uuid:e8742522-5470-57c0-90c9-9eb6b82902bd,covers,urn:uuid:325c386b-83c5-5b90-93ab-da061acf355e,
urn:uuid:1f4ac0bf-b8fe-583e-93fd-c5ed2dcd299c,relation/unit/bab-4-grup-dalam-kategori-dan-latihan/covers/surface/unit-035/list-item/040,urn:uuid:e8742522-5470-57c0-90c9-9eb6b82902bd,covers,urn:uuid:3885fe4e-3069-5086-b707-0def95829406,
urn:uuid:e4fe3033-05da-541e-9498-51acbeefb76d,relation/unit/bab-4-grup-dalam-kategori-dan-latihan/covers/surface/unit-035/list-item/041,urn:uuid:e8742522-5470-57c0-90c9-9eb6b82902bd,covers,urn:uuid:e2491302-9575-5720-afe8-c840d7ba33eb,
urn:uuid:fc01354d-c647-58c3-9ac3-c43da9e8153c,relation/unit/bab-4-grup-dalam-kategori-dan-latihan/covers/surface/unit-035/reference/001,urn:uuid:e8742522-5470-57c0-90c9-9eb6b82902bd,covers,urn:uuid:e4a3defe-de97-5946-a4e6-372c63fdaa2b,
urn:uuid:7afb282f-fd1e-53f6-a1e4-fcd580f9865a,relation/unit/bab-4-grup-dalam-kategori-dan-latihan/covers/surface/unit-035/reference/002,urn:uuid:e8742522-5470-57c0-90c9-9eb6b82902bd,covers,urn:uuid:7f593d0c-098d-595e-9a37-fd7f8c2017a8,
urn:uuid:3d33ff8e-77cf-54b1-99a3-66acf854481d,relation/unit/bab-4-grup-dalam-kategori-dan-latihan/covers/surface/unit-035/reference/003,urn:uuid:e8742522-5470-57c0-90c9-9eb6b82902bd,covers,urn:uuid:480037f4-d821-581f-90f0-a897b77e033a,
urn:uuid:01d586f2-a88f-5fd4-aa9f-06a1718110fc,relation/unit/bab-4-grup-dalam-kategori-dan-latihan/covers/surface/unit-035/reference/004,urn:uuid:e8742522-5470-57c0-90c9-9eb6b82902bd,covers,urn:uuid:a93d7787-2461-5df3-802b-ea3cb8a6ce1f,
urn:uuid:3383fe9f-5cc6-5db3-b5b7-99670f9959e5,relation/unit/bab-4-grup-dalam-kategori-dan-latihan/covers/surface/unit-035/reference/005,urn:uuid:e8742522-5470-57c0-90c9-9eb6b82902bd,covers,urn:uuid:f659cebb-e637-557e-8493-08bb28777ace,
urn:uuid:800cfb8d-dac5-5483-9fc3-730526620702,relation/unit/bab-4-grup-dalam-kategori-dan-latihan/covers/surface/unit-035/reference/006,urn:uuid:e8742522-5470-57c0-90c9-9eb6b82902bd,covers,urn:uuid:7523b0b4-94d7-5905-9cb8-559b319b5393,
urn:uuid:290d1c8c-55ac-551a-a625-c8d51add5064,relation/unit/bab-4-grup-dalam-kategori-dan-latihan/covers/surface/unit-035/reference/007,urn:uuid:e8742522-5470-57c0-90c9-9eb6b82902bd,covers,urn:uuid:e8212010-93ee-5fe9-aa58-00d2bcb0d659,
urn:uuid:ac381dc9-20ff-5aa1-8a35-852344106b64,relation/unit/bab-4-grup-dalam-kategori-dan-latihan/covers/surface/unit-035/reference/008,urn:uuid:e8742522-5470-57c0-90c9-9eb6b82902bd,covers,urn:uuid:7134568e-13d0-57d4-938e-5a0fb17045a7,
urn:uuid:9aad2e6c-8150-5b2a-b32c-7c2a66b90a84,relation/unit/bab-4-grup-dalam-kategori-dan-latihan/covers/surface/unit-035/reference/009,urn:uuid:e8742522-5470-57c0-90c9-9eb6b82902bd,covers,urn:uuid:a103199e-17a3-5a22-94ae-fe695acb8553,
urn:uuid:cce5c93c-728e-5eb4-bd97-1aab9184cf87,relation/unit/bab-4-grup-dalam-kategori-dan-latihan/covers/surface/unit-035/reference/010,urn:uuid:e8742522-5470-57c0-90c9-9eb6b82902bd,covers,urn:uuid:d889db9f-bd28-56e6-be34-87311af8b6dd,
urn:uuid:25680f17-6486-5240-9f21-b1e2ec0dedf2,relation/unit/bab-4-grup-dalam-kategori-dan-latihan/covers/surface/unit-035/reference/011,urn:uuid:e8742522-5470-57c0-90c9-9eb6b82902bd,covers,urn:uuid:f7702aba-e505-5fae-a994-6aaab56c3cdf,
urn:uuid:2b306282-6389-573c-b270-1076a7d13a04,relation/unit/bab-4-grup-dalam-kategori-dan-latihan/covers/surface/unit-035/reference/012,urn:uuid:e8742522-5470-57c0-90c9-9eb6b82902bd,covers,urn:uuid:0d42dedd-9e70-5421-827d-888d034fccac,
urn:uuid:b13971a5-dfd6-5254-970b-bfa3db28ec96,relation/unit/bab-4-grup-dalam-kategori-dan-latihan/covers/surface/unit-035/reference/013,urn:uuid:e8742522-5470-57c0-90c9-9eb6b82902bd,covers,urn:uuid:14989f6f-f0a3-550a-8c7e-4e49780604e9,
urn:uuid:aef4cf48-0ad7-59ec-8197-54326455a9b4,relation/unit/bab-4-grup-dalam-kategori-dan-latihan/covers/surface/unit-035/reference/014,urn:uuid:e8742522-5470-57c0-90c9-9eb6b82902bd,covers,urn:uuid:3dd04af7-1560-5204-a5e0-e1d7aec50a59,
urn:uuid:4af8e299-97bd-5208-bd8d-d4a3ce177932,relation/unit/bab-4-grup-dalam-kategori-dan-latihan/covers/surface/unit-035/reference/015,urn:uuid:e8742522-5470-57c0-90c9-9eb6b82902bd,covers,urn:uuid:08b9c8a8-ce83-53aa-83b1-956d88f8f16a,
urn:uuid:0e9bc43e-ea3a-5260-ab34-e6149ed495a6,relation/unit/bab-4-grup-dalam-kategori-dan-latihan/governed-by/rights/ajbook-fragment-cc-by-sa-3.0,urn:uuid:e8742522-5470-57c0-90c9-9eb6b82902bd,governed-by,urn:uuid:10faf5cd-990f-5850-87b4-26922b062485,
urn:uuid:bb029f0c-9d21-5ee2-ab46-3eb521a05223,relation/unit/bab-4-grup-dalam-kategori-dan-latihan/governed-by/rights/fandol-gpl-3.0-with-font-exception,urn:uuid:e8742522-5470-57c0-90c9-9eb6b82902bd,governed-by,urn:uuid:624ac6e0-0ed9-531c-8b35-47c040240806,
urn:uuid:9dc9b3d3-068e-5dd7-8b19-964f7cd2369e,relation/unit/bab-4-grup-dalam-kategori-dan-latihan/governed-by/rights/noto-fonts-ofl-1.1,urn:uuid:e8742522-5470-57c0-90c9-9eb6b82902bd,governed-by,urn:uuid:b9f7a7a7-8e18-507a-b72e-b5de733a7430,
urn:uuid:c5a3a645-67be-59ba-b65f-635a234d9bb0,relation/unit/bab-4-grup-dalam-kategori-dan-latihan/governed-by/rights/principal-cc-by-4.0,urn:uuid:e8742522-5470-57c0-90c9-9eb6b82902bd,governed-by,urn:uuid:0baf6c47-021d-5310-9475-81519e710250,
urn:uuid:02b37ae7-4ad1-5f72-9b06-683c12faef1d,relation/unit/bab-4-grup-dalam-kategori-dan-latihan/requires/prerequisite/basic-group-theory,urn:uuid:e8742522-5470-57c0-90c9-9eb6b82902bd,requires,urn:uuid:3f5dc8e0-0198-5016-b767-ded1b9ec3d13,prelude.tex:49-60
urn:uuid:6ac74034-9a14-5124-bcbe-92e93bd8aac9,relation/unit/bab-4-grup-dalam-kategori-dan-latihan/requires/prerequisite/basic-mathematical-literacy,urn:uuid:e8742522-5470-57c0-90c9-9eb6b82902bd,requires,urn:uuid:8fb6c957-7285-5258-978c-e1369c7e39d7,prelude.tex:49-60
urn:uuid:934b8edb-297c-54a1-8faa-d3bc000d86a8,relation/unit/bab-4-grup-dalam-kategori-dan-latihan/requires/prerequisite/categories-and-morphisms,urn:uuid:e8742522-5470-57c0-90c9-9eb6b82902bd,requires,urn:uuid:dd69ccfd-7399-53a2-83fe-84127b1baf1d,prelude.tex:49-60
urn:uuid:e43f7f5c-331b-5824-b0c4-ddc188e42ed8,relation/unit/bab-4-grup-dalam-kategori-dan-latihan/requires/prerequisite/cauchy-sequences-and-completeness,urn:uuid:e8742522-5470-57c0-90c9-9eb6b82902bd,requires,urn:uuid:b9018862-5027-50f5-9947-a9a9526cc91f,prelude.tex:49-60
urn:uuid:3c012259-0de3-50e0-b6ef-d3d3fa9f8fbb,relation/unit/bab-4-grup-dalam-kategori-dan-latihan/requires/prerequisite/elementary-number-theory,urn:uuid:e8742522-5470-57c0-90c9-9eb6b82902bd,requires,urn:uuid:cae14762-1ca0-5a11-aad9-20c81d540fee,prelude.tex:49-60
urn:uuid:18b5801e-c53c-540d-8f3e-5b2a1b74b56d,relation/unit/bab-4-grup-dalam-kategori-dan-latihan/requires/prerequisite/elementary-set-theory,urn:uuid:e8742522-5470-57c0-90c9-9eb6b82902bd,requires,urn:uuid:00f7d0ea-1b60-51da-843f-cca760a368e4,prelude.tex:49-60
urn:uuid:24532031-498f-5645-969a-c232051244b3,relation/unit/bab-4-grup-dalam-kategori-dan-latihan/requires/prerequisite/functor-categories,urn:uuid:e8742522-5470-57c0-90c9-9eb6b82902bd,requires,urn:uuid:e3c2ed29-b6a0-5f8d-9613-6f2b41d962c8,prelude.tex:49-60
urn:uuid:74188dd5-3706-5406-8fb0-aa243ffabe76,relation/unit/bab-4-grup-dalam-kategori-dan-latihan/requires/prerequisite/functors-and-natural-transformations,urn:uuid:e8742522-5470-57c0-90c9-9eb6b82902bd,requires,urn:uuid:3e864ace-90f6-56b3-8ce5-2e0690dbc9f8,prelude.tex:49-60
urn:uuid:b08d053f-06a7-5d3a-b0a1-3e47183a6fa4,relation/unit/bab-4-grup-dalam-kategori-dan-latihan/requires/prerequisite/group-homomorphisms-kernels-and-quotients,urn:uuid:e8742522-5470-57c0-90c9-9eb6b82902bd,requires,urn:uuid:ecd787ee-f056-5200-91e7-f98b3d80d458,prelude.tex:49-60
urn:uuid:02ab32d9-67f2-5836-87c5-3cbe5424dcd2,relation/unit/bab-4-grup-dalam-kategori-dan-latihan/requires/prerequisite/limits-and-colimits,urn:uuid:e8742522-5470-57c0-90c9-9eb6b82902bd,requires,urn:uuid:c0b1a30a-634a-5e76-98d3-49bde5a5821c,prelude.tex:49-60
urn:uuid:2708e97c-978e-5e2f-b43b-d952030f205c,relation/unit/bab-4-grup-dalam-kategori-dan-latihan/requires/prerequisite/linear-transformations,urn:uuid:e8742522-5470-57c0-90c9-9eb6b82902bd,requires,urn:uuid:9ef76bd8-39cf-5b09-8c2d-2d8c95f91aec,prelude.tex:49-60
urn:uuid:3c1616b9-2293-5dc8-be81-4da476f1280e,relation/unit/bab-4-grup-dalam-kategori-dan-latihan/requires/prerequisite/mathematical-logic,urn:uuid:e8742522-5470-57c0-90c9-9eb6b82902bd,requires,urn:uuid:451f60c6-04ab-54a7-9d74-9dee65d088b7,prelude.tex:49-60
urn:uuid:8367cbdd-7f10-547b-bb45-1bdde4e19805,relation/unit/bab-4-grup-dalam-kategori-dan-latihan/requires/prerequisite/matrices,urn:uuid:e8742522-5470-57c0-90c9-9eb6b82902bd,requires,urn:uuid:d4260077-2f56-5951-8fe1-2dc390f81288,prelude.tex:49-60
urn:uuid:ebec3b4c-d2eb-5abc-ae40-0acdb659a1ba,relation/unit/bab-4-grup-dalam-kategori-dan-latihan/requires/prerequisite/permutations-and-symmetric-groups,urn:uuid:e8742522-5470-57c0-90c9-9eb6b82902bd,requires,urn:uuid:ee7d907b-05bc-5def-81d5-7fcd351829b8,prelude.tex:49-60
urn:uuid:79ab0a9f-3415-5d66-9ab2-a2208f90c835,relation/unit/bab-4-grup-dalam-kategori-dan-latihan/requires/prerequisite/point-set-topology,urn:uuid:e8742522-5470-57c0-90c9-9eb6b82902bd,requires,urn:uuid:6a61cd7e-28fe-5c64-9573-cf9ab46e5e96,prelude.tex:49-60
urn:uuid:d6f37ada-7ac2-5623-b832-ce2dbefd5763,relation/unit/bab-4-grup-dalam-kategori-dan-latihan/requires/prerequisite/polynomials,urn:uuid:e8742522-5470-57c0-90c9-9eb6b82902bd,requires,urn:uuid:15245348-aca2-5814-9ca8-0fce14044e14,prelude.tex:49-60
urn:uuid:074c933f-590d-518b-bc79-43d950c539af,relation/unit/bab-4-grup-dalam-kategori-dan-latihan/requires/prerequisite/real-analysis-basics,urn:uuid:e8742522-5470-57c0-90c9-9eb6b82902bd,requires,urn:uuid:4eedb52d-6e0a-5379-b39c-5043b067c49f,prelude.tex:49-60
urn:uuid:0a3ba095-3ed6-5561-a8c3-78156d824282,relation/unit/bab-4-grup-dalam-kategori-dan-latihan/requires/prerequisite/representable-functors-and-yoneda,urn:uuid:e8742522-5470-57c0-90c9-9eb6b82902bd,requires,urn:uuid:9fac54c6-e671-58b9-b840-4799739adb1e,prelude.tex:49-60
urn:uuid:c27a43bb-38ed-55b7-b0fc-2e47dc101808,relation/unit/bab-4-grup-dalam-kategori-dan-latihan/requires/prerequisite/universal-properties-and-comma-categories,urn:uuid:e8742522-5470-57c0-90c9-9eb6b82902bd,requires,urn:uuid:8cab24d2-0f78-5bf9-96f8-5b2f2b07168d,prelude.tex:49-60
urn:uuid:e8e0469e-ceff-57e7-a4ac-c8b31cdc0706,relation/unit/bab-4-grup-dalam-kategori-dan-latihan/requires/prerequisite/vector-spaces,urn:uuid:e8742522-5470-57c0-90c9-9eb6b82902bd,requires,urn:uuid:dfd6d864-afe6-5d0e-90f7-c130241cf396,prelude.tex:49-60
urn:uuid:fe718d23-f3cb-5850-9b32-cd81e9b7faa4,relation/unit/bab-4-grup-dalam-kategori-dan-latihan/section/01/covers/concept/term/equivariant-morphism,urn:uuid:f2a5a2ed-50b6-578c-9ff8-59331b11d8a1,covers,urn:uuid:1aed6cc8-f01c-5166-a943-321ff960f8f6,chapter4.tex:1745-1844
urn:uuid:1e29cc6c-87ba-5b5c-86d2-38eaf426f808,relation/unit/bab-4-grup-dalam-kategori-dan-latihan/section/01/covers/concept/term/finite-product,urn:uuid:f2a5a2ed-50b6-578c-9ff8-59331b11d8a1,covers,urn:uuid:547a731a-22d3-5449-89d1-48c1b60b8fc5,chapter4.tex:1745-1844
urn:uuid:bb88e6c2-0123-5781-829c-4a70ded69657,relation/unit/bab-4-grup-dalam-kategori-dan-latihan/section/01/covers/concept/term/group-functor,urn:uuid:f2a5a2ed-50b6-578c-9ff8-59331b11d8a1,covers,urn:uuid:23467799-ba6f-5c38-965c-189f50bb6c66,chapter4.tex:1745-1844
urn:uuid:54ef18ef-4141-592a-b1f3-193ba777dafb,relation/unit/bab-4-grup-dalam-kategori-dan-latihan/section/01/covers/concept/term/group-object,urn:uuid:f2a5a2ed-50b6-578c-9ff8-59331b11d8a1,covers,urn:uuid:c224a9ed-3d1a-5b41-8166-7c20420a9ee3,chapter4.tex:1745-1844
urn:uuid:c973b839-dd88-5acd-a5d9-16e1d302f8ed,relation/unit/bab-4-grup-dalam-kategori-dan-latihan/section/01/covers/concept/term/outer-automorphism,urn:uuid:f2a5a2ed-50b6-578c-9ff8-59331b11d8a1,covers,urn:uuid:baa3e24c-8d3a-5f4b-aba8-b39b7b5028d4,chapter4.tex:1745-1844
urn:uuid:a3549a75-2856-51d0-a9a5-4c444339692c,relation/unit/bab-4-grup-dalam-kategori-dan-latihan/section/01/covers/concept/term/ping-pong-lemma,urn:uuid:f2a5a2ed-50b6-578c-9ff8-59331b11d8a1,covers,urn:uuid:db7e9919-9343-5fe1-a205-c0bdc3935620,chapter4.tex:1745-1844
urn:uuid:2e85b422-b7ef-52c4-87ee-448b97420e22,relation/unit/bab-4-grup-dalam-kategori-dan-latihan/section/01/covers/concept/term/restricted-product,urn:uuid:f2a5a2ed-50b6-578c-9ff8-59331b11d8a1,covers,urn:uuid:116516eb-4b8e-548b-acc2-d657f8a87bb8,chapter4.tex:1745-1844
urn:uuid:b56f650a-4e3d-5975-b34c-929c87507551,relation/unit/bab-4-grup-dalam-kategori-dan-latihan/section/01/covers/concept/term/sylow-subgroup,urn:uuid:f2a5a2ed-50b6-578c-9ff8-59331b11d8a1,covers,urn:uuid:91e64aa4-7cf4-53e7-8ce3-d6ecbcb39092,chapter4.tex:1745-1844
urn:uuid:7f051848-13f9-5326-ad3a-d89379109681,relation/unit/bab-4-grup-dalam-kategori-dan-latihan/section/01/covers/concept/term/transfer,urn:uuid:f2a5a2ed-50b6-578c-9ff8-59331b11d8a1,covers,urn:uuid:d7a0e5a6-d232-5cde-b018-62aa1dceed79,chapter4.tex:1745-1844
urn:uuid:b89ec061-692c-530b-9efe-11d8e20c324c,relation/unit/bab-4-grup-dalam-kategori-dan-latihan/section/01/covers/concept/term/upper-unitriangular-matrices,urn:uuid:f2a5a2ed-50b6-578c-9ff8-59331b11d8a1,covers,urn:uuid:8fd4a4a6-f530-5d24-81f8-4d338705f389,chapter4.tex:1745-1844
urn:uuid:f8f5f5f1-9669-5bd1-8d7f-619a3db14b08,relation/unit/bab-4-grup-dalam-kategori-dan-latihan/section/01/covers/concept/term/wilson-theorem,urn:uuid:f2a5a2ed-50b6-578c-9ff8-59331b11d8a1,covers,urn:uuid:a969667b-f1de-5130-836f-db1d60737837,chapter4.tex:1745-1844
urn:uuid:465b03ce-8ba9-5378-8fe5-517e438227c4,relation/unit/bab-4-grup-dalam-kategori-dan-latihan/section/01/covers/surface/unit-035/correction/001,urn:uuid:f2a5a2ed-50b6-578c-9ff8-59331b11d8a1,covers,urn:uuid:b67aed8e-fb30-5d7f-8726-457e58803cd6,chapter4.tex:1745-1844
urn:uuid:9a2134f5-4d9f-5016-b49f-b14e454c9c59,relation/unit/bab-4-grup-dalam-kategori-dan-latihan/section/01/covers/surface/unit-035/environment/001,urn:uuid:f2a5a2ed-50b6-578c-9ff8-59331b11d8a1,covers,urn:uuid:aaeeeef0-05a0-558d-8966-4083e2a53b47,chapter4.tex:1745-1844
urn:uuid:417f9ea1-14e6-5a3e-8da1-f30d9555404a,relation/unit/bab-4-grup-dalam-kategori-dan-latihan/section/01/covers/surface/unit-035/environment/002,urn:uuid:f2a5a2ed-50b6-578c-9ff8-59331b11d8a1,covers,urn:uuid:37193890-b74f-5c1b-8dd8-636bb6865c88,chapter4.tex:1745-1844
urn:uuid:78b58b9b-cdfa-55fe-820f-c37b4bc195be,relation/unit/bab-4-grup-dalam-kategori-dan-latihan/section/01/covers/surface/unit-035/environment/003,urn:uuid:f2a5a2ed-50b6-578c-9ff8-59331b11d8a1,covers,urn:uuid:8697c5f4-c209-5ece-b749-b21c1ffd1bda,chapter4.tex:1745-1844
urn:uuid:451c2642-bcf5-5d50-9713-f5093136f839,relation/unit/bab-4-grup-dalam-kategori-dan-latihan/section/01/covers/surface/unit-035/environment/004,urn:uuid:f2a5a2ed-50b6-578c-9ff8-59331b11d8a1,covers,urn:uuid:e928455f-22ba-54fb-b60f-de55099437e1,chapter4.tex:1745-1844
urn:uuid:5934342e-ef9a-5413-9907-af1e8e68120b,relation/unit/bab-4-grup-dalam-kategori-dan-latihan/section/01/covers/surface/unit-035/environment/005,urn:uuid:f2a5a2ed-50b6-578c-9ff8-59331b11d8a1,covers,urn:uuid:0d74a3c2-10f2-5ebe-90ba-fb51ac20c3c4,chapter4.tex:1745-1844
urn:uuid:709e177f-c441-5551-bb07-c899703da81f,relation/unit/bab-4-grup-dalam-kategori-dan-latihan/section/01/covers/surface/unit-035/environment/006,urn:uuid:f2a5a2ed-50b6-578c-9ff8-59331b11d8a1,covers,urn:uuid:29b5912c-fd9c-5443-8580-93497f03e9f0,chapter4.tex:1745-1844
urn:uuid:c2414dfb-1819-59b4-832b-0d5cf84aa891,relation/unit/bab-4-grup-dalam-kategori-dan-latihan/section/01/covers/surface/unit-035/environment/007,urn:uuid:f2a5a2ed-50b6-578c-9ff8-59331b11d8a1,covers,urn:uuid:3420870a-1d8c-574d-a610-247811710515,chapter4.tex:1745-1844
urn:uuid:2aeb3c58-6d5f-5902-9d56-b89c9cbe682f,relation/unit/bab-4-grup-dalam-kategori-dan-latihan/section/01/covers/surface/unit-035/environment/008,urn:uuid:f2a5a2ed-50b6-578c-9ff8-59331b11d8a1,covers,urn:uuid:b154e8d0-8afd-5ada-9dd4-762f0839e91f,chapter4.tex:1745-1844
urn:uuid:0a0f9073-e71c-5b7d-849b-f5eca3196bad,relation/unit/bab-4-grup-dalam-kategori-dan-latihan/section/01/covers/surface/unit-035/environment/009,urn:uuid:f2a5a2ed-50b6-578c-9ff8-59331b11d8a1,covers,urn:uuid:15f94ecf-9772-5d77-be37-4e13fbf9e1bc,chapter4.tex:1745-1844
urn:uuid:c94e36b9-bd7f-54f8-93e1-7298dbcbfdb9,relation/unit/bab-4-grup-dalam-kategori-dan-latihan/section/01/covers/surface/unit-035/environment/010,urn:uuid:f2a5a2ed-50b6-578c-9ff8-59331b11d8a1,covers,urn:uuid:4a38b4b0-0fcb-5a02-a8f8-9edf04386974,chapter4.tex:1745-1844
urn:uuid:dd56ff04-8bb8-54c9-a3da-86f3972a14d8,relation/unit/bab-4-grup-dalam-kategori-dan-latihan/section/01/covers/surface/unit-035/environment/011,urn:uuid:f2a5a2ed-50b6-578c-9ff8-59331b11d8a1,covers,urn:uuid:506393b9-cdad-5e3f-893c-882c3595dedb,chapter4.tex:1745-1844
urn:uuid:a9ba221f-c3a1-5325-a031-07822e576263,relation/unit/bab-4-grup-dalam-kategori-dan-latihan/section/01/covers/surface/unit-035/environment/012,urn:uuid:f2a5a2ed-50b6-578c-9ff8-59331b11d8a1,covers,urn:uuid:e547efea-9c77-5c27-81e9-737a0088e685,chapter4.tex:1745-1844
urn:uuid:a1f6dd9b-7343-5744-aa3e-8de267544063,relation/unit/bab-4-grup-dalam-kategori-dan-latihan/section/01/covers/surface/unit-035/environment/013,urn:uuid:f2a5a2ed-50b6-578c-9ff8-59331b11d8a1,covers,urn:uuid:40fbf8aa-aaf5-55f1-8208-5aedad4bff21,chapter4.tex:1745-1844
urn:uuid:a5b513fc-5101-5afa-9c28-a13d383b96c8,relation/unit/bab-4-grup-dalam-kategori-dan-latihan/section/01/covers/surface/unit-035/environment/014,urn:uuid:f2a5a2ed-50b6-578c-9ff8-59331b11d8a1,covers,urn:uuid:3031618c-47ae-5fea-8fda-45a016f4d0da,chapter4.tex:1745-1844
urn:uuid:cea61f48-2fc9-5a41-8477-07f2eba36f2d,relation/unit/bab-4-grup-dalam-kategori-dan-latihan/section/01/covers/surface/unit-035/environment/015,urn:uuid:f2a5a2ed-50b6-578c-9ff8-59331b11d8a1,covers,urn:uuid:958f6086-7954-57e2-a3e8-5a9288d932c5,chapter4.tex:1745-1844
urn:uuid:d87186e8-1c5b-5e03-8e21-bdd8ea55ce66,relation/unit/bab-4-grup-dalam-kategori-dan-latihan/section/01/covers/surface/unit-035/environment/016,urn:uuid:f2a5a2ed-50b6-578c-9ff8-59331b11d8a1,covers,urn:uuid:e5465579-4f35-568a-a76f-0b0d8e525bf4,chapter4.tex:1745-1844
urn:uuid:599ec6b3-110f-5cd1-9843-0059f1ebc07b,relation/unit/bab-4-grup-dalam-kategori-dan-latihan/section/01/covers/surface/unit-035/environment/017,urn:uuid:f2a5a2ed-50b6-578c-9ff8-59331b11d8a1,covers,urn:uuid:4cc9509e-dd19-5026-a287-891ec2af43a6,chapter4.tex:1745-1844
urn:uuid:9c69256e-cdd8-5fb9-a7a2-aca8d6497e93,relation/unit/bab-4-grup-dalam-kategori-dan-latihan/section/01/covers/surface/unit-035/environment/018,urn:uuid:f2a5a2ed-50b6-578c-9ff8-59331b11d8a1,covers,urn:uuid:ab365cb2-8a1f-5f6c-a7ad-64168b777b2e,chapter4.tex:1745-1844
urn:uuid:df8fc7d6-94de-5aa1-93e5-b38f61ec5c18,relation/unit/bab-4-grup-dalam-kategori-dan-latihan/section/01/covers/surface/unit-035/environment/019,urn:uuid:f2a5a2ed-50b6-578c-9ff8-59331b11d8a1,covers,urn:uuid:450fc991-9b71-539b-b936-a43850620bf2,chapter4.tex:1745-1844
urn:uuid:cf67256d-191e-5b3d-a8a4-d4f3b1ca1f5a,relation/unit/bab-4-grup-dalam-kategori-dan-latihan/section/01/covers/surface/unit-035/environment/020,urn:uuid:f2a5a2ed-50b6-578c-9ff8-59331b11d8a1,covers,urn:uuid:3207d00f-b4b3-5b7b-8891-9da6b47c3ec8,chapter4.tex:1745-1844
urn:uuid:55457fe7-b35c-5362-b472-a0b77ed98b9b,relation/unit/bab-4-grup-dalam-kategori-dan-latihan/section/01/covers/surface/unit-035/environment/021,urn:uuid:f2a5a2ed-50b6-578c-9ff8-59331b11d8a1,covers,urn:uuid:f37beee8-28cf-5248-8b04-a324008e4400,chapter4.tex:1745-1844
urn:uuid:47506729-2021-5e1b-95c9-73f0194c4187,relation/unit/bab-4-grup-dalam-kategori-dan-latihan/section/01/covers/surface/unit-035/environment/022,urn:uuid:f2a5a2ed-50b6-578c-9ff8-59331b11d8a1,covers,urn:uuid:0b6fbfd3-f288-56d2-b71f-50fbc47f6ba2,chapter4.tex:1745-1844
urn:uuid:511b14f5-c3fa-5185-984a-5eaadae27648,relation/unit/bab-4-grup-dalam-kategori-dan-latihan/section/01/covers/surface/unit-035/environment/023,urn:uuid:f2a5a2ed-50b6-578c-9ff8-59331b11d8a1,covers,urn:uuid:91edf098-9adb-5d01-8f0b-89ba9041d348,chapter4.tex:1745-1844
urn:uuid:5e36b93d-a5ca-5a61-baf5-ebd9b85ae04a,relation/unit/bab-4-grup-dalam-kategori-dan-latihan/section/01/covers/surface/unit-035/environment/024,urn:uuid:f2a5a2ed-50b6-578c-9ff8-59331b11d8a1,covers,urn:uuid:15cc1df1-4582-596e-a608-8afadc23b734,chapter4.tex:1745-1844
urn:uuid:4f596974-d939-54f3-af7e-7765c2262aad,relation/unit/bab-4-grup-dalam-kategori-dan-latihan/section/01/covers/surface/unit-035/environment/025,urn:uuid:f2a5a2ed-50b6-578c-9ff8-59331b11d8a1,covers,urn:uuid:d17b67e9-6c0e-54c1-89d7-5791bd53a157,chapter4.tex:1745-1844
urn:uuid:d50abd6d-d2b7-55e9-ad6c-efb946a8831b,relation/unit/bab-4-grup-dalam-kategori-dan-latihan/section/01/covers/surface/unit-035/environment/026,urn:uuid:f2a5a2ed-50b6-578c-9ff8-59331b11d8a1,covers,urn:uuid:b2ca0e43-b1d6-56fd-9512-755b5f8f7588,chapter4.tex:1745-1844
urn:uuid:5853e0cb-2d77-528b-8a6a-0204eeaaa8da,relation/unit/bab-4-grup-dalam-kategori-dan-latihan/section/01/covers/surface/unit-035/environment/027,urn:uuid:f2a5a2ed-50b6-578c-9ff8-59331b11d8a1,covers,urn:uuid:b0ce3a32-990d-54c9-8d66-bb3bf2c8548e,chapter4.tex:1745-1844
urn:uuid:bed032ce-a744-5271-b1ca-11d8e29ad761,relation/unit/bab-4-grup-dalam-kategori-dan-latihan/section/01/covers/surface/unit-035/environment/028,urn:uuid:f2a5a2ed-50b6-578c-9ff8-59331b11d8a1,covers,urn:uuid:427456c3-b7d7-5dfb-8845-1dfa3f69e04b,chapter4.tex:1745-1844
urn:uuid:9cfd0aa6-f283-5bff-9f6f-9c5941cbfaa5,relation/unit/bab-4-grup-dalam-kategori-dan-latihan/section/01/covers/surface/unit-035/environment/029,urn:uuid:f2a5a2ed-50b6-578c-9ff8-59331b11d8a1,covers,urn:uuid:8571218a-e0d0-59a3-8db9-68bb4ae98b9c,chapter4.tex:1745-1844
urn:uuid:38a0f0ea-e843-5bc4-b9b9-ba638cb49233,relation/unit/bab-4-grup-dalam-kategori-dan-latihan/section/01/covers/surface/unit-035/environment/030,urn:uuid:f2a5a2ed-50b6-578c-9ff8-59331b11d8a1,covers,urn:uuid:3a4d6c4c-e453-534c-a53c-675d5e100655,chapter4.tex:1745-1844
urn:uuid:428dcd9a-a1e6-583b-97d6-0ec89293367a,relation/unit/bab-4-grup-dalam-kategori-dan-latihan/section/01/covers/surface/unit-035/formula/001,urn:uuid:f2a5a2ed-50b6-578c-9ff8-59331b11d8a1,covers,urn:uuid:09f12b14-b213-5174-9644-8686b9fdbcf2,chapter4.tex:1745-1844
urn:uuid:4612de50-65da-5f47-a70b-03681b227f50,relation/unit/bab-4-grup-dalam-kategori-dan-latihan/section/01/covers/surface/unit-035/formula/002,urn:uuid:f2a5a2ed-50b6-578c-9ff8-59331b11d8a1,covers,urn:uuid:ded33aaa-e462-5151-b44d-fe118dc7a761,chapter4.tex:1745-1844
urn:uuid:39a97c3a-13f4-548c-a207-0d5b56d77a0a,relation/unit/bab-4-grup-dalam-kategori-dan-latihan/section/01/covers/surface/unit-035/formula/003,urn:uuid:f2a5a2ed-50b6-578c-9ff8-59331b11d8a1,covers,urn:uuid:b3e04a67-71da-5ff5-b69d-72d91170f14e,chapter4.tex:1745-1844
urn:uuid:f1377535-9f8a-50ea-8707-9bd38d9c0387,relation/unit/bab-4-grup-dalam-kategori-dan-latihan/section/01/covers/surface/unit-035/formula/004,urn:uuid:f2a5a2ed-50b6-578c-9ff8-59331b11d8a1,covers,urn:uuid:8ad44e44-09d2-5e94-85ef-0af54dd79e79,chapter4.tex:1745-1844
urn:uuid:cf28d533-1720-5deb-b4bd-5103ad8cae97,relation/unit/bab-4-grup-dalam-kategori-dan-latihan/section/01/covers/surface/unit-035/formula/005,urn:uuid:f2a5a2ed-50b6-578c-9ff8-59331b11d8a1,covers,urn:uuid:61af8a0a-18bf-5313-ae10-afc44bddc2d1,chapter4.tex:1745-1844
urn:uuid:42f6dd44-a3bd-55c6-8a65-ea6c5aa54e92,relation/unit/bab-4-grup-dalam-kategori-dan-latihan/section/01/covers/surface/unit-035/formula/006,urn:uuid:f2a5a2ed-50b6-578c-9ff8-59331b11d8a1,covers,urn:uuid:ac9da16b-c882-5d9a-aa7e-a8beec2c7b43,chapter4.tex:1745-1844
urn:uuid:82198a9b-8dbb-593f-bdc7-cd4496a20b4f,relation/unit/bab-4-grup-dalam-kategori-dan-latihan/section/01/covers/surface/unit-035/formula/007,urn:uuid:f2a5a2ed-50b6-578c-9ff8-59331b11d8a1,covers,urn:uuid:04bedf92-2031-51b3-9bb5-d80664b00a0c,chapter4.tex:1745-1844
urn:uuid:e2c85b61-e2c2-558c-8f15-3b31d7cf8966,relation/unit/bab-4-grup-dalam-kategori-dan-latihan/section/01/covers/surface/unit-035/formula/008,urn:uuid:f2a5a2ed-50b6-578c-9ff8-59331b11d8a1,covers,urn:uuid:d8fd35f1-87fd-5a8d-bffb-33ffc04709d5,chapter4.tex:1745-1844
urn:uuid:2f51a047-9449-5587-b4cc-e3d58c86feee,relation/unit/bab-4-grup-dalam-kategori-dan-latihan/section/01/covers/surface/unit-035/formula/009,urn:uuid:f2a5a2ed-50b6-578c-9ff8-59331b11d8a1,covers,urn:uuid:a4105eed-8f84-5968-801c-6a69e0eb0c5f,chapter4.tex:1745-1844
urn:uuid:428cfc25-572d-5a10-a18d-31ab4329ac1a,relation/unit/bab-4-grup-dalam-kategori-dan-latihan/section/01/covers/surface/unit-035/formula/010,urn:uuid:f2a5a2ed-50b6-578c-9ff8-59331b11d8a1,covers,urn:uuid:50a46541-7638-5090-b860-7c238eff33ee,chapter4.tex:1745-1844
urn:uuid:0ae6a6db-83f4-55a3-9b7d-eb97a311e39f,relation/unit/bab-4-grup-dalam-kategori-dan-latihan/section/01/covers/surface/unit-035/formula/011,urn:uuid:f2a5a2ed-50b6-578c-9ff8-59331b11d8a1,covers,urn:uuid:a9ba408c-381c-5148-b680-ab379972b095,chapter4.tex:1745-1844
urn:uuid:0d191d22-d64a-5ac8-bf93-d5815ef5e4a1,relation/unit/bab-4-grup-dalam-kategori-dan-latihan/section/01/covers/surface/unit-035/formula/012,urn:uuid:f2a5a2ed-50b6-578c-9ff8-59331b11d8a1,covers,urn:uuid:d453359c-d8ff-50c0-b593-7db8f5a8f62f,chapter4.tex:1745-1844
urn:uuid:e2f90cc5-3c4c-58ab-a468-0e46f5225656,relation/unit/bab-4-grup-dalam-kategori-dan-latihan/section/01/covers/surface/unit-035/formula/013,urn:uuid:f2a5a2ed-50b6-578c-9ff8-59331b11d8a1,covers,urn:uuid:f2cf7989-6043-5660-9520-fe25dc241553,chapter4.tex:1745-1844
urn:uuid:27de4371-4755-5847-a3df-1a0cd50ecc65,relation/unit/bab-4-grup-dalam-kategori-dan-latihan/section/01/covers/surface/unit-035/formula/014,urn:uuid:f2a5a2ed-50b6-578c-9ff8-59331b11d8a1,covers,urn:uuid:fa6b0af2-ebdc-50c5-bdc3-23dcdddf9cb5,chapter4.tex:1745-1844
urn:uuid:45aa3b51-5447-56b0-a8fa-689b391dc963,relation/unit/bab-4-grup-dalam-kategori-dan-latihan/section/01/covers/surface/unit-035/formula/015,urn:uuid:f2a5a2ed-50b6-578c-9ff8-59331b11d8a1,covers,urn:uuid:f7337344-bc94-5e81-bab8-417727111584,chapter4.tex:1745-1844
urn:uuid:ed777ad5-7a35-509a-ab1b-da4034b5f644,relation/unit/bab-4-grup-dalam-kategori-dan-latihan/section/01/covers/surface/unit-035/formula/016,urn:uuid:f2a5a2ed-50b6-578c-9ff8-59331b11d8a1,covers,urn:uuid:3f5aebcd-e7e1-537a-881a-1f1006b7a99e,chapter4.tex:1745-1844
urn:uuid:416662ed-1953-5798-9947-3e869692e38c,relation/unit/bab-4-grup-dalam-kategori-dan-latihan/section/01/covers/surface/unit-035/formula/017,urn:uuid:f2a5a2ed-50b6-578c-9ff8-59331b11d8a1,covers,urn:uuid:9b40a71a-b1a7-5f2a-b7d8-23d39fe68b71,chapter4.tex:1745-1844
urn:uuid:46ded395-a94a-512d-a8fa-318b3ede75a5,relation/unit/bab-4-grup-dalam-kategori-dan-latihan/section/01/covers/surface/unit-035/formula/018,urn:uuid:f2a5a2ed-50b6-578c-9ff8-59331b11d8a1,covers,urn:uuid:53d9906f-3e31-575a-8663-03ecc7bcae07,chapter4.tex:1745-1844
urn:uuid:3fede11b-41ec-568e-b9a2-2da3550b38a8,relation/unit/bab-4-grup-dalam-kategori-dan-latihan/section/01/covers/surface/unit-035/formula/019,urn:uuid:f2a5a2ed-50b6-578c-9ff8-59331b11d8a1,covers,urn:uuid:8f8ff6c7-227e-568f-9dad-dcb8bfefb920,chapter4.tex:1745-1844
urn:uuid:ab0fb8ef-3d0f-544c-9478-aad078ab0037,relation/unit/bab-4-grup-dalam-kategori-dan-latihan/section/01/covers/surface/unit-035/formula/020,urn:uuid:f2a5a2ed-50b6-578c-9ff8-59331b11d8a1,covers,urn:uuid:d7bfe670-1716-511f-848e-b4f66b055155,chapter4.tex:1745-1844
urn:uuid:4e709448-ee10-52a7-991c-701b6b5fe349,relation/unit/bab-4-grup-dalam-kategori-dan-latihan/section/01/covers/surface/unit-035/formula/021,urn:uuid:f2a5a2ed-50b6-578c-9ff8-59331b11d8a1,covers,urn:uuid:cf933eac-4496-565d-8c63-16234fa80c09,chapter4.tex:1745-1844
urn:uuid:b1ab56e6-1d27-553b-99d8-cf9e2415aeb4,relation/unit/bab-4-grup-dalam-kategori-dan-latihan/section/01/covers/surface/unit-035/formula/022,urn:uuid:f2a5a2ed-50b6-578c-9ff8-59331b11d8a1,covers,urn:uuid:03a06c32-c725-5789-9716-3874f53e684f,chapter4.tex:1745-1844
urn:uuid:39451d28-ebc2-57a7-9fc8-ce9ce4f04340,relation/unit/bab-4-grup-dalam-kategori-dan-latihan/section/01/covers/surface/unit-035/formula/023,urn:uuid:f2a5a2ed-50b6-578c-9ff8-59331b11d8a1,covers,urn:uuid:6f9f8a74-c282-5090-af39-45e1cae96f11,chapter4.tex:1745-1844
urn:uuid:02e724c0-2bd4-5381-aab6-fd7d86ea5929,relation/unit/bab-4-grup-dalam-kategori-dan-latihan/section/01/covers/surface/unit-035/formula/024,urn:uuid:f2a5a2ed-50b6-578c-9ff8-59331b11d8a1,covers,urn:uuid:90887507-6ffb-59eb-b561-c035415b0641,chapter4.tex:1745-1844
urn:uuid:5b8fc9c1-c292-5986-92fb-4a62517103d1,relation/unit/bab-4-grup-dalam-kategori-dan-latihan/section/01/covers/surface/unit-035/formula/025,urn:uuid:f2a5a2ed-50b6-578c-9ff8-59331b11d8a1,covers,urn:uuid:6dee40bb-b493-5db4-8674-fc81a5f1b463,chapter4.tex:1745-1844
urn:uuid:e4b6528e-c847-58ff-b6db-cb9307a5f182,relation/unit/bab-4-grup-dalam-kategori-dan-latihan/section/01/covers/surface/unit-035/formula/026,urn:uuid:f2a5a2ed-50b6-578c-9ff8-59331b11d8a1,covers,urn:uuid:bc649569-b3ac-5b6d-863c-f68acf41d06b,chapter4.tex:1745-1844
urn:uuid:63fbce27-a116-5d3f-b53f-688849601b68,relation/unit/bab-4-grup-dalam-kategori-dan-latihan/section/01/covers/surface/unit-035/formula/027,urn:uuid:f2a5a2ed-50b6-578c-9ff8-59331b11d8a1,covers,urn:uuid:427926b8-de1e-5aab-b013-d68a996a87b3,chapter4.tex:1745-1844
urn:uuid:ebad493e-5647-5d18-82f1-4cb2baf3ab8e,relation/unit/bab-4-grup-dalam-kategori-dan-latihan/section/01/covers/surface/unit-035/formula/028,urn:uuid:f2a5a2ed-50b6-578c-9ff8-59331b11d8a1,covers,urn:uuid:20a13fdb-3619-5327-803e-28456c55c744,chapter4.tex:1745-1844
urn:uuid:1966328b-5e6f-5f85-93ba-7b135871cc1a,relation/unit/bab-4-grup-dalam-kategori-dan-latihan/section/01/covers/surface/unit-035/formula/029,urn:uuid:f2a5a2ed-50b6-578c-9ff8-59331b11d8a1,covers,urn:uuid:5b692def-7b77-5fd9-bec0-b2fd1d9bd9ba,chapter4.tex:1745-1844
urn:uuid:1e00f7c6-a63b-5488-a91c-0e4d16ef293f,relation/unit/bab-4-grup-dalam-kategori-dan-latihan/section/01/covers/surface/unit-035/formula/030,urn:uuid:f2a5a2ed-50b6-578c-9ff8-59331b11d8a1,covers,urn:uuid:b4ddcf21-8ee6-5614-8061-ee93928ce47d,chapter4.tex:1745-1844
urn:uuid:3a426ac8-17c1-5f60-99c9-3102e282a95f,relation/unit/bab-4-grup-dalam-kategori-dan-latihan/section/01/covers/surface/unit-035/formula/031,urn:uuid:f2a5a2ed-50b6-578c-9ff8-59331b11d8a1,covers,urn:uuid:0bb2754f-0f8a-5997-baae-ece63901cf58,chapter4.tex:1745-1844
urn:uuid:b6d88260-2fd9-53b5-8e3a-e0e5d3d53630,relation/unit/bab-4-grup-dalam-kategori-dan-latihan/section/01/covers/surface/unit-035/formula/032,urn:uuid:f2a5a2ed-50b6-578c-9ff8-59331b11d8a1,covers,urn:uuid:530b513f-f399-5040-8d06-2a8a39c1a7a3,chapter4.tex:1745-1844
urn:uuid:37ba6693-f6bc-5292-9f17-4c63e21fb42e,relation/unit/bab-4-grup-dalam-kategori-dan-latihan/section/01/covers/surface/unit-035/formula/033,urn:uuid:f2a5a2ed-50b6-578c-9ff8-59331b11d8a1,covers,urn:uuid:e7b67468-a898-5d15-a3a8-23314cd13f11,chapter4.tex:1745-1844
urn:uuid:0eece5eb-cc74-5697-8266-8ee803236cff,relation/unit/bab-4-grup-dalam-kategori-dan-latihan/section/01/covers/surface/unit-035/formula/034,urn:uuid:f2a5a2ed-50b6-578c-9ff8-59331b11d8a1,covers,urn:uuid:a4b6dd8e-4b84-5413-8be8-5c6fdbd372c0,chapter4.tex:1745-1844
urn:uuid:b1df56d7-7359-5491-bd32-ea409d651ef9,relation/unit/bab-4-grup-dalam-kategori-dan-latihan/section/01/covers/surface/unit-035/formula/035,urn:uuid:f2a5a2ed-50b6-578c-9ff8-59331b11d8a1,covers,urn:uuid:659ea88d-935b-50c2-afcb-35511bc9c4bf,chapter4.tex:1745-1844
urn:uuid:486eecd6-e049-5673-9766-8479d20fb58a,relation/unit/bab-4-grup-dalam-kategori-dan-latihan/section/01/covers/surface/unit-035/formula/036,urn:uuid:f2a5a2ed-50b6-578c-9ff8-59331b11d8a1,covers,urn:uuid:27680052-c6c6-5ee4-91b1-6bf5c11d3202,chapter4.tex:1745-1844
urn:uuid:eed23f5f-b3c9-5172-a405-1cd027913642,relation/unit/bab-4-grup-dalam-kategori-dan-latihan/section/01/covers/surface/unit-035/formula/037,urn:uuid:f2a5a2ed-50b6-578c-9ff8-59331b11d8a1,covers,urn:uuid:c7011293-21d6-573b-9b0d-65b6e8b6946d,chapter4.tex:1745-1844
urn:uuid:52f4bfea-e5dc-5010-8a19-2a266ce6a785,relation/unit/bab-4-grup-dalam-kategori-dan-latihan/section/01/covers/surface/unit-035/formula/038,urn:uuid:f2a5a2ed-50b6-578c-9ff8-59331b11d8a1,covers,urn:uuid:eb67bf1e-3ce0-5989-a39b-9ce2111a6054,chapter4.tex:1745-1844
urn:uuid:b5582794-2004-58c6-a764-8c565cfd1f5f,relation/unit/bab-4-grup-dalam-kategori-dan-latihan/section/01/covers/surface/unit-035/formula/039,urn:uuid:f2a5a2ed-50b6-578c-9ff8-59331b11d8a1,covers,urn:uuid:4b0d77e9-6aa9-5b75-906d-55cce6b5ee24,chapter4.tex:1745-1844
urn:uuid:87cb263c-58ad-535f-a724-2ffb9b20746f,relation/unit/bab-4-grup-dalam-kategori-dan-latihan/section/01/covers/surface/unit-035/formula/040,urn:uuid:f2a5a2ed-50b6-578c-9ff8-59331b11d8a1,covers,urn:uuid:e62e0374-4f98-5a2c-b1cd-8d2548c7185a,chapter4.tex:1745-1844
urn:uuid:ce8d6981-15b4-53ee-adee-549eb7098462,relation/unit/bab-4-grup-dalam-kategori-dan-latihan/section/01/covers/surface/unit-035/formula/041,urn:uuid:f2a5a2ed-50b6-578c-9ff8-59331b11d8a1,covers,urn:uuid:d76f738e-0c75-52d2-88ec-82934fc853db,chapter4.tex:1745-1844
urn:uuid:b2a75ef6-59d9-50c4-8253-e8958a988231,relation/unit/bab-4-grup-dalam-kategori-dan-latihan/section/01/covers/surface/unit-035/formula/042,urn:uuid:f2a5a2ed-50b6-578c-9ff8-59331b11d8a1,covers,urn:uuid:c7dffc26-0307-5a6d-947b-827eb4a33fdc,chapter4.tex:1745-1844
urn:uuid:b1a80e6c-f147-5154-b011-f3187a15b9a3,relation/unit/bab-4-grup-dalam-kategori-dan-latihan/section/01/covers/surface/unit-035/formula/043,urn:uuid:f2a5a2ed-50b6-578c-9ff8-59331b11d8a1,covers,urn:uuid:705c2b93-c37b-5b5e-9213-42639c7988ed,chapter4.tex:1745-1844
urn:uuid:92f4c62d-7188-5551-bf4b-eb5feb7d9c54,relation/unit/bab-4-grup-dalam-kategori-dan-latihan/section/01/covers/surface/unit-035/formula/044,urn:uuid:f2a5a2ed-50b6-578c-9ff8-59331b11d8a1,covers,urn:uuid:eb126729-e0e6-568e-935f-0e297fe83b74,chapter4.tex:1745-1844
urn:uuid:069a17ff-0d83-5135-bbbe-b0e72856b55b,relation/unit/bab-4-grup-dalam-kategori-dan-latihan/section/01/covers/surface/unit-035/formula/045,urn:uuid:f2a5a2ed-50b6-578c-9ff8-59331b11d8a1,covers,urn:uuid:e39a2454-4672-5aa4-a1e1-6db0fb36ecee,chapter4.tex:1745-1844
urn:uuid:98127fd0-d6af-58a3-8350-7f72bef6eef5,relation/unit/bab-4-grup-dalam-kategori-dan-latihan/section/01/covers/surface/unit-035/formula/046,urn:uuid:f2a5a2ed-50b6-578c-9ff8-59331b11d8a1,covers,urn:uuid:35389830-c9fd-5f9c-9350-313e55d0a376,chapter4.tex:1745-1844
urn:uuid:7e02f3c6-ac88-58a8-bc50-d4eba3da8bb7,relation/unit/bab-4-grup-dalam-kategori-dan-latihan/section/01/covers/surface/unit-035/formula/047,urn:uuid:f2a5a2ed-50b6-578c-9ff8-59331b11d8a1,covers,urn:uuid:9a81bdd3-2773-5ba4-8053-5c83a4855310,chapter4.tex:1745-1844
urn:uuid:b7548c4b-df8d-5bac-a0a2-96804e5974a9,relation/unit/bab-4-grup-dalam-kategori-dan-latihan/section/01/covers/surface/unit-035/formula/048,urn:uuid:f2a5a2ed-50b6-578c-9ff8-59331b11d8a1,covers,urn:uuid:ef40687d-bd28-55d5-8d28-f77fc980c99e,chapter4.tex:1745-1844
urn:uuid:a00426cc-c931-546b-97ec-4574981df783,relation/unit/bab-4-grup-dalam-kategori-dan-latihan/section/01/covers/surface/unit-035/formula/049,urn:uuid:f2a5a2ed-50b6-578c-9ff8-59331b11d8a1,covers,urn:uuid:7bef1b3b-dd47-5552-875a-9b65de9ca216,chapter4.tex:1745-1844
urn:uuid:50e3d1db-d623-5ccd-9414-530b9708ae4b,relation/unit/bab-4-grup-dalam-kategori-dan-latihan/section/01/covers/surface/unit-035/formula/050,urn:uuid:f2a5a2ed-50b6-578c-9ff8-59331b11d8a1,covers,urn:uuid:09462c1d-8c4c-54d7-851a-a46fd8e0885f,chapter4.tex:1745-1844
urn:uuid:06899dd1-1467-5b10-a689-67457a27470f,relation/unit/bab-4-grup-dalam-kategori-dan-latihan/section/01/covers/surface/unit-035/formula/051,urn:uuid:f2a5a2ed-50b6-578c-9ff8-59331b11d8a1,covers,urn:uuid:01c134b3-2a25-54ea-b84a-67bbb170b6b3,chapter4.tex:1745-1844
urn:uuid:cb5c7d54-5fb6-5fbb-86e9-06dd3bf2a71c,relation/unit/bab-4-grup-dalam-kategori-dan-latihan/section/01/covers/surface/unit-035/formula/052,urn:uuid:f2a5a2ed-50b6-578c-9ff8-59331b11d8a1,covers,urn:uuid:48a48beb-3422-591a-a8ec-6f7303838ac4,chapter4.tex:1745-1844
urn:uuid:fdf096d1-60ed-5299-a06d-6f7fae45dd52,relation/unit/bab-4-grup-dalam-kategori-dan-latihan/section/01/covers/surface/unit-035/formula/053,urn:uuid:f2a5a2ed-50b6-578c-9ff8-59331b11d8a1,covers,urn:uuid:52d8c1c2-50e1-5880-8cd4-eb20993ca78b,chapter4.tex:1745-1844
urn:uuid:e51960ca-79d7-501e-8061-01834e3368e0,relation/unit/bab-4-grup-dalam-kategori-dan-latihan/section/01/covers/surface/unit-035/formula/054,urn:uuid:f2a5a2ed-50b6-578c-9ff8-59331b11d8a1,covers,urn:uuid:422a66e0-afeb-592b-b69c-5e66fc3dcce8,chapter4.tex:1745-1844
urn:uuid:39aac3c2-90b1-5ad9-b3da-7bbc52e75caf,relation/unit/bab-4-grup-dalam-kategori-dan-latihan/section/01/covers/surface/unit-035/formula/055,urn:uuid:f2a5a2ed-50b6-578c-9ff8-59331b11d8a1,covers,urn:uuid:7832dc52-eb45-5305-8f71-4fffa619ba60,chapter4.tex:1745-1844
urn:uuid:cb0348af-5cda-563b-990d-8fa82163e1b2,relation/unit/bab-4-grup-dalam-kategori-dan-latihan/section/01/covers/surface/unit-035/formula/056,urn:uuid:f2a5a2ed-50b6-578c-9ff8-59331b11d8a1,covers,urn:uuid:1afe9148-a630-5e44-a85b-5c5dd0cb4cde,chapter4.tex:1745-1844
urn:uuid:f8a26026-9e77-53fc-9738-9ac298f839d0,relation/unit/bab-4-grup-dalam-kategori-dan-latihan/section/01/covers/surface/unit-035/formula/057,urn:uuid:f2a5a2ed-50b6-578c-9ff8-59331b11d8a1,covers,urn:uuid:9d0311fc-b634-5958-826f-6d07b2430986,chapter4.tex:1745-1844
urn:uuid:2df3fd96-13ff-5eec-b4d0-f2e58df74f0e,relation/unit/bab-4-grup-dalam-kategori-dan-latihan/section/01/covers/surface/unit-035/formula/058,urn:uuid:f2a5a2ed-50b6-578c-9ff8-59331b11d8a1,covers,urn:uuid:72596265-826e-5bea-9b9f-83f32089c4d5,chapter4.tex:1745-1844
urn:uuid:003aab53-7f84-5236-88ce-d051c557bc28,relation/unit/bab-4-grup-dalam-kategori-dan-latihan/section/01/covers/surface/unit-035/formula/059,urn:uuid:f2a5a2ed-50b6-578c-9ff8-59331b11d8a1,covers,urn:uuid:b792228c-a882-5a5a-9b3a-af5094134382,chapter4.tex:1745-1844
urn:uuid:71422d0d-9d79-53c4-95ca-d4d4867560fd,relation/unit/bab-4-grup-dalam-kategori-dan-latihan/section/01/covers/surface/unit-035/formula/060,urn:uuid:f2a5a2ed-50b6-578c-9ff8-59331b11d8a1,covers,urn:uuid:7269fe77-efc7-58c5-962c-c6b4d8a47322,chapter4.tex:1745-1844
urn:uuid:92ffc012-dd85-592e-b996-ee9638dc060c,relation/unit/bab-4-grup-dalam-kategori-dan-latihan/section/01/covers/surface/unit-035/formula/061,urn:uuid:f2a5a2ed-50b6-578c-9ff8-59331b11d8a1,covers,urn:uuid:d2fb5e77-8bb4-548f-9034-6217c357d5c0,chapter4.tex:1745-1844
urn:uuid:2bcbe6fb-d8d8-5062-9b94-b2960c654e04,relation/unit/bab-4-grup-dalam-kategori-dan-latihan/section/01/covers/surface/unit-035/formula/062,urn:uuid:f2a5a2ed-50b6-578c-9ff8-59331b11d8a1,covers,urn:uuid:427925d9-0375-5374-b2f6-09b90705789a,chapter4.tex:1745-1844
urn:uuid:9d657677-6f66-50c2-9939-63da01810e4f,relation/unit/bab-4-grup-dalam-kategori-dan-latihan/section/01/covers/surface/unit-035/formula/063,urn:uuid:f2a5a2ed-50b6-578c-9ff8-59331b11d8a1,covers,urn:uuid:dc7b3cb3-9922-5e95-b2f0-cb55fc736420,chapter4.tex:1745-1844
urn:uuid:11a372e6-d5f6-540c-857a-f68ee4bf42ed,relation/unit/bab-4-grup-dalam-kategori-dan-latihan/section/01/covers/surface/unit-035/formula/064,urn:uuid:f2a5a2ed-50b6-578c-9ff8-59331b11d8a1,covers,urn:uuid:b7cb404c-ea86-5192-8f09-5d8a1da25efa,chapter4.tex:1745-1844
urn:uuid:9a711573-50c1-576b-ac11-c41a1f97931a,relation/unit/bab-4-grup-dalam-kategori-dan-latihan/section/01/covers/surface/unit-035/formula/065,urn:uuid:f2a5a2ed-50b6-578c-9ff8-59331b11d8a1,covers,urn:uuid:2576318f-4c2f-5940-ad96-dd30c7aa5627,chapter4.tex:1745-1844
urn:uuid:b3a2c684-7c68-5d7b-8c92-ae8463c143a7,relation/unit/bab-4-grup-dalam-kategori-dan-latihan/section/01/covers/surface/unit-035/formula/066,urn:uuid:f2a5a2ed-50b6-578c-9ff8-59331b11d8a1,covers,urn:uuid:207f6fe8-d019-5139-ad76-83c3cd5b3ed9,chapter4.tex:1745-1844
urn:uuid:3a5fca5c-7431-52e8-b1c8-8979f0cee2ce,relation/unit/bab-4-grup-dalam-kategori-dan-latihan/section/01/covers/surface/unit-035/formula/067,urn:uuid:f2a5a2ed-50b6-578c-9ff8-59331b11d8a1,covers,urn:uuid:61c65c67-6040-566f-8949-3838b213fd93,chapter4.tex:1745-1844
urn:uuid:e64748e0-9232-545c-8b90-d95a1911ae73,relation/unit/bab-4-grup-dalam-kategori-dan-latihan/section/01/covers/surface/unit-035/formula/068,urn:uuid:f2a5a2ed-50b6-578c-9ff8-59331b11d8a1,covers,urn:uuid:c3debbf0-af12-50a2-b440-d09e2daf5fe0,chapter4.tex:1745-1844
urn:uuid:aaf16d2c-870a-56b6-af3b-4e7528c83c58,relation/unit/bab-4-grup-dalam-kategori-dan-latihan/section/01/covers/surface/unit-035/formula/069,urn:uuid:f2a5a2ed-50b6-578c-9ff8-59331b11d8a1,covers,urn:uuid:2de800b0-920c-5c26-8bc4-3220e6006879,chapter4.tex:1745-1844
urn:uuid:d114a80c-225e-54db-8cb9-39679093a241,relation/unit/bab-4-grup-dalam-kategori-dan-latihan/section/01/covers/surface/unit-035/formula/070,urn:uuid:f2a5a2ed-50b6-578c-9ff8-59331b11d8a1,covers,urn:uuid:f38a5cbd-ab5f-515d-ae15-1653a8cf943c,chapter4.tex:1745-1844
urn:uuid:bc406284-96c9-5024-91f2-61d465999b46,relation/unit/bab-4-grup-dalam-kategori-dan-latihan/section/01/covers/surface/unit-035/formula/071,urn:uuid:f2a5a2ed-50b6-578c-9ff8-59331b11d8a1,covers,urn:uuid:ba932aed-a95e-5e85-b478-f0414a264ddb,chapter4.tex:1745-1844
urn:uuid:8c9867b9-8015-56f7-9e38-281eb7ebf911,relation/unit/bab-4-grup-dalam-kategori-dan-latihan/section/01/covers/surface/unit-035/formula/072,urn:uuid:f2a5a2ed-50b6-578c-9ff8-59331b11d8a1,covers,urn:uuid:548c0b27-f402-5e75-a004-dfc2b6a3510b,chapter4.tex:1745-1844
urn:uuid:7352e4b7-5a2c-5866-a6e2-e00ab61747da,relation/unit/bab-4-grup-dalam-kategori-dan-latihan/section/01/covers/surface/unit-035/formula/073,urn:uuid:f2a5a2ed-50b6-578c-9ff8-59331b11d8a1,covers,urn:uuid:c4fbb5a8-51f9-5ddc-99ac-f6a80719da03,chapter4.tex:1745-1844
urn:uuid:6f2cb7e4-8797-53f6-ab30-5e3f22dc5995,relation/unit/bab-4-grup-dalam-kategori-dan-latihan/section/01/covers/surface/unit-035/formula/074,urn:uuid:f2a5a2ed-50b6-578c-9ff8-59331b11d8a1,covers,urn:uuid:3bd36a3e-070b-5947-b38b-4430f121a071,chapter4.tex:1745-1844
urn:uuid:22797b2b-661c-5dec-8b22-3201f07a1c97,relation/unit/bab-4-grup-dalam-kategori-dan-latihan/section/01/covers/surface/unit-035/formula/075,urn:uuid:f2a5a2ed-50b6-578c-9ff8-59331b11d8a1,covers,urn:uuid:cd1fc9de-f716-5579-8c1e-850b607cbfc6,chapter4.tex:1745-1844
urn:uuid:f789e323-ffcf-5958-9694-196495e87a65,relation/unit/bab-4-grup-dalam-kategori-dan-latihan/section/01/covers/surface/unit-035/formula/076,urn:uuid:f2a5a2ed-50b6-578c-9ff8-59331b11d8a1,covers,urn:uuid:b2e6f21e-9474-5e23-968e-95a9ef87ae0c,chapter4.tex:1745-1844
urn:uuid:fc06ba7f-30cf-5819-aac4-14335a1194f2,relation/unit/bab-4-grup-dalam-kategori-dan-latihan/section/01/covers/surface/unit-035/formula/077,urn:uuid:f2a5a2ed-50b6-578c-9ff8-59331b11d8a1,covers,urn:uuid:a5aa9806-8619-5cfd-8471-5dae372e1535,chapter4.tex:1745-1844
urn:uuid:78d31486-b8a4-58c4-a3b1-9692abaca7d6,relation/unit/bab-4-grup-dalam-kategori-dan-latihan/section/01/covers/surface/unit-035/formula/078,urn:uuid:f2a5a2ed-50b6-578c-9ff8-59331b11d8a1,covers,urn:uuid:278e2181-5edf-5663-bf28-f622caf30640,chapter4.tex:1745-1844
urn:uuid:b9dd0788-d44f-5d5e-a19a-39453460a2d1,relation/unit/bab-4-grup-dalam-kategori-dan-latihan/section/01/covers/surface/unit-035/formula/079,urn:uuid:f2a5a2ed-50b6-578c-9ff8-59331b11d8a1,covers,urn:uuid:41dbcace-7125-5913-836a-64dacec0877e,chapter4.tex:1745-1844
urn:uuid:7b194c49-3b98-51b7-b3d2-be62c2fd402d,relation/unit/bab-4-grup-dalam-kategori-dan-latihan/section/01/covers/surface/unit-035/formula/080,urn:uuid:f2a5a2ed-50b6-578c-9ff8-59331b11d8a1,covers,urn:uuid:df00ba56-e8e1-51ad-8ccb-ea7b5dffa8b5,chapter4.tex:1745-1844
urn:uuid:05f343cb-15ae-57a5-843e-a184cf167371,relation/unit/bab-4-grup-dalam-kategori-dan-latihan/section/01/covers/surface/unit-035/formula/081,urn:uuid:f2a5a2ed-50b6-578c-9ff8-59331b11d8a1,covers,urn:uuid:a627b100-5220-5b9a-a89b-a4a75181d0f3,chapter4.tex:1745-1844
urn:uuid:04ac533b-14a3-5e28-8d8c-578f8930dc27,relation/unit/bab-4-grup-dalam-kategori-dan-latihan/section/01/covers/surface/unit-035/formula/082,urn:uuid:f2a5a2ed-50b6-578c-9ff8-59331b11d8a1,covers,urn:uuid:90d42952-cc5f-5fd9-9c89-f8fef60bc64b,chapter4.tex:1745-1844
urn:uuid:bb3429f0-bbef-5d1b-b355-78f683dac170,relation/unit/bab-4-grup-dalam-kategori-dan-latihan/section/01/covers/surface/unit-035/formula/083,urn:uuid:f2a5a2ed-50b6-578c-9ff8-59331b11d8a1,covers,urn:uuid:ad2f304a-cfc8-599d-ace0-70dcd02bd4da,chapter4.tex:1745-1844
urn:uuid:8d1086df-1d75-5a1d-bd12-94e8781b90e8,relation/unit/bab-4-grup-dalam-kategori-dan-latihan/section/01/covers/surface/unit-035/formula/084,urn:uuid:f2a5a2ed-50b6-578c-9ff8-59331b11d8a1,covers,urn:uuid:8080098c-93c0-5c04-8c3f-dd41d232c8c2,chapter4.tex:1745-1844
urn:uuid:1b2bec2b-79d8-59a0-9f79-5151c745ada5,relation/unit/bab-4-grup-dalam-kategori-dan-latihan/section/01/covers/surface/unit-035/formula/085,urn:uuid:f2a5a2ed-50b6-578c-9ff8-59331b11d8a1,covers,urn:uuid:68bc7d38-f730-5413-b5c3-7c92c15ba688,chapter4.tex:1745-1844
urn:uuid:4e80b484-6f77-5304-84a7-b183ce5a6f7e,relation/unit/bab-4-grup-dalam-kategori-dan-latihan/section/01/covers/surface/unit-035/formula/086,urn:uuid:f2a5a2ed-50b6-578c-9ff8-59331b11d8a1,covers,urn:uuid:f7e8c96b-d148-55c3-867f-f6c1c0793e0f,chapter4.tex:1745-1844
urn:uuid:d86dbb7d-85eb-5a85-8489-819dc1476b45,relation/unit/bab-4-grup-dalam-kategori-dan-latihan/section/01/covers/surface/unit-035/formula/087,urn:uuid:f2a5a2ed-50b6-578c-9ff8-59331b11d8a1,covers,urn:uuid:c88099d9-637a-51b3-afea-af98692f9dde,chapter4.tex:1745-1844
urn:uuid:e7215db5-705e-5ea8-b10e-c6aaf67f1c3a,relation/unit/bab-4-grup-dalam-kategori-dan-latihan/section/01/covers/surface/unit-035/formula/088,urn:uuid:f2a5a2ed-50b6-578c-9ff8-59331b11d8a1,covers,urn:uuid:f1a911f7-9ec7-5629-825a-f70f472def31,chapter4.tex:1745-1844
urn:uuid:3fd5945a-ef70-5f6c-9043-3e73a01a54e6,relation/unit/bab-4-grup-dalam-kategori-dan-latihan/section/01/covers/surface/unit-035/formula/089,urn:uuid:f2a5a2ed-50b6-578c-9ff8-59331b11d8a1,covers,urn:uuid:d9e7abbc-3390-5a47-adff-f222dee8a354,chapter4.tex:1745-1844
urn:uuid:9797dd47-eb78-5403-9d51-82193ed9cbac,relation/unit/bab-4-grup-dalam-kategori-dan-latihan/section/01/covers/surface/unit-035/formula/090,urn:uuid:f2a5a2ed-50b6-578c-9ff8-59331b11d8a1,covers,urn:uuid:e17c8993-d2f0-5c8d-9d81-95b9dda9999d,chapter4.tex:1745-1844
urn:uuid:22511132-d30d-5c86-95c6-33b576e154f1,relation/unit/bab-4-grup-dalam-kategori-dan-latihan/section/01/covers/surface/unit-035/formula/091,urn:uuid:f2a5a2ed-50b6-578c-9ff8-59331b11d8a1,covers,urn:uuid:cb508cd3-0fbe-5211-a5c1-e987827ef128,chapter4.tex:1745-1844
urn:uuid:32d5bc49-d714-51a7-8aa8-9fb465f65375,relation/unit/bab-4-grup-dalam-kategori-dan-latihan/section/01/covers/surface/unit-035/formula/092,urn:uuid:f2a5a2ed-50b6-578c-9ff8-59331b11d8a1,covers,urn:uuid:33db8923-ca54-546c-8708-b807fefeef23,chapter4.tex:1745-1844
urn:uuid:2f67a0d3-0c6d-5d45-8e27-85bd52af074c,relation/unit/bab-4-grup-dalam-kategori-dan-latihan/section/01/covers/surface/unit-035/formula/093,urn:uuid:f2a5a2ed-50b6-578c-9ff8-59331b11d8a1,covers,urn:uuid:b83bc88c-4c78-56c7-afa1-5bb6ace9cf66,chapter4.tex:1745-1844
urn:uuid:b2e89eb4-cdfe-543b-ad82-3fc831febf10,relation/unit/bab-4-grup-dalam-kategori-dan-latihan/section/01/covers/surface/unit-035/formula/094,urn:uuid:f2a5a2ed-50b6-578c-9ff8-59331b11d8a1,covers,urn:uuid:1f037999-7c0a-5a90-950d-5360d16748d6,chapter4.tex:1745-1844
urn:uuid:c57fbeeb-ba69-536e-b79e-d84ced2f5c57,relation/unit/bab-4-grup-dalam-kategori-dan-latihan/section/01/covers/surface/unit-035/formula/095,urn:uuid:f2a5a2ed-50b6-578c-9ff8-59331b11d8a1,covers,urn:uuid:a0e2e715-3e77-556c-87aa-427e1e6a4d59,chapter4.tex:1745-1844
urn:uuid:98be1b04-9d22-5b5a-ac7b-5b05734a7a99,relation/unit/bab-4-grup-dalam-kategori-dan-latihan/section/01/covers/surface/unit-035/formula/096,urn:uuid:f2a5a2ed-50b6-578c-9ff8-59331b11d8a1,covers,urn:uuid:ef322202-f77c-51c3-a9b7-56dda12d8e93,chapter4.tex:1745-1844
urn:uuid:22e59d4b-4c59-52dc-96ea-5a24e2369148,relation/unit/bab-4-grup-dalam-kategori-dan-latihan/section/01/covers/surface/unit-035/formula/097,urn:uuid:f2a5a2ed-50b6-578c-9ff8-59331b11d8a1,covers,urn:uuid:68df4f4e-31bb-57ec-8375-f8ccbb51931d,chapter4.tex:1745-1844
urn:uuid:2984853a-bdf3-5fd4-bf92-1fcfcad59d37,relation/unit/bab-4-grup-dalam-kategori-dan-latihan/section/01/covers/surface/unit-035/formula/098,urn:uuid:f2a5a2ed-50b6-578c-9ff8-59331b11d8a1,covers,urn:uuid:b0035214-e27a-51a8-b99e-7071eb3bacbe,chapter4.tex:1745-1844
urn:uuid:97cbdfb9-9452-51cb-9868-dffc2adb9bf7,relation/unit/bab-4-grup-dalam-kategori-dan-latihan/section/01/covers/surface/unit-035/formula/099,urn:uuid:f2a5a2ed-50b6-578c-9ff8-59331b11d8a1,covers,urn:uuid:5c855243-e8a5-5f92-bc28-c9bcc0b627a6,chapter4.tex:1745-1844
urn:uuid:5807821c-4556-5031-9a7d-eb24f8ebfedb,relation/unit/bab-4-grup-dalam-kategori-dan-latihan/section/01/covers/surface/unit-035/formula/100,urn:uuid:f2a5a2ed-50b6-578c-9ff8-59331b11d8a1,covers,urn:uuid:142bd36f-dd0a-5111-b558-7c28c3627401,chapter4.tex:1745-1844
urn:uuid:938c286b-de4d-520f-9867-b2d18bd358db,relation/unit/bab-4-grup-dalam-kategori-dan-latihan/section/01/covers/surface/unit-035/formula/101,urn:uuid:f2a5a2ed-50b6-578c-9ff8-59331b11d8a1,covers,urn:uuid:0bacf67d-634f-5233-9641-819c56b9fda4,chapter4.tex:1745-1844
urn:uuid:33b84d22-dca7-5ade-b885-fe3d56ba45c4,relation/unit/bab-4-grup-dalam-kategori-dan-latihan/section/01/covers/surface/unit-035/formula/102,urn:uuid:f2a5a2ed-50b6-578c-9ff8-59331b11d8a1,covers,urn:uuid:8e0d3d3b-5840-5faf-8246-094c24644e5b,chapter4.tex:1745-1844
urn:uuid:b0354de4-a314-5836-b486-4a05fda49109,relation/unit/bab-4-grup-dalam-kategori-dan-latihan/section/01/covers/surface/unit-035/formula/103,urn:uuid:f2a5a2ed-50b6-578c-9ff8-59331b11d8a1,covers,urn:uuid:7df08e60-318e-56d5-bd6a-713755b9c33c,chapter4.tex:1745-1844
urn:uuid:e08ccc38-c701-50c2-b0d3-f79ed550476b,relation/unit/bab-4-grup-dalam-kategori-dan-latihan/section/01/covers/surface/unit-035/formula/104,urn:uuid:f2a5a2ed-50b6-578c-9ff8-59331b11d8a1,covers,urn:uuid:469bd5c9-32f7-51c4-a78c-021e9fef92fc,chapter4.tex:1745-1844
urn:uuid:a8d0cb4c-4070-5319-a997-c0ed3e776170,relation/unit/bab-4-grup-dalam-kategori-dan-latihan/section/01/covers/surface/unit-035/formula/105,urn:uuid:f2a5a2ed-50b6-578c-9ff8-59331b11d8a1,covers,urn:uuid:785bad88-9c71-5834-b719-39419833f8d4,chapter4.tex:1745-1844
urn:uuid:4bc93aa6-6e61-540d-9c62-76210ba7b99f,relation/unit/bab-4-grup-dalam-kategori-dan-latihan/section/01/covers/surface/unit-035/formula/106,urn:uuid:f2a5a2ed-50b6-578c-9ff8-59331b11d8a1,covers,urn:uuid:e69b18da-1e62-56f6-85cd-46408e20368c,chapter4.tex:1745-1844
urn:uuid:3fa78a66-83b1-585c-8b12-7f312a1895c3,relation/unit/bab-4-grup-dalam-kategori-dan-latihan/section/01/covers/surface/unit-035/formula/107,urn:uuid:f2a5a2ed-50b6-578c-9ff8-59331b11d8a1,covers,urn:uuid:9c484863-d285-5d09-9253-ebcae982777b,chapter4.tex:1745-1844
urn:uuid:ee2e3fd0-c8fb-5cc4-9907-9ab9d67f275d,relation/unit/bab-4-grup-dalam-kategori-dan-latihan/section/01/covers/surface/unit-035/formula/108,urn:uuid:f2a5a2ed-50b6-578c-9ff8-59331b11d8a1,covers,urn:uuid:07e4faa7-fbdd-5f3f-825f-5aa2835ee6ff,chapter4.tex:1745-1844
urn:uuid:a58da83b-c1b4-5387-96f3-278d2d0e3a33,relation/unit/bab-4-grup-dalam-kategori-dan-latihan/section/01/covers/surface/unit-035/formula/109,urn:uuid:f2a5a2ed-50b6-578c-9ff8-59331b11d8a1,covers,urn:uuid:15f4d1c7-e62d-5fe5-9cc6-840ce3e338af,chapter4.tex:1745-1844
urn:uuid:ec636d07-2aba-5afa-98ab-32f04b74b8d2,relation/unit/bab-4-grup-dalam-kategori-dan-latihan/section/01/covers/surface/unit-035/formula/110,urn:uuid:f2a5a2ed-50b6-578c-9ff8-59331b11d8a1,covers,urn:uuid:97258bcd-3047-56d5-afbe-6945d00cd0f6,chapter4.tex:1745-1844
urn:uuid:79c3976d-713f-565c-a656-317a01565f95,relation/unit/bab-4-grup-dalam-kategori-dan-latihan/section/01/covers/surface/unit-035/formula/111,urn:uuid:f2a5a2ed-50b6-578c-9ff8-59331b11d8a1,covers,urn:uuid:5e055b62-34d2-5a73-bb4c-1035ddb1139c,chapter4.tex:1745-1844
urn:uuid:9f9d5945-ad07-5b28-8729-47c0937a58eb,relation/unit/bab-4-grup-dalam-kategori-dan-latihan/section/01/covers/surface/unit-035/formula/112,urn:uuid:f2a5a2ed-50b6-578c-9ff8-59331b11d8a1,covers,urn:uuid:8b2f2c95-11cd-570d-b5d0-217f64c82bde,chapter4.tex:1745-1844
urn:uuid:d8e2da62-5fee-5e0b-8606-54d4934197ab,relation/unit/bab-4-grup-dalam-kategori-dan-latihan/section/01/covers/surface/unit-035/formula/113,urn:uuid:f2a5a2ed-50b6-578c-9ff8-59331b11d8a1,covers,urn:uuid:a8fd0254-2df9-5edb-b749-30036faa438f,chapter4.tex:1745-1844
urn:uuid:0a82a121-19e1-5167-a8f2-19e4947eb78b,relation/unit/bab-4-grup-dalam-kategori-dan-latihan/section/01/covers/surface/unit-035/formula/114,urn:uuid:f2a5a2ed-50b6-578c-9ff8-59331b11d8a1,covers,urn:uuid:c28a6342-f8a8-5e51-a6e1-b3a100d0e134,chapter4.tex:1745-1844
urn:uuid:d796e888-1636-5349-90c6-9ddf17afd908,relation/unit/bab-4-grup-dalam-kategori-dan-latihan/section/01/covers/surface/unit-035/formula/115,urn:uuid:f2a5a2ed-50b6-578c-9ff8-59331b11d8a1,covers,urn:uuid:981ca7f2-dab8-5283-a712-08f8e0540a23,chapter4.tex:1745-1844
urn:uuid:28cb5ab8-01ad-5d5f-a6ad-41c398e3f8ee,relation/unit/bab-4-grup-dalam-kategori-dan-latihan/section/01/covers/surface/unit-035/formula/116,urn:uuid:f2a5a2ed-50b6-578c-9ff8-59331b11d8a1,covers,urn:uuid:fc20d01e-4a8a-5e86-aca8-4fbe8a7f0fac,chapter4.tex:1745-1844
urn:uuid:983d7fde-e941-5d30-8298-0e5f5bdf15a5,relation/unit/bab-4-grup-dalam-kategori-dan-latihan/section/01/covers/surface/unit-035/formula/117,urn:uuid:f2a5a2ed-50b6-578c-9ff8-59331b11d8a1,covers,urn:uuid:197c3ed2-3133-5943-94eb-1f37c028598a,chapter4.tex:1745-1844
urn:uuid:95703887-f4b8-5e7d-ada2-112f2cf06de9,relation/unit/bab-4-grup-dalam-kategori-dan-latihan/section/01/covers/surface/unit-035/formula/118,urn:uuid:f2a5a2ed-50b6-578c-9ff8-59331b11d8a1,covers,urn:uuid:8206b497-f213-5084-8afb-b4eab7e3a1cd,chapter4.tex:1745-1844
urn:uuid:87892fa4-01ab-5cb9-a084-55a1eb65567f,relation/unit/bab-4-grup-dalam-kategori-dan-latihan/section/01/covers/surface/unit-035/formula/119,urn:uuid:f2a5a2ed-50b6-578c-9ff8-59331b11d8a1,covers,urn:uuid:f7bba8d0-2673-5146-b45d-68620f03c23c,chapter4.tex:1745-1844
urn:uuid:ad3811a0-9bdd-56de-b3c8-e0b09bd449b0,relation/unit/bab-4-grup-dalam-kategori-dan-latihan/section/01/covers/surface/unit-035/formula/120,urn:uuid:f2a5a2ed-50b6-578c-9ff8-59331b11d8a1,covers,urn:uuid:3e0a88e2-6e8c-5690-979e-b47b0597b09c,chapter4.tex:1745-1844
urn:uuid:dd1d3fde-a395-53c6-a692-4d2ab9bff6f6,relation/unit/bab-4-grup-dalam-kategori-dan-latihan/section/01/covers/surface/unit-035/formula/121,urn:uuid:f2a5a2ed-50b6-578c-9ff8-59331b11d8a1,covers,urn:uuid:c5041a1c-a57a-5220-9ca7-c619faf80d97,chapter4.tex:1745-1844
urn:uuid:0d38e3fe-33e6-5fc1-9458-ad3017f461e3,relation/unit/bab-4-grup-dalam-kategori-dan-latihan/section/01/covers/surface/unit-035/formula/122,urn:uuid:f2a5a2ed-50b6-578c-9ff8-59331b11d8a1,covers,urn:uuid:840f4c33-e4eb-532c-91af-ee565dadbe85,chapter4.tex:1745-1844
urn:uuid:311a4040-e77a-5b01-8a5a-843acf8ae7f5,relation/unit/bab-4-grup-dalam-kategori-dan-latihan/section/01/covers/surface/unit-035/formula/123,urn:uuid:f2a5a2ed-50b6-578c-9ff8-59331b11d8a1,covers,urn:uuid:57f44bf5-b6d2-52bf-9cb4-e3ef95af7a7a,chapter4.tex:1745-1844
urn:uuid:90edb191-e967-5294-a0ef-15209be882ad,relation/unit/bab-4-grup-dalam-kategori-dan-latihan/section/01/covers/surface/unit-035/formula/124,urn:uuid:f2a5a2ed-50b6-578c-9ff8-59331b11d8a1,covers,urn:uuid:fd64cb7f-af42-5242-8046-e5c46ae13b08,chapter4.tex:1745-1844
urn:uuid:227875e0-1938-5d2e-a1eb-d631a5644076,relation/unit/bab-4-grup-dalam-kategori-dan-latihan/section/01/covers/surface/unit-035/formula/125,urn:uuid:f2a5a2ed-50b6-578c-9ff8-59331b11d8a1,covers,urn:uuid:9602e4c4-08dc-5676-8f56-c1e5669264d6,chapter4.tex:1745-1844
urn:uuid:677a748a-75d0-561e-9062-00a79a7f2bed,relation/unit/bab-4-grup-dalam-kategori-dan-latihan/section/01/covers/surface/unit-035/formula/126,urn:uuid:f2a5a2ed-50b6-578c-9ff8-59331b11d8a1,covers,urn:uuid:6e4b8232-f6af-5f2d-bbbf-a9bac114e544,chapter4.tex:1745-1844
urn:uuid:afbef13b-d2ee-54ef-9d48-1c8905eb6693,relation/unit/bab-4-grup-dalam-kategori-dan-latihan/section/01/covers/surface/unit-035/formula/127,urn:uuid:f2a5a2ed-50b6-578c-9ff8-59331b11d8a1,covers,urn:uuid:35880de4-5247-5d64-9a23-bd962608d0c5,chapter4.tex:1745-1844
urn:uuid:0c2f0502-d4f5-5b7b-afdc-085f939c6b66,relation/unit/bab-4-grup-dalam-kategori-dan-latihan/section/01/covers/surface/unit-035/formula/128,urn:uuid:f2a5a2ed-50b6-578c-9ff8-59331b11d8a1,covers,urn:uuid:a46106a0-98d5-5399-ac3d-2871d509ec6c,chapter4.tex:1745-1844
urn:uuid:5d3a33a9-c167-54e5-a2b8-6b0babd61652,relation/unit/bab-4-grup-dalam-kategori-dan-latihan/section/01/covers/surface/unit-035/formula/129,urn:uuid:f2a5a2ed-50b6-578c-9ff8-59331b11d8a1,covers,urn:uuid:16ba6e8a-ba0b-5a45-9cc8-6d31a4338792,chapter4.tex:1745-1844
urn:uuid:bcb398e5-3adc-5728-ad8f-ed91f89eddb4,relation/unit/bab-4-grup-dalam-kategori-dan-latihan/section/01/covers/surface/unit-035/formula/130,urn:uuid:f2a5a2ed-50b6-578c-9ff8-59331b11d8a1,covers,urn:uuid:f6f9d5a6-f07b-57f0-8661-3c8863d202e6,chapter4.tex:1745-1844
urn:uuid:6101bec2-6e4f-51aa-9ed7-7f471722112f,relation/unit/bab-4-grup-dalam-kategori-dan-latihan/section/01/covers/surface/unit-035/formula/131,urn:uuid:f2a5a2ed-50b6-578c-9ff8-59331b11d8a1,covers,urn:uuid:04433e14-f4b5-5e73-87fd-77c52022c851,chapter4.tex:1745-1844
urn:uuid:861556d9-bcb7-5285-9c10-c3fea15760ee,relation/unit/bab-4-grup-dalam-kategori-dan-latihan/section/01/covers/surface/unit-035/formula/132,urn:uuid:f2a5a2ed-50b6-578c-9ff8-59331b11d8a1,covers,urn:uuid:9cad2b36-b23c-5b08-923f-6a6f90e13d78,chapter4.tex:1745-1844
urn:uuid:9af0b333-a635-5f9d-b0b4-11adb4c1f2e7,relation/unit/bab-4-grup-dalam-kategori-dan-latihan/section/01/covers/surface/unit-035/formula/133,urn:uuid:f2a5a2ed-50b6-578c-9ff8-59331b11d8a1,covers,urn:uuid:f05aa360-e3c9-53f5-a109-96e613539969,chapter4.tex:1745-1844
urn:uuid:051ac016-b294-5241-a05e-e2579edca0c9,relation/unit/bab-4-grup-dalam-kategori-dan-latihan/section/01/covers/surface/unit-035/formula/134,urn:uuid:f2a5a2ed-50b6-578c-9ff8-59331b11d8a1,covers,urn:uuid:76ea38e2-da0c-5427-bb49-03d651091e49,chapter4.tex:1745-1844
urn:uuid:6dd1d0af-2327-54a0-9676-55df7578b48d,relation/unit/bab-4-grup-dalam-kategori-dan-latihan/section/01/covers/surface/unit-035/formula/135,urn:uuid:f2a5a2ed-50b6-578c-9ff8-59331b11d8a1,covers,urn:uuid:057ef5fb-47eb-5971-9a34-1073fa4d835c,chapter4.tex:1745-1844
urn:uuid:a50265fc-6f28-50d8-babe-e710d7a1314d,relation/unit/bab-4-grup-dalam-kategori-dan-latihan/section/01/covers/surface/unit-035/formula/136,urn:uuid:f2a5a2ed-50b6-578c-9ff8-59331b11d8a1,covers,urn:uuid:78295793-d331-5259-8221-254438ce57a2,chapter4.tex:1745-1844
urn:uuid:46c95d83-6509-5e74-b51e-ff563ccc19de,relation/unit/bab-4-grup-dalam-kategori-dan-latihan/section/01/covers/surface/unit-035/formula/137,urn:uuid:f2a5a2ed-50b6-578c-9ff8-59331b11d8a1,covers,urn:uuid:2bbc2eb6-06c9-5212-9395-ec29df82aafd,chapter4.tex:1745-1844
urn:uuid:30f99aa2-0546-51ba-8ef5-1064f9e3bde7,relation/unit/bab-4-grup-dalam-kategori-dan-latihan/section/01/covers/surface/unit-035/formula/138,urn:uuid:f2a5a2ed-50b6-578c-9ff8-59331b11d8a1,covers,urn:uuid:44ba0003-66dd-5a0d-8565-f65491385d0e,chapter4.tex:1745-1844
urn:uuid:5506c54e-f946-5818-9676-8c5771ce58e6,relation/unit/bab-4-grup-dalam-kategori-dan-latihan/section/01/covers/surface/unit-035/formula/139,urn:uuid:f2a5a2ed-50b6-578c-9ff8-59331b11d8a1,covers,urn:uuid:36933ab2-1a3c-5c25-a2d9-886660bfb783,chapter4.tex:1745-1844
urn:uuid:b1ce96fc-148f-52b7-b253-9fe87cb2de77,relation/unit/bab-4-grup-dalam-kategori-dan-latihan/section/01/covers/surface/unit-035/formula/140,urn:uuid:f2a5a2ed-50b6-578c-9ff8-59331b11d8a1,covers,urn:uuid:6deb0e8c-c47f-5eeb-9bf0-d891bfad53e5,chapter4.tex:1745-1844
urn:uuid:d9a67ead-ecdd-54f4-88e6-7dedd48d3e3e,relation/unit/bab-4-grup-dalam-kategori-dan-latihan/section/01/covers/surface/unit-035/formula/141,urn:uuid:f2a5a2ed-50b6-578c-9ff8-59331b11d8a1,covers,urn:uuid:0c90fcd1-3ed9-5dc5-881a-51ecec096154,chapter4.tex:1745-1844
urn:uuid:abc0dcc6-dd20-5e30-a835-4dd4e002114f,relation/unit/bab-4-grup-dalam-kategori-dan-latihan/section/01/covers/surface/unit-035/formula/142,urn:uuid:f2a5a2ed-50b6-578c-9ff8-59331b11d8a1,covers,urn:uuid:74ca207d-b412-54ed-9bf6-34a738e28709,chapter4.tex:1745-1844
urn:uuid:a3e407d2-cf42-55f2-8308-607ab1429c3e,relation/unit/bab-4-grup-dalam-kategori-dan-latihan/section/01/covers/surface/unit-035/formula/143,urn:uuid:f2a5a2ed-50b6-578c-9ff8-59331b11d8a1,covers,urn:uuid:d999d9f5-70be-5bd4-95de-738a6450682d,chapter4.tex:1745-1844
urn:uuid:fa761a86-0e2a-50ef-874f-db899782a727,relation/unit/bab-4-grup-dalam-kategori-dan-latihan/section/01/covers/surface/unit-035/formula/144,urn:uuid:f2a5a2ed-50b6-578c-9ff8-59331b11d8a1,covers,urn:uuid:a42464fe-6b7f-5924-803c-21f60cd35d9b,chapter4.tex:1745-1844
urn:uuid:96aec7b9-43e0-56f7-82a4-711d43d762ed,relation/unit/bab-4-grup-dalam-kategori-dan-latihan/section/01/covers/surface/unit-035/formula/145,urn:uuid:f2a5a2ed-50b6-578c-9ff8-59331b11d8a1,covers,urn:uuid:c5a7258b-9b07-5dcb-a392-4daa9982317e,chapter4.tex:1745-1844
urn:uuid:b6a59cd4-fc6f-5c00-b303-ba015979d6cd,relation/unit/bab-4-grup-dalam-kategori-dan-latihan/section/01/covers/surface/unit-035/formula/146,urn:uuid:f2a5a2ed-50b6-578c-9ff8-59331b11d8a1,covers,urn:uuid:e1e5aeca-ecb5-5ea4-aa2a-cd18db75b8d9,chapter4.tex:1745-1844
urn:uuid:a93bfefd-a3a7-56db-abc6-19bf6cdc81f2,relation/unit/bab-4-grup-dalam-kategori-dan-latihan/section/01/covers/surface/unit-035/formula/147,urn:uuid:f2a5a2ed-50b6-578c-9ff8-59331b11d8a1,covers,urn:uuid:12dab2d7-8a57-5be5-a92e-8317f9fe890a,chapter4.tex:1745-1844
urn:uuid:a68b8b72-d680-5e13-adb0-e456f623c1be,relation/unit/bab-4-grup-dalam-kategori-dan-latihan/section/01/covers/surface/unit-035/formula/148,urn:uuid:f2a5a2ed-50b6-578c-9ff8-59331b11d8a1,covers,urn:uuid:89419e44-51a6-544e-bac2-07e2b271f353,chapter4.tex:1745-1844
urn:uuid:9885e92c-a754-5774-8bb0-3d9d05367138,relation/unit/bab-4-grup-dalam-kategori-dan-latihan/section/01/covers/surface/unit-035/formula/149,urn:uuid:f2a5a2ed-50b6-578c-9ff8-59331b11d8a1,covers,urn:uuid:742122af-1544-50d3-a521-f3b8e621e25f,chapter4.tex:1745-1844
urn:uuid:62c25f15-dbb3-5c70-a669-9d00042be2e7,relation/unit/bab-4-grup-dalam-kategori-dan-latihan/section/01/covers/surface/unit-035/formula/150,urn:uuid:f2a5a2ed-50b6-578c-9ff8-59331b11d8a1,covers,urn:uuid:1578c85d-def8-5e07-8593-b2c1d332f75d,chapter4.tex:1745-1844
urn:uuid:2010aace-738b-5359-932e-f114adecf061,relation/unit/bab-4-grup-dalam-kategori-dan-latihan/section/01/covers/surface/unit-035/formula/151,urn:uuid:f2a5a2ed-50b6-578c-9ff8-59331b11d8a1,covers,urn:uuid:e6a27b73-4f3d-5c5b-9327-3980e954f274,chapter4.tex:1745-1844
urn:uuid:b767d9eb-68af-58f0-b39b-1f4d79d7eff1,relation/unit/bab-4-grup-dalam-kategori-dan-latihan/section/01/covers/surface/unit-035/formula/152,urn:uuid:f2a5a2ed-50b6-578c-9ff8-59331b11d8a1,covers,urn:uuid:b5494e00-5d69-5321-9e8c-cbd05651a53b,chapter4.tex:1745-1844
urn:uuid:84d53452-623c-5e3c-ac7b-35efc0c4603b,relation/unit/bab-4-grup-dalam-kategori-dan-latihan/section/01/covers/surface/unit-035/formula/153,urn:uuid:f2a5a2ed-50b6-578c-9ff8-59331b11d8a1,covers,urn:uuid:5afc4769-aabb-56cb-b2cc-7893112cf16f,chapter4.tex:1745-1844
urn:uuid:a0c74068-ac51-5ca7-a6ce-b50ac22a6b0f,relation/unit/bab-4-grup-dalam-kategori-dan-latihan/section/01/covers/surface/unit-035/formula/154,urn:uuid:f2a5a2ed-50b6-578c-9ff8-59331b11d8a1,covers,urn:uuid:ae33cbdc-4a2c-5d21-a52f-900cde35d080,chapter4.tex:1745-1844
urn:uuid:300b0b26-f7b5-5b97-87a4-e6559ecf44c5,relation/unit/bab-4-grup-dalam-kategori-dan-latihan/section/01/covers/surface/unit-035/formula/155,urn:uuid:f2a5a2ed-50b6-578c-9ff8-59331b11d8a1,covers,urn:uuid:6ef6da0d-7840-5552-a8f9-c5f1dfa7210c,chapter4.tex:1745-1844
urn:uuid:f40eac5c-df48-5802-b6c5-768a7fb1a530,relation/unit/bab-4-grup-dalam-kategori-dan-latihan/section/01/covers/surface/unit-035/formula/156,urn:uuid:f2a5a2ed-50b6-578c-9ff8-59331b11d8a1,covers,urn:uuid:a741ad20-75d2-5235-b154-faf15e8bc226,chapter4.tex:1745-1844
urn:uuid:997c9db1-1613-578a-88b8-828dfd656d5d,relation/unit/bab-4-grup-dalam-kategori-dan-latihan/section/01/covers/surface/unit-035/formula/157,urn:uuid:f2a5a2ed-50b6-578c-9ff8-59331b11d8a1,covers,urn:uuid:1d87a538-0fff-5db2-8522-63e8aba2a75a,chapter4.tex:1745-1844
urn:uuid:f6bae04f-92ee-54ee-9136-33820f6b0228,relation/unit/bab-4-grup-dalam-kategori-dan-latihan/section/01/covers/surface/unit-035/formula/158,urn:uuid:f2a5a2ed-50b6-578c-9ff8-59331b11d8a1,covers,urn:uuid:8f7e35a5-4314-5279-b445-a1df12cbf008,chapter4.tex:1745-1844
urn:uuid:3ac07386-a116-594f-9956-382fa48c0d77,relation/unit/bab-4-grup-dalam-kategori-dan-latihan/section/01/covers/surface/unit-035/formula/159,urn:uuid:f2a5a2ed-50b6-578c-9ff8-59331b11d8a1,covers,urn:uuid:3532e2b4-3650-5e35-9c9a-90526210ef4c,chapter4.tex:1745-1844
urn:uuid:cf8152cb-bf56-5219-8bd6-4bcd100a4f8d,relation/unit/bab-4-grup-dalam-kategori-dan-latihan/section/01/covers/surface/unit-035/formula/160,urn:uuid:f2a5a2ed-50b6-578c-9ff8-59331b11d8a1,covers,urn:uuid:c5a677c4-c1f7-5b44-b67a-abdf1bb4195f,chapter4.tex:1745-1844
urn:uuid:9242dea8-d4b7-584a-b9c1-4ffac2568a09,relation/unit/bab-4-grup-dalam-kategori-dan-latihan/section/01/covers/surface/unit-035/formula/161,urn:uuid:f2a5a2ed-50b6-578c-9ff8-59331b11d8a1,covers,urn:uuid:e2afc326-a6ab-5325-bce1-698fb944e20f,chapter4.tex:1745-1844
urn:uuid:07a95e1c-1eb1-5e82-bd26-1fbb361b66c8,relation/unit/bab-4-grup-dalam-kategori-dan-latihan/section/01/covers/surface/unit-035/formula/162,urn:uuid:f2a5a2ed-50b6-578c-9ff8-59331b11d8a1,covers,urn:uuid:f9e91c2d-3c5e-54ac-b3a7-29423ed60adf,chapter4.tex:1745-1844
urn:uuid:bffd7484-f613-52f4-b93b-485c11d7490c,relation/unit/bab-4-grup-dalam-kategori-dan-latihan/section/01/covers/surface/unit-035/formula/163,urn:uuid:f2a5a2ed-50b6-578c-9ff8-59331b11d8a1,covers,urn:uuid:6e76c205-fe7c-5609-9527-6a52fe0e2ec8,chapter4.tex:1745-1844
urn:uuid:08caff78-a1d4-5579-86fc-6edf2b853409,relation/unit/bab-4-grup-dalam-kategori-dan-latihan/section/01/covers/surface/unit-035/formula/164,urn:uuid:f2a5a2ed-50b6-578c-9ff8-59331b11d8a1,covers,urn:uuid:025df162-e18b-570f-b195-12e67dc8e59a,chapter4.tex:1745-1844
urn:uuid:6fae23eb-d146-5736-aa85-f6b43ab0263c,relation/unit/bab-4-grup-dalam-kategori-dan-latihan/section/01/covers/surface/unit-035/formula/165,urn:uuid:f2a5a2ed-50b6-578c-9ff8-59331b11d8a1,covers,urn:uuid:58f64b69-beea-59af-b59e-60960cc672c5,chapter4.tex:1745-1844
urn:uuid:c79e50c2-2557-5af1-bc1e-386686e29fe6,relation/unit/bab-4-grup-dalam-kategori-dan-latihan/section/01/covers/surface/unit-035/formula/166,urn:uuid:f2a5a2ed-50b6-578c-9ff8-59331b11d8a1,covers,urn:uuid:9a901f5d-69ff-5b49-b266-b0baa77ade0b,chapter4.tex:1745-1844
urn:uuid:9d2a786c-f2a4-5ec6-b72e-5ad95eec1cc0,relation/unit/bab-4-grup-dalam-kategori-dan-latihan/section/01/covers/surface/unit-035/formula/167,urn:uuid:f2a5a2ed-50b6-578c-9ff8-59331b11d8a1,covers,urn:uuid:a8f4bd50-0869-5716-8048-68e7725b3af1,chapter4.tex:1745-1844
urn:uuid:971b86bd-1d1a-5f7c-81b7-9761b0034321,relation/unit/bab-4-grup-dalam-kategori-dan-latihan/section/01/covers/surface/unit-035/formula/168,urn:uuid:f2a5a2ed-50b6-578c-9ff8-59331b11d8a1,covers,urn:uuid:4030d72f-8be3-5998-94e6-a9648a6d6b8c,chapter4.tex:1745-1844
urn:uuid:25cba84e-20bd-5e64-b53f-6877648241f2,relation/unit/bab-4-grup-dalam-kategori-dan-latihan/section/01/covers/surface/unit-035/formula/169,urn:uuid:f2a5a2ed-50b6-578c-9ff8-59331b11d8a1,covers,urn:uuid:37b0ebf5-bc60-50cd-a7e2-3f8347f0106c,chapter4.tex:1745-1844
urn:uuid:b1e089d4-0078-5657-b5d4-68a4c7fd4914,relation/unit/bab-4-grup-dalam-kategori-dan-latihan/section/01/covers/surface/unit-035/formula/170,urn:uuid:f2a5a2ed-50b6-578c-9ff8-59331b11d8a1,covers,urn:uuid:265f8efe-7fbf-5248-92ee-45beaa6bf62f,chapter4.tex:1745-1844
urn:uuid:d1c1c9d4-9a8e-5714-a8aa-8ddce42eedf4,relation/unit/bab-4-grup-dalam-kategori-dan-latihan/section/01/covers/surface/unit-035/formula/171,urn:uuid:f2a5a2ed-50b6-578c-9ff8-59331b11d8a1,covers,urn:uuid:bdc68cda-a530-5374-9fc9-fdb30f9c4905,chapter4.tex:1745-1844
urn:uuid:ee08bbca-7672-5811-a46e-a6595577da3e,relation/unit/bab-4-grup-dalam-kategori-dan-latihan/section/01/covers/surface/unit-035/formula/172,urn:uuid:f2a5a2ed-50b6-578c-9ff8-59331b11d8a1,covers,urn:uuid:0858f6f0-600b-5f0d-95b0-a571ee5fa7e9,chapter4.tex:1745-1844
urn:uuid:45d30434-07f8-53df-a662-481ef39ee440,relation/unit/bab-4-grup-dalam-kategori-dan-latihan/section/01/covers/surface/unit-035/formula/173,urn:uuid:f2a5a2ed-50b6-578c-9ff8-59331b11d8a1,covers,urn:uuid:f04a9a30-979e-52c1-83e3-df4aadf925ff,chapter4.tex:1745-1844
urn:uuid:bc567d98-fa79-5260-9961-1754a2945034,relation/unit/bab-4-grup-dalam-kategori-dan-latihan/section/01/covers/surface/unit-035/formula/174,urn:uuid:f2a5a2ed-50b6-578c-9ff8-59331b11d8a1,covers,urn:uuid:e73dbc79-0177-5086-99ac-c9f3b30c9dcb,chapter4.tex:1745-1844
urn:uuid:76a4f4cb-fdef-510a-b629-5121c450e0c5,relation/unit/bab-4-grup-dalam-kategori-dan-latihan/section/01/covers/surface/unit-035/formula/175,urn:uuid:f2a5a2ed-50b6-578c-9ff8-59331b11d8a1,covers,urn:uuid:d9c2afab-4d88-59e1-8926-128ff3628cfd,chapter4.tex:1745-1844
urn:uuid:7dced02e-df15-555f-b6d6-ccff53e97caa,relation/unit/bab-4-grup-dalam-kategori-dan-latihan/section/01/covers/surface/unit-035/formula/176,urn:uuid:f2a5a2ed-50b6-578c-9ff8-59331b11d8a1,covers,urn:uuid:8b0fa653-b5f4-5b41-8465-3895a493b8f4,chapter4.tex:1745-1844
urn:uuid:e8a12322-5aa7-5989-9fc3-432963e0d431,relation/unit/bab-4-grup-dalam-kategori-dan-latihan/section/01/covers/surface/unit-035/formula/177,urn:uuid:f2a5a2ed-50b6-578c-9ff8-59331b11d8a1,covers,urn:uuid:18e45711-0995-5308-8f24-82280e032db0,chapter4.tex:1745-1844
urn:uuid:94374b68-d0c8-5a1f-827d-071ac26f2804,relation/unit/bab-4-grup-dalam-kategori-dan-latihan/section/01/covers/surface/unit-035/formula/178,urn:uuid:f2a5a2ed-50b6-578c-9ff8-59331b11d8a1,covers,urn:uuid:d5257785-85ba-58df-9d6a-06d64df21e62,chapter4.tex:1745-1844
urn:uuid:9f71e164-6471-5dc6-ab0a-f05c006474a9,relation/unit/bab-4-grup-dalam-kategori-dan-latihan/section/01/covers/surface/unit-035/formula/179,urn:uuid:f2a5a2ed-50b6-578c-9ff8-59331b11d8a1,covers,urn:uuid:4c407475-66e0-551d-8968-70a29eb303d8,chapter4.tex:1745-1844
urn:uuid:b1720b17-2fd8-5659-ab72-7a59802cc07b,relation/unit/bab-4-grup-dalam-kategori-dan-latihan/section/01/covers/surface/unit-035/formula/180,urn:uuid:f2a5a2ed-50b6-578c-9ff8-59331b11d8a1,covers,urn:uuid:eeaec740-fb21-5cc9-a2e4-9d2d4c6be0bc,chapter4.tex:1745-1844
urn:uuid:6b31bde7-3c85-5f58-a2ee-af83496adfad,relation/unit/bab-4-grup-dalam-kategori-dan-latihan/section/01/covers/surface/unit-035/formula/181,urn:uuid:f2a5a2ed-50b6-578c-9ff8-59331b11d8a1,covers,urn:uuid:495f3ece-9371-5453-868a-77422082a6e6,chapter4.tex:1745-1844
urn:uuid:ae0473f2-d6ac-56f8-b5cd-87c907377cff,relation/unit/bab-4-grup-dalam-kategori-dan-latihan/section/01/covers/surface/unit-035/formula/182,urn:uuid:f2a5a2ed-50b6-578c-9ff8-59331b11d8a1,covers,urn:uuid:33d46f14-5fc0-51f2-bfee-6e5714ae2509,chapter4.tex:1745-1844
urn:uuid:b3781b03-e9cf-512a-9204-e0ec21860bbe,relation/unit/bab-4-grup-dalam-kategori-dan-latihan/section/01/covers/surface/unit-035/formula/183,urn:uuid:f2a5a2ed-50b6-578c-9ff8-59331b11d8a1,covers,urn:uuid:18d31b31-561d-53ee-96c9-0d23103e3c45,chapter4.tex:1745-1844
urn:uuid:086bbaf7-c00b-5603-a144-a690cb497383,relation/unit/bab-4-grup-dalam-kategori-dan-latihan/section/01/covers/surface/unit-035/formula/184,urn:uuid:f2a5a2ed-50b6-578c-9ff8-59331b11d8a1,covers,urn:uuid:c3a60b4a-4089-55ac-9477-1f4db20189aa,chapter4.tex:1745-1844
urn:uuid:e9c3a91c-bc0f-5ac6-932c-d3571c8d37ae,relation/unit/bab-4-grup-dalam-kategori-dan-latihan/section/01/covers/surface/unit-035/formula/185,urn:uuid:f2a5a2ed-50b6-578c-9ff8-59331b11d8a1,covers,urn:uuid:e30ba69c-1024-5c35-9377-d4ab4f7a763e,chapter4.tex:1745-1844
urn:uuid:8b050b19-70a4-526f-8c73-8732889cc0eb,relation/unit/bab-4-grup-dalam-kategori-dan-latihan/section/01/covers/surface/unit-035/formula/186,urn:uuid:f2a5a2ed-50b6-578c-9ff8-59331b11d8a1,covers,urn:uuid:ab912318-505d-5099-9a27-b4d76d6f3d59,chapter4.tex:1745-1844
urn:uuid:2dcb182a-4e9e-5b88-bfb5-26bb56f8ab12,relation/unit/bab-4-grup-dalam-kategori-dan-latihan/section/01/covers/surface/unit-035/formula/187,urn:uuid:f2a5a2ed-50b6-578c-9ff8-59331b11d8a1,covers,urn:uuid:b8839b86-b373-5d5a-8d16-e2a80ec44483,chapter4.tex:1745-1844
urn:uuid:fac74e63-f827-5d5d-a17f-3608afcb5c0b,relation/unit/bab-4-grup-dalam-kategori-dan-latihan/section/01/covers/surface/unit-035/formula/188,urn:uuid:f2a5a2ed-50b6-578c-9ff8-59331b11d8a1,covers,urn:uuid:aba25949-28ab-5e4c-a506-121d8283bd9c,chapter4.tex:1745-1844
urn:uuid:686d672d-6ef8-5353-a9cd-502c6d20d49d,relation/unit/bab-4-grup-dalam-kategori-dan-latihan/section/01/covers/surface/unit-035/formula/189,urn:uuid:f2a5a2ed-50b6-578c-9ff8-59331b11d8a1,covers,urn:uuid:8d1f8b72-46e3-56c0-9d0a-6343c11cb04d,chapter4.tex:1745-1844
urn:uuid:a2c98f14-e691-5a01-9505-3df197fe03ce,relation/unit/bab-4-grup-dalam-kategori-dan-latihan/section/01/covers/surface/unit-035/formula/190,urn:uuid:f2a5a2ed-50b6-578c-9ff8-59331b11d8a1,covers,urn:uuid:f2682d71-2e57-5930-856c-a360fdc39ac2,chapter4.tex:1745-1844
urn:uuid:2f079c78-aeef-59c2-899b-fead2a22962e,relation/unit/bab-4-grup-dalam-kategori-dan-latihan/section/01/covers/surface/unit-035/formula/191,urn:uuid:f2a5a2ed-50b6-578c-9ff8-59331b11d8a1,covers,urn:uuid:2bd4d203-8f7a-5dc3-9621-847905612ae5,chapter4.tex:1745-1844
urn:uuid:b4726172-0776-5260-9546-16112a46ce25,relation/unit/bab-4-grup-dalam-kategori-dan-latihan/section/01/covers/surface/unit-035/formula/192,urn:uuid:f2a5a2ed-50b6-578c-9ff8-59331b11d8a1,covers,urn:uuid:ac82b8f1-72aa-54f2-a8c3-34f2237d2a9c,chapter4.tex:1745-1844
urn:uuid:3e4a80cd-dd15-52ed-9f64-72c8d3efb291,relation/unit/bab-4-grup-dalam-kategori-dan-latihan/section/01/covers/surface/unit-035/formula/193,urn:uuid:f2a5a2ed-50b6-578c-9ff8-59331b11d8a1,covers,urn:uuid:09182d19-3caa-5fd9-9686-878027495858,chapter4.tex:1745-1844
urn:uuid:61ac5e0b-8a24-57b9-bfd2-c35590b8d0a8,relation/unit/bab-4-grup-dalam-kategori-dan-latihan/section/01/covers/surface/unit-035/formula/194,urn:uuid:f2a5a2ed-50b6-578c-9ff8-59331b11d8a1,covers,urn:uuid:57d40f47-f4da-582f-8306-150d32911cb6,chapter4.tex:1745-1844
urn:uuid:be0cf49f-37e9-5412-bd58-d0f9e90bef97,relation/unit/bab-4-grup-dalam-kategori-dan-latihan/section/01/covers/surface/unit-035/formula/195,urn:uuid:f2a5a2ed-50b6-578c-9ff8-59331b11d8a1,covers,urn:uuid:1cd7276b-b810-5785-81ae-b03711110a37,chapter4.tex:1745-1844
urn:uuid:19c8f658-482b-5f2f-bfcd-5ce3d74fbdb6,relation/unit/bab-4-grup-dalam-kategori-dan-latihan/section/01/covers/surface/unit-035/formula/196,urn:uuid:f2a5a2ed-50b6-578c-9ff8-59331b11d8a1,covers,urn:uuid:f0bda65f-1e32-554d-9b86-02cbe7ad3d4f,chapter4.tex:1745-1844
urn:uuid:fcdcde94-50cc-595e-a5ab-4779c6da30e9,relation/unit/bab-4-grup-dalam-kategori-dan-latihan/section/01/covers/surface/unit-035/formula/197,urn:uuid:f2a5a2ed-50b6-578c-9ff8-59331b11d8a1,covers,urn:uuid:c4dd8327-af9f-5474-a933-d59655885451,chapter4.tex:1745-1844
urn:uuid:dfd8fc4c-d069-542d-9aa0-22f719755de7,relation/unit/bab-4-grup-dalam-kategori-dan-latihan/section/01/covers/surface/unit-035/formula/198,urn:uuid:f2a5a2ed-50b6-578c-9ff8-59331b11d8a1,covers,urn:uuid:50249f88-137f-5377-a916-88b3e13924ba,chapter4.tex:1745-1844
urn:uuid:687e98a2-05b1-55c4-8dfe-e56349646556,relation/unit/bab-4-grup-dalam-kategori-dan-latihan/section/01/covers/surface/unit-035/formula/199,urn:uuid:f2a5a2ed-50b6-578c-9ff8-59331b11d8a1,covers,urn:uuid:a040f9e9-3164-5535-940d-f51bfe358753,chapter4.tex:1745-1844
urn:uuid:7e13f7ae-7436-5413-b887-3716abcd7e6b,relation/unit/bab-4-grup-dalam-kategori-dan-latihan/section/01/covers/surface/unit-035/formula/200,urn:uuid:f2a5a2ed-50b6-578c-9ff8-59331b11d8a1,covers,urn:uuid:b019b618-be0f-5fed-bdc2-196e44bc24f4,chapter4.tex:1745-1844
urn:uuid:44a4243d-50c9-5ae3-81c9-fd40d60bd89c,relation/unit/bab-4-grup-dalam-kategori-dan-latihan/section/01/covers/surface/unit-035/formula/201,urn:uuid:f2a5a2ed-50b6-578c-9ff8-59331b11d8a1,covers,urn:uuid:27e2b0f3-f628-5d44-9b70-1db1ad1163ef,chapter4.tex:1745-1844
urn:uuid:de5d5cb6-0983-5626-ae36-a2d263635cc3,relation/unit/bab-4-grup-dalam-kategori-dan-latihan/section/01/covers/surface/unit-035/formula/202,urn:uuid:f2a5a2ed-50b6-578c-9ff8-59331b11d8a1,covers,urn:uuid:37c086d3-e616-54d9-829f-09a42fdc7a8f,chapter4.tex:1745-1844
urn:uuid:91378eb6-a8d0-5a3f-854e-1695bf218054,relation/unit/bab-4-grup-dalam-kategori-dan-latihan/section/01/covers/surface/unit-035/formula/203,urn:uuid:f2a5a2ed-50b6-578c-9ff8-59331b11d8a1,covers,urn:uuid:d59fc908-ee56-5c49-98a7-74ea0b726665,chapter4.tex:1745-1844
urn:uuid:38e1ba82-9d48-56c3-92b5-d9ffa6a0223c,relation/unit/bab-4-grup-dalam-kategori-dan-latihan/section/01/covers/surface/unit-035/formula/204,urn:uuid:f2a5a2ed-50b6-578c-9ff8-59331b11d8a1,covers,urn:uuid:e156bcf1-7af3-5e49-8690-246b8c18473a,chapter4.tex:1745-1844
urn:uuid:65ba8054-b2c4-5696-9099-dec3c7f337a3,relation/unit/bab-4-grup-dalam-kategori-dan-latihan/section/01/covers/surface/unit-035/formula/205,urn:uuid:f2a5a2ed-50b6-578c-9ff8-59331b11d8a1,covers,urn:uuid:7801169c-c9b1-52bb-9a1e-b0432cab8c88,chapter4.tex:1745-1844
urn:uuid:cfd154cd-3a1e-5931-94b2-928611d98971,relation/unit/bab-4-grup-dalam-kategori-dan-latihan/section/01/covers/surface/unit-035/formula/206,urn:uuid:f2a5a2ed-50b6-578c-9ff8-59331b11d8a1,covers,urn:uuid:ff612558-7743-5c71-9cda-9d9576179e91,chapter4.tex:1745-1844
urn:uuid:058487f1-154b-52b2-8223-f8505a304395,relation/unit/bab-4-grup-dalam-kategori-dan-latihan/section/01/covers/surface/unit-035/formula/207,urn:uuid:f2a5a2ed-50b6-578c-9ff8-59331b11d8a1,covers,urn:uuid:0de3b2a7-9af4-50f3-afa3-829616b345b6,chapter4.tex:1745-1844
urn:uuid:71c9a9fe-aa06-51a4-8894-533f25b567fa,relation/unit/bab-4-grup-dalam-kategori-dan-latihan/section/01/covers/surface/unit-035/formula/208,urn:uuid:f2a5a2ed-50b6-578c-9ff8-59331b11d8a1,covers,urn:uuid:c872097e-136f-55ef-9c83-7d605722fe75,chapter4.tex:1745-1844
urn:uuid:e831a379-41b2-54d3-9ed9-f6d4cdcd1e32,relation/unit/bab-4-grup-dalam-kategori-dan-latihan/section/01/covers/surface/unit-035/formula/209,urn:uuid:f2a5a2ed-50b6-578c-9ff8-59331b11d8a1,covers,urn:uuid:704e4ef9-0b2f-5c0d-af0b-d9a98fdd2c3b,chapter4.tex:1745-1844
urn:uuid:bfccb7f8-1750-5fe2-b6cf-8b5c54afc799,relation/unit/bab-4-grup-dalam-kategori-dan-latihan/section/01/covers/surface/unit-035/formula/210,urn:uuid:f2a5a2ed-50b6-578c-9ff8-59331b11d8a1,covers,urn:uuid:44bfcec1-2398-5b61-9c09-742e455a3eb0,chapter4.tex:1745-1844
urn:uuid:537e51ac-9b9d-572e-b020-d7f3941850ac,relation/unit/bab-4-grup-dalam-kategori-dan-latihan/section/01/covers/surface/unit-035/formula/211,urn:uuid:f2a5a2ed-50b6-578c-9ff8-59331b11d8a1,covers,urn:uuid:0d6fdc13-1a22-57d2-b3c4-b1324cc824ed,chapter4.tex:1745-1844
urn:uuid:0960236f-ed2c-56a4-a7bf-037d36953e9a,relation/unit/bab-4-grup-dalam-kategori-dan-latihan/section/01/covers/surface/unit-035/formula/212,urn:uuid:f2a5a2ed-50b6-578c-9ff8-59331b11d8a1,covers,urn:uuid:e2cf7e24-1bfc-5a9d-9636-b9cdee5e64a6,chapter4.tex:1745-1844
urn:uuid:cf0168b9-dd1e-58fc-90fd-b13581d83a11,relation/unit/bab-4-grup-dalam-kategori-dan-latihan/section/01/covers/surface/unit-035/formula/213,urn:uuid:f2a5a2ed-50b6-578c-9ff8-59331b11d8a1,covers,urn:uuid:c1ad1681-fd3b-5cf7-ab7b-83e285f919b1,chapter4.tex:1745-1844
urn:uuid:ff19b9de-9a72-5bed-946b-f95bb8977b55,relation/unit/bab-4-grup-dalam-kategori-dan-latihan/section/01/covers/surface/unit-035/formula/214,urn:uuid:f2a5a2ed-50b6-578c-9ff8-59331b11d8a1,covers,urn:uuid:45083881-da50-5ea0-9a68-6994c47cbf90,chapter4.tex:1745-1844
urn:uuid:b9ec6895-8332-5bd9-8c39-cc61ed1f773c,relation/unit/bab-4-grup-dalam-kategori-dan-latihan/section/01/covers/surface/unit-035/formula/215,urn:uuid:f2a5a2ed-50b6-578c-9ff8-59331b11d8a1,covers,urn:uuid:3635bf07-d5c0-5e27-80e5-dbc6fbc3b1e4,chapter4.tex:1745-1844
urn:uuid:697a80e7-59cf-5862-8d04-2850b2e964cc,relation/unit/bab-4-grup-dalam-kategori-dan-latihan/section/01/covers/surface/unit-035/formula/216,urn:uuid:f2a5a2ed-50b6-578c-9ff8-59331b11d8a1,covers,urn:uuid:43abbc74-9f9b-579d-aded-24780dcb7320,chapter4.tex:1745-1844
urn:uuid:23abb8ae-582b-5b2d-9a81-9cf719695058,relation/unit/bab-4-grup-dalam-kategori-dan-latihan/section/01/covers/surface/unit-035/formula/217,urn:uuid:f2a5a2ed-50b6-578c-9ff8-59331b11d8a1,covers,urn:uuid:27e3e54f-102b-5578-a57f-e97038d03923,chapter4.tex:1745-1844
urn:uuid:d9384bc2-ce46-5b64-b267-30f37b1b54fa,relation/unit/bab-4-grup-dalam-kategori-dan-latihan/section/01/covers/surface/unit-035/formula/218,urn:uuid:f2a5a2ed-50b6-578c-9ff8-59331b11d8a1,covers,urn:uuid:ea08517d-bc2e-51ed-bcfd-8ba85e040eca,chapter4.tex:1745-1844
urn:uuid:68d1a2dc-1a87-5875-a80f-1c3d88a35dc7,relation/unit/bab-4-grup-dalam-kategori-dan-latihan/section/01/covers/surface/unit-035/formula/219,urn:uuid:f2a5a2ed-50b6-578c-9ff8-59331b11d8a1,covers,urn:uuid:e3218fe2-df91-5aa7-8953-d82665b3eff7,chapter4.tex:1745-1844
urn:uuid:f052cded-0dcf-544b-a7b7-526d294e0c9b,relation/unit/bab-4-grup-dalam-kategori-dan-latihan/section/01/covers/surface/unit-035/formula/220,urn:uuid:f2a5a2ed-50b6-578c-9ff8-59331b11d8a1,covers,urn:uuid:8c3af48b-cba0-5c42-b3c8-c946486f6878,chapter4.tex:1745-1844
urn:uuid:4e4c0968-4680-5779-97d5-9e0f688e61ab,relation/unit/bab-4-grup-dalam-kategori-dan-latihan/section/01/covers/surface/unit-035/formula/221,urn:uuid:f2a5a2ed-50b6-578c-9ff8-59331b11d8a1,covers,urn:uuid:9a575052-8ad4-5f4d-b711-39c49fde9b67,chapter4.tex:1745-1844
urn:uuid:aba34881-0f4c-5b80-8c6e-dbb9f0ea28dc,relation/unit/bab-4-grup-dalam-kategori-dan-latihan/section/01/covers/surface/unit-035/formula/222,urn:uuid:f2a5a2ed-50b6-578c-9ff8-59331b11d8a1,covers,urn:uuid:59424b1a-3389-536b-b34c-36b54ba7807d,chapter4.tex:1745-1844
urn:uuid:d814b9a0-bcec-52aa-b78c-550e2157cc8a,relation/unit/bab-4-grup-dalam-kategori-dan-latihan/section/01/covers/surface/unit-035/formula/223,urn:uuid:f2a5a2ed-50b6-578c-9ff8-59331b11d8a1,covers,urn:uuid:5a401407-a778-5a98-8312-b8257d8ea096,chapter4.tex:1745-1844
urn:uuid:cd43feda-f9d1-5d1f-91d4-8382bfee669d,relation/unit/bab-4-grup-dalam-kategori-dan-latihan/section/01/covers/surface/unit-035/formula/224,urn:uuid:f2a5a2ed-50b6-578c-9ff8-59331b11d8a1,covers,urn:uuid:05b57f04-246f-5149-8bb3-33fd3438c82b,chapter4.tex:1745-1844
urn:uuid:eda1bb53-4b8d-5a16-a515-e7bfe496f937,relation/unit/bab-4-grup-dalam-kategori-dan-latihan/section/01/covers/surface/unit-035/formula/225,urn:uuid:f2a5a2ed-50b6-578c-9ff8-59331b11d8a1,covers,urn:uuid:4432adf6-94a1-544e-bc67-ad4b34a0c263,chapter4.tex:1745-1844
urn:uuid:31d6849d-973a-54c7-8894-51a1aa1f80a2,relation/unit/bab-4-grup-dalam-kategori-dan-latihan/section/01/covers/surface/unit-035/formula/226,urn:uuid:f2a5a2ed-50b6-578c-9ff8-59331b11d8a1,covers,urn:uuid:d8602a44-ed1a-54fb-a005-01b966e5d024,chapter4.tex:1745-1844
urn:uuid:ef4a057d-0a37-54e7-bcb5-34e01f0e8e52,relation/unit/bab-4-grup-dalam-kategori-dan-latihan/section/01/covers/surface/unit-035/formula/227,urn:uuid:f2a5a2ed-50b6-578c-9ff8-59331b11d8a1,covers,urn:uuid:849c8acc-54b5-545d-97a5-14941d709607,chapter4.tex:1745-1844
urn:uuid:04c76910-b747-5dfe-b196-895a4d527eb8,relation/unit/bab-4-grup-dalam-kategori-dan-latihan/section/01/covers/surface/unit-035/formula/228,urn:uuid:f2a5a2ed-50b6-578c-9ff8-59331b11d8a1,covers,urn:uuid:ca55defd-e4d0-5adf-b30c-3f64c9274701,chapter4.tex:1745-1844
urn:uuid:dd13adba-2f91-5029-bd62-ae2c8ffbaaa0,relation/unit/bab-4-grup-dalam-kategori-dan-latihan/section/01/covers/surface/unit-035/formula/229,urn:uuid:f2a5a2ed-50b6-578c-9ff8-59331b11d8a1,covers,urn:uuid:088af9ad-48a0-5233-a87e-d39e01dea419,chapter4.tex:1745-1844
urn:uuid:51546de2-1ef2-5e11-906c-15b615297c30,relation/unit/bab-4-grup-dalam-kategori-dan-latihan/section/01/covers/surface/unit-035/formula/230,urn:uuid:f2a5a2ed-50b6-578c-9ff8-59331b11d8a1,covers,urn:uuid:d6279d5d-db85-5902-b2c9-061d320a1e8b,chapter4.tex:1745-1844
urn:uuid:ebbc9706-4e6e-5449-8246-30e9ba5fdf12,relation/unit/bab-4-grup-dalam-kategori-dan-latihan/section/01/covers/surface/unit-035/formula/231,urn:uuid:f2a5a2ed-50b6-578c-9ff8-59331b11d8a1,covers,urn:uuid:cab7f22a-9091-5924-b90b-efa008a318e7,chapter4.tex:1745-1844
urn:uuid:23295735-2ac4-5620-b6cf-9bd9ea1cc646,relation/unit/bab-4-grup-dalam-kategori-dan-latihan/section/01/covers/surface/unit-035/formula/232,urn:uuid:f2a5a2ed-50b6-578c-9ff8-59331b11d8a1,covers,urn:uuid:b2bc2347-52ca-532b-a7eb-56baa86b282a,chapter4.tex:1745-1844
urn:uuid:026cce6c-28b8-5211-9b9f-a0767a968c6b,relation/unit/bab-4-grup-dalam-kategori-dan-latihan/section/01/covers/surface/unit-035/formula/233,urn:uuid:f2a5a2ed-50b6-578c-9ff8-59331b11d8a1,covers,urn:uuid:b50137e3-e73a-55e2-a47b-f79c847843a8,chapter4.tex:1745-1844
urn:uuid:b865ef05-4321-5c0c-b355-a248fed1a320,relation/unit/bab-4-grup-dalam-kategori-dan-latihan/section/01/covers/surface/unit-035/formula/234,urn:uuid:f2a5a2ed-50b6-578c-9ff8-59331b11d8a1,covers,urn:uuid:af307cfd-ed70-5d9e-bce1-d261e7a0d04d,chapter4.tex:1745-1844
urn:uuid:b02d7788-428c-5045-b4af-c47e03e94fdc,relation/unit/bab-4-grup-dalam-kategori-dan-latihan/section/01/covers/surface/unit-035/formula/235,urn:uuid:f2a5a2ed-50b6-578c-9ff8-59331b11d8a1,covers,urn:uuid:602fdfbf-cb3e-5e9a-8bce-1351ec1792e5,chapter4.tex:1745-1844
urn:uuid:ceeff0a6-d60f-52b8-b2e4-f93a2edfe21f,relation/unit/bab-4-grup-dalam-kategori-dan-latihan/section/01/covers/surface/unit-035/formula/236,urn:uuid:f2a5a2ed-50b6-578c-9ff8-59331b11d8a1,covers,urn:uuid:62fca427-b394-59fc-bd05-8b1c6738b191,chapter4.tex:1745-1844
urn:uuid:a2bc1d0c-7d50-56e3-97ec-a25311bdf445,relation/unit/bab-4-grup-dalam-kategori-dan-latihan/section/01/covers/surface/unit-035/formula/237,urn:uuid:f2a5a2ed-50b6-578c-9ff8-59331b11d8a1,covers,urn:uuid:413824f7-01b2-5b88-b1a7-1555d451525c,chapter4.tex:1745-1844
urn:uuid:1dfee074-0761-5ec0-ac3f-9a025f066abf,relation/unit/bab-4-grup-dalam-kategori-dan-latihan/section/01/covers/surface/unit-035/formula/238,urn:uuid:f2a5a2ed-50b6-578c-9ff8-59331b11d8a1,covers,urn:uuid:0242c846-7ca1-5658-9c58-2ffdee8dab8f,chapter4.tex:1745-1844
urn:uuid:5f2d4a5e-fe4b-5af8-9b6f-609c308b97ba,relation/unit/bab-4-grup-dalam-kategori-dan-latihan/section/01/covers/surface/unit-035/formula/239,urn:uuid:f2a5a2ed-50b6-578c-9ff8-59331b11d8a1,covers,urn:uuid:030f51ca-25da-513b-9753-cf9a41a14dfb,chapter4.tex:1745-1844
urn:uuid:d76afa10-c5d6-58a9-a426-2e1bf5153270,relation/unit/bab-4-grup-dalam-kategori-dan-latihan/section/01/covers/surface/unit-035/formula/240,urn:uuid:f2a5a2ed-50b6-578c-9ff8-59331b11d8a1,covers,urn:uuid:be07fb7c-b852-5a90-a9ad-21aa6b17f540,chapter4.tex:1745-1844
urn:uuid:4262fbd9-9a1e-54ae-8d3b-2260a7279c87,relation/unit/bab-4-grup-dalam-kategori-dan-latihan/section/01/covers/surface/unit-035/formula/241,urn:uuid:f2a5a2ed-50b6-578c-9ff8-59331b11d8a1,covers,urn:uuid:c13c3113-e2e7-5cd5-ad2d-6a085cf75b83,chapter4.tex:1745-1844
urn:uuid:73ae3608-f5ef-561e-af50-c0f7785ccffd,relation/unit/bab-4-grup-dalam-kategori-dan-latihan/section/01/covers/surface/unit-035/formula/242,urn:uuid:f2a5a2ed-50b6-578c-9ff8-59331b11d8a1,covers,urn:uuid:4e47c137-fec3-52ae-954f-aaba11c0f9d5,chapter4.tex:1745-1844
urn:uuid:3a3aac91-8841-5079-8344-3b3d35997f19,relation/unit/bab-4-grup-dalam-kategori-dan-latihan/section/01/covers/surface/unit-035/formula/243,urn:uuid:f2a5a2ed-50b6-578c-9ff8-59331b11d8a1,covers,urn:uuid:cea6249e-fac0-5008-92cd-1a0ea6f773fe,chapter4.tex:1745-1844
urn:uuid:72faf00a-456a-58d8-9ad5-bd080c72b060,relation/unit/bab-4-grup-dalam-kategori-dan-latihan/section/01/covers/surface/unit-035/formula/244,urn:uuid:f2a5a2ed-50b6-578c-9ff8-59331b11d8a1,covers,urn:uuid:47778cdf-673e-50c4-ae7f-e2a9f0ce952b,chapter4.tex:1745-1844
urn:uuid:b430e824-a5ad-5954-aaeb-cf4380c846e6,relation/unit/bab-4-grup-dalam-kategori-dan-latihan/section/01/covers/surface/unit-035/formula/245,urn:uuid:f2a5a2ed-50b6-578c-9ff8-59331b11d8a1,covers,urn:uuid:da55bd04-7d8c-54df-bd7b-2af4273937c3,chapter4.tex:1745-1844
urn:uuid:59504de7-bcc0-5714-9649-3bbd1c267b6a,relation/unit/bab-4-grup-dalam-kategori-dan-latihan/section/01/covers/surface/unit-035/formula/246,urn:uuid:f2a5a2ed-50b6-578c-9ff8-59331b11d8a1,covers,urn:uuid:3015cd8a-74d1-53ec-b571-79f143064dcb,chapter4.tex:1745-1844
urn:uuid:3a795ed8-9bee-5e7e-a0b8-5f4626ba2b11,relation/unit/bab-4-grup-dalam-kategori-dan-latihan/section/01/covers/surface/unit-035/formula/247,urn:uuid:f2a5a2ed-50b6-578c-9ff8-59331b11d8a1,covers,urn:uuid:96d26ebf-2637-57e8-81cc-43a851231911,chapter4.tex:1745-1844
urn:uuid:262bbcc3-54be-5120-b59c-a44c8b50c751,relation/unit/bab-4-grup-dalam-kategori-dan-latihan/section/01/covers/surface/unit-035/label/001,urn:uuid:f2a5a2ed-50b6-578c-9ff8-59331b11d8a1,covers,urn:uuid:378937c9-e7ba-5bf3-b86d-6d428d16166e,chapter4.tex:1745-1844
urn:uuid:fdee3b53-835d-5511-885d-506007493562,relation/unit/bab-4-grup-dalam-kategori-dan-latihan/section/01/covers/surface/unit-035/label/002,urn:uuid:f2a5a2ed-50b6-578c-9ff8-59331b11d8a1,covers,urn:uuid:cbdb3065-639a-5ce7-9f0b-2476a6525cc2,chapter4.tex:1745-1844
urn:uuid:c9a0a457-569b-525e-966a-9635ff7f37da,relation/unit/bab-4-grup-dalam-kategori-dan-latihan/section/01/covers/surface/unit-035/label/003,urn:uuid:f2a5a2ed-50b6-578c-9ff8-59331b11d8a1,covers,urn:uuid:9a1d7f63-64c7-5183-8a46-d19166c3e763,chapter4.tex:1745-1844
urn:uuid:a0650dff-71b2-513f-8c21-59e3f2d22912,relation/unit/bab-4-grup-dalam-kategori-dan-latihan/section/01/covers/surface/unit-035/list-item/001,urn:uuid:f2a5a2ed-50b6-578c-9ff8-59331b11d8a1,covers,urn:uuid:955a636f-2dd2-56f7-ac0c-56404e6932f3,chapter4.tex:1745-1844
urn:uuid:73bfb642-1768-554c-8abc-8b71c03667d8,relation/unit/bab-4-grup-dalam-kategori-dan-latihan/section/01/covers/surface/unit-035/list-item/002,urn:uuid:f2a5a2ed-50b6-578c-9ff8-59331b11d8a1,covers,urn:uuid:e2026e58-e73e-5ef1-ae73-de71ce4b9320,chapter4.tex:1745-1844
urn:uuid:3a61a4e6-85f5-5de8-9232-ea4449b50d20,relation/unit/bab-4-grup-dalam-kategori-dan-latihan/section/01/covers/surface/unit-035/list-item/003,urn:uuid:f2a5a2ed-50b6-578c-9ff8-59331b11d8a1,covers,urn:uuid:3a2adbbb-e0aa-5e38-8c14-8329f715c20b,chapter4.tex:1745-1844
urn:uuid:0395b754-5734-5ed6-ab38-9f8131fe269a,relation/unit/bab-4-grup-dalam-kategori-dan-latihan/section/01/covers/surface/unit-035/list-item/004,urn:uuid:f2a5a2ed-50b6-578c-9ff8-59331b11d8a1,covers,urn:uuid:e40c639b-e334-51f6-aeb7-ca07b7fb5573,chapter4.tex:1745-1844
urn:uuid:8ba01ca1-b6ac-54c1-a998-9482fa57fe1c,relation/unit/bab-4-grup-dalam-kategori-dan-latihan/section/01/covers/surface/unit-035/list-item/005,urn:uuid:f2a5a2ed-50b6-578c-9ff8-59331b11d8a1,covers,urn:uuid:46baae3c-21c4-576c-90ca-86c770548cdb,chapter4.tex:1745-1844
urn:uuid:6ec8584c-9511-59a9-b9d8-595582b497d7,relation/unit/bab-4-grup-dalam-kategori-dan-latihan/section/01/covers/surface/unit-035/list-item/006,urn:uuid:f2a5a2ed-50b6-578c-9ff8-59331b11d8a1,covers,urn:uuid:b49e67c3-303b-5bee-bbf5-7b131c96111d,chapter4.tex:1745-1844
urn:uuid:32e4a21e-da78-5639-8aad-d3523195ad15,relation/unit/bab-4-grup-dalam-kategori-dan-latihan/section/01/covers/surface/unit-035/list-item/007,urn:uuid:f2a5a2ed-50b6-578c-9ff8-59331b11d8a1,covers,urn:uuid:ddf10e64-0a83-55db-8c2f-2dfcc6327c26,chapter4.tex:1745-1844
urn:uuid:4a65aa4c-9c88-54e9-b9fb-5614e1dda783,relation/unit/bab-4-grup-dalam-kategori-dan-latihan/section/01/covers/surface/unit-035/list-item/008,urn:uuid:f2a5a2ed-50b6-578c-9ff8-59331b11d8a1,covers,urn:uuid:0bedd9bb-2203-5e8b-9918-e78337129a59,chapter4.tex:1745-1844
urn:uuid:70755a6e-39a4-51e1-b2d6-b6890737c156,relation/unit/bab-4-grup-dalam-kategori-dan-latihan/section/01/covers/surface/unit-035/list-item/009,urn:uuid:f2a5a2ed-50b6-578c-9ff8-59331b11d8a1,covers,urn:uuid:b899bb79-0d61-5749-95ea-c60b35d40def,chapter4.tex:1745-1844
urn:uuid:d998034f-c52e-561d-8b88-913d0b8bcf6e,relation/unit/bab-4-grup-dalam-kategori-dan-latihan/section/01/covers/surface/unit-035/list-item/010,urn:uuid:f2a5a2ed-50b6-578c-9ff8-59331b11d8a1,covers,urn:uuid:5f28bc4f-8bd5-57cf-b26c-d118c3cccd29,chapter4.tex:1745-1844
urn:uuid:a03c2d63-f1fb-5292-82cc-7586a605ce9b,relation/unit/bab-4-grup-dalam-kategori-dan-latihan/section/01/covers/surface/unit-035/list-item/011,urn:uuid:f2a5a2ed-50b6-578c-9ff8-59331b11d8a1,covers,urn:uuid:fa50dcf7-70ad-5feb-b2c6-41b3dd4b3fdb,chapter4.tex:1745-1844
urn:uuid:5f563a1c-8108-58b6-9cfb-4847f05101f6,relation/unit/bab-4-grup-dalam-kategori-dan-latihan/section/01/covers/surface/unit-035/list-item/012,urn:uuid:f2a5a2ed-50b6-578c-9ff8-59331b11d8a1,covers,urn:uuid:c65f4dca-fa94-5e13-af44-4e6246999d8d,chapter4.tex:1745-1844
urn:uuid:0c9965cc-2be4-5ae3-95b1-363651413cd2,relation/unit/bab-4-grup-dalam-kategori-dan-latihan/section/01/covers/surface/unit-035/list-item/013,urn:uuid:f2a5a2ed-50b6-578c-9ff8-59331b11d8a1,covers,urn:uuid:5d445b50-8aee-5935-a5ff-6739ab4f22b7,chapter4.tex:1745-1844
urn:uuid:8d8dcfd4-e492-5571-901e-05b55ed27ff3,relation/unit/bab-4-grup-dalam-kategori-dan-latihan/section/01/covers/surface/unit-035/list-item/014,urn:uuid:f2a5a2ed-50b6-578c-9ff8-59331b11d8a1,covers,urn:uuid:ec38df69-ec60-5c43-b988-e571141d6250,chapter4.tex:1745-1844
urn:uuid:e30fcfc4-2d03-5bfd-ab8c-55fbd44a1e13,relation/unit/bab-4-grup-dalam-kategori-dan-latihan/section/01/covers/surface/unit-035/list-item/015,urn:uuid:f2a5a2ed-50b6-578c-9ff8-59331b11d8a1,covers,urn:uuid:ce06b186-e21c-5b5d-8320-22e47ba39aa1,chapter4.tex:1745-1844
urn:uuid:401041cd-41d2-5ccb-9623-150d75dfaa8b,relation/unit/bab-4-grup-dalam-kategori-dan-latihan/section/01/covers/surface/unit-035/list-item/016,urn:uuid:f2a5a2ed-50b6-578c-9ff8-59331b11d8a1,covers,urn:uuid:41e50035-a60e-5325-80dd-bb359b3bd2ee,chapter4.tex:1745-1844
urn:uuid:0d80022d-b30e-5d02-acdb-cb57093094fb,relation/unit/bab-4-grup-dalam-kategori-dan-latihan/section/01/covers/surface/unit-035/list-item/017,urn:uuid:f2a5a2ed-50b6-578c-9ff8-59331b11d8a1,covers,urn:uuid:a7f1a642-88ec-5be3-9b22-337673ed0a83,chapter4.tex:1745-1844
urn:uuid:3494e6bc-f58e-5217-a41b-9d04ebd8a116,relation/unit/bab-4-grup-dalam-kategori-dan-latihan/section/01/covers/surface/unit-035/list-item/018,urn:uuid:f2a5a2ed-50b6-578c-9ff8-59331b11d8a1,covers,urn:uuid:5fbf4f00-4411-5d23-84a7-c6f48404d51b,chapter4.tex:1745-1844
urn:uuid:0fdb7395-f030-50d6-9a3f-203b6cc09d17,relation/unit/bab-4-grup-dalam-kategori-dan-latihan/section/01/covers/surface/unit-035/list-item/019,urn:uuid:f2a5a2ed-50b6-578c-9ff8-59331b11d8a1,covers,urn:uuid:91020b01-91d5-5378-83f7-8785941fa6a7,chapter4.tex:1745-1844
urn:uuid:00dbd2f2-4f81-5b13-8750-544bf0a8b4b8,relation/unit/bab-4-grup-dalam-kategori-dan-latihan/section/01/covers/surface/unit-035/list-item/020,urn:uuid:f2a5a2ed-50b6-578c-9ff8-59331b11d8a1,covers,urn:uuid:6b56ffb8-3285-5cac-a2d7-e110579ec6af,chapter4.tex:1745-1844
urn:uuid:a709a5ea-e1e6-557e-871e-e696a1dbed9a,relation/unit/bab-4-grup-dalam-kategori-dan-latihan/section/01/covers/surface/unit-035/list-item/021,urn:uuid:f2a5a2ed-50b6-578c-9ff8-59331b11d8a1,covers,urn:uuid:e6d1fb07-fa0c-58ff-8116-fcf06e271dce,chapter4.tex:1745-1844
urn:uuid:33e2da3a-78c2-5cdd-a9cd-e451ffedc3d2,relation/unit/bab-4-grup-dalam-kategori-dan-latihan/section/01/covers/surface/unit-035/list-item/022,urn:uuid:f2a5a2ed-50b6-578c-9ff8-59331b11d8a1,covers,urn:uuid:7fa15f3b-6de0-5252-8a36-8ee31357a5f9,chapter4.tex:1745-1844
urn:uuid:846afffc-0e46-5089-971f-7acd71f1a885,relation/unit/bab-4-grup-dalam-kategori-dan-latihan/section/01/covers/surface/unit-035/list-item/023,urn:uuid:f2a5a2ed-50b6-578c-9ff8-59331b11d8a1,covers,urn:uuid:68f14026-d73a-558d-ada5-817257e68a28,chapter4.tex:1745-1844
urn:uuid:1c7a0562-86ae-53a5-aee8-a80b7bda63b5,relation/unit/bab-4-grup-dalam-kategori-dan-latihan/section/01/covers/surface/unit-035/list-item/024,urn:uuid:f2a5a2ed-50b6-578c-9ff8-59331b11d8a1,covers,urn:uuid:9fc7e39c-b40a-553f-9001-5329571073e9,chapter4.tex:1745-1844
urn:uuid:d6e8cec8-a89f-53aa-9122-9ecbbb4c7637,relation/unit/bab-4-grup-dalam-kategori-dan-latihan/section/01/covers/surface/unit-035/list-item/025,urn:uuid:f2a5a2ed-50b6-578c-9ff8-59331b11d8a1,covers,urn:uuid:1b3ddaf3-ad1b-5501-95a8-4901a7eae8d8,chapter4.tex:1745-1844
urn:uuid:c8a62a6a-de3d-52e9-a839-7d1b6869d684,relation/unit/bab-4-grup-dalam-kategori-dan-latihan/section/01/covers/surface/unit-035/list-item/026,urn:uuid:f2a5a2ed-50b6-578c-9ff8-59331b11d8a1,covers,urn:uuid:c7b3cec3-bcab-532b-8a17-14aa3d999694,chapter4.tex:1745-1844
urn:uuid:0278468e-a78e-5206-a611-f270001db957,relation/unit/bab-4-grup-dalam-kategori-dan-latihan/section/01/covers/surface/unit-035/list-item/027,urn:uuid:f2a5a2ed-50b6-578c-9ff8-59331b11d8a1,covers,urn:uuid:3ee13ca7-22b2-5e60-a39a-dbf9ec96a6d8,chapter4.tex:1745-1844
urn:uuid:92fbadcf-9705-594b-853b-975e25a2bcf9,relation/unit/bab-4-grup-dalam-kategori-dan-latihan/section/01/covers/surface/unit-035/list-item/028,urn:uuid:f2a5a2ed-50b6-578c-9ff8-59331b11d8a1,covers,urn:uuid:07497359-a3dc-5074-89e3-99f1b833d2c1,chapter4.tex:1745-1844
urn:uuid:c077ba94-0b0f-5631-95f0-34fcc471da6e,relation/unit/bab-4-grup-dalam-kategori-dan-latihan/section/01/covers/surface/unit-035/list-item/029,urn:uuid:f2a5a2ed-50b6-578c-9ff8-59331b11d8a1,covers,urn:uuid:9b3d8180-7967-508b-b525-0d3dcd16f380,chapter4.tex:1745-1844
urn:uuid:14f89cce-ce3c-560d-8b9c-f2bb4176ba95,relation/unit/bab-4-grup-dalam-kategori-dan-latihan/section/01/covers/surface/unit-035/list-item/030,urn:uuid:f2a5a2ed-50b6-578c-9ff8-59331b11d8a1,covers,urn:uuid:cce7a93e-f38b-5f75-862f-9175033b96b7,chapter4.tex:1745-1844
urn:uuid:584a0d92-8384-5a80-ae30-cdd4b7d2764f,relation/unit/bab-4-grup-dalam-kategori-dan-latihan/section/01/covers/surface/unit-035/list-item/031,urn:uuid:f2a5a2ed-50b6-578c-9ff8-59331b11d8a1,covers,urn:uuid:2cc7fe88-a100-548c-b9bc-7f6de72946cf,chapter4.tex:1745-1844
urn:uuid:24ca679c-7000-55ce-94a3-26117c14e1af,relation/unit/bab-4-grup-dalam-kategori-dan-latihan/section/01/covers/surface/unit-035/list-item/032,urn:uuid:f2a5a2ed-50b6-578c-9ff8-59331b11d8a1,covers,urn:uuid:bb50aa8a-1dd3-5b4c-b5a3-674e391e955d,chapter4.tex:1745-1844
urn:uuid:8efb69f9-d1a8-552e-90fe-92550feae0c6,relation/unit/bab-4-grup-dalam-kategori-dan-latihan/section/01/covers/surface/unit-035/list-item/033,urn:uuid:f2a5a2ed-50b6-578c-9ff8-59331b11d8a1,covers,urn:uuid:564801b4-75b9-55b4-970f-e604720f5ce2,chapter4.tex:1745-1844
urn:uuid:9b4ebe6b-1dcd-5215-83a2-55beac43fa48,relation/unit/bab-4-grup-dalam-kategori-dan-latihan/section/01/covers/surface/unit-035/list-item/034,urn:uuid:f2a5a2ed-50b6-578c-9ff8-59331b11d8a1,covers,urn:uuid:daa032bf-9055-55bc-b1b1-25e3dc594ae1,chapter4.tex:1745-1844
urn:uuid:4e0aa6b8-cc3f-5437-9e65-542d133ab55e,relation/unit/bab-4-grup-dalam-kategori-dan-latihan/section/01/covers/surface/unit-035/list-item/035,urn:uuid:f2a5a2ed-50b6-578c-9ff8-59331b11d8a1,covers,urn:uuid:c8bb7186-23fe-5c93-9514-85e89c6ee8d8,chapter4.tex:1745-1844
urn:uuid:5f0897ae-073f-5ee4-b9ac-dba1070d3c04,relation/unit/bab-4-grup-dalam-kategori-dan-latihan/section/01/covers/surface/unit-035/list-item/036,urn:uuid:f2a5a2ed-50b6-578c-9ff8-59331b11d8a1,covers,urn:uuid:78646e51-8286-5bff-b954-17fdd689ab27,chapter4.tex:1745-1844
urn:uuid:fbeb0cf2-573b-511c-8cf8-5bd930fe6b6a,relation/unit/bab-4-grup-dalam-kategori-dan-latihan/section/01/covers/surface/unit-035/list-item/037,urn:uuid:f2a5a2ed-50b6-578c-9ff8-59331b11d8a1,covers,urn:uuid:9cba98a2-b83f-575b-b1bf-c3f6727b9a12,chapter4.tex:1745-1844
urn:uuid:7686a692-1f64-513f-87a8-dc12188fc2a7,relation/unit/bab-4-grup-dalam-kategori-dan-latihan/section/01/covers/surface/unit-035/list-item/038,urn:uuid:f2a5a2ed-50b6-578c-9ff8-59331b11d8a1,covers,urn:uuid:a25b675d-9a06-5503-b62c-08ee39ba04b8,chapter4.tex:1745-1844
urn:uuid:20cfc03b-fa9f-5a23-8327-0dd53c875a51,relation/unit/bab-4-grup-dalam-kategori-dan-latihan/section/01/covers/surface/unit-035/list-item/039,urn:uuid:f2a5a2ed-50b6-578c-9ff8-59331b11d8a1,covers,urn:uuid:325c386b-83c5-5b90-93ab-da061acf355e,chapter4.tex:1745-1844
urn:uuid:1cb62f85-7e9b-5575-b464-7d762003850a,relation/unit/bab-4-grup-dalam-kategori-dan-latihan/section/01/covers/surface/unit-035/list-item/040,urn:uuid:f2a5a2ed-50b6-578c-9ff8-59331b11d8a1,covers,urn:uuid:3885fe4e-3069-5086-b707-0def95829406,chapter4.tex:1745-1844
urn:uuid:7b7dad40-17ee-58b1-8d84-6ff3e8b03840,relation/unit/bab-4-grup-dalam-kategori-dan-latihan/section/01/covers/surface/unit-035/list-item/041,urn:uuid:f2a5a2ed-50b6-578c-9ff8-59331b11d8a1,covers,urn:uuid:e2491302-9575-5720-afe8-c840d7ba33eb,chapter4.tex:1745-1844
urn:uuid:6119ce37-254c-5553-b1f0-098593298e94,relation/unit/bab-4-grup-dalam-kategori-dan-latihan/section/01/covers/surface/unit-035/reference/001,urn:uuid:f2a5a2ed-50b6-578c-9ff8-59331b11d8a1,covers,urn:uuid:e4a3defe-de97-5946-a4e6-372c63fdaa2b,chapter4.tex:1745-1844
urn:uuid:64d1cc51-5557-5bcc-9437-b3cf23280bd5,relation/unit/bab-4-grup-dalam-kategori-dan-latihan/section/01/covers/surface/unit-035/reference/002,urn:uuid:f2a5a2ed-50b6-578c-9ff8-59331b11d8a1,covers,urn:uuid:7f593d0c-098d-595e-9a37-fd7f8c2017a8,chapter4.tex:1745-1844
urn:uuid:375d36cc-bb12-5736-8c0f-8212ec45873e,relation/unit/bab-4-grup-dalam-kategori-dan-latihan/section/01/covers/surface/unit-035/reference/003,urn:uuid:f2a5a2ed-50b6-578c-9ff8-59331b11d8a1,covers,urn:uuid:480037f4-d821-581f-90f0-a897b77e033a,chapter4.tex:1745-1844
urn:uuid:4eb24af9-3e5b-53e3-aeb0-a2a317d50c7c,relation/unit/bab-4-grup-dalam-kategori-dan-latihan/section/01/covers/surface/unit-035/reference/004,urn:uuid:f2a5a2ed-50b6-578c-9ff8-59331b11d8a1,covers,urn:uuid:a93d7787-2461-5df3-802b-ea3cb8a6ce1f,chapter4.tex:1745-1844
urn:uuid:b25d1288-564c-5389-bf4d-c2d907810c12,relation/unit/bab-4-grup-dalam-kategori-dan-latihan/section/01/covers/surface/unit-035/reference/005,urn:uuid:f2a5a2ed-50b6-578c-9ff8-59331b11d8a1,covers,urn:uuid:f659cebb-e637-557e-8493-08bb28777ace,chapter4.tex:1745-1844
urn:uuid:1b5154d6-4210-56b7-9987-5a3729408456,relation/unit/bab-4-grup-dalam-kategori-dan-latihan/section/01/covers/surface/unit-035/reference/006,urn:uuid:f2a5a2ed-50b6-578c-9ff8-59331b11d8a1,covers,urn:uuid:7523b0b4-94d7-5905-9cb8-559b319b5393,chapter4.tex:1745-1844
urn:uuid:acc8e775-54ed-51a7-bc91-0e77c56b86b8,relation/unit/bab-4-grup-dalam-kategori-dan-latihan/section/01/covers/surface/unit-035/reference/007,urn:uuid:f2a5a2ed-50b6-578c-9ff8-59331b11d8a1,covers,urn:uuid:e8212010-93ee-5fe9-aa58-00d2bcb0d659,chapter4.tex:1745-1844
urn:uuid:2920ff05-b58b-50a4-9ca5-cf5a82e19762,relation/unit/bab-4-grup-dalam-kategori-dan-latihan/section/01/covers/surface/unit-035/reference/008,urn:uuid:f2a5a2ed-50b6-578c-9ff8-59331b11d8a1,covers,urn:uuid:7134568e-13d0-57d4-938e-5a0fb17045a7,chapter4.tex:1745-1844
urn:uuid:b02b9ab9-3000-5a99-a10b-591b669a0969,relation/unit/bab-4-grup-dalam-kategori-dan-latihan/section/01/covers/surface/unit-035/reference/009,urn:uuid:f2a5a2ed-50b6-578c-9ff8-59331b11d8a1,covers,urn:uuid:a103199e-17a3-5a22-94ae-fe695acb8553,chapter4.tex:1745-1844
urn:uuid:8c193cc5-00b6-561e-ae19-7823eefc2ef1,relation/unit/bab-4-grup-dalam-kategori-dan-latihan/section/01/covers/surface/unit-035/reference/010,urn:uuid:f2a5a2ed-50b6-578c-9ff8-59331b11d8a1,covers,urn:uuid:d889db9f-bd28-56e6-be34-87311af8b6dd,chapter4.tex:1745-1844
urn:uuid:9f105f1d-fee4-5c67-9a70-2fe7551d86c2,relation/unit/bab-4-grup-dalam-kategori-dan-latihan/section/01/covers/surface/unit-035/reference/011,urn:uuid:f2a5a2ed-50b6-578c-9ff8-59331b11d8a1,covers,urn:uuid:f7702aba-e505-5fae-a994-6aaab56c3cdf,chapter4.tex:1745-1844
urn:uuid:7a5602f1-dfc1-5eb5-87db-7c4910ad187a,relation/unit/bab-4-grup-dalam-kategori-dan-latihan/section/01/covers/surface/unit-035/reference/012,urn:uuid:f2a5a2ed-50b6-578c-9ff8-59331b11d8a1,covers,urn:uuid:0d42dedd-9e70-5421-827d-888d034fccac,chapter4.tex:1745-1844
urn:uuid:39f396e2-0ae8-5866-81f2-f304436c2452,relation/unit/bab-4-grup-dalam-kategori-dan-latihan/section/01/covers/surface/unit-035/reference/013,urn:uuid:f2a5a2ed-50b6-578c-9ff8-59331b11d8a1,covers,urn:uuid:14989f6f-f0a3-550a-8c7e-4e49780604e9,chapter4.tex:1745-1844
urn:uuid:d9d023df-2769-5c73-a1ef-094095b98aa7,relation/unit/bab-4-grup-dalam-kategori-dan-latihan/section/01/covers/surface/unit-035/reference/014,urn:uuid:f2a5a2ed-50b6-578c-9ff8-59331b11d8a1,covers,urn:uuid:3dd04af7-1560-5204-a5e0-e1d7aec50a59,chapter4.tex:1745-1844
urn:uuid:7f91b87a-c48f-5aac-b538-9208e133bff1,relation/unit/bab-4-grup-dalam-kategori-dan-latihan/section/01/covers/surface/unit-035/reference/015,urn:uuid:f2a5a2ed-50b6-578c-9ff8-59331b11d8a1,covers,urn:uuid:08b9c8a8-ce83-53aa-83b1-956d88f8f16a,chapter4.tex:1745-1844
urn:uuid:0dd15129-702f-5f6a-8c31-423abde16db4,relation/unit/bab-4-grup-dalam-kategori-dan-latihan/section/01/governed-by/rights/principal-cc-by-4.0,urn:uuid:f2a5a2ed-50b6-578c-9ff8-59331b11d8a1,governed-by,urn:uuid:0baf6c47-021d-5310-9475-81519e710250,
urn:uuid:45ac6e3c-d617-5e8c-9829-71b5d6baa06d,relation/unit/bab-4-grup-dalam-kategori-dan-latihan/section/01/includes-diagram/diagram/unit-035/tikzcd-01,urn:uuid:f2a5a2ed-50b6-578c-9ff8-59331b11d8a1,includes-diagram,urn:uuid:c3dfed56-0e2b-52f6-a8e6-19b8ac6d09ed,chapter4.tex:1759-1762
urn:uuid:3650c136-2320-5d16-90c5-fe4798ca55fd,relation/unit/bab-4-grup-dalam-kategori-dan-latihan/section/01/includes-diagram/diagram/unit-035/tikzcd-02,urn:uuid:f2a5a2ed-50b6-578c-9ff8-59331b11d8a1,includes-diagram,urn:uuid:4fc0d086-a8c9-506f-91fd-5f92ed2857cc,chapter4.tex:1765-1769
urn:uuid:f6742377-79af-58df-9130-fc98184efa48,relation/unit/bab-4-grup-dalam-kategori-dan-latihan/section/01/includes-diagram/diagram/unit-035/tikzcd-03,urn:uuid:f2a5a2ed-50b6-578c-9ff8-59331b11d8a1,includes-diagram,urn:uuid:169f196c-cdee-510d-aafb-b657da41df8a,chapter4.tex:1771-1775
urn:uuid:68b172b8-9984-5191-b6df-cdbf9565ec5e,relation/unit/bab-4-grup-dalam-kategori-dan-latihan/section/01/includes-diagram/diagram/unit-035/tikzcd-04,urn:uuid:f2a5a2ed-50b6-578c-9ff8-59331b11d8a1,includes-diagram,urn:uuid:816bb326-73b3-5e96-a5a3-8bdc28775506,chapter4.tex:1781-1781
urn:uuid:ac1e62e6-2018-570e-8a3b-93f937d127d0,relation/unit/bab-4-grup-dalam-kategori-dan-latihan/section/01/includes-diagram/diagram/unit-035/tikzcd-05,urn:uuid:f2a5a2ed-50b6-578c-9ff8-59331b11d8a1,includes-diagram,urn:uuid:4e585820-fc2e-57c9-ba37-b7f12351742b,chapter4.tex:1784-1784
urn:uuid:841d63a2-8a1a-583d-b857-f1bc9020d335,relation/unit/bab-4-grup-dalam-kategori-dan-latihan/section/01/includes-diagram/diagram/unit-035/tikzcd-06,urn:uuid:f2a5a2ed-50b6-578c-9ff8-59331b11d8a1,includes-diagram,urn:uuid:e45b37c4-fbf5-54a9-88a4-75182d1a9414,chapter4.tex:1778-1787
urn:uuid:20351924-1849-5120-bbc5-313fa2316bb7,relation/unit/bab-4-grup-dalam-kategori-dan-latihan/section/01/includes-diagram/diagram/unit-035/tikzcd-07,urn:uuid:f2a5a2ed-50b6-578c-9ff8-59331b11d8a1,includes-diagram,urn:uuid:143ffbfd-3ff0-52ec-8e6b-550e00701db9,chapter4.tex:1809-1814
urn:uuid:d5f06999-4810-5581-b0f1-ee159b6c5510,relation/unit/bab-4-grup-dalam-kategori-dan-latihan/section/01/includes-diagram/diagram/unit-035/tikzcd-08,urn:uuid:f2a5a2ed-50b6-578c-9ff8-59331b11d8a1,includes-diagram,urn:uuid:2844216b-3676-5899-8fcd-10c041631e4c,chapter4.tex:1837-1840
urn:uuid:f7a01108-05b8-58bc-add7-a5c59cd8e385,relation/unit/bab-4-grup-dalam-kategori-dan-latihan/section/01/indexes/index-entry/unit-035/main/001,urn:uuid:f2a5a2ed-50b6-578c-9ff8-59331b11d8a1,indexes,urn:uuid:fe9adcbd-1c72-5918-9676-b63b4e75f948,chapter4.tex:1750
urn:uuid:2aa6f711-cbca-579a-9a05-d58ecf6b6477,relation/unit/bab-4-grup-dalam-kategori-dan-latihan/section/02/covers/surface/unit-035/exercise/001,urn:uuid:238ab6ec-24b0-5b14-862c-d3867a59a6ce,covers,urn:uuid:4eb92ac2-77f9-55e2-b54c-9326d79aa1a4,chapter4.tex:1845-1898
urn:uuid:368835b3-e9c9-5ca8-aaf9-1a29d1bd829f,relation/unit/bab-4-grup-dalam-kategori-dan-latihan/section/02/covers/surface/unit-035/exercise/002,urn:uuid:238ab6ec-24b0-5b14-862c-d3867a59a6ce,covers,urn:uuid:f5fc9f89-3718-59f9-9c0b-d1e8d4b8b373,chapter4.tex:1845-1898
urn:uuid:21583a7c-bf56-5ed4-87c0-3adba86415cf,relation/unit/bab-4-grup-dalam-kategori-dan-latihan/section/02/covers/surface/unit-035/exercise/003,urn:uuid:238ab6ec-24b0-5b14-862c-d3867a59a6ce,covers,urn:uuid:3c4fd083-6392-58f2-b98a-f174febe0ef5,chapter4.tex:1845-1898
urn:uuid:4290081a-f437-5cff-b2ae-0b6ecbbd053e,relation/unit/bab-4-grup-dalam-kategori-dan-latihan/section/02/covers/surface/unit-035/exercise/004,urn:uuid:238ab6ec-24b0-5b14-862c-d3867a59a6ce,covers,urn:uuid:07118e7a-9758-5859-bf84-010881791b90,chapter4.tex:1845-1898
urn:uuid:beab0fb3-7c39-577b-9466-e3809db7e9e4,relation/unit/bab-4-grup-dalam-kategori-dan-latihan/section/02/covers/surface/unit-035/exercise/005,urn:uuid:238ab6ec-24b0-5b14-862c-d3867a59a6ce,covers,urn:uuid:872b9e65-6378-54be-a4a2-a12bc77aa6c0,chapter4.tex:1845-1898
urn:uuid:a5bd769b-1594-5405-ac83-fc259c5682fa,relation/unit/bab-4-grup-dalam-kategori-dan-latihan/section/02/covers/surface/unit-035/exercise/006,urn:uuid:238ab6ec-24b0-5b14-862c-d3867a59a6ce,covers,urn:uuid:6edb74de-0eee-539e-805a-1a6545e3678d,chapter4.tex:1845-1898
urn:uuid:9055be38-ffff-559c-9bdc-5cbaa097a0a8,relation/unit/bab-4-grup-dalam-kategori-dan-latihan/section/02/covers/surface/unit-035/exercise/007,urn:uuid:238ab6ec-24b0-5b14-862c-d3867a59a6ce,covers,urn:uuid:d7b6cd33-188e-5349-987c-48e1a40719c1,chapter4.tex:1845-1898
urn:uuid:2c567aaf-f757-5e03-a116-d01bf43834f6,relation/unit/bab-4-grup-dalam-kategori-dan-latihan/section/02/covers/surface/unit-035/exercise/008,urn:uuid:238ab6ec-24b0-5b14-862c-d3867a59a6ce,covers,urn:uuid:055cecb9-2981-52a9-9c74-189acb0b4584,chapter4.tex:1845-1898
urn:uuid:f7cfde67-6106-56fe-9e1d-15126e1e5bf8,relation/unit/bab-4-grup-dalam-kategori-dan-latihan/section/02/covers/surface/unit-035/exercise/009,urn:uuid:238ab6ec-24b0-5b14-862c-d3867a59a6ce,covers,urn:uuid:ad3dca3a-ced3-51e3-82c3-f9cf1f3bf503,chapter4.tex:1845-1898
urn:uuid:fcfa65d8-7d4f-50e6-80d9-ddd3b99d01cf,relation/unit/bab-4-grup-dalam-kategori-dan-latihan/section/02/covers/surface/unit-035/exercise/010,urn:uuid:238ab6ec-24b0-5b14-862c-d3867a59a6ce,covers,urn:uuid:a7aa4a66-c606-54bf-9a9a-3be26eb2965e,chapter4.tex:1845-1898
urn:uuid:bd390894-3ae6-57b2-b7dd-37c97cfbfa7b,relation/unit/bab-4-grup-dalam-kategori-dan-latihan/section/02/covers/surface/unit-035/exercise/011,urn:uuid:238ab6ec-24b0-5b14-862c-d3867a59a6ce,covers,urn:uuid:901ee0b1-c5d9-5105-9140-1a73d3c6634b,chapter4.tex:1845-1898
urn:uuid:415df24d-97ea-5139-a3eb-2974bd7e7388,relation/unit/bab-4-grup-dalam-kategori-dan-latihan/section/02/covers/surface/unit-035/exercise/012,urn:uuid:238ab6ec-24b0-5b14-862c-d3867a59a6ce,covers,urn:uuid:b6de9eeb-cb10-538b-a313-1d4ccaeae251,chapter4.tex:1845-1898
urn:uuid:6862cea3-0c17-5657-a92b-a3f06ff24893,relation/unit/bab-4-grup-dalam-kategori-dan-latihan/section/02/covers/surface/unit-035/exercise/013,urn:uuid:238ab6ec-24b0-5b14-862c-d3867a59a6ce,covers,urn:uuid:36cfbf5f-ce8d-56ff-8d99-81ab73f22cd7,chapter4.tex:1845-1898
urn:uuid:7a1b733b-9b81-5ffb-b06e-41d3de74cd70,relation/unit/bab-4-grup-dalam-kategori-dan-latihan/section/02/covers/surface/unit-035/exercise/014,urn:uuid:238ab6ec-24b0-5b14-862c-d3867a59a6ce,covers,urn:uuid:48b7f1d6-df03-5a7c-bd52-42408d761013,chapter4.tex:1845-1898
urn:uuid:1ac9e4fa-93cd-5924-be43-11a31372688b,relation/unit/bab-4-grup-dalam-kategori-dan-latihan/section/02/covers/surface/unit-035/exercise/015,urn:uuid:238ab6ec-24b0-5b14-862c-d3867a59a6ce,covers,urn:uuid:b0389f67-04f6-5eff-b507-d4cb5cfbbbff,chapter4.tex:1845-1898
urn:uuid:ffb9ac03-8c8e-5377-b5d5-6fa9e1ea62b6,relation/unit/bab-4-grup-dalam-kategori-dan-latihan/section/02/covers/surface/unit-035/exercise/016,urn:uuid:238ab6ec-24b0-5b14-862c-d3867a59a6ce,covers,urn:uuid:61550060-9686-56ad-9fb1-2a0fbb41455b,chapter4.tex:1845-1898
urn:uuid:f0025c08-2555-5871-b5e6-0580c57022b4,relation/unit/bab-4-grup-dalam-kategori-dan-latihan/section/02/covers/surface/unit-035/exercise/017,urn:uuid:238ab6ec-24b0-5b14-862c-d3867a59a6ce,covers,urn:uuid:b2bef036-09d2-538d-86e9-f3f75914fa0c,chapter4.tex:1845-1898
urn:uuid:458b187c-2e8e-5169-bb4b-19dbb28db7e8,relation/unit/bab-4-grup-dalam-kategori-dan-latihan/section/02/covers/surface/unit-035/exercise/018,urn:uuid:238ab6ec-24b0-5b14-862c-d3867a59a6ce,covers,urn:uuid:a9151783-12ef-5c8f-a6c5-e2d0cf3d19c0,chapter4.tex:1845-1898
urn:uuid:d9755ff2-d57c-53f4-9127-46845a5d00c1,relation/unit/bab-4-grup-dalam-kategori-dan-latihan/section/02/covers/surface/unit-035/exercise/019,urn:uuid:238ab6ec-24b0-5b14-862c-d3867a59a6ce,covers,urn:uuid:46041aec-af9b-5086-a31a-8525c0370b5c,chapter4.tex:1845-1898
urn:uuid:3ec34c36-1612-5760-8fd2-3c62775e660c,relation/unit/bab-4-grup-dalam-kategori-dan-latihan/section/02/covers/surface/unit-035/exercise/020,urn:uuid:238ab6ec-24b0-5b14-862c-d3867a59a6ce,covers,urn:uuid:a10b9027-f874-5e4a-a9ea-73559b43e46c,chapter4.tex:1845-1898
urn:uuid:6f987023-e549-54b1-915a-3bb6049c26fb,relation/unit/bab-4-grup-dalam-kategori-dan-latihan/section/02/covers/surface/unit-035/exercise/021,urn:uuid:238ab6ec-24b0-5b14-862c-d3867a59a6ce,covers,urn:uuid:ccc6455a-1626-5e95-8bdf-f2c22a81fa07,chapter4.tex:1845-1898
urn:uuid:a32936e1-c239-52ee-9fe8-225613be3953,relation/unit/bab-4-grup-dalam-kategori-dan-latihan/section/02/covers/surface/unit-035/exercise/022,urn:uuid:238ab6ec-24b0-5b14-862c-d3867a59a6ce,covers,urn:uuid:c4c4a515-5a59-571c-865a-4d3cbc251d63,chapter4.tex:1845-1898
urn:uuid:5ad9c3fe-7867-56bc-af9a-744b356cb2d2,relation/unit/bab-4-grup-dalam-kategori-dan-latihan/section/02/covers/surface/unit-035/exercise/023,urn:uuid:238ab6ec-24b0-5b14-862c-d3867a59a6ce,covers,urn:uuid:7c8207ef-1407-5b55-b5a9-cd33101cfe52,chapter4.tex:1845-1898
urn:uuid:b813880d-be22-5191-ba58-9386938c8287,relation/unit/bab-4-grup-dalam-kategori-dan-latihan/section/02/covers/surface/unit-035/exercise/024,urn:uuid:238ab6ec-24b0-5b14-862c-d3867a59a6ce,covers,urn:uuid:2eb9cadc-ec5c-5af2-8b62-e0da469c1555,chapter4.tex:1845-1898
urn:uuid:94655bce-9412-5564-bc6d-805fff67b26c,relation/unit/bab-4-grup-dalam-kategori-dan-latihan/section/02/covers/surface/unit-035/exercise/025,urn:uuid:238ab6ec-24b0-5b14-862c-d3867a59a6ce,covers,urn:uuid:9c6e54f7-5cc5-5f53-80c5-86a781242bdb,chapter4.tex:1845-1898
urn:uuid:30299b71-c8c6-54c1-8dae-5d88aee79fdf,relation/unit/bab-4-grup-dalam-kategori-dan-latihan/section/02/covers/surface/unit-035/exercise/026,urn:uuid:238ab6ec-24b0-5b14-862c-d3867a59a6ce,covers,urn:uuid:e7806b6e-23ba-5d76-961a-9dfe876c0598,chapter4.tex:1845-1898
urn:uuid:54d6dbb9-5f20-5017-b86e-1ad204a8a2d4,relation/unit/bab-4-grup-dalam-kategori-dan-latihan/section/02/covers/surface/unit-035/hint/001,urn:uuid:238ab6ec-24b0-5b14-862c-d3867a59a6ce,covers,urn:uuid:596a99c6-0396-55e4-a520-3a0906ab11aa,chapter4.tex:1845-1898
urn:uuid:d0f5b4fe-8d30-5c1e-8d46-ce85cd9919bd,relation/unit/bab-4-grup-dalam-kategori-dan-latihan/section/02/covers/surface/unit-035/hint/002,urn:uuid:238ab6ec-24b0-5b14-862c-d3867a59a6ce,covers,urn:uuid:b74c63cd-a936-5eeb-8735-9a9666811940,chapter4.tex:1845-1898
urn:uuid:d50f09d6-0d84-5e94-be9d-197b901050fa,relation/unit/bab-4-grup-dalam-kategori-dan-latihan/section/02/covers/surface/unit-035/hint/003,urn:uuid:238ab6ec-24b0-5b14-862c-d3867a59a6ce,covers,urn:uuid:0fbd1e88-c156-5505-a86c-e044e1dda95f,chapter4.tex:1845-1898
urn:uuid:6f6608ca-8a56-5a16-967f-a5ea4f2f0614,relation/unit/bab-4-grup-dalam-kategori-dan-latihan/section/02/covers/surface/unit-035/hint/004,urn:uuid:238ab6ec-24b0-5b14-862c-d3867a59a6ce,covers,urn:uuid:bc5edf49-c745-5013-9568-ed24d91f705c,chapter4.tex:1845-1898
urn:uuid:ba3e40c7-189d-570d-9fcf-db483666b98e,relation/unit/bab-4-grup-dalam-kategori-dan-latihan/section/02/covers/surface/unit-035/hint/005,urn:uuid:238ab6ec-24b0-5b14-862c-d3867a59a6ce,covers,urn:uuid:3669858a-69af-58c0-afc6-2b4215ce4058,chapter4.tex:1845-1898
urn:uuid:7ae8cab1-5f36-5b1c-ab2a-e623933d8ca6,relation/unit/bab-4-grup-dalam-kategori-dan-latihan/section/02/governed-by/rights/principal-cc-by-4.0,urn:uuid:238ab6ec-24b0-5b14-862c-d3867a59a6ce,governed-by,urn:uuid:0baf6c47-021d-5310-9475-81519e710250,
urn:uuid:f1e8e9c4-5e38-5614-b9c2-361d8541e4ae,relation/unit/bab-4-grup-dalam-kategori-dan-latihan/section/02/indexes/index-entry/unit-035/main/002,urn:uuid:238ab6ec-24b0-5b14-862c-d3867a59a6ce,indexes,urn:uuid:6192babc-44c1-5f68-bc8d-e1873855c5c1,chapter4.tex:1855
