relation_id,relation_key,source_id,predicate,target_id,evidence
urn:uuid:07641282-906e-5e40-970e-6bd8d1a76fc2,relation/build-surface/unit-034-pdf/governed-by/rights/ajbook-fragment-cc-by-sa-3.0,urn:uuid:9ab84b3e-1ff7-560d-87fd-0d977754c39e,governed-by,urn:uuid:10faf5cd-990f-5850-87b4-26922b062485,
urn:uuid:5756ad43-3149-5741-b69b-c931771ad595,relation/build-surface/unit-034-pdf/governed-by/rights/fandol-gpl-3.0-with-font-exception,urn:uuid:9ab84b3e-1ff7-560d-87fd-0d977754c39e,governed-by,urn:uuid:624ac6e0-0ed9-531c-8b35-47c040240806,
urn:uuid:bd733c9e-1b7e-52bf-9b35-8abcb80b0320,relation/build-surface/unit-034-pdf/governed-by/rights/noto-fonts-ofl-1.1,urn:uuid:9ab84b3e-1ff7-560d-87fd-0d977754c39e,governed-by,urn:uuid:b9f7a7a7-8e18-507a-b72e-b5de733a7430,
urn:uuid:c3cacaa3-c4d5-5eba-9021-209e4ebcd9cd,relation/build-surface/unit-034-pdf/governed-by/rights/principal-cc-by-4.0,urn:uuid:9ab84b3e-1ff7-560d-87fd-0d977754c39e,governed-by,urn:uuid:0baf6c47-021d-5310-9475-81519e710250,
urn:uuid:53d067a9-5de9-5fda-80de-fadd94073da9,relation/course/o013/requires/prerequisite/basic-mathematical-literacy,urn:uuid:a5f3ad58-ce3c-5f5f-b581-1f842ae79192,requires,urn:uuid:8fb6c957-7285-5258-978c-e1369c7e39d7,prelude.tex:49-60
urn:uuid:6af4c728-a07b-5571-a30d-9ee62c1a5a6e,relation/course/o013/requires/prerequisite/cauchy-sequences-and-completeness,urn:uuid:a5f3ad58-ce3c-5f5f-b581-1f842ae79192,requires,urn:uuid:b9018862-5027-50f5-9947-a9a9526cc91f,prelude.tex:49-60
urn:uuid:cdc5bef1-ed82-58de-9b13-95ec2357d9af,relation/course/o013/requires/prerequisite/elementary-number-theory,urn:uuid:a5f3ad58-ce3c-5f5f-b581-1f842ae79192,requires,urn:uuid:cae14762-1ca0-5a11-aad9-20c81d540fee,prelude.tex:49-60
urn:uuid:de5cce3e-de42-54c1-898b-fcd09a991c8d,relation/course/o013/requires/prerequisite/elementary-set-theory,urn:uuid:a5f3ad58-ce3c-5f5f-b581-1f842ae79192,requires,urn:uuid:00f7d0ea-1b60-51da-843f-cca760a368e4,prelude.tex:49-60
urn:uuid:922e2514-3fa4-5b3d-86e1-836505ce7783,relation/course/o013/requires/prerequisite/linear-transformations,urn:uuid:a5f3ad58-ce3c-5f5f-b581-1f842ae79192,requires,urn:uuid:9ef76bd8-39cf-5b09-8c2d-2d8c95f91aec,prelude.tex:49-60
urn:uuid:74ce1984-1114-53f2-a033-f2e9c028f4ee,relation/course/o013/requires/prerequisite/mathematical-logic,urn:uuid:a5f3ad58-ce3c-5f5f-b581-1f842ae79192,requires,urn:uuid:451f60c6-04ab-54a7-9d74-9dee65d088b7,prelude.tex:49-60
urn:uuid:18ee0c4f-7e83-55ce-b990-c9ff64548532,relation/course/o013/requires/prerequisite/matrices,urn:uuid:a5f3ad58-ce3c-5f5f-b581-1f842ae79192,requires,urn:uuid:d4260077-2f56-5951-8fe1-2dc390f81288,prelude.tex:49-60
urn:uuid:fe264b2f-dbe8-5589-8cb1-d75a56744c5a,relation/course/o013/requires/prerequisite/permutations-and-symmetric-groups,urn:uuid:a5f3ad58-ce3c-5f5f-b581-1f842ae79192,requires,urn:uuid:ee7d907b-05bc-5def-81d5-7fcd351829b8,prelude.tex:49-60
urn:uuid:b09b00b5-df77-5d64-94da-753d1b21fef4,relation/course/o013/requires/prerequisite/point-set-topology,urn:uuid:a5f3ad58-ce3c-5f5f-b581-1f842ae79192,requires,urn:uuid:6a61cd7e-28fe-5c64-9573-cf9ab46e5e96,prelude.tex:49-60
urn:uuid:ed32b23d-1271-5fa2-948f-562f6f29a2c2,relation/course/o013/requires/prerequisite/polynomials,urn:uuid:a5f3ad58-ce3c-5f5f-b581-1f842ae79192,requires,urn:uuid:15245348-aca2-5814-9ca8-0fce14044e14,prelude.tex:49-60
urn:uuid:59f7a53e-63b6-5f7d-a2ba-9f942e60d2cf,relation/course/o013/requires/prerequisite/real-analysis-basics,urn:uuid:a5f3ad58-ce3c-5f5f-b581-1f842ae79192,requires,urn:uuid:4eedb52d-6e0a-5379-b39c-5043b067c49f,prelude.tex:49-60
urn:uuid:f4f655a5-427a-5113-b6d6-fff3511fadfd,relation/course/o013/requires/prerequisite/vector-spaces,urn:uuid:a5f3ad58-ce3c-5f5f-b581-1f842ae79192,requires,urn:uuid:dfd6d864-afe6-5d0e-90f7-c130241cf396,prelude.tex:49-60
urn:uuid:671c70bd-307b-5cb8-a6cc-698df22eb60a,relation/course/o013/uses-resource/resource/wenweili/aljabr-1,urn:uuid:a5f3ad58-ce3c-5f5f-b581-1f842ae79192,uses-resource,urn:uuid:a72e8c67-4b46-5049-b626-479af39b5397,
urn:uuid:8b51c52f-fdfa-5c53-b136-351aa45507fa,relation/diagram/unit-034/tikzcd-01/governed-by/rights/principal-cc-by-4.0,urn:uuid:644a810c-a813-5d49-97d7-a6dc8ba9a41b,governed-by,urn:uuid:0baf6c47-021d-5310-9475-81519e710250,
urn:uuid:8cd5fafd-ec8e-5b05-b035-59bf7f8659be,relation/edition/wenweili/aljabr-1/c4f7a01f68f5f407906b4b970640cddbbad85f6b/contains/unit/bab-4-limit-dan-kompletisasi-grup,urn:uuid:df2d23de-7370-5da5-ad49-42fb7c718c49,contains,urn:uuid:f2e99f76-1414-5767-acd3-fd9d94c67812,chapter4.tex:1609-1744; substantive authority map 1609-1743 to target 1604-1738
urn:uuid:f43da1b4-0053-5379-9911-864a80e9df27,relation/program/open-mathematics-curriculum/2026/contains/course/o013,urn:uuid:9d8d0610-2560-5376-8679-5a9418407a78,contains,urn:uuid:a5f3ad58-ce3c-5f5f-b581-1f842ae79192,
urn:uuid:03dde2e7-13e9-5147-9aac-4160466fd402,relation/resource/wenweili/aljabr-1/has-edition/edition/wenweili/aljabr-1/c4f7a01f68f5f407906b4b970640cddbbad85f6b,urn:uuid:a72e8c67-4b46-5049-b626-479af39b5397,has-edition,urn:uuid:df2d23de-7370-5da5-ad49-42fb7c718c49,
urn:uuid:b3910ce4-b909-56ef-8ce4-46862a1747c4,relation/unit/bab-4-limit-dan-kompletisasi-grup/built-by/build-surface/unit-034-pdf,urn:uuid:f2e99f76-1414-5767-acd3-fd9d94c67812,built-by,urn:uuid:9ab84b3e-1ff7-560d-87fd-0d977754c39e,
urn:uuid:71acc619-42c8-5873-a5b8-888b198eab4d,relation/unit/bab-4-limit-dan-kompletisasi-grup/checked-by/qa/unit-034/admission-gate,urn:uuid:f2e99f76-1414-5767-acd3-fd9d94c67812,checked-by,urn:uuid:df9a930e-b10b-506a-8357-13792936ef5b,
urn:uuid:7c838599-c5b3-598e-a42d-57124d8546db,relation/unit/bab-4-limit-dan-kompletisasi-grup/checked-by/qa/unit-034/all-page-visual-review,urn:uuid:f2e99f76-1414-5767-acd3-fd9d94c67812,checked-by,urn:uuid:284eabfd-1a56-5d5d-bfed-278d3f3644ff,
urn:uuid:c754754a-41a2-51e3-abdd-79c163f99511,relation/unit/bab-4-limit-dan-kompletisasi-grup/checked-by/qa/unit-034/build-log,urn:uuid:f2e99f76-1414-5767-acd3-fd9d94c67812,checked-by,urn:uuid:0ad78bf7-6dc5-5a06-b11d-56ed34dafc09,
urn:uuid:12c70f48-5baf-5f6d-bb31-025639b3443e,relation/unit/bab-4-limit-dan-kompletisasi-grup/checked-by/qa/unit-034/candidate-artifact,urn:uuid:f2e99f76-1414-5767-acd3-fd9d94c67812,checked-by,urn:uuid:496bb48b-b282-5683-b79e-5f51911f4c61,
urn:uuid:66e8aacb-53f6-528a-a148-2ffd019c0118,relation/unit/bab-4-limit-dan-kompletisasi-grup/checked-by/qa/unit-034/candidate-check,urn:uuid:f2e99f76-1414-5767-acd3-fd9d94c67812,checked-by,urn:uuid:7317292c-c6db-52d8-a3dd-f46e3c1692a2,
urn:uuid:09237e1c-7bf4-5723-89e5-aa7c7c22a227,relation/unit/bab-4-limit-dan-kompletisasi-grup/checked-by/qa/unit-034/canonical-integration,urn:uuid:f2e99f76-1414-5767-acd3-fd9d94c67812,checked-by,urn:uuid:00271644-8d2c-5cf8-8018-9cd6b8155e53,
urn:uuid:e4553948-be57-5789-b837-b59dc601d269,relation/unit/bab-4-limit-dan-kompletisasi-grup/checked-by/qa/unit-034/citation-locator-localizations,urn:uuid:f2e99f76-1414-5767-acd3-fd9d94c67812,checked-by,urn:uuid:aa25ea25-91a1-5659-a9af-111fe24e4292,
urn:uuid:c33f2724-bc20-52fb-948b-818bebcd0cc7,relation/unit/bab-4-limit-dan-kompletisasi-grup/checked-by/qa/unit-034/digital-reflow,urn:uuid:f2e99f76-1414-5767-acd3-fd9d94c67812,checked-by,urn:uuid:2271ca82-4197-50aa-91e0-29c9a9e86956,
urn:uuid:120c6d18-5ac5-5479-aa06-a781c93ff1f2,relation/unit/bab-4-limit-dan-kompletisasi-grup/checked-by/qa/unit-034/driver-external-reference-isolation,urn:uuid:f2e99f76-1414-5767-acd3-fd9d94c67812,checked-by,urn:uuid:bb34b193-5ce7-505e-bd13-b332f60a42ec,
urn:uuid:3887116f-909b-50d8-8181-4aaf8d702379,relation/unit/bab-4-limit-dan-kompletisasi-grup/checked-by/qa/unit-034/evidence-tool,urn:uuid:f2e99f76-1414-5767-acd3-fd9d94c67812,checked-by,urn:uuid:5e74897a-1fb8-5466-abdc-88c68d35d88d,
urn:uuid:d9ffdf52-2f5a-5f3a-978f-79ff9263a8a1,relation/unit/bab-4-limit-dan-kompletisasi-grup/checked-by/qa/unit-034/index-localizations,urn:uuid:f2e99f76-1414-5767-acd3-fd9d94c67812,checked-by,urn:uuid:3092fd16-8c07-5032-bb56-c99b2d878b51,
urn:uuid:a3837d44-662b-5f50-bad2-91fa61c43904,relation/unit/bab-4-limit-dan-kompletisasi-grup/checked-by/qa/unit-034/preflight-tool,urn:uuid:f2e99f76-1414-5767-acd3-fd9d94c67812,checked-by,urn:uuid:79135e6a-dc1b-5b9f-b2bf-0195373c1e28,
urn:uuid:54b64d3f-09a8-51d9-b8f8-b0f839720287,relation/unit/bab-4-limit-dan-kompletisasi-grup/checked-by/qa/unit-034/prepromotion-evidence,urn:uuid:f2e99f76-1414-5767-acd3-fd9d94c67812,checked-by,urn:uuid:78a58a5e-1b05-51a9-8fea-cb54b113e9a1,
urn:uuid:12963a22-7eac-526a-bd88-74abf6fc6427,relation/unit/bab-4-limit-dan-kompletisasi-grup/checked-by/qa/unit-034/protected-text-localizations,urn:uuid:f2e99f76-1414-5767-acd3-fd9d94c67812,checked-by,urn:uuid:452637e8-9cb4-5d2e-9798-a897129e58f2,
urn:uuid:59349303-3e87-58a2-b350-79ce47f123f3,relation/unit/bab-4-limit-dan-kompletisasi-grup/checked-by/qa/unit-034/render-hash-inventory,urn:uuid:f2e99f76-1414-5767-acd3-fd9d94c67812,checked-by,urn:uuid:0468fd20-c263-51d4-bc99-3d5a1fdf3067,
urn:uuid:f1e96b95-b09b-5460-8655-add9a3c0ed8a,relation/unit/bab-4-limit-dan-kompletisasi-grup/checked-by/qa/unit-034/source-correction,urn:uuid:f2e99f76-1414-5767-acd3-fd9d94c67812,checked-by,urn:uuid:00f7d819-ffc7-575c-ba39-ce52e5cd9314,
urn:uuid:8799e787-fbc0-527d-98bc-16db15d9861b,relation/unit/bab-4-limit-dan-kompletisasi-grup/checked-by/qa/unit-034/source-review,urn:uuid:f2e99f76-1414-5767-acd3-fd9d94c67812,checked-by,urn:uuid:28c77665-08a0-539a-a548-0ece07d51329,
urn:uuid:40d2f37a-df48-5ac1-952a-244b432a2786,relation/unit/bab-4-limit-dan-kompletisasi-grup/checked-by/qa/unit-034/structure-and-pdf-qa,urn:uuid:f2e99f76-1414-5767-acd3-fd9d94c67812,checked-by,urn:uuid:d3298878-bc4c-5606-89ab-8d8e648553d4,
urn:uuid:6a6aa6a2-243a-5d3e-bb3f-25aca316c4cc,relation/unit/bab-4-limit-dan-kompletisasi-grup/checked-by/qa/unit-034/terminology-control,urn:uuid:f2e99f76-1414-5767-acd3-fd9d94c67812,checked-by,urn:uuid:20d6003f-838e-551a-b696-66e177f43807,
urn:uuid:982b4513-06ab-5f85-846f-f41d0dc84b56,relation/unit/bab-4-limit-dan-kompletisasi-grup/checked-by/qa/unit-034/terminology-delta,urn:uuid:f2e99f76-1414-5767-acd3-fd9d94c67812,checked-by,urn:uuid:e462e765-315f-5da6-8850-eb336f5fe3b5,
urn:uuid:f3f11703-2687-5a84-bf55-d9e0816e8a6b,relation/unit/bab-4-limit-dan-kompletisasi-grup/checked-by/qa/unit-034/terminology-evidence,urn:uuid:f2e99f76-1414-5767-acd3-fd9d94c67812,checked-by,urn:uuid:6b6f6042-4d26-5a72-869c-5ce8439ee23a,
urn:uuid:affa2d5e-4dc2-5b6c-ac3c-ef302be2d14c,relation/unit/bab-4-limit-dan-kompletisasi-grup/checked-by/qa/unit-034/visual-preflight,urn:uuid:f2e99f76-1414-5767-acd3-fd9d94c67812,checked-by,urn:uuid:64fe770e-534a-51de-a70a-8ab94f11b86e,
urn:uuid:90c4279d-14ee-5646-a7a0-20b8b85a19d6,relation/unit/bab-4-limit-dan-kompletisasi-grup/contains/unit/bab-4-limit-dan-kompletisasi-grup/section/01,urn:uuid:f2e99f76-1414-5767-acd3-fd9d94c67812,contains,urn:uuid:3f49a4a1-3db8-50ca-97a3-fd5ec0846161,chapter4.tex:1609-1744 (line 1744 blank boundary omitted from target mapping)
urn:uuid:bce93bfa-26e6-5a32-b3b3-218e2876031a,relation/unit/bab-4-limit-dan-kompletisasi-grup/covers/citation-locator-localization/o013-li-u034-citeloc-001,urn:uuid:f2e99f76-1414-5767-acd3-fd9d94c67812,covers,urn:uuid:dfcae0c8-2d8b-5e8a-8717-0ca811c51071,
urn:uuid:dad24559-0096-550d-9965-1ac0a6214ad7,relation/unit/bab-4-limit-dan-kompletisasi-grup/covers/citation-locator-localization/o013-li-u034-citeloc-002,urn:uuid:f2e99f76-1414-5767-acd3-fd9d94c67812,covers,urn:uuid:2a606073-f778-5164-ac0c-2e376f20ffdc,
urn:uuid:f55b69d3-4964-5baf-b9bf-f695c88d4148,relation/unit/bab-4-limit-dan-kompletisasi-grup/covers/citation-locator-localization/o013-li-u034-citeloc-003,urn:uuid:f2e99f76-1414-5767-acd3-fd9d94c67812,covers,urn:uuid:2a3da160-0e38-5ff8-85c6-cdc093c66355,
urn:uuid:81dc8151-39d9-52ef-b258-5490411755f8,relation/unit/bab-4-limit-dan-kompletisasi-grup/covers/concept/cauchy-sequence,urn:uuid:f2e99f76-1414-5767-acd3-fd9d94c67812,covers,urn:uuid:4ae3d2e5-f10a-5b8d-b7b3-f0987d379074,
urn:uuid:848c5033-e458-5cfc-bda0-afe0e4ab812a,relation/unit/bab-4-limit-dan-kompletisasi-grup/covers/concept/closed-subgroup,urn:uuid:f2e99f76-1414-5767-acd3-fd9d94c67812,covers,urn:uuid:18409ee2-907c-5973-9ec3-986d98911117,
urn:uuid:527e4fd1-32b2-5481-a3d7-fcb99d6b113a,relation/unit/bab-4-limit-dan-kompletisasi-grup/covers/concept/compact-space,urn:uuid:f2e99f76-1414-5767-acd3-fd9d94c67812,covers,urn:uuid:9ff81683-2b90-5a42-b156-09892dc53596,
urn:uuid:e5d47a5e-23d4-5991-bba1-910ecd7d59d6,relation/unit/bab-4-limit-dan-kompletisasi-grup/covers/concept/direct-limit,urn:uuid:f2e99f76-1414-5767-acd3-fd9d94c67812,covers,urn:uuid:12143142-6a86-56d1-9a62-464e29543417,
urn:uuid:36827341-d69a-51d3-a2b2-0fb7ce7c7a80,relation/unit/bab-4-limit-dan-kompletisasi-grup/covers/concept/discrete-topology,urn:uuid:f2e99f76-1414-5767-acd3-fd9d94c67812,covers,urn:uuid:9696f963-02fc-523f-91aa-e42421a281cd,
urn:uuid:a1009845-f952-5de0-810d-fde4ae50bbb7,relation/unit/bab-4-limit-dan-kompletisasi-grup/covers/concept/elliptic-curve,urn:uuid:f2e99f76-1414-5767-acd3-fd9d94c67812,covers,urn:uuid:ae7764b7-8fac-5976-9a12-35efb477ea38,
urn:uuid:7e9656ee-863e-52ac-b31c-c52753c33f2a,relation/unit/bab-4-limit-dan-kompletisasi-grup/covers/concept/filtered-poset,urn:uuid:f2e99f76-1414-5767-acd3-fd9d94c67812,covers,urn:uuid:b929055e-9531-5fd2-a329-da0b97e6d1f2,
urn:uuid:af79d55f-69f0-5df0-9bb0-d08d090a4b55,relation/unit/bab-4-limit-dan-kompletisasi-grup/covers/concept/group-completion,urn:uuid:f2e99f76-1414-5767-acd3-fd9d94c67812,covers,urn:uuid:677355b9-77d3-553c-88ac-c6d06729ffba,
urn:uuid:db66ff67-c64f-5cb3-91b2-9dddd03a7f0d,relation/unit/bab-4-limit-dan-kompletisasi-grup/covers/concept/hausdorff-space,urn:uuid:f2e99f76-1414-5767-acd3-fd9d94c67812,covers,urn:uuid:80ea655d-8d93-570c-85ec-c381569952b5,
urn:uuid:2acadf44-69db-58fc-83e4-3e74e0c87314,relation/unit/bab-4-limit-dan-kompletisasi-grup/covers/concept/homology,urn:uuid:f2e99f76-1414-5767-acd3-fd9d94c67812,covers,urn:uuid:086ed591-c5a5-5298-b2c4-cfa221b92d52,
urn:uuid:3e3cd8ca-51d3-51ad-acb3-976624b66102,relation/unit/bab-4-limit-dan-kompletisasi-grup/covers/concept/inverse-limit,urn:uuid:f2e99f76-1414-5767-acd3-fd9d94c67812,covers,urn:uuid:66d7bbee-1e39-5d19-a71a-1a7f415ec55e,
urn:uuid:f97a2b0a-20b2-5bc0-8a3d-829a681839fc,relation/unit/bab-4-limit-dan-kompletisasi-grup/covers/concept/neighborhood-basis,urn:uuid:f2e99f76-1414-5767-acd3-fd9d94c67812,covers,urn:uuid:aa6bbd78-5d45-5ca4-a11f-e6c89c7765f2,
urn:uuid:4cfe2b52-c2e9-56d9-9fd4-fc200b8bf573,relation/unit/bab-4-limit-dan-kompletisasi-grup/covers/concept/open-subgroup,urn:uuid:f2e99f76-1414-5767-acd3-fd9d94c67812,covers,urn:uuid:babe1b73-bba5-5415-b38e-7747cf0dd09f,
urn:uuid:79451393-9cf1-50da-a1ce-7d5ab2d1e395,relation/unit/bab-4-limit-dan-kompletisasi-grup/covers/concept/p-adic-additive-group,urn:uuid:f2e99f76-1414-5767-acd3-fd9d94c67812,covers,urn:uuid:c36531da-4423-5507-827d-97c9080266ed,
urn:uuid:dd7a2ef6-d323-5f60-859e-1122407173cd,relation/unit/bab-4-limit-dan-kompletisasi-grup/covers/concept/p-adic-integer,urn:uuid:f2e99f76-1414-5767-acd3-fd9d94c67812,covers,urn:uuid:463541bd-bf0a-58db-bba7-702b5aa0d8a2,
urn:uuid:f4ee19f0-e86a-51c1-b321-692bd68b2b1b,relation/unit/bab-4-limit-dan-kompletisasi-grup/covers/concept/product-topology,urn:uuid:f2e99f76-1414-5767-acd3-fd9d94c67812,covers,urn:uuid:5568e6e7-af23-5df6-b910-54b22640f4b4,
urn:uuid:b5d4192f-3428-5dfc-8531-3967f84d7cce,relation/unit/bab-4-limit-dan-kompletisasi-grup/covers/concept/profinite-group,urn:uuid:f2e99f76-1414-5767-acd3-fd9d94c67812,covers,urn:uuid:23b42715-6011-5425-b1f8-8100dafc4200,
urn:uuid:2ac5e219-39cd-52f1-abd6-240cd66befb4,relation/unit/bab-4-limit-dan-kompletisasi-grup/covers/concept/rational-tate-module,urn:uuid:f2e99f76-1414-5767-acd3-fd9d94c67812,covers,urn:uuid:bfa25d0f-586b-52c2-b062-e857b0ba3ca3,
urn:uuid:237b5a68-f2b3-5899-8489-9e906bf6e055,relation/unit/bab-4-limit-dan-kompletisasi-grup/covers/concept/tate-module,urn:uuid:f2e99f76-1414-5767-acd3-fd9d94c67812,covers,urn:uuid:084d7907-5709-59ea-8a5b-60af49b72714,
urn:uuid:ba0da082-6e1e-57ff-88f1-40b16d123c99,relation/unit/bab-4-limit-dan-kompletisasi-grup/covers/concept/topological-group,urn:uuid:f2e99f76-1414-5767-acd3-fd9d94c67812,covers,urn:uuid:8f712a6f-e0d6-5af6-ae09-5d0d37b5e4e3,
urn:uuid:cdfdee5c-eaa0-56b8-bc18-5a82b9fdd058,relation/unit/bab-4-limit-dan-kompletisasi-grup/covers/concept/totally-disconnected-space,urn:uuid:f2e99f76-1414-5767-acd3-fd9d94c67812,covers,urn:uuid:770c9f23-c628-5ebd-8da0-fa1f27229ab4,
urn:uuid:ce225dcc-11ad-5de1-9329-11f874673b52,relation/unit/bab-4-limit-dan-kompletisasi-grup/covers/concept/tychonoff-theorem,urn:uuid:f2e99f76-1414-5767-acd3-fd9d94c67812,covers,urn:uuid:ba90eb5a-687d-5e00-a5bd-a275dc144418,
urn:uuid:2035dcda-87bf-5eef-bd0d-d9fe2f500eeb,relation/unit/bab-4-limit-dan-kompletisasi-grup/covers/correction/o013-li-u034-cor-001,urn:uuid:f2e99f76-1414-5767-acd3-fd9d94c67812,covers,urn:uuid:38cdb720-b760-5fd8-a96b-89419255f142,
urn:uuid:d9b0e889-760e-5d14-af91-30751fdca08d,relation/unit/bab-4-limit-dan-kompletisasi-grup/covers/digital-reflow/o013-li-u034-reflow-001,urn:uuid:f2e99f76-1414-5767-acd3-fd9d94c67812,covers,urn:uuid:2ed9ba5e-5c93-52f2-9c30-24fb4f2a721e,
urn:uuid:02a31bfc-ea3c-501f-95c6-510e64cb9171,relation/unit/bab-4-limit-dan-kompletisasi-grup/covers/protected-text-localization/o013-li-u034-loc-001,urn:uuid:f2e99f76-1414-5767-acd3-fd9d94c67812,covers,urn:uuid:7a497b15-5a2b-598b-a1a8-c7a78f10cc07,
urn:uuid:2b146bde-d7d1-5318-899b-e0518b31f889,relation/unit/bab-4-limit-dan-kompletisasi-grup/covers/protected-text-localization/o013-li-u034-loc-002,urn:uuid:f2e99f76-1414-5767-acd3-fd9d94c67812,covers,urn:uuid:e492c0c0-867a-50a8-8f46-047103aebc3c,
urn:uuid:7d2bd5d5-6476-5f85-8875-05c4acc02926,relation/unit/bab-4-limit-dan-kompletisasi-grup/covers/protected-text-localization/o013-li-u034-loc-003,urn:uuid:f2e99f76-1414-5767-acd3-fd9d94c67812,covers,urn:uuid:d3993397-3b35-5fc9-8c39-c15ac9573f68,
urn:uuid:01987ff3-cf5c-551e-b4cd-0e3aa89a085e,relation/unit/bab-4-limit-dan-kompletisasi-grup/covers/protected-text-localization/o013-li-u034-loc-004,urn:uuid:f2e99f76-1414-5767-acd3-fd9d94c67812,covers,urn:uuid:504c82ad-b837-58b9-9173-931d046149d2,
urn:uuid:27cebc48-ec5d-5a35-8da0-283d87f32060,relation/unit/bab-4-limit-dan-kompletisasi-grup/covers/protected-text-localization/o013-li-u034-loc-005,urn:uuid:f2e99f76-1414-5767-acd3-fd9d94c67812,covers,urn:uuid:0bb172fd-19a3-50cc-8095-4f423ff055a7,
urn:uuid:707bd399-5526-5f9e-a063-53b47806e52a,relation/unit/bab-4-limit-dan-kompletisasi-grup/covers/protected-text-localization/o013-li-u034-loc-006,urn:uuid:f2e99f76-1414-5767-acd3-fd9d94c67812,covers,urn:uuid:0255aade-7498-540f-a544-d0c9135be739,
urn:uuid:256bc54d-fd52-5b53-8b67-15f03179a173,relation/unit/bab-4-limit-dan-kompletisasi-grup/covers/protected-text-localization/o013-li-u034-loc-007,urn:uuid:f2e99f76-1414-5767-acd3-fd9d94c67812,covers,urn:uuid:e313f420-2684-5286-aa23-0fed7e814a6e,
urn:uuid:60f80043-6e98-564b-9e36-680b6132e374,relation/unit/bab-4-limit-dan-kompletisasi-grup/covers/protected-text-localization/o013-li-u034-loc-008,urn:uuid:f2e99f76-1414-5767-acd3-fd9d94c67812,covers,urn:uuid:7d85303f-8f94-5ef8-abda-03e7316e3130,
urn:uuid:70a3f654-c93f-523f-8ce4-662eb4e4a3ef,relation/unit/bab-4-limit-dan-kompletisasi-grup/covers/protected-text-localization/o013-li-u034-loc-009,urn:uuid:f2e99f76-1414-5767-acd3-fd9d94c67812,covers,urn:uuid:4a64b24f-fed5-55ef-b502-a273a331a814,
urn:uuid:310e7722-86cb-51ac-9c48-f26440b8cf5a,relation/unit/bab-4-limit-dan-kompletisasi-grup/covers/provenance/o013-li-u034-production,urn:uuid:f2e99f76-1414-5767-acd3-fd9d94c67812,covers,urn:uuid:22581715-e5d2-513f-99be-52626e3fd08f,
urn:uuid:79e6095e-48d1-5b20-b9fc-66cda68d2e0f,relation/unit/bab-4-limit-dan-kompletisasi-grup/covers/surface/unit-034/diagram-arrow/001,urn:uuid:f2e99f76-1414-5767-acd3-fd9d94c67812,covers,urn:uuid:4d2e7994-5caa-5f1d-b594-7e3dfe312265,
urn:uuid:1388442d-ee71-53b4-900b-7ce614baa1ea,relation/unit/bab-4-limit-dan-kompletisasi-grup/covers/surface/unit-034/diagram-arrow/002,urn:uuid:f2e99f76-1414-5767-acd3-fd9d94c67812,covers,urn:uuid:1400b7ae-4cd7-56da-b750-9a76573cb1de,
urn:uuid:5985900b-cf40-5b08-a430-e4b2affb20a6,relation/unit/bab-4-limit-dan-kompletisasi-grup/covers/surface/unit-034/diagram-arrow/003,urn:uuid:f2e99f76-1414-5767-acd3-fd9d94c67812,covers,urn:uuid:d6587082-0829-58b2-b3e2-9a51f5dc488f,
urn:uuid:8c4f60a4-0d85-54a8-a040-92eec6b53055,relation/unit/bab-4-limit-dan-kompletisasi-grup/covers/surface/unit-034/diagram-arrow/004,urn:uuid:f2e99f76-1414-5767-acd3-fd9d94c67812,covers,urn:uuid:1f6c2ecd-e903-5366-aa4b-e9b46cabc8a1,
urn:uuid:16e0e7e3-37cd-5da1-ae98-236ce7af0546,relation/unit/bab-4-limit-dan-kompletisasi-grup/covers/surface/unit-034/diagram-arrow/005,urn:uuid:f2e99f76-1414-5767-acd3-fd9d94c67812,covers,urn:uuid:8edc88b1-0457-5d1a-9dda-87ef8e286772,
urn:uuid:b252356f-3b73-5aa0-bece-af234a9ddd2c,relation/unit/bab-4-limit-dan-kompletisasi-grup/covers/surface/unit-034/diagram-arrow/006,urn:uuid:f2e99f76-1414-5767-acd3-fd9d94c67812,covers,urn:uuid:fd8d4f48-4cca-5a3a-aeb6-70b14e49c5ed,
urn:uuid:dce8ceb2-0b66-5900-b83b-c37e1a04866c,relation/unit/bab-4-limit-dan-kompletisasi-grup/covers/surface/unit-034/diagram-arrow/007,urn:uuid:f2e99f76-1414-5767-acd3-fd9d94c67812,covers,urn:uuid:7efe5abe-b73c-5633-bc99-4677f409681e,
urn:uuid:0b93e004-b323-57e0-8152-ccf9eac514f1,relation/unit/bab-4-limit-dan-kompletisasi-grup/covers/surface/unit-034/diagram-arrow/008,urn:uuid:f2e99f76-1414-5767-acd3-fd9d94c67812,covers,urn:uuid:f1126dea-c47d-5901-9b7f-9a51335d5176,
urn:uuid:b0d67d5d-cd1f-5321-9940-b43380ee1e51,relation/unit/bab-4-limit-dan-kompletisasi-grup/covers/surface/unit-034/diagram-arrow/009,urn:uuid:f2e99f76-1414-5767-acd3-fd9d94c67812,covers,urn:uuid:7f3f7c98-929b-5a3e-a887-b32180ebb656,
urn:uuid:cdd40e7f-bfc0-5955-85ff-e0ba08cc7750,relation/unit/bab-4-limit-dan-kompletisasi-grup/covers/surface/unit-034/diagram-arrow/010,urn:uuid:f2e99f76-1414-5767-acd3-fd9d94c67812,covers,urn:uuid:85144a65-8a76-547e-beba-554403e9f934,
urn:uuid:706c3f4c-d9cc-5237-a2de-a5f892c472de,relation/unit/bab-4-limit-dan-kompletisasi-grup/covers/surface/unit-034/diagram-arrow/011,urn:uuid:f2e99f76-1414-5767-acd3-fd9d94c67812,covers,urn:uuid:8a3db2ae-cad9-5422-96be-cd24652540d4,
urn:uuid:b67fbc26-4f5e-5e41-8c40-d81473d5276e,relation/unit/bab-4-limit-dan-kompletisasi-grup/covers/surface/unit-034/diagram-arrow/012,urn:uuid:f2e99f76-1414-5767-acd3-fd9d94c67812,covers,urn:uuid:d91f880b-0910-5b48-b95a-3dcb7ec42d74,
urn:uuid:84464ec6-c667-5a77-a9e3-7bab98ac6a25,relation/unit/bab-4-limit-dan-kompletisasi-grup/covers/surface/unit-034/environment/001-compactitem-01,urn:uuid:f2e99f76-1414-5767-acd3-fd9d94c67812,covers,urn:uuid:83a9dcaa-5151-5c3c-bf90-335a00271885,
urn:uuid:aa635868-8139-5775-89dd-a51878328dac,relation/unit/bab-4-limit-dan-kompletisasi-grup/covers/surface/unit-034/environment/002-definition-01,urn:uuid:f2e99f76-1414-5767-acd3-fd9d94c67812,covers,urn:uuid:db55c94d-f60f-5eab-a7d8-491eb7573801,
urn:uuid:e7258603-63e0-5471-8ea8-2a66057ee941,relation/unit/bab-4-limit-dan-kompletisasi-grup/covers/surface/unit-034/environment/003-lemma-01,urn:uuid:f2e99f76-1414-5767-acd3-fd9d94c67812,covers,urn:uuid:14561f6b-12c2-5dd7-9974-f1e58324c940,
urn:uuid:379bea9e-1fed-58a6-8dec-80ef82188336,relation/unit/bab-4-limit-dan-kompletisasi-grup/covers/surface/unit-034/environment/004-equation-01,urn:uuid:f2e99f76-1414-5767-acd3-fd9d94c67812,covers,urn:uuid:929e43ee-3c08-5542-81d4-c7b505d81137,
urn:uuid:b6fab066-3010-5c00-a079-846d77849f20,relation/unit/bab-4-limit-dan-kompletisasi-grup/covers/surface/unit-034/environment/005-proof-01,urn:uuid:f2e99f76-1414-5767-acd3-fd9d94c67812,covers,urn:uuid:2f023cb8-2d4e-5c84-9d69-9157bed407fe,
urn:uuid:125604dc-addd-56f4-a513-ccf382629a09,relation/unit/bab-4-limit-dan-kompletisasi-grup/covers/surface/unit-034/environment/006-equation-01,urn:uuid:f2e99f76-1414-5767-acd3-fd9d94c67812,covers,urn:uuid:e59b671c-a5f5-5abb-b8c0-ab3cad215535,
urn:uuid:afbd76c4-9884-5589-9f04-37b482ef8045,relation/unit/bab-4-limit-dan-kompletisasi-grup/covers/surface/unit-034/environment/007-aligned-01,urn:uuid:f2e99f76-1414-5767-acd3-fd9d94c67812,covers,urn:uuid:b437abe7-10bf-5e23-9fc7-06ba700a9c56,
urn:uuid:edb92c2a-1a49-58ec-b17d-a02b144b495f,relation/unit/bab-4-limit-dan-kompletisasi-grup/covers/surface/unit-034/environment/008-lemma-02,urn:uuid:f2e99f76-1414-5767-acd3-fd9d94c67812,covers,urn:uuid:d5b289fb-d1b6-52f9-8da6-b03890ef648f,
urn:uuid:a0de0d46-db02-5729-86b8-5de42d3f1da7,relation/unit/bab-4-limit-dan-kompletisasi-grup/covers/surface/unit-034/environment/009-proof-02,urn:uuid:f2e99f76-1414-5767-acd3-fd9d94c67812,covers,urn:uuid:3b683c4f-91ab-5445-8d8d-ed000d37ea69,
urn:uuid:25b5fb30-7bf3-5e04-9a89-47328dedd1d9,relation/unit/bab-4-limit-dan-kompletisasi-grup/covers/surface/unit-034/environment/010-lemma-03,urn:uuid:f2e99f76-1414-5767-acd3-fd9d94c67812,covers,urn:uuid:73f09351-b652-5780-8449-6314aee16e36,
urn:uuid:98dc3a85-23c5-5784-bc04-5725da6374f3,relation/unit/bab-4-limit-dan-kompletisasi-grup/covers/surface/unit-034/environment/011-proof-03,urn:uuid:f2e99f76-1414-5767-acd3-fd9d94c67812,covers,urn:uuid:e16f3d38-fb6c-5493-b833-197c262f27a5,
urn:uuid:ecccfe87-61d9-5928-98e8-64c318e3e11e,relation/unit/bab-4-limit-dan-kompletisasi-grup/covers/surface/unit-034/environment/012-definition-02,urn:uuid:f2e99f76-1414-5767-acd3-fd9d94c67812,covers,urn:uuid:790db88f-20fe-552c-ba0b-330b5cf4eda5,
urn:uuid:bc11aa7c-0292-5d1a-827e-609c6e0f8ae4,relation/unit/bab-4-limit-dan-kompletisasi-grup/covers/surface/unit-034/environment/013-theorem-01,urn:uuid:f2e99f76-1414-5767-acd3-fd9d94c67812,covers,urn:uuid:1433dc9c-b65a-5dec-b760-0fdcdeba0518,
urn:uuid:4822230f-80bf-5c6a-a0c3-e90e9f7e5a64,relation/unit/bab-4-limit-dan-kompletisasi-grup/covers/surface/unit-034/environment/014-proof-04,urn:uuid:f2e99f76-1414-5767-acd3-fd9d94c67812,covers,urn:uuid:eed84f1c-9e85-56d5-8faa-591d9982fbd8,
urn:uuid:55d45cca-6538-5abe-8a34-503c0de76e39,relation/unit/bab-4-limit-dan-kompletisasi-grup/covers/surface/unit-034/environment/015-remark-01,urn:uuid:f2e99f76-1414-5767-acd3-fd9d94c67812,covers,urn:uuid:5ea20479-647a-5f24-941a-ebfd65fcc826,
urn:uuid:5aeac752-a0b0-56e6-ab0b-dbf16cc1f2ba,relation/unit/bab-4-limit-dan-kompletisasi-grup/covers/surface/unit-034/environment/016-definition-03,urn:uuid:f2e99f76-1414-5767-acd3-fd9d94c67812,covers,urn:uuid:5055aec1-20c7-5d81-adbc-0acc7f9fa76e,
urn:uuid:2d7119c2-4dfd-5c35-9414-cd185c735196,relation/unit/bab-4-limit-dan-kompletisasi-grup/covers/surface/unit-034/environment/017-definition-04,urn:uuid:f2e99f76-1414-5767-acd3-fd9d94c67812,covers,urn:uuid:ea48807a-9b3c-5dc7-8ee4-d8001d8fae59,
urn:uuid:710d3aaf-a9e6-57cd-9d98-b0ee5feb088c,relation/unit/bab-4-limit-dan-kompletisasi-grup/covers/surface/unit-034/environment/018-enumerate-01,urn:uuid:f2e99f76-1414-5767-acd3-fd9d94c67812,covers,urn:uuid:d6d823f0-acef-5057-8948-c9f223d1642c,
urn:uuid:37e57820-9b41-5c76-9a8d-f7dce220fe33,relation/unit/bab-4-limit-dan-kompletisasi-grup/covers/surface/unit-034/environment/019-theorem-02,urn:uuid:f2e99f76-1414-5767-acd3-fd9d94c67812,covers,urn:uuid:44891fd8-643c-50b9-bab5-5a449035c7d8,
urn:uuid:f4f71a06-acb2-53cc-97ba-1e4689eca44b,relation/unit/bab-4-limit-dan-kompletisasi-grup/covers/surface/unit-034/environment/020-proof-05,urn:uuid:f2e99f76-1414-5767-acd3-fd9d94c67812,covers,urn:uuid:9bdc5ab7-cd4e-55ed-a355-868469dc3584,
urn:uuid:b13be5fe-d128-500e-8ecd-cdc6b77297ac,relation/unit/bab-4-limit-dan-kompletisasi-grup/covers/surface/unit-034/environment/021-remark-02,urn:uuid:f2e99f76-1414-5767-acd3-fd9d94c67812,covers,urn:uuid:14f0120f-a432-525a-bc5f-4104d12b3f85,
urn:uuid:2becbb9a-24cb-52d8-86e2-3551c92ae074,relation/unit/bab-4-limit-dan-kompletisasi-grup/covers/surface/unit-034/environment/022-example-01,urn:uuid:f2e99f76-1414-5767-acd3-fd9d94c67812,covers,urn:uuid:b4363eb6-410e-5966-8add-b06ec0b851b1,
urn:uuid:7ad2ab41-adf3-5d8c-9588-59931730e5db,relation/unit/bab-4-limit-dan-kompletisasi-grup/covers/surface/unit-034/environment/023-example-02,urn:uuid:f2e99f76-1414-5767-acd3-fd9d94c67812,covers,urn:uuid:61a31d14-e1ec-5953-9c06-8406ef820cf2,
urn:uuid:e0479609-1196-5b27-957e-1e364664d195,relation/unit/bab-4-limit-dan-kompletisasi-grup/covers/surface/unit-034/environment/024-align-01,urn:uuid:f2e99f76-1414-5767-acd3-fd9d94c67812,covers,urn:uuid:c89ec24b-461b-5ec5-aa69-9e8404b70939,
urn:uuid:630dfb65-141c-5ccf-8d0a-e74c5700d840,relation/unit/bab-4-limit-dan-kompletisasi-grup/covers/surface/unit-034/environment/025-tikzcd-01,urn:uuid:f2e99f76-1414-5767-acd3-fd9d94c67812,covers,urn:uuid:592623bf-e880-5f2b-ab16-d2b874fc5335,
urn:uuid:a9a5bb8b-fa8c-5381-a494-009e574786a9,relation/unit/bab-4-limit-dan-kompletisasi-grup/covers/surface/unit-034/item/001,urn:uuid:f2e99f76-1414-5767-acd3-fd9d94c67812,covers,urn:uuid:d39606d6-ef89-5704-b095-84dab0a88f79,
urn:uuid:692c0366-44a6-5de1-83f5-8ba06b549ef4,relation/unit/bab-4-limit-dan-kompletisasi-grup/covers/surface/unit-034/item/002,urn:uuid:f2e99f76-1414-5767-acd3-fd9d94c67812,covers,urn:uuid:9151b103-dfd6-5719-b2dc-7b5c93b83007,
urn:uuid:28fe507d-8f81-51a0-9d65-26da80ba0267,relation/unit/bab-4-limit-dan-kompletisasi-grup/covers/surface/unit-034/item/003,urn:uuid:f2e99f76-1414-5767-acd3-fd9d94c67812,covers,urn:uuid:475330eb-5c52-58fa-90bf-599c19dd6309,
urn:uuid:54b4cb16-57bc-5e19-81cb-c1d83e6dc132,relation/unit/bab-4-limit-dan-kompletisasi-grup/covers/surface/unit-034/item/004,urn:uuid:f2e99f76-1414-5767-acd3-fd9d94c67812,covers,urn:uuid:5c0793ea-b5a7-5283-8c15-dcb6802bdb6c,
urn:uuid:3c1d23cc-e5a9-5af5-a7d0-ed9e52641557,relation/unit/bab-4-limit-dan-kompletisasi-grup/covers/surface/unit-034/item/005,urn:uuid:f2e99f76-1414-5767-acd3-fd9d94c67812,covers,urn:uuid:222922e4-bb6f-5f52-9e57-c29c5ac93b64,
urn:uuid:5b99984e-359c-526c-9346-b89bd47490fa,relation/unit/bab-4-limit-dan-kompletisasi-grup/covers/surface/unit-034/label/001,urn:uuid:f2e99f76-1414-5767-acd3-fd9d94c67812,covers,urn:uuid:5b0cbee6-ec02-58c4-9081-3242384a6aef,
urn:uuid:4fc2e08b-db19-56ec-a583-c8756d4151f9,relation/unit/bab-4-limit-dan-kompletisasi-grup/covers/surface/unit-034/label/002,urn:uuid:f2e99f76-1414-5767-acd3-fd9d94c67812,covers,urn:uuid:1c392535-8b25-53db-859c-16c41b2537ec,
urn:uuid:172318cc-b017-5354-8f9b-57e0e95f1a1d,relation/unit/bab-4-limit-dan-kompletisasi-grup/covers/surface/unit-034/label/003,urn:uuid:f2e99f76-1414-5767-acd3-fd9d94c67812,covers,urn:uuid:14072c82-4a57-50bb-96a0-78ccf0119ff6,
urn:uuid:8fa0d5f0-31cf-50ea-9e1a-26465e658ddb,relation/unit/bab-4-limit-dan-kompletisasi-grup/covers/surface/unit-034/label/004,urn:uuid:f2e99f76-1414-5767-acd3-fd9d94c67812,covers,urn:uuid:a756fa84-9b4b-5d40-aac6-adb66e0a78a6,
urn:uuid:20873cfc-7725-540a-aade-79164ec0a74f,relation/unit/bab-4-limit-dan-kompletisasi-grup/covers/surface/unit-034/label/005,urn:uuid:f2e99f76-1414-5767-acd3-fd9d94c67812,covers,urn:uuid:bafba05f-3dcc-584a-ae05-1f40e2742fe9,
urn:uuid:c8214306-e8d7-5e50-9211-c8615be497ae,relation/unit/bab-4-limit-dan-kompletisasi-grup/covers/surface/unit-034/label/006,urn:uuid:f2e99f76-1414-5767-acd3-fd9d94c67812,covers,urn:uuid:58af679b-2d2a-5671-a0bb-1a3d4a28f22e,
urn:uuid:9295fe04-bd95-5d25-b9ed-da8f22c28fd3,relation/unit/bab-4-limit-dan-kompletisasi-grup/covers/surface/unit-034/label/007,urn:uuid:f2e99f76-1414-5767-acd3-fd9d94c67812,covers,urn:uuid:3a7bad48-a4ba-59b2-875b-8f78b079b685,
urn:uuid:50a19e58-8cab-5fbd-b33b-fdad17277e61,relation/unit/bab-4-limit-dan-kompletisasi-grup/covers/surface/unit-034/label/008,urn:uuid:f2e99f76-1414-5767-acd3-fd9d94c67812,covers,urn:uuid:0b8a306d-7ac2-53f2-b58d-4bebbb43f4cc,
urn:uuid:64065cae-846f-5181-a712-aabbde16ae56,relation/unit/bab-4-limit-dan-kompletisasi-grup/covers/surface/unit-034/label/009,urn:uuid:f2e99f76-1414-5767-acd3-fd9d94c67812,covers,urn:uuid:145d1007-28b8-5a53-8081-f909361d16a6,
urn:uuid:f6b15df3-b49e-5205-af91-37459ba73cce,relation/unit/bab-4-limit-dan-kompletisasi-grup/covers/surface/unit-034/label/010,urn:uuid:f2e99f76-1414-5767-acd3-fd9d94c67812,covers,urn:uuid:93987224-3779-5570-9ed1-8b540791e58c,
urn:uuid:1f2dc0d3-22e5-56dd-a8b2-ee1f8613b0e1,relation/unit/bab-4-limit-dan-kompletisasi-grup/covers/surface/unit-034/label/011,urn:uuid:f2e99f76-1414-5767-acd3-fd9d94c67812,covers,urn:uuid:7bf4eaf9-e5a5-59c6-81f5-5a4dc962f9ce,
urn:uuid:29f3dde4-4591-53fc-8f47-081f3616ee99,relation/unit/bab-4-limit-dan-kompletisasi-grup/covers/surface/unit-034/protected-math-zone/001-inline,urn:uuid:f2e99f76-1414-5767-acd3-fd9d94c67812,covers,urn:uuid:4fabd8d6-6446-5c75-9464-733ba32e6606,
urn:uuid:623f5e51-f8fa-5c8d-ad8b-651623256beb,relation/unit/bab-4-limit-dan-kompletisasi-grup/covers/surface/unit-034/protected-math-zone/002-inline,urn:uuid:f2e99f76-1414-5767-acd3-fd9d94c67812,covers,urn:uuid:47e74b9d-d49c-5bac-a871-4a3ed035a0c8,
urn:uuid:e06ced90-2244-51f2-9b89-7101e5020018,relation/unit/bab-4-limit-dan-kompletisasi-grup/covers/surface/unit-034/protected-math-zone/003-inline,urn:uuid:f2e99f76-1414-5767-acd3-fd9d94c67812,covers,urn:uuid:74302570-848d-57df-93ff-28cca41c09f8,
urn:uuid:8f1e8d3e-8dd8-5da9-bdcf-9ba9bf92b200,relation/unit/bab-4-limit-dan-kompletisasi-grup/covers/surface/unit-034/protected-math-zone/004-inline,urn:uuid:f2e99f76-1414-5767-acd3-fd9d94c67812,covers,urn:uuid:acb1f2cf-72a0-5490-b8a8-f8fe6d232809,
urn:uuid:e5c41b3b-211d-5e08-ae93-05334efd96cb,relation/unit/bab-4-limit-dan-kompletisasi-grup/covers/surface/unit-034/protected-math-zone/005-inline,urn:uuid:f2e99f76-1414-5767-acd3-fd9d94c67812,covers,urn:uuid:e3744c5f-7d61-52a1-bb6c-0a3ac17ef538,
urn:uuid:c82dcd3c-416d-51bb-b29f-bd8373e64765,relation/unit/bab-4-limit-dan-kompletisasi-grup/covers/surface/unit-034/protected-math-zone/006-inline,urn:uuid:f2e99f76-1414-5767-acd3-fd9d94c67812,covers,urn:uuid:2d8b4680-0183-585a-939c-74ccc744dfbf,
urn:uuid:8158aff7-5fd8-5c89-a474-a23add2caa26,relation/unit/bab-4-limit-dan-kompletisasi-grup/covers/surface/unit-034/protected-math-zone/007-inline,urn:uuid:f2e99f76-1414-5767-acd3-fd9d94c67812,covers,urn:uuid:60820067-e907-5fca-a981-8602c86b93e3,
urn:uuid:9c3393a7-27a9-5d3e-920f-09f355f4aef4,relation/unit/bab-4-limit-dan-kompletisasi-grup/covers/surface/unit-034/protected-math-zone/008-inline,urn:uuid:f2e99f76-1414-5767-acd3-fd9d94c67812,covers,urn:uuid:936d169c-011e-5a25-9bd1-25920eae2d7f,
urn:uuid:a1bcda26-eacf-559a-a9b0-07df7fa61794,relation/unit/bab-4-limit-dan-kompletisasi-grup/covers/surface/unit-034/protected-math-zone/009-inline,urn:uuid:f2e99f76-1414-5767-acd3-fd9d94c67812,covers,urn:uuid:a7f81854-4d24-5337-81e5-019179f0c69f,
urn:uuid:8185c4b6-5f68-5ca0-8e03-affd64450ad2,relation/unit/bab-4-limit-dan-kompletisasi-grup/covers/surface/unit-034/protected-math-zone/010-inline,urn:uuid:f2e99f76-1414-5767-acd3-fd9d94c67812,covers,urn:uuid:4b1cb4a0-1652-5c26-94c7-61d435baa402,
urn:uuid:0a15109e-1d4f-5cd1-b3ba-000523b09157,relation/unit/bab-4-limit-dan-kompletisasi-grup/covers/surface/unit-034/protected-math-zone/011-inline,urn:uuid:f2e99f76-1414-5767-acd3-fd9d94c67812,covers,urn:uuid:3e46daac-d257-52a9-b023-29fb5c8492ca,
urn:uuid:ff3303b0-c389-5c6b-aa7c-e1dac0193fdb,relation/unit/bab-4-limit-dan-kompletisasi-grup/covers/surface/unit-034/protected-math-zone/012-inline,urn:uuid:f2e99f76-1414-5767-acd3-fd9d94c67812,covers,urn:uuid:fec1e2cd-6df0-5730-a55c-8c4bcc222c87,
urn:uuid:a93dd6b6-ab01-5bf1-9cee-77a74c0a2a8f,relation/unit/bab-4-limit-dan-kompletisasi-grup/covers/surface/unit-034/protected-math-zone/013-inline,urn:uuid:f2e99f76-1414-5767-acd3-fd9d94c67812,covers,urn:uuid:e84fb670-3715-5936-a454-d0d2f572526b,
urn:uuid:9be8462b-ae73-510b-a080-1a9850682494,relation/unit/bab-4-limit-dan-kompletisasi-grup/covers/surface/unit-034/protected-math-zone/014-inline,urn:uuid:f2e99f76-1414-5767-acd3-fd9d94c67812,covers,urn:uuid:195322e5-ca62-5606-bd90-488c5721c67b,
urn:uuid:20070e2d-27ad-59fa-bfc9-cf0e977d1d38,relation/unit/bab-4-limit-dan-kompletisasi-grup/covers/surface/unit-034/protected-math-zone/015-display-bracket,urn:uuid:f2e99f76-1414-5767-acd3-fd9d94c67812,covers,urn:uuid:5f61c979-0922-5d79-9d42-f28e321000f9,
urn:uuid:3827ef13-6b44-5b73-a604-c0b7b609f257,relation/unit/bab-4-limit-dan-kompletisasi-grup/covers/surface/unit-034/protected-math-zone/016-inline,urn:uuid:f2e99f76-1414-5767-acd3-fd9d94c67812,covers,urn:uuid:676c8e99-cf59-5311-8052-18c49184492d,
urn:uuid:3ddf91fb-e8f8-5340-ba73-d8b74fc55bf1,relation/unit/bab-4-limit-dan-kompletisasi-grup/covers/surface/unit-034/protected-math-zone/017-inline,urn:uuid:f2e99f76-1414-5767-acd3-fd9d94c67812,covers,urn:uuid:f28d4b8b-847c-551c-be0f-ae2e3171f7fa,
urn:uuid:ad6b2ebe-24c8-56ed-8ba6-a3b08469a2c3,relation/unit/bab-4-limit-dan-kompletisasi-grup/covers/surface/unit-034/protected-math-zone/018-inline,urn:uuid:f2e99f76-1414-5767-acd3-fd9d94c67812,covers,urn:uuid:9a5d1964-09a7-531c-91ce-1137e64e127d,
urn:uuid:0077ec1f-9f2e-5e44-a471-71a555497584,relation/unit/bab-4-limit-dan-kompletisasi-grup/covers/surface/unit-034/protected-math-zone/019-inline,urn:uuid:f2e99f76-1414-5767-acd3-fd9d94c67812,covers,urn:uuid:980a8de0-343b-5d81-a05b-dc3be9697edb,
urn:uuid:7e54ecb3-1b3c-5a3b-bf37-d31325f7be6d,relation/unit/bab-4-limit-dan-kompletisasi-grup/covers/surface/unit-034/protected-math-zone/020-inline,urn:uuid:f2e99f76-1414-5767-acd3-fd9d94c67812,covers,urn:uuid:2a132ed5-9c03-54f6-a284-1d123d8df082,
urn:uuid:9ae360e2-6ca8-5ceb-874f-ec493f899415,relation/unit/bab-4-limit-dan-kompletisasi-grup/covers/surface/unit-034/protected-math-zone/021-inline,urn:uuid:f2e99f76-1414-5767-acd3-fd9d94c67812,covers,urn:uuid:86b76332-c86a-5e29-99cc-6c7da5d802d3,
urn:uuid:b0795e4d-174e-55cc-a74e-75d806328245,relation/unit/bab-4-limit-dan-kompletisasi-grup/covers/surface/unit-034/protected-math-zone/022-inline,urn:uuid:f2e99f76-1414-5767-acd3-fd9d94c67812,covers,urn:uuid:f63df806-b136-548d-a6c5-50c6bed2d48c,
urn:uuid:d06f9a8f-45c2-53f1-8f37-52dd56a69a5d,relation/unit/bab-4-limit-dan-kompletisasi-grup/covers/surface/unit-034/protected-math-zone/023-inline,urn:uuid:f2e99f76-1414-5767-acd3-fd9d94c67812,covers,urn:uuid:9910f657-67aa-5983-937a-7a4a44d4528a,
urn:uuid:59600e8e-e876-56d8-868e-5620eeab1609,relation/unit/bab-4-limit-dan-kompletisasi-grup/covers/surface/unit-034/protected-math-zone/024-inline,urn:uuid:f2e99f76-1414-5767-acd3-fd9d94c67812,covers,urn:uuid:4e35c320-262d-5fe4-a686-400ebb33ddd1,
urn:uuid:883fd081-2f84-52d2-bed7-6e61fd949fdd,relation/unit/bab-4-limit-dan-kompletisasi-grup/covers/surface/unit-034/protected-math-zone/025-inline,urn:uuid:f2e99f76-1414-5767-acd3-fd9d94c67812,covers,urn:uuid:8226e82d-3a26-553b-b8ee-22467c05412b,
urn:uuid:ef57c811-68e6-5aa4-996f-378158c9818c,relation/unit/bab-4-limit-dan-kompletisasi-grup/covers/surface/unit-034/protected-math-zone/026-inline,urn:uuid:f2e99f76-1414-5767-acd3-fd9d94c67812,covers,urn:uuid:d717b1e4-eae2-5122-875e-e698e5b7d2b8,
urn:uuid:9e6c0a1e-90c7-55b7-a13b-614e745619fc,relation/unit/bab-4-limit-dan-kompletisasi-grup/covers/surface/unit-034/protected-math-zone/027-inline,urn:uuid:f2e99f76-1414-5767-acd3-fd9d94c67812,covers,urn:uuid:130a5096-4835-5429-8963-c8357e56c6c8,
urn:uuid:d82f3349-9d53-5b57-9e3e-5be16b21d290,relation/unit/bab-4-limit-dan-kompletisasi-grup/covers/surface/unit-034/protected-math-zone/028-inline,urn:uuid:f2e99f76-1414-5767-acd3-fd9d94c67812,covers,urn:uuid:00c5861e-6d64-548d-bc71-232e846c9eea,
urn:uuid:05ce0d92-c5c3-5f77-92f1-7d29916f6efe,relation/unit/bab-4-limit-dan-kompletisasi-grup/covers/surface/unit-034/protected-math-zone/029-inline,urn:uuid:f2e99f76-1414-5767-acd3-fd9d94c67812,covers,urn:uuid:4dd4af16-4163-52e8-abd3-6a3cdfef497d,
urn:uuid:b2d0131d-ddd9-5e00-a3ae-3afef33e4a80,relation/unit/bab-4-limit-dan-kompletisasi-grup/covers/surface/unit-034/protected-math-zone/030-inline,urn:uuid:f2e99f76-1414-5767-acd3-fd9d94c67812,covers,urn:uuid:2a94fdf3-f75b-5dd7-b8c1-cbd116360271,
urn:uuid:4d97049d-7e85-56ac-ad9a-657683026910,relation/unit/bab-4-limit-dan-kompletisasi-grup/covers/surface/unit-034/protected-math-zone/031-inline,urn:uuid:f2e99f76-1414-5767-acd3-fd9d94c67812,covers,urn:uuid:b63eae91-776c-575c-9bb8-67263ca8537f,
urn:uuid:f9116775-0f5d-56a8-b90e-1951a09ab28e,relation/unit/bab-4-limit-dan-kompletisasi-grup/covers/surface/unit-034/protected-math-zone/032-inline,urn:uuid:f2e99f76-1414-5767-acd3-fd9d94c67812,covers,urn:uuid:ff5a29d1-4d7e-53d5-9eac-93de61c0211e,
urn:uuid:a1dd3c4e-6326-5741-9d80-06dd31d16870,relation/unit/bab-4-limit-dan-kompletisasi-grup/covers/surface/unit-034/protected-math-zone/033-inline,urn:uuid:f2e99f76-1414-5767-acd3-fd9d94c67812,covers,urn:uuid:4c0a9d20-60c4-526f-973c-4d84f91adc77,
urn:uuid:e2a34f45-1617-5305-bb98-2bf59d38e5db,relation/unit/bab-4-limit-dan-kompletisasi-grup/covers/surface/unit-034/protected-math-zone/034-inline,urn:uuid:f2e99f76-1414-5767-acd3-fd9d94c67812,covers,urn:uuid:b58a55f7-8249-57d0-8ee5-b57e4614c2d1,
urn:uuid:92c29e8c-ee56-59a4-aec7-a501a0c2b17a,relation/unit/bab-4-limit-dan-kompletisasi-grup/covers/surface/unit-034/protected-math-zone/035-inline,urn:uuid:f2e99f76-1414-5767-acd3-fd9d94c67812,covers,urn:uuid:c986e549-8ddc-5121-ad0d-9e2c8884cdac,
urn:uuid:98cb5803-b8ca-5aa3-babc-dd3b8a3c0428,relation/unit/bab-4-limit-dan-kompletisasi-grup/covers/surface/unit-034/protected-math-zone/036-inline,urn:uuid:f2e99f76-1414-5767-acd3-fd9d94c67812,covers,urn:uuid:528a99d3-63d8-5365-832d-33985a0ad6cf,
urn:uuid:a8c7f3fb-db8d-56c2-bb78-805b50bdab69,relation/unit/bab-4-limit-dan-kompletisasi-grup/covers/surface/unit-034/protected-math-zone/037-inline,urn:uuid:f2e99f76-1414-5767-acd3-fd9d94c67812,covers,urn:uuid:305ffdf3-ff7b-5a51-99d7-642c20c16a3a,
urn:uuid:3ca397ea-d7bf-5589-930e-24bd2901e3a0,relation/unit/bab-4-limit-dan-kompletisasi-grup/covers/surface/unit-034/protected-math-zone/038-inline,urn:uuid:f2e99f76-1414-5767-acd3-fd9d94c67812,covers,urn:uuid:40528fce-ca9b-5239-b91b-14f28aa00981,
urn:uuid:2456697e-773e-5800-a203-fb3928b52a3e,relation/unit/bab-4-limit-dan-kompletisasi-grup/covers/surface/unit-034/protected-math-zone/039-display-bracket,urn:uuid:f2e99f76-1414-5767-acd3-fd9d94c67812,covers,urn:uuid:e88b5d83-8a54-5aa3-9754-1fb08656a2bc,
urn:uuid:73c82fd9-a881-5c20-bc9f-8079f12cc00a,relation/unit/bab-4-limit-dan-kompletisasi-grup/covers/surface/unit-034/protected-math-zone/040-inline,urn:uuid:f2e99f76-1414-5767-acd3-fd9d94c67812,covers,urn:uuid:0a63855f-99be-53bb-9de2-8146a79d6e4b,
urn:uuid:ae165dac-367d-564a-ab9b-cfbfb2efae86,relation/unit/bab-4-limit-dan-kompletisasi-grup/covers/surface/unit-034/protected-math-zone/041-inline,urn:uuid:f2e99f76-1414-5767-acd3-fd9d94c67812,covers,urn:uuid:e51aa628-2f42-54ce-b302-ee822b304af1,
urn:uuid:a4579a32-34ba-5b0e-a547-673ada5476a9,relation/unit/bab-4-limit-dan-kompletisasi-grup/covers/surface/unit-034/protected-math-zone/042-display-environment,urn:uuid:f2e99f76-1414-5767-acd3-fd9d94c67812,covers,urn:uuid:008e1359-6d1f-55f3-9a8e-208c1d003dca,
urn:uuid:e07a2c46-2916-59f5-a3e6-6f5c451b02aa,relation/unit/bab-4-limit-dan-kompletisasi-grup/covers/surface/unit-034/protected-math-zone/043-inline,urn:uuid:f2e99f76-1414-5767-acd3-fd9d94c67812,covers,urn:uuid:c28bf4a5-1b1f-5e5a-87d4-f6b695cd9e66,
urn:uuid:45a59813-c273-52bb-84c9-203e8f7137be,relation/unit/bab-4-limit-dan-kompletisasi-grup/covers/surface/unit-034/protected-math-zone/044-inline,urn:uuid:f2e99f76-1414-5767-acd3-fd9d94c67812,covers,urn:uuid:b59786c8-bf2f-589f-8c03-ce6d96245efa,
urn:uuid:7574b9e9-9357-544d-b74d-5aff3e48be88,relation/unit/bab-4-limit-dan-kompletisasi-grup/covers/surface/unit-034/protected-math-zone/045-inline,urn:uuid:f2e99f76-1414-5767-acd3-fd9d94c67812,covers,urn:uuid:909d3482-8cbc-5553-a356-67ee48a27c14,
urn:uuid:29b2e4d9-03ae-5511-9eec-ffce337c9bc1,relation/unit/bab-4-limit-dan-kompletisasi-grup/covers/surface/unit-034/protected-math-zone/046-inline,urn:uuid:f2e99f76-1414-5767-acd3-fd9d94c67812,covers,urn:uuid:2b63195e-2a6d-548d-ab8e-ce929617ebf5,
urn:uuid:002be2c7-2c4f-5d08-aa9a-5f8425054934,relation/unit/bab-4-limit-dan-kompletisasi-grup/covers/surface/unit-034/protected-math-zone/047-inline,urn:uuid:f2e99f76-1414-5767-acd3-fd9d94c67812,covers,urn:uuid:d1e8dc62-10d9-51b6-ac8d-b440f5b053b9,
urn:uuid:b326ea43-cb42-5147-bebf-9bfbb85dc8a6,relation/unit/bab-4-limit-dan-kompletisasi-grup/covers/surface/unit-034/protected-math-zone/048-display-environment,urn:uuid:f2e99f76-1414-5767-acd3-fd9d94c67812,covers,urn:uuid:a7bef749-2b01-5270-8f0e-f2ceced6fc60,
urn:uuid:3c966bb4-30d2-58d1-8d39-c68e2b51a2a0,relation/unit/bab-4-limit-dan-kompletisasi-grup/covers/surface/unit-034/protected-math-zone/049-inline,urn:uuid:f2e99f76-1414-5767-acd3-fd9d94c67812,covers,urn:uuid:0dea84ce-b649-5424-a6c5-d61f3cd2cf60,
urn:uuid:c1302d4a-4b6f-5538-aa41-d7d96aed0a4b,relation/unit/bab-4-limit-dan-kompletisasi-grup/covers/surface/unit-034/protected-math-zone/050-inline,urn:uuid:f2e99f76-1414-5767-acd3-fd9d94c67812,covers,urn:uuid:dad26255-c056-53fa-aade-38de53ca47cf,
urn:uuid:7672f0d3-4568-508c-857e-22ced04a0c40,relation/unit/bab-4-limit-dan-kompletisasi-grup/covers/surface/unit-034/protected-math-zone/051-inline,urn:uuid:f2e99f76-1414-5767-acd3-fd9d94c67812,covers,urn:uuid:a9a85fa0-78b3-5533-b5bd-268b08ba08fc,
urn:uuid:c8ccd745-eb94-50a9-aae5-03c616b94d92,relation/unit/bab-4-limit-dan-kompletisasi-grup/covers/surface/unit-034/protected-math-zone/052-inline,urn:uuid:f2e99f76-1414-5767-acd3-fd9d94c67812,covers,urn:uuid:3b46cf47-14b5-5583-9fda-234861a8adf8,
urn:uuid:800465ce-713c-56aa-a851-359267f16faa,relation/unit/bab-4-limit-dan-kompletisasi-grup/covers/surface/unit-034/protected-math-zone/053-inline,urn:uuid:f2e99f76-1414-5767-acd3-fd9d94c67812,covers,urn:uuid:1286e27d-3dae-58a4-aeb8-7bf0a1fb8a24,
urn:uuid:4d4f3bda-eae1-5561-ac70-12028384ae23,relation/unit/bab-4-limit-dan-kompletisasi-grup/covers/surface/unit-034/protected-math-zone/054-inline,urn:uuid:f2e99f76-1414-5767-acd3-fd9d94c67812,covers,urn:uuid:1527e2f9-e3b8-561c-9b29-acd570ef4b81,
urn:uuid:17b4c99b-76df-55bd-a758-a1c087f33c84,relation/unit/bab-4-limit-dan-kompletisasi-grup/covers/surface/unit-034/protected-math-zone/055-inline,urn:uuid:f2e99f76-1414-5767-acd3-fd9d94c67812,covers,urn:uuid:b71cc3c6-6af5-5db1-abeb-d6ac724445d0,
urn:uuid:59ab2feb-cd50-5c2a-b8cc-fe845def7d37,relation/unit/bab-4-limit-dan-kompletisasi-grup/covers/surface/unit-034/protected-math-zone/056-inline,urn:uuid:f2e99f76-1414-5767-acd3-fd9d94c67812,covers,urn:uuid:adfb3123-a391-582c-96b5-9948f873ad76,
urn:uuid:93c8ef24-fd31-51c2-aebf-148dbfcef525,relation/unit/bab-4-limit-dan-kompletisasi-grup/covers/surface/unit-034/protected-math-zone/057-inline,urn:uuid:f2e99f76-1414-5767-acd3-fd9d94c67812,covers,urn:uuid:52ce112f-374a-5794-ba5d-3df162bdb6d3,
urn:uuid:bcee15df-fe14-518c-9948-f11d6d0e11fb,relation/unit/bab-4-limit-dan-kompletisasi-grup/covers/surface/unit-034/protected-math-zone/058-inline,urn:uuid:f2e99f76-1414-5767-acd3-fd9d94c67812,covers,urn:uuid:81019762-7bb9-52bd-b367-82421610d2c2,
urn:uuid:70014c72-8b8a-521a-85a2-a4501c728e90,relation/unit/bab-4-limit-dan-kompletisasi-grup/covers/surface/unit-034/protected-math-zone/059-inline,urn:uuid:f2e99f76-1414-5767-acd3-fd9d94c67812,covers,urn:uuid:8addad70-f8e5-5353-8632-d1ecbeccc3bb,
urn:uuid:8e0d165b-0e75-505d-8c6c-7cb4a5b3396a,relation/unit/bab-4-limit-dan-kompletisasi-grup/covers/surface/unit-034/protected-math-zone/060-inline,urn:uuid:f2e99f76-1414-5767-acd3-fd9d94c67812,covers,urn:uuid:b507d3b1-0346-5d17-b53f-87a3fa3035b4,
urn:uuid:65405b7c-fef9-5c50-b137-8c9ad24482f2,relation/unit/bab-4-limit-dan-kompletisasi-grup/covers/surface/unit-034/protected-math-zone/061-inline,urn:uuid:f2e99f76-1414-5767-acd3-fd9d94c67812,covers,urn:uuid:d4778d53-9db3-5b76-b75c-469558dd8ac7,
urn:uuid:94cfd2d4-f8ab-5873-9169-52c0044f1817,relation/unit/bab-4-limit-dan-kompletisasi-grup/covers/surface/unit-034/protected-math-zone/062-inline,urn:uuid:f2e99f76-1414-5767-acd3-fd9d94c67812,covers,urn:uuid:ee9ea131-2f5c-5686-8d6a-e2c17c8860ed,
urn:uuid:bf62144a-055a-5590-abd2-5f296a318193,relation/unit/bab-4-limit-dan-kompletisasi-grup/covers/surface/unit-034/protected-math-zone/063-inline,urn:uuid:f2e99f76-1414-5767-acd3-fd9d94c67812,covers,urn:uuid:926332cd-d9b4-5fdf-a784-fea9ab8ff11d,
urn:uuid:3350eca2-59a4-53d0-8369-75918b8ce43b,relation/unit/bab-4-limit-dan-kompletisasi-grup/covers/surface/unit-034/protected-math-zone/064-inline,urn:uuid:f2e99f76-1414-5767-acd3-fd9d94c67812,covers,urn:uuid:a13a5d73-9145-5e18-b4d4-8ed954939686,
urn:uuid:1090fb3a-e19c-5eb2-b32d-a7804e64f7dc,relation/unit/bab-4-limit-dan-kompletisasi-grup/covers/surface/unit-034/protected-math-zone/065-inline,urn:uuid:f2e99f76-1414-5767-acd3-fd9d94c67812,covers,urn:uuid:b7a21886-7491-5895-b79e-fc1b62a10950,
urn:uuid:a7bcdb84-af4f-5b9b-b365-d43ebd566e11,relation/unit/bab-4-limit-dan-kompletisasi-grup/covers/surface/unit-034/protected-math-zone/066-inline,urn:uuid:f2e99f76-1414-5767-acd3-fd9d94c67812,covers,urn:uuid:5d5c2b20-d5c5-5b06-9e66-83a5310f17ab,
urn:uuid:4f034736-94c3-56b2-858d-f6bed3568c9a,relation/unit/bab-4-limit-dan-kompletisasi-grup/covers/surface/unit-034/protected-math-zone/067-inline,urn:uuid:f2e99f76-1414-5767-acd3-fd9d94c67812,covers,urn:uuid:e1208ac1-6751-5238-91f7-74cf8a78fa69,
urn:uuid:9e7f0c8c-c4ea-59a5-86f6-af1fcf9950e3,relation/unit/bab-4-limit-dan-kompletisasi-grup/covers/surface/unit-034/protected-math-zone/068-inline,urn:uuid:f2e99f76-1414-5767-acd3-fd9d94c67812,covers,urn:uuid:e4fe0a55-debf-5027-b267-68585ac7766c,
urn:uuid:7c431280-4513-5eae-9ead-06f951c5fbfa,relation/unit/bab-4-limit-dan-kompletisasi-grup/covers/surface/unit-034/protected-math-zone/069-inline,urn:uuid:f2e99f76-1414-5767-acd3-fd9d94c67812,covers,urn:uuid:68b17aff-7356-513a-bd28-93a9d6d39591,
urn:uuid:62ad3055-1d2c-5efb-8f08-d11588864d88,relation/unit/bab-4-limit-dan-kompletisasi-grup/covers/surface/unit-034/protected-math-zone/070-inline,urn:uuid:f2e99f76-1414-5767-acd3-fd9d94c67812,covers,urn:uuid:aa3151f4-ed05-5cce-9563-53c97ba68ace,
urn:uuid:5bfa04ea-52d1-5b52-bea4-8a78110c9a50,relation/unit/bab-4-limit-dan-kompletisasi-grup/covers/surface/unit-034/protected-math-zone/071-inline,urn:uuid:f2e99f76-1414-5767-acd3-fd9d94c67812,covers,urn:uuid:d9a76450-dc09-5cd1-b4bb-7b46ed21a10f,
urn:uuid:5a5961df-df8a-5372-beda-790c26d27324,relation/unit/bab-4-limit-dan-kompletisasi-grup/covers/surface/unit-034/protected-math-zone/072-inline,urn:uuid:f2e99f76-1414-5767-acd3-fd9d94c67812,covers,urn:uuid:6a3919c9-e799-5d41-aebd-117a66edfe11,
urn:uuid:d97f8a4a-584d-5aa2-92dc-cc8de3a770a7,relation/unit/bab-4-limit-dan-kompletisasi-grup/covers/surface/unit-034/protected-math-zone/073-inline,urn:uuid:f2e99f76-1414-5767-acd3-fd9d94c67812,covers,urn:uuid:b44b35d0-56d5-5319-ae45-6d1df31a2ab5,
urn:uuid:478ecd89-f5d0-52fb-a270-ca133ddddc20,relation/unit/bab-4-limit-dan-kompletisasi-grup/covers/surface/unit-034/protected-math-zone/074-inline,urn:uuid:f2e99f76-1414-5767-acd3-fd9d94c67812,covers,urn:uuid:838553da-6e84-5f96-a569-fa93e0cd4e03,
urn:uuid:ed3a5879-3c7a-534d-82a3-6d455c0fc3f7,relation/unit/bab-4-limit-dan-kompletisasi-grup/covers/surface/unit-034/protected-math-zone/075-inline,urn:uuid:f2e99f76-1414-5767-acd3-fd9d94c67812,covers,urn:uuid:de3287f5-a97d-5592-b972-3797cc08b3b7,
urn:uuid:c6324552-08a9-5631-bf43-d541f6223672,relation/unit/bab-4-limit-dan-kompletisasi-grup/covers/surface/unit-034/protected-math-zone/076-inline,urn:uuid:f2e99f76-1414-5767-acd3-fd9d94c67812,covers,urn:uuid:964df0ce-d487-544a-bb63-17f0f255fe85,
urn:uuid:aa3730b0-61af-5c2d-a750-35add26b708b,relation/unit/bab-4-limit-dan-kompletisasi-grup/covers/surface/unit-034/protected-math-zone/077-inline,urn:uuid:f2e99f76-1414-5767-acd3-fd9d94c67812,covers,urn:uuid:7216c9d4-b63b-57b4-848b-f1950078dfcb,
urn:uuid:6302af44-9878-5cb6-a391-5978bb062b76,relation/unit/bab-4-limit-dan-kompletisasi-grup/covers/surface/unit-034/protected-math-zone/078-inline,urn:uuid:f2e99f76-1414-5767-acd3-fd9d94c67812,covers,urn:uuid:61c90d37-6e94-5f17-b21b-48d9c6b605ab,
urn:uuid:9b3b6107-88f4-567b-9a04-271eed696ff1,relation/unit/bab-4-limit-dan-kompletisasi-grup/covers/surface/unit-034/protected-math-zone/079-inline,urn:uuid:f2e99f76-1414-5767-acd3-fd9d94c67812,covers,urn:uuid:008dfc5c-777c-54e3-b178-1d97bc5f17aa,
urn:uuid:95c3f474-2785-5530-a138-d63d3fa6f0bd,relation/unit/bab-4-limit-dan-kompletisasi-grup/covers/surface/unit-034/protected-math-zone/080-inline,urn:uuid:f2e99f76-1414-5767-acd3-fd9d94c67812,covers,urn:uuid:a25f5971-e345-5142-a6a7-4af48a0bde10,
urn:uuid:eead4be9-dc55-5837-a32c-d95984a37ea3,relation/unit/bab-4-limit-dan-kompletisasi-grup/covers/surface/unit-034/protected-math-zone/081-inline,urn:uuid:f2e99f76-1414-5767-acd3-fd9d94c67812,covers,urn:uuid:a4d96231-b5a5-5530-8fb9-26611bdb51a4,
urn:uuid:876a895c-2627-50c3-8caa-d92a8c874408,relation/unit/bab-4-limit-dan-kompletisasi-grup/covers/surface/unit-034/protected-math-zone/082-inline,urn:uuid:f2e99f76-1414-5767-acd3-fd9d94c67812,covers,urn:uuid:f6063635-f53e-541a-981b-fd03a5f9cd4f,
urn:uuid:1302aade-8008-577d-923f-e8662d7a9048,relation/unit/bab-4-limit-dan-kompletisasi-grup/covers/surface/unit-034/protected-math-zone/083-inline,urn:uuid:f2e99f76-1414-5767-acd3-fd9d94c67812,covers,urn:uuid:1cc16ff6-ea29-55be-9697-44423098fe86,
urn:uuid:5b8f21c6-5824-5a6f-b3e5-ac25a6722172,relation/unit/bab-4-limit-dan-kompletisasi-grup/covers/surface/unit-034/protected-math-zone/084-inline,urn:uuid:f2e99f76-1414-5767-acd3-fd9d94c67812,covers,urn:uuid:29b6a879-cf5c-5de3-a7f9-757cbc26eae9,
urn:uuid:804e024b-bd44-5713-9e1b-76249d3a97e4,relation/unit/bab-4-limit-dan-kompletisasi-grup/covers/surface/unit-034/protected-math-zone/085-inline,urn:uuid:f2e99f76-1414-5767-acd3-fd9d94c67812,covers,urn:uuid:4cac1659-9b93-52d2-adcd-94b6d99699a9,
urn:uuid:abc2ba4f-fc31-5f73-bf07-e7c55d709ca1,relation/unit/bab-4-limit-dan-kompletisasi-grup/covers/surface/unit-034/protected-math-zone/086-inline,urn:uuid:f2e99f76-1414-5767-acd3-fd9d94c67812,covers,urn:uuid:31ac8ce3-f381-5cf6-808e-6ce56de54fd9,
urn:uuid:b0ebdf43-4fbd-55d4-8334-8a72dbdf1bdc,relation/unit/bab-4-limit-dan-kompletisasi-grup/covers/surface/unit-034/protected-math-zone/087-inline,urn:uuid:f2e99f76-1414-5767-acd3-fd9d94c67812,covers,urn:uuid:98aad875-32d1-5def-8aa2-7b47d2c58d43,
urn:uuid:32d6f5ca-228e-5c77-b724-3cb193bfc879,relation/unit/bab-4-limit-dan-kompletisasi-grup/covers/surface/unit-034/protected-math-zone/088-inline,urn:uuid:f2e99f76-1414-5767-acd3-fd9d94c67812,covers,urn:uuid:bc49f766-1795-531d-9687-14ae98d519fa,
urn:uuid:027fa5bb-b321-5ffd-b0a0-6f77b5d6596d,relation/unit/bab-4-limit-dan-kompletisasi-grup/covers/surface/unit-034/protected-math-zone/089-inline,urn:uuid:f2e99f76-1414-5767-acd3-fd9d94c67812,covers,urn:uuid:01b12e1d-2846-5628-803f-1be8ef93efcb,
urn:uuid:f0cf28dd-a189-5076-a5c7-3fdf5f1b6f54,relation/unit/bab-4-limit-dan-kompletisasi-grup/covers/surface/unit-034/protected-math-zone/090-inline,urn:uuid:f2e99f76-1414-5767-acd3-fd9d94c67812,covers,urn:uuid:66edf932-4d05-522a-baf2-bd86f4fbc64c,
urn:uuid:83c72e3f-dcba-5887-acf5-ea40bb04dcbc,relation/unit/bab-4-limit-dan-kompletisasi-grup/covers/surface/unit-034/protected-math-zone/091-inline,urn:uuid:f2e99f76-1414-5767-acd3-fd9d94c67812,covers,urn:uuid:51253936-ac12-5713-bc78-17de65c5b930,
urn:uuid:c599f8f9-e559-5d6a-8a9b-aca66a8cf9dc,relation/unit/bab-4-limit-dan-kompletisasi-grup/covers/surface/unit-034/protected-math-zone/092-inline,urn:uuid:f2e99f76-1414-5767-acd3-fd9d94c67812,covers,urn:uuid:4e6eb1a5-b610-50f7-a090-dba7ff576036,
urn:uuid:890b708d-3bea-51cf-b0a5-ee8f834ad9e9,relation/unit/bab-4-limit-dan-kompletisasi-grup/covers/surface/unit-034/protected-math-zone/093-display-bracket,urn:uuid:f2e99f76-1414-5767-acd3-fd9d94c67812,covers,urn:uuid:fd72ecc6-6713-5532-82e3-b6e39fd5f1e3,
urn:uuid:092b64df-e02d-5e93-a1a3-5acaf5cf2d77,relation/unit/bab-4-limit-dan-kompletisasi-grup/covers/surface/unit-034/protected-math-zone/094-inline,urn:uuid:f2e99f76-1414-5767-acd3-fd9d94c67812,covers,urn:uuid:65a52dc7-f692-54a1-81a5-b5246c7a1e4b,
urn:uuid:7e7fa0c9-9ce6-5264-84ad-345e5a7d20ac,relation/unit/bab-4-limit-dan-kompletisasi-grup/covers/surface/unit-034/protected-math-zone/095-inline,urn:uuid:f2e99f76-1414-5767-acd3-fd9d94c67812,covers,urn:uuid:64684809-47b8-553f-94d0-90225f545e89,
urn:uuid:1915bb5e-519e-5e9c-9c1e-0e3ec8262abc,relation/unit/bab-4-limit-dan-kompletisasi-grup/covers/surface/unit-034/protected-math-zone/096-inline,urn:uuid:f2e99f76-1414-5767-acd3-fd9d94c67812,covers,urn:uuid:41a0696a-4d27-5a24-8e6b-1d6580b052c5,
urn:uuid:f1a6e1a2-730f-5633-9fb7-173d8513fee3,relation/unit/bab-4-limit-dan-kompletisasi-grup/covers/surface/unit-034/protected-math-zone/097-inline,urn:uuid:f2e99f76-1414-5767-acd3-fd9d94c67812,covers,urn:uuid:94cda938-9376-5841-af05-58f1c0a90bf0,
urn:uuid:7854bcb5-6787-577e-8206-46f3602800a5,relation/unit/bab-4-limit-dan-kompletisasi-grup/covers/surface/unit-034/protected-math-zone/098-inline,urn:uuid:f2e99f76-1414-5767-acd3-fd9d94c67812,covers,urn:uuid:a0cb3418-49f4-5b25-b08d-11480b6bfef4,
urn:uuid:6375adcf-b4b8-5aaa-a07a-b089f2170181,relation/unit/bab-4-limit-dan-kompletisasi-grup/covers/surface/unit-034/protected-math-zone/099-inline,urn:uuid:f2e99f76-1414-5767-acd3-fd9d94c67812,covers,urn:uuid:4b9e6ea0-1168-5afc-8271-6c0a3bab99ea,
urn:uuid:072e1681-e7b7-563e-b3fc-d7ce6dfcbf00,relation/unit/bab-4-limit-dan-kompletisasi-grup/covers/surface/unit-034/protected-math-zone/100-inline,urn:uuid:f2e99f76-1414-5767-acd3-fd9d94c67812,covers,urn:uuid:c3fe248c-bddd-5d5e-9005-9a13759957da,
urn:uuid:91c9ddd6-5be0-51f1-b028-66301650a4fe,relation/unit/bab-4-limit-dan-kompletisasi-grup/covers/surface/unit-034/protected-math-zone/101-inline,urn:uuid:f2e99f76-1414-5767-acd3-fd9d94c67812,covers,urn:uuid:4fecdc94-5a8e-582e-81da-761f5f601d39,
urn:uuid:00aaf0da-1db3-564e-a8c0-f19f72fa47b5,relation/unit/bab-4-limit-dan-kompletisasi-grup/covers/surface/unit-034/protected-math-zone/102-inline,urn:uuid:f2e99f76-1414-5767-acd3-fd9d94c67812,covers,urn:uuid:42c410a6-7ac1-5382-a427-b73c6387c5e3,
urn:uuid:6d3f55d3-0fbe-51e1-965d-4af33c387bd3,relation/unit/bab-4-limit-dan-kompletisasi-grup/covers/surface/unit-034/protected-math-zone/103-inline,urn:uuid:f2e99f76-1414-5767-acd3-fd9d94c67812,covers,urn:uuid:45f60097-e3d2-5ce6-807a-6877bd0432a9,
urn:uuid:2e1d37bd-3a9f-5b3a-adfb-94dce56f16b7,relation/unit/bab-4-limit-dan-kompletisasi-grup/covers/surface/unit-034/protected-math-zone/104-inline,urn:uuid:f2e99f76-1414-5767-acd3-fd9d94c67812,covers,urn:uuid:492208ad-6214-5169-aba2-43e3f3f7c030,
urn:uuid:a9abd0f7-a4c0-575c-bad8-6e17992fa40c,relation/unit/bab-4-limit-dan-kompletisasi-grup/covers/surface/unit-034/protected-math-zone/105-inline,urn:uuid:f2e99f76-1414-5767-acd3-fd9d94c67812,covers,urn:uuid:6958e28f-45a3-5c00-a87a-6b6729d0fcc3,
urn:uuid:0617e2cc-f946-5911-9e99-be505c9ff68b,relation/unit/bab-4-limit-dan-kompletisasi-grup/covers/surface/unit-034/protected-math-zone/106-inline,urn:uuid:f2e99f76-1414-5767-acd3-fd9d94c67812,covers,urn:uuid:e4bd76b6-366c-5fa1-87d4-a96cc490de57,
urn:uuid:9afc4e82-2607-52ed-85d5-ece2e00e2bbf,relation/unit/bab-4-limit-dan-kompletisasi-grup/covers/surface/unit-034/protected-math-zone/107-inline,urn:uuid:f2e99f76-1414-5767-acd3-fd9d94c67812,covers,urn:uuid:8077a6d7-5440-5ee9-b627-84dbbd6f3e2e,
urn:uuid:5bd58109-de66-5160-8898-697e9ed5b19b,relation/unit/bab-4-limit-dan-kompletisasi-grup/covers/surface/unit-034/protected-math-zone/108-inline,urn:uuid:f2e99f76-1414-5767-acd3-fd9d94c67812,covers,urn:uuid:6a519852-17ad-5484-aff3-f2c7dce97398,
urn:uuid:0bba04c6-61c4-5e0b-8a45-79ccd73ba937,relation/unit/bab-4-limit-dan-kompletisasi-grup/covers/surface/unit-034/protected-math-zone/109-inline,urn:uuid:f2e99f76-1414-5767-acd3-fd9d94c67812,covers,urn:uuid:532952b9-70e8-54f6-89e5-2d87c65de579,
urn:uuid:e74b8a12-0290-57d4-ba95-b691da90ec33,relation/unit/bab-4-limit-dan-kompletisasi-grup/covers/surface/unit-034/protected-math-zone/110-inline,urn:uuid:f2e99f76-1414-5767-acd3-fd9d94c67812,covers,urn:uuid:eb501d03-c559-5312-bd53-9c6559bc31d5,
urn:uuid:461029f8-ed19-523b-b8b1-249bf8a27fae,relation/unit/bab-4-limit-dan-kompletisasi-grup/covers/surface/unit-034/protected-math-zone/111-inline,urn:uuid:f2e99f76-1414-5767-acd3-fd9d94c67812,covers,urn:uuid:2cbb75c2-6d69-58ec-8c48-fc87adefdbec,
urn:uuid:0bb178c5-98a1-54d3-9e24-8cb86c07087e,relation/unit/bab-4-limit-dan-kompletisasi-grup/covers/surface/unit-034/protected-math-zone/112-inline,urn:uuid:f2e99f76-1414-5767-acd3-fd9d94c67812,covers,urn:uuid:77ab66f2-c54f-5685-8d02-ef8b691f6553,
urn:uuid:fe210884-36bc-5061-a394-353fcf5b9ec6,relation/unit/bab-4-limit-dan-kompletisasi-grup/covers/surface/unit-034/protected-math-zone/113-inline,urn:uuid:f2e99f76-1414-5767-acd3-fd9d94c67812,covers,urn:uuid:3c2e0e7c-a098-5580-8584-519ea18f4142,
urn:uuid:e37a0668-e949-5123-b704-a7aa81ff11cb,relation/unit/bab-4-limit-dan-kompletisasi-grup/covers/surface/unit-034/protected-math-zone/114-inline,urn:uuid:f2e99f76-1414-5767-acd3-fd9d94c67812,covers,urn:uuid:7268b986-986a-5dca-8f57-a3db3d4a3fc0,
urn:uuid:98203ad0-5fc2-53ae-a821-da4711cf9a2a,relation/unit/bab-4-limit-dan-kompletisasi-grup/covers/surface/unit-034/protected-math-zone/115-inline,urn:uuid:f2e99f76-1414-5767-acd3-fd9d94c67812,covers,urn:uuid:c13d468f-a249-5ec6-901d-e7dc24d0183c,
urn:uuid:cb29aca7-76b2-53e0-9ffd-277511958f93,relation/unit/bab-4-limit-dan-kompletisasi-grup/covers/surface/unit-034/protected-math-zone/116-inline,urn:uuid:f2e99f76-1414-5767-acd3-fd9d94c67812,covers,urn:uuid:4acd5094-209e-5915-8964-97578df7cae8,
urn:uuid:99feccee-2ea9-5855-abac-5ef958f0aabd,relation/unit/bab-4-limit-dan-kompletisasi-grup/covers/surface/unit-034/protected-math-zone/117-inline,urn:uuid:f2e99f76-1414-5767-acd3-fd9d94c67812,covers,urn:uuid:e5de1ecc-297b-50ce-af28-e6d6934ad1e7,
urn:uuid:fd6b4b24-8606-5596-8f97-41f1aede8fb3,relation/unit/bab-4-limit-dan-kompletisasi-grup/covers/surface/unit-034/protected-math-zone/118-inline,urn:uuid:f2e99f76-1414-5767-acd3-fd9d94c67812,covers,urn:uuid:39b65e20-3207-5812-aa3f-71ae2f4b6204,
urn:uuid:f1a634f4-bc90-57e7-b25e-b428cda98091,relation/unit/bab-4-limit-dan-kompletisasi-grup/covers/surface/unit-034/protected-math-zone/119-inline,urn:uuid:f2e99f76-1414-5767-acd3-fd9d94c67812,covers,urn:uuid:4ec9a2da-ba1b-5783-916a-85c535964c1b,
urn:uuid:69fec0bb-a3ab-509c-aaf6-1ffa41b2e3d6,relation/unit/bab-4-limit-dan-kompletisasi-grup/covers/surface/unit-034/protected-math-zone/120-inline,urn:uuid:f2e99f76-1414-5767-acd3-fd9d94c67812,covers,urn:uuid:9c4d6657-99cc-574e-9dbf-d7670642b8af,
urn:uuid:503acdab-f5f2-51de-8b4b-45cfdc00c13b,relation/unit/bab-4-limit-dan-kompletisasi-grup/covers/surface/unit-034/protected-math-zone/121-inline,urn:uuid:f2e99f76-1414-5767-acd3-fd9d94c67812,covers,urn:uuid:772ff574-2ae7-5e63-8d29-4c0cdc999294,
urn:uuid:cb9f1742-fd59-5608-a40f-654d1534af5f,relation/unit/bab-4-limit-dan-kompletisasi-grup/covers/surface/unit-034/protected-math-zone/122-inline,urn:uuid:f2e99f76-1414-5767-acd3-fd9d94c67812,covers,urn:uuid:a3dff747-a55f-5465-abf3-889cebd594c0,
urn:uuid:0c1c638f-d186-52bc-8257-4fa65c647e10,relation/unit/bab-4-limit-dan-kompletisasi-grup/covers/surface/unit-034/protected-math-zone/123-inline,urn:uuid:f2e99f76-1414-5767-acd3-fd9d94c67812,covers,urn:uuid:3aad8ec5-ca69-5e03-9e14-65233160f02b,
urn:uuid:30af40ad-a40f-52de-94c0-9195bb5b98db,relation/unit/bab-4-limit-dan-kompletisasi-grup/covers/surface/unit-034/protected-math-zone/124-inline,urn:uuid:f2e99f76-1414-5767-acd3-fd9d94c67812,covers,urn:uuid:c1e31fa3-3bc6-52dc-a0ee-023daa8310e8,
urn:uuid:05769cc6-4dba-5913-9bd0-b4ed2b080195,relation/unit/bab-4-limit-dan-kompletisasi-grup/covers/surface/unit-034/protected-math-zone/125-inline,urn:uuid:f2e99f76-1414-5767-acd3-fd9d94c67812,covers,urn:uuid:ff0e42c8-6b01-5f1c-b075-61d78ab885b3,
urn:uuid:0ff55acc-a27e-5338-aa5b-8031ca6960c3,relation/unit/bab-4-limit-dan-kompletisasi-grup/covers/surface/unit-034/protected-math-zone/126-inline,urn:uuid:f2e99f76-1414-5767-acd3-fd9d94c67812,covers,urn:uuid:6c2a29ad-e202-5d02-bb1f-fcb39bdb8b8a,
urn:uuid:0808fa13-f7ae-5578-9250-e744fdd54156,relation/unit/bab-4-limit-dan-kompletisasi-grup/covers/surface/unit-034/protected-math-zone/127-inline,urn:uuid:f2e99f76-1414-5767-acd3-fd9d94c67812,covers,urn:uuid:c6fbf655-2acb-5492-a17b-00e7175a228d,
urn:uuid:bd5a3472-bc0a-5f28-8bdc-5a8eeebf2fd5,relation/unit/bab-4-limit-dan-kompletisasi-grup/covers/surface/unit-034/protected-math-zone/128-inline,urn:uuid:f2e99f76-1414-5767-acd3-fd9d94c67812,covers,urn:uuid:6ad3454e-4892-5a26-bf16-895c76bcc0da,
urn:uuid:401dab73-f402-5324-85bd-1ea6723b22de,relation/unit/bab-4-limit-dan-kompletisasi-grup/covers/surface/unit-034/protected-math-zone/129-inline,urn:uuid:f2e99f76-1414-5767-acd3-fd9d94c67812,covers,urn:uuid:92a114fe-47e3-57d7-807c-ed1ebc3dc835,
urn:uuid:f29a701c-4e5d-5cdf-a323-68064f6a43c8,relation/unit/bab-4-limit-dan-kompletisasi-grup/covers/surface/unit-034/protected-math-zone/130-inline,urn:uuid:f2e99f76-1414-5767-acd3-fd9d94c67812,covers,urn:uuid:c2fc4d5a-26e5-5691-a915-b4c04d456209,
urn:uuid:2dddaae0-e68d-5dc0-9689-99d7e9a3a191,relation/unit/bab-4-limit-dan-kompletisasi-grup/covers/surface/unit-034/protected-math-zone/131-inline,urn:uuid:f2e99f76-1414-5767-acd3-fd9d94c67812,covers,urn:uuid:92c7f247-a8da-58ed-a1df-a0a105d9b2f9,
urn:uuid:4e7fc618-0d54-52be-9f9f-78218d3befe6,relation/unit/bab-4-limit-dan-kompletisasi-grup/covers/surface/unit-034/protected-math-zone/132-inline,urn:uuid:f2e99f76-1414-5767-acd3-fd9d94c67812,covers,urn:uuid:bc582d79-2a38-5f90-9c70-1d18a878f94f,
urn:uuid:a2a29421-f0c9-5dfa-bb07-bec155b647ec,relation/unit/bab-4-limit-dan-kompletisasi-grup/covers/surface/unit-034/protected-math-zone/133-inline,urn:uuid:f2e99f76-1414-5767-acd3-fd9d94c67812,covers,urn:uuid:1d659aa8-b394-504c-9d38-62f1a5d70731,
urn:uuid:3cba5905-c6ab-5b62-ad34-3746d46e22a7,relation/unit/bab-4-limit-dan-kompletisasi-grup/covers/surface/unit-034/protected-math-zone/134-inline,urn:uuid:f2e99f76-1414-5767-acd3-fd9d94c67812,covers,urn:uuid:cde1f584-9ddb-57b7-bb8a-aaeceeb1f5b2,
urn:uuid:4b6d601f-f9d8-5468-8240-014d40255c0f,relation/unit/bab-4-limit-dan-kompletisasi-grup/covers/surface/unit-034/protected-math-zone/135-inline,urn:uuid:f2e99f76-1414-5767-acd3-fd9d94c67812,covers,urn:uuid:64a4e516-f26a-5989-9770-9450ac7fc770,
urn:uuid:fe40b0fa-2fc3-5b1c-baf2-8d12b120f754,relation/unit/bab-4-limit-dan-kompletisasi-grup/covers/surface/unit-034/protected-math-zone/136-inline,urn:uuid:f2e99f76-1414-5767-acd3-fd9d94c67812,covers,urn:uuid:0d67291c-baf3-5228-ba6f-940a262368c5,
urn:uuid:144492bd-108b-57aa-95b0-32850280393f,relation/unit/bab-4-limit-dan-kompletisasi-grup/covers/surface/unit-034/protected-math-zone/137-inline,urn:uuid:f2e99f76-1414-5767-acd3-fd9d94c67812,covers,urn:uuid:6fe52bf6-30f7-5be6-afe6-227a5ae51b92,
urn:uuid:637dc4e0-e645-5962-80f0-4bcd3f3f8ff3,relation/unit/bab-4-limit-dan-kompletisasi-grup/covers/surface/unit-034/protected-math-zone/138-inline,urn:uuid:f2e99f76-1414-5767-acd3-fd9d94c67812,covers,urn:uuid:40b8edae-8fbc-5487-9533-b5f7c3007b22,
urn:uuid:1f898cf5-e37a-5d2c-9ac2-9b1f2444708b,relation/unit/bab-4-limit-dan-kompletisasi-grup/covers/surface/unit-034/protected-math-zone/139-inline,urn:uuid:f2e99f76-1414-5767-acd3-fd9d94c67812,covers,urn:uuid:9086a3f4-1669-5d8e-9c91-f63afd51c75e,
urn:uuid:2d8b4238-f3d8-51a0-b830-1f892f7528d1,relation/unit/bab-4-limit-dan-kompletisasi-grup/covers/surface/unit-034/protected-math-zone/140-inline,urn:uuid:f2e99f76-1414-5767-acd3-fd9d94c67812,covers,urn:uuid:2cfea742-ac93-5e31-a458-90fec46b3e4f,
urn:uuid:9f89ae36-dfc5-5ca4-9ac0-f35c5a260085,relation/unit/bab-4-limit-dan-kompletisasi-grup/covers/surface/unit-034/protected-math-zone/141-inline,urn:uuid:f2e99f76-1414-5767-acd3-fd9d94c67812,covers,urn:uuid:871e8181-1480-5ac3-8a73-d685a9594932,
urn:uuid:dc960da9-e021-51b1-8ca6-ab74f1276d4c,relation/unit/bab-4-limit-dan-kompletisasi-grup/covers/surface/unit-034/protected-math-zone/142-inline,urn:uuid:f2e99f76-1414-5767-acd3-fd9d94c67812,covers,urn:uuid:212fd36b-09a7-54ac-ad13-0a56de3e63b3,
urn:uuid:790bfc6f-10a8-5de0-94e4-1ce90f84ec22,relation/unit/bab-4-limit-dan-kompletisasi-grup/covers/surface/unit-034/protected-math-zone/143-inline,urn:uuid:f2e99f76-1414-5767-acd3-fd9d94c67812,covers,urn:uuid:f1dcbf25-ee37-52fb-9420-90e0fe1c2e7d,
urn:uuid:92d46b98-6b0f-5ca4-b27b-8228d9174cc1,relation/unit/bab-4-limit-dan-kompletisasi-grup/covers/surface/unit-034/protected-math-zone/144-inline,urn:uuid:f2e99f76-1414-5767-acd3-fd9d94c67812,covers,urn:uuid:aa51f513-0edc-5819-8e8f-f0eead184ece,
urn:uuid:627562ab-67bd-5e35-8550-528440293230,relation/unit/bab-4-limit-dan-kompletisasi-grup/covers/surface/unit-034/protected-math-zone/145-inline,urn:uuid:f2e99f76-1414-5767-acd3-fd9d94c67812,covers,urn:uuid:a43b9cb0-204c-5aa3-92f8-32d0bcb43635,
urn:uuid:b5266cc3-e0b5-5c67-abe4-a209b61774d2,relation/unit/bab-4-limit-dan-kompletisasi-grup/covers/surface/unit-034/protected-math-zone/146-inline,urn:uuid:f2e99f76-1414-5767-acd3-fd9d94c67812,covers,urn:uuid:350344a2-3b19-57ec-8a00-cf842eb0d7ad,
urn:uuid:acc51f94-ea12-532b-b6d8-839efb0556db,relation/unit/bab-4-limit-dan-kompletisasi-grup/covers/surface/unit-034/protected-math-zone/147-inline,urn:uuid:f2e99f76-1414-5767-acd3-fd9d94c67812,covers,urn:uuid:b0d38d93-e30a-5239-9458-5db494380c9a,
urn:uuid:569063e3-115f-5cf4-a9c6-b759e3b6c83e,relation/unit/bab-4-limit-dan-kompletisasi-grup/covers/surface/unit-034/protected-math-zone/148-inline,urn:uuid:f2e99f76-1414-5767-acd3-fd9d94c67812,covers,urn:uuid:2bd1e73d-524e-5c12-a882-e7cb4e393a00,
urn:uuid:5f823883-f8e5-5d49-94e9-6633e373004c,relation/unit/bab-4-limit-dan-kompletisasi-grup/covers/surface/unit-034/protected-math-zone/149-inline,urn:uuid:f2e99f76-1414-5767-acd3-fd9d94c67812,covers,urn:uuid:66f1e6c0-a453-5996-8a43-403956e2a6d5,
urn:uuid:874ef861-c99a-5bc1-8614-a07e47805870,relation/unit/bab-4-limit-dan-kompletisasi-grup/covers/surface/unit-034/protected-math-zone/150-inline,urn:uuid:f2e99f76-1414-5767-acd3-fd9d94c67812,covers,urn:uuid:8a66447c-da9b-5369-9ea1-770dd4e50f5b,
urn:uuid:47988283-c9c1-54f6-885a-ecbeb332e822,relation/unit/bab-4-limit-dan-kompletisasi-grup/covers/surface/unit-034/protected-math-zone/151-inline,urn:uuid:f2e99f76-1414-5767-acd3-fd9d94c67812,covers,urn:uuid:7f6dfba8-5b9e-5fa1-b9e4-aa57856ba5bd,
urn:uuid:f5d63a71-3bd0-5726-90fc-1394e78ed5d0,relation/unit/bab-4-limit-dan-kompletisasi-grup/covers/surface/unit-034/protected-math-zone/152-inline,urn:uuid:f2e99f76-1414-5767-acd3-fd9d94c67812,covers,urn:uuid:0a10587d-ff2c-5629-bb4b-9d781735a012,
urn:uuid:eeb9baaa-e5fd-5e91-bc38-39024a866b35,relation/unit/bab-4-limit-dan-kompletisasi-grup/covers/surface/unit-034/protected-math-zone/153-inline,urn:uuid:f2e99f76-1414-5767-acd3-fd9d94c67812,covers,urn:uuid:402af90f-51b3-5cfb-8170-d56428642f91,
urn:uuid:9b6e3e95-2622-5150-a73f-9db313ef83ce,relation/unit/bab-4-limit-dan-kompletisasi-grup/covers/surface/unit-034/protected-math-zone/154-inline,urn:uuid:f2e99f76-1414-5767-acd3-fd9d94c67812,covers,urn:uuid:0c1e430e-15d4-5d1f-8b5d-8b32305aa030,
urn:uuid:e11b9d83-df4a-5585-b968-84cced4cded4,relation/unit/bab-4-limit-dan-kompletisasi-grup/covers/surface/unit-034/protected-math-zone/155-inline,urn:uuid:f2e99f76-1414-5767-acd3-fd9d94c67812,covers,urn:uuid:03c8499c-c9c3-559e-92b3-24d16c770a66,
urn:uuid:a3120ecb-73ca-5c72-b87f-4ca3307b6c91,relation/unit/bab-4-limit-dan-kompletisasi-grup/covers/surface/unit-034/protected-math-zone/156-inline,urn:uuid:f2e99f76-1414-5767-acd3-fd9d94c67812,covers,urn:uuid:4c61a080-061e-5494-a119-062e1f29c3bc,
urn:uuid:2c23a729-cab1-5374-b4df-022fb24d79d7,relation/unit/bab-4-limit-dan-kompletisasi-grup/covers/surface/unit-034/protected-math-zone/157-inline,urn:uuid:f2e99f76-1414-5767-acd3-fd9d94c67812,covers,urn:uuid:e12cf922-4598-5f83-a588-592b967b58d5,
urn:uuid:cd291043-35e8-507a-94b1-64ee0be637c1,relation/unit/bab-4-limit-dan-kompletisasi-grup/covers/surface/unit-034/protected-math-zone/158-inline,urn:uuid:f2e99f76-1414-5767-acd3-fd9d94c67812,covers,urn:uuid:c56ed39f-0822-5700-be2f-aa513d579586,
urn:uuid:07a38e08-f7ca-59c3-ac59-93ce4d8a0ca2,relation/unit/bab-4-limit-dan-kompletisasi-grup/covers/surface/unit-034/protected-math-zone/159-inline,urn:uuid:f2e99f76-1414-5767-acd3-fd9d94c67812,covers,urn:uuid:249b909e-94c5-55a3-bd66-5d4382a18035,
urn:uuid:c5a99b23-9e73-5a74-9ac7-12b4e09198ab,relation/unit/bab-4-limit-dan-kompletisasi-grup/covers/surface/unit-034/protected-math-zone/160-inline,urn:uuid:f2e99f76-1414-5767-acd3-fd9d94c67812,covers,urn:uuid:02bf13aa-2a2f-5e30-856f-60f27b226c60,
urn:uuid:cef067f3-a591-54a4-bee8-d4db118302dc,relation/unit/bab-4-limit-dan-kompletisasi-grup/covers/surface/unit-034/protected-math-zone/161-inline,urn:uuid:f2e99f76-1414-5767-acd3-fd9d94c67812,covers,urn:uuid:86da1cff-c46a-53c0-9bc1-dffd3b92000d,
urn:uuid:970dbd44-a36f-5f09-9d1b-dfd733f5d822,relation/unit/bab-4-limit-dan-kompletisasi-grup/covers/surface/unit-034/protected-math-zone/162-inline,urn:uuid:f2e99f76-1414-5767-acd3-fd9d94c67812,covers,urn:uuid:17a6e8a3-e24c-51b8-bcb3-a86e867d4ef7,
urn:uuid:9e54e316-0508-585e-9cae-8bbe3386146d,relation/unit/bab-4-limit-dan-kompletisasi-grup/covers/surface/unit-034/protected-math-zone/163-inline,urn:uuid:f2e99f76-1414-5767-acd3-fd9d94c67812,covers,urn:uuid:b595b0eb-fe8e-5978-975b-054618a5700e,
urn:uuid:7c3b64bd-f3a4-5829-be66-43745ee16778,relation/unit/bab-4-limit-dan-kompletisasi-grup/covers/surface/unit-034/protected-math-zone/164-inline,urn:uuid:f2e99f76-1414-5767-acd3-fd9d94c67812,covers,urn:uuid:1b0972a0-315f-5d55-a960-780840b8a542,
urn:uuid:bcabd882-f8e5-54d0-b676-22a27ec152a2,relation/unit/bab-4-limit-dan-kompletisasi-grup/covers/surface/unit-034/protected-math-zone/165-inline,urn:uuid:f2e99f76-1414-5767-acd3-fd9d94c67812,covers,urn:uuid:3a19367a-521c-5f98-bda6-fe44940fe977,
urn:uuid:46c53406-ec19-57cc-98a1-fdaa734b90a5,relation/unit/bab-4-limit-dan-kompletisasi-grup/covers/surface/unit-034/protected-math-zone/166-inline,urn:uuid:f2e99f76-1414-5767-acd3-fd9d94c67812,covers,urn:uuid:dca51ea0-d881-5607-b9bb-4a62ae38075a,
urn:uuid:9f90144a-1b71-5c63-a521-c4b009447322,relation/unit/bab-4-limit-dan-kompletisasi-grup/covers/surface/unit-034/protected-math-zone/167-inline,urn:uuid:f2e99f76-1414-5767-acd3-fd9d94c67812,covers,urn:uuid:32e4a0a4-33a2-5944-9066-2b05cde7aee7,
urn:uuid:7826e0ac-95ba-5901-a2c7-76dedace7099,relation/unit/bab-4-limit-dan-kompletisasi-grup/covers/surface/unit-034/protected-math-zone/168-inline,urn:uuid:f2e99f76-1414-5767-acd3-fd9d94c67812,covers,urn:uuid:6a15d6c9-cb25-5c11-88b0-34828d0ee88f,
urn:uuid:f90e0bee-1af9-5133-927a-5cabecead13d,relation/unit/bab-4-limit-dan-kompletisasi-grup/covers/surface/unit-034/protected-math-zone/169-inline,urn:uuid:f2e99f76-1414-5767-acd3-fd9d94c67812,covers,urn:uuid:f1042a44-f98b-5d58-8b18-6e17355802ff,
urn:uuid:43d1839a-53af-5ebb-a303-3b07145befbf,relation/unit/bab-4-limit-dan-kompletisasi-grup/covers/surface/unit-034/protected-math-zone/170-inline,urn:uuid:f2e99f76-1414-5767-acd3-fd9d94c67812,covers,urn:uuid:f55b3319-2504-534e-9f0c-e3bd0839add1,
urn:uuid:3b7b97ae-6d58-5fb6-bd2c-20205691eaf9,relation/unit/bab-4-limit-dan-kompletisasi-grup/covers/surface/unit-034/protected-math-zone/171-inline,urn:uuid:f2e99f76-1414-5767-acd3-fd9d94c67812,covers,urn:uuid:cd5077ed-7b81-5069-86ba-ad96745808df,
urn:uuid:17b92f94-3e5e-5230-b9a6-9d2ac3f6f92e,relation/unit/bab-4-limit-dan-kompletisasi-grup/covers/surface/unit-034/protected-math-zone/172-inline,urn:uuid:f2e99f76-1414-5767-acd3-fd9d94c67812,covers,urn:uuid:3b887e26-a681-5284-ae34-c6b4f64d23c0,
urn:uuid:240a0cec-d9bc-5d55-88a0-1c16fdcad546,relation/unit/bab-4-limit-dan-kompletisasi-grup/covers/surface/unit-034/protected-math-zone/173-inline,urn:uuid:f2e99f76-1414-5767-acd3-fd9d94c67812,covers,urn:uuid:7ccc82fe-254f-5756-8456-2aed5abc9ed9,
urn:uuid:aaf97e79-2351-5517-9183-c083cad99171,relation/unit/bab-4-limit-dan-kompletisasi-grup/covers/surface/unit-034/protected-math-zone/174-inline,urn:uuid:f2e99f76-1414-5767-acd3-fd9d94c67812,covers,urn:uuid:739d28a2-c7d1-58aa-abdc-7a645d231010,
urn:uuid:e6339786-2d22-502f-b554-9552b2e5f40c,relation/unit/bab-4-limit-dan-kompletisasi-grup/covers/surface/unit-034/protected-math-zone/175-inline,urn:uuid:f2e99f76-1414-5767-acd3-fd9d94c67812,covers,urn:uuid:7ddedb9a-c8e5-5dd5-9fc0-d08bf408a7ad,
urn:uuid:2e201550-42c9-5057-9b86-bd97af9f9eba,relation/unit/bab-4-limit-dan-kompletisasi-grup/covers/surface/unit-034/protected-math-zone/176-inline,urn:uuid:f2e99f76-1414-5767-acd3-fd9d94c67812,covers,urn:uuid:e163099e-28dd-564a-9a39-8c265c6b8138,
urn:uuid:4c29c572-eb8d-586d-b35c-483cedd3d5e1,relation/unit/bab-4-limit-dan-kompletisasi-grup/covers/surface/unit-034/protected-math-zone/177-inline,urn:uuid:f2e99f76-1414-5767-acd3-fd9d94c67812,covers,urn:uuid:932498a1-ac3c-5978-984c-1a9e0f6b1fe9,
urn:uuid:25740e8f-cebb-5743-9333-bdf513f5fd8a,relation/unit/bab-4-limit-dan-kompletisasi-grup/covers/surface/unit-034/protected-math-zone/178-inline,urn:uuid:f2e99f76-1414-5767-acd3-fd9d94c67812,covers,urn:uuid:60b46ec8-19bc-5183-90b4-e0b57df82979,
urn:uuid:3910ee11-f712-5b7b-8b42-9a2869b74c33,relation/unit/bab-4-limit-dan-kompletisasi-grup/covers/surface/unit-034/protected-math-zone/179-inline,urn:uuid:f2e99f76-1414-5767-acd3-fd9d94c67812,covers,urn:uuid:5de5638e-0bc6-5216-a014-1e015b55c1b5,
urn:uuid:66698c08-d86a-5760-9643-8cc057642de3,relation/unit/bab-4-limit-dan-kompletisasi-grup/covers/surface/unit-034/protected-math-zone/180-inline,urn:uuid:f2e99f76-1414-5767-acd3-fd9d94c67812,covers,urn:uuid:fa9f05e5-75c1-58fa-84ba-28a9bd6aa767,
urn:uuid:77b1dc46-dcfd-5799-82c3-c79f85119ccd,relation/unit/bab-4-limit-dan-kompletisasi-grup/covers/surface/unit-034/protected-math-zone/181-inline,urn:uuid:f2e99f76-1414-5767-acd3-fd9d94c67812,covers,urn:uuid:402bdbf5-4309-5084-b4a9-86c8d74f3b87,
urn:uuid:23bec6f8-fcfb-5f8f-8962-10a2c5b46ea9,relation/unit/bab-4-limit-dan-kompletisasi-grup/covers/surface/unit-034/protected-math-zone/182-inline,urn:uuid:f2e99f76-1414-5767-acd3-fd9d94c67812,covers,urn:uuid:1e7d62d4-90a8-52d7-b840-4eedba7c59bf,
urn:uuid:45470a6c-2cb5-531e-96fa-15d6f0df7283,relation/unit/bab-4-limit-dan-kompletisasi-grup/covers/surface/unit-034/protected-math-zone/183-inline,urn:uuid:f2e99f76-1414-5767-acd3-fd9d94c67812,covers,urn:uuid:7af73a26-1ae2-5358-a670-78c199950b0c,
urn:uuid:169f7ee2-33fd-53ad-b81f-affea49caa4a,relation/unit/bab-4-limit-dan-kompletisasi-grup/covers/surface/unit-034/protected-math-zone/184-inline,urn:uuid:f2e99f76-1414-5767-acd3-fd9d94c67812,covers,urn:uuid:3e9784c8-a6c4-5c1e-ba75-0a50e7578f0d,
urn:uuid:396e3634-8f23-5d44-9538-d6d1467aa3e6,relation/unit/bab-4-limit-dan-kompletisasi-grup/covers/surface/unit-034/protected-math-zone/185-inline,urn:uuid:f2e99f76-1414-5767-acd3-fd9d94c67812,covers,urn:uuid:eaa86f76-4e56-58f8-b151-7671df205573,
urn:uuid:d6e8c3b3-20ae-5ab2-a54c-fe3b014e5598,relation/unit/bab-4-limit-dan-kompletisasi-grup/covers/surface/unit-034/protected-math-zone/186-inline,urn:uuid:f2e99f76-1414-5767-acd3-fd9d94c67812,covers,urn:uuid:37681a49-d589-54dc-bcfc-4ea9b2e8d174,
urn:uuid:6e405f53-07bc-5267-860b-ae8ed056263b,relation/unit/bab-4-limit-dan-kompletisasi-grup/covers/surface/unit-034/protected-math-zone/187-inline,urn:uuid:f2e99f76-1414-5767-acd3-fd9d94c67812,covers,urn:uuid:93d54cd1-c301-5636-8cea-4dd2c1b79c39,
urn:uuid:44ff31c2-edd5-51bd-8d84-018bf55dbf3c,relation/unit/bab-4-limit-dan-kompletisasi-grup/covers/surface/unit-034/protected-math-zone/188-inline,urn:uuid:f2e99f76-1414-5767-acd3-fd9d94c67812,covers,urn:uuid:94c2a2a2-2d19-5dcd-b123-07c8486e3e16,
urn:uuid:d30a0c39-9d2e-572f-a117-b1bd1879d273,relation/unit/bab-4-limit-dan-kompletisasi-grup/covers/surface/unit-034/protected-math-zone/189-inline,urn:uuid:f2e99f76-1414-5767-acd3-fd9d94c67812,covers,urn:uuid:3a0f583e-8972-5575-9924-9e78d03b72aa,
urn:uuid:7940a278-d530-52bd-b387-5836b7dec27b,relation/unit/bab-4-limit-dan-kompletisasi-grup/covers/surface/unit-034/protected-math-zone/190-inline,urn:uuid:f2e99f76-1414-5767-acd3-fd9d94c67812,covers,urn:uuid:7e679be3-0122-59c8-87c9-c9e625a3f5aa,
urn:uuid:e0d8b753-9bbc-5aab-8b40-d45bcaf26324,relation/unit/bab-4-limit-dan-kompletisasi-grup/covers/surface/unit-034/protected-math-zone/191-inline,urn:uuid:f2e99f76-1414-5767-acd3-fd9d94c67812,covers,urn:uuid:276f43d6-9bd0-50e6-b4fb-dda0b23f4e93,
urn:uuid:4050a60d-7b4f-5ef7-998e-08ca37bc786f,relation/unit/bab-4-limit-dan-kompletisasi-grup/covers/surface/unit-034/protected-math-zone/192-inline,urn:uuid:f2e99f76-1414-5767-acd3-fd9d94c67812,covers,urn:uuid:e7192134-3df1-5523-899a-16ef7764bc86,
urn:uuid:c3623e19-7315-5098-a6a5-35398a1fddf1,relation/unit/bab-4-limit-dan-kompletisasi-grup/covers/surface/unit-034/protected-math-zone/193-inline,urn:uuid:f2e99f76-1414-5767-acd3-fd9d94c67812,covers,urn:uuid:c72a6bf7-dca0-5767-b34c-647629d4e282,
urn:uuid:7eef4244-5f31-5c31-b6af-7b69c161a264,relation/unit/bab-4-limit-dan-kompletisasi-grup/covers/surface/unit-034/protected-math-zone/194-inline,urn:uuid:f2e99f76-1414-5767-acd3-fd9d94c67812,covers,urn:uuid:a7ddedf3-a39b-5d59-8d73-def1c45e675a,
urn:uuid:1d2c436f-5aa9-55c6-9b8f-89fbf9af6a63,relation/unit/bab-4-limit-dan-kompletisasi-grup/covers/surface/unit-034/protected-math-zone/195-inline,urn:uuid:f2e99f76-1414-5767-acd3-fd9d94c67812,covers,urn:uuid:0b8df4ff-3c5a-5f74-b717-c51252331af6,
urn:uuid:05fcb813-75ec-57dd-a6c7-d49d1af1a9e8,relation/unit/bab-4-limit-dan-kompletisasi-grup/covers/surface/unit-034/protected-math-zone/196-inline,urn:uuid:f2e99f76-1414-5767-acd3-fd9d94c67812,covers,urn:uuid:72977762-dd63-507a-bc76-a8b943a63b00,
urn:uuid:7866cb87-114a-585b-9faa-fa6d11fa8a39,relation/unit/bab-4-limit-dan-kompletisasi-grup/covers/surface/unit-034/protected-math-zone/197-inline,urn:uuid:f2e99f76-1414-5767-acd3-fd9d94c67812,covers,urn:uuid:00c6120e-8722-585e-9c57-7db4b21bb051,
urn:uuid:84bbdc0f-9dd6-5e7f-95a0-06d43e921e6b,relation/unit/bab-4-limit-dan-kompletisasi-grup/covers/surface/unit-034/protected-math-zone/198-inline,urn:uuid:f2e99f76-1414-5767-acd3-fd9d94c67812,covers,urn:uuid:5f11f1e2-dc8e-5ec3-845e-e655288bdeb5,
urn:uuid:24c59be5-03e4-50af-af10-ef81b03a7b09,relation/unit/bab-4-limit-dan-kompletisasi-grup/covers/surface/unit-034/protected-math-zone/199-inline,urn:uuid:f2e99f76-1414-5767-acd3-fd9d94c67812,covers,urn:uuid:d5e42d83-0dba-5280-8ffc-489e8545613e,
urn:uuid:3e67ac57-54c8-51a8-bb69-6267717b8830,relation/unit/bab-4-limit-dan-kompletisasi-grup/covers/surface/unit-034/protected-math-zone/200-inline,urn:uuid:f2e99f76-1414-5767-acd3-fd9d94c67812,covers,urn:uuid:e8e8da65-1b7f-5deb-af27-7fb322b62d1b,
urn:uuid:879ce598-43de-53c0-a1e8-605c5ab39137,relation/unit/bab-4-limit-dan-kompletisasi-grup/covers/surface/unit-034/protected-math-zone/201-inline,urn:uuid:f2e99f76-1414-5767-acd3-fd9d94c67812,covers,urn:uuid:9788bf91-9fb0-55a0-8a76-31e5540a3001,
urn:uuid:541ee450-5334-53a3-b5c0-8749ac703d95,relation/unit/bab-4-limit-dan-kompletisasi-grup/covers/surface/unit-034/protected-math-zone/202-inline,urn:uuid:f2e99f76-1414-5767-acd3-fd9d94c67812,covers,urn:uuid:050952e1-a334-5e62-bfed-cbe369b48739,
urn:uuid:a99803e2-a24f-5d18-9f44-982c04e721b2,relation/unit/bab-4-limit-dan-kompletisasi-grup/covers/surface/unit-034/protected-math-zone/203-inline,urn:uuid:f2e99f76-1414-5767-acd3-fd9d94c67812,covers,urn:uuid:dc04cceb-4140-5468-a1bd-ede42b9fc78c,
urn:uuid:633c3be5-0049-553e-b0a4-afcba5477652,relation/unit/bab-4-limit-dan-kompletisasi-grup/covers/surface/unit-034/protected-math-zone/204-inline,urn:uuid:f2e99f76-1414-5767-acd3-fd9d94c67812,covers,urn:uuid:06f9b4a5-3ec0-5929-816b-1c3de6a37d98,
urn:uuid:bfaf471a-d6f8-5636-8f1b-03327db65c17,relation/unit/bab-4-limit-dan-kompletisasi-grup/covers/surface/unit-034/protected-math-zone/205-inline,urn:uuid:f2e99f76-1414-5767-acd3-fd9d94c67812,covers,urn:uuid:8b3900e0-9d65-5f73-8116-283386fbcfa6,
urn:uuid:8aca721d-fba4-55b6-b2ed-137ec3628bae,relation/unit/bab-4-limit-dan-kompletisasi-grup/covers/surface/unit-034/protected-math-zone/206-inline,urn:uuid:f2e99f76-1414-5767-acd3-fd9d94c67812,covers,urn:uuid:d897c198-2b3a-54d9-8bc5-539372d9032f,
urn:uuid:c41a3f8e-2bc9-50a0-b22e-4afd7b2d5a87,relation/unit/bab-4-limit-dan-kompletisasi-grup/covers/surface/unit-034/protected-math-zone/207-inline,urn:uuid:f2e99f76-1414-5767-acd3-fd9d94c67812,covers,urn:uuid:a327ca34-3be3-50b2-8f1c-73c41b4dcf7d,
urn:uuid:093e37d9-7cd8-59e3-a40a-8b440ec770a0,relation/unit/bab-4-limit-dan-kompletisasi-grup/covers/surface/unit-034/protected-math-zone/208-inline,urn:uuid:f2e99f76-1414-5767-acd3-fd9d94c67812,covers,urn:uuid:958155f9-f982-58eb-ab06-536cf59d66cc,
urn:uuid:5992bc0a-f8a7-5352-8dd0-4410ec8bc8a7,relation/unit/bab-4-limit-dan-kompletisasi-grup/covers/surface/unit-034/protected-math-zone/209-inline,urn:uuid:f2e99f76-1414-5767-acd3-fd9d94c67812,covers,urn:uuid:5c3f082e-9bb7-5d73-8e02-c18cd9084ab0,
urn:uuid:723496e7-60d2-5492-8c02-84b2dd0af3fc,relation/unit/bab-4-limit-dan-kompletisasi-grup/covers/surface/unit-034/protected-math-zone/210-inline,urn:uuid:f2e99f76-1414-5767-acd3-fd9d94c67812,covers,urn:uuid:fc82600c-9559-5094-957d-467b7567a120,
urn:uuid:44870a5e-6c4c-5b9b-9d51-933f96703fde,relation/unit/bab-4-limit-dan-kompletisasi-grup/covers/surface/unit-034/protected-math-zone/211-inline,urn:uuid:f2e99f76-1414-5767-acd3-fd9d94c67812,covers,urn:uuid:d90a8cef-e1e3-5e2e-9e5a-cd8254d0de0a,
urn:uuid:29489962-5b72-53a3-b0f5-b92f98282e4c,relation/unit/bab-4-limit-dan-kompletisasi-grup/covers/surface/unit-034/protected-math-zone/212-inline,urn:uuid:f2e99f76-1414-5767-acd3-fd9d94c67812,covers,urn:uuid:68593d6c-2b91-50f9-aa14-e489d54a45cc,
urn:uuid:5eb58019-5e98-57d8-953c-a5a149c7d89f,relation/unit/bab-4-limit-dan-kompletisasi-grup/covers/surface/unit-034/protected-math-zone/213-inline,urn:uuid:f2e99f76-1414-5767-acd3-fd9d94c67812,covers,urn:uuid:2f70855a-c46c-52b9-86e5-073b7a305ac6,
urn:uuid:b9af6131-ea66-52f9-becb-396fee2781f2,relation/unit/bab-4-limit-dan-kompletisasi-grup/covers/surface/unit-034/protected-math-zone/214-inline,urn:uuid:f2e99f76-1414-5767-acd3-fd9d94c67812,covers,urn:uuid:7592dbdc-28ff-5f69-9c47-08afac8aaf69,
urn:uuid:8a39761d-2964-5849-b6f0-45147898a56f,relation/unit/bab-4-limit-dan-kompletisasi-grup/covers/surface/unit-034/protected-math-zone/215-inline,urn:uuid:f2e99f76-1414-5767-acd3-fd9d94c67812,covers,urn:uuid:d538cfa8-5634-56dd-bcde-3246704189fb,
urn:uuid:c69e8663-4d40-5e85-b673-3fa8632bdf84,relation/unit/bab-4-limit-dan-kompletisasi-grup/covers/surface/unit-034/protected-math-zone/216-inline,urn:uuid:f2e99f76-1414-5767-acd3-fd9d94c67812,covers,urn:uuid:12e5e2a4-8871-568f-87be-0c058f285e9b,
urn:uuid:527c0a87-6675-5c9e-92ea-018dc1fe677a,relation/unit/bab-4-limit-dan-kompletisasi-grup/covers/surface/unit-034/protected-math-zone/217-inline,urn:uuid:f2e99f76-1414-5767-acd3-fd9d94c67812,covers,urn:uuid:deaa97e5-4d43-5184-b06a-ee728cf80411,
urn:uuid:6e367495-85ab-52fe-ba46-a897b17ec66f,relation/unit/bab-4-limit-dan-kompletisasi-grup/covers/surface/unit-034/protected-math-zone/218-inline,urn:uuid:f2e99f76-1414-5767-acd3-fd9d94c67812,covers,urn:uuid:f9a64034-83e3-5d48-894c-9d6a0baaaebd,
urn:uuid:04c89789-8c85-567f-99e8-38756bbdd513,relation/unit/bab-4-limit-dan-kompletisasi-grup/covers/surface/unit-034/protected-math-zone/219-inline,urn:uuid:f2e99f76-1414-5767-acd3-fd9d94c67812,covers,urn:uuid:36eefcd7-0714-5755-be24-1f33195b58d5,
urn:uuid:22cd86dc-e317-5f03-ac3d-00b55732e6cb,relation/unit/bab-4-limit-dan-kompletisasi-grup/covers/surface/unit-034/protected-math-zone/220-inline,urn:uuid:f2e99f76-1414-5767-acd3-fd9d94c67812,covers,urn:uuid:52330530-87b8-55eb-824b-28f3250e92d8,
urn:uuid:232ed4f9-3f0b-5a36-8817-40002654ba24,relation/unit/bab-4-limit-dan-kompletisasi-grup/covers/surface/unit-034/protected-math-zone/221-inline,urn:uuid:f2e99f76-1414-5767-acd3-fd9d94c67812,covers,urn:uuid:a4b0cf6c-c1b5-504e-a248-d7576dac1e2a,
urn:uuid:265f656c-de91-5402-bdeb-605ab7c28a2d,relation/unit/bab-4-limit-dan-kompletisasi-grup/covers/surface/unit-034/protected-math-zone/222-inline,urn:uuid:f2e99f76-1414-5767-acd3-fd9d94c67812,covers,urn:uuid:e0c62fe8-715e-5d58-ad0d-6c85ccdc0580,
urn:uuid:7f983986-5d66-5e8a-8a53-9ae3c009f3f9,relation/unit/bab-4-limit-dan-kompletisasi-grup/covers/surface/unit-034/protected-math-zone/223-inline,urn:uuid:f2e99f76-1414-5767-acd3-fd9d94c67812,covers,urn:uuid:fe2faad4-8e24-52e9-b311-6aa03cf90721,
urn:uuid:e7b6f75a-f7b2-565b-a3ad-0b38492a5264,relation/unit/bab-4-limit-dan-kompletisasi-grup/covers/surface/unit-034/protected-math-zone/224-inline,urn:uuid:f2e99f76-1414-5767-acd3-fd9d94c67812,covers,urn:uuid:943b18d0-c985-5517-89f5-e04dfeda6bf5,
urn:uuid:3023d06f-ca8f-5f83-bbb7-cfef09ceeb0f,relation/unit/bab-4-limit-dan-kompletisasi-grup/covers/surface/unit-034/protected-math-zone/225-inline,urn:uuid:f2e99f76-1414-5767-acd3-fd9d94c67812,covers,urn:uuid:026e3804-474e-5180-adce-d332217d47a2,
urn:uuid:8f5b3bf7-29dc-5873-a7e3-a4dd84a8c702,relation/unit/bab-4-limit-dan-kompletisasi-grup/covers/surface/unit-034/protected-math-zone/226-inline,urn:uuid:f2e99f76-1414-5767-acd3-fd9d94c67812,covers,urn:uuid:1037a4da-371d-5227-bc27-8b466f840d19,
urn:uuid:6ff94289-a771-5aa3-85b2-9b563b0ddaee,relation/unit/bab-4-limit-dan-kompletisasi-grup/covers/surface/unit-034/protected-math-zone/227-inline,urn:uuid:f2e99f76-1414-5767-acd3-fd9d94c67812,covers,urn:uuid:98e8f2c9-50b2-5622-9aac-d2fca6489e61,
urn:uuid:c8f7d180-2650-512b-9f82-6f0d99a377c0,relation/unit/bab-4-limit-dan-kompletisasi-grup/covers/surface/unit-034/protected-math-zone/228-inline,urn:uuid:f2e99f76-1414-5767-acd3-fd9d94c67812,covers,urn:uuid:35f8998d-f605-54fe-977a-90ec734a5fdf,
urn:uuid:c16f135d-07d1-54eb-b3de-25a2909fd1ec,relation/unit/bab-4-limit-dan-kompletisasi-grup/covers/surface/unit-034/protected-math-zone/229-inline,urn:uuid:f2e99f76-1414-5767-acd3-fd9d94c67812,covers,urn:uuid:37ffbdc7-5bd3-5acc-8eef-ffe38385ce6a,
urn:uuid:f51ba64f-6793-5dae-b54e-1d319fea21f0,relation/unit/bab-4-limit-dan-kompletisasi-grup/covers/surface/unit-034/protected-math-zone/230-inline,urn:uuid:f2e99f76-1414-5767-acd3-fd9d94c67812,covers,urn:uuid:17594b5e-8118-5b0c-a462-a92b9852840c,
urn:uuid:031c4d7f-5f63-579f-8547-dbcb7273ac9d,relation/unit/bab-4-limit-dan-kompletisasi-grup/covers/surface/unit-034/protected-math-zone/231-inline,urn:uuid:f2e99f76-1414-5767-acd3-fd9d94c67812,covers,urn:uuid:568f588b-8781-5b1f-9316-c313ec0452d1,
urn:uuid:1b94b8dc-9eaa-531a-82d6-4eeb272d222b,relation/unit/bab-4-limit-dan-kompletisasi-grup/covers/surface/unit-034/protected-math-zone/232-inline,urn:uuid:f2e99f76-1414-5767-acd3-fd9d94c67812,covers,urn:uuid:da74972d-6c3e-5873-83a0-dc2076d96669,
urn:uuid:91b032c7-cd14-5b2b-81b8-ae863d9cad91,relation/unit/bab-4-limit-dan-kompletisasi-grup/covers/surface/unit-034/protected-math-zone/233-inline,urn:uuid:f2e99f76-1414-5767-acd3-fd9d94c67812,covers,urn:uuid:99bc89d2-8dd0-55f8-889c-ea7bec29648d,
urn:uuid:692cb849-de84-5b2a-b86f-5d8f4c9960d0,relation/unit/bab-4-limit-dan-kompletisasi-grup/covers/surface/unit-034/protected-math-zone/234-inline,urn:uuid:f2e99f76-1414-5767-acd3-fd9d94c67812,covers,urn:uuid:837a247e-d925-5df6-a999-b1b8417b180f,
urn:uuid:c6724322-9b5d-54c2-9ff8-4f7927cd0355,relation/unit/bab-4-limit-dan-kompletisasi-grup/covers/surface/unit-034/protected-math-zone/235-inline,urn:uuid:f2e99f76-1414-5767-acd3-fd9d94c67812,covers,urn:uuid:736200d1-e917-5730-891e-adeff5b4872c,
urn:uuid:f4c41dd7-fd9f-54c3-9850-8419612559e6,relation/unit/bab-4-limit-dan-kompletisasi-grup/covers/surface/unit-034/protected-math-zone/236-inline,urn:uuid:f2e99f76-1414-5767-acd3-fd9d94c67812,covers,urn:uuid:e27639e5-2b4b-5ba1-b250-c342ab261b8d,
urn:uuid:e4dfdb99-38e5-5432-9650-4f7035ecb7ab,relation/unit/bab-4-limit-dan-kompletisasi-grup/covers/surface/unit-034/protected-math-zone/237-inline,urn:uuid:f2e99f76-1414-5767-acd3-fd9d94c67812,covers,urn:uuid:10e2eb90-eccf-5363-b03b-a33c2c59889c,
urn:uuid:1c9f3389-a559-52fc-aa6b-02656b930238,relation/unit/bab-4-limit-dan-kompletisasi-grup/covers/surface/unit-034/protected-math-zone/238-inline,urn:uuid:f2e99f76-1414-5767-acd3-fd9d94c67812,covers,urn:uuid:a17ef9bd-57a2-5705-ab58-93bc476fbf76,
urn:uuid:defd9e8e-994a-5a76-a3b5-b9138c562d2d,relation/unit/bab-4-limit-dan-kompletisasi-grup/covers/surface/unit-034/protected-math-zone/239-inline,urn:uuid:f2e99f76-1414-5767-acd3-fd9d94c67812,covers,urn:uuid:b1fae40c-0b57-53e1-ab51-78f38de358a2,
urn:uuid:408fe02b-1a5e-5466-aa30-c339349f07de,relation/unit/bab-4-limit-dan-kompletisasi-grup/covers/surface/unit-034/protected-math-zone/240-inline,urn:uuid:f2e99f76-1414-5767-acd3-fd9d94c67812,covers,urn:uuid:f90a21db-8313-5c17-8aa6-e80b74cd41b2,
urn:uuid:f731674e-361d-53af-b44f-f7962cae8ec6,relation/unit/bab-4-limit-dan-kompletisasi-grup/covers/surface/unit-034/protected-math-zone/241-inline,urn:uuid:f2e99f76-1414-5767-acd3-fd9d94c67812,covers,urn:uuid:82145396-5119-5bb7-893b-79eb6fe496b8,
urn:uuid:b67a6854-5de3-5b9f-abdf-715888172425,relation/unit/bab-4-limit-dan-kompletisasi-grup/covers/surface/unit-034/protected-math-zone/242-inline,urn:uuid:f2e99f76-1414-5767-acd3-fd9d94c67812,covers,urn:uuid:7c387cfb-b62d-5270-8e68-61b6098a92d2,
urn:uuid:9182c159-a642-567a-a12c-4f206cf2bed3,relation/unit/bab-4-limit-dan-kompletisasi-grup/covers/surface/unit-034/protected-math-zone/243-inline,urn:uuid:f2e99f76-1414-5767-acd3-fd9d94c67812,covers,urn:uuid:a0fde605-3d07-52c4-9e01-c8bf35a75bee,
urn:uuid:a52d4e8c-aa28-533a-bbf6-97e86a973a0c,relation/unit/bab-4-limit-dan-kompletisasi-grup/covers/surface/unit-034/protected-math-zone/244-inline,urn:uuid:f2e99f76-1414-5767-acd3-fd9d94c67812,covers,urn:uuid:b5091b6f-f395-5295-9715-0418816f68c6,
urn:uuid:53a42635-2b12-53aa-9ab5-f2f24742ade0,relation/unit/bab-4-limit-dan-kompletisasi-grup/covers/surface/unit-034/protected-math-zone/245-display-environment,urn:uuid:f2e99f76-1414-5767-acd3-fd9d94c67812,covers,urn:uuid:518aab55-96ff-541e-860a-198e78a3eafb,
urn:uuid:526fc019-3fd8-5a08-ae2b-597ae1f09650,relation/unit/bab-4-limit-dan-kompletisasi-grup/covers/surface/unit-034/protected-math-zone/246-inline,urn:uuid:f2e99f76-1414-5767-acd3-fd9d94c67812,covers,urn:uuid:05afdca3-d06b-52d1-910b-25e3be373e27,
urn:uuid:398fdab1-98c7-5973-a46e-22e7cdb962d6,relation/unit/bab-4-limit-dan-kompletisasi-grup/covers/surface/unit-034/protected-math-zone/247-inline,urn:uuid:f2e99f76-1414-5767-acd3-fd9d94c67812,covers,urn:uuid:1fb74048-b4ed-5ec2-a673-336fc703d5e6,
urn:uuid:d47dac75-84b8-5a22-b8fa-0e63b6134dbd,relation/unit/bab-4-limit-dan-kompletisasi-grup/covers/surface/unit-034/protected-math-zone/248-inline,urn:uuid:f2e99f76-1414-5767-acd3-fd9d94c67812,covers,urn:uuid:fa44d6f5-3ec0-5e2f-b96c-e14d4c7062f7,
urn:uuid:d0f9c69b-09c9-580d-9405-f92460359289,relation/unit/bab-4-limit-dan-kompletisasi-grup/covers/surface/unit-034/protected-math-zone/249-inline,urn:uuid:f2e99f76-1414-5767-acd3-fd9d94c67812,covers,urn:uuid:528fbea8-984f-53eb-b8c7-61b59bc1b295,
urn:uuid:1433de3d-d8cf-5af5-968a-c0caa092eab6,relation/unit/bab-4-limit-dan-kompletisasi-grup/covers/surface/unit-034/protected-math-zone/250-inline,urn:uuid:f2e99f76-1414-5767-acd3-fd9d94c67812,covers,urn:uuid:5152e67f-bd71-5a9b-8cc4-1bd5ad0a9e55,
urn:uuid:cf9d351d-1b17-523e-ad82-0109c7c06af1,relation/unit/bab-4-limit-dan-kompletisasi-grup/covers/surface/unit-034/protected-math-zone/251-display-bracket,urn:uuid:f2e99f76-1414-5767-acd3-fd9d94c67812,covers,urn:uuid:17ad5a4a-9338-5698-b8f9-7b9d2b669835,
urn:uuid:275fa6bb-d62f-5f53-9d2e-de168471b358,relation/unit/bab-4-limit-dan-kompletisasi-grup/covers/surface/unit-034/protected-math-zone/252-inline,urn:uuid:f2e99f76-1414-5767-acd3-fd9d94c67812,covers,urn:uuid:b1a57679-fb32-5f12-ab44-a8c944ff944a,
urn:uuid:fd3a2c8d-693c-5541-98e1-e2f95b3a50f8,relation/unit/bab-4-limit-dan-kompletisasi-grup/covers/surface/unit-034/protected-math-zone/253-inline,urn:uuid:f2e99f76-1414-5767-acd3-fd9d94c67812,covers,urn:uuid:57068b5d-a9c1-54fd-a6fb-ff2993863a4d,
urn:uuid:cb8ead15-1ab6-576a-a6c5-c2eb91e52562,relation/unit/bab-4-limit-dan-kompletisasi-grup/covers/surface/unit-034/protected-math-zone/254-inline,urn:uuid:f2e99f76-1414-5767-acd3-fd9d94c67812,covers,urn:uuid:3d85e3b1-51ba-5e4c-af43-8b5204612636,
urn:uuid:96f982f5-f0fb-5679-91fe-4e50d29b7002,relation/unit/bab-4-limit-dan-kompletisasi-grup/covers/surface/unit-034/protected-math-zone/255-inline,urn:uuid:f2e99f76-1414-5767-acd3-fd9d94c67812,covers,urn:uuid:791edf9e-cdea-523a-aeb1-ed69bbec4e99,
urn:uuid:313e51ed-9f72-53a1-94bb-ad55c410e42d,relation/unit/bab-4-limit-dan-kompletisasi-grup/covers/surface/unit-034/protected-math-zone/256-inline,urn:uuid:f2e99f76-1414-5767-acd3-fd9d94c67812,covers,urn:uuid:44b47701-0a32-56db-b25b-24ce8102cb2a,
urn:uuid:3ec8a3a8-86c9-5518-8df6-571321537115,relation/unit/bab-4-limit-dan-kompletisasi-grup/covers/surface/unit-034/protected-math-zone/257-inline,urn:uuid:f2e99f76-1414-5767-acd3-fd9d94c67812,covers,urn:uuid:ef4b75cf-8e19-53a6-afe0-a72029987d41,
urn:uuid:eb4b8598-390e-54ac-91ce-ec18f28ce624,relation/unit/bab-4-limit-dan-kompletisasi-grup/covers/surface/unit-034/protected-math-zone/258-inline,urn:uuid:f2e99f76-1414-5767-acd3-fd9d94c67812,covers,urn:uuid:7ce9151b-afe3-51d5-a3b6-da39317baa12,
urn:uuid:2a166b72-fb50-5770-8223-041f464fb58f,relation/unit/bab-4-limit-dan-kompletisasi-grup/covers/surface/unit-034/protected-math-zone/259-display-bracket,urn:uuid:f2e99f76-1414-5767-acd3-fd9d94c67812,covers,urn:uuid:0e6d2d9e-b827-5da9-8cb7-9243ee3179f0,
urn:uuid:7171c830-c905-5150-91f1-ba7d4a04d67b,relation/unit/bab-4-limit-dan-kompletisasi-grup/covers/surface/unit-034/protected-math-zone/260-display-environment,urn:uuid:f2e99f76-1414-5767-acd3-fd9d94c67812,covers,urn:uuid:0a3931e1-a120-5c76-903c-27a22ce1b438,
urn:uuid:2fc73342-df5c-54d3-8145-c54c61a10f37,relation/unit/bab-4-limit-dan-kompletisasi-grup/covers/surface/unit-034/protected-math-zone/261-inline,urn:uuid:f2e99f76-1414-5767-acd3-fd9d94c67812,covers,urn:uuid:238cdbd1-cd30-53f8-a17e-2ec63266f7f6,
urn:uuid:9ff0ba06-2d05-5371-bc60-5a6e52939c9b,relation/unit/bab-4-limit-dan-kompletisasi-grup/covers/surface/unit-034/protected-math-zone/262-inline,urn:uuid:f2e99f76-1414-5767-acd3-fd9d94c67812,covers,urn:uuid:3714397d-eb6d-54c0-96f3-473f0a467539,
urn:uuid:524af418-aadc-51b0-8921-e05da703c340,relation/unit/bab-4-limit-dan-kompletisasi-grup/covers/surface/unit-034/protected-math-zone/263-inline,urn:uuid:f2e99f76-1414-5767-acd3-fd9d94c67812,covers,urn:uuid:45834e51-2e24-5dda-a2a4-1e3e41ece8ad,
urn:uuid:e2328231-cf80-5e03-bfff-1be0201f4b8c,relation/unit/bab-4-limit-dan-kompletisasi-grup/covers/surface/unit-034/protected-math-zone/264-inline,urn:uuid:f2e99f76-1414-5767-acd3-fd9d94c67812,covers,urn:uuid:d55d3b30-971b-5344-a5e3-746b57b34f97,
urn:uuid:69f20ec1-7343-5fce-a66f-505a32a659a2,relation/unit/bab-4-limit-dan-kompletisasi-grup/covers/surface/unit-034/protected-math-zone/265-inline,urn:uuid:f2e99f76-1414-5767-acd3-fd9d94c67812,covers,urn:uuid:59e485b5-f20f-5f9d-8ce1-eaecbac04db3,
urn:uuid:40eccee5-539e-50fb-8f42-5565a5e0995f,relation/unit/bab-4-limit-dan-kompletisasi-grup/covers/surface/unit-034/protected-math-zone/266-inline,urn:uuid:f2e99f76-1414-5767-acd3-fd9d94c67812,covers,urn:uuid:fa5524d2-9a7c-5833-93b8-05a3f01dc36e,
urn:uuid:1687e5a7-03be-57b3-94cb-04fcaea7be1b,relation/unit/bab-4-limit-dan-kompletisasi-grup/covers/surface/unit-034/protected-math-zone/267-inline,urn:uuid:f2e99f76-1414-5767-acd3-fd9d94c67812,covers,urn:uuid:1cc80bc5-241e-5271-b9d3-509fdec2afbf,
urn:uuid:ddcbfacf-a2e5-5039-a6bf-72d50e74b518,relation/unit/bab-4-limit-dan-kompletisasi-grup/covers/surface/unit-034/protected-math-zone/268-inline,urn:uuid:f2e99f76-1414-5767-acd3-fd9d94c67812,covers,urn:uuid:c054d090-4358-5d98-a271-d6e82edc1bce,
urn:uuid:f18de635-e646-5ba4-b16d-a74f4d0b2eae,relation/unit/bab-4-limit-dan-kompletisasi-grup/covers/surface/unit-034/protected-math-zone/269-inline,urn:uuid:f2e99f76-1414-5767-acd3-fd9d94c67812,covers,urn:uuid:e9366960-6a92-5e41-9f1e-256d60f7cab9,
urn:uuid:eac3e92e-d899-5541-a9be-36026287cc67,relation/unit/bab-4-limit-dan-kompletisasi-grup/covers/surface/unit-034/protected-math-zone/270-inline,urn:uuid:f2e99f76-1414-5767-acd3-fd9d94c67812,covers,urn:uuid:4638009d-4c8a-5fb8-85bd-5648482c1d7b,
urn:uuid:5eb29b4e-ac5b-5aef-b321-545760cef57b,relation/unit/bab-4-limit-dan-kompletisasi-grup/covers/surface/unit-034/protected-math-zone/271-inline,urn:uuid:f2e99f76-1414-5767-acd3-fd9d94c67812,covers,urn:uuid:82bbdfa3-edc0-524f-a039-1f03a1048e8b,
urn:uuid:f89eadc0-6d82-5959-91b2-e06ecb8c43b8,relation/unit/bab-4-limit-dan-kompletisasi-grup/covers/surface/unit-034/protected-math-zone/272-inline,urn:uuid:f2e99f76-1414-5767-acd3-fd9d94c67812,covers,urn:uuid:30f8e908-2f1d-5ba8-a04e-2787bc7eddd8,
urn:uuid:9a3d23aa-cb4f-5ac8-9837-5742b1c7f771,relation/unit/bab-4-limit-dan-kompletisasi-grup/covers/surface/unit-034/protected-math-zone/273-inline,urn:uuid:f2e99f76-1414-5767-acd3-fd9d94c67812,covers,urn:uuid:f03ffa3b-5212-5ffd-8a52-49632ff3743d,
urn:uuid:4ff9efd0-9a35-5734-823c-1e20f9102414,relation/unit/bab-4-limit-dan-kompletisasi-grup/covers/surface/unit-034/protected-math-zone/274-inline,urn:uuid:f2e99f76-1414-5767-acd3-fd9d94c67812,covers,urn:uuid:2a5d868b-8bcf-5534-b50a-6e4fd37db6e6,
urn:uuid:fcd6d081-d7a8-572b-81a9-491bf6d02854,relation/unit/bab-4-limit-dan-kompletisasi-grup/covers/surface/unit-034/protected-math-zone/275-inline,urn:uuid:f2e99f76-1414-5767-acd3-fd9d94c67812,covers,urn:uuid:771f9115-3ffe-5153-a91d-5bd9e5213dc6,
urn:uuid:0f7c6878-a383-5e85-b758-9af0b1787a71,relation/unit/bab-4-limit-dan-kompletisasi-grup/covers/surface/unit-034/protected-math-zone/276-inline,urn:uuid:f2e99f76-1414-5767-acd3-fd9d94c67812,covers,urn:uuid:03daa7d1-9234-523e-8be8-ae804e4b5ff9,
urn:uuid:cf78004d-1b8d-56be-a874-4bf33e9cc5c8,relation/unit/bab-4-limit-dan-kompletisasi-grup/covers/surface/unit-034/reference/ordinary/001,urn:uuid:f2e99f76-1414-5767-acd3-fd9d94c67812,covers,urn:uuid:12f73f9d-b19a-5677-9299-09dec76e9fa1,
urn:uuid:7f4d9276-55bb-5253-9bd5-0d1be0aacd60,relation/unit/bab-4-limit-dan-kompletisasi-grup/covers/surface/unit-034/reference/ordinary/002,urn:uuid:f2e99f76-1414-5767-acd3-fd9d94c67812,covers,urn:uuid:b781a68a-2f9c-5670-af75-68ca0674e8cb,
urn:uuid:9e3c5895-095b-5436-8642-9824698a4adb,relation/unit/bab-4-limit-dan-kompletisasi-grup/covers/surface/unit-034/reference/ordinary/003,urn:uuid:f2e99f76-1414-5767-acd3-fd9d94c67812,covers,urn:uuid:044d0e79-2961-5167-a509-8e201683c1b1,
urn:uuid:1b0cd49d-89a9-53a2-a571-595ad19490c1,relation/unit/bab-4-limit-dan-kompletisasi-grup/covers/surface/unit-034/reference/ordinary/004,urn:uuid:f2e99f76-1414-5767-acd3-fd9d94c67812,covers,urn:uuid:73e6ce35-12d6-54c5-9cd9-a03e24ce1323,
urn:uuid:78ce5964-d389-571a-bdd2-780de7690134,relation/unit/bab-4-limit-dan-kompletisasi-grup/covers/surface/unit-034/reference/ordinary/005,urn:uuid:f2e99f76-1414-5767-acd3-fd9d94c67812,covers,urn:uuid:9ab83cdf-9393-5f7b-a96e-427faba01991,
urn:uuid:e74a74d3-92c1-5b06-8001-d6400a895bc1,relation/unit/bab-4-limit-dan-kompletisasi-grup/covers/surface/unit-034/reference/ordinary/006,urn:uuid:f2e99f76-1414-5767-acd3-fd9d94c67812,covers,urn:uuid:4872b50f-444e-513b-97bb-1ca9c0156b01,
urn:uuid:52be435c-69a2-5d52-9eb3-1a8597088cd7,relation/unit/bab-4-limit-dan-kompletisasi-grup/covers/surface/unit-034/reference/ordinary/007,urn:uuid:f2e99f76-1414-5767-acd3-fd9d94c67812,covers,urn:uuid:a3ef43b3-5ce1-599e-9821-d0b6de3b2afd,
urn:uuid:b72c8beb-f820-59c8-9f91-cecf6c7d1cf5,relation/unit/bab-4-limit-dan-kompletisasi-grup/covers/surface/unit-034/reference/ordinary/008,urn:uuid:f2e99f76-1414-5767-acd3-fd9d94c67812,covers,urn:uuid:e076925a-f7e5-5baa-a20a-e8de1434ea3f,
urn:uuid:15acd52e-d4a8-59db-854e-2c6c8fe43b22,relation/unit/bab-4-limit-dan-kompletisasi-grup/covers/surface/unit-034/reference/ordinary/009,urn:uuid:f2e99f76-1414-5767-acd3-fd9d94c67812,covers,urn:uuid:b72539d3-50d4-5302-ab4d-78f2b8d164d1,
urn:uuid:1ff55d89-cd1e-5705-be38-8f3020370dbe,relation/unit/bab-4-limit-dan-kompletisasi-grup/covers/surface/unit-034/reference/ordinary/010,urn:uuid:f2e99f76-1414-5767-acd3-fd9d94c67812,covers,urn:uuid:8f49818f-e18a-50d8-8090-2d6b00e3fc11,
urn:uuid:7b25102a-0a58-53e7-b688-a3422ddfcb70,relation/unit/bab-4-limit-dan-kompletisasi-grup/covers/surface/unit-034/reference/ordinary/011,urn:uuid:f2e99f76-1414-5767-acd3-fd9d94c67812,covers,urn:uuid:6aef9370-5f61-5076-b63a-5c467892e188,
urn:uuid:6a05aa5d-090a-5766-adcb-362b4cea9ad9,relation/unit/bab-4-limit-dan-kompletisasi-grup/covers/surface/unit-034/reference/ordinary/012,urn:uuid:f2e99f76-1414-5767-acd3-fd9d94c67812,covers,urn:uuid:c9e9b5e0-fb32-5e5f-8f81-4fc1fcbd6458,
urn:uuid:73565169-d8a6-583e-9565-1bd0382d6a1e,relation/unit/bab-4-limit-dan-kompletisasi-grup/covers/surface/unit-034/reference/ordinary/013,urn:uuid:f2e99f76-1414-5767-acd3-fd9d94c67812,covers,urn:uuid:2bb6844e-1bc6-5d26-8f73-dfc4fcb17036,
urn:uuid:c3219a54-aa9c-52b5-ac64-497e99a3d572,relation/unit/bab-4-limit-dan-kompletisasi-grup/covers/surface/unit-034/reference/ordinary/014,urn:uuid:f2e99f76-1414-5767-acd3-fd9d94c67812,covers,urn:uuid:58db4d25-9ada-59d2-ba0a-d6084b598ed3,
urn:uuid:17ce882d-db94-57c3-b9a8-c3cb10631d93,relation/unit/bab-4-limit-dan-kompletisasi-grup/covers/surface/unit-034/reference/ordinary/015,urn:uuid:f2e99f76-1414-5767-acd3-fd9d94c67812,covers,urn:uuid:159d8377-691f-5684-867a-d07a75ef6c8e,
urn:uuid:8d75da15-64b1-5bf3-99d9-707ef823b335,relation/unit/bab-4-limit-dan-kompletisasi-grup/covers/surface/unit-034/reference/ordinary/016,urn:uuid:f2e99f76-1414-5767-acd3-fd9d94c67812,covers,urn:uuid:785c8bcb-2f20-52ee-80d4-ee29cbff7e23,
urn:uuid:9ddad1ab-bd9d-50a4-b1ff-b72503e5b5f3,relation/unit/bab-4-limit-dan-kompletisasi-grup/covers/surface/unit-034/terminology-row/001,urn:uuid:f2e99f76-1414-5767-acd3-fd9d94c67812,covers,urn:uuid:d35d0898-9086-5cad-a7cc-762b9c09fe2f,
urn:uuid:a06f0e27-502b-59f2-9f59-a3aa3c296640,relation/unit/bab-4-limit-dan-kompletisasi-grup/covers/surface/unit-034/terminology-row/002,urn:uuid:f2e99f76-1414-5767-acd3-fd9d94c67812,covers,urn:uuid:70e3afa2-a224-5485-a2cb-fdd50f50cfec,
urn:uuid:25bd703f-6ebf-56e2-aa77-fea521d8a544,relation/unit/bab-4-limit-dan-kompletisasi-grup/covers/surface/unit-034/terminology-row/003,urn:uuid:f2e99f76-1414-5767-acd3-fd9d94c67812,covers,urn:uuid:01c31af9-70bf-5642-a64f-0b20a2b67521,
urn:uuid:4d81b4d2-5c54-5ef6-8748-d81dc9be1269,relation/unit/bab-4-limit-dan-kompletisasi-grup/covers/surface/unit-034/terminology-row/004,urn:uuid:f2e99f76-1414-5767-acd3-fd9d94c67812,covers,urn:uuid:b140a2a0-2b1e-5f83-8909-51823cca552b,
urn:uuid:60b77090-ceb1-5071-ae29-137b1da6f556,relation/unit/bab-4-limit-dan-kompletisasi-grup/covers/surface/unit-034/terminology-row/005,urn:uuid:f2e99f76-1414-5767-acd3-fd9d94c67812,covers,urn:uuid:9e990dde-6903-5f7f-bc80-a26549af6ca0,
urn:uuid:ae387146-6751-5562-8154-bffb5c921683,relation/unit/bab-4-limit-dan-kompletisasi-grup/covers/surface/unit-034/terminology-row/006,urn:uuid:f2e99f76-1414-5767-acd3-fd9d94c67812,covers,urn:uuid:549f51e5-5641-547c-b1f8-461766fe2017,
urn:uuid:0372c54a-4ee3-5906-ac93-18eb80b9d425,relation/unit/bab-4-limit-dan-kompletisasi-grup/covers/surface/unit-034/terminology-row/007,urn:uuid:f2e99f76-1414-5767-acd3-fd9d94c67812,covers,urn:uuid:5ba77d8a-1d32-5d12-877f-d2c69887c6d6,
urn:uuid:419afef7-56a9-58a7-a335-262279ceffc3,relation/unit/bab-4-limit-dan-kompletisasi-grup/covers/surface/unit-034/terminology-row/008,urn:uuid:f2e99f76-1414-5767-acd3-fd9d94c67812,covers,urn:uuid:5f5de6a4-8bc9-5758-a358-1f554a33f5c8,
urn:uuid:8d0888ab-8fa5-5c90-bd67-11d479933d2d,relation/unit/bab-4-limit-dan-kompletisasi-grup/covers/surface/unit-034/terminology-row/009,urn:uuid:f2e99f76-1414-5767-acd3-fd9d94c67812,covers,urn:uuid:939222b8-0ae3-5aba-b91a-b9e52da59d46,
urn:uuid:feb7f733-cf03-50e3-8cbf-288a1d0530a9,relation/unit/bab-4-limit-dan-kompletisasi-grup/covers/surface/unit-034/terminology-row/010,urn:uuid:f2e99f76-1414-5767-acd3-fd9d94c67812,covers,urn:uuid:8605439b-07d0-5b9c-bfcc-0158f499c640,
urn:uuid:45dfbcd6-33e4-523b-95dc-c9b3991f1fcd,relation/unit/bab-4-limit-dan-kompletisasi-grup/covers/surface/unit-034/terminology-row/011,urn:uuid:f2e99f76-1414-5767-acd3-fd9d94c67812,covers,urn:uuid:90918cec-11a4-5108-974a-2a5f57bf7500,
urn:uuid:03a6be93-f3e9-5294-b89e-3e3acf8f9f6c,relation/unit/bab-4-limit-dan-kompletisasi-grup/covers/surface/unit-034/terminology-row/012,urn:uuid:f2e99f76-1414-5767-acd3-fd9d94c67812,covers,urn:uuid:ea924755-ec71-5995-a48b-a6a8d8f1775c,
urn:uuid:a7617fb1-0d81-57d1-9057-c3c2adbb423c,relation/unit/bab-4-limit-dan-kompletisasi-grup/covers/surface/unit-034/terminology-row/013,urn:uuid:f2e99f76-1414-5767-acd3-fd9d94c67812,covers,urn:uuid:451e5430-0a2c-51e7-821a-c0833ceeba7e,
urn:uuid:a31c7a11-ee64-5c2a-ab11-02bf8de1fdd1,relation/unit/bab-4-limit-dan-kompletisasi-grup/covers/surface/unit-034/terminology-row/014,urn:uuid:f2e99f76-1414-5767-acd3-fd9d94c67812,covers,urn:uuid:d6a2df5f-7cff-5569-a454-4b258787a167,
urn:uuid:afd823c9-dea2-51c8-9088-cb4cfb0ecd69,relation/unit/bab-4-limit-dan-kompletisasi-grup/covers/surface/unit-034/terminology-row/015,urn:uuid:f2e99f76-1414-5767-acd3-fd9d94c67812,covers,urn:uuid:21ed432a-ade0-5c0e-a328-67d2276026e5,
urn:uuid:e1e39f75-66e6-5726-851a-140d76d0999a,relation/unit/bab-4-limit-dan-kompletisasi-grup/covers/surface/unit-034/terminology-row/016,urn:uuid:f2e99f76-1414-5767-acd3-fd9d94c67812,covers,urn:uuid:6615094e-ef0b-53b9-ab63-a5dff47e298e,
urn:uuid:44c8aa6b-fb26-5168-a2f7-4eb7bc25cc50,relation/unit/bab-4-limit-dan-kompletisasi-grup/covers/surface/unit-034/terminology-row/017,urn:uuid:f2e99f76-1414-5767-acd3-fd9d94c67812,covers,urn:uuid:0f54837e-00ee-5848-9a39-8170ac68e2a4,
urn:uuid:b46b1976-df77-53bf-a2e7-b809d66d79e0,relation/unit/bab-4-limit-dan-kompletisasi-grup/covers/surface/unit-034/terminology-row/018,urn:uuid:f2e99f76-1414-5767-acd3-fd9d94c67812,covers,urn:uuid:505919b3-46ef-5e22-bf4d-e449b5c9fb8e,
urn:uuid:fbb1f105-29c9-5aad-84aa-10e6e68599fb,relation/unit/bab-4-limit-dan-kompletisasi-grup/covers/surface/unit-034/terminology-row/019,urn:uuid:f2e99f76-1414-5767-acd3-fd9d94c67812,covers,urn:uuid:a0d3cefa-809f-5595-8c6d-7c5a57f44ec0,
urn:uuid:fb175a39-7521-5a56-9893-225a6dafcbde,relation/unit/bab-4-limit-dan-kompletisasi-grup/covers/surface/unit-034/terminology-row/020,urn:uuid:f2e99f76-1414-5767-acd3-fd9d94c67812,covers,urn:uuid:d4689297-affc-57b9-8ea2-29410fa57374,
urn:uuid:ea5979d3-007a-55c5-8601-2f97e3f84534,relation/unit/bab-4-limit-dan-kompletisasi-grup/covers/surface/unit-034/terminology-row/021,urn:uuid:f2e99f76-1414-5767-acd3-fd9d94c67812,covers,urn:uuid:3e7b96aa-81db-527a-958c-52bdbc92c925,
urn:uuid:30c5ed29-8441-5044-828d-c43aca5159b3,relation/unit/bab-4-limit-dan-kompletisasi-grup/covers/surface/unit-034/terminology-row/022,urn:uuid:f2e99f76-1414-5767-acd3-fd9d94c67812,covers,urn:uuid:bacfb4b7-e7a1-5d3b-b04d-0cd14ee680d1,
urn:uuid:88900965-f4c4-563c-8956-48ca9adc7a10,relation/unit/bab-4-limit-dan-kompletisasi-grup/covers/surface/unit-034/terminology-row/023,urn:uuid:f2e99f76-1414-5767-acd3-fd9d94c67812,covers,urn:uuid:14f36db5-fa25-5cfa-80b4-04e5ca5bffc1,
urn:uuid:a0756d2f-4811-58d4-a9ea-55dbfe4e0372,relation/unit/bab-4-limit-dan-kompletisasi-grup/covers/surface/unit-034/terminology-row/024,urn:uuid:f2e99f76-1414-5767-acd3-fd9d94c67812,covers,urn:uuid:965036bb-8108-590e-b2c8-f722d20f8b5a,
urn:uuid:e1ce5b90-d5a6-5b83-bd51-d52fbf71beb6,relation/unit/bab-4-limit-dan-kompletisasi-grup/covers/surface/unit-034/terminology-row/025,urn:uuid:f2e99f76-1414-5767-acd3-fd9d94c67812,covers,urn:uuid:1ab74cdd-900f-5b30-ab0b-e9ea195e4563,
urn:uuid:87473282-5516-5f60-9710-3ee8de88c08b,relation/unit/bab-4-limit-dan-kompletisasi-grup/covers/surface/unit-034/terminology-row/026,urn:uuid:f2e99f76-1414-5767-acd3-fd9d94c67812,covers,urn:uuid:194195f1-4321-5e7a-89a6-2a0e5f8289a6,
urn:uuid:bd35c764-0f5c-55f7-aa56-b3383d5d7476,relation/unit/bab-4-limit-dan-kompletisasi-grup/covers/surface/unit-034/terminology-row/027,urn:uuid:f2e99f76-1414-5767-acd3-fd9d94c67812,covers,urn:uuid:622d7bbd-8912-58af-997d-8778d06b51e7,
urn:uuid:b5fce048-ff04-51de-bdb3-8b67da8f9d02,relation/unit/bab-4-limit-dan-kompletisasi-grup/covers/surface/unit-034/terminology-row/028,urn:uuid:f2e99f76-1414-5767-acd3-fd9d94c67812,covers,urn:uuid:24305492-49d8-5605-bc25-91b544ebf1ba,
urn:uuid:5a4824d4-2b0b-5ed9-bc0d-c58c8d02f4c7,relation/unit/bab-4-limit-dan-kompletisasi-grup/covers/surface/unit-034/terminology-row/029,urn:uuid:f2e99f76-1414-5767-acd3-fd9d94c67812,covers,urn:uuid:45f89eca-fa81-5c6e-84d2-25f0223fdadf,
urn:uuid:e4d1d943-01b1-54e3-a005-e4a86660ab4b,relation/unit/bab-4-limit-dan-kompletisasi-grup/covers/surface/unit-034/terminology-row/030,urn:uuid:f2e99f76-1414-5767-acd3-fd9d94c67812,covers,urn:uuid:8945e74d-1a7b-5f9b-b9f2-bf13a201d5b1,
urn:uuid:5e1bb877-a4a0-57c7-b983-11705d034ea1,relation/unit/bab-4-limit-dan-kompletisasi-grup/covers/surface/unit-034/terminology-row/031,urn:uuid:f2e99f76-1414-5767-acd3-fd9d94c67812,covers,urn:uuid:805bbbf4-6841-5197-91d9-743db11a4bdf,
urn:uuid:fd2e57d1-fe1d-53b3-99d7-2977edd493dd,relation/unit/bab-4-limit-dan-kompletisasi-grup/covers/surface/unit-034/terminology-row/032,urn:uuid:f2e99f76-1414-5767-acd3-fd9d94c67812,covers,urn:uuid:9d50b412-c7cf-593e-ac59-9642f14993ae,
urn:uuid:ec007821-0a55-5c0d-9cd2-b371d41e4749,relation/unit/bab-4-limit-dan-kompletisasi-grup/covers/surface/unit-034/terminology-row/033,urn:uuid:f2e99f76-1414-5767-acd3-fd9d94c67812,covers,urn:uuid:bd70ae51-158e-545f-a621-2217c90b9b4a,
urn:uuid:b976321a-8e76-5a66-9bee-9a02e07a1e51,relation/unit/bab-4-limit-dan-kompletisasi-grup/covers/surface/unit-034/terminology-row/034,urn:uuid:f2e99f76-1414-5767-acd3-fd9d94c67812,covers,urn:uuid:93417035-d136-5e2f-b00d-c300301796e8,
urn:uuid:136a8fc6-49d4-5078-be45-1f4b03ab5214,relation/unit/bab-4-limit-dan-kompletisasi-grup/covers/surface/unit-034/terminology-row/035,urn:uuid:f2e99f76-1414-5767-acd3-fd9d94c67812,covers,urn:uuid:af846f31-db45-5a0d-962c-e092876e4f51,
urn:uuid:c24d3868-d8e0-54c7-9844-55b7631fef15,relation/unit/bab-4-limit-dan-kompletisasi-grup/covers/surface/unit-034/terminology-row/036,urn:uuid:f2e99f76-1414-5767-acd3-fd9d94c67812,covers,urn:uuid:5503cf99-bd98-5886-952c-eae53c60991d,
urn:uuid:03b8d51d-76be-57a6-9af4-20d4405181d4,relation/unit/bab-4-limit-dan-kompletisasi-grup/covers/surface/unit-034/terminology-row/037,urn:uuid:f2e99f76-1414-5767-acd3-fd9d94c67812,covers,urn:uuid:3e53d6b9-3b1b-53f5-a2d2-768ad1d887b7,
urn:uuid:f0b37e9b-9bdc-5f45-b55a-e49c9fac143c,relation/unit/bab-4-limit-dan-kompletisasi-grup/governed-by/rights/ajbook-fragment-cc-by-sa-3.0,urn:uuid:f2e99f76-1414-5767-acd3-fd9d94c67812,governed-by,urn:uuid:10faf5cd-990f-5850-87b4-26922b062485,
urn:uuid:3dc9e68e-8727-5e9c-a8d6-062cdc64fca9,relation/unit/bab-4-limit-dan-kompletisasi-grup/governed-by/rights/fandol-gpl-3.0-with-font-exception,urn:uuid:f2e99f76-1414-5767-acd3-fd9d94c67812,governed-by,urn:uuid:624ac6e0-0ed9-531c-8b35-47c040240806,
urn:uuid:dc1ace70-ff81-501c-9aeb-45468d0cdc83,relation/unit/bab-4-limit-dan-kompletisasi-grup/governed-by/rights/noto-fonts-ofl-1.1,urn:uuid:f2e99f76-1414-5767-acd3-fd9d94c67812,governed-by,urn:uuid:b9f7a7a7-8e18-507a-b72e-b5de733a7430,
urn:uuid:f8a7d74e-2789-5021-b5c0-464f3c58789b,relation/unit/bab-4-limit-dan-kompletisasi-grup/governed-by/rights/principal-cc-by-4.0,urn:uuid:f2e99f76-1414-5767-acd3-fd9d94c67812,governed-by,urn:uuid:0baf6c47-021d-5310-9475-81519e710250,
urn:uuid:1b1877f2-4da2-5c22-8488-066dde2104cf,relation/unit/bab-4-limit-dan-kompletisasi-grup/requires/prerequisite/basic-group-theory,urn:uuid:f2e99f76-1414-5767-acd3-fd9d94c67812,requires,urn:uuid:3f5dc8e0-0198-5016-b767-ded1b9ec3d13,prelude.tex:49-60
urn:uuid:5251a308-e121-5da1-be26-e30c2f4018db,relation/unit/bab-4-limit-dan-kompletisasi-grup/requires/prerequisite/basic-mathematical-literacy,urn:uuid:f2e99f76-1414-5767-acd3-fd9d94c67812,requires,urn:uuid:8fb6c957-7285-5258-978c-e1369c7e39d7,prelude.tex:49-60
urn:uuid:003de658-dd56-575b-bf11-f3cd70417a5d,relation/unit/bab-4-limit-dan-kompletisasi-grup/requires/prerequisite/categories-and-morphisms,urn:uuid:f2e99f76-1414-5767-acd3-fd9d94c67812,requires,urn:uuid:dd69ccfd-7399-53a2-83fe-84127b1baf1d,prelude.tex:49-60
urn:uuid:c6556919-90da-566c-85c6-f430daafbc5b,relation/unit/bab-4-limit-dan-kompletisasi-grup/requires/prerequisite/cauchy-sequences-and-completeness,urn:uuid:f2e99f76-1414-5767-acd3-fd9d94c67812,requires,urn:uuid:b9018862-5027-50f5-9947-a9a9526cc91f,prelude.tex:49-60
urn:uuid:6ff3dea5-bee1-57ab-b733-cec066caa582,relation/unit/bab-4-limit-dan-kompletisasi-grup/requires/prerequisite/elementary-set-theory,urn:uuid:f2e99f76-1414-5767-acd3-fd9d94c67812,requires,urn:uuid:00f7d0ea-1b60-51da-843f-cca760a368e4,prelude.tex:49-60
urn:uuid:f095eec9-61c5-5bf0-a319-137916de0bc9,relation/unit/bab-4-limit-dan-kompletisasi-grup/requires/prerequisite/functors-and-natural-transformations,urn:uuid:f2e99f76-1414-5767-acd3-fd9d94c67812,requires,urn:uuid:3e864ace-90f6-56b3-8ce5-2e0690dbc9f8,prelude.tex:49-60
urn:uuid:2bedb272-97e8-568c-9206-82cd8d203556,relation/unit/bab-4-limit-dan-kompletisasi-grup/requires/prerequisite/group-homomorphisms-kernels-and-quotients,urn:uuid:f2e99f76-1414-5767-acd3-fd9d94c67812,requires,urn:uuid:ecd787ee-f056-5200-91e7-f98b3d80d458,prelude.tex:49-60
urn:uuid:53c96daf-2535-59f1-b5bb-f45009d07a20,relation/unit/bab-4-limit-dan-kompletisasi-grup/requires/prerequisite/limits-and-colimits,urn:uuid:f2e99f76-1414-5767-acd3-fd9d94c67812,requires,urn:uuid:c0b1a30a-634a-5e76-98d3-49bde5a5821c,prelude.tex:49-60
urn:uuid:2b234a54-122e-58ae-aa7b-aaa39ae21400,relation/unit/bab-4-limit-dan-kompletisasi-grup/requires/prerequisite/point-set-topology,urn:uuid:f2e99f76-1414-5767-acd3-fd9d94c67812,requires,urn:uuid:6a61cd7e-28fe-5c64-9573-cf9ab46e5e96,prelude.tex:49-60
urn:uuid:6d06a270-2ff4-58d5-957a-0fbb174b75d7,relation/unit/bab-4-limit-dan-kompletisasi-grup/section/01/cites/citation/unit-034/01-fl14,urn:uuid:3f49a4a1-3db8-50ca-97a3-fd5ec0846161,cites,urn:uuid:b91761ac-2a05-556f-bfe5-80877bdd9e4f,chapter4.tex:1625
urn:uuid:7ec0fd62-57db-5dba-9684-5da04daaa653,relation/unit/bab-4-limit-dan-kompletisasi-grup/section/01/cites/citation/unit-034/02-xiong,urn:uuid:3f49a4a1-3db8-50ca-97a3-fd5ec0846161,cites,urn:uuid:bbff4157-44d9-5852-b321-02c1f5af5458,chapter4.tex:1658
urn:uuid:bb6e92b1-ddf6-5671-9204-62bdd24dbfb2,relation/unit/bab-4-limit-dan-kompletisasi-grup/section/01/covers/citation-locator-localization/o013-li-u034-citeloc-001,urn:uuid:3f49a4a1-3db8-50ca-97a3-fd5ec0846161,covers,urn:uuid:dfcae0c8-2d8b-5e8a-8717-0ca811c51071,chapter4.tex:1609-1744 (line 1744 blank boundary omitted from target mapping)
urn:uuid:25f2feb0-3d3f-5dfc-bc7d-97fd38eed890,relation/unit/bab-4-limit-dan-kompletisasi-grup/section/01/covers/citation-locator-localization/o013-li-u034-citeloc-002,urn:uuid:3f49a4a1-3db8-50ca-97a3-fd5ec0846161,covers,urn:uuid:2a606073-f778-5164-ac0c-2e376f20ffdc,chapter4.tex:1609-1744 (line 1744 blank boundary omitted from target mapping)
urn:uuid:e8ff3dc2-f678-5f93-b154-7f4e94ca8b17,relation/unit/bab-4-limit-dan-kompletisasi-grup/section/01/covers/citation-locator-localization/o013-li-u034-citeloc-003,urn:uuid:3f49a4a1-3db8-50ca-97a3-fd5ec0846161,covers,urn:uuid:2a3da160-0e38-5ff8-85c6-cdc093c66355,chapter4.tex:1609-1744 (line 1744 blank boundary omitted from target mapping)
urn:uuid:25c7f259-af4b-56e5-839a-2e623ec381b8,relation/unit/bab-4-limit-dan-kompletisasi-grup/section/01/covers/concept/cauchy-sequence,urn:uuid:3f49a4a1-3db8-50ca-97a3-fd5ec0846161,covers,urn:uuid:4ae3d2e5-f10a-5b8d-b7b3-f0987d379074,chapter4.tex:1609-1744 (line 1744 blank boundary omitted from target mapping)
urn:uuid:b17d1704-8648-599a-9476-2ced00cd2fb0,relation/unit/bab-4-limit-dan-kompletisasi-grup/section/01/covers/concept/closed-subgroup,urn:uuid:3f49a4a1-3db8-50ca-97a3-fd5ec0846161,covers,urn:uuid:18409ee2-907c-5973-9ec3-986d98911117,chapter4.tex:1609-1744 (line 1744 blank boundary omitted from target mapping)
urn:uuid:61a2d53e-f2b5-5fb4-a614-71ff7b2bbaef,relation/unit/bab-4-limit-dan-kompletisasi-grup/section/01/covers/concept/compact-space,urn:uuid:3f49a4a1-3db8-50ca-97a3-fd5ec0846161,covers,urn:uuid:9ff81683-2b90-5a42-b156-09892dc53596,chapter4.tex:1609-1744 (line 1744 blank boundary omitted from target mapping)
urn:uuid:bba274d0-fea6-5bde-b09b-c9460a147c92,relation/unit/bab-4-limit-dan-kompletisasi-grup/section/01/covers/concept/direct-limit,urn:uuid:3f49a4a1-3db8-50ca-97a3-fd5ec0846161,covers,urn:uuid:12143142-6a86-56d1-9a62-464e29543417,chapter4.tex:1609-1744 (line 1744 blank boundary omitted from target mapping)
urn:uuid:35e78fc7-3879-503f-bc42-339587bb893e,relation/unit/bab-4-limit-dan-kompletisasi-grup/section/01/covers/concept/discrete-topology,urn:uuid:3f49a4a1-3db8-50ca-97a3-fd5ec0846161,covers,urn:uuid:9696f963-02fc-523f-91aa-e42421a281cd,chapter4.tex:1609-1744 (line 1744 blank boundary omitted from target mapping)
urn:uuid:54178180-2212-57ef-b1c4-1a381be7ea00,relation/unit/bab-4-limit-dan-kompletisasi-grup/section/01/covers/concept/elliptic-curve,urn:uuid:3f49a4a1-3db8-50ca-97a3-fd5ec0846161,covers,urn:uuid:ae7764b7-8fac-5976-9a12-35efb477ea38,chapter4.tex:1609-1744 (line 1744 blank boundary omitted from target mapping)
urn:uuid:595d609e-77da-5f50-8a1f-0bf390de7d54,relation/unit/bab-4-limit-dan-kompletisasi-grup/section/01/covers/concept/filtered-poset,urn:uuid:3f49a4a1-3db8-50ca-97a3-fd5ec0846161,covers,urn:uuid:b929055e-9531-5fd2-a329-da0b97e6d1f2,chapter4.tex:1609-1744 (line 1744 blank boundary omitted from target mapping)
urn:uuid:6f68d1b9-1739-5589-9470-9c1a78c0b1fe,relation/unit/bab-4-limit-dan-kompletisasi-grup/section/01/covers/concept/group-completion,urn:uuid:3f49a4a1-3db8-50ca-97a3-fd5ec0846161,covers,urn:uuid:677355b9-77d3-553c-88ac-c6d06729ffba,chapter4.tex:1609-1744 (line 1744 blank boundary omitted from target mapping)
urn:uuid:a69c4e78-cba9-58e1-9ed3-0b45a208b973,relation/unit/bab-4-limit-dan-kompletisasi-grup/section/01/covers/concept/hausdorff-space,urn:uuid:3f49a4a1-3db8-50ca-97a3-fd5ec0846161,covers,urn:uuid:80ea655d-8d93-570c-85ec-c381569952b5,chapter4.tex:1609-1744 (line 1744 blank boundary omitted from target mapping)
urn:uuid:a5272d84-d2e5-5d9a-b605-1e96dc2c88f0,relation/unit/bab-4-limit-dan-kompletisasi-grup/section/01/covers/concept/homology,urn:uuid:3f49a4a1-3db8-50ca-97a3-fd5ec0846161,covers,urn:uuid:086ed591-c5a5-5298-b2c4-cfa221b92d52,chapter4.tex:1609-1744 (line 1744 blank boundary omitted from target mapping)
urn:uuid:d6cd164d-cd8c-51af-958c-75e5866a7d18,relation/unit/bab-4-limit-dan-kompletisasi-grup/section/01/covers/concept/inverse-limit,urn:uuid:3f49a4a1-3db8-50ca-97a3-fd5ec0846161,covers,urn:uuid:66d7bbee-1e39-5d19-a71a-1a7f415ec55e,chapter4.tex:1609-1744 (line 1744 blank boundary omitted from target mapping)
urn:uuid:a3d3ef94-7b70-58ef-a496-f604ddc20917,relation/unit/bab-4-limit-dan-kompletisasi-grup/section/01/covers/concept/neighborhood-basis,urn:uuid:3f49a4a1-3db8-50ca-97a3-fd5ec0846161,covers,urn:uuid:aa6bbd78-5d45-5ca4-a11f-e6c89c7765f2,chapter4.tex:1609-1744 (line 1744 blank boundary omitted from target mapping)
urn:uuid:c11ae9c7-fb2c-5d0c-aa29-f4bc3c6e9957,relation/unit/bab-4-limit-dan-kompletisasi-grup/section/01/covers/concept/open-subgroup,urn:uuid:3f49a4a1-3db8-50ca-97a3-fd5ec0846161,covers,urn:uuid:babe1b73-bba5-5415-b38e-7747cf0dd09f,chapter4.tex:1609-1744 (line 1744 blank boundary omitted from target mapping)
urn:uuid:ec0cc640-de2a-508f-a799-358987a35efe,relation/unit/bab-4-limit-dan-kompletisasi-grup/section/01/covers/concept/p-adic-additive-group,urn:uuid:3f49a4a1-3db8-50ca-97a3-fd5ec0846161,covers,urn:uuid:c36531da-4423-5507-827d-97c9080266ed,chapter4.tex:1609-1744 (line 1744 blank boundary omitted from target mapping)
urn:uuid:3e5e0a18-390c-5e29-aa2e-1079d8c3c6b3,relation/unit/bab-4-limit-dan-kompletisasi-grup/section/01/covers/concept/p-adic-integer,urn:uuid:3f49a4a1-3db8-50ca-97a3-fd5ec0846161,covers,urn:uuid:463541bd-bf0a-58db-bba7-702b5aa0d8a2,chapter4.tex:1609-1744 (line 1744 blank boundary omitted from target mapping)
urn:uuid:7462850b-017e-5625-824e-8bc9c921c8b8,relation/unit/bab-4-limit-dan-kompletisasi-grup/section/01/covers/concept/product-topology,urn:uuid:3f49a4a1-3db8-50ca-97a3-fd5ec0846161,covers,urn:uuid:5568e6e7-af23-5df6-b910-54b22640f4b4,chapter4.tex:1609-1744 (line 1744 blank boundary omitted from target mapping)
urn:uuid:9a5db909-6955-51ed-89a1-0ee2e1e589f0,relation/unit/bab-4-limit-dan-kompletisasi-grup/section/01/covers/concept/profinite-group,urn:uuid:3f49a4a1-3db8-50ca-97a3-fd5ec0846161,covers,urn:uuid:23b42715-6011-5425-b1f8-8100dafc4200,chapter4.tex:1609-1744 (line 1744 blank boundary omitted from target mapping)
urn:uuid:452fcf17-15c4-5e21-818f-1e01b2076d4f,relation/unit/bab-4-limit-dan-kompletisasi-grup/section/01/covers/concept/rational-tate-module,urn:uuid:3f49a4a1-3db8-50ca-97a3-fd5ec0846161,covers,urn:uuid:bfa25d0f-586b-52c2-b062-e857b0ba3ca3,chapter4.tex:1609-1744 (line 1744 blank boundary omitted from target mapping)
urn:uuid:aa8e2264-ad79-5215-99ff-f9a16a92b0a7,relation/unit/bab-4-limit-dan-kompletisasi-grup/section/01/covers/concept/tate-module,urn:uuid:3f49a4a1-3db8-50ca-97a3-fd5ec0846161,covers,urn:uuid:084d7907-5709-59ea-8a5b-60af49b72714,chapter4.tex:1609-1744 (line 1744 blank boundary omitted from target mapping)
urn:uuid:2c00be66-f656-59c2-9981-8b35ddd23daf,relation/unit/bab-4-limit-dan-kompletisasi-grup/section/01/covers/concept/topological-group,urn:uuid:3f49a4a1-3db8-50ca-97a3-fd5ec0846161,covers,urn:uuid:8f712a6f-e0d6-5af6-ae09-5d0d37b5e4e3,chapter4.tex:1609-1744 (line 1744 blank boundary omitted from target mapping)
urn:uuid:6ea5bf93-093d-5228-b9b1-33f2a76bfa10,relation/unit/bab-4-limit-dan-kompletisasi-grup/section/01/covers/concept/totally-disconnected-space,urn:uuid:3f49a4a1-3db8-50ca-97a3-fd5ec0846161,covers,urn:uuid:770c9f23-c628-5ebd-8da0-fa1f27229ab4,chapter4.tex:1609-1744 (line 1744 blank boundary omitted from target mapping)
urn:uuid:f724a390-7b93-584e-96cf-018983fc2873,relation/unit/bab-4-limit-dan-kompletisasi-grup/section/01/covers/concept/tychonoff-theorem,urn:uuid:3f49a4a1-3db8-50ca-97a3-fd5ec0846161,covers,urn:uuid:ba90eb5a-687d-5e00-a5bd-a275dc144418,chapter4.tex:1609-1744 (line 1744 blank boundary omitted from target mapping)
urn:uuid:7322b6df-dd83-5a39-a6f4-b1f327315969,relation/unit/bab-4-limit-dan-kompletisasi-grup/section/01/covers/correction/o013-li-u034-cor-001,urn:uuid:3f49a4a1-3db8-50ca-97a3-fd5ec0846161,covers,urn:uuid:38cdb720-b760-5fd8-a96b-89419255f142,chapter4.tex:1609-1744 (line 1744 blank boundary omitted from target mapping)
urn:uuid:5a1ad0cc-308c-59e2-96f3-053b803a3150,relation/unit/bab-4-limit-dan-kompletisasi-grup/section/01/covers/digital-reflow/o013-li-u034-reflow-001,urn:uuid:3f49a4a1-3db8-50ca-97a3-fd5ec0846161,covers,urn:uuid:2ed9ba5e-5c93-52f2-9c30-24fb4f2a721e,chapter4.tex:1609-1744 (line 1744 blank boundary omitted from target mapping)
urn:uuid:bea6110c-d879-5f66-858d-02ca8da70212,relation/unit/bab-4-limit-dan-kompletisasi-grup/section/01/covers/protected-text-localization/o013-li-u034-loc-001,urn:uuid:3f49a4a1-3db8-50ca-97a3-fd5ec0846161,covers,urn:uuid:7a497b15-5a2b-598b-a1a8-c7a78f10cc07,chapter4.tex:1609-1744 (line 1744 blank boundary omitted from target mapping)
urn:uuid:2a54e190-f4db-575a-ac2c-24a6a1506cc9,relation/unit/bab-4-limit-dan-kompletisasi-grup/section/01/covers/protected-text-localization/o013-li-u034-loc-002,urn:uuid:3f49a4a1-3db8-50ca-97a3-fd5ec0846161,covers,urn:uuid:e492c0c0-867a-50a8-8f46-047103aebc3c,chapter4.tex:1609-1744 (line 1744 blank boundary omitted from target mapping)
urn:uuid:c232f4ce-f1c0-565e-8b3f-a173e89c17bc,relation/unit/bab-4-limit-dan-kompletisasi-grup/section/01/covers/protected-text-localization/o013-li-u034-loc-003,urn:uuid:3f49a4a1-3db8-50ca-97a3-fd5ec0846161,covers,urn:uuid:d3993397-3b35-5fc9-8c39-c15ac9573f68,chapter4.tex:1609-1744 (line 1744 blank boundary omitted from target mapping)
urn:uuid:3d4b3b79-5e5b-57ca-8eb0-aff8cfd03bc9,relation/unit/bab-4-limit-dan-kompletisasi-grup/section/01/covers/protected-text-localization/o013-li-u034-loc-004,urn:uuid:3f49a4a1-3db8-50ca-97a3-fd5ec0846161,covers,urn:uuid:504c82ad-b837-58b9-9173-931d046149d2,chapter4.tex:1609-1744 (line 1744 blank boundary omitted from target mapping)
urn:uuid:689dbcad-731f-5a26-8a95-1a2341a261d1,relation/unit/bab-4-limit-dan-kompletisasi-grup/section/01/covers/protected-text-localization/o013-li-u034-loc-005,urn:uuid:3f49a4a1-3db8-50ca-97a3-fd5ec0846161,covers,urn:uuid:0bb172fd-19a3-50cc-8095-4f423ff055a7,chapter4.tex:1609-1744 (line 1744 blank boundary omitted from target mapping)
urn:uuid:0c460209-b839-5ea6-bcd0-e9e7456dadde,relation/unit/bab-4-limit-dan-kompletisasi-grup/section/01/covers/protected-text-localization/o013-li-u034-loc-006,urn:uuid:3f49a4a1-3db8-50ca-97a3-fd5ec0846161,covers,urn:uuid:0255aade-7498-540f-a544-d0c9135be739,chapter4.tex:1609-1744 (line 1744 blank boundary omitted from target mapping)
urn:uuid:09f26d4a-ab0d-59fb-8652-cf0cb4e54abe,relation/unit/bab-4-limit-dan-kompletisasi-grup/section/01/covers/protected-text-localization/o013-li-u034-loc-007,urn:uuid:3f49a4a1-3db8-50ca-97a3-fd5ec0846161,covers,urn:uuid:e313f420-2684-5286-aa23-0fed7e814a6e,chapter4.tex:1609-1744 (line 1744 blank boundary omitted from target mapping)
urn:uuid:1b9d98c5-450c-5dcf-9351-99e2fb64d476,relation/unit/bab-4-limit-dan-kompletisasi-grup/section/01/covers/protected-text-localization/o013-li-u034-loc-008,urn:uuid:3f49a4a1-3db8-50ca-97a3-fd5ec0846161,covers,urn:uuid:7d85303f-8f94-5ef8-abda-03e7316e3130,chapter4.tex:1609-1744 (line 1744 blank boundary omitted from target mapping)
urn:uuid:bd0a62f4-f581-5c8f-b13c-cd0cf4330b7a,relation/unit/bab-4-limit-dan-kompletisasi-grup/section/01/covers/protected-text-localization/o013-li-u034-loc-009,urn:uuid:3f49a4a1-3db8-50ca-97a3-fd5ec0846161,covers,urn:uuid:4a64b24f-fed5-55ef-b502-a273a331a814,chapter4.tex:1609-1744 (line 1744 blank boundary omitted from target mapping)
urn:uuid:e6a0fac6-504e-5229-89e4-0a8dbfe42674,relation/unit/bab-4-limit-dan-kompletisasi-grup/section/01/covers/provenance/o013-li-u034-production,urn:uuid:3f49a4a1-3db8-50ca-97a3-fd5ec0846161,covers,urn:uuid:22581715-e5d2-513f-99be-52626e3fd08f,chapter4.tex:1609-1744 (line 1744 blank boundary omitted from target mapping)
urn:uuid:62636d73-6fe8-5e27-ae27-6498e94d0b86,relation/unit/bab-4-limit-dan-kompletisasi-grup/section/01/covers/surface/unit-034/diagram-arrow/001,urn:uuid:3f49a4a1-3db8-50ca-97a3-fd5ec0846161,covers,urn:uuid:4d2e7994-5caa-5f1d-b594-7e3dfe312265,chapter4.tex:1609-1744 (line 1744 blank boundary omitted from target mapping)
urn:uuid:345ece29-29db-5a64-befc-1730c42950c3,relation/unit/bab-4-limit-dan-kompletisasi-grup/section/01/covers/surface/unit-034/diagram-arrow/002,urn:uuid:3f49a4a1-3db8-50ca-97a3-fd5ec0846161,covers,urn:uuid:1400b7ae-4cd7-56da-b750-9a76573cb1de,chapter4.tex:1609-1744 (line 1744 blank boundary omitted from target mapping)
urn:uuid:c764bfb2-ceb9-566f-8df8-a95f869a08bb,relation/unit/bab-4-limit-dan-kompletisasi-grup/section/01/covers/surface/unit-034/diagram-arrow/003,urn:uuid:3f49a4a1-3db8-50ca-97a3-fd5ec0846161,covers,urn:uuid:d6587082-0829-58b2-b3e2-9a51f5dc488f,chapter4.tex:1609-1744 (line 1744 blank boundary omitted from target mapping)
urn:uuid:bb077390-f77b-56c1-afcc-b7acefb27a8d,relation/unit/bab-4-limit-dan-kompletisasi-grup/section/01/covers/surface/unit-034/diagram-arrow/004,urn:uuid:3f49a4a1-3db8-50ca-97a3-fd5ec0846161,covers,urn:uuid:1f6c2ecd-e903-5366-aa4b-e9b46cabc8a1,chapter4.tex:1609-1744 (line 1744 blank boundary omitted from target mapping)
urn:uuid:7ce7900a-a0e7-5c99-8f66-6d2e3b523095,relation/unit/bab-4-limit-dan-kompletisasi-grup/section/01/covers/surface/unit-034/diagram-arrow/005,urn:uuid:3f49a4a1-3db8-50ca-97a3-fd5ec0846161,covers,urn:uuid:8edc88b1-0457-5d1a-9dda-87ef8e286772,chapter4.tex:1609-1744 (line 1744 blank boundary omitted from target mapping)
urn:uuid:84e7e56d-10a0-51f4-a12e-32111fb7177d,relation/unit/bab-4-limit-dan-kompletisasi-grup/section/01/covers/surface/unit-034/diagram-arrow/006,urn:uuid:3f49a4a1-3db8-50ca-97a3-fd5ec0846161,covers,urn:uuid:fd8d4f48-4cca-5a3a-aeb6-70b14e49c5ed,chapter4.tex:1609-1744 (line 1744 blank boundary omitted from target mapping)
urn:uuid:b44748a4-1207-5c2b-9ae6-49040e9b9c35,relation/unit/bab-4-limit-dan-kompletisasi-grup/section/01/covers/surface/unit-034/diagram-arrow/007,urn:uuid:3f49a4a1-3db8-50ca-97a3-fd5ec0846161,covers,urn:uuid:7efe5abe-b73c-5633-bc99-4677f409681e,chapter4.tex:1609-1744 (line 1744 blank boundary omitted from target mapping)
urn:uuid:ed4bce7f-2a5b-58b0-8982-d085b56ff784,relation/unit/bab-4-limit-dan-kompletisasi-grup/section/01/covers/surface/unit-034/diagram-arrow/008,urn:uuid:3f49a4a1-3db8-50ca-97a3-fd5ec0846161,covers,urn:uuid:f1126dea-c47d-5901-9b7f-9a51335d5176,chapter4.tex:1609-1744 (line 1744 blank boundary omitted from target mapping)
urn:uuid:914e2f20-6b2d-5837-b3aa-7d0577e7e85b,relation/unit/bab-4-limit-dan-kompletisasi-grup/section/01/covers/surface/unit-034/diagram-arrow/009,urn:uuid:3f49a4a1-3db8-50ca-97a3-fd5ec0846161,covers,urn:uuid:7f3f7c98-929b-5a3e-a887-b32180ebb656,chapter4.tex:1609-1744 (line 1744 blank boundary omitted from target mapping)
urn:uuid:c83ee889-6144-56b0-92fd-e33a3e136ccf,relation/unit/bab-4-limit-dan-kompletisasi-grup/section/01/covers/surface/unit-034/diagram-arrow/010,urn:uuid:3f49a4a1-3db8-50ca-97a3-fd5ec0846161,covers,urn:uuid:85144a65-8a76-547e-beba-554403e9f934,chapter4.tex:1609-1744 (line 1744 blank boundary omitted from target mapping)
urn:uuid:629a3a39-fe9b-5955-8141-0748e21f7b2b,relation/unit/bab-4-limit-dan-kompletisasi-grup/section/01/covers/surface/unit-034/diagram-arrow/011,urn:uuid:3f49a4a1-3db8-50ca-97a3-fd5ec0846161,covers,urn:uuid:8a3db2ae-cad9-5422-96be-cd24652540d4,chapter4.tex:1609-1744 (line 1744 blank boundary omitted from target mapping)
urn:uuid:eaa11865-88a4-5495-aa6a-f249ca13985c,relation/unit/bab-4-limit-dan-kompletisasi-grup/section/01/covers/surface/unit-034/diagram-arrow/012,urn:uuid:3f49a4a1-3db8-50ca-97a3-fd5ec0846161,covers,urn:uuid:d91f880b-0910-5b48-b95a-3dcb7ec42d74,chapter4.tex:1609-1744 (line 1744 blank boundary omitted from target mapping)
urn:uuid:0f5621ca-326e-5b5e-b702-e5688196acaf,relation/unit/bab-4-limit-dan-kompletisasi-grup/section/01/covers/surface/unit-034/environment/001-compactitem-01,urn:uuid:3f49a4a1-3db8-50ca-97a3-fd5ec0846161,covers,urn:uuid:83a9dcaa-5151-5c3c-bf90-335a00271885,chapter4.tex:1609-1744 (line 1744 blank boundary omitted from target mapping)
urn:uuid:7d863134-5b8b-5de5-9264-e501fc9c272c,relation/unit/bab-4-limit-dan-kompletisasi-grup/section/01/covers/surface/unit-034/environment/002-definition-01,urn:uuid:3f49a4a1-3db8-50ca-97a3-fd5ec0846161,covers,urn:uuid:db55c94d-f60f-5eab-a7d8-491eb7573801,chapter4.tex:1609-1744 (line 1744 blank boundary omitted from target mapping)
urn:uuid:56b5a3a2-8dea-55ef-b9fd-a23a94da3372,relation/unit/bab-4-limit-dan-kompletisasi-grup/section/01/covers/surface/unit-034/environment/003-lemma-01,urn:uuid:3f49a4a1-3db8-50ca-97a3-fd5ec0846161,covers,urn:uuid:14561f6b-12c2-5dd7-9974-f1e58324c940,chapter4.tex:1609-1744 (line 1744 blank boundary omitted from target mapping)
urn:uuid:f5022021-b92b-5aa1-938f-88b8b648c02b,relation/unit/bab-4-limit-dan-kompletisasi-grup/section/01/covers/surface/unit-034/environment/004-equation-01,urn:uuid:3f49a4a1-3db8-50ca-97a3-fd5ec0846161,covers,urn:uuid:929e43ee-3c08-5542-81d4-c7b505d81137,chapter4.tex:1609-1744 (line 1744 blank boundary omitted from target mapping)
urn:uuid:39e176b3-88c3-576b-9bc5-9fcdff73bde4,relation/unit/bab-4-limit-dan-kompletisasi-grup/section/01/covers/surface/unit-034/environment/005-proof-01,urn:uuid:3f49a4a1-3db8-50ca-97a3-fd5ec0846161,covers,urn:uuid:2f023cb8-2d4e-5c84-9d69-9157bed407fe,chapter4.tex:1609-1744 (line 1744 blank boundary omitted from target mapping)
urn:uuid:923f0d29-9498-55ed-8426-07ae80e37fae,relation/unit/bab-4-limit-dan-kompletisasi-grup/section/01/covers/surface/unit-034/environment/006-equation-01,urn:uuid:3f49a4a1-3db8-50ca-97a3-fd5ec0846161,covers,urn:uuid:e59b671c-a5f5-5abb-b8c0-ab3cad215535,chapter4.tex:1609-1744 (line 1744 blank boundary omitted from target mapping)
urn:uuid:bf5c5b51-8a77-5bc2-bd61-9ad2c5efeb59,relation/unit/bab-4-limit-dan-kompletisasi-grup/section/01/covers/surface/unit-034/environment/007-aligned-01,urn:uuid:3f49a4a1-3db8-50ca-97a3-fd5ec0846161,covers,urn:uuid:b437abe7-10bf-5e23-9fc7-06ba700a9c56,chapter4.tex:1609-1744 (line 1744 blank boundary omitted from target mapping)
urn:uuid:0a457442-540e-5725-b29d-a6b8abcf836a,relation/unit/bab-4-limit-dan-kompletisasi-grup/section/01/covers/surface/unit-034/environment/008-lemma-02,urn:uuid:3f49a4a1-3db8-50ca-97a3-fd5ec0846161,covers,urn:uuid:d5b289fb-d1b6-52f9-8da6-b03890ef648f,chapter4.tex:1609-1744 (line 1744 blank boundary omitted from target mapping)
urn:uuid:cb7ab6e4-3214-5e81-80ac-c5b262330c14,relation/unit/bab-4-limit-dan-kompletisasi-grup/section/01/covers/surface/unit-034/environment/009-proof-02,urn:uuid:3f49a4a1-3db8-50ca-97a3-fd5ec0846161,covers,urn:uuid:3b683c4f-91ab-5445-8d8d-ed000d37ea69,chapter4.tex:1609-1744 (line 1744 blank boundary omitted from target mapping)
urn:uuid:da0facd1-50ea-5da7-a3c7-2b6557216b06,relation/unit/bab-4-limit-dan-kompletisasi-grup/section/01/covers/surface/unit-034/environment/010-lemma-03,urn:uuid:3f49a4a1-3db8-50ca-97a3-fd5ec0846161,covers,urn:uuid:73f09351-b652-5780-8449-6314aee16e36,chapter4.tex:1609-1744 (line 1744 blank boundary omitted from target mapping)
urn:uuid:df06443f-e9e1-5fc3-b66b-94691202a6cf,relation/unit/bab-4-limit-dan-kompletisasi-grup/section/01/covers/surface/unit-034/environment/011-proof-03,urn:uuid:3f49a4a1-3db8-50ca-97a3-fd5ec0846161,covers,urn:uuid:e16f3d38-fb6c-5493-b833-197c262f27a5,chapter4.tex:1609-1744 (line 1744 blank boundary omitted from target mapping)
urn:uuid:a1a8b44f-32d6-5b17-84e9-44d9ac967f63,relation/unit/bab-4-limit-dan-kompletisasi-grup/section/01/covers/surface/unit-034/environment/012-definition-02,urn:uuid:3f49a4a1-3db8-50ca-97a3-fd5ec0846161,covers,urn:uuid:790db88f-20fe-552c-ba0b-330b5cf4eda5,chapter4.tex:1609-1744 (line 1744 blank boundary omitted from target mapping)
urn:uuid:aa92ab68-d22a-5dcc-a3d8-746eba398e4b,relation/unit/bab-4-limit-dan-kompletisasi-grup/section/01/covers/surface/unit-034/environment/013-theorem-01,urn:uuid:3f49a4a1-3db8-50ca-97a3-fd5ec0846161,covers,urn:uuid:1433dc9c-b65a-5dec-b760-0fdcdeba0518,chapter4.tex:1609-1744 (line 1744 blank boundary omitted from target mapping)
urn:uuid:2457b4e3-6151-5a59-9b0e-302ec7d740ba,relation/unit/bab-4-limit-dan-kompletisasi-grup/section/01/covers/surface/unit-034/environment/014-proof-04,urn:uuid:3f49a4a1-3db8-50ca-97a3-fd5ec0846161,covers,urn:uuid:eed84f1c-9e85-56d5-8faa-591d9982fbd8,chapter4.tex:1609-1744 (line 1744 blank boundary omitted from target mapping)
urn:uuid:c45f07fa-b0e3-5ae4-9b15-cc176ddfac68,relation/unit/bab-4-limit-dan-kompletisasi-grup/section/01/covers/surface/unit-034/environment/015-remark-01,urn:uuid:3f49a4a1-3db8-50ca-97a3-fd5ec0846161,covers,urn:uuid:5ea20479-647a-5f24-941a-ebfd65fcc826,chapter4.tex:1609-1744 (line 1744 blank boundary omitted from target mapping)
urn:uuid:33a7b6a0-dc5f-5b5f-8044-0300c5f7c48c,relation/unit/bab-4-limit-dan-kompletisasi-grup/section/01/covers/surface/unit-034/environment/016-definition-03,urn:uuid:3f49a4a1-3db8-50ca-97a3-fd5ec0846161,covers,urn:uuid:5055aec1-20c7-5d81-adbc-0acc7f9fa76e,chapter4.tex:1609-1744 (line 1744 blank boundary omitted from target mapping)
urn:uuid:97f26700-d86d-5f21-ba2e-6e2f2e09f2cc,relation/unit/bab-4-limit-dan-kompletisasi-grup/section/01/covers/surface/unit-034/environment/017-definition-04,urn:uuid:3f49a4a1-3db8-50ca-97a3-fd5ec0846161,covers,urn:uuid:ea48807a-9b3c-5dc7-8ee4-d8001d8fae59,chapter4.tex:1609-1744 (line 1744 blank boundary omitted from target mapping)
urn:uuid:936394c6-5916-5077-a350-71144c73a92f,relation/unit/bab-4-limit-dan-kompletisasi-grup/section/01/covers/surface/unit-034/environment/018-enumerate-01,urn:uuid:3f49a4a1-3db8-50ca-97a3-fd5ec0846161,covers,urn:uuid:d6d823f0-acef-5057-8948-c9f223d1642c,chapter4.tex:1609-1744 (line 1744 blank boundary omitted from target mapping)
urn:uuid:b2c4a943-452e-5640-a329-72b54cdbd633,relation/unit/bab-4-limit-dan-kompletisasi-grup/section/01/covers/surface/unit-034/environment/019-theorem-02,urn:uuid:3f49a4a1-3db8-50ca-97a3-fd5ec0846161,covers,urn:uuid:44891fd8-643c-50b9-bab5-5a449035c7d8,chapter4.tex:1609-1744 (line 1744 blank boundary omitted from target mapping)
urn:uuid:63928305-b027-50c1-8242-2e48ad1be4fc,relation/unit/bab-4-limit-dan-kompletisasi-grup/section/01/covers/surface/unit-034/environment/020-proof-05,urn:uuid:3f49a4a1-3db8-50ca-97a3-fd5ec0846161,covers,urn:uuid:9bdc5ab7-cd4e-55ed-a355-868469dc3584,chapter4.tex:1609-1744 (line 1744 blank boundary omitted from target mapping)
urn:uuid:d203388a-2165-5a75-9587-58c4a532e9b9,relation/unit/bab-4-limit-dan-kompletisasi-grup/section/01/covers/surface/unit-034/environment/021-remark-02,urn:uuid:3f49a4a1-3db8-50ca-97a3-fd5ec0846161,covers,urn:uuid:14f0120f-a432-525a-bc5f-4104d12b3f85,chapter4.tex:1609-1744 (line 1744 blank boundary omitted from target mapping)
urn:uuid:58d6726c-2b8e-541a-8dcd-5f9db8d4610d,relation/unit/bab-4-limit-dan-kompletisasi-grup/section/01/covers/surface/unit-034/environment/022-example-01,urn:uuid:3f49a4a1-3db8-50ca-97a3-fd5ec0846161,covers,urn:uuid:b4363eb6-410e-5966-8add-b06ec0b851b1,chapter4.tex:1609-1744 (line 1744 blank boundary omitted from target mapping)
urn:uuid:1003cdc1-dc32-5e60-b2c8-c27783e1c2a7,relation/unit/bab-4-limit-dan-kompletisasi-grup/section/01/covers/surface/unit-034/environment/023-example-02,urn:uuid:3f49a4a1-3db8-50ca-97a3-fd5ec0846161,covers,urn:uuid:61a31d14-e1ec-5953-9c06-8406ef820cf2,chapter4.tex:1609-1744 (line 1744 blank boundary omitted from target mapping)
urn:uuid:b0ec3737-87c9-5943-a8a2-a9fb3dc06418,relation/unit/bab-4-limit-dan-kompletisasi-grup/section/01/covers/surface/unit-034/environment/024-align-01,urn:uuid:3f49a4a1-3db8-50ca-97a3-fd5ec0846161,covers,urn:uuid:c89ec24b-461b-5ec5-aa69-9e8404b70939,chapter4.tex:1609-1744 (line 1744 blank boundary omitted from target mapping)
urn:uuid:101488b1-2fe7-55c9-8201-d07accd67198,relation/unit/bab-4-limit-dan-kompletisasi-grup/section/01/covers/surface/unit-034/environment/025-tikzcd-01,urn:uuid:3f49a4a1-3db8-50ca-97a3-fd5ec0846161,covers,urn:uuid:592623bf-e880-5f2b-ab16-d2b874fc5335,chapter4.tex:1609-1744 (line 1744 blank boundary omitted from target mapping)
urn:uuid:c213015c-4463-583f-82b3-42b4a3bf48e8,relation/unit/bab-4-limit-dan-kompletisasi-grup/section/01/covers/surface/unit-034/item/001,urn:uuid:3f49a4a1-3db8-50ca-97a3-fd5ec0846161,covers,urn:uuid:d39606d6-ef89-5704-b095-84dab0a88f79,chapter4.tex:1609-1744 (line 1744 blank boundary omitted from target mapping)
urn:uuid:9ae8c54a-ce39-5d0b-99c2-e15b2710b870,relation/unit/bab-4-limit-dan-kompletisasi-grup/section/01/covers/surface/unit-034/item/002,urn:uuid:3f49a4a1-3db8-50ca-97a3-fd5ec0846161,covers,urn:uuid:9151b103-dfd6-5719-b2dc-7b5c93b83007,chapter4.tex:1609-1744 (line 1744 blank boundary omitted from target mapping)
urn:uuid:2162a12f-6206-5d63-8ace-20dbd3bf3072,relation/unit/bab-4-limit-dan-kompletisasi-grup/section/01/covers/surface/unit-034/item/003,urn:uuid:3f49a4a1-3db8-50ca-97a3-fd5ec0846161,covers,urn:uuid:475330eb-5c52-58fa-90bf-599c19dd6309,chapter4.tex:1609-1744 (line 1744 blank boundary omitted from target mapping)
urn:uuid:5d79ffd2-96c6-5db9-811d-1dc4491295ff,relation/unit/bab-4-limit-dan-kompletisasi-grup/section/01/covers/surface/unit-034/item/004,urn:uuid:3f49a4a1-3db8-50ca-97a3-fd5ec0846161,covers,urn:uuid:5c0793ea-b5a7-5283-8c15-dcb6802bdb6c,chapter4.tex:1609-1744 (line 1744 blank boundary omitted from target mapping)
urn:uuid:9f585f4d-2fde-5b20-8c37-5312cbdf3528,relation/unit/bab-4-limit-dan-kompletisasi-grup/section/01/covers/surface/unit-034/item/005,urn:uuid:3f49a4a1-3db8-50ca-97a3-fd5ec0846161,covers,urn:uuid:222922e4-bb6f-5f52-9e57-c29c5ac93b64,chapter4.tex:1609-1744 (line 1744 blank boundary omitted from target mapping)
urn:uuid:db446ef5-0cee-527b-95d4-733c0cc1f0ad,relation/unit/bab-4-limit-dan-kompletisasi-grup/section/01/covers/surface/unit-034/label/001,urn:uuid:3f49a4a1-3db8-50ca-97a3-fd5ec0846161,covers,urn:uuid:5b0cbee6-ec02-58c4-9081-3242384a6aef,chapter4.tex:1609-1744 (line 1744 blank boundary omitted from target mapping)
urn:uuid:9742e54b-ab2c-5b4f-8b33-8c9a5ffc38f8,relation/unit/bab-4-limit-dan-kompletisasi-grup/section/01/covers/surface/unit-034/label/002,urn:uuid:3f49a4a1-3db8-50ca-97a3-fd5ec0846161,covers,urn:uuid:1c392535-8b25-53db-859c-16c41b2537ec,chapter4.tex:1609-1744 (line 1744 blank boundary omitted from target mapping)
urn:uuid:8d2a2915-97e7-59a0-9a17-54db8d6ab090,relation/unit/bab-4-limit-dan-kompletisasi-grup/section/01/covers/surface/unit-034/label/003,urn:uuid:3f49a4a1-3db8-50ca-97a3-fd5ec0846161,covers,urn:uuid:14072c82-4a57-50bb-96a0-78ccf0119ff6,chapter4.tex:1609-1744 (line 1744 blank boundary omitted from target mapping)
urn:uuid:a1b8137c-1c7f-5b0f-a972-e9858ab27a5a,relation/unit/bab-4-limit-dan-kompletisasi-grup/section/01/covers/surface/unit-034/label/004,urn:uuid:3f49a4a1-3db8-50ca-97a3-fd5ec0846161,covers,urn:uuid:a756fa84-9b4b-5d40-aac6-adb66e0a78a6,chapter4.tex:1609-1744 (line 1744 blank boundary omitted from target mapping)
urn:uuid:f9b4e958-a657-5e5e-91b1-1424a67b7682,relation/unit/bab-4-limit-dan-kompletisasi-grup/section/01/covers/surface/unit-034/label/005,urn:uuid:3f49a4a1-3db8-50ca-97a3-fd5ec0846161,covers,urn:uuid:bafba05f-3dcc-584a-ae05-1f40e2742fe9,chapter4.tex:1609-1744 (line 1744 blank boundary omitted from target mapping)
urn:uuid:78b8d4ba-8d74-55c4-aa23-0e8fd4a3579b,relation/unit/bab-4-limit-dan-kompletisasi-grup/section/01/covers/surface/unit-034/label/006,urn:uuid:3f49a4a1-3db8-50ca-97a3-fd5ec0846161,covers,urn:uuid:58af679b-2d2a-5671-a0bb-1a3d4a28f22e,chapter4.tex:1609-1744 (line 1744 blank boundary omitted from target mapping)
urn:uuid:80e45a62-ea8a-5bce-b8e5-71f0d67e4751,relation/unit/bab-4-limit-dan-kompletisasi-grup/section/01/covers/surface/unit-034/label/007,urn:uuid:3f49a4a1-3db8-50ca-97a3-fd5ec0846161,covers,urn:uuid:3a7bad48-a4ba-59b2-875b-8f78b079b685,chapter4.tex:1609-1744 (line 1744 blank boundary omitted from target mapping)
urn:uuid:42900acd-3dcc-5fee-9452-19fc80fba637,relation/unit/bab-4-limit-dan-kompletisasi-grup/section/01/covers/surface/unit-034/label/008,urn:uuid:3f49a4a1-3db8-50ca-97a3-fd5ec0846161,covers,urn:uuid:0b8a306d-7ac2-53f2-b58d-4bebbb43f4cc,chapter4.tex:1609-1744 (line 1744 blank boundary omitted from target mapping)
urn:uuid:4150dfda-1577-5b35-b52e-9e6d44cfa492,relation/unit/bab-4-limit-dan-kompletisasi-grup/section/01/covers/surface/unit-034/label/009,urn:uuid:3f49a4a1-3db8-50ca-97a3-fd5ec0846161,covers,urn:uuid:145d1007-28b8-5a53-8081-f909361d16a6,chapter4.tex:1609-1744 (line 1744 blank boundary omitted from target mapping)
urn:uuid:e468ccc1-2219-5628-b10f-b0a1c32f904d,relation/unit/bab-4-limit-dan-kompletisasi-grup/section/01/covers/surface/unit-034/label/010,urn:uuid:3f49a4a1-3db8-50ca-97a3-fd5ec0846161,covers,urn:uuid:93987224-3779-5570-9ed1-8b540791e58c,chapter4.tex:1609-1744 (line 1744 blank boundary omitted from target mapping)
urn:uuid:dd7eb32b-2d33-58e5-ae7a-e6780de11732,relation/unit/bab-4-limit-dan-kompletisasi-grup/section/01/covers/surface/unit-034/label/011,urn:uuid:3f49a4a1-3db8-50ca-97a3-fd5ec0846161,covers,urn:uuid:7bf4eaf9-e5a5-59c6-81f5-5a4dc962f9ce,chapter4.tex:1609-1744 (line 1744 blank boundary omitted from target mapping)
urn:uuid:c2e9446a-b5d8-5f85-8199-9aa8c64912ab,relation/unit/bab-4-limit-dan-kompletisasi-grup/section/01/covers/surface/unit-034/protected-math-zone/001-inline,urn:uuid:3f49a4a1-3db8-50ca-97a3-fd5ec0846161,covers,urn:uuid:4fabd8d6-6446-5c75-9464-733ba32e6606,chapter4.tex:1609-1744 (line 1744 blank boundary omitted from target mapping)
urn:uuid:f6a8c6fd-592a-523d-ba80-cfae8a99b704,relation/unit/bab-4-limit-dan-kompletisasi-grup/section/01/covers/surface/unit-034/protected-math-zone/002-inline,urn:uuid:3f49a4a1-3db8-50ca-97a3-fd5ec0846161,covers,urn:uuid:47e74b9d-d49c-5bac-a871-4a3ed035a0c8,chapter4.tex:1609-1744 (line 1744 blank boundary omitted from target mapping)
urn:uuid:27c38b59-4c09-5fc0-b8d2-2f74f5cda2ee,relation/unit/bab-4-limit-dan-kompletisasi-grup/section/01/covers/surface/unit-034/protected-math-zone/003-inline,urn:uuid:3f49a4a1-3db8-50ca-97a3-fd5ec0846161,covers,urn:uuid:74302570-848d-57df-93ff-28cca41c09f8,chapter4.tex:1609-1744 (line 1744 blank boundary omitted from target mapping)
urn:uuid:98db70a1-b148-5d91-802f-26c2cd704500,relation/unit/bab-4-limit-dan-kompletisasi-grup/section/01/covers/surface/unit-034/protected-math-zone/004-inline,urn:uuid:3f49a4a1-3db8-50ca-97a3-fd5ec0846161,covers,urn:uuid:acb1f2cf-72a0-5490-b8a8-f8fe6d232809,chapter4.tex:1609-1744 (line 1744 blank boundary omitted from target mapping)
urn:uuid:d1b0341e-06de-5f35-870c-f1206d134a3d,relation/unit/bab-4-limit-dan-kompletisasi-grup/section/01/covers/surface/unit-034/protected-math-zone/005-inline,urn:uuid:3f49a4a1-3db8-50ca-97a3-fd5ec0846161,covers,urn:uuid:e3744c5f-7d61-52a1-bb6c-0a3ac17ef538,chapter4.tex:1609-1744 (line 1744 blank boundary omitted from target mapping)
urn:uuid:2b3b6329-434c-548e-8532-c0f2d9556254,relation/unit/bab-4-limit-dan-kompletisasi-grup/section/01/covers/surface/unit-034/protected-math-zone/006-inline,urn:uuid:3f49a4a1-3db8-50ca-97a3-fd5ec0846161,covers,urn:uuid:2d8b4680-0183-585a-939c-74ccc744dfbf,chapter4.tex:1609-1744 (line 1744 blank boundary omitted from target mapping)
urn:uuid:db615a9f-7a91-5730-8686-eb2e9153c007,relation/unit/bab-4-limit-dan-kompletisasi-grup/section/01/covers/surface/unit-034/protected-math-zone/007-inline,urn:uuid:3f49a4a1-3db8-50ca-97a3-fd5ec0846161,covers,urn:uuid:60820067-e907-5fca-a981-8602c86b93e3,chapter4.tex:1609-1744 (line 1744 blank boundary omitted from target mapping)
urn:uuid:43afc721-ef68-5bbb-8438-a6c7ed3d14a3,relation/unit/bab-4-limit-dan-kompletisasi-grup/section/01/covers/surface/unit-034/protected-math-zone/008-inline,urn:uuid:3f49a4a1-3db8-50ca-97a3-fd5ec0846161,covers,urn:uuid:936d169c-011e-5a25-9bd1-25920eae2d7f,chapter4.tex:1609-1744 (line 1744 blank boundary omitted from target mapping)
urn:uuid:4a29474b-bb61-5864-ae1b-88dc4dd2a1de,relation/unit/bab-4-limit-dan-kompletisasi-grup/section/01/covers/surface/unit-034/protected-math-zone/009-inline,urn:uuid:3f49a4a1-3db8-50ca-97a3-fd5ec0846161,covers,urn:uuid:a7f81854-4d24-5337-81e5-019179f0c69f,chapter4.tex:1609-1744 (line 1744 blank boundary omitted from target mapping)
urn:uuid:f2eaca9f-1535-59f9-af78-f30a748e3a2c,relation/unit/bab-4-limit-dan-kompletisasi-grup/section/01/covers/surface/unit-034/protected-math-zone/010-inline,urn:uuid:3f49a4a1-3db8-50ca-97a3-fd5ec0846161,covers,urn:uuid:4b1cb4a0-1652-5c26-94c7-61d435baa402,chapter4.tex:1609-1744 (line 1744 blank boundary omitted from target mapping)
urn:uuid:52eeda04-0c01-5627-8f98-d5a6309edad4,relation/unit/bab-4-limit-dan-kompletisasi-grup/section/01/covers/surface/unit-034/protected-math-zone/011-inline,urn:uuid:3f49a4a1-3db8-50ca-97a3-fd5ec0846161,covers,urn:uuid:3e46daac-d257-52a9-b023-29fb5c8492ca,chapter4.tex:1609-1744 (line 1744 blank boundary omitted from target mapping)
urn:uuid:55b367f0-401c-5045-a927-323bc56446cd,relation/unit/bab-4-limit-dan-kompletisasi-grup/section/01/covers/surface/unit-034/protected-math-zone/012-inline,urn:uuid:3f49a4a1-3db8-50ca-97a3-fd5ec0846161,covers,urn:uuid:fec1e2cd-6df0-5730-a55c-8c4bcc222c87,chapter4.tex:1609-1744 (line 1744 blank boundary omitted from target mapping)
urn:uuid:93bd95b4-a295-5124-a148-0b1130cc56f4,relation/unit/bab-4-limit-dan-kompletisasi-grup/section/01/covers/surface/unit-034/protected-math-zone/013-inline,urn:uuid:3f49a4a1-3db8-50ca-97a3-fd5ec0846161,covers,urn:uuid:e84fb670-3715-5936-a454-d0d2f572526b,chapter4.tex:1609-1744 (line 1744 blank boundary omitted from target mapping)
urn:uuid:ef8a09f6-09d9-567f-b10e-8f8adf12f57b,relation/unit/bab-4-limit-dan-kompletisasi-grup/section/01/covers/surface/unit-034/protected-math-zone/014-inline,urn:uuid:3f49a4a1-3db8-50ca-97a3-fd5ec0846161,covers,urn:uuid:195322e5-ca62-5606-bd90-488c5721c67b,chapter4.tex:1609-1744 (line 1744 blank boundary omitted from target mapping)
urn:uuid:98c922a9-b13e-5d24-bbb8-491f6c43c21d,relation/unit/bab-4-limit-dan-kompletisasi-grup/section/01/covers/surface/unit-034/protected-math-zone/015-display-bracket,urn:uuid:3f49a4a1-3db8-50ca-97a3-fd5ec0846161,covers,urn:uuid:5f61c979-0922-5d79-9d42-f28e321000f9,chapter4.tex:1609-1744 (line 1744 blank boundary omitted from target mapping)
urn:uuid:c9814dab-0e54-53eb-b64d-eb7728145303,relation/unit/bab-4-limit-dan-kompletisasi-grup/section/01/covers/surface/unit-034/protected-math-zone/016-inline,urn:uuid:3f49a4a1-3db8-50ca-97a3-fd5ec0846161,covers,urn:uuid:676c8e99-cf59-5311-8052-18c49184492d,chapter4.tex:1609-1744 (line 1744 blank boundary omitted from target mapping)
urn:uuid:9ee5940a-45c8-5d5d-98fc-a1e56d8f12b1,relation/unit/bab-4-limit-dan-kompletisasi-grup/section/01/covers/surface/unit-034/protected-math-zone/017-inline,urn:uuid:3f49a4a1-3db8-50ca-97a3-fd5ec0846161,covers,urn:uuid:f28d4b8b-847c-551c-be0f-ae2e3171f7fa,chapter4.tex:1609-1744 (line 1744 blank boundary omitted from target mapping)
urn:uuid:f83154d2-77eb-5572-8645-76cacdddd5e6,relation/unit/bab-4-limit-dan-kompletisasi-grup/section/01/covers/surface/unit-034/protected-math-zone/018-inline,urn:uuid:3f49a4a1-3db8-50ca-97a3-fd5ec0846161,covers,urn:uuid:9a5d1964-09a7-531c-91ce-1137e64e127d,chapter4.tex:1609-1744 (line 1744 blank boundary omitted from target mapping)
urn:uuid:f3ad4e6c-159a-54bf-8d1d-60c47ee0f625,relation/unit/bab-4-limit-dan-kompletisasi-grup/section/01/covers/surface/unit-034/protected-math-zone/019-inline,urn:uuid:3f49a4a1-3db8-50ca-97a3-fd5ec0846161,covers,urn:uuid:980a8de0-343b-5d81-a05b-dc3be9697edb,chapter4.tex:1609-1744 (line 1744 blank boundary omitted from target mapping)
urn:uuid:2699465d-e2bb-5475-aec4-038aa482bbc6,relation/unit/bab-4-limit-dan-kompletisasi-grup/section/01/covers/surface/unit-034/protected-math-zone/020-inline,urn:uuid:3f49a4a1-3db8-50ca-97a3-fd5ec0846161,covers,urn:uuid:2a132ed5-9c03-54f6-a284-1d123d8df082,chapter4.tex:1609-1744 (line 1744 blank boundary omitted from target mapping)
urn:uuid:5b24343e-a2cf-506e-920b-028895e4c173,relation/unit/bab-4-limit-dan-kompletisasi-grup/section/01/covers/surface/unit-034/protected-math-zone/021-inline,urn:uuid:3f49a4a1-3db8-50ca-97a3-fd5ec0846161,covers,urn:uuid:86b76332-c86a-5e29-99cc-6c7da5d802d3,chapter4.tex:1609-1744 (line 1744 blank boundary omitted from target mapping)
urn:uuid:4f168783-a8a3-5184-a3c1-a563a96cd5fe,relation/unit/bab-4-limit-dan-kompletisasi-grup/section/01/covers/surface/unit-034/protected-math-zone/022-inline,urn:uuid:3f49a4a1-3db8-50ca-97a3-fd5ec0846161,covers,urn:uuid:f63df806-b136-548d-a6c5-50c6bed2d48c,chapter4.tex:1609-1744 (line 1744 blank boundary omitted from target mapping)
urn:uuid:303b32ec-19f1-57a5-a86a-ca7df7b4e998,relation/unit/bab-4-limit-dan-kompletisasi-grup/section/01/covers/surface/unit-034/protected-math-zone/023-inline,urn:uuid:3f49a4a1-3db8-50ca-97a3-fd5ec0846161,covers,urn:uuid:9910f657-67aa-5983-937a-7a4a44d4528a,chapter4.tex:1609-1744 (line 1744 blank boundary omitted from target mapping)
urn:uuid:88f9fbe0-a5ad-5b45-8f8a-a231ad8d8858,relation/unit/bab-4-limit-dan-kompletisasi-grup/section/01/covers/surface/unit-034/protected-math-zone/024-inline,urn:uuid:3f49a4a1-3db8-50ca-97a3-fd5ec0846161,covers,urn:uuid:4e35c320-262d-5fe4-a686-400ebb33ddd1,chapter4.tex:1609-1744 (line 1744 blank boundary omitted from target mapping)
urn:uuid:fb325427-0cf1-5319-a021-08c371db4b6c,relation/unit/bab-4-limit-dan-kompletisasi-grup/section/01/covers/surface/unit-034/protected-math-zone/025-inline,urn:uuid:3f49a4a1-3db8-50ca-97a3-fd5ec0846161,covers,urn:uuid:8226e82d-3a26-553b-b8ee-22467c05412b,chapter4.tex:1609-1744 (line 1744 blank boundary omitted from target mapping)
urn:uuid:3181edd1-f647-58b2-a7a5-1752b2039196,relation/unit/bab-4-limit-dan-kompletisasi-grup/section/01/covers/surface/unit-034/protected-math-zone/026-inline,urn:uuid:3f49a4a1-3db8-50ca-97a3-fd5ec0846161,covers,urn:uuid:d717b1e4-eae2-5122-875e-e698e5b7d2b8,chapter4.tex:1609-1744 (line 1744 blank boundary omitted from target mapping)
urn:uuid:d6882e6f-b26a-5aa1-8d04-91f726fc40ca,relation/unit/bab-4-limit-dan-kompletisasi-grup/section/01/covers/surface/unit-034/protected-math-zone/027-inline,urn:uuid:3f49a4a1-3db8-50ca-97a3-fd5ec0846161,covers,urn:uuid:130a5096-4835-5429-8963-c8357e56c6c8,chapter4.tex:1609-1744 (line 1744 blank boundary omitted from target mapping)
urn:uuid:a9513754-e6d1-54e5-9cd5-5efb24c5cb89,relation/unit/bab-4-limit-dan-kompletisasi-grup/section/01/covers/surface/unit-034/protected-math-zone/028-inline,urn:uuid:3f49a4a1-3db8-50ca-97a3-fd5ec0846161,covers,urn:uuid:00c5861e-6d64-548d-bc71-232e846c9eea,chapter4.tex:1609-1744 (line 1744 blank boundary omitted from target mapping)
urn:uuid:90a8f34d-46c9-56ef-ab83-36daba720712,relation/unit/bab-4-limit-dan-kompletisasi-grup/section/01/covers/surface/unit-034/protected-math-zone/029-inline,urn:uuid:3f49a4a1-3db8-50ca-97a3-fd5ec0846161,covers,urn:uuid:4dd4af16-4163-52e8-abd3-6a3cdfef497d,chapter4.tex:1609-1744 (line 1744 blank boundary omitted from target mapping)
urn:uuid:b9561051-f669-5348-b776-bfb9b1881707,relation/unit/bab-4-limit-dan-kompletisasi-grup/section/01/covers/surface/unit-034/protected-math-zone/030-inline,urn:uuid:3f49a4a1-3db8-50ca-97a3-fd5ec0846161,covers,urn:uuid:2a94fdf3-f75b-5dd7-b8c1-cbd116360271,chapter4.tex:1609-1744 (line 1744 blank boundary omitted from target mapping)
urn:uuid:64356185-06da-5bad-ba34-b4662fbb9ac3,relation/unit/bab-4-limit-dan-kompletisasi-grup/section/01/covers/surface/unit-034/protected-math-zone/031-inline,urn:uuid:3f49a4a1-3db8-50ca-97a3-fd5ec0846161,covers,urn:uuid:b63eae91-776c-575c-9bb8-67263ca8537f,chapter4.tex:1609-1744 (line 1744 blank boundary omitted from target mapping)
urn:uuid:9866a240-1ff8-5ec2-b1c6-562fa98174c7,relation/unit/bab-4-limit-dan-kompletisasi-grup/section/01/covers/surface/unit-034/protected-math-zone/032-inline,urn:uuid:3f49a4a1-3db8-50ca-97a3-fd5ec0846161,covers,urn:uuid:ff5a29d1-4d7e-53d5-9eac-93de61c0211e,chapter4.tex:1609-1744 (line 1744 blank boundary omitted from target mapping)
urn:uuid:6e57525e-e5af-5c9b-afbe-74dc37c983c5,relation/unit/bab-4-limit-dan-kompletisasi-grup/section/01/covers/surface/unit-034/protected-math-zone/033-inline,urn:uuid:3f49a4a1-3db8-50ca-97a3-fd5ec0846161,covers,urn:uuid:4c0a9d20-60c4-526f-973c-4d84f91adc77,chapter4.tex:1609-1744 (line 1744 blank boundary omitted from target mapping)
urn:uuid:e1582868-19d9-591d-aa42-18c5875ae752,relation/unit/bab-4-limit-dan-kompletisasi-grup/section/01/covers/surface/unit-034/protected-math-zone/034-inline,urn:uuid:3f49a4a1-3db8-50ca-97a3-fd5ec0846161,covers,urn:uuid:b58a55f7-8249-57d0-8ee5-b57e4614c2d1,chapter4.tex:1609-1744 (line 1744 blank boundary omitted from target mapping)
urn:uuid:2471d4eb-0272-590e-b8fb-24e779bb78ee,relation/unit/bab-4-limit-dan-kompletisasi-grup/section/01/covers/surface/unit-034/protected-math-zone/035-inline,urn:uuid:3f49a4a1-3db8-50ca-97a3-fd5ec0846161,covers,urn:uuid:c986e549-8ddc-5121-ad0d-9e2c8884cdac,chapter4.tex:1609-1744 (line 1744 blank boundary omitted from target mapping)
urn:uuid:506759a8-d7b3-5820-8904-1a61351f05ee,relation/unit/bab-4-limit-dan-kompletisasi-grup/section/01/covers/surface/unit-034/protected-math-zone/036-inline,urn:uuid:3f49a4a1-3db8-50ca-97a3-fd5ec0846161,covers,urn:uuid:528a99d3-63d8-5365-832d-33985a0ad6cf,chapter4.tex:1609-1744 (line 1744 blank boundary omitted from target mapping)
urn:uuid:87c998b7-6d4d-5918-afbb-7cf423449928,relation/unit/bab-4-limit-dan-kompletisasi-grup/section/01/covers/surface/unit-034/protected-math-zone/037-inline,urn:uuid:3f49a4a1-3db8-50ca-97a3-fd5ec0846161,covers,urn:uuid:305ffdf3-ff7b-5a51-99d7-642c20c16a3a,chapter4.tex:1609-1744 (line 1744 blank boundary omitted from target mapping)
urn:uuid:b1b092a1-6826-552a-8afb-969f73855e29,relation/unit/bab-4-limit-dan-kompletisasi-grup/section/01/covers/surface/unit-034/protected-math-zone/038-inline,urn:uuid:3f49a4a1-3db8-50ca-97a3-fd5ec0846161,covers,urn:uuid:40528fce-ca9b-5239-b91b-14f28aa00981,chapter4.tex:1609-1744 (line 1744 blank boundary omitted from target mapping)
urn:uuid:bab0d853-cdbf-55c9-bee2-1c42111fe77a,relation/unit/bab-4-limit-dan-kompletisasi-grup/section/01/covers/surface/unit-034/protected-math-zone/039-display-bracket,urn:uuid:3f49a4a1-3db8-50ca-97a3-fd5ec0846161,covers,urn:uuid:e88b5d83-8a54-5aa3-9754-1fb08656a2bc,chapter4.tex:1609-1744 (line 1744 blank boundary omitted from target mapping)
urn:uuid:81ede1a3-4b43-5eed-a6df-a61285368343,relation/unit/bab-4-limit-dan-kompletisasi-grup/section/01/covers/surface/unit-034/protected-math-zone/040-inline,urn:uuid:3f49a4a1-3db8-50ca-97a3-fd5ec0846161,covers,urn:uuid:0a63855f-99be-53bb-9de2-8146a79d6e4b,chapter4.tex:1609-1744 (line 1744 blank boundary omitted from target mapping)
urn:uuid:1935dc5e-705b-502b-ab91-86d5380fc765,relation/unit/bab-4-limit-dan-kompletisasi-grup/section/01/covers/surface/unit-034/protected-math-zone/041-inline,urn:uuid:3f49a4a1-3db8-50ca-97a3-fd5ec0846161,covers,urn:uuid:e51aa628-2f42-54ce-b302-ee822b304af1,chapter4.tex:1609-1744 (line 1744 blank boundary omitted from target mapping)
urn:uuid:175becce-66bb-52d6-a1ae-b91fedcbe540,relation/unit/bab-4-limit-dan-kompletisasi-grup/section/01/covers/surface/unit-034/protected-math-zone/042-display-environment,urn:uuid:3f49a4a1-3db8-50ca-97a3-fd5ec0846161,covers,urn:uuid:008e1359-6d1f-55f3-9a8e-208c1d003dca,chapter4.tex:1609-1744 (line 1744 blank boundary omitted from target mapping)
urn:uuid:e9ce2114-0a7e-50a9-9ca2-710145513b9b,relation/unit/bab-4-limit-dan-kompletisasi-grup/section/01/covers/surface/unit-034/protected-math-zone/043-inline,urn:uuid:3f49a4a1-3db8-50ca-97a3-fd5ec0846161,covers,urn:uuid:c28bf4a5-1b1f-5e5a-87d4-f6b695cd9e66,chapter4.tex:1609-1744 (line 1744 blank boundary omitted from target mapping)
urn:uuid:2a0ce7e6-9f4b-55ce-be02-0a48bd91bbb6,relation/unit/bab-4-limit-dan-kompletisasi-grup/section/01/covers/surface/unit-034/protected-math-zone/044-inline,urn:uuid:3f49a4a1-3db8-50ca-97a3-fd5ec0846161,covers,urn:uuid:b59786c8-bf2f-589f-8c03-ce6d96245efa,chapter4.tex:1609-1744 (line 1744 blank boundary omitted from target mapping)
urn:uuid:143d12f2-d6dd-5537-954f-b9b007f09018,relation/unit/bab-4-limit-dan-kompletisasi-grup/section/01/covers/surface/unit-034/protected-math-zone/045-inline,urn:uuid:3f49a4a1-3db8-50ca-97a3-fd5ec0846161,covers,urn:uuid:909d3482-8cbc-5553-a356-67ee48a27c14,chapter4.tex:1609-1744 (line 1744 blank boundary omitted from target mapping)
urn:uuid:33d0c20a-4be9-5dd6-b094-451553048b1f,relation/unit/bab-4-limit-dan-kompletisasi-grup/section/01/covers/surface/unit-034/protected-math-zone/046-inline,urn:uuid:3f49a4a1-3db8-50ca-97a3-fd5ec0846161,covers,urn:uuid:2b63195e-2a6d-548d-ab8e-ce929617ebf5,chapter4.tex:1609-1744 (line 1744 blank boundary omitted from target mapping)
urn:uuid:0593d32a-7de3-5670-941f-fb729db65429,relation/unit/bab-4-limit-dan-kompletisasi-grup/section/01/covers/surface/unit-034/protected-math-zone/047-inline,urn:uuid:3f49a4a1-3db8-50ca-97a3-fd5ec0846161,covers,urn:uuid:d1e8dc62-10d9-51b6-ac8d-b440f5b053b9,chapter4.tex:1609-1744 (line 1744 blank boundary omitted from target mapping)
urn:uuid:f78fd69d-dc8f-5e98-8de8-b0cc90c8c98a,relation/unit/bab-4-limit-dan-kompletisasi-grup/section/01/covers/surface/unit-034/protected-math-zone/048-display-environment,urn:uuid:3f49a4a1-3db8-50ca-97a3-fd5ec0846161,covers,urn:uuid:a7bef749-2b01-5270-8f0e-f2ceced6fc60,chapter4.tex:1609-1744 (line 1744 blank boundary omitted from target mapping)
urn:uuid:69a98e38-af82-53d1-ac3c-ba0a15c4a0fc,relation/unit/bab-4-limit-dan-kompletisasi-grup/section/01/covers/surface/unit-034/protected-math-zone/049-inline,urn:uuid:3f49a4a1-3db8-50ca-97a3-fd5ec0846161,covers,urn:uuid:0dea84ce-b649-5424-a6c5-d61f3cd2cf60,chapter4.tex:1609-1744 (line 1744 blank boundary omitted from target mapping)
urn:uuid:afe2f4e7-067a-5c75-84ec-eb92edff4f81,relation/unit/bab-4-limit-dan-kompletisasi-grup/section/01/covers/surface/unit-034/protected-math-zone/050-inline,urn:uuid:3f49a4a1-3db8-50ca-97a3-fd5ec0846161,covers,urn:uuid:dad26255-c056-53fa-aade-38de53ca47cf,chapter4.tex:1609-1744 (line 1744 blank boundary omitted from target mapping)
urn:uuid:0dca845d-4e6c-5d46-b32a-eff9262e274c,relation/unit/bab-4-limit-dan-kompletisasi-grup/section/01/covers/surface/unit-034/protected-math-zone/051-inline,urn:uuid:3f49a4a1-3db8-50ca-97a3-fd5ec0846161,covers,urn:uuid:a9a85fa0-78b3-5533-b5bd-268b08ba08fc,chapter4.tex:1609-1744 (line 1744 blank boundary omitted from target mapping)
urn:uuid:e8aef645-8ac0-58da-b92f-c3f2d749d779,relation/unit/bab-4-limit-dan-kompletisasi-grup/section/01/covers/surface/unit-034/protected-math-zone/052-inline,urn:uuid:3f49a4a1-3db8-50ca-97a3-fd5ec0846161,covers,urn:uuid:3b46cf47-14b5-5583-9fda-234861a8adf8,chapter4.tex:1609-1744 (line 1744 blank boundary omitted from target mapping)
urn:uuid:bfd2e217-f947-5074-ac3f-b04c23399a4c,relation/unit/bab-4-limit-dan-kompletisasi-grup/section/01/covers/surface/unit-034/protected-math-zone/053-inline,urn:uuid:3f49a4a1-3db8-50ca-97a3-fd5ec0846161,covers,urn:uuid:1286e27d-3dae-58a4-aeb8-7bf0a1fb8a24,chapter4.tex:1609-1744 (line 1744 blank boundary omitted from target mapping)
urn:uuid:26f09094-79b5-5a1c-94fb-fc44547a7150,relation/unit/bab-4-limit-dan-kompletisasi-grup/section/01/covers/surface/unit-034/protected-math-zone/054-inline,urn:uuid:3f49a4a1-3db8-50ca-97a3-fd5ec0846161,covers,urn:uuid:1527e2f9-e3b8-561c-9b29-acd570ef4b81,chapter4.tex:1609-1744 (line 1744 blank boundary omitted from target mapping)
urn:uuid:8ce257f4-cc13-5f8d-8060-aa694c3e15f4,relation/unit/bab-4-limit-dan-kompletisasi-grup/section/01/covers/surface/unit-034/protected-math-zone/055-inline,urn:uuid:3f49a4a1-3db8-50ca-97a3-fd5ec0846161,covers,urn:uuid:b71cc3c6-6af5-5db1-abeb-d6ac724445d0,chapter4.tex:1609-1744 (line 1744 blank boundary omitted from target mapping)
urn:uuid:ce9a4cc7-53da-5eb4-909f-40b9fd906b1a,relation/unit/bab-4-limit-dan-kompletisasi-grup/section/01/covers/surface/unit-034/protected-math-zone/056-inline,urn:uuid:3f49a4a1-3db8-50ca-97a3-fd5ec0846161,covers,urn:uuid:adfb3123-a391-582c-96b5-9948f873ad76,chapter4.tex:1609-1744 (line 1744 blank boundary omitted from target mapping)
urn:uuid:92a5059a-cd70-530c-9e2a-602e1fc459c1,relation/unit/bab-4-limit-dan-kompletisasi-grup/section/01/covers/surface/unit-034/protected-math-zone/057-inline,urn:uuid:3f49a4a1-3db8-50ca-97a3-fd5ec0846161,covers,urn:uuid:52ce112f-374a-5794-ba5d-3df162bdb6d3,chapter4.tex:1609-1744 (line 1744 blank boundary omitted from target mapping)
urn:uuid:9c732629-ae1c-5e56-a9c8-8766bd4aede6,relation/unit/bab-4-limit-dan-kompletisasi-grup/section/01/covers/surface/unit-034/protected-math-zone/058-inline,urn:uuid:3f49a4a1-3db8-50ca-97a3-fd5ec0846161,covers,urn:uuid:81019762-7bb9-52bd-b367-82421610d2c2,chapter4.tex:1609-1744 (line 1744 blank boundary omitted from target mapping)
urn:uuid:a6d7fe30-a77b-5380-9bae-c0802a8566c0,relation/unit/bab-4-limit-dan-kompletisasi-grup/section/01/covers/surface/unit-034/protected-math-zone/059-inline,urn:uuid:3f49a4a1-3db8-50ca-97a3-fd5ec0846161,covers,urn:uuid:8addad70-f8e5-5353-8632-d1ecbeccc3bb,chapter4.tex:1609-1744 (line 1744 blank boundary omitted from target mapping)
urn:uuid:c0b0f319-6915-5f6a-991d-8db8d78bbba6,relation/unit/bab-4-limit-dan-kompletisasi-grup/section/01/covers/surface/unit-034/protected-math-zone/060-inline,urn:uuid:3f49a4a1-3db8-50ca-97a3-fd5ec0846161,covers,urn:uuid:b507d3b1-0346-5d17-b53f-87a3fa3035b4,chapter4.tex:1609-1744 (line 1744 blank boundary omitted from target mapping)
urn:uuid:69a0424c-3b39-5e98-91dc-7eefb7d17c3b,relation/unit/bab-4-limit-dan-kompletisasi-grup/section/01/covers/surface/unit-034/protected-math-zone/061-inline,urn:uuid:3f49a4a1-3db8-50ca-97a3-fd5ec0846161,covers,urn:uuid:d4778d53-9db3-5b76-b75c-469558dd8ac7,chapter4.tex:1609-1744 (line 1744 blank boundary omitted from target mapping)
urn:uuid:5199e0cf-34c8-5257-a671-7ae13653fa62,relation/unit/bab-4-limit-dan-kompletisasi-grup/section/01/covers/surface/unit-034/protected-math-zone/062-inline,urn:uuid:3f49a4a1-3db8-50ca-97a3-fd5ec0846161,covers,urn:uuid:ee9ea131-2f5c-5686-8d6a-e2c17c8860ed,chapter4.tex:1609-1744 (line 1744 blank boundary omitted from target mapping)
urn:uuid:f09c6a94-0bb5-5033-a606-cabd8c689e99,relation/unit/bab-4-limit-dan-kompletisasi-grup/section/01/covers/surface/unit-034/protected-math-zone/063-inline,urn:uuid:3f49a4a1-3db8-50ca-97a3-fd5ec0846161,covers,urn:uuid:926332cd-d9b4-5fdf-a784-fea9ab8ff11d,chapter4.tex:1609-1744 (line 1744 blank boundary omitted from target mapping)
urn:uuid:869933bb-51a7-5ed8-952d-665da70420f5,relation/unit/bab-4-limit-dan-kompletisasi-grup/section/01/covers/surface/unit-034/protected-math-zone/064-inline,urn:uuid:3f49a4a1-3db8-50ca-97a3-fd5ec0846161,covers,urn:uuid:a13a5d73-9145-5e18-b4d4-8ed954939686,chapter4.tex:1609-1744 (line 1744 blank boundary omitted from target mapping)
urn:uuid:f4380b06-415e-5a68-910c-0cc270be9a2c,relation/unit/bab-4-limit-dan-kompletisasi-grup/section/01/covers/surface/unit-034/protected-math-zone/065-inline,urn:uuid:3f49a4a1-3db8-50ca-97a3-fd5ec0846161,covers,urn:uuid:b7a21886-7491-5895-b79e-fc1b62a10950,chapter4.tex:1609-1744 (line 1744 blank boundary omitted from target mapping)
urn:uuid:5b87ecef-2d42-58d5-ae40-ba22c15bc549,relation/unit/bab-4-limit-dan-kompletisasi-grup/section/01/covers/surface/unit-034/protected-math-zone/066-inline,urn:uuid:3f49a4a1-3db8-50ca-97a3-fd5ec0846161,covers,urn:uuid:5d5c2b20-d5c5-5b06-9e66-83a5310f17ab,chapter4.tex:1609-1744 (line 1744 blank boundary omitted from target mapping)
urn:uuid:83c9fa4c-1662-5381-8133-24f6b9682aef,relation/unit/bab-4-limit-dan-kompletisasi-grup/section/01/covers/surface/unit-034/protected-math-zone/067-inline,urn:uuid:3f49a4a1-3db8-50ca-97a3-fd5ec0846161,covers,urn:uuid:e1208ac1-6751-5238-91f7-74cf8a78fa69,chapter4.tex:1609-1744 (line 1744 blank boundary omitted from target mapping)
urn:uuid:b2c62fb0-e8ae-5ba2-bab1-a77d45e33ec0,relation/unit/bab-4-limit-dan-kompletisasi-grup/section/01/covers/surface/unit-034/protected-math-zone/068-inline,urn:uuid:3f49a4a1-3db8-50ca-97a3-fd5ec0846161,covers,urn:uuid:e4fe0a55-debf-5027-b267-68585ac7766c,chapter4.tex:1609-1744 (line 1744 blank boundary omitted from target mapping)
urn:uuid:2cb8caf9-7aca-5be5-ac58-5c3de2d2238e,relation/unit/bab-4-limit-dan-kompletisasi-grup/section/01/covers/surface/unit-034/protected-math-zone/069-inline,urn:uuid:3f49a4a1-3db8-50ca-97a3-fd5ec0846161,covers,urn:uuid:68b17aff-7356-513a-bd28-93a9d6d39591,chapter4.tex:1609-1744 (line 1744 blank boundary omitted from target mapping)
urn:uuid:a2518297-654c-53af-9068-09cde1417a10,relation/unit/bab-4-limit-dan-kompletisasi-grup/section/01/covers/surface/unit-034/protected-math-zone/070-inline,urn:uuid:3f49a4a1-3db8-50ca-97a3-fd5ec0846161,covers,urn:uuid:aa3151f4-ed05-5cce-9563-53c97ba68ace,chapter4.tex:1609-1744 (line 1744 blank boundary omitted from target mapping)
urn:uuid:b6cd406a-e49c-54ea-8c91-3eb611c56885,relation/unit/bab-4-limit-dan-kompletisasi-grup/section/01/covers/surface/unit-034/protected-math-zone/071-inline,urn:uuid:3f49a4a1-3db8-50ca-97a3-fd5ec0846161,covers,urn:uuid:d9a76450-dc09-5cd1-b4bb-7b46ed21a10f,chapter4.tex:1609-1744 (line 1744 blank boundary omitted from target mapping)
urn:uuid:a43ac174-d136-5f0b-b1cc-1fc5b63ce86c,relation/unit/bab-4-limit-dan-kompletisasi-grup/section/01/covers/surface/unit-034/protected-math-zone/072-inline,urn:uuid:3f49a4a1-3db8-50ca-97a3-fd5ec0846161,covers,urn:uuid:6a3919c9-e799-5d41-aebd-117a66edfe11,chapter4.tex:1609-1744 (line 1744 blank boundary omitted from target mapping)
urn:uuid:a2de57d4-bb04-5488-af76-429aba2e7cff,relation/unit/bab-4-limit-dan-kompletisasi-grup/section/01/covers/surface/unit-034/protected-math-zone/073-inline,urn:uuid:3f49a4a1-3db8-50ca-97a3-fd5ec0846161,covers,urn:uuid:b44b35d0-56d5-5319-ae45-6d1df31a2ab5,chapter4.tex:1609-1744 (line 1744 blank boundary omitted from target mapping)
urn:uuid:787430a8-40f4-5b63-8c77-526431ec067d,relation/unit/bab-4-limit-dan-kompletisasi-grup/section/01/covers/surface/unit-034/protected-math-zone/074-inline,urn:uuid:3f49a4a1-3db8-50ca-97a3-fd5ec0846161,covers,urn:uuid:838553da-6e84-5f96-a569-fa93e0cd4e03,chapter4.tex:1609-1744 (line 1744 blank boundary omitted from target mapping)
urn:uuid:728fde5c-736f-5381-8517-9ac112e285f6,relation/unit/bab-4-limit-dan-kompletisasi-grup/section/01/covers/surface/unit-034/protected-math-zone/075-inline,urn:uuid:3f49a4a1-3db8-50ca-97a3-fd5ec0846161,covers,urn:uuid:de3287f5-a97d-5592-b972-3797cc08b3b7,chapter4.tex:1609-1744 (line 1744 blank boundary omitted from target mapping)
urn:uuid:3e9a50fa-0f42-5721-9ae7-62ac5870b869,relation/unit/bab-4-limit-dan-kompletisasi-grup/section/01/covers/surface/unit-034/protected-math-zone/076-inline,urn:uuid:3f49a4a1-3db8-50ca-97a3-fd5ec0846161,covers,urn:uuid:964df0ce-d487-544a-bb63-17f0f255fe85,chapter4.tex:1609-1744 (line 1744 blank boundary omitted from target mapping)
urn:uuid:e5a533d1-a862-5e19-8921-e6386200e6b9,relation/unit/bab-4-limit-dan-kompletisasi-grup/section/01/covers/surface/unit-034/protected-math-zone/077-inline,urn:uuid:3f49a4a1-3db8-50ca-97a3-fd5ec0846161,covers,urn:uuid:7216c9d4-b63b-57b4-848b-f1950078dfcb,chapter4.tex:1609-1744 (line 1744 blank boundary omitted from target mapping)
urn:uuid:f2c43c06-419f-57a4-be67-b72ef665ca65,relation/unit/bab-4-limit-dan-kompletisasi-grup/section/01/covers/surface/unit-034/protected-math-zone/078-inline,urn:uuid:3f49a4a1-3db8-50ca-97a3-fd5ec0846161,covers,urn:uuid:61c90d37-6e94-5f17-b21b-48d9c6b605ab,chapter4.tex:1609-1744 (line 1744 blank boundary omitted from target mapping)
urn:uuid:55586288-8395-5260-89b7-2ef76ce75179,relation/unit/bab-4-limit-dan-kompletisasi-grup/section/01/covers/surface/unit-034/protected-math-zone/079-inline,urn:uuid:3f49a4a1-3db8-50ca-97a3-fd5ec0846161,covers,urn:uuid:008dfc5c-777c-54e3-b178-1d97bc5f17aa,chapter4.tex:1609-1744 (line 1744 blank boundary omitted from target mapping)
urn:uuid:28d8ad7a-b39a-5d28-9140-3978648428dc,relation/unit/bab-4-limit-dan-kompletisasi-grup/section/01/covers/surface/unit-034/protected-math-zone/080-inline,urn:uuid:3f49a4a1-3db8-50ca-97a3-fd5ec0846161,covers,urn:uuid:a25f5971-e345-5142-a6a7-4af48a0bde10,chapter4.tex:1609-1744 (line 1744 blank boundary omitted from target mapping)
urn:uuid:9e3d9147-56c8-5cd4-ae57-7ee9717321cb,relation/unit/bab-4-limit-dan-kompletisasi-grup/section/01/covers/surface/unit-034/protected-math-zone/081-inline,urn:uuid:3f49a4a1-3db8-50ca-97a3-fd5ec0846161,covers,urn:uuid:a4d96231-b5a5-5530-8fb9-26611bdb51a4,chapter4.tex:1609-1744 (line 1744 blank boundary omitted from target mapping)
urn:uuid:097e8001-0ada-50d3-90aa-f7019a2f1ced,relation/unit/bab-4-limit-dan-kompletisasi-grup/section/01/covers/surface/unit-034/protected-math-zone/082-inline,urn:uuid:3f49a4a1-3db8-50ca-97a3-fd5ec0846161,covers,urn:uuid:f6063635-f53e-541a-981b-fd03a5f9cd4f,chapter4.tex:1609-1744 (line 1744 blank boundary omitted from target mapping)
urn:uuid:8e57e081-cbe4-5c37-8313-4ff93e70a94d,relation/unit/bab-4-limit-dan-kompletisasi-grup/section/01/covers/surface/unit-034/protected-math-zone/083-inline,urn:uuid:3f49a4a1-3db8-50ca-97a3-fd5ec0846161,covers,urn:uuid:1cc16ff6-ea29-55be-9697-44423098fe86,chapter4.tex:1609-1744 (line 1744 blank boundary omitted from target mapping)
urn:uuid:26814927-5e40-5e21-84c9-d3b02ef1a291,relation/unit/bab-4-limit-dan-kompletisasi-grup/section/01/covers/surface/unit-034/protected-math-zone/084-inline,urn:uuid:3f49a4a1-3db8-50ca-97a3-fd5ec0846161,covers,urn:uuid:29b6a879-cf5c-5de3-a7f9-757cbc26eae9,chapter4.tex:1609-1744 (line 1744 blank boundary omitted from target mapping)
urn:uuid:83465f9a-e69c-538a-8f48-37f9da650886,relation/unit/bab-4-limit-dan-kompletisasi-grup/section/01/covers/surface/unit-034/protected-math-zone/085-inline,urn:uuid:3f49a4a1-3db8-50ca-97a3-fd5ec0846161,covers,urn:uuid:4cac1659-9b93-52d2-adcd-94b6d99699a9,chapter4.tex:1609-1744 (line 1744 blank boundary omitted from target mapping)
urn:uuid:206fa48b-24c6-5fb6-be7c-807a322ee561,relation/unit/bab-4-limit-dan-kompletisasi-grup/section/01/covers/surface/unit-034/protected-math-zone/086-inline,urn:uuid:3f49a4a1-3db8-50ca-97a3-fd5ec0846161,covers,urn:uuid:31ac8ce3-f381-5cf6-808e-6ce56de54fd9,chapter4.tex:1609-1744 (line 1744 blank boundary omitted from target mapping)
urn:uuid:0022fe46-c173-518f-8d48-92293f967ecd,relation/unit/bab-4-limit-dan-kompletisasi-grup/section/01/covers/surface/unit-034/protected-math-zone/087-inline,urn:uuid:3f49a4a1-3db8-50ca-97a3-fd5ec0846161,covers,urn:uuid:98aad875-32d1-5def-8aa2-7b47d2c58d43,chapter4.tex:1609-1744 (line 1744 blank boundary omitted from target mapping)
urn:uuid:19daa9be-afae-5c57-9e16-9346a11dc303,relation/unit/bab-4-limit-dan-kompletisasi-grup/section/01/covers/surface/unit-034/protected-math-zone/088-inline,urn:uuid:3f49a4a1-3db8-50ca-97a3-fd5ec0846161,covers,urn:uuid:bc49f766-1795-531d-9687-14ae98d519fa,chapter4.tex:1609-1744 (line 1744 blank boundary omitted from target mapping)
urn:uuid:4d1db462-1ee9-504e-8fea-4ab2f527afb7,relation/unit/bab-4-limit-dan-kompletisasi-grup/section/01/covers/surface/unit-034/protected-math-zone/089-inline,urn:uuid:3f49a4a1-3db8-50ca-97a3-fd5ec0846161,covers,urn:uuid:01b12e1d-2846-5628-803f-1be8ef93efcb,chapter4.tex:1609-1744 (line 1744 blank boundary omitted from target mapping)
urn:uuid:7bcaf7c0-7838-5560-ac44-b672c59ce8df,relation/unit/bab-4-limit-dan-kompletisasi-grup/section/01/covers/surface/unit-034/protected-math-zone/090-inline,urn:uuid:3f49a4a1-3db8-50ca-97a3-fd5ec0846161,covers,urn:uuid:66edf932-4d05-522a-baf2-bd86f4fbc64c,chapter4.tex:1609-1744 (line 1744 blank boundary omitted from target mapping)
urn:uuid:9d0ce196-70fe-5fee-94e3-58471464f52e,relation/unit/bab-4-limit-dan-kompletisasi-grup/section/01/covers/surface/unit-034/protected-math-zone/091-inline,urn:uuid:3f49a4a1-3db8-50ca-97a3-fd5ec0846161,covers,urn:uuid:51253936-ac12-5713-bc78-17de65c5b930,chapter4.tex:1609-1744 (line 1744 blank boundary omitted from target mapping)
urn:uuid:3560c883-139a-593f-873d-5404feab1e53,relation/unit/bab-4-limit-dan-kompletisasi-grup/section/01/covers/surface/unit-034/protected-math-zone/092-inline,urn:uuid:3f49a4a1-3db8-50ca-97a3-fd5ec0846161,covers,urn:uuid:4e6eb1a5-b610-50f7-a090-dba7ff576036,chapter4.tex:1609-1744 (line 1744 blank boundary omitted from target mapping)
urn:uuid:1dc1364a-ca17-56ca-87f6-b2d4e6baf689,relation/unit/bab-4-limit-dan-kompletisasi-grup/section/01/covers/surface/unit-034/protected-math-zone/093-display-bracket,urn:uuid:3f49a4a1-3db8-50ca-97a3-fd5ec0846161,covers,urn:uuid:fd72ecc6-6713-5532-82e3-b6e39fd5f1e3,chapter4.tex:1609-1744 (line 1744 blank boundary omitted from target mapping)
urn:uuid:ec76787f-4468-5b22-896f-865baa345696,relation/unit/bab-4-limit-dan-kompletisasi-grup/section/01/covers/surface/unit-034/protected-math-zone/094-inline,urn:uuid:3f49a4a1-3db8-50ca-97a3-fd5ec0846161,covers,urn:uuid:65a52dc7-f692-54a1-81a5-b5246c7a1e4b,chapter4.tex:1609-1744 (line 1744 blank boundary omitted from target mapping)
urn:uuid:a42ac081-a6e2-5c9d-9656-e029527e5803,relation/unit/bab-4-limit-dan-kompletisasi-grup/section/01/covers/surface/unit-034/protected-math-zone/095-inline,urn:uuid:3f49a4a1-3db8-50ca-97a3-fd5ec0846161,covers,urn:uuid:64684809-47b8-553f-94d0-90225f545e89,chapter4.tex:1609-1744 (line 1744 blank boundary omitted from target mapping)
urn:uuid:18d85ae4-33d0-5a8d-9df1-6ec0e8dee9e8,relation/unit/bab-4-limit-dan-kompletisasi-grup/section/01/covers/surface/unit-034/protected-math-zone/096-inline,urn:uuid:3f49a4a1-3db8-50ca-97a3-fd5ec0846161,covers,urn:uuid:41a0696a-4d27-5a24-8e6b-1d6580b052c5,chapter4.tex:1609-1744 (line 1744 blank boundary omitted from target mapping)
urn:uuid:b0577261-317e-5119-afbc-02e6b0b04afb,relation/unit/bab-4-limit-dan-kompletisasi-grup/section/01/covers/surface/unit-034/protected-math-zone/097-inline,urn:uuid:3f49a4a1-3db8-50ca-97a3-fd5ec0846161,covers,urn:uuid:94cda938-9376-5841-af05-58f1c0a90bf0,chapter4.tex:1609-1744 (line 1744 blank boundary omitted from target mapping)
urn:uuid:4bbbed16-e007-5566-97bd-b5cd886abcf6,relation/unit/bab-4-limit-dan-kompletisasi-grup/section/01/covers/surface/unit-034/protected-math-zone/098-inline,urn:uuid:3f49a4a1-3db8-50ca-97a3-fd5ec0846161,covers,urn:uuid:a0cb3418-49f4-5b25-b08d-11480b6bfef4,chapter4.tex:1609-1744 (line 1744 blank boundary omitted from target mapping)
urn:uuid:e0587dd5-0c97-510f-a7bb-7098d32c06fe,relation/unit/bab-4-limit-dan-kompletisasi-grup/section/01/covers/surface/unit-034/protected-math-zone/099-inline,urn:uuid:3f49a4a1-3db8-50ca-97a3-fd5ec0846161,covers,urn:uuid:4b9e6ea0-1168-5afc-8271-6c0a3bab99ea,chapter4.tex:1609-1744 (line 1744 blank boundary omitted from target mapping)
urn:uuid:f90b183c-2fb5-519a-8b31-95012d541b4c,relation/unit/bab-4-limit-dan-kompletisasi-grup/section/01/covers/surface/unit-034/protected-math-zone/100-inline,urn:uuid:3f49a4a1-3db8-50ca-97a3-fd5ec0846161,covers,urn:uuid:c3fe248c-bddd-5d5e-9005-9a13759957da,chapter4.tex:1609-1744 (line 1744 blank boundary omitted from target mapping)
urn:uuid:a6a047b8-3ebe-5d5b-9b8b-20e436acd5e0,relation/unit/bab-4-limit-dan-kompletisasi-grup/section/01/covers/surface/unit-034/protected-math-zone/101-inline,urn:uuid:3f49a4a1-3db8-50ca-97a3-fd5ec0846161,covers,urn:uuid:4fecdc94-5a8e-582e-81da-761f5f601d39,chapter4.tex:1609-1744 (line 1744 blank boundary omitted from target mapping)
urn:uuid:894d3e45-5fde-5485-9269-90abf6578f87,relation/unit/bab-4-limit-dan-kompletisasi-grup/section/01/covers/surface/unit-034/protected-math-zone/102-inline,urn:uuid:3f49a4a1-3db8-50ca-97a3-fd5ec0846161,covers,urn:uuid:42c410a6-7ac1-5382-a427-b73c6387c5e3,chapter4.tex:1609-1744 (line 1744 blank boundary omitted from target mapping)
urn:uuid:6df4ed4e-eff1-53aa-bf1d-a3b5acacee69,relation/unit/bab-4-limit-dan-kompletisasi-grup/section/01/covers/surface/unit-034/protected-math-zone/103-inline,urn:uuid:3f49a4a1-3db8-50ca-97a3-fd5ec0846161,covers,urn:uuid:45f60097-e3d2-5ce6-807a-6877bd0432a9,chapter4.tex:1609-1744 (line 1744 blank boundary omitted from target mapping)
urn:uuid:2e77340d-88d6-5964-b8e5-82605d7a346a,relation/unit/bab-4-limit-dan-kompletisasi-grup/section/01/covers/surface/unit-034/protected-math-zone/104-inline,urn:uuid:3f49a4a1-3db8-50ca-97a3-fd5ec0846161,covers,urn:uuid:492208ad-6214-5169-aba2-43e3f3f7c030,chapter4.tex:1609-1744 (line 1744 blank boundary omitted from target mapping)
urn:uuid:90d2bbc4-8761-5420-b837-f8df22adf632,relation/unit/bab-4-limit-dan-kompletisasi-grup/section/01/covers/surface/unit-034/protected-math-zone/105-inline,urn:uuid:3f49a4a1-3db8-50ca-97a3-fd5ec0846161,covers,urn:uuid:6958e28f-45a3-5c00-a87a-6b6729d0fcc3,chapter4.tex:1609-1744 (line 1744 blank boundary omitted from target mapping)
urn:uuid:d3c66517-0abf-5e6b-88c0-505ff9e3b901,relation/unit/bab-4-limit-dan-kompletisasi-grup/section/01/covers/surface/unit-034/protected-math-zone/106-inline,urn:uuid:3f49a4a1-3db8-50ca-97a3-fd5ec0846161,covers,urn:uuid:e4bd76b6-366c-5fa1-87d4-a96cc490de57,chapter4.tex:1609-1744 (line 1744 blank boundary omitted from target mapping)
urn:uuid:65c97412-9d4d-5ab8-af80-005302ea60aa,relation/unit/bab-4-limit-dan-kompletisasi-grup/section/01/covers/surface/unit-034/protected-math-zone/107-inline,urn:uuid:3f49a4a1-3db8-50ca-97a3-fd5ec0846161,covers,urn:uuid:8077a6d7-5440-5ee9-b627-84dbbd6f3e2e,chapter4.tex:1609-1744 (line 1744 blank boundary omitted from target mapping)
urn:uuid:98036a07-f246-5464-9402-d6d37da8a046,relation/unit/bab-4-limit-dan-kompletisasi-grup/section/01/covers/surface/unit-034/protected-math-zone/108-inline,urn:uuid:3f49a4a1-3db8-50ca-97a3-fd5ec0846161,covers,urn:uuid:6a519852-17ad-5484-aff3-f2c7dce97398,chapter4.tex:1609-1744 (line 1744 blank boundary omitted from target mapping)
urn:uuid:5cd9ae6b-1b9c-5613-8082-6ab20cb895da,relation/unit/bab-4-limit-dan-kompletisasi-grup/section/01/covers/surface/unit-034/protected-math-zone/109-inline,urn:uuid:3f49a4a1-3db8-50ca-97a3-fd5ec0846161,covers,urn:uuid:532952b9-70e8-54f6-89e5-2d87c65de579,chapter4.tex:1609-1744 (line 1744 blank boundary omitted from target mapping)
urn:uuid:db52050a-d087-5e04-a250-4a874869e964,relation/unit/bab-4-limit-dan-kompletisasi-grup/section/01/covers/surface/unit-034/protected-math-zone/110-inline,urn:uuid:3f49a4a1-3db8-50ca-97a3-fd5ec0846161,covers,urn:uuid:eb501d03-c559-5312-bd53-9c6559bc31d5,chapter4.tex:1609-1744 (line 1744 blank boundary omitted from target mapping)
urn:uuid:d10618b4-ed56-59ed-b12e-513d960188af,relation/unit/bab-4-limit-dan-kompletisasi-grup/section/01/covers/surface/unit-034/protected-math-zone/111-inline,urn:uuid:3f49a4a1-3db8-50ca-97a3-fd5ec0846161,covers,urn:uuid:2cbb75c2-6d69-58ec-8c48-fc87adefdbec,chapter4.tex:1609-1744 (line 1744 blank boundary omitted from target mapping)
urn:uuid:403ca407-79d9-55ea-bed6-d95a625e7cf1,relation/unit/bab-4-limit-dan-kompletisasi-grup/section/01/covers/surface/unit-034/protected-math-zone/112-inline,urn:uuid:3f49a4a1-3db8-50ca-97a3-fd5ec0846161,covers,urn:uuid:77ab66f2-c54f-5685-8d02-ef8b691f6553,chapter4.tex:1609-1744 (line 1744 blank boundary omitted from target mapping)
urn:uuid:4036fdf5-76e2-564e-9c5c-c2697a106402,relation/unit/bab-4-limit-dan-kompletisasi-grup/section/01/covers/surface/unit-034/protected-math-zone/113-inline,urn:uuid:3f49a4a1-3db8-50ca-97a3-fd5ec0846161,covers,urn:uuid:3c2e0e7c-a098-5580-8584-519ea18f4142,chapter4.tex:1609-1744 (line 1744 blank boundary omitted from target mapping)
urn:uuid:6e647a05-466d-56bf-9f39-c82425bda79a,relation/unit/bab-4-limit-dan-kompletisasi-grup/section/01/covers/surface/unit-034/protected-math-zone/114-inline,urn:uuid:3f49a4a1-3db8-50ca-97a3-fd5ec0846161,covers,urn:uuid:7268b986-986a-5dca-8f57-a3db3d4a3fc0,chapter4.tex:1609-1744 (line 1744 blank boundary omitted from target mapping)
urn:uuid:469d7c55-e364-5b6f-bbb9-fcba36c26dfc,relation/unit/bab-4-limit-dan-kompletisasi-grup/section/01/covers/surface/unit-034/protected-math-zone/115-inline,urn:uuid:3f49a4a1-3db8-50ca-97a3-fd5ec0846161,covers,urn:uuid:c13d468f-a249-5ec6-901d-e7dc24d0183c,chapter4.tex:1609-1744 (line 1744 blank boundary omitted from target mapping)
urn:uuid:36361e37-15fd-5660-9649-82c0709961ea,relation/unit/bab-4-limit-dan-kompletisasi-grup/section/01/covers/surface/unit-034/protected-math-zone/116-inline,urn:uuid:3f49a4a1-3db8-50ca-97a3-fd5ec0846161,covers,urn:uuid:4acd5094-209e-5915-8964-97578df7cae8,chapter4.tex:1609-1744 (line 1744 blank boundary omitted from target mapping)
urn:uuid:db070095-c832-5258-b259-e8e914930d87,relation/unit/bab-4-limit-dan-kompletisasi-grup/section/01/covers/surface/unit-034/protected-math-zone/117-inline,urn:uuid:3f49a4a1-3db8-50ca-97a3-fd5ec0846161,covers,urn:uuid:e5de1ecc-297b-50ce-af28-e6d6934ad1e7,chapter4.tex:1609-1744 (line 1744 blank boundary omitted from target mapping)
urn:uuid:678253e1-455b-54ee-aee5-90f6ea949bfe,relation/unit/bab-4-limit-dan-kompletisasi-grup/section/01/covers/surface/unit-034/protected-math-zone/118-inline,urn:uuid:3f49a4a1-3db8-50ca-97a3-fd5ec0846161,covers,urn:uuid:39b65e20-3207-5812-aa3f-71ae2f4b6204,chapter4.tex:1609-1744 (line 1744 blank boundary omitted from target mapping)
urn:uuid:a7c1054b-2f81-5445-97d1-f668dca1a0f9,relation/unit/bab-4-limit-dan-kompletisasi-grup/section/01/covers/surface/unit-034/protected-math-zone/119-inline,urn:uuid:3f49a4a1-3db8-50ca-97a3-fd5ec0846161,covers,urn:uuid:4ec9a2da-ba1b-5783-916a-85c535964c1b,chapter4.tex:1609-1744 (line 1744 blank boundary omitted from target mapping)
urn:uuid:60c7d326-796f-5e05-b6c8-a337e6af5f90,relation/unit/bab-4-limit-dan-kompletisasi-grup/section/01/covers/surface/unit-034/protected-math-zone/120-inline,urn:uuid:3f49a4a1-3db8-50ca-97a3-fd5ec0846161,covers,urn:uuid:9c4d6657-99cc-574e-9dbf-d7670642b8af,chapter4.tex:1609-1744 (line 1744 blank boundary omitted from target mapping)
urn:uuid:5ca7327e-bd53-5128-9cc3-e16efe2d0ce5,relation/unit/bab-4-limit-dan-kompletisasi-grup/section/01/covers/surface/unit-034/protected-math-zone/121-inline,urn:uuid:3f49a4a1-3db8-50ca-97a3-fd5ec0846161,covers,urn:uuid:772ff574-2ae7-5e63-8d29-4c0cdc999294,chapter4.tex:1609-1744 (line 1744 blank boundary omitted from target mapping)
urn:uuid:e58aa01c-4f01-5fef-aca7-242b81418dd8,relation/unit/bab-4-limit-dan-kompletisasi-grup/section/01/covers/surface/unit-034/protected-math-zone/122-inline,urn:uuid:3f49a4a1-3db8-50ca-97a3-fd5ec0846161,covers,urn:uuid:a3dff747-a55f-5465-abf3-889cebd594c0,chapter4.tex:1609-1744 (line 1744 blank boundary omitted from target mapping)
urn:uuid:819d4173-dbcc-5d54-9bdb-447fe9a7126f,relation/unit/bab-4-limit-dan-kompletisasi-grup/section/01/covers/surface/unit-034/protected-math-zone/123-inline,urn:uuid:3f49a4a1-3db8-50ca-97a3-fd5ec0846161,covers,urn:uuid:3aad8ec5-ca69-5e03-9e14-65233160f02b,chapter4.tex:1609-1744 (line 1744 blank boundary omitted from target mapping)
urn:uuid:c195c814-1fd0-5717-99ce-03f609c7d28a,relation/unit/bab-4-limit-dan-kompletisasi-grup/section/01/covers/surface/unit-034/protected-math-zone/124-inline,urn:uuid:3f49a4a1-3db8-50ca-97a3-fd5ec0846161,covers,urn:uuid:c1e31fa3-3bc6-52dc-a0ee-023daa8310e8,chapter4.tex:1609-1744 (line 1744 blank boundary omitted from target mapping)
urn:uuid:3d4db338-4c90-5069-80f7-61931c1ad5a0,relation/unit/bab-4-limit-dan-kompletisasi-grup/section/01/covers/surface/unit-034/protected-math-zone/125-inline,urn:uuid:3f49a4a1-3db8-50ca-97a3-fd5ec0846161,covers,urn:uuid:ff0e42c8-6b01-5f1c-b075-61d78ab885b3,chapter4.tex:1609-1744 (line 1744 blank boundary omitted from target mapping)
urn:uuid:0148cd76-519c-5230-9c00-d8d155e866ce,relation/unit/bab-4-limit-dan-kompletisasi-grup/section/01/covers/surface/unit-034/protected-math-zone/126-inline,urn:uuid:3f49a4a1-3db8-50ca-97a3-fd5ec0846161,covers,urn:uuid:6c2a29ad-e202-5d02-bb1f-fcb39bdb8b8a,chapter4.tex:1609-1744 (line 1744 blank boundary omitted from target mapping)
urn:uuid:6968a2db-9550-5a1a-b2ff-39c72949a21b,relation/unit/bab-4-limit-dan-kompletisasi-grup/section/01/covers/surface/unit-034/protected-math-zone/127-inline,urn:uuid:3f49a4a1-3db8-50ca-97a3-fd5ec0846161,covers,urn:uuid:c6fbf655-2acb-5492-a17b-00e7175a228d,chapter4.tex:1609-1744 (line 1744 blank boundary omitted from target mapping)
urn:uuid:9cd4f181-5cd5-5c6f-a47b-cc0da65a9177,relation/unit/bab-4-limit-dan-kompletisasi-grup/section/01/covers/surface/unit-034/protected-math-zone/128-inline,urn:uuid:3f49a4a1-3db8-50ca-97a3-fd5ec0846161,covers,urn:uuid:6ad3454e-4892-5a26-bf16-895c76bcc0da,chapter4.tex:1609-1744 (line 1744 blank boundary omitted from target mapping)
urn:uuid:6e1c7055-244e-59d0-b38b-4df1b4e3af8c,relation/unit/bab-4-limit-dan-kompletisasi-grup/section/01/covers/surface/unit-034/protected-math-zone/129-inline,urn:uuid:3f49a4a1-3db8-50ca-97a3-fd5ec0846161,covers,urn:uuid:92a114fe-47e3-57d7-807c-ed1ebc3dc835,chapter4.tex:1609-1744 (line 1744 blank boundary omitted from target mapping)
urn:uuid:3ca72e72-c41c-590d-9218-78701b500599,relation/unit/bab-4-limit-dan-kompletisasi-grup/section/01/covers/surface/unit-034/protected-math-zone/130-inline,urn:uuid:3f49a4a1-3db8-50ca-97a3-fd5ec0846161,covers,urn:uuid:c2fc4d5a-26e5-5691-a915-b4c04d456209,chapter4.tex:1609-1744 (line 1744 blank boundary omitted from target mapping)
urn:uuid:b910ba5b-936a-55d0-aa69-0f24ecf8ad4b,relation/unit/bab-4-limit-dan-kompletisasi-grup/section/01/covers/surface/unit-034/protected-math-zone/131-inline,urn:uuid:3f49a4a1-3db8-50ca-97a3-fd5ec0846161,covers,urn:uuid:92c7f247-a8da-58ed-a1df-a0a105d9b2f9,chapter4.tex:1609-1744 (line 1744 blank boundary omitted from target mapping)
urn:uuid:3b83245c-c7d0-54d2-8ced-43e44556a8bc,relation/unit/bab-4-limit-dan-kompletisasi-grup/section/01/covers/surface/unit-034/protected-math-zone/132-inline,urn:uuid:3f49a4a1-3db8-50ca-97a3-fd5ec0846161,covers,urn:uuid:bc582d79-2a38-5f90-9c70-1d18a878f94f,chapter4.tex:1609-1744 (line 1744 blank boundary omitted from target mapping)
urn:uuid:8b220c53-7339-51db-8d4b-e09db36530d0,relation/unit/bab-4-limit-dan-kompletisasi-grup/section/01/covers/surface/unit-034/protected-math-zone/133-inline,urn:uuid:3f49a4a1-3db8-50ca-97a3-fd5ec0846161,covers,urn:uuid:1d659aa8-b394-504c-9d38-62f1a5d70731,chapter4.tex:1609-1744 (line 1744 blank boundary omitted from target mapping)
urn:uuid:e3d1fc2c-fb0c-5e80-b91b-4ef51ab1d01c,relation/unit/bab-4-limit-dan-kompletisasi-grup/section/01/covers/surface/unit-034/protected-math-zone/134-inline,urn:uuid:3f49a4a1-3db8-50ca-97a3-fd5ec0846161,covers,urn:uuid:cde1f584-9ddb-57b7-bb8a-aaeceeb1f5b2,chapter4.tex:1609-1744 (line 1744 blank boundary omitted from target mapping)
urn:uuid:d8124eac-f1a7-5144-a2d3-7a10e5d8661a,relation/unit/bab-4-limit-dan-kompletisasi-grup/section/01/covers/surface/unit-034/protected-math-zone/135-inline,urn:uuid:3f49a4a1-3db8-50ca-97a3-fd5ec0846161,covers,urn:uuid:64a4e516-f26a-5989-9770-9450ac7fc770,chapter4.tex:1609-1744 (line 1744 blank boundary omitted from target mapping)
urn:uuid:9a97fd85-bdda-5516-9911-e9e888f6fe3f,relation/unit/bab-4-limit-dan-kompletisasi-grup/section/01/covers/surface/unit-034/protected-math-zone/136-inline,urn:uuid:3f49a4a1-3db8-50ca-97a3-fd5ec0846161,covers,urn:uuid:0d67291c-baf3-5228-ba6f-940a262368c5,chapter4.tex:1609-1744 (line 1744 blank boundary omitted from target mapping)
urn:uuid:eb054e20-3cfb-5bad-a1e0-c63892212561,relation/unit/bab-4-limit-dan-kompletisasi-grup/section/01/covers/surface/unit-034/protected-math-zone/137-inline,urn:uuid:3f49a4a1-3db8-50ca-97a3-fd5ec0846161,covers,urn:uuid:6fe52bf6-30f7-5be6-afe6-227a5ae51b92,chapter4.tex:1609-1744 (line 1744 blank boundary omitted from target mapping)
urn:uuid:38ae9533-f517-5283-b10f-4961f34e62c6,relation/unit/bab-4-limit-dan-kompletisasi-grup/section/01/covers/surface/unit-034/protected-math-zone/138-inline,urn:uuid:3f49a4a1-3db8-50ca-97a3-fd5ec0846161,covers,urn:uuid:40b8edae-8fbc-5487-9533-b5f7c3007b22,chapter4.tex:1609-1744 (line 1744 blank boundary omitted from target mapping)
urn:uuid:3de2f933-a780-552d-9c3e-8f43630a0db7,relation/unit/bab-4-limit-dan-kompletisasi-grup/section/01/covers/surface/unit-034/protected-math-zone/139-inline,urn:uuid:3f49a4a1-3db8-50ca-97a3-fd5ec0846161,covers,urn:uuid:9086a3f4-1669-5d8e-9c91-f63afd51c75e,chapter4.tex:1609-1744 (line 1744 blank boundary omitted from target mapping)
urn:uuid:d7462191-bca0-5c39-8274-ec4f9c641c95,relation/unit/bab-4-limit-dan-kompletisasi-grup/section/01/covers/surface/unit-034/protected-math-zone/140-inline,urn:uuid:3f49a4a1-3db8-50ca-97a3-fd5ec0846161,covers,urn:uuid:2cfea742-ac93-5e31-a458-90fec46b3e4f,chapter4.tex:1609-1744 (line 1744 blank boundary omitted from target mapping)
urn:uuid:2581548b-a036-53c1-bcf8-21a90b51d238,relation/unit/bab-4-limit-dan-kompletisasi-grup/section/01/covers/surface/unit-034/protected-math-zone/141-inline,urn:uuid:3f49a4a1-3db8-50ca-97a3-fd5ec0846161,covers,urn:uuid:871e8181-1480-5ac3-8a73-d685a9594932,chapter4.tex:1609-1744 (line 1744 blank boundary omitted from target mapping)
urn:uuid:0d3a109b-fd74-549e-8316-17602abe85a1,relation/unit/bab-4-limit-dan-kompletisasi-grup/section/01/covers/surface/unit-034/protected-math-zone/142-inline,urn:uuid:3f49a4a1-3db8-50ca-97a3-fd5ec0846161,covers,urn:uuid:212fd36b-09a7-54ac-ad13-0a56de3e63b3,chapter4.tex:1609-1744 (line 1744 blank boundary omitted from target mapping)
urn:uuid:7f9e19d6-37e1-55f3-8df3-160fdce06a89,relation/unit/bab-4-limit-dan-kompletisasi-grup/section/01/covers/surface/unit-034/protected-math-zone/143-inline,urn:uuid:3f49a4a1-3db8-50ca-97a3-fd5ec0846161,covers,urn:uuid:f1dcbf25-ee37-52fb-9420-90e0fe1c2e7d,chapter4.tex:1609-1744 (line 1744 blank boundary omitted from target mapping)
urn:uuid:1b28f671-6c8b-589a-889d-bc5370a8c396,relation/unit/bab-4-limit-dan-kompletisasi-grup/section/01/covers/surface/unit-034/protected-math-zone/144-inline,urn:uuid:3f49a4a1-3db8-50ca-97a3-fd5ec0846161,covers,urn:uuid:aa51f513-0edc-5819-8e8f-f0eead184ece,chapter4.tex:1609-1744 (line 1744 blank boundary omitted from target mapping)
urn:uuid:2157c960-f1fc-577b-b0fb-d0c3aa911cb6,relation/unit/bab-4-limit-dan-kompletisasi-grup/section/01/covers/surface/unit-034/protected-math-zone/145-inline,urn:uuid:3f49a4a1-3db8-50ca-97a3-fd5ec0846161,covers,urn:uuid:a43b9cb0-204c-5aa3-92f8-32d0bcb43635,chapter4.tex:1609-1744 (line 1744 blank boundary omitted from target mapping)
urn:uuid:95fa119c-9c3a-5c6b-a618-f830586ed94d,relation/unit/bab-4-limit-dan-kompletisasi-grup/section/01/covers/surface/unit-034/protected-math-zone/146-inline,urn:uuid:3f49a4a1-3db8-50ca-97a3-fd5ec0846161,covers,urn:uuid:350344a2-3b19-57ec-8a00-cf842eb0d7ad,chapter4.tex:1609-1744 (line 1744 blank boundary omitted from target mapping)
urn:uuid:fdbd91fa-39be-55d1-b0e6-d6e826360ec6,relation/unit/bab-4-limit-dan-kompletisasi-grup/section/01/covers/surface/unit-034/protected-math-zone/147-inline,urn:uuid:3f49a4a1-3db8-50ca-97a3-fd5ec0846161,covers,urn:uuid:b0d38d93-e30a-5239-9458-5db494380c9a,chapter4.tex:1609-1744 (line 1744 blank boundary omitted from target mapping)
urn:uuid:3afa4948-a703-5868-9c7e-ae7c2c40dbc4,relation/unit/bab-4-limit-dan-kompletisasi-grup/section/01/covers/surface/unit-034/protected-math-zone/148-inline,urn:uuid:3f49a4a1-3db8-50ca-97a3-fd5ec0846161,covers,urn:uuid:2bd1e73d-524e-5c12-a882-e7cb4e393a00,chapter4.tex:1609-1744 (line 1744 blank boundary omitted from target mapping)
urn:uuid:91b11898-cc0a-5a86-a0ae-a3c1adfc9198,relation/unit/bab-4-limit-dan-kompletisasi-grup/section/01/covers/surface/unit-034/protected-math-zone/149-inline,urn:uuid:3f49a4a1-3db8-50ca-97a3-fd5ec0846161,covers,urn:uuid:66f1e6c0-a453-5996-8a43-403956e2a6d5,chapter4.tex:1609-1744 (line 1744 blank boundary omitted from target mapping)
urn:uuid:741850ef-a71f-520b-950a-91feed27f65a,relation/unit/bab-4-limit-dan-kompletisasi-grup/section/01/covers/surface/unit-034/protected-math-zone/150-inline,urn:uuid:3f49a4a1-3db8-50ca-97a3-fd5ec0846161,covers,urn:uuid:8a66447c-da9b-5369-9ea1-770dd4e50f5b,chapter4.tex:1609-1744 (line 1744 blank boundary omitted from target mapping)
urn:uuid:a6339212-fb73-55d9-993c-6167b1064763,relation/unit/bab-4-limit-dan-kompletisasi-grup/section/01/covers/surface/unit-034/protected-math-zone/151-inline,urn:uuid:3f49a4a1-3db8-50ca-97a3-fd5ec0846161,covers,urn:uuid:7f6dfba8-5b9e-5fa1-b9e4-aa57856ba5bd,chapter4.tex:1609-1744 (line 1744 blank boundary omitted from target mapping)
urn:uuid:212bea68-a369-5842-9e58-0e2386e3e693,relation/unit/bab-4-limit-dan-kompletisasi-grup/section/01/covers/surface/unit-034/protected-math-zone/152-inline,urn:uuid:3f49a4a1-3db8-50ca-97a3-fd5ec0846161,covers,urn:uuid:0a10587d-ff2c-5629-bb4b-9d781735a012,chapter4.tex:1609-1744 (line 1744 blank boundary omitted from target mapping)
urn:uuid:55426566-afab-5079-a72f-afe9be49f573,relation/unit/bab-4-limit-dan-kompletisasi-grup/section/01/covers/surface/unit-034/protected-math-zone/153-inline,urn:uuid:3f49a4a1-3db8-50ca-97a3-fd5ec0846161,covers,urn:uuid:402af90f-51b3-5cfb-8170-d56428642f91,chapter4.tex:1609-1744 (line 1744 blank boundary omitted from target mapping)
urn:uuid:4d9cb020-f806-5dac-9477-8cda5eea7cd0,relation/unit/bab-4-limit-dan-kompletisasi-grup/section/01/covers/surface/unit-034/protected-math-zone/154-inline,urn:uuid:3f49a4a1-3db8-50ca-97a3-fd5ec0846161,covers,urn:uuid:0c1e430e-15d4-5d1f-8b5d-8b32305aa030,chapter4.tex:1609-1744 (line 1744 blank boundary omitted from target mapping)
urn:uuid:8960c134-346b-5597-9d5b-d6973c55f008,relation/unit/bab-4-limit-dan-kompletisasi-grup/section/01/covers/surface/unit-034/protected-math-zone/155-inline,urn:uuid:3f49a4a1-3db8-50ca-97a3-fd5ec0846161,covers,urn:uuid:03c8499c-c9c3-559e-92b3-24d16c770a66,chapter4.tex:1609-1744 (line 1744 blank boundary omitted from target mapping)
urn:uuid:4505eadb-b1ad-5cb8-af7f-9aa558253c59,relation/unit/bab-4-limit-dan-kompletisasi-grup/section/01/covers/surface/unit-034/protected-math-zone/156-inline,urn:uuid:3f49a4a1-3db8-50ca-97a3-fd5ec0846161,covers,urn:uuid:4c61a080-061e-5494-a119-062e1f29c3bc,chapter4.tex:1609-1744 (line 1744 blank boundary omitted from target mapping)
urn:uuid:acae9a19-9742-5280-8a28-c8def2dfdff8,relation/unit/bab-4-limit-dan-kompletisasi-grup/section/01/covers/surface/unit-034/protected-math-zone/157-inline,urn:uuid:3f49a4a1-3db8-50ca-97a3-fd5ec0846161,covers,urn:uuid:e12cf922-4598-5f83-a588-592b967b58d5,chapter4.tex:1609-1744 (line 1744 blank boundary omitted from target mapping)
urn:uuid:ce5d820e-d61f-5775-89ac-023a6b1fd289,relation/unit/bab-4-limit-dan-kompletisasi-grup/section/01/covers/surface/unit-034/protected-math-zone/158-inline,urn:uuid:3f49a4a1-3db8-50ca-97a3-fd5ec0846161,covers,urn:uuid:c56ed39f-0822-5700-be2f-aa513d579586,chapter4.tex:1609-1744 (line 1744 blank boundary omitted from target mapping)
urn:uuid:07dfbf6f-cb75-5c42-998d-a14c1a26e4f6,relation/unit/bab-4-limit-dan-kompletisasi-grup/section/01/covers/surface/unit-034/protected-math-zone/159-inline,urn:uuid:3f49a4a1-3db8-50ca-97a3-fd5ec0846161,covers,urn:uuid:249b909e-94c5-55a3-bd66-5d4382a18035,chapter4.tex:1609-1744 (line 1744 blank boundary omitted from target mapping)
urn:uuid:244fc23b-0ac7-5b65-b8f8-dfdbb44041b9,relation/unit/bab-4-limit-dan-kompletisasi-grup/section/01/covers/surface/unit-034/protected-math-zone/160-inline,urn:uuid:3f49a4a1-3db8-50ca-97a3-fd5ec0846161,covers,urn:uuid:02bf13aa-2a2f-5e30-856f-60f27b226c60,chapter4.tex:1609-1744 (line 1744 blank boundary omitted from target mapping)
urn:uuid:28046158-8476-5c1a-82d5-850a1e15baba,relation/unit/bab-4-limit-dan-kompletisasi-grup/section/01/covers/surface/unit-034/protected-math-zone/161-inline,urn:uuid:3f49a4a1-3db8-50ca-97a3-fd5ec0846161,covers,urn:uuid:86da1cff-c46a-53c0-9bc1-dffd3b92000d,chapter4.tex:1609-1744 (line 1744 blank boundary omitted from target mapping)
urn:uuid:a6d1ac12-f621-5136-b5ae-45794c48828a,relation/unit/bab-4-limit-dan-kompletisasi-grup/section/01/covers/surface/unit-034/protected-math-zone/162-inline,urn:uuid:3f49a4a1-3db8-50ca-97a3-fd5ec0846161,covers,urn:uuid:17a6e8a3-e24c-51b8-bcb3-a86e867d4ef7,chapter4.tex:1609-1744 (line 1744 blank boundary omitted from target mapping)
urn:uuid:56eadcd3-ab93-525f-99d8-1bc91b0251d0,relation/unit/bab-4-limit-dan-kompletisasi-grup/section/01/covers/surface/unit-034/protected-math-zone/163-inline,urn:uuid:3f49a4a1-3db8-50ca-97a3-fd5ec0846161,covers,urn:uuid:b595b0eb-fe8e-5978-975b-054618a5700e,chapter4.tex:1609-1744 (line 1744 blank boundary omitted from target mapping)
urn:uuid:94f8817e-6150-5d25-9a2c-c1998282fc20,relation/unit/bab-4-limit-dan-kompletisasi-grup/section/01/covers/surface/unit-034/protected-math-zone/164-inline,urn:uuid:3f49a4a1-3db8-50ca-97a3-fd5ec0846161,covers,urn:uuid:1b0972a0-315f-5d55-a960-780840b8a542,chapter4.tex:1609-1744 (line 1744 blank boundary omitted from target mapping)
urn:uuid:fe225fa0-4607-532f-b155-ce834d0500ba,relation/unit/bab-4-limit-dan-kompletisasi-grup/section/01/covers/surface/unit-034/protected-math-zone/165-inline,urn:uuid:3f49a4a1-3db8-50ca-97a3-fd5ec0846161,covers,urn:uuid:3a19367a-521c-5f98-bda6-fe44940fe977,chapter4.tex:1609-1744 (line 1744 blank boundary omitted from target mapping)
urn:uuid:762c34ac-56b3-53e5-808c-16c49ee32ae2,relation/unit/bab-4-limit-dan-kompletisasi-grup/section/01/covers/surface/unit-034/protected-math-zone/166-inline,urn:uuid:3f49a4a1-3db8-50ca-97a3-fd5ec0846161,covers,urn:uuid:dca51ea0-d881-5607-b9bb-4a62ae38075a,chapter4.tex:1609-1744 (line 1744 blank boundary omitted from target mapping)
urn:uuid:e28349ab-535f-5a3e-a378-9feaf647c66c,relation/unit/bab-4-limit-dan-kompletisasi-grup/section/01/covers/surface/unit-034/protected-math-zone/167-inline,urn:uuid:3f49a4a1-3db8-50ca-97a3-fd5ec0846161,covers,urn:uuid:32e4a0a4-33a2-5944-9066-2b05cde7aee7,chapter4.tex:1609-1744 (line 1744 blank boundary omitted from target mapping)
urn:uuid:9465bb67-2f70-5618-9b4d-59c5c06d01a5,relation/unit/bab-4-limit-dan-kompletisasi-grup/section/01/covers/surface/unit-034/protected-math-zone/168-inline,urn:uuid:3f49a4a1-3db8-50ca-97a3-fd5ec0846161,covers,urn:uuid:6a15d6c9-cb25-5c11-88b0-34828d0ee88f,chapter4.tex:1609-1744 (line 1744 blank boundary omitted from target mapping)
urn:uuid:cf3eab8c-fe58-5f2c-a29f-f990ab2b9e9e,relation/unit/bab-4-limit-dan-kompletisasi-grup/section/01/covers/surface/unit-034/protected-math-zone/169-inline,urn:uuid:3f49a4a1-3db8-50ca-97a3-fd5ec0846161,covers,urn:uuid:f1042a44-f98b-5d58-8b18-6e17355802ff,chapter4.tex:1609-1744 (line 1744 blank boundary omitted from target mapping)
urn:uuid:a0cc0fa1-8e80-572b-b168-65fdfe2dbaab,relation/unit/bab-4-limit-dan-kompletisasi-grup/section/01/covers/surface/unit-034/protected-math-zone/170-inline,urn:uuid:3f49a4a1-3db8-50ca-97a3-fd5ec0846161,covers,urn:uuid:f55b3319-2504-534e-9f0c-e3bd0839add1,chapter4.tex:1609-1744 (line 1744 blank boundary omitted from target mapping)
urn:uuid:3e89a7f9-f021-59a4-a2a9-0c8b5f84391d,relation/unit/bab-4-limit-dan-kompletisasi-grup/section/01/covers/surface/unit-034/protected-math-zone/171-inline,urn:uuid:3f49a4a1-3db8-50ca-97a3-fd5ec0846161,covers,urn:uuid:cd5077ed-7b81-5069-86ba-ad96745808df,chapter4.tex:1609-1744 (line 1744 blank boundary omitted from target mapping)
urn:uuid:7cf77cdb-9eef-5e67-878e-5566ca4c4ee4,relation/unit/bab-4-limit-dan-kompletisasi-grup/section/01/covers/surface/unit-034/protected-math-zone/172-inline,urn:uuid:3f49a4a1-3db8-50ca-97a3-fd5ec0846161,covers,urn:uuid:3b887e26-a681-5284-ae34-c6b4f64d23c0,chapter4.tex:1609-1744 (line 1744 blank boundary omitted from target mapping)
urn:uuid:9d0b09f8-fa7a-5707-8148-ce7c314913c7,relation/unit/bab-4-limit-dan-kompletisasi-grup/section/01/covers/surface/unit-034/protected-math-zone/173-inline,urn:uuid:3f49a4a1-3db8-50ca-97a3-fd5ec0846161,covers,urn:uuid:7ccc82fe-254f-5756-8456-2aed5abc9ed9,chapter4.tex:1609-1744 (line 1744 blank boundary omitted from target mapping)
urn:uuid:ef00a348-e580-5002-a594-50a1da8cdb45,relation/unit/bab-4-limit-dan-kompletisasi-grup/section/01/covers/surface/unit-034/protected-math-zone/174-inline,urn:uuid:3f49a4a1-3db8-50ca-97a3-fd5ec0846161,covers,urn:uuid:739d28a2-c7d1-58aa-abdc-7a645d231010,chapter4.tex:1609-1744 (line 1744 blank boundary omitted from target mapping)
urn:uuid:1c533f34-4b96-582b-920a-94717471e280,relation/unit/bab-4-limit-dan-kompletisasi-grup/section/01/covers/surface/unit-034/protected-math-zone/175-inline,urn:uuid:3f49a4a1-3db8-50ca-97a3-fd5ec0846161,covers,urn:uuid:7ddedb9a-c8e5-5dd5-9fc0-d08bf408a7ad,chapter4.tex:1609-1744 (line 1744 blank boundary omitted from target mapping)
urn:uuid:1dbab6fa-a336-5042-b387-32a0dba6d7f7,relation/unit/bab-4-limit-dan-kompletisasi-grup/section/01/covers/surface/unit-034/protected-math-zone/176-inline,urn:uuid:3f49a4a1-3db8-50ca-97a3-fd5ec0846161,covers,urn:uuid:e163099e-28dd-564a-9a39-8c265c6b8138,chapter4.tex:1609-1744 (line 1744 blank boundary omitted from target mapping)
urn:uuid:5d32c269-7d89-593e-90ac-556bc210e3ad,relation/unit/bab-4-limit-dan-kompletisasi-grup/section/01/covers/surface/unit-034/protected-math-zone/177-inline,urn:uuid:3f49a4a1-3db8-50ca-97a3-fd5ec0846161,covers,urn:uuid:932498a1-ac3c-5978-984c-1a9e0f6b1fe9,chapter4.tex:1609-1744 (line 1744 blank boundary omitted from target mapping)
urn:uuid:a7caa416-6fa5-5a90-9919-fa8ae346969c,relation/unit/bab-4-limit-dan-kompletisasi-grup/section/01/covers/surface/unit-034/protected-math-zone/178-inline,urn:uuid:3f49a4a1-3db8-50ca-97a3-fd5ec0846161,covers,urn:uuid:60b46ec8-19bc-5183-90b4-e0b57df82979,chapter4.tex:1609-1744 (line 1744 blank boundary omitted from target mapping)
urn:uuid:7db23b98-f1bb-56b1-9ab9-d240bbb466b5,relation/unit/bab-4-limit-dan-kompletisasi-grup/section/01/covers/surface/unit-034/protected-math-zone/179-inline,urn:uuid:3f49a4a1-3db8-50ca-97a3-fd5ec0846161,covers,urn:uuid:5de5638e-0bc6-5216-a014-1e015b55c1b5,chapter4.tex:1609-1744 (line 1744 blank boundary omitted from target mapping)
urn:uuid:1d126603-9ec3-59ef-ae7e-3caab498701a,relation/unit/bab-4-limit-dan-kompletisasi-grup/section/01/covers/surface/unit-034/protected-math-zone/180-inline,urn:uuid:3f49a4a1-3db8-50ca-97a3-fd5ec0846161,covers,urn:uuid:fa9f05e5-75c1-58fa-84ba-28a9bd6aa767,chapter4.tex:1609-1744 (line 1744 blank boundary omitted from target mapping)
urn:uuid:9e9338cf-2f06-59fa-9aa7-4ffa7784f076,relation/unit/bab-4-limit-dan-kompletisasi-grup/section/01/covers/surface/unit-034/protected-math-zone/181-inline,urn:uuid:3f49a4a1-3db8-50ca-97a3-fd5ec0846161,covers,urn:uuid:402bdbf5-4309-5084-b4a9-86c8d74f3b87,chapter4.tex:1609-1744 (line 1744 blank boundary omitted from target mapping)
urn:uuid:981d5923-b7f0-5cf1-a330-966fd99bee02,relation/unit/bab-4-limit-dan-kompletisasi-grup/section/01/covers/surface/unit-034/protected-math-zone/182-inline,urn:uuid:3f49a4a1-3db8-50ca-97a3-fd5ec0846161,covers,urn:uuid:1e7d62d4-90a8-52d7-b840-4eedba7c59bf,chapter4.tex:1609-1744 (line 1744 blank boundary omitted from target mapping)
urn:uuid:29cf5413-1c00-5298-a780-567e37dba58a,relation/unit/bab-4-limit-dan-kompletisasi-grup/section/01/covers/surface/unit-034/protected-math-zone/183-inline,urn:uuid:3f49a4a1-3db8-50ca-97a3-fd5ec0846161,covers,urn:uuid:7af73a26-1ae2-5358-a670-78c199950b0c,chapter4.tex:1609-1744 (line 1744 blank boundary omitted from target mapping)
urn:uuid:abc6f749-d920-58a0-83d9-28677f6a24c4,relation/unit/bab-4-limit-dan-kompletisasi-grup/section/01/covers/surface/unit-034/protected-math-zone/184-inline,urn:uuid:3f49a4a1-3db8-50ca-97a3-fd5ec0846161,covers,urn:uuid:3e9784c8-a6c4-5c1e-ba75-0a50e7578f0d,chapter4.tex:1609-1744 (line 1744 blank boundary omitted from target mapping)
urn:uuid:5a2a1c60-9a4b-505b-8470-6dce5773e4b3,relation/unit/bab-4-limit-dan-kompletisasi-grup/section/01/covers/surface/unit-034/protected-math-zone/185-inline,urn:uuid:3f49a4a1-3db8-50ca-97a3-fd5ec0846161,covers,urn:uuid:eaa86f76-4e56-58f8-b151-7671df205573,chapter4.tex:1609-1744 (line 1744 blank boundary omitted from target mapping)
urn:uuid:e0f36267-e301-5a2e-acca-17dda7a5c866,relation/unit/bab-4-limit-dan-kompletisasi-grup/section/01/covers/surface/unit-034/protected-math-zone/186-inline,urn:uuid:3f49a4a1-3db8-50ca-97a3-fd5ec0846161,covers,urn:uuid:37681a49-d589-54dc-bcfc-4ea9b2e8d174,chapter4.tex:1609-1744 (line 1744 blank boundary omitted from target mapping)
urn:uuid:ff2ad69f-4ced-5f05-ba26-c7bc0e348bb1,relation/unit/bab-4-limit-dan-kompletisasi-grup/section/01/covers/surface/unit-034/protected-math-zone/187-inline,urn:uuid:3f49a4a1-3db8-50ca-97a3-fd5ec0846161,covers,urn:uuid:93d54cd1-c301-5636-8cea-4dd2c1b79c39,chapter4.tex:1609-1744 (line 1744 blank boundary omitted from target mapping)
urn:uuid:fa346be1-1334-5c51-b4c4-d57dbe42e6f4,relation/unit/bab-4-limit-dan-kompletisasi-grup/section/01/covers/surface/unit-034/protected-math-zone/188-inline,urn:uuid:3f49a4a1-3db8-50ca-97a3-fd5ec0846161,covers,urn:uuid:94c2a2a2-2d19-5dcd-b123-07c8486e3e16,chapter4.tex:1609-1744 (line 1744 blank boundary omitted from target mapping)
urn:uuid:8e7dc199-c05a-5387-842c-6a2940c37ea8,relation/unit/bab-4-limit-dan-kompletisasi-grup/section/01/covers/surface/unit-034/protected-math-zone/189-inline,urn:uuid:3f49a4a1-3db8-50ca-97a3-fd5ec0846161,covers,urn:uuid:3a0f583e-8972-5575-9924-9e78d03b72aa,chapter4.tex:1609-1744 (line 1744 blank boundary omitted from target mapping)
urn:uuid:d3566461-9840-5e50-b13e-23c752fbd76d,relation/unit/bab-4-limit-dan-kompletisasi-grup/section/01/covers/surface/unit-034/protected-math-zone/190-inline,urn:uuid:3f49a4a1-3db8-50ca-97a3-fd5ec0846161,covers,urn:uuid:7e679be3-0122-59c8-87c9-c9e625a3f5aa,chapter4.tex:1609-1744 (line 1744 blank boundary omitted from target mapping)
urn:uuid:5218da0d-6323-5521-899b-1ae3f3d241b8,relation/unit/bab-4-limit-dan-kompletisasi-grup/section/01/covers/surface/unit-034/protected-math-zone/191-inline,urn:uuid:3f49a4a1-3db8-50ca-97a3-fd5ec0846161,covers,urn:uuid:276f43d6-9bd0-50e6-b4fb-dda0b23f4e93,chapter4.tex:1609-1744 (line 1744 blank boundary omitted from target mapping)
urn:uuid:ee2c0a3b-b122-5307-b5dd-52a7cc38daf5,relation/unit/bab-4-limit-dan-kompletisasi-grup/section/01/covers/surface/unit-034/protected-math-zone/192-inline,urn:uuid:3f49a4a1-3db8-50ca-97a3-fd5ec0846161,covers,urn:uuid:e7192134-3df1-5523-899a-16ef7764bc86,chapter4.tex:1609-1744 (line 1744 blank boundary omitted from target mapping)
urn:uuid:119bce14-6c26-52f8-8997-6d5cb6aeae07,relation/unit/bab-4-limit-dan-kompletisasi-grup/section/01/covers/surface/unit-034/protected-math-zone/193-inline,urn:uuid:3f49a4a1-3db8-50ca-97a3-fd5ec0846161,covers,urn:uuid:c72a6bf7-dca0-5767-b34c-647629d4e282,chapter4.tex:1609-1744 (line 1744 blank boundary omitted from target mapping)
urn:uuid:eeef46b2-fe68-58b8-827b-c3d10474e23e,relation/unit/bab-4-limit-dan-kompletisasi-grup/section/01/covers/surface/unit-034/protected-math-zone/194-inline,urn:uuid:3f49a4a1-3db8-50ca-97a3-fd5ec0846161,covers,urn:uuid:a7ddedf3-a39b-5d59-8d73-def1c45e675a,chapter4.tex:1609-1744 (line 1744 blank boundary omitted from target mapping)
urn:uuid:73164eea-3a86-54b5-998d-04c30976224e,relation/unit/bab-4-limit-dan-kompletisasi-grup/section/01/covers/surface/unit-034/protected-math-zone/195-inline,urn:uuid:3f49a4a1-3db8-50ca-97a3-fd5ec0846161,covers,urn:uuid:0b8df4ff-3c5a-5f74-b717-c51252331af6,chapter4.tex:1609-1744 (line 1744 blank boundary omitted from target mapping)
urn:uuid:6579615f-bdb3-5b38-b2d6-1f90c15fe9bd,relation/unit/bab-4-limit-dan-kompletisasi-grup/section/01/covers/surface/unit-034/protected-math-zone/196-inline,urn:uuid:3f49a4a1-3db8-50ca-97a3-fd5ec0846161,covers,urn:uuid:72977762-dd63-507a-bc76-a8b943a63b00,chapter4.tex:1609-1744 (line 1744 blank boundary omitted from target mapping)
urn:uuid:676cf6bd-ce85-50e9-9d65-3ea7fdd78107,relation/unit/bab-4-limit-dan-kompletisasi-grup/section/01/covers/surface/unit-034/protected-math-zone/197-inline,urn:uuid:3f49a4a1-3db8-50ca-97a3-fd5ec0846161,covers,urn:uuid:00c6120e-8722-585e-9c57-7db4b21bb051,chapter4.tex:1609-1744 (line 1744 blank boundary omitted from target mapping)
urn:uuid:04baaeab-4c4f-5d16-baaf-006529d98c4f,relation/unit/bab-4-limit-dan-kompletisasi-grup/section/01/covers/surface/unit-034/protected-math-zone/198-inline,urn:uuid:3f49a4a1-3db8-50ca-97a3-fd5ec0846161,covers,urn:uuid:5f11f1e2-dc8e-5ec3-845e-e655288bdeb5,chapter4.tex:1609-1744 (line 1744 blank boundary omitted from target mapping)
urn:uuid:6fadb553-1571-5700-b064-94ea21494b29,relation/unit/bab-4-limit-dan-kompletisasi-grup/section/01/covers/surface/unit-034/protected-math-zone/199-inline,urn:uuid:3f49a4a1-3db8-50ca-97a3-fd5ec0846161,covers,urn:uuid:d5e42d83-0dba-5280-8ffc-489e8545613e,chapter4.tex:1609-1744 (line 1744 blank boundary omitted from target mapping)
urn:uuid:e0c3d837-cb42-5fd3-a63c-b0b0f2f31625,relation/unit/bab-4-limit-dan-kompletisasi-grup/section/01/covers/surface/unit-034/protected-math-zone/200-inline,urn:uuid:3f49a4a1-3db8-50ca-97a3-fd5ec0846161,covers,urn:uuid:e8e8da65-1b7f-5deb-af27-7fb322b62d1b,chapter4.tex:1609-1744 (line 1744 blank boundary omitted from target mapping)
urn:uuid:177feb22-97d1-51a2-bbae-4f10cbeccfb2,relation/unit/bab-4-limit-dan-kompletisasi-grup/section/01/covers/surface/unit-034/protected-math-zone/201-inline,urn:uuid:3f49a4a1-3db8-50ca-97a3-fd5ec0846161,covers,urn:uuid:9788bf91-9fb0-55a0-8a76-31e5540a3001,chapter4.tex:1609-1744 (line 1744 blank boundary omitted from target mapping)
urn:uuid:4bc65cb7-a067-5111-8767-e68f1ee2e724,relation/unit/bab-4-limit-dan-kompletisasi-grup/section/01/covers/surface/unit-034/protected-math-zone/202-inline,urn:uuid:3f49a4a1-3db8-50ca-97a3-fd5ec0846161,covers,urn:uuid:050952e1-a334-5e62-bfed-cbe369b48739,chapter4.tex:1609-1744 (line 1744 blank boundary omitted from target mapping)
urn:uuid:73d81d65-8765-576d-901a-0c03066c1f52,relation/unit/bab-4-limit-dan-kompletisasi-grup/section/01/covers/surface/unit-034/protected-math-zone/203-inline,urn:uuid:3f49a4a1-3db8-50ca-97a3-fd5ec0846161,covers,urn:uuid:dc04cceb-4140-5468-a1bd-ede42b9fc78c,chapter4.tex:1609-1744 (line 1744 blank boundary omitted from target mapping)
urn:uuid:e7357a2b-0b8f-5e0b-8211-23eb6204db7a,relation/unit/bab-4-limit-dan-kompletisasi-grup/section/01/covers/surface/unit-034/protected-math-zone/204-inline,urn:uuid:3f49a4a1-3db8-50ca-97a3-fd5ec0846161,covers,urn:uuid:06f9b4a5-3ec0-5929-816b-1c3de6a37d98,chapter4.tex:1609-1744 (line 1744 blank boundary omitted from target mapping)
urn:uuid:3c8a6b9e-844a-5997-b5d8-59e56e458244,relation/unit/bab-4-limit-dan-kompletisasi-grup/section/01/covers/surface/unit-034/protected-math-zone/205-inline,urn:uuid:3f49a4a1-3db8-50ca-97a3-fd5ec0846161,covers,urn:uuid:8b3900e0-9d65-5f73-8116-283386fbcfa6,chapter4.tex:1609-1744 (line 1744 blank boundary omitted from target mapping)
urn:uuid:6bec636d-5b03-5cf7-8185-0d8bacff1ded,relation/unit/bab-4-limit-dan-kompletisasi-grup/section/01/covers/surface/unit-034/protected-math-zone/206-inline,urn:uuid:3f49a4a1-3db8-50ca-97a3-fd5ec0846161,covers,urn:uuid:d897c198-2b3a-54d9-8bc5-539372d9032f,chapter4.tex:1609-1744 (line 1744 blank boundary omitted from target mapping)
urn:uuid:9c1af581-6fe8-5ac4-b95b-1869d871d8b1,relation/unit/bab-4-limit-dan-kompletisasi-grup/section/01/covers/surface/unit-034/protected-math-zone/207-inline,urn:uuid:3f49a4a1-3db8-50ca-97a3-fd5ec0846161,covers,urn:uuid:a327ca34-3be3-50b2-8f1c-73c41b4dcf7d,chapter4.tex:1609-1744 (line 1744 blank boundary omitted from target mapping)
urn:uuid:b49ff438-f317-5b47-821d-bf07d4bb55db,relation/unit/bab-4-limit-dan-kompletisasi-grup/section/01/covers/surface/unit-034/protected-math-zone/208-inline,urn:uuid:3f49a4a1-3db8-50ca-97a3-fd5ec0846161,covers,urn:uuid:958155f9-f982-58eb-ab06-536cf59d66cc,chapter4.tex:1609-1744 (line 1744 blank boundary omitted from target mapping)
urn:uuid:8254610f-1102-50fb-80c7-2789fbaf20ba,relation/unit/bab-4-limit-dan-kompletisasi-grup/section/01/covers/surface/unit-034/protected-math-zone/209-inline,urn:uuid:3f49a4a1-3db8-50ca-97a3-fd5ec0846161,covers,urn:uuid:5c3f082e-9bb7-5d73-8e02-c18cd9084ab0,chapter4.tex:1609-1744 (line 1744 blank boundary omitted from target mapping)
urn:uuid:b1d820a4-6090-54dc-8556-9a006b2b01fc,relation/unit/bab-4-limit-dan-kompletisasi-grup/section/01/covers/surface/unit-034/protected-math-zone/210-inline,urn:uuid:3f49a4a1-3db8-50ca-97a3-fd5ec0846161,covers,urn:uuid:fc82600c-9559-5094-957d-467b7567a120,chapter4.tex:1609-1744 (line 1744 blank boundary omitted from target mapping)
urn:uuid:719bc067-70ab-5400-a6d5-6c706c2320a1,relation/unit/bab-4-limit-dan-kompletisasi-grup/section/01/covers/surface/unit-034/protected-math-zone/211-inline,urn:uuid:3f49a4a1-3db8-50ca-97a3-fd5ec0846161,covers,urn:uuid:d90a8cef-e1e3-5e2e-9e5a-cd8254d0de0a,chapter4.tex:1609-1744 (line 1744 blank boundary omitted from target mapping)
urn:uuid:16c060a6-5be8-5d80-98e8-61ba6e9c6244,relation/unit/bab-4-limit-dan-kompletisasi-grup/section/01/covers/surface/unit-034/protected-math-zone/212-inline,urn:uuid:3f49a4a1-3db8-50ca-97a3-fd5ec0846161,covers,urn:uuid:68593d6c-2b91-50f9-aa14-e489d54a45cc,chapter4.tex:1609-1744 (line 1744 blank boundary omitted from target mapping)
urn:uuid:70753c1c-7950-572e-9df4-a472f80090cd,relation/unit/bab-4-limit-dan-kompletisasi-grup/section/01/covers/surface/unit-034/protected-math-zone/213-inline,urn:uuid:3f49a4a1-3db8-50ca-97a3-fd5ec0846161,covers,urn:uuid:2f70855a-c46c-52b9-86e5-073b7a305ac6,chapter4.tex:1609-1744 (line 1744 blank boundary omitted from target mapping)
urn:uuid:aa04cf3f-cee2-557d-b436-871c5f4ffab6,relation/unit/bab-4-limit-dan-kompletisasi-grup/section/01/covers/surface/unit-034/protected-math-zone/214-inline,urn:uuid:3f49a4a1-3db8-50ca-97a3-fd5ec0846161,covers,urn:uuid:7592dbdc-28ff-5f69-9c47-08afac8aaf69,chapter4.tex:1609-1744 (line 1744 blank boundary omitted from target mapping)
urn:uuid:1a006a5c-b34c-500d-a177-da00b814fcb4,relation/unit/bab-4-limit-dan-kompletisasi-grup/section/01/covers/surface/unit-034/protected-math-zone/215-inline,urn:uuid:3f49a4a1-3db8-50ca-97a3-fd5ec0846161,covers,urn:uuid:d538cfa8-5634-56dd-bcde-3246704189fb,chapter4.tex:1609-1744 (line 1744 blank boundary omitted from target mapping)
urn:uuid:4d946959-1b25-5268-b55b-709e31317e7a,relation/unit/bab-4-limit-dan-kompletisasi-grup/section/01/covers/surface/unit-034/protected-math-zone/216-inline,urn:uuid:3f49a4a1-3db8-50ca-97a3-fd5ec0846161,covers,urn:uuid:12e5e2a4-8871-568f-87be-0c058f285e9b,chapter4.tex:1609-1744 (line 1744 blank boundary omitted from target mapping)
urn:uuid:f86e2b01-056f-5963-8853-70e07e19f246,relation/unit/bab-4-limit-dan-kompletisasi-grup/section/01/covers/surface/unit-034/protected-math-zone/217-inline,urn:uuid:3f49a4a1-3db8-50ca-97a3-fd5ec0846161,covers,urn:uuid:deaa97e5-4d43-5184-b06a-ee728cf80411,chapter4.tex:1609-1744 (line 1744 blank boundary omitted from target mapping)
urn:uuid:84357022-5232-5a94-a36e-3ccf640669cd,relation/unit/bab-4-limit-dan-kompletisasi-grup/section/01/covers/surface/unit-034/protected-math-zone/218-inline,urn:uuid:3f49a4a1-3db8-50ca-97a3-fd5ec0846161,covers,urn:uuid:f9a64034-83e3-5d48-894c-9d6a0baaaebd,chapter4.tex:1609-1744 (line 1744 blank boundary omitted from target mapping)
urn:uuid:1a9d7b2f-efa8-58cb-890c-29f99a0cdc42,relation/unit/bab-4-limit-dan-kompletisasi-grup/section/01/covers/surface/unit-034/protected-math-zone/219-inline,urn:uuid:3f49a4a1-3db8-50ca-97a3-fd5ec0846161,covers,urn:uuid:36eefcd7-0714-5755-be24-1f33195b58d5,chapter4.tex:1609-1744 (line 1744 blank boundary omitted from target mapping)
urn:uuid:ac0da557-136a-577b-be7a-07f649ceccd4,relation/unit/bab-4-limit-dan-kompletisasi-grup/section/01/covers/surface/unit-034/protected-math-zone/220-inline,urn:uuid:3f49a4a1-3db8-50ca-97a3-fd5ec0846161,covers,urn:uuid:52330530-87b8-55eb-824b-28f3250e92d8,chapter4.tex:1609-1744 (line 1744 blank boundary omitted from target mapping)
urn:uuid:d9d523d3-9b2b-5f99-aa5a-e6a6664eb657,relation/unit/bab-4-limit-dan-kompletisasi-grup/section/01/covers/surface/unit-034/protected-math-zone/221-inline,urn:uuid:3f49a4a1-3db8-50ca-97a3-fd5ec0846161,covers,urn:uuid:a4b0cf6c-c1b5-504e-a248-d7576dac1e2a,chapter4.tex:1609-1744 (line 1744 blank boundary omitted from target mapping)
urn:uuid:fff3475a-bd67-55f6-8143-89920e5d47fc,relation/unit/bab-4-limit-dan-kompletisasi-grup/section/01/covers/surface/unit-034/protected-math-zone/222-inline,urn:uuid:3f49a4a1-3db8-50ca-97a3-fd5ec0846161,covers,urn:uuid:e0c62fe8-715e-5d58-ad0d-6c85ccdc0580,chapter4.tex:1609-1744 (line 1744 blank boundary omitted from target mapping)
urn:uuid:21a3be18-f355-5c1e-8eba-b551c2e79c7b,relation/unit/bab-4-limit-dan-kompletisasi-grup/section/01/covers/surface/unit-034/protected-math-zone/223-inline,urn:uuid:3f49a4a1-3db8-50ca-97a3-fd5ec0846161,covers,urn:uuid:fe2faad4-8e24-52e9-b311-6aa03cf90721,chapter4.tex:1609-1744 (line 1744 blank boundary omitted from target mapping)
urn:uuid:b45cca7a-a85c-5c36-9ce1-ed290a1a99fc,relation/unit/bab-4-limit-dan-kompletisasi-grup/section/01/covers/surface/unit-034/protected-math-zone/224-inline,urn:uuid:3f49a4a1-3db8-50ca-97a3-fd5ec0846161,covers,urn:uuid:943b18d0-c985-5517-89f5-e04dfeda6bf5,chapter4.tex:1609-1744 (line 1744 blank boundary omitted from target mapping)
urn:uuid:9ec994c5-f661-54ce-a24f-3d9d962ba9a2,relation/unit/bab-4-limit-dan-kompletisasi-grup/section/01/covers/surface/unit-034/protected-math-zone/225-inline,urn:uuid:3f49a4a1-3db8-50ca-97a3-fd5ec0846161,covers,urn:uuid:026e3804-474e-5180-adce-d332217d47a2,chapter4.tex:1609-1744 (line 1744 blank boundary omitted from target mapping)
urn:uuid:2df46133-8f1b-5409-aa39-094c36813e84,relation/unit/bab-4-limit-dan-kompletisasi-grup/section/01/covers/surface/unit-034/protected-math-zone/226-inline,urn:uuid:3f49a4a1-3db8-50ca-97a3-fd5ec0846161,covers,urn:uuid:1037a4da-371d-5227-bc27-8b466f840d19,chapter4.tex:1609-1744 (line 1744 blank boundary omitted from target mapping)
urn:uuid:4f355e93-2911-5b4b-8390-1d9d4419630f,relation/unit/bab-4-limit-dan-kompletisasi-grup/section/01/covers/surface/unit-034/protected-math-zone/227-inline,urn:uuid:3f49a4a1-3db8-50ca-97a3-fd5ec0846161,covers,urn:uuid:98e8f2c9-50b2-5622-9aac-d2fca6489e61,chapter4.tex:1609-1744 (line 1744 blank boundary omitted from target mapping)
urn:uuid:484d3049-d690-523b-99a7-982a7f7b3d08,relation/unit/bab-4-limit-dan-kompletisasi-grup/section/01/covers/surface/unit-034/protected-math-zone/228-inline,urn:uuid:3f49a4a1-3db8-50ca-97a3-fd5ec0846161,covers,urn:uuid:35f8998d-f605-54fe-977a-90ec734a5fdf,chapter4.tex:1609-1744 (line 1744 blank boundary omitted from target mapping)
urn:uuid:e588b9e9-fc7d-5603-bbc1-61bca920466f,relation/unit/bab-4-limit-dan-kompletisasi-grup/section/01/covers/surface/unit-034/protected-math-zone/229-inline,urn:uuid:3f49a4a1-3db8-50ca-97a3-fd5ec0846161,covers,urn:uuid:37ffbdc7-5bd3-5acc-8eef-ffe38385ce6a,chapter4.tex:1609-1744 (line 1744 blank boundary omitted from target mapping)
urn:uuid:5d507322-cab7-5a6f-a677-5e555eaba181,relation/unit/bab-4-limit-dan-kompletisasi-grup/section/01/covers/surface/unit-034/protected-math-zone/230-inline,urn:uuid:3f49a4a1-3db8-50ca-97a3-fd5ec0846161,covers,urn:uuid:17594b5e-8118-5b0c-a462-a92b9852840c,chapter4.tex:1609-1744 (line 1744 blank boundary omitted from target mapping)
urn:uuid:edf8c6eb-368e-59b6-be81-49d383d88d6b,relation/unit/bab-4-limit-dan-kompletisasi-grup/section/01/covers/surface/unit-034/protected-math-zone/231-inline,urn:uuid:3f49a4a1-3db8-50ca-97a3-fd5ec0846161,covers,urn:uuid:568f588b-8781-5b1f-9316-c313ec0452d1,chapter4.tex:1609-1744 (line 1744 blank boundary omitted from target mapping)
urn:uuid:2ecec5fd-d9e5-5db7-9ff5-5c0604c5e4f9,relation/unit/bab-4-limit-dan-kompletisasi-grup/section/01/covers/surface/unit-034/protected-math-zone/232-inline,urn:uuid:3f49a4a1-3db8-50ca-97a3-fd5ec0846161,covers,urn:uuid:da74972d-6c3e-5873-83a0-dc2076d96669,chapter4.tex:1609-1744 (line 1744 blank boundary omitted from target mapping)
urn:uuid:79eb9699-1ab9-5937-8dea-2c325b904953,relation/unit/bab-4-limit-dan-kompletisasi-grup/section/01/covers/surface/unit-034/protected-math-zone/233-inline,urn:uuid:3f49a4a1-3db8-50ca-97a3-fd5ec0846161,covers,urn:uuid:99bc89d2-8dd0-55f8-889c-ea7bec29648d,chapter4.tex:1609-1744 (line 1744 blank boundary omitted from target mapping)
urn:uuid:540766e5-c031-5933-b859-e43f4be2d227,relation/unit/bab-4-limit-dan-kompletisasi-grup/section/01/covers/surface/unit-034/protected-math-zone/234-inline,urn:uuid:3f49a4a1-3db8-50ca-97a3-fd5ec0846161,covers,urn:uuid:837a247e-d925-5df6-a999-b1b8417b180f,chapter4.tex:1609-1744 (line 1744 blank boundary omitted from target mapping)
urn:uuid:89e50703-bbed-5918-a417-21b8ac10d22f,relation/unit/bab-4-limit-dan-kompletisasi-grup/section/01/covers/surface/unit-034/protected-math-zone/235-inline,urn:uuid:3f49a4a1-3db8-50ca-97a3-fd5ec0846161,covers,urn:uuid:736200d1-e917-5730-891e-adeff5b4872c,chapter4.tex:1609-1744 (line 1744 blank boundary omitted from target mapping)
urn:uuid:94caadc7-ff81-53af-947d-81ef83590176,relation/unit/bab-4-limit-dan-kompletisasi-grup/section/01/covers/surface/unit-034/protected-math-zone/236-inline,urn:uuid:3f49a4a1-3db8-50ca-97a3-fd5ec0846161,covers,urn:uuid:e27639e5-2b4b-5ba1-b250-c342ab261b8d,chapter4.tex:1609-1744 (line 1744 blank boundary omitted from target mapping)
urn:uuid:f2184604-0263-5c12-b494-3eb797b60255,relation/unit/bab-4-limit-dan-kompletisasi-grup/section/01/covers/surface/unit-034/protected-math-zone/237-inline,urn:uuid:3f49a4a1-3db8-50ca-97a3-fd5ec0846161,covers,urn:uuid:10e2eb90-eccf-5363-b03b-a33c2c59889c,chapter4.tex:1609-1744 (line 1744 blank boundary omitted from target mapping)
urn:uuid:8f622a27-c162-5621-9d27-2c29f70570db,relation/unit/bab-4-limit-dan-kompletisasi-grup/section/01/covers/surface/unit-034/protected-math-zone/238-inline,urn:uuid:3f49a4a1-3db8-50ca-97a3-fd5ec0846161,covers,urn:uuid:a17ef9bd-57a2-5705-ab58-93bc476fbf76,chapter4.tex:1609-1744 (line 1744 blank boundary omitted from target mapping)
urn:uuid:1c14ceeb-bbae-5464-a086-597d5f5b215d,relation/unit/bab-4-limit-dan-kompletisasi-grup/section/01/covers/surface/unit-034/protected-math-zone/239-inline,urn:uuid:3f49a4a1-3db8-50ca-97a3-fd5ec0846161,covers,urn:uuid:b1fae40c-0b57-53e1-ab51-78f38de358a2,chapter4.tex:1609-1744 (line 1744 blank boundary omitted from target mapping)
urn:uuid:e2a38f5b-67de-5075-b84f-96854729e705,relation/unit/bab-4-limit-dan-kompletisasi-grup/section/01/covers/surface/unit-034/protected-math-zone/240-inline,urn:uuid:3f49a4a1-3db8-50ca-97a3-fd5ec0846161,covers,urn:uuid:f90a21db-8313-5c17-8aa6-e80b74cd41b2,chapter4.tex:1609-1744 (line 1744 blank boundary omitted from target mapping)
urn:uuid:68e24f2f-bc42-5f6b-b6bf-c5b8c664574b,relation/unit/bab-4-limit-dan-kompletisasi-grup/section/01/covers/surface/unit-034/protected-math-zone/241-inline,urn:uuid:3f49a4a1-3db8-50ca-97a3-fd5ec0846161,covers,urn:uuid:82145396-5119-5bb7-893b-79eb6fe496b8,chapter4.tex:1609-1744 (line 1744 blank boundary omitted from target mapping)
urn:uuid:b5d88aa8-78e2-5f99-ab10-287d472a0235,relation/unit/bab-4-limit-dan-kompletisasi-grup/section/01/covers/surface/unit-034/protected-math-zone/242-inline,urn:uuid:3f49a4a1-3db8-50ca-97a3-fd5ec0846161,covers,urn:uuid:7c387cfb-b62d-5270-8e68-61b6098a92d2,chapter4.tex:1609-1744 (line 1744 blank boundary omitted from target mapping)
urn:uuid:b7f3a37b-f7a4-5719-b02e-7119ef44dabd,relation/unit/bab-4-limit-dan-kompletisasi-grup/section/01/covers/surface/unit-034/protected-math-zone/243-inline,urn:uuid:3f49a4a1-3db8-50ca-97a3-fd5ec0846161,covers,urn:uuid:a0fde605-3d07-52c4-9e01-c8bf35a75bee,chapter4.tex:1609-1744 (line 1744 blank boundary omitted from target mapping)
urn:uuid:d2e3e867-6e8e-5b4a-bc48-5d2802b1f8e4,relation/unit/bab-4-limit-dan-kompletisasi-grup/section/01/covers/surface/unit-034/protected-math-zone/244-inline,urn:uuid:3f49a4a1-3db8-50ca-97a3-fd5ec0846161,covers,urn:uuid:b5091b6f-f395-5295-9715-0418816f68c6,chapter4.tex:1609-1744 (line 1744 blank boundary omitted from target mapping)
urn:uuid:7dcbbe0b-414f-5ed5-8ca9-c32d2a5a9721,relation/unit/bab-4-limit-dan-kompletisasi-grup/section/01/covers/surface/unit-034/protected-math-zone/245-display-environment,urn:uuid:3f49a4a1-3db8-50ca-97a3-fd5ec0846161,covers,urn:uuid:518aab55-96ff-541e-860a-198e78a3eafb,chapter4.tex:1609-1744 (line 1744 blank boundary omitted from target mapping)
urn:uuid:a76dc1ff-853f-562e-9782-037dc7a0c10c,relation/unit/bab-4-limit-dan-kompletisasi-grup/section/01/covers/surface/unit-034/protected-math-zone/246-inline,urn:uuid:3f49a4a1-3db8-50ca-97a3-fd5ec0846161,covers,urn:uuid:05afdca3-d06b-52d1-910b-25e3be373e27,chapter4.tex:1609-1744 (line 1744 blank boundary omitted from target mapping)
urn:uuid:2489b93b-8a52-5278-a1e5-741598bb7748,relation/unit/bab-4-limit-dan-kompletisasi-grup/section/01/covers/surface/unit-034/protected-math-zone/247-inline,urn:uuid:3f49a4a1-3db8-50ca-97a3-fd5ec0846161,covers,urn:uuid:1fb74048-b4ed-5ec2-a673-336fc703d5e6,chapter4.tex:1609-1744 (line 1744 blank boundary omitted from target mapping)
urn:uuid:685843b7-af09-5bec-9298-c4fe6167cd1e,relation/unit/bab-4-limit-dan-kompletisasi-grup/section/01/covers/surface/unit-034/protected-math-zone/248-inline,urn:uuid:3f49a4a1-3db8-50ca-97a3-fd5ec0846161,covers,urn:uuid:fa44d6f5-3ec0-5e2f-b96c-e14d4c7062f7,chapter4.tex:1609-1744 (line 1744 blank boundary omitted from target mapping)
urn:uuid:a450f694-1d80-5d39-8d70-c0fd3c63d895,relation/unit/bab-4-limit-dan-kompletisasi-grup/section/01/covers/surface/unit-034/protected-math-zone/249-inline,urn:uuid:3f49a4a1-3db8-50ca-97a3-fd5ec0846161,covers,urn:uuid:528fbea8-984f-53eb-b8c7-61b59bc1b295,chapter4.tex:1609-1744 (line 1744 blank boundary omitted from target mapping)
urn:uuid:e937a1dd-eda5-5e28-b7dd-d652c9c3e507,relation/unit/bab-4-limit-dan-kompletisasi-grup/section/01/covers/surface/unit-034/protected-math-zone/250-inline,urn:uuid:3f49a4a1-3db8-50ca-97a3-fd5ec0846161,covers,urn:uuid:5152e67f-bd71-5a9b-8cc4-1bd5ad0a9e55,chapter4.tex:1609-1744 (line 1744 blank boundary omitted from target mapping)
urn:uuid:5ca590dd-5c49-5cab-9dd1-c275a09e1cb4,relation/unit/bab-4-limit-dan-kompletisasi-grup/section/01/covers/surface/unit-034/protected-math-zone/251-display-bracket,urn:uuid:3f49a4a1-3db8-50ca-97a3-fd5ec0846161,covers,urn:uuid:17ad5a4a-9338-5698-b8f9-7b9d2b669835,chapter4.tex:1609-1744 (line 1744 blank boundary omitted from target mapping)
urn:uuid:c932b9f5-c2f1-5617-a74b-38501904e24f,relation/unit/bab-4-limit-dan-kompletisasi-grup/section/01/covers/surface/unit-034/protected-math-zone/252-inline,urn:uuid:3f49a4a1-3db8-50ca-97a3-fd5ec0846161,covers,urn:uuid:b1a57679-fb32-5f12-ab44-a8c944ff944a,chapter4.tex:1609-1744 (line 1744 blank boundary omitted from target mapping)
urn:uuid:06a15783-c47d-5d5b-b3bc-d5aa9cde3625,relation/unit/bab-4-limit-dan-kompletisasi-grup/section/01/covers/surface/unit-034/protected-math-zone/253-inline,urn:uuid:3f49a4a1-3db8-50ca-97a3-fd5ec0846161,covers,urn:uuid:57068b5d-a9c1-54fd-a6fb-ff2993863a4d,chapter4.tex:1609-1744 (line 1744 blank boundary omitted from target mapping)
urn:uuid:24b65957-506c-5d87-b553-3e4eae2a68ff,relation/unit/bab-4-limit-dan-kompletisasi-grup/section/01/covers/surface/unit-034/protected-math-zone/254-inline,urn:uuid:3f49a4a1-3db8-50ca-97a3-fd5ec0846161,covers,urn:uuid:3d85e3b1-51ba-5e4c-af43-8b5204612636,chapter4.tex:1609-1744 (line 1744 blank boundary omitted from target mapping)
urn:uuid:c77be8fc-cbe1-5ea6-aff6-e7b8bb855250,relation/unit/bab-4-limit-dan-kompletisasi-grup/section/01/covers/surface/unit-034/protected-math-zone/255-inline,urn:uuid:3f49a4a1-3db8-50ca-97a3-fd5ec0846161,covers,urn:uuid:791edf9e-cdea-523a-aeb1-ed69bbec4e99,chapter4.tex:1609-1744 (line 1744 blank boundary omitted from target mapping)
urn:uuid:539edb31-d4ea-53d4-a732-74765abf9bce,relation/unit/bab-4-limit-dan-kompletisasi-grup/section/01/covers/surface/unit-034/protected-math-zone/256-inline,urn:uuid:3f49a4a1-3db8-50ca-97a3-fd5ec0846161,covers,urn:uuid:44b47701-0a32-56db-b25b-24ce8102cb2a,chapter4.tex:1609-1744 (line 1744 blank boundary omitted from target mapping)
urn:uuid:ada953b6-4559-5491-8085-2b208f180b67,relation/unit/bab-4-limit-dan-kompletisasi-grup/section/01/covers/surface/unit-034/protected-math-zone/257-inline,urn:uuid:3f49a4a1-3db8-50ca-97a3-fd5ec0846161,covers,urn:uuid:ef4b75cf-8e19-53a6-afe0-a72029987d41,chapter4.tex:1609-1744 (line 1744 blank boundary omitted from target mapping)
urn:uuid:4fe8f43b-60f7-58ef-b4cb-e7ba3447c6ee,relation/unit/bab-4-limit-dan-kompletisasi-grup/section/01/covers/surface/unit-034/protected-math-zone/258-inline,urn:uuid:3f49a4a1-3db8-50ca-97a3-fd5ec0846161,covers,urn:uuid:7ce9151b-afe3-51d5-a3b6-da39317baa12,chapter4.tex:1609-1744 (line 1744 blank boundary omitted from target mapping)
urn:uuid:fab88b9a-876d-5a7c-a710-3fb4d055f208,relation/unit/bab-4-limit-dan-kompletisasi-grup/section/01/covers/surface/unit-034/protected-math-zone/259-display-bracket,urn:uuid:3f49a4a1-3db8-50ca-97a3-fd5ec0846161,covers,urn:uuid:0e6d2d9e-b827-5da9-8cb7-9243ee3179f0,chapter4.tex:1609-1744 (line 1744 blank boundary omitted from target mapping)
urn:uuid:908b2774-3aac-58a9-9a81-286ea7946338,relation/unit/bab-4-limit-dan-kompletisasi-grup/section/01/covers/surface/unit-034/protected-math-zone/260-display-environment,urn:uuid:3f49a4a1-3db8-50ca-97a3-fd5ec0846161,covers,urn:uuid:0a3931e1-a120-5c76-903c-27a22ce1b438,chapter4.tex:1609-1744 (line 1744 blank boundary omitted from target mapping)
urn:uuid:e947934e-23dc-56f8-8ed1-6f8e2fa9b533,relation/unit/bab-4-limit-dan-kompletisasi-grup/section/01/covers/surface/unit-034/protected-math-zone/261-inline,urn:uuid:3f49a4a1-3db8-50ca-97a3-fd5ec0846161,covers,urn:uuid:238cdbd1-cd30-53f8-a17e-2ec63266f7f6,chapter4.tex:1609-1744 (line 1744 blank boundary omitted from target mapping)
urn:uuid:838bad81-927f-5aaf-833a-53ede6ea1ec1,relation/unit/bab-4-limit-dan-kompletisasi-grup/section/01/covers/surface/unit-034/protected-math-zone/262-inline,urn:uuid:3f49a4a1-3db8-50ca-97a3-fd5ec0846161,covers,urn:uuid:3714397d-eb6d-54c0-96f3-473f0a467539,chapter4.tex:1609-1744 (line 1744 blank boundary omitted from target mapping)
urn:uuid:ae34d344-b889-5d2f-98ce-405ffac6b6cf,relation/unit/bab-4-limit-dan-kompletisasi-grup/section/01/covers/surface/unit-034/protected-math-zone/263-inline,urn:uuid:3f49a4a1-3db8-50ca-97a3-fd5ec0846161,covers,urn:uuid:45834e51-2e24-5dda-a2a4-1e3e41ece8ad,chapter4.tex:1609-1744 (line 1744 blank boundary omitted from target mapping)
urn:uuid:f98b828e-22db-5267-9a8d-cc66b136955e,relation/unit/bab-4-limit-dan-kompletisasi-grup/section/01/covers/surface/unit-034/protected-math-zone/264-inline,urn:uuid:3f49a4a1-3db8-50ca-97a3-fd5ec0846161,covers,urn:uuid:d55d3b30-971b-5344-a5e3-746b57b34f97,chapter4.tex:1609-1744 (line 1744 blank boundary omitted from target mapping)
urn:uuid:4f721a50-6545-56d3-893b-0451c50dd4f4,relation/unit/bab-4-limit-dan-kompletisasi-grup/section/01/covers/surface/unit-034/protected-math-zone/265-inline,urn:uuid:3f49a4a1-3db8-50ca-97a3-fd5ec0846161,covers,urn:uuid:59e485b5-f20f-5f9d-8ce1-eaecbac04db3,chapter4.tex:1609-1744 (line 1744 blank boundary omitted from target mapping)
urn:uuid:04820c34-2d00-50ca-ad92-516906fe3473,relation/unit/bab-4-limit-dan-kompletisasi-grup/section/01/covers/surface/unit-034/protected-math-zone/266-inline,urn:uuid:3f49a4a1-3db8-50ca-97a3-fd5ec0846161,covers,urn:uuid:fa5524d2-9a7c-5833-93b8-05a3f01dc36e,chapter4.tex:1609-1744 (line 1744 blank boundary omitted from target mapping)
urn:uuid:1d30a937-0fea-5140-b355-6d1a2c85a325,relation/unit/bab-4-limit-dan-kompletisasi-grup/section/01/covers/surface/unit-034/protected-math-zone/267-inline,urn:uuid:3f49a4a1-3db8-50ca-97a3-fd5ec0846161,covers,urn:uuid:1cc80bc5-241e-5271-b9d3-509fdec2afbf,chapter4.tex:1609-1744 (line 1744 blank boundary omitted from target mapping)
urn:uuid:224fc706-a249-525d-8414-aa757491cf41,relation/unit/bab-4-limit-dan-kompletisasi-grup/section/01/covers/surface/unit-034/protected-math-zone/268-inline,urn:uuid:3f49a4a1-3db8-50ca-97a3-fd5ec0846161,covers,urn:uuid:c054d090-4358-5d98-a271-d6e82edc1bce,chapter4.tex:1609-1744 (line 1744 blank boundary omitted from target mapping)
urn:uuid:93f75a3d-cf26-51f3-9a81-513528d2e17c,relation/unit/bab-4-limit-dan-kompletisasi-grup/section/01/covers/surface/unit-034/protected-math-zone/269-inline,urn:uuid:3f49a4a1-3db8-50ca-97a3-fd5ec0846161,covers,urn:uuid:e9366960-6a92-5e41-9f1e-256d60f7cab9,chapter4.tex:1609-1744 (line 1744 blank boundary omitted from target mapping)
urn:uuid:15b41568-0cb7-5c5e-8f5d-b772ca14ddd9,relation/unit/bab-4-limit-dan-kompletisasi-grup/section/01/covers/surface/unit-034/protected-math-zone/270-inline,urn:uuid:3f49a4a1-3db8-50ca-97a3-fd5ec0846161,covers,urn:uuid:4638009d-4c8a-5fb8-85bd-5648482c1d7b,chapter4.tex:1609-1744 (line 1744 blank boundary omitted from target mapping)
urn:uuid:d75ce13b-48b6-52a0-a5d6-0b933bad6339,relation/unit/bab-4-limit-dan-kompletisasi-grup/section/01/covers/surface/unit-034/protected-math-zone/271-inline,urn:uuid:3f49a4a1-3db8-50ca-97a3-fd5ec0846161,covers,urn:uuid:82bbdfa3-edc0-524f-a039-1f03a1048e8b,chapter4.tex:1609-1744 (line 1744 blank boundary omitted from target mapping)
urn:uuid:1ca3322b-21dc-5646-b0e8-6eaedbd51157,relation/unit/bab-4-limit-dan-kompletisasi-grup/section/01/covers/surface/unit-034/protected-math-zone/272-inline,urn:uuid:3f49a4a1-3db8-50ca-97a3-fd5ec0846161,covers,urn:uuid:30f8e908-2f1d-5ba8-a04e-2787bc7eddd8,chapter4.tex:1609-1744 (line 1744 blank boundary omitted from target mapping)
urn:uuid:eb2aaa8b-850d-53ce-99b3-da94771fba12,relation/unit/bab-4-limit-dan-kompletisasi-grup/section/01/covers/surface/unit-034/protected-math-zone/273-inline,urn:uuid:3f49a4a1-3db8-50ca-97a3-fd5ec0846161,covers,urn:uuid:f03ffa3b-5212-5ffd-8a52-49632ff3743d,chapter4.tex:1609-1744 (line 1744 blank boundary omitted from target mapping)
urn:uuid:349e8cea-f716-5112-ac78-2cb82f2936b8,relation/unit/bab-4-limit-dan-kompletisasi-grup/section/01/covers/surface/unit-034/protected-math-zone/274-inline,urn:uuid:3f49a4a1-3db8-50ca-97a3-fd5ec0846161,covers,urn:uuid:2a5d868b-8bcf-5534-b50a-6e4fd37db6e6,chapter4.tex:1609-1744 (line 1744 blank boundary omitted from target mapping)
urn:uuid:97122f17-7cb8-535e-a417-6a84595eb3e5,relation/unit/bab-4-limit-dan-kompletisasi-grup/section/01/covers/surface/unit-034/protected-math-zone/275-inline,urn:uuid:3f49a4a1-3db8-50ca-97a3-fd5ec0846161,covers,urn:uuid:771f9115-3ffe-5153-a91d-5bd9e5213dc6,chapter4.tex:1609-1744 (line 1744 blank boundary omitted from target mapping)
urn:uuid:494588ff-71a9-50c9-9b26-44d70f4e43e3,relation/unit/bab-4-limit-dan-kompletisasi-grup/section/01/covers/surface/unit-034/protected-math-zone/276-inline,urn:uuid:3f49a4a1-3db8-50ca-97a3-fd5ec0846161,covers,urn:uuid:03daa7d1-9234-523e-8be8-ae804e4b5ff9,chapter4.tex:1609-1744 (line 1744 blank boundary omitted from target mapping)
urn:uuid:058f043c-da2f-5f0b-bc30-eac6c6a888aa,relation/unit/bab-4-limit-dan-kompletisasi-grup/section/01/covers/surface/unit-034/reference/ordinary/001,urn:uuid:3f49a4a1-3db8-50ca-97a3-fd5ec0846161,covers,urn:uuid:12f73f9d-b19a-5677-9299-09dec76e9fa1,chapter4.tex:1609-1744 (line 1744 blank boundary omitted from target mapping)
urn:uuid:53818ec2-40ae-53e8-ac42-3330605e8e3c,relation/unit/bab-4-limit-dan-kompletisasi-grup/section/01/covers/surface/unit-034/reference/ordinary/002,urn:uuid:3f49a4a1-3db8-50ca-97a3-fd5ec0846161,covers,urn:uuid:b781a68a-2f9c-5670-af75-68ca0674e8cb,chapter4.tex:1609-1744 (line 1744 blank boundary omitted from target mapping)
urn:uuid:b6b569dc-bf31-5d5c-98f9-f8618a60ecf4,relation/unit/bab-4-limit-dan-kompletisasi-grup/section/01/covers/surface/unit-034/reference/ordinary/003,urn:uuid:3f49a4a1-3db8-50ca-97a3-fd5ec0846161,covers,urn:uuid:044d0e79-2961-5167-a509-8e201683c1b1,chapter4.tex:1609-1744 (line 1744 blank boundary omitted from target mapping)
urn:uuid:860b11cf-7478-52c7-8fd4-402c8801f610,relation/unit/bab-4-limit-dan-kompletisasi-grup/section/01/covers/surface/unit-034/reference/ordinary/004,urn:uuid:3f49a4a1-3db8-50ca-97a3-fd5ec0846161,covers,urn:uuid:73e6ce35-12d6-54c5-9cd9-a03e24ce1323,chapter4.tex:1609-1744 (line 1744 blank boundary omitted from target mapping)
urn:uuid:390c29db-b1c0-51e0-a51b-2024dee9417c,relation/unit/bab-4-limit-dan-kompletisasi-grup/section/01/covers/surface/unit-034/reference/ordinary/005,urn:uuid:3f49a4a1-3db8-50ca-97a3-fd5ec0846161,covers,urn:uuid:9ab83cdf-9393-5f7b-a96e-427faba01991,chapter4.tex:1609-1744 (line 1744 blank boundary omitted from target mapping)
urn:uuid:1d86571e-5bd2-5745-9277-cf5521a20e99,relation/unit/bab-4-limit-dan-kompletisasi-grup/section/01/covers/surface/unit-034/reference/ordinary/006,urn:uuid:3f49a4a1-3db8-50ca-97a3-fd5ec0846161,covers,urn:uuid:4872b50f-444e-513b-97bb-1ca9c0156b01,chapter4.tex:1609-1744 (line 1744 blank boundary omitted from target mapping)
urn:uuid:eba1e103-0803-5030-955b-5d1e79ebcd73,relation/unit/bab-4-limit-dan-kompletisasi-grup/section/01/covers/surface/unit-034/reference/ordinary/007,urn:uuid:3f49a4a1-3db8-50ca-97a3-fd5ec0846161,covers,urn:uuid:a3ef43b3-5ce1-599e-9821-d0b6de3b2afd,chapter4.tex:1609-1744 (line 1744 blank boundary omitted from target mapping)
urn:uuid:2cf0c60e-ac59-573c-aae3-29e4bdb2977d,relation/unit/bab-4-limit-dan-kompletisasi-grup/section/01/covers/surface/unit-034/reference/ordinary/008,urn:uuid:3f49a4a1-3db8-50ca-97a3-fd5ec0846161,covers,urn:uuid:e076925a-f7e5-5baa-a20a-e8de1434ea3f,chapter4.tex:1609-1744 (line 1744 blank boundary omitted from target mapping)
urn:uuid:27f9d3e7-ce1d-5c1e-b8ea-6247c703824e,relation/unit/bab-4-limit-dan-kompletisasi-grup/section/01/covers/surface/unit-034/reference/ordinary/009,urn:uuid:3f49a4a1-3db8-50ca-97a3-fd5ec0846161,covers,urn:uuid:b72539d3-50d4-5302-ab4d-78f2b8d164d1,chapter4.tex:1609-1744 (line 1744 blank boundary omitted from target mapping)
urn:uuid:ba119d88-3e7b-54c8-84c8-0b4c6d919f9f,relation/unit/bab-4-limit-dan-kompletisasi-grup/section/01/covers/surface/unit-034/reference/ordinary/010,urn:uuid:3f49a4a1-3db8-50ca-97a3-fd5ec0846161,covers,urn:uuid:8f49818f-e18a-50d8-8090-2d6b00e3fc11,chapter4.tex:1609-1744 (line 1744 blank boundary omitted from target mapping)
urn:uuid:820d4b2a-5927-5cd5-a6ad-bbe9a2219953,relation/unit/bab-4-limit-dan-kompletisasi-grup/section/01/covers/surface/unit-034/reference/ordinary/011,urn:uuid:3f49a4a1-3db8-50ca-97a3-fd5ec0846161,covers,urn:uuid:6aef9370-5f61-5076-b63a-5c467892e188,chapter4.tex:1609-1744 (line 1744 blank boundary omitted from target mapping)
urn:uuid:dfcbb855-1155-590f-a355-f8006ae6cdc6,relation/unit/bab-4-limit-dan-kompletisasi-grup/section/01/covers/surface/unit-034/reference/ordinary/012,urn:uuid:3f49a4a1-3db8-50ca-97a3-fd5ec0846161,covers,urn:uuid:c9e9b5e0-fb32-5e5f-8f81-4fc1fcbd6458,chapter4.tex:1609-1744 (line 1744 blank boundary omitted from target mapping)
urn:uuid:a3cca300-6248-5a69-aa11-381d3ea46a9c,relation/unit/bab-4-limit-dan-kompletisasi-grup/section/01/covers/surface/unit-034/reference/ordinary/013,urn:uuid:3f49a4a1-3db8-50ca-97a3-fd5ec0846161,covers,urn:uuid:2bb6844e-1bc6-5d26-8f73-dfc4fcb17036,chapter4.tex:1609-1744 (line 1744 blank boundary omitted from target mapping)
urn:uuid:9ecd57a9-c830-5642-a857-3b6a279e25ff,relation/unit/bab-4-limit-dan-kompletisasi-grup/section/01/covers/surface/unit-034/reference/ordinary/014,urn:uuid:3f49a4a1-3db8-50ca-97a3-fd5ec0846161,covers,urn:uuid:58db4d25-9ada-59d2-ba0a-d6084b598ed3,chapter4.tex:1609-1744 (line 1744 blank boundary omitted from target mapping)
urn:uuid:d114e011-2ce9-5b24-96fc-c83e1ea32f83,relation/unit/bab-4-limit-dan-kompletisasi-grup/section/01/covers/surface/unit-034/reference/ordinary/015,urn:uuid:3f49a4a1-3db8-50ca-97a3-fd5ec0846161,covers,urn:uuid:159d8377-691f-5684-867a-d07a75ef6c8e,chapter4.tex:1609-1744 (line 1744 blank boundary omitted from target mapping)
urn:uuid:aed3e267-5c2b-584f-8421-d1152fc3ba65,relation/unit/bab-4-limit-dan-kompletisasi-grup/section/01/covers/surface/unit-034/reference/ordinary/016,urn:uuid:3f49a4a1-3db8-50ca-97a3-fd5ec0846161,covers,urn:uuid:785c8bcb-2f20-52ee-80d4-ee29cbff7e23,chapter4.tex:1609-1744 (line 1744 blank boundary omitted from target mapping)
urn:uuid:0af88215-af81-5284-ab68-7f703330497f,relation/unit/bab-4-limit-dan-kompletisasi-grup/section/01/covers/surface/unit-034/terminology-row/001,urn:uuid:3f49a4a1-3db8-50ca-97a3-fd5ec0846161,covers,urn:uuid:d35d0898-9086-5cad-a7cc-762b9c09fe2f,chapter4.tex:1609-1744 (line 1744 blank boundary omitted from target mapping)
urn:uuid:5d1bb2de-a666-5779-bbd1-cba5216bb132,relation/unit/bab-4-limit-dan-kompletisasi-grup/section/01/covers/surface/unit-034/terminology-row/002,urn:uuid:3f49a4a1-3db8-50ca-97a3-fd5ec0846161,covers,urn:uuid:70e3afa2-a224-5485-a2cb-fdd50f50cfec,chapter4.tex:1609-1744 (line 1744 blank boundary omitted from target mapping)
urn:uuid:198d327c-409c-50e8-a1a1-67b814c87005,relation/unit/bab-4-limit-dan-kompletisasi-grup/section/01/covers/surface/unit-034/terminology-row/003,urn:uuid:3f49a4a1-3db8-50ca-97a3-fd5ec0846161,covers,urn:uuid:01c31af9-70bf-5642-a64f-0b20a2b67521,chapter4.tex:1609-1744 (line 1744 blank boundary omitted from target mapping)
urn:uuid:ca1b8ea6-1dd2-5826-a6d6-676d3b469d38,relation/unit/bab-4-limit-dan-kompletisasi-grup/section/01/covers/surface/unit-034/terminology-row/004,urn:uuid:3f49a4a1-3db8-50ca-97a3-fd5ec0846161,covers,urn:uuid:b140a2a0-2b1e-5f83-8909-51823cca552b,chapter4.tex:1609-1744 (line 1744 blank boundary omitted from target mapping)
urn:uuid:e6dc47a9-661e-555c-82b1-b3e1eac249f1,relation/unit/bab-4-limit-dan-kompletisasi-grup/section/01/covers/surface/unit-034/terminology-row/005,urn:uuid:3f49a4a1-3db8-50ca-97a3-fd5ec0846161,covers,urn:uuid:9e990dde-6903-5f7f-bc80-a26549af6ca0,chapter4.tex:1609-1744 (line 1744 blank boundary omitted from target mapping)
urn:uuid:616e8322-9a05-5678-b3aa-d998fb35b9c4,relation/unit/bab-4-limit-dan-kompletisasi-grup/section/01/covers/surface/unit-034/terminology-row/006,urn:uuid:3f49a4a1-3db8-50ca-97a3-fd5ec0846161,covers,urn:uuid:549f51e5-5641-547c-b1f8-461766fe2017,chapter4.tex:1609-1744 (line 1744 blank boundary omitted from target mapping)
urn:uuid:21dd6b62-c487-52ff-a032-9e57294e8beb,relation/unit/bab-4-limit-dan-kompletisasi-grup/section/01/covers/surface/unit-034/terminology-row/007,urn:uuid:3f49a4a1-3db8-50ca-97a3-fd5ec0846161,covers,urn:uuid:5ba77d8a-1d32-5d12-877f-d2c69887c6d6,chapter4.tex:1609-1744 (line 1744 blank boundary omitted from target mapping)
urn:uuid:d54398bb-00bd-523e-b662-ff82105fdee1,relation/unit/bab-4-limit-dan-kompletisasi-grup/section/01/covers/surface/unit-034/terminology-row/008,urn:uuid:3f49a4a1-3db8-50ca-97a3-fd5ec0846161,covers,urn:uuid:5f5de6a4-8bc9-5758-a358-1f554a33f5c8,chapter4.tex:1609-1744 (line 1744 blank boundary omitted from target mapping)
urn:uuid:da76e18d-8681-53a7-b5ba-8ad9fa169f29,relation/unit/bab-4-limit-dan-kompletisasi-grup/section/01/covers/surface/unit-034/terminology-row/009,urn:uuid:3f49a4a1-3db8-50ca-97a3-fd5ec0846161,covers,urn:uuid:939222b8-0ae3-5aba-b91a-b9e52da59d46,chapter4.tex:1609-1744 (line 1744 blank boundary omitted from target mapping)
urn:uuid:8fa18441-a8e6-5f55-bd16-def0628d7657,relation/unit/bab-4-limit-dan-kompletisasi-grup/section/01/covers/surface/unit-034/terminology-row/010,urn:uuid:3f49a4a1-3db8-50ca-97a3-fd5ec0846161,covers,urn:uuid:8605439b-07d0-5b9c-bfcc-0158f499c640,chapter4.tex:1609-1744 (line 1744 blank boundary omitted from target mapping)
urn:uuid:4efa1a3f-4f08-5d8c-b969-ddd66a2a9100,relation/unit/bab-4-limit-dan-kompletisasi-grup/section/01/covers/surface/unit-034/terminology-row/011,urn:uuid:3f49a4a1-3db8-50ca-97a3-fd5ec0846161,covers,urn:uuid:90918cec-11a4-5108-974a-2a5f57bf7500,chapter4.tex:1609-1744 (line 1744 blank boundary omitted from target mapping)
urn:uuid:2fbdbbd2-b1ea-53af-a04d-b15885434c71,relation/unit/bab-4-limit-dan-kompletisasi-grup/section/01/covers/surface/unit-034/terminology-row/012,urn:uuid:3f49a4a1-3db8-50ca-97a3-fd5ec0846161,covers,urn:uuid:ea924755-ec71-5995-a48b-a6a8d8f1775c,chapter4.tex:1609-1744 (line 1744 blank boundary omitted from target mapping)
urn:uuid:5d9609cf-fb20-56c7-9053-9da8919d87b3,relation/unit/bab-4-limit-dan-kompletisasi-grup/section/01/covers/surface/unit-034/terminology-row/013,urn:uuid:3f49a4a1-3db8-50ca-97a3-fd5ec0846161,covers,urn:uuid:451e5430-0a2c-51e7-821a-c0833ceeba7e,chapter4.tex:1609-1744 (line 1744 blank boundary omitted from target mapping)
urn:uuid:c03cad2f-d96c-5af7-81f2-44322195b729,relation/unit/bab-4-limit-dan-kompletisasi-grup/section/01/covers/surface/unit-034/terminology-row/014,urn:uuid:3f49a4a1-3db8-50ca-97a3-fd5ec0846161,covers,urn:uuid:d6a2df5f-7cff-5569-a454-4b258787a167,chapter4.tex:1609-1744 (line 1744 blank boundary omitted from target mapping)
urn:uuid:53cfbc32-249c-5138-acec-af4e8a6b7db8,relation/unit/bab-4-limit-dan-kompletisasi-grup/section/01/covers/surface/unit-034/terminology-row/015,urn:uuid:3f49a4a1-3db8-50ca-97a3-fd5ec0846161,covers,urn:uuid:21ed432a-ade0-5c0e-a328-67d2276026e5,chapter4.tex:1609-1744 (line 1744 blank boundary omitted from target mapping)
urn:uuid:487f9e55-90cd-544b-a7b6-b778e5a665f8,relation/unit/bab-4-limit-dan-kompletisasi-grup/section/01/covers/surface/unit-034/terminology-row/016,urn:uuid:3f49a4a1-3db8-50ca-97a3-fd5ec0846161,covers,urn:uuid:6615094e-ef0b-53b9-ab63-a5dff47e298e,chapter4.tex:1609-1744 (line 1744 blank boundary omitted from target mapping)
urn:uuid:9c4cc116-42f9-5e96-ae1c-ac356c1b5fd9,relation/unit/bab-4-limit-dan-kompletisasi-grup/section/01/covers/surface/unit-034/terminology-row/017,urn:uuid:3f49a4a1-3db8-50ca-97a3-fd5ec0846161,covers,urn:uuid:0f54837e-00ee-5848-9a39-8170ac68e2a4,chapter4.tex:1609-1744 (line 1744 blank boundary omitted from target mapping)
urn:uuid:554e7dd1-e0ed-5bcd-a069-48813624c350,relation/unit/bab-4-limit-dan-kompletisasi-grup/section/01/covers/surface/unit-034/terminology-row/018,urn:uuid:3f49a4a1-3db8-50ca-97a3-fd5ec0846161,covers,urn:uuid:505919b3-46ef-5e22-bf4d-e449b5c9fb8e,chapter4.tex:1609-1744 (line 1744 blank boundary omitted from target mapping)
urn:uuid:4a46031d-9571-5e37-8182-a1a9db958b51,relation/unit/bab-4-limit-dan-kompletisasi-grup/section/01/covers/surface/unit-034/terminology-row/019,urn:uuid:3f49a4a1-3db8-50ca-97a3-fd5ec0846161,covers,urn:uuid:a0d3cefa-809f-5595-8c6d-7c5a57f44ec0,chapter4.tex:1609-1744 (line 1744 blank boundary omitted from target mapping)
urn:uuid:2102a5bd-a71b-5fe9-90ed-5ae9578dd5cc,relation/unit/bab-4-limit-dan-kompletisasi-grup/section/01/covers/surface/unit-034/terminology-row/020,urn:uuid:3f49a4a1-3db8-50ca-97a3-fd5ec0846161,covers,urn:uuid:d4689297-affc-57b9-8ea2-29410fa57374,chapter4.tex:1609-1744 (line 1744 blank boundary omitted from target mapping)
urn:uuid:75035e35-9bdd-53b2-b9ef-4a253c00601a,relation/unit/bab-4-limit-dan-kompletisasi-grup/section/01/covers/surface/unit-034/terminology-row/021,urn:uuid:3f49a4a1-3db8-50ca-97a3-fd5ec0846161,covers,urn:uuid:3e7b96aa-81db-527a-958c-52bdbc92c925,chapter4.tex:1609-1744 (line 1744 blank boundary omitted from target mapping)
urn:uuid:cf0fbce5-9490-5936-a4fc-676600ab47a7,relation/unit/bab-4-limit-dan-kompletisasi-grup/section/01/covers/surface/unit-034/terminology-row/022,urn:uuid:3f49a4a1-3db8-50ca-97a3-fd5ec0846161,covers,urn:uuid:bacfb4b7-e7a1-5d3b-b04d-0cd14ee680d1,chapter4.tex:1609-1744 (line 1744 blank boundary omitted from target mapping)
urn:uuid:1a94b674-4545-5798-80f3-87e3aaf2bdd9,relation/unit/bab-4-limit-dan-kompletisasi-grup/section/01/covers/surface/unit-034/terminology-row/023,urn:uuid:3f49a4a1-3db8-50ca-97a3-fd5ec0846161,covers,urn:uuid:14f36db5-fa25-5cfa-80b4-04e5ca5bffc1,chapter4.tex:1609-1744 (line 1744 blank boundary omitted from target mapping)
urn:uuid:e052e3ac-61cf-563f-b1d7-1e1766a15aee,relation/unit/bab-4-limit-dan-kompletisasi-grup/section/01/covers/surface/unit-034/terminology-row/024,urn:uuid:3f49a4a1-3db8-50ca-97a3-fd5ec0846161,covers,urn:uuid:965036bb-8108-590e-b2c8-f722d20f8b5a,chapter4.tex:1609-1744 (line 1744 blank boundary omitted from target mapping)
urn:uuid:faa7a7e1-111b-5446-aafc-99965a3e18b6,relation/unit/bab-4-limit-dan-kompletisasi-grup/section/01/covers/surface/unit-034/terminology-row/025,urn:uuid:3f49a4a1-3db8-50ca-97a3-fd5ec0846161,covers,urn:uuid:1ab74cdd-900f-5b30-ab0b-e9ea195e4563,chapter4.tex:1609-1744 (line 1744 blank boundary omitted from target mapping)
urn:uuid:3bac1ef3-c057-5221-ada6-ce87b89fc9b0,relation/unit/bab-4-limit-dan-kompletisasi-grup/section/01/covers/surface/unit-034/terminology-row/026,urn:uuid:3f49a4a1-3db8-50ca-97a3-fd5ec0846161,covers,urn:uuid:194195f1-4321-5e7a-89a6-2a0e5f8289a6,chapter4.tex:1609-1744 (line 1744 blank boundary omitted from target mapping)
urn:uuid:6b85abaa-a810-5641-bf43-5dbff7693fbf,relation/unit/bab-4-limit-dan-kompletisasi-grup/section/01/covers/surface/unit-034/terminology-row/027,urn:uuid:3f49a4a1-3db8-50ca-97a3-fd5ec0846161,covers,urn:uuid:622d7bbd-8912-58af-997d-8778d06b51e7,chapter4.tex:1609-1744 (line 1744 blank boundary omitted from target mapping)
urn:uuid:43cf6fd7-06eb-590a-8ce5-e15025a8fa67,relation/unit/bab-4-limit-dan-kompletisasi-grup/section/01/covers/surface/unit-034/terminology-row/028,urn:uuid:3f49a4a1-3db8-50ca-97a3-fd5ec0846161,covers,urn:uuid:24305492-49d8-5605-bc25-91b544ebf1ba,chapter4.tex:1609-1744 (line 1744 blank boundary omitted from target mapping)
urn:uuid:e728a6b5-a433-524c-90b6-1f3e06f17726,relation/unit/bab-4-limit-dan-kompletisasi-grup/section/01/covers/surface/unit-034/terminology-row/029,urn:uuid:3f49a4a1-3db8-50ca-97a3-fd5ec0846161,covers,urn:uuid:45f89eca-fa81-5c6e-84d2-25f0223fdadf,chapter4.tex:1609-1744 (line 1744 blank boundary omitted from target mapping)
urn:uuid:55c5f300-b4be-5fd5-8203-d4889924daa2,relation/unit/bab-4-limit-dan-kompletisasi-grup/section/01/covers/surface/unit-034/terminology-row/030,urn:uuid:3f49a4a1-3db8-50ca-97a3-fd5ec0846161,covers,urn:uuid:8945e74d-1a7b-5f9b-b9f2-bf13a201d5b1,chapter4.tex:1609-1744 (line 1744 blank boundary omitted from target mapping)
urn:uuid:856ba47a-12b1-5773-bd99-51f82a971127,relation/unit/bab-4-limit-dan-kompletisasi-grup/section/01/covers/surface/unit-034/terminology-row/031,urn:uuid:3f49a4a1-3db8-50ca-97a3-fd5ec0846161,covers,urn:uuid:805bbbf4-6841-5197-91d9-743db11a4bdf,chapter4.tex:1609-1744 (line 1744 blank boundary omitted from target mapping)
urn:uuid:61099694-dc30-5689-b394-643ba21e4138,relation/unit/bab-4-limit-dan-kompletisasi-grup/section/01/covers/surface/unit-034/terminology-row/032,urn:uuid:3f49a4a1-3db8-50ca-97a3-fd5ec0846161,covers,urn:uuid:9d50b412-c7cf-593e-ac59-9642f14993ae,chapter4.tex:1609-1744 (line 1744 blank boundary omitted from target mapping)
urn:uuid:62ba36dd-da0e-54dc-b1f1-5716601c8af1,relation/unit/bab-4-limit-dan-kompletisasi-grup/section/01/covers/surface/unit-034/terminology-row/033,urn:uuid:3f49a4a1-3db8-50ca-97a3-fd5ec0846161,covers,urn:uuid:bd70ae51-158e-545f-a621-2217c90b9b4a,chapter4.tex:1609-1744 (line 1744 blank boundary omitted from target mapping)
urn:uuid:42ba6d31-c3d4-5e54-b5c4-6834fc1e7ea2,relation/unit/bab-4-limit-dan-kompletisasi-grup/section/01/covers/surface/unit-034/terminology-row/034,urn:uuid:3f49a4a1-3db8-50ca-97a3-fd5ec0846161,covers,urn:uuid:93417035-d136-5e2f-b00d-c300301796e8,chapter4.tex:1609-1744 (line 1744 blank boundary omitted from target mapping)
urn:uuid:debfa591-501c-505e-bb4e-8b6e2c6fc65e,relation/unit/bab-4-limit-dan-kompletisasi-grup/section/01/covers/surface/unit-034/terminology-row/035,urn:uuid:3f49a4a1-3db8-50ca-97a3-fd5ec0846161,covers,urn:uuid:af846f31-db45-5a0d-962c-e092876e4f51,chapter4.tex:1609-1744 (line 1744 blank boundary omitted from target mapping)
urn:uuid:13cfcad1-7286-599f-8943-3df382b9d53f,relation/unit/bab-4-limit-dan-kompletisasi-grup/section/01/covers/surface/unit-034/terminology-row/036,urn:uuid:3f49a4a1-3db8-50ca-97a3-fd5ec0846161,covers,urn:uuid:5503cf99-bd98-5886-952c-eae53c60991d,chapter4.tex:1609-1744 (line 1744 blank boundary omitted from target mapping)
urn:uuid:04c6bcaf-41e2-5f53-9cc2-38e59e1e41d8,relation/unit/bab-4-limit-dan-kompletisasi-grup/section/01/covers/surface/unit-034/terminology-row/037,urn:uuid:3f49a4a1-3db8-50ca-97a3-fd5ec0846161,covers,urn:uuid:3e53d6b9-3b1b-53f5-a2d2-768ad1d887b7,chapter4.tex:1609-1744 (line 1744 blank boundary omitted from target mapping)
urn:uuid:f4e22ef6-289c-5dbb-a3b9-39906a0b8577,relation/unit/bab-4-limit-dan-kompletisasi-grup/section/01/governed-by/rights/principal-cc-by-4.0,urn:uuid:3f49a4a1-3db8-50ca-97a3-fd5ec0846161,governed-by,urn:uuid:0baf6c47-021d-5310-9475-81519e710250,
urn:uuid:496afefa-f642-5001-88f4-0035a2319a0e,relation/unit/bab-4-limit-dan-kompletisasi-grup/section/01/includes-diagram/diagram/unit-034/tikzcd-01,urn:uuid:3f49a4a1-3db8-50ca-97a3-fd5ec0846161,includes-diagram,urn:uuid:644a810c-a813-5d49-97d7-a6dc8ba9a41b,chapter4.tex:1734-1739
urn:uuid:4b9dd26f-a5cd-5bd9-a252-b951d2024883,relation/unit/bab-4-limit-dan-kompletisasi-grup/section/01/indexes/index-entry/unit-034/main/001,urn:uuid:3f49a4a1-3db8-50ca-97a3-fd5ec0846161,indexes,urn:uuid:d094308a-09de-5036-9d4f-b65e4be79330,chapter4.tex:1623
urn:uuid:b4de6fd5-0a9a-5171-95d9-e519c0743698,relation/unit/bab-4-limit-dan-kompletisasi-grup/section/01/indexes/index-entry/unit-034/main/002,urn:uuid:3f49a4a1-3db8-50ca-97a3-fd5ec0846161,indexes,urn:uuid:6b6e50f0-b2c4-506c-bed3-411dcb6a4bdb,chapter4.tex:1626
urn:uuid:d9fac42c-c544-5beb-bbb7-5ae01174610a,relation/unit/bab-4-limit-dan-kompletisasi-grup/section/01/indexes/index-entry/unit-034/main/003,urn:uuid:3f49a4a1-3db8-50ca-97a3-fd5ec0846161,indexes,urn:uuid:47097795-cd73-57e0-b889-53e482ec389d,chapter4.tex:1670
urn:uuid:6c0da3ec-9172-523d-88d0-1c1addb27db7,relation/unit/bab-4-limit-dan-kompletisasi-grup/section/01/indexes/index-entry/unit-034/main/004,urn:uuid:3f49a4a1-3db8-50ca-97a3-fd5ec0846161,indexes,urn:uuid:c421e4e2-3842-5780-9dbb-666bab72b073,chapter4.tex:1690
urn:uuid:8387c7e5-2cb6-550d-a64b-33890111842f,relation/unit/bab-4-limit-dan-kompletisasi-grup/section/01/indexes/index-entry/unit-034/main/006,urn:uuid:3f49a4a1-3db8-50ca-97a3-fd5ec0846161,indexes,urn:uuid:da742847-8f70-5db7-b31f-5a88d6f94984,chapter4.tex:1723
urn:uuid:094851fb-aa7a-5ce9-983e-bb71a0814dee,relation/unit/bab-4-limit-dan-kompletisasi-grup/section/01/indexes/index-entry/unit-034/sym1/005,urn:uuid:3f49a4a1-3db8-50ca-97a3-fd5ec0846161,indexes,urn:uuid:217ec906-0492-593d-ad2e-5ec92bbb4b5d,chapter4.tex:1719
urn:uuid:03d5e959-e16e-543f-9bfa-6c8b5e3775c0,relation/unit/bab-4-limit-dan-kompletisasi-grup/section/01/requires/prerequisite/basic-group-theory,urn:uuid:3f49a4a1-3db8-50ca-97a3-fd5ec0846161,requires,urn:uuid:3f5dc8e0-0198-5016-b767-ded1b9ec3d13,chapter4.tex:1609-1744 (line 1744 blank boundary omitted from target mapping)
urn:uuid:1e3a308b-f45b-58a2-8394-5e93c047e306,relation/unit/bab-4-limit-dan-kompletisasi-grup/section/01/requires/prerequisite/basic-mathematical-literacy,urn:uuid:3f49a4a1-3db8-50ca-97a3-fd5ec0846161,requires,urn:uuid:8fb6c957-7285-5258-978c-e1369c7e39d7,chapter4.tex:1609-1744 (line 1744 blank boundary omitted from target mapping)
urn:uuid:668b664d-77e6-5c36-9e53-d46c1eacdb40,relation/unit/bab-4-limit-dan-kompletisasi-grup/section/01/requires/prerequisite/categories-and-morphisms,urn:uuid:3f49a4a1-3db8-50ca-97a3-fd5ec0846161,requires,urn:uuid:dd69ccfd-7399-53a2-83fe-84127b1baf1d,chapter4.tex:1609-1744 (line 1744 blank boundary omitted from target mapping)
urn:uuid:04387058-f2ca-5271-af6a-845352462647,relation/unit/bab-4-limit-dan-kompletisasi-grup/section/01/requires/prerequisite/cauchy-sequences-and-completeness,urn:uuid:3f49a4a1-3db8-50ca-97a3-fd5ec0846161,requires,urn:uuid:b9018862-5027-50f5-9947-a9a9526cc91f,chapter4.tex:1609-1744 (line 1744 blank boundary omitted from target mapping)
urn:uuid:deb0eeb3-3161-55bd-8355-f13f35caf5c7,relation/unit/bab-4-limit-dan-kompletisasi-grup/section/01/requires/prerequisite/elementary-set-theory,urn:uuid:3f49a4a1-3db8-50ca-97a3-fd5ec0846161,requires,urn:uuid:00f7d0ea-1b60-51da-843f-cca760a368e4,chapter4.tex:1609-1744 (line 1744 blank boundary omitted from target mapping)
urn:uuid:14775b01-da0c-5bde-9403-860b97ea6761,relation/unit/bab-4-limit-dan-kompletisasi-grup/section/01/requires/prerequisite/functors-and-natural-transformations,urn:uuid:3f49a4a1-3db8-50ca-97a3-fd5ec0846161,requires,urn:uuid:3e864ace-90f6-56b3-8ce5-2e0690dbc9f8,chapter4.tex:1609-1744 (line 1744 blank boundary omitted from target mapping)
urn:uuid:a8b8010c-0c95-54aa-801d-f060eaa271d4,relation/unit/bab-4-limit-dan-kompletisasi-grup/section/01/requires/prerequisite/group-homomorphisms-kernels-and-quotients,urn:uuid:3f49a4a1-3db8-50ca-97a3-fd5ec0846161,requires,urn:uuid:ecd787ee-f056-5200-91e7-f98b3d80d458,chapter4.tex:1609-1744 (line 1744 blank boundary omitted from target mapping)
urn:uuid:05a2648c-1eaa-561c-b20a-f34e305bd766,relation/unit/bab-4-limit-dan-kompletisasi-grup/section/01/requires/prerequisite/limits-and-colimits,urn:uuid:3f49a4a1-3db8-50ca-97a3-fd5ec0846161,requires,urn:uuid:c0b1a30a-634a-5e76-98d3-49bde5a5821c,chapter4.tex:1609-1744 (line 1744 blank boundary omitted from target mapping)
urn:uuid:ef95e09d-4af7-5ea4-8023-09a4bf6ec8ca,relation/unit/bab-4-limit-dan-kompletisasi-grup/section/01/requires/prerequisite/point-set-topology,urn:uuid:3f49a4a1-3db8-50ca-97a3-fd5ec0846161,requires,urn:uuid:6a61cd7e-28fe-5c64-9573-cf9ab46e5e96,chapter4.tex:1609-1744 (line 1744 blank boundary omitted from target mapping)
