relation_id,relation_key,source_id,predicate,target_id,evidence
urn:uuid:e2649f68-11fb-5b0b-937a-05d2663c8816,relation/build-surface/unit-032-pdf/governed-by/rights/ajbook-fragment-cc-by-sa-3.0,urn:uuid:116e8bf2-fc6d-5c8f-ad69-47b642c6d021,governed-by,urn:uuid:10faf5cd-990f-5850-87b4-26922b062485,
urn:uuid:2b45743a-d85b-56bb-aa25-669160661534,relation/build-surface/unit-032-pdf/governed-by/rights/noto-fonts-ofl-1.1,urn:uuid:116e8bf2-fc6d-5c8f-ad69-47b642c6d021,governed-by,urn:uuid:b9f7a7a7-8e18-507a-b72e-b5de733a7430,
urn:uuid:4d3ba907-f8dd-5f12-aa6b-7e4b2e3068ef,relation/build-surface/unit-032-pdf/governed-by/rights/principal-cc-by-4.0,urn:uuid:116e8bf2-fc6d-5c8f-ad69-47b642c6d021,governed-by,urn:uuid:0baf6c47-021d-5310-9475-81519e710250,
urn:uuid:53d067a9-5de9-5fda-80de-fadd94073da9,relation/course/o013/requires/prerequisite/basic-mathematical-literacy,urn:uuid:a5f3ad58-ce3c-5f5f-b581-1f842ae79192,requires,urn:uuid:8fb6c957-7285-5258-978c-e1369c7e39d7,prelude.tex:49-60
urn:uuid:6af4c728-a07b-5571-a30d-9ee62c1a5a6e,relation/course/o013/requires/prerequisite/cauchy-sequences-and-completeness,urn:uuid:a5f3ad58-ce3c-5f5f-b581-1f842ae79192,requires,urn:uuid:b9018862-5027-50f5-9947-a9a9526cc91f,prelude.tex:49-60
urn:uuid:cdc5bef1-ed82-58de-9b13-95ec2357d9af,relation/course/o013/requires/prerequisite/elementary-number-theory,urn:uuid:a5f3ad58-ce3c-5f5f-b581-1f842ae79192,requires,urn:uuid:cae14762-1ca0-5a11-aad9-20c81d540fee,prelude.tex:49-60
urn:uuid:de5cce3e-de42-54c1-898b-fcd09a991c8d,relation/course/o013/requires/prerequisite/elementary-set-theory,urn:uuid:a5f3ad58-ce3c-5f5f-b581-1f842ae79192,requires,urn:uuid:00f7d0ea-1b60-51da-843f-cca760a368e4,prelude.tex:49-60
urn:uuid:922e2514-3fa4-5b3d-86e1-836505ce7783,relation/course/o013/requires/prerequisite/linear-transformations,urn:uuid:a5f3ad58-ce3c-5f5f-b581-1f842ae79192,requires,urn:uuid:9ef76bd8-39cf-5b09-8c2d-2d8c95f91aec,prelude.tex:49-60
urn:uuid:74ce1984-1114-53f2-a033-f2e9c028f4ee,relation/course/o013/requires/prerequisite/mathematical-logic,urn:uuid:a5f3ad58-ce3c-5f5f-b581-1f842ae79192,requires,urn:uuid:451f60c6-04ab-54a7-9d74-9dee65d088b7,prelude.tex:49-60
urn:uuid:18ee0c4f-7e83-55ce-b990-c9ff64548532,relation/course/o013/requires/prerequisite/matrices,urn:uuid:a5f3ad58-ce3c-5f5f-b581-1f842ae79192,requires,urn:uuid:d4260077-2f56-5951-8fe1-2dc390f81288,prelude.tex:49-60
urn:uuid:fe264b2f-dbe8-5589-8cb1-d75a56744c5a,relation/course/o013/requires/prerequisite/permutations-and-symmetric-groups,urn:uuid:a5f3ad58-ce3c-5f5f-b581-1f842ae79192,requires,urn:uuid:ee7d907b-05bc-5def-81d5-7fcd351829b8,prelude.tex:49-60
urn:uuid:b09b00b5-df77-5d64-94da-753d1b21fef4,relation/course/o013/requires/prerequisite/point-set-topology,urn:uuid:a5f3ad58-ce3c-5f5f-b581-1f842ae79192,requires,urn:uuid:6a61cd7e-28fe-5c64-9573-cf9ab46e5e96,prelude.tex:49-60
urn:uuid:ed32b23d-1271-5fa2-948f-562f6f29a2c2,relation/course/o013/requires/prerequisite/polynomials,urn:uuid:a5f3ad58-ce3c-5f5f-b581-1f842ae79192,requires,urn:uuid:15245348-aca2-5814-9ca8-0fce14044e14,prelude.tex:49-60
urn:uuid:59f7a53e-63b6-5f7d-a2ba-9f942e60d2cf,relation/course/o013/requires/prerequisite/real-analysis-basics,urn:uuid:a5f3ad58-ce3c-5f5f-b581-1f842ae79192,requires,urn:uuid:4eedb52d-6e0a-5379-b39c-5043b067c49f,prelude.tex:49-60
urn:uuid:f4f655a5-427a-5113-b6d6-fff3511fadfd,relation/course/o013/requires/prerequisite/vector-spaces,urn:uuid:a5f3ad58-ce3c-5f5f-b581-1f842ae79192,requires,urn:uuid:dfd6d864-afe6-5d0e-90f7-c130241cf396,prelude.tex:49-60
urn:uuid:671c70bd-307b-5cb8-a6cc-698df22eb60a,relation/course/o013/uses-resource/resource/wenweili/aljabr-1,urn:uuid:a5f3ad58-ce3c-5f5f-b581-1f842ae79192,uses-resource,urn:uuid:a72e8c67-4b46-5049-b626-479af39b5397,
urn:uuid:a36b6804-45c6-558e-872a-19f2c9109192,relation/diagram/unit-032/tikzcd-01/governed-by/rights/principal-cc-by-4.0,urn:uuid:b3f33e97-c1fa-5b72-911d-474d747f06f0,governed-by,urn:uuid:0baf6c47-021d-5310-9475-81519e710250,
urn:uuid:afaf7d56-9108-545f-bab5-d05f9083a076,relation/diagram/unit-032/tikzcd-02/governed-by/rights/principal-cc-by-4.0,urn:uuid:77a7810b-7d17-5857-b1e6-6f629092f71e,governed-by,urn:uuid:0baf6c47-021d-5310-9475-81519e710250,
urn:uuid:c2841fd8-0d3b-508c-a536-9fd0eae40227,relation/diagram/unit-032/tikzcd-03/governed-by/rights/principal-cc-by-4.0,urn:uuid:d352418a-0855-5fb5-8496-bf8c4c992be3,governed-by,urn:uuid:0baf6c47-021d-5310-9475-81519e710250,
urn:uuid:7ee174b4-472d-5f30-8fb6-ffb9b28ff652,relation/diagram/unit-032/tikzcd-04/governed-by/rights/principal-cc-by-4.0,urn:uuid:423d5af6-d0cb-5518-85ef-7a726f83ad45,governed-by,urn:uuid:0baf6c47-021d-5310-9475-81519e710250,
urn:uuid:cb98965b-c841-5054-85da-d94715006ba7,relation/diagram/unit-032/tikzcd-05/governed-by/rights/principal-cc-by-4.0,urn:uuid:cbfd6f67-b276-5e24-95ec-8c1cf1ab7075,governed-by,urn:uuid:0baf6c47-021d-5310-9475-81519e710250,
urn:uuid:bd7b01ee-afa4-5e5d-b65b-7670dbb0f226,relation/diagram/unit-032/tikzcd-06/governed-by/rights/principal-cc-by-4.0,urn:uuid:18996903-1fc4-5186-b393-01ded01e6119,governed-by,urn:uuid:0baf6c47-021d-5310-9475-81519e710250,
urn:uuid:ad61bdc8-8949-5041-be19-d50b1bcc5e5d,relation/diagram/unit-032/tikzcd-07/governed-by/rights/principal-cc-by-4.0,urn:uuid:123fa56f-b990-5a8e-aa70-191ccb5670b6,governed-by,urn:uuid:0baf6c47-021d-5310-9475-81519e710250,
urn:uuid:debacb96-9dc0-5ae1-b34d-dbce2b97fa5c,relation/diagram/unit-032/tikzcd-08/governed-by/rights/principal-cc-by-4.0,urn:uuid:d94dafba-47cd-5251-b250-d0b8fa568900,governed-by,urn:uuid:0baf6c47-021d-5310-9475-81519e710250,
urn:uuid:a61d910e-2a5f-58b1-83b6-fad7ace05555,relation/diagram/unit-032/tikzcd-09/governed-by/rights/principal-cc-by-4.0,urn:uuid:92f8697e-e08d-5b0c-8343-e2ca7cdd4ddd,governed-by,urn:uuid:0baf6c47-021d-5310-9475-81519e710250,
urn:uuid:688aad87-f719-5b9c-bf15-943ce2f72318,relation/diagram/unit-032/tikzpicture-01/governed-by/rights/principal-cc-by-4.0,urn:uuid:01790fb7-6b1d-59a6-b187-ba7a5a00c2c0,governed-by,urn:uuid:0baf6c47-021d-5310-9475-81519e710250,
urn:uuid:1cac2784-d927-50be-98d2-f172bd280799,relation/diagram/unit-032/tikzpicture-02/governed-by/rights/principal-cc-by-4.0,urn:uuid:d797e245-87d9-5df4-bed3-20390d42c391,governed-by,urn:uuid:0baf6c47-021d-5310-9475-81519e710250,
urn:uuid:ea426150-f716-54f0-9f13-cf153dd09053,relation/edition/wenweili/aljabr-1/c4f7a01f68f5f407906b4b970640cddbbad85f6b/contains/unit/bab-4-grup-bebas,urn:uuid:df2d23de-7370-5da5-ad49-42fb7c718c49,contains,urn:uuid:6341193c-85a5-5665-86a8-339662cd5520,chapter4.tex:1108-1388; substantive authority map 1108-1387 to target 1104-1383
urn:uuid:f43da1b4-0053-5379-9911-864a80e9df27,relation/program/open-mathematics-curriculum/2026/contains/course/o013,urn:uuid:9d8d0610-2560-5376-8679-5a9418407a78,contains,urn:uuid:a5f3ad58-ce3c-5f5f-b581-1f842ae79192,
urn:uuid:03dde2e7-13e9-5147-9aac-4160466fd402,relation/resource/wenweili/aljabr-1/has-edition/edition/wenweili/aljabr-1/c4f7a01f68f5f407906b4b970640cddbbad85f6b,urn:uuid:a72e8c67-4b46-5049-b626-479af39b5397,has-edition,urn:uuid:df2d23de-7370-5da5-ad49-42fb7c718c49,
urn:uuid:fab3696e-f07d-5b50-8421-9bdd70135d9e,relation/unit/bab-4-grup-bebas/built-by/build-surface/unit-032-pdf,urn:uuid:6341193c-85a5-5665-86a8-339662cd5520,built-by,urn:uuid:116e8bf2-fc6d-5c8f-ad69-47b642c6d021,
urn:uuid:0b35f510-b9f0-5b3c-b74e-50b2b13b051b,relation/unit/bab-4-grup-bebas/checked-by/qa/unit-032/admission-gate,urn:uuid:6341193c-85a5-5665-86a8-339662cd5520,checked-by,urn:uuid:a3513410-6e86-528a-a9d7-adfd13554af3,
urn:uuid:21feaa89-2a2d-5f0c-8736-554891bbbf4f,relation/unit/bab-4-grup-bebas/checked-by/qa/unit-032/all-page-visual-review,urn:uuid:6341193c-85a5-5665-86a8-339662cd5520,checked-by,urn:uuid:4a8b62cc-adcd-5362-b034-cdf21e9ed0eb,
urn:uuid:b0664c83-c9e0-5e32-a821-e5c5ae4ee4cc,relation/unit/bab-4-grup-bebas/checked-by/qa/unit-032/build-log,urn:uuid:6341193c-85a5-5665-86a8-339662cd5520,checked-by,urn:uuid:8239463b-6067-5455-bca0-47c483c7922b,
urn:uuid:8d65d299-609e-5978-9866-56a41dbd4111,relation/unit/bab-4-grup-bebas/checked-by/qa/unit-032/candidate-artifact,urn:uuid:6341193c-85a5-5665-86a8-339662cd5520,checked-by,urn:uuid:6c340a49-34eb-589b-9d17-96ccfa9530cf,
urn:uuid:855c0687-0c5e-57e3-bf6a-b42316d75f73,relation/unit/bab-4-grup-bebas/checked-by/qa/unit-032/candidate-check,urn:uuid:6341193c-85a5-5665-86a8-339662cd5520,checked-by,urn:uuid:0ee94ddb-7670-5f87-9d1e-f2c4918f536a,
urn:uuid:a9ddfbd3-7c30-5c79-ae96-13390749e505,relation/unit/bab-4-grup-bebas/checked-by/qa/unit-032/canonical-integration,urn:uuid:6341193c-85a5-5665-86a8-339662cd5520,checked-by,urn:uuid:e3b9eb6d-338c-55c0-b3a4-f2c0f882e92d,
urn:uuid:a6a2f1d2-871c-5b54-9ca9-e74dd09b7670,relation/unit/bab-4-grup-bebas/checked-by/qa/unit-032/citation-closure,urn:uuid:6341193c-85a5-5665-86a8-339662cd5520,checked-by,urn:uuid:f60391a1-8dba-5d7b-8234-2fa3795fa8b6,
urn:uuid:3bf8b080-a1de-547c-b842-e29923cf8d6b,relation/unit/bab-4-grup-bebas/checked-by/qa/unit-032/digital-reflow,urn:uuid:6341193c-85a5-5665-86a8-339662cd5520,checked-by,urn:uuid:f2eeab11-366f-5df7-9bfa-eec84ca28d6b,
urn:uuid:248a9d94-92ce-5833-9f4b-25c53f1d0bdc,relation/unit/bab-4-grup-bebas/checked-by/qa/unit-032/prepromotion-evidence,urn:uuid:6341193c-85a5-5665-86a8-339662cd5520,checked-by,urn:uuid:8cd20d96-e452-5520-8573-5839264a89d8,
urn:uuid:f416d2eb-2c9e-5117-b6b7-8deaf7856cd9,relation/unit/bab-4-grup-bebas/checked-by/qa/unit-032/protected-text-localizations,urn:uuid:6341193c-85a5-5665-86a8-339662cd5520,checked-by,urn:uuid:1a4e5d20-b0b5-5b65-a853-11038a87c8e1,
urn:uuid:6155892b-752f-5ede-a8b8-c94f645f9414,relation/unit/bab-4-grup-bebas/checked-by/qa/unit-032/render-hash-inventory,urn:uuid:6341193c-85a5-5665-86a8-339662cd5520,checked-by,urn:uuid:a2f4d09b-5af6-55c7-a41b-6655949a788e,
urn:uuid:fbed6fb0-f9d2-555f-a4c8-eb43d8622494,relation/unit/bab-4-grup-bebas/checked-by/qa/unit-032/source-corrections,urn:uuid:6341193c-85a5-5665-86a8-339662cd5520,checked-by,urn:uuid:35327508-d1af-5933-9512-fc253cbbb2e7,
urn:uuid:fb82eebf-882a-57d6-b1bc-4f39a1bda436,relation/unit/bab-4-grup-bebas/checked-by/qa/unit-032/source-review,urn:uuid:6341193c-85a5-5665-86a8-339662cd5520,checked-by,urn:uuid:c8160d14-6f7e-5530-addc-b6a591589c81,
urn:uuid:38a480e9-0760-5a67-8f9a-9297f890cd4a,relation/unit/bab-4-grup-bebas/checked-by/qa/unit-032/structure-and-pdf-qa,urn:uuid:6341193c-85a5-5665-86a8-339662cd5520,checked-by,urn:uuid:f3f673b8-ea98-5aa0-adf7-20d6e8603fad,
urn:uuid:c1ade98f-10ed-5578-b658-7f5575d90613,relation/unit/bab-4-grup-bebas/checked-by/qa/unit-032/terminology-control,urn:uuid:6341193c-85a5-5665-86a8-339662cd5520,checked-by,urn:uuid:e2a1821a-d78a-5428-9fb0-6e64245c80a3,
urn:uuid:ef48b90b-80dc-5207-9012-294115c880dd,relation/unit/bab-4-grup-bebas/checked-by/qa/unit-032/terminology-delta,urn:uuid:6341193c-85a5-5665-86a8-339662cd5520,checked-by,urn:uuid:020619f3-0b14-5a91-8a25-2898d57899b0,
urn:uuid:cddcfaad-966d-5714-a495-ffca89f6469f,relation/unit/bab-4-grup-bebas/checked-by/qa/unit-032/terminology-evidence,urn:uuid:6341193c-85a5-5665-86a8-339662cd5520,checked-by,urn:uuid:9636e3bb-83c1-5bfc-8f3a-f6cb000581b3,
urn:uuid:5bf5b780-c689-5e3c-8905-8abec6d5650a,relation/unit/bab-4-grup-bebas/checked-by/qa/unit-032/visual-preflight,urn:uuid:6341193c-85a5-5665-86a8-339662cd5520,checked-by,urn:uuid:78ccc7fc-8d9d-5cca-8c63-5ee587084ad8,
urn:uuid:3e0ab125-ff12-5db5-a029-139b2fb6fe3c,relation/unit/bab-4-grup-bebas/contains/unit/bab-4-grup-bebas/section/01,urn:uuid:6341193c-85a5-5665-86a8-339662cd5520,contains,urn:uuid:5568ebc8-788a-5478-853d-ad6479f1d1ca,chapter4.tex:1108-1388 (line 1388 blank boundary omitted from target mapping)
urn:uuid:1c024c91-50ca-5cc4-b5bd-805b9842f016,relation/unit/bab-4-grup-bebas/covers/citation-locator-localization/o013-li-u032-citeloc-001,urn:uuid:6341193c-85a5-5665-86a8-339662cd5520,covers,urn:uuid:141592d7-582c-54ec-be3b-3e3211201cf3,
urn:uuid:d780bf84-f9df-55c5-875c-fc79607c1704,relation/unit/bab-4-grup-bebas/covers/citation-locator-localization/o013-li-u032-citeloc-002,urn:uuid:6341193c-85a5-5665-86a8-339662cd5520,covers,urn:uuid:75290d23-b2be-547a-89a2-908aa275fef4,
urn:uuid:d41aa86b-1f96-51e1-8450-5587e0c3ec9c,relation/unit/bab-4-grup-bebas/covers/citation-locator-localization/o013-li-u032-citeloc-003,urn:uuid:6341193c-85a5-5665-86a8-339662cd5520,covers,urn:uuid:f41f8ea8-df46-537f-831d-6adcc1a85ac7,
urn:uuid:94b40681-bded-5772-bc85-b0e40c24f574,relation/unit/bab-4-grup-bebas/covers/citation-locator-localization/o013-li-u032-citeloc-004,urn:uuid:6341193c-85a5-5665-86a8-339662cd5520,covers,urn:uuid:5dbe0e48-a155-58a4-b7a9-1d4509a68577,
urn:uuid:375a35f0-b095-51ca-972c-e928267ee98e,relation/unit/bab-4-grup-bebas/covers/concept/amalgamated-product,urn:uuid:6341193c-85a5-5665-86a8-339662cd5520,covers,urn:uuid:9d38d1d6-a844-540b-8f88-79f4a5ad1693,
urn:uuid:c5b1ceca-28f1-5a52-8d9a-204d0def3121,relation/unit/bab-4-grup-bebas/covers/concept/amalgamated-product-quotient-construction,urn:uuid:6341193c-85a5-5665-86a8-339662cd5520,covers,urn:uuid:babc8b51-f362-5717-bf82-32ad4d895220,
urn:uuid:aedf690b-f668-53c8-a839-0c7e96706b1e,relation/unit/bab-4-grup-bebas/covers/concept/bouquet-of-circles,urn:uuid:6341193c-85a5-5665-86a8-339662cd5520,covers,urn:uuid:dc4fbbd9-68a1-575b-938e-0c2a607af9d2,
urn:uuid:43c3263a-8561-5364-8214-79120f61dc9e,relation/unit/bab-4-grup-bebas/covers/concept/combinatorial-group-theory,urn:uuid:6341193c-85a5-5665-86a8-339662cd5520,covers,urn:uuid:6c0f0cf0-51ef-5de0-97b8-a64d93c1bd28,
urn:uuid:adc019a6-a253-5194-8b88-d1e3ab7f787d,relation/unit/bab-4-grup-bebas/covers/concept/concatenation,urn:uuid:6341193c-85a5-5665-86a8-339662cd5520,covers,urn:uuid:a70b655c-2243-5f29-bfb7-56f2acfcae37,
urn:uuid:28a09617-be89-596d-bbd6-54b1ac81a47c,relation/unit/bab-4-grup-bebas/covers/concept/conjugacy-problem,urn:uuid:6341193c-85a5-5665-86a8-339662cd5520,covers,urn:uuid:3da15439-9192-5aad-82a4-20c8a8eb3cf4,
urn:uuid:6838e297-2d16-54b8-91c1-cc9816788811,relation/unit/bab-4-grup-bebas/covers/concept/covering-space,urn:uuid:6341193c-85a5-5665-86a8-339662cd5520,covers,urn:uuid:fbd8c63b-e4e5-566c-9dd8-976c875de84e,
urn:uuid:14533147-e771-5442-962f-a37be24c32ec,relation/unit/bab-4-grup-bebas/covers/concept/deformation-retraction,urn:uuid:6341193c-85a5-5665-86a8-339662cd5520,covers,urn:uuid:6abcc4d9-cca4-56dd-9090-54598e0609e5,
urn:uuid:4d44e2a3-2efc-551a-aeb5-8b571cc4f743,relation/unit/bab-4-grup-bebas/covers/concept/dihedral-group-presentation,urn:uuid:6341193c-85a5-5665-86a8-339662cd5520,covers,urn:uuid:91aa43c8-5bbb-5a04-86d2-4671bc25cbd1,
urn:uuid:a74cd7d5-430c-57aa-b28c-230684a024b4,relation/unit/bab-4-grup-bebas/covers/concept/direct-sum-finite-support,urn:uuid:6341193c-85a5-5665-86a8-339662cd5520,covers,urn:uuid:2634f3b3-6a70-54ce-a14e-5f04760d85d1,
urn:uuid:a2b202e6-85cd-5c2a-8774-04a03334de66,relation/unit/bab-4-grup-bebas/covers/concept/empty-word,urn:uuid:6341193c-85a5-5665-86a8-339662cd5520,covers,urn:uuid:a0e56ebb-9781-5a27-aa93-e5dd45b24cef,
urn:uuid:9ee88768-a932-51e2-9ba9-860a66c644c0,relation/unit/bab-4-grup-bebas/covers/concept/finitely-generated-group,urn:uuid:6341193c-85a5-5665-86a8-339662cd5520,covers,urn:uuid:c30f8d99-b2c8-5b6b-a531-c869847d325a,
urn:uuid:3b7bc5ee-0007-5984-a9e7-ece8e8116435,relation/unit/bab-4-grup-bebas/covers/concept/finitely-presented-group,urn:uuid:6341193c-85a5-5665-86a8-339662cd5520,covers,urn:uuid:d9c208c6-ed2d-5c5f-8d6c-9e2b213fd4bd,
urn:uuid:fcbf3234-6279-573b-83f1-53adac1963dc,relation/unit/bab-4-grup-bebas/covers/concept/free-commutative-group,urn:uuid:6341193c-85a5-5665-86a8-339662cd5520,covers,urn:uuid:c0e72e47-45dc-5567-83af-3aa99d4d0897,
urn:uuid:ab439ee8-1b22-5c6e-b939-4eff4047782f,relation/unit/bab-4-grup-bebas/covers/concept/free-commutative-monoid,urn:uuid:6341193c-85a5-5665-86a8-339662cd5520,covers,urn:uuid:b42e208f-3c7e-52f4-90ef-484585ded2cf,
urn:uuid:1bbeb3b6-6c06-5846-a1a5-ca0129f4bbe4,relation/unit/bab-4-grup-bebas/covers/concept/free-forgetful-adjunction,urn:uuid:6341193c-85a5-5665-86a8-339662cd5520,covers,urn:uuid:09087965-caa8-5674-8a34-0d9cf67c6977,
urn:uuid:c8261ded-30ea-59fc-b3c2-4d53cedd9718,relation/unit/bab-4-grup-bebas/covers/concept/free-group,urn:uuid:6341193c-85a5-5665-86a8-339662cd5520,covers,urn:uuid:c60e18c4-f627-5691-87e4-bc0c180763fe,
urn:uuid:5782990b-803c-54a2-b83f-5f81786cabdf,relation/unit/bab-4-grup-bebas/covers/concept/free-group-from-copies-of-integers,urn:uuid:6341193c-85a5-5665-86a8-339662cd5520,covers,urn:uuid:61ecce15-23c8-51d7-93ac-15c8a31ab046,
urn:uuid:e515cd71-3219-5774-941e-523a2d82376f,relation/unit/bab-4-grup-bebas/covers/concept/free-monoid,urn:uuid:6341193c-85a5-5665-86a8-339662cd5520,covers,urn:uuid:dc8e29de-e30f-58ad-a85c-f4044186d258,
urn:uuid:89dd61e0-aeee-5d8c-a609-a332808d8c8b,relation/unit/bab-4-grup-bebas/covers/concept/free-object-universal-property,urn:uuid:6341193c-85a5-5665-86a8-339662cd5520,covers,urn:uuid:59f05a9f-8bd3-5a59-8ce2-e4826d8a1212,
urn:uuid:026490a7-efa6-5a7b-81c4-7c984c1f7f4c,relation/unit/bab-4-grup-bebas/covers/concept/free-product,urn:uuid:6341193c-85a5-5665-86a8-339662cd5520,covers,urn:uuid:e5b829f3-95a0-5f3c-8aac-779437efe25c,
urn:uuid:9bc9d099-612b-5815-942e-ba8491f1633a,relation/unit/bab-4-grup-bebas/covers/concept/graph-fundamental-group,urn:uuid:6341193c-85a5-5665-86a8-339662cd5520,covers,urn:uuid:1afb20a1-4e5b-504c-a696-7f7471df5630,
urn:uuid:845ed6a9-abab-5861-8837-4146bf0deca6,relation/unit/bab-4-grup-bebas/covers/concept/graph-geometric-realization,urn:uuid:6341193c-85a5-5665-86a8-339662cd5520,covers,urn:uuid:d290885e-0447-515e-b17b-6682e4c6b0dc,
urn:uuid:d96243f1-c798-5deb-baae-ca28856ad777,relation/unit/bab-4-grup-bebas/covers/concept/group-as-quotient-of-free-group,urn:uuid:6341193c-85a5-5665-86a8-339662cd5520,covers,urn:uuid:c2151759-af84-5794-af66-0d3813d82b07,
urn:uuid:5248cdee-73a7-5a02-a61a-271226c954eb,relation/unit/bab-4-grup-bebas/covers/concept/group-presentation,urn:uuid:6341193c-85a5-5665-86a8-339662cd5520,covers,urn:uuid:1ab90b80-6334-5099-bb3c-8b53b9533614,
urn:uuid:7eb2536e-2c08-510d-a29c-6e68ba198ab0,relation/unit/bab-4-grup-bebas/covers/concept/isomorphism-problem,urn:uuid:6341193c-85a5-5665-86a8-339662cd5520,covers,urn:uuid:f398496b-849a-5fd4-92ba-27abe1856b41,
urn:uuid:bb1cec34-c8df-5e0f-a946-4e8f3984d7fc,relation/unit/bab-4-grup-bebas/covers/concept/maximal-spanning-tree,urn:uuid:6341193c-85a5-5665-86a8-339662cd5520,covers,urn:uuid:5cdf3682-8fb2-5294-955b-909f0fa14c0c,
urn:uuid:a2e58715-c5af-51b8-ae83-604001ba3508,relation/unit/bab-4-grup-bebas/covers/concept/nielsen-schreier-theorem,urn:uuid:6341193c-85a5-5665-86a8-339662cd5520,covers,urn:uuid:b0a49832-fa79-5a2b-a0b9-ca6929e2162f,
urn:uuid:289f96af-8366-594d-9600-cecdd870dc42,relation/unit/bab-4-grup-bebas/covers/concept/normal-closure,urn:uuid:6341193c-85a5-5665-86a8-339662cd5520,covers,urn:uuid:c8ddb27d-cdcf-5dfe-875d-b26c1d94046b,
urn:uuid:fd8071e8-9240-5755-b66b-fcec9873a6f7,relation/unit/bab-4-grup-bebas/covers/concept/normal-form-action-on-sigma,urn:uuid:6341193c-85a5-5665-86a8-339662cd5520,covers,urn:uuid:ddd64263-3d23-5a86-9b00-92d079da104c,
urn:uuid:4d0e450a-2cce-5a7f-b3b6-784ef174b80d,relation/unit/bab-4-grup-bebas/covers/concept/path-lifting-property,urn:uuid:6341193c-85a5-5665-86a8-339662cd5520,covers,urn:uuid:f9b0ff2b-2654-5845-9b38-655d602ef4dd,
urn:uuid:e3bde084-dda4-53e0-ad0a-f9398caf04bd,relation/unit/bab-4-grup-bebas/covers/concept/recursion-theory,urn:uuid:6341193c-85a5-5665-86a8-339662cd5520,covers,urn:uuid:7622bab5-03c2-565e-a39d-f10a826caff2,
urn:uuid:fd526ade-9c2c-5915-b8d0-1f6b5de64b38,relation/unit/bab-4-grup-bebas/covers/concept/reduced-normal-form,urn:uuid:6341193c-85a5-5665-86a8-339662cd5520,covers,urn:uuid:602be37b-3cca-5592-957f-7a54fd574d52,
urn:uuid:3605f817-5dce-5f04-9d99-121e888740f7,relation/unit/bab-4-grup-bebas/covers/concept/reduced-word,urn:uuid:6341193c-85a5-5665-86a8-339662cd5520,covers,urn:uuid:236cc03e-9173-5ab4-922f-063017c26db4,
urn:uuid:ad076a3c-d303-5f31-b645-e4731d32b2c4,relation/unit/bab-4-grup-bebas/covers/concept/subgroup-covering-correspondence,urn:uuid:6341193c-85a5-5665-86a8-339662cd5520,covers,urn:uuid:12282970-5134-5756-8e65-2e9c518e9a2d,
urn:uuid:3c27e3c2-c023-5603-9104-52eb8d95398b,relation/unit/bab-4-grup-bebas/covers/concept/transversal,urn:uuid:6341193c-85a5-5665-86a8-339662cd5520,covers,urn:uuid:5df78bc3-0e4b-5fc3-8ee6-f645413019ad,
urn:uuid:08bf27ef-7349-584b-9cf4-9b373e589074,relation/unit/bab-4-grup-bebas/covers/concept/two-conjugate-generators-for-finite-simple-groups,urn:uuid:6341193c-85a5-5665-86a8-339662cd5520,covers,urn:uuid:65085b70-f706-5840-9996-848111d53b6c,
urn:uuid:6f00b1de-2893-57c8-ad60-4ea4f74edee4,relation/unit/bab-4-grup-bebas/covers/concept/unique-up-to-unique-isomorphism,urn:uuid:6341193c-85a5-5665-86a8-339662cd5520,covers,urn:uuid:cd8d3758-228b-5c34-a694-cb2d1284d715,
urn:uuid:10571975-7fa8-5137-a01f-6b78954c0c20,relation/unit/bab-4-grup-bebas/covers/concept/word,urn:uuid:6341193c-85a5-5665-86a8-339662cd5520,covers,urn:uuid:2378010c-70b2-5f6b-a72c-a6fc56a81830,
urn:uuid:75f111ef-0e88-5580-883e-edd59e9152b5,relation/unit/bab-4-grup-bebas/covers/concept/word-length,urn:uuid:6341193c-85a5-5665-86a8-339662cd5520,covers,urn:uuid:dc9ab8ef-2bd6-5386-9e70-2f19f794b0e3,
urn:uuid:5923de90-cf2c-5c77-a95f-840e3328eede,relation/unit/bab-4-grup-bebas/covers/concept/word-problem,urn:uuid:6341193c-85a5-5665-86a8-339662cd5520,covers,urn:uuid:ba97870c-9c6d-587f-80a7-785a36e4d211,
urn:uuid:a7334fbb-1d57-5b9b-804f-04f837f552b4,relation/unit/bab-4-grup-bebas/covers/correction/o013-li-u032-cor-001,urn:uuid:6341193c-85a5-5665-86a8-339662cd5520,covers,urn:uuid:17c7d7ba-7f08-566f-984b-55c0b4fd977b,
urn:uuid:383de2cb-856d-5e95-942e-9824c17783e8,relation/unit/bab-4-grup-bebas/covers/correction/o013-li-u032-cor-002,urn:uuid:6341193c-85a5-5665-86a8-339662cd5520,covers,urn:uuid:ceba2441-ab89-561e-b839-688ce608c336,
urn:uuid:5116f82b-38d4-5ac2-810c-fd007ee30b92,relation/unit/bab-4-grup-bebas/covers/digital-reflow/o013-li-u032-reflow-001,urn:uuid:6341193c-85a5-5665-86a8-339662cd5520,covers,urn:uuid:bdc8ae3b-017f-5d78-9d2c-655a908ac46d,
urn:uuid:c94197bf-5cf2-5f56-890e-7d3f9ec69c00,relation/unit/bab-4-grup-bebas/covers/digital-reflow/o013-li-u032-reflow-002,urn:uuid:6341193c-85a5-5665-86a8-339662cd5520,covers,urn:uuid:b893999e-0914-5502-bf7c-4745b8d8d5a8,
urn:uuid:26817758-9b3c-5571-ba5f-5c04898501ca,relation/unit/bab-4-grup-bebas/covers/protected-text-localization/o013-li-u032-loc-001,urn:uuid:6341193c-85a5-5665-86a8-339662cd5520,covers,urn:uuid:2ca86cd8-8693-58e3-b011-990e4ad1bb6a,
urn:uuid:746b7700-7037-5e32-843d-4f3dd7e32be8,relation/unit/bab-4-grup-bebas/covers/protected-text-localization/o013-li-u032-loc-002,urn:uuid:6341193c-85a5-5665-86a8-339662cd5520,covers,urn:uuid:b3c4f8d2-360a-535f-8ea5-ed87cb7da9b9,
urn:uuid:1df8e6c7-648f-5224-b4f2-685fd2604d0c,relation/unit/bab-4-grup-bebas/covers/protected-text-localization/o013-li-u032-loc-003,urn:uuid:6341193c-85a5-5665-86a8-339662cd5520,covers,urn:uuid:1e673f82-6966-5c4f-a4af-6e465b4b7183,
urn:uuid:72a7a23e-b548-573e-a7b0-8dabfd690bbc,relation/unit/bab-4-grup-bebas/covers/protected-text-localization/o013-li-u032-loc-004,urn:uuid:6341193c-85a5-5665-86a8-339662cd5520,covers,urn:uuid:3db58f2c-b1f0-51eb-be55-96262e97fe1f,
urn:uuid:c2ece027-65fc-57e6-a9bb-379cdbc6027a,relation/unit/bab-4-grup-bebas/covers/protected-text-localization/o013-li-u032-loc-005,urn:uuid:6341193c-85a5-5665-86a8-339662cd5520,covers,urn:uuid:14c6ff73-ea04-5c92-a00d-cf3d8b698714,
urn:uuid:6736ff26-e21c-59d3-91c0-dd3209d4bb3a,relation/unit/bab-4-grup-bebas/covers/protected-text-localization/o013-li-u032-loc-006,urn:uuid:6341193c-85a5-5665-86a8-339662cd5520,covers,urn:uuid:2354108f-351c-5e6d-a213-ec9fd500a35a,
urn:uuid:3658ab82-5a5e-51a4-8691-9a60e7fa1939,relation/unit/bab-4-grup-bebas/covers/protected-text-localization/o013-li-u032-loc-007,urn:uuid:6341193c-85a5-5665-86a8-339662cd5520,covers,urn:uuid:b334d0c8-0c08-5579-ba0e-84a7aad68279,
urn:uuid:5a5074d1-14c2-5585-b0a6-4bccbf0baa8e,relation/unit/bab-4-grup-bebas/covers/protected-text-localization/o013-li-u032-loc-008,urn:uuid:6341193c-85a5-5665-86a8-339662cd5520,covers,urn:uuid:888455e3-161c-54e8-92bc-15ec61afdb5d,
urn:uuid:af4a06b9-a358-5a24-9258-acc0ca3bbdf4,relation/unit/bab-4-grup-bebas/covers/protected-text-localization/o013-li-u032-loc-009,urn:uuid:6341193c-85a5-5665-86a8-339662cd5520,covers,urn:uuid:e235faf4-c7f4-5c7b-ac2d-d49abbed376c,
urn:uuid:f951022a-dedf-5aa3-b8ea-112815893b62,relation/unit/bab-4-grup-bebas/covers/protected-text-localization/o013-li-u032-loc-010,urn:uuid:6341193c-85a5-5665-86a8-339662cd5520,covers,urn:uuid:1dbb6d50-fbbc-59b5-b8a8-0478133926d6,
urn:uuid:99e19673-3540-5ea1-aaf8-0430a1d7167a,relation/unit/bab-4-grup-bebas/covers/protected-text-localization/o013-li-u032-loc-011,urn:uuid:6341193c-85a5-5665-86a8-339662cd5520,covers,urn:uuid:866b8164-328a-54bb-91ac-3babf2618188,
urn:uuid:7234c5c9-0bcc-5a7d-b902-feb3feb349c0,relation/unit/bab-4-grup-bebas/covers/protected-text-localization/o013-li-u032-loc-012,urn:uuid:6341193c-85a5-5665-86a8-339662cd5520,covers,urn:uuid:3c3038ed-2ba9-507f-9c8b-2b56e49b593d,
urn:uuid:14f6d78e-d65f-5f2c-ba82-7d49253927a0,relation/unit/bab-4-grup-bebas/covers/protected-text-localization/o013-li-u032-loc-013,urn:uuid:6341193c-85a5-5665-86a8-339662cd5520,covers,urn:uuid:9b08df16-2f17-55de-b4d2-ce1bcabd5f90,
urn:uuid:7de1212f-c276-5c50-9441-f5f470eb72f5,relation/unit/bab-4-grup-bebas/covers/provenance/o013-li-u032-production,urn:uuid:6341193c-85a5-5665-86a8-339662cd5520,covers,urn:uuid:a0a53631-a400-5719-b655-5eade4bb92a9,
urn:uuid:59d8d86d-cfc3-5037-a80d-dc9760895818,relation/unit/bab-4-grup-bebas/covers/surface/unit-032/diagram-arrow/001,urn:uuid:6341193c-85a5-5665-86a8-339662cd5520,covers,urn:uuid:a860ef47-e1ca-577e-b04c-783ac0b7a153,
urn:uuid:e0c8321f-05ce-5ceb-9b07-11dacc7bec49,relation/unit/bab-4-grup-bebas/covers/surface/unit-032/diagram-arrow/002,urn:uuid:6341193c-85a5-5665-86a8-339662cd5520,covers,urn:uuid:48439d8d-e7b8-57f8-b97b-ce02921c7ce2,
urn:uuid:8e056235-2e4b-53cc-9563-06620c5cfbc7,relation/unit/bab-4-grup-bebas/covers/surface/unit-032/diagram-arrow/003,urn:uuid:6341193c-85a5-5665-86a8-339662cd5520,covers,urn:uuid:ddb8c66e-2574-5cc2-a451-3679da85628d,
urn:uuid:89a09b6e-bb27-5aaf-854b-c054e7aff93a,relation/unit/bab-4-grup-bebas/covers/surface/unit-032/diagram-arrow/004,urn:uuid:6341193c-85a5-5665-86a8-339662cd5520,covers,urn:uuid:389999dc-e7dc-562a-a729-960294759053,
urn:uuid:cd7f1fc6-ed9f-5b08-ae8c-9b021d84c2b3,relation/unit/bab-4-grup-bebas/covers/surface/unit-032/diagram-arrow/005,urn:uuid:6341193c-85a5-5665-86a8-339662cd5520,covers,urn:uuid:211337ee-c5c9-5707-9902-cc645c0d49fb,
urn:uuid:7ab294f0-bfdb-5dba-958f-c2c2f275c23d,relation/unit/bab-4-grup-bebas/covers/surface/unit-032/diagram-arrow/006,urn:uuid:6341193c-85a5-5665-86a8-339662cd5520,covers,urn:uuid:f1a21d63-1712-5932-b125-532e662769d8,
urn:uuid:a5da20b4-bdaa-50e2-89b3-7825af7e5bd1,relation/unit/bab-4-grup-bebas/covers/surface/unit-032/diagram-arrow/007,urn:uuid:6341193c-85a5-5665-86a8-339662cd5520,covers,urn:uuid:9562cb8a-c25d-52fd-a1ed-7433e6ec5c82,
urn:uuid:d220d44e-f350-54ee-b29f-4d9c532c3115,relation/unit/bab-4-grup-bebas/covers/surface/unit-032/diagram-arrow/008,urn:uuid:6341193c-85a5-5665-86a8-339662cd5520,covers,urn:uuid:6e023c11-d125-5a4a-a195-615b62a9d25d,
urn:uuid:34b2d975-587b-593e-8c6f-c749c30a456b,relation/unit/bab-4-grup-bebas/covers/surface/unit-032/diagram-arrow/009,urn:uuid:6341193c-85a5-5665-86a8-339662cd5520,covers,urn:uuid:9b126d21-5f9a-55d8-b0ff-2542594b80b8,
urn:uuid:82aaeff1-7361-5cb0-be5a-bf102f12c314,relation/unit/bab-4-grup-bebas/covers/surface/unit-032/diagram-arrow/010,urn:uuid:6341193c-85a5-5665-86a8-339662cd5520,covers,urn:uuid:5b9e7ee2-290e-55d5-8aac-aa93af3574c5,
urn:uuid:e70a8b54-32dc-5958-8f60-6b2c52554dd6,relation/unit/bab-4-grup-bebas/covers/surface/unit-032/diagram-arrow/011,urn:uuid:6341193c-85a5-5665-86a8-339662cd5520,covers,urn:uuid:ed4bb0cb-ddae-54e2-8d4e-d028bdccd36b,
urn:uuid:edcb758e-f659-5b94-b654-853fdfe2516a,relation/unit/bab-4-grup-bebas/covers/surface/unit-032/diagram-arrow/012,urn:uuid:6341193c-85a5-5665-86a8-339662cd5520,covers,urn:uuid:a97e2332-13dd-5bff-9af1-958febd8395f,
urn:uuid:8fed7a67-abbc-5006-9e63-afe1a5467845,relation/unit/bab-4-grup-bebas/covers/surface/unit-032/diagram-arrow/013,urn:uuid:6341193c-85a5-5665-86a8-339662cd5520,covers,urn:uuid:480728b4-5114-5936-b57a-5a07f731e713,
urn:uuid:89dcf0e0-c152-5bd6-a0c3-070b4d2b8fe9,relation/unit/bab-4-grup-bebas/covers/surface/unit-032/diagram-arrow/014,urn:uuid:6341193c-85a5-5665-86a8-339662cd5520,covers,urn:uuid:302187c6-6621-5529-b16a-3ccea3b5977b,
urn:uuid:54ca787b-9d20-5c18-8bf2-524a300d1d5f,relation/unit/bab-4-grup-bebas/covers/surface/unit-032/diagram-arrow/015,urn:uuid:6341193c-85a5-5665-86a8-339662cd5520,covers,urn:uuid:65b92885-6adf-5899-8bc9-a75604c46fbd,
urn:uuid:e4e36108-f0fd-549f-9d61-886c41c6d62f,relation/unit/bab-4-grup-bebas/covers/surface/unit-032/diagram-arrow/016,urn:uuid:6341193c-85a5-5665-86a8-339662cd5520,covers,urn:uuid:72820fb5-24ca-5998-8168-644dee52e179,
urn:uuid:9b7c17c6-1180-506b-990d-597ddfdf0c11,relation/unit/bab-4-grup-bebas/covers/surface/unit-032/diagram-arrow/017,urn:uuid:6341193c-85a5-5665-86a8-339662cd5520,covers,urn:uuid:49b58c66-f9a3-5a8a-9555-3ab4edb5834c,
urn:uuid:6020d3ae-274e-5fec-ba89-b9b58e2a3296,relation/unit/bab-4-grup-bebas/covers/surface/unit-032/diagram-arrow/018,urn:uuid:6341193c-85a5-5665-86a8-339662cd5520,covers,urn:uuid:b8ba72b4-19b0-5984-ad4a-4bdf2241dc30,
urn:uuid:690d8e9b-03ad-5b8f-aa7a-f59013f2156a,relation/unit/bab-4-grup-bebas/covers/surface/unit-032/diagram-arrow/019,urn:uuid:6341193c-85a5-5665-86a8-339662cd5520,covers,urn:uuid:edb63a17-aedd-5854-94d7-c2a568bb77ee,
urn:uuid:9e488053-eb8b-51ff-8f99-3f2b4c478fbd,relation/unit/bab-4-grup-bebas/covers/surface/unit-032/diagram-arrow/020,urn:uuid:6341193c-85a5-5665-86a8-339662cd5520,covers,urn:uuid:49b28dcd-bb9a-572b-8775-80383caeded2,
urn:uuid:2b34c8eb-0ed9-53fb-8471-b10c3cab838f,relation/unit/bab-4-grup-bebas/covers/surface/unit-032/diagram-arrow/021,urn:uuid:6341193c-85a5-5665-86a8-339662cd5520,covers,urn:uuid:fc71b142-609c-5dd1-99dc-17cd6684924d,
urn:uuid:a0be8148-0a7a-5402-8301-ea71abc2d944,relation/unit/bab-4-grup-bebas/covers/surface/unit-032/diagram-arrow/022,urn:uuid:6341193c-85a5-5665-86a8-339662cd5520,covers,urn:uuid:27fc8960-520c-55e0-861d-45862e9578a8,
urn:uuid:28bc50ad-d82a-534e-88f9-e0120a2bc79a,relation/unit/bab-4-grup-bebas/covers/surface/unit-032/diagram-arrow/023,urn:uuid:6341193c-85a5-5665-86a8-339662cd5520,covers,urn:uuid:636b7979-a1da-57d9-a21b-20efdd2873ef,
urn:uuid:24c768b8-d059-5376-ac37-0352416e1e8a,relation/unit/bab-4-grup-bebas/covers/surface/unit-032/diagram-arrow/024,urn:uuid:6341193c-85a5-5665-86a8-339662cd5520,covers,urn:uuid:8beff2fb-0a2d-5256-bbd9-90be6233fca5,
urn:uuid:cf62dcf2-852b-5300-95be-a62e39fea93e,relation/unit/bab-4-grup-bebas/covers/surface/unit-032/diagram-arrow/025,urn:uuid:6341193c-85a5-5665-86a8-339662cd5520,covers,urn:uuid:4a055012-89bd-5aff-955e-3761acfa1836,
urn:uuid:4ceedd6c-7382-502c-9066-5600b580664d,relation/unit/bab-4-grup-bebas/covers/surface/unit-032/diagram-arrow/026,urn:uuid:6341193c-85a5-5665-86a8-339662cd5520,covers,urn:uuid:84416152-cce1-59e1-8777-dbe625a7787b,
urn:uuid:3a026b09-5fad-5bf8-b65b-3eca830a8ab6,relation/unit/bab-4-grup-bebas/covers/surface/unit-032/diagram-arrow/027,urn:uuid:6341193c-85a5-5665-86a8-339662cd5520,covers,urn:uuid:3cc44dbd-3128-556b-9fd2-03faf32c9bc4,
urn:uuid:df59926f-300f-55a2-b994-4f8b1244839b,relation/unit/bab-4-grup-bebas/covers/surface/unit-032/diagram-arrow/028,urn:uuid:6341193c-85a5-5665-86a8-339662cd5520,covers,urn:uuid:60fd465a-1e3d-5b79-b819-60ce6550e90a,
urn:uuid:2c897794-1675-5bde-af80-e9d41150acb6,relation/unit/bab-4-grup-bebas/covers/surface/unit-032/drawing-command/001-draw,urn:uuid:6341193c-85a5-5665-86a8-339662cd5520,covers,urn:uuid:9fc2035f-0574-5a99-ac53-758ab9afc053,
urn:uuid:4384605c-4a56-5791-9a72-462dbac72a54,relation/unit/bab-4-grup-bebas/covers/surface/unit-032/drawing-command/002-draw,urn:uuid:6341193c-85a5-5665-86a8-339662cd5520,covers,urn:uuid:04322c0a-d3e0-56fa-8b2f-9f29f548925f,
urn:uuid:df9aabf2-5b56-5f2b-8d55-2837a883e29f,relation/unit/bab-4-grup-bebas/covers/surface/unit-032/drawing-command/003-draw,urn:uuid:6341193c-85a5-5665-86a8-339662cd5520,covers,urn:uuid:2b10f335-3227-52a5-b273-5a7c1b2c89a1,
urn:uuid:4706e1e5-061a-5345-9c40-5cfa4ec8ab49,relation/unit/bab-4-grup-bebas/covers/surface/unit-032/drawing-command/004-draw,urn:uuid:6341193c-85a5-5665-86a8-339662cd5520,covers,urn:uuid:b7a34424-13aa-5dec-866c-bfb19be28ae4,
urn:uuid:d593b872-3405-53c6-bb15-eeebf356ebbd,relation/unit/bab-4-grup-bebas/covers/surface/unit-032/drawing-command/005-draw,urn:uuid:6341193c-85a5-5665-86a8-339662cd5520,covers,urn:uuid:728faefd-c767-587d-8429-46c5e1278825,
urn:uuid:3543908e-4712-50f1-9761-25ec71b7d3b2,relation/unit/bab-4-grup-bebas/covers/surface/unit-032/drawing-command/006-draw,urn:uuid:6341193c-85a5-5665-86a8-339662cd5520,covers,urn:uuid:1a8a820c-2c57-5df9-8143-38972084beed,
urn:uuid:59ab939a-e821-5d64-8b29-c81e4495573e,relation/unit/bab-4-grup-bebas/covers/surface/unit-032/drawing-command/007-foreach,urn:uuid:6341193c-85a5-5665-86a8-339662cd5520,covers,urn:uuid:b91f0ec0-6ff8-5f3e-bdf9-775aeb8f1cb2,
urn:uuid:d9c8786d-3863-5b4d-846b-ddfff988ccd0,relation/unit/bab-4-grup-bebas/covers/surface/unit-032/drawing-command/008-draw,urn:uuid:6341193c-85a5-5665-86a8-339662cd5520,covers,urn:uuid:06d9136c-7fc6-5580-944c-5335b1b4c532,
urn:uuid:3b2633ad-f101-5f46-8f7d-e8e603a171c8,relation/unit/bab-4-grup-bebas/covers/surface/unit-032/environment/001-definition-01,urn:uuid:6341193c-85a5-5665-86a8-339662cd5520,covers,urn:uuid:910fe900-8843-54f6-be90-396fe267f8d1,
urn:uuid:2bf868a1-4db6-5492-ae89-7103d5cc985b,relation/unit/bab-4-grup-bebas/covers/surface/unit-032/environment/002-tikzcd-01,urn:uuid:6341193c-85a5-5665-86a8-339662cd5520,covers,urn:uuid:a49fce94-9590-5e63-95a4-8e6a41202106,
urn:uuid:1cac9653-efcd-5cf8-af8c-887c1e0599df,relation/unit/bab-4-grup-bebas/covers/surface/unit-032/environment/003-definition-02,urn:uuid:6341193c-85a5-5665-86a8-339662cd5520,covers,urn:uuid:31673983-448a-5b0f-8405-e612c389db87,
urn:uuid:2ca78080-aea8-55ab-9b27-6391a74353cb,relation/unit/bab-4-grup-bebas/covers/surface/unit-032/environment/004-tikzcd-02,urn:uuid:6341193c-85a5-5665-86a8-339662cd5520,covers,urn:uuid:d5c39dbd-5978-5c74-9d29-5b0aa327695a,
urn:uuid:8d37b64b-e54a-544d-8005-7b292fcff49a,relation/unit/bab-4-grup-bebas/covers/surface/unit-032/environment/005-tikzcd-03,urn:uuid:6341193c-85a5-5665-86a8-339662cd5520,covers,urn:uuid:7b3c94d6-92fe-53e9-972f-25ffedf888bf,
urn:uuid:37655f7d-25cd-5fb3-bc3e-54c71e734936,relation/unit/bab-4-grup-bebas/covers/surface/unit-032/environment/006-remark-01,urn:uuid:6341193c-85a5-5665-86a8-339662cd5520,covers,urn:uuid:3f41fbcd-7544-5de6-8886-7a977630ee0b,
urn:uuid:024ca0e9-68af-5d49-8ba0-fac6f74f8aab,relation/unit/bab-4-grup-bebas/covers/surface/unit-032/environment/007-align-01,urn:uuid:6341193c-85a5-5665-86a8-339662cd5520,covers,urn:uuid:7824415d-cfcc-5c51-8064-31f1e3d9d6b8,
urn:uuid:50d572ea-4fe8-5900-af1c-3a4a775b10d9,relation/unit/bab-4-grup-bebas/covers/surface/unit-032/environment/008-center-01,urn:uuid:6341193c-85a5-5665-86a8-339662cd5520,covers,urn:uuid:5c499622-4166-59cd-b047-267ed5279a15,
urn:uuid:b851acbf-2d9e-578d-a9a4-4d8a6c4f29d2,relation/unit/bab-4-grup-bebas/covers/surface/unit-032/environment/009-tikzcd-04,urn:uuid:6341193c-85a5-5665-86a8-339662cd5520,covers,urn:uuid:ae06098b-57ed-5cb0-8251-cbbcdcd7f170,
urn:uuid:ad52f18d-d967-5f4b-9da5-a2011f47a134,relation/unit/bab-4-grup-bebas/covers/surface/unit-032/environment/010-lemma-01,urn:uuid:6341193c-85a5-5665-86a8-339662cd5520,covers,urn:uuid:5711a627-46c7-524f-b62a-362c5be6df7c,
urn:uuid:603354a3-2495-5b10-9d56-5594890d4800,relation/unit/bab-4-grup-bebas/covers/surface/unit-032/environment/011-proof-01,urn:uuid:6341193c-85a5-5665-86a8-339662cd5520,covers,urn:uuid:d6df406b-e844-50f4-b7dc-094650d7e4cf,
urn:uuid:053aeac6-194c-5e9d-b877-a62ba59f081d,relation/unit/bab-4-grup-bebas/covers/surface/unit-032/environment/012-definition-03,urn:uuid:6341193c-85a5-5665-86a8-339662cd5520,covers,urn:uuid:1007fe97-75cc-58e7-bb7c-1c7acf14c1fa,
urn:uuid:05a3cc31-6328-5895-be37-bf76cefde266,relation/unit/bab-4-grup-bebas/covers/surface/unit-032/environment/013-compactitem-01,urn:uuid:6341193c-85a5-5665-86a8-339662cd5520,covers,urn:uuid:430da629-ee01-5d28-89b0-34c0a3f8d771,
urn:uuid:654eea37-d8af-5d0a-88aa-22a99a3b0440,relation/unit/bab-4-grup-bebas/covers/surface/unit-032/environment/014-tikzcd-05,urn:uuid:6341193c-85a5-5665-86a8-339662cd5520,covers,urn:uuid:bb011dcc-4f26-5138-a632-7f1b53ef0c3b,
urn:uuid:241fff90-5f97-5f40-9394-b8f13fbf4347,relation/unit/bab-4-grup-bebas/covers/surface/unit-032/environment/015-gather-01,urn:uuid:6341193c-85a5-5665-86a8-339662cd5520,covers,urn:uuid:8a92c788-1e3e-5606-8cea-5bbe3ef17a93,
urn:uuid:49d341c9-5d6b-54a9-9936-dc37e63aa9c6,relation/unit/bab-4-grup-bebas/covers/surface/unit-032/environment/016-lemma-02,urn:uuid:6341193c-85a5-5665-86a8-339662cd5520,covers,urn:uuid:ca505765-ed2f-5105-bf1c-fb3a3a3d6aec,
urn:uuid:04fb19af-cefe-58da-a6bb-6e9af09d7b2d,relation/unit/bab-4-grup-bebas/covers/surface/unit-032/environment/017-proof-02,urn:uuid:6341193c-85a5-5665-86a8-339662cd5520,covers,urn:uuid:440e7f4b-da67-59a3-8977-b46beab02a85,
urn:uuid:46bf735c-cab0-5a5d-848d-7e5ec91cbf6d,relation/unit/bab-4-grup-bebas/covers/surface/unit-032/environment/018-compactenum-01,urn:uuid:6341193c-85a5-5665-86a8-339662cd5520,covers,urn:uuid:9c79d4bc-2729-57b7-a8aa-0d838d1cd219,
urn:uuid:8a5751aa-1ab8-5578-91a9-aaa3678a8f6e,relation/unit/bab-4-grup-bebas/covers/surface/unit-032/environment/019-tikzcd-06,urn:uuid:6341193c-85a5-5665-86a8-339662cd5520,covers,urn:uuid:39f59d1d-f8bd-56b3-9772-9a35faf6925b,
urn:uuid:8de166dd-a680-5a71-8744-e2324653d182,relation/unit/bab-4-grup-bebas/covers/surface/unit-032/environment/020-gather-01,urn:uuid:6341193c-85a5-5665-86a8-339662cd5520,covers,urn:uuid:ea5cc2b4-0458-5b2d-9430-161140557cd9,
urn:uuid:70e397b1-331d-5536-9dcf-38f0f60155a1,relation/unit/bab-4-grup-bebas/covers/surface/unit-032/environment/021-equation-01,urn:uuid:6341193c-85a5-5665-86a8-339662cd5520,covers,urn:uuid:72160ab1-2398-5354-aad8-a2e6b77cdfd6,
urn:uuid:d394a08d-d966-536e-9aee-54b9423210a1,relation/unit/bab-4-grup-bebas/covers/surface/unit-032/environment/022-gathered-01,urn:uuid:6341193c-85a5-5665-86a8-339662cd5520,covers,urn:uuid:e958e892-f632-5ef7-b408-16ec875ffc65,
urn:uuid:e090ffb9-bc00-503d-96aa-a06850d536cd,relation/unit/bab-4-grup-bebas/covers/surface/unit-032/environment/023-tikzcd-07,urn:uuid:6341193c-85a5-5665-86a8-339662cd5520,covers,urn:uuid:dc786b90-0b7a-50a4-851e-6f4f55da7784,
urn:uuid:2307616f-0878-5b58-a84d-22a07439c276,relation/unit/bab-4-grup-bebas/covers/surface/unit-032/environment/024-lemma-03,urn:uuid:6341193c-85a5-5665-86a8-339662cd5520,covers,urn:uuid:ad7759ec-4768-5e42-b0aa-fcf12332a004,
urn:uuid:b8662d24-8eed-51eb-80ec-7c5324842b93,relation/unit/bab-4-grup-bebas/covers/surface/unit-032/environment/025-proof-03,urn:uuid:6341193c-85a5-5665-86a8-339662cd5520,covers,urn:uuid:72889574-ef92-535b-ae0c-956707bf3ca1,
urn:uuid:5dbe7dd4-e4d1-58fa-9072-97750ca183d9,relation/unit/bab-4-grup-bebas/covers/surface/unit-032/environment/026-align-02,urn:uuid:6341193c-85a5-5665-86a8-339662cd5520,covers,urn:uuid:d00a2241-3b2b-59d8-9069-c90ba32f45b5,
urn:uuid:ab2b369f-da35-50d9-a4f7-27f08701be51,relation/unit/bab-4-grup-bebas/covers/surface/unit-032/environment/027-cases-01,urn:uuid:6341193c-85a5-5665-86a8-339662cd5520,covers,urn:uuid:345e21be-90f4-53f4-a5bf-fe20a8f5366f,
urn:uuid:eb98a952-3bb3-53cf-ac76-b7b4bb041af2,relation/unit/bab-4-grup-bebas/covers/surface/unit-032/environment/028-proposition-01,urn:uuid:6341193c-85a5-5665-86a8-339662cd5520,covers,urn:uuid:19e89cd8-e4dd-5dbc-b7ce-70533feee8e6,
urn:uuid:008ac1c6-01d3-59b8-83cd-1430191049f6,relation/unit/bab-4-grup-bebas/covers/surface/unit-032/environment/029-proof-04,urn:uuid:6341193c-85a5-5665-86a8-339662cd5520,covers,urn:uuid:1c8c3376-ae21-5f63-9a07-42ef621c9fb1,
urn:uuid:ef6a8246-baf2-5a9d-b0ac-dd2502414e66,relation/unit/bab-4-grup-bebas/covers/surface/unit-032/environment/030-align-03,urn:uuid:6341193c-85a5-5665-86a8-339662cd5520,covers,urn:uuid:3b90a979-2241-5560-b4b5-4139db7a391f,
urn:uuid:4aa929df-08c7-5624-a296-aa46e6d9baa7,relation/unit/bab-4-grup-bebas/covers/surface/unit-032/environment/031-definition-04,urn:uuid:6341193c-85a5-5665-86a8-339662cd5520,covers,urn:uuid:f7487865-57bf-58e6-9820-50cb35f1b041,
urn:uuid:8a679430-b339-5b93-b030-7f4daf6a7b3e,relation/unit/bab-4-grup-bebas/covers/surface/unit-032/environment/032-definition-05,urn:uuid:6341193c-85a5-5665-86a8-339662cd5520,covers,urn:uuid:92fcd581-341d-536d-be33-733778495fd3,
urn:uuid:daacaebe-2051-51e3-a15a-cee7c835c818,relation/unit/bab-4-grup-bebas/covers/surface/unit-032/environment/033-inparaenum-01,urn:uuid:6341193c-85a5-5665-86a8-339662cd5520,covers,urn:uuid:e461a68d-8ac8-577e-8922-34a8836bb047,
urn:uuid:66659048-b6fb-5c91-b6d1-fa7f2c1440da,relation/unit/bab-4-grup-bebas/covers/surface/unit-032/environment/034-tikzcd-08,urn:uuid:6341193c-85a5-5665-86a8-339662cd5520,covers,urn:uuid:88cbf0e0-fe0f-5542-a5e0-374a3b4d9ad9,
urn:uuid:f4a3b3ab-d8bc-5922-8157-1ff324f4f424,relation/unit/bab-4-grup-bebas/covers/surface/unit-032/environment/035-proposition-02,urn:uuid:6341193c-85a5-5665-86a8-339662cd5520,covers,urn:uuid:378165da-3101-5992-9da0-93784492c813,
urn:uuid:73936ba3-d771-53e5-baf1-0a2c768b0a4b,relation/unit/bab-4-grup-bebas/covers/surface/unit-032/environment/036-aligned-01,urn:uuid:6341193c-85a5-5665-86a8-339662cd5520,covers,urn:uuid:5bf8eace-059b-51e6-9efb-fe8eaf96215e,
urn:uuid:72b6fe32-4ad7-54e0-ac00-7a5cdc772284,relation/unit/bab-4-grup-bebas/covers/surface/unit-032/environment/037-tikzcd-09,urn:uuid:6341193c-85a5-5665-86a8-339662cd5520,covers,urn:uuid:7a65cb17-43b3-570e-98e9-3765c07be5d8,
urn:uuid:eb41c50b-785e-57d3-9077-6c6355f5dd4c,relation/unit/bab-4-grup-bebas/covers/surface/unit-032/environment/038-proof-05,urn:uuid:6341193c-85a5-5665-86a8-339662cd5520,covers,urn:uuid:cb1d4b72-210e-54f1-a47b-cfa1d6aeb523,
urn:uuid:ee6c8ccd-391b-5115-886f-a4eba322e96f,relation/unit/bab-4-grup-bebas/covers/surface/unit-032/environment/039-aligned-02,urn:uuid:6341193c-85a5-5665-86a8-339662cd5520,covers,urn:uuid:094cae4c-e017-5161-acd9-ca029e84966b,
urn:uuid:2afb4fd3-a52e-5ba2-896e-b8a7f01a46e9,relation/unit/bab-4-grup-bebas/covers/surface/unit-032/environment/040-proposition-03,urn:uuid:6341193c-85a5-5665-86a8-339662cd5520,covers,urn:uuid:702543eb-3870-5376-ae36-2592fb025f82,
urn:uuid:8946ae6e-1449-5500-bb69-4198059d3b84,relation/unit/bab-4-grup-bebas/covers/surface/unit-032/environment/041-proof-06,urn:uuid:6341193c-85a5-5665-86a8-339662cd5520,covers,urn:uuid:f7cdfd6d-2bb6-5b7c-9675-ce5ce0065ed1,
urn:uuid:18230090-14a8-59d4-ab35-4fd68e0f8f48,relation/unit/bab-4-grup-bebas/covers/surface/unit-032/environment/042-definition-06,urn:uuid:6341193c-85a5-5665-86a8-339662cd5520,covers,urn:uuid:b5360f5f-71d7-52fa-b4bb-aef6bd913c3d,
urn:uuid:fce0b4f9-af13-585e-b3d4-f5fa9d753db9,relation/unit/bab-4-grup-bebas/covers/surface/unit-032/environment/043-example-01,urn:uuid:6341193c-85a5-5665-86a8-339662cd5520,covers,urn:uuid:eee8ca05-ab02-522f-8b0c-b4112af18cc5,
urn:uuid:261ad089-a6d8-52ed-a4d8-b5e95a81cde5,relation/unit/bab-4-grup-bebas/covers/surface/unit-032/environment/044-example-02,urn:uuid:6341193c-85a5-5665-86a8-339662cd5520,covers,urn:uuid:fe6e5777-c8b4-5feb-834d-cb66ee2a3d11,
urn:uuid:3c7ba411-4794-533c-a391-d7d0dfc24fbb,relation/unit/bab-4-grup-bebas/covers/surface/unit-032/environment/045-description-01,urn:uuid:6341193c-85a5-5665-86a8-339662cd5520,covers,urn:uuid:d597c2b2-ba6c-5546-aa5b-0278f80a2896,
urn:uuid:3296b20b-731a-5028-b2e3-225e49fe4d6a,relation/unit/bab-4-grup-bebas/covers/surface/unit-032/environment/046-theorem-01,urn:uuid:6341193c-85a5-5665-86a8-339662cd5520,covers,urn:uuid:f0fc8fae-3f28-5567-ab0a-81cc210de669,
urn:uuid:58a2a0b5-828a-56bb-9850-8190075048a7,relation/unit/bab-4-grup-bebas/covers/surface/unit-032/environment/047-proof-07,urn:uuid:6341193c-85a5-5665-86a8-339662cd5520,covers,urn:uuid:cd20e2de-5a66-5807-8c8f-4efe5448acd7,
urn:uuid:de47a1e8-0e63-5117-925f-94d49f5a04d1,relation/unit/bab-4-grup-bebas/covers/surface/unit-032/environment/048-tikzpicture-01,urn:uuid:6341193c-85a5-5665-86a8-339662cd5520,covers,urn:uuid:0990d3b0-6e87-5647-98bb-68f7926ba548,
urn:uuid:e692045d-80f2-579f-b4d9-78f4ab643b09,relation/unit/bab-4-grup-bebas/covers/surface/unit-032/environment/049-center-02,urn:uuid:6341193c-85a5-5665-86a8-339662cd5520,covers,urn:uuid:4a7f2111-fd19-540c-a7c8-2679983c15e3,
urn:uuid:8d090393-65f9-5cc8-809f-df7a9bec4f47,relation/unit/bab-4-grup-bebas/covers/surface/unit-032/environment/050-tikzpicture-02,urn:uuid:6341193c-85a5-5665-86a8-339662cd5520,covers,urn:uuid:cd0b3315-8e25-5d69-824c-226d149e7712,
urn:uuid:497b1d74-c443-5d09-bcdb-d1949ab4da42,relation/unit/bab-4-grup-bebas/covers/surface/unit-032/environment/051-scope-01,urn:uuid:6341193c-85a5-5665-86a8-339662cd5520,covers,urn:uuid:cf1c8e6b-3093-5d91-886c-b5da072be446,
urn:uuid:ad202866-8711-556c-bc1d-d02659a73477,relation/unit/bab-4-grup-bebas/covers/surface/unit-032/environment/052-center-03,urn:uuid:6341193c-85a5-5665-86a8-339662cd5520,covers,urn:uuid:857e6fd2-0f78-59c3-ad56-060407f9ec5a,
urn:uuid:58774e87-bba6-54e2-8c9a-0b2b4b796026,relation/unit/bab-4-grup-bebas/covers/surface/unit-032/item/001,urn:uuid:6341193c-85a5-5665-86a8-339662cd5520,covers,urn:uuid:2c4f1c13-8f3f-564a-a9b0-6d3a90f4e504,
urn:uuid:d392c9cb-5043-5a50-82d5-1f500b01b3e3,relation/unit/bab-4-grup-bebas/covers/surface/unit-032/item/002,urn:uuid:6341193c-85a5-5665-86a8-339662cd5520,covers,urn:uuid:17cffe17-3fc3-5c92-aea4-b0c870d9e358,
urn:uuid:277f1d66-8d4d-5db0-82ab-4a3d932ed7a9,relation/unit/bab-4-grup-bebas/covers/surface/unit-032/item/003,urn:uuid:6341193c-85a5-5665-86a8-339662cd5520,covers,urn:uuid:6c037a65-1f7b-5725-a45e-c53260f72b9b,
urn:uuid:09b0fc02-0960-56e1-b675-e724ebe3d146,relation/unit/bab-4-grup-bebas/covers/surface/unit-032/item/004,urn:uuid:6341193c-85a5-5665-86a8-339662cd5520,covers,urn:uuid:0c78a747-c180-5679-bfeb-04827b53fc2e,
urn:uuid:d815e1b2-ab85-500b-82cf-c7c8d10d468b,relation/unit/bab-4-grup-bebas/covers/surface/unit-032/item/005,urn:uuid:6341193c-85a5-5665-86a8-339662cd5520,covers,urn:uuid:e31663a4-4973-5ef6-ab27-49f81ede1cf7,
urn:uuid:80dd44e4-3f9a-5784-88c0-447eb847b639,relation/unit/bab-4-grup-bebas/covers/surface/unit-032/item/006,urn:uuid:6341193c-85a5-5665-86a8-339662cd5520,covers,urn:uuid:fa98db87-4821-53a2-aad7-2c23ddb680ce,
urn:uuid:8a7b3990-4e64-54d6-9ad7-64af858930c0,relation/unit/bab-4-grup-bebas/covers/surface/unit-032/item/007,urn:uuid:6341193c-85a5-5665-86a8-339662cd5520,covers,urn:uuid:c228d943-e485-5c48-8f52-ff4a958b4d72,
urn:uuid:e32194ef-3280-55f2-ad61-9cb9b5b3127e,relation/unit/bab-4-grup-bebas/covers/surface/unit-032/item/008,urn:uuid:6341193c-85a5-5665-86a8-339662cd5520,covers,urn:uuid:b60287c2-9f16-551d-a5b0-5da347da45a1,
urn:uuid:041671ea-8bee-5836-80ef-d156f3de6019,relation/unit/bab-4-grup-bebas/covers/surface/unit-032/item/009,urn:uuid:6341193c-85a5-5665-86a8-339662cd5520,covers,urn:uuid:0c63d2a0-8423-5ac4-b15f-566967581f67,
urn:uuid:d2bedb99-abd7-560d-941f-9afa971be9ca,relation/unit/bab-4-grup-bebas/covers/surface/unit-032/item/010,urn:uuid:6341193c-85a5-5665-86a8-339662cd5520,covers,urn:uuid:e5acc24e-1a79-58a0-aba5-5d4c27f53789,
urn:uuid:9007c62e-873f-5be5-82e1-b13e69368ad3,relation/unit/bab-4-grup-bebas/covers/surface/unit-032/item/011,urn:uuid:6341193c-85a5-5665-86a8-339662cd5520,covers,urn:uuid:4ab9d95f-4ad3-5fc2-b2b4-b9c224da3734,
urn:uuid:db818fb4-c68b-526b-bec0-ee152b1a3652,relation/unit/bab-4-grup-bebas/covers/surface/unit-032/label/001,urn:uuid:6341193c-85a5-5665-86a8-339662cd5520,covers,urn:uuid:b253fcb9-800c-5f4f-9693-a7dc0ec0eb24,
urn:uuid:8f9b70d2-8839-5a4a-b1ce-a706b9f81185,relation/unit/bab-4-grup-bebas/covers/surface/unit-032/label/002,urn:uuid:6341193c-85a5-5665-86a8-339662cd5520,covers,urn:uuid:226a3bd3-11ff-548d-997a-a56b303f5c66,
urn:uuid:ffd64801-97ac-5bf1-9c03-ff3417aab4da,relation/unit/bab-4-grup-bebas/covers/surface/unit-032/label/003,urn:uuid:6341193c-85a5-5665-86a8-339662cd5520,covers,urn:uuid:c58dc154-78ff-53ab-a731-5c5e4ab6f164,
urn:uuid:db858bd6-a670-5733-b119-c33ae69887bd,relation/unit/bab-4-grup-bebas/covers/surface/unit-032/label/004,urn:uuid:6341193c-85a5-5665-86a8-339662cd5520,covers,urn:uuid:d03a62df-40a3-5448-80f9-230f4cf10f36,
urn:uuid:f7c456f9-6ab3-5d5d-b899-1eca1073b45b,relation/unit/bab-4-grup-bebas/covers/surface/unit-032/label/005,urn:uuid:6341193c-85a5-5665-86a8-339662cd5520,covers,urn:uuid:17285944-c2ec-5d26-9fe7-ca8ec50380a1,
urn:uuid:fe8402a4-d25d-5b25-b191-c0d53906af0b,relation/unit/bab-4-grup-bebas/covers/surface/unit-032/label/006,urn:uuid:6341193c-85a5-5665-86a8-339662cd5520,covers,urn:uuid:45468cc0-1485-53ff-903d-6cc2bf2c297e,
urn:uuid:db6c15a2-4adb-5c68-aa87-c31cbbf78ad4,relation/unit/bab-4-grup-bebas/covers/surface/unit-032/label/007,urn:uuid:6341193c-85a5-5665-86a8-339662cd5520,covers,urn:uuid:254fcdb6-e326-59b2-a280-7495b4cb73ca,
urn:uuid:06bc03e1-d5f5-5841-9ae0-58ff31f68f99,relation/unit/bab-4-grup-bebas/covers/surface/unit-032/label/008,urn:uuid:6341193c-85a5-5665-86a8-339662cd5520,covers,urn:uuid:cdd2871f-7a11-59ca-b863-f9e3972e70ab,
urn:uuid:119f5b34-d4cf-5b0f-b11f-c16bb6cee88d,relation/unit/bab-4-grup-bebas/covers/surface/unit-032/label/009,urn:uuid:6341193c-85a5-5665-86a8-339662cd5520,covers,urn:uuid:76abb1dd-2a7e-5114-8c93-823a56894cf6,
urn:uuid:933babd2-01ca-5912-ba92-d37ba51a6ccd,relation/unit/bab-4-grup-bebas/covers/surface/unit-032/label/010,urn:uuid:6341193c-85a5-5665-86a8-339662cd5520,covers,urn:uuid:0f6a0eab-0b6d-5991-b21d-60166cbec8fd,
urn:uuid:ccc12a5a-74c8-544f-9e8a-4c535cdbfd4a,relation/unit/bab-4-grup-bebas/covers/surface/unit-032/protected-math-zone/001-inline,urn:uuid:6341193c-85a5-5665-86a8-339662cd5520,covers,urn:uuid:c8d09770-8bf5-5285-9969-613e9f43fc9b,
urn:uuid:ba3889f5-3427-5c97-9d81-904b72778a81,relation/unit/bab-4-grup-bebas/covers/surface/unit-032/protected-math-zone/002-inline,urn:uuid:6341193c-85a5-5665-86a8-339662cd5520,covers,urn:uuid:1fa28722-d18d-5a10-8722-e6e6d02c958f,
urn:uuid:66a25ef3-af1a-5ec1-bd3d-210a6d28d338,relation/unit/bab-4-grup-bebas/covers/surface/unit-032/protected-math-zone/003-inline,urn:uuid:6341193c-85a5-5665-86a8-339662cd5520,covers,urn:uuid:d89d6a07-81b2-559a-b68e-f261443aad73,
urn:uuid:b191c614-768d-572b-ad62-64ff29c132e5,relation/unit/bab-4-grup-bebas/covers/surface/unit-032/protected-math-zone/004-inline,urn:uuid:6341193c-85a5-5665-86a8-339662cd5520,covers,urn:uuid:eaace75f-53f7-5c4c-9a69-46e01559188d,
urn:uuid:1922a0ea-a14f-5278-8bc4-4cf9cdef4617,relation/unit/bab-4-grup-bebas/covers/surface/unit-032/protected-math-zone/005-inline,urn:uuid:6341193c-85a5-5665-86a8-339662cd5520,covers,urn:uuid:a71a996b-175c-565e-a700-d6714f863c33,
urn:uuid:cd48465e-a110-55fb-8e29-299b613a80dc,relation/unit/bab-4-grup-bebas/covers/surface/unit-032/protected-math-zone/006-inline,urn:uuid:6341193c-85a5-5665-86a8-339662cd5520,covers,urn:uuid:724754d8-a4f8-53d7-902e-52bb9dd2bd1f,
urn:uuid:0ad7de36-8aa4-5213-b8b4-e77c86da2cc1,relation/unit/bab-4-grup-bebas/covers/surface/unit-032/protected-math-zone/007-inline,urn:uuid:6341193c-85a5-5665-86a8-339662cd5520,covers,urn:uuid:e4eefaee-b943-59cd-82a0-bf9412c11e39,
urn:uuid:5b124b29-4ed5-5593-8834-7e7a07b18512,relation/unit/bab-4-grup-bebas/covers/surface/unit-032/protected-math-zone/008-display-bracket,urn:uuid:6341193c-85a5-5665-86a8-339662cd5520,covers,urn:uuid:5009e587-4500-5188-87a3-f17239a07141,
urn:uuid:d8b57333-9740-5455-922c-a0066265953b,relation/unit/bab-4-grup-bebas/covers/surface/unit-032/protected-math-zone/009-inline,urn:uuid:6341193c-85a5-5665-86a8-339662cd5520,covers,urn:uuid:7e75f3dc-d2d9-58e1-8ae1-4c8ee5207f0c,
urn:uuid:0ea2277a-3f15-5896-9343-80fe15886f9c,relation/unit/bab-4-grup-bebas/covers/surface/unit-032/protected-math-zone/010-inline,urn:uuid:6341193c-85a5-5665-86a8-339662cd5520,covers,urn:uuid:7d152852-6184-5791-9e4b-6915565d4d4d,
urn:uuid:686bfeea-5986-5bdf-be04-3d40d7b3ae5c,relation/unit/bab-4-grup-bebas/covers/surface/unit-032/protected-math-zone/011-inline,urn:uuid:6341193c-85a5-5665-86a8-339662cd5520,covers,urn:uuid:0b0291e4-e185-52e9-93ce-725c6201cf36,
urn:uuid:87236cfd-1188-591b-985e-0c9f870dc1f8,relation/unit/bab-4-grup-bebas/covers/surface/unit-032/protected-math-zone/012-inline,urn:uuid:6341193c-85a5-5665-86a8-339662cd5520,covers,urn:uuid:b98005f2-8853-5790-81a1-76443e121f83,
urn:uuid:9e48d815-5f06-5b94-ba26-f2f0d0540c42,relation/unit/bab-4-grup-bebas/covers/surface/unit-032/protected-math-zone/013-inline,urn:uuid:6341193c-85a5-5665-86a8-339662cd5520,covers,urn:uuid:4ee08668-1a34-5ed6-a65f-3f5fcb10aa9a,
urn:uuid:6084c8cd-3422-5997-9cfd-c16d124a017e,relation/unit/bab-4-grup-bebas/covers/surface/unit-032/protected-math-zone/014-inline,urn:uuid:6341193c-85a5-5665-86a8-339662cd5520,covers,urn:uuid:46604991-a12f-5b3e-a923-a53f0ae06ae4,
urn:uuid:bc01fd1c-ef9e-596e-8858-aca953c4b8d8,relation/unit/bab-4-grup-bebas/covers/surface/unit-032/protected-math-zone/015-inline,urn:uuid:6341193c-85a5-5665-86a8-339662cd5520,covers,urn:uuid:6cb8baa8-626b-5c37-9cb9-aa90713ee0c0,
urn:uuid:d4fb88ec-2996-564e-92a0-95c4477f2b42,relation/unit/bab-4-grup-bebas/covers/surface/unit-032/protected-math-zone/016-display-bracket,urn:uuid:6341193c-85a5-5665-86a8-339662cd5520,covers,urn:uuid:cdbd1771-9171-5032-975d-87b24f469748,
urn:uuid:04376f67-3694-5f08-90ab-151a1acbd260,relation/unit/bab-4-grup-bebas/covers/surface/unit-032/protected-math-zone/017-display-environment,urn:uuid:6341193c-85a5-5665-86a8-339662cd5520,covers,urn:uuid:6ae23a08-f16f-5c8a-9d91-84b73a872e98,
urn:uuid:632667b1-c157-520c-b2a3-a775f82e5aa3,relation/unit/bab-4-grup-bebas/covers/surface/unit-032/protected-math-zone/018-inline,urn:uuid:6341193c-85a5-5665-86a8-339662cd5520,covers,urn:uuid:661bec41-4cde-5e95-a8ce-bdf6708924a3,
urn:uuid:5ca10ec2-d469-55b3-9c2c-2e6e9fd932f2,relation/unit/bab-4-grup-bebas/covers/surface/unit-032/protected-math-zone/019-inline,urn:uuid:6341193c-85a5-5665-86a8-339662cd5520,covers,urn:uuid:c4dcbc38-f9a4-5aba-bcd8-7351d5cafecd,
urn:uuid:f1121e0b-b5d0-563d-acfb-50fe39adb04e,relation/unit/bab-4-grup-bebas/covers/surface/unit-032/protected-math-zone/020-inline,urn:uuid:6341193c-85a5-5665-86a8-339662cd5520,covers,urn:uuid:e334cfd9-2b17-5d3c-9d88-c1b1f4bb9df7,
urn:uuid:46ba00d2-2243-567f-9f8b-de48ce10134e,relation/unit/bab-4-grup-bebas/covers/surface/unit-032/protected-math-zone/021-inline,urn:uuid:6341193c-85a5-5665-86a8-339662cd5520,covers,urn:uuid:afa41498-5af6-5c78-a4af-c807f7f6f828,
urn:uuid:4a35f434-ec8e-53d2-8e01-04348c98bc09,relation/unit/bab-4-grup-bebas/covers/surface/unit-032/protected-math-zone/022-inline,urn:uuid:6341193c-85a5-5665-86a8-339662cd5520,covers,urn:uuid:26619121-d825-5593-ba2b-6837e84f47d4,
urn:uuid:2a033bc2-d4e1-5a84-bd69-e698f22e3fbd,relation/unit/bab-4-grup-bebas/covers/surface/unit-032/protected-math-zone/023-inline,urn:uuid:6341193c-85a5-5665-86a8-339662cd5520,covers,urn:uuid:b5aaf0b1-6909-5fe1-a50f-a8578bcdd3f0,
urn:uuid:def1cb8b-7a36-58e5-871f-665c4d035255,relation/unit/bab-4-grup-bebas/covers/surface/unit-032/protected-math-zone/024-inline,urn:uuid:6341193c-85a5-5665-86a8-339662cd5520,covers,urn:uuid:a8b71279-af6f-5cce-a3a2-72ee6524f848,
urn:uuid:07d602c6-cf50-5091-82c5-b8eaf9fd2de2,relation/unit/bab-4-grup-bebas/covers/surface/unit-032/protected-math-zone/025-inline,urn:uuid:6341193c-85a5-5665-86a8-339662cd5520,covers,urn:uuid:a24f35b6-8c33-5487-8a00-e9ba682c1841,
urn:uuid:98a3bd3e-2296-5483-b0dc-79263298753c,relation/unit/bab-4-grup-bebas/covers/surface/unit-032/protected-math-zone/026-display-bracket,urn:uuid:6341193c-85a5-5665-86a8-339662cd5520,covers,urn:uuid:a130923d-7115-5f7d-81cb-8f29e7775dd1,
urn:uuid:6a7515a6-a475-56e5-90e6-7799d1bad1ae,relation/unit/bab-4-grup-bebas/covers/surface/unit-032/protected-math-zone/027-display-environment,urn:uuid:6341193c-85a5-5665-86a8-339662cd5520,covers,urn:uuid:315e8881-b332-5c67-89a8-6eab77bb3596,
urn:uuid:aaa4c038-29e9-5d5e-9727-404474544b92,relation/unit/bab-4-grup-bebas/covers/surface/unit-032/protected-math-zone/028-inline,urn:uuid:6341193c-85a5-5665-86a8-339662cd5520,covers,urn:uuid:b69b5fd0-4350-5a76-9a4a-923b7956d097,
urn:uuid:09eda8d2-6cfe-5f34-a547-605992cc2907,relation/unit/bab-4-grup-bebas/covers/surface/unit-032/protected-math-zone/029-inline,urn:uuid:6341193c-85a5-5665-86a8-339662cd5520,covers,urn:uuid:5eca32af-1fac-5967-b3a5-0ac5148a2e9a,
urn:uuid:e727f67b-e2d6-51ef-962b-7539cbef135e,relation/unit/bab-4-grup-bebas/covers/surface/unit-032/protected-math-zone/030-inline,urn:uuid:6341193c-85a5-5665-86a8-339662cd5520,covers,urn:uuid:854e5377-bb1d-5333-bbf8-21eec867383b,
urn:uuid:1e340732-f9f7-5f43-886d-a33196bc0929,relation/unit/bab-4-grup-bebas/covers/surface/unit-032/protected-math-zone/031-inline,urn:uuid:6341193c-85a5-5665-86a8-339662cd5520,covers,urn:uuid:0e1398c8-3b27-5caf-8a6f-1734c67f1bc6,
urn:uuid:da34ed4b-2ec1-5306-a285-7c59a6acba0f,relation/unit/bab-4-grup-bebas/covers/surface/unit-032/protected-math-zone/032-inline,urn:uuid:6341193c-85a5-5665-86a8-339662cd5520,covers,urn:uuid:9e111aba-7461-5171-b2ee-8dae08572f94,
urn:uuid:f6ea04ce-f6a6-59c8-a000-2b311f48f7e8,relation/unit/bab-4-grup-bebas/covers/surface/unit-032/protected-math-zone/033-display-bracket,urn:uuid:6341193c-85a5-5665-86a8-339662cd5520,covers,urn:uuid:98d0a466-1cd7-59fb-91fd-385adc6c6e3b,
urn:uuid:20f43590-01ad-5a3f-ae22-325d5f4137b4,relation/unit/bab-4-grup-bebas/covers/surface/unit-032/protected-math-zone/034-display-environment,urn:uuid:6341193c-85a5-5665-86a8-339662cd5520,covers,urn:uuid:531f250e-6b9d-5581-a75f-a84d4b7f953a,
urn:uuid:c604cf40-f21a-5ad5-bbf5-c1cdc742d2d8,relation/unit/bab-4-grup-bebas/covers/surface/unit-032/protected-math-zone/035-inline,urn:uuid:6341193c-85a5-5665-86a8-339662cd5520,covers,urn:uuid:3973e6c5-559a-534b-b28e-f8a1e604ef5b,
urn:uuid:43675b28-23f4-5ef3-8cf4-584b02fb97c7,relation/unit/bab-4-grup-bebas/covers/surface/unit-032/protected-math-zone/036-inline,urn:uuid:6341193c-85a5-5665-86a8-339662cd5520,covers,urn:uuid:ca1820c6-a978-58d6-8301-b5c57374516c,
urn:uuid:72e10360-23d2-5a2b-ac36-670d90fded24,relation/unit/bab-4-grup-bebas/covers/surface/unit-032/protected-math-zone/037-inline,urn:uuid:6341193c-85a5-5665-86a8-339662cd5520,covers,urn:uuid:bc4df5eb-c865-50a8-806f-3488ca2129dc,
urn:uuid:e6ee7de1-815c-59f7-b03b-de66912d6d8b,relation/unit/bab-4-grup-bebas/covers/surface/unit-032/protected-math-zone/038-inline,urn:uuid:6341193c-85a5-5665-86a8-339662cd5520,covers,urn:uuid:cad3c2e7-9740-5626-be2c-c124df25f7b5,
urn:uuid:135b0fd2-42d5-5b21-8013-0ca0ceea35b9,relation/unit/bab-4-grup-bebas/covers/surface/unit-032/protected-math-zone/039-inline,urn:uuid:6341193c-85a5-5665-86a8-339662cd5520,covers,urn:uuid:6d10a42d-8db6-5fd6-91ce-2b9779cbd2e0,
urn:uuid:549ef7e0-690e-5c95-a38f-daab37ec4527,relation/unit/bab-4-grup-bebas/covers/surface/unit-032/protected-math-zone/040-inline,urn:uuid:6341193c-85a5-5665-86a8-339662cd5520,covers,urn:uuid:48863bd9-292c-5c95-9982-d477ac153366,
urn:uuid:951ff15b-0978-5dfb-bc5a-1f54758c6177,relation/unit/bab-4-grup-bebas/covers/surface/unit-032/protected-math-zone/041-inline,urn:uuid:6341193c-85a5-5665-86a8-339662cd5520,covers,urn:uuid:fc04ccbd-c789-5732-836c-8a70876610ab,
urn:uuid:1ec8b973-fcd7-5628-9253-e491e6e72929,relation/unit/bab-4-grup-bebas/covers/surface/unit-032/protected-math-zone/042-inline,urn:uuid:6341193c-85a5-5665-86a8-339662cd5520,covers,urn:uuid:e0f03832-f659-5836-bfb9-f0da413e6ad1,
urn:uuid:7c0a1d6f-f309-574f-8c86-1acd9748900e,relation/unit/bab-4-grup-bebas/covers/surface/unit-032/protected-math-zone/043-inline,urn:uuid:6341193c-85a5-5665-86a8-339662cd5520,covers,urn:uuid:d3eb5351-39c1-5e64-a34f-aae71ba0d4a0,
urn:uuid:2dc811bf-b4f4-56e5-8d9f-308ac97b2ea2,relation/unit/bab-4-grup-bebas/covers/surface/unit-032/protected-math-zone/044-inline,urn:uuid:6341193c-85a5-5665-86a8-339662cd5520,covers,urn:uuid:80179017-8eab-59cb-b107-0de71a0042c3,
urn:uuid:30b8889c-5f22-59d0-86f3-408d6d176d9a,relation/unit/bab-4-grup-bebas/covers/surface/unit-032/protected-math-zone/045-display-environment,urn:uuid:6341193c-85a5-5665-86a8-339662cd5520,covers,urn:uuid:206f6e15-8546-5227-96d3-b0db926935eb,
urn:uuid:e4947b0f-eb1c-56ce-8da3-26100091d124,relation/unit/bab-4-grup-bebas/covers/surface/unit-032/protected-math-zone/046-inline,urn:uuid:6341193c-85a5-5665-86a8-339662cd5520,covers,urn:uuid:c8c77ce3-12f7-50a5-868d-2e18de47e5ce,
urn:uuid:a9f98d20-fe7d-5fb5-80ea-edaba69416ac,relation/unit/bab-4-grup-bebas/covers/surface/unit-032/protected-math-zone/047-inline,urn:uuid:6341193c-85a5-5665-86a8-339662cd5520,covers,urn:uuid:36383136-9f8c-5b99-b2f4-0e13560538cf,
urn:uuid:56b351af-2a91-505a-b4e7-b8173bc3e4e2,relation/unit/bab-4-grup-bebas/covers/surface/unit-032/protected-math-zone/048-inline,urn:uuid:6341193c-85a5-5665-86a8-339662cd5520,covers,urn:uuid:aa33390e-09be-5502-bb2c-2b4cd26de47f,
urn:uuid:8b6bd5ed-15e5-593d-aff3-5ffa2340a4b2,relation/unit/bab-4-grup-bebas/covers/surface/unit-032/protected-math-zone/049-inline,urn:uuid:6341193c-85a5-5665-86a8-339662cd5520,covers,urn:uuid:8305be5a-067d-53e9-9abf-e43bf2537490,
urn:uuid:a97b2212-9f7c-51f8-9f47-8a45243dfc2d,relation/unit/bab-4-grup-bebas/covers/surface/unit-032/protected-math-zone/050-display-environment,urn:uuid:6341193c-85a5-5665-86a8-339662cd5520,covers,urn:uuid:ba9506b5-261b-5062-8277-9c7382c51de8,
urn:uuid:6fd67622-2045-51cd-b9b9-d61e7a24ed40,relation/unit/bab-4-grup-bebas/covers/surface/unit-032/protected-math-zone/051-inline,urn:uuid:6341193c-85a5-5665-86a8-339662cd5520,covers,urn:uuid:fb90abd8-ff6f-5f06-8b05-f3c7a4784d28,
urn:uuid:9db47636-09c7-573e-baee-8df26a3989a8,relation/unit/bab-4-grup-bebas/covers/surface/unit-032/protected-math-zone/052-inline,urn:uuid:6341193c-85a5-5665-86a8-339662cd5520,covers,urn:uuid:5f92583e-5f35-5c2b-80da-5464f205321c,
urn:uuid:f6e966dc-e43b-548b-91af-a9fd66850e90,relation/unit/bab-4-grup-bebas/covers/surface/unit-032/protected-math-zone/053-inline,urn:uuid:6341193c-85a5-5665-86a8-339662cd5520,covers,urn:uuid:3a785e84-6160-58fe-a88f-84ca0eb31542,
urn:uuid:6b74199e-eb7d-52b8-a4ad-cd4de5ae6788,relation/unit/bab-4-grup-bebas/covers/surface/unit-032/protected-math-zone/054-inline,urn:uuid:6341193c-85a5-5665-86a8-339662cd5520,covers,urn:uuid:1e6a5dcd-028d-5e4d-ad2a-8d1c3f36fc5c,
urn:uuid:649d9cf4-8196-5723-b522-4319450cba6b,relation/unit/bab-4-grup-bebas/covers/surface/unit-032/protected-math-zone/055-inline,urn:uuid:6341193c-85a5-5665-86a8-339662cd5520,covers,urn:uuid:7bf661a7-6a68-5ea6-9d2d-d2807d56ed23,
urn:uuid:f11e793e-8497-5bb3-9aec-b8d160ce6847,relation/unit/bab-4-grup-bebas/covers/surface/unit-032/protected-math-zone/056-inline,urn:uuid:6341193c-85a5-5665-86a8-339662cd5520,covers,urn:uuid:e3d79baa-73ef-53ae-a3f5-8b38443844e4,
urn:uuid:94cb173b-4fa9-5651-8af1-71dbf6d4bb2a,relation/unit/bab-4-grup-bebas/covers/surface/unit-032/protected-math-zone/057-display-bracket,urn:uuid:6341193c-85a5-5665-86a8-339662cd5520,covers,urn:uuid:facc7568-77f3-55ee-ad13-238f697f5102,
urn:uuid:414717f1-f9d9-5409-ae2f-8ed2f975a95b,relation/unit/bab-4-grup-bebas/covers/surface/unit-032/protected-math-zone/058-inline,urn:uuid:6341193c-85a5-5665-86a8-339662cd5520,covers,urn:uuid:5833286b-32be-5981-b94d-f0acdbc50849,
urn:uuid:c8e1c38c-8874-5800-ba02-408a49db2930,relation/unit/bab-4-grup-bebas/covers/surface/unit-032/protected-math-zone/059-inline,urn:uuid:6341193c-85a5-5665-86a8-339662cd5520,covers,urn:uuid:1f042c86-fdcb-53c6-b056-7004ecc62eb7,
urn:uuid:38b9454d-59ac-5a8d-8abf-69d5f4dc4ef9,relation/unit/bab-4-grup-bebas/covers/surface/unit-032/protected-math-zone/060-inline,urn:uuid:6341193c-85a5-5665-86a8-339662cd5520,covers,urn:uuid:7ff810a9-0e42-5943-8349-d3c41ba911e4,
urn:uuid:3da88c8c-d2d4-5421-83aa-cd41f4ed7a2a,relation/unit/bab-4-grup-bebas/covers/surface/unit-032/protected-math-zone/061-inline,urn:uuid:6341193c-85a5-5665-86a8-339662cd5520,covers,urn:uuid:9d3415d3-3b8e-5e5b-904c-9ba885fe25a4,
urn:uuid:3b59270a-d36f-5f10-bab7-4d9059338656,relation/unit/bab-4-grup-bebas/covers/surface/unit-032/protected-math-zone/062-inline,urn:uuid:6341193c-85a5-5665-86a8-339662cd5520,covers,urn:uuid:8f15516c-da3a-5254-b602-c3cb5bc74414,
urn:uuid:89ad14ca-2743-578b-9a95-81f9e75ccb67,relation/unit/bab-4-grup-bebas/covers/surface/unit-032/protected-math-zone/063-inline,urn:uuid:6341193c-85a5-5665-86a8-339662cd5520,covers,urn:uuid:346b071c-3ab9-50b9-9d93-33c783eddf38,
urn:uuid:f1c36da4-531e-52bf-a280-39da7433fd1f,relation/unit/bab-4-grup-bebas/covers/surface/unit-032/protected-math-zone/064-inline,urn:uuid:6341193c-85a5-5665-86a8-339662cd5520,covers,urn:uuid:ffad23cb-9784-5ba5-b240-b1010c0917cb,
urn:uuid:7264a0c4-f52c-530c-8bdd-b6910c8e5d77,relation/unit/bab-4-grup-bebas/covers/surface/unit-032/protected-math-zone/065-inline,urn:uuid:6341193c-85a5-5665-86a8-339662cd5520,covers,urn:uuid:eb0b99eb-a1d7-58c1-9196-dc4d451b85ca,
urn:uuid:e95c3639-80f3-563b-8131-ac25eef6e9f2,relation/unit/bab-4-grup-bebas/covers/surface/unit-032/protected-math-zone/066-inline,urn:uuid:6341193c-85a5-5665-86a8-339662cd5520,covers,urn:uuid:b86183a1-b2eb-53c2-a80c-e8a682473d53,
urn:uuid:9eaf24e8-2962-552b-a74d-049ba4d91727,relation/unit/bab-4-grup-bebas/covers/surface/unit-032/protected-math-zone/067-inline,urn:uuid:6341193c-85a5-5665-86a8-339662cd5520,covers,urn:uuid:786c28ad-d6d5-5e7c-ae6f-84f273c99444,
urn:uuid:c1000259-08fc-501b-83c4-3fdfa92e0feb,relation/unit/bab-4-grup-bebas/covers/surface/unit-032/protected-math-zone/068-inline,urn:uuid:6341193c-85a5-5665-86a8-339662cd5520,covers,urn:uuid:7ec4a2ea-b9ac-5ac1-8d2b-2d37f18c428a,
urn:uuid:b722e609-7950-59a4-a5a9-dcc178f80361,relation/unit/bab-4-grup-bebas/covers/surface/unit-032/protected-math-zone/069-display-bracket,urn:uuid:6341193c-85a5-5665-86a8-339662cd5520,covers,urn:uuid:53f31c1f-0f99-536a-90e1-cbdf8fd104ad,
urn:uuid:193dd1d6-a213-5453-b412-f23e0030f983,relation/unit/bab-4-grup-bebas/covers/surface/unit-032/protected-math-zone/070-inline,urn:uuid:6341193c-85a5-5665-86a8-339662cd5520,covers,urn:uuid:b9a93e08-3277-5394-9c49-ef5e7a882e3d,
urn:uuid:752e3e8f-fc47-57f6-9681-c3ab1ee7a01e,relation/unit/bab-4-grup-bebas/covers/surface/unit-032/protected-math-zone/071-inline,urn:uuid:6341193c-85a5-5665-86a8-339662cd5520,covers,urn:uuid:51b3dcb9-4954-55fb-913c-bdaa3704beec,
urn:uuid:9f887612-0aa2-51bf-aaf9-a0788cae8bc0,relation/unit/bab-4-grup-bebas/covers/surface/unit-032/protected-math-zone/072-inline,urn:uuid:6341193c-85a5-5665-86a8-339662cd5520,covers,urn:uuid:a00dce1e-3945-540c-b6ff-31582b796cb7,
urn:uuid:954a10db-e0ac-531b-bc50-1a1c90b43256,relation/unit/bab-4-grup-bebas/covers/surface/unit-032/protected-math-zone/073-inline,urn:uuid:6341193c-85a5-5665-86a8-339662cd5520,covers,urn:uuid:f9c8e167-3888-5ef2-8c51-f35ec71be2d4,
urn:uuid:ecc83415-f7f8-5030-9275-421501b9c7f0,relation/unit/bab-4-grup-bebas/covers/surface/unit-032/protected-math-zone/074-inline,urn:uuid:6341193c-85a5-5665-86a8-339662cd5520,covers,urn:uuid:075b5687-d4ea-51a1-bad5-e914ca835955,
urn:uuid:06bde2ae-37aa-54d8-ac9d-3a63450d0a54,relation/unit/bab-4-grup-bebas/covers/surface/unit-032/protected-math-zone/075-inline,urn:uuid:6341193c-85a5-5665-86a8-339662cd5520,covers,urn:uuid:dc64f723-5897-59f3-b7fa-6739f27d01ac,
urn:uuid:0aa0fbca-1939-53df-ad9b-5f6844d57c32,relation/unit/bab-4-grup-bebas/covers/surface/unit-032/protected-math-zone/076-inline,urn:uuid:6341193c-85a5-5665-86a8-339662cd5520,covers,urn:uuid:6df8236b-61d6-53e8-b9a1-a69cfc56bd77,
urn:uuid:1572e85a-1905-50a4-a445-1d766248f6e8,relation/unit/bab-4-grup-bebas/covers/surface/unit-032/protected-math-zone/077-inline,urn:uuid:6341193c-85a5-5665-86a8-339662cd5520,covers,urn:uuid:7bfb0fc2-3a94-5f29-a1f8-e689d151069f,
urn:uuid:760fe490-3dc2-54a1-bbe6-4db0672affcc,relation/unit/bab-4-grup-bebas/covers/surface/unit-032/protected-math-zone/078-inline,urn:uuid:6341193c-85a5-5665-86a8-339662cd5520,covers,urn:uuid:a47ce6fd-01ca-5771-ad70-63f15c5a22e9,
urn:uuid:0c5a3ade-36f9-5ae3-86d9-e6c76c29ed8b,relation/unit/bab-4-grup-bebas/covers/surface/unit-032/protected-math-zone/079-inline,urn:uuid:6341193c-85a5-5665-86a8-339662cd5520,covers,urn:uuid:b50011a9-9f17-5e7f-9dd3-be8bc543640d,
urn:uuid:5ee0e22d-0692-5a2b-8639-ed6e0f575965,relation/unit/bab-4-grup-bebas/covers/surface/unit-032/protected-math-zone/080-inline,urn:uuid:6341193c-85a5-5665-86a8-339662cd5520,covers,urn:uuid:e9921f2c-57bb-5c70-ba5b-321a7b4d763d,
urn:uuid:76787672-352a-59da-bd72-6f9b47ce2c62,relation/unit/bab-4-grup-bebas/covers/surface/unit-032/protected-math-zone/081-display-bracket,urn:uuid:6341193c-85a5-5665-86a8-339662cd5520,covers,urn:uuid:b61cbe11-2ddd-5021-a0d9-e7c940c8446c,
urn:uuid:7b509fe9-c6a5-5372-86a8-92e7671747f8,relation/unit/bab-4-grup-bebas/covers/surface/unit-032/protected-math-zone/082-inline,urn:uuid:6341193c-85a5-5665-86a8-339662cd5520,covers,urn:uuid:592e6c82-69ea-53f4-a1d4-f935e4300f47,
urn:uuid:881ff503-de0c-5c23-801c-0c0b3c96c4f4,relation/unit/bab-4-grup-bebas/covers/surface/unit-032/protected-math-zone/083-inline,urn:uuid:6341193c-85a5-5665-86a8-339662cd5520,covers,urn:uuid:e9264dc1-0c31-5412-899a-a442c6b08b61,
urn:uuid:d06054a9-bbc6-5456-8ecd-fcb653cadc84,relation/unit/bab-4-grup-bebas/covers/surface/unit-032/protected-math-zone/084-inline,urn:uuid:6341193c-85a5-5665-86a8-339662cd5520,covers,urn:uuid:f1209982-c150-54b8-9733-2b4a219d2fd1,
urn:uuid:c3cc2cba-c94d-5b78-94ef-836cec1fe297,relation/unit/bab-4-grup-bebas/covers/surface/unit-032/protected-math-zone/085-inline,urn:uuid:6341193c-85a5-5665-86a8-339662cd5520,covers,urn:uuid:a074e6a0-1b66-594a-ac90-66545b027afe,
urn:uuid:9ac19460-d3d3-5098-9576-959ce3793b59,relation/unit/bab-4-grup-bebas/covers/surface/unit-032/protected-math-zone/086-inline,urn:uuid:6341193c-85a5-5665-86a8-339662cd5520,covers,urn:uuid:efcbc071-4a75-5253-a79b-a4eab4f86208,
urn:uuid:85d40981-2b90-5f26-bdcc-8c792447e879,relation/unit/bab-4-grup-bebas/covers/surface/unit-032/protected-math-zone/087-inline,urn:uuid:6341193c-85a5-5665-86a8-339662cd5520,covers,urn:uuid:d8c41eee-82d5-5e9c-96e2-19dcfc0ffb14,
urn:uuid:60a97a46-6b30-50b2-952a-e0d9dbb01bc8,relation/unit/bab-4-grup-bebas/covers/surface/unit-032/protected-math-zone/088-inline,urn:uuid:6341193c-85a5-5665-86a8-339662cd5520,covers,urn:uuid:1fe9ae64-64fb-5a78-959c-16fb62b7bd0f,
urn:uuid:b1927877-7163-51de-ae4a-810960e28e9f,relation/unit/bab-4-grup-bebas/covers/surface/unit-032/protected-math-zone/089-inline,urn:uuid:6341193c-85a5-5665-86a8-339662cd5520,covers,urn:uuid:2363fd6e-05bb-57c0-b8f3-6dff5283073e,
urn:uuid:995b7bbb-fc3c-5354-b0ed-3a6bdbd65861,relation/unit/bab-4-grup-bebas/covers/surface/unit-032/protected-math-zone/090-inline,urn:uuid:6341193c-85a5-5665-86a8-339662cd5520,covers,urn:uuid:27d3f000-dbc0-5f3d-a578-86d3de5d2a77,
urn:uuid:0be98815-d838-57e6-9223-c89f31f26787,relation/unit/bab-4-grup-bebas/covers/surface/unit-032/protected-math-zone/091-inline,urn:uuid:6341193c-85a5-5665-86a8-339662cd5520,covers,urn:uuid:1aa93f02-1980-59f6-a3d2-ff6c9e5312c6,
urn:uuid:75a830ac-9af4-55eb-b5df-cac688feb344,relation/unit/bab-4-grup-bebas/covers/surface/unit-032/protected-math-zone/092-inline,urn:uuid:6341193c-85a5-5665-86a8-339662cd5520,covers,urn:uuid:42bcb37c-0261-515a-9980-a3b0fa35e5c9,
urn:uuid:d2bf2334-fe7b-5d51-9c38-c53b680b3612,relation/unit/bab-4-grup-bebas/covers/surface/unit-032/protected-math-zone/093-inline,urn:uuid:6341193c-85a5-5665-86a8-339662cd5520,covers,urn:uuid:d55c7379-ad46-5df1-a782-4adfa6bb18eb,
urn:uuid:75fec64e-e048-5d6e-9802-50fbe0d61370,relation/unit/bab-4-grup-bebas/covers/surface/unit-032/protected-math-zone/094-inline,urn:uuid:6341193c-85a5-5665-86a8-339662cd5520,covers,urn:uuid:9b32c517-c009-5292-bc7c-65050c3c8211,
urn:uuid:22f5f7bd-50fd-5fc6-978a-c14895650d1a,relation/unit/bab-4-grup-bebas/covers/surface/unit-032/protected-math-zone/095-inline,urn:uuid:6341193c-85a5-5665-86a8-339662cd5520,covers,urn:uuid:3584baa1-b9d3-5753-9e2c-0aa088e48813,
urn:uuid:83bf2d65-d34a-58f9-971e-7121a32197ec,relation/unit/bab-4-grup-bebas/covers/surface/unit-032/protected-math-zone/096-inline,urn:uuid:6341193c-85a5-5665-86a8-339662cd5520,covers,urn:uuid:9232ee5f-ea87-5b1d-b6de-f298129261f7,
urn:uuid:88c874d5-f881-5e3c-97df-0aa663050cc0,relation/unit/bab-4-grup-bebas/covers/surface/unit-032/protected-math-zone/097-display-bracket,urn:uuid:6341193c-85a5-5665-86a8-339662cd5520,covers,urn:uuid:ef3d6743-511f-54c3-bc89-ec82e51d764e,
urn:uuid:f5e1d1f3-988c-5fce-896d-e369e0631e6a,relation/unit/bab-4-grup-bebas/covers/surface/unit-032/protected-math-zone/098-display-environment,urn:uuid:6341193c-85a5-5665-86a8-339662cd5520,covers,urn:uuid:7b91117f-eea1-5a60-b229-19170e6ad160,
urn:uuid:414adc13-6b63-500c-8494-4c4a3e837ad9,relation/unit/bab-4-grup-bebas/covers/surface/unit-032/protected-math-zone/099-inline,urn:uuid:6341193c-85a5-5665-86a8-339662cd5520,covers,urn:uuid:f9acad76-4878-5fdc-9f27-56d0c015e2f2,
urn:uuid:fd4401c5-4621-58bb-82c9-22dfedb97d1f,relation/unit/bab-4-grup-bebas/covers/surface/unit-032/protected-math-zone/100-display-bracket,urn:uuid:6341193c-85a5-5665-86a8-339662cd5520,covers,urn:uuid:d5798e97-f051-50c7-9484-63345f34d576,
urn:uuid:eb0a65b3-16a4-5160-9cee-72ba5f43f9c2,relation/unit/bab-4-grup-bebas/covers/surface/unit-032/protected-math-zone/101-inline,urn:uuid:6341193c-85a5-5665-86a8-339662cd5520,covers,urn:uuid:af75c91f-890b-5532-8935-8375d5d0d30a,
urn:uuid:f93e891e-4e2b-5f24-a865-d49b1d4c02fd,relation/unit/bab-4-grup-bebas/covers/surface/unit-032/protected-math-zone/102-inline,urn:uuid:6341193c-85a5-5665-86a8-339662cd5520,covers,urn:uuid:863d8a4e-7a42-5c68-93f5-8e1d36f68881,
urn:uuid:995c7c8b-eb11-5814-8008-5420af5a1f81,relation/unit/bab-4-grup-bebas/covers/surface/unit-032/protected-math-zone/103-inline,urn:uuid:6341193c-85a5-5665-86a8-339662cd5520,covers,urn:uuid:0f74d2fe-3b8f-5c09-a547-63a53c502932,
urn:uuid:81f842d8-39e7-51d9-ba3b-c706c53fbf63,relation/unit/bab-4-grup-bebas/covers/surface/unit-032/protected-math-zone/104-inline,urn:uuid:6341193c-85a5-5665-86a8-339662cd5520,covers,urn:uuid:6a4205c3-9aa6-5542-ac95-d063b4c4c357,
urn:uuid:159588b2-c765-525a-82d0-52da83eb90b5,relation/unit/bab-4-grup-bebas/covers/surface/unit-032/protected-math-zone/105-display-environment,urn:uuid:6341193c-85a5-5665-86a8-339662cd5520,covers,urn:uuid:778c6b1d-4921-558c-8daf-0b74d6bd90f0,
urn:uuid:d3a45035-ee44-5c50-8976-2ee1a36738d4,relation/unit/bab-4-grup-bebas/covers/surface/unit-032/protected-math-zone/106-inline,urn:uuid:6341193c-85a5-5665-86a8-339662cd5520,covers,urn:uuid:7e350611-2f8e-5c72-b6b3-0b552e732188,
urn:uuid:8494578c-df45-50ce-89a8-797653998529,relation/unit/bab-4-grup-bebas/covers/surface/unit-032/protected-math-zone/107-inline,urn:uuid:6341193c-85a5-5665-86a8-339662cd5520,covers,urn:uuid:b9bd157f-6816-56c0-ab37-4c1a16f8f088,
urn:uuid:f32d1764-9c12-54b0-97f4-53805f479210,relation/unit/bab-4-grup-bebas/covers/surface/unit-032/protected-math-zone/108-inline,urn:uuid:6341193c-85a5-5665-86a8-339662cd5520,covers,urn:uuid:70df65ca-203b-505a-8502-e662dafd2450,
urn:uuid:4c663519-9385-5549-b3bb-5ffb7a039ad9,relation/unit/bab-4-grup-bebas/covers/surface/unit-032/protected-math-zone/109-inline,urn:uuid:6341193c-85a5-5665-86a8-339662cd5520,covers,urn:uuid:852b356d-f2a1-5aaf-ab4b-a77684f3ecfb,
urn:uuid:72d9eeb5-4b54-50ce-a102-95ded8bd5880,relation/unit/bab-4-grup-bebas/covers/surface/unit-032/protected-math-zone/110-inline,urn:uuid:6341193c-85a5-5665-86a8-339662cd5520,covers,urn:uuid:e340c9a8-ad7a-5e20-b7eb-82fa864475cd,
urn:uuid:aa19006d-8e18-530c-9248-d10edef3466a,relation/unit/bab-4-grup-bebas/covers/surface/unit-032/protected-math-zone/111-display-bracket,urn:uuid:6341193c-85a5-5665-86a8-339662cd5520,covers,urn:uuid:f145f339-31e1-5133-8211-b2ab1cd0aba9,
urn:uuid:5725e594-ca6e-5d7a-82b7-14640fbb866a,relation/unit/bab-4-grup-bebas/covers/surface/unit-032/protected-math-zone/112-inline,urn:uuid:6341193c-85a5-5665-86a8-339662cd5520,covers,urn:uuid:09a6c36d-a885-531d-9df6-338ee3bfa4d4,
urn:uuid:ebf11a2e-b305-54c3-97ed-59e8b888c4c7,relation/unit/bab-4-grup-bebas/covers/surface/unit-032/protected-math-zone/113-inline,urn:uuid:6341193c-85a5-5665-86a8-339662cd5520,covers,urn:uuid:5fd041ca-4853-56e9-822c-ae3717e6f731,
urn:uuid:8e4b225c-6fb8-5ca1-b672-8dbc2bad0774,relation/unit/bab-4-grup-bebas/covers/surface/unit-032/protected-math-zone/114-inline,urn:uuid:6341193c-85a5-5665-86a8-339662cd5520,covers,urn:uuid:04c753d9-35a5-5740-95d3-a2ce9d9d664a,
urn:uuid:eb31f241-c6b2-52ea-ab9e-2233840c285d,relation/unit/bab-4-grup-bebas/covers/surface/unit-032/protected-math-zone/115-inline,urn:uuid:6341193c-85a5-5665-86a8-339662cd5520,covers,urn:uuid:e87ef385-0802-5e1b-a1d4-79560a4edf62,
urn:uuid:3d8f0567-8f32-5637-96bb-452a748bcb64,relation/unit/bab-4-grup-bebas/covers/surface/unit-032/protected-math-zone/116-inline,urn:uuid:6341193c-85a5-5665-86a8-339662cd5520,covers,urn:uuid:2c3e9929-9700-5370-9727-a80b7c883794,
urn:uuid:a7a8fa1d-08a4-564a-84d6-f11e2939e4d1,relation/unit/bab-4-grup-bebas/covers/surface/unit-032/protected-math-zone/117-inline,urn:uuid:6341193c-85a5-5665-86a8-339662cd5520,covers,urn:uuid:07d2edbe-20fc-5a4a-8ef7-2bdef0a1e3b4,
urn:uuid:e5b9fb5d-24db-52e5-8ad6-ccd4ea81a2ef,relation/unit/bab-4-grup-bebas/covers/surface/unit-032/protected-math-zone/118-inline,urn:uuid:6341193c-85a5-5665-86a8-339662cd5520,covers,urn:uuid:721833bf-2ad5-5047-a579-2ef29b43e582,
urn:uuid:66ea8763-529c-5be4-9aae-052bc17c94e3,relation/unit/bab-4-grup-bebas/covers/surface/unit-032/protected-math-zone/119-inline,urn:uuid:6341193c-85a5-5665-86a8-339662cd5520,covers,urn:uuid:373fcfdb-a778-5769-9232-c1bdfeb9af5e,
urn:uuid:4985acd1-f087-5c60-9e18-cc38c932721a,relation/unit/bab-4-grup-bebas/covers/surface/unit-032/protected-math-zone/120-inline,urn:uuid:6341193c-85a5-5665-86a8-339662cd5520,covers,urn:uuid:cecab4be-c5bd-5d51-8a90-f186bd98d5e4,
urn:uuid:dcffc575-c61e-588c-97a1-af43d88cf0ba,relation/unit/bab-4-grup-bebas/covers/surface/unit-032/protected-math-zone/121-inline,urn:uuid:6341193c-85a5-5665-86a8-339662cd5520,covers,urn:uuid:113c4914-5b16-557b-9333-9ee4bedb8ed1,
urn:uuid:eacac571-65a7-5c63-9c42-92eab5210ff9,relation/unit/bab-4-grup-bebas/covers/surface/unit-032/protected-math-zone/122-inline,urn:uuid:6341193c-85a5-5665-86a8-339662cd5520,covers,urn:uuid:9ec8173c-e55d-528c-b3a8-49c1cf02c618,
urn:uuid:8bcaf838-d784-5065-93a8-be745e51724a,relation/unit/bab-4-grup-bebas/covers/surface/unit-032/protected-math-zone/123-inline,urn:uuid:6341193c-85a5-5665-86a8-339662cd5520,covers,urn:uuid:bbed5175-280c-5427-aae2-444803ea1586,
urn:uuid:6290599f-1f3c-57d2-9064-fcc5dc153951,relation/unit/bab-4-grup-bebas/covers/surface/unit-032/protected-math-zone/124-inline,urn:uuid:6341193c-85a5-5665-86a8-339662cd5520,covers,urn:uuid:94e275cd-0138-55d6-a972-0849978a13af,
urn:uuid:a667aa33-216a-5aa2-b56b-53961a6a9e20,relation/unit/bab-4-grup-bebas/covers/surface/unit-032/protected-math-zone/125-inline,urn:uuid:6341193c-85a5-5665-86a8-339662cd5520,covers,urn:uuid:6c4c84ac-cf38-53ae-b33a-ef49f87a1f9d,
urn:uuid:0b2a476b-423e-5117-a68f-35772d15a26b,relation/unit/bab-4-grup-bebas/covers/surface/unit-032/protected-math-zone/126-display-bracket,urn:uuid:6341193c-85a5-5665-86a8-339662cd5520,covers,urn:uuid:2e5ed4db-bd3b-53b3-ada7-ffee057afbcc,
urn:uuid:b758731f-f46c-5b72-ae61-18efaf4d1c5c,relation/unit/bab-4-grup-bebas/covers/surface/unit-032/protected-math-zone/127-display-environment,urn:uuid:6341193c-85a5-5665-86a8-339662cd5520,covers,urn:uuid:43d9675c-a2b7-5306-bd4d-498b067e2d75,
urn:uuid:9282884f-4b5f-5a14-9dc1-a46c4122501f,relation/unit/bab-4-grup-bebas/covers/surface/unit-032/protected-math-zone/128-inline,urn:uuid:6341193c-85a5-5665-86a8-339662cd5520,covers,urn:uuid:370fd1e0-548e-5f73-b9ee-f630b6240858,
urn:uuid:9d49ea27-065e-504a-b8c3-d403e980962e,relation/unit/bab-4-grup-bebas/covers/surface/unit-032/protected-math-zone/129-inline,urn:uuid:6341193c-85a5-5665-86a8-339662cd5520,covers,urn:uuid:0f2166a6-8528-5886-8ea9-a57b4a793f13,
urn:uuid:2800b206-bdaf-586f-8b82-6b51e214f4bf,relation/unit/bab-4-grup-bebas/covers/surface/unit-032/protected-math-zone/130-inline,urn:uuid:6341193c-85a5-5665-86a8-339662cd5520,covers,urn:uuid:114581d3-aefc-5d47-9c58-a753b23cff86,
urn:uuid:09d28a9e-5787-59db-9f08-592761f76a75,relation/unit/bab-4-grup-bebas/covers/surface/unit-032/protected-math-zone/131-inline,urn:uuid:6341193c-85a5-5665-86a8-339662cd5520,covers,urn:uuid:30f06230-4925-574d-b4b9-c7be08b9a0f9,
urn:uuid:705fdc73-be6c-500b-8272-b3685d5eb066,relation/unit/bab-4-grup-bebas/covers/surface/unit-032/protected-math-zone/132-inline,urn:uuid:6341193c-85a5-5665-86a8-339662cd5520,covers,urn:uuid:8f3828b2-2342-58c7-b206-a3b875f40fad,
urn:uuid:f8d19d4f-132d-5b23-8fc4-c4098798c374,relation/unit/bab-4-grup-bebas/covers/surface/unit-032/protected-math-zone/133-display-bracket,urn:uuid:6341193c-85a5-5665-86a8-339662cd5520,covers,urn:uuid:371206bc-e0cc-50d6-ad97-26a0ca3d0062,
urn:uuid:da6b6503-b6fc-5360-844d-6abe1ba535c7,relation/unit/bab-4-grup-bebas/covers/surface/unit-032/protected-math-zone/134-display-bracket,urn:uuid:6341193c-85a5-5665-86a8-339662cd5520,covers,urn:uuid:bae89f46-e963-574c-8aa5-50b5f8f81398,
urn:uuid:e7eb51ea-7ec0-5ba2-b57d-f1bd98504d9b,relation/unit/bab-4-grup-bebas/covers/surface/unit-032/protected-math-zone/135-inline,urn:uuid:6341193c-85a5-5665-86a8-339662cd5520,covers,urn:uuid:7f969714-c979-596a-9efb-881a348dc8ed,
urn:uuid:b8673a56-394c-51b7-bfaf-de3ee5f7b713,relation/unit/bab-4-grup-bebas/covers/surface/unit-032/protected-math-zone/136-inline,urn:uuid:6341193c-85a5-5665-86a8-339662cd5520,covers,urn:uuid:36b60856-0b91-5551-addb-44129c449921,
urn:uuid:fdbde9d8-1e83-5f06-a8db-6035ce7f10ce,relation/unit/bab-4-grup-bebas/covers/surface/unit-032/protected-math-zone/137-display-environment,urn:uuid:6341193c-85a5-5665-86a8-339662cd5520,covers,urn:uuid:52d74d1b-ef5d-57e3-a49e-28c3db4698f4,
urn:uuid:5f7bbef8-db90-5add-883f-b91855ddb844,relation/unit/bab-4-grup-bebas/covers/surface/unit-032/protected-math-zone/138-display-environment,urn:uuid:6341193c-85a5-5665-86a8-339662cd5520,covers,urn:uuid:96b63d13-f01f-5fe2-84d5-08b7353ea6a8,
urn:uuid:7a783a88-4742-5d56-9887-d115ea00201e,relation/unit/bab-4-grup-bebas/covers/surface/unit-032/protected-math-zone/139-inline,urn:uuid:6341193c-85a5-5665-86a8-339662cd5520,covers,urn:uuid:98f894b0-abf4-568f-a9f6-7e7d6c3229eb,
urn:uuid:cf3b92ed-f2e7-5986-8034-8dbb0d24bb7a,relation/unit/bab-4-grup-bebas/covers/surface/unit-032/protected-math-zone/140-inline,urn:uuid:6341193c-85a5-5665-86a8-339662cd5520,covers,urn:uuid:aaa5643c-25eb-5a1c-b641-aef2bc87ccaa,
urn:uuid:ba4d81f1-d045-5603-8313-fca9b0b43b14,relation/unit/bab-4-grup-bebas/covers/surface/unit-032/protected-math-zone/141-inline,urn:uuid:6341193c-85a5-5665-86a8-339662cd5520,covers,urn:uuid:85ba3c8f-619a-555d-99b9-6dba12c6e3f8,
urn:uuid:f6222fc7-33b9-56b8-a7d6-4cfc751493d5,relation/unit/bab-4-grup-bebas/covers/surface/unit-032/protected-math-zone/142-inline,urn:uuid:6341193c-85a5-5665-86a8-339662cd5520,covers,urn:uuid:3a022628-cde2-50b6-a9b2-c0de26cc91fd,
urn:uuid:31442103-2795-5c80-b262-6289002a9d00,relation/unit/bab-4-grup-bebas/covers/surface/unit-032/protected-math-zone/143-inline,urn:uuid:6341193c-85a5-5665-86a8-339662cd5520,covers,urn:uuid:294449c8-ff50-5418-9746-702c077f8885,
urn:uuid:52c929a3-8bd8-5b41-a332-117ee2de0279,relation/unit/bab-4-grup-bebas/covers/surface/unit-032/protected-math-zone/144-inline,urn:uuid:6341193c-85a5-5665-86a8-339662cd5520,covers,urn:uuid:156a6d1d-7a4a-5881-84a6-59ea747b57a4,
urn:uuid:d048d4d0-1713-54fd-9b24-fe1ce460fbe3,relation/unit/bab-4-grup-bebas/covers/surface/unit-032/protected-math-zone/145-inline,urn:uuid:6341193c-85a5-5665-86a8-339662cd5520,covers,urn:uuid:e8a81493-9d9b-56cd-b00e-89c842bec8a0,
urn:uuid:9acdb985-f6c0-5891-90e4-a7f622a320bc,relation/unit/bab-4-grup-bebas/covers/surface/unit-032/protected-math-zone/146-inline,urn:uuid:6341193c-85a5-5665-86a8-339662cd5520,covers,urn:uuid:186c36ac-8131-5a57-a88e-4878e9d03f13,
urn:uuid:f46b3197-d5cb-51b8-97c8-cf70aacc0822,relation/unit/bab-4-grup-bebas/covers/surface/unit-032/protected-math-zone/147-inline,urn:uuid:6341193c-85a5-5665-86a8-339662cd5520,covers,urn:uuid:4cbf0433-72f4-583f-af52-4f7e3ddbdd6f,
urn:uuid:c9766e52-763b-55d6-81a6-906b36df0d7e,relation/unit/bab-4-grup-bebas/covers/surface/unit-032/protected-math-zone/148-inline,urn:uuid:6341193c-85a5-5665-86a8-339662cd5520,covers,urn:uuid:a7d35cb5-ce33-5235-986a-2af40859a739,
urn:uuid:e83b7855-2e34-5c0d-8ba1-ee5d49d79afd,relation/unit/bab-4-grup-bebas/covers/surface/unit-032/protected-math-zone/149-inline,urn:uuid:6341193c-85a5-5665-86a8-339662cd5520,covers,urn:uuid:cd3f9dfe-0f2a-5268-830b-20463a7dc807,
urn:uuid:b3064746-68da-5b15-b463-0a71ae3086a5,relation/unit/bab-4-grup-bebas/covers/surface/unit-032/protected-math-zone/150-inline,urn:uuid:6341193c-85a5-5665-86a8-339662cd5520,covers,urn:uuid:bffb8fe5-361a-5c8f-8e3b-4ad1fb03f000,
urn:uuid:1503b77b-3b35-5ae1-99fb-ae0c9df42157,relation/unit/bab-4-grup-bebas/covers/surface/unit-032/protected-math-zone/151-inline,urn:uuid:6341193c-85a5-5665-86a8-339662cd5520,covers,urn:uuid:99a5a41a-304f-5cbe-bdf9-7df5fafc460e,
urn:uuid:cac624b7-9ff1-5063-9c5e-a8ca9479ef17,relation/unit/bab-4-grup-bebas/covers/surface/unit-032/protected-math-zone/152-inline,urn:uuid:6341193c-85a5-5665-86a8-339662cd5520,covers,urn:uuid:153aead9-e057-5452-a1e9-f7c6dd7c274a,
urn:uuid:6905d229-d0da-53c4-920c-4fe7f5b4a67d,relation/unit/bab-4-grup-bebas/covers/surface/unit-032/protected-math-zone/153-inline,urn:uuid:6341193c-85a5-5665-86a8-339662cd5520,covers,urn:uuid:cbb06498-4097-51d0-b9a8-9603865c8be3,
urn:uuid:291f7ec3-871f-559f-b559-36577a78a564,relation/unit/bab-4-grup-bebas/covers/surface/unit-032/protected-math-zone/154-display-bracket,urn:uuid:6341193c-85a5-5665-86a8-339662cd5520,covers,urn:uuid:92dde940-8962-56b0-b12a-5304ef4ec7b3,
urn:uuid:f8411ef2-40ad-5d97-9eed-0447bd815fa2,relation/unit/bab-4-grup-bebas/covers/surface/unit-032/protected-math-zone/155-inline,urn:uuid:6341193c-85a5-5665-86a8-339662cd5520,covers,urn:uuid:d5bd3d02-d55a-518d-ba4f-d27cc43a1b56,
urn:uuid:6ff0c0fc-6a08-5956-ae23-fcfcc38a53a2,relation/unit/bab-4-grup-bebas/covers/surface/unit-032/protected-math-zone/156-inline,urn:uuid:6341193c-85a5-5665-86a8-339662cd5520,covers,urn:uuid:26ebc783-d010-5d61-b40d-ff2479b9536f,
urn:uuid:d7ab0762-1c6d-5f16-9445-ec078b0cff0a,relation/unit/bab-4-grup-bebas/covers/surface/unit-032/protected-math-zone/157-inline,urn:uuid:6341193c-85a5-5665-86a8-339662cd5520,covers,urn:uuid:caf2f537-72f7-5da7-b8ce-8fe0e54873b9,
urn:uuid:e6a34e18-54cb-5547-b14f-54c5b89531a8,relation/unit/bab-4-grup-bebas/covers/surface/unit-032/protected-math-zone/158-inline,urn:uuid:6341193c-85a5-5665-86a8-339662cd5520,covers,urn:uuid:dd8811b6-942e-5611-99e1-62fb97cc414d,
urn:uuid:53edb274-1498-5e68-a8a9-d0de5c8fc0bb,relation/unit/bab-4-grup-bebas/covers/surface/unit-032/protected-math-zone/159-inline,urn:uuid:6341193c-85a5-5665-86a8-339662cd5520,covers,urn:uuid:b05a1420-1d57-5552-a9a7-332220b5fca4,
urn:uuid:cf38becb-ffb3-56dd-8e79-1a05a362fd9a,relation/unit/bab-4-grup-bebas/covers/surface/unit-032/protected-math-zone/160-inline,urn:uuid:6341193c-85a5-5665-86a8-339662cd5520,covers,urn:uuid:e71ac767-2264-5808-8e9e-78a8af745cb7,
urn:uuid:267aa2fd-9031-5ea4-84bf-f639dccc2051,relation/unit/bab-4-grup-bebas/covers/surface/unit-032/protected-math-zone/161-inline,urn:uuid:6341193c-85a5-5665-86a8-339662cd5520,covers,urn:uuid:3cb78d37-1ed3-59fa-89ab-f4c02f5e92c3,
urn:uuid:52a6b562-d754-5d2d-99a3-06efefcb9adc,relation/unit/bab-4-grup-bebas/covers/surface/unit-032/protected-math-zone/162-inline,urn:uuid:6341193c-85a5-5665-86a8-339662cd5520,covers,urn:uuid:75a01467-70ea-5270-ab4e-08f4800d0e05,
urn:uuid:4fec1f13-dfcf-5b3e-9bbd-b1f9172203f1,relation/unit/bab-4-grup-bebas/covers/surface/unit-032/protected-math-zone/163-inline,urn:uuid:6341193c-85a5-5665-86a8-339662cd5520,covers,urn:uuid:ecde821b-a010-5d83-befd-591c4b670aeb,
urn:uuid:9095f6ea-8ea7-57a1-8eff-1e8144890256,relation/unit/bab-4-grup-bebas/covers/surface/unit-032/protected-math-zone/164-inline,urn:uuid:6341193c-85a5-5665-86a8-339662cd5520,covers,urn:uuid:75500194-0a51-50ae-a709-cf3383770e70,
urn:uuid:e19ca690-9618-591a-95d1-84644d8bfd75,relation/unit/bab-4-grup-bebas/covers/surface/unit-032/protected-math-zone/165-inline,urn:uuid:6341193c-85a5-5665-86a8-339662cd5520,covers,urn:uuid:57a24969-ee2d-5193-aefa-431dca31409f,
urn:uuid:9b4b68f8-1aed-5cc9-aa5e-a831d129d26d,relation/unit/bab-4-grup-bebas/covers/surface/unit-032/protected-math-zone/166-inline,urn:uuid:6341193c-85a5-5665-86a8-339662cd5520,covers,urn:uuid:22328722-9372-54b5-a387-7c5521b6fa93,
urn:uuid:1e1bac0c-1b8d-5804-88a3-7af3c922d73b,relation/unit/bab-4-grup-bebas/covers/surface/unit-032/protected-math-zone/167-display-bracket,urn:uuid:6341193c-85a5-5665-86a8-339662cd5520,covers,urn:uuid:5f26f6bc-1242-5b5f-9278-f5f23475a5e2,
urn:uuid:5a306ea6-d7ee-5106-9eda-249e6d598547,relation/unit/bab-4-grup-bebas/covers/surface/unit-032/protected-math-zone/168-inline,urn:uuid:6341193c-85a5-5665-86a8-339662cd5520,covers,urn:uuid:2ad067ee-735d-5ecc-90a1-e25342b048fb,
urn:uuid:82612753-1071-570c-9157-1bb76bbefc8b,relation/unit/bab-4-grup-bebas/covers/surface/unit-032/protected-math-zone/169-inline,urn:uuid:6341193c-85a5-5665-86a8-339662cd5520,covers,urn:uuid:2f13c43a-e653-5b04-bf7c-536ca4a2353c,
urn:uuid:73040700-c8bc-5319-be0b-e830e3e20e50,relation/unit/bab-4-grup-bebas/covers/surface/unit-032/protected-math-zone/170-display-environment,urn:uuid:6341193c-85a5-5665-86a8-339662cd5520,covers,urn:uuid:e78fc47e-04d5-5aa3-a675-e2053c0fef18,
urn:uuid:b0fb4282-9db8-5126-979d-e40461633799,relation/unit/bab-4-grup-bebas/covers/surface/unit-032/protected-math-zone/171-inline,urn:uuid:6341193c-85a5-5665-86a8-339662cd5520,covers,urn:uuid:09905802-fe08-5c17-8c57-7cead95997dc,
urn:uuid:44c662bd-6b67-5846-ba04-34af8d9ce72e,relation/unit/bab-4-grup-bebas/covers/surface/unit-032/protected-math-zone/172-inline,urn:uuid:6341193c-85a5-5665-86a8-339662cd5520,covers,urn:uuid:34eab18b-38f2-5ef5-b3d8-c7e41b82d4e1,
urn:uuid:42460a9b-4325-5f2f-aa45-647697e9ba84,relation/unit/bab-4-grup-bebas/covers/surface/unit-032/protected-math-zone/173-inline,urn:uuid:6341193c-85a5-5665-86a8-339662cd5520,covers,urn:uuid:e928a622-190e-55bd-99e6-42fdfba07de9,
urn:uuid:16edcf6b-4604-5eed-904e-630add4728c2,relation/unit/bab-4-grup-bebas/covers/surface/unit-032/protected-math-zone/174-inline,urn:uuid:6341193c-85a5-5665-86a8-339662cd5520,covers,urn:uuid:33f782eb-d586-5b2a-a675-458abefcee0f,
urn:uuid:807358d4-ba56-5c20-9173-37bb9f2fcbc8,relation/unit/bab-4-grup-bebas/covers/surface/unit-032/protected-math-zone/175-inline,urn:uuid:6341193c-85a5-5665-86a8-339662cd5520,covers,urn:uuid:921ed1f8-e168-50af-9ada-e33f2c9de2e2,
urn:uuid:82f95262-607d-585a-99c1-2a3c2c6812c4,relation/unit/bab-4-grup-bebas/covers/surface/unit-032/protected-math-zone/176-inline,urn:uuid:6341193c-85a5-5665-86a8-339662cd5520,covers,urn:uuid:a6e691b8-cc85-5aff-bbef-048b4a22f885,
urn:uuid:21f8ddd4-55d9-5ebc-8d55-80e425d0b461,relation/unit/bab-4-grup-bebas/covers/surface/unit-032/protected-math-zone/177-inline,urn:uuid:6341193c-85a5-5665-86a8-339662cd5520,covers,urn:uuid:4358af35-4c6a-502e-a6dd-125c9c592bde,
urn:uuid:0bc5ee4d-3426-55f6-93e8-87fe9a850319,relation/unit/bab-4-grup-bebas/covers/surface/unit-032/protected-math-zone/178-inline,urn:uuid:6341193c-85a5-5665-86a8-339662cd5520,covers,urn:uuid:d2f1c00a-f335-5ab0-859f-00871648f32c,
urn:uuid:aebcd0a6-ca12-5bdd-ad33-39ed4e6c6247,relation/unit/bab-4-grup-bebas/covers/surface/unit-032/protected-math-zone/179-inline,urn:uuid:6341193c-85a5-5665-86a8-339662cd5520,covers,urn:uuid:103851c8-b001-5934-b8b1-100300a812e4,
urn:uuid:2bc9f3e5-13f0-5943-a8b0-488f93820d00,relation/unit/bab-4-grup-bebas/covers/surface/unit-032/protected-math-zone/180-inline,urn:uuid:6341193c-85a5-5665-86a8-339662cd5520,covers,urn:uuid:ed92a231-3998-5efc-b676-7c76b64c11c5,
urn:uuid:4bfa970f-42fb-57ec-8c32-2007dce46169,relation/unit/bab-4-grup-bebas/covers/surface/unit-032/protected-math-zone/181-inline,urn:uuid:6341193c-85a5-5665-86a8-339662cd5520,covers,urn:uuid:e76a1be3-23da-55dd-a55f-1905e946dc04,
urn:uuid:fc9ba5e7-9b5b-5681-8794-bf0a85be812e,relation/unit/bab-4-grup-bebas/covers/surface/unit-032/protected-math-zone/182-inline,urn:uuid:6341193c-85a5-5665-86a8-339662cd5520,covers,urn:uuid:e6e4e7f2-9636-540d-90bd-f92264767c2c,
urn:uuid:06f63268-7a23-5fe9-b248-2e812a7a8511,relation/unit/bab-4-grup-bebas/covers/surface/unit-032/protected-math-zone/183-inline,urn:uuid:6341193c-85a5-5665-86a8-339662cd5520,covers,urn:uuid:689fd631-0322-5580-b21a-9c5a7bccd53f,
urn:uuid:4403d1ae-6a60-5c4d-8f78-f5e7f4f2faf5,relation/unit/bab-4-grup-bebas/covers/surface/unit-032/protected-math-zone/184-inline,urn:uuid:6341193c-85a5-5665-86a8-339662cd5520,covers,urn:uuid:3858dde5-2d63-5e64-b04b-d91abea6c9db,
urn:uuid:29aa95df-603c-51ca-837a-a03b3bb8b497,relation/unit/bab-4-grup-bebas/covers/surface/unit-032/protected-math-zone/185-inline,urn:uuid:6341193c-85a5-5665-86a8-339662cd5520,covers,urn:uuid:c5dc1814-59a2-5e4d-836d-3ac6018e4cb7,
urn:uuid:8981caf1-3eea-5302-83c6-a75d4e900cd1,relation/unit/bab-4-grup-bebas/covers/surface/unit-032/protected-math-zone/186-inline,urn:uuid:6341193c-85a5-5665-86a8-339662cd5520,covers,urn:uuid:69222b79-cc4a-5b11-8fa5-5ac4a06fc113,
urn:uuid:58633499-4ebe-5ecb-b3f2-a974df989c40,relation/unit/bab-4-grup-bebas/covers/surface/unit-032/protected-math-zone/187-display-bracket,urn:uuid:6341193c-85a5-5665-86a8-339662cd5520,covers,urn:uuid:08dbb4b4-3c32-541a-86ff-811431b79caf,
urn:uuid:37f33706-d284-562b-b64c-5caff6774934,relation/unit/bab-4-grup-bebas/covers/surface/unit-032/protected-math-zone/188-display-environment,urn:uuid:6341193c-85a5-5665-86a8-339662cd5520,covers,urn:uuid:cae9962f-e965-5e8f-8612-b07d2f154845,
urn:uuid:b5858773-db08-5952-b1b1-6b3e6d47ac14,relation/unit/bab-4-grup-bebas/covers/surface/unit-032/protected-math-zone/189-inline,urn:uuid:6341193c-85a5-5665-86a8-339662cd5520,covers,urn:uuid:0fdcf2bc-9819-5734-83fc-fd7329cb96ef,
urn:uuid:1f0c4e11-a2ff-513e-bd50-ad63fb75ee75,relation/unit/bab-4-grup-bebas/covers/surface/unit-032/protected-math-zone/190-inline,urn:uuid:6341193c-85a5-5665-86a8-339662cd5520,covers,urn:uuid:6070c522-5907-5eae-b9de-90193b65e80e,
urn:uuid:53c32b6a-c772-5846-a1ea-4a8527ce119d,relation/unit/bab-4-grup-bebas/covers/surface/unit-032/protected-math-zone/191-inline,urn:uuid:6341193c-85a5-5665-86a8-339662cd5520,covers,urn:uuid:33425146-321b-5ba0-bfb7-aafc6accac53,
urn:uuid:3491fd8e-9a15-5849-a810-c5f41331693b,relation/unit/bab-4-grup-bebas/covers/surface/unit-032/protected-math-zone/192-inline,urn:uuid:6341193c-85a5-5665-86a8-339662cd5520,covers,urn:uuid:a25c36b8-83b0-5041-8ca6-7b439daa7564,
urn:uuid:8dd65342-0aac-5c81-9bda-a7c2ce69f239,relation/unit/bab-4-grup-bebas/covers/surface/unit-032/protected-math-zone/193-inline,urn:uuid:6341193c-85a5-5665-86a8-339662cd5520,covers,urn:uuid:18d1c932-0b95-5bd5-a697-b09dc0f25c96,
urn:uuid:c243e717-752b-5c54-bba6-5ee239264d74,relation/unit/bab-4-grup-bebas/covers/surface/unit-032/protected-math-zone/194-inline,urn:uuid:6341193c-85a5-5665-86a8-339662cd5520,covers,urn:uuid:d89f6bb3-6555-5958-adf5-b7ee91ad64f1,
urn:uuid:1f3e7d51-6ac0-5f41-8d17-ba3d1bd3197c,relation/unit/bab-4-grup-bebas/covers/surface/unit-032/protected-math-zone/195-inline,urn:uuid:6341193c-85a5-5665-86a8-339662cd5520,covers,urn:uuid:f9eb8427-7cde-525b-8217-9384c2b8f84a,
urn:uuid:97b7eb5d-5c2b-5459-a6de-3a30bc0d911e,relation/unit/bab-4-grup-bebas/covers/surface/unit-032/protected-math-zone/196-inline,urn:uuid:6341193c-85a5-5665-86a8-339662cd5520,covers,urn:uuid:dbb6a504-a3cd-511c-b5cb-6667031fbd45,
urn:uuid:0e5e2d0f-7e7a-532f-88b0-0b855ce16a96,relation/unit/bab-4-grup-bebas/covers/surface/unit-032/protected-math-zone/197-display-bracket,urn:uuid:6341193c-85a5-5665-86a8-339662cd5520,covers,urn:uuid:e1d2aeb9-92cb-53d2-a853-eaaed053eb34,
urn:uuid:4fffbaea-f329-54ee-a9b2-b309376a08c4,relation/unit/bab-4-grup-bebas/covers/surface/unit-032/protected-math-zone/198-inline,urn:uuid:6341193c-85a5-5665-86a8-339662cd5520,covers,urn:uuid:cbac8db0-09f8-5e6f-a535-983db33bbb38,
urn:uuid:8739944c-c852-5341-9572-10e61653847d,relation/unit/bab-4-grup-bebas/covers/surface/unit-032/protected-math-zone/199-inline,urn:uuid:6341193c-85a5-5665-86a8-339662cd5520,covers,urn:uuid:7cd0ba19-c28a-5a97-ad9a-ffe19a74fd7e,
urn:uuid:81e4b683-533c-59ef-b18a-d3ef86d3ba99,relation/unit/bab-4-grup-bebas/covers/surface/unit-032/protected-math-zone/200-inline,urn:uuid:6341193c-85a5-5665-86a8-339662cd5520,covers,urn:uuid:581eb26d-3da8-53bd-9a11-36434609eed0,
urn:uuid:585fdde2-d7d5-58b9-9e84-b03f302673aa,relation/unit/bab-4-grup-bebas/covers/surface/unit-032/protected-math-zone/201-inline,urn:uuid:6341193c-85a5-5665-86a8-339662cd5520,covers,urn:uuid:c7b9245e-930d-5009-a05c-df3b8c69e46e,
urn:uuid:2fc28c67-2011-51f3-8d7d-484cb5efd5ca,relation/unit/bab-4-grup-bebas/covers/surface/unit-032/protected-math-zone/202-inline,urn:uuid:6341193c-85a5-5665-86a8-339662cd5520,covers,urn:uuid:d3005670-6c34-540d-a386-c598be18a36d,
urn:uuid:7954dc9f-de10-5439-8c2b-67a8109e8928,relation/unit/bab-4-grup-bebas/covers/surface/unit-032/protected-math-zone/203-inline,urn:uuid:6341193c-85a5-5665-86a8-339662cd5520,covers,urn:uuid:8f469365-bde5-5396-a518-9695d463a139,
urn:uuid:061316c1-94af-5608-a40c-ebcc1245bce3,relation/unit/bab-4-grup-bebas/covers/surface/unit-032/protected-math-zone/204-inline,urn:uuid:6341193c-85a5-5665-86a8-339662cd5520,covers,urn:uuid:d0da9688-1abe-5909-93e7-18923c68a4b3,
urn:uuid:5ef2b2c2-6ce7-5a7b-9b6a-13e1f2cc21b4,relation/unit/bab-4-grup-bebas/covers/surface/unit-032/protected-math-zone/205-inline,urn:uuid:6341193c-85a5-5665-86a8-339662cd5520,covers,urn:uuid:9dfe3483-7819-507a-9f00-2cf21626368b,
urn:uuid:9935b327-109b-57ea-9881-71a5c99abe33,relation/unit/bab-4-grup-bebas/covers/surface/unit-032/protected-math-zone/206-inline,urn:uuid:6341193c-85a5-5665-86a8-339662cd5520,covers,urn:uuid:e5591f59-0c1c-53a6-ba33-0a3e209c683b,
urn:uuid:a4d61070-e3d1-58e2-b42f-628833fa3b6f,relation/unit/bab-4-grup-bebas/covers/surface/unit-032/protected-math-zone/207-inline,urn:uuid:6341193c-85a5-5665-86a8-339662cd5520,covers,urn:uuid:3011d59c-04df-54a4-a0f4-b83e9fc086cb,
urn:uuid:346089ce-e995-57aa-9c1f-451dfd883cbb,relation/unit/bab-4-grup-bebas/covers/surface/unit-032/protected-math-zone/208-inline,urn:uuid:6341193c-85a5-5665-86a8-339662cd5520,covers,urn:uuid:4a87ec6d-9581-56f1-9f22-4b475fe6fd4b,
urn:uuid:80f6be72-472a-5310-a413-7200d51c11ff,relation/unit/bab-4-grup-bebas/covers/surface/unit-032/protected-math-zone/209-inline,urn:uuid:6341193c-85a5-5665-86a8-339662cd5520,covers,urn:uuid:cab4a577-a406-53bd-b86b-25d721fc9aaf,
urn:uuid:864993ab-40fd-545f-a6c3-d8164c9c214a,relation/unit/bab-4-grup-bebas/covers/surface/unit-032/protected-math-zone/210-inline,urn:uuid:6341193c-85a5-5665-86a8-339662cd5520,covers,urn:uuid:fef6c2a9-aa2a-5213-aba8-372847d53926,
urn:uuid:2c1c4bba-71c8-56c2-926a-4866e60ffe4d,relation/unit/bab-4-grup-bebas/covers/surface/unit-032/protected-math-zone/211-inline,urn:uuid:6341193c-85a5-5665-86a8-339662cd5520,covers,urn:uuid:9d9e06bc-3818-5de9-8d48-c734c251c06f,
urn:uuid:b3d89e35-64cf-5e50-8c0c-4de955b4480c,relation/unit/bab-4-grup-bebas/covers/surface/unit-032/protected-math-zone/212-display-environment,urn:uuid:6341193c-85a5-5665-86a8-339662cd5520,covers,urn:uuid:ef415d94-caad-5ce3-a4c2-62017502e3f6,
urn:uuid:6a4e06ab-4882-5491-8633-3faa3ef0ad6a,relation/unit/bab-4-grup-bebas/covers/surface/unit-032/protected-math-zone/213-inline,urn:uuid:6341193c-85a5-5665-86a8-339662cd5520,covers,urn:uuid:e522d79e-2527-561f-ad04-26d34a4e892c,
urn:uuid:8f3351f5-c69f-5a80-b6d0-a940fef8c926,relation/unit/bab-4-grup-bebas/covers/surface/unit-032/protected-math-zone/214-display-bracket,urn:uuid:6341193c-85a5-5665-86a8-339662cd5520,covers,urn:uuid:2251ad78-4962-503d-93b2-629b498957ea,
urn:uuid:cbff9168-b0bb-5462-9776-19168bc1734e,relation/unit/bab-4-grup-bebas/covers/surface/unit-032/protected-math-zone/215-inline,urn:uuid:6341193c-85a5-5665-86a8-339662cd5520,covers,urn:uuid:39f583cb-90b4-51c2-b87f-3dbb3fca9c8a,
urn:uuid:c88b7d0a-fba0-59bf-aff4-07a3d711cafa,relation/unit/bab-4-grup-bebas/covers/surface/unit-032/protected-math-zone/216-inline,urn:uuid:6341193c-85a5-5665-86a8-339662cd5520,covers,urn:uuid:c2ae978e-75cb-510e-8694-7a7d23499f99,
urn:uuid:961373a7-bc4b-559a-ab64-c1e29bae68ac,relation/unit/bab-4-grup-bebas/covers/surface/unit-032/protected-math-zone/217-inline,urn:uuid:6341193c-85a5-5665-86a8-339662cd5520,covers,urn:uuid:86dd5167-5f1c-5048-b551-0ba4c70e3554,
urn:uuid:c1aec98d-5b6d-5655-8357-9298ed873b5f,relation/unit/bab-4-grup-bebas/covers/surface/unit-032/protected-math-zone/218-inline,urn:uuid:6341193c-85a5-5665-86a8-339662cd5520,covers,urn:uuid:99b73694-b6b8-5a5f-bf4f-03841b7a748f,
urn:uuid:ac6d6fdf-0dd8-5475-89d5-17de46d481df,relation/unit/bab-4-grup-bebas/covers/surface/unit-032/protected-math-zone/219-inline,urn:uuid:6341193c-85a5-5665-86a8-339662cd5520,covers,urn:uuid:d30a7134-155b-5921-abf1-eeee82870b48,
urn:uuid:695eb160-0015-52ba-96a4-8567fb965a76,relation/unit/bab-4-grup-bebas/covers/surface/unit-032/protected-math-zone/220-inline,urn:uuid:6341193c-85a5-5665-86a8-339662cd5520,covers,urn:uuid:ec009d64-efdf-57d3-be49-ea37ab5897c1,
urn:uuid:6eeacb38-3444-5241-aa33-0face5530b13,relation/unit/bab-4-grup-bebas/covers/surface/unit-032/protected-math-zone/221-inline,urn:uuid:6341193c-85a5-5665-86a8-339662cd5520,covers,urn:uuid:6f9c0092-7d35-5d85-b6b6-e01763a883f4,
urn:uuid:1510fbe0-b8f3-5367-be12-42345f93e34e,relation/unit/bab-4-grup-bebas/covers/surface/unit-032/protected-math-zone/222-inline,urn:uuid:6341193c-85a5-5665-86a8-339662cd5520,covers,urn:uuid:1b6e4041-4d33-5aca-876b-2426dbfbee30,
urn:uuid:41d682cd-c057-55e6-8852-001061feeb80,relation/unit/bab-4-grup-bebas/covers/surface/unit-032/protected-math-zone/223-inline,urn:uuid:6341193c-85a5-5665-86a8-339662cd5520,covers,urn:uuid:2a31d6ac-cfa0-58e1-a1bb-eb74d2893916,
urn:uuid:7b4a327b-c4c8-56e9-b474-1efb9a92300a,relation/unit/bab-4-grup-bebas/covers/surface/unit-032/protected-math-zone/224-display-bracket,urn:uuid:6341193c-85a5-5665-86a8-339662cd5520,covers,urn:uuid:f882cc9a-e710-5f86-81e7-959280a4c623,
urn:uuid:c39bd45e-6ae6-5a4f-9c88-0f6feed8f97f,relation/unit/bab-4-grup-bebas/covers/surface/unit-032/protected-math-zone/225-inline,urn:uuid:6341193c-85a5-5665-86a8-339662cd5520,covers,urn:uuid:98ec6de9-c04b-562b-95d0-f10b09a9e5dc,
urn:uuid:f49c4a5d-2307-5411-9380-20298731f787,relation/unit/bab-4-grup-bebas/covers/surface/unit-032/protected-math-zone/226-inline,urn:uuid:6341193c-85a5-5665-86a8-339662cd5520,covers,urn:uuid:7526be90-0f5f-5d1e-803a-dcdafdeec552,
urn:uuid:0de4d3d6-add8-52ce-ad8b-d0d806d1b403,relation/unit/bab-4-grup-bebas/covers/surface/unit-032/protected-math-zone/227-inline,urn:uuid:6341193c-85a5-5665-86a8-339662cd5520,covers,urn:uuid:0dcfd1b1-54f7-5678-b6be-fad86816020e,
urn:uuid:c39d85e4-31f1-5556-8b1b-2ad2ceaa5e79,relation/unit/bab-4-grup-bebas/covers/surface/unit-032/protected-math-zone/228-inline,urn:uuid:6341193c-85a5-5665-86a8-339662cd5520,covers,urn:uuid:d7a842ac-e09e-5a8d-b9a1-1b900f2b5719,
urn:uuid:d1990d5f-c8f4-5b4b-a74a-f7def4f2255a,relation/unit/bab-4-grup-bebas/covers/surface/unit-032/protected-math-zone/229-inline,urn:uuid:6341193c-85a5-5665-86a8-339662cd5520,covers,urn:uuid:b8035774-15f7-5649-81bd-162aeef5d999,
urn:uuid:54ed6eab-0b63-5383-9693-aca477619676,relation/unit/bab-4-grup-bebas/covers/surface/unit-032/protected-math-zone/230-inline,urn:uuid:6341193c-85a5-5665-86a8-339662cd5520,covers,urn:uuid:98c9b38d-7eb8-5a2e-8266-476c5771fc70,
urn:uuid:8f9211c7-ed66-54a7-8deb-d341ffaf158f,relation/unit/bab-4-grup-bebas/covers/surface/unit-032/protected-math-zone/231-inline,urn:uuid:6341193c-85a5-5665-86a8-339662cd5520,covers,urn:uuid:9881057d-b380-5b13-aa3a-a07654a43812,
urn:uuid:e1687534-2465-56be-92b4-c3ac29826701,relation/unit/bab-4-grup-bebas/covers/surface/unit-032/protected-math-zone/232-inline,urn:uuid:6341193c-85a5-5665-86a8-339662cd5520,covers,urn:uuid:d1c5c903-c507-5085-958d-6c3cb4b0ea0f,
urn:uuid:e092e50d-91b7-56be-91a0-16ef387cb831,relation/unit/bab-4-grup-bebas/covers/surface/unit-032/protected-math-zone/233-inline,urn:uuid:6341193c-85a5-5665-86a8-339662cd5520,covers,urn:uuid:e2914553-d020-5c64-b1ae-f051070b354f,
urn:uuid:339dcc0e-57dd-509c-bfdb-47784b4501c0,relation/unit/bab-4-grup-bebas/covers/surface/unit-032/protected-math-zone/234-inline,urn:uuid:6341193c-85a5-5665-86a8-339662cd5520,covers,urn:uuid:3fe57074-73c9-573b-8fdb-38926b40583a,
urn:uuid:5235e180-e108-5d4c-a288-3dc80c6366ed,relation/unit/bab-4-grup-bebas/covers/surface/unit-032/protected-math-zone/235-inline,urn:uuid:6341193c-85a5-5665-86a8-339662cd5520,covers,urn:uuid:d5cf9cbc-0b5d-542a-aa4b-0d918ffc4166,
urn:uuid:8b8e2324-3325-5fb7-8201-5c0670ec17fe,relation/unit/bab-4-grup-bebas/covers/surface/unit-032/protected-math-zone/236-inline,urn:uuid:6341193c-85a5-5665-86a8-339662cd5520,covers,urn:uuid:14b47566-9dfb-5d62-ba6a-4661c233a916,
urn:uuid:eb2741ad-a2b6-5e25-a985-0c457e6b9f8d,relation/unit/bab-4-grup-bebas/covers/surface/unit-032/protected-math-zone/237-inline,urn:uuid:6341193c-85a5-5665-86a8-339662cd5520,covers,urn:uuid:ebc29d80-9bcb-5b8f-9d3c-31a8804c5979,
urn:uuid:0535fbba-2a33-5c7a-97a3-039a2110d7d6,relation/unit/bab-4-grup-bebas/covers/surface/unit-032/protected-math-zone/238-inline,urn:uuid:6341193c-85a5-5665-86a8-339662cd5520,covers,urn:uuid:99271174-de22-51b4-bffe-8e8da3443cc0,
urn:uuid:aa08d4ab-d8c8-5b62-a249-e1a23d1c7528,relation/unit/bab-4-grup-bebas/covers/surface/unit-032/protected-math-zone/239-inline,urn:uuid:6341193c-85a5-5665-86a8-339662cd5520,covers,urn:uuid:11a404fd-162c-540a-8b77-8656a38dfcd4,
urn:uuid:e1fc188d-1e6b-5348-b6b9-342965ede10a,relation/unit/bab-4-grup-bebas/covers/surface/unit-032/protected-math-zone/240-inline,urn:uuid:6341193c-85a5-5665-86a8-339662cd5520,covers,urn:uuid:e895588c-bf9e-5898-a1d0-e16ec1728623,
urn:uuid:69894bc5-ddce-5a5b-8fe0-cde4649231b9,relation/unit/bab-4-grup-bebas/covers/surface/unit-032/protected-math-zone/241-inline,urn:uuid:6341193c-85a5-5665-86a8-339662cd5520,covers,urn:uuid:5de90a66-3cff-5d10-ab73-06efa6959dd7,
urn:uuid:0a756bad-ea15-5438-b847-2f71c744fb74,relation/unit/bab-4-grup-bebas/covers/surface/unit-032/protected-math-zone/242-inline,urn:uuid:6341193c-85a5-5665-86a8-339662cd5520,covers,urn:uuid:1cd6f4dc-0019-5b17-b1b8-2d9be097ea47,
urn:uuid:b4141b21-cf3b-54a1-a54d-06d84a387f41,relation/unit/bab-4-grup-bebas/covers/surface/unit-032/protected-math-zone/243-inline,urn:uuid:6341193c-85a5-5665-86a8-339662cd5520,covers,urn:uuid:4b97c9b2-c96a-5b41-ba49-7e21fd43e629,
urn:uuid:4695c36c-94fc-5fa9-b847-59b4ce30ed88,relation/unit/bab-4-grup-bebas/covers/surface/unit-032/protected-math-zone/244-inline,urn:uuid:6341193c-85a5-5665-86a8-339662cd5520,covers,urn:uuid:cf793bce-9d01-58e8-a811-99d24a53cb45,
urn:uuid:dea18960-4f53-5548-826b-f9705dd9d1d7,relation/unit/bab-4-grup-bebas/covers/surface/unit-032/protected-math-zone/245-inline,urn:uuid:6341193c-85a5-5665-86a8-339662cd5520,covers,urn:uuid:3022c173-163b-5170-b7ff-ec6fefda1157,
urn:uuid:1d7a0d3a-7927-54e1-af62-87338c6d03b4,relation/unit/bab-4-grup-bebas/covers/surface/unit-032/protected-math-zone/246-inline,urn:uuid:6341193c-85a5-5665-86a8-339662cd5520,covers,urn:uuid:610e2de8-8c1d-5e41-a153-91d1cd08d9fe,
urn:uuid:b6ce78fa-9187-58b9-b8c9-b77af4c6a557,relation/unit/bab-4-grup-bebas/covers/surface/unit-032/protected-math-zone/247-inline,urn:uuid:6341193c-85a5-5665-86a8-339662cd5520,covers,urn:uuid:32187c4b-55f3-5073-9824-0de01c9117e5,
urn:uuid:8c4f47d2-15f5-55b9-be65-33e2f29a7962,relation/unit/bab-4-grup-bebas/covers/surface/unit-032/protected-math-zone/248-display-environment,urn:uuid:6341193c-85a5-5665-86a8-339662cd5520,covers,urn:uuid:edba47a8-4d0f-5844-b1cf-839fab2c5f4c,
urn:uuid:3060fba1-2a4a-555a-8cb4-37e36ecd89d0,relation/unit/bab-4-grup-bebas/covers/surface/unit-032/protected-math-zone/249-inline,urn:uuid:6341193c-85a5-5665-86a8-339662cd5520,covers,urn:uuid:0f6886a5-7612-51c8-a4f1-34457e1dc655,
urn:uuid:612e89d1-de0b-5b29-bc60-2ca04f4ac7ef,relation/unit/bab-4-grup-bebas/covers/surface/unit-032/protected-math-zone/250-inline,urn:uuid:6341193c-85a5-5665-86a8-339662cd5520,covers,urn:uuid:3ce2e9e1-e2fc-5698-b591-0923cba664c2,
urn:uuid:65c338be-eab0-57b4-a643-c0707b80d380,relation/unit/bab-4-grup-bebas/covers/surface/unit-032/protected-math-zone/251-inline,urn:uuid:6341193c-85a5-5665-86a8-339662cd5520,covers,urn:uuid:0aedd627-2932-503f-92ff-f1e6258bfb72,
urn:uuid:df43e930-f3b6-58cb-838f-7ea9896c2419,relation/unit/bab-4-grup-bebas/covers/surface/unit-032/protected-math-zone/252-inline,urn:uuid:6341193c-85a5-5665-86a8-339662cd5520,covers,urn:uuid:920bbac0-65fa-5735-8cb6-448c976a2f3e,
urn:uuid:3490cc1a-f29b-5ba3-a83e-e055fe7bbcc7,relation/unit/bab-4-grup-bebas/covers/surface/unit-032/protected-math-zone/253-display-bracket,urn:uuid:6341193c-85a5-5665-86a8-339662cd5520,covers,urn:uuid:22536794-8ae5-5b4e-9801-4c69d1c16716,
urn:uuid:f4dff018-ff66-54c6-b2f2-8994d90a513c,relation/unit/bab-4-grup-bebas/covers/surface/unit-032/protected-math-zone/254-inline,urn:uuid:6341193c-85a5-5665-86a8-339662cd5520,covers,urn:uuid:8303d7e9-144c-55aa-a5fc-d2b69d6ac209,
urn:uuid:42f7efe8-c28f-54a5-b763-f5210c73eb75,relation/unit/bab-4-grup-bebas/covers/surface/unit-032/protected-math-zone/255-inline,urn:uuid:6341193c-85a5-5665-86a8-339662cd5520,covers,urn:uuid:3c11bd32-6f62-55e3-a1ac-db534eb0d08f,
urn:uuid:a0cb29a8-20d4-534a-bf7f-deccdc43ab2f,relation/unit/bab-4-grup-bebas/covers/surface/unit-032/protected-math-zone/256-inline,urn:uuid:6341193c-85a5-5665-86a8-339662cd5520,covers,urn:uuid:dc28108d-1eea-5a70-b3b7-19573c89cd43,
urn:uuid:ea14e29e-90e5-54ad-966e-a3e1b036b7b2,relation/unit/bab-4-grup-bebas/covers/surface/unit-032/protected-math-zone/257-inline,urn:uuid:6341193c-85a5-5665-86a8-339662cd5520,covers,urn:uuid:ef7f2227-85f0-5b7d-9be4-ab138d55d2ea,
urn:uuid:f21a3ab1-ea65-5b9f-851a-26f662269009,relation/unit/bab-4-grup-bebas/covers/surface/unit-032/protected-math-zone/258-display-bracket,urn:uuid:6341193c-85a5-5665-86a8-339662cd5520,covers,urn:uuid:dfd29642-2408-558f-9fb5-e9a93264679e,
urn:uuid:db1359b9-334d-5e28-a1ba-fd34947a205c,relation/unit/bab-4-grup-bebas/covers/surface/unit-032/protected-math-zone/259-display-environment,urn:uuid:6341193c-85a5-5665-86a8-339662cd5520,covers,urn:uuid:16605579-13b6-52d5-a488-4be7c88a78b7,
urn:uuid:e5d38636-493c-5088-beea-f8482863dbe2,relation/unit/bab-4-grup-bebas/covers/surface/unit-032/protected-math-zone/260-inline,urn:uuid:6341193c-85a5-5665-86a8-339662cd5520,covers,urn:uuid:02cd6273-2599-5c04-b570-852a7e4327cc,
urn:uuid:a77218be-59b1-525a-ad49-f226d6a4cc01,relation/unit/bab-4-grup-bebas/covers/surface/unit-032/protected-math-zone/261-inline,urn:uuid:6341193c-85a5-5665-86a8-339662cd5520,covers,urn:uuid:be7a2457-b4ff-5ba3-94ed-0ca5f5d775ad,
urn:uuid:ed4284d2-76a6-5133-af12-f78051e4b9a3,relation/unit/bab-4-grup-bebas/covers/surface/unit-032/protected-math-zone/262-inline,urn:uuid:6341193c-85a5-5665-86a8-339662cd5520,covers,urn:uuid:83edc6bf-328b-5343-9b98-67a1165a3b5c,
urn:uuid:f05e0b6c-9c19-5220-96e5-7d3bb4d90484,relation/unit/bab-4-grup-bebas/covers/surface/unit-032/protected-math-zone/263-inline,urn:uuid:6341193c-85a5-5665-86a8-339662cd5520,covers,urn:uuid:f1d921a0-d25f-528d-87f9-da4ae118b625,
urn:uuid:0c92cc50-0939-534c-9f81-410d01542db9,relation/unit/bab-4-grup-bebas/covers/surface/unit-032/protected-math-zone/264-display-bracket,urn:uuid:6341193c-85a5-5665-86a8-339662cd5520,covers,urn:uuid:9d8b5e2d-b4a8-50bf-91e0-e31e9087591b,
urn:uuid:ad95f667-a708-5bce-ac24-a5e65663a483,relation/unit/bab-4-grup-bebas/covers/surface/unit-032/protected-math-zone/265-inline,urn:uuid:6341193c-85a5-5665-86a8-339662cd5520,covers,urn:uuid:177ce68e-cd45-54d8-99db-d65a407f61b7,
urn:uuid:7d99e997-c1de-5009-b178-e67d0b4c90d8,relation/unit/bab-4-grup-bebas/covers/surface/unit-032/protected-math-zone/266-inline,urn:uuid:6341193c-85a5-5665-86a8-339662cd5520,covers,urn:uuid:c28fd9e1-fc45-5237-a90b-95b60a1b4a58,
urn:uuid:9693fbef-3fb5-59f4-ac00-ee069e4da120,relation/unit/bab-4-grup-bebas/covers/surface/unit-032/protected-math-zone/267-inline,urn:uuid:6341193c-85a5-5665-86a8-339662cd5520,covers,urn:uuid:8705379c-4407-54a2-a8fc-93ad56b7d42b,
urn:uuid:544b9710-8b15-5037-94c7-343866ae0dfc,relation/unit/bab-4-grup-bebas/covers/surface/unit-032/protected-math-zone/268-inline,urn:uuid:6341193c-85a5-5665-86a8-339662cd5520,covers,urn:uuid:127b9338-f6ee-5d83-9630-55f0a1977ed4,
urn:uuid:5bcdb4aa-74e4-5685-b722-c2a7781394d3,relation/unit/bab-4-grup-bebas/covers/surface/unit-032/protected-math-zone/269-inline,urn:uuid:6341193c-85a5-5665-86a8-339662cd5520,covers,urn:uuid:eb163b23-d74b-5d05-b715-b1a465705931,
urn:uuid:26f0153e-0e66-571b-bee1-01b9b99b202c,relation/unit/bab-4-grup-bebas/covers/surface/unit-032/protected-math-zone/270-inline,urn:uuid:6341193c-85a5-5665-86a8-339662cd5520,covers,urn:uuid:cafa3be7-b24b-5916-9e50-b26db4a27d35,
urn:uuid:66288bf0-1a88-5e60-bdc1-9e3f80ee7d67,relation/unit/bab-4-grup-bebas/covers/surface/unit-032/protected-math-zone/271-inline,urn:uuid:6341193c-85a5-5665-86a8-339662cd5520,covers,urn:uuid:695b931e-0ba5-5b26-a1f0-4174f4a5a004,
urn:uuid:c6858d6b-d2b4-5be4-9db1-76e2da27d342,relation/unit/bab-4-grup-bebas/covers/surface/unit-032/protected-math-zone/272-inline,urn:uuid:6341193c-85a5-5665-86a8-339662cd5520,covers,urn:uuid:954069db-6944-5fb6-9589-b4791f173701,
urn:uuid:119a49f9-0d65-5387-a7e6-c251931c675b,relation/unit/bab-4-grup-bebas/covers/surface/unit-032/protected-math-zone/273-inline,urn:uuid:6341193c-85a5-5665-86a8-339662cd5520,covers,urn:uuid:e004558f-a657-50a3-a4ff-fbb4e15c145f,
urn:uuid:46de8b06-fd22-5da5-b211-bb382e3857bf,relation/unit/bab-4-grup-bebas/covers/surface/unit-032/protected-math-zone/274-inline,urn:uuid:6341193c-85a5-5665-86a8-339662cd5520,covers,urn:uuid:8a2af1a4-65d3-5afe-879c-9257c36f18cd,
urn:uuid:919323f3-51b8-5c83-9b8a-81fb73de0d76,relation/unit/bab-4-grup-bebas/covers/surface/unit-032/protected-math-zone/275-inline,urn:uuid:6341193c-85a5-5665-86a8-339662cd5520,covers,urn:uuid:a511bb54-9315-556f-bf06-2f40a453e21a,
urn:uuid:30492b4e-e3e6-5506-8e29-1204b6d647ad,relation/unit/bab-4-grup-bebas/covers/surface/unit-032/protected-math-zone/276-inline,urn:uuid:6341193c-85a5-5665-86a8-339662cd5520,covers,urn:uuid:6ab591cc-052c-5e0e-adef-63d14b3a7964,
urn:uuid:60737852-581c-5411-bd01-b891797d7a07,relation/unit/bab-4-grup-bebas/covers/surface/unit-032/protected-math-zone/277-inline,urn:uuid:6341193c-85a5-5665-86a8-339662cd5520,covers,urn:uuid:d35b696d-d305-532a-8c52-421e0bac3981,
urn:uuid:25eb080a-835b-585a-952f-b11007ce45b5,relation/unit/bab-4-grup-bebas/covers/surface/unit-032/protected-math-zone/278-inline,urn:uuid:6341193c-85a5-5665-86a8-339662cd5520,covers,urn:uuid:a695e409-d8b8-59ce-8538-bbca14749108,
urn:uuid:de115bf6-82fd-5ddb-95d1-382088d10bdc,relation/unit/bab-4-grup-bebas/covers/surface/unit-032/protected-math-zone/279-inline,urn:uuid:6341193c-85a5-5665-86a8-339662cd5520,covers,urn:uuid:42726c95-a4fb-53b9-9dbe-fb436f414fb0,
urn:uuid:714a2c0f-2617-5483-9da5-1dd87b275808,relation/unit/bab-4-grup-bebas/covers/surface/unit-032/protected-math-zone/280-inline,urn:uuid:6341193c-85a5-5665-86a8-339662cd5520,covers,urn:uuid:a77221c2-c2ff-5057-b529-35be1394e525,
urn:uuid:1fc55969-0981-5a90-b898-f8cdb08ecf77,relation/unit/bab-4-grup-bebas/covers/surface/unit-032/protected-math-zone/281-inline,urn:uuid:6341193c-85a5-5665-86a8-339662cd5520,covers,urn:uuid:074ce23d-fbda-5e76-ba0e-22229b417f60,
urn:uuid:45a42132-34eb-5362-bc27-30d34e7e149e,relation/unit/bab-4-grup-bebas/covers/surface/unit-032/protected-math-zone/282-inline,urn:uuid:6341193c-85a5-5665-86a8-339662cd5520,covers,urn:uuid:e23da241-01d4-571f-94b0-921c40710efb,
urn:uuid:17d95121-6076-5a93-9349-7f9b77e605cc,relation/unit/bab-4-grup-bebas/covers/surface/unit-032/protected-math-zone/283-inline,urn:uuid:6341193c-85a5-5665-86a8-339662cd5520,covers,urn:uuid:288d60fa-588e-59c8-99d1-c707d1f6e00e,
urn:uuid:87e46564-c674-576e-932e-6e15fac0fd29,relation/unit/bab-4-grup-bebas/covers/surface/unit-032/protected-math-zone/284-inline,urn:uuid:6341193c-85a5-5665-86a8-339662cd5520,covers,urn:uuid:ab5f7da9-5008-58b5-a35a-3e38831a740a,
urn:uuid:a06fc61e-174b-5abb-8e63-49f30142c038,relation/unit/bab-4-grup-bebas/covers/surface/unit-032/protected-math-zone/285-inline,urn:uuid:6341193c-85a5-5665-86a8-339662cd5520,covers,urn:uuid:cc3f54c0-f97b-54f1-89b9-06ee002292e9,
urn:uuid:d692af21-054a-5aff-a824-44f342bad650,relation/unit/bab-4-grup-bebas/covers/surface/unit-032/protected-math-zone/286-inline,urn:uuid:6341193c-85a5-5665-86a8-339662cd5520,covers,urn:uuid:b57251ff-4e7f-57e1-a6ca-e83bb0f24aab,
urn:uuid:2a866bd5-8920-5e28-a168-2e37935fc17a,relation/unit/bab-4-grup-bebas/covers/surface/unit-032/protected-math-zone/287-inline,urn:uuid:6341193c-85a5-5665-86a8-339662cd5520,covers,urn:uuid:47df31a1-0c0c-509d-b6cd-5f43b0e9ab3e,
urn:uuid:f5437d22-c12b-57b2-9b2a-1c94ef4e4e2c,relation/unit/bab-4-grup-bebas/covers/surface/unit-032/protected-math-zone/288-inline,urn:uuid:6341193c-85a5-5665-86a8-339662cd5520,covers,urn:uuid:e4b0acb7-7712-577f-904b-c6ba1c6578e3,
urn:uuid:fd50e79e-94b0-55e3-9c97-f13ccfa160bc,relation/unit/bab-4-grup-bebas/covers/surface/unit-032/protected-math-zone/289-inline,urn:uuid:6341193c-85a5-5665-86a8-339662cd5520,covers,urn:uuid:160f903e-738b-57d7-be5d-1b3d1085c87a,
urn:uuid:9bb5fecc-66c8-53f8-b646-bca5a54e9593,relation/unit/bab-4-grup-bebas/covers/surface/unit-032/protected-math-zone/290-inline,urn:uuid:6341193c-85a5-5665-86a8-339662cd5520,covers,urn:uuid:f935dab3-d053-5c7b-a850-a6357a4a1d84,
urn:uuid:48bd04a1-c384-506c-baf4-adf011e7a292,relation/unit/bab-4-grup-bebas/covers/surface/unit-032/protected-math-zone/291-inline,urn:uuid:6341193c-85a5-5665-86a8-339662cd5520,covers,urn:uuid:90e1678d-cc51-5298-96af-58d348333f67,
urn:uuid:66a35cfe-d84d-5bd6-8309-7dd0cc075825,relation/unit/bab-4-grup-bebas/covers/surface/unit-032/protected-math-zone/292-inline,urn:uuid:6341193c-85a5-5665-86a8-339662cd5520,covers,urn:uuid:4c8867af-a88c-5baf-b156-2af9dc738a59,
urn:uuid:2cc89207-7ad7-5591-8dcb-a5fe8c32ec4b,relation/unit/bab-4-grup-bebas/covers/surface/unit-032/protected-math-zone/293-inline,urn:uuid:6341193c-85a5-5665-86a8-339662cd5520,covers,urn:uuid:d8e27aed-94de-5877-a072-1a984d0d36e4,
urn:uuid:89787c7c-4684-51ec-b8f6-cff34121a0f1,relation/unit/bab-4-grup-bebas/covers/surface/unit-032/protected-math-zone/294-inline,urn:uuid:6341193c-85a5-5665-86a8-339662cd5520,covers,urn:uuid:1024c029-b1b8-5e30-9ab0-63a4593d1ba0,
urn:uuid:6d7db970-bfee-53d1-99cb-29e88272689d,relation/unit/bab-4-grup-bebas/covers/surface/unit-032/protected-math-zone/295-inline,urn:uuid:6341193c-85a5-5665-86a8-339662cd5520,covers,urn:uuid:2d6e524b-51d0-5648-b658-a124339e39f2,
urn:uuid:bee5f7a3-66e0-59a5-a3b0-ed99a87014e0,relation/unit/bab-4-grup-bebas/covers/surface/unit-032/protected-math-zone/296-inline,urn:uuid:6341193c-85a5-5665-86a8-339662cd5520,covers,urn:uuid:e2f2656f-48c0-5f0d-ba9a-8f894cc6ef04,
urn:uuid:6989acaf-6332-5030-b556-bcb070e46c1a,relation/unit/bab-4-grup-bebas/covers/surface/unit-032/protected-math-zone/297-display-bracket,urn:uuid:6341193c-85a5-5665-86a8-339662cd5520,covers,urn:uuid:3c3e7c76-0839-5097-93ab-ea5e7e9e7b69,
urn:uuid:a7d2998f-f7a7-5238-a0a5-04d9e3e8e9d8,relation/unit/bab-4-grup-bebas/covers/surface/unit-032/protected-math-zone/298-inline,urn:uuid:6341193c-85a5-5665-86a8-339662cd5520,covers,urn:uuid:ab9af193-98f5-5db9-a769-225eb8841767,
urn:uuid:f90bff1c-ac3a-58fd-b84b-a4137388cf2b,relation/unit/bab-4-grup-bebas/covers/surface/unit-032/protected-math-zone/299-inline,urn:uuid:6341193c-85a5-5665-86a8-339662cd5520,covers,urn:uuid:7caf6b27-b133-525d-825d-a3d098066d1b,
urn:uuid:24c5b31e-2580-5fc9-9982-50f98d1ea52a,relation/unit/bab-4-grup-bebas/covers/surface/unit-032/protected-math-zone/300-inline,urn:uuid:6341193c-85a5-5665-86a8-339662cd5520,covers,urn:uuid:545bec60-7537-5c7d-ad75-0f36b79a9e0b,
urn:uuid:303678ee-b743-5c88-9559-1a2adddcba4c,relation/unit/bab-4-grup-bebas/covers/surface/unit-032/protected-math-zone/301-inline,urn:uuid:6341193c-85a5-5665-86a8-339662cd5520,covers,urn:uuid:43f92225-343f-5401-a40e-667041ed1b15,
urn:uuid:6262a430-2a76-599d-96ef-9ecd0a35a58c,relation/unit/bab-4-grup-bebas/covers/surface/unit-032/protected-math-zone/302-display-bracket,urn:uuid:6341193c-85a5-5665-86a8-339662cd5520,covers,urn:uuid:72c442dc-e85f-5264-aa6c-97fbba177cc5,
urn:uuid:4b78fa82-01cf-58c1-ad93-0e4daa6ab5c1,relation/unit/bab-4-grup-bebas/covers/surface/unit-032/protected-math-zone/303-inline,urn:uuid:6341193c-85a5-5665-86a8-339662cd5520,covers,urn:uuid:82b2cc36-54b9-540e-b217-77c8142d263f,
urn:uuid:a53f3165-442a-5548-8262-b430fc8ed5ff,relation/unit/bab-4-grup-bebas/covers/surface/unit-032/protected-math-zone/304-inline,urn:uuid:6341193c-85a5-5665-86a8-339662cd5520,covers,urn:uuid:72cb72fe-6a77-5827-bef3-ac0064389be1,
urn:uuid:cc8252e9-a496-5cef-bfc6-7cd2e3f2206d,relation/unit/bab-4-grup-bebas/covers/surface/unit-032/protected-math-zone/305-inline,urn:uuid:6341193c-85a5-5665-86a8-339662cd5520,covers,urn:uuid:48a228ab-891e-5e93-8f62-e728dcf26a11,
urn:uuid:0b431006-54c0-57d9-8355-7cd3cf1a735a,relation/unit/bab-4-grup-bebas/covers/surface/unit-032/protected-math-zone/306-inline,urn:uuid:6341193c-85a5-5665-86a8-339662cd5520,covers,urn:uuid:16992df9-7f9a-55b8-a30d-9605339befee,
urn:uuid:b0ba1487-a92c-596d-b2d5-0f04ed649e28,relation/unit/bab-4-grup-bebas/covers/surface/unit-032/protected-math-zone/307-display-bracket,urn:uuid:6341193c-85a5-5665-86a8-339662cd5520,covers,urn:uuid:6694f3d8-7a71-5572-80d8-b357b1f6c54b,
urn:uuid:d6489f38-c00f-5103-ade8-53e13d8ffbfd,relation/unit/bab-4-grup-bebas/covers/surface/unit-032/protected-math-zone/308-inline,urn:uuid:6341193c-85a5-5665-86a8-339662cd5520,covers,urn:uuid:57043699-4db0-5653-b62e-073ddb33484f,
urn:uuid:bd76fe06-12fc-54b2-9fa6-e6ef3333846b,relation/unit/bab-4-grup-bebas/covers/surface/unit-032/protected-math-zone/309-inline,urn:uuid:6341193c-85a5-5665-86a8-339662cd5520,covers,urn:uuid:16b78a8c-c41d-5f1d-a319-4e79b1fa656b,
urn:uuid:e456a8e9-8a7b-59e6-874d-af10696a3d8a,relation/unit/bab-4-grup-bebas/covers/surface/unit-032/protected-math-zone/310-inline,urn:uuid:6341193c-85a5-5665-86a8-339662cd5520,covers,urn:uuid:24ad55de-7a45-51d3-870e-987d6965a7ef,
urn:uuid:d1714ec8-f94c-52d7-8850-bb442eb5e373,relation/unit/bab-4-grup-bebas/covers/surface/unit-032/protected-math-zone/311-inline,urn:uuid:6341193c-85a5-5665-86a8-339662cd5520,covers,urn:uuid:4f6be54c-6812-545a-91cc-e2f1263c8681,
urn:uuid:89ab9715-f285-5cff-bb91-ca0241c7ecc8,relation/unit/bab-4-grup-bebas/covers/surface/unit-032/protected-math-zone/312-inline,urn:uuid:6341193c-85a5-5665-86a8-339662cd5520,covers,urn:uuid:a080a2aa-eeab-569c-ab17-7e8f9e8f803d,
urn:uuid:036a6d4b-3407-573f-918f-13011ab0c4b5,relation/unit/bab-4-grup-bebas/covers/surface/unit-032/protected-math-zone/313-inline,urn:uuid:6341193c-85a5-5665-86a8-339662cd5520,covers,urn:uuid:18998874-cdc6-508b-ae44-ccac01cb8975,
urn:uuid:11b1cc81-b9b3-5288-9047-2171f9a3d288,relation/unit/bab-4-grup-bebas/covers/surface/unit-032/protected-math-zone/314-inline,urn:uuid:6341193c-85a5-5665-86a8-339662cd5520,covers,urn:uuid:c4f28f51-e385-572f-95bc-30b975baa093,
urn:uuid:21d0b245-9328-5091-8268-a8b5458a17da,relation/unit/bab-4-grup-bebas/covers/surface/unit-032/protected-math-zone/315-display-bracket,urn:uuid:6341193c-85a5-5665-86a8-339662cd5520,covers,urn:uuid:913ecf99-5eb9-50af-aa38-30e4f73a5d69,
urn:uuid:c1c9f58e-df18-5da9-99a8-90554ca74581,relation/unit/bab-4-grup-bebas/covers/surface/unit-032/protected-math-zone/316-inline,urn:uuid:6341193c-85a5-5665-86a8-339662cd5520,covers,urn:uuid:99e8f413-a125-5fdd-a3cb-f52500beb491,
urn:uuid:a7108f39-dfdc-5a4d-9213-44c64643ee02,relation/unit/bab-4-grup-bebas/covers/surface/unit-032/protected-math-zone/317-inline,urn:uuid:6341193c-85a5-5665-86a8-339662cd5520,covers,urn:uuid:c8017fb7-c010-5a40-9a07-0fe734c75604,
urn:uuid:1bd40444-b4f4-578d-b04c-c3b9ff9bc9c1,relation/unit/bab-4-grup-bebas/covers/surface/unit-032/protected-math-zone/318-inline,urn:uuid:6341193c-85a5-5665-86a8-339662cd5520,covers,urn:uuid:c52fc359-1c7b-5d58-bea8-baa87500310a,
urn:uuid:42181086-470c-522a-8d78-89104ced6b5a,relation/unit/bab-4-grup-bebas/covers/surface/unit-032/protected-math-zone/319-inline,urn:uuid:6341193c-85a5-5665-86a8-339662cd5520,covers,urn:uuid:d717fde3-ae72-5567-941d-e3b549215c2e,
urn:uuid:4d408ae2-a59a-5475-b555-6c959439de4c,relation/unit/bab-4-grup-bebas/covers/surface/unit-032/protected-math-zone/320-inline,urn:uuid:6341193c-85a5-5665-86a8-339662cd5520,covers,urn:uuid:32fa9a19-30c7-569c-b6d5-3c5938198542,
urn:uuid:4d1ce56a-6504-568c-ae88-aef088a08377,relation/unit/bab-4-grup-bebas/covers/surface/unit-032/protected-math-zone/321-inline,urn:uuid:6341193c-85a5-5665-86a8-339662cd5520,covers,urn:uuid:adf6073f-2734-5cba-988c-44f74a3c1d7b,
urn:uuid:df6b5c45-5cf9-524e-8722-34eb241528b6,relation/unit/bab-4-grup-bebas/covers/surface/unit-032/protected-math-zone/322-inline,urn:uuid:6341193c-85a5-5665-86a8-339662cd5520,covers,urn:uuid:d8650f7b-0ac0-5f10-b1a1-6e41fd60175f,
urn:uuid:9f18d1c0-5f25-59e8-b436-0ea98c86640d,relation/unit/bab-4-grup-bebas/covers/surface/unit-032/protected-math-zone/323-inline,urn:uuid:6341193c-85a5-5665-86a8-339662cd5520,covers,urn:uuid:71d7fa20-af6b-5874-a347-9a296ee0fdfb,
urn:uuid:cb6a2095-966f-5d78-973e-0058678b9e8b,relation/unit/bab-4-grup-bebas/covers/surface/unit-032/protected-math-zone/324-inline,urn:uuid:6341193c-85a5-5665-86a8-339662cd5520,covers,urn:uuid:e93302da-a13a-52f1-a842-72a82f459a2a,
urn:uuid:833bffec-3040-5957-a11f-f0c63c1ec39e,relation/unit/bab-4-grup-bebas/covers/surface/unit-032/protected-math-zone/325-inline,urn:uuid:6341193c-85a5-5665-86a8-339662cd5520,covers,urn:uuid:c4207a29-addd-57b4-a420-1340e1b40f6e,
urn:uuid:422f330d-1010-5650-9371-0908ad4b9697,relation/unit/bab-4-grup-bebas/covers/surface/unit-032/protected-math-zone/326-inline,urn:uuid:6341193c-85a5-5665-86a8-339662cd5520,covers,urn:uuid:48228763-cd30-5dc2-9026-acd81b752e17,
urn:uuid:ab96a206-0fca-565c-892f-009b6f04789e,relation/unit/bab-4-grup-bebas/covers/surface/unit-032/protected-math-zone/327-inline,urn:uuid:6341193c-85a5-5665-86a8-339662cd5520,covers,urn:uuid:d0bf1992-6495-571c-bf0f-2ba8942f516a,
urn:uuid:c899dffa-c6ea-5157-98fb-98cb801b9e3e,relation/unit/bab-4-grup-bebas/covers/surface/unit-032/protected-math-zone/328-display-bracket,urn:uuid:6341193c-85a5-5665-86a8-339662cd5520,covers,urn:uuid:92724bde-4426-5a56-a4cd-c55dd725aae3,
urn:uuid:916f5dcd-e238-569c-a66c-cfb87721d6ca,relation/unit/bab-4-grup-bebas/covers/surface/unit-032/protected-math-zone/329-display-environment,urn:uuid:6341193c-85a5-5665-86a8-339662cd5520,covers,urn:uuid:5bfa59ab-a218-5a63-9226-2404248631d8,
urn:uuid:e467cb6e-81dc-5405-b9a0-10a0cd403115,relation/unit/bab-4-grup-bebas/covers/surface/unit-032/protected-math-zone/330-inline,urn:uuid:6341193c-85a5-5665-86a8-339662cd5520,covers,urn:uuid:e1264473-472b-5266-b623-b338391464c5,
urn:uuid:70bcb6a6-03da-5a69-9daf-37c8f9dcac49,relation/unit/bab-4-grup-bebas/covers/surface/unit-032/protected-math-zone/331-inline,urn:uuid:6341193c-85a5-5665-86a8-339662cd5520,covers,urn:uuid:1345622f-d60e-5391-84dd-b8557cc894d4,
urn:uuid:c7a56a24-f354-59d2-b1c0-805958c1bc48,relation/unit/bab-4-grup-bebas/covers/surface/unit-032/protected-math-zone/332-inline,urn:uuid:6341193c-85a5-5665-86a8-339662cd5520,covers,urn:uuid:e1ddf59d-c863-53ac-811f-1c56b0f08214,
urn:uuid:2e11fab2-7a75-5e86-862e-bee0b2113af9,relation/unit/bab-4-grup-bebas/covers/surface/unit-032/protected-math-zone/333-inline,urn:uuid:6341193c-85a5-5665-86a8-339662cd5520,covers,urn:uuid:b44ff899-141a-5be8-a4ec-a0d76e8d9ec2,
urn:uuid:0cb50674-4df0-5dd4-8c3c-d9b53b8dcd8e,relation/unit/bab-4-grup-bebas/covers/surface/unit-032/protected-math-zone/334-inline,urn:uuid:6341193c-85a5-5665-86a8-339662cd5520,covers,urn:uuid:3631e908-378f-5d05-9892-2d36f581543e,
urn:uuid:a5d1f625-9d9b-50ed-94a5-251b4b46a809,relation/unit/bab-4-grup-bebas/covers/surface/unit-032/protected-math-zone/335-inline,urn:uuid:6341193c-85a5-5665-86a8-339662cd5520,covers,urn:uuid:83560d8f-fe55-5f82-a486-dd155f0ce824,
urn:uuid:4690ce6c-c8a6-5634-ab4a-9781b08eebc2,relation/unit/bab-4-grup-bebas/covers/surface/unit-032/protected-math-zone/336-inline,urn:uuid:6341193c-85a5-5665-86a8-339662cd5520,covers,urn:uuid:dc6239e5-9b10-582f-a59e-2657b6510d51,
urn:uuid:bd5184b5-a928-5fbd-8e5a-5458875c6ea4,relation/unit/bab-4-grup-bebas/covers/surface/unit-032/protected-math-zone/337-inline,urn:uuid:6341193c-85a5-5665-86a8-339662cd5520,covers,urn:uuid:bdb90635-f825-5521-865b-df8a17c28fc7,
urn:uuid:b9f649aa-9477-5af1-8c82-c38b1a5f7b3d,relation/unit/bab-4-grup-bebas/covers/surface/unit-032/protected-math-zone/338-inline,urn:uuid:6341193c-85a5-5665-86a8-339662cd5520,covers,urn:uuid:a579b671-f50a-5e51-b6c6-635384ed8a4b,
urn:uuid:ef9a9973-eaca-58d5-b0b2-3dd1d9a89f90,relation/unit/bab-4-grup-bebas/covers/surface/unit-032/protected-math-zone/339-inline,urn:uuid:6341193c-85a5-5665-86a8-339662cd5520,covers,urn:uuid:44d91f1b-324e-52af-a591-3da22780e3d2,
urn:uuid:72e9ac6d-828a-57e3-aeef-66d09a26751d,relation/unit/bab-4-grup-bebas/covers/surface/unit-032/protected-math-zone/340-inline,urn:uuid:6341193c-85a5-5665-86a8-339662cd5520,covers,urn:uuid:5dd6888e-c6fd-5e5a-b99f-5440495d54e6,
urn:uuid:e80f39e5-bc48-5594-a3a9-7078a172c0a6,relation/unit/bab-4-grup-bebas/covers/surface/unit-032/protected-math-zone/341-inline,urn:uuid:6341193c-85a5-5665-86a8-339662cd5520,covers,urn:uuid:35478049-1a8b-5bfd-aaee-4b4198f6bf2f,
urn:uuid:9538c473-bfd2-5136-b8fc-9d443c1adfcc,relation/unit/bab-4-grup-bebas/covers/surface/unit-032/protected-math-zone/342-inline,urn:uuid:6341193c-85a5-5665-86a8-339662cd5520,covers,urn:uuid:4bba42ae-e824-5757-931f-0edefd0bc86c,
urn:uuid:33cb750a-6ea3-535d-9336-e089ff792df2,relation/unit/bab-4-grup-bebas/covers/surface/unit-032/protected-math-zone/343-inline,urn:uuid:6341193c-85a5-5665-86a8-339662cd5520,covers,urn:uuid:b03d90dc-17e9-564c-9aad-6ed3af2e37f7,
urn:uuid:fb09a88a-f70e-5fa0-b331-e88aacaebf22,relation/unit/bab-4-grup-bebas/covers/surface/unit-032/protected-math-zone/344-inline,urn:uuid:6341193c-85a5-5665-86a8-339662cd5520,covers,urn:uuid:24bf04f8-1bb9-55e7-8992-d8e942fad50e,
urn:uuid:0cf0e37a-2c0b-5ce3-a3be-936f1b678f62,relation/unit/bab-4-grup-bebas/covers/surface/unit-032/protected-math-zone/345-inline,urn:uuid:6341193c-85a5-5665-86a8-339662cd5520,covers,urn:uuid:34a3eb6e-35c3-532e-9d62-ec0a4d69fccb,
urn:uuid:dfa6df93-fb2f-5adf-8641-96e2be22c6d9,relation/unit/bab-4-grup-bebas/covers/surface/unit-032/protected-math-zone/346-inline,urn:uuid:6341193c-85a5-5665-86a8-339662cd5520,covers,urn:uuid:d7ac8d5f-f9f2-5518-9bf7-9441bcec0054,
urn:uuid:b2d38f1b-02e3-58e8-9551-4cc36cf1d090,relation/unit/bab-4-grup-bebas/covers/surface/unit-032/protected-math-zone/347-inline,urn:uuid:6341193c-85a5-5665-86a8-339662cd5520,covers,urn:uuid:96010edd-fb94-553e-841b-a95448ca69ac,
urn:uuid:3edbd37e-46a0-5393-8151-8f4142d28195,relation/unit/bab-4-grup-bebas/covers/surface/unit-032/protected-math-zone/348-inline,urn:uuid:6341193c-85a5-5665-86a8-339662cd5520,covers,urn:uuid:473c885c-65c2-5d91-935f-6799c3d0800f,
urn:uuid:6e584f7a-7eda-52c2-8b61-e3550ab71f2e,relation/unit/bab-4-grup-bebas/covers/surface/unit-032/protected-math-zone/349-inline,urn:uuid:6341193c-85a5-5665-86a8-339662cd5520,covers,urn:uuid:fa3c7a44-ab92-5b02-926f-31bd7bbbdb2b,
urn:uuid:f3dc185b-b4b0-5b1d-86ac-9c53771ec162,relation/unit/bab-4-grup-bebas/covers/surface/unit-032/protected-math-zone/350-inline,urn:uuid:6341193c-85a5-5665-86a8-339662cd5520,covers,urn:uuid:d177f14b-5d23-5d67-9aae-18a1275ddf2d,
urn:uuid:c87db9bf-3ac1-58cf-8d6f-f0096dd163bf,relation/unit/bab-4-grup-bebas/covers/surface/unit-032/protected-math-zone/351-inline,urn:uuid:6341193c-85a5-5665-86a8-339662cd5520,covers,urn:uuid:95d3f715-df14-5361-92e4-a71bff354000,
urn:uuid:a65a4797-6900-5d78-9689-7d11a43ffde2,relation/unit/bab-4-grup-bebas/covers/surface/unit-032/protected-math-zone/352-inline,urn:uuid:6341193c-85a5-5665-86a8-339662cd5520,covers,urn:uuid:33cf5e6b-f621-5574-9ff4-fcc0adcd533e,
urn:uuid:0e1d7c87-5919-5995-9e03-6e59ab968321,relation/unit/bab-4-grup-bebas/covers/surface/unit-032/protected-math-zone/353-inline,urn:uuid:6341193c-85a5-5665-86a8-339662cd5520,covers,urn:uuid:6d08c91f-96b3-57de-99e6-83025048a824,
urn:uuid:b258dbd9-1038-5a38-b7a1-03b08a5fc8fd,relation/unit/bab-4-grup-bebas/covers/surface/unit-032/protected-math-zone/354-inline,urn:uuid:6341193c-85a5-5665-86a8-339662cd5520,covers,urn:uuid:6b874d1b-72cb-509c-b3a1-ce5226713127,
urn:uuid:d3322272-3679-5f03-9fc9-06b9cf593a51,relation/unit/bab-4-grup-bebas/covers/surface/unit-032/protected-math-zone/355-inline,urn:uuid:6341193c-85a5-5665-86a8-339662cd5520,covers,urn:uuid:97675d74-3ca1-54f3-8ca1-d6756444897d,
urn:uuid:4eb7ce89-de79-53e9-a6c8-27e0cebfd95a,relation/unit/bab-4-grup-bebas/covers/surface/unit-032/protected-math-zone/356-display-environment,urn:uuid:6341193c-85a5-5665-86a8-339662cd5520,covers,urn:uuid:421f1c4b-e2fd-5948-b89c-67d4152156d6,
urn:uuid:faf04dfb-81f4-57e0-ac62-5f4ff354e1bb,relation/unit/bab-4-grup-bebas/covers/surface/unit-032/protected-math-zone/357-inline,urn:uuid:6341193c-85a5-5665-86a8-339662cd5520,covers,urn:uuid:c5e2f45e-bc0d-53ba-bf29-960cbec4c3de,
urn:uuid:f84f0c03-bf10-5aca-a0f8-044075f46aa1,relation/unit/bab-4-grup-bebas/covers/surface/unit-032/protected-math-zone/358-inline,urn:uuid:6341193c-85a5-5665-86a8-339662cd5520,covers,urn:uuid:a13e1a39-8f32-58a4-ad2b-856b45b1cf75,
urn:uuid:f939350a-cf6e-51f6-8b2d-c5a9305692be,relation/unit/bab-4-grup-bebas/covers/surface/unit-032/protected-math-zone/359-inline,urn:uuid:6341193c-85a5-5665-86a8-339662cd5520,covers,urn:uuid:da66fc7f-70b6-5ca9-909c-d038982f2b4b,
urn:uuid:345da413-1a02-52e4-bf72-8d37aee465eb,relation/unit/bab-4-grup-bebas/covers/surface/unit-032/protected-math-zone/360-display-bracket,urn:uuid:6341193c-85a5-5665-86a8-339662cd5520,covers,urn:uuid:b9c0c351-afd8-5d0f-b73f-f073e126f48a,
urn:uuid:d2234bc6-b108-5bed-b2c8-5e8e1835a97e,relation/unit/bab-4-grup-bebas/covers/surface/unit-032/protected-math-zone/361-inline,urn:uuid:6341193c-85a5-5665-86a8-339662cd5520,covers,urn:uuid:feb34292-38e3-5829-b98f-e9b34a87f3e9,
urn:uuid:c9e892f6-5e10-50f6-b6ed-f4dead4a9e86,relation/unit/bab-4-grup-bebas/covers/surface/unit-032/protected-math-zone/362-inline,urn:uuid:6341193c-85a5-5665-86a8-339662cd5520,covers,urn:uuid:368e87c7-f0a2-5c01-bdf2-bf9e3027b27a,
urn:uuid:e0f89323-6f8c-5ba8-a05b-7a957beea20c,relation/unit/bab-4-grup-bebas/covers/surface/unit-032/protected-math-zone/363-inline,urn:uuid:6341193c-85a5-5665-86a8-339662cd5520,covers,urn:uuid:641bf8a1-fe78-5145-bff8-3f7247b5a4ce,
urn:uuid:bc8cd711-9e71-5c96-b2a3-fd89ab9db5e5,relation/unit/bab-4-grup-bebas/covers/surface/unit-032/protected-math-zone/364-inline,urn:uuid:6341193c-85a5-5665-86a8-339662cd5520,covers,urn:uuid:36fc8766-c8cb-5c9f-8c08-355dd95f090f,
urn:uuid:0584510d-4cf8-5d64-abf5-46efe17a5049,relation/unit/bab-4-grup-bebas/covers/surface/unit-032/protected-math-zone/365-inline,urn:uuid:6341193c-85a5-5665-86a8-339662cd5520,covers,urn:uuid:e388ccd4-7b57-5859-94e2-23b127ee9919,
urn:uuid:b884183f-9933-5e57-94cf-a6811ed0943b,relation/unit/bab-4-grup-bebas/covers/surface/unit-032/protected-math-zone/366-inline,urn:uuid:6341193c-85a5-5665-86a8-339662cd5520,covers,urn:uuid:ebdfa8c5-2d84-542e-ba78-d585fc1f6b9d,
urn:uuid:edd9c88c-a853-5bcf-bfe8-40a326dc9df2,relation/unit/bab-4-grup-bebas/covers/surface/unit-032/protected-math-zone/367-inline,urn:uuid:6341193c-85a5-5665-86a8-339662cd5520,covers,urn:uuid:8f268382-4abf-55fa-93e1-7c9f6b945892,
urn:uuid:07fb2eac-0aa9-5d2c-8302-a3d29d3894b0,relation/unit/bab-4-grup-bebas/covers/surface/unit-032/reference/equation/004,urn:uuid:6341193c-85a5-5665-86a8-339662cd5520,covers,urn:uuid:338f91b2-9d0f-5a10-9644-e9e274101817,
urn:uuid:aaea67b3-9caf-51d6-bf7e-e51922e0638a,relation/unit/bab-4-grup-bebas/covers/surface/unit-032/reference/equation/009,urn:uuid:6341193c-85a5-5665-86a8-339662cd5520,covers,urn:uuid:be5462b5-aaed-5737-9a4b-0b3a6bab58bb,
urn:uuid:e929fdc9-c1fb-5697-8c65-f41c4d05e24c,relation/unit/bab-4-grup-bebas/covers/surface/unit-032/reference/equation/010,urn:uuid:6341193c-85a5-5665-86a8-339662cd5520,covers,urn:uuid:35877156-9839-5529-9a03-e63590c7ddf6,
urn:uuid:7df72dda-c953-5264-ba7e-05c9cce8daed,relation/unit/bab-4-grup-bebas/covers/surface/unit-032/reference/equation/011,urn:uuid:6341193c-85a5-5665-86a8-339662cd5520,covers,urn:uuid:33bd4fa0-4330-5d2a-9d27-87608a9a8b49,
urn:uuid:7c4495e4-a35d-5298-8f60-d951b184ff91,relation/unit/bab-4-grup-bebas/covers/surface/unit-032/reference/equation/013,urn:uuid:6341193c-85a5-5665-86a8-339662cd5520,covers,urn:uuid:4921d1d2-21cc-50e7-a3cf-d3b5caf51cff,
urn:uuid:3a44f92f-cd0a-5e0d-8c0c-97312c7e7022,relation/unit/bab-4-grup-bebas/covers/surface/unit-032/reference/equation/016,urn:uuid:6341193c-85a5-5665-86a8-339662cd5520,covers,urn:uuid:3a2dc293-6351-57b5-9c71-7b32f057f24e,
urn:uuid:55bb539e-336d-5be5-9cf2-d20ae801c6a1,relation/unit/bab-4-grup-bebas/covers/surface/unit-032/reference/ordinary/001,urn:uuid:6341193c-85a5-5665-86a8-339662cd5520,covers,urn:uuid:8baf2e99-d84f-50e2-a23a-9f927c2b2200,
urn:uuid:c9fc2a83-a207-5e29-a93c-dcb88199fe70,relation/unit/bab-4-grup-bebas/covers/surface/unit-032/reference/ordinary/002,urn:uuid:6341193c-85a5-5665-86a8-339662cd5520,covers,urn:uuid:f9cd4b75-0e79-5bd0-97eb-7bdc62e8ca33,
urn:uuid:2b46461a-0b82-5a81-9070-7bf09adfc047,relation/unit/bab-4-grup-bebas/covers/surface/unit-032/reference/ordinary/003,urn:uuid:6341193c-85a5-5665-86a8-339662cd5520,covers,urn:uuid:c6ea26a5-9d25-5c30-a215-dbcf18b9a6de,
urn:uuid:4f14ba6f-2595-5817-8db2-380107547211,relation/unit/bab-4-grup-bebas/covers/surface/unit-032/reference/ordinary/005,urn:uuid:6341193c-85a5-5665-86a8-339662cd5520,covers,urn:uuid:9dcdd754-da53-5c21-96a7-afb582d9d5ba,
urn:uuid:93695342-f0f6-5071-9da3-9545790536df,relation/unit/bab-4-grup-bebas/covers/surface/unit-032/reference/ordinary/006,urn:uuid:6341193c-85a5-5665-86a8-339662cd5520,covers,urn:uuid:c0264c22-706c-5e98-a784-742c9fbb7ec8,
urn:uuid:24607133-df09-590c-8cff-1adc010e6883,relation/unit/bab-4-grup-bebas/covers/surface/unit-032/reference/ordinary/007,urn:uuid:6341193c-85a5-5665-86a8-339662cd5520,covers,urn:uuid:40594d55-59e7-5ee0-8e92-e81c985d7dd9,
urn:uuid:d1290bc0-a21f-544c-9e34-4e61c874a486,relation/unit/bab-4-grup-bebas/covers/surface/unit-032/reference/ordinary/008,urn:uuid:6341193c-85a5-5665-86a8-339662cd5520,covers,urn:uuid:26c3fd61-6174-5be6-ac1f-04aff6871e02,
urn:uuid:ea3dbaa8-72e3-55d5-aca5-da1b4398b0f6,relation/unit/bab-4-grup-bebas/covers/surface/unit-032/reference/ordinary/012,urn:uuid:6341193c-85a5-5665-86a8-339662cd5520,covers,urn:uuid:e28e218a-e9dc-5c2a-b5a8-c34703b3c5d6,
urn:uuid:1fcf2942-a557-5888-b3cf-2947de0e6b98,relation/unit/bab-4-grup-bebas/covers/surface/unit-032/reference/ordinary/014,urn:uuid:6341193c-85a5-5665-86a8-339662cd5520,covers,urn:uuid:2cb7e35b-d634-54f1-adfd-05e2cb2a011e,
urn:uuid:22808f78-9bfb-59de-945c-42f38a258873,relation/unit/bab-4-grup-bebas/covers/surface/unit-032/reference/ordinary/015,urn:uuid:6341193c-85a5-5665-86a8-339662cd5520,covers,urn:uuid:ac03cc15-2709-5b1d-ba0c-227608baec89,
urn:uuid:7b17db31-9867-5f48-9fb7-024217407011,relation/unit/bab-4-grup-bebas/covers/surface/unit-032/reference/ordinary/017,urn:uuid:6341193c-85a5-5665-86a8-339662cd5520,covers,urn:uuid:f4ec8509-533a-5e0b-a670-59385f7a5aa7,
urn:uuid:8bd30234-acd4-52a4-9b00-9855338ddbfd,relation/unit/bab-4-grup-bebas/covers/surface/unit-032/reference/ordinary/018,urn:uuid:6341193c-85a5-5665-86a8-339662cd5520,covers,urn:uuid:60dee8bd-a126-59f8-ab96-d65ada8e8320,
urn:uuid:31f85268-3f43-5504-bd92-e1f7e1296931,relation/unit/bab-4-grup-bebas/covers/surface/unit-032/reference/ordinary/019,urn:uuid:6341193c-85a5-5665-86a8-339662cd5520,covers,urn:uuid:205028c1-33fb-585f-bfda-4b4d00ead8d7,
urn:uuid:ac6e03c9-ae5f-50c3-ac51-bf891ebd4503,relation/unit/bab-4-grup-bebas/covers/surface/unit-032/reference/ordinary/020,urn:uuid:6341193c-85a5-5665-86a8-339662cd5520,covers,urn:uuid:2573be71-63cc-5707-bf85-1d2dda93cb96,
urn:uuid:917c5bd0-cdaf-50ff-b430-235008910e39,relation/unit/bab-4-grup-bebas/covers/surface/unit-032/terminology-row/001,urn:uuid:6341193c-85a5-5665-86a8-339662cd5520,covers,urn:uuid:c5b60d61-021a-53ed-ab0c-d90a53838c73,
urn:uuid:070dd174-e0e0-5e91-ab9c-f19eb3bdc865,relation/unit/bab-4-grup-bebas/covers/surface/unit-032/terminology-row/002,urn:uuid:6341193c-85a5-5665-86a8-339662cd5520,covers,urn:uuid:72808d74-09ce-52b0-98f8-4d70851735b9,
urn:uuid:932affd7-67a8-52fc-b44d-1640ca888040,relation/unit/bab-4-grup-bebas/covers/surface/unit-032/terminology-row/003,urn:uuid:6341193c-85a5-5665-86a8-339662cd5520,covers,urn:uuid:ac271947-25bb-571d-9620-70cc9ead20a9,
urn:uuid:2ee5e1a1-62d5-5a5d-ba7d-992d2bec0345,relation/unit/bab-4-grup-bebas/covers/surface/unit-032/terminology-row/004,urn:uuid:6341193c-85a5-5665-86a8-339662cd5520,covers,urn:uuid:6b96706a-3c07-5d0a-897d-ee958979ff4e,
urn:uuid:d3b357f4-d86b-5cf8-b55a-6218d0c5c18c,relation/unit/bab-4-grup-bebas/covers/surface/unit-032/terminology-row/005,urn:uuid:6341193c-85a5-5665-86a8-339662cd5520,covers,urn:uuid:5cd4402f-f974-529f-9521-357f0449c6ad,
urn:uuid:d2b20bef-3b8d-5f2b-80f3-5b6abb56cbc7,relation/unit/bab-4-grup-bebas/covers/surface/unit-032/terminology-row/006,urn:uuid:6341193c-85a5-5665-86a8-339662cd5520,covers,urn:uuid:b6896334-0dcc-5402-9e4b-66b43c49b491,
urn:uuid:f3845a12-74fc-5198-810e-8fce077685d3,relation/unit/bab-4-grup-bebas/covers/surface/unit-032/terminology-row/007,urn:uuid:6341193c-85a5-5665-86a8-339662cd5520,covers,urn:uuid:82683f61-be84-5822-85b9-cb2563d10714,
urn:uuid:ea3bd170-ead6-55a8-b910-f605fa774fec,relation/unit/bab-4-grup-bebas/covers/surface/unit-032/terminology-row/008,urn:uuid:6341193c-85a5-5665-86a8-339662cd5520,covers,urn:uuid:de05c4ad-890e-571c-9174-7517384afdb1,
urn:uuid:6b7a259f-b097-52ed-9d55-e977268ef72a,relation/unit/bab-4-grup-bebas/covers/surface/unit-032/terminology-row/009,urn:uuid:6341193c-85a5-5665-86a8-339662cd5520,covers,urn:uuid:d615e8eb-3517-5650-a2d0-709f86607819,
urn:uuid:8c53d7f2-70a1-5ed2-adf0-0f923c26ad25,relation/unit/bab-4-grup-bebas/covers/surface/unit-032/terminology-row/010,urn:uuid:6341193c-85a5-5665-86a8-339662cd5520,covers,urn:uuid:6102161f-ff6a-5336-9286-551c6534e592,
urn:uuid:87b4a3e8-bd81-5452-ab4f-c80c9e2bea4c,relation/unit/bab-4-grup-bebas/covers/surface/unit-032/terminology-row/011,urn:uuid:6341193c-85a5-5665-86a8-339662cd5520,covers,urn:uuid:4f3c31b0-f23f-5deb-aaf4-3ebf41ee4b41,
urn:uuid:1e8bdfcd-c8c7-5110-aa8e-866daac3eb25,relation/unit/bab-4-grup-bebas/covers/surface/unit-032/terminology-row/012,urn:uuid:6341193c-85a5-5665-86a8-339662cd5520,covers,urn:uuid:b360c69d-e894-5daf-8c18-84b31a20d60b,
urn:uuid:d8fa7844-15eb-567d-8785-9f0380919a18,relation/unit/bab-4-grup-bebas/covers/surface/unit-032/terminology-row/013,urn:uuid:6341193c-85a5-5665-86a8-339662cd5520,covers,urn:uuid:d301be56-a6ed-5412-b12e-b18f16f6e970,
urn:uuid:bd236ecf-5307-5c92-9d61-3fbbe947428c,relation/unit/bab-4-grup-bebas/covers/surface/unit-032/terminology-row/014,urn:uuid:6341193c-85a5-5665-86a8-339662cd5520,covers,urn:uuid:3f7826e1-bd0f-5d37-8f2a-aa3a06df7d14,
urn:uuid:84338d55-bf3d-55d6-a386-25551889a20e,relation/unit/bab-4-grup-bebas/covers/surface/unit-032/terminology-row/015,urn:uuid:6341193c-85a5-5665-86a8-339662cd5520,covers,urn:uuid:446cc310-40c1-5d53-bd2b-eeeb27f098bb,
urn:uuid:109db96d-e9fd-5504-8555-7170ccdb7c9e,relation/unit/bab-4-grup-bebas/covers/surface/unit-032/terminology-row/016,urn:uuid:6341193c-85a5-5665-86a8-339662cd5520,covers,urn:uuid:39cdbbf1-8b9f-5f02-a66a-a6375b1ef73c,
urn:uuid:18130368-31c7-5e46-b7f4-dbf5cd4c6b25,relation/unit/bab-4-grup-bebas/covers/surface/unit-032/terminology-row/017,urn:uuid:6341193c-85a5-5665-86a8-339662cd5520,covers,urn:uuid:34fbb3d7-0512-5526-a523-06f01f150fb8,
urn:uuid:40cdc077-3acb-501e-864c-bb8726d62142,relation/unit/bab-4-grup-bebas/covers/surface/unit-032/terminology-row/018,urn:uuid:6341193c-85a5-5665-86a8-339662cd5520,covers,urn:uuid:51e26542-2166-50f4-840b-50803c65e0cb,
urn:uuid:6cf5cdb8-4b3a-5c5d-9fb2-68030ad1ba3f,relation/unit/bab-4-grup-bebas/covers/surface/unit-032/terminology-row/019,urn:uuid:6341193c-85a5-5665-86a8-339662cd5520,covers,urn:uuid:b29a027e-a204-583c-a4b5-007f068189c6,
urn:uuid:df0f3122-ac4c-559c-9488-4bc8b781c79e,relation/unit/bab-4-grup-bebas/covers/surface/unit-032/terminology-row/020,urn:uuid:6341193c-85a5-5665-86a8-339662cd5520,covers,urn:uuid:61fe7295-0aa2-5e29-80ea-fe467a728fbf,
urn:uuid:ad1e76d9-0f28-5fc6-9329-402f4f53fb21,relation/unit/bab-4-grup-bebas/covers/surface/unit-032/terminology-row/021,urn:uuid:6341193c-85a5-5665-86a8-339662cd5520,covers,urn:uuid:9055aa85-ab18-5614-aab0-da01a7388da7,
urn:uuid:9323fde9-694d-5f3b-a620-046606d358ac,relation/unit/bab-4-grup-bebas/covers/surface/unit-032/terminology-row/022,urn:uuid:6341193c-85a5-5665-86a8-339662cd5520,covers,urn:uuid:a57d2944-3aba-511a-9d71-692a86f4e8ea,
urn:uuid:73a8b95b-4eb7-5301-828c-761ff99f7572,relation/unit/bab-4-grup-bebas/covers/surface/unit-032/terminology-row/023,urn:uuid:6341193c-85a5-5665-86a8-339662cd5520,covers,urn:uuid:8a12b17c-025a-5de9-8e38-ac6e2ea8235d,
urn:uuid:30218a4f-9142-55dd-8156-d2f0cc76ff2a,relation/unit/bab-4-grup-bebas/covers/surface/unit-032/terminology-row/024,urn:uuid:6341193c-85a5-5665-86a8-339662cd5520,covers,urn:uuid:2b7cc374-39e1-519c-8646-57c57309bade,
urn:uuid:2731df32-4060-5d38-ab38-405ed4bd956a,relation/unit/bab-4-grup-bebas/covers/surface/unit-032/terminology-row/025,urn:uuid:6341193c-85a5-5665-86a8-339662cd5520,covers,urn:uuid:8135633b-e80a-5284-a44c-07d9eb7c7f94,
urn:uuid:cdcce65c-f9b3-5248-80f1-b6b39e09bc46,relation/unit/bab-4-grup-bebas/covers/surface/unit-032/terminology-row/026,urn:uuid:6341193c-85a5-5665-86a8-339662cd5520,covers,urn:uuid:18bbc0e2-e5ec-504f-b703-5e84cb131f04,
urn:uuid:e56a0066-4aed-520e-bc34-2d65b2fdd37e,relation/unit/bab-4-grup-bebas/covers/surface/unit-032/terminology-row/027,urn:uuid:6341193c-85a5-5665-86a8-339662cd5520,covers,urn:uuid:8d8de9e0-e499-564b-a5d6-b0ff727ee4de,
urn:uuid:a57f09c2-906a-591b-851c-9f8a561938dd,relation/unit/bab-4-grup-bebas/covers/surface/unit-032/terminology-row/028,urn:uuid:6341193c-85a5-5665-86a8-339662cd5520,covers,urn:uuid:2292250f-1908-5d6d-931c-ff5bbce5c82f,
urn:uuid:83e90178-63fc-5aa9-831f-475defab2e02,relation/unit/bab-4-grup-bebas/covers/surface/unit-032/terminology-row/029,urn:uuid:6341193c-85a5-5665-86a8-339662cd5520,covers,urn:uuid:3116f741-cea9-5f0f-bb53-9d7cabc129b5,
urn:uuid:121e6610-f9e7-5ef4-a188-adf4ddb88d81,relation/unit/bab-4-grup-bebas/covers/surface/unit-032/terminology-row/030,urn:uuid:6341193c-85a5-5665-86a8-339662cd5520,covers,urn:uuid:f5ee2a9b-dbed-56fd-8ec8-d0362bdb2cdc,
urn:uuid:f551c1cb-ec43-5f1b-b72b-53682d998903,relation/unit/bab-4-grup-bebas/governed-by/rights/ajbook-fragment-cc-by-sa-3.0,urn:uuid:6341193c-85a5-5665-86a8-339662cd5520,governed-by,urn:uuid:10faf5cd-990f-5850-87b4-26922b062485,
urn:uuid:76d4bba2-edad-529a-998d-92f8edec4582,relation/unit/bab-4-grup-bebas/governed-by/rights/noto-fonts-ofl-1.1,urn:uuid:6341193c-85a5-5665-86a8-339662cd5520,governed-by,urn:uuid:b9f7a7a7-8e18-507a-b72e-b5de733a7430,
urn:uuid:091fe65b-ed79-58d2-8138-5154c637c081,relation/unit/bab-4-grup-bebas/governed-by/rights/principal-cc-by-4.0,urn:uuid:6341193c-85a5-5665-86a8-339662cd5520,governed-by,urn:uuid:0baf6c47-021d-5310-9475-81519e710250,
urn:uuid:4f84f08a-7c27-5fc6-9d1d-29254d0d81eb,relation/unit/bab-4-grup-bebas/requires/prerequisite/basic-group-theory,urn:uuid:6341193c-85a5-5665-86a8-339662cd5520,requires,urn:uuid:3f5dc8e0-0198-5016-b767-ded1b9ec3d13,prelude.tex:49-60
urn:uuid:706fd318-28c9-5f90-a1ba-0fd55495a365,relation/unit/bab-4-grup-bebas/requires/prerequisite/basic-mathematical-literacy,urn:uuid:6341193c-85a5-5665-86a8-339662cd5520,requires,urn:uuid:8fb6c957-7285-5258-978c-e1369c7e39d7,prelude.tex:49-60
urn:uuid:ac73a52e-3e7f-5d84-becf-e1e7664baf45,relation/unit/bab-4-grup-bebas/requires/prerequisite/elementary-set-theory,urn:uuid:6341193c-85a5-5665-86a8-339662cd5520,requires,urn:uuid:00f7d0ea-1b60-51da-843f-cca760a368e4,prelude.tex:49-60
urn:uuid:d2fb0547-6469-522d-832b-cbe31daceba0,relation/unit/bab-4-grup-bebas/requires/prerequisite/group-actions-orbits-and-stabilizers,urn:uuid:6341193c-85a5-5665-86a8-339662cd5520,requires,urn:uuid:1f177bdc-5a38-5076-a2b3-11bea04551e2,prelude.tex:49-60
urn:uuid:4ed45cb6-65af-5a92-8679-23dc748fb71d,relation/unit/bab-4-grup-bebas/requires/prerequisite/group-homomorphisms-kernels-and-quotients,urn:uuid:6341193c-85a5-5665-86a8-339662cd5520,requires,urn:uuid:ecd787ee-f056-5200-91e7-f98b3d80d458,prelude.tex:49-60
urn:uuid:a98245a3-af00-5b47-b2ed-8dcd80cdcf56,relation/unit/bab-4-grup-bebas/requires/prerequisite/point-set-topology,urn:uuid:6341193c-85a5-5665-86a8-339662cd5520,requires,urn:uuid:6a61cd7e-28fe-5c64-9573-cf9ab46e5e96,prelude.tex:49-60
urn:uuid:3f7c3224-41ac-5205-8d3d-76701cad5938,relation/unit/bab-4-grup-bebas/requires/prerequisite/universal-properties-and-comma-categories,urn:uuid:6341193c-85a5-5665-86a8-339662cd5520,requires,urn:uuid:8cab24d2-0f78-5bf9-96f8-5b2f2b07168d,prelude.tex:49-60
urn:uuid:aa2f0c4d-4694-5255-950d-312035ec7a02,relation/unit/bab-4-grup-bebas/section/01/cites/citation/unit-032/01-gm12,urn:uuid:5568ebc8-788a-5478-853d-ad6479f1d1ca,cites,urn:uuid:c54e2487-dc4b-5df8-ad24-3c1c74aacaed,chapter4.tex:1345
urn:uuid:35d5ca08-3b51-5255-b3a5-963dbdae04ed,relation/unit/bab-4-grup-bebas/section/01/cites/citation/unit-032/02-de11,urn:uuid:5568ebc8-788a-5478-853d-ad6479f1d1ca,cites,urn:uuid:c54edec2-8cc2-51be-8e51-d3f0948895c0,chapter4.tex:1348
urn:uuid:a3a3e549-e3be-5ce9-94b2-3554b64d7b70,relation/unit/bab-4-grup-bebas/section/01/cites/citation/unit-032/03-you,urn:uuid:5568ebc8-788a-5478-853d-ad6479f1d1ca,cites,urn:uuid:6cee0afa-856e-5ec6-84bb-2589148906c4,chapter4.tex:1367
urn:uuid:b2a0d9b3-6b94-581f-adc7-a3ea9e3466e0,relation/unit/bab-4-grup-bebas/section/01/covers/citation-locator-localization/o013-li-u032-citeloc-001,urn:uuid:5568ebc8-788a-5478-853d-ad6479f1d1ca,covers,urn:uuid:141592d7-582c-54ec-be3b-3e3211201cf3,chapter4.tex:1108-1388 (line 1388 blank boundary omitted from target mapping)
urn:uuid:4c713788-ee4e-55ec-8ea5-f9e11eb78a7f,relation/unit/bab-4-grup-bebas/section/01/covers/citation-locator-localization/o013-li-u032-citeloc-002,urn:uuid:5568ebc8-788a-5478-853d-ad6479f1d1ca,covers,urn:uuid:75290d23-b2be-547a-89a2-908aa275fef4,chapter4.tex:1108-1388 (line 1388 blank boundary omitted from target mapping)
urn:uuid:567e20b8-06e0-5f5b-bb0b-3d0fed1b0517,relation/unit/bab-4-grup-bebas/section/01/covers/citation-locator-localization/o013-li-u032-citeloc-003,urn:uuid:5568ebc8-788a-5478-853d-ad6479f1d1ca,covers,urn:uuid:f41f8ea8-df46-537f-831d-6adcc1a85ac7,chapter4.tex:1108-1388 (line 1388 blank boundary omitted from target mapping)
urn:uuid:e5f0cb0b-b730-59ab-81d2-a322b838e65c,relation/unit/bab-4-grup-bebas/section/01/covers/citation-locator-localization/o013-li-u032-citeloc-004,urn:uuid:5568ebc8-788a-5478-853d-ad6479f1d1ca,covers,urn:uuid:5dbe0e48-a155-58a4-b7a9-1d4509a68577,chapter4.tex:1108-1388 (line 1388 blank boundary omitted from target mapping)
urn:uuid:338e2e7c-61f4-58ba-9dc2-0629eccad2d7,relation/unit/bab-4-grup-bebas/section/01/covers/concept/amalgamated-product,urn:uuid:5568ebc8-788a-5478-853d-ad6479f1d1ca,covers,urn:uuid:9d38d1d6-a844-540b-8f88-79f4a5ad1693,chapter4.tex:1108-1388 (line 1388 blank boundary omitted from target mapping)
urn:uuid:45dd0095-4025-518b-8562-6a6797b6eae9,relation/unit/bab-4-grup-bebas/section/01/covers/concept/amalgamated-product-quotient-construction,urn:uuid:5568ebc8-788a-5478-853d-ad6479f1d1ca,covers,urn:uuid:babc8b51-f362-5717-bf82-32ad4d895220,chapter4.tex:1108-1388 (line 1388 blank boundary omitted from target mapping)
urn:uuid:38716954-8be3-5fcd-ade5-0ee6c0d81ce5,relation/unit/bab-4-grup-bebas/section/01/covers/concept/bouquet-of-circles,urn:uuid:5568ebc8-788a-5478-853d-ad6479f1d1ca,covers,urn:uuid:dc4fbbd9-68a1-575b-938e-0c2a607af9d2,chapter4.tex:1108-1388 (line 1388 blank boundary omitted from target mapping)
urn:uuid:8c28dd94-53ff-53c8-9337-7f8f79bfae82,relation/unit/bab-4-grup-bebas/section/01/covers/concept/combinatorial-group-theory,urn:uuid:5568ebc8-788a-5478-853d-ad6479f1d1ca,covers,urn:uuid:6c0f0cf0-51ef-5de0-97b8-a64d93c1bd28,chapter4.tex:1108-1388 (line 1388 blank boundary omitted from target mapping)
urn:uuid:b9d0d199-74a6-5e82-b14c-a6ca6a12941c,relation/unit/bab-4-grup-bebas/section/01/covers/concept/concatenation,urn:uuid:5568ebc8-788a-5478-853d-ad6479f1d1ca,covers,urn:uuid:a70b655c-2243-5f29-bfb7-56f2acfcae37,chapter4.tex:1108-1388 (line 1388 blank boundary omitted from target mapping)
urn:uuid:ae06633f-87dc-53b6-ab11-089dd847880e,relation/unit/bab-4-grup-bebas/section/01/covers/concept/conjugacy-problem,urn:uuid:5568ebc8-788a-5478-853d-ad6479f1d1ca,covers,urn:uuid:3da15439-9192-5aad-82a4-20c8a8eb3cf4,chapter4.tex:1108-1388 (line 1388 blank boundary omitted from target mapping)
urn:uuid:f40e0132-b24f-54f6-8b3d-c76f7703f621,relation/unit/bab-4-grup-bebas/section/01/covers/concept/covering-space,urn:uuid:5568ebc8-788a-5478-853d-ad6479f1d1ca,covers,urn:uuid:fbd8c63b-e4e5-566c-9dd8-976c875de84e,chapter4.tex:1108-1388 (line 1388 blank boundary omitted from target mapping)
urn:uuid:8ef70a8d-1d60-5e36-91ee-a617dfbe938f,relation/unit/bab-4-grup-bebas/section/01/covers/concept/deformation-retraction,urn:uuid:5568ebc8-788a-5478-853d-ad6479f1d1ca,covers,urn:uuid:6abcc4d9-cca4-56dd-9090-54598e0609e5,chapter4.tex:1108-1388 (line 1388 blank boundary omitted from target mapping)
urn:uuid:da7f679b-960e-5959-88c4-8fb5bcb6e172,relation/unit/bab-4-grup-bebas/section/01/covers/concept/dihedral-group-presentation,urn:uuid:5568ebc8-788a-5478-853d-ad6479f1d1ca,covers,urn:uuid:91aa43c8-5bbb-5a04-86d2-4671bc25cbd1,chapter4.tex:1108-1388 (line 1388 blank boundary omitted from target mapping)
urn:uuid:aa73c96b-bfef-5da9-8a2d-5fb0b089141e,relation/unit/bab-4-grup-bebas/section/01/covers/concept/direct-sum-finite-support,urn:uuid:5568ebc8-788a-5478-853d-ad6479f1d1ca,covers,urn:uuid:2634f3b3-6a70-54ce-a14e-5f04760d85d1,chapter4.tex:1108-1388 (line 1388 blank boundary omitted from target mapping)
urn:uuid:3382d729-654b-5973-8c1f-528ec8b2ac29,relation/unit/bab-4-grup-bebas/section/01/covers/concept/empty-word,urn:uuid:5568ebc8-788a-5478-853d-ad6479f1d1ca,covers,urn:uuid:a0e56ebb-9781-5a27-aa93-e5dd45b24cef,chapter4.tex:1108-1388 (line 1388 blank boundary omitted from target mapping)
urn:uuid:7b2e17f5-34c1-5d14-bdd8-732e1b9e8c85,relation/unit/bab-4-grup-bebas/section/01/covers/concept/finitely-generated-group,urn:uuid:5568ebc8-788a-5478-853d-ad6479f1d1ca,covers,urn:uuid:c30f8d99-b2c8-5b6b-a531-c869847d325a,chapter4.tex:1108-1388 (line 1388 blank boundary omitted from target mapping)
urn:uuid:01268c08-5a73-54ed-8f21-0230ac18a1e5,relation/unit/bab-4-grup-bebas/section/01/covers/concept/finitely-presented-group,urn:uuid:5568ebc8-788a-5478-853d-ad6479f1d1ca,covers,urn:uuid:d9c208c6-ed2d-5c5f-8d6c-9e2b213fd4bd,chapter4.tex:1108-1388 (line 1388 blank boundary omitted from target mapping)
urn:uuid:5faadae5-3f73-5413-9ab3-8e2ce52a823a,relation/unit/bab-4-grup-bebas/section/01/covers/concept/free-commutative-group,urn:uuid:5568ebc8-788a-5478-853d-ad6479f1d1ca,covers,urn:uuid:c0e72e47-45dc-5567-83af-3aa99d4d0897,chapter4.tex:1108-1388 (line 1388 blank boundary omitted from target mapping)
urn:uuid:262bf074-1277-5ad3-bb6f-59aaa68b9a9d,relation/unit/bab-4-grup-bebas/section/01/covers/concept/free-commutative-monoid,urn:uuid:5568ebc8-788a-5478-853d-ad6479f1d1ca,covers,urn:uuid:b42e208f-3c7e-52f4-90ef-484585ded2cf,chapter4.tex:1108-1388 (line 1388 blank boundary omitted from target mapping)
urn:uuid:9fcee869-db59-5940-807e-02696c3bfdb7,relation/unit/bab-4-grup-bebas/section/01/covers/concept/free-forgetful-adjunction,urn:uuid:5568ebc8-788a-5478-853d-ad6479f1d1ca,covers,urn:uuid:09087965-caa8-5674-8a34-0d9cf67c6977,chapter4.tex:1108-1388 (line 1388 blank boundary omitted from target mapping)
urn:uuid:e20baa61-27be-5c87-a8a6-745e011c369b,relation/unit/bab-4-grup-bebas/section/01/covers/concept/free-group,urn:uuid:5568ebc8-788a-5478-853d-ad6479f1d1ca,covers,urn:uuid:c60e18c4-f627-5691-87e4-bc0c180763fe,chapter4.tex:1108-1388 (line 1388 blank boundary omitted from target mapping)
urn:uuid:8f3f558a-4d5f-54ff-9a89-c573d53042e9,relation/unit/bab-4-grup-bebas/section/01/covers/concept/free-group-from-copies-of-integers,urn:uuid:5568ebc8-788a-5478-853d-ad6479f1d1ca,covers,urn:uuid:61ecce15-23c8-51d7-93ac-15c8a31ab046,chapter4.tex:1108-1388 (line 1388 blank boundary omitted from target mapping)
urn:uuid:0f1ed06b-b139-5697-b19c-cfc59f14a799,relation/unit/bab-4-grup-bebas/section/01/covers/concept/free-monoid,urn:uuid:5568ebc8-788a-5478-853d-ad6479f1d1ca,covers,urn:uuid:dc8e29de-e30f-58ad-a85c-f4044186d258,chapter4.tex:1108-1388 (line 1388 blank boundary omitted from target mapping)
urn:uuid:7cf283c6-27fa-5aff-a145-26d8b28290ab,relation/unit/bab-4-grup-bebas/section/01/covers/concept/free-object-universal-property,urn:uuid:5568ebc8-788a-5478-853d-ad6479f1d1ca,covers,urn:uuid:59f05a9f-8bd3-5a59-8ce2-e4826d8a1212,chapter4.tex:1108-1388 (line 1388 blank boundary omitted from target mapping)
urn:uuid:e95d2f1f-103b-5d18-ba33-65a95bc4c2db,relation/unit/bab-4-grup-bebas/section/01/covers/concept/free-product,urn:uuid:5568ebc8-788a-5478-853d-ad6479f1d1ca,covers,urn:uuid:e5b829f3-95a0-5f3c-8aac-779437efe25c,chapter4.tex:1108-1388 (line 1388 blank boundary omitted from target mapping)
urn:uuid:192f8835-ad00-5bca-a227-9a230bbbf009,relation/unit/bab-4-grup-bebas/section/01/covers/concept/graph-fundamental-group,urn:uuid:5568ebc8-788a-5478-853d-ad6479f1d1ca,covers,urn:uuid:1afb20a1-4e5b-504c-a696-7f7471df5630,chapter4.tex:1108-1388 (line 1388 blank boundary omitted from target mapping)
urn:uuid:d892825d-2716-5f29-a3c8-4bbe84189d67,relation/unit/bab-4-grup-bebas/section/01/covers/concept/graph-geometric-realization,urn:uuid:5568ebc8-788a-5478-853d-ad6479f1d1ca,covers,urn:uuid:d290885e-0447-515e-b17b-6682e4c6b0dc,chapter4.tex:1108-1388 (line 1388 blank boundary omitted from target mapping)
urn:uuid:872e2170-b6cd-5ead-9541-4c690c8ebbe0,relation/unit/bab-4-grup-bebas/section/01/covers/concept/group-as-quotient-of-free-group,urn:uuid:5568ebc8-788a-5478-853d-ad6479f1d1ca,covers,urn:uuid:c2151759-af84-5794-af66-0d3813d82b07,chapter4.tex:1108-1388 (line 1388 blank boundary omitted from target mapping)
urn:uuid:07364956-89b3-5e89-9c1b-72e0b7d8dba0,relation/unit/bab-4-grup-bebas/section/01/covers/concept/group-presentation,urn:uuid:5568ebc8-788a-5478-853d-ad6479f1d1ca,covers,urn:uuid:1ab90b80-6334-5099-bb3c-8b53b9533614,chapter4.tex:1108-1388 (line 1388 blank boundary omitted from target mapping)
urn:uuid:6dc05b8e-3272-5a32-8480-37ce80b3a4e0,relation/unit/bab-4-grup-bebas/section/01/covers/concept/isomorphism-problem,urn:uuid:5568ebc8-788a-5478-853d-ad6479f1d1ca,covers,urn:uuid:f398496b-849a-5fd4-92ba-27abe1856b41,chapter4.tex:1108-1388 (line 1388 blank boundary omitted from target mapping)
urn:uuid:e8623e1f-5396-5db5-85b0-38b1a6345ec7,relation/unit/bab-4-grup-bebas/section/01/covers/concept/maximal-spanning-tree,urn:uuid:5568ebc8-788a-5478-853d-ad6479f1d1ca,covers,urn:uuid:5cdf3682-8fb2-5294-955b-909f0fa14c0c,chapter4.tex:1108-1388 (line 1388 blank boundary omitted from target mapping)
urn:uuid:db83925f-dde7-5c87-8f99-da80116b77f7,relation/unit/bab-4-grup-bebas/section/01/covers/concept/nielsen-schreier-theorem,urn:uuid:5568ebc8-788a-5478-853d-ad6479f1d1ca,covers,urn:uuid:b0a49832-fa79-5a2b-a0b9-ca6929e2162f,chapter4.tex:1108-1388 (line 1388 blank boundary omitted from target mapping)
urn:uuid:c4532a92-e6e0-564b-b0bb-70cdd4126dfc,relation/unit/bab-4-grup-bebas/section/01/covers/concept/normal-closure,urn:uuid:5568ebc8-788a-5478-853d-ad6479f1d1ca,covers,urn:uuid:c8ddb27d-cdcf-5dfe-875d-b26c1d94046b,chapter4.tex:1108-1388 (line 1388 blank boundary omitted from target mapping)
urn:uuid:dd4a15e8-8abc-5f05-94b8-b2fffa8bd642,relation/unit/bab-4-grup-bebas/section/01/covers/concept/normal-form-action-on-sigma,urn:uuid:5568ebc8-788a-5478-853d-ad6479f1d1ca,covers,urn:uuid:ddd64263-3d23-5a86-9b00-92d079da104c,chapter4.tex:1108-1388 (line 1388 blank boundary omitted from target mapping)
urn:uuid:d6dde153-2647-56b7-b828-f60af7420069,relation/unit/bab-4-grup-bebas/section/01/covers/concept/path-lifting-property,urn:uuid:5568ebc8-788a-5478-853d-ad6479f1d1ca,covers,urn:uuid:f9b0ff2b-2654-5845-9b38-655d602ef4dd,chapter4.tex:1108-1388 (line 1388 blank boundary omitted from target mapping)
urn:uuid:8d75f354-cfc8-5680-bfb8-fc35112b529b,relation/unit/bab-4-grup-bebas/section/01/covers/concept/recursion-theory,urn:uuid:5568ebc8-788a-5478-853d-ad6479f1d1ca,covers,urn:uuid:7622bab5-03c2-565e-a39d-f10a826caff2,chapter4.tex:1108-1388 (line 1388 blank boundary omitted from target mapping)
urn:uuid:9e08a099-92e5-552a-bc5f-e340bcc9f6b9,relation/unit/bab-4-grup-bebas/section/01/covers/concept/reduced-normal-form,urn:uuid:5568ebc8-788a-5478-853d-ad6479f1d1ca,covers,urn:uuid:602be37b-3cca-5592-957f-7a54fd574d52,chapter4.tex:1108-1388 (line 1388 blank boundary omitted from target mapping)
urn:uuid:9dc7b0a2-6469-53ae-860a-7d72b5483f0e,relation/unit/bab-4-grup-bebas/section/01/covers/concept/reduced-word,urn:uuid:5568ebc8-788a-5478-853d-ad6479f1d1ca,covers,urn:uuid:236cc03e-9173-5ab4-922f-063017c26db4,chapter4.tex:1108-1388 (line 1388 blank boundary omitted from target mapping)
urn:uuid:3388e9e8-268b-537b-8daf-38ca9bd06e48,relation/unit/bab-4-grup-bebas/section/01/covers/concept/subgroup-covering-correspondence,urn:uuid:5568ebc8-788a-5478-853d-ad6479f1d1ca,covers,urn:uuid:12282970-5134-5756-8e65-2e9c518e9a2d,chapter4.tex:1108-1388 (line 1388 blank boundary omitted from target mapping)
urn:uuid:945e1ca1-9bff-5799-ae09-a5f701ce898c,relation/unit/bab-4-grup-bebas/section/01/covers/concept/transversal,urn:uuid:5568ebc8-788a-5478-853d-ad6479f1d1ca,covers,urn:uuid:5df78bc3-0e4b-5fc3-8ee6-f645413019ad,chapter4.tex:1108-1388 (line 1388 blank boundary omitted from target mapping)
urn:uuid:b2a828a2-54b4-58d5-abd6-b056d26cfa01,relation/unit/bab-4-grup-bebas/section/01/covers/concept/two-conjugate-generators-for-finite-simple-groups,urn:uuid:5568ebc8-788a-5478-853d-ad6479f1d1ca,covers,urn:uuid:65085b70-f706-5840-9996-848111d53b6c,chapter4.tex:1108-1388 (line 1388 blank boundary omitted from target mapping)
urn:uuid:8b9b3b8c-8530-571d-b96b-8cba301e6cc6,relation/unit/bab-4-grup-bebas/section/01/covers/concept/unique-up-to-unique-isomorphism,urn:uuid:5568ebc8-788a-5478-853d-ad6479f1d1ca,covers,urn:uuid:cd8d3758-228b-5c34-a694-cb2d1284d715,chapter4.tex:1108-1388 (line 1388 blank boundary omitted from target mapping)
urn:uuid:e5329a33-2033-5599-b0ec-4b1acfa2551f,relation/unit/bab-4-grup-bebas/section/01/covers/concept/word,urn:uuid:5568ebc8-788a-5478-853d-ad6479f1d1ca,covers,urn:uuid:2378010c-70b2-5f6b-a72c-a6fc56a81830,chapter4.tex:1108-1388 (line 1388 blank boundary omitted from target mapping)
urn:uuid:97e2c4c5-19de-5880-8f23-256d27d326f2,relation/unit/bab-4-grup-bebas/section/01/covers/concept/word-length,urn:uuid:5568ebc8-788a-5478-853d-ad6479f1d1ca,covers,urn:uuid:dc9ab8ef-2bd6-5386-9e70-2f19f794b0e3,chapter4.tex:1108-1388 (line 1388 blank boundary omitted from target mapping)
urn:uuid:9fb5ec05-1210-553f-a8e1-ce056d58309e,relation/unit/bab-4-grup-bebas/section/01/covers/concept/word-problem,urn:uuid:5568ebc8-788a-5478-853d-ad6479f1d1ca,covers,urn:uuid:ba97870c-9c6d-587f-80a7-785a36e4d211,chapter4.tex:1108-1388 (line 1388 blank boundary omitted from target mapping)
urn:uuid:58a344dd-e22a-511e-bd5f-04a4c7873ef6,relation/unit/bab-4-grup-bebas/section/01/covers/correction/o013-li-u032-cor-001,urn:uuid:5568ebc8-788a-5478-853d-ad6479f1d1ca,covers,urn:uuid:17c7d7ba-7f08-566f-984b-55c0b4fd977b,chapter4.tex:1108-1388 (line 1388 blank boundary omitted from target mapping)
urn:uuid:6263d20e-2aae-5405-a002-30dc4c19cc44,relation/unit/bab-4-grup-bebas/section/01/covers/correction/o013-li-u032-cor-002,urn:uuid:5568ebc8-788a-5478-853d-ad6479f1d1ca,covers,urn:uuid:ceba2441-ab89-561e-b839-688ce608c336,chapter4.tex:1108-1388 (line 1388 blank boundary omitted from target mapping)
urn:uuid:94265926-13a9-51b6-927d-07574b4f5791,relation/unit/bab-4-grup-bebas/section/01/covers/digital-reflow/o013-li-u032-reflow-001,urn:uuid:5568ebc8-788a-5478-853d-ad6479f1d1ca,covers,urn:uuid:bdc8ae3b-017f-5d78-9d2c-655a908ac46d,chapter4.tex:1108-1388 (line 1388 blank boundary omitted from target mapping)
urn:uuid:4b33792b-0285-5dc1-868e-a0c31312ebb8,relation/unit/bab-4-grup-bebas/section/01/covers/digital-reflow/o013-li-u032-reflow-002,urn:uuid:5568ebc8-788a-5478-853d-ad6479f1d1ca,covers,urn:uuid:b893999e-0914-5502-bf7c-4745b8d8d5a8,chapter4.tex:1108-1388 (line 1388 blank boundary omitted from target mapping)
urn:uuid:c6622588-7eb1-526a-9661-4a06bd745460,relation/unit/bab-4-grup-bebas/section/01/covers/protected-text-localization/o013-li-u032-loc-001,urn:uuid:5568ebc8-788a-5478-853d-ad6479f1d1ca,covers,urn:uuid:2ca86cd8-8693-58e3-b011-990e4ad1bb6a,chapter4.tex:1108-1388 (line 1388 blank boundary omitted from target mapping)
urn:uuid:4aa300f9-81dc-5ce9-9f3c-f8d4b6e7fb9c,relation/unit/bab-4-grup-bebas/section/01/covers/protected-text-localization/o013-li-u032-loc-002,urn:uuid:5568ebc8-788a-5478-853d-ad6479f1d1ca,covers,urn:uuid:b3c4f8d2-360a-535f-8ea5-ed87cb7da9b9,chapter4.tex:1108-1388 (line 1388 blank boundary omitted from target mapping)
urn:uuid:ff27460a-a513-5a2b-91a7-c832f31500a0,relation/unit/bab-4-grup-bebas/section/01/covers/protected-text-localization/o013-li-u032-loc-003,urn:uuid:5568ebc8-788a-5478-853d-ad6479f1d1ca,covers,urn:uuid:1e673f82-6966-5c4f-a4af-6e465b4b7183,chapter4.tex:1108-1388 (line 1388 blank boundary omitted from target mapping)
urn:uuid:f22fa826-9371-5dae-897b-c5c2d028e6a5,relation/unit/bab-4-grup-bebas/section/01/covers/protected-text-localization/o013-li-u032-loc-004,urn:uuid:5568ebc8-788a-5478-853d-ad6479f1d1ca,covers,urn:uuid:3db58f2c-b1f0-51eb-be55-96262e97fe1f,chapter4.tex:1108-1388 (line 1388 blank boundary omitted from target mapping)
urn:uuid:ab1305f6-38da-503e-9ebb-e20fb01f4029,relation/unit/bab-4-grup-bebas/section/01/covers/protected-text-localization/o013-li-u032-loc-005,urn:uuid:5568ebc8-788a-5478-853d-ad6479f1d1ca,covers,urn:uuid:14c6ff73-ea04-5c92-a00d-cf3d8b698714,chapter4.tex:1108-1388 (line 1388 blank boundary omitted from target mapping)
urn:uuid:8b192c75-7b52-5eba-9d12-6126683a36e3,relation/unit/bab-4-grup-bebas/section/01/covers/protected-text-localization/o013-li-u032-loc-006,urn:uuid:5568ebc8-788a-5478-853d-ad6479f1d1ca,covers,urn:uuid:2354108f-351c-5e6d-a213-ec9fd500a35a,chapter4.tex:1108-1388 (line 1388 blank boundary omitted from target mapping)
urn:uuid:326a5ba0-d2a4-5b65-916a-f63a6c94f0b5,relation/unit/bab-4-grup-bebas/section/01/covers/protected-text-localization/o013-li-u032-loc-007,urn:uuid:5568ebc8-788a-5478-853d-ad6479f1d1ca,covers,urn:uuid:b334d0c8-0c08-5579-ba0e-84a7aad68279,chapter4.tex:1108-1388 (line 1388 blank boundary omitted from target mapping)
urn:uuid:9ad60841-d078-56b5-b79b-d697fe1da7ef,relation/unit/bab-4-grup-bebas/section/01/covers/protected-text-localization/o013-li-u032-loc-008,urn:uuid:5568ebc8-788a-5478-853d-ad6479f1d1ca,covers,urn:uuid:888455e3-161c-54e8-92bc-15ec61afdb5d,chapter4.tex:1108-1388 (line 1388 blank boundary omitted from target mapping)
urn:uuid:c3fcabaf-b24b-501f-a0ac-5f81e73aaa80,relation/unit/bab-4-grup-bebas/section/01/covers/protected-text-localization/o013-li-u032-loc-009,urn:uuid:5568ebc8-788a-5478-853d-ad6479f1d1ca,covers,urn:uuid:e235faf4-c7f4-5c7b-ac2d-d49abbed376c,chapter4.tex:1108-1388 (line 1388 blank boundary omitted from target mapping)
urn:uuid:93f69e08-beb6-5219-a612-7d4f1032c35b,relation/unit/bab-4-grup-bebas/section/01/covers/protected-text-localization/o013-li-u032-loc-010,urn:uuid:5568ebc8-788a-5478-853d-ad6479f1d1ca,covers,urn:uuid:1dbb6d50-fbbc-59b5-b8a8-0478133926d6,chapter4.tex:1108-1388 (line 1388 blank boundary omitted from target mapping)
urn:uuid:3bc63369-e910-5d48-ac92-c2ea43cf5af2,relation/unit/bab-4-grup-bebas/section/01/covers/protected-text-localization/o013-li-u032-loc-011,urn:uuid:5568ebc8-788a-5478-853d-ad6479f1d1ca,covers,urn:uuid:866b8164-328a-54bb-91ac-3babf2618188,chapter4.tex:1108-1388 (line 1388 blank boundary omitted from target mapping)
urn:uuid:e1c7088c-fd00-5c7a-badc-346a318a6bed,relation/unit/bab-4-grup-bebas/section/01/covers/protected-text-localization/o013-li-u032-loc-012,urn:uuid:5568ebc8-788a-5478-853d-ad6479f1d1ca,covers,urn:uuid:3c3038ed-2ba9-507f-9c8b-2b56e49b593d,chapter4.tex:1108-1388 (line 1388 blank boundary omitted from target mapping)
urn:uuid:c9353ecb-56a2-58f6-b102-a5d1dec3e4e5,relation/unit/bab-4-grup-bebas/section/01/covers/protected-text-localization/o013-li-u032-loc-013,urn:uuid:5568ebc8-788a-5478-853d-ad6479f1d1ca,covers,urn:uuid:9b08df16-2f17-55de-b4d2-ce1bcabd5f90,chapter4.tex:1108-1388 (line 1388 blank boundary omitted from target mapping)
urn:uuid:b143aae2-fa46-5b76-ada5-d372be846472,relation/unit/bab-4-grup-bebas/section/01/covers/provenance/o013-li-u032-production,urn:uuid:5568ebc8-788a-5478-853d-ad6479f1d1ca,covers,urn:uuid:a0a53631-a400-5719-b655-5eade4bb92a9,chapter4.tex:1108-1388 (line 1388 blank boundary omitted from target mapping)
urn:uuid:60f9a2f4-bbe0-533a-a8ab-1c2d50da3a7a,relation/unit/bab-4-grup-bebas/section/01/covers/surface/unit-032/diagram-arrow/001,urn:uuid:5568ebc8-788a-5478-853d-ad6479f1d1ca,covers,urn:uuid:a860ef47-e1ca-577e-b04c-783ac0b7a153,chapter4.tex:1108-1388 (line 1388 blank boundary omitted from target mapping)
urn:uuid:9dbb2227-8f48-52f6-bfc4-70b77a23935f,relation/unit/bab-4-grup-bebas/section/01/covers/surface/unit-032/diagram-arrow/002,urn:uuid:5568ebc8-788a-5478-853d-ad6479f1d1ca,covers,urn:uuid:48439d8d-e7b8-57f8-b97b-ce02921c7ce2,chapter4.tex:1108-1388 (line 1388 blank boundary omitted from target mapping)
urn:uuid:0b43dadb-91e8-5a3d-9fff-bd741ebb9f4e,relation/unit/bab-4-grup-bebas/section/01/covers/surface/unit-032/diagram-arrow/003,urn:uuid:5568ebc8-788a-5478-853d-ad6479f1d1ca,covers,urn:uuid:ddb8c66e-2574-5cc2-a451-3679da85628d,chapter4.tex:1108-1388 (line 1388 blank boundary omitted from target mapping)
urn:uuid:3413513b-39e1-5f69-bc11-3ba3d3c7c79f,relation/unit/bab-4-grup-bebas/section/01/covers/surface/unit-032/diagram-arrow/004,urn:uuid:5568ebc8-788a-5478-853d-ad6479f1d1ca,covers,urn:uuid:389999dc-e7dc-562a-a729-960294759053,chapter4.tex:1108-1388 (line 1388 blank boundary omitted from target mapping)
urn:uuid:c1da9ea4-7ae3-53bd-a277-d5fae29263be,relation/unit/bab-4-grup-bebas/section/01/covers/surface/unit-032/diagram-arrow/005,urn:uuid:5568ebc8-788a-5478-853d-ad6479f1d1ca,covers,urn:uuid:211337ee-c5c9-5707-9902-cc645c0d49fb,chapter4.tex:1108-1388 (line 1388 blank boundary omitted from target mapping)
urn:uuid:2b6a0c12-ecb1-5cf5-8b66-f9efacdb1d68,relation/unit/bab-4-grup-bebas/section/01/covers/surface/unit-032/diagram-arrow/006,urn:uuid:5568ebc8-788a-5478-853d-ad6479f1d1ca,covers,urn:uuid:f1a21d63-1712-5932-b125-532e662769d8,chapter4.tex:1108-1388 (line 1388 blank boundary omitted from target mapping)
urn:uuid:84123dc7-96b9-59c5-bfa3-189e8d1d9e0f,relation/unit/bab-4-grup-bebas/section/01/covers/surface/unit-032/diagram-arrow/007,urn:uuid:5568ebc8-788a-5478-853d-ad6479f1d1ca,covers,urn:uuid:9562cb8a-c25d-52fd-a1ed-7433e6ec5c82,chapter4.tex:1108-1388 (line 1388 blank boundary omitted from target mapping)
urn:uuid:d4954124-28ed-57d5-8b08-a91fc13b98f7,relation/unit/bab-4-grup-bebas/section/01/covers/surface/unit-032/diagram-arrow/008,urn:uuid:5568ebc8-788a-5478-853d-ad6479f1d1ca,covers,urn:uuid:6e023c11-d125-5a4a-a195-615b62a9d25d,chapter4.tex:1108-1388 (line 1388 blank boundary omitted from target mapping)
urn:uuid:73afd206-99bb-540b-8983-6243488456c3,relation/unit/bab-4-grup-bebas/section/01/covers/surface/unit-032/diagram-arrow/009,urn:uuid:5568ebc8-788a-5478-853d-ad6479f1d1ca,covers,urn:uuid:9b126d21-5f9a-55d8-b0ff-2542594b80b8,chapter4.tex:1108-1388 (line 1388 blank boundary omitted from target mapping)
urn:uuid:71571fa7-8a23-5e9e-8920-db98ff17f425,relation/unit/bab-4-grup-bebas/section/01/covers/surface/unit-032/diagram-arrow/010,urn:uuid:5568ebc8-788a-5478-853d-ad6479f1d1ca,covers,urn:uuid:5b9e7ee2-290e-55d5-8aac-aa93af3574c5,chapter4.tex:1108-1388 (line 1388 blank boundary omitted from target mapping)
urn:uuid:2ab86684-7b59-50fa-9d99-e2742dc39ea5,relation/unit/bab-4-grup-bebas/section/01/covers/surface/unit-032/diagram-arrow/011,urn:uuid:5568ebc8-788a-5478-853d-ad6479f1d1ca,covers,urn:uuid:ed4bb0cb-ddae-54e2-8d4e-d028bdccd36b,chapter4.tex:1108-1388 (line 1388 blank boundary omitted from target mapping)
urn:uuid:7dcd9352-174a-5135-8620-0537f81a8667,relation/unit/bab-4-grup-bebas/section/01/covers/surface/unit-032/diagram-arrow/012,urn:uuid:5568ebc8-788a-5478-853d-ad6479f1d1ca,covers,urn:uuid:a97e2332-13dd-5bff-9af1-958febd8395f,chapter4.tex:1108-1388 (line 1388 blank boundary omitted from target mapping)
urn:uuid:7d4cc94d-b85c-597d-aea2-d8d6ff626f51,relation/unit/bab-4-grup-bebas/section/01/covers/surface/unit-032/diagram-arrow/013,urn:uuid:5568ebc8-788a-5478-853d-ad6479f1d1ca,covers,urn:uuid:480728b4-5114-5936-b57a-5a07f731e713,chapter4.tex:1108-1388 (line 1388 blank boundary omitted from target mapping)
urn:uuid:a789f0ca-e096-576e-8a8a-0e9bb19f2918,relation/unit/bab-4-grup-bebas/section/01/covers/surface/unit-032/diagram-arrow/014,urn:uuid:5568ebc8-788a-5478-853d-ad6479f1d1ca,covers,urn:uuid:302187c6-6621-5529-b16a-3ccea3b5977b,chapter4.tex:1108-1388 (line 1388 blank boundary omitted from target mapping)
urn:uuid:9c087a3c-11ec-5eae-b271-e6e24b8bf1f2,relation/unit/bab-4-grup-bebas/section/01/covers/surface/unit-032/diagram-arrow/015,urn:uuid:5568ebc8-788a-5478-853d-ad6479f1d1ca,covers,urn:uuid:65b92885-6adf-5899-8bc9-a75604c46fbd,chapter4.tex:1108-1388 (line 1388 blank boundary omitted from target mapping)
urn:uuid:ac2bc189-aad1-578e-b638-4bffe996e275,relation/unit/bab-4-grup-bebas/section/01/covers/surface/unit-032/diagram-arrow/016,urn:uuid:5568ebc8-788a-5478-853d-ad6479f1d1ca,covers,urn:uuid:72820fb5-24ca-5998-8168-644dee52e179,chapter4.tex:1108-1388 (line 1388 blank boundary omitted from target mapping)
urn:uuid:0f1e439a-e66e-5da3-8895-c0248d76f67c,relation/unit/bab-4-grup-bebas/section/01/covers/surface/unit-032/diagram-arrow/017,urn:uuid:5568ebc8-788a-5478-853d-ad6479f1d1ca,covers,urn:uuid:49b58c66-f9a3-5a8a-9555-3ab4edb5834c,chapter4.tex:1108-1388 (line 1388 blank boundary omitted from target mapping)
urn:uuid:ee59886e-aa8d-5635-8548-fc75d2e6b394,relation/unit/bab-4-grup-bebas/section/01/covers/surface/unit-032/diagram-arrow/018,urn:uuid:5568ebc8-788a-5478-853d-ad6479f1d1ca,covers,urn:uuid:b8ba72b4-19b0-5984-ad4a-4bdf2241dc30,chapter4.tex:1108-1388 (line 1388 blank boundary omitted from target mapping)
urn:uuid:2b07c2de-50ea-52e6-b67c-3dddc83c5d32,relation/unit/bab-4-grup-bebas/section/01/covers/surface/unit-032/diagram-arrow/019,urn:uuid:5568ebc8-788a-5478-853d-ad6479f1d1ca,covers,urn:uuid:edb63a17-aedd-5854-94d7-c2a568bb77ee,chapter4.tex:1108-1388 (line 1388 blank boundary omitted from target mapping)
urn:uuid:7f071d15-1dbe-5898-b178-bac71c53102d,relation/unit/bab-4-grup-bebas/section/01/covers/surface/unit-032/diagram-arrow/020,urn:uuid:5568ebc8-788a-5478-853d-ad6479f1d1ca,covers,urn:uuid:49b28dcd-bb9a-572b-8775-80383caeded2,chapter4.tex:1108-1388 (line 1388 blank boundary omitted from target mapping)
urn:uuid:de81545a-9ceb-5cfb-89cb-2f0174ac8960,relation/unit/bab-4-grup-bebas/section/01/covers/surface/unit-032/diagram-arrow/021,urn:uuid:5568ebc8-788a-5478-853d-ad6479f1d1ca,covers,urn:uuid:fc71b142-609c-5dd1-99dc-17cd6684924d,chapter4.tex:1108-1388 (line 1388 blank boundary omitted from target mapping)
urn:uuid:d8c7c8ce-3ea2-5302-9d68-e4e49762949d,relation/unit/bab-4-grup-bebas/section/01/covers/surface/unit-032/diagram-arrow/022,urn:uuid:5568ebc8-788a-5478-853d-ad6479f1d1ca,covers,urn:uuid:27fc8960-520c-55e0-861d-45862e9578a8,chapter4.tex:1108-1388 (line 1388 blank boundary omitted from target mapping)
urn:uuid:62793e21-88b5-56f3-ad1a-e8a778f9245f,relation/unit/bab-4-grup-bebas/section/01/covers/surface/unit-032/diagram-arrow/023,urn:uuid:5568ebc8-788a-5478-853d-ad6479f1d1ca,covers,urn:uuid:636b7979-a1da-57d9-a21b-20efdd2873ef,chapter4.tex:1108-1388 (line 1388 blank boundary omitted from target mapping)
urn:uuid:a42b2ed3-aac8-55f7-bdff-1b37bba337e2,relation/unit/bab-4-grup-bebas/section/01/covers/surface/unit-032/diagram-arrow/024,urn:uuid:5568ebc8-788a-5478-853d-ad6479f1d1ca,covers,urn:uuid:8beff2fb-0a2d-5256-bbd9-90be6233fca5,chapter4.tex:1108-1388 (line 1388 blank boundary omitted from target mapping)
urn:uuid:5acc45b0-dd2d-54e7-9508-05baac1308a1,relation/unit/bab-4-grup-bebas/section/01/covers/surface/unit-032/diagram-arrow/025,urn:uuid:5568ebc8-788a-5478-853d-ad6479f1d1ca,covers,urn:uuid:4a055012-89bd-5aff-955e-3761acfa1836,chapter4.tex:1108-1388 (line 1388 blank boundary omitted from target mapping)
urn:uuid:f39faf06-5e91-5c8d-97bf-ac34af40d8a4,relation/unit/bab-4-grup-bebas/section/01/covers/surface/unit-032/diagram-arrow/026,urn:uuid:5568ebc8-788a-5478-853d-ad6479f1d1ca,covers,urn:uuid:84416152-cce1-59e1-8777-dbe625a7787b,chapter4.tex:1108-1388 (line 1388 blank boundary omitted from target mapping)
urn:uuid:95c360b7-e6cd-512e-b751-86e6e73dd5de,relation/unit/bab-4-grup-bebas/section/01/covers/surface/unit-032/diagram-arrow/027,urn:uuid:5568ebc8-788a-5478-853d-ad6479f1d1ca,covers,urn:uuid:3cc44dbd-3128-556b-9fd2-03faf32c9bc4,chapter4.tex:1108-1388 (line 1388 blank boundary omitted from target mapping)
urn:uuid:5a9ab8cd-6eab-5de3-9f46-cd97454062a1,relation/unit/bab-4-grup-bebas/section/01/covers/surface/unit-032/diagram-arrow/028,urn:uuid:5568ebc8-788a-5478-853d-ad6479f1d1ca,covers,urn:uuid:60fd465a-1e3d-5b79-b819-60ce6550e90a,chapter4.tex:1108-1388 (line 1388 blank boundary omitted from target mapping)
urn:uuid:a9b55566-88b3-5677-bb65-d8b52312c7f2,relation/unit/bab-4-grup-bebas/section/01/covers/surface/unit-032/drawing-command/001-draw,urn:uuid:5568ebc8-788a-5478-853d-ad6479f1d1ca,covers,urn:uuid:9fc2035f-0574-5a99-ac53-758ab9afc053,chapter4.tex:1108-1388 (line 1388 blank boundary omitted from target mapping)
urn:uuid:af3a0dba-fa76-5734-b37b-0356e5685d43,relation/unit/bab-4-grup-bebas/section/01/covers/surface/unit-032/drawing-command/002-draw,urn:uuid:5568ebc8-788a-5478-853d-ad6479f1d1ca,covers,urn:uuid:04322c0a-d3e0-56fa-8b2f-9f29f548925f,chapter4.tex:1108-1388 (line 1388 blank boundary omitted from target mapping)
urn:uuid:8af26072-a9a5-5c12-b8fd-08dc07bbd59a,relation/unit/bab-4-grup-bebas/section/01/covers/surface/unit-032/drawing-command/003-draw,urn:uuid:5568ebc8-788a-5478-853d-ad6479f1d1ca,covers,urn:uuid:2b10f335-3227-52a5-b273-5a7c1b2c89a1,chapter4.tex:1108-1388 (line 1388 blank boundary omitted from target mapping)
urn:uuid:7ff19258-4d58-5c77-b06b-3276dd7e6899,relation/unit/bab-4-grup-bebas/section/01/covers/surface/unit-032/drawing-command/004-draw,urn:uuid:5568ebc8-788a-5478-853d-ad6479f1d1ca,covers,urn:uuid:b7a34424-13aa-5dec-866c-bfb19be28ae4,chapter4.tex:1108-1388 (line 1388 blank boundary omitted from target mapping)
urn:uuid:a1235d1e-0388-5acf-9d00-2404b4efbb77,relation/unit/bab-4-grup-bebas/section/01/covers/surface/unit-032/drawing-command/005-draw,urn:uuid:5568ebc8-788a-5478-853d-ad6479f1d1ca,covers,urn:uuid:728faefd-c767-587d-8429-46c5e1278825,chapter4.tex:1108-1388 (line 1388 blank boundary omitted from target mapping)
urn:uuid:4e381e16-bf85-5adc-b45b-8f4a11b8c861,relation/unit/bab-4-grup-bebas/section/01/covers/surface/unit-032/drawing-command/006-draw,urn:uuid:5568ebc8-788a-5478-853d-ad6479f1d1ca,covers,urn:uuid:1a8a820c-2c57-5df9-8143-38972084beed,chapter4.tex:1108-1388 (line 1388 blank boundary omitted from target mapping)
urn:uuid:608be000-ffbf-52a8-a593-ca4241d9067e,relation/unit/bab-4-grup-bebas/section/01/covers/surface/unit-032/drawing-command/007-foreach,urn:uuid:5568ebc8-788a-5478-853d-ad6479f1d1ca,covers,urn:uuid:b91f0ec0-6ff8-5f3e-bdf9-775aeb8f1cb2,chapter4.tex:1108-1388 (line 1388 blank boundary omitted from target mapping)
urn:uuid:8d47163e-43a2-5ab2-9fea-98882c43e2bb,relation/unit/bab-4-grup-bebas/section/01/covers/surface/unit-032/drawing-command/008-draw,urn:uuid:5568ebc8-788a-5478-853d-ad6479f1d1ca,covers,urn:uuid:06d9136c-7fc6-5580-944c-5335b1b4c532,chapter4.tex:1108-1388 (line 1388 blank boundary omitted from target mapping)
urn:uuid:25389e96-3c07-57a0-987b-b99819eb16d0,relation/unit/bab-4-grup-bebas/section/01/covers/surface/unit-032/environment/001-definition-01,urn:uuid:5568ebc8-788a-5478-853d-ad6479f1d1ca,covers,urn:uuid:910fe900-8843-54f6-be90-396fe267f8d1,chapter4.tex:1108-1388 (line 1388 blank boundary omitted from target mapping)
urn:uuid:5a36d469-f296-505d-a6ce-fd408787fd30,relation/unit/bab-4-grup-bebas/section/01/covers/surface/unit-032/environment/002-tikzcd-01,urn:uuid:5568ebc8-788a-5478-853d-ad6479f1d1ca,covers,urn:uuid:a49fce94-9590-5e63-95a4-8e6a41202106,chapter4.tex:1108-1388 (line 1388 blank boundary omitted from target mapping)
urn:uuid:e89ccc7a-b7a7-59f7-aa5c-789cc568f3e0,relation/unit/bab-4-grup-bebas/section/01/covers/surface/unit-032/environment/003-definition-02,urn:uuid:5568ebc8-788a-5478-853d-ad6479f1d1ca,covers,urn:uuid:31673983-448a-5b0f-8405-e612c389db87,chapter4.tex:1108-1388 (line 1388 blank boundary omitted from target mapping)
urn:uuid:c56546d3-3ca0-5f64-80d3-faa3f1374468,relation/unit/bab-4-grup-bebas/section/01/covers/surface/unit-032/environment/004-tikzcd-02,urn:uuid:5568ebc8-788a-5478-853d-ad6479f1d1ca,covers,urn:uuid:d5c39dbd-5978-5c74-9d29-5b0aa327695a,chapter4.tex:1108-1388 (line 1388 blank boundary omitted from target mapping)
urn:uuid:27c0aece-2f19-5467-a714-e6e95eb4530d,relation/unit/bab-4-grup-bebas/section/01/covers/surface/unit-032/environment/005-tikzcd-03,urn:uuid:5568ebc8-788a-5478-853d-ad6479f1d1ca,covers,urn:uuid:7b3c94d6-92fe-53e9-972f-25ffedf888bf,chapter4.tex:1108-1388 (line 1388 blank boundary omitted from target mapping)
urn:uuid:af721ca5-33a4-5abd-bc46-fe28b6a7736b,relation/unit/bab-4-grup-bebas/section/01/covers/surface/unit-032/environment/006-remark-01,urn:uuid:5568ebc8-788a-5478-853d-ad6479f1d1ca,covers,urn:uuid:3f41fbcd-7544-5de6-8886-7a977630ee0b,chapter4.tex:1108-1388 (line 1388 blank boundary omitted from target mapping)
urn:uuid:7565b6e1-4f3d-57b8-a408-531029368557,relation/unit/bab-4-grup-bebas/section/01/covers/surface/unit-032/environment/007-align-01,urn:uuid:5568ebc8-788a-5478-853d-ad6479f1d1ca,covers,urn:uuid:7824415d-cfcc-5c51-8064-31f1e3d9d6b8,chapter4.tex:1108-1388 (line 1388 blank boundary omitted from target mapping)
urn:uuid:45c53d03-5fc1-52ea-abd6-407e3507eece,relation/unit/bab-4-grup-bebas/section/01/covers/surface/unit-032/environment/008-center-01,urn:uuid:5568ebc8-788a-5478-853d-ad6479f1d1ca,covers,urn:uuid:5c499622-4166-59cd-b047-267ed5279a15,chapter4.tex:1108-1388 (line 1388 blank boundary omitted from target mapping)
urn:uuid:12cb33f6-2ce1-5284-940c-647a950710fe,relation/unit/bab-4-grup-bebas/section/01/covers/surface/unit-032/environment/009-tikzcd-04,urn:uuid:5568ebc8-788a-5478-853d-ad6479f1d1ca,covers,urn:uuid:ae06098b-57ed-5cb0-8251-cbbcdcd7f170,chapter4.tex:1108-1388 (line 1388 blank boundary omitted from target mapping)
urn:uuid:5a8e0176-21fe-5326-bc49-aa2794fa7553,relation/unit/bab-4-grup-bebas/section/01/covers/surface/unit-032/environment/010-lemma-01,urn:uuid:5568ebc8-788a-5478-853d-ad6479f1d1ca,covers,urn:uuid:5711a627-46c7-524f-b62a-362c5be6df7c,chapter4.tex:1108-1388 (line 1388 blank boundary omitted from target mapping)
urn:uuid:66681159-23be-5448-af91-3bf1164f6e6f,relation/unit/bab-4-grup-bebas/section/01/covers/surface/unit-032/environment/011-proof-01,urn:uuid:5568ebc8-788a-5478-853d-ad6479f1d1ca,covers,urn:uuid:d6df406b-e844-50f4-b7dc-094650d7e4cf,chapter4.tex:1108-1388 (line 1388 blank boundary omitted from target mapping)
urn:uuid:ea50ef51-4168-5bbb-b8de-d25b0677db36,relation/unit/bab-4-grup-bebas/section/01/covers/surface/unit-032/environment/012-definition-03,urn:uuid:5568ebc8-788a-5478-853d-ad6479f1d1ca,covers,urn:uuid:1007fe97-75cc-58e7-bb7c-1c7acf14c1fa,chapter4.tex:1108-1388 (line 1388 blank boundary omitted from target mapping)
urn:uuid:e849902f-5f51-5c80-9b7e-3d3616fa9fda,relation/unit/bab-4-grup-bebas/section/01/covers/surface/unit-032/environment/013-compactitem-01,urn:uuid:5568ebc8-788a-5478-853d-ad6479f1d1ca,covers,urn:uuid:430da629-ee01-5d28-89b0-34c0a3f8d771,chapter4.tex:1108-1388 (line 1388 blank boundary omitted from target mapping)
urn:uuid:0833c8d0-5291-57d2-aa4f-3f9b5bb5c3fc,relation/unit/bab-4-grup-bebas/section/01/covers/surface/unit-032/environment/014-tikzcd-05,urn:uuid:5568ebc8-788a-5478-853d-ad6479f1d1ca,covers,urn:uuid:bb011dcc-4f26-5138-a632-7f1b53ef0c3b,chapter4.tex:1108-1388 (line 1388 blank boundary omitted from target mapping)
urn:uuid:3cb19618-932a-5646-99f9-21785a9d8210,relation/unit/bab-4-grup-bebas/section/01/covers/surface/unit-032/environment/015-gather-01,urn:uuid:5568ebc8-788a-5478-853d-ad6479f1d1ca,covers,urn:uuid:8a92c788-1e3e-5606-8cea-5bbe3ef17a93,chapter4.tex:1108-1388 (line 1388 blank boundary omitted from target mapping)
urn:uuid:89eab5fd-c06c-59b3-b7d9-3eb0f2456903,relation/unit/bab-4-grup-bebas/section/01/covers/surface/unit-032/environment/016-lemma-02,urn:uuid:5568ebc8-788a-5478-853d-ad6479f1d1ca,covers,urn:uuid:ca505765-ed2f-5105-bf1c-fb3a3a3d6aec,chapter4.tex:1108-1388 (line 1388 blank boundary omitted from target mapping)
urn:uuid:238aeae9-76f3-551a-92b7-92291ec90cf9,relation/unit/bab-4-grup-bebas/section/01/covers/surface/unit-032/environment/017-proof-02,urn:uuid:5568ebc8-788a-5478-853d-ad6479f1d1ca,covers,urn:uuid:440e7f4b-da67-59a3-8977-b46beab02a85,chapter4.tex:1108-1388 (line 1388 blank boundary omitted from target mapping)
urn:uuid:4bff98bc-ce9c-5134-a92f-8670a0f516e9,relation/unit/bab-4-grup-bebas/section/01/covers/surface/unit-032/environment/018-compactenum-01,urn:uuid:5568ebc8-788a-5478-853d-ad6479f1d1ca,covers,urn:uuid:9c79d4bc-2729-57b7-a8aa-0d838d1cd219,chapter4.tex:1108-1388 (line 1388 blank boundary omitted from target mapping)
urn:uuid:19165138-d5e4-5d08-a764-eab1b4d55ef8,relation/unit/bab-4-grup-bebas/section/01/covers/surface/unit-032/environment/019-tikzcd-06,urn:uuid:5568ebc8-788a-5478-853d-ad6479f1d1ca,covers,urn:uuid:39f59d1d-f8bd-56b3-9772-9a35faf6925b,chapter4.tex:1108-1388 (line 1388 blank boundary omitted from target mapping)
urn:uuid:92c8d0ad-dc47-552a-b236-b79febf78199,relation/unit/bab-4-grup-bebas/section/01/covers/surface/unit-032/environment/020-gather-01,urn:uuid:5568ebc8-788a-5478-853d-ad6479f1d1ca,covers,urn:uuid:ea5cc2b4-0458-5b2d-9430-161140557cd9,chapter4.tex:1108-1388 (line 1388 blank boundary omitted from target mapping)
urn:uuid:bdbb92d8-f5e3-5108-9280-cbf47233f708,relation/unit/bab-4-grup-bebas/section/01/covers/surface/unit-032/environment/021-equation-01,urn:uuid:5568ebc8-788a-5478-853d-ad6479f1d1ca,covers,urn:uuid:72160ab1-2398-5354-aad8-a2e6b77cdfd6,chapter4.tex:1108-1388 (line 1388 blank boundary omitted from target mapping)
urn:uuid:55507f66-9124-5f41-b673-615d986360e2,relation/unit/bab-4-grup-bebas/section/01/covers/surface/unit-032/environment/022-gathered-01,urn:uuid:5568ebc8-788a-5478-853d-ad6479f1d1ca,covers,urn:uuid:e958e892-f632-5ef7-b408-16ec875ffc65,chapter4.tex:1108-1388 (line 1388 blank boundary omitted from target mapping)
urn:uuid:6bc77cae-5712-51c2-9bc0-22f446a987fa,relation/unit/bab-4-grup-bebas/section/01/covers/surface/unit-032/environment/023-tikzcd-07,urn:uuid:5568ebc8-788a-5478-853d-ad6479f1d1ca,covers,urn:uuid:dc786b90-0b7a-50a4-851e-6f4f55da7784,chapter4.tex:1108-1388 (line 1388 blank boundary omitted from target mapping)
urn:uuid:a6a3f6c1-473b-5ef0-a558-72870a45fe95,relation/unit/bab-4-grup-bebas/section/01/covers/surface/unit-032/environment/024-lemma-03,urn:uuid:5568ebc8-788a-5478-853d-ad6479f1d1ca,covers,urn:uuid:ad7759ec-4768-5e42-b0aa-fcf12332a004,chapter4.tex:1108-1388 (line 1388 blank boundary omitted from target mapping)
urn:uuid:18f59a47-f267-5817-a06f-cfffb3be2df3,relation/unit/bab-4-grup-bebas/section/01/covers/surface/unit-032/environment/025-proof-03,urn:uuid:5568ebc8-788a-5478-853d-ad6479f1d1ca,covers,urn:uuid:72889574-ef92-535b-ae0c-956707bf3ca1,chapter4.tex:1108-1388 (line 1388 blank boundary omitted from target mapping)
urn:uuid:fb2e07ed-24c5-51d2-93e7-3de5d887a5d7,relation/unit/bab-4-grup-bebas/section/01/covers/surface/unit-032/environment/026-align-02,urn:uuid:5568ebc8-788a-5478-853d-ad6479f1d1ca,covers,urn:uuid:d00a2241-3b2b-59d8-9069-c90ba32f45b5,chapter4.tex:1108-1388 (line 1388 blank boundary omitted from target mapping)
urn:uuid:78101555-fa5b-50d8-91f6-9f19e0f18326,relation/unit/bab-4-grup-bebas/section/01/covers/surface/unit-032/environment/027-cases-01,urn:uuid:5568ebc8-788a-5478-853d-ad6479f1d1ca,covers,urn:uuid:345e21be-90f4-53f4-a5bf-fe20a8f5366f,chapter4.tex:1108-1388 (line 1388 blank boundary omitted from target mapping)
urn:uuid:8edc5ac0-4958-5af4-a8c3-bdd9a67ac6f7,relation/unit/bab-4-grup-bebas/section/01/covers/surface/unit-032/environment/028-proposition-01,urn:uuid:5568ebc8-788a-5478-853d-ad6479f1d1ca,covers,urn:uuid:19e89cd8-e4dd-5dbc-b7ce-70533feee8e6,chapter4.tex:1108-1388 (line 1388 blank boundary omitted from target mapping)
urn:uuid:5ec5dbc1-0370-5edf-be82-48a4daf2677b,relation/unit/bab-4-grup-bebas/section/01/covers/surface/unit-032/environment/029-proof-04,urn:uuid:5568ebc8-788a-5478-853d-ad6479f1d1ca,covers,urn:uuid:1c8c3376-ae21-5f63-9a07-42ef621c9fb1,chapter4.tex:1108-1388 (line 1388 blank boundary omitted from target mapping)
urn:uuid:6169a268-29f3-5fca-954a-bedf55745647,relation/unit/bab-4-grup-bebas/section/01/covers/surface/unit-032/environment/030-align-03,urn:uuid:5568ebc8-788a-5478-853d-ad6479f1d1ca,covers,urn:uuid:3b90a979-2241-5560-b4b5-4139db7a391f,chapter4.tex:1108-1388 (line 1388 blank boundary omitted from target mapping)
urn:uuid:e8858a89-f71d-524e-a09e-d1200af25b78,relation/unit/bab-4-grup-bebas/section/01/covers/surface/unit-032/environment/031-definition-04,urn:uuid:5568ebc8-788a-5478-853d-ad6479f1d1ca,covers,urn:uuid:f7487865-57bf-58e6-9820-50cb35f1b041,chapter4.tex:1108-1388 (line 1388 blank boundary omitted from target mapping)
urn:uuid:079598aa-afb2-5b87-a750-111df82aeabf,relation/unit/bab-4-grup-bebas/section/01/covers/surface/unit-032/environment/032-definition-05,urn:uuid:5568ebc8-788a-5478-853d-ad6479f1d1ca,covers,urn:uuid:92fcd581-341d-536d-be33-733778495fd3,chapter4.tex:1108-1388 (line 1388 blank boundary omitted from target mapping)
urn:uuid:ab1ecdc4-ad59-5abc-b6a2-c954547023f6,relation/unit/bab-4-grup-bebas/section/01/covers/surface/unit-032/environment/033-inparaenum-01,urn:uuid:5568ebc8-788a-5478-853d-ad6479f1d1ca,covers,urn:uuid:e461a68d-8ac8-577e-8922-34a8836bb047,chapter4.tex:1108-1388 (line 1388 blank boundary omitted from target mapping)
urn:uuid:9a180a81-4b09-505f-ab06-7024d9cf113b,relation/unit/bab-4-grup-bebas/section/01/covers/surface/unit-032/environment/034-tikzcd-08,urn:uuid:5568ebc8-788a-5478-853d-ad6479f1d1ca,covers,urn:uuid:88cbf0e0-fe0f-5542-a5e0-374a3b4d9ad9,chapter4.tex:1108-1388 (line 1388 blank boundary omitted from target mapping)
urn:uuid:5d58e028-0c8d-574f-b1d4-f842cd2099fa,relation/unit/bab-4-grup-bebas/section/01/covers/surface/unit-032/environment/035-proposition-02,urn:uuid:5568ebc8-788a-5478-853d-ad6479f1d1ca,covers,urn:uuid:378165da-3101-5992-9da0-93784492c813,chapter4.tex:1108-1388 (line 1388 blank boundary omitted from target mapping)
urn:uuid:e639dba4-8d85-561f-96ab-8fb6d79a87bf,relation/unit/bab-4-grup-bebas/section/01/covers/surface/unit-032/environment/036-aligned-01,urn:uuid:5568ebc8-788a-5478-853d-ad6479f1d1ca,covers,urn:uuid:5bf8eace-059b-51e6-9efb-fe8eaf96215e,chapter4.tex:1108-1388 (line 1388 blank boundary omitted from target mapping)
urn:uuid:fb435ef5-9499-544f-a03e-e850f62a4e53,relation/unit/bab-4-grup-bebas/section/01/covers/surface/unit-032/environment/037-tikzcd-09,urn:uuid:5568ebc8-788a-5478-853d-ad6479f1d1ca,covers,urn:uuid:7a65cb17-43b3-570e-98e9-3765c07be5d8,chapter4.tex:1108-1388 (line 1388 blank boundary omitted from target mapping)
urn:uuid:c575761f-0ff2-581b-87c5-ef059d714b24,relation/unit/bab-4-grup-bebas/section/01/covers/surface/unit-032/environment/038-proof-05,urn:uuid:5568ebc8-788a-5478-853d-ad6479f1d1ca,covers,urn:uuid:cb1d4b72-210e-54f1-a47b-cfa1d6aeb523,chapter4.tex:1108-1388 (line 1388 blank boundary omitted from target mapping)
urn:uuid:65212920-1a4d-5175-b86d-46cceae5c533,relation/unit/bab-4-grup-bebas/section/01/covers/surface/unit-032/environment/039-aligned-02,urn:uuid:5568ebc8-788a-5478-853d-ad6479f1d1ca,covers,urn:uuid:094cae4c-e017-5161-acd9-ca029e84966b,chapter4.tex:1108-1388 (line 1388 blank boundary omitted from target mapping)
urn:uuid:c0b1b91b-76c0-5629-a2ba-935d6685a865,relation/unit/bab-4-grup-bebas/section/01/covers/surface/unit-032/environment/040-proposition-03,urn:uuid:5568ebc8-788a-5478-853d-ad6479f1d1ca,covers,urn:uuid:702543eb-3870-5376-ae36-2592fb025f82,chapter4.tex:1108-1388 (line 1388 blank boundary omitted from target mapping)
urn:uuid:3f65f7a6-8101-5889-8d95-1b67f8c7c2b3,relation/unit/bab-4-grup-bebas/section/01/covers/surface/unit-032/environment/041-proof-06,urn:uuid:5568ebc8-788a-5478-853d-ad6479f1d1ca,covers,urn:uuid:f7cdfd6d-2bb6-5b7c-9675-ce5ce0065ed1,chapter4.tex:1108-1388 (line 1388 blank boundary omitted from target mapping)
urn:uuid:44d58cf2-0b28-5aee-a06f-7e3cb1ff6b71,relation/unit/bab-4-grup-bebas/section/01/covers/surface/unit-032/environment/042-definition-06,urn:uuid:5568ebc8-788a-5478-853d-ad6479f1d1ca,covers,urn:uuid:b5360f5f-71d7-52fa-b4bb-aef6bd913c3d,chapter4.tex:1108-1388 (line 1388 blank boundary omitted from target mapping)
urn:uuid:bc5782b9-a8e0-5b79-8257-96c1b9f83de7,relation/unit/bab-4-grup-bebas/section/01/covers/surface/unit-032/environment/043-example-01,urn:uuid:5568ebc8-788a-5478-853d-ad6479f1d1ca,covers,urn:uuid:eee8ca05-ab02-522f-8b0c-b4112af18cc5,chapter4.tex:1108-1388 (line 1388 blank boundary omitted from target mapping)
urn:uuid:29598ccb-f532-525c-9707-4d531ad99192,relation/unit/bab-4-grup-bebas/section/01/covers/surface/unit-032/environment/044-example-02,urn:uuid:5568ebc8-788a-5478-853d-ad6479f1d1ca,covers,urn:uuid:fe6e5777-c8b4-5feb-834d-cb66ee2a3d11,chapter4.tex:1108-1388 (line 1388 blank boundary omitted from target mapping)
urn:uuid:2641b287-a1f7-5a7c-babd-4e434d1a7c4a,relation/unit/bab-4-grup-bebas/section/01/covers/surface/unit-032/environment/045-description-01,urn:uuid:5568ebc8-788a-5478-853d-ad6479f1d1ca,covers,urn:uuid:d597c2b2-ba6c-5546-aa5b-0278f80a2896,chapter4.tex:1108-1388 (line 1388 blank boundary omitted from target mapping)
urn:uuid:0433cf39-b568-5be9-b6ee-e95528dc49b5,relation/unit/bab-4-grup-bebas/section/01/covers/surface/unit-032/environment/046-theorem-01,urn:uuid:5568ebc8-788a-5478-853d-ad6479f1d1ca,covers,urn:uuid:f0fc8fae-3f28-5567-ab0a-81cc210de669,chapter4.tex:1108-1388 (line 1388 blank boundary omitted from target mapping)
urn:uuid:87670dba-9d8a-5239-9af6-0c966828b2c7,relation/unit/bab-4-grup-bebas/section/01/covers/surface/unit-032/environment/047-proof-07,urn:uuid:5568ebc8-788a-5478-853d-ad6479f1d1ca,covers,urn:uuid:cd20e2de-5a66-5807-8c8f-4efe5448acd7,chapter4.tex:1108-1388 (line 1388 blank boundary omitted from target mapping)
urn:uuid:74fbf5ee-1021-5692-a3d1-91fdf967189b,relation/unit/bab-4-grup-bebas/section/01/covers/surface/unit-032/environment/048-tikzpicture-01,urn:uuid:5568ebc8-788a-5478-853d-ad6479f1d1ca,covers,urn:uuid:0990d3b0-6e87-5647-98bb-68f7926ba548,chapter4.tex:1108-1388 (line 1388 blank boundary omitted from target mapping)
urn:uuid:8832b39e-7914-51d8-a2e2-e0904e5141bd,relation/unit/bab-4-grup-bebas/section/01/covers/surface/unit-032/environment/049-center-02,urn:uuid:5568ebc8-788a-5478-853d-ad6479f1d1ca,covers,urn:uuid:4a7f2111-fd19-540c-a7c8-2679983c15e3,chapter4.tex:1108-1388 (line 1388 blank boundary omitted from target mapping)
urn:uuid:f6ea1ba2-dbb3-5f98-b32c-63e127801c7e,relation/unit/bab-4-grup-bebas/section/01/covers/surface/unit-032/environment/050-tikzpicture-02,urn:uuid:5568ebc8-788a-5478-853d-ad6479f1d1ca,covers,urn:uuid:cd0b3315-8e25-5d69-824c-226d149e7712,chapter4.tex:1108-1388 (line 1388 blank boundary omitted from target mapping)
urn:uuid:78ea4ae5-7ea6-55d2-8703-3c03b04e010c,relation/unit/bab-4-grup-bebas/section/01/covers/surface/unit-032/environment/051-scope-01,urn:uuid:5568ebc8-788a-5478-853d-ad6479f1d1ca,covers,urn:uuid:cf1c8e6b-3093-5d91-886c-b5da072be446,chapter4.tex:1108-1388 (line 1388 blank boundary omitted from target mapping)
urn:uuid:0824f826-f95d-526b-8a89-444fa1dadd3b,relation/unit/bab-4-grup-bebas/section/01/covers/surface/unit-032/environment/052-center-03,urn:uuid:5568ebc8-788a-5478-853d-ad6479f1d1ca,covers,urn:uuid:857e6fd2-0f78-59c3-ad56-060407f9ec5a,chapter4.tex:1108-1388 (line 1388 blank boundary omitted from target mapping)
urn:uuid:ff6df1af-8cfd-505a-ac17-1b118b544a06,relation/unit/bab-4-grup-bebas/section/01/covers/surface/unit-032/item/001,urn:uuid:5568ebc8-788a-5478-853d-ad6479f1d1ca,covers,urn:uuid:2c4f1c13-8f3f-564a-a9b0-6d3a90f4e504,chapter4.tex:1108-1388 (line 1388 blank boundary omitted from target mapping)
urn:uuid:3c149ece-4f3b-5b46-9a3d-9578086f2b89,relation/unit/bab-4-grup-bebas/section/01/covers/surface/unit-032/item/002,urn:uuid:5568ebc8-788a-5478-853d-ad6479f1d1ca,covers,urn:uuid:17cffe17-3fc3-5c92-aea4-b0c870d9e358,chapter4.tex:1108-1388 (line 1388 blank boundary omitted from target mapping)
urn:uuid:c5a53f8c-ceff-57ab-9d2e-3bba3bab6bc8,relation/unit/bab-4-grup-bebas/section/01/covers/surface/unit-032/item/003,urn:uuid:5568ebc8-788a-5478-853d-ad6479f1d1ca,covers,urn:uuid:6c037a65-1f7b-5725-a45e-c53260f72b9b,chapter4.tex:1108-1388 (line 1388 blank boundary omitted from target mapping)
urn:uuid:34040d09-fb8d-52ac-84e1-168b70f9a8db,relation/unit/bab-4-grup-bebas/section/01/covers/surface/unit-032/item/004,urn:uuid:5568ebc8-788a-5478-853d-ad6479f1d1ca,covers,urn:uuid:0c78a747-c180-5679-bfeb-04827b53fc2e,chapter4.tex:1108-1388 (line 1388 blank boundary omitted from target mapping)
urn:uuid:17e9de22-588a-5820-b9ca-f97ef1d6f436,relation/unit/bab-4-grup-bebas/section/01/covers/surface/unit-032/item/005,urn:uuid:5568ebc8-788a-5478-853d-ad6479f1d1ca,covers,urn:uuid:e31663a4-4973-5ef6-ab27-49f81ede1cf7,chapter4.tex:1108-1388 (line 1388 blank boundary omitted from target mapping)
urn:uuid:2b42ee38-4901-5dec-ad55-98fee4ef0e46,relation/unit/bab-4-grup-bebas/section/01/covers/surface/unit-032/item/006,urn:uuid:5568ebc8-788a-5478-853d-ad6479f1d1ca,covers,urn:uuid:fa98db87-4821-53a2-aad7-2c23ddb680ce,chapter4.tex:1108-1388 (line 1388 blank boundary omitted from target mapping)
urn:uuid:17ec7c6c-3c87-5e0d-bd75-e893b4f53f55,relation/unit/bab-4-grup-bebas/section/01/covers/surface/unit-032/item/007,urn:uuid:5568ebc8-788a-5478-853d-ad6479f1d1ca,covers,urn:uuid:c228d943-e485-5c48-8f52-ff4a958b4d72,chapter4.tex:1108-1388 (line 1388 blank boundary omitted from target mapping)
urn:uuid:2aeb7f59-8e85-5339-8f60-8a4e0b2fc4f4,relation/unit/bab-4-grup-bebas/section/01/covers/surface/unit-032/item/008,urn:uuid:5568ebc8-788a-5478-853d-ad6479f1d1ca,covers,urn:uuid:b60287c2-9f16-551d-a5b0-5da347da45a1,chapter4.tex:1108-1388 (line 1388 blank boundary omitted from target mapping)
urn:uuid:5e362261-a77d-52df-b02d-5bea1794edba,relation/unit/bab-4-grup-bebas/section/01/covers/surface/unit-032/item/009,urn:uuid:5568ebc8-788a-5478-853d-ad6479f1d1ca,covers,urn:uuid:0c63d2a0-8423-5ac4-b15f-566967581f67,chapter4.tex:1108-1388 (line 1388 blank boundary omitted from target mapping)
urn:uuid:06d240e4-5332-5ada-b4a2-84fc1bf7df89,relation/unit/bab-4-grup-bebas/section/01/covers/surface/unit-032/item/010,urn:uuid:5568ebc8-788a-5478-853d-ad6479f1d1ca,covers,urn:uuid:e5acc24e-1a79-58a0-aba5-5d4c27f53789,chapter4.tex:1108-1388 (line 1388 blank boundary omitted from target mapping)
urn:uuid:936b9d1a-86db-5ba2-b855-a7d31bf1ada0,relation/unit/bab-4-grup-bebas/section/01/covers/surface/unit-032/item/011,urn:uuid:5568ebc8-788a-5478-853d-ad6479f1d1ca,covers,urn:uuid:4ab9d95f-4ad3-5fc2-b2b4-b9c224da3734,chapter4.tex:1108-1388 (line 1388 blank boundary omitted from target mapping)
urn:uuid:863bc9c9-36d1-5b39-89e3-5b009dc05711,relation/unit/bab-4-grup-bebas/section/01/covers/surface/unit-032/label/001,urn:uuid:5568ebc8-788a-5478-853d-ad6479f1d1ca,covers,urn:uuid:b253fcb9-800c-5f4f-9693-a7dc0ec0eb24,chapter4.tex:1108-1388 (line 1388 blank boundary omitted from target mapping)
urn:uuid:c980e47b-68d3-589d-8fb7-f4f4c814efc2,relation/unit/bab-4-grup-bebas/section/01/covers/surface/unit-032/label/002,urn:uuid:5568ebc8-788a-5478-853d-ad6479f1d1ca,covers,urn:uuid:226a3bd3-11ff-548d-997a-a56b303f5c66,chapter4.tex:1108-1388 (line 1388 blank boundary omitted from target mapping)
urn:uuid:35865bf5-03fd-5eb8-a0e5-7c4e88e0f799,relation/unit/bab-4-grup-bebas/section/01/covers/surface/unit-032/label/003,urn:uuid:5568ebc8-788a-5478-853d-ad6479f1d1ca,covers,urn:uuid:c58dc154-78ff-53ab-a731-5c5e4ab6f164,chapter4.tex:1108-1388 (line 1388 blank boundary omitted from target mapping)
urn:uuid:5931d098-d1ca-58a9-a1f2-9be3aba80783,relation/unit/bab-4-grup-bebas/section/01/covers/surface/unit-032/label/004,urn:uuid:5568ebc8-788a-5478-853d-ad6479f1d1ca,covers,urn:uuid:d03a62df-40a3-5448-80f9-230f4cf10f36,chapter4.tex:1108-1388 (line 1388 blank boundary omitted from target mapping)
urn:uuid:f02cb9f3-92cf-531f-b7a1-a6622ab023bc,relation/unit/bab-4-grup-bebas/section/01/covers/surface/unit-032/label/005,urn:uuid:5568ebc8-788a-5478-853d-ad6479f1d1ca,covers,urn:uuid:17285944-c2ec-5d26-9fe7-ca8ec50380a1,chapter4.tex:1108-1388 (line 1388 blank boundary omitted from target mapping)
urn:uuid:bbea9f9b-95fd-5b79-a597-3c5d4cdc5b27,relation/unit/bab-4-grup-bebas/section/01/covers/surface/unit-032/label/006,urn:uuid:5568ebc8-788a-5478-853d-ad6479f1d1ca,covers,urn:uuid:45468cc0-1485-53ff-903d-6cc2bf2c297e,chapter4.tex:1108-1388 (line 1388 blank boundary omitted from target mapping)
urn:uuid:fdc0e20b-49dd-560c-a082-6b50d01ece21,relation/unit/bab-4-grup-bebas/section/01/covers/surface/unit-032/label/007,urn:uuid:5568ebc8-788a-5478-853d-ad6479f1d1ca,covers,urn:uuid:254fcdb6-e326-59b2-a280-7495b4cb73ca,chapter4.tex:1108-1388 (line 1388 blank boundary omitted from target mapping)
urn:uuid:cf17c7fb-973f-5b76-bc74-784e299d4041,relation/unit/bab-4-grup-bebas/section/01/covers/surface/unit-032/label/008,urn:uuid:5568ebc8-788a-5478-853d-ad6479f1d1ca,covers,urn:uuid:cdd2871f-7a11-59ca-b863-f9e3972e70ab,chapter4.tex:1108-1388 (line 1388 blank boundary omitted from target mapping)
urn:uuid:2b29c466-4f51-5131-9754-a7b493ab54cf,relation/unit/bab-4-grup-bebas/section/01/covers/surface/unit-032/label/009,urn:uuid:5568ebc8-788a-5478-853d-ad6479f1d1ca,covers,urn:uuid:76abb1dd-2a7e-5114-8c93-823a56894cf6,chapter4.tex:1108-1388 (line 1388 blank boundary omitted from target mapping)
urn:uuid:318f3fcb-5045-5748-a978-2b11f79df6f8,relation/unit/bab-4-grup-bebas/section/01/covers/surface/unit-032/label/010,urn:uuid:5568ebc8-788a-5478-853d-ad6479f1d1ca,covers,urn:uuid:0f6a0eab-0b6d-5991-b21d-60166cbec8fd,chapter4.tex:1108-1388 (line 1388 blank boundary omitted from target mapping)
urn:uuid:0e3546b3-8ec4-51a1-b8fc-b922a0f94395,relation/unit/bab-4-grup-bebas/section/01/covers/surface/unit-032/protected-math-zone/001-inline,urn:uuid:5568ebc8-788a-5478-853d-ad6479f1d1ca,covers,urn:uuid:c8d09770-8bf5-5285-9969-613e9f43fc9b,chapter4.tex:1108-1388 (line 1388 blank boundary omitted from target mapping)
urn:uuid:17e48fe3-76d2-5100-b750-da2ca8c24baa,relation/unit/bab-4-grup-bebas/section/01/covers/surface/unit-032/protected-math-zone/002-inline,urn:uuid:5568ebc8-788a-5478-853d-ad6479f1d1ca,covers,urn:uuid:1fa28722-d18d-5a10-8722-e6e6d02c958f,chapter4.tex:1108-1388 (line 1388 blank boundary omitted from target mapping)
urn:uuid:7a0a54c3-dfd4-5201-870c-beb17d79d84b,relation/unit/bab-4-grup-bebas/section/01/covers/surface/unit-032/protected-math-zone/003-inline,urn:uuid:5568ebc8-788a-5478-853d-ad6479f1d1ca,covers,urn:uuid:d89d6a07-81b2-559a-b68e-f261443aad73,chapter4.tex:1108-1388 (line 1388 blank boundary omitted from target mapping)
urn:uuid:98f31100-e3f6-54b2-87b4-243b33737f49,relation/unit/bab-4-grup-bebas/section/01/covers/surface/unit-032/protected-math-zone/004-inline,urn:uuid:5568ebc8-788a-5478-853d-ad6479f1d1ca,covers,urn:uuid:eaace75f-53f7-5c4c-9a69-46e01559188d,chapter4.tex:1108-1388 (line 1388 blank boundary omitted from target mapping)
urn:uuid:c4f91508-d4bf-54e3-8fa4-d57816e32846,relation/unit/bab-4-grup-bebas/section/01/covers/surface/unit-032/protected-math-zone/005-inline,urn:uuid:5568ebc8-788a-5478-853d-ad6479f1d1ca,covers,urn:uuid:a71a996b-175c-565e-a700-d6714f863c33,chapter4.tex:1108-1388 (line 1388 blank boundary omitted from target mapping)
urn:uuid:32b12232-2e90-5e92-bfdf-d836e70e5213,relation/unit/bab-4-grup-bebas/section/01/covers/surface/unit-032/protected-math-zone/006-inline,urn:uuid:5568ebc8-788a-5478-853d-ad6479f1d1ca,covers,urn:uuid:724754d8-a4f8-53d7-902e-52bb9dd2bd1f,chapter4.tex:1108-1388 (line 1388 blank boundary omitted from target mapping)
urn:uuid:273bae98-27f8-530a-81ad-7a2f11ce1f98,relation/unit/bab-4-grup-bebas/section/01/covers/surface/unit-032/protected-math-zone/007-inline,urn:uuid:5568ebc8-788a-5478-853d-ad6479f1d1ca,covers,urn:uuid:e4eefaee-b943-59cd-82a0-bf9412c11e39,chapter4.tex:1108-1388 (line 1388 blank boundary omitted from target mapping)
urn:uuid:4f9ba325-c15e-5421-a1f7-f28f513b9bc7,relation/unit/bab-4-grup-bebas/section/01/covers/surface/unit-032/protected-math-zone/008-display-bracket,urn:uuid:5568ebc8-788a-5478-853d-ad6479f1d1ca,covers,urn:uuid:5009e587-4500-5188-87a3-f17239a07141,chapter4.tex:1108-1388 (line 1388 blank boundary omitted from target mapping)
urn:uuid:93eedefd-a017-5b1c-9a27-ef0bc476d434,relation/unit/bab-4-grup-bebas/section/01/covers/surface/unit-032/protected-math-zone/009-inline,urn:uuid:5568ebc8-788a-5478-853d-ad6479f1d1ca,covers,urn:uuid:7e75f3dc-d2d9-58e1-8ae1-4c8ee5207f0c,chapter4.tex:1108-1388 (line 1388 blank boundary omitted from target mapping)
urn:uuid:88bd06e5-a6ea-5279-8884-42526d908fbe,relation/unit/bab-4-grup-bebas/section/01/covers/surface/unit-032/protected-math-zone/010-inline,urn:uuid:5568ebc8-788a-5478-853d-ad6479f1d1ca,covers,urn:uuid:7d152852-6184-5791-9e4b-6915565d4d4d,chapter4.tex:1108-1388 (line 1388 blank boundary omitted from target mapping)
urn:uuid:37da255c-2615-5574-a695-63a901328623,relation/unit/bab-4-grup-bebas/section/01/covers/surface/unit-032/protected-math-zone/011-inline,urn:uuid:5568ebc8-788a-5478-853d-ad6479f1d1ca,covers,urn:uuid:0b0291e4-e185-52e9-93ce-725c6201cf36,chapter4.tex:1108-1388 (line 1388 blank boundary omitted from target mapping)
urn:uuid:7bf99563-9acb-5a9f-bbf1-f546c96af29c,relation/unit/bab-4-grup-bebas/section/01/covers/surface/unit-032/protected-math-zone/012-inline,urn:uuid:5568ebc8-788a-5478-853d-ad6479f1d1ca,covers,urn:uuid:b98005f2-8853-5790-81a1-76443e121f83,chapter4.tex:1108-1388 (line 1388 blank boundary omitted from target mapping)
urn:uuid:3606c17e-40e0-58f6-be5b-710f52d570bf,relation/unit/bab-4-grup-bebas/section/01/covers/surface/unit-032/protected-math-zone/013-inline,urn:uuid:5568ebc8-788a-5478-853d-ad6479f1d1ca,covers,urn:uuid:4ee08668-1a34-5ed6-a65f-3f5fcb10aa9a,chapter4.tex:1108-1388 (line 1388 blank boundary omitted from target mapping)
urn:uuid:ac59a070-d62d-55d1-aee8-a811b4cedf03,relation/unit/bab-4-grup-bebas/section/01/covers/surface/unit-032/protected-math-zone/014-inline,urn:uuid:5568ebc8-788a-5478-853d-ad6479f1d1ca,covers,urn:uuid:46604991-a12f-5b3e-a923-a53f0ae06ae4,chapter4.tex:1108-1388 (line 1388 blank boundary omitted from target mapping)
urn:uuid:91273fc5-56e0-5340-80cc-3b27e4752184,relation/unit/bab-4-grup-bebas/section/01/covers/surface/unit-032/protected-math-zone/015-inline,urn:uuid:5568ebc8-788a-5478-853d-ad6479f1d1ca,covers,urn:uuid:6cb8baa8-626b-5c37-9cb9-aa90713ee0c0,chapter4.tex:1108-1388 (line 1388 blank boundary omitted from target mapping)
urn:uuid:dc2f338e-cebe-5c6c-a0da-75711645292f,relation/unit/bab-4-grup-bebas/section/01/covers/surface/unit-032/protected-math-zone/016-display-bracket,urn:uuid:5568ebc8-788a-5478-853d-ad6479f1d1ca,covers,urn:uuid:cdbd1771-9171-5032-975d-87b24f469748,chapter4.tex:1108-1388 (line 1388 blank boundary omitted from target mapping)
urn:uuid:295b5a36-434d-5015-953f-2b8eff03a3e6,relation/unit/bab-4-grup-bebas/section/01/covers/surface/unit-032/protected-math-zone/017-display-environment,urn:uuid:5568ebc8-788a-5478-853d-ad6479f1d1ca,covers,urn:uuid:6ae23a08-f16f-5c8a-9d91-84b73a872e98,chapter4.tex:1108-1388 (line 1388 blank boundary omitted from target mapping)
urn:uuid:3c370a82-6bfc-52e4-b691-6935c6d62f66,relation/unit/bab-4-grup-bebas/section/01/covers/surface/unit-032/protected-math-zone/018-inline,urn:uuid:5568ebc8-788a-5478-853d-ad6479f1d1ca,covers,urn:uuid:661bec41-4cde-5e95-a8ce-bdf6708924a3,chapter4.tex:1108-1388 (line 1388 blank boundary omitted from target mapping)
urn:uuid:88916bdc-6205-500f-9d65-771ef3f6ffd6,relation/unit/bab-4-grup-bebas/section/01/covers/surface/unit-032/protected-math-zone/019-inline,urn:uuid:5568ebc8-788a-5478-853d-ad6479f1d1ca,covers,urn:uuid:c4dcbc38-f9a4-5aba-bcd8-7351d5cafecd,chapter4.tex:1108-1388 (line 1388 blank boundary omitted from target mapping)
urn:uuid:09c0296a-56a3-575e-9a76-53ce853aceed,relation/unit/bab-4-grup-bebas/section/01/covers/surface/unit-032/protected-math-zone/020-inline,urn:uuid:5568ebc8-788a-5478-853d-ad6479f1d1ca,covers,urn:uuid:e334cfd9-2b17-5d3c-9d88-c1b1f4bb9df7,chapter4.tex:1108-1388 (line 1388 blank boundary omitted from target mapping)
urn:uuid:bbf2a767-c04b-51b0-ae92-800ba76d1120,relation/unit/bab-4-grup-bebas/section/01/covers/surface/unit-032/protected-math-zone/021-inline,urn:uuid:5568ebc8-788a-5478-853d-ad6479f1d1ca,covers,urn:uuid:afa41498-5af6-5c78-a4af-c807f7f6f828,chapter4.tex:1108-1388 (line 1388 blank boundary omitted from target mapping)
urn:uuid:bfced5e0-62b6-5e3a-91ce-8d9ebff8af7a,relation/unit/bab-4-grup-bebas/section/01/covers/surface/unit-032/protected-math-zone/022-inline,urn:uuid:5568ebc8-788a-5478-853d-ad6479f1d1ca,covers,urn:uuid:26619121-d825-5593-ba2b-6837e84f47d4,chapter4.tex:1108-1388 (line 1388 blank boundary omitted from target mapping)
urn:uuid:2a90770a-4355-5b9a-be24-8ee73f63552c,relation/unit/bab-4-grup-bebas/section/01/covers/surface/unit-032/protected-math-zone/023-inline,urn:uuid:5568ebc8-788a-5478-853d-ad6479f1d1ca,covers,urn:uuid:b5aaf0b1-6909-5fe1-a50f-a8578bcdd3f0,chapter4.tex:1108-1388 (line 1388 blank boundary omitted from target mapping)
urn:uuid:8235d0b2-6984-5614-81a5-13a2ccdd93b4,relation/unit/bab-4-grup-bebas/section/01/covers/surface/unit-032/protected-math-zone/024-inline,urn:uuid:5568ebc8-788a-5478-853d-ad6479f1d1ca,covers,urn:uuid:a8b71279-af6f-5cce-a3a2-72ee6524f848,chapter4.tex:1108-1388 (line 1388 blank boundary omitted from target mapping)
urn:uuid:3c339aa6-7444-5881-a8da-2ef3818bb673,relation/unit/bab-4-grup-bebas/section/01/covers/surface/unit-032/protected-math-zone/025-inline,urn:uuid:5568ebc8-788a-5478-853d-ad6479f1d1ca,covers,urn:uuid:a24f35b6-8c33-5487-8a00-e9ba682c1841,chapter4.tex:1108-1388 (line 1388 blank boundary omitted from target mapping)
urn:uuid:4f1ac5ff-f3f4-5b48-be41-c243f90fd9d3,relation/unit/bab-4-grup-bebas/section/01/covers/surface/unit-032/protected-math-zone/026-display-bracket,urn:uuid:5568ebc8-788a-5478-853d-ad6479f1d1ca,covers,urn:uuid:a130923d-7115-5f7d-81cb-8f29e7775dd1,chapter4.tex:1108-1388 (line 1388 blank boundary omitted from target mapping)
urn:uuid:d5284846-a660-57f4-bbf8-7d319ac3523c,relation/unit/bab-4-grup-bebas/section/01/covers/surface/unit-032/protected-math-zone/027-display-environment,urn:uuid:5568ebc8-788a-5478-853d-ad6479f1d1ca,covers,urn:uuid:315e8881-b332-5c67-89a8-6eab77bb3596,chapter4.tex:1108-1388 (line 1388 blank boundary omitted from target mapping)
urn:uuid:5dc8a2ff-b72e-5bde-b0e7-f34d31558cca,relation/unit/bab-4-grup-bebas/section/01/covers/surface/unit-032/protected-math-zone/028-inline,urn:uuid:5568ebc8-788a-5478-853d-ad6479f1d1ca,covers,urn:uuid:b69b5fd0-4350-5a76-9a4a-923b7956d097,chapter4.tex:1108-1388 (line 1388 blank boundary omitted from target mapping)
urn:uuid:ea8a0af2-727a-57f1-abe5-0c1dd4dab524,relation/unit/bab-4-grup-bebas/section/01/covers/surface/unit-032/protected-math-zone/029-inline,urn:uuid:5568ebc8-788a-5478-853d-ad6479f1d1ca,covers,urn:uuid:5eca32af-1fac-5967-b3a5-0ac5148a2e9a,chapter4.tex:1108-1388 (line 1388 blank boundary omitted from target mapping)
urn:uuid:5acdff09-0368-5d0a-ab5f-07dfa29228ab,relation/unit/bab-4-grup-bebas/section/01/covers/surface/unit-032/protected-math-zone/030-inline,urn:uuid:5568ebc8-788a-5478-853d-ad6479f1d1ca,covers,urn:uuid:854e5377-bb1d-5333-bbf8-21eec867383b,chapter4.tex:1108-1388 (line 1388 blank boundary omitted from target mapping)
urn:uuid:53766549-1bcb-577d-b93f-01615134dbce,relation/unit/bab-4-grup-bebas/section/01/covers/surface/unit-032/protected-math-zone/031-inline,urn:uuid:5568ebc8-788a-5478-853d-ad6479f1d1ca,covers,urn:uuid:0e1398c8-3b27-5caf-8a6f-1734c67f1bc6,chapter4.tex:1108-1388 (line 1388 blank boundary omitted from target mapping)
urn:uuid:608db10c-9f0b-5c7a-aab1-2a1dd30546e0,relation/unit/bab-4-grup-bebas/section/01/covers/surface/unit-032/protected-math-zone/032-inline,urn:uuid:5568ebc8-788a-5478-853d-ad6479f1d1ca,covers,urn:uuid:9e111aba-7461-5171-b2ee-8dae08572f94,chapter4.tex:1108-1388 (line 1388 blank boundary omitted from target mapping)
urn:uuid:de4c06e7-fd81-5611-aba3-017a0b9201b3,relation/unit/bab-4-grup-bebas/section/01/covers/surface/unit-032/protected-math-zone/033-display-bracket,urn:uuid:5568ebc8-788a-5478-853d-ad6479f1d1ca,covers,urn:uuid:98d0a466-1cd7-59fb-91fd-385adc6c6e3b,chapter4.tex:1108-1388 (line 1388 blank boundary omitted from target mapping)
urn:uuid:f0d3dd42-b2cf-5996-ab07-d4d3dfec556e,relation/unit/bab-4-grup-bebas/section/01/covers/surface/unit-032/protected-math-zone/034-display-environment,urn:uuid:5568ebc8-788a-5478-853d-ad6479f1d1ca,covers,urn:uuid:531f250e-6b9d-5581-a75f-a84d4b7f953a,chapter4.tex:1108-1388 (line 1388 blank boundary omitted from target mapping)
urn:uuid:f17544cf-e93d-5642-b18a-42508c8dd087,relation/unit/bab-4-grup-bebas/section/01/covers/surface/unit-032/protected-math-zone/035-inline,urn:uuid:5568ebc8-788a-5478-853d-ad6479f1d1ca,covers,urn:uuid:3973e6c5-559a-534b-b28e-f8a1e604ef5b,chapter4.tex:1108-1388 (line 1388 blank boundary omitted from target mapping)
urn:uuid:a97547c3-7440-5cb1-bcd4-7dc244700dba,relation/unit/bab-4-grup-bebas/section/01/covers/surface/unit-032/protected-math-zone/036-inline,urn:uuid:5568ebc8-788a-5478-853d-ad6479f1d1ca,covers,urn:uuid:ca1820c6-a978-58d6-8301-b5c57374516c,chapter4.tex:1108-1388 (line 1388 blank boundary omitted from target mapping)
urn:uuid:a90dc44f-3b6a-5452-8531-7612c3f4feb3,relation/unit/bab-4-grup-bebas/section/01/covers/surface/unit-032/protected-math-zone/037-inline,urn:uuid:5568ebc8-788a-5478-853d-ad6479f1d1ca,covers,urn:uuid:bc4df5eb-c865-50a8-806f-3488ca2129dc,chapter4.tex:1108-1388 (line 1388 blank boundary omitted from target mapping)
urn:uuid:1576c83f-5b00-5ac0-a22a-ee0e2230d620,relation/unit/bab-4-grup-bebas/section/01/covers/surface/unit-032/protected-math-zone/038-inline,urn:uuid:5568ebc8-788a-5478-853d-ad6479f1d1ca,covers,urn:uuid:cad3c2e7-9740-5626-be2c-c124df25f7b5,chapter4.tex:1108-1388 (line 1388 blank boundary omitted from target mapping)
urn:uuid:dc1a5d50-5e36-5d00-9ec0-f6e941ad0227,relation/unit/bab-4-grup-bebas/section/01/covers/surface/unit-032/protected-math-zone/039-inline,urn:uuid:5568ebc8-788a-5478-853d-ad6479f1d1ca,covers,urn:uuid:6d10a42d-8db6-5fd6-91ce-2b9779cbd2e0,chapter4.tex:1108-1388 (line 1388 blank boundary omitted from target mapping)
urn:uuid:4a2321a5-68c9-5f41-a9a9-09c3d55842b3,relation/unit/bab-4-grup-bebas/section/01/covers/surface/unit-032/protected-math-zone/040-inline,urn:uuid:5568ebc8-788a-5478-853d-ad6479f1d1ca,covers,urn:uuid:48863bd9-292c-5c95-9982-d477ac153366,chapter4.tex:1108-1388 (line 1388 blank boundary omitted from target mapping)
urn:uuid:8f868bdc-eccc-5898-9ae9-aaa249693f5a,relation/unit/bab-4-grup-bebas/section/01/covers/surface/unit-032/protected-math-zone/041-inline,urn:uuid:5568ebc8-788a-5478-853d-ad6479f1d1ca,covers,urn:uuid:fc04ccbd-c789-5732-836c-8a70876610ab,chapter4.tex:1108-1388 (line 1388 blank boundary omitted from target mapping)
urn:uuid:c589a2d5-c9a7-576a-90aa-1f2b1f99271c,relation/unit/bab-4-grup-bebas/section/01/covers/surface/unit-032/protected-math-zone/042-inline,urn:uuid:5568ebc8-788a-5478-853d-ad6479f1d1ca,covers,urn:uuid:e0f03832-f659-5836-bfb9-f0da413e6ad1,chapter4.tex:1108-1388 (line 1388 blank boundary omitted from target mapping)
urn:uuid:10b7121f-d246-573f-b82b-b7e8cb884fc4,relation/unit/bab-4-grup-bebas/section/01/covers/surface/unit-032/protected-math-zone/043-inline,urn:uuid:5568ebc8-788a-5478-853d-ad6479f1d1ca,covers,urn:uuid:d3eb5351-39c1-5e64-a34f-aae71ba0d4a0,chapter4.tex:1108-1388 (line 1388 blank boundary omitted from target mapping)
urn:uuid:a955dc3e-d90f-5a1e-a99c-be12cadc5870,relation/unit/bab-4-grup-bebas/section/01/covers/surface/unit-032/protected-math-zone/044-inline,urn:uuid:5568ebc8-788a-5478-853d-ad6479f1d1ca,covers,urn:uuid:80179017-8eab-59cb-b107-0de71a0042c3,chapter4.tex:1108-1388 (line 1388 blank boundary omitted from target mapping)
urn:uuid:2133f20b-16b6-5c53-a44d-14b026a8ad12,relation/unit/bab-4-grup-bebas/section/01/covers/surface/unit-032/protected-math-zone/045-display-environment,urn:uuid:5568ebc8-788a-5478-853d-ad6479f1d1ca,covers,urn:uuid:206f6e15-8546-5227-96d3-b0db926935eb,chapter4.tex:1108-1388 (line 1388 blank boundary omitted from target mapping)
urn:uuid:ca94d250-df60-5ace-9e46-eee75839e6d6,relation/unit/bab-4-grup-bebas/section/01/covers/surface/unit-032/protected-math-zone/046-inline,urn:uuid:5568ebc8-788a-5478-853d-ad6479f1d1ca,covers,urn:uuid:c8c77ce3-12f7-50a5-868d-2e18de47e5ce,chapter4.tex:1108-1388 (line 1388 blank boundary omitted from target mapping)
urn:uuid:a470bb80-f4cf-52db-b375-3d4f5dd846d9,relation/unit/bab-4-grup-bebas/section/01/covers/surface/unit-032/protected-math-zone/047-inline,urn:uuid:5568ebc8-788a-5478-853d-ad6479f1d1ca,covers,urn:uuid:36383136-9f8c-5b99-b2f4-0e13560538cf,chapter4.tex:1108-1388 (line 1388 blank boundary omitted from target mapping)
urn:uuid:a1834e4b-74bd-524b-89f9-b95ed28c99c7,relation/unit/bab-4-grup-bebas/section/01/covers/surface/unit-032/protected-math-zone/048-inline,urn:uuid:5568ebc8-788a-5478-853d-ad6479f1d1ca,covers,urn:uuid:aa33390e-09be-5502-bb2c-2b4cd26de47f,chapter4.tex:1108-1388 (line 1388 blank boundary omitted from target mapping)
urn:uuid:0e9fcf4d-7fc9-59ab-99ec-700460d2335b,relation/unit/bab-4-grup-bebas/section/01/covers/surface/unit-032/protected-math-zone/049-inline,urn:uuid:5568ebc8-788a-5478-853d-ad6479f1d1ca,covers,urn:uuid:8305be5a-067d-53e9-9abf-e43bf2537490,chapter4.tex:1108-1388 (line 1388 blank boundary omitted from target mapping)
urn:uuid:7fcc9746-14e2-5a07-82cf-efdf5e49e5e3,relation/unit/bab-4-grup-bebas/section/01/covers/surface/unit-032/protected-math-zone/050-display-environment,urn:uuid:5568ebc8-788a-5478-853d-ad6479f1d1ca,covers,urn:uuid:ba9506b5-261b-5062-8277-9c7382c51de8,chapter4.tex:1108-1388 (line 1388 blank boundary omitted from target mapping)
urn:uuid:b887993b-ed0a-51d0-97e8-d2d8a54f8d08,relation/unit/bab-4-grup-bebas/section/01/covers/surface/unit-032/protected-math-zone/051-inline,urn:uuid:5568ebc8-788a-5478-853d-ad6479f1d1ca,covers,urn:uuid:fb90abd8-ff6f-5f06-8b05-f3c7a4784d28,chapter4.tex:1108-1388 (line 1388 blank boundary omitted from target mapping)
urn:uuid:f9a55fe1-f154-52c1-a110-e795ba4e86be,relation/unit/bab-4-grup-bebas/section/01/covers/surface/unit-032/protected-math-zone/052-inline,urn:uuid:5568ebc8-788a-5478-853d-ad6479f1d1ca,covers,urn:uuid:5f92583e-5f35-5c2b-80da-5464f205321c,chapter4.tex:1108-1388 (line 1388 blank boundary omitted from target mapping)
urn:uuid:52b7a502-0720-57ff-a8ed-f5298e3b9584,relation/unit/bab-4-grup-bebas/section/01/covers/surface/unit-032/protected-math-zone/053-inline,urn:uuid:5568ebc8-788a-5478-853d-ad6479f1d1ca,covers,urn:uuid:3a785e84-6160-58fe-a88f-84ca0eb31542,chapter4.tex:1108-1388 (line 1388 blank boundary omitted from target mapping)
urn:uuid:2d699d44-e8cb-5018-9886-184430fef0de,relation/unit/bab-4-grup-bebas/section/01/covers/surface/unit-032/protected-math-zone/054-inline,urn:uuid:5568ebc8-788a-5478-853d-ad6479f1d1ca,covers,urn:uuid:1e6a5dcd-028d-5e4d-ad2a-8d1c3f36fc5c,chapter4.tex:1108-1388 (line 1388 blank boundary omitted from target mapping)
urn:uuid:d402302e-79af-56e4-bc75-bc296922c630,relation/unit/bab-4-grup-bebas/section/01/covers/surface/unit-032/protected-math-zone/055-inline,urn:uuid:5568ebc8-788a-5478-853d-ad6479f1d1ca,covers,urn:uuid:7bf661a7-6a68-5ea6-9d2d-d2807d56ed23,chapter4.tex:1108-1388 (line 1388 blank boundary omitted from target mapping)
urn:uuid:5c45fa59-f0b1-599d-80db-265dce7448a0,relation/unit/bab-4-grup-bebas/section/01/covers/surface/unit-032/protected-math-zone/056-inline,urn:uuid:5568ebc8-788a-5478-853d-ad6479f1d1ca,covers,urn:uuid:e3d79baa-73ef-53ae-a3f5-8b38443844e4,chapter4.tex:1108-1388 (line 1388 blank boundary omitted from target mapping)
urn:uuid:1baae376-bde2-5865-b070-395c248cda61,relation/unit/bab-4-grup-bebas/section/01/covers/surface/unit-032/protected-math-zone/057-display-bracket,urn:uuid:5568ebc8-788a-5478-853d-ad6479f1d1ca,covers,urn:uuid:facc7568-77f3-55ee-ad13-238f697f5102,chapter4.tex:1108-1388 (line 1388 blank boundary omitted from target mapping)
urn:uuid:450d825f-d350-5b28-b355-2043d3fe0ff9,relation/unit/bab-4-grup-bebas/section/01/covers/surface/unit-032/protected-math-zone/058-inline,urn:uuid:5568ebc8-788a-5478-853d-ad6479f1d1ca,covers,urn:uuid:5833286b-32be-5981-b94d-f0acdbc50849,chapter4.tex:1108-1388 (line 1388 blank boundary omitted from target mapping)
urn:uuid:c63c3dec-78fe-55a0-bcff-9d872d714d00,relation/unit/bab-4-grup-bebas/section/01/covers/surface/unit-032/protected-math-zone/059-inline,urn:uuid:5568ebc8-788a-5478-853d-ad6479f1d1ca,covers,urn:uuid:1f042c86-fdcb-53c6-b056-7004ecc62eb7,chapter4.tex:1108-1388 (line 1388 blank boundary omitted from target mapping)
urn:uuid:dfa686b0-40db-5d65-b2eb-4ec295bb16cc,relation/unit/bab-4-grup-bebas/section/01/covers/surface/unit-032/protected-math-zone/060-inline,urn:uuid:5568ebc8-788a-5478-853d-ad6479f1d1ca,covers,urn:uuid:7ff810a9-0e42-5943-8349-d3c41ba911e4,chapter4.tex:1108-1388 (line 1388 blank boundary omitted from target mapping)
urn:uuid:07dcb9c9-717d-5265-9607-b468365b6805,relation/unit/bab-4-grup-bebas/section/01/covers/surface/unit-032/protected-math-zone/061-inline,urn:uuid:5568ebc8-788a-5478-853d-ad6479f1d1ca,covers,urn:uuid:9d3415d3-3b8e-5e5b-904c-9ba885fe25a4,chapter4.tex:1108-1388 (line 1388 blank boundary omitted from target mapping)
urn:uuid:62798dff-3692-5c9a-b388-68ab768fe6a2,relation/unit/bab-4-grup-bebas/section/01/covers/surface/unit-032/protected-math-zone/062-inline,urn:uuid:5568ebc8-788a-5478-853d-ad6479f1d1ca,covers,urn:uuid:8f15516c-da3a-5254-b602-c3cb5bc74414,chapter4.tex:1108-1388 (line 1388 blank boundary omitted from target mapping)
urn:uuid:8cb0bfcd-beb5-5a0c-b720-283497069480,relation/unit/bab-4-grup-bebas/section/01/covers/surface/unit-032/protected-math-zone/063-inline,urn:uuid:5568ebc8-788a-5478-853d-ad6479f1d1ca,covers,urn:uuid:346b071c-3ab9-50b9-9d93-33c783eddf38,chapter4.tex:1108-1388 (line 1388 blank boundary omitted from target mapping)
urn:uuid:c9e4f37b-11d5-5f34-9c43-570196a4a0db,relation/unit/bab-4-grup-bebas/section/01/covers/surface/unit-032/protected-math-zone/064-inline,urn:uuid:5568ebc8-788a-5478-853d-ad6479f1d1ca,covers,urn:uuid:ffad23cb-9784-5ba5-b240-b1010c0917cb,chapter4.tex:1108-1388 (line 1388 blank boundary omitted from target mapping)
urn:uuid:6b51176e-086b-54cd-b137-7b79e3c898c8,relation/unit/bab-4-grup-bebas/section/01/covers/surface/unit-032/protected-math-zone/065-inline,urn:uuid:5568ebc8-788a-5478-853d-ad6479f1d1ca,covers,urn:uuid:eb0b99eb-a1d7-58c1-9196-dc4d451b85ca,chapter4.tex:1108-1388 (line 1388 blank boundary omitted from target mapping)
urn:uuid:cc5c10da-efb1-5244-a704-ee2cdd1f3de4,relation/unit/bab-4-grup-bebas/section/01/covers/surface/unit-032/protected-math-zone/066-inline,urn:uuid:5568ebc8-788a-5478-853d-ad6479f1d1ca,covers,urn:uuid:b86183a1-b2eb-53c2-a80c-e8a682473d53,chapter4.tex:1108-1388 (line 1388 blank boundary omitted from target mapping)
urn:uuid:886a906b-a185-5df9-b7e2-7cfdc100b623,relation/unit/bab-4-grup-bebas/section/01/covers/surface/unit-032/protected-math-zone/067-inline,urn:uuid:5568ebc8-788a-5478-853d-ad6479f1d1ca,covers,urn:uuid:786c28ad-d6d5-5e7c-ae6f-84f273c99444,chapter4.tex:1108-1388 (line 1388 blank boundary omitted from target mapping)
urn:uuid:852a2851-8b43-5466-807a-7744f04a5bc7,relation/unit/bab-4-grup-bebas/section/01/covers/surface/unit-032/protected-math-zone/068-inline,urn:uuid:5568ebc8-788a-5478-853d-ad6479f1d1ca,covers,urn:uuid:7ec4a2ea-b9ac-5ac1-8d2b-2d37f18c428a,chapter4.tex:1108-1388 (line 1388 blank boundary omitted from target mapping)
urn:uuid:2f265a82-5f90-57af-8d98-657715e7f748,relation/unit/bab-4-grup-bebas/section/01/covers/surface/unit-032/protected-math-zone/069-display-bracket,urn:uuid:5568ebc8-788a-5478-853d-ad6479f1d1ca,covers,urn:uuid:53f31c1f-0f99-536a-90e1-cbdf8fd104ad,chapter4.tex:1108-1388 (line 1388 blank boundary omitted from target mapping)
urn:uuid:2b008552-2399-584c-8aff-db5448d061f9,relation/unit/bab-4-grup-bebas/section/01/covers/surface/unit-032/protected-math-zone/070-inline,urn:uuid:5568ebc8-788a-5478-853d-ad6479f1d1ca,covers,urn:uuid:b9a93e08-3277-5394-9c49-ef5e7a882e3d,chapter4.tex:1108-1388 (line 1388 blank boundary omitted from target mapping)
urn:uuid:4834f486-3b44-5b67-badd-c64b765fbb02,relation/unit/bab-4-grup-bebas/section/01/covers/surface/unit-032/protected-math-zone/071-inline,urn:uuid:5568ebc8-788a-5478-853d-ad6479f1d1ca,covers,urn:uuid:51b3dcb9-4954-55fb-913c-bdaa3704beec,chapter4.tex:1108-1388 (line 1388 blank boundary omitted from target mapping)
urn:uuid:52e1acf2-2db4-5edd-adf2-d4f7cd255767,relation/unit/bab-4-grup-bebas/section/01/covers/surface/unit-032/protected-math-zone/072-inline,urn:uuid:5568ebc8-788a-5478-853d-ad6479f1d1ca,covers,urn:uuid:a00dce1e-3945-540c-b6ff-31582b796cb7,chapter4.tex:1108-1388 (line 1388 blank boundary omitted from target mapping)
urn:uuid:95288cdc-996d-5e04-ace3-4f37f4bc1759,relation/unit/bab-4-grup-bebas/section/01/covers/surface/unit-032/protected-math-zone/073-inline,urn:uuid:5568ebc8-788a-5478-853d-ad6479f1d1ca,covers,urn:uuid:f9c8e167-3888-5ef2-8c51-f35ec71be2d4,chapter4.tex:1108-1388 (line 1388 blank boundary omitted from target mapping)
urn:uuid:9662bce7-b6a8-562b-a535-618f6b038d23,relation/unit/bab-4-grup-bebas/section/01/covers/surface/unit-032/protected-math-zone/074-inline,urn:uuid:5568ebc8-788a-5478-853d-ad6479f1d1ca,covers,urn:uuid:075b5687-d4ea-51a1-bad5-e914ca835955,chapter4.tex:1108-1388 (line 1388 blank boundary omitted from target mapping)
urn:uuid:b96a08de-ba5c-5ae9-b51f-17571cac22a7,relation/unit/bab-4-grup-bebas/section/01/covers/surface/unit-032/protected-math-zone/075-inline,urn:uuid:5568ebc8-788a-5478-853d-ad6479f1d1ca,covers,urn:uuid:dc64f723-5897-59f3-b7fa-6739f27d01ac,chapter4.tex:1108-1388 (line 1388 blank boundary omitted from target mapping)
urn:uuid:1e3fb6ef-962e-5955-adca-82621c9acfbe,relation/unit/bab-4-grup-bebas/section/01/covers/surface/unit-032/protected-math-zone/076-inline,urn:uuid:5568ebc8-788a-5478-853d-ad6479f1d1ca,covers,urn:uuid:6df8236b-61d6-53e8-b9a1-a69cfc56bd77,chapter4.tex:1108-1388 (line 1388 blank boundary omitted from target mapping)
urn:uuid:311b0ff1-c37a-5249-8997-da11d30fa833,relation/unit/bab-4-grup-bebas/section/01/covers/surface/unit-032/protected-math-zone/077-inline,urn:uuid:5568ebc8-788a-5478-853d-ad6479f1d1ca,covers,urn:uuid:7bfb0fc2-3a94-5f29-a1f8-e689d151069f,chapter4.tex:1108-1388 (line 1388 blank boundary omitted from target mapping)
urn:uuid:5da46fa2-7d64-5558-a329-285f8abe9d91,relation/unit/bab-4-grup-bebas/section/01/covers/surface/unit-032/protected-math-zone/078-inline,urn:uuid:5568ebc8-788a-5478-853d-ad6479f1d1ca,covers,urn:uuid:a47ce6fd-01ca-5771-ad70-63f15c5a22e9,chapter4.tex:1108-1388 (line 1388 blank boundary omitted from target mapping)
urn:uuid:4bd8f2e4-6ac2-58a5-8b54-98d9808982ad,relation/unit/bab-4-grup-bebas/section/01/covers/surface/unit-032/protected-math-zone/079-inline,urn:uuid:5568ebc8-788a-5478-853d-ad6479f1d1ca,covers,urn:uuid:b50011a9-9f17-5e7f-9dd3-be8bc543640d,chapter4.tex:1108-1388 (line 1388 blank boundary omitted from target mapping)
urn:uuid:6868a3b8-7611-5cc4-ba8b-d4e6c6b70912,relation/unit/bab-4-grup-bebas/section/01/covers/surface/unit-032/protected-math-zone/080-inline,urn:uuid:5568ebc8-788a-5478-853d-ad6479f1d1ca,covers,urn:uuid:e9921f2c-57bb-5c70-ba5b-321a7b4d763d,chapter4.tex:1108-1388 (line 1388 blank boundary omitted from target mapping)
urn:uuid:ff2257ab-b85c-53c0-a7f3-9ade8accbc37,relation/unit/bab-4-grup-bebas/section/01/covers/surface/unit-032/protected-math-zone/081-display-bracket,urn:uuid:5568ebc8-788a-5478-853d-ad6479f1d1ca,covers,urn:uuid:b61cbe11-2ddd-5021-a0d9-e7c940c8446c,chapter4.tex:1108-1388 (line 1388 blank boundary omitted from target mapping)
urn:uuid:7024de58-8c0f-5763-95f7-35b891a128f1,relation/unit/bab-4-grup-bebas/section/01/covers/surface/unit-032/protected-math-zone/082-inline,urn:uuid:5568ebc8-788a-5478-853d-ad6479f1d1ca,covers,urn:uuid:592e6c82-69ea-53f4-a1d4-f935e4300f47,chapter4.tex:1108-1388 (line 1388 blank boundary omitted from target mapping)
urn:uuid:bfe49843-85c3-594e-b1ea-b0c5bf45543d,relation/unit/bab-4-grup-bebas/section/01/covers/surface/unit-032/protected-math-zone/083-inline,urn:uuid:5568ebc8-788a-5478-853d-ad6479f1d1ca,covers,urn:uuid:e9264dc1-0c31-5412-899a-a442c6b08b61,chapter4.tex:1108-1388 (line 1388 blank boundary omitted from target mapping)
urn:uuid:b148aa02-fbb7-5b7e-b2fc-54f3f4c860ca,relation/unit/bab-4-grup-bebas/section/01/covers/surface/unit-032/protected-math-zone/084-inline,urn:uuid:5568ebc8-788a-5478-853d-ad6479f1d1ca,covers,urn:uuid:f1209982-c150-54b8-9733-2b4a219d2fd1,chapter4.tex:1108-1388 (line 1388 blank boundary omitted from target mapping)
urn:uuid:6a2faaaa-921e-51f0-93e3-082c24adc798,relation/unit/bab-4-grup-bebas/section/01/covers/surface/unit-032/protected-math-zone/085-inline,urn:uuid:5568ebc8-788a-5478-853d-ad6479f1d1ca,covers,urn:uuid:a074e6a0-1b66-594a-ac90-66545b027afe,chapter4.tex:1108-1388 (line 1388 blank boundary omitted from target mapping)
urn:uuid:621dfb4e-f173-5e15-a325-f052cce42792,relation/unit/bab-4-grup-bebas/section/01/covers/surface/unit-032/protected-math-zone/086-inline,urn:uuid:5568ebc8-788a-5478-853d-ad6479f1d1ca,covers,urn:uuid:efcbc071-4a75-5253-a79b-a4eab4f86208,chapter4.tex:1108-1388 (line 1388 blank boundary omitted from target mapping)
urn:uuid:3b50a2bf-69c8-510e-bfa7-f8350934b54d,relation/unit/bab-4-grup-bebas/section/01/covers/surface/unit-032/protected-math-zone/087-inline,urn:uuid:5568ebc8-788a-5478-853d-ad6479f1d1ca,covers,urn:uuid:d8c41eee-82d5-5e9c-96e2-19dcfc0ffb14,chapter4.tex:1108-1388 (line 1388 blank boundary omitted from target mapping)
urn:uuid:7dd8488a-59de-58f1-bace-02a0585c2690,relation/unit/bab-4-grup-bebas/section/01/covers/surface/unit-032/protected-math-zone/088-inline,urn:uuid:5568ebc8-788a-5478-853d-ad6479f1d1ca,covers,urn:uuid:1fe9ae64-64fb-5a78-959c-16fb62b7bd0f,chapter4.tex:1108-1388 (line 1388 blank boundary omitted from target mapping)
urn:uuid:5df5b6fa-7583-5de1-81cc-9fe948f354c8,relation/unit/bab-4-grup-bebas/section/01/covers/surface/unit-032/protected-math-zone/089-inline,urn:uuid:5568ebc8-788a-5478-853d-ad6479f1d1ca,covers,urn:uuid:2363fd6e-05bb-57c0-b8f3-6dff5283073e,chapter4.tex:1108-1388 (line 1388 blank boundary omitted from target mapping)
urn:uuid:7f9e6b66-fab2-5320-b7a1-92fd3c017fe1,relation/unit/bab-4-grup-bebas/section/01/covers/surface/unit-032/protected-math-zone/090-inline,urn:uuid:5568ebc8-788a-5478-853d-ad6479f1d1ca,covers,urn:uuid:27d3f000-dbc0-5f3d-a578-86d3de5d2a77,chapter4.tex:1108-1388 (line 1388 blank boundary omitted from target mapping)
urn:uuid:f38182e7-d5b7-51bc-817c-03dfa508aaa9,relation/unit/bab-4-grup-bebas/section/01/covers/surface/unit-032/protected-math-zone/091-inline,urn:uuid:5568ebc8-788a-5478-853d-ad6479f1d1ca,covers,urn:uuid:1aa93f02-1980-59f6-a3d2-ff6c9e5312c6,chapter4.tex:1108-1388 (line 1388 blank boundary omitted from target mapping)
urn:uuid:7bb94769-3da7-57fe-9f84-99fae022b90a,relation/unit/bab-4-grup-bebas/section/01/covers/surface/unit-032/protected-math-zone/092-inline,urn:uuid:5568ebc8-788a-5478-853d-ad6479f1d1ca,covers,urn:uuid:42bcb37c-0261-515a-9980-a3b0fa35e5c9,chapter4.tex:1108-1388 (line 1388 blank boundary omitted from target mapping)
urn:uuid:ec2f9015-9729-5840-b3ee-ba653d90a86d,relation/unit/bab-4-grup-bebas/section/01/covers/surface/unit-032/protected-math-zone/093-inline,urn:uuid:5568ebc8-788a-5478-853d-ad6479f1d1ca,covers,urn:uuid:d55c7379-ad46-5df1-a782-4adfa6bb18eb,chapter4.tex:1108-1388 (line 1388 blank boundary omitted from target mapping)
urn:uuid:5cee3574-ef74-534a-bdea-2fd3f076811a,relation/unit/bab-4-grup-bebas/section/01/covers/surface/unit-032/protected-math-zone/094-inline,urn:uuid:5568ebc8-788a-5478-853d-ad6479f1d1ca,covers,urn:uuid:9b32c517-c009-5292-bc7c-65050c3c8211,chapter4.tex:1108-1388 (line 1388 blank boundary omitted from target mapping)
urn:uuid:09478782-52c0-5c0d-826c-ed8dad26da59,relation/unit/bab-4-grup-bebas/section/01/covers/surface/unit-032/protected-math-zone/095-inline,urn:uuid:5568ebc8-788a-5478-853d-ad6479f1d1ca,covers,urn:uuid:3584baa1-b9d3-5753-9e2c-0aa088e48813,chapter4.tex:1108-1388 (line 1388 blank boundary omitted from target mapping)
urn:uuid:daf3df75-4f22-573d-904a-11919ff217d2,relation/unit/bab-4-grup-bebas/section/01/covers/surface/unit-032/protected-math-zone/096-inline,urn:uuid:5568ebc8-788a-5478-853d-ad6479f1d1ca,covers,urn:uuid:9232ee5f-ea87-5b1d-b6de-f298129261f7,chapter4.tex:1108-1388 (line 1388 blank boundary omitted from target mapping)
urn:uuid:c8c38d28-1f86-54dd-814a-e2c1b35692c6,relation/unit/bab-4-grup-bebas/section/01/covers/surface/unit-032/protected-math-zone/097-display-bracket,urn:uuid:5568ebc8-788a-5478-853d-ad6479f1d1ca,covers,urn:uuid:ef3d6743-511f-54c3-bc89-ec82e51d764e,chapter4.tex:1108-1388 (line 1388 blank boundary omitted from target mapping)
urn:uuid:f7ec4b30-c591-5f01-aae9-c930967d59f0,relation/unit/bab-4-grup-bebas/section/01/covers/surface/unit-032/protected-math-zone/098-display-environment,urn:uuid:5568ebc8-788a-5478-853d-ad6479f1d1ca,covers,urn:uuid:7b91117f-eea1-5a60-b229-19170e6ad160,chapter4.tex:1108-1388 (line 1388 blank boundary omitted from target mapping)
urn:uuid:37220ce8-c202-5c86-920c-0e5926dcca0d,relation/unit/bab-4-grup-bebas/section/01/covers/surface/unit-032/protected-math-zone/099-inline,urn:uuid:5568ebc8-788a-5478-853d-ad6479f1d1ca,covers,urn:uuid:f9acad76-4878-5fdc-9f27-56d0c015e2f2,chapter4.tex:1108-1388 (line 1388 blank boundary omitted from target mapping)
urn:uuid:197b7f2b-e817-56fa-9836-b3bce924d110,relation/unit/bab-4-grup-bebas/section/01/covers/surface/unit-032/protected-math-zone/100-display-bracket,urn:uuid:5568ebc8-788a-5478-853d-ad6479f1d1ca,covers,urn:uuid:d5798e97-f051-50c7-9484-63345f34d576,chapter4.tex:1108-1388 (line 1388 blank boundary omitted from target mapping)
urn:uuid:cb36755e-9f1c-53a0-aa1f-f6bda2f50544,relation/unit/bab-4-grup-bebas/section/01/covers/surface/unit-032/protected-math-zone/101-inline,urn:uuid:5568ebc8-788a-5478-853d-ad6479f1d1ca,covers,urn:uuid:af75c91f-890b-5532-8935-8375d5d0d30a,chapter4.tex:1108-1388 (line 1388 blank boundary omitted from target mapping)
urn:uuid:4d96fa83-3425-53d4-a7ad-0ac2d5a629f3,relation/unit/bab-4-grup-bebas/section/01/covers/surface/unit-032/protected-math-zone/102-inline,urn:uuid:5568ebc8-788a-5478-853d-ad6479f1d1ca,covers,urn:uuid:863d8a4e-7a42-5c68-93f5-8e1d36f68881,chapter4.tex:1108-1388 (line 1388 blank boundary omitted from target mapping)
urn:uuid:f851fc08-f899-52f1-8ed1-2165312d6c67,relation/unit/bab-4-grup-bebas/section/01/covers/surface/unit-032/protected-math-zone/103-inline,urn:uuid:5568ebc8-788a-5478-853d-ad6479f1d1ca,covers,urn:uuid:0f74d2fe-3b8f-5c09-a547-63a53c502932,chapter4.tex:1108-1388 (line 1388 blank boundary omitted from target mapping)
urn:uuid:10c22a01-456d-57ff-a25a-ad1206bb0d94,relation/unit/bab-4-grup-bebas/section/01/covers/surface/unit-032/protected-math-zone/104-inline,urn:uuid:5568ebc8-788a-5478-853d-ad6479f1d1ca,covers,urn:uuid:6a4205c3-9aa6-5542-ac95-d063b4c4c357,chapter4.tex:1108-1388 (line 1388 blank boundary omitted from target mapping)
urn:uuid:3bba9544-f4e3-529d-afd7-2ec9d997787c,relation/unit/bab-4-grup-bebas/section/01/covers/surface/unit-032/protected-math-zone/105-display-environment,urn:uuid:5568ebc8-788a-5478-853d-ad6479f1d1ca,covers,urn:uuid:778c6b1d-4921-558c-8daf-0b74d6bd90f0,chapter4.tex:1108-1388 (line 1388 blank boundary omitted from target mapping)
urn:uuid:595bd029-8962-500c-96f8-12f670d207a1,relation/unit/bab-4-grup-bebas/section/01/covers/surface/unit-032/protected-math-zone/106-inline,urn:uuid:5568ebc8-788a-5478-853d-ad6479f1d1ca,covers,urn:uuid:7e350611-2f8e-5c72-b6b3-0b552e732188,chapter4.tex:1108-1388 (line 1388 blank boundary omitted from target mapping)
urn:uuid:16b95aca-9235-5156-ac23-e561f9b8b7e6,relation/unit/bab-4-grup-bebas/section/01/covers/surface/unit-032/protected-math-zone/107-inline,urn:uuid:5568ebc8-788a-5478-853d-ad6479f1d1ca,covers,urn:uuid:b9bd157f-6816-56c0-ab37-4c1a16f8f088,chapter4.tex:1108-1388 (line 1388 blank boundary omitted from target mapping)
urn:uuid:071bf600-67df-5ae2-8e24-5a8b421df639,relation/unit/bab-4-grup-bebas/section/01/covers/surface/unit-032/protected-math-zone/108-inline,urn:uuid:5568ebc8-788a-5478-853d-ad6479f1d1ca,covers,urn:uuid:70df65ca-203b-505a-8502-e662dafd2450,chapter4.tex:1108-1388 (line 1388 blank boundary omitted from target mapping)
urn:uuid:38161bab-3691-57f4-a92f-e6fa680a7a7d,relation/unit/bab-4-grup-bebas/section/01/covers/surface/unit-032/protected-math-zone/109-inline,urn:uuid:5568ebc8-788a-5478-853d-ad6479f1d1ca,covers,urn:uuid:852b356d-f2a1-5aaf-ab4b-a77684f3ecfb,chapter4.tex:1108-1388 (line 1388 blank boundary omitted from target mapping)
urn:uuid:db727f83-ffff-5e4b-8e35-4d7260c5b082,relation/unit/bab-4-grup-bebas/section/01/covers/surface/unit-032/protected-math-zone/110-inline,urn:uuid:5568ebc8-788a-5478-853d-ad6479f1d1ca,covers,urn:uuid:e340c9a8-ad7a-5e20-b7eb-82fa864475cd,chapter4.tex:1108-1388 (line 1388 blank boundary omitted from target mapping)
urn:uuid:33de6048-fa6f-58ca-beae-2f2f7dbbd759,relation/unit/bab-4-grup-bebas/section/01/covers/surface/unit-032/protected-math-zone/111-display-bracket,urn:uuid:5568ebc8-788a-5478-853d-ad6479f1d1ca,covers,urn:uuid:f145f339-31e1-5133-8211-b2ab1cd0aba9,chapter4.tex:1108-1388 (line 1388 blank boundary omitted from target mapping)
urn:uuid:37c96586-97d2-5f1b-b9a5-042d010fab5c,relation/unit/bab-4-grup-bebas/section/01/covers/surface/unit-032/protected-math-zone/112-inline,urn:uuid:5568ebc8-788a-5478-853d-ad6479f1d1ca,covers,urn:uuid:09a6c36d-a885-531d-9df6-338ee3bfa4d4,chapter4.tex:1108-1388 (line 1388 blank boundary omitted from target mapping)
urn:uuid:d00cca10-346e-53ca-9aea-1591a9c0cbe2,relation/unit/bab-4-grup-bebas/section/01/covers/surface/unit-032/protected-math-zone/113-inline,urn:uuid:5568ebc8-788a-5478-853d-ad6479f1d1ca,covers,urn:uuid:5fd041ca-4853-56e9-822c-ae3717e6f731,chapter4.tex:1108-1388 (line 1388 blank boundary omitted from target mapping)
urn:uuid:ef387c88-a7dc-5336-82e8-dffb06b62009,relation/unit/bab-4-grup-bebas/section/01/covers/surface/unit-032/protected-math-zone/114-inline,urn:uuid:5568ebc8-788a-5478-853d-ad6479f1d1ca,covers,urn:uuid:04c753d9-35a5-5740-95d3-a2ce9d9d664a,chapter4.tex:1108-1388 (line 1388 blank boundary omitted from target mapping)
urn:uuid:701b5828-9d2e-5b44-9e6c-1e7b73b69761,relation/unit/bab-4-grup-bebas/section/01/covers/surface/unit-032/protected-math-zone/115-inline,urn:uuid:5568ebc8-788a-5478-853d-ad6479f1d1ca,covers,urn:uuid:e87ef385-0802-5e1b-a1d4-79560a4edf62,chapter4.tex:1108-1388 (line 1388 blank boundary omitted from target mapping)
urn:uuid:eb6a9451-da99-5a55-968f-785d1f523f97,relation/unit/bab-4-grup-bebas/section/01/covers/surface/unit-032/protected-math-zone/116-inline,urn:uuid:5568ebc8-788a-5478-853d-ad6479f1d1ca,covers,urn:uuid:2c3e9929-9700-5370-9727-a80b7c883794,chapter4.tex:1108-1388 (line 1388 blank boundary omitted from target mapping)
urn:uuid:9403c114-5047-5579-ae8e-b7962bd7fd6b,relation/unit/bab-4-grup-bebas/section/01/covers/surface/unit-032/protected-math-zone/117-inline,urn:uuid:5568ebc8-788a-5478-853d-ad6479f1d1ca,covers,urn:uuid:07d2edbe-20fc-5a4a-8ef7-2bdef0a1e3b4,chapter4.tex:1108-1388 (line 1388 blank boundary omitted from target mapping)
urn:uuid:c546013b-1b6c-5c62-9768-8eba8c543c36,relation/unit/bab-4-grup-bebas/section/01/covers/surface/unit-032/protected-math-zone/118-inline,urn:uuid:5568ebc8-788a-5478-853d-ad6479f1d1ca,covers,urn:uuid:721833bf-2ad5-5047-a579-2ef29b43e582,chapter4.tex:1108-1388 (line 1388 blank boundary omitted from target mapping)
urn:uuid:d65c5cf6-ba6a-5cde-81d9-b0b6dfc81a60,relation/unit/bab-4-grup-bebas/section/01/covers/surface/unit-032/protected-math-zone/119-inline,urn:uuid:5568ebc8-788a-5478-853d-ad6479f1d1ca,covers,urn:uuid:373fcfdb-a778-5769-9232-c1bdfeb9af5e,chapter4.tex:1108-1388 (line 1388 blank boundary omitted from target mapping)
urn:uuid:541b7840-3cdc-599c-9fb4-54a711f04969,relation/unit/bab-4-grup-bebas/section/01/covers/surface/unit-032/protected-math-zone/120-inline,urn:uuid:5568ebc8-788a-5478-853d-ad6479f1d1ca,covers,urn:uuid:cecab4be-c5bd-5d51-8a90-f186bd98d5e4,chapter4.tex:1108-1388 (line 1388 blank boundary omitted from target mapping)
urn:uuid:2239d6a2-78bd-5337-ad85-13863952cc6d,relation/unit/bab-4-grup-bebas/section/01/covers/surface/unit-032/protected-math-zone/121-inline,urn:uuid:5568ebc8-788a-5478-853d-ad6479f1d1ca,covers,urn:uuid:113c4914-5b16-557b-9333-9ee4bedb8ed1,chapter4.tex:1108-1388 (line 1388 blank boundary omitted from target mapping)
urn:uuid:2a47f4da-c31a-5e6c-bdfa-6040173cefa1,relation/unit/bab-4-grup-bebas/section/01/covers/surface/unit-032/protected-math-zone/122-inline,urn:uuid:5568ebc8-788a-5478-853d-ad6479f1d1ca,covers,urn:uuid:9ec8173c-e55d-528c-b3a8-49c1cf02c618,chapter4.tex:1108-1388 (line 1388 blank boundary omitted from target mapping)
urn:uuid:61fbce01-f473-5350-bb35-24ad62f73131,relation/unit/bab-4-grup-bebas/section/01/covers/surface/unit-032/protected-math-zone/123-inline,urn:uuid:5568ebc8-788a-5478-853d-ad6479f1d1ca,covers,urn:uuid:bbed5175-280c-5427-aae2-444803ea1586,chapter4.tex:1108-1388 (line 1388 blank boundary omitted from target mapping)
urn:uuid:b6c48a2c-e693-5e6e-964c-f50bfb7c5445,relation/unit/bab-4-grup-bebas/section/01/covers/surface/unit-032/protected-math-zone/124-inline,urn:uuid:5568ebc8-788a-5478-853d-ad6479f1d1ca,covers,urn:uuid:94e275cd-0138-55d6-a972-0849978a13af,chapter4.tex:1108-1388 (line 1388 blank boundary omitted from target mapping)
urn:uuid:4f73381c-60c8-5594-a583-86f6ad1a4887,relation/unit/bab-4-grup-bebas/section/01/covers/surface/unit-032/protected-math-zone/125-inline,urn:uuid:5568ebc8-788a-5478-853d-ad6479f1d1ca,covers,urn:uuid:6c4c84ac-cf38-53ae-b33a-ef49f87a1f9d,chapter4.tex:1108-1388 (line 1388 blank boundary omitted from target mapping)
urn:uuid:06072def-d2af-5d59-b72c-fb32410ac9d8,relation/unit/bab-4-grup-bebas/section/01/covers/surface/unit-032/protected-math-zone/126-display-bracket,urn:uuid:5568ebc8-788a-5478-853d-ad6479f1d1ca,covers,urn:uuid:2e5ed4db-bd3b-53b3-ada7-ffee057afbcc,chapter4.tex:1108-1388 (line 1388 blank boundary omitted from target mapping)
urn:uuid:c890b72b-193c-578d-b9db-eaa0b7de02dd,relation/unit/bab-4-grup-bebas/section/01/covers/surface/unit-032/protected-math-zone/127-display-environment,urn:uuid:5568ebc8-788a-5478-853d-ad6479f1d1ca,covers,urn:uuid:43d9675c-a2b7-5306-bd4d-498b067e2d75,chapter4.tex:1108-1388 (line 1388 blank boundary omitted from target mapping)
urn:uuid:97c5c750-15ad-5172-9aed-ca4f802f7f87,relation/unit/bab-4-grup-bebas/section/01/covers/surface/unit-032/protected-math-zone/128-inline,urn:uuid:5568ebc8-788a-5478-853d-ad6479f1d1ca,covers,urn:uuid:370fd1e0-548e-5f73-b9ee-f630b6240858,chapter4.tex:1108-1388 (line 1388 blank boundary omitted from target mapping)
urn:uuid:e24078ea-9b71-5dc7-a180-12c45c8089d5,relation/unit/bab-4-grup-bebas/section/01/covers/surface/unit-032/protected-math-zone/129-inline,urn:uuid:5568ebc8-788a-5478-853d-ad6479f1d1ca,covers,urn:uuid:0f2166a6-8528-5886-8ea9-a57b4a793f13,chapter4.tex:1108-1388 (line 1388 blank boundary omitted from target mapping)
urn:uuid:91d8969a-4f92-5720-b141-b8ede6b417d0,relation/unit/bab-4-grup-bebas/section/01/covers/surface/unit-032/protected-math-zone/130-inline,urn:uuid:5568ebc8-788a-5478-853d-ad6479f1d1ca,covers,urn:uuid:114581d3-aefc-5d47-9c58-a753b23cff86,chapter4.tex:1108-1388 (line 1388 blank boundary omitted from target mapping)
urn:uuid:25806773-1f80-57ee-85b9-0ab0e170063d,relation/unit/bab-4-grup-bebas/section/01/covers/surface/unit-032/protected-math-zone/131-inline,urn:uuid:5568ebc8-788a-5478-853d-ad6479f1d1ca,covers,urn:uuid:30f06230-4925-574d-b4b9-c7be08b9a0f9,chapter4.tex:1108-1388 (line 1388 blank boundary omitted from target mapping)
urn:uuid:cc09d46d-033d-53e2-9ffd-df9aa5857927,relation/unit/bab-4-grup-bebas/section/01/covers/surface/unit-032/protected-math-zone/132-inline,urn:uuid:5568ebc8-788a-5478-853d-ad6479f1d1ca,covers,urn:uuid:8f3828b2-2342-58c7-b206-a3b875f40fad,chapter4.tex:1108-1388 (line 1388 blank boundary omitted from target mapping)
urn:uuid:6b3e3f7f-0641-55af-9d13-88e08a9632ae,relation/unit/bab-4-grup-bebas/section/01/covers/surface/unit-032/protected-math-zone/133-display-bracket,urn:uuid:5568ebc8-788a-5478-853d-ad6479f1d1ca,covers,urn:uuid:371206bc-e0cc-50d6-ad97-26a0ca3d0062,chapter4.tex:1108-1388 (line 1388 blank boundary omitted from target mapping)
urn:uuid:43d2d9e3-e612-573e-9029-53c3364c48a4,relation/unit/bab-4-grup-bebas/section/01/covers/surface/unit-032/protected-math-zone/134-display-bracket,urn:uuid:5568ebc8-788a-5478-853d-ad6479f1d1ca,covers,urn:uuid:bae89f46-e963-574c-8aa5-50b5f8f81398,chapter4.tex:1108-1388 (line 1388 blank boundary omitted from target mapping)
urn:uuid:762ced45-7b43-5bbd-8318-6311f6855fcf,relation/unit/bab-4-grup-bebas/section/01/covers/surface/unit-032/protected-math-zone/135-inline,urn:uuid:5568ebc8-788a-5478-853d-ad6479f1d1ca,covers,urn:uuid:7f969714-c979-596a-9efb-881a348dc8ed,chapter4.tex:1108-1388 (line 1388 blank boundary omitted from target mapping)
urn:uuid:042d1245-a871-5b55-b3bf-f863863f76ca,relation/unit/bab-4-grup-bebas/section/01/covers/surface/unit-032/protected-math-zone/136-inline,urn:uuid:5568ebc8-788a-5478-853d-ad6479f1d1ca,covers,urn:uuid:36b60856-0b91-5551-addb-44129c449921,chapter4.tex:1108-1388 (line 1388 blank boundary omitted from target mapping)
urn:uuid:42f8a5fd-f70e-51f8-a6ee-2e643d4c2077,relation/unit/bab-4-grup-bebas/section/01/covers/surface/unit-032/protected-math-zone/137-display-environment,urn:uuid:5568ebc8-788a-5478-853d-ad6479f1d1ca,covers,urn:uuid:52d74d1b-ef5d-57e3-a49e-28c3db4698f4,chapter4.tex:1108-1388 (line 1388 blank boundary omitted from target mapping)
urn:uuid:fcb20fae-a04c-53a1-bf0d-2782045705e6,relation/unit/bab-4-grup-bebas/section/01/covers/surface/unit-032/protected-math-zone/138-display-environment,urn:uuid:5568ebc8-788a-5478-853d-ad6479f1d1ca,covers,urn:uuid:96b63d13-f01f-5fe2-84d5-08b7353ea6a8,chapter4.tex:1108-1388 (line 1388 blank boundary omitted from target mapping)
urn:uuid:7ab3bac2-4126-5885-8852-7b46f75af821,relation/unit/bab-4-grup-bebas/section/01/covers/surface/unit-032/protected-math-zone/139-inline,urn:uuid:5568ebc8-788a-5478-853d-ad6479f1d1ca,covers,urn:uuid:98f894b0-abf4-568f-a9f6-7e7d6c3229eb,chapter4.tex:1108-1388 (line 1388 blank boundary omitted from target mapping)
urn:uuid:3df40f25-b88a-553d-8c2f-e49b1aed0241,relation/unit/bab-4-grup-bebas/section/01/covers/surface/unit-032/protected-math-zone/140-inline,urn:uuid:5568ebc8-788a-5478-853d-ad6479f1d1ca,covers,urn:uuid:aaa5643c-25eb-5a1c-b641-aef2bc87ccaa,chapter4.tex:1108-1388 (line 1388 blank boundary omitted from target mapping)
urn:uuid:ceca6043-4712-5e8e-9c6a-d0e6c6959429,relation/unit/bab-4-grup-bebas/section/01/covers/surface/unit-032/protected-math-zone/141-inline,urn:uuid:5568ebc8-788a-5478-853d-ad6479f1d1ca,covers,urn:uuid:85ba3c8f-619a-555d-99b9-6dba12c6e3f8,chapter4.tex:1108-1388 (line 1388 blank boundary omitted from target mapping)
urn:uuid:524ef25a-264b-5304-825c-0151c332eab9,relation/unit/bab-4-grup-bebas/section/01/covers/surface/unit-032/protected-math-zone/142-inline,urn:uuid:5568ebc8-788a-5478-853d-ad6479f1d1ca,covers,urn:uuid:3a022628-cde2-50b6-a9b2-c0de26cc91fd,chapter4.tex:1108-1388 (line 1388 blank boundary omitted from target mapping)
urn:uuid:a1986989-47c6-500b-a6e2-1f064a78f092,relation/unit/bab-4-grup-bebas/section/01/covers/surface/unit-032/protected-math-zone/143-inline,urn:uuid:5568ebc8-788a-5478-853d-ad6479f1d1ca,covers,urn:uuid:294449c8-ff50-5418-9746-702c077f8885,chapter4.tex:1108-1388 (line 1388 blank boundary omitted from target mapping)
urn:uuid:16b41c15-3773-5831-b93f-4144c6b4a130,relation/unit/bab-4-grup-bebas/section/01/covers/surface/unit-032/protected-math-zone/144-inline,urn:uuid:5568ebc8-788a-5478-853d-ad6479f1d1ca,covers,urn:uuid:156a6d1d-7a4a-5881-84a6-59ea747b57a4,chapter4.tex:1108-1388 (line 1388 blank boundary omitted from target mapping)
urn:uuid:c6604846-854f-59fa-823c-4172fba1acf8,relation/unit/bab-4-grup-bebas/section/01/covers/surface/unit-032/protected-math-zone/145-inline,urn:uuid:5568ebc8-788a-5478-853d-ad6479f1d1ca,covers,urn:uuid:e8a81493-9d9b-56cd-b00e-89c842bec8a0,chapter4.tex:1108-1388 (line 1388 blank boundary omitted from target mapping)
urn:uuid:78d1008e-e2de-5662-8625-829d66649559,relation/unit/bab-4-grup-bebas/section/01/covers/surface/unit-032/protected-math-zone/146-inline,urn:uuid:5568ebc8-788a-5478-853d-ad6479f1d1ca,covers,urn:uuid:186c36ac-8131-5a57-a88e-4878e9d03f13,chapter4.tex:1108-1388 (line 1388 blank boundary omitted from target mapping)
urn:uuid:f4214a5a-c0cf-5a89-8b7f-5d03f0f7cd88,relation/unit/bab-4-grup-bebas/section/01/covers/surface/unit-032/protected-math-zone/147-inline,urn:uuid:5568ebc8-788a-5478-853d-ad6479f1d1ca,covers,urn:uuid:4cbf0433-72f4-583f-af52-4f7e3ddbdd6f,chapter4.tex:1108-1388 (line 1388 blank boundary omitted from target mapping)
urn:uuid:1d996e42-af82-55c7-9204-7fe3a423bf21,relation/unit/bab-4-grup-bebas/section/01/covers/surface/unit-032/protected-math-zone/148-inline,urn:uuid:5568ebc8-788a-5478-853d-ad6479f1d1ca,covers,urn:uuid:a7d35cb5-ce33-5235-986a-2af40859a739,chapter4.tex:1108-1388 (line 1388 blank boundary omitted from target mapping)
urn:uuid:e6460c0a-2281-573b-8439-062045b73b91,relation/unit/bab-4-grup-bebas/section/01/covers/surface/unit-032/protected-math-zone/149-inline,urn:uuid:5568ebc8-788a-5478-853d-ad6479f1d1ca,covers,urn:uuid:cd3f9dfe-0f2a-5268-830b-20463a7dc807,chapter4.tex:1108-1388 (line 1388 blank boundary omitted from target mapping)
urn:uuid:eaf6adc7-9993-5290-9617-2f82290ae718,relation/unit/bab-4-grup-bebas/section/01/covers/surface/unit-032/protected-math-zone/150-inline,urn:uuid:5568ebc8-788a-5478-853d-ad6479f1d1ca,covers,urn:uuid:bffb8fe5-361a-5c8f-8e3b-4ad1fb03f000,chapter4.tex:1108-1388 (line 1388 blank boundary omitted from target mapping)
urn:uuid:08e64466-692d-52dd-b20c-26cd8f5b3036,relation/unit/bab-4-grup-bebas/section/01/covers/surface/unit-032/protected-math-zone/151-inline,urn:uuid:5568ebc8-788a-5478-853d-ad6479f1d1ca,covers,urn:uuid:99a5a41a-304f-5cbe-bdf9-7df5fafc460e,chapter4.tex:1108-1388 (line 1388 blank boundary omitted from target mapping)
urn:uuid:40074ad8-7186-537e-b2ef-686b25daf1c1,relation/unit/bab-4-grup-bebas/section/01/covers/surface/unit-032/protected-math-zone/152-inline,urn:uuid:5568ebc8-788a-5478-853d-ad6479f1d1ca,covers,urn:uuid:153aead9-e057-5452-a1e9-f7c6dd7c274a,chapter4.tex:1108-1388 (line 1388 blank boundary omitted from target mapping)
urn:uuid:71ef30d0-3f03-5bfe-bee4-25c5987bfe91,relation/unit/bab-4-grup-bebas/section/01/covers/surface/unit-032/protected-math-zone/153-inline,urn:uuid:5568ebc8-788a-5478-853d-ad6479f1d1ca,covers,urn:uuid:cbb06498-4097-51d0-b9a8-9603865c8be3,chapter4.tex:1108-1388 (line 1388 blank boundary omitted from target mapping)
urn:uuid:54905352-3a02-5add-a410-ec970e6bd2bb,relation/unit/bab-4-grup-bebas/section/01/covers/surface/unit-032/protected-math-zone/154-display-bracket,urn:uuid:5568ebc8-788a-5478-853d-ad6479f1d1ca,covers,urn:uuid:92dde940-8962-56b0-b12a-5304ef4ec7b3,chapter4.tex:1108-1388 (line 1388 blank boundary omitted from target mapping)
urn:uuid:c917e97a-1cc6-5e7c-93c5-b1e6dc9845b1,relation/unit/bab-4-grup-bebas/section/01/covers/surface/unit-032/protected-math-zone/155-inline,urn:uuid:5568ebc8-788a-5478-853d-ad6479f1d1ca,covers,urn:uuid:d5bd3d02-d55a-518d-ba4f-d27cc43a1b56,chapter4.tex:1108-1388 (line 1388 blank boundary omitted from target mapping)
urn:uuid:a28e9b38-ee72-5a03-99de-1451b733bb93,relation/unit/bab-4-grup-bebas/section/01/covers/surface/unit-032/protected-math-zone/156-inline,urn:uuid:5568ebc8-788a-5478-853d-ad6479f1d1ca,covers,urn:uuid:26ebc783-d010-5d61-b40d-ff2479b9536f,chapter4.tex:1108-1388 (line 1388 blank boundary omitted from target mapping)
urn:uuid:3f93f3dd-2c28-51cc-9a0e-a67c9be4b7fb,relation/unit/bab-4-grup-bebas/section/01/covers/surface/unit-032/protected-math-zone/157-inline,urn:uuid:5568ebc8-788a-5478-853d-ad6479f1d1ca,covers,urn:uuid:caf2f537-72f7-5da7-b8ce-8fe0e54873b9,chapter4.tex:1108-1388 (line 1388 blank boundary omitted from target mapping)
urn:uuid:21830e24-0263-588c-8138-8e5fdefcd011,relation/unit/bab-4-grup-bebas/section/01/covers/surface/unit-032/protected-math-zone/158-inline,urn:uuid:5568ebc8-788a-5478-853d-ad6479f1d1ca,covers,urn:uuid:dd8811b6-942e-5611-99e1-62fb97cc414d,chapter4.tex:1108-1388 (line 1388 blank boundary omitted from target mapping)
urn:uuid:080a2095-91c5-5111-a5a1-778758a09de7,relation/unit/bab-4-grup-bebas/section/01/covers/surface/unit-032/protected-math-zone/159-inline,urn:uuid:5568ebc8-788a-5478-853d-ad6479f1d1ca,covers,urn:uuid:b05a1420-1d57-5552-a9a7-332220b5fca4,chapter4.tex:1108-1388 (line 1388 blank boundary omitted from target mapping)
urn:uuid:4f02c9a0-25e1-5c5c-a4b4-30568a088dc8,relation/unit/bab-4-grup-bebas/section/01/covers/surface/unit-032/protected-math-zone/160-inline,urn:uuid:5568ebc8-788a-5478-853d-ad6479f1d1ca,covers,urn:uuid:e71ac767-2264-5808-8e9e-78a8af745cb7,chapter4.tex:1108-1388 (line 1388 blank boundary omitted from target mapping)
urn:uuid:0aeb9edd-91aa-5ef2-9a43-69deaa1c24fa,relation/unit/bab-4-grup-bebas/section/01/covers/surface/unit-032/protected-math-zone/161-inline,urn:uuid:5568ebc8-788a-5478-853d-ad6479f1d1ca,covers,urn:uuid:3cb78d37-1ed3-59fa-89ab-f4c02f5e92c3,chapter4.tex:1108-1388 (line 1388 blank boundary omitted from target mapping)
urn:uuid:cf948175-f3d2-56a6-8471-b719bb2740d4,relation/unit/bab-4-grup-bebas/section/01/covers/surface/unit-032/protected-math-zone/162-inline,urn:uuid:5568ebc8-788a-5478-853d-ad6479f1d1ca,covers,urn:uuid:75a01467-70ea-5270-ab4e-08f4800d0e05,chapter4.tex:1108-1388 (line 1388 blank boundary omitted from target mapping)
urn:uuid:30cb7797-3614-5d0d-92eb-b1f1e7a473ab,relation/unit/bab-4-grup-bebas/section/01/covers/surface/unit-032/protected-math-zone/163-inline,urn:uuid:5568ebc8-788a-5478-853d-ad6479f1d1ca,covers,urn:uuid:ecde821b-a010-5d83-befd-591c4b670aeb,chapter4.tex:1108-1388 (line 1388 blank boundary omitted from target mapping)
urn:uuid:403d33af-7a69-5f4e-b714-1d3a2fdc28fb,relation/unit/bab-4-grup-bebas/section/01/covers/surface/unit-032/protected-math-zone/164-inline,urn:uuid:5568ebc8-788a-5478-853d-ad6479f1d1ca,covers,urn:uuid:75500194-0a51-50ae-a709-cf3383770e70,chapter4.tex:1108-1388 (line 1388 blank boundary omitted from target mapping)
urn:uuid:f0bc049a-228c-58fd-b813-0898cee0fa22,relation/unit/bab-4-grup-bebas/section/01/covers/surface/unit-032/protected-math-zone/165-inline,urn:uuid:5568ebc8-788a-5478-853d-ad6479f1d1ca,covers,urn:uuid:57a24969-ee2d-5193-aefa-431dca31409f,chapter4.tex:1108-1388 (line 1388 blank boundary omitted from target mapping)
urn:uuid:94096195-22f3-5a38-b398-1e9f61ec3c87,relation/unit/bab-4-grup-bebas/section/01/covers/surface/unit-032/protected-math-zone/166-inline,urn:uuid:5568ebc8-788a-5478-853d-ad6479f1d1ca,covers,urn:uuid:22328722-9372-54b5-a387-7c5521b6fa93,chapter4.tex:1108-1388 (line 1388 blank boundary omitted from target mapping)
urn:uuid:06ed6d3f-5dda-54e2-bf79-5b5687356b33,relation/unit/bab-4-grup-bebas/section/01/covers/surface/unit-032/protected-math-zone/167-display-bracket,urn:uuid:5568ebc8-788a-5478-853d-ad6479f1d1ca,covers,urn:uuid:5f26f6bc-1242-5b5f-9278-f5f23475a5e2,chapter4.tex:1108-1388 (line 1388 blank boundary omitted from target mapping)
urn:uuid:5153514e-d5c5-5bc2-95eb-ab4b25201853,relation/unit/bab-4-grup-bebas/section/01/covers/surface/unit-032/protected-math-zone/168-inline,urn:uuid:5568ebc8-788a-5478-853d-ad6479f1d1ca,covers,urn:uuid:2ad067ee-735d-5ecc-90a1-e25342b048fb,chapter4.tex:1108-1388 (line 1388 blank boundary omitted from target mapping)
urn:uuid:a33cc8fb-249b-56bb-9cfc-32b484e6929c,relation/unit/bab-4-grup-bebas/section/01/covers/surface/unit-032/protected-math-zone/169-inline,urn:uuid:5568ebc8-788a-5478-853d-ad6479f1d1ca,covers,urn:uuid:2f13c43a-e653-5b04-bf7c-536ca4a2353c,chapter4.tex:1108-1388 (line 1388 blank boundary omitted from target mapping)
urn:uuid:790deb85-a1ad-5f78-968e-7e0c77b7e0b6,relation/unit/bab-4-grup-bebas/section/01/covers/surface/unit-032/protected-math-zone/170-display-environment,urn:uuid:5568ebc8-788a-5478-853d-ad6479f1d1ca,covers,urn:uuid:e78fc47e-04d5-5aa3-a675-e2053c0fef18,chapter4.tex:1108-1388 (line 1388 blank boundary omitted from target mapping)
urn:uuid:4a26daf5-5abb-5198-9959-15345baa8169,relation/unit/bab-4-grup-bebas/section/01/covers/surface/unit-032/protected-math-zone/171-inline,urn:uuid:5568ebc8-788a-5478-853d-ad6479f1d1ca,covers,urn:uuid:09905802-fe08-5c17-8c57-7cead95997dc,chapter4.tex:1108-1388 (line 1388 blank boundary omitted from target mapping)
urn:uuid:1e33e158-9004-5039-aff4-c4efe5bf8b8c,relation/unit/bab-4-grup-bebas/section/01/covers/surface/unit-032/protected-math-zone/172-inline,urn:uuid:5568ebc8-788a-5478-853d-ad6479f1d1ca,covers,urn:uuid:34eab18b-38f2-5ef5-b3d8-c7e41b82d4e1,chapter4.tex:1108-1388 (line 1388 blank boundary omitted from target mapping)
urn:uuid:8a2878f3-dacc-5ab7-b82c-c7aacf7a96db,relation/unit/bab-4-grup-bebas/section/01/covers/surface/unit-032/protected-math-zone/173-inline,urn:uuid:5568ebc8-788a-5478-853d-ad6479f1d1ca,covers,urn:uuid:e928a622-190e-55bd-99e6-42fdfba07de9,chapter4.tex:1108-1388 (line 1388 blank boundary omitted from target mapping)
urn:uuid:2258e9f5-828c-51c3-9781-46d81c666c34,relation/unit/bab-4-grup-bebas/section/01/covers/surface/unit-032/protected-math-zone/174-inline,urn:uuid:5568ebc8-788a-5478-853d-ad6479f1d1ca,covers,urn:uuid:33f782eb-d586-5b2a-a675-458abefcee0f,chapter4.tex:1108-1388 (line 1388 blank boundary omitted from target mapping)
urn:uuid:b14139a9-07e8-58d3-8469-2419e7b41962,relation/unit/bab-4-grup-bebas/section/01/covers/surface/unit-032/protected-math-zone/175-inline,urn:uuid:5568ebc8-788a-5478-853d-ad6479f1d1ca,covers,urn:uuid:921ed1f8-e168-50af-9ada-e33f2c9de2e2,chapter4.tex:1108-1388 (line 1388 blank boundary omitted from target mapping)
urn:uuid:997fec8a-14da-5ad6-b9ad-197c3dbbdacf,relation/unit/bab-4-grup-bebas/section/01/covers/surface/unit-032/protected-math-zone/176-inline,urn:uuid:5568ebc8-788a-5478-853d-ad6479f1d1ca,covers,urn:uuid:a6e691b8-cc85-5aff-bbef-048b4a22f885,chapter4.tex:1108-1388 (line 1388 blank boundary omitted from target mapping)
urn:uuid:3c6268f6-f86e-50a6-993a-4887054d9716,relation/unit/bab-4-grup-bebas/section/01/covers/surface/unit-032/protected-math-zone/177-inline,urn:uuid:5568ebc8-788a-5478-853d-ad6479f1d1ca,covers,urn:uuid:4358af35-4c6a-502e-a6dd-125c9c592bde,chapter4.tex:1108-1388 (line 1388 blank boundary omitted from target mapping)
urn:uuid:2e52f2c4-87c2-54fd-98fe-a1777dc164e2,relation/unit/bab-4-grup-bebas/section/01/covers/surface/unit-032/protected-math-zone/178-inline,urn:uuid:5568ebc8-788a-5478-853d-ad6479f1d1ca,covers,urn:uuid:d2f1c00a-f335-5ab0-859f-00871648f32c,chapter4.tex:1108-1388 (line 1388 blank boundary omitted from target mapping)
urn:uuid:bdac4dac-954d-5ff9-b5c9-602525748ae7,relation/unit/bab-4-grup-bebas/section/01/covers/surface/unit-032/protected-math-zone/179-inline,urn:uuid:5568ebc8-788a-5478-853d-ad6479f1d1ca,covers,urn:uuid:103851c8-b001-5934-b8b1-100300a812e4,chapter4.tex:1108-1388 (line 1388 blank boundary omitted from target mapping)
urn:uuid:6cfc64cf-9ca0-5341-a08c-f4213395a9ef,relation/unit/bab-4-grup-bebas/section/01/covers/surface/unit-032/protected-math-zone/180-inline,urn:uuid:5568ebc8-788a-5478-853d-ad6479f1d1ca,covers,urn:uuid:ed92a231-3998-5efc-b676-7c76b64c11c5,chapter4.tex:1108-1388 (line 1388 blank boundary omitted from target mapping)
urn:uuid:7532ac16-2d74-52cc-a068-26adf7c8a919,relation/unit/bab-4-grup-bebas/section/01/covers/surface/unit-032/protected-math-zone/181-inline,urn:uuid:5568ebc8-788a-5478-853d-ad6479f1d1ca,covers,urn:uuid:e76a1be3-23da-55dd-a55f-1905e946dc04,chapter4.tex:1108-1388 (line 1388 blank boundary omitted from target mapping)
urn:uuid:85093dea-01e3-5222-8dbf-39a8bd337a7f,relation/unit/bab-4-grup-bebas/section/01/covers/surface/unit-032/protected-math-zone/182-inline,urn:uuid:5568ebc8-788a-5478-853d-ad6479f1d1ca,covers,urn:uuid:e6e4e7f2-9636-540d-90bd-f92264767c2c,chapter4.tex:1108-1388 (line 1388 blank boundary omitted from target mapping)
urn:uuid:ec9326d5-f66a-5f9f-a7bb-9b33f97c1ec0,relation/unit/bab-4-grup-bebas/section/01/covers/surface/unit-032/protected-math-zone/183-inline,urn:uuid:5568ebc8-788a-5478-853d-ad6479f1d1ca,covers,urn:uuid:689fd631-0322-5580-b21a-9c5a7bccd53f,chapter4.tex:1108-1388 (line 1388 blank boundary omitted from target mapping)
urn:uuid:3bce168d-330f-5174-aa15-2e16ef966b32,relation/unit/bab-4-grup-bebas/section/01/covers/surface/unit-032/protected-math-zone/184-inline,urn:uuid:5568ebc8-788a-5478-853d-ad6479f1d1ca,covers,urn:uuid:3858dde5-2d63-5e64-b04b-d91abea6c9db,chapter4.tex:1108-1388 (line 1388 blank boundary omitted from target mapping)
urn:uuid:c6b35727-32fc-51c4-a0c0-98e8b8e66d2b,relation/unit/bab-4-grup-bebas/section/01/covers/surface/unit-032/protected-math-zone/185-inline,urn:uuid:5568ebc8-788a-5478-853d-ad6479f1d1ca,covers,urn:uuid:c5dc1814-59a2-5e4d-836d-3ac6018e4cb7,chapter4.tex:1108-1388 (line 1388 blank boundary omitted from target mapping)
urn:uuid:61130154-a938-5e96-b4c0-d9dc6bc84147,relation/unit/bab-4-grup-bebas/section/01/covers/surface/unit-032/protected-math-zone/186-inline,urn:uuid:5568ebc8-788a-5478-853d-ad6479f1d1ca,covers,urn:uuid:69222b79-cc4a-5b11-8fa5-5ac4a06fc113,chapter4.tex:1108-1388 (line 1388 blank boundary omitted from target mapping)
urn:uuid:9b62df58-37ed-5e0c-b9d6-0320c3164391,relation/unit/bab-4-grup-bebas/section/01/covers/surface/unit-032/protected-math-zone/187-display-bracket,urn:uuid:5568ebc8-788a-5478-853d-ad6479f1d1ca,covers,urn:uuid:08dbb4b4-3c32-541a-86ff-811431b79caf,chapter4.tex:1108-1388 (line 1388 blank boundary omitted from target mapping)
urn:uuid:b2838412-580b-541a-8bd2-af6746277450,relation/unit/bab-4-grup-bebas/section/01/covers/surface/unit-032/protected-math-zone/188-display-environment,urn:uuid:5568ebc8-788a-5478-853d-ad6479f1d1ca,covers,urn:uuid:cae9962f-e965-5e8f-8612-b07d2f154845,chapter4.tex:1108-1388 (line 1388 blank boundary omitted from target mapping)
urn:uuid:3050313e-5720-5850-a2e1-ec20ced964e4,relation/unit/bab-4-grup-bebas/section/01/covers/surface/unit-032/protected-math-zone/189-inline,urn:uuid:5568ebc8-788a-5478-853d-ad6479f1d1ca,covers,urn:uuid:0fdcf2bc-9819-5734-83fc-fd7329cb96ef,chapter4.tex:1108-1388 (line 1388 blank boundary omitted from target mapping)
urn:uuid:6ae53a29-b975-5925-8db9-1c89b02ac383,relation/unit/bab-4-grup-bebas/section/01/covers/surface/unit-032/protected-math-zone/190-inline,urn:uuid:5568ebc8-788a-5478-853d-ad6479f1d1ca,covers,urn:uuid:6070c522-5907-5eae-b9de-90193b65e80e,chapter4.tex:1108-1388 (line 1388 blank boundary omitted from target mapping)
urn:uuid:8706dec7-9d36-53a6-82cf-4fcb9f7569b5,relation/unit/bab-4-grup-bebas/section/01/covers/surface/unit-032/protected-math-zone/191-inline,urn:uuid:5568ebc8-788a-5478-853d-ad6479f1d1ca,covers,urn:uuid:33425146-321b-5ba0-bfb7-aafc6accac53,chapter4.tex:1108-1388 (line 1388 blank boundary omitted from target mapping)
urn:uuid:b1364b50-e3dd-5e7d-8321-bb5bfe50c34f,relation/unit/bab-4-grup-bebas/section/01/covers/surface/unit-032/protected-math-zone/192-inline,urn:uuid:5568ebc8-788a-5478-853d-ad6479f1d1ca,covers,urn:uuid:a25c36b8-83b0-5041-8ca6-7b439daa7564,chapter4.tex:1108-1388 (line 1388 blank boundary omitted from target mapping)
urn:uuid:1f8c33b9-968e-59bb-8ae7-c1df7c93b5e4,relation/unit/bab-4-grup-bebas/section/01/covers/surface/unit-032/protected-math-zone/193-inline,urn:uuid:5568ebc8-788a-5478-853d-ad6479f1d1ca,covers,urn:uuid:18d1c932-0b95-5bd5-a697-b09dc0f25c96,chapter4.tex:1108-1388 (line 1388 blank boundary omitted from target mapping)
urn:uuid:aade33c9-ce50-5630-95e5-c458f6c829b1,relation/unit/bab-4-grup-bebas/section/01/covers/surface/unit-032/protected-math-zone/194-inline,urn:uuid:5568ebc8-788a-5478-853d-ad6479f1d1ca,covers,urn:uuid:d89f6bb3-6555-5958-adf5-b7ee91ad64f1,chapter4.tex:1108-1388 (line 1388 blank boundary omitted from target mapping)
urn:uuid:9e27285a-47a6-5344-8a60-9742696a3f0a,relation/unit/bab-4-grup-bebas/section/01/covers/surface/unit-032/protected-math-zone/195-inline,urn:uuid:5568ebc8-788a-5478-853d-ad6479f1d1ca,covers,urn:uuid:f9eb8427-7cde-525b-8217-9384c2b8f84a,chapter4.tex:1108-1388 (line 1388 blank boundary omitted from target mapping)
urn:uuid:87529fce-c7c2-5198-abab-445ca3bbff98,relation/unit/bab-4-grup-bebas/section/01/covers/surface/unit-032/protected-math-zone/196-inline,urn:uuid:5568ebc8-788a-5478-853d-ad6479f1d1ca,covers,urn:uuid:dbb6a504-a3cd-511c-b5cb-6667031fbd45,chapter4.tex:1108-1388 (line 1388 blank boundary omitted from target mapping)
urn:uuid:9912165d-222e-5e00-ba73-fddcbe73b342,relation/unit/bab-4-grup-bebas/section/01/covers/surface/unit-032/protected-math-zone/197-display-bracket,urn:uuid:5568ebc8-788a-5478-853d-ad6479f1d1ca,covers,urn:uuid:e1d2aeb9-92cb-53d2-a853-eaaed053eb34,chapter4.tex:1108-1388 (line 1388 blank boundary omitted from target mapping)
urn:uuid:6344a640-80f1-50bf-9bd4-b1f8ea537b5f,relation/unit/bab-4-grup-bebas/section/01/covers/surface/unit-032/protected-math-zone/198-inline,urn:uuid:5568ebc8-788a-5478-853d-ad6479f1d1ca,covers,urn:uuid:cbac8db0-09f8-5e6f-a535-983db33bbb38,chapter4.tex:1108-1388 (line 1388 blank boundary omitted from target mapping)
urn:uuid:58339f7f-c716-5383-945b-a004c1c4646b,relation/unit/bab-4-grup-bebas/section/01/covers/surface/unit-032/protected-math-zone/199-inline,urn:uuid:5568ebc8-788a-5478-853d-ad6479f1d1ca,covers,urn:uuid:7cd0ba19-c28a-5a97-ad9a-ffe19a74fd7e,chapter4.tex:1108-1388 (line 1388 blank boundary omitted from target mapping)
urn:uuid:4bb731a0-a929-5582-9a00-e28de13a7a65,relation/unit/bab-4-grup-bebas/section/01/covers/surface/unit-032/protected-math-zone/200-inline,urn:uuid:5568ebc8-788a-5478-853d-ad6479f1d1ca,covers,urn:uuid:581eb26d-3da8-53bd-9a11-36434609eed0,chapter4.tex:1108-1388 (line 1388 blank boundary omitted from target mapping)
urn:uuid:e779edd7-a53f-5d76-aea0-e2e9036819d9,relation/unit/bab-4-grup-bebas/section/01/covers/surface/unit-032/protected-math-zone/201-inline,urn:uuid:5568ebc8-788a-5478-853d-ad6479f1d1ca,covers,urn:uuid:c7b9245e-930d-5009-a05c-df3b8c69e46e,chapter4.tex:1108-1388 (line 1388 blank boundary omitted from target mapping)
urn:uuid:b9a5130c-50b9-59ce-a174-56503a95e88b,relation/unit/bab-4-grup-bebas/section/01/covers/surface/unit-032/protected-math-zone/202-inline,urn:uuid:5568ebc8-788a-5478-853d-ad6479f1d1ca,covers,urn:uuid:d3005670-6c34-540d-a386-c598be18a36d,chapter4.tex:1108-1388 (line 1388 blank boundary omitted from target mapping)
urn:uuid:d33af25a-262c-5f02-b3e1-2a66a78556b0,relation/unit/bab-4-grup-bebas/section/01/covers/surface/unit-032/protected-math-zone/203-inline,urn:uuid:5568ebc8-788a-5478-853d-ad6479f1d1ca,covers,urn:uuid:8f469365-bde5-5396-a518-9695d463a139,chapter4.tex:1108-1388 (line 1388 blank boundary omitted from target mapping)
urn:uuid:e28f83ed-b5e8-5e7e-9e30-61f7833e769e,relation/unit/bab-4-grup-bebas/section/01/covers/surface/unit-032/protected-math-zone/204-inline,urn:uuid:5568ebc8-788a-5478-853d-ad6479f1d1ca,covers,urn:uuid:d0da9688-1abe-5909-93e7-18923c68a4b3,chapter4.tex:1108-1388 (line 1388 blank boundary omitted from target mapping)
urn:uuid:4068aadc-ed04-5b6e-8294-ea02db7c7bae,relation/unit/bab-4-grup-bebas/section/01/covers/surface/unit-032/protected-math-zone/205-inline,urn:uuid:5568ebc8-788a-5478-853d-ad6479f1d1ca,covers,urn:uuid:9dfe3483-7819-507a-9f00-2cf21626368b,chapter4.tex:1108-1388 (line 1388 blank boundary omitted from target mapping)
urn:uuid:18fb2639-a5d3-5b75-89e8-5789862b3f02,relation/unit/bab-4-grup-bebas/section/01/covers/surface/unit-032/protected-math-zone/206-inline,urn:uuid:5568ebc8-788a-5478-853d-ad6479f1d1ca,covers,urn:uuid:e5591f59-0c1c-53a6-ba33-0a3e209c683b,chapter4.tex:1108-1388 (line 1388 blank boundary omitted from target mapping)
urn:uuid:5f5dd4c4-5a34-52be-8ace-6df3ce688708,relation/unit/bab-4-grup-bebas/section/01/covers/surface/unit-032/protected-math-zone/207-inline,urn:uuid:5568ebc8-788a-5478-853d-ad6479f1d1ca,covers,urn:uuid:3011d59c-04df-54a4-a0f4-b83e9fc086cb,chapter4.tex:1108-1388 (line 1388 blank boundary omitted from target mapping)
urn:uuid:bae39db6-9366-57dc-88d3-141084c3e784,relation/unit/bab-4-grup-bebas/section/01/covers/surface/unit-032/protected-math-zone/208-inline,urn:uuid:5568ebc8-788a-5478-853d-ad6479f1d1ca,covers,urn:uuid:4a87ec6d-9581-56f1-9f22-4b475fe6fd4b,chapter4.tex:1108-1388 (line 1388 blank boundary omitted from target mapping)
urn:uuid:645cba59-cd7e-5086-8263-0c96a1b09135,relation/unit/bab-4-grup-bebas/section/01/covers/surface/unit-032/protected-math-zone/209-inline,urn:uuid:5568ebc8-788a-5478-853d-ad6479f1d1ca,covers,urn:uuid:cab4a577-a406-53bd-b86b-25d721fc9aaf,chapter4.tex:1108-1388 (line 1388 blank boundary omitted from target mapping)
urn:uuid:91c8d990-380a-5a2c-8309-7fdb7ba935c2,relation/unit/bab-4-grup-bebas/section/01/covers/surface/unit-032/protected-math-zone/210-inline,urn:uuid:5568ebc8-788a-5478-853d-ad6479f1d1ca,covers,urn:uuid:fef6c2a9-aa2a-5213-aba8-372847d53926,chapter4.tex:1108-1388 (line 1388 blank boundary omitted from target mapping)
urn:uuid:f80b8031-e74a-58d3-b33a-afe44cee8ac1,relation/unit/bab-4-grup-bebas/section/01/covers/surface/unit-032/protected-math-zone/211-inline,urn:uuid:5568ebc8-788a-5478-853d-ad6479f1d1ca,covers,urn:uuid:9d9e06bc-3818-5de9-8d48-c734c251c06f,chapter4.tex:1108-1388 (line 1388 blank boundary omitted from target mapping)
urn:uuid:59044ad5-f52d-58f6-9305-bb23405247e9,relation/unit/bab-4-grup-bebas/section/01/covers/surface/unit-032/protected-math-zone/212-display-environment,urn:uuid:5568ebc8-788a-5478-853d-ad6479f1d1ca,covers,urn:uuid:ef415d94-caad-5ce3-a4c2-62017502e3f6,chapter4.tex:1108-1388 (line 1388 blank boundary omitted from target mapping)
urn:uuid:72de250f-d1fb-5119-a08e-823266a5b094,relation/unit/bab-4-grup-bebas/section/01/covers/surface/unit-032/protected-math-zone/213-inline,urn:uuid:5568ebc8-788a-5478-853d-ad6479f1d1ca,covers,urn:uuid:e522d79e-2527-561f-ad04-26d34a4e892c,chapter4.tex:1108-1388 (line 1388 blank boundary omitted from target mapping)
urn:uuid:b40b1067-228f-5e65-b363-95a5a7fe84dc,relation/unit/bab-4-grup-bebas/section/01/covers/surface/unit-032/protected-math-zone/214-display-bracket,urn:uuid:5568ebc8-788a-5478-853d-ad6479f1d1ca,covers,urn:uuid:2251ad78-4962-503d-93b2-629b498957ea,chapter4.tex:1108-1388 (line 1388 blank boundary omitted from target mapping)
urn:uuid:d3d46049-e6f2-5096-9ab9-eca37aed25ee,relation/unit/bab-4-grup-bebas/section/01/covers/surface/unit-032/protected-math-zone/215-inline,urn:uuid:5568ebc8-788a-5478-853d-ad6479f1d1ca,covers,urn:uuid:39f583cb-90b4-51c2-b87f-3dbb3fca9c8a,chapter4.tex:1108-1388 (line 1388 blank boundary omitted from target mapping)
urn:uuid:3b8c1e96-cee3-5cfe-9ad0-ff5fe21293ac,relation/unit/bab-4-grup-bebas/section/01/covers/surface/unit-032/protected-math-zone/216-inline,urn:uuid:5568ebc8-788a-5478-853d-ad6479f1d1ca,covers,urn:uuid:c2ae978e-75cb-510e-8694-7a7d23499f99,chapter4.tex:1108-1388 (line 1388 blank boundary omitted from target mapping)
urn:uuid:e6c49317-8362-5ae1-b62d-90e67537c227,relation/unit/bab-4-grup-bebas/section/01/covers/surface/unit-032/protected-math-zone/217-inline,urn:uuid:5568ebc8-788a-5478-853d-ad6479f1d1ca,covers,urn:uuid:86dd5167-5f1c-5048-b551-0ba4c70e3554,chapter4.tex:1108-1388 (line 1388 blank boundary omitted from target mapping)
urn:uuid:1fd90345-3a28-5ada-b027-8070107462e3,relation/unit/bab-4-grup-bebas/section/01/covers/surface/unit-032/protected-math-zone/218-inline,urn:uuid:5568ebc8-788a-5478-853d-ad6479f1d1ca,covers,urn:uuid:99b73694-b6b8-5a5f-bf4f-03841b7a748f,chapter4.tex:1108-1388 (line 1388 blank boundary omitted from target mapping)
urn:uuid:3f33d25e-9c88-5d3b-a97b-c215eaacc86f,relation/unit/bab-4-grup-bebas/section/01/covers/surface/unit-032/protected-math-zone/219-inline,urn:uuid:5568ebc8-788a-5478-853d-ad6479f1d1ca,covers,urn:uuid:d30a7134-155b-5921-abf1-eeee82870b48,chapter4.tex:1108-1388 (line 1388 blank boundary omitted from target mapping)
urn:uuid:d89411dc-f683-5210-9603-61b8a4775440,relation/unit/bab-4-grup-bebas/section/01/covers/surface/unit-032/protected-math-zone/220-inline,urn:uuid:5568ebc8-788a-5478-853d-ad6479f1d1ca,covers,urn:uuid:ec009d64-efdf-57d3-be49-ea37ab5897c1,chapter4.tex:1108-1388 (line 1388 blank boundary omitted from target mapping)
urn:uuid:6b9ac7d1-32f5-5550-9a6c-77d5537118aa,relation/unit/bab-4-grup-bebas/section/01/covers/surface/unit-032/protected-math-zone/221-inline,urn:uuid:5568ebc8-788a-5478-853d-ad6479f1d1ca,covers,urn:uuid:6f9c0092-7d35-5d85-b6b6-e01763a883f4,chapter4.tex:1108-1388 (line 1388 blank boundary omitted from target mapping)
urn:uuid:1f13cc8a-96b5-50df-b2ae-5b4e439f54fc,relation/unit/bab-4-grup-bebas/section/01/covers/surface/unit-032/protected-math-zone/222-inline,urn:uuid:5568ebc8-788a-5478-853d-ad6479f1d1ca,covers,urn:uuid:1b6e4041-4d33-5aca-876b-2426dbfbee30,chapter4.tex:1108-1388 (line 1388 blank boundary omitted from target mapping)
urn:uuid:88d907e2-7762-5f3b-9d8c-8d647614a6fc,relation/unit/bab-4-grup-bebas/section/01/covers/surface/unit-032/protected-math-zone/223-inline,urn:uuid:5568ebc8-788a-5478-853d-ad6479f1d1ca,covers,urn:uuid:2a31d6ac-cfa0-58e1-a1bb-eb74d2893916,chapter4.tex:1108-1388 (line 1388 blank boundary omitted from target mapping)
urn:uuid:607538e8-ce22-517b-910f-24094040be77,relation/unit/bab-4-grup-bebas/section/01/covers/surface/unit-032/protected-math-zone/224-display-bracket,urn:uuid:5568ebc8-788a-5478-853d-ad6479f1d1ca,covers,urn:uuid:f882cc9a-e710-5f86-81e7-959280a4c623,chapter4.tex:1108-1388 (line 1388 blank boundary omitted from target mapping)
urn:uuid:f5433228-2822-5567-8d70-82967c5becf8,relation/unit/bab-4-grup-bebas/section/01/covers/surface/unit-032/protected-math-zone/225-inline,urn:uuid:5568ebc8-788a-5478-853d-ad6479f1d1ca,covers,urn:uuid:98ec6de9-c04b-562b-95d0-f10b09a9e5dc,chapter4.tex:1108-1388 (line 1388 blank boundary omitted from target mapping)
urn:uuid:6092077d-abf0-557a-a871-a9c7c9ae509f,relation/unit/bab-4-grup-bebas/section/01/covers/surface/unit-032/protected-math-zone/226-inline,urn:uuid:5568ebc8-788a-5478-853d-ad6479f1d1ca,covers,urn:uuid:7526be90-0f5f-5d1e-803a-dcdafdeec552,chapter4.tex:1108-1388 (line 1388 blank boundary omitted from target mapping)
urn:uuid:dd88adab-cf23-566b-aa1a-e6c833891c10,relation/unit/bab-4-grup-bebas/section/01/covers/surface/unit-032/protected-math-zone/227-inline,urn:uuid:5568ebc8-788a-5478-853d-ad6479f1d1ca,covers,urn:uuid:0dcfd1b1-54f7-5678-b6be-fad86816020e,chapter4.tex:1108-1388 (line 1388 blank boundary omitted from target mapping)
urn:uuid:ffc15dfd-1a0e-5322-9516-fb76a12dc54d,relation/unit/bab-4-grup-bebas/section/01/covers/surface/unit-032/protected-math-zone/228-inline,urn:uuid:5568ebc8-788a-5478-853d-ad6479f1d1ca,covers,urn:uuid:d7a842ac-e09e-5a8d-b9a1-1b900f2b5719,chapter4.tex:1108-1388 (line 1388 blank boundary omitted from target mapping)
urn:uuid:75d9bb7e-0a30-5bcd-b455-4cf522f22dc4,relation/unit/bab-4-grup-bebas/section/01/covers/surface/unit-032/protected-math-zone/229-inline,urn:uuid:5568ebc8-788a-5478-853d-ad6479f1d1ca,covers,urn:uuid:b8035774-15f7-5649-81bd-162aeef5d999,chapter4.tex:1108-1388 (line 1388 blank boundary omitted from target mapping)
urn:uuid:9768d801-df45-5438-8af5-269f3f9e4e98,relation/unit/bab-4-grup-bebas/section/01/covers/surface/unit-032/protected-math-zone/230-inline,urn:uuid:5568ebc8-788a-5478-853d-ad6479f1d1ca,covers,urn:uuid:98c9b38d-7eb8-5a2e-8266-476c5771fc70,chapter4.tex:1108-1388 (line 1388 blank boundary omitted from target mapping)
urn:uuid:2fc6c0f9-2f7b-5cd4-9f89-08dfc6d3fb86,relation/unit/bab-4-grup-bebas/section/01/covers/surface/unit-032/protected-math-zone/231-inline,urn:uuid:5568ebc8-788a-5478-853d-ad6479f1d1ca,covers,urn:uuid:9881057d-b380-5b13-aa3a-a07654a43812,chapter4.tex:1108-1388 (line 1388 blank boundary omitted from target mapping)
urn:uuid:98a684b6-0cd0-586e-971c-d521df4d36c0,relation/unit/bab-4-grup-bebas/section/01/covers/surface/unit-032/protected-math-zone/232-inline,urn:uuid:5568ebc8-788a-5478-853d-ad6479f1d1ca,covers,urn:uuid:d1c5c903-c507-5085-958d-6c3cb4b0ea0f,chapter4.tex:1108-1388 (line 1388 blank boundary omitted from target mapping)
urn:uuid:4c9d7b87-f87b-5a96-aabe-2a1d3b3436fd,relation/unit/bab-4-grup-bebas/section/01/covers/surface/unit-032/protected-math-zone/233-inline,urn:uuid:5568ebc8-788a-5478-853d-ad6479f1d1ca,covers,urn:uuid:e2914553-d020-5c64-b1ae-f051070b354f,chapter4.tex:1108-1388 (line 1388 blank boundary omitted from target mapping)
urn:uuid:634b5316-26aa-511d-ac05-19a74d013bb0,relation/unit/bab-4-grup-bebas/section/01/covers/surface/unit-032/protected-math-zone/234-inline,urn:uuid:5568ebc8-788a-5478-853d-ad6479f1d1ca,covers,urn:uuid:3fe57074-73c9-573b-8fdb-38926b40583a,chapter4.tex:1108-1388 (line 1388 blank boundary omitted from target mapping)
urn:uuid:6e2aafd3-807d-5cb1-9870-a67a3e481845,relation/unit/bab-4-grup-bebas/section/01/covers/surface/unit-032/protected-math-zone/235-inline,urn:uuid:5568ebc8-788a-5478-853d-ad6479f1d1ca,covers,urn:uuid:d5cf9cbc-0b5d-542a-aa4b-0d918ffc4166,chapter4.tex:1108-1388 (line 1388 blank boundary omitted from target mapping)
urn:uuid:bffdfa04-29fd-5f2c-916a-df8e4887b0a3,relation/unit/bab-4-grup-bebas/section/01/covers/surface/unit-032/protected-math-zone/236-inline,urn:uuid:5568ebc8-788a-5478-853d-ad6479f1d1ca,covers,urn:uuid:14b47566-9dfb-5d62-ba6a-4661c233a916,chapter4.tex:1108-1388 (line 1388 blank boundary omitted from target mapping)
urn:uuid:c8109d59-d7d6-53b7-9a7f-efa2a3aa0a50,relation/unit/bab-4-grup-bebas/section/01/covers/surface/unit-032/protected-math-zone/237-inline,urn:uuid:5568ebc8-788a-5478-853d-ad6479f1d1ca,covers,urn:uuid:ebc29d80-9bcb-5b8f-9d3c-31a8804c5979,chapter4.tex:1108-1388 (line 1388 blank boundary omitted from target mapping)
urn:uuid:a4f25924-0728-5311-bd2a-32db0ca39d3f,relation/unit/bab-4-grup-bebas/section/01/covers/surface/unit-032/protected-math-zone/238-inline,urn:uuid:5568ebc8-788a-5478-853d-ad6479f1d1ca,covers,urn:uuid:99271174-de22-51b4-bffe-8e8da3443cc0,chapter4.tex:1108-1388 (line 1388 blank boundary omitted from target mapping)
urn:uuid:1a4e4ecd-f032-55b2-be8b-6a46e5d338d2,relation/unit/bab-4-grup-bebas/section/01/covers/surface/unit-032/protected-math-zone/239-inline,urn:uuid:5568ebc8-788a-5478-853d-ad6479f1d1ca,covers,urn:uuid:11a404fd-162c-540a-8b77-8656a38dfcd4,chapter4.tex:1108-1388 (line 1388 blank boundary omitted from target mapping)
urn:uuid:ce5c8cad-e9ab-5a6a-a034-ca78fda445c1,relation/unit/bab-4-grup-bebas/section/01/covers/surface/unit-032/protected-math-zone/240-inline,urn:uuid:5568ebc8-788a-5478-853d-ad6479f1d1ca,covers,urn:uuid:e895588c-bf9e-5898-a1d0-e16ec1728623,chapter4.tex:1108-1388 (line 1388 blank boundary omitted from target mapping)
urn:uuid:bec49745-33c1-5d06-8a6e-71fdfe47ef5e,relation/unit/bab-4-grup-bebas/section/01/covers/surface/unit-032/protected-math-zone/241-inline,urn:uuid:5568ebc8-788a-5478-853d-ad6479f1d1ca,covers,urn:uuid:5de90a66-3cff-5d10-ab73-06efa6959dd7,chapter4.tex:1108-1388 (line 1388 blank boundary omitted from target mapping)
urn:uuid:8d98ddd2-e927-5071-9593-7b5ea4d6082b,relation/unit/bab-4-grup-bebas/section/01/covers/surface/unit-032/protected-math-zone/242-inline,urn:uuid:5568ebc8-788a-5478-853d-ad6479f1d1ca,covers,urn:uuid:1cd6f4dc-0019-5b17-b1b8-2d9be097ea47,chapter4.tex:1108-1388 (line 1388 blank boundary omitted from target mapping)
urn:uuid:3b61112f-87d9-5e1e-979b-c48918fd0741,relation/unit/bab-4-grup-bebas/section/01/covers/surface/unit-032/protected-math-zone/243-inline,urn:uuid:5568ebc8-788a-5478-853d-ad6479f1d1ca,covers,urn:uuid:4b97c9b2-c96a-5b41-ba49-7e21fd43e629,chapter4.tex:1108-1388 (line 1388 blank boundary omitted from target mapping)
urn:uuid:25aabc23-cb3e-54e3-a349-ff390f6e0451,relation/unit/bab-4-grup-bebas/section/01/covers/surface/unit-032/protected-math-zone/244-inline,urn:uuid:5568ebc8-788a-5478-853d-ad6479f1d1ca,covers,urn:uuid:cf793bce-9d01-58e8-a811-99d24a53cb45,chapter4.tex:1108-1388 (line 1388 blank boundary omitted from target mapping)
urn:uuid:de353a71-7aaa-5568-9479-0f6973fcf9d4,relation/unit/bab-4-grup-bebas/section/01/covers/surface/unit-032/protected-math-zone/245-inline,urn:uuid:5568ebc8-788a-5478-853d-ad6479f1d1ca,covers,urn:uuid:3022c173-163b-5170-b7ff-ec6fefda1157,chapter4.tex:1108-1388 (line 1388 blank boundary omitted from target mapping)
urn:uuid:f5dd4f4e-118e-5f83-9139-580f445846cd,relation/unit/bab-4-grup-bebas/section/01/covers/surface/unit-032/protected-math-zone/246-inline,urn:uuid:5568ebc8-788a-5478-853d-ad6479f1d1ca,covers,urn:uuid:610e2de8-8c1d-5e41-a153-91d1cd08d9fe,chapter4.tex:1108-1388 (line 1388 blank boundary omitted from target mapping)
urn:uuid:ea436cc8-d3ee-56ce-9112-5b8cbd051395,relation/unit/bab-4-grup-bebas/section/01/covers/surface/unit-032/protected-math-zone/247-inline,urn:uuid:5568ebc8-788a-5478-853d-ad6479f1d1ca,covers,urn:uuid:32187c4b-55f3-5073-9824-0de01c9117e5,chapter4.tex:1108-1388 (line 1388 blank boundary omitted from target mapping)
urn:uuid:d7f7c8a3-6ff4-5023-aded-7d8b62b8cc16,relation/unit/bab-4-grup-bebas/section/01/covers/surface/unit-032/protected-math-zone/248-display-environment,urn:uuid:5568ebc8-788a-5478-853d-ad6479f1d1ca,covers,urn:uuid:edba47a8-4d0f-5844-b1cf-839fab2c5f4c,chapter4.tex:1108-1388 (line 1388 blank boundary omitted from target mapping)
urn:uuid:9d23d0a5-bcfd-546e-b1b7-c526f8172a41,relation/unit/bab-4-grup-bebas/section/01/covers/surface/unit-032/protected-math-zone/249-inline,urn:uuid:5568ebc8-788a-5478-853d-ad6479f1d1ca,covers,urn:uuid:0f6886a5-7612-51c8-a4f1-34457e1dc655,chapter4.tex:1108-1388 (line 1388 blank boundary omitted from target mapping)
urn:uuid:c72a5a3c-02bb-5e5e-bdcf-10db959a6971,relation/unit/bab-4-grup-bebas/section/01/covers/surface/unit-032/protected-math-zone/250-inline,urn:uuid:5568ebc8-788a-5478-853d-ad6479f1d1ca,covers,urn:uuid:3ce2e9e1-e2fc-5698-b591-0923cba664c2,chapter4.tex:1108-1388 (line 1388 blank boundary omitted from target mapping)
urn:uuid:edfb2310-8fdd-5141-9415-05b634a9b27d,relation/unit/bab-4-grup-bebas/section/01/covers/surface/unit-032/protected-math-zone/251-inline,urn:uuid:5568ebc8-788a-5478-853d-ad6479f1d1ca,covers,urn:uuid:0aedd627-2932-503f-92ff-f1e6258bfb72,chapter4.tex:1108-1388 (line 1388 blank boundary omitted from target mapping)
urn:uuid:6286f87b-08dc-5645-a8bd-b0ca80ef25ab,relation/unit/bab-4-grup-bebas/section/01/covers/surface/unit-032/protected-math-zone/252-inline,urn:uuid:5568ebc8-788a-5478-853d-ad6479f1d1ca,covers,urn:uuid:920bbac0-65fa-5735-8cb6-448c976a2f3e,chapter4.tex:1108-1388 (line 1388 blank boundary omitted from target mapping)
urn:uuid:8caeb910-c4be-5a81-8b91-ad92659ec565,relation/unit/bab-4-grup-bebas/section/01/covers/surface/unit-032/protected-math-zone/253-display-bracket,urn:uuid:5568ebc8-788a-5478-853d-ad6479f1d1ca,covers,urn:uuid:22536794-8ae5-5b4e-9801-4c69d1c16716,chapter4.tex:1108-1388 (line 1388 blank boundary omitted from target mapping)
urn:uuid:01bb90d2-e2c7-571c-9ace-c2b4aac2e3ee,relation/unit/bab-4-grup-bebas/section/01/covers/surface/unit-032/protected-math-zone/254-inline,urn:uuid:5568ebc8-788a-5478-853d-ad6479f1d1ca,covers,urn:uuid:8303d7e9-144c-55aa-a5fc-d2b69d6ac209,chapter4.tex:1108-1388 (line 1388 blank boundary omitted from target mapping)
urn:uuid:940df830-8d43-5917-a26d-d48b16e31a59,relation/unit/bab-4-grup-bebas/section/01/covers/surface/unit-032/protected-math-zone/255-inline,urn:uuid:5568ebc8-788a-5478-853d-ad6479f1d1ca,covers,urn:uuid:3c11bd32-6f62-55e3-a1ac-db534eb0d08f,chapter4.tex:1108-1388 (line 1388 blank boundary omitted from target mapping)
urn:uuid:b5fb47d5-b355-55cb-8b3c-5635052fe05f,relation/unit/bab-4-grup-bebas/section/01/covers/surface/unit-032/protected-math-zone/256-inline,urn:uuid:5568ebc8-788a-5478-853d-ad6479f1d1ca,covers,urn:uuid:dc28108d-1eea-5a70-b3b7-19573c89cd43,chapter4.tex:1108-1388 (line 1388 blank boundary omitted from target mapping)
urn:uuid:283100b6-ae3f-577d-a4c6-c244efe49588,relation/unit/bab-4-grup-bebas/section/01/covers/surface/unit-032/protected-math-zone/257-inline,urn:uuid:5568ebc8-788a-5478-853d-ad6479f1d1ca,covers,urn:uuid:ef7f2227-85f0-5b7d-9be4-ab138d55d2ea,chapter4.tex:1108-1388 (line 1388 blank boundary omitted from target mapping)
urn:uuid:3e06c486-1cce-5a26-a02f-4dfe0d8b54ba,relation/unit/bab-4-grup-bebas/section/01/covers/surface/unit-032/protected-math-zone/258-display-bracket,urn:uuid:5568ebc8-788a-5478-853d-ad6479f1d1ca,covers,urn:uuid:dfd29642-2408-558f-9fb5-e9a93264679e,chapter4.tex:1108-1388 (line 1388 blank boundary omitted from target mapping)
urn:uuid:5d6a3e6a-53ca-5bc4-88d9-1ca13fe1b6ca,relation/unit/bab-4-grup-bebas/section/01/covers/surface/unit-032/protected-math-zone/259-display-environment,urn:uuid:5568ebc8-788a-5478-853d-ad6479f1d1ca,covers,urn:uuid:16605579-13b6-52d5-a488-4be7c88a78b7,chapter4.tex:1108-1388 (line 1388 blank boundary omitted from target mapping)
urn:uuid:618d6cfd-33b1-5161-8150-4feb80f86b15,relation/unit/bab-4-grup-bebas/section/01/covers/surface/unit-032/protected-math-zone/260-inline,urn:uuid:5568ebc8-788a-5478-853d-ad6479f1d1ca,covers,urn:uuid:02cd6273-2599-5c04-b570-852a7e4327cc,chapter4.tex:1108-1388 (line 1388 blank boundary omitted from target mapping)
urn:uuid:cc333a07-27e4-552b-b595-bce6d4ced91d,relation/unit/bab-4-grup-bebas/section/01/covers/surface/unit-032/protected-math-zone/261-inline,urn:uuid:5568ebc8-788a-5478-853d-ad6479f1d1ca,covers,urn:uuid:be7a2457-b4ff-5ba3-94ed-0ca5f5d775ad,chapter4.tex:1108-1388 (line 1388 blank boundary omitted from target mapping)
urn:uuid:e80dc6e9-8931-5d9d-ade8-2bf3b618ddbe,relation/unit/bab-4-grup-bebas/section/01/covers/surface/unit-032/protected-math-zone/262-inline,urn:uuid:5568ebc8-788a-5478-853d-ad6479f1d1ca,covers,urn:uuid:83edc6bf-328b-5343-9b98-67a1165a3b5c,chapter4.tex:1108-1388 (line 1388 blank boundary omitted from target mapping)
urn:uuid:bfdbdc04-318e-53ae-88ca-2fb7e5653dbd,relation/unit/bab-4-grup-bebas/section/01/covers/surface/unit-032/protected-math-zone/263-inline,urn:uuid:5568ebc8-788a-5478-853d-ad6479f1d1ca,covers,urn:uuid:f1d921a0-d25f-528d-87f9-da4ae118b625,chapter4.tex:1108-1388 (line 1388 blank boundary omitted from target mapping)
urn:uuid:78cffb31-8362-5e29-bc43-f67bcb0e7495,relation/unit/bab-4-grup-bebas/section/01/covers/surface/unit-032/protected-math-zone/264-display-bracket,urn:uuid:5568ebc8-788a-5478-853d-ad6479f1d1ca,covers,urn:uuid:9d8b5e2d-b4a8-50bf-91e0-e31e9087591b,chapter4.tex:1108-1388 (line 1388 blank boundary omitted from target mapping)
urn:uuid:661cfe3f-8960-5827-8327-bde481d0e1da,relation/unit/bab-4-grup-bebas/section/01/covers/surface/unit-032/protected-math-zone/265-inline,urn:uuid:5568ebc8-788a-5478-853d-ad6479f1d1ca,covers,urn:uuid:177ce68e-cd45-54d8-99db-d65a407f61b7,chapter4.tex:1108-1388 (line 1388 blank boundary omitted from target mapping)
urn:uuid:0d677bbd-d2b1-5edf-b054-83ddd9afff63,relation/unit/bab-4-grup-bebas/section/01/covers/surface/unit-032/protected-math-zone/266-inline,urn:uuid:5568ebc8-788a-5478-853d-ad6479f1d1ca,covers,urn:uuid:c28fd9e1-fc45-5237-a90b-95b60a1b4a58,chapter4.tex:1108-1388 (line 1388 blank boundary omitted from target mapping)
urn:uuid:2315d430-cea9-5139-b160-5525c373796a,relation/unit/bab-4-grup-bebas/section/01/covers/surface/unit-032/protected-math-zone/267-inline,urn:uuid:5568ebc8-788a-5478-853d-ad6479f1d1ca,covers,urn:uuid:8705379c-4407-54a2-a8fc-93ad56b7d42b,chapter4.tex:1108-1388 (line 1388 blank boundary omitted from target mapping)
urn:uuid:969d7d0d-99c5-5a75-b77c-56ecb9b5b123,relation/unit/bab-4-grup-bebas/section/01/covers/surface/unit-032/protected-math-zone/268-inline,urn:uuid:5568ebc8-788a-5478-853d-ad6479f1d1ca,covers,urn:uuid:127b9338-f6ee-5d83-9630-55f0a1977ed4,chapter4.tex:1108-1388 (line 1388 blank boundary omitted from target mapping)
urn:uuid:03c480ad-0d76-52ea-b24c-5185dba0909c,relation/unit/bab-4-grup-bebas/section/01/covers/surface/unit-032/protected-math-zone/269-inline,urn:uuid:5568ebc8-788a-5478-853d-ad6479f1d1ca,covers,urn:uuid:eb163b23-d74b-5d05-b715-b1a465705931,chapter4.tex:1108-1388 (line 1388 blank boundary omitted from target mapping)
urn:uuid:74c65d33-f7aa-5584-a762-cbe6829ced82,relation/unit/bab-4-grup-bebas/section/01/covers/surface/unit-032/protected-math-zone/270-inline,urn:uuid:5568ebc8-788a-5478-853d-ad6479f1d1ca,covers,urn:uuid:cafa3be7-b24b-5916-9e50-b26db4a27d35,chapter4.tex:1108-1388 (line 1388 blank boundary omitted from target mapping)
urn:uuid:8809a0df-2271-5b8c-9c1e-0cb5f2553b16,relation/unit/bab-4-grup-bebas/section/01/covers/surface/unit-032/protected-math-zone/271-inline,urn:uuid:5568ebc8-788a-5478-853d-ad6479f1d1ca,covers,urn:uuid:695b931e-0ba5-5b26-a1f0-4174f4a5a004,chapter4.tex:1108-1388 (line 1388 blank boundary omitted from target mapping)
urn:uuid:4c211fc7-e8ff-5727-8034-7a0e6fc3e4d0,relation/unit/bab-4-grup-bebas/section/01/covers/surface/unit-032/protected-math-zone/272-inline,urn:uuid:5568ebc8-788a-5478-853d-ad6479f1d1ca,covers,urn:uuid:954069db-6944-5fb6-9589-b4791f173701,chapter4.tex:1108-1388 (line 1388 blank boundary omitted from target mapping)
urn:uuid:69b84365-9d9c-5595-a2ce-bf3aed44d19d,relation/unit/bab-4-grup-bebas/section/01/covers/surface/unit-032/protected-math-zone/273-inline,urn:uuid:5568ebc8-788a-5478-853d-ad6479f1d1ca,covers,urn:uuid:e004558f-a657-50a3-a4ff-fbb4e15c145f,chapter4.tex:1108-1388 (line 1388 blank boundary omitted from target mapping)
urn:uuid:cf7d6b2f-0ed8-5949-9a6e-3d1c6c7027cd,relation/unit/bab-4-grup-bebas/section/01/covers/surface/unit-032/protected-math-zone/274-inline,urn:uuid:5568ebc8-788a-5478-853d-ad6479f1d1ca,covers,urn:uuid:8a2af1a4-65d3-5afe-879c-9257c36f18cd,chapter4.tex:1108-1388 (line 1388 blank boundary omitted from target mapping)
urn:uuid:7ec3686d-47f2-5a96-8c9e-5d403fcf3713,relation/unit/bab-4-grup-bebas/section/01/covers/surface/unit-032/protected-math-zone/275-inline,urn:uuid:5568ebc8-788a-5478-853d-ad6479f1d1ca,covers,urn:uuid:a511bb54-9315-556f-bf06-2f40a453e21a,chapter4.tex:1108-1388 (line 1388 blank boundary omitted from target mapping)
urn:uuid:6b41a0c6-6d75-5845-b3c7-a31048dbff48,relation/unit/bab-4-grup-bebas/section/01/covers/surface/unit-032/protected-math-zone/276-inline,urn:uuid:5568ebc8-788a-5478-853d-ad6479f1d1ca,covers,urn:uuid:6ab591cc-052c-5e0e-adef-63d14b3a7964,chapter4.tex:1108-1388 (line 1388 blank boundary omitted from target mapping)
urn:uuid:0ab510ab-273e-592a-b7a7-52aa52ddbb6b,relation/unit/bab-4-grup-bebas/section/01/covers/surface/unit-032/protected-math-zone/277-inline,urn:uuid:5568ebc8-788a-5478-853d-ad6479f1d1ca,covers,urn:uuid:d35b696d-d305-532a-8c52-421e0bac3981,chapter4.tex:1108-1388 (line 1388 blank boundary omitted from target mapping)
urn:uuid:2d2df239-84ae-5678-b4f2-278e509adf8f,relation/unit/bab-4-grup-bebas/section/01/covers/surface/unit-032/protected-math-zone/278-inline,urn:uuid:5568ebc8-788a-5478-853d-ad6479f1d1ca,covers,urn:uuid:a695e409-d8b8-59ce-8538-bbca14749108,chapter4.tex:1108-1388 (line 1388 blank boundary omitted from target mapping)
urn:uuid:62b7e359-adab-5fd0-9332-1e496ffc5fc6,relation/unit/bab-4-grup-bebas/section/01/covers/surface/unit-032/protected-math-zone/279-inline,urn:uuid:5568ebc8-788a-5478-853d-ad6479f1d1ca,covers,urn:uuid:42726c95-a4fb-53b9-9dbe-fb436f414fb0,chapter4.tex:1108-1388 (line 1388 blank boundary omitted from target mapping)
urn:uuid:fcba7125-4d0c-55cb-846d-5e10655f01fc,relation/unit/bab-4-grup-bebas/section/01/covers/surface/unit-032/protected-math-zone/280-inline,urn:uuid:5568ebc8-788a-5478-853d-ad6479f1d1ca,covers,urn:uuid:a77221c2-c2ff-5057-b529-35be1394e525,chapter4.tex:1108-1388 (line 1388 blank boundary omitted from target mapping)
urn:uuid:2881789b-83c2-5874-85f3-142055553c9e,relation/unit/bab-4-grup-bebas/section/01/covers/surface/unit-032/protected-math-zone/281-inline,urn:uuid:5568ebc8-788a-5478-853d-ad6479f1d1ca,covers,urn:uuid:074ce23d-fbda-5e76-ba0e-22229b417f60,chapter4.tex:1108-1388 (line 1388 blank boundary omitted from target mapping)
urn:uuid:18fcf4c8-8dd4-524b-86d4-cb4a2be85800,relation/unit/bab-4-grup-bebas/section/01/covers/surface/unit-032/protected-math-zone/282-inline,urn:uuid:5568ebc8-788a-5478-853d-ad6479f1d1ca,covers,urn:uuid:e23da241-01d4-571f-94b0-921c40710efb,chapter4.tex:1108-1388 (line 1388 blank boundary omitted from target mapping)
urn:uuid:49cd97fd-c7cd-593b-96b4-e342e503d939,relation/unit/bab-4-grup-bebas/section/01/covers/surface/unit-032/protected-math-zone/283-inline,urn:uuid:5568ebc8-788a-5478-853d-ad6479f1d1ca,covers,urn:uuid:288d60fa-588e-59c8-99d1-c707d1f6e00e,chapter4.tex:1108-1388 (line 1388 blank boundary omitted from target mapping)
urn:uuid:88d41434-34f9-5985-a1e4-439bb0aea04d,relation/unit/bab-4-grup-bebas/section/01/covers/surface/unit-032/protected-math-zone/284-inline,urn:uuid:5568ebc8-788a-5478-853d-ad6479f1d1ca,covers,urn:uuid:ab5f7da9-5008-58b5-a35a-3e38831a740a,chapter4.tex:1108-1388 (line 1388 blank boundary omitted from target mapping)
urn:uuid:b3c958d0-0404-50df-ac6c-fafdd2acb0d9,relation/unit/bab-4-grup-bebas/section/01/covers/surface/unit-032/protected-math-zone/285-inline,urn:uuid:5568ebc8-788a-5478-853d-ad6479f1d1ca,covers,urn:uuid:cc3f54c0-f97b-54f1-89b9-06ee002292e9,chapter4.tex:1108-1388 (line 1388 blank boundary omitted from target mapping)
urn:uuid:b4fa6f29-d870-5174-aff4-f30b9d949eaa,relation/unit/bab-4-grup-bebas/section/01/covers/surface/unit-032/protected-math-zone/286-inline,urn:uuid:5568ebc8-788a-5478-853d-ad6479f1d1ca,covers,urn:uuid:b57251ff-4e7f-57e1-a6ca-e83bb0f24aab,chapter4.tex:1108-1388 (line 1388 blank boundary omitted from target mapping)
urn:uuid:b66969c5-7be1-5df3-969d-265364e58ff8,relation/unit/bab-4-grup-bebas/section/01/covers/surface/unit-032/protected-math-zone/287-inline,urn:uuid:5568ebc8-788a-5478-853d-ad6479f1d1ca,covers,urn:uuid:47df31a1-0c0c-509d-b6cd-5f43b0e9ab3e,chapter4.tex:1108-1388 (line 1388 blank boundary omitted from target mapping)
urn:uuid:53348229-087a-567a-ba6c-c778dea4aff5,relation/unit/bab-4-grup-bebas/section/01/covers/surface/unit-032/protected-math-zone/288-inline,urn:uuid:5568ebc8-788a-5478-853d-ad6479f1d1ca,covers,urn:uuid:e4b0acb7-7712-577f-904b-c6ba1c6578e3,chapter4.tex:1108-1388 (line 1388 blank boundary omitted from target mapping)
urn:uuid:5642d659-7e95-5550-87df-4ecfa2b722d1,relation/unit/bab-4-grup-bebas/section/01/covers/surface/unit-032/protected-math-zone/289-inline,urn:uuid:5568ebc8-788a-5478-853d-ad6479f1d1ca,covers,urn:uuid:160f903e-738b-57d7-be5d-1b3d1085c87a,chapter4.tex:1108-1388 (line 1388 blank boundary omitted from target mapping)
urn:uuid:22d3b5af-7080-5254-8f66-a092c6167661,relation/unit/bab-4-grup-bebas/section/01/covers/surface/unit-032/protected-math-zone/290-inline,urn:uuid:5568ebc8-788a-5478-853d-ad6479f1d1ca,covers,urn:uuid:f935dab3-d053-5c7b-a850-a6357a4a1d84,chapter4.tex:1108-1388 (line 1388 blank boundary omitted from target mapping)
urn:uuid:44d9105b-8310-55a9-9e05-3bf3827892aa,relation/unit/bab-4-grup-bebas/section/01/covers/surface/unit-032/protected-math-zone/291-inline,urn:uuid:5568ebc8-788a-5478-853d-ad6479f1d1ca,covers,urn:uuid:90e1678d-cc51-5298-96af-58d348333f67,chapter4.tex:1108-1388 (line 1388 blank boundary omitted from target mapping)
urn:uuid:ce83ed52-32d3-5775-9e30-ec7847de3c01,relation/unit/bab-4-grup-bebas/section/01/covers/surface/unit-032/protected-math-zone/292-inline,urn:uuid:5568ebc8-788a-5478-853d-ad6479f1d1ca,covers,urn:uuid:4c8867af-a88c-5baf-b156-2af9dc738a59,chapter4.tex:1108-1388 (line 1388 blank boundary omitted from target mapping)
urn:uuid:97254da1-892b-5c8f-a742-f8b85508a2ff,relation/unit/bab-4-grup-bebas/section/01/covers/surface/unit-032/protected-math-zone/293-inline,urn:uuid:5568ebc8-788a-5478-853d-ad6479f1d1ca,covers,urn:uuid:d8e27aed-94de-5877-a072-1a984d0d36e4,chapter4.tex:1108-1388 (line 1388 blank boundary omitted from target mapping)
urn:uuid:30fc701e-d611-54ef-92f7-131156e6dbfc,relation/unit/bab-4-grup-bebas/section/01/covers/surface/unit-032/protected-math-zone/294-inline,urn:uuid:5568ebc8-788a-5478-853d-ad6479f1d1ca,covers,urn:uuid:1024c029-b1b8-5e30-9ab0-63a4593d1ba0,chapter4.tex:1108-1388 (line 1388 blank boundary omitted from target mapping)
urn:uuid:36e1b9b7-55ea-525d-b6ee-a25bdac60e1e,relation/unit/bab-4-grup-bebas/section/01/covers/surface/unit-032/protected-math-zone/295-inline,urn:uuid:5568ebc8-788a-5478-853d-ad6479f1d1ca,covers,urn:uuid:2d6e524b-51d0-5648-b658-a124339e39f2,chapter4.tex:1108-1388 (line 1388 blank boundary omitted from target mapping)
urn:uuid:d4ee2471-d5a2-5808-80af-b0ed98133d03,relation/unit/bab-4-grup-bebas/section/01/covers/surface/unit-032/protected-math-zone/296-inline,urn:uuid:5568ebc8-788a-5478-853d-ad6479f1d1ca,covers,urn:uuid:e2f2656f-48c0-5f0d-ba9a-8f894cc6ef04,chapter4.tex:1108-1388 (line 1388 blank boundary omitted from target mapping)
urn:uuid:8e5f5599-3817-5f79-b124-5a6978ab479f,relation/unit/bab-4-grup-bebas/section/01/covers/surface/unit-032/protected-math-zone/297-display-bracket,urn:uuid:5568ebc8-788a-5478-853d-ad6479f1d1ca,covers,urn:uuid:3c3e7c76-0839-5097-93ab-ea5e7e9e7b69,chapter4.tex:1108-1388 (line 1388 blank boundary omitted from target mapping)
urn:uuid:4615c377-763b-5e7d-8b3b-ebcea17b1412,relation/unit/bab-4-grup-bebas/section/01/covers/surface/unit-032/protected-math-zone/298-inline,urn:uuid:5568ebc8-788a-5478-853d-ad6479f1d1ca,covers,urn:uuid:ab9af193-98f5-5db9-a769-225eb8841767,chapter4.tex:1108-1388 (line 1388 blank boundary omitted from target mapping)
urn:uuid:595d5a86-6c51-5acf-9356-2a82d7c77270,relation/unit/bab-4-grup-bebas/section/01/covers/surface/unit-032/protected-math-zone/299-inline,urn:uuid:5568ebc8-788a-5478-853d-ad6479f1d1ca,covers,urn:uuid:7caf6b27-b133-525d-825d-a3d098066d1b,chapter4.tex:1108-1388 (line 1388 blank boundary omitted from target mapping)
urn:uuid:9d9bb303-ee43-55fb-a376-0bacd2e9934d,relation/unit/bab-4-grup-bebas/section/01/covers/surface/unit-032/protected-math-zone/300-inline,urn:uuid:5568ebc8-788a-5478-853d-ad6479f1d1ca,covers,urn:uuid:545bec60-7537-5c7d-ad75-0f36b79a9e0b,chapter4.tex:1108-1388 (line 1388 blank boundary omitted from target mapping)
urn:uuid:d280887a-9bff-50aa-9132-b5fa5803559a,relation/unit/bab-4-grup-bebas/section/01/covers/surface/unit-032/protected-math-zone/301-inline,urn:uuid:5568ebc8-788a-5478-853d-ad6479f1d1ca,covers,urn:uuid:43f92225-343f-5401-a40e-667041ed1b15,chapter4.tex:1108-1388 (line 1388 blank boundary omitted from target mapping)
urn:uuid:82b6e485-0b26-535c-8342-5aeae131ebc0,relation/unit/bab-4-grup-bebas/section/01/covers/surface/unit-032/protected-math-zone/302-display-bracket,urn:uuid:5568ebc8-788a-5478-853d-ad6479f1d1ca,covers,urn:uuid:72c442dc-e85f-5264-aa6c-97fbba177cc5,chapter4.tex:1108-1388 (line 1388 blank boundary omitted from target mapping)
urn:uuid:b65a4372-c363-5993-8d03-657f970fae27,relation/unit/bab-4-grup-bebas/section/01/covers/surface/unit-032/protected-math-zone/303-inline,urn:uuid:5568ebc8-788a-5478-853d-ad6479f1d1ca,covers,urn:uuid:82b2cc36-54b9-540e-b217-77c8142d263f,chapter4.tex:1108-1388 (line 1388 blank boundary omitted from target mapping)
urn:uuid:ddab1726-92dc-57aa-8b87-ae390c1e559f,relation/unit/bab-4-grup-bebas/section/01/covers/surface/unit-032/protected-math-zone/304-inline,urn:uuid:5568ebc8-788a-5478-853d-ad6479f1d1ca,covers,urn:uuid:72cb72fe-6a77-5827-bef3-ac0064389be1,chapter4.tex:1108-1388 (line 1388 blank boundary omitted from target mapping)
urn:uuid:d80bf4c4-5527-55c6-8781-1e088acafb27,relation/unit/bab-4-grup-bebas/section/01/covers/surface/unit-032/protected-math-zone/305-inline,urn:uuid:5568ebc8-788a-5478-853d-ad6479f1d1ca,covers,urn:uuid:48a228ab-891e-5e93-8f62-e728dcf26a11,chapter4.tex:1108-1388 (line 1388 blank boundary omitted from target mapping)
urn:uuid:9221e116-53ae-5f10-8cf6-02c385dc9d03,relation/unit/bab-4-grup-bebas/section/01/covers/surface/unit-032/protected-math-zone/306-inline,urn:uuid:5568ebc8-788a-5478-853d-ad6479f1d1ca,covers,urn:uuid:16992df9-7f9a-55b8-a30d-9605339befee,chapter4.tex:1108-1388 (line 1388 blank boundary omitted from target mapping)
urn:uuid:43c78738-2a85-55b9-a4c3-631ca06e0e17,relation/unit/bab-4-grup-bebas/section/01/covers/surface/unit-032/protected-math-zone/307-display-bracket,urn:uuid:5568ebc8-788a-5478-853d-ad6479f1d1ca,covers,urn:uuid:6694f3d8-7a71-5572-80d8-b357b1f6c54b,chapter4.tex:1108-1388 (line 1388 blank boundary omitted from target mapping)
urn:uuid:61edbf9d-89aa-5ed6-8283-a72485d6b76b,relation/unit/bab-4-grup-bebas/section/01/covers/surface/unit-032/protected-math-zone/308-inline,urn:uuid:5568ebc8-788a-5478-853d-ad6479f1d1ca,covers,urn:uuid:57043699-4db0-5653-b62e-073ddb33484f,chapter4.tex:1108-1388 (line 1388 blank boundary omitted from target mapping)
urn:uuid:7f3346b4-9a1e-509d-bdad-32dcb4b1f642,relation/unit/bab-4-grup-bebas/section/01/covers/surface/unit-032/protected-math-zone/309-inline,urn:uuid:5568ebc8-788a-5478-853d-ad6479f1d1ca,covers,urn:uuid:16b78a8c-c41d-5f1d-a319-4e79b1fa656b,chapter4.tex:1108-1388 (line 1388 blank boundary omitted from target mapping)
urn:uuid:c99cc379-e49c-5575-81be-d1f5aa3a7524,relation/unit/bab-4-grup-bebas/section/01/covers/surface/unit-032/protected-math-zone/310-inline,urn:uuid:5568ebc8-788a-5478-853d-ad6479f1d1ca,covers,urn:uuid:24ad55de-7a45-51d3-870e-987d6965a7ef,chapter4.tex:1108-1388 (line 1388 blank boundary omitted from target mapping)
urn:uuid:be4177ae-fe5f-5806-8d2d-6d80b9e51731,relation/unit/bab-4-grup-bebas/section/01/covers/surface/unit-032/protected-math-zone/311-inline,urn:uuid:5568ebc8-788a-5478-853d-ad6479f1d1ca,covers,urn:uuid:4f6be54c-6812-545a-91cc-e2f1263c8681,chapter4.tex:1108-1388 (line 1388 blank boundary omitted from target mapping)
urn:uuid:81297b18-b7b3-5e75-bcac-18edcbe837f7,relation/unit/bab-4-grup-bebas/section/01/covers/surface/unit-032/protected-math-zone/312-inline,urn:uuid:5568ebc8-788a-5478-853d-ad6479f1d1ca,covers,urn:uuid:a080a2aa-eeab-569c-ab17-7e8f9e8f803d,chapter4.tex:1108-1388 (line 1388 blank boundary omitted from target mapping)
urn:uuid:88351e5c-ce3a-58a3-93e4-dbb247cb1edd,relation/unit/bab-4-grup-bebas/section/01/covers/surface/unit-032/protected-math-zone/313-inline,urn:uuid:5568ebc8-788a-5478-853d-ad6479f1d1ca,covers,urn:uuid:18998874-cdc6-508b-ae44-ccac01cb8975,chapter4.tex:1108-1388 (line 1388 blank boundary omitted from target mapping)
urn:uuid:c16202f6-4d2c-57cf-9b09-f566d985c27f,relation/unit/bab-4-grup-bebas/section/01/covers/surface/unit-032/protected-math-zone/314-inline,urn:uuid:5568ebc8-788a-5478-853d-ad6479f1d1ca,covers,urn:uuid:c4f28f51-e385-572f-95bc-30b975baa093,chapter4.tex:1108-1388 (line 1388 blank boundary omitted from target mapping)
urn:uuid:512e1c6e-5dbe-56cb-90ff-a2e98b7a3e20,relation/unit/bab-4-grup-bebas/section/01/covers/surface/unit-032/protected-math-zone/315-display-bracket,urn:uuid:5568ebc8-788a-5478-853d-ad6479f1d1ca,covers,urn:uuid:913ecf99-5eb9-50af-aa38-30e4f73a5d69,chapter4.tex:1108-1388 (line 1388 blank boundary omitted from target mapping)
urn:uuid:f45efa17-3ec1-5409-ba25-68488b24e4d9,relation/unit/bab-4-grup-bebas/section/01/covers/surface/unit-032/protected-math-zone/316-inline,urn:uuid:5568ebc8-788a-5478-853d-ad6479f1d1ca,covers,urn:uuid:99e8f413-a125-5fdd-a3cb-f52500beb491,chapter4.tex:1108-1388 (line 1388 blank boundary omitted from target mapping)
urn:uuid:64c1fb79-c391-5855-ac0e-8a36eccaa1b1,relation/unit/bab-4-grup-bebas/section/01/covers/surface/unit-032/protected-math-zone/317-inline,urn:uuid:5568ebc8-788a-5478-853d-ad6479f1d1ca,covers,urn:uuid:c8017fb7-c010-5a40-9a07-0fe734c75604,chapter4.tex:1108-1388 (line 1388 blank boundary omitted from target mapping)
urn:uuid:ac6793d5-3464-5932-be7b-5eff23424997,relation/unit/bab-4-grup-bebas/section/01/covers/surface/unit-032/protected-math-zone/318-inline,urn:uuid:5568ebc8-788a-5478-853d-ad6479f1d1ca,covers,urn:uuid:c52fc359-1c7b-5d58-bea8-baa87500310a,chapter4.tex:1108-1388 (line 1388 blank boundary omitted from target mapping)
urn:uuid:972ce1ed-e849-5127-85d7-996fa7586a27,relation/unit/bab-4-grup-bebas/section/01/covers/surface/unit-032/protected-math-zone/319-inline,urn:uuid:5568ebc8-788a-5478-853d-ad6479f1d1ca,covers,urn:uuid:d717fde3-ae72-5567-941d-e3b549215c2e,chapter4.tex:1108-1388 (line 1388 blank boundary omitted from target mapping)
urn:uuid:9aab7234-9130-5bbd-bf8f-3bf321149e94,relation/unit/bab-4-grup-bebas/section/01/covers/surface/unit-032/protected-math-zone/320-inline,urn:uuid:5568ebc8-788a-5478-853d-ad6479f1d1ca,covers,urn:uuid:32fa9a19-30c7-569c-b6d5-3c5938198542,chapter4.tex:1108-1388 (line 1388 blank boundary omitted from target mapping)
urn:uuid:09877bab-375b-5b29-bb95-4ad80c6155f4,relation/unit/bab-4-grup-bebas/section/01/covers/surface/unit-032/protected-math-zone/321-inline,urn:uuid:5568ebc8-788a-5478-853d-ad6479f1d1ca,covers,urn:uuid:adf6073f-2734-5cba-988c-44f74a3c1d7b,chapter4.tex:1108-1388 (line 1388 blank boundary omitted from target mapping)
urn:uuid:e5ea26f2-e6ea-5abf-becb-9451dd6b9d3c,relation/unit/bab-4-grup-bebas/section/01/covers/surface/unit-032/protected-math-zone/322-inline,urn:uuid:5568ebc8-788a-5478-853d-ad6479f1d1ca,covers,urn:uuid:d8650f7b-0ac0-5f10-b1a1-6e41fd60175f,chapter4.tex:1108-1388 (line 1388 blank boundary omitted from target mapping)
urn:uuid:f357c207-5b8b-57fe-b899-ad17605dc0fa,relation/unit/bab-4-grup-bebas/section/01/covers/surface/unit-032/protected-math-zone/323-inline,urn:uuid:5568ebc8-788a-5478-853d-ad6479f1d1ca,covers,urn:uuid:71d7fa20-af6b-5874-a347-9a296ee0fdfb,chapter4.tex:1108-1388 (line 1388 blank boundary omitted from target mapping)
urn:uuid:2395a811-3c36-5b07-84d7-a5aaddd547c4,relation/unit/bab-4-grup-bebas/section/01/covers/surface/unit-032/protected-math-zone/324-inline,urn:uuid:5568ebc8-788a-5478-853d-ad6479f1d1ca,covers,urn:uuid:e93302da-a13a-52f1-a842-72a82f459a2a,chapter4.tex:1108-1388 (line 1388 blank boundary omitted from target mapping)
urn:uuid:ad2b2a69-519d-53ba-9760-39ebabc580ef,relation/unit/bab-4-grup-bebas/section/01/covers/surface/unit-032/protected-math-zone/325-inline,urn:uuid:5568ebc8-788a-5478-853d-ad6479f1d1ca,covers,urn:uuid:c4207a29-addd-57b4-a420-1340e1b40f6e,chapter4.tex:1108-1388 (line 1388 blank boundary omitted from target mapping)
urn:uuid:0227db02-322e-55db-bf01-5fc55393706d,relation/unit/bab-4-grup-bebas/section/01/covers/surface/unit-032/protected-math-zone/326-inline,urn:uuid:5568ebc8-788a-5478-853d-ad6479f1d1ca,covers,urn:uuid:48228763-cd30-5dc2-9026-acd81b752e17,chapter4.tex:1108-1388 (line 1388 blank boundary omitted from target mapping)
urn:uuid:4aa275cd-dee3-59d0-b400-43d606236c64,relation/unit/bab-4-grup-bebas/section/01/covers/surface/unit-032/protected-math-zone/327-inline,urn:uuid:5568ebc8-788a-5478-853d-ad6479f1d1ca,covers,urn:uuid:d0bf1992-6495-571c-bf0f-2ba8942f516a,chapter4.tex:1108-1388 (line 1388 blank boundary omitted from target mapping)
urn:uuid:354be6ed-8a64-522c-adeb-b4e882b9036c,relation/unit/bab-4-grup-bebas/section/01/covers/surface/unit-032/protected-math-zone/328-display-bracket,urn:uuid:5568ebc8-788a-5478-853d-ad6479f1d1ca,covers,urn:uuid:92724bde-4426-5a56-a4cd-c55dd725aae3,chapter4.tex:1108-1388 (line 1388 blank boundary omitted from target mapping)
urn:uuid:d66b13db-1720-5686-bef2-ecfe6c53d476,relation/unit/bab-4-grup-bebas/section/01/covers/surface/unit-032/protected-math-zone/329-display-environment,urn:uuid:5568ebc8-788a-5478-853d-ad6479f1d1ca,covers,urn:uuid:5bfa59ab-a218-5a63-9226-2404248631d8,chapter4.tex:1108-1388 (line 1388 blank boundary omitted from target mapping)
urn:uuid:78ef6c55-60a9-5748-87ef-56ea71f9417a,relation/unit/bab-4-grup-bebas/section/01/covers/surface/unit-032/protected-math-zone/330-inline,urn:uuid:5568ebc8-788a-5478-853d-ad6479f1d1ca,covers,urn:uuid:e1264473-472b-5266-b623-b338391464c5,chapter4.tex:1108-1388 (line 1388 blank boundary omitted from target mapping)
urn:uuid:2abb6c1c-bb48-51df-b593-d998ce66ed2f,relation/unit/bab-4-grup-bebas/section/01/covers/surface/unit-032/protected-math-zone/331-inline,urn:uuid:5568ebc8-788a-5478-853d-ad6479f1d1ca,covers,urn:uuid:1345622f-d60e-5391-84dd-b8557cc894d4,chapter4.tex:1108-1388 (line 1388 blank boundary omitted from target mapping)
urn:uuid:583d1fcf-3823-5563-a90f-28a81b82c394,relation/unit/bab-4-grup-bebas/section/01/covers/surface/unit-032/protected-math-zone/332-inline,urn:uuid:5568ebc8-788a-5478-853d-ad6479f1d1ca,covers,urn:uuid:e1ddf59d-c863-53ac-811f-1c56b0f08214,chapter4.tex:1108-1388 (line 1388 blank boundary omitted from target mapping)
urn:uuid:901c8f50-cb6a-5001-a6e9-ae83fecf8d23,relation/unit/bab-4-grup-bebas/section/01/covers/surface/unit-032/protected-math-zone/333-inline,urn:uuid:5568ebc8-788a-5478-853d-ad6479f1d1ca,covers,urn:uuid:b44ff899-141a-5be8-a4ec-a0d76e8d9ec2,chapter4.tex:1108-1388 (line 1388 blank boundary omitted from target mapping)
urn:uuid:8947cfa9-0679-5e1f-ac5f-72b19cd75747,relation/unit/bab-4-grup-bebas/section/01/covers/surface/unit-032/protected-math-zone/334-inline,urn:uuid:5568ebc8-788a-5478-853d-ad6479f1d1ca,covers,urn:uuid:3631e908-378f-5d05-9892-2d36f581543e,chapter4.tex:1108-1388 (line 1388 blank boundary omitted from target mapping)
urn:uuid:f1d70946-6c51-5c91-aee9-b763d7cdc96c,relation/unit/bab-4-grup-bebas/section/01/covers/surface/unit-032/protected-math-zone/335-inline,urn:uuid:5568ebc8-788a-5478-853d-ad6479f1d1ca,covers,urn:uuid:83560d8f-fe55-5f82-a486-dd155f0ce824,chapter4.tex:1108-1388 (line 1388 blank boundary omitted from target mapping)
urn:uuid:f4c3c1de-c216-5a32-a3f5-20aaeb4a62f2,relation/unit/bab-4-grup-bebas/section/01/covers/surface/unit-032/protected-math-zone/336-inline,urn:uuid:5568ebc8-788a-5478-853d-ad6479f1d1ca,covers,urn:uuid:dc6239e5-9b10-582f-a59e-2657b6510d51,chapter4.tex:1108-1388 (line 1388 blank boundary omitted from target mapping)
urn:uuid:65fdf8ba-d324-59c8-b3e2-e92de44bd83f,relation/unit/bab-4-grup-bebas/section/01/covers/surface/unit-032/protected-math-zone/337-inline,urn:uuid:5568ebc8-788a-5478-853d-ad6479f1d1ca,covers,urn:uuid:bdb90635-f825-5521-865b-df8a17c28fc7,chapter4.tex:1108-1388 (line 1388 blank boundary omitted from target mapping)
urn:uuid:21eab467-9e5a-5bb0-a200-d4f878a2553c,relation/unit/bab-4-grup-bebas/section/01/covers/surface/unit-032/protected-math-zone/338-inline,urn:uuid:5568ebc8-788a-5478-853d-ad6479f1d1ca,covers,urn:uuid:a579b671-f50a-5e51-b6c6-635384ed8a4b,chapter4.tex:1108-1388 (line 1388 blank boundary omitted from target mapping)
urn:uuid:d3c92c49-efd6-5ac7-8cc1-6f30b6b8e8b7,relation/unit/bab-4-grup-bebas/section/01/covers/surface/unit-032/protected-math-zone/339-inline,urn:uuid:5568ebc8-788a-5478-853d-ad6479f1d1ca,covers,urn:uuid:44d91f1b-324e-52af-a591-3da22780e3d2,chapter4.tex:1108-1388 (line 1388 blank boundary omitted from target mapping)
urn:uuid:86ca10d8-7a11-5401-920e-1872b51b0bb6,relation/unit/bab-4-grup-bebas/section/01/covers/surface/unit-032/protected-math-zone/340-inline,urn:uuid:5568ebc8-788a-5478-853d-ad6479f1d1ca,covers,urn:uuid:5dd6888e-c6fd-5e5a-b99f-5440495d54e6,chapter4.tex:1108-1388 (line 1388 blank boundary omitted from target mapping)
urn:uuid:ed9a99fb-ad47-5ceb-bcb3-5e6cb7d8cc83,relation/unit/bab-4-grup-bebas/section/01/covers/surface/unit-032/protected-math-zone/341-inline,urn:uuid:5568ebc8-788a-5478-853d-ad6479f1d1ca,covers,urn:uuid:35478049-1a8b-5bfd-aaee-4b4198f6bf2f,chapter4.tex:1108-1388 (line 1388 blank boundary omitted from target mapping)
urn:uuid:0762d82e-ba29-51b2-b1e2-b87d0a5f1167,relation/unit/bab-4-grup-bebas/section/01/covers/surface/unit-032/protected-math-zone/342-inline,urn:uuid:5568ebc8-788a-5478-853d-ad6479f1d1ca,covers,urn:uuid:4bba42ae-e824-5757-931f-0edefd0bc86c,chapter4.tex:1108-1388 (line 1388 blank boundary omitted from target mapping)
urn:uuid:35199755-8126-5835-9f8f-a5a5c8a97415,relation/unit/bab-4-grup-bebas/section/01/covers/surface/unit-032/protected-math-zone/343-inline,urn:uuid:5568ebc8-788a-5478-853d-ad6479f1d1ca,covers,urn:uuid:b03d90dc-17e9-564c-9aad-6ed3af2e37f7,chapter4.tex:1108-1388 (line 1388 blank boundary omitted from target mapping)
urn:uuid:bfe6bac2-1208-5894-a0cb-dea31b3ff2cf,relation/unit/bab-4-grup-bebas/section/01/covers/surface/unit-032/protected-math-zone/344-inline,urn:uuid:5568ebc8-788a-5478-853d-ad6479f1d1ca,covers,urn:uuid:24bf04f8-1bb9-55e7-8992-d8e942fad50e,chapter4.tex:1108-1388 (line 1388 blank boundary omitted from target mapping)
urn:uuid:5fef2b37-5a32-50a6-8eae-e3fa48432c3c,relation/unit/bab-4-grup-bebas/section/01/covers/surface/unit-032/protected-math-zone/345-inline,urn:uuid:5568ebc8-788a-5478-853d-ad6479f1d1ca,covers,urn:uuid:34a3eb6e-35c3-532e-9d62-ec0a4d69fccb,chapter4.tex:1108-1388 (line 1388 blank boundary omitted from target mapping)
urn:uuid:59797c1c-3792-5d4a-9028-db3cd6fe268b,relation/unit/bab-4-grup-bebas/section/01/covers/surface/unit-032/protected-math-zone/346-inline,urn:uuid:5568ebc8-788a-5478-853d-ad6479f1d1ca,covers,urn:uuid:d7ac8d5f-f9f2-5518-9bf7-9441bcec0054,chapter4.tex:1108-1388 (line 1388 blank boundary omitted from target mapping)
urn:uuid:b625237b-39d1-5a2d-8181-bdd5239e60c9,relation/unit/bab-4-grup-bebas/section/01/covers/surface/unit-032/protected-math-zone/347-inline,urn:uuid:5568ebc8-788a-5478-853d-ad6479f1d1ca,covers,urn:uuid:96010edd-fb94-553e-841b-a95448ca69ac,chapter4.tex:1108-1388 (line 1388 blank boundary omitted from target mapping)
urn:uuid:1ef15910-6127-5f20-a9f4-ba9aaca4139e,relation/unit/bab-4-grup-bebas/section/01/covers/surface/unit-032/protected-math-zone/348-inline,urn:uuid:5568ebc8-788a-5478-853d-ad6479f1d1ca,covers,urn:uuid:473c885c-65c2-5d91-935f-6799c3d0800f,chapter4.tex:1108-1388 (line 1388 blank boundary omitted from target mapping)
urn:uuid:d1553ae8-8d5d-59f7-a5f4-0b4fab41b92b,relation/unit/bab-4-grup-bebas/section/01/covers/surface/unit-032/protected-math-zone/349-inline,urn:uuid:5568ebc8-788a-5478-853d-ad6479f1d1ca,covers,urn:uuid:fa3c7a44-ab92-5b02-926f-31bd7bbbdb2b,chapter4.tex:1108-1388 (line 1388 blank boundary omitted from target mapping)
urn:uuid:bfd1fd2a-042b-585e-8aed-206873b1019e,relation/unit/bab-4-grup-bebas/section/01/covers/surface/unit-032/protected-math-zone/350-inline,urn:uuid:5568ebc8-788a-5478-853d-ad6479f1d1ca,covers,urn:uuid:d177f14b-5d23-5d67-9aae-18a1275ddf2d,chapter4.tex:1108-1388 (line 1388 blank boundary omitted from target mapping)
urn:uuid:c93708e7-1f56-5b0a-8543-76b208016f99,relation/unit/bab-4-grup-bebas/section/01/covers/surface/unit-032/protected-math-zone/351-inline,urn:uuid:5568ebc8-788a-5478-853d-ad6479f1d1ca,covers,urn:uuid:95d3f715-df14-5361-92e4-a71bff354000,chapter4.tex:1108-1388 (line 1388 blank boundary omitted from target mapping)
urn:uuid:22e11b0a-1de0-5d0e-a565-48f4f2aeffd2,relation/unit/bab-4-grup-bebas/section/01/covers/surface/unit-032/protected-math-zone/352-inline,urn:uuid:5568ebc8-788a-5478-853d-ad6479f1d1ca,covers,urn:uuid:33cf5e6b-f621-5574-9ff4-fcc0adcd533e,chapter4.tex:1108-1388 (line 1388 blank boundary omitted from target mapping)
urn:uuid:c5c11c37-8b48-5194-986c-2f6ea3cf1dd3,relation/unit/bab-4-grup-bebas/section/01/covers/surface/unit-032/protected-math-zone/353-inline,urn:uuid:5568ebc8-788a-5478-853d-ad6479f1d1ca,covers,urn:uuid:6d08c91f-96b3-57de-99e6-83025048a824,chapter4.tex:1108-1388 (line 1388 blank boundary omitted from target mapping)
urn:uuid:9f74ade9-1186-51d5-9132-f9aa07a7a226,relation/unit/bab-4-grup-bebas/section/01/covers/surface/unit-032/protected-math-zone/354-inline,urn:uuid:5568ebc8-788a-5478-853d-ad6479f1d1ca,covers,urn:uuid:6b874d1b-72cb-509c-b3a1-ce5226713127,chapter4.tex:1108-1388 (line 1388 blank boundary omitted from target mapping)
urn:uuid:b2a8132d-6b80-5aa4-950f-d85f7f3d788f,relation/unit/bab-4-grup-bebas/section/01/covers/surface/unit-032/protected-math-zone/355-inline,urn:uuid:5568ebc8-788a-5478-853d-ad6479f1d1ca,covers,urn:uuid:97675d74-3ca1-54f3-8ca1-d6756444897d,chapter4.tex:1108-1388 (line 1388 blank boundary omitted from target mapping)
urn:uuid:8b9e5d61-2bc9-5d82-95e1-f27f309f0c7f,relation/unit/bab-4-grup-bebas/section/01/covers/surface/unit-032/protected-math-zone/356-display-environment,urn:uuid:5568ebc8-788a-5478-853d-ad6479f1d1ca,covers,urn:uuid:421f1c4b-e2fd-5948-b89c-67d4152156d6,chapter4.tex:1108-1388 (line 1388 blank boundary omitted from target mapping)
urn:uuid:8770d781-9c44-5a98-b299-2c0e31e0a990,relation/unit/bab-4-grup-bebas/section/01/covers/surface/unit-032/protected-math-zone/357-inline,urn:uuid:5568ebc8-788a-5478-853d-ad6479f1d1ca,covers,urn:uuid:c5e2f45e-bc0d-53ba-bf29-960cbec4c3de,chapter4.tex:1108-1388 (line 1388 blank boundary omitted from target mapping)
urn:uuid:48d99668-bb18-5bef-b96e-b61c7feeff8d,relation/unit/bab-4-grup-bebas/section/01/covers/surface/unit-032/protected-math-zone/358-inline,urn:uuid:5568ebc8-788a-5478-853d-ad6479f1d1ca,covers,urn:uuid:a13e1a39-8f32-58a4-ad2b-856b45b1cf75,chapter4.tex:1108-1388 (line 1388 blank boundary omitted from target mapping)
urn:uuid:a5a35742-0f8b-5782-9813-9f7742cddeb9,relation/unit/bab-4-grup-bebas/section/01/covers/surface/unit-032/protected-math-zone/359-inline,urn:uuid:5568ebc8-788a-5478-853d-ad6479f1d1ca,covers,urn:uuid:da66fc7f-70b6-5ca9-909c-d038982f2b4b,chapter4.tex:1108-1388 (line 1388 blank boundary omitted from target mapping)
urn:uuid:fbc09515-7635-5ff2-ba76-609acc8742ea,relation/unit/bab-4-grup-bebas/section/01/covers/surface/unit-032/protected-math-zone/360-display-bracket,urn:uuid:5568ebc8-788a-5478-853d-ad6479f1d1ca,covers,urn:uuid:b9c0c351-afd8-5d0f-b73f-f073e126f48a,chapter4.tex:1108-1388 (line 1388 blank boundary omitted from target mapping)
urn:uuid:9f22c5d7-338d-51d9-b328-829a2a28c313,relation/unit/bab-4-grup-bebas/section/01/covers/surface/unit-032/protected-math-zone/361-inline,urn:uuid:5568ebc8-788a-5478-853d-ad6479f1d1ca,covers,urn:uuid:feb34292-38e3-5829-b98f-e9b34a87f3e9,chapter4.tex:1108-1388 (line 1388 blank boundary omitted from target mapping)
urn:uuid:42b33186-e1d0-5b98-a46a-9ec6c6dcaed6,relation/unit/bab-4-grup-bebas/section/01/covers/surface/unit-032/protected-math-zone/362-inline,urn:uuid:5568ebc8-788a-5478-853d-ad6479f1d1ca,covers,urn:uuid:368e87c7-f0a2-5c01-bdf2-bf9e3027b27a,chapter4.tex:1108-1388 (line 1388 blank boundary omitted from target mapping)
urn:uuid:b2667ba5-fccb-50a5-a8b3-065da813e3ad,relation/unit/bab-4-grup-bebas/section/01/covers/surface/unit-032/protected-math-zone/363-inline,urn:uuid:5568ebc8-788a-5478-853d-ad6479f1d1ca,covers,urn:uuid:641bf8a1-fe78-5145-bff8-3f7247b5a4ce,chapter4.tex:1108-1388 (line 1388 blank boundary omitted from target mapping)
urn:uuid:aa206ab0-4ddd-5cb7-b0a3-3356dc7545bc,relation/unit/bab-4-grup-bebas/section/01/covers/surface/unit-032/protected-math-zone/364-inline,urn:uuid:5568ebc8-788a-5478-853d-ad6479f1d1ca,covers,urn:uuid:36fc8766-c8cb-5c9f-8c08-355dd95f090f,chapter4.tex:1108-1388 (line 1388 blank boundary omitted from target mapping)
urn:uuid:1b673110-fd58-5a28-8ea7-a8ce8623f532,relation/unit/bab-4-grup-bebas/section/01/covers/surface/unit-032/protected-math-zone/365-inline,urn:uuid:5568ebc8-788a-5478-853d-ad6479f1d1ca,covers,urn:uuid:e388ccd4-7b57-5859-94e2-23b127ee9919,chapter4.tex:1108-1388 (line 1388 blank boundary omitted from target mapping)
urn:uuid:09c58155-d103-5d3e-be6d-cf0373d18612,relation/unit/bab-4-grup-bebas/section/01/covers/surface/unit-032/protected-math-zone/366-inline,urn:uuid:5568ebc8-788a-5478-853d-ad6479f1d1ca,covers,urn:uuid:ebdfa8c5-2d84-542e-ba78-d585fc1f6b9d,chapter4.tex:1108-1388 (line 1388 blank boundary omitted from target mapping)
urn:uuid:2db52976-2932-5379-b6eb-a3e87db7a000,relation/unit/bab-4-grup-bebas/section/01/covers/surface/unit-032/protected-math-zone/367-inline,urn:uuid:5568ebc8-788a-5478-853d-ad6479f1d1ca,covers,urn:uuid:8f268382-4abf-55fa-93e1-7c9f6b945892,chapter4.tex:1108-1388 (line 1388 blank boundary omitted from target mapping)
urn:uuid:437e1f5a-0770-56f4-b6b2-2a3e22036ffa,relation/unit/bab-4-grup-bebas/section/01/covers/surface/unit-032/reference/equation/004,urn:uuid:5568ebc8-788a-5478-853d-ad6479f1d1ca,covers,urn:uuid:338f91b2-9d0f-5a10-9644-e9e274101817,chapter4.tex:1108-1388 (line 1388 blank boundary omitted from target mapping)
urn:uuid:a7515490-3bab-59e1-94fa-3254b11b8524,relation/unit/bab-4-grup-bebas/section/01/covers/surface/unit-032/reference/equation/009,urn:uuid:5568ebc8-788a-5478-853d-ad6479f1d1ca,covers,urn:uuid:be5462b5-aaed-5737-9a4b-0b3a6bab58bb,chapter4.tex:1108-1388 (line 1388 blank boundary omitted from target mapping)
urn:uuid:39382bdc-2a8b-5116-8d4b-027f80025c31,relation/unit/bab-4-grup-bebas/section/01/covers/surface/unit-032/reference/equation/010,urn:uuid:5568ebc8-788a-5478-853d-ad6479f1d1ca,covers,urn:uuid:35877156-9839-5529-9a03-e63590c7ddf6,chapter4.tex:1108-1388 (line 1388 blank boundary omitted from target mapping)
urn:uuid:d58a9e03-952b-5a73-ab84-8a8ba58355cc,relation/unit/bab-4-grup-bebas/section/01/covers/surface/unit-032/reference/equation/011,urn:uuid:5568ebc8-788a-5478-853d-ad6479f1d1ca,covers,urn:uuid:33bd4fa0-4330-5d2a-9d27-87608a9a8b49,chapter4.tex:1108-1388 (line 1388 blank boundary omitted from target mapping)
urn:uuid:bb73fe8d-1c59-5b53-9646-191faeb83860,relation/unit/bab-4-grup-bebas/section/01/covers/surface/unit-032/reference/equation/013,urn:uuid:5568ebc8-788a-5478-853d-ad6479f1d1ca,covers,urn:uuid:4921d1d2-21cc-50e7-a3cf-d3b5caf51cff,chapter4.tex:1108-1388 (line 1388 blank boundary omitted from target mapping)
urn:uuid:a6fcad50-78e6-5b13-9261-844bfe4b4a77,relation/unit/bab-4-grup-bebas/section/01/covers/surface/unit-032/reference/equation/016,urn:uuid:5568ebc8-788a-5478-853d-ad6479f1d1ca,covers,urn:uuid:3a2dc293-6351-57b5-9c71-7b32f057f24e,chapter4.tex:1108-1388 (line 1388 blank boundary omitted from target mapping)
urn:uuid:85468b89-ba9d-5c88-9459-b39aa072cabe,relation/unit/bab-4-grup-bebas/section/01/covers/surface/unit-032/reference/ordinary/001,urn:uuid:5568ebc8-788a-5478-853d-ad6479f1d1ca,covers,urn:uuid:8baf2e99-d84f-50e2-a23a-9f927c2b2200,chapter4.tex:1108-1388 (line 1388 blank boundary omitted from target mapping)
urn:uuid:a964b3ec-610e-50b5-bcc0-0515a22725ba,relation/unit/bab-4-grup-bebas/section/01/covers/surface/unit-032/reference/ordinary/002,urn:uuid:5568ebc8-788a-5478-853d-ad6479f1d1ca,covers,urn:uuid:f9cd4b75-0e79-5bd0-97eb-7bdc62e8ca33,chapter4.tex:1108-1388 (line 1388 blank boundary omitted from target mapping)
urn:uuid:3b9e1a1b-72dc-5c51-90d2-828e3a49094a,relation/unit/bab-4-grup-bebas/section/01/covers/surface/unit-032/reference/ordinary/003,urn:uuid:5568ebc8-788a-5478-853d-ad6479f1d1ca,covers,urn:uuid:c6ea26a5-9d25-5c30-a215-dbcf18b9a6de,chapter4.tex:1108-1388 (line 1388 blank boundary omitted from target mapping)
urn:uuid:f3f94aec-4b28-57da-be0d-a77f232cc3df,relation/unit/bab-4-grup-bebas/section/01/covers/surface/unit-032/reference/ordinary/005,urn:uuid:5568ebc8-788a-5478-853d-ad6479f1d1ca,covers,urn:uuid:9dcdd754-da53-5c21-96a7-afb582d9d5ba,chapter4.tex:1108-1388 (line 1388 blank boundary omitted from target mapping)
urn:uuid:4c1b9039-b07b-57bb-a4ff-75722878e760,relation/unit/bab-4-grup-bebas/section/01/covers/surface/unit-032/reference/ordinary/006,urn:uuid:5568ebc8-788a-5478-853d-ad6479f1d1ca,covers,urn:uuid:c0264c22-706c-5e98-a784-742c9fbb7ec8,chapter4.tex:1108-1388 (line 1388 blank boundary omitted from target mapping)
urn:uuid:dcc636bb-6a6f-5b5a-8de3-d5df88a27649,relation/unit/bab-4-grup-bebas/section/01/covers/surface/unit-032/reference/ordinary/007,urn:uuid:5568ebc8-788a-5478-853d-ad6479f1d1ca,covers,urn:uuid:40594d55-59e7-5ee0-8e92-e81c985d7dd9,chapter4.tex:1108-1388 (line 1388 blank boundary omitted from target mapping)
urn:uuid:990acd0f-f849-5e15-8ae0-7bc1815283ba,relation/unit/bab-4-grup-bebas/section/01/covers/surface/unit-032/reference/ordinary/008,urn:uuid:5568ebc8-788a-5478-853d-ad6479f1d1ca,covers,urn:uuid:26c3fd61-6174-5be6-ac1f-04aff6871e02,chapter4.tex:1108-1388 (line 1388 blank boundary omitted from target mapping)
urn:uuid:6f211dd7-e3c9-5004-a39f-48cb7df1d1f8,relation/unit/bab-4-grup-bebas/section/01/covers/surface/unit-032/reference/ordinary/012,urn:uuid:5568ebc8-788a-5478-853d-ad6479f1d1ca,covers,urn:uuid:e28e218a-e9dc-5c2a-b5a8-c34703b3c5d6,chapter4.tex:1108-1388 (line 1388 blank boundary omitted from target mapping)
urn:uuid:cea3e11f-7d78-5c3a-9e20-000e4d0ad922,relation/unit/bab-4-grup-bebas/section/01/covers/surface/unit-032/reference/ordinary/014,urn:uuid:5568ebc8-788a-5478-853d-ad6479f1d1ca,covers,urn:uuid:2cb7e35b-d634-54f1-adfd-05e2cb2a011e,chapter4.tex:1108-1388 (line 1388 blank boundary omitted from target mapping)
urn:uuid:52a31d75-06af-59b3-8c10-4d362a1a40ae,relation/unit/bab-4-grup-bebas/section/01/covers/surface/unit-032/reference/ordinary/015,urn:uuid:5568ebc8-788a-5478-853d-ad6479f1d1ca,covers,urn:uuid:ac03cc15-2709-5b1d-ba0c-227608baec89,chapter4.tex:1108-1388 (line 1388 blank boundary omitted from target mapping)
urn:uuid:43409cbf-6927-5143-8c08-de0689c42a00,relation/unit/bab-4-grup-bebas/section/01/covers/surface/unit-032/reference/ordinary/017,urn:uuid:5568ebc8-788a-5478-853d-ad6479f1d1ca,covers,urn:uuid:f4ec8509-533a-5e0b-a670-59385f7a5aa7,chapter4.tex:1108-1388 (line 1388 blank boundary omitted from target mapping)
urn:uuid:b292ca45-628c-5bfb-9d4e-ff30fc417074,relation/unit/bab-4-grup-bebas/section/01/covers/surface/unit-032/reference/ordinary/018,urn:uuid:5568ebc8-788a-5478-853d-ad6479f1d1ca,covers,urn:uuid:60dee8bd-a126-59f8-ab96-d65ada8e8320,chapter4.tex:1108-1388 (line 1388 blank boundary omitted from target mapping)
urn:uuid:d798412c-8c8b-5ab1-a7ad-9e8458b65d36,relation/unit/bab-4-grup-bebas/section/01/covers/surface/unit-032/reference/ordinary/019,urn:uuid:5568ebc8-788a-5478-853d-ad6479f1d1ca,covers,urn:uuid:205028c1-33fb-585f-bfda-4b4d00ead8d7,chapter4.tex:1108-1388 (line 1388 blank boundary omitted from target mapping)
urn:uuid:0003e099-13a4-5b8a-b30e-7553c32d0bda,relation/unit/bab-4-grup-bebas/section/01/covers/surface/unit-032/reference/ordinary/020,urn:uuid:5568ebc8-788a-5478-853d-ad6479f1d1ca,covers,urn:uuid:2573be71-63cc-5707-bf85-1d2dda93cb96,chapter4.tex:1108-1388 (line 1388 blank boundary omitted from target mapping)
urn:uuid:902f5d6d-6ea9-558c-83f9-5bf0b1c0d46d,relation/unit/bab-4-grup-bebas/section/01/covers/surface/unit-032/terminology-row/001,urn:uuid:5568ebc8-788a-5478-853d-ad6479f1d1ca,covers,urn:uuid:c5b60d61-021a-53ed-ab0c-d90a53838c73,chapter4.tex:1108-1388 (line 1388 blank boundary omitted from target mapping)
urn:uuid:50567c16-f48a-5717-9d99-1806fb449df1,relation/unit/bab-4-grup-bebas/section/01/covers/surface/unit-032/terminology-row/002,urn:uuid:5568ebc8-788a-5478-853d-ad6479f1d1ca,covers,urn:uuid:72808d74-09ce-52b0-98f8-4d70851735b9,chapter4.tex:1108-1388 (line 1388 blank boundary omitted from target mapping)
urn:uuid:3a9b13bf-9247-518e-8e63-2401c77bd249,relation/unit/bab-4-grup-bebas/section/01/covers/surface/unit-032/terminology-row/003,urn:uuid:5568ebc8-788a-5478-853d-ad6479f1d1ca,covers,urn:uuid:ac271947-25bb-571d-9620-70cc9ead20a9,chapter4.tex:1108-1388 (line 1388 blank boundary omitted from target mapping)
urn:uuid:b9deea04-ffdf-5363-96ef-9c8302f22b70,relation/unit/bab-4-grup-bebas/section/01/covers/surface/unit-032/terminology-row/004,urn:uuid:5568ebc8-788a-5478-853d-ad6479f1d1ca,covers,urn:uuid:6b96706a-3c07-5d0a-897d-ee958979ff4e,chapter4.tex:1108-1388 (line 1388 blank boundary omitted from target mapping)
urn:uuid:63319382-77a5-5d07-b1b5-b8609a7ea03b,relation/unit/bab-4-grup-bebas/section/01/covers/surface/unit-032/terminology-row/005,urn:uuid:5568ebc8-788a-5478-853d-ad6479f1d1ca,covers,urn:uuid:5cd4402f-f974-529f-9521-357f0449c6ad,chapter4.tex:1108-1388 (line 1388 blank boundary omitted from target mapping)
urn:uuid:b7bcbcbf-b6a2-5e80-9bcc-65e7921033eb,relation/unit/bab-4-grup-bebas/section/01/covers/surface/unit-032/terminology-row/006,urn:uuid:5568ebc8-788a-5478-853d-ad6479f1d1ca,covers,urn:uuid:b6896334-0dcc-5402-9e4b-66b43c49b491,chapter4.tex:1108-1388 (line 1388 blank boundary omitted from target mapping)
urn:uuid:1d9bc88f-c61c-5203-afe6-9795430dc631,relation/unit/bab-4-grup-bebas/section/01/covers/surface/unit-032/terminology-row/007,urn:uuid:5568ebc8-788a-5478-853d-ad6479f1d1ca,covers,urn:uuid:82683f61-be84-5822-85b9-cb2563d10714,chapter4.tex:1108-1388 (line 1388 blank boundary omitted from target mapping)
urn:uuid:b905a496-2812-5c44-8334-3c090275f35f,relation/unit/bab-4-grup-bebas/section/01/covers/surface/unit-032/terminology-row/008,urn:uuid:5568ebc8-788a-5478-853d-ad6479f1d1ca,covers,urn:uuid:de05c4ad-890e-571c-9174-7517384afdb1,chapter4.tex:1108-1388 (line 1388 blank boundary omitted from target mapping)
urn:uuid:9ab07abf-4774-5a53-9833-600636e28549,relation/unit/bab-4-grup-bebas/section/01/covers/surface/unit-032/terminology-row/009,urn:uuid:5568ebc8-788a-5478-853d-ad6479f1d1ca,covers,urn:uuid:d615e8eb-3517-5650-a2d0-709f86607819,chapter4.tex:1108-1388 (line 1388 blank boundary omitted from target mapping)
urn:uuid:b9e066c5-a174-5d4a-9ec1-3f1c7265cbc6,relation/unit/bab-4-grup-bebas/section/01/covers/surface/unit-032/terminology-row/010,urn:uuid:5568ebc8-788a-5478-853d-ad6479f1d1ca,covers,urn:uuid:6102161f-ff6a-5336-9286-551c6534e592,chapter4.tex:1108-1388 (line 1388 blank boundary omitted from target mapping)
urn:uuid:aa7d83b9-a07d-520c-b349-7335e91a706a,relation/unit/bab-4-grup-bebas/section/01/covers/surface/unit-032/terminology-row/011,urn:uuid:5568ebc8-788a-5478-853d-ad6479f1d1ca,covers,urn:uuid:4f3c31b0-f23f-5deb-aaf4-3ebf41ee4b41,chapter4.tex:1108-1388 (line 1388 blank boundary omitted from target mapping)
urn:uuid:ce45dadb-0d66-555f-8df9-6d3affc190ec,relation/unit/bab-4-grup-bebas/section/01/covers/surface/unit-032/terminology-row/012,urn:uuid:5568ebc8-788a-5478-853d-ad6479f1d1ca,covers,urn:uuid:b360c69d-e894-5daf-8c18-84b31a20d60b,chapter4.tex:1108-1388 (line 1388 blank boundary omitted from target mapping)
urn:uuid:43336c7d-00f3-5257-8dad-46f4aeebb460,relation/unit/bab-4-grup-bebas/section/01/covers/surface/unit-032/terminology-row/013,urn:uuid:5568ebc8-788a-5478-853d-ad6479f1d1ca,covers,urn:uuid:d301be56-a6ed-5412-b12e-b18f16f6e970,chapter4.tex:1108-1388 (line 1388 blank boundary omitted from target mapping)
urn:uuid:261bbc7b-fce9-5472-9906-27a9cba82238,relation/unit/bab-4-grup-bebas/section/01/covers/surface/unit-032/terminology-row/014,urn:uuid:5568ebc8-788a-5478-853d-ad6479f1d1ca,covers,urn:uuid:3f7826e1-bd0f-5d37-8f2a-aa3a06df7d14,chapter4.tex:1108-1388 (line 1388 blank boundary omitted from target mapping)
urn:uuid:55a3385e-4959-5ac7-bbb7-6bfefa93cf44,relation/unit/bab-4-grup-bebas/section/01/covers/surface/unit-032/terminology-row/015,urn:uuid:5568ebc8-788a-5478-853d-ad6479f1d1ca,covers,urn:uuid:446cc310-40c1-5d53-bd2b-eeeb27f098bb,chapter4.tex:1108-1388 (line 1388 blank boundary omitted from target mapping)
urn:uuid:70a3c064-7e98-5b58-886b-0e33229c2d5e,relation/unit/bab-4-grup-bebas/section/01/covers/surface/unit-032/terminology-row/016,urn:uuid:5568ebc8-788a-5478-853d-ad6479f1d1ca,covers,urn:uuid:39cdbbf1-8b9f-5f02-a66a-a6375b1ef73c,chapter4.tex:1108-1388 (line 1388 blank boundary omitted from target mapping)
urn:uuid:f8364164-1888-596f-9289-00ca384efb85,relation/unit/bab-4-grup-bebas/section/01/covers/surface/unit-032/terminology-row/017,urn:uuid:5568ebc8-788a-5478-853d-ad6479f1d1ca,covers,urn:uuid:34fbb3d7-0512-5526-a523-06f01f150fb8,chapter4.tex:1108-1388 (line 1388 blank boundary omitted from target mapping)
urn:uuid:43954089-c4bc-5418-9973-7a9d436c4e00,relation/unit/bab-4-grup-bebas/section/01/covers/surface/unit-032/terminology-row/018,urn:uuid:5568ebc8-788a-5478-853d-ad6479f1d1ca,covers,urn:uuid:51e26542-2166-50f4-840b-50803c65e0cb,chapter4.tex:1108-1388 (line 1388 blank boundary omitted from target mapping)
urn:uuid:4b0bf691-5c62-51fe-9b1d-be9f4ffc0c2b,relation/unit/bab-4-grup-bebas/section/01/covers/surface/unit-032/terminology-row/019,urn:uuid:5568ebc8-788a-5478-853d-ad6479f1d1ca,covers,urn:uuid:b29a027e-a204-583c-a4b5-007f068189c6,chapter4.tex:1108-1388 (line 1388 blank boundary omitted from target mapping)
urn:uuid:0f00ac39-9de5-5e6c-a963-09d7cf659c01,relation/unit/bab-4-grup-bebas/section/01/covers/surface/unit-032/terminology-row/020,urn:uuid:5568ebc8-788a-5478-853d-ad6479f1d1ca,covers,urn:uuid:61fe7295-0aa2-5e29-80ea-fe467a728fbf,chapter4.tex:1108-1388 (line 1388 blank boundary omitted from target mapping)
urn:uuid:7435a060-f29b-54e4-9ab9-134faa05ecda,relation/unit/bab-4-grup-bebas/section/01/covers/surface/unit-032/terminology-row/021,urn:uuid:5568ebc8-788a-5478-853d-ad6479f1d1ca,covers,urn:uuid:9055aa85-ab18-5614-aab0-da01a7388da7,chapter4.tex:1108-1388 (line 1388 blank boundary omitted from target mapping)
urn:uuid:e410ff33-6b83-5ea3-a362-05b193edf960,relation/unit/bab-4-grup-bebas/section/01/covers/surface/unit-032/terminology-row/022,urn:uuid:5568ebc8-788a-5478-853d-ad6479f1d1ca,covers,urn:uuid:a57d2944-3aba-511a-9d71-692a86f4e8ea,chapter4.tex:1108-1388 (line 1388 blank boundary omitted from target mapping)
urn:uuid:12a81160-a69b-5933-be94-cd642f7146f5,relation/unit/bab-4-grup-bebas/section/01/covers/surface/unit-032/terminology-row/023,urn:uuid:5568ebc8-788a-5478-853d-ad6479f1d1ca,covers,urn:uuid:8a12b17c-025a-5de9-8e38-ac6e2ea8235d,chapter4.tex:1108-1388 (line 1388 blank boundary omitted from target mapping)
urn:uuid:a5333488-54aa-5079-8990-ab7363253ec5,relation/unit/bab-4-grup-bebas/section/01/covers/surface/unit-032/terminology-row/024,urn:uuid:5568ebc8-788a-5478-853d-ad6479f1d1ca,covers,urn:uuid:2b7cc374-39e1-519c-8646-57c57309bade,chapter4.tex:1108-1388 (line 1388 blank boundary omitted from target mapping)
urn:uuid:3e9fa39f-fe77-5adf-b289-29ed83e65857,relation/unit/bab-4-grup-bebas/section/01/covers/surface/unit-032/terminology-row/025,urn:uuid:5568ebc8-788a-5478-853d-ad6479f1d1ca,covers,urn:uuid:8135633b-e80a-5284-a44c-07d9eb7c7f94,chapter4.tex:1108-1388 (line 1388 blank boundary omitted from target mapping)
urn:uuid:2124f057-32e0-55c5-9f49-bf97ee5b1e46,relation/unit/bab-4-grup-bebas/section/01/covers/surface/unit-032/terminology-row/026,urn:uuid:5568ebc8-788a-5478-853d-ad6479f1d1ca,covers,urn:uuid:18bbc0e2-e5ec-504f-b703-5e84cb131f04,chapter4.tex:1108-1388 (line 1388 blank boundary omitted from target mapping)
urn:uuid:7f68e35d-dd0a-5799-b8ec-6d4ae0558909,relation/unit/bab-4-grup-bebas/section/01/covers/surface/unit-032/terminology-row/027,urn:uuid:5568ebc8-788a-5478-853d-ad6479f1d1ca,covers,urn:uuid:8d8de9e0-e499-564b-a5d6-b0ff727ee4de,chapter4.tex:1108-1388 (line 1388 blank boundary omitted from target mapping)
urn:uuid:cb6ec78b-b701-5ca3-a708-364aeab8fd21,relation/unit/bab-4-grup-bebas/section/01/covers/surface/unit-032/terminology-row/028,urn:uuid:5568ebc8-788a-5478-853d-ad6479f1d1ca,covers,urn:uuid:2292250f-1908-5d6d-931c-ff5bbce5c82f,chapter4.tex:1108-1388 (line 1388 blank boundary omitted from target mapping)
urn:uuid:70b09cc3-cd8c-5e59-860e-320b6bd039a3,relation/unit/bab-4-grup-bebas/section/01/covers/surface/unit-032/terminology-row/029,urn:uuid:5568ebc8-788a-5478-853d-ad6479f1d1ca,covers,urn:uuid:3116f741-cea9-5f0f-bb53-9d7cabc129b5,chapter4.tex:1108-1388 (line 1388 blank boundary omitted from target mapping)
urn:uuid:466b2705-38f6-5580-b82e-e8fa92102a90,relation/unit/bab-4-grup-bebas/section/01/covers/surface/unit-032/terminology-row/030,urn:uuid:5568ebc8-788a-5478-853d-ad6479f1d1ca,covers,urn:uuid:f5ee2a9b-dbed-56fd-8ec8-d0362bdb2cdc,chapter4.tex:1108-1388 (line 1388 blank boundary omitted from target mapping)
urn:uuid:cd10be3e-da7a-5478-aa33-95c6d0a6c636,relation/unit/bab-4-grup-bebas/section/01/governed-by/rights/principal-cc-by-4.0,urn:uuid:5568ebc8-788a-5478-853d-ad6479f1d1ca,governed-by,urn:uuid:0baf6c47-021d-5310-9475-81519e710250,
urn:uuid:11ad4070-9d0e-593b-89c5-82ffbfff08c5,relation/unit/bab-4-grup-bebas/section/01/includes-diagram/diagram/unit-032/tikzcd-01,urn:uuid:5568ebc8-788a-5478-853d-ad6479f1d1ca,includes-diagram,urn:uuid:b3f33e97-c1fa-5b72-911d-474d747f06f0,chapter4.tex:1115-1118
urn:uuid:20f27d8a-2afa-5501-b7b6-3e5e2d7e52f3,relation/unit/bab-4-grup-bebas/section/01/includes-diagram/diagram/unit-032/tikzcd-02,urn:uuid:5568ebc8-788a-5478-853d-ad6479f1d1ca,includes-diagram,urn:uuid:77a7810b-7d17-5857-b1e6-6f629092f71e,chapter4.tex:1124-1127
urn:uuid:036a51a0-4c02-5aca-9fe6-ac27333ec461,relation/unit/bab-4-grup-bebas/section/01/includes-diagram/diagram/unit-032/tikzcd-03,urn:uuid:5568ebc8-788a-5478-853d-ad6479f1d1ca,includes-diagram,urn:uuid:d352418a-0855-5fb5-8496-bf8c4c992be3,chapter4.tex:1132-1135
urn:uuid:38264d2c-69c8-5936-bfd2-101bf07620a0,relation/unit/bab-4-grup-bebas/section/01/includes-diagram/diagram/unit-032/tikzcd-04,urn:uuid:5568ebc8-788a-5478-853d-ad6479f1d1ca,includes-diagram,urn:uuid:423d5af6-d0cb-5518-85ef-7a726f83ad45,chapter4.tex:1150-1150
urn:uuid:55800484-a524-5a17-b5b2-01780f39283d,relation/unit/bab-4-grup-bebas/section/01/includes-diagram/diagram/unit-032/tikzcd-05,urn:uuid:5568ebc8-788a-5478-853d-ad6479f1d1ca,includes-diagram,urn:uuid:cbfd6f67-b276-5e24-95ec-8c1cf1ab7075,chapter4.tex:1176-1179
urn:uuid:c933ab61-4d05-5987-afcf-f3e1e9473237,relation/unit/bab-4-grup-bebas/section/01/includes-diagram/diagram/unit-032/tikzcd-06,urn:uuid:5568ebc8-788a-5478-853d-ad6479f1d1ca,includes-diagram,urn:uuid:18996903-1fc4-5186-b393-01ded01e6119,chapter4.tex:1203-1206
urn:uuid:fc0510c3-229a-566c-9d35-c23afda7152e,relation/unit/bab-4-grup-bebas/section/01/includes-diagram/diagram/unit-032/tikzcd-07,urn:uuid:5568ebc8-788a-5478-853d-ad6479f1d1ca,includes-diagram,urn:uuid:123fa56f-b990-5a8e-aa70-191ccb5670b6,chapter4.tex:1222-1225
urn:uuid:9490d393-cf1b-58bf-a3e1-26f175dde6b9,relation/unit/bab-4-grup-bebas/section/01/includes-diagram/diagram/unit-032/tikzcd-08,urn:uuid:5568ebc8-788a-5478-853d-ad6479f1d1ca,includes-diagram,urn:uuid:d94dafba-47cd-5251-b250-d0b8fa568900,chapter4.tex:1291-1294
urn:uuid:471da0c5-6a6a-5027-93dc-d6cea8d5e582,relation/unit/bab-4-grup-bebas/section/01/includes-diagram/diagram/unit-032/tikzcd-09,urn:uuid:5568ebc8-788a-5478-853d-ad6479f1d1ca,includes-diagram,urn:uuid:92f8697e-e08d-5b0c-8343-e2ca7cdd4ddd,chapter4.tex:1304-1307
urn:uuid:005d9b83-f246-5194-be5e-e8eb63aa3baf,relation/unit/bab-4-grup-bebas/section/01/includes-diagram/diagram/unit-032/tikzpicture-01,urn:uuid:5568ebc8-788a-5478-853d-ad6479f1d1ca,includes-diagram,urn:uuid:01790fb7-6b1d-59a6-b187-ba7a5a00c2c0,chapter4.tex:1361-1366
urn:uuid:b90dbac1-774e-57da-98a5-0f1e3f36b247,relation/unit/bab-4-grup-bebas/section/01/includes-diagram/diagram/unit-032/tikzpicture-02,urn:uuid:5568ebc8-788a-5478-853d-ad6479f1d1ca,includes-diagram,urn:uuid:d797e245-87d9-5df4-bed3-20390d42c391,chapter4.tex:1370-1381
urn:uuid:f141a295-56b0-54d9-b978-ef86dd1d0fc4,relation/unit/bab-4-grup-bebas/section/01/indexes/index-entry/unit-032/main/001,urn:uuid:5568ebc8-788a-5478-853d-ad6479f1d1ca,indexes,urn:uuid:a6ab3802-63a3-5784-9762-772b4a1bcf59,chapter4.tex:1113
urn:uuid:8bb0168b-5289-53e5-8c4f-a47d0b8e9b12,relation/unit/bab-4-grup-bebas/section/01/indexes/index-entry/unit-032/main/002,urn:uuid:5568ebc8-788a-5478-853d-ad6479f1d1ca,indexes,urn:uuid:bbaeeeca-156f-5af8-b18e-ec295c6e86f3,chapter4.tex:1122
urn:uuid:f4e0c18e-5043-50f5-9355-b580e94983e0,relation/unit/bab-4-grup-bebas/section/01/indexes/index-entry/unit-032/main/003,urn:uuid:5568ebc8-788a-5478-853d-ad6479f1d1ca,indexes,urn:uuid:86222ca0-a60a-5b7a-837d-766cd69d9b25,chapter4.tex:1170
urn:uuid:3933dfb9-5333-52f0-8a6a-ff98ed29423e,relation/unit/bab-4-grup-bebas/section/01/indexes/index-entry/unit-032/main/004,urn:uuid:5568ebc8-788a-5478-853d-ad6479f1d1ca,indexes,urn:uuid:8adcf6a2-b429-5fe5-a248-dbecc78f1360,chapter4.tex:1279
urn:uuid:7f5fd5a3-3ef8-5e4a-b20d-115739441d8b,relation/unit/bab-4-grup-bebas/section/01/indexes/index-entry/unit-032/main/005,urn:uuid:5568ebc8-788a-5478-853d-ad6479f1d1ca,indexes,urn:uuid:f1713f2e-3987-5fa4-b7b0-f5efc8ca60c5,chapter4.tex:1328
urn:uuid:25f7c850-c13b-570a-a697-0e89257f970c,relation/unit/bab-4-grup-bebas/section/01/indexes/index-entry/unit-032/main/006,urn:uuid:5568ebc8-788a-5478-853d-ad6479f1d1ca,indexes,urn:uuid:e247afda-131d-5c32-81ce-14de95f21309,chapter4.tex:1331
urn:uuid:219775b1-ca9e-5cf9-8997-a41acdae3287,relation/unit/bab-4-grup-bebas/section/01/indexes/index-entry/unit-032/main/007,urn:uuid:5568ebc8-788a-5478-853d-ad6479f1d1ca,indexes,urn:uuid:f5b4613b-81bc-5fa1-810b-5af5dab08420,chapter4.tex:1331
urn:uuid:9f787ac0-62b4-5481-bacf-2efd6512c599,relation/unit/bab-4-grup-bebas/section/01/requires/prerequisite/basic-group-theory,urn:uuid:5568ebc8-788a-5478-853d-ad6479f1d1ca,requires,urn:uuid:3f5dc8e0-0198-5016-b767-ded1b9ec3d13,chapter4.tex:1108-1388 (line 1388 blank boundary omitted from target mapping)
urn:uuid:c103fa0e-4a6e-5671-a5d6-80f8db568ebe,relation/unit/bab-4-grup-bebas/section/01/requires/prerequisite/basic-mathematical-literacy,urn:uuid:5568ebc8-788a-5478-853d-ad6479f1d1ca,requires,urn:uuid:8fb6c957-7285-5258-978c-e1369c7e39d7,chapter4.tex:1108-1388 (line 1388 blank boundary omitted from target mapping)
urn:uuid:cf4b4063-07dc-580b-9ffb-9400baaa42c8,relation/unit/bab-4-grup-bebas/section/01/requires/prerequisite/elementary-set-theory,urn:uuid:5568ebc8-788a-5478-853d-ad6479f1d1ca,requires,urn:uuid:00f7d0ea-1b60-51da-843f-cca760a368e4,chapter4.tex:1108-1388 (line 1388 blank boundary omitted from target mapping)
urn:uuid:eb48e48f-3433-5e3c-91db-1cb346ab69a3,relation/unit/bab-4-grup-bebas/section/01/requires/prerequisite/group-actions-orbits-and-stabilizers,urn:uuid:5568ebc8-788a-5478-853d-ad6479f1d1ca,requires,urn:uuid:1f177bdc-5a38-5076-a2b3-11bea04551e2,chapter4.tex:1108-1388 (line 1388 blank boundary omitted from target mapping)
urn:uuid:34bd9cf1-4ff0-53ae-87b7-ad02afc24fa4,relation/unit/bab-4-grup-bebas/section/01/requires/prerequisite/group-homomorphisms-kernels-and-quotients,urn:uuid:5568ebc8-788a-5478-853d-ad6479f1d1ca,requires,urn:uuid:ecd787ee-f056-5200-91e7-f98b3d80d458,chapter4.tex:1108-1388 (line 1388 blank boundary omitted from target mapping)
urn:uuid:31d165a4-4e38-5757-925c-748909836abe,relation/unit/bab-4-grup-bebas/section/01/requires/prerequisite/point-set-topology,urn:uuid:5568ebc8-788a-5478-853d-ad6479f1d1ca,requires,urn:uuid:6a61cd7e-28fe-5c64-9573-cf9ab46e5e96,chapter4.tex:1108-1388 (line 1388 blank boundary omitted from target mapping)
urn:uuid:dc29cdb5-b07f-51ea-b416-22d0a7a08cdf,relation/unit/bab-4-grup-bebas/section/01/requires/prerequisite/universal-properties-and-comma-categories,urn:uuid:5568ebc8-788a-5478-853d-ad6479f1d1ca,requires,urn:uuid:8cab24d2-0f78-5bf9-96f8-5b2f2b07168d,chapter4.tex:1108-1388 (line 1388 blank boundary omitted from target mapping)
