relation_id,relation_key,source_id,predicate,target_id,evidence
urn:uuid:d6f90444-8302-5233-8c1d-cc2cf30ab26a,relation/build-surface/unit-016-pdf/governed-by/rights/ajbook-fragment-cc-by-sa-3.0,urn:uuid:81839dcb-cd5b-5903-910f-199d035f27f1,governed-by,urn:uuid:10faf5cd-990f-5850-87b4-26922b062485,
urn:uuid:dca1defa-3b13-5c9f-8ba3-4df723b095e9,relation/build-surface/unit-016-pdf/governed-by/rights/noto-fonts-ofl-1.1,urn:uuid:81839dcb-cd5b-5903-910f-199d035f27f1,governed-by,urn:uuid:b9f7a7a7-8e18-507a-b72e-b5de733a7430,
urn:uuid:94310ef2-59b1-582b-a449-b6d54c0139d3,relation/build-surface/unit-016-pdf/governed-by/rights/principal-cc-by-4.0,urn:uuid:81839dcb-cd5b-5903-910f-199d035f27f1,governed-by,urn:uuid:0baf6c47-021d-5310-9475-81519e710250,
urn:uuid:53d067a9-5de9-5fda-80de-fadd94073da9,relation/course/o013/requires/prerequisite/basic-mathematical-literacy,urn:uuid:a5f3ad58-ce3c-5f5f-b581-1f842ae79192,requires,urn:uuid:8fb6c957-7285-5258-978c-e1369c7e39d7,prelude.tex:49-60
urn:uuid:6af4c728-a07b-5571-a30d-9ee62c1a5a6e,relation/course/o013/requires/prerequisite/cauchy-sequences-and-completeness,urn:uuid:a5f3ad58-ce3c-5f5f-b581-1f842ae79192,requires,urn:uuid:b9018862-5027-50f5-9947-a9a9526cc91f,prelude.tex:49-60
urn:uuid:cdc5bef1-ed82-58de-9b13-95ec2357d9af,relation/course/o013/requires/prerequisite/elementary-number-theory,urn:uuid:a5f3ad58-ce3c-5f5f-b581-1f842ae79192,requires,urn:uuid:cae14762-1ca0-5a11-aad9-20c81d540fee,prelude.tex:49-60
urn:uuid:de5cce3e-de42-54c1-898b-fcd09a991c8d,relation/course/o013/requires/prerequisite/elementary-set-theory,urn:uuid:a5f3ad58-ce3c-5f5f-b581-1f842ae79192,requires,urn:uuid:00f7d0ea-1b60-51da-843f-cca760a368e4,prelude.tex:49-60
urn:uuid:922e2514-3fa4-5b3d-86e1-836505ce7783,relation/course/o013/requires/prerequisite/linear-transformations,urn:uuid:a5f3ad58-ce3c-5f5f-b581-1f842ae79192,requires,urn:uuid:9ef76bd8-39cf-5b09-8c2d-2d8c95f91aec,prelude.tex:49-60
urn:uuid:74ce1984-1114-53f2-a033-f2e9c028f4ee,relation/course/o013/requires/prerequisite/mathematical-logic,urn:uuid:a5f3ad58-ce3c-5f5f-b581-1f842ae79192,requires,urn:uuid:451f60c6-04ab-54a7-9d74-9dee65d088b7,prelude.tex:49-60
urn:uuid:18ee0c4f-7e83-55ce-b990-c9ff64548532,relation/course/o013/requires/prerequisite/matrices,urn:uuid:a5f3ad58-ce3c-5f5f-b581-1f842ae79192,requires,urn:uuid:d4260077-2f56-5951-8fe1-2dc390f81288,prelude.tex:49-60
urn:uuid:fe264b2f-dbe8-5589-8cb1-d75a56744c5a,relation/course/o013/requires/prerequisite/permutations-and-symmetric-groups,urn:uuid:a5f3ad58-ce3c-5f5f-b581-1f842ae79192,requires,urn:uuid:ee7d907b-05bc-5def-81d5-7fcd351829b8,prelude.tex:49-60
urn:uuid:b09b00b5-df77-5d64-94da-753d1b21fef4,relation/course/o013/requires/prerequisite/point-set-topology,urn:uuid:a5f3ad58-ce3c-5f5f-b581-1f842ae79192,requires,urn:uuid:6a61cd7e-28fe-5c64-9573-cf9ab46e5e96,prelude.tex:49-60
urn:uuid:ed32b23d-1271-5fa2-948f-562f6f29a2c2,relation/course/o013/requires/prerequisite/polynomials,urn:uuid:a5f3ad58-ce3c-5f5f-b581-1f842ae79192,requires,urn:uuid:15245348-aca2-5814-9ca8-0fce14044e14,prelude.tex:49-60
urn:uuid:59f7a53e-63b6-5f7d-a2ba-9f942e60d2cf,relation/course/o013/requires/prerequisite/real-analysis-basics,urn:uuid:a5f3ad58-ce3c-5f5f-b581-1f842ae79192,requires,urn:uuid:4eedb52d-6e0a-5379-b39c-5043b067c49f,prelude.tex:49-60
urn:uuid:f4f655a5-427a-5113-b6d6-fff3511fadfd,relation/course/o013/requires/prerequisite/vector-spaces,urn:uuid:a5f3ad58-ce3c-5f5f-b581-1f842ae79192,requires,urn:uuid:dfd6d864-afe6-5d0e-90f7-c130241cf396,prelude.tex:49-60
urn:uuid:671c70bd-307b-5cb8-a6cc-698df22eb60a,relation/course/o013/uses-resource/resource/wenweili/aljabr-1,urn:uuid:a5f3ad58-ce3c-5f5f-b581-1f842ae79192,uses-resource,urn:uuid:a72e8c67-4b46-5049-b626-479af39b5397,
urn:uuid:184774e5-cd71-544d-add7-327e5ae1774f,relation/diagram/unit-016/tikzcd-01/governed-by/rights/principal-cc-by-4.0,urn:uuid:8dc483a6-a30b-53a7-9a42-060b784ac651,governed-by,urn:uuid:0baf6c47-021d-5310-9475-81519e710250,
urn:uuid:2d4cb1a7-865b-57f8-8a72-9c2251b3376e,relation/diagram/unit-016/tikzcd-02/governed-by/rights/principal-cc-by-4.0,urn:uuid:7560c20d-deb6-57d2-8bb8-61d9e6cd10db,governed-by,urn:uuid:0baf6c47-021d-5310-9475-81519e710250,
urn:uuid:0c0566fb-c602-5f92-80c9-772b42077bc2,relation/diagram/unit-016/tikzcd-03/governed-by/rights/principal-cc-by-4.0,urn:uuid:8c64d6d6-b688-5c02-9b20-caa8302e2d17,governed-by,urn:uuid:0baf6c47-021d-5310-9475-81519e710250,
urn:uuid:b05dc3ed-c38a-5b15-a383-adf4a82938b7,relation/diagram/unit-016/tikzcd-04/governed-by/rights/principal-cc-by-4.0,urn:uuid:0a69eea5-43f4-59eb-a7d7-6cccaf2f2ac1,governed-by,urn:uuid:0baf6c47-021d-5310-9475-81519e710250,
urn:uuid:c59b5fe2-277b-5691-8d02-7c47bddc562f,relation/diagram/unit-016/tikzcd-05/governed-by/rights/principal-cc-by-4.0,urn:uuid:83f81f32-bda4-599a-adaf-e5bfd30c0822,governed-by,urn:uuid:0baf6c47-021d-5310-9475-81519e710250,
urn:uuid:269e0194-b13c-5346-995b-ae009bc31296,relation/diagram/unit-016/tikzcd-06/governed-by/rights/principal-cc-by-4.0,urn:uuid:b2f6881e-4f5e-5552-a772-174b9ad5ef20,governed-by,urn:uuid:0baf6c47-021d-5310-9475-81519e710250,
urn:uuid:ade93b58-24c6-5da4-bdad-b9aa10906b24,relation/diagram/unit-016/tikzcd-07/governed-by/rights/principal-cc-by-4.0,urn:uuid:3ebac50c-e9cf-5241-8f08-81fad4f1c8af,governed-by,urn:uuid:0baf6c47-021d-5310-9475-81519e710250,
urn:uuid:25926f96-e535-5bb9-9218-c5f6beec90d0,relation/diagram/unit-016/tikzcd-08/governed-by/rights/principal-cc-by-4.0,urn:uuid:f048defb-02bc-5922-a6c7-a7308765ffbf,governed-by,urn:uuid:0baf6c47-021d-5310-9475-81519e710250,
urn:uuid:5644d24e-d46a-5e1a-a88f-e990c0c32029,relation/diagram/unit-016/tikzcd-09/governed-by/rights/principal-cc-by-4.0,urn:uuid:4554a61f-7d56-5fd9-be9e-c035e52b8550,governed-by,urn:uuid:0baf6c47-021d-5310-9475-81519e710250,
urn:uuid:1b5ccb98-8b0a-5ed0-88a8-1092109867b5,relation/diagram/unit-016/tikzcd-10/governed-by/rights/principal-cc-by-4.0,urn:uuid:faf7a262-5dd9-5195-be2a-13f961d61274,governed-by,urn:uuid:0baf6c47-021d-5310-9475-81519e710250,
urn:uuid:84f46d75-9a8e-55dd-b98a-9a9a90230f9f,relation/diagram/unit-016/tikzcd-11/governed-by/rights/principal-cc-by-4.0,urn:uuid:14f5e884-3fe7-5c0a-bd03-502c58dec147,governed-by,urn:uuid:0baf6c47-021d-5310-9475-81519e710250,
urn:uuid:f0a1046f-e15a-5619-a6b7-6f2f3c1d071b,relation/diagram/unit-016/tikzcd-12/governed-by/rights/principal-cc-by-4.0,urn:uuid:f2d1c69d-f046-5923-aac3-798312182f77,governed-by,urn:uuid:0baf6c47-021d-5310-9475-81519e710250,
urn:uuid:f12abf4a-2bc0-5ad6-8931-6aec71d8cff5,relation/diagram/unit-016/tikzcd-13/governed-by/rights/principal-cc-by-4.0,urn:uuid:7d600a66-5cc8-5449-af90-27f7ff7cf07c,governed-by,urn:uuid:0baf6c47-021d-5310-9475-81519e710250,
urn:uuid:b6863938-524c-5bf5-aa96-75ba422cdbe4,relation/diagram/unit-016/tikzcd-14/governed-by/rights/principal-cc-by-4.0,urn:uuid:cfb362fb-1c17-56ff-8d86-d13fd65cd979,governed-by,urn:uuid:0baf6c47-021d-5310-9475-81519e710250,
urn:uuid:b3ac058f-2ee8-5438-9f73-9f25b08b0bb6,relation/diagram/unit-016/tikzcd-15/governed-by/rights/principal-cc-by-4.0,urn:uuid:9c3ae376-fef1-5aae-9999-16e2294e33af,governed-by,urn:uuid:0baf6c47-021d-5310-9475-81519e710250,
urn:uuid:851979cc-2a77-5df4-b873-e6b264a12584,relation/diagram/unit-016/tikzcd-16/governed-by/rights/principal-cc-by-4.0,urn:uuid:27337f6b-7dfd-5d72-82ca-f0bd6f5e39fa,governed-by,urn:uuid:0baf6c47-021d-5310-9475-81519e710250,
urn:uuid:4b868c4f-a01d-5725-9d58-b82ca74836a5,relation/diagram/unit-016/tikzcd-17/governed-by/rights/principal-cc-by-4.0,urn:uuid:dc88cbd4-f75d-550c-a10f-54b566927a0e,governed-by,urn:uuid:0baf6c47-021d-5310-9475-81519e710250,
urn:uuid:af7fccc6-813a-5068-8ee3-39a20ccb62fb,relation/diagram/unit-016/tikzcd-18/governed-by/rights/principal-cc-by-4.0,urn:uuid:2892ef74-b66d-5939-9fb6-9040caf97cd7,governed-by,urn:uuid:0baf6c47-021d-5310-9475-81519e710250,
urn:uuid:bb55872f-d0ad-541b-9002-5e2b3db72f57,relation/diagram/unit-016/tikzcd-19/governed-by/rights/principal-cc-by-4.0,urn:uuid:d906571a-0462-5181-8779-efa8239b2417,governed-by,urn:uuid:0baf6c47-021d-5310-9475-81519e710250,
urn:uuid:8cb0e5fc-c47a-57b7-8b1a-c387be9e4ba6,relation/diagram/unit-016/tikzcd-20/governed-by/rights/principal-cc-by-4.0,urn:uuid:acb770fc-8ecc-5526-b2ab-b4de46fcca64,governed-by,urn:uuid:0baf6c47-021d-5310-9475-81519e710250,
urn:uuid:66d0beda-cb74-5f76-8c6f-324a295691d1,relation/diagram/unit-016/tikzcd-21/governed-by/rights/principal-cc-by-4.0,urn:uuid:def3d3e2-682c-575a-b1e8-94cff50a83f5,governed-by,urn:uuid:0baf6c47-021d-5310-9475-81519e710250,
urn:uuid:e41a1b4b-496f-5c77-a147-0bf689aa5212,relation/diagram/unit-016/tikzcd-22/governed-by/rights/principal-cc-by-4.0,urn:uuid:8fa6593f-2a0a-50b6-96f1-0a35a9861dfc,governed-by,urn:uuid:0baf6c47-021d-5310-9475-81519e710250,
urn:uuid:82d01240-a8ad-5959-82c1-bc070883d123,relation/diagram/unit-016/tikzcd-23/governed-by/rights/principal-cc-by-4.0,urn:uuid:c3b327ab-fbfd-54ae-9af1-7ac8b3d39c89,governed-by,urn:uuid:0baf6c47-021d-5310-9475-81519e710250,
urn:uuid:a6d2ea44-46da-51f4-bfa2-630d1baf33e5,relation/edition/wenweili/aljabr-1/c4f7a01f68f5f407906b4b970640cddbbad85f6b/contains/unit/bab-2-limit,urn:uuid:df2d23de-7370-5da5-ad49-42fb7c718c49,contains,urn:uuid:38c5c0cc-aedd-5c38-8f75-521c7d805628,chapter2.tex:1111-1405
urn:uuid:f43da1b4-0053-5379-9911-864a80e9df27,relation/program/open-mathematics-curriculum/2026/contains/course/o013,urn:uuid:9d8d0610-2560-5376-8679-5a9418407a78,contains,urn:uuid:a5f3ad58-ce3c-5f5f-b581-1f842ae79192,
urn:uuid:03dde2e7-13e9-5147-9aac-4160466fd402,relation/resource/wenweili/aljabr-1/has-edition/edition/wenweili/aljabr-1/c4f7a01f68f5f407906b4b970640cddbbad85f6b,urn:uuid:a72e8c67-4b46-5049-b626-479af39b5397,has-edition,urn:uuid:df2d23de-7370-5da5-ad49-42fb7c718c49,
urn:uuid:13538bbc-06a2-5d86-933f-eeb9ebad1dcf,relation/unit/bab-2-limit/built-by/build-surface/unit-016-pdf,urn:uuid:38c5c0cc-aedd-5c38-8f75-521c7d805628,built-by,urn:uuid:81839dcb-cd5b-5903-910f-199d035f27f1,
urn:uuid:c9e1e6e9-340b-558a-8a89-443da551d11b,relation/unit/bab-2-limit/checked-by/qa/unit-016/admission-gate,urn:uuid:38c5c0cc-aedd-5c38-8f75-521c7d805628,checked-by,urn:uuid:60db4dab-f99a-50e5-ae75-632fd909dc27,
urn:uuid:361c2586-e4a7-58e8-87ca-f2be40dfc6ba,relation/unit/bab-2-limit/checked-by/qa/unit-016/structured-public-evidence,urn:uuid:38c5c0cc-aedd-5c38-8f75-521c7d805628,checked-by,urn:uuid:0a420252-27a3-5704-8a28-eda16366e979,
urn:uuid:897d3054-c9fe-5abe-aa06-e6a606d415af,relation/unit/bab-2-limit/contains/unit/bab-2-limit/section/limit,urn:uuid:38c5c0cc-aedd-5c38-8f75-521c7d805628,contains,urn:uuid:eb305c5b-3c9d-53db-b0f0-f27c41976da0,chapter2.tex:1111-1405
urn:uuid:6c735777-f660-5673-aafb-c60fd3eab31f,relation/unit/bab-2-limit/covers/concept/associativity-constraint,urn:uuid:38c5c0cc-aedd-5c38-8f75-521c7d805628,covers,urn:uuid:9cdc71d9-0940-555e-a46a-21049ceb1608,
urn:uuid:e01645cf-58c1-5242-8bde-b2b60bdad939,relation/unit/bab-2-limit/covers/concept/cocone,urn:uuid:38c5c0cc-aedd-5c38-8f75-521c7d805628,covers,urn:uuid:28681644-7d79-5b68-847d-5cc4b237d5cf,
urn:uuid:513976e0-9c49-5b7f-9aef-842e3dcd243b,relation/unit/bab-2-limit/covers/concept/coequalizer,urn:uuid:38c5c0cc-aedd-5c38-8f75-521c7d805628,covers,urn:uuid:583c6cfd-ca3f-582f-894b-f9f507d74a9a,
urn:uuid:caf872a8-1073-5df5-b686-6eba15f8c663,relation/unit/bab-2-limit/covers/concept/coequalizer-epimorphism,urn:uuid:38c5c0cc-aedd-5c38-8f75-521c7d805628,covers,urn:uuid:38455358-191f-513f-aa6c-c2614bd79089,
urn:uuid:a83a5e95-3168-5cff-b35a-26541543729e,relation/unit/bab-2-limit/covers/concept/colimit,urn:uuid:38c5c0cc-aedd-5c38-8f75-521c7d805628,covers,urn:uuid:6cc297a1-7cdc-5b75-9ace-231501c73787,
urn:uuid:b63c8c37-d648-5c00-b25c-c1d905236a27,relation/unit/bab-2-limit/covers/concept/commutativity-constraint,urn:uuid:38c5c0cc-aedd-5c38-8f75-521c7d805628,covers,urn:uuid:9704a508-c5a3-5382-b79a-1f9bf0d79413,
urn:uuid:19ac6f39-d9fa-5e61-9a75-8c26337b22aa,relation/unit/bab-2-limit/covers/concept/cone,urn:uuid:38c5c0cc-aedd-5c38-8f75-521c7d805628,covers,urn:uuid:3befd72e-af23-5f47-a112-f0a86e1cc38f,
urn:uuid:20a36cab-6910-52c8-b4a7-040ed8d840b1,relation/unit/bab-2-limit/covers/concept/coproduct,urn:uuid:38c5c0cc-aedd-5c38-8f75-521c7d805628,covers,urn:uuid:e62391b3-cdfd-5b44-a7d0-e25a213dcbfe,
urn:uuid:65a91c3f-0883-5f0e-b047-4cf541dcc608,relation/unit/bab-2-limit/covers/concept/diagonal-functor,urn:uuid:38c5c0cc-aedd-5c38-8f75-521c7d805628,covers,urn:uuid:571ba114-216f-55a3-8e8a-5d9130fcef21,
urn:uuid:8918df00-5c1d-5e8d-bfb8-7061f4774ae7,relation/unit/bab-2-limit/covers/concept/direct-limit,urn:uuid:38c5c0cc-aedd-5c38-8f75-521c7d805628,covers,urn:uuid:12143142-6a86-56d1-9a62-464e29543417,
urn:uuid:16a20971-3045-5a12-8373-251065c268bd,relation/unit/bab-2-limit/covers/concept/disjoint-union,urn:uuid:38c5c0cc-aedd-5c38-8f75-521c7d805628,covers,urn:uuid:0828dd6a-fcd1-5c23-b0d8-9d5c7529f6fb,
urn:uuid:73dd36e2-a9fd-5155-832b-36085167b9bb,relation/unit/bab-2-limit/covers/concept/equalizer,urn:uuid:38c5c0cc-aedd-5c38-8f75-521c7d805628,covers,urn:uuid:0b96f8dd-1a9b-51bd-9895-4c3a9c1c9eee,
urn:uuid:a6045bd2-5f6a-504a-8629-809fc0cc01ab,relation/unit/bab-2-limit/covers/concept/equalizer-monomorphism,urn:uuid:38c5c0cc-aedd-5c38-8f75-521c7d805628,covers,urn:uuid:6abd3795-ca9e-50ff-af60-9be952a424d0,
urn:uuid:ec813e4e-d256-5fed-9087-f4646767b3b3,relation/unit/bab-2-limit/covers/concept/filtered-category,urn:uuid:38c5c0cc-aedd-5c38-8f75-521c7d805628,covers,urn:uuid:618cff63-4f60-5b98-9396-896ca8d0bdc8,
urn:uuid:5ed086f7-2bb9-58d0-ad88-309fd5349fbe,relation/unit/bab-2-limit/covers/concept/filtered-colimit,urn:uuid:38c5c0cc-aedd-5c38-8f75-521c7d805628,covers,urn:uuid:9e9d19cb-cf38-5d69-ad12-492196e1fd25,
urn:uuid:469534e5-9773-57f4-9023-c6f113f6f6a9,relation/unit/bab-2-limit/covers/concept/finite-limit,urn:uuid:38c5c0cc-aedd-5c38-8f75-521c7d805628,covers,urn:uuid:aad41589-5c63-55c7-aed7-9e685dce7251,
urn:uuid:2db10881-0b47-5cb3-b061-77bcf410881b,relation/unit/bab-2-limit/covers/concept/fubini-limit,urn:uuid:38c5c0cc-aedd-5c38-8f75-521c7d805628,covers,urn:uuid:508167ff-567f-5f83-9c8c-e5dee1bfe5ad,
urn:uuid:ff284fec-5bb3-55ea-b3d2-99aafbe3e7a2,relation/unit/bab-2-limit/covers/concept/indexed-limit,urn:uuid:38c5c0cc-aedd-5c38-8f75-521c7d805628,covers,urn:uuid:8ff37914-cdea-557d-9b1a-18b4f4ce1d39,
urn:uuid:8f92a075-c866-51cf-a7a6-4024ec7a1fba,relation/unit/bab-2-limit/covers/concept/inductive-limit,urn:uuid:38c5c0cc-aedd-5c38-8f75-521c7d805628,covers,urn:uuid:767c52c4-5caa-5bd5-8c51-014b4e47eebc,
urn:uuid:72d75e09-d3a9-5af3-91bb-5a2c03f4376f,relation/unit/bab-2-limit/covers/concept/initial-object,urn:uuid:38c5c0cc-aedd-5c38-8f75-521c7d805628,covers,urn:uuid:d3138919-381a-5912-b913-7467c6083ca3,
urn:uuid:d32eb371-7a61-5b99-955c-477101413221,relation/unit/bab-2-limit/covers/concept/inverse-limit,urn:uuid:38c5c0cc-aedd-5c38-8f75-521c7d805628,covers,urn:uuid:66d7bbee-1e39-5d19-a71a-1a7f415ec55e,
urn:uuid:42c1a23a-3c71-53ec-8e54-0f48a55af14e,relation/unit/bab-2-limit/covers/concept/limit-duality,urn:uuid:38c5c0cc-aedd-5c38-8f75-521c7d805628,covers,urn:uuid:85eb984c-8bd0-5d6a-a934-786ecee2d1fd,
urn:uuid:8f278253-a970-55ff-ad96-9ed70687c8a3,relation/unit/bab-2-limit/covers/concept/limit-functoriality,urn:uuid:38c5c0cc-aedd-5c38-8f75-521c7d805628,covers,urn:uuid:783da33d-002a-547a-8f61-d8d6d25bbead,
urn:uuid:e0360e2f-d781-53a9-ab85-8ad4bafbc446,relation/unit/bab-2-limit/covers/concept/pointwise-limit,urn:uuid:38c5c0cc-aedd-5c38-8f75-521c7d805628,covers,urn:uuid:7f4d9c45-4d42-5b0e-ad98-2ab3f23e4a05,
urn:uuid:405497c5-c793-5d37-a9ed-72c05fb42e7f,relation/unit/bab-2-limit/covers/concept/product,urn:uuid:38c5c0cc-aedd-5c38-8f75-521c7d805628,covers,urn:uuid:cd552f29-06ce-5025-92b9-ae3543b57991,
urn:uuid:bccf445a-b849-5e72-b61b-e25e7f1fc642,relation/unit/bab-2-limit/covers/concept/projective-limit,urn:uuid:38c5c0cc-aedd-5c38-8f75-521c7d805628,covers,urn:uuid:ceef170a-3594-5f79-babf-fe10ddf591b7,
urn:uuid:34975868-a0b1-5c69-b8ab-342a1f09c97a,relation/unit/bab-2-limit/covers/concept/quotient-topology,urn:uuid:38c5c0cc-aedd-5c38-8f75-521c7d805628,covers,urn:uuid:c529009f-73d0-545b-9521-c0920368d3d6,
urn:uuid:3c1c79fb-210d-5848-885c-d8cf7ec121d5,relation/unit/bab-2-limit/covers/concept/representability-of-limits,urn:uuid:38c5c0cc-aedd-5c38-8f75-521c7d805628,covers,urn:uuid:0e09661e-2615-55ce-aef1-ec4d6f600053,
urn:uuid:f67d1532-b980-5084-8e19-7cbec76b44ea,relation/unit/bab-2-limit/covers/concept/set-valued-limit,urn:uuid:38c5c0cc-aedd-5c38-8f75-521c7d805628,covers,urn:uuid:cb9542a7-ecda-56f9-9c4d-5de2a0b0eae4,
urn:uuid:6ad544ab-97e6-54b9-a16e-c877fde124d1,relation/unit/bab-2-limit/covers/concept/small-category,urn:uuid:38c5c0cc-aedd-5c38-8f75-521c7d805628,covers,urn:uuid:b21465f0-0c7b-5426-8cdd-1043376b33a7,
urn:uuid:eb56ab80-c44f-5153-98de-0d0cb322b05f,relation/unit/bab-2-limit/covers/concept/subspace-topology,urn:uuid:38c5c0cc-aedd-5c38-8f75-521c7d805628,covers,urn:uuid:829aadcf-9292-5e66-9b98-40cca32bb490,
urn:uuid:7e144ff3-9e1a-5949-88d5-c8a56a78e9cc,relation/unit/bab-2-limit/covers/concept/terminal-object,urn:uuid:38c5c0cc-aedd-5c38-8f75-521c7d805628,covers,urn:uuid:549f5df0-9fbb-5028-b4da-e81f9e13604d,
urn:uuid:35b90639-224a-58c5-871f-71b545b38a00,relation/unit/bab-2-limit/covers/concept/universal-property-of-limits,urn:uuid:38c5c0cc-aedd-5c38-8f75-521c7d805628,covers,urn:uuid:d4d6dc0a-b8b7-563c-845d-e92b360bf14a,
urn:uuid:1499b02d-a66d-5fe7-80f9-5009524ed178,relation/unit/bab-2-limit/covers/correction/o013-li-u016-cor-001,urn:uuid:38c5c0cc-aedd-5c38-8f75-521c7d805628,covers,urn:uuid:940157cd-7c24-5c2a-9fff-b7572fdb6a26,
urn:uuid:970e7e99-148c-50db-8f76-40649b057711,relation/unit/bab-2-limit/covers/correction/o013-li-u016-cor-002,urn:uuid:38c5c0cc-aedd-5c38-8f75-521c7d805628,covers,urn:uuid:c6a35b69-5b1c-5be8-9a29-e97d30b4c4aa,
urn:uuid:184fe000-d61a-529d-bfc8-ed1f71767c2b,relation/unit/bab-2-limit/covers/correction/o013-li-u016-cor-003,urn:uuid:38c5c0cc-aedd-5c38-8f75-521c7d805628,covers,urn:uuid:21064cb8-19a3-5d28-8fab-d760dec00b50,
urn:uuid:0eeca3de-02a2-5591-bae4-5c4abaae1119,relation/unit/bab-2-limit/covers/surface/unit-016/formula/display-bracket/001,urn:uuid:38c5c0cc-aedd-5c38-8f75-521c7d805628,covers,urn:uuid:ced261b6-8b21-570c-b025-17465948f55d,
urn:uuid:1d4e0887-b2eb-50e4-87fb-ca593f8acfd3,relation/unit/bab-2-limit/covers/surface/unit-016/formula/display-bracket/002,urn:uuid:38c5c0cc-aedd-5c38-8f75-521c7d805628,covers,urn:uuid:e2a413e4-b732-57e3-9d8d-c08a78104645,
urn:uuid:e6ac5c6f-2027-5e53-8158-49cb31a5696f,relation/unit/bab-2-limit/covers/surface/unit-016/formula/display-bracket/003,urn:uuid:38c5c0cc-aedd-5c38-8f75-521c7d805628,covers,urn:uuid:8dfe3d0b-793a-5dfe-97ee-1669f8cb4c4f,
urn:uuid:8001fa79-1460-53e6-8d72-c0514008bd20,relation/unit/bab-2-limit/covers/surface/unit-016/formula/display-bracket/004,urn:uuid:38c5c0cc-aedd-5c38-8f75-521c7d805628,covers,urn:uuid:2fe58494-aaea-5be5-a418-5e4d1ba225ff,
urn:uuid:035fe0da-21c0-5545-acd2-8ebc5eb0e872,relation/unit/bab-2-limit/covers/surface/unit-016/formula/display-bracket/005,urn:uuid:38c5c0cc-aedd-5c38-8f75-521c7d805628,covers,urn:uuid:9ce7896c-05c3-51df-9eaa-0175f1bbf2b8,
urn:uuid:97b1519f-6655-59d4-8f12-eccb9100fd77,relation/unit/bab-2-limit/covers/surface/unit-016/formula/display-bracket/006,urn:uuid:38c5c0cc-aedd-5c38-8f75-521c7d805628,covers,urn:uuid:d094ef74-dd8d-575e-8e57-71418f9113b4,
urn:uuid:4afc550e-bc21-5ec4-8f40-ec66c51dcb44,relation/unit/bab-2-limit/covers/surface/unit-016/formula/display-bracket/007,urn:uuid:38c5c0cc-aedd-5c38-8f75-521c7d805628,covers,urn:uuid:273bfbe4-3384-53e6-b72c-e44e54c7d0da,
urn:uuid:52b5f4a4-99c7-543a-b003-09fb4c434f78,relation/unit/bab-2-limit/covers/surface/unit-016/formula/display-bracket/008,urn:uuid:38c5c0cc-aedd-5c38-8f75-521c7d805628,covers,urn:uuid:b15ebb36-c5fa-5e45-ba45-c0aeef4c74d4,
urn:uuid:d05ac4af-3935-5cc0-bea0-48842097810d,relation/unit/bab-2-limit/covers/surface/unit-016/formula/display-bracket/009,urn:uuid:38c5c0cc-aedd-5c38-8f75-521c7d805628,covers,urn:uuid:b731301e-c4a6-5a74-8b0f-f60be58da469,
urn:uuid:6d8f1f69-6920-5330-87a7-6af778097778,relation/unit/bab-2-limit/covers/surface/unit-016/formula/display-bracket/010,urn:uuid:38c5c0cc-aedd-5c38-8f75-521c7d805628,covers,urn:uuid:98db33ba-1fe5-5461-9f1a-e4f38c57d7e2,
urn:uuid:d5000ca0-89f6-5e24-b9fb-ee4bf446ba29,relation/unit/bab-2-limit/covers/surface/unit-016/formula/display-bracket/011,urn:uuid:38c5c0cc-aedd-5c38-8f75-521c7d805628,covers,urn:uuid:50988413-b7c1-5af3-a781-271f6509e812,
urn:uuid:e13ca8a0-b873-5f7d-8b1f-af50789ab252,relation/unit/bab-2-limit/covers/surface/unit-016/formula/display-bracket/012,urn:uuid:38c5c0cc-aedd-5c38-8f75-521c7d805628,covers,urn:uuid:77e6f452-0780-50d3-be2f-d72c502e1ca1,
urn:uuid:2a848a1f-0993-5dbf-aa0d-971525086220,relation/unit/bab-2-limit/covers/surface/unit-016/formula/display-environment/001,urn:uuid:38c5c0cc-aedd-5c38-8f75-521c7d805628,covers,urn:uuid:2bcc8287-1e45-58ad-ad73-dd66c2142919,
urn:uuid:8b72565e-1b20-5722-80e0-4dd5be025e42,relation/unit/bab-2-limit/covers/surface/unit-016/formula/display-environment/002,urn:uuid:38c5c0cc-aedd-5c38-8f75-521c7d805628,covers,urn:uuid:85aa301e-e8c8-5e4e-ad32-f37c78ad4d2a,
urn:uuid:0fc4c6b6-d259-58c2-b24a-f92a7fa72cad,relation/unit/bab-2-limit/covers/surface/unit-016/formula/display-environment/003,urn:uuid:38c5c0cc-aedd-5c38-8f75-521c7d805628,covers,urn:uuid:cddc2cc7-091e-5c30-8054-9aac73c3de9a,
urn:uuid:d3833df9-5833-538b-8813-e70f77cc26e4,relation/unit/bab-2-limit/covers/surface/unit-016/formula/display-environment/004,urn:uuid:38c5c0cc-aedd-5c38-8f75-521c7d805628,covers,urn:uuid:683bffef-00a4-5e32-abd9-bd8b43a979d2,
urn:uuid:2eeac005-bfd0-520e-8b79-1d1eb7577b01,relation/unit/bab-2-limit/covers/surface/unit-016/formula/display-environment/005,urn:uuid:38c5c0cc-aedd-5c38-8f75-521c7d805628,covers,urn:uuid:0bf55b7a-36ff-5ec3-bca0-6b2985753339,
urn:uuid:add6a7e5-03fc-56fd-813d-02113d0b1952,relation/unit/bab-2-limit/covers/surface/unit-016/formula/display-environment/006,urn:uuid:38c5c0cc-aedd-5c38-8f75-521c7d805628,covers,urn:uuid:c56bdef2-19e6-5a60-9f8b-79928605e38f,
urn:uuid:86ccb7df-7138-56d2-b329-c0fc08fbe38d,relation/unit/bab-2-limit/covers/surface/unit-016/formula/display-environment/007,urn:uuid:38c5c0cc-aedd-5c38-8f75-521c7d805628,covers,urn:uuid:d7e67f5e-ac1c-548d-abf0-2ac0813dc2cf,
urn:uuid:4f33a8dd-acc7-5c07-a958-22b75a231d23,relation/unit/bab-2-limit/covers/surface/unit-016/formula/display-environment/008,urn:uuid:38c5c0cc-aedd-5c38-8f75-521c7d805628,covers,urn:uuid:df25436a-57d9-51e9-a7e1-e52845ba5d81,
urn:uuid:3b203077-8fc8-508e-9028-726467833bdc,relation/unit/bab-2-limit/covers/surface/unit-016/formula/display-environment/009,urn:uuid:38c5c0cc-aedd-5c38-8f75-521c7d805628,covers,urn:uuid:ede6b104-71bb-55b2-a4d3-d5fcbf25eb88,
urn:uuid:9804ef20-242b-5d1c-8429-5bc07e5a099f,relation/unit/bab-2-limit/covers/surface/unit-016/formula/display-environment/010,urn:uuid:38c5c0cc-aedd-5c38-8f75-521c7d805628,covers,urn:uuid:ad4c7069-78aa-515d-8b84-156372b6e662,
urn:uuid:bf2d5549-8732-5c8a-ae58-564874b2c18f,relation/unit/bab-2-limit/covers/surface/unit-016/formula/display-environment/011,urn:uuid:38c5c0cc-aedd-5c38-8f75-521c7d805628,covers,urn:uuid:c4aeffb3-8e3b-5626-b950-3d14d72a3623,
urn:uuid:d9b79494-acc6-58cd-ad45-31e9c11965ed,relation/unit/bab-2-limit/covers/surface/unit-016/formula/display-environment/012,urn:uuid:38c5c0cc-aedd-5c38-8f75-521c7d805628,covers,urn:uuid:f675b774-fb32-5726-a9ce-6ceee11d8d5a,
urn:uuid:10095bb8-7fee-5859-99ef-bb46f483f85f,relation/unit/bab-2-limit/covers/surface/unit-016/formula/display-environment/013,urn:uuid:38c5c0cc-aedd-5c38-8f75-521c7d805628,covers,urn:uuid:6d4458a4-9225-534d-8fa0-2daf4b3d7373,
urn:uuid:70b83344-8011-5db4-8688-a5597b71cca1,relation/unit/bab-2-limit/covers/surface/unit-016/formula/display-environment/014,urn:uuid:38c5c0cc-aedd-5c38-8f75-521c7d805628,covers,urn:uuid:446d3f6b-a319-58ae-9836-7083b0bac482,
urn:uuid:f8064db0-04df-5062-a7ce-a568590e83e7,relation/unit/bab-2-limit/covers/surface/unit-016/formula/inline/001,urn:uuid:38c5c0cc-aedd-5c38-8f75-521c7d805628,covers,urn:uuid:43f6fd09-9e24-5881-9c72-58cbdc958f02,
urn:uuid:f87a772c-b862-5716-98a0-56b7526bcb83,relation/unit/bab-2-limit/covers/surface/unit-016/formula/inline/002,urn:uuid:38c5c0cc-aedd-5c38-8f75-521c7d805628,covers,urn:uuid:822c4f4b-cdb3-59b5-8c36-8247cc468baa,
urn:uuid:1015738b-1d9b-536e-8750-bbbf240c3a74,relation/unit/bab-2-limit/covers/surface/unit-016/formula/inline/003,urn:uuid:38c5c0cc-aedd-5c38-8f75-521c7d805628,covers,urn:uuid:d5d1d039-723b-526c-8ddd-9276595ec3b4,
urn:uuid:c4197abc-c399-56d6-81c8-bd2c9b2b9dfc,relation/unit/bab-2-limit/covers/surface/unit-016/formula/inline/004,urn:uuid:38c5c0cc-aedd-5c38-8f75-521c7d805628,covers,urn:uuid:07ec2451-6be6-564b-b70d-3f6bc0336005,
urn:uuid:7b4aa6df-c904-541b-bfd1-e1f39b1bde90,relation/unit/bab-2-limit/covers/surface/unit-016/formula/inline/005,urn:uuid:38c5c0cc-aedd-5c38-8f75-521c7d805628,covers,urn:uuid:dfe2a97c-9406-539e-b2d3-45383a9481b3,
urn:uuid:9d1cebb0-84c3-5cdd-8a9c-9613aa7e34b7,relation/unit/bab-2-limit/covers/surface/unit-016/formula/inline/006,urn:uuid:38c5c0cc-aedd-5c38-8f75-521c7d805628,covers,urn:uuid:2cb02b92-9dc2-55a5-8f9d-fb0c132e1c57,
urn:uuid:5d6dd0d8-a9cf-50a5-ab24-ec0d02c4901b,relation/unit/bab-2-limit/covers/surface/unit-016/formula/inline/007,urn:uuid:38c5c0cc-aedd-5c38-8f75-521c7d805628,covers,urn:uuid:abeb651a-67b0-55de-be9c-1bbb88163e70,
urn:uuid:08382b16-db6e-56fa-b830-f8fed37c7056,relation/unit/bab-2-limit/covers/surface/unit-016/formula/inline/008,urn:uuid:38c5c0cc-aedd-5c38-8f75-521c7d805628,covers,urn:uuid:5207a66c-d71a-59b4-ada5-3cc768c28cb7,
urn:uuid:835d9ac1-30e2-59ac-bca1-b9aedf4c1185,relation/unit/bab-2-limit/covers/surface/unit-016/formula/inline/009,urn:uuid:38c5c0cc-aedd-5c38-8f75-521c7d805628,covers,urn:uuid:119ad899-abf2-50b9-b918-ec6a4cefa9d1,
urn:uuid:316b5b5d-4d07-5460-bf4a-9cdcb488c09e,relation/unit/bab-2-limit/covers/surface/unit-016/formula/inline/010,urn:uuid:38c5c0cc-aedd-5c38-8f75-521c7d805628,covers,urn:uuid:bcd67893-c896-5c08-a0cb-b3c183b3370d,
urn:uuid:ac471267-a7c1-5689-8755-631e5ee0b227,relation/unit/bab-2-limit/covers/surface/unit-016/formula/inline/011,urn:uuid:38c5c0cc-aedd-5c38-8f75-521c7d805628,covers,urn:uuid:14421331-9258-5314-879e-9cdc726b769c,
urn:uuid:2417afee-ae5b-53ce-a8f0-ea42aa51077c,relation/unit/bab-2-limit/covers/surface/unit-016/formula/inline/012,urn:uuid:38c5c0cc-aedd-5c38-8f75-521c7d805628,covers,urn:uuid:f7178c39-c539-5b73-ba19-7622d64d58d5,
urn:uuid:5ffbbe76-e65f-53c7-b894-3ff8bc40ec0b,relation/unit/bab-2-limit/covers/surface/unit-016/formula/inline/013,urn:uuid:38c5c0cc-aedd-5c38-8f75-521c7d805628,covers,urn:uuid:95aa08ca-8284-5c2f-9dc2-fc04c9b05fdc,
urn:uuid:17c0ee5e-3c67-5063-a32e-445290b32273,relation/unit/bab-2-limit/covers/surface/unit-016/formula/inline/014,urn:uuid:38c5c0cc-aedd-5c38-8f75-521c7d805628,covers,urn:uuid:a45a8dec-f3d4-581d-b7b2-a3d576afdfbe,
urn:uuid:edb3699a-1c3f-51d6-af58-cffbbeede228,relation/unit/bab-2-limit/covers/surface/unit-016/formula/inline/015,urn:uuid:38c5c0cc-aedd-5c38-8f75-521c7d805628,covers,urn:uuid:9b70a922-2ee3-59fd-a3a1-29e81531a9ee,
urn:uuid:626e6289-9d67-5c89-80da-6b020ab6e1d6,relation/unit/bab-2-limit/covers/surface/unit-016/formula/inline/016,urn:uuid:38c5c0cc-aedd-5c38-8f75-521c7d805628,covers,urn:uuid:62a0060e-3abf-5d42-b0b8-7e1ceb583373,
urn:uuid:1e4441a1-3e0e-516d-a049-e1f94eb9d7d4,relation/unit/bab-2-limit/covers/surface/unit-016/formula/inline/017,urn:uuid:38c5c0cc-aedd-5c38-8f75-521c7d805628,covers,urn:uuid:d9ebd9ad-0a79-5a00-aef0-c1fbc79f8bf5,
urn:uuid:8f129a72-449d-5feb-be21-af21f0e6c684,relation/unit/bab-2-limit/covers/surface/unit-016/formula/inline/018,urn:uuid:38c5c0cc-aedd-5c38-8f75-521c7d805628,covers,urn:uuid:a3a11fbc-67e8-5cf5-8dd2-4bc0ad3ec5d1,
urn:uuid:12dbd8e6-ee2c-529e-a0da-8c783fd860e9,relation/unit/bab-2-limit/covers/surface/unit-016/formula/inline/019,urn:uuid:38c5c0cc-aedd-5c38-8f75-521c7d805628,covers,urn:uuid:12d9c98a-d892-576e-b4ef-8590619715ee,
urn:uuid:2fbf834f-89b1-53e4-8ca6-fd58901cd4e4,relation/unit/bab-2-limit/covers/surface/unit-016/formula/inline/020,urn:uuid:38c5c0cc-aedd-5c38-8f75-521c7d805628,covers,urn:uuid:8686600b-f3e9-524c-98bf-01660e014526,
urn:uuid:2f420301-2590-503e-a81a-ab8a3e449d83,relation/unit/bab-2-limit/covers/surface/unit-016/formula/inline/021,urn:uuid:38c5c0cc-aedd-5c38-8f75-521c7d805628,covers,urn:uuid:cc6d4d40-1d17-5479-89f2-3f649ccacfa6,
urn:uuid:77a15155-b182-51d7-8a2a-4c31ff7a0620,relation/unit/bab-2-limit/covers/surface/unit-016/formula/inline/022,urn:uuid:38c5c0cc-aedd-5c38-8f75-521c7d805628,covers,urn:uuid:e1a601c6-38b0-5da0-bc90-58dc3ae45b17,
urn:uuid:615abefe-939e-5eea-952d-93fd19179112,relation/unit/bab-2-limit/covers/surface/unit-016/formula/inline/023,urn:uuid:38c5c0cc-aedd-5c38-8f75-521c7d805628,covers,urn:uuid:bdb00e07-abdf-55cb-bc53-a2f3b412ccde,
urn:uuid:bda02015-c94d-5c81-b4fb-feaebb22619d,relation/unit/bab-2-limit/covers/surface/unit-016/formula/inline/024,urn:uuid:38c5c0cc-aedd-5c38-8f75-521c7d805628,covers,urn:uuid:3ea044b5-7a80-5cfd-bcf5-dae59915ed53,
urn:uuid:1d52d8e4-96cc-51f1-abbd-1ad62ec8e36b,relation/unit/bab-2-limit/covers/surface/unit-016/formula/inline/025,urn:uuid:38c5c0cc-aedd-5c38-8f75-521c7d805628,covers,urn:uuid:bdaec81b-5317-5fed-a0b1-5168b2c5d378,
urn:uuid:e054bb98-9655-5339-9647-00f05dd236c0,relation/unit/bab-2-limit/covers/surface/unit-016/formula/inline/026,urn:uuid:38c5c0cc-aedd-5c38-8f75-521c7d805628,covers,urn:uuid:7be5406a-d5fa-5f3f-a073-c76daae43dc8,
urn:uuid:54851128-cab4-5fbf-8354-24b3cf4c4a33,relation/unit/bab-2-limit/covers/surface/unit-016/formula/inline/027,urn:uuid:38c5c0cc-aedd-5c38-8f75-521c7d805628,covers,urn:uuid:acf088c7-da8e-5bda-bc68-6f9936d0db23,
urn:uuid:e8da372a-4053-5f99-be90-370752d506e6,relation/unit/bab-2-limit/covers/surface/unit-016/formula/inline/028,urn:uuid:38c5c0cc-aedd-5c38-8f75-521c7d805628,covers,urn:uuid:34c0902a-128e-5411-a4cc-e4483dea1ee8,
urn:uuid:73fd6375-94a3-543e-8623-66464212072b,relation/unit/bab-2-limit/covers/surface/unit-016/formula/inline/029,urn:uuid:38c5c0cc-aedd-5c38-8f75-521c7d805628,covers,urn:uuid:320fccd2-3d2e-5112-ae0f-a547b3ec6d88,
urn:uuid:2a4fa8f2-896a-5de0-8aea-9cf2802c4728,relation/unit/bab-2-limit/covers/surface/unit-016/formula/inline/030,urn:uuid:38c5c0cc-aedd-5c38-8f75-521c7d805628,covers,urn:uuid:118a93d3-e1a2-5b27-bf6c-d0567d2f2830,
urn:uuid:1b329856-9fa0-5ffe-bd90-19ba8d7b0082,relation/unit/bab-2-limit/covers/surface/unit-016/formula/inline/031,urn:uuid:38c5c0cc-aedd-5c38-8f75-521c7d805628,covers,urn:uuid:181c363d-da5d-5100-95b5-8aad382fb73e,
urn:uuid:4f951b72-8def-5ef6-88e2-5be4d6c3211f,relation/unit/bab-2-limit/covers/surface/unit-016/formula/inline/032,urn:uuid:38c5c0cc-aedd-5c38-8f75-521c7d805628,covers,urn:uuid:7371e20a-e77c-5a26-8fd3-0babda311f41,
urn:uuid:31683d3d-3064-5c95-9ab3-f90c28bbc16a,relation/unit/bab-2-limit/covers/surface/unit-016/formula/inline/033,urn:uuid:38c5c0cc-aedd-5c38-8f75-521c7d805628,covers,urn:uuid:0f2a5278-aa1a-5f3a-ac82-4c8d0035a7c6,
urn:uuid:96f0b9d9-d85a-59c1-b343-3c556f9a5481,relation/unit/bab-2-limit/covers/surface/unit-016/formula/inline/034,urn:uuid:38c5c0cc-aedd-5c38-8f75-521c7d805628,covers,urn:uuid:bf60000b-d49e-585e-9698-5c24aae2c1f6,
urn:uuid:8cb2811f-befb-5e55-a9c2-88c33038a318,relation/unit/bab-2-limit/covers/surface/unit-016/formula/inline/035,urn:uuid:38c5c0cc-aedd-5c38-8f75-521c7d805628,covers,urn:uuid:bcf0a723-fd4a-515d-b211-0466c2031c4f,
urn:uuid:60a7f4c5-6bfc-5316-b595-c7b33f13eee2,relation/unit/bab-2-limit/covers/surface/unit-016/formula/inline/036,urn:uuid:38c5c0cc-aedd-5c38-8f75-521c7d805628,covers,urn:uuid:5655272a-dfd7-5359-a009-d314570be0fb,
urn:uuid:a0a06964-93db-555b-be3d-9a07f0cbaecd,relation/unit/bab-2-limit/covers/surface/unit-016/formula/inline/037,urn:uuid:38c5c0cc-aedd-5c38-8f75-521c7d805628,covers,urn:uuid:4e7f9766-f66a-5f10-84c8-8369a9379de3,
urn:uuid:c0aa6d70-daac-54be-a701-ba46daf469c9,relation/unit/bab-2-limit/covers/surface/unit-016/formula/inline/038,urn:uuid:38c5c0cc-aedd-5c38-8f75-521c7d805628,covers,urn:uuid:d16dcf19-97f1-5468-923c-532476580786,
urn:uuid:5a1be068-ba32-5fb9-9679-ddaa77926567,relation/unit/bab-2-limit/covers/surface/unit-016/formula/inline/039,urn:uuid:38c5c0cc-aedd-5c38-8f75-521c7d805628,covers,urn:uuid:e9d5a25d-321e-5958-b1c6-9b30e329c6c0,
urn:uuid:a3bb058c-5caf-52c0-a75c-0f85082c3da5,relation/unit/bab-2-limit/covers/surface/unit-016/formula/inline/040,urn:uuid:38c5c0cc-aedd-5c38-8f75-521c7d805628,covers,urn:uuid:62ef4a59-e7a6-54d5-bd33-c9426c50725f,
urn:uuid:b0847816-5283-5793-930a-ba41dc4e2f84,relation/unit/bab-2-limit/covers/surface/unit-016/formula/inline/041,urn:uuid:38c5c0cc-aedd-5c38-8f75-521c7d805628,covers,urn:uuid:a4e8f1c9-e115-54f5-a79d-3de8b521f4ba,
urn:uuid:0fcc0d93-4a4e-5eb1-bbd8-f8a7d613fcb7,relation/unit/bab-2-limit/covers/surface/unit-016/formula/inline/042,urn:uuid:38c5c0cc-aedd-5c38-8f75-521c7d805628,covers,urn:uuid:264d3e0b-f06f-5bfe-b20c-d0a6e2931443,
urn:uuid:e33b0848-7776-52c8-84c4-bfa1f3aeaa37,relation/unit/bab-2-limit/covers/surface/unit-016/formula/inline/043,urn:uuid:38c5c0cc-aedd-5c38-8f75-521c7d805628,covers,urn:uuid:4bdfc59f-a650-5135-b3bf-6bef35f90cad,
urn:uuid:11264bd7-3aae-5c3e-96ba-4a119cb14af8,relation/unit/bab-2-limit/covers/surface/unit-016/formula/inline/044,urn:uuid:38c5c0cc-aedd-5c38-8f75-521c7d805628,covers,urn:uuid:d3d37ace-c2a3-5324-adeb-aace9c58ac46,
urn:uuid:46051250-5763-56a8-bbc7-2951a1455728,relation/unit/bab-2-limit/covers/surface/unit-016/formula/inline/045,urn:uuid:38c5c0cc-aedd-5c38-8f75-521c7d805628,covers,urn:uuid:98979067-9d21-550f-9a51-b8ba33527423,
urn:uuid:b4df8ddd-da80-5de7-8d33-a82d26fa3ce7,relation/unit/bab-2-limit/covers/surface/unit-016/formula/inline/046,urn:uuid:38c5c0cc-aedd-5c38-8f75-521c7d805628,covers,urn:uuid:90905079-d9e1-541c-9f72-a77d308c392f,
urn:uuid:583c7767-b91c-5327-8bf1-50e1225f57f9,relation/unit/bab-2-limit/covers/surface/unit-016/formula/inline/047,urn:uuid:38c5c0cc-aedd-5c38-8f75-521c7d805628,covers,urn:uuid:6bcaedc7-ae53-563f-8393-cfaf674d1376,
urn:uuid:e26bbc17-1d3f-5792-8b6b-3a4800d3de0a,relation/unit/bab-2-limit/covers/surface/unit-016/formula/inline/048,urn:uuid:38c5c0cc-aedd-5c38-8f75-521c7d805628,covers,urn:uuid:17824121-5996-5e6a-aa0b-c4f71296d923,
urn:uuid:3d6c2564-ebbe-557e-8daf-091f09e9a0aa,relation/unit/bab-2-limit/covers/surface/unit-016/formula/inline/049,urn:uuid:38c5c0cc-aedd-5c38-8f75-521c7d805628,covers,urn:uuid:1363d928-0295-5baf-92b5-db0539aff821,
urn:uuid:b4fcc255-43df-5c40-943e-4a298e6236a9,relation/unit/bab-2-limit/covers/surface/unit-016/formula/inline/050,urn:uuid:38c5c0cc-aedd-5c38-8f75-521c7d805628,covers,urn:uuid:734dbc49-ba9f-5d60-bbb7-d90f6fc09fc6,
urn:uuid:392c2bc1-77ff-56b4-84dd-38540bd9f22e,relation/unit/bab-2-limit/covers/surface/unit-016/formula/inline/051,urn:uuid:38c5c0cc-aedd-5c38-8f75-521c7d805628,covers,urn:uuid:8c9e08b0-d713-5339-972a-ca51c158dfa2,
urn:uuid:5d6809a1-7307-5d64-a140-3366c2d5b443,relation/unit/bab-2-limit/covers/surface/unit-016/formula/inline/052,urn:uuid:38c5c0cc-aedd-5c38-8f75-521c7d805628,covers,urn:uuid:7c413706-fc43-51b8-81fe-8dc062536d08,
urn:uuid:754cc966-bd8b-5af2-8fb9-5a026bca063b,relation/unit/bab-2-limit/covers/surface/unit-016/formula/inline/053,urn:uuid:38c5c0cc-aedd-5c38-8f75-521c7d805628,covers,urn:uuid:14d641dc-2021-5682-8344-e2ee70a3739d,
urn:uuid:a278fcfb-ca79-5d8e-a4fd-a26dcd6ec353,relation/unit/bab-2-limit/covers/surface/unit-016/formula/inline/054,urn:uuid:38c5c0cc-aedd-5c38-8f75-521c7d805628,covers,urn:uuid:950aeaea-691a-5d30-a4f1-e9b89545c719,
urn:uuid:0194982d-c701-5146-971d-f745fbe434b7,relation/unit/bab-2-limit/covers/surface/unit-016/formula/inline/055,urn:uuid:38c5c0cc-aedd-5c38-8f75-521c7d805628,covers,urn:uuid:2737e05f-7431-5252-8db2-ce0392241ed5,
urn:uuid:649f1695-34ed-5055-bef1-19b078402bd2,relation/unit/bab-2-limit/covers/surface/unit-016/formula/inline/056,urn:uuid:38c5c0cc-aedd-5c38-8f75-521c7d805628,covers,urn:uuid:068db764-33c0-5612-b504-0b3bf5f95a95,
urn:uuid:ee6bce61-cb4b-5ad0-b707-cd99ad437f0e,relation/unit/bab-2-limit/covers/surface/unit-016/formula/inline/057,urn:uuid:38c5c0cc-aedd-5c38-8f75-521c7d805628,covers,urn:uuid:b7f96d74-8b62-53bd-91fd-8efebdc97410,
urn:uuid:adbf4b4b-0227-5501-966d-7322c2b86a28,relation/unit/bab-2-limit/covers/surface/unit-016/formula/inline/058,urn:uuid:38c5c0cc-aedd-5c38-8f75-521c7d805628,covers,urn:uuid:fe132a69-1574-580e-a5fb-8c73a6b3fbde,
urn:uuid:0d90099e-cd76-54f6-ada3-3cd9ae1fab54,relation/unit/bab-2-limit/covers/surface/unit-016/formula/inline/059,urn:uuid:38c5c0cc-aedd-5c38-8f75-521c7d805628,covers,urn:uuid:be315db3-e558-5621-9922-367ec2b1bf1f,
urn:uuid:3049f0b1-b12c-51c9-bbd0-4252d81c9646,relation/unit/bab-2-limit/covers/surface/unit-016/formula/inline/060,urn:uuid:38c5c0cc-aedd-5c38-8f75-521c7d805628,covers,urn:uuid:3a63e274-fe54-562e-a11e-45118b5aebbf,
urn:uuid:c6919a55-ae8c-5ccc-9761-c7fd23190a8b,relation/unit/bab-2-limit/covers/surface/unit-016/formula/inline/061,urn:uuid:38c5c0cc-aedd-5c38-8f75-521c7d805628,covers,urn:uuid:733ab16c-c54d-5e5e-9721-c09f6328c46c,
urn:uuid:ae1922c6-27b8-5c41-b0d0-7cf06e746bc8,relation/unit/bab-2-limit/covers/surface/unit-016/formula/inline/062,urn:uuid:38c5c0cc-aedd-5c38-8f75-521c7d805628,covers,urn:uuid:14811f8f-93ae-5cb6-bc8b-c1762a9ecd78,
urn:uuid:074cc803-3329-5cbd-89a9-1babd92d2744,relation/unit/bab-2-limit/covers/surface/unit-016/formula/inline/063,urn:uuid:38c5c0cc-aedd-5c38-8f75-521c7d805628,covers,urn:uuid:0ae75151-f043-51e3-9cfa-9f508529c330,
urn:uuid:f20337bd-0bf1-5c19-9d35-20c640ff30a5,relation/unit/bab-2-limit/covers/surface/unit-016/formula/inline/064,urn:uuid:38c5c0cc-aedd-5c38-8f75-521c7d805628,covers,urn:uuid:19fd6984-3ffc-5978-b853-2dd1a2497e6f,
urn:uuid:742afc97-3828-5390-a40d-d13620765f99,relation/unit/bab-2-limit/covers/surface/unit-016/formula/inline/065,urn:uuid:38c5c0cc-aedd-5c38-8f75-521c7d805628,covers,urn:uuid:0fff3029-db66-58bb-b278-1bf1d776ab3b,
urn:uuid:98755dfd-cd14-5c98-8cd4-486bce56880d,relation/unit/bab-2-limit/covers/surface/unit-016/formula/inline/066,urn:uuid:38c5c0cc-aedd-5c38-8f75-521c7d805628,covers,urn:uuid:c60a2a41-7dec-5a93-a545-81b7674eedff,
urn:uuid:b3f26ed1-f265-5c80-9f1f-5af5ca153f07,relation/unit/bab-2-limit/covers/surface/unit-016/formula/inline/067,urn:uuid:38c5c0cc-aedd-5c38-8f75-521c7d805628,covers,urn:uuid:6c3dab10-8f19-5a3f-bbb1-ea5541c41a36,
urn:uuid:f5d23edc-64de-5101-b957-3a1537084cae,relation/unit/bab-2-limit/covers/surface/unit-016/formula/inline/068,urn:uuid:38c5c0cc-aedd-5c38-8f75-521c7d805628,covers,urn:uuid:e368fcda-53d2-5993-9e27-e43a3b64c876,
urn:uuid:2f766bb4-8443-55dd-9971-1709edc44b41,relation/unit/bab-2-limit/covers/surface/unit-016/formula/inline/069,urn:uuid:38c5c0cc-aedd-5c38-8f75-521c7d805628,covers,urn:uuid:751b1778-cedd-5e16-ad38-f2eb2428f6dd,
urn:uuid:3da25695-978a-5d0b-9dc7-f4cf63db7914,relation/unit/bab-2-limit/covers/surface/unit-016/formula/inline/070,urn:uuid:38c5c0cc-aedd-5c38-8f75-521c7d805628,covers,urn:uuid:e0413eea-2080-5ef0-981d-1df27229ea11,
urn:uuid:be58d585-7ce9-566a-9c2f-b5f4eaf6a97c,relation/unit/bab-2-limit/covers/surface/unit-016/formula/inline/071,urn:uuid:38c5c0cc-aedd-5c38-8f75-521c7d805628,covers,urn:uuid:482ca840-4312-53af-805b-49dc020c6477,
urn:uuid:59daba53-1424-55aa-a383-875fb2a53916,relation/unit/bab-2-limit/covers/surface/unit-016/formula/inline/072,urn:uuid:38c5c0cc-aedd-5c38-8f75-521c7d805628,covers,urn:uuid:2af2a86d-cc66-5bf9-9776-b1083595e303,
urn:uuid:bddf00d7-587d-59dc-b454-e3ccaf792c16,relation/unit/bab-2-limit/covers/surface/unit-016/formula/inline/073,urn:uuid:38c5c0cc-aedd-5c38-8f75-521c7d805628,covers,urn:uuid:b4e23c2a-d0ae-5e82-b612-a11a6155dd67,
urn:uuid:6f283db0-a5ea-57df-a14d-966609fbce95,relation/unit/bab-2-limit/covers/surface/unit-016/formula/inline/074,urn:uuid:38c5c0cc-aedd-5c38-8f75-521c7d805628,covers,urn:uuid:5be3a2d1-8339-5e69-837b-757ba63c2421,
urn:uuid:f751479c-b8d2-519f-a62c-63953205a7e1,relation/unit/bab-2-limit/covers/surface/unit-016/formula/inline/075,urn:uuid:38c5c0cc-aedd-5c38-8f75-521c7d805628,covers,urn:uuid:e1b03c6c-b368-5b02-9541-9a7fc63e798f,
urn:uuid:78a115fb-7a09-5eca-8e60-90999ff644e8,relation/unit/bab-2-limit/covers/surface/unit-016/formula/inline/076,urn:uuid:38c5c0cc-aedd-5c38-8f75-521c7d805628,covers,urn:uuid:96e57e6c-dd6b-5008-88af-72ffdcb33be9,
urn:uuid:e65c4e4e-e273-505d-838e-0f548950da7e,relation/unit/bab-2-limit/covers/surface/unit-016/formula/inline/077,urn:uuid:38c5c0cc-aedd-5c38-8f75-521c7d805628,covers,urn:uuid:76bc9266-c763-5dd5-8059-da6d7fdacf43,
urn:uuid:e7f1ed57-8ea4-552c-9cce-0e9115b92e7a,relation/unit/bab-2-limit/covers/surface/unit-016/formula/inline/078,urn:uuid:38c5c0cc-aedd-5c38-8f75-521c7d805628,covers,urn:uuid:0baa3a52-a849-5c86-bac1-5db878f2bf7e,
urn:uuid:0eb8687c-0871-5958-9e1c-971aa197e60f,relation/unit/bab-2-limit/covers/surface/unit-016/formula/inline/079,urn:uuid:38c5c0cc-aedd-5c38-8f75-521c7d805628,covers,urn:uuid:87a3a1df-e227-52f0-ad89-8bf954690161,
urn:uuid:e8d71866-3ef7-58cf-b8e2-3e9ede23e705,relation/unit/bab-2-limit/covers/surface/unit-016/formula/inline/080,urn:uuid:38c5c0cc-aedd-5c38-8f75-521c7d805628,covers,urn:uuid:830f94d8-18e0-506b-b05a-5a31f36bee80,
urn:uuid:6db3d48c-fd2f-5037-b8fd-66a253f87f6c,relation/unit/bab-2-limit/covers/surface/unit-016/formula/inline/081,urn:uuid:38c5c0cc-aedd-5c38-8f75-521c7d805628,covers,urn:uuid:6364234f-2f33-5fff-a6ca-a35e85b12448,
urn:uuid:9118b379-03ab-5759-ab87-aa20acf51aa6,relation/unit/bab-2-limit/covers/surface/unit-016/formula/inline/082,urn:uuid:38c5c0cc-aedd-5c38-8f75-521c7d805628,covers,urn:uuid:99640172-2f79-5ec2-a073-6dc376a79409,
urn:uuid:303feb11-be4d-54b6-a820-879106a24fd6,relation/unit/bab-2-limit/covers/surface/unit-016/formula/inline/083,urn:uuid:38c5c0cc-aedd-5c38-8f75-521c7d805628,covers,urn:uuid:9bf096f4-7721-590d-816a-53548466c099,
urn:uuid:b8270687-2894-5dc8-89bb-9bb750056a96,relation/unit/bab-2-limit/covers/surface/unit-016/formula/inline/084,urn:uuid:38c5c0cc-aedd-5c38-8f75-521c7d805628,covers,urn:uuid:4cf0cdd3-10a1-5d73-9261-bb5cf4c28200,
urn:uuid:d10a5a11-9b49-589e-b16d-f03a84f43c39,relation/unit/bab-2-limit/covers/surface/unit-016/formula/inline/085,urn:uuid:38c5c0cc-aedd-5c38-8f75-521c7d805628,covers,urn:uuid:54db4e2d-272b-5478-b686-6a35c458e87f,
urn:uuid:45d04ea7-faf2-56bd-b010-07c246cce803,relation/unit/bab-2-limit/covers/surface/unit-016/formula/inline/086,urn:uuid:38c5c0cc-aedd-5c38-8f75-521c7d805628,covers,urn:uuid:fe785dca-6b6e-5756-aff5-bea4ed508860,
urn:uuid:9f9992f1-07cd-53ce-9cbb-bf4b6139b6c7,relation/unit/bab-2-limit/covers/surface/unit-016/formula/inline/087,urn:uuid:38c5c0cc-aedd-5c38-8f75-521c7d805628,covers,urn:uuid:5bee17f2-1059-51a1-84c0-6cbe07034bbc,
urn:uuid:bbb22dd2-08de-5354-aef3-1cb3d7296483,relation/unit/bab-2-limit/covers/surface/unit-016/formula/inline/088,urn:uuid:38c5c0cc-aedd-5c38-8f75-521c7d805628,covers,urn:uuid:53c2bcad-5597-5fd4-a848-cecbc45ad617,
urn:uuid:bc492cd3-4f52-53d3-a131-26763a382296,relation/unit/bab-2-limit/covers/surface/unit-016/formula/inline/089,urn:uuid:38c5c0cc-aedd-5c38-8f75-521c7d805628,covers,urn:uuid:b7d51127-1b4c-5a8e-8741-d99fa74c8a27,
urn:uuid:30491e69-238e-54d1-a255-ed81a3a71f12,relation/unit/bab-2-limit/covers/surface/unit-016/formula/inline/090,urn:uuid:38c5c0cc-aedd-5c38-8f75-521c7d805628,covers,urn:uuid:b169b37a-369b-543c-94de-009daf1f297e,
urn:uuid:f6faa395-f849-52dc-8c67-2531fa219b88,relation/unit/bab-2-limit/covers/surface/unit-016/formula/inline/091,urn:uuid:38c5c0cc-aedd-5c38-8f75-521c7d805628,covers,urn:uuid:ac8923fb-fd27-5b6f-b542-99b038dc4806,
urn:uuid:0ba663d0-e49c-55d1-969d-df095bfb04ac,relation/unit/bab-2-limit/covers/surface/unit-016/formula/inline/092,urn:uuid:38c5c0cc-aedd-5c38-8f75-521c7d805628,covers,urn:uuid:1c777177-4e9e-55a6-80c9-bdae442ba42b,
urn:uuid:17f59ec4-d6e1-5d12-865f-f2253c2f6138,relation/unit/bab-2-limit/covers/surface/unit-016/formula/inline/093,urn:uuid:38c5c0cc-aedd-5c38-8f75-521c7d805628,covers,urn:uuid:168525b3-98a4-51b8-9291-edc732da1eb2,
urn:uuid:40ca2a73-402b-5d4f-94e8-84ef332707fa,relation/unit/bab-2-limit/covers/surface/unit-016/formula/inline/094,urn:uuid:38c5c0cc-aedd-5c38-8f75-521c7d805628,covers,urn:uuid:ff460e45-27f7-5cb5-aa7d-a9673cb2e364,
urn:uuid:09676f53-de4a-5337-8477-4fd5766ace88,relation/unit/bab-2-limit/covers/surface/unit-016/formula/inline/095,urn:uuid:38c5c0cc-aedd-5c38-8f75-521c7d805628,covers,urn:uuid:4049da53-8726-56ec-99ba-b629eaa503b0,
urn:uuid:ec557ba7-d4f6-5ca8-9030-139987d50790,relation/unit/bab-2-limit/covers/surface/unit-016/formula/inline/096,urn:uuid:38c5c0cc-aedd-5c38-8f75-521c7d805628,covers,urn:uuid:464bf7d2-14b2-5e05-b479-2983da81a0b9,
urn:uuid:3d309798-b728-5e44-ad17-c43cbede2071,relation/unit/bab-2-limit/covers/surface/unit-016/formula/inline/097,urn:uuid:38c5c0cc-aedd-5c38-8f75-521c7d805628,covers,urn:uuid:d660a8be-8718-5278-bcd9-ccf4c65c33ab,
urn:uuid:e3b44f74-d304-52bd-9057-4e931b6472b1,relation/unit/bab-2-limit/covers/surface/unit-016/formula/inline/098,urn:uuid:38c5c0cc-aedd-5c38-8f75-521c7d805628,covers,urn:uuid:96bc5b40-ca5f-5d53-b7dc-37db2233fafa,
urn:uuid:7753e8fd-af30-52f4-b115-421324dc8044,relation/unit/bab-2-limit/covers/surface/unit-016/formula/inline/099,urn:uuid:38c5c0cc-aedd-5c38-8f75-521c7d805628,covers,urn:uuid:d09f59d3-329e-5ccf-bcaa-a5b2776c4ed1,
urn:uuid:aab20aa1-9b99-5a99-acb6-aff18d64905f,relation/unit/bab-2-limit/covers/surface/unit-016/formula/inline/100,urn:uuid:38c5c0cc-aedd-5c38-8f75-521c7d805628,covers,urn:uuid:1fd9f05a-5b09-598c-af4f-974b8e1284fa,
urn:uuid:12629ed9-1477-51a9-b933-f46f4603c306,relation/unit/bab-2-limit/covers/surface/unit-016/formula/inline/101,urn:uuid:38c5c0cc-aedd-5c38-8f75-521c7d805628,covers,urn:uuid:0f22ed77-3673-5a85-8a26-78502443c0a1,
urn:uuid:2ba791b5-5634-50e1-8705-382bb8e9e199,relation/unit/bab-2-limit/covers/surface/unit-016/formula/inline/102,urn:uuid:38c5c0cc-aedd-5c38-8f75-521c7d805628,covers,urn:uuid:a8a54b43-1c2e-5343-87c7-41a809b8bffa,
urn:uuid:369a16ed-138b-5c01-8f00-89bd9af928fe,relation/unit/bab-2-limit/covers/surface/unit-016/formula/inline/103,urn:uuid:38c5c0cc-aedd-5c38-8f75-521c7d805628,covers,urn:uuid:0a456976-54c2-558d-9c83-fb6293e4110c,
urn:uuid:614547b7-c4df-5d88-9b2c-2a71d0dcc1b1,relation/unit/bab-2-limit/covers/surface/unit-016/formula/inline/104,urn:uuid:38c5c0cc-aedd-5c38-8f75-521c7d805628,covers,urn:uuid:0b68dd53-5232-5b03-b6e2-58df0c5bd428,
urn:uuid:3e8b0e4f-436f-5372-aa3a-7cfad9b2ce9e,relation/unit/bab-2-limit/covers/surface/unit-016/formula/inline/105,urn:uuid:38c5c0cc-aedd-5c38-8f75-521c7d805628,covers,urn:uuid:3d2d59a5-cc71-51b9-b48a-c4d1618f8b70,
urn:uuid:45b7a604-99bf-5c07-bc92-a5eb2cf6e7a4,relation/unit/bab-2-limit/covers/surface/unit-016/formula/inline/106,urn:uuid:38c5c0cc-aedd-5c38-8f75-521c7d805628,covers,urn:uuid:6404c285-0444-5ea2-883e-460a218b6a66,
urn:uuid:b077234c-143f-59d1-806c-ebc7c52f5d86,relation/unit/bab-2-limit/covers/surface/unit-016/formula/inline/107,urn:uuid:38c5c0cc-aedd-5c38-8f75-521c7d805628,covers,urn:uuid:c9e2fa54-176a-5b3c-ac47-941e05906d50,
urn:uuid:836bffde-605a-5b6f-9c80-83e3a71f4360,relation/unit/bab-2-limit/covers/surface/unit-016/formula/inline/108,urn:uuid:38c5c0cc-aedd-5c38-8f75-521c7d805628,covers,urn:uuid:46e03faa-e532-5b21-867f-f64b61b03645,
urn:uuid:92e5d4ad-af48-5381-8d04-5cec79af816e,relation/unit/bab-2-limit/covers/surface/unit-016/formula/inline/109,urn:uuid:38c5c0cc-aedd-5c38-8f75-521c7d805628,covers,urn:uuid:ed3d0863-c885-5173-a986-46b2d39d2d5f,
urn:uuid:df198f74-a684-510c-9df0-224897cccc56,relation/unit/bab-2-limit/covers/surface/unit-016/formula/inline/110,urn:uuid:38c5c0cc-aedd-5c38-8f75-521c7d805628,covers,urn:uuid:51ea51ae-efb9-5119-bc5c-d6653776bec8,
urn:uuid:6cd00762-2a2a-5a42-aaf1-8a2a43719424,relation/unit/bab-2-limit/covers/surface/unit-016/formula/inline/111,urn:uuid:38c5c0cc-aedd-5c38-8f75-521c7d805628,covers,urn:uuid:e4e2883e-6038-550a-a43f-8d272612d184,
urn:uuid:4f8bd3b2-bb76-59b0-a762-48cc4935f389,relation/unit/bab-2-limit/covers/surface/unit-016/formula/inline/112,urn:uuid:38c5c0cc-aedd-5c38-8f75-521c7d805628,covers,urn:uuid:67c11542-f463-5639-b7a3-809b65a233aa,
urn:uuid:8c49d350-a65c-5eea-9d26-69b0f6f893f3,relation/unit/bab-2-limit/covers/surface/unit-016/formula/inline/113,urn:uuid:38c5c0cc-aedd-5c38-8f75-521c7d805628,covers,urn:uuid:6b663d27-8b44-5ba2-a89a-e5c207633979,
urn:uuid:9e9d1c91-7abe-5b5f-8ba5-1fe688aa9f23,relation/unit/bab-2-limit/covers/surface/unit-016/formula/inline/114,urn:uuid:38c5c0cc-aedd-5c38-8f75-521c7d805628,covers,urn:uuid:1afab5f1-3106-5ee0-8300-f9e31de9acb7,
urn:uuid:8f2ed7a4-41ab-5d08-a07c-f76c956fec12,relation/unit/bab-2-limit/covers/surface/unit-016/formula/inline/115,urn:uuid:38c5c0cc-aedd-5c38-8f75-521c7d805628,covers,urn:uuid:6baac560-9b73-58b5-8d20-aae115bf68c1,
urn:uuid:c88abb4f-08c3-520d-b482-fe876b2e24cd,relation/unit/bab-2-limit/covers/surface/unit-016/formula/inline/116,urn:uuid:38c5c0cc-aedd-5c38-8f75-521c7d805628,covers,urn:uuid:c2bf3c45-c1c2-5890-87aa-021de78a7515,
urn:uuid:80de9b87-9aa1-5a60-a990-d894a23bfd15,relation/unit/bab-2-limit/covers/surface/unit-016/formula/inline/117,urn:uuid:38c5c0cc-aedd-5c38-8f75-521c7d805628,covers,urn:uuid:24d0e19c-5c3c-5934-8caa-8cff289e9142,
urn:uuid:f6ba4f77-55b4-5350-a1ad-662188c45bb9,relation/unit/bab-2-limit/covers/surface/unit-016/formula/inline/118,urn:uuid:38c5c0cc-aedd-5c38-8f75-521c7d805628,covers,urn:uuid:f59a0aad-b7b8-52b4-a70a-d6d444f85fa1,
urn:uuid:ba717d4a-16ba-57c7-832b-ece20a5f68d4,relation/unit/bab-2-limit/covers/surface/unit-016/formula/inline/119,urn:uuid:38c5c0cc-aedd-5c38-8f75-521c7d805628,covers,urn:uuid:cff75496-55e9-5bf3-91ef-b411bc12da89,
urn:uuid:d70da9e0-55a0-5798-b1dc-899d02a6490c,relation/unit/bab-2-limit/covers/surface/unit-016/formula/inline/120,urn:uuid:38c5c0cc-aedd-5c38-8f75-521c7d805628,covers,urn:uuid:406fe9ce-1c60-54be-bde4-e7224d640c1e,
urn:uuid:7ff94662-0a63-5a84-8477-0da10593e3e1,relation/unit/bab-2-limit/covers/surface/unit-016/formula/inline/121,urn:uuid:38c5c0cc-aedd-5c38-8f75-521c7d805628,covers,urn:uuid:8ba18fb2-c7dc-5ba2-9cd9-c2ed735df33e,
urn:uuid:3f003c71-1505-5a47-9c9a-3104efdb80c5,relation/unit/bab-2-limit/covers/surface/unit-016/formula/inline/122,urn:uuid:38c5c0cc-aedd-5c38-8f75-521c7d805628,covers,urn:uuid:2b8646bb-0da4-5adb-963c-3cba9ef1d024,
urn:uuid:62f37e2e-5538-546e-951d-1303d67dbf4d,relation/unit/bab-2-limit/covers/surface/unit-016/formula/inline/123,urn:uuid:38c5c0cc-aedd-5c38-8f75-521c7d805628,covers,urn:uuid:8f721c38-1df7-50bc-92ea-aa4c71a42f9a,
urn:uuid:b6306f78-6b99-5507-93cf-155d1dafe433,relation/unit/bab-2-limit/covers/surface/unit-016/formula/inline/124,urn:uuid:38c5c0cc-aedd-5c38-8f75-521c7d805628,covers,urn:uuid:d64df719-7335-5415-8fa4-4a85bb9039f8,
urn:uuid:255fc75b-9dff-56b5-8397-8a9d67a5fe55,relation/unit/bab-2-limit/covers/surface/unit-016/formula/inline/125,urn:uuid:38c5c0cc-aedd-5c38-8f75-521c7d805628,covers,urn:uuid:cb318a21-7243-5ed3-acb2-05ae16d5a5ed,
urn:uuid:990066b5-01b6-56d2-94d7-a2151b823bc8,relation/unit/bab-2-limit/covers/surface/unit-016/formula/inline/126,urn:uuid:38c5c0cc-aedd-5c38-8f75-521c7d805628,covers,urn:uuid:72bafaaf-adeb-5806-abcd-47ff269eb860,
urn:uuid:9a43bbcc-6dbe-51f7-9cbd-33650aa665f8,relation/unit/bab-2-limit/covers/surface/unit-016/formula/inline/127,urn:uuid:38c5c0cc-aedd-5c38-8f75-521c7d805628,covers,urn:uuid:e35f772a-dabf-592f-bb0e-1da8b773f370,
urn:uuid:483b7795-16f6-56ed-bf70-27a9fb828e02,relation/unit/bab-2-limit/covers/surface/unit-016/formula/inline/128,urn:uuid:38c5c0cc-aedd-5c38-8f75-521c7d805628,covers,urn:uuid:9cd8ee98-1d63-579c-b682-de10e4428d27,
urn:uuid:ebf9c227-7bfd-5df6-9a12-b3733c8a19a9,relation/unit/bab-2-limit/covers/surface/unit-016/formula/inline/129,urn:uuid:38c5c0cc-aedd-5c38-8f75-521c7d805628,covers,urn:uuid:456ba70e-d6d5-50d0-acdc-e65e83a60c95,
urn:uuid:0a578611-8493-5a10-b064-66cb4940bef5,relation/unit/bab-2-limit/covers/surface/unit-016/formula/inline/130,urn:uuid:38c5c0cc-aedd-5c38-8f75-521c7d805628,covers,urn:uuid:ceaad325-c275-59ab-b18f-ed11de9a7524,
urn:uuid:ee25ad94-a0e4-5521-b4e2-e0f3953c8e13,relation/unit/bab-2-limit/covers/surface/unit-016/formula/inline/131,urn:uuid:38c5c0cc-aedd-5c38-8f75-521c7d805628,covers,urn:uuid:d96617db-2fc8-5238-beb6-bec0c1a58bb0,
urn:uuid:07dbbe1d-3bc0-5be3-a068-a82116c5d925,relation/unit/bab-2-limit/covers/surface/unit-016/formula/inline/132,urn:uuid:38c5c0cc-aedd-5c38-8f75-521c7d805628,covers,urn:uuid:e5443669-c588-5faf-ac60-cd51e3381187,
urn:uuid:43fa5f8d-15d5-50ac-bc02-ace48e80f261,relation/unit/bab-2-limit/covers/surface/unit-016/formula/inline/133,urn:uuid:38c5c0cc-aedd-5c38-8f75-521c7d805628,covers,urn:uuid:dcfe4632-2d43-52fd-86ae-47e14f0ab099,
urn:uuid:044640f3-cf42-581f-b2f9-b6453386d3d7,relation/unit/bab-2-limit/covers/surface/unit-016/formula/inline/134,urn:uuid:38c5c0cc-aedd-5c38-8f75-521c7d805628,covers,urn:uuid:a6188cb2-840e-5c15-b38d-77cfebd5034c,
urn:uuid:6fd83148-d032-5f07-b549-9848da6c58ca,relation/unit/bab-2-limit/covers/surface/unit-016/formula/inline/135,urn:uuid:38c5c0cc-aedd-5c38-8f75-521c7d805628,covers,urn:uuid:d9160510-1277-5569-8619-08fc9bffba10,
urn:uuid:138ad55e-a716-569c-bf36-fcf424df1e4f,relation/unit/bab-2-limit/covers/surface/unit-016/formula/inline/136,urn:uuid:38c5c0cc-aedd-5c38-8f75-521c7d805628,covers,urn:uuid:bd990748-2ec4-5450-96a7-8e50b205e3b1,
urn:uuid:6640036e-881f-5e82-a02b-dfcfa85be4ea,relation/unit/bab-2-limit/covers/surface/unit-016/formula/inline/137,urn:uuid:38c5c0cc-aedd-5c38-8f75-521c7d805628,covers,urn:uuid:6245f305-f84e-5c9e-929d-2e4727f237b2,
urn:uuid:77e5fd6a-431d-5c2d-9249-271648cc37c8,relation/unit/bab-2-limit/covers/surface/unit-016/formula/inline/138,urn:uuid:38c5c0cc-aedd-5c38-8f75-521c7d805628,covers,urn:uuid:d782728a-dad2-55da-a3de-243c090c9909,
urn:uuid:6bb775d1-83fe-5dbd-a5b3-a36e3397652f,relation/unit/bab-2-limit/covers/surface/unit-016/formula/inline/139,urn:uuid:38c5c0cc-aedd-5c38-8f75-521c7d805628,covers,urn:uuid:367cf162-11ff-52d5-b9f9-7bfdef0bad20,
urn:uuid:d14a6ea8-d9e1-5aa6-b5b9-1a7b5de62c94,relation/unit/bab-2-limit/covers/surface/unit-016/formula/inline/140,urn:uuid:38c5c0cc-aedd-5c38-8f75-521c7d805628,covers,urn:uuid:4b97586c-2079-581f-8845-6ba92075f6a1,
urn:uuid:e2868255-69ce-5434-a7f1-91cfc2c574fe,relation/unit/bab-2-limit/covers/surface/unit-016/formula/inline/141,urn:uuid:38c5c0cc-aedd-5c38-8f75-521c7d805628,covers,urn:uuid:fb65a309-8dbb-545f-b4cd-901b4992be1e,
urn:uuid:61743bca-ed1a-50ea-b71e-52c73b576104,relation/unit/bab-2-limit/covers/surface/unit-016/formula/inline/142,urn:uuid:38c5c0cc-aedd-5c38-8f75-521c7d805628,covers,urn:uuid:24afd5cf-d55d-5ebd-a94d-76de17de90d0,
urn:uuid:083993fa-3fa9-5007-8a48-239d3554c6bf,relation/unit/bab-2-limit/covers/surface/unit-016/formula/inline/143,urn:uuid:38c5c0cc-aedd-5c38-8f75-521c7d805628,covers,urn:uuid:b7d779b4-7b95-53d6-ac15-ab7c90eb003a,
urn:uuid:60150c59-064c-582f-a530-690550ac491d,relation/unit/bab-2-limit/covers/surface/unit-016/formula/inline/144,urn:uuid:38c5c0cc-aedd-5c38-8f75-521c7d805628,covers,urn:uuid:b1cbdf4f-c371-5d88-bd6b-9df757b0515a,
urn:uuid:fce7d067-7cdc-5eab-953e-687ea1168a61,relation/unit/bab-2-limit/covers/surface/unit-016/formula/inline/145,urn:uuid:38c5c0cc-aedd-5c38-8f75-521c7d805628,covers,urn:uuid:fe70ee9d-9061-5503-923f-c3ff5a5dbfd0,
urn:uuid:b256a30f-40e0-5267-8963-1b7f45bce8b5,relation/unit/bab-2-limit/covers/surface/unit-016/formula/inline/146,urn:uuid:38c5c0cc-aedd-5c38-8f75-521c7d805628,covers,urn:uuid:afae9826-9385-5040-bde4-6cae60dc3f74,
urn:uuid:c50e56ad-06f1-545a-b967-46b24d75b42d,relation/unit/bab-2-limit/covers/surface/unit-016/formula/inline/147,urn:uuid:38c5c0cc-aedd-5c38-8f75-521c7d805628,covers,urn:uuid:502d0046-8105-55d5-8d1b-4e8548f77efe,
urn:uuid:624e8a54-dd38-5182-a7fb-bb988a27656c,relation/unit/bab-2-limit/covers/surface/unit-016/formula/inline/148,urn:uuid:38c5c0cc-aedd-5c38-8f75-521c7d805628,covers,urn:uuid:c0ec800d-cc7f-5b61-9459-c93f333f37cb,
urn:uuid:761298ea-038f-5640-985a-c8efa6624c81,relation/unit/bab-2-limit/covers/surface/unit-016/formula/inline/149,urn:uuid:38c5c0cc-aedd-5c38-8f75-521c7d805628,covers,urn:uuid:07ca16a0-5ac5-5eac-82e5-5240c25b6809,
urn:uuid:74979503-38d9-5f6c-8ebf-2b7570234c77,relation/unit/bab-2-limit/covers/surface/unit-016/formula/inline/150,urn:uuid:38c5c0cc-aedd-5c38-8f75-521c7d805628,covers,urn:uuid:3a96a86b-8a49-5948-a94e-a70ef62c587a,
urn:uuid:9f2228c3-7ccb-5de0-89e8-a218c59306d6,relation/unit/bab-2-limit/covers/surface/unit-016/formula/inline/151,urn:uuid:38c5c0cc-aedd-5c38-8f75-521c7d805628,covers,urn:uuid:be1f122e-31c2-5b80-9c6a-7b9a89f35576,
urn:uuid:9d276f03-0e1f-57b1-b588-749150fdecfa,relation/unit/bab-2-limit/covers/surface/unit-016/formula/inline/152,urn:uuid:38c5c0cc-aedd-5c38-8f75-521c7d805628,covers,urn:uuid:af4fc9dd-0c18-598a-99f7-dde238e9cd5f,
urn:uuid:189e80dc-42b1-5020-ab34-ea06048cd316,relation/unit/bab-2-limit/covers/surface/unit-016/formula/inline/153,urn:uuid:38c5c0cc-aedd-5c38-8f75-521c7d805628,covers,urn:uuid:f9c80ed3-1978-5b61-94f3-2ccfc792ab44,
urn:uuid:8358f46c-6046-5d5c-ad9e-00c441098e23,relation/unit/bab-2-limit/covers/surface/unit-016/formula/inline/154,urn:uuid:38c5c0cc-aedd-5c38-8f75-521c7d805628,covers,urn:uuid:3b372670-3a53-5872-b6af-0790b7339ac0,
urn:uuid:5199ee17-d3f5-5051-a479-5ccc5af26211,relation/unit/bab-2-limit/covers/surface/unit-016/formula/inline/155,urn:uuid:38c5c0cc-aedd-5c38-8f75-521c7d805628,covers,urn:uuid:781363df-0cf1-5c36-9b7d-1b917621ae33,
urn:uuid:e86a8bbe-5310-5eb8-9dc0-cf67620c58aa,relation/unit/bab-2-limit/covers/surface/unit-016/formula/inline/156,urn:uuid:38c5c0cc-aedd-5c38-8f75-521c7d805628,covers,urn:uuid:403df7f1-0957-58ae-a1d3-96784053f4c6,
urn:uuid:d8f81aa0-beae-56ae-b0c3-c421ed1a460c,relation/unit/bab-2-limit/covers/surface/unit-016/formula/inline/157,urn:uuid:38c5c0cc-aedd-5c38-8f75-521c7d805628,covers,urn:uuid:147d247d-179c-5025-94ac-7b6e41bce00b,
urn:uuid:18aae6bd-e9c6-52f1-8130-bc75c3dcb90c,relation/unit/bab-2-limit/covers/surface/unit-016/formula/inline/158,urn:uuid:38c5c0cc-aedd-5c38-8f75-521c7d805628,covers,urn:uuid:0afd5ad5-73de-518b-b56a-60ae3a82e130,
urn:uuid:5ff68d81-e399-511f-9837-2e672dd4c7e1,relation/unit/bab-2-limit/covers/surface/unit-016/formula/inline/159,urn:uuid:38c5c0cc-aedd-5c38-8f75-521c7d805628,covers,urn:uuid:161edc48-ffe7-555d-8f82-6cb2c10ce6ea,
urn:uuid:587fb4c3-edcc-573a-8c61-97c50ab2342c,relation/unit/bab-2-limit/covers/surface/unit-016/formula/inline/160,urn:uuid:38c5c0cc-aedd-5c38-8f75-521c7d805628,covers,urn:uuid:b4791671-9537-532c-b995-207d8d15683f,
urn:uuid:12f46277-93db-5e73-a018-adaa66ef35f7,relation/unit/bab-2-limit/covers/surface/unit-016/formula/inline/161,urn:uuid:38c5c0cc-aedd-5c38-8f75-521c7d805628,covers,urn:uuid:97314f42-799e-5e01-a70f-56763b12ec25,
urn:uuid:515cb802-6f20-5c14-a05f-067681ddc043,relation/unit/bab-2-limit/covers/surface/unit-016/formula/inline/162,urn:uuid:38c5c0cc-aedd-5c38-8f75-521c7d805628,covers,urn:uuid:7abd0820-f969-5016-8085-a042607cf6a1,
urn:uuid:ffa73cca-33b1-57c0-bee5-eb18a580485d,relation/unit/bab-2-limit/covers/surface/unit-016/formula/inline/163,urn:uuid:38c5c0cc-aedd-5c38-8f75-521c7d805628,covers,urn:uuid:3c560381-6113-52d6-a8d5-732b7f3688e4,
urn:uuid:9c897943-845e-5d12-8a87-786309593f4c,relation/unit/bab-2-limit/covers/surface/unit-016/formula/inline/164,urn:uuid:38c5c0cc-aedd-5c38-8f75-521c7d805628,covers,urn:uuid:6aa0c8b5-f918-5eaa-99fb-27c5d4b056b7,
urn:uuid:6ddd4079-6fa8-5601-a0b8-619385dfa1cd,relation/unit/bab-2-limit/covers/surface/unit-016/formula/inline/165,urn:uuid:38c5c0cc-aedd-5c38-8f75-521c7d805628,covers,urn:uuid:8e423572-ec95-5a88-aad9-474e5392b528,
urn:uuid:ecc26529-6245-5fa7-add7-74db12f734a8,relation/unit/bab-2-limit/covers/surface/unit-016/formula/inline/166,urn:uuid:38c5c0cc-aedd-5c38-8f75-521c7d805628,covers,urn:uuid:9d0bd6c9-df4e-5479-8423-e10bb15e24f2,
urn:uuid:e3cbe930-6546-56a7-9bad-531348ef417e,relation/unit/bab-2-limit/covers/surface/unit-016/formula/inline/167,urn:uuid:38c5c0cc-aedd-5c38-8f75-521c7d805628,covers,urn:uuid:52411fb6-f4d1-5cbb-8409-115b99c128c9,
urn:uuid:0fdb719b-313e-5599-9733-69d7a42a4288,relation/unit/bab-2-limit/covers/surface/unit-016/formula/inline/168,urn:uuid:38c5c0cc-aedd-5c38-8f75-521c7d805628,covers,urn:uuid:46ee4df4-6c03-5104-a546-896574e36642,
urn:uuid:ff5ac3a8-bc11-500a-9424-4b156653b7df,relation/unit/bab-2-limit/covers/surface/unit-016/formula/inline/169,urn:uuid:38c5c0cc-aedd-5c38-8f75-521c7d805628,covers,urn:uuid:da41d8de-5660-509a-812d-54a22cacee09,
urn:uuid:4c440136-41a1-5a43-856c-fd09bb5b0508,relation/unit/bab-2-limit/covers/surface/unit-016/formula/inline/170,urn:uuid:38c5c0cc-aedd-5c38-8f75-521c7d805628,covers,urn:uuid:88156d84-90b7-5289-b714-1fe1f8cebd10,
urn:uuid:77fc3af6-eca8-5434-bf12-bdc83c023755,relation/unit/bab-2-limit/covers/surface/unit-016/formula/inline/171,urn:uuid:38c5c0cc-aedd-5c38-8f75-521c7d805628,covers,urn:uuid:770fa579-9a5f-553d-a928-1cb4306447a2,
urn:uuid:c88f25e7-5892-5d6b-8ac9-d35970f45502,relation/unit/bab-2-limit/covers/surface/unit-016/formula/inline/172,urn:uuid:38c5c0cc-aedd-5c38-8f75-521c7d805628,covers,urn:uuid:8ca5f73f-193e-5b78-8643-06f3962594ff,
urn:uuid:e6f28df6-c726-5bb9-bd8d-6663344fda43,relation/unit/bab-2-limit/covers/surface/unit-016/formula/inline/173,urn:uuid:38c5c0cc-aedd-5c38-8f75-521c7d805628,covers,urn:uuid:4b5f65dc-e994-57a9-a7dd-72749404e4d6,
urn:uuid:21a8709e-be05-5541-bc89-ec5a53dd8871,relation/unit/bab-2-limit/covers/surface/unit-016/formula/inline/174,urn:uuid:38c5c0cc-aedd-5c38-8f75-521c7d805628,covers,urn:uuid:a3f48c12-4bae-5625-a960-afd3477720ff,
urn:uuid:94c05dc6-e700-5fde-ae92-5d7ced25e7c4,relation/unit/bab-2-limit/covers/surface/unit-016/formula/inline/175,urn:uuid:38c5c0cc-aedd-5c38-8f75-521c7d805628,covers,urn:uuid:f005e0ef-f97a-5c6f-ab27-5eea5aca9819,
urn:uuid:434843d7-368d-5b54-ac2e-facf92fb48fd,relation/unit/bab-2-limit/covers/surface/unit-016/formula/inline/176,urn:uuid:38c5c0cc-aedd-5c38-8f75-521c7d805628,covers,urn:uuid:5fdf75fb-f5da-5552-87b0-5d16613344d1,
urn:uuid:0b81e3de-b70b-5028-bbf3-fb36376278c7,relation/unit/bab-2-limit/covers/surface/unit-016/formula/inline/177,urn:uuid:38c5c0cc-aedd-5c38-8f75-521c7d805628,covers,urn:uuid:ca8935cf-d426-5607-8fec-fcc402d23442,
urn:uuid:1b188857-f6b0-5306-ae33-c31efbb2cc17,relation/unit/bab-2-limit/covers/surface/unit-016/formula/inline/178,urn:uuid:38c5c0cc-aedd-5c38-8f75-521c7d805628,covers,urn:uuid:f16e6381-f0e9-53da-a994-ab8d59006fc7,
urn:uuid:d631da21-4fc6-5723-9a48-eef353154124,relation/unit/bab-2-limit/covers/surface/unit-016/formula/inline/179,urn:uuid:38c5c0cc-aedd-5c38-8f75-521c7d805628,covers,urn:uuid:0ddb621d-ee03-5115-a593-3ed28c5af629,
urn:uuid:6ed78b41-97fb-509d-9b2e-973c141b43dc,relation/unit/bab-2-limit/covers/surface/unit-016/formula/inline/180,urn:uuid:38c5c0cc-aedd-5c38-8f75-521c7d805628,covers,urn:uuid:ff493fd3-98b8-5098-a5f5-2d7f6a91feaf,
urn:uuid:2da3f698-14fe-50c2-8e04-ae8d5f38cf2c,relation/unit/bab-2-limit/covers/surface/unit-016/formula/inline/181,urn:uuid:38c5c0cc-aedd-5c38-8f75-521c7d805628,covers,urn:uuid:4ef1ed4a-7481-539e-bfc9-00e727ded14f,
urn:uuid:fdc24b5e-feeb-511c-a094-f3d2a7fd4757,relation/unit/bab-2-limit/covers/surface/unit-016/formula/inline/182,urn:uuid:38c5c0cc-aedd-5c38-8f75-521c7d805628,covers,urn:uuid:973f93e1-9c85-5a92-b210-346f8414cd15,
urn:uuid:cc593e0e-19f9-52f9-ba8f-09b1cd35f800,relation/unit/bab-2-limit/covers/surface/unit-016/formula/inline/183,urn:uuid:38c5c0cc-aedd-5c38-8f75-521c7d805628,covers,urn:uuid:c6ae109f-9bc6-52da-8d8b-c4653a32ae95,
urn:uuid:00d0a0b5-60b1-52d9-b12a-7e1ab33baba2,relation/unit/bab-2-limit/covers/surface/unit-016/formula/inline/184,urn:uuid:38c5c0cc-aedd-5c38-8f75-521c7d805628,covers,urn:uuid:fd868ef3-1fb0-5789-8a14-c25760383d7e,
urn:uuid:21ed7bc6-e345-501a-97fc-bc66a46c001f,relation/unit/bab-2-limit/covers/surface/unit-016/formula/inline/185,urn:uuid:38c5c0cc-aedd-5c38-8f75-521c7d805628,covers,urn:uuid:1a87eabb-df47-5723-9284-bfad492f21e1,
urn:uuid:847de4b0-15b2-5f8d-8eb1-3797c6a74f0d,relation/unit/bab-2-limit/covers/surface/unit-016/formula/inline/186,urn:uuid:38c5c0cc-aedd-5c38-8f75-521c7d805628,covers,urn:uuid:ca7625d0-3fdf-574d-845f-ed1ce58ff4c9,
urn:uuid:24781f51-08a2-50ba-9fa0-b5edd84edc6d,relation/unit/bab-2-limit/covers/surface/unit-016/formula/inline/187,urn:uuid:38c5c0cc-aedd-5c38-8f75-521c7d805628,covers,urn:uuid:548d6573-ba73-5577-8d0e-7bfa1a6a6e0d,
urn:uuid:bd6a26ed-7d9f-50df-86f4-0632ec712806,relation/unit/bab-2-limit/covers/surface/unit-016/formula/inline/188,urn:uuid:38c5c0cc-aedd-5c38-8f75-521c7d805628,covers,urn:uuid:9e1ffe1a-c2d3-5f17-9881-ef266d867668,
urn:uuid:bf0c699c-b88e-57d0-afbf-69377e03959d,relation/unit/bab-2-limit/covers/surface/unit-016/formula/inline/189,urn:uuid:38c5c0cc-aedd-5c38-8f75-521c7d805628,covers,urn:uuid:599da560-37bf-59b6-995a-7be69eaf4677,
urn:uuid:55093418-a5cf-575a-b6d4-c88dac0a09b9,relation/unit/bab-2-limit/covers/surface/unit-016/formula/inline/190,urn:uuid:38c5c0cc-aedd-5c38-8f75-521c7d805628,covers,urn:uuid:9c3f63ac-0f20-509d-a2e2-91ff35804501,
urn:uuid:55a28007-5a93-5281-aeb7-fe4284876605,relation/unit/bab-2-limit/covers/surface/unit-016/formula/inline/191,urn:uuid:38c5c0cc-aedd-5c38-8f75-521c7d805628,covers,urn:uuid:fd6b6a22-b1a5-5d3f-a0a4-063963c8679e,
urn:uuid:7e5b9cef-d04f-5290-8f22-e8ccbb962d92,relation/unit/bab-2-limit/covers/surface/unit-016/formula/inline/192,urn:uuid:38c5c0cc-aedd-5c38-8f75-521c7d805628,covers,urn:uuid:ddf88a92-14a4-5b30-9f66-bfd57fd03c17,
urn:uuid:21c77042-a3b5-5d83-a19a-733afbcc7228,relation/unit/bab-2-limit/covers/surface/unit-016/formula/inline/193,urn:uuid:38c5c0cc-aedd-5c38-8f75-521c7d805628,covers,urn:uuid:901ed50f-8e61-5563-b283-1e94d66e8de5,
urn:uuid:463dca69-0a6b-5adc-8830-209fd9fdb4ef,relation/unit/bab-2-limit/covers/surface/unit-016/formula/inline/194,urn:uuid:38c5c0cc-aedd-5c38-8f75-521c7d805628,covers,urn:uuid:2587a7f6-e008-5e91-ad35-55c2f4e17fb7,
urn:uuid:0956c764-049c-540d-968b-646a0d14f858,relation/unit/bab-2-limit/covers/surface/unit-016/formula/inline/195,urn:uuid:38c5c0cc-aedd-5c38-8f75-521c7d805628,covers,urn:uuid:98c3ecff-832e-536e-8026-431e8a49023d,
urn:uuid:dd239663-83dd-57d0-aa7d-a72251fc7bef,relation/unit/bab-2-limit/covers/surface/unit-016/formula/inline/196,urn:uuid:38c5c0cc-aedd-5c38-8f75-521c7d805628,covers,urn:uuid:066144cb-9dde-585e-85c6-b404db71e100,
urn:uuid:d25b9ee6-e45a-569d-8487-526e748f8312,relation/unit/bab-2-limit/covers/surface/unit-016/formula/inline/197,urn:uuid:38c5c0cc-aedd-5c38-8f75-521c7d805628,covers,urn:uuid:6bd03ba7-d792-5fd0-8b40-3b80aba17956,
urn:uuid:94d9b568-2f53-5ea4-9ba1-e5ba3177c866,relation/unit/bab-2-limit/covers/surface/unit-016/formula/inline/198,urn:uuid:38c5c0cc-aedd-5c38-8f75-521c7d805628,covers,urn:uuid:88d42137-e505-57c0-9f8a-9dcf08055cd9,
urn:uuid:66733182-d99d-5413-9cc7-539016b35996,relation/unit/bab-2-limit/covers/surface/unit-016/formula/inline/199,urn:uuid:38c5c0cc-aedd-5c38-8f75-521c7d805628,covers,urn:uuid:492a9f73-feba-5bcb-92ab-892167ec06c9,
urn:uuid:2ba9886a-d2ca-595f-83f5-2071556f6d08,relation/unit/bab-2-limit/covers/surface/unit-016/formula/inline/200,urn:uuid:38c5c0cc-aedd-5c38-8f75-521c7d805628,covers,urn:uuid:f84d1498-0229-5910-8177-ee4c1afd72b5,
urn:uuid:af694584-3fc9-5c95-9b33-3819d20c09f7,relation/unit/bab-2-limit/covers/surface/unit-016/formula/inline/201,urn:uuid:38c5c0cc-aedd-5c38-8f75-521c7d805628,covers,urn:uuid:c0fa59f5-be3c-5b00-8508-d60143670308,
urn:uuid:6aab8357-e4f4-58c8-9c64-21a90d78be04,relation/unit/bab-2-limit/covers/surface/unit-016/formula/inline/202,urn:uuid:38c5c0cc-aedd-5c38-8f75-521c7d805628,covers,urn:uuid:8ef609ae-f774-58e6-b204-e19f23df3057,
urn:uuid:aa457597-25c9-5036-8c5b-a8bbde27a0cd,relation/unit/bab-2-limit/covers/surface/unit-016/formula/inline/203,urn:uuid:38c5c0cc-aedd-5c38-8f75-521c7d805628,covers,urn:uuid:fe068571-fdb3-5bee-b2c2-85602ee1fd78,
urn:uuid:d827fb24-dd0b-5ae7-b185-1b4bb74a27ad,relation/unit/bab-2-limit/covers/surface/unit-016/formula/inline/204,urn:uuid:38c5c0cc-aedd-5c38-8f75-521c7d805628,covers,urn:uuid:3788d973-7513-5e0f-ada8-127884e26424,
urn:uuid:f7ddae27-b351-56e4-87c3-c174d9c177f8,relation/unit/bab-2-limit/covers/surface/unit-016/formula/inline/205,urn:uuid:38c5c0cc-aedd-5c38-8f75-521c7d805628,covers,urn:uuid:768e3297-b5f0-5d08-821b-3c8289ee0a86,
urn:uuid:0552308a-0b98-5054-9fc7-c23fafb6fd3b,relation/unit/bab-2-limit/covers/surface/unit-016/formula/inline/206,urn:uuid:38c5c0cc-aedd-5c38-8f75-521c7d805628,covers,urn:uuid:9bec558d-9ff2-5d8e-8888-d2f847fd8b74,
urn:uuid:800c616f-31d6-54d1-91a9-b77b67277a95,relation/unit/bab-2-limit/covers/surface/unit-016/formula/inline/207,urn:uuid:38c5c0cc-aedd-5c38-8f75-521c7d805628,covers,urn:uuid:0124f448-6afc-51c8-9215-58883ad4cf26,
urn:uuid:e4cb4533-78e3-5aa0-bb2e-246d311c720d,relation/unit/bab-2-limit/covers/surface/unit-016/formula/inline/208,urn:uuid:38c5c0cc-aedd-5c38-8f75-521c7d805628,covers,urn:uuid:6cc09ef1-decb-5112-afe7-0293c9429989,
urn:uuid:64436fab-e1ef-5989-a421-cd9803491f0d,relation/unit/bab-2-limit/covers/surface/unit-016/formula/inline/209,urn:uuid:38c5c0cc-aedd-5c38-8f75-521c7d805628,covers,urn:uuid:d851b95b-a95b-593f-8f76-8ca77075c5a3,
urn:uuid:955b080e-d611-5b74-b087-2cc03f6b2899,relation/unit/bab-2-limit/covers/surface/unit-016/formula/inline/210,urn:uuid:38c5c0cc-aedd-5c38-8f75-521c7d805628,covers,urn:uuid:8281417b-b6e6-5cb0-a1bd-d24afd811ee6,
urn:uuid:966daf07-710f-55d7-9608-edd7973ab904,relation/unit/bab-2-limit/covers/surface/unit-016/formula/inline/211,urn:uuid:38c5c0cc-aedd-5c38-8f75-521c7d805628,covers,urn:uuid:6b3812e4-3725-573e-ab1f-afb392ad8ef0,
urn:uuid:244dc36a-5ada-50e0-a03d-fc618a60d814,relation/unit/bab-2-limit/covers/surface/unit-016/formula/inline/212,urn:uuid:38c5c0cc-aedd-5c38-8f75-521c7d805628,covers,urn:uuid:d6eae5e9-e4bd-5b4d-a14a-4e95cea4ca01,
urn:uuid:62bece2f-cab1-5f40-9c28-a60056bc68fd,relation/unit/bab-2-limit/covers/surface/unit-016/formula/inline/213,urn:uuid:38c5c0cc-aedd-5c38-8f75-521c7d805628,covers,urn:uuid:623b2e87-ea94-5438-8841-4a75d26391de,
urn:uuid:62759cb9-2949-57ba-a075-b110eb65dd1c,relation/unit/bab-2-limit/covers/surface/unit-016/formula/inline/214,urn:uuid:38c5c0cc-aedd-5c38-8f75-521c7d805628,covers,urn:uuid:70387f96-ce3b-5b77-be62-2fbf7a9aeb7c,
urn:uuid:03cbfbca-664c-5b9b-a1d5-f8d6f4378943,relation/unit/bab-2-limit/covers/surface/unit-016/formula/inline/215,urn:uuid:38c5c0cc-aedd-5c38-8f75-521c7d805628,covers,urn:uuid:24fb71f6-f090-5527-9f52-f028c3476b8c,
urn:uuid:4a57c5db-c3f2-5a76-b6c0-85e3736a510f,relation/unit/bab-2-limit/covers/surface/unit-016/formula/inline/216,urn:uuid:38c5c0cc-aedd-5c38-8f75-521c7d805628,covers,urn:uuid:79a8476f-b6a7-5b58-acff-12fbcf7fd834,
urn:uuid:123a028a-b668-5bb5-8abe-9ebd6fcb233b,relation/unit/bab-2-limit/covers/surface/unit-016/formula/inline/217,urn:uuid:38c5c0cc-aedd-5c38-8f75-521c7d805628,covers,urn:uuid:24661d7e-6008-5cb5-8c4c-408ab6c88220,
urn:uuid:b57c449d-693e-5a43-b3a1-43e3807ef4fd,relation/unit/bab-2-limit/covers/surface/unit-016/formula/inline/218,urn:uuid:38c5c0cc-aedd-5c38-8f75-521c7d805628,covers,urn:uuid:622c9e23-24db-5f27-bcea-ece5d11afbd5,
urn:uuid:9e490b2f-e3de-561c-a7d9-00ef979951c4,relation/unit/bab-2-limit/covers/surface/unit-016/formula/inline/219,urn:uuid:38c5c0cc-aedd-5c38-8f75-521c7d805628,covers,urn:uuid:6ca15b9b-ef1f-5343-a5dc-927f09234b5a,
urn:uuid:c9a48292-5b4b-5767-a393-e8e547051729,relation/unit/bab-2-limit/covers/surface/unit-016/formula/inline/220,urn:uuid:38c5c0cc-aedd-5c38-8f75-521c7d805628,covers,urn:uuid:ba428275-bcb7-5d55-ba68-8d33bd199f91,
urn:uuid:abf0a1cd-c207-537c-bc95-b0afaa029ff1,relation/unit/bab-2-limit/covers/surface/unit-016/formula/inline/221,urn:uuid:38c5c0cc-aedd-5c38-8f75-521c7d805628,covers,urn:uuid:4f8d908e-ad2c-5251-a6aa-165822c8ab3e,
urn:uuid:9d1b9863-d7ee-5ad3-b2d3-77b9f1f8b1a1,relation/unit/bab-2-limit/covers/surface/unit-016/formula/inline/222,urn:uuid:38c5c0cc-aedd-5c38-8f75-521c7d805628,covers,urn:uuid:0603394c-2e5c-5d76-9f15-369ee7ee4d8d,
urn:uuid:4f7dc81e-6ea7-5a7b-8d6f-e3ef49c1673c,relation/unit/bab-2-limit/covers/surface/unit-016/formula/inline/223,urn:uuid:38c5c0cc-aedd-5c38-8f75-521c7d805628,covers,urn:uuid:b367af12-1d72-5dba-92f3-f2649ba1d5ca,
urn:uuid:a7720a1c-a1f1-5f8d-ba3b-2ecaa30787e8,relation/unit/bab-2-limit/covers/surface/unit-016/formula/inline/224,urn:uuid:38c5c0cc-aedd-5c38-8f75-521c7d805628,covers,urn:uuid:4c451392-4c91-5033-a41c-86eb67ec2f12,
urn:uuid:a74ebc66-6f37-5d85-93a0-2e4cf97ca6a9,relation/unit/bab-2-limit/covers/surface/unit-016/formula/inline/225,urn:uuid:38c5c0cc-aedd-5c38-8f75-521c7d805628,covers,urn:uuid:fac60800-d510-5778-8384-7c42a030d9d9,
urn:uuid:8637eec0-a97d-57a7-8890-599b49d17d90,relation/unit/bab-2-limit/covers/surface/unit-016/formula/inline/226,urn:uuid:38c5c0cc-aedd-5c38-8f75-521c7d805628,covers,urn:uuid:27552d18-2685-5fde-a428-32ff74579a7e,
urn:uuid:0bd5ffa8-0546-55be-8965-cc95234db21d,relation/unit/bab-2-limit/covers/surface/unit-016/formula/inline/227,urn:uuid:38c5c0cc-aedd-5c38-8f75-521c7d805628,covers,urn:uuid:d5e3d18b-8102-5fc0-84a9-a4a647041e56,
urn:uuid:93347d02-633a-5a21-ab15-7d31e0071fef,relation/unit/bab-2-limit/covers/surface/unit-016/formula/inline/228,urn:uuid:38c5c0cc-aedd-5c38-8f75-521c7d805628,covers,urn:uuid:7708398b-1ac6-51e7-a915-32656e73e1aa,
urn:uuid:803f83d6-703e-54fb-a518-e0fa6886b4ac,relation/unit/bab-2-limit/covers/surface/unit-016/formula/inline/229,urn:uuid:38c5c0cc-aedd-5c38-8f75-521c7d805628,covers,urn:uuid:37832bd7-50c6-5a25-8775-d5236f43e42f,
urn:uuid:bf118f2d-995b-5de9-a000-4382246976b9,relation/unit/bab-2-limit/covers/surface/unit-016/formula/inline/230,urn:uuid:38c5c0cc-aedd-5c38-8f75-521c7d805628,covers,urn:uuid:5316ae94-31a7-5266-8928-0807000a1afb,
urn:uuid:d0bf916b-6c4e-5541-b4a0-bf5fb377f7d0,relation/unit/bab-2-limit/covers/surface/unit-016/formula/inline/231,urn:uuid:38c5c0cc-aedd-5c38-8f75-521c7d805628,covers,urn:uuid:a50f64ee-757f-539a-b15a-3e2e8cf2a7b3,
urn:uuid:61c36ccf-5ebb-54b0-8b77-77121e41fef0,relation/unit/bab-2-limit/covers/surface/unit-016/formula/inline/232,urn:uuid:38c5c0cc-aedd-5c38-8f75-521c7d805628,covers,urn:uuid:8eb564e7-d027-5f21-a1c8-83eb5fa33540,
urn:uuid:7b533f43-8d91-5e22-bfd6-8d301146fa14,relation/unit/bab-2-limit/covers/surface/unit-016/formula/inline/233,urn:uuid:38c5c0cc-aedd-5c38-8f75-521c7d805628,covers,urn:uuid:31cbb01e-c180-5dc4-b57f-2ae0b2d50780,
urn:uuid:d50795b5-940d-55cd-8fd9-db9e80aa1498,relation/unit/bab-2-limit/covers/surface/unit-016/formula/inline/234,urn:uuid:38c5c0cc-aedd-5c38-8f75-521c7d805628,covers,urn:uuid:9572b3d9-be4f-5f6b-8159-9e426e24d0ac,
urn:uuid:f2943355-6476-5a14-b760-12d85950907d,relation/unit/bab-2-limit/covers/surface/unit-016/formula/inline/235,urn:uuid:38c5c0cc-aedd-5c38-8f75-521c7d805628,covers,urn:uuid:b847ea77-e7a2-5afd-a8dc-4e0c1881da31,
urn:uuid:3e1753a3-3e46-5e05-b28f-d96fd1663846,relation/unit/bab-2-limit/covers/surface/unit-016/formula/inline/236,urn:uuid:38c5c0cc-aedd-5c38-8f75-521c7d805628,covers,urn:uuid:b17d59e0-9c46-5d4c-b223-c79e610c76b4,
urn:uuid:b21f586d-3a98-55ab-8fb5-b962f8bdb5bb,relation/unit/bab-2-limit/covers/surface/unit-016/formula/inline/237,urn:uuid:38c5c0cc-aedd-5c38-8f75-521c7d805628,covers,urn:uuid:15baa4e1-eb94-53a0-b923-e2ff9c18ff3b,
urn:uuid:2f948113-332e-5fd8-a0fa-625b134aaac5,relation/unit/bab-2-limit/covers/surface/unit-016/formula/inline/238,urn:uuid:38c5c0cc-aedd-5c38-8f75-521c7d805628,covers,urn:uuid:43002bef-0834-5b70-ab1c-209f6a655031,
urn:uuid:a7dbd47d-c36f-58c6-82cc-1df5b0426495,relation/unit/bab-2-limit/covers/surface/unit-016/formula/inline/239,urn:uuid:38c5c0cc-aedd-5c38-8f75-521c7d805628,covers,urn:uuid:b9ff018c-44b4-56d8-a315-b33a97ab73a2,
urn:uuid:05bf538a-2e14-5ade-af28-544f6550c594,relation/unit/bab-2-limit/covers/surface/unit-016/formula/inline/240,urn:uuid:38c5c0cc-aedd-5c38-8f75-521c7d805628,covers,urn:uuid:7c86b4cb-70ce-51c8-8b02-80a9ba849030,
urn:uuid:fb56ad7b-959f-5675-a4bf-45f0104c83a2,relation/unit/bab-2-limit/covers/surface/unit-016/formula/inline/241,urn:uuid:38c5c0cc-aedd-5c38-8f75-521c7d805628,covers,urn:uuid:3916f9dd-d175-5fb9-ac07-eae875016d2a,
urn:uuid:6f5a0fcc-c493-5b21-b161-9bf8443bee34,relation/unit/bab-2-limit/covers/surface/unit-016/formula/inline/242,urn:uuid:38c5c0cc-aedd-5c38-8f75-521c7d805628,covers,urn:uuid:99c4fad6-4863-55ec-8f7c-88ff70bae066,
urn:uuid:acfe2caf-a34b-59c3-abab-82075ef3d9a4,relation/unit/bab-2-limit/covers/surface/unit-016/formula/inline/243,urn:uuid:38c5c0cc-aedd-5c38-8f75-521c7d805628,covers,urn:uuid:0c0fc162-6dfe-5a14-871a-9f37a9b469c8,
urn:uuid:edddf383-d701-5214-9faa-f6be429beb73,relation/unit/bab-2-limit/covers/surface/unit-016/formula/inline/244,urn:uuid:38c5c0cc-aedd-5c38-8f75-521c7d805628,covers,urn:uuid:f9e0efa1-8216-594b-b4c3-f6342337a1a9,
urn:uuid:8c001ea3-2c46-579b-8f5f-5d7c9231e30e,relation/unit/bab-2-limit/covers/surface/unit-016/formula/inline/245,urn:uuid:38c5c0cc-aedd-5c38-8f75-521c7d805628,covers,urn:uuid:1eb1630b-cb12-5189-aa15-03d2e919424e,
urn:uuid:03eff388-c9af-5f90-86ad-9037c4e0ad08,relation/unit/bab-2-limit/covers/surface/unit-016/formula/inline/246,urn:uuid:38c5c0cc-aedd-5c38-8f75-521c7d805628,covers,urn:uuid:4c1f548b-a0bf-5823-b300-43ab7f0d40b2,
urn:uuid:51c7e1f1-403c-5abe-8e6a-10b6017366ab,relation/unit/bab-2-limit/covers/surface/unit-016/formula/inline/247,urn:uuid:38c5c0cc-aedd-5c38-8f75-521c7d805628,covers,urn:uuid:360a0f8f-4183-59b8-919a-96a7bed6ac9e,
urn:uuid:6d50fca3-d5df-5788-8816-4c75e8e38e29,relation/unit/bab-2-limit/covers/surface/unit-016/formula/inline/248,urn:uuid:38c5c0cc-aedd-5c38-8f75-521c7d805628,covers,urn:uuid:88d2eca4-0fd6-52c6-98cf-e2017248d01d,
urn:uuid:092dabe4-e1e3-5609-ae9d-3244b5bd6a16,relation/unit/bab-2-limit/covers/surface/unit-016/formula/inline/249,urn:uuid:38c5c0cc-aedd-5c38-8f75-521c7d805628,covers,urn:uuid:a21bc70e-ea8a-5404-a107-5a465497a971,
urn:uuid:3a2e330b-ab39-5cbb-88b2-5dc24c8ae61e,relation/unit/bab-2-limit/covers/surface/unit-016/formula/inline/250,urn:uuid:38c5c0cc-aedd-5c38-8f75-521c7d805628,covers,urn:uuid:94ae70cf-9131-5ca2-a3d4-e544d0864782,
urn:uuid:b303fc7a-63ca-5be9-bc48-10fc17b42d69,relation/unit/bab-2-limit/covers/surface/unit-016/formula/inline/251,urn:uuid:38c5c0cc-aedd-5c38-8f75-521c7d805628,covers,urn:uuid:016323b6-02bf-543f-b70e-f54769d6be73,
urn:uuid:d1d3bc47-bd7e-5216-9166-7b61252a23d2,relation/unit/bab-2-limit/covers/surface/unit-016/formula/inline/252,urn:uuid:38c5c0cc-aedd-5c38-8f75-521c7d805628,covers,urn:uuid:c04f69c0-1a8f-525a-b0c1-869b200d58d6,
urn:uuid:3bdf6f2e-7379-5d16-8a4d-9b6352d7a3e9,relation/unit/bab-2-limit/covers/surface/unit-016/formula/inline/253,urn:uuid:38c5c0cc-aedd-5c38-8f75-521c7d805628,covers,urn:uuid:8442bfb0-d44b-5e78-9d3f-434d2b8b24d6,
urn:uuid:d1bdf967-fa65-5754-ab67-f7f9df84e6d9,relation/unit/bab-2-limit/covers/surface/unit-016/formula/inline/254,urn:uuid:38c5c0cc-aedd-5c38-8f75-521c7d805628,covers,urn:uuid:8e3c5a8e-3d51-55bc-9dd9-a6d7d21a7a8c,
urn:uuid:265f5113-d9a3-578d-b08a-ab397be9c501,relation/unit/bab-2-limit/covers/surface/unit-016/formula/inline/255,urn:uuid:38c5c0cc-aedd-5c38-8f75-521c7d805628,covers,urn:uuid:5afccf79-d5b8-5297-a21a-f25b1e21a681,
urn:uuid:bba15d0f-f43a-5f03-9c31-33d7bf370cac,relation/unit/bab-2-limit/covers/surface/unit-016/formula/inline/256,urn:uuid:38c5c0cc-aedd-5c38-8f75-521c7d805628,covers,urn:uuid:d43fd392-dece-51c2-80c3-156602c4c36b,
urn:uuid:4a72c28e-bc20-5e86-88a5-fb0343404d26,relation/unit/bab-2-limit/covers/surface/unit-016/formula/inline/257,urn:uuid:38c5c0cc-aedd-5c38-8f75-521c7d805628,covers,urn:uuid:1d6f90e8-aaa5-51e6-9349-5de70ee6fceb,
urn:uuid:10f64eca-5e18-52ac-936f-feb3214b9a15,relation/unit/bab-2-limit/covers/surface/unit-016/formula/inline/258,urn:uuid:38c5c0cc-aedd-5c38-8f75-521c7d805628,covers,urn:uuid:1dc99e67-ec7d-5a05-98d3-d1e59fe68201,
urn:uuid:efab08e4-420b-58e9-b9e5-10bbaf641592,relation/unit/bab-2-limit/covers/surface/unit-016/formula/inline/259,urn:uuid:38c5c0cc-aedd-5c38-8f75-521c7d805628,covers,urn:uuid:e9a1944d-0ddc-5900-9be0-10a566ef94a0,
urn:uuid:f4a6908e-6fce-53db-ac92-a02f587f0d98,relation/unit/bab-2-limit/covers/surface/unit-016/formula/inline/260,urn:uuid:38c5c0cc-aedd-5c38-8f75-521c7d805628,covers,urn:uuid:4e362a29-25ed-5120-8c25-eeb8d7ea59f9,
urn:uuid:695b02fd-563d-5123-a662-22132fc53c8d,relation/unit/bab-2-limit/covers/surface/unit-016/formula/inline/261,urn:uuid:38c5c0cc-aedd-5c38-8f75-521c7d805628,covers,urn:uuid:eec98608-d31c-524f-b8cb-3cb2bb8cdc27,
urn:uuid:1939c9e6-6df2-531a-99df-7f4437b7c89e,relation/unit/bab-2-limit/covers/surface/unit-016/formula/inline/262,urn:uuid:38c5c0cc-aedd-5c38-8f75-521c7d805628,covers,urn:uuid:71c4c2f0-4b95-57c5-ad67-748e4583c0e8,
urn:uuid:65914257-b63e-52bb-bf41-6b23f8d06007,relation/unit/bab-2-limit/covers/surface/unit-016/formula/inline/263,urn:uuid:38c5c0cc-aedd-5c38-8f75-521c7d805628,covers,urn:uuid:fe296b1c-6f96-5970-8e20-9ccb84b6183a,
urn:uuid:d8715b9e-9a90-595d-85af-277ea02a6147,relation/unit/bab-2-limit/covers/surface/unit-016/formula/inline/264,urn:uuid:38c5c0cc-aedd-5c38-8f75-521c7d805628,covers,urn:uuid:7565ed7b-a194-56b5-95ef-47af5b92f63d,
urn:uuid:cdd270c1-dc4d-5854-b8e2-04843974dd6b,relation/unit/bab-2-limit/covers/surface/unit-016/formula/inline/265,urn:uuid:38c5c0cc-aedd-5c38-8f75-521c7d805628,covers,urn:uuid:71a518ee-1639-56e4-80be-830cf34dfd92,
urn:uuid:52baba5e-c614-5b34-82b1-4495945563ef,relation/unit/bab-2-limit/covers/surface/unit-016/formula/inline/266,urn:uuid:38c5c0cc-aedd-5c38-8f75-521c7d805628,covers,urn:uuid:f2bf8568-5bab-5a3e-8d06-f35d680a481f,
urn:uuid:5c7ad7db-1cf7-5f81-904a-0ae047094c3f,relation/unit/bab-2-limit/covers/surface/unit-016/formula/inline/267,urn:uuid:38c5c0cc-aedd-5c38-8f75-521c7d805628,covers,urn:uuid:63e76e65-2fef-5bf9-8122-989b02475343,
urn:uuid:b721b068-923c-56d1-a93e-b1b7630acaf6,relation/unit/bab-2-limit/covers/surface/unit-016/formula/inline/268,urn:uuid:38c5c0cc-aedd-5c38-8f75-521c7d805628,covers,urn:uuid:504c4884-db50-5197-b8bd-b7fe09381f66,
urn:uuid:30b50003-0b44-5da8-b634-ed53b429f3b5,relation/unit/bab-2-limit/covers/surface/unit-016/formula/inline/269,urn:uuid:38c5c0cc-aedd-5c38-8f75-521c7d805628,covers,urn:uuid:1493b45c-050f-53a0-8aec-adf74a01afd4,
urn:uuid:4f010284-203e-518c-92aa-702809c22fed,relation/unit/bab-2-limit/covers/surface/unit-016/formula/inline/270,urn:uuid:38c5c0cc-aedd-5c38-8f75-521c7d805628,covers,urn:uuid:47b9e5a9-0d1e-50e7-8c26-1625c88d3fec,
urn:uuid:8ac0b1d0-2555-5e80-9e37-b44a9bf4e1c3,relation/unit/bab-2-limit/covers/surface/unit-016/formula/inline/271,urn:uuid:38c5c0cc-aedd-5c38-8f75-521c7d805628,covers,urn:uuid:dc3744ee-727c-593e-b5f3-ab73d6a714e1,
urn:uuid:ad93051a-ab04-5a00-8d78-529d4acaefc1,relation/unit/bab-2-limit/covers/surface/unit-016/formula/inline/272,urn:uuid:38c5c0cc-aedd-5c38-8f75-521c7d805628,covers,urn:uuid:812b09b8-38a9-5031-8906-d6188074bf55,
urn:uuid:39582660-c592-5798-90e2-030d33f8cff9,relation/unit/bab-2-limit/covers/surface/unit-016/formula/inline/273,urn:uuid:38c5c0cc-aedd-5c38-8f75-521c7d805628,covers,urn:uuid:715d68fb-f073-5cd2-b146-d944283d13e6,
urn:uuid:abf95228-f51a-5cae-88c3-71214e5adce3,relation/unit/bab-2-limit/covers/surface/unit-016/formula/inline/274,urn:uuid:38c5c0cc-aedd-5c38-8f75-521c7d805628,covers,urn:uuid:ddf562da-5f01-536b-9763-ce58408434cc,
urn:uuid:8dca9937-215f-5cb7-8ce0-a1868dfd3d49,relation/unit/bab-2-limit/covers/surface/unit-016/formula/inline/275,urn:uuid:38c5c0cc-aedd-5c38-8f75-521c7d805628,covers,urn:uuid:5fee6ffb-f7b4-50c2-a54d-80894d3906a8,
urn:uuid:45b73339-8c91-5c0d-a561-ffcf69e9f8dc,relation/unit/bab-2-limit/covers/surface/unit-016/formula/inline/276,urn:uuid:38c5c0cc-aedd-5c38-8f75-521c7d805628,covers,urn:uuid:015c4ad3-b668-51bd-8911-c5296a1dce35,
urn:uuid:d7f8e1f6-589d-5db3-b37a-9ae915aadaf0,relation/unit/bab-2-limit/covers/surface/unit-016/formula/inline/277,urn:uuid:38c5c0cc-aedd-5c38-8f75-521c7d805628,covers,urn:uuid:19aa6f86-e2ed-5cd1-8eec-d2d316becdc2,
urn:uuid:906c8661-cb39-5018-9094-e368efc5a516,relation/unit/bab-2-limit/covers/surface/unit-016/formula/inline/278,urn:uuid:38c5c0cc-aedd-5c38-8f75-521c7d805628,covers,urn:uuid:3d0ba70b-40aa-5a01-a36e-7ca6de699937,
urn:uuid:14d5cdb1-1946-55f4-bac3-c7f633e06c73,relation/unit/bab-2-limit/covers/surface/unit-016/formula/inline/279,urn:uuid:38c5c0cc-aedd-5c38-8f75-521c7d805628,covers,urn:uuid:d6827ae2-3f6e-5161-8177-aecb55cf2774,
urn:uuid:3ad92912-c941-548d-b65a-643d30f35f7a,relation/unit/bab-2-limit/covers/surface/unit-016/formula/inline/280,urn:uuid:38c5c0cc-aedd-5c38-8f75-521c7d805628,covers,urn:uuid:8d6a2888-615b-5a62-84e8-08a44a51a303,
urn:uuid:4e7c4598-7fe0-528a-8e63-68af0de3033e,relation/unit/bab-2-limit/covers/surface/unit-016/formula/inline/281,urn:uuid:38c5c0cc-aedd-5c38-8f75-521c7d805628,covers,urn:uuid:ac5df260-f69a-5366-aab3-ccc15d450129,
urn:uuid:ee2a4aed-fc78-564c-a9af-d5797d5a5fda,relation/unit/bab-2-limit/covers/surface/unit-016/formula/inline/282,urn:uuid:38c5c0cc-aedd-5c38-8f75-521c7d805628,covers,urn:uuid:c5350177-48cb-58bc-9b41-05fa22696e49,
urn:uuid:55722cb8-d673-54c6-9d02-1ff2e3a5ac54,relation/unit/bab-2-limit/covers/surface/unit-016/formula/inline/283,urn:uuid:38c5c0cc-aedd-5c38-8f75-521c7d805628,covers,urn:uuid:89b5ba1e-f7e2-5b76-9116-f66d6902e395,
urn:uuid:e296bbb8-06d0-5834-8ce2-64978faa9966,relation/unit/bab-2-limit/covers/surface/unit-016/formula/inline/284,urn:uuid:38c5c0cc-aedd-5c38-8f75-521c7d805628,covers,urn:uuid:2ec8d01a-463e-59b0-a406-2e54f14d9da1,
urn:uuid:f1f8e605-e55c-5e45-826a-7ef3361e14bb,relation/unit/bab-2-limit/covers/surface/unit-016/formula/inline/285,urn:uuid:38c5c0cc-aedd-5c38-8f75-521c7d805628,covers,urn:uuid:079d496e-3237-5f61-baf1-b04cfc631824,
urn:uuid:3bb0ec48-98bf-5262-adc2-28102d6b5ed8,relation/unit/bab-2-limit/covers/surface/unit-016/formula/inline/286,urn:uuid:38c5c0cc-aedd-5c38-8f75-521c7d805628,covers,urn:uuid:35009710-3860-5d56-b191-336388d054a3,
urn:uuid:b7297c04-7381-5688-b0a7-3b5f05ee5559,relation/unit/bab-2-limit/covers/surface/unit-016/formula/inline/287,urn:uuid:38c5c0cc-aedd-5c38-8f75-521c7d805628,covers,urn:uuid:21219721-00a2-5ce5-a3bf-7615774d216b,
urn:uuid:ef38e54f-82b3-5c30-885f-a4c2dd26c363,relation/unit/bab-2-limit/covers/surface/unit-016/label/001,urn:uuid:38c5c0cc-aedd-5c38-8f75-521c7d805628,covers,urn:uuid:033ff850-dbe9-52ef-b66e-48913117647d,
urn:uuid:1595341d-6954-58f4-9598-a11e7017d07c,relation/unit/bab-2-limit/covers/surface/unit-016/label/002,urn:uuid:38c5c0cc-aedd-5c38-8f75-521c7d805628,covers,urn:uuid:8be2b9a7-0271-53f2-8ceb-368355384528,
urn:uuid:14e50df1-e4d1-5f07-b3c2-b5f4913a8573,relation/unit/bab-2-limit/covers/surface/unit-016/label/003,urn:uuid:38c5c0cc-aedd-5c38-8f75-521c7d805628,covers,urn:uuid:ae69b007-2462-5d8a-9a12-716d643c4c44,
urn:uuid:5ea487e9-9ff1-527f-b6c0-9a9219b55557,relation/unit/bab-2-limit/covers/surface/unit-016/label/004,urn:uuid:38c5c0cc-aedd-5c38-8f75-521c7d805628,covers,urn:uuid:dcef5f73-a4bb-5b62-a621-f67b12ba07b0,
urn:uuid:da83d2c4-fdba-52bc-bcfe-948251533b04,relation/unit/bab-2-limit/covers/surface/unit-016/label/005,urn:uuid:38c5c0cc-aedd-5c38-8f75-521c7d805628,covers,urn:uuid:38353b88-4318-5390-87bd-47ff14ad3fca,
urn:uuid:67f19030-1e0e-501b-ba5a-a3ae19d1525d,relation/unit/bab-2-limit/covers/surface/unit-016/label/006,urn:uuid:38c5c0cc-aedd-5c38-8f75-521c7d805628,covers,urn:uuid:be3de66b-4379-5f21-be8c-5cee9f03c2fb,
urn:uuid:ce55c1b8-3c36-583a-83ab-8410cc5e04a1,relation/unit/bab-2-limit/covers/surface/unit-016/label/007,urn:uuid:38c5c0cc-aedd-5c38-8f75-521c7d805628,covers,urn:uuid:329c5796-6d2f-5179-b87e-d65318410627,
urn:uuid:fbfabc2a-3c30-56d0-8ad7-fc8ecefaaa26,relation/unit/bab-2-limit/covers/surface/unit-016/label/008,urn:uuid:38c5c0cc-aedd-5c38-8f75-521c7d805628,covers,urn:uuid:a537fa6a-8766-5c05-8a02-b5523917afd3,
urn:uuid:d695bc76-32c9-5be3-b85a-a6937beddb41,relation/unit/bab-2-limit/covers/surface/unit-016/label/009,urn:uuid:38c5c0cc-aedd-5c38-8f75-521c7d805628,covers,urn:uuid:f1fe6489-7084-5256-b733-5c6c03728cfc,
urn:uuid:21c66235-af81-5d05-b9ef-2707961c0ec7,relation/unit/bab-2-limit/covers/surface/unit-016/label/010,urn:uuid:38c5c0cc-aedd-5c38-8f75-521c7d805628,covers,urn:uuid:aa05bed2-56d7-51b2-9922-4829c743072f,
urn:uuid:f34ae1e2-2860-500b-bc9a-9a3eff8647ea,relation/unit/bab-2-limit/covers/surface/unit-016/label/011,urn:uuid:38c5c0cc-aedd-5c38-8f75-521c7d805628,covers,urn:uuid:a30a1dd1-7b98-54e6-b5e0-c5f469e406dc,
urn:uuid:6d634a6e-d1e5-56fd-972a-dea8219624b8,relation/unit/bab-2-limit/covers/surface/unit-016/label/012,urn:uuid:38c5c0cc-aedd-5c38-8f75-521c7d805628,covers,urn:uuid:4e21b6ff-7e94-5f69-863d-289268dc3cdf,
urn:uuid:a16ea908-ebb6-5f0d-9f91-da7a3262ed0b,relation/unit/bab-2-limit/covers/surface/unit-016/label/013,urn:uuid:38c5c0cc-aedd-5c38-8f75-521c7d805628,covers,urn:uuid:e1faea9f-a7c8-573e-82e2-072fa923ef68,
urn:uuid:c9655fc9-aab2-55de-a443-34639110ec53,relation/unit/bab-2-limit/covers/surface/unit-016/label/014,urn:uuid:38c5c0cc-aedd-5c38-8f75-521c7d805628,covers,urn:uuid:4152b424-6c11-5e7e-9b30-240720425e4f,
urn:uuid:352521b7-849b-5641-86ee-4c938aecf755,relation/unit/bab-2-limit/covers/surface/unit-016/label/015,urn:uuid:38c5c0cc-aedd-5c38-8f75-521c7d805628,covers,urn:uuid:589b4c79-02c1-558c-8192-611ee5ec6d58,
urn:uuid:15cf0369-6405-53df-bf97-784d7b31c593,relation/unit/bab-2-limit/covers/surface/unit-016/label/016,urn:uuid:38c5c0cc-aedd-5c38-8f75-521c7d805628,covers,urn:uuid:da7164cf-9fe9-5662-8969-8ff6e26f6b5e,
urn:uuid:68cfd327-a9ae-5493-aea8-d22649ad9d2c,relation/unit/bab-2-limit/covers/surface/unit-016/label/017,urn:uuid:38c5c0cc-aedd-5c38-8f75-521c7d805628,covers,urn:uuid:694e9d2d-4aaa-532b-b3d7-26d202598274,
urn:uuid:7071a3c5-9c4d-5444-b8ec-c58a7c32c190,relation/unit/bab-2-limit/covers/surface/unit-016/reference/equation/001,urn:uuid:38c5c0cc-aedd-5c38-8f75-521c7d805628,covers,urn:uuid:9e595d56-36f9-5ed7-bc34-1b0b9cfca673,
urn:uuid:34fa4aea-cc26-5cf3-93a5-28bec0ea179f,relation/unit/bab-2-limit/covers/surface/unit-016/reference/equation/002,urn:uuid:38c5c0cc-aedd-5c38-8f75-521c7d805628,covers,urn:uuid:201dc20f-1822-5bf4-a599-2f51145c8339,
urn:uuid:de1acb66-3424-50ea-a560-efce73f5c33a,relation/unit/bab-2-limit/covers/surface/unit-016/reference/equation/003,urn:uuid:38c5c0cc-aedd-5c38-8f75-521c7d805628,covers,urn:uuid:f610db61-cd5f-5d22-ab23-c6dcfacaf8b6,
urn:uuid:4dd529f3-544f-5e24-a231-6e6b696abfaa,relation/unit/bab-2-limit/covers/surface/unit-016/reference/equation/004,urn:uuid:38c5c0cc-aedd-5c38-8f75-521c7d805628,covers,urn:uuid:d2f6ed08-66fa-5949-8c59-a11162c0c5a0,
urn:uuid:84fea592-b52f-522c-a608-ec3d4a846e46,relation/unit/bab-2-limit/covers/surface/unit-016/reference/equation/005,urn:uuid:38c5c0cc-aedd-5c38-8f75-521c7d805628,covers,urn:uuid:66696cb2-f84b-5ef9-b451-c81bcffac8cf,
urn:uuid:6a24cd85-9fee-5f33-b570-7a6a1ae1f518,relation/unit/bab-2-limit/covers/surface/unit-016/reference/equation/006,urn:uuid:38c5c0cc-aedd-5c38-8f75-521c7d805628,covers,urn:uuid:9c237529-93dc-58a0-8417-d6c853494763,
urn:uuid:192f2924-576f-5483-8501-8b104db56e3d,relation/unit/bab-2-limit/covers/surface/unit-016/reference/equation/007,urn:uuid:38c5c0cc-aedd-5c38-8f75-521c7d805628,covers,urn:uuid:1486ea07-e423-55b3-90ea-08f64695a44c,
urn:uuid:1db1aaf8-01f7-5d5c-aa31-a3ee87767391,relation/unit/bab-2-limit/covers/surface/unit-016/reference/ordinary/001,urn:uuid:38c5c0cc-aedd-5c38-8f75-521c7d805628,covers,urn:uuid:1a1a39f4-9559-599a-8d87-7bd86f26b185,
urn:uuid:728b2954-7be5-5c8b-8137-e556b9f34305,relation/unit/bab-2-limit/covers/surface/unit-016/reference/ordinary/002,urn:uuid:38c5c0cc-aedd-5c38-8f75-521c7d805628,covers,urn:uuid:1c6e31d1-dc5e-52d6-a7b3-74a0b12f7d5b,
urn:uuid:961b02b0-e528-5adf-94cf-ebd922a6b73c,relation/unit/bab-2-limit/covers/surface/unit-016/reference/ordinary/003,urn:uuid:38c5c0cc-aedd-5c38-8f75-521c7d805628,covers,urn:uuid:0f2584c4-dab8-5d2d-8b82-e171b5e302fa,
urn:uuid:e5c57839-d0b7-5ad0-bf40-83f70e76520d,relation/unit/bab-2-limit/covers/surface/unit-016/reference/ordinary/004,urn:uuid:38c5c0cc-aedd-5c38-8f75-521c7d805628,covers,urn:uuid:0fe723e2-179b-59de-a20c-01ff4cde7fc1,
urn:uuid:5a4ffa91-3bb9-508c-931e-db12cf8cdc0b,relation/unit/bab-2-limit/covers/surface/unit-016/reference/ordinary/005,urn:uuid:38c5c0cc-aedd-5c38-8f75-521c7d805628,covers,urn:uuid:f906b056-8ffd-55f8-9f59-8b22042bea5f,
urn:uuid:50049ef9-7725-5bd4-a322-c2a86abc7b3f,relation/unit/bab-2-limit/covers/surface/unit-016/reference/ordinary/006,urn:uuid:38c5c0cc-aedd-5c38-8f75-521c7d805628,covers,urn:uuid:a34fc3a9-9e14-5165-93d5-24ea26fe4b46,
urn:uuid:51c0632a-2b43-57f5-b66a-0d265729db92,relation/unit/bab-2-limit/covers/surface/unit-016/reference/ordinary/007,urn:uuid:38c5c0cc-aedd-5c38-8f75-521c7d805628,covers,urn:uuid:3cd79639-8e9d-5ac0-8a70-da41e0104ac7,
urn:uuid:0bb0887a-d5ff-5ddb-9e68-484b6b80c2f5,relation/unit/bab-2-limit/covers/surface/unit-016/reference/ordinary/008,urn:uuid:38c5c0cc-aedd-5c38-8f75-521c7d805628,covers,urn:uuid:2a095445-4656-5ee9-bc36-35eecccf5f06,
urn:uuid:00bfc76b-2212-5f2b-a7ae-f89524d934a2,relation/unit/bab-2-limit/covers/surface/unit-016/reference/ordinary/009,urn:uuid:38c5c0cc-aedd-5c38-8f75-521c7d805628,covers,urn:uuid:7cd1629e-2da0-577b-af7f-c9def60612d5,
urn:uuid:d5df9581-c4a6-5330-97e4-ef3221b870c3,relation/unit/bab-2-limit/covers/surface/unit-016/reference/ordinary/010,urn:uuid:38c5c0cc-aedd-5c38-8f75-521c7d805628,covers,urn:uuid:39b993a7-46ed-522a-894c-62f4d4f93839,
urn:uuid:e554c315-8e2a-5049-b8dc-0bfef8683cfa,relation/unit/bab-2-limit/covers/surface/unit-016/reference/ordinary/011,urn:uuid:38c5c0cc-aedd-5c38-8f75-521c7d805628,covers,urn:uuid:cc1c6b27-f9bc-5af9-92d3-5cc286de4a0c,
urn:uuid:bcfcf57a-1797-5e89-8ba2-a91f2ee76697,relation/unit/bab-2-limit/covers/surface/unit-016/reference/ordinary/012,urn:uuid:38c5c0cc-aedd-5c38-8f75-521c7d805628,covers,urn:uuid:2043613c-41ca-5e00-a21a-335c7851afd4,
urn:uuid:9647c448-4aff-5a4f-9a59-ac35f953bf34,relation/unit/bab-2-limit/covers/surface/unit-016/reference/ordinary/013,urn:uuid:38c5c0cc-aedd-5c38-8f75-521c7d805628,covers,urn:uuid:ecfee0c4-b589-5600-9b58-ffcb6a80b9f4,
urn:uuid:6ad1721a-17b5-5c28-bdd6-c27cb5a37e86,relation/unit/bab-2-limit/covers/surface/unit-016/reference/ordinary/014,urn:uuid:38c5c0cc-aedd-5c38-8f75-521c7d805628,covers,urn:uuid:c4264042-bb8d-5977-9155-1a62e645c12b,
urn:uuid:943dfcb9-a0d9-5a1e-b69e-88d77ae0e209,relation/unit/bab-2-limit/covers/surface/unit-016/reference/ordinary/015,urn:uuid:38c5c0cc-aedd-5c38-8f75-521c7d805628,covers,urn:uuid:fa38f71d-6faa-5cb4-ab48-bc18c79e4ba8,
urn:uuid:7a4cd111-d576-55ee-ba05-b9b5ee6bef61,relation/unit/bab-2-limit/covers/surface/unit-016/reference/ordinary/016,urn:uuid:38c5c0cc-aedd-5c38-8f75-521c7d805628,covers,urn:uuid:db5d22e2-de91-5144-972f-b4366deb0d3b,
urn:uuid:e42f69b5-85fb-51f8-ade6-c4cecb54a0fd,relation/unit/bab-2-limit/covers/surface/unit-016/reference/ordinary/017,urn:uuid:38c5c0cc-aedd-5c38-8f75-521c7d805628,covers,urn:uuid:3be42ebc-69cd-5955-81fc-49cfe9704c40,
urn:uuid:2fb832fb-8762-57f2-a66c-6808506b6ddb,relation/unit/bab-2-limit/covers/surface/unit-016/reference/ordinary/018,urn:uuid:38c5c0cc-aedd-5c38-8f75-521c7d805628,covers,urn:uuid:f32173c4-dcd2-5dd2-a43c-c81eb4ea3dd4,
urn:uuid:ca1aa699-210b-5a95-b3be-3284c9063af8,relation/unit/bab-2-limit/covers/surface/unit-016/reference/ordinary/019,urn:uuid:38c5c0cc-aedd-5c38-8f75-521c7d805628,covers,urn:uuid:c3142796-60fc-5e8d-bb3a-c9a12ff1025b,
urn:uuid:fbb205de-e56a-532c-b8bd-feccb07f7e76,relation/unit/bab-2-limit/covers/surface/unit-016/reference/ordinary/020,urn:uuid:38c5c0cc-aedd-5c38-8f75-521c7d805628,covers,urn:uuid:79744b56-b50e-5c8d-97b4-aca84b9dd329,
urn:uuid:f805cf2c-cf6b-5260-ad75-b2a03df10834,relation/unit/bab-2-limit/covers/surface/unit-016/reference/ordinary/021,urn:uuid:38c5c0cc-aedd-5c38-8f75-521c7d805628,covers,urn:uuid:2239e44b-5aec-5115-91be-5e0ce5c4c08c,
urn:uuid:c4a6ede0-e1e9-52c4-8c85-76fafa3b1e0c,relation/unit/bab-2-limit/governed-by/rights/ajbook-fragment-cc-by-sa-3.0,urn:uuid:38c5c0cc-aedd-5c38-8f75-521c7d805628,governed-by,urn:uuid:10faf5cd-990f-5850-87b4-26922b062485,
urn:uuid:5e2dd748-b400-549d-a119-cfc5589ba1be,relation/unit/bab-2-limit/governed-by/rights/noto-fonts-ofl-1.1,urn:uuid:38c5c0cc-aedd-5c38-8f75-521c7d805628,governed-by,urn:uuid:b9f7a7a7-8e18-507a-b72e-b5de733a7430,
urn:uuid:187ef8b6-a87c-5701-91ed-7dd04a177224,relation/unit/bab-2-limit/governed-by/rights/principal-cc-by-4.0,urn:uuid:38c5c0cc-aedd-5c38-8f75-521c7d805628,governed-by,urn:uuid:0baf6c47-021d-5310-9475-81519e710250,
urn:uuid:3b8d6e03-f002-5fc6-9891-0a91555f7238,relation/unit/bab-2-limit/requires/prerequisite/basic-mathematical-literacy,urn:uuid:38c5c0cc-aedd-5c38-8f75-521c7d805628,requires,urn:uuid:8fb6c957-7285-5258-978c-e1369c7e39d7,prelude.tex:49-60
urn:uuid:0d30779c-7e99-59b5-8bd2-a29a7fda42ee,relation/unit/bab-2-limit/requires/prerequisite/categories-and-morphisms,urn:uuid:38c5c0cc-aedd-5c38-8f75-521c7d805628,requires,urn:uuid:dd69ccfd-7399-53a2-83fe-84127b1baf1d,prelude.tex:49-60
urn:uuid:e1052416-c415-5c3b-be87-55347249496f,relation/unit/bab-2-limit/requires/prerequisite/cauchy-sequences-and-completeness,urn:uuid:38c5c0cc-aedd-5c38-8f75-521c7d805628,requires,urn:uuid:b9018862-5027-50f5-9947-a9a9526cc91f,prelude.tex:49-60
urn:uuid:9ea98db9-76df-5569-9473-f02a8581d112,relation/unit/bab-2-limit/requires/prerequisite/elementary-number-theory,urn:uuid:38c5c0cc-aedd-5c38-8f75-521c7d805628,requires,urn:uuid:cae14762-1ca0-5a11-aad9-20c81d540fee,prelude.tex:49-60
urn:uuid:b8193dd9-3f12-52b9-b2be-d3783a814bfa,relation/unit/bab-2-limit/requires/prerequisite/elementary-set-theory,urn:uuid:38c5c0cc-aedd-5c38-8f75-521c7d805628,requires,urn:uuid:00f7d0ea-1b60-51da-843f-cca760a368e4,prelude.tex:49-60
urn:uuid:53513225-e230-516a-8a03-4e572f14cc36,relation/unit/bab-2-limit/requires/prerequisite/functor-categories,urn:uuid:38c5c0cc-aedd-5c38-8f75-521c7d805628,requires,urn:uuid:e3c2ed29-b6a0-5f8d-9613-6f2b41d962c8,prelude.tex:49-60
urn:uuid:f2c858a4-1dd2-5f4b-85c3-3f3c13f2e04a,relation/unit/bab-2-limit/requires/prerequisite/functors-and-natural-transformations,urn:uuid:38c5c0cc-aedd-5c38-8f75-521c7d805628,requires,urn:uuid:3e864ace-90f6-56b3-8ce5-2e0690dbc9f8,prelude.tex:49-60
urn:uuid:f788e01d-2842-5b40-aa48-5d1d4d33997b,relation/unit/bab-2-limit/requires/prerequisite/linear-transformations,urn:uuid:38c5c0cc-aedd-5c38-8f75-521c7d805628,requires,urn:uuid:9ef76bd8-39cf-5b09-8c2d-2d8c95f91aec,prelude.tex:49-60
urn:uuid:ceb94de5-268b-5a0a-b247-6e6245f974d4,relation/unit/bab-2-limit/requires/prerequisite/mathematical-logic,urn:uuid:38c5c0cc-aedd-5c38-8f75-521c7d805628,requires,urn:uuid:451f60c6-04ab-54a7-9d74-9dee65d088b7,prelude.tex:49-60
urn:uuid:48f4009e-f303-55d9-99b4-d49faae1fc3c,relation/unit/bab-2-limit/requires/prerequisite/matrices,urn:uuid:38c5c0cc-aedd-5c38-8f75-521c7d805628,requires,urn:uuid:d4260077-2f56-5951-8fe1-2dc390f81288,prelude.tex:49-60
urn:uuid:d27b2fa3-1000-5ee0-be9e-21a6dbbca51c,relation/unit/bab-2-limit/requires/prerequisite/permutations-and-symmetric-groups,urn:uuid:38c5c0cc-aedd-5c38-8f75-521c7d805628,requires,urn:uuid:ee7d907b-05bc-5def-81d5-7fcd351829b8,prelude.tex:49-60
urn:uuid:d4caccd3-c39c-5377-88c7-edea501a35be,relation/unit/bab-2-limit/requires/prerequisite/point-set-topology,urn:uuid:38c5c0cc-aedd-5c38-8f75-521c7d805628,requires,urn:uuid:6a61cd7e-28fe-5c64-9573-cf9ab46e5e96,prelude.tex:49-60
urn:uuid:404b39f7-4d49-5b17-8983-25bd7f95ae34,relation/unit/bab-2-limit/requires/prerequisite/polynomials,urn:uuid:38c5c0cc-aedd-5c38-8f75-521c7d805628,requires,urn:uuid:15245348-aca2-5814-9ca8-0fce14044e14,prelude.tex:49-60
urn:uuid:6993356b-91a8-5a5b-8640-c95bdf444844,relation/unit/bab-2-limit/requires/prerequisite/real-analysis-basics,urn:uuid:38c5c0cc-aedd-5c38-8f75-521c7d805628,requires,urn:uuid:4eedb52d-6e0a-5379-b39c-5043b067c49f,prelude.tex:49-60
urn:uuid:1820afac-0b6d-5165-b35b-797b9e23665b,relation/unit/bab-2-limit/requires/prerequisite/representable-functors-and-yoneda,urn:uuid:38c5c0cc-aedd-5c38-8f75-521c7d805628,requires,urn:uuid:9fac54c6-e671-58b9-b840-4799739adb1e,prelude.tex:49-60
urn:uuid:4ba094c2-1e31-5a94-bc15-e7bb674a2df5,relation/unit/bab-2-limit/requires/prerequisite/universal-properties-and-comma-categories,urn:uuid:38c5c0cc-aedd-5c38-8f75-521c7d805628,requires,urn:uuid:8cab24d2-0f78-5bf9-96f8-5b2f2b07168d,prelude.tex:49-60
urn:uuid:53e377f8-0a8c-5c25-99ae-2cd57fa2aa4f,relation/unit/bab-2-limit/requires/prerequisite/vector-spaces,urn:uuid:38c5c0cc-aedd-5c38-8f75-521c7d805628,requires,urn:uuid:dfd6d864-afe6-5d0e-90f7-c130241cf396,prelude.tex:49-60
urn:uuid:f7522f4d-0a82-5af2-8e9d-b753e5b92db8,relation/unit/bab-2-limit/section/limit/cites/citation/unit-016/xiong,urn:uuid:eb305c5b-3c9d-53db-b0f0-f27c41976da0,cites,urn:uuid:2766bffc-2509-576e-8b5b-702182b2b2d7,chapter2.tex:1263
urn:uuid:3b98bc64-651c-5990-aeeb-b90487d842aa,relation/unit/bab-2-limit/section/limit/covers/concept/associativity-constraint,urn:uuid:eb305c5b-3c9d-53db-b0f0-f27c41976da0,covers,urn:uuid:9cdc71d9-0940-555e-a46a-21049ceb1608,chapter2.tex:1111-1405
urn:uuid:81f01f9c-6f1d-57aa-8e66-edaedd4586db,relation/unit/bab-2-limit/section/limit/covers/concept/cocone,urn:uuid:eb305c5b-3c9d-53db-b0f0-f27c41976da0,covers,urn:uuid:28681644-7d79-5b68-847d-5cc4b237d5cf,chapter2.tex:1111-1405
urn:uuid:dcb70804-55c0-5c26-97a5-a2e91ce261a2,relation/unit/bab-2-limit/section/limit/covers/concept/coequalizer,urn:uuid:eb305c5b-3c9d-53db-b0f0-f27c41976da0,covers,urn:uuid:583c6cfd-ca3f-582f-894b-f9f507d74a9a,chapter2.tex:1111-1405
urn:uuid:bea2f270-c9dd-5f4c-bcf2-5ece1ccdebb6,relation/unit/bab-2-limit/section/limit/covers/concept/coequalizer-epimorphism,urn:uuid:eb305c5b-3c9d-53db-b0f0-f27c41976da0,covers,urn:uuid:38455358-191f-513f-aa6c-c2614bd79089,chapter2.tex:1111-1405
urn:uuid:485fd03f-6958-544d-96aa-32a9ea3c8196,relation/unit/bab-2-limit/section/limit/covers/concept/colimit,urn:uuid:eb305c5b-3c9d-53db-b0f0-f27c41976da0,covers,urn:uuid:6cc297a1-7cdc-5b75-9ace-231501c73787,chapter2.tex:1111-1405
urn:uuid:e32d34ea-5521-57e4-b39b-e6bb2237e646,relation/unit/bab-2-limit/section/limit/covers/concept/commutativity-constraint,urn:uuid:eb305c5b-3c9d-53db-b0f0-f27c41976da0,covers,urn:uuid:9704a508-c5a3-5382-b79a-1f9bf0d79413,chapter2.tex:1111-1405
urn:uuid:8eaa4961-ffbe-5080-ba35-1457312b9a02,relation/unit/bab-2-limit/section/limit/covers/concept/cone,urn:uuid:eb305c5b-3c9d-53db-b0f0-f27c41976da0,covers,urn:uuid:3befd72e-af23-5f47-a112-f0a86e1cc38f,chapter2.tex:1111-1405
urn:uuid:59b87c29-66b1-565f-b692-6f500c9a6ffb,relation/unit/bab-2-limit/section/limit/covers/concept/coproduct,urn:uuid:eb305c5b-3c9d-53db-b0f0-f27c41976da0,covers,urn:uuid:e62391b3-cdfd-5b44-a7d0-e25a213dcbfe,chapter2.tex:1111-1405
urn:uuid:f6bfb596-29a2-5578-ae4b-829a15aa1297,relation/unit/bab-2-limit/section/limit/covers/concept/diagonal-functor,urn:uuid:eb305c5b-3c9d-53db-b0f0-f27c41976da0,covers,urn:uuid:571ba114-216f-55a3-8e8a-5d9130fcef21,chapter2.tex:1111-1405
urn:uuid:60b9fca8-52c1-5d73-953f-6af50fe0ac59,relation/unit/bab-2-limit/section/limit/covers/concept/direct-limit,urn:uuid:eb305c5b-3c9d-53db-b0f0-f27c41976da0,covers,urn:uuid:12143142-6a86-56d1-9a62-464e29543417,chapter2.tex:1111-1405
urn:uuid:211bb4dc-9831-5caa-9c21-0ecbe80ca693,relation/unit/bab-2-limit/section/limit/covers/concept/disjoint-union,urn:uuid:eb305c5b-3c9d-53db-b0f0-f27c41976da0,covers,urn:uuid:0828dd6a-fcd1-5c23-b0d8-9d5c7529f6fb,chapter2.tex:1111-1405
urn:uuid:b8fd65a0-c4bc-5e55-8c30-9f35d0cadc2d,relation/unit/bab-2-limit/section/limit/covers/concept/equalizer,urn:uuid:eb305c5b-3c9d-53db-b0f0-f27c41976da0,covers,urn:uuid:0b96f8dd-1a9b-51bd-9895-4c3a9c1c9eee,chapter2.tex:1111-1405
urn:uuid:bd267125-da70-5607-8239-8d61f2808f07,relation/unit/bab-2-limit/section/limit/covers/concept/equalizer-monomorphism,urn:uuid:eb305c5b-3c9d-53db-b0f0-f27c41976da0,covers,urn:uuid:6abd3795-ca9e-50ff-af60-9be952a424d0,chapter2.tex:1111-1405
urn:uuid:84665b03-39e7-5319-8c57-e560c700c6b6,relation/unit/bab-2-limit/section/limit/covers/concept/filtered-category,urn:uuid:eb305c5b-3c9d-53db-b0f0-f27c41976da0,covers,urn:uuid:618cff63-4f60-5b98-9396-896ca8d0bdc8,chapter2.tex:1111-1405
urn:uuid:e174179b-6f66-5251-9f62-3ed6b7d49878,relation/unit/bab-2-limit/section/limit/covers/concept/filtered-colimit,urn:uuid:eb305c5b-3c9d-53db-b0f0-f27c41976da0,covers,urn:uuid:9e9d19cb-cf38-5d69-ad12-492196e1fd25,chapter2.tex:1111-1405
urn:uuid:09507a5a-83a5-5c15-90b6-7135e4eba7e4,relation/unit/bab-2-limit/section/limit/covers/concept/finite-limit,urn:uuid:eb305c5b-3c9d-53db-b0f0-f27c41976da0,covers,urn:uuid:aad41589-5c63-55c7-aed7-9e685dce7251,chapter2.tex:1111-1405
urn:uuid:42f09e7c-cc24-58d3-84e0-336558e285ae,relation/unit/bab-2-limit/section/limit/covers/concept/fubini-limit,urn:uuid:eb305c5b-3c9d-53db-b0f0-f27c41976da0,covers,urn:uuid:508167ff-567f-5f83-9c8c-e5dee1bfe5ad,chapter2.tex:1111-1405
urn:uuid:328b1eb5-4cba-5550-8096-d63e3298edcc,relation/unit/bab-2-limit/section/limit/covers/concept/indexed-limit,urn:uuid:eb305c5b-3c9d-53db-b0f0-f27c41976da0,covers,urn:uuid:8ff37914-cdea-557d-9b1a-18b4f4ce1d39,chapter2.tex:1111-1405
urn:uuid:67f84e33-0a8f-5c0b-b851-d67ea5bad421,relation/unit/bab-2-limit/section/limit/covers/concept/inductive-limit,urn:uuid:eb305c5b-3c9d-53db-b0f0-f27c41976da0,covers,urn:uuid:767c52c4-5caa-5bd5-8c51-014b4e47eebc,chapter2.tex:1111-1405
urn:uuid:e378d091-bec8-5d72-af4d-39537b165180,relation/unit/bab-2-limit/section/limit/covers/concept/initial-object,urn:uuid:eb305c5b-3c9d-53db-b0f0-f27c41976da0,covers,urn:uuid:d3138919-381a-5912-b913-7467c6083ca3,chapter2.tex:1111-1405
urn:uuid:54c76ffd-87ee-5964-b6ee-48d49a9574ac,relation/unit/bab-2-limit/section/limit/covers/concept/inverse-limit,urn:uuid:eb305c5b-3c9d-53db-b0f0-f27c41976da0,covers,urn:uuid:66d7bbee-1e39-5d19-a71a-1a7f415ec55e,chapter2.tex:1111-1405
urn:uuid:4325905b-5e35-5938-a683-4774cdf7baec,relation/unit/bab-2-limit/section/limit/covers/concept/limit-duality,urn:uuid:eb305c5b-3c9d-53db-b0f0-f27c41976da0,covers,urn:uuid:85eb984c-8bd0-5d6a-a934-786ecee2d1fd,chapter2.tex:1111-1405
urn:uuid:2432d7bb-e9b3-5bcf-b817-77de1a49900a,relation/unit/bab-2-limit/section/limit/covers/concept/limit-functoriality,urn:uuid:eb305c5b-3c9d-53db-b0f0-f27c41976da0,covers,urn:uuid:783da33d-002a-547a-8f61-d8d6d25bbead,chapter2.tex:1111-1405
urn:uuid:415d1ee9-835a-5ba3-9803-f6515139761b,relation/unit/bab-2-limit/section/limit/covers/concept/pointwise-limit,urn:uuid:eb305c5b-3c9d-53db-b0f0-f27c41976da0,covers,urn:uuid:7f4d9c45-4d42-5b0e-ad98-2ab3f23e4a05,chapter2.tex:1111-1405
urn:uuid:6fcc7fd6-ffa9-5a8f-a067-d219bfc50884,relation/unit/bab-2-limit/section/limit/covers/concept/product,urn:uuid:eb305c5b-3c9d-53db-b0f0-f27c41976da0,covers,urn:uuid:cd552f29-06ce-5025-92b9-ae3543b57991,chapter2.tex:1111-1405
urn:uuid:c9868453-54e1-5f37-8e07-b8f88e9d0c99,relation/unit/bab-2-limit/section/limit/covers/concept/projective-limit,urn:uuid:eb305c5b-3c9d-53db-b0f0-f27c41976da0,covers,urn:uuid:ceef170a-3594-5f79-babf-fe10ddf591b7,chapter2.tex:1111-1405
urn:uuid:5d145321-b384-5b91-9c73-77ae7b63fce7,relation/unit/bab-2-limit/section/limit/covers/concept/quotient-topology,urn:uuid:eb305c5b-3c9d-53db-b0f0-f27c41976da0,covers,urn:uuid:c529009f-73d0-545b-9521-c0920368d3d6,chapter2.tex:1111-1405
urn:uuid:a34c7d24-d89c-5077-9bf2-a2c48461af7e,relation/unit/bab-2-limit/section/limit/covers/concept/representability-of-limits,urn:uuid:eb305c5b-3c9d-53db-b0f0-f27c41976da0,covers,urn:uuid:0e09661e-2615-55ce-aef1-ec4d6f600053,chapter2.tex:1111-1405
urn:uuid:55e46d4f-61aa-50fa-b154-179ec9efc2c6,relation/unit/bab-2-limit/section/limit/covers/concept/set-valued-limit,urn:uuid:eb305c5b-3c9d-53db-b0f0-f27c41976da0,covers,urn:uuid:cb9542a7-ecda-56f9-9c4d-5de2a0b0eae4,chapter2.tex:1111-1405
urn:uuid:481fe46a-5c02-5d4e-b2d0-1f7d134b2399,relation/unit/bab-2-limit/section/limit/covers/concept/small-category,urn:uuid:eb305c5b-3c9d-53db-b0f0-f27c41976da0,covers,urn:uuid:b21465f0-0c7b-5426-8cdd-1043376b33a7,chapter2.tex:1111-1405
urn:uuid:3e1e4c9f-c08f-5c91-8aea-90f6d6dac783,relation/unit/bab-2-limit/section/limit/covers/concept/subspace-topology,urn:uuid:eb305c5b-3c9d-53db-b0f0-f27c41976da0,covers,urn:uuid:829aadcf-9292-5e66-9b98-40cca32bb490,chapter2.tex:1111-1405
urn:uuid:d926ede9-ce93-5ca2-bc99-c28f16056695,relation/unit/bab-2-limit/section/limit/covers/concept/terminal-object,urn:uuid:eb305c5b-3c9d-53db-b0f0-f27c41976da0,covers,urn:uuid:549f5df0-9fbb-5028-b4da-e81f9e13604d,chapter2.tex:1111-1405
urn:uuid:136300ec-0869-55af-b00d-19874654d28c,relation/unit/bab-2-limit/section/limit/covers/concept/universal-property-of-limits,urn:uuid:eb305c5b-3c9d-53db-b0f0-f27c41976da0,covers,urn:uuid:d4d6dc0a-b8b7-563c-845d-e92b360bf14a,chapter2.tex:1111-1405
urn:uuid:a3c15cc4-d269-51b0-b82d-a1add90f33b3,relation/unit/bab-2-limit/section/limit/covers/correction/o013-li-u016-cor-001,urn:uuid:eb305c5b-3c9d-53db-b0f0-f27c41976da0,covers,urn:uuid:940157cd-7c24-5c2a-9fff-b7572fdb6a26,chapter2.tex:1111-1405
urn:uuid:2549fa75-bd80-5917-b232-1a8fb8764038,relation/unit/bab-2-limit/section/limit/covers/correction/o013-li-u016-cor-002,urn:uuid:eb305c5b-3c9d-53db-b0f0-f27c41976da0,covers,urn:uuid:c6a35b69-5b1c-5be8-9a29-e97d30b4c4aa,chapter2.tex:1111-1405
urn:uuid:dad8a193-bbd0-5236-8f45-82470be6361b,relation/unit/bab-2-limit/section/limit/covers/correction/o013-li-u016-cor-003,urn:uuid:eb305c5b-3c9d-53db-b0f0-f27c41976da0,covers,urn:uuid:21064cb8-19a3-5d28-8fab-d760dec00b50,chapter2.tex:1111-1405
urn:uuid:018db609-3c32-533f-88c5-572f5e47ea32,relation/unit/bab-2-limit/section/limit/covers/surface/unit-016/formula/display-bracket/001,urn:uuid:eb305c5b-3c9d-53db-b0f0-f27c41976da0,covers,urn:uuid:ced261b6-8b21-570c-b025-17465948f55d,chapter2.tex:1111-1405
urn:uuid:5861b206-6ee9-55f8-83dd-343cb7c5e781,relation/unit/bab-2-limit/section/limit/covers/surface/unit-016/formula/display-bracket/002,urn:uuid:eb305c5b-3c9d-53db-b0f0-f27c41976da0,covers,urn:uuid:e2a413e4-b732-57e3-9d8d-c08a78104645,chapter2.tex:1111-1405
urn:uuid:2e407b01-935b-52cd-93c3-0d8abb4feeb0,relation/unit/bab-2-limit/section/limit/covers/surface/unit-016/formula/display-bracket/003,urn:uuid:eb305c5b-3c9d-53db-b0f0-f27c41976da0,covers,urn:uuid:8dfe3d0b-793a-5dfe-97ee-1669f8cb4c4f,chapter2.tex:1111-1405
urn:uuid:6ca9d5e0-a6d3-5cbe-8e9d-6d5b036ad3ac,relation/unit/bab-2-limit/section/limit/covers/surface/unit-016/formula/display-bracket/004,urn:uuid:eb305c5b-3c9d-53db-b0f0-f27c41976da0,covers,urn:uuid:2fe58494-aaea-5be5-a418-5e4d1ba225ff,chapter2.tex:1111-1405
urn:uuid:42747c53-53ff-52c3-a427-7971be94cc1d,relation/unit/bab-2-limit/section/limit/covers/surface/unit-016/formula/display-bracket/005,urn:uuid:eb305c5b-3c9d-53db-b0f0-f27c41976da0,covers,urn:uuid:9ce7896c-05c3-51df-9eaa-0175f1bbf2b8,chapter2.tex:1111-1405
urn:uuid:85b21126-e8eb-5dc6-8eaa-8c38a56a7b81,relation/unit/bab-2-limit/section/limit/covers/surface/unit-016/formula/display-bracket/006,urn:uuid:eb305c5b-3c9d-53db-b0f0-f27c41976da0,covers,urn:uuid:d094ef74-dd8d-575e-8e57-71418f9113b4,chapter2.tex:1111-1405
urn:uuid:3ebbe89e-0cf4-5c5a-b362-a01c0e23ac38,relation/unit/bab-2-limit/section/limit/covers/surface/unit-016/formula/display-bracket/007,urn:uuid:eb305c5b-3c9d-53db-b0f0-f27c41976da0,covers,urn:uuid:273bfbe4-3384-53e6-b72c-e44e54c7d0da,chapter2.tex:1111-1405
urn:uuid:69fb5e20-d64d-5d8d-9b90-0fe91e7ef8e3,relation/unit/bab-2-limit/section/limit/covers/surface/unit-016/formula/display-bracket/008,urn:uuid:eb305c5b-3c9d-53db-b0f0-f27c41976da0,covers,urn:uuid:b15ebb36-c5fa-5e45-ba45-c0aeef4c74d4,chapter2.tex:1111-1405
urn:uuid:20b1d7b3-71c5-5ceb-a80a-655c9890f73f,relation/unit/bab-2-limit/section/limit/covers/surface/unit-016/formula/display-bracket/009,urn:uuid:eb305c5b-3c9d-53db-b0f0-f27c41976da0,covers,urn:uuid:b731301e-c4a6-5a74-8b0f-f60be58da469,chapter2.tex:1111-1405
urn:uuid:e394138a-0b1a-5d3e-9a24-a06aa9639a44,relation/unit/bab-2-limit/section/limit/covers/surface/unit-016/formula/display-bracket/010,urn:uuid:eb305c5b-3c9d-53db-b0f0-f27c41976da0,covers,urn:uuid:98db33ba-1fe5-5461-9f1a-e4f38c57d7e2,chapter2.tex:1111-1405
urn:uuid:beb04e58-1777-51e2-9f8b-8149b8d40dbf,relation/unit/bab-2-limit/section/limit/covers/surface/unit-016/formula/display-bracket/011,urn:uuid:eb305c5b-3c9d-53db-b0f0-f27c41976da0,covers,urn:uuid:50988413-b7c1-5af3-a781-271f6509e812,chapter2.tex:1111-1405
urn:uuid:a81104e2-d305-55e2-9697-a6080de91c90,relation/unit/bab-2-limit/section/limit/covers/surface/unit-016/formula/display-bracket/012,urn:uuid:eb305c5b-3c9d-53db-b0f0-f27c41976da0,covers,urn:uuid:77e6f452-0780-50d3-be2f-d72c502e1ca1,chapter2.tex:1111-1405
urn:uuid:6386b46c-f120-5079-8740-45c49214a448,relation/unit/bab-2-limit/section/limit/covers/surface/unit-016/formula/display-environment/001,urn:uuid:eb305c5b-3c9d-53db-b0f0-f27c41976da0,covers,urn:uuid:2bcc8287-1e45-58ad-ad73-dd66c2142919,chapter2.tex:1111-1405
urn:uuid:1f1c9d2b-130e-5ec0-a66f-565450965d27,relation/unit/bab-2-limit/section/limit/covers/surface/unit-016/formula/display-environment/002,urn:uuid:eb305c5b-3c9d-53db-b0f0-f27c41976da0,covers,urn:uuid:85aa301e-e8c8-5e4e-ad32-f37c78ad4d2a,chapter2.tex:1111-1405
urn:uuid:7be87a30-4162-5ade-8242-47c949725a8e,relation/unit/bab-2-limit/section/limit/covers/surface/unit-016/formula/display-environment/003,urn:uuid:eb305c5b-3c9d-53db-b0f0-f27c41976da0,covers,urn:uuid:cddc2cc7-091e-5c30-8054-9aac73c3de9a,chapter2.tex:1111-1405
urn:uuid:98f4e610-fa38-56c3-b472-9b683ad5822a,relation/unit/bab-2-limit/section/limit/covers/surface/unit-016/formula/display-environment/004,urn:uuid:eb305c5b-3c9d-53db-b0f0-f27c41976da0,covers,urn:uuid:683bffef-00a4-5e32-abd9-bd8b43a979d2,chapter2.tex:1111-1405
urn:uuid:6840f0d0-35df-5cf2-a09c-355f1fa47642,relation/unit/bab-2-limit/section/limit/covers/surface/unit-016/formula/display-environment/005,urn:uuid:eb305c5b-3c9d-53db-b0f0-f27c41976da0,covers,urn:uuid:0bf55b7a-36ff-5ec3-bca0-6b2985753339,chapter2.tex:1111-1405
urn:uuid:8770fe81-7f4c-51e5-8b34-b40004082ec8,relation/unit/bab-2-limit/section/limit/covers/surface/unit-016/formula/display-environment/006,urn:uuid:eb305c5b-3c9d-53db-b0f0-f27c41976da0,covers,urn:uuid:c56bdef2-19e6-5a60-9f8b-79928605e38f,chapter2.tex:1111-1405
urn:uuid:3ca027a1-3dad-5b4c-85ed-ec0ad8ef60fe,relation/unit/bab-2-limit/section/limit/covers/surface/unit-016/formula/display-environment/007,urn:uuid:eb305c5b-3c9d-53db-b0f0-f27c41976da0,covers,urn:uuid:d7e67f5e-ac1c-548d-abf0-2ac0813dc2cf,chapter2.tex:1111-1405
urn:uuid:964b41f0-0746-5d22-b4a1-9a94ffc8adbc,relation/unit/bab-2-limit/section/limit/covers/surface/unit-016/formula/display-environment/008,urn:uuid:eb305c5b-3c9d-53db-b0f0-f27c41976da0,covers,urn:uuid:df25436a-57d9-51e9-a7e1-e52845ba5d81,chapter2.tex:1111-1405
urn:uuid:a8040a6a-8b14-5a1c-95c8-e107aa420502,relation/unit/bab-2-limit/section/limit/covers/surface/unit-016/formula/display-environment/009,urn:uuid:eb305c5b-3c9d-53db-b0f0-f27c41976da0,covers,urn:uuid:ede6b104-71bb-55b2-a4d3-d5fcbf25eb88,chapter2.tex:1111-1405
urn:uuid:07c922bc-0198-572f-a90b-2697917ca57a,relation/unit/bab-2-limit/section/limit/covers/surface/unit-016/formula/display-environment/010,urn:uuid:eb305c5b-3c9d-53db-b0f0-f27c41976da0,covers,urn:uuid:ad4c7069-78aa-515d-8b84-156372b6e662,chapter2.tex:1111-1405
urn:uuid:f2ebae6d-1516-5930-8597-19c778ddce12,relation/unit/bab-2-limit/section/limit/covers/surface/unit-016/formula/display-environment/011,urn:uuid:eb305c5b-3c9d-53db-b0f0-f27c41976da0,covers,urn:uuid:c4aeffb3-8e3b-5626-b950-3d14d72a3623,chapter2.tex:1111-1405
urn:uuid:d037beff-3118-574d-8e44-ee5e02719420,relation/unit/bab-2-limit/section/limit/covers/surface/unit-016/formula/display-environment/012,urn:uuid:eb305c5b-3c9d-53db-b0f0-f27c41976da0,covers,urn:uuid:f675b774-fb32-5726-a9ce-6ceee11d8d5a,chapter2.tex:1111-1405
urn:uuid:c296afb0-96f1-5b74-94fa-8ec677a48ec5,relation/unit/bab-2-limit/section/limit/covers/surface/unit-016/formula/display-environment/013,urn:uuid:eb305c5b-3c9d-53db-b0f0-f27c41976da0,covers,urn:uuid:6d4458a4-9225-534d-8fa0-2daf4b3d7373,chapter2.tex:1111-1405
urn:uuid:b13e3001-9d66-5bda-92aa-d703e18c25e2,relation/unit/bab-2-limit/section/limit/covers/surface/unit-016/formula/display-environment/014,urn:uuid:eb305c5b-3c9d-53db-b0f0-f27c41976da0,covers,urn:uuid:446d3f6b-a319-58ae-9836-7083b0bac482,chapter2.tex:1111-1405
urn:uuid:5ff79939-86f3-5bee-8342-c1ecbf4c9ffe,relation/unit/bab-2-limit/section/limit/covers/surface/unit-016/formula/inline/001,urn:uuid:eb305c5b-3c9d-53db-b0f0-f27c41976da0,covers,urn:uuid:43f6fd09-9e24-5881-9c72-58cbdc958f02,chapter2.tex:1111-1405
urn:uuid:55a7bfab-8cc1-5842-804c-4124def71dc7,relation/unit/bab-2-limit/section/limit/covers/surface/unit-016/formula/inline/002,urn:uuid:eb305c5b-3c9d-53db-b0f0-f27c41976da0,covers,urn:uuid:822c4f4b-cdb3-59b5-8c36-8247cc468baa,chapter2.tex:1111-1405
urn:uuid:030c1e54-c50c-5bf0-a8a6-049c35ff9d6e,relation/unit/bab-2-limit/section/limit/covers/surface/unit-016/formula/inline/003,urn:uuid:eb305c5b-3c9d-53db-b0f0-f27c41976da0,covers,urn:uuid:d5d1d039-723b-526c-8ddd-9276595ec3b4,chapter2.tex:1111-1405
urn:uuid:d80df360-b0c9-5a4d-ad0d-a1587f6515e0,relation/unit/bab-2-limit/section/limit/covers/surface/unit-016/formula/inline/004,urn:uuid:eb305c5b-3c9d-53db-b0f0-f27c41976da0,covers,urn:uuid:07ec2451-6be6-564b-b70d-3f6bc0336005,chapter2.tex:1111-1405
urn:uuid:e422cf47-19ec-55c4-8892-f11a449a4fce,relation/unit/bab-2-limit/section/limit/covers/surface/unit-016/formula/inline/005,urn:uuid:eb305c5b-3c9d-53db-b0f0-f27c41976da0,covers,urn:uuid:dfe2a97c-9406-539e-b2d3-45383a9481b3,chapter2.tex:1111-1405
urn:uuid:546f6474-136d-5c63-b848-3f6d8253b994,relation/unit/bab-2-limit/section/limit/covers/surface/unit-016/formula/inline/006,urn:uuid:eb305c5b-3c9d-53db-b0f0-f27c41976da0,covers,urn:uuid:2cb02b92-9dc2-55a5-8f9d-fb0c132e1c57,chapter2.tex:1111-1405
urn:uuid:0f78fae1-57ba-5f3d-a9bc-818a02fad0fe,relation/unit/bab-2-limit/section/limit/covers/surface/unit-016/formula/inline/007,urn:uuid:eb305c5b-3c9d-53db-b0f0-f27c41976da0,covers,urn:uuid:abeb651a-67b0-55de-be9c-1bbb88163e70,chapter2.tex:1111-1405
urn:uuid:0fe24864-dfa0-5283-b271-3e23fee793e4,relation/unit/bab-2-limit/section/limit/covers/surface/unit-016/formula/inline/008,urn:uuid:eb305c5b-3c9d-53db-b0f0-f27c41976da0,covers,urn:uuid:5207a66c-d71a-59b4-ada5-3cc768c28cb7,chapter2.tex:1111-1405
urn:uuid:96901c1e-7ceb-5152-be67-413b955c3211,relation/unit/bab-2-limit/section/limit/covers/surface/unit-016/formula/inline/009,urn:uuid:eb305c5b-3c9d-53db-b0f0-f27c41976da0,covers,urn:uuid:119ad899-abf2-50b9-b918-ec6a4cefa9d1,chapter2.tex:1111-1405
urn:uuid:9d8c47dc-a44b-53d5-8c0e-2c2669b0fe44,relation/unit/bab-2-limit/section/limit/covers/surface/unit-016/formula/inline/010,urn:uuid:eb305c5b-3c9d-53db-b0f0-f27c41976da0,covers,urn:uuid:bcd67893-c896-5c08-a0cb-b3c183b3370d,chapter2.tex:1111-1405
urn:uuid:1d5e1ed9-6c05-539a-9a00-f637c6abc842,relation/unit/bab-2-limit/section/limit/covers/surface/unit-016/formula/inline/011,urn:uuid:eb305c5b-3c9d-53db-b0f0-f27c41976da0,covers,urn:uuid:14421331-9258-5314-879e-9cdc726b769c,chapter2.tex:1111-1405
urn:uuid:777777da-bbcb-5143-bb93-d467975c1ae1,relation/unit/bab-2-limit/section/limit/covers/surface/unit-016/formula/inline/012,urn:uuid:eb305c5b-3c9d-53db-b0f0-f27c41976da0,covers,urn:uuid:f7178c39-c539-5b73-ba19-7622d64d58d5,chapter2.tex:1111-1405
urn:uuid:bc51c203-fe81-5582-9688-eba260133106,relation/unit/bab-2-limit/section/limit/covers/surface/unit-016/formula/inline/013,urn:uuid:eb305c5b-3c9d-53db-b0f0-f27c41976da0,covers,urn:uuid:95aa08ca-8284-5c2f-9dc2-fc04c9b05fdc,chapter2.tex:1111-1405
urn:uuid:99de54fa-edc9-5366-bc92-05246dc05f05,relation/unit/bab-2-limit/section/limit/covers/surface/unit-016/formula/inline/014,urn:uuid:eb305c5b-3c9d-53db-b0f0-f27c41976da0,covers,urn:uuid:a45a8dec-f3d4-581d-b7b2-a3d576afdfbe,chapter2.tex:1111-1405
urn:uuid:834b8b3f-a800-58be-bbc5-9feb191f0ea1,relation/unit/bab-2-limit/section/limit/covers/surface/unit-016/formula/inline/015,urn:uuid:eb305c5b-3c9d-53db-b0f0-f27c41976da0,covers,urn:uuid:9b70a922-2ee3-59fd-a3a1-29e81531a9ee,chapter2.tex:1111-1405
urn:uuid:001a5d06-03fd-50b5-8ce1-7d83938cbdc3,relation/unit/bab-2-limit/section/limit/covers/surface/unit-016/formula/inline/016,urn:uuid:eb305c5b-3c9d-53db-b0f0-f27c41976da0,covers,urn:uuid:62a0060e-3abf-5d42-b0b8-7e1ceb583373,chapter2.tex:1111-1405
urn:uuid:8c46b405-81d0-5096-9bb9-42f9663b7cd1,relation/unit/bab-2-limit/section/limit/covers/surface/unit-016/formula/inline/017,urn:uuid:eb305c5b-3c9d-53db-b0f0-f27c41976da0,covers,urn:uuid:d9ebd9ad-0a79-5a00-aef0-c1fbc79f8bf5,chapter2.tex:1111-1405
urn:uuid:cefd8e14-3698-5af0-879d-349a5d1a2e6a,relation/unit/bab-2-limit/section/limit/covers/surface/unit-016/formula/inline/018,urn:uuid:eb305c5b-3c9d-53db-b0f0-f27c41976da0,covers,urn:uuid:a3a11fbc-67e8-5cf5-8dd2-4bc0ad3ec5d1,chapter2.tex:1111-1405
urn:uuid:30aca527-38de-588c-99a9-f568791e9362,relation/unit/bab-2-limit/section/limit/covers/surface/unit-016/formula/inline/019,urn:uuid:eb305c5b-3c9d-53db-b0f0-f27c41976da0,covers,urn:uuid:12d9c98a-d892-576e-b4ef-8590619715ee,chapter2.tex:1111-1405
urn:uuid:32b752bb-43e0-5e21-abcf-319a602ed4b1,relation/unit/bab-2-limit/section/limit/covers/surface/unit-016/formula/inline/020,urn:uuid:eb305c5b-3c9d-53db-b0f0-f27c41976da0,covers,urn:uuid:8686600b-f3e9-524c-98bf-01660e014526,chapter2.tex:1111-1405
urn:uuid:4938f1ff-57c6-5720-a0bb-d506309876f1,relation/unit/bab-2-limit/section/limit/covers/surface/unit-016/formula/inline/021,urn:uuid:eb305c5b-3c9d-53db-b0f0-f27c41976da0,covers,urn:uuid:cc6d4d40-1d17-5479-89f2-3f649ccacfa6,chapter2.tex:1111-1405
urn:uuid:fe85ed5c-8f3d-5a4f-8504-7e7ed8b1eac6,relation/unit/bab-2-limit/section/limit/covers/surface/unit-016/formula/inline/022,urn:uuid:eb305c5b-3c9d-53db-b0f0-f27c41976da0,covers,urn:uuid:e1a601c6-38b0-5da0-bc90-58dc3ae45b17,chapter2.tex:1111-1405
urn:uuid:b439304b-ebb2-5d18-b30f-0076e7019748,relation/unit/bab-2-limit/section/limit/covers/surface/unit-016/formula/inline/023,urn:uuid:eb305c5b-3c9d-53db-b0f0-f27c41976da0,covers,urn:uuid:bdb00e07-abdf-55cb-bc53-a2f3b412ccde,chapter2.tex:1111-1405
urn:uuid:cacaa782-7452-5057-8a99-59e9d58825ba,relation/unit/bab-2-limit/section/limit/covers/surface/unit-016/formula/inline/024,urn:uuid:eb305c5b-3c9d-53db-b0f0-f27c41976da0,covers,urn:uuid:3ea044b5-7a80-5cfd-bcf5-dae59915ed53,chapter2.tex:1111-1405
urn:uuid:9079f863-bd42-501e-85be-1032d0be686a,relation/unit/bab-2-limit/section/limit/covers/surface/unit-016/formula/inline/025,urn:uuid:eb305c5b-3c9d-53db-b0f0-f27c41976da0,covers,urn:uuid:bdaec81b-5317-5fed-a0b1-5168b2c5d378,chapter2.tex:1111-1405
urn:uuid:42f98405-a515-5bc8-896d-af1df32f560d,relation/unit/bab-2-limit/section/limit/covers/surface/unit-016/formula/inline/026,urn:uuid:eb305c5b-3c9d-53db-b0f0-f27c41976da0,covers,urn:uuid:7be5406a-d5fa-5f3f-a073-c76daae43dc8,chapter2.tex:1111-1405
urn:uuid:a80f5a82-6006-5171-b6eb-98b330e68f85,relation/unit/bab-2-limit/section/limit/covers/surface/unit-016/formula/inline/027,urn:uuid:eb305c5b-3c9d-53db-b0f0-f27c41976da0,covers,urn:uuid:acf088c7-da8e-5bda-bc68-6f9936d0db23,chapter2.tex:1111-1405
urn:uuid:97671017-b38a-56f3-870a-1beab05c92e6,relation/unit/bab-2-limit/section/limit/covers/surface/unit-016/formula/inline/028,urn:uuid:eb305c5b-3c9d-53db-b0f0-f27c41976da0,covers,urn:uuid:34c0902a-128e-5411-a4cc-e4483dea1ee8,chapter2.tex:1111-1405
urn:uuid:3b4dc8f5-c42a-5fd9-bb23-1e2efbd94cf0,relation/unit/bab-2-limit/section/limit/covers/surface/unit-016/formula/inline/029,urn:uuid:eb305c5b-3c9d-53db-b0f0-f27c41976da0,covers,urn:uuid:320fccd2-3d2e-5112-ae0f-a547b3ec6d88,chapter2.tex:1111-1405
urn:uuid:30d3624a-06cc-5e9f-9b07-1d476c675d54,relation/unit/bab-2-limit/section/limit/covers/surface/unit-016/formula/inline/030,urn:uuid:eb305c5b-3c9d-53db-b0f0-f27c41976da0,covers,urn:uuid:118a93d3-e1a2-5b27-bf6c-d0567d2f2830,chapter2.tex:1111-1405
urn:uuid:c331308f-9a8e-542d-8759-301e7de2379f,relation/unit/bab-2-limit/section/limit/covers/surface/unit-016/formula/inline/031,urn:uuid:eb305c5b-3c9d-53db-b0f0-f27c41976da0,covers,urn:uuid:181c363d-da5d-5100-95b5-8aad382fb73e,chapter2.tex:1111-1405
urn:uuid:60f05b8e-8322-5525-b90b-0aa844eded80,relation/unit/bab-2-limit/section/limit/covers/surface/unit-016/formula/inline/032,urn:uuid:eb305c5b-3c9d-53db-b0f0-f27c41976da0,covers,urn:uuid:7371e20a-e77c-5a26-8fd3-0babda311f41,chapter2.tex:1111-1405
urn:uuid:2fd788d4-f1bd-5a74-929b-313bed119c6b,relation/unit/bab-2-limit/section/limit/covers/surface/unit-016/formula/inline/033,urn:uuid:eb305c5b-3c9d-53db-b0f0-f27c41976da0,covers,urn:uuid:0f2a5278-aa1a-5f3a-ac82-4c8d0035a7c6,chapter2.tex:1111-1405
urn:uuid:9a3e3ece-5578-5704-857e-8d5cc64c21cf,relation/unit/bab-2-limit/section/limit/covers/surface/unit-016/formula/inline/034,urn:uuid:eb305c5b-3c9d-53db-b0f0-f27c41976da0,covers,urn:uuid:bf60000b-d49e-585e-9698-5c24aae2c1f6,chapter2.tex:1111-1405
urn:uuid:3b5e715a-9408-578d-9efa-1260134508f9,relation/unit/bab-2-limit/section/limit/covers/surface/unit-016/formula/inline/035,urn:uuid:eb305c5b-3c9d-53db-b0f0-f27c41976da0,covers,urn:uuid:bcf0a723-fd4a-515d-b211-0466c2031c4f,chapter2.tex:1111-1405
urn:uuid:2ea3f1c4-ac1a-59ac-a523-fbecfc9084f5,relation/unit/bab-2-limit/section/limit/covers/surface/unit-016/formula/inline/036,urn:uuid:eb305c5b-3c9d-53db-b0f0-f27c41976da0,covers,urn:uuid:5655272a-dfd7-5359-a009-d314570be0fb,chapter2.tex:1111-1405
urn:uuid:faa485aa-30cc-53e1-86a2-53c67b0e87d0,relation/unit/bab-2-limit/section/limit/covers/surface/unit-016/formula/inline/037,urn:uuid:eb305c5b-3c9d-53db-b0f0-f27c41976da0,covers,urn:uuid:4e7f9766-f66a-5f10-84c8-8369a9379de3,chapter2.tex:1111-1405
urn:uuid:8ad051ed-3616-52b5-8114-bb70b1dc20b7,relation/unit/bab-2-limit/section/limit/covers/surface/unit-016/formula/inline/038,urn:uuid:eb305c5b-3c9d-53db-b0f0-f27c41976da0,covers,urn:uuid:d16dcf19-97f1-5468-923c-532476580786,chapter2.tex:1111-1405
urn:uuid:fbddc935-5613-5caf-9faa-748c44f234e1,relation/unit/bab-2-limit/section/limit/covers/surface/unit-016/formula/inline/039,urn:uuid:eb305c5b-3c9d-53db-b0f0-f27c41976da0,covers,urn:uuid:e9d5a25d-321e-5958-b1c6-9b30e329c6c0,chapter2.tex:1111-1405
urn:uuid:2e0c8c50-bb00-5c89-97bc-a845bedf0f07,relation/unit/bab-2-limit/section/limit/covers/surface/unit-016/formula/inline/040,urn:uuid:eb305c5b-3c9d-53db-b0f0-f27c41976da0,covers,urn:uuid:62ef4a59-e7a6-54d5-bd33-c9426c50725f,chapter2.tex:1111-1405
urn:uuid:04057897-8e3a-5775-991e-368a5532ca62,relation/unit/bab-2-limit/section/limit/covers/surface/unit-016/formula/inline/041,urn:uuid:eb305c5b-3c9d-53db-b0f0-f27c41976da0,covers,urn:uuid:a4e8f1c9-e115-54f5-a79d-3de8b521f4ba,chapter2.tex:1111-1405
urn:uuid:c2935927-30fb-5bef-a8d8-553f0c47fd0f,relation/unit/bab-2-limit/section/limit/covers/surface/unit-016/formula/inline/042,urn:uuid:eb305c5b-3c9d-53db-b0f0-f27c41976da0,covers,urn:uuid:264d3e0b-f06f-5bfe-b20c-d0a6e2931443,chapter2.tex:1111-1405
urn:uuid:e4fa411a-948e-50f9-a8da-e441ba7bcdff,relation/unit/bab-2-limit/section/limit/covers/surface/unit-016/formula/inline/043,urn:uuid:eb305c5b-3c9d-53db-b0f0-f27c41976da0,covers,urn:uuid:4bdfc59f-a650-5135-b3bf-6bef35f90cad,chapter2.tex:1111-1405
urn:uuid:943595d8-a86e-58e6-9019-9a876895ba0b,relation/unit/bab-2-limit/section/limit/covers/surface/unit-016/formula/inline/044,urn:uuid:eb305c5b-3c9d-53db-b0f0-f27c41976da0,covers,urn:uuid:d3d37ace-c2a3-5324-adeb-aace9c58ac46,chapter2.tex:1111-1405
urn:uuid:78efd7f7-8e33-5136-b757-a80cfc43791e,relation/unit/bab-2-limit/section/limit/covers/surface/unit-016/formula/inline/045,urn:uuid:eb305c5b-3c9d-53db-b0f0-f27c41976da0,covers,urn:uuid:98979067-9d21-550f-9a51-b8ba33527423,chapter2.tex:1111-1405
urn:uuid:03863f3a-fc8e-5095-99c0-48e8820cf3e4,relation/unit/bab-2-limit/section/limit/covers/surface/unit-016/formula/inline/046,urn:uuid:eb305c5b-3c9d-53db-b0f0-f27c41976da0,covers,urn:uuid:90905079-d9e1-541c-9f72-a77d308c392f,chapter2.tex:1111-1405
urn:uuid:4c243035-dcc5-5cb4-bb08-197871bf280a,relation/unit/bab-2-limit/section/limit/covers/surface/unit-016/formula/inline/047,urn:uuid:eb305c5b-3c9d-53db-b0f0-f27c41976da0,covers,urn:uuid:6bcaedc7-ae53-563f-8393-cfaf674d1376,chapter2.tex:1111-1405
urn:uuid:75b366e5-e4d4-5e4f-9f10-e79023f8b4a0,relation/unit/bab-2-limit/section/limit/covers/surface/unit-016/formula/inline/048,urn:uuid:eb305c5b-3c9d-53db-b0f0-f27c41976da0,covers,urn:uuid:17824121-5996-5e6a-aa0b-c4f71296d923,chapter2.tex:1111-1405
urn:uuid:efcedb59-b773-5df7-b670-755bea39da84,relation/unit/bab-2-limit/section/limit/covers/surface/unit-016/formula/inline/049,urn:uuid:eb305c5b-3c9d-53db-b0f0-f27c41976da0,covers,urn:uuid:1363d928-0295-5baf-92b5-db0539aff821,chapter2.tex:1111-1405
urn:uuid:5bbf37fb-5cf4-525a-9d37-596f56f17d6f,relation/unit/bab-2-limit/section/limit/covers/surface/unit-016/formula/inline/050,urn:uuid:eb305c5b-3c9d-53db-b0f0-f27c41976da0,covers,urn:uuid:734dbc49-ba9f-5d60-bbb7-d90f6fc09fc6,chapter2.tex:1111-1405
urn:uuid:5cee3048-7bb4-5f01-8e9a-9e76f341d798,relation/unit/bab-2-limit/section/limit/covers/surface/unit-016/formula/inline/051,urn:uuid:eb305c5b-3c9d-53db-b0f0-f27c41976da0,covers,urn:uuid:8c9e08b0-d713-5339-972a-ca51c158dfa2,chapter2.tex:1111-1405
urn:uuid:38ff5746-3030-53ac-a67a-942bffdcda5a,relation/unit/bab-2-limit/section/limit/covers/surface/unit-016/formula/inline/052,urn:uuid:eb305c5b-3c9d-53db-b0f0-f27c41976da0,covers,urn:uuid:7c413706-fc43-51b8-81fe-8dc062536d08,chapter2.tex:1111-1405
urn:uuid:b04d6489-9555-5963-ad73-f80b64abbeeb,relation/unit/bab-2-limit/section/limit/covers/surface/unit-016/formula/inline/053,urn:uuid:eb305c5b-3c9d-53db-b0f0-f27c41976da0,covers,urn:uuid:14d641dc-2021-5682-8344-e2ee70a3739d,chapter2.tex:1111-1405
urn:uuid:1266e4eb-b5f4-5a00-89b7-d2a1715f565a,relation/unit/bab-2-limit/section/limit/covers/surface/unit-016/formula/inline/054,urn:uuid:eb305c5b-3c9d-53db-b0f0-f27c41976da0,covers,urn:uuid:950aeaea-691a-5d30-a4f1-e9b89545c719,chapter2.tex:1111-1405
urn:uuid:3850343e-40fb-53aa-8e8d-fe900e6efa08,relation/unit/bab-2-limit/section/limit/covers/surface/unit-016/formula/inline/055,urn:uuid:eb305c5b-3c9d-53db-b0f0-f27c41976da0,covers,urn:uuid:2737e05f-7431-5252-8db2-ce0392241ed5,chapter2.tex:1111-1405
urn:uuid:d815e28e-5e00-5307-bd9f-79970b40a31a,relation/unit/bab-2-limit/section/limit/covers/surface/unit-016/formula/inline/056,urn:uuid:eb305c5b-3c9d-53db-b0f0-f27c41976da0,covers,urn:uuid:068db764-33c0-5612-b504-0b3bf5f95a95,chapter2.tex:1111-1405
urn:uuid:345cf676-15a9-5371-96d7-5eced5d0ad25,relation/unit/bab-2-limit/section/limit/covers/surface/unit-016/formula/inline/057,urn:uuid:eb305c5b-3c9d-53db-b0f0-f27c41976da0,covers,urn:uuid:b7f96d74-8b62-53bd-91fd-8efebdc97410,chapter2.tex:1111-1405
urn:uuid:dd31df9e-f807-5238-8f82-b847cd49a0f9,relation/unit/bab-2-limit/section/limit/covers/surface/unit-016/formula/inline/058,urn:uuid:eb305c5b-3c9d-53db-b0f0-f27c41976da0,covers,urn:uuid:fe132a69-1574-580e-a5fb-8c73a6b3fbde,chapter2.tex:1111-1405
urn:uuid:dd6505c4-8e27-50fa-9025-6192865a498d,relation/unit/bab-2-limit/section/limit/covers/surface/unit-016/formula/inline/059,urn:uuid:eb305c5b-3c9d-53db-b0f0-f27c41976da0,covers,urn:uuid:be315db3-e558-5621-9922-367ec2b1bf1f,chapter2.tex:1111-1405
urn:uuid:ab7fb084-816d-564d-9479-0b5b5edf398f,relation/unit/bab-2-limit/section/limit/covers/surface/unit-016/formula/inline/060,urn:uuid:eb305c5b-3c9d-53db-b0f0-f27c41976da0,covers,urn:uuid:3a63e274-fe54-562e-a11e-45118b5aebbf,chapter2.tex:1111-1405
urn:uuid:8eea8ae8-e84a-5d30-95e2-e096367005f8,relation/unit/bab-2-limit/section/limit/covers/surface/unit-016/formula/inline/061,urn:uuid:eb305c5b-3c9d-53db-b0f0-f27c41976da0,covers,urn:uuid:733ab16c-c54d-5e5e-9721-c09f6328c46c,chapter2.tex:1111-1405
urn:uuid:9d757003-3aa0-5c2a-9d41-4c213813553a,relation/unit/bab-2-limit/section/limit/covers/surface/unit-016/formula/inline/062,urn:uuid:eb305c5b-3c9d-53db-b0f0-f27c41976da0,covers,urn:uuid:14811f8f-93ae-5cb6-bc8b-c1762a9ecd78,chapter2.tex:1111-1405
urn:uuid:9fed5c36-fa3c-5202-9d1a-c38698ab4e55,relation/unit/bab-2-limit/section/limit/covers/surface/unit-016/formula/inline/063,urn:uuid:eb305c5b-3c9d-53db-b0f0-f27c41976da0,covers,urn:uuid:0ae75151-f043-51e3-9cfa-9f508529c330,chapter2.tex:1111-1405
urn:uuid:b3aec67b-e538-5420-870a-2712b66bbed1,relation/unit/bab-2-limit/section/limit/covers/surface/unit-016/formula/inline/064,urn:uuid:eb305c5b-3c9d-53db-b0f0-f27c41976da0,covers,urn:uuid:19fd6984-3ffc-5978-b853-2dd1a2497e6f,chapter2.tex:1111-1405
urn:uuid:606a1529-c198-5db5-9d34-96c183a413c5,relation/unit/bab-2-limit/section/limit/covers/surface/unit-016/formula/inline/065,urn:uuid:eb305c5b-3c9d-53db-b0f0-f27c41976da0,covers,urn:uuid:0fff3029-db66-58bb-b278-1bf1d776ab3b,chapter2.tex:1111-1405
urn:uuid:343d30ad-efe2-58e4-bec7-0dfff983fc3d,relation/unit/bab-2-limit/section/limit/covers/surface/unit-016/formula/inline/066,urn:uuid:eb305c5b-3c9d-53db-b0f0-f27c41976da0,covers,urn:uuid:c60a2a41-7dec-5a93-a545-81b7674eedff,chapter2.tex:1111-1405
urn:uuid:322ef667-a5b7-5dd8-bf52-bef9595292ef,relation/unit/bab-2-limit/section/limit/covers/surface/unit-016/formula/inline/067,urn:uuid:eb305c5b-3c9d-53db-b0f0-f27c41976da0,covers,urn:uuid:6c3dab10-8f19-5a3f-bbb1-ea5541c41a36,chapter2.tex:1111-1405
urn:uuid:801da990-b803-56ff-8702-c980f54223e4,relation/unit/bab-2-limit/section/limit/covers/surface/unit-016/formula/inline/068,urn:uuid:eb305c5b-3c9d-53db-b0f0-f27c41976da0,covers,urn:uuid:e368fcda-53d2-5993-9e27-e43a3b64c876,chapter2.tex:1111-1405
urn:uuid:12ff8cdc-10d5-5d82-a1d7-e5ff929d0b3d,relation/unit/bab-2-limit/section/limit/covers/surface/unit-016/formula/inline/069,urn:uuid:eb305c5b-3c9d-53db-b0f0-f27c41976da0,covers,urn:uuid:751b1778-cedd-5e16-ad38-f2eb2428f6dd,chapter2.tex:1111-1405
urn:uuid:89867a4f-f7bc-5f56-832c-d687526f88ec,relation/unit/bab-2-limit/section/limit/covers/surface/unit-016/formula/inline/070,urn:uuid:eb305c5b-3c9d-53db-b0f0-f27c41976da0,covers,urn:uuid:e0413eea-2080-5ef0-981d-1df27229ea11,chapter2.tex:1111-1405
urn:uuid:4ee60381-0ccf-563d-9c2c-76a8dbdc6f23,relation/unit/bab-2-limit/section/limit/covers/surface/unit-016/formula/inline/071,urn:uuid:eb305c5b-3c9d-53db-b0f0-f27c41976da0,covers,urn:uuid:482ca840-4312-53af-805b-49dc020c6477,chapter2.tex:1111-1405
urn:uuid:34d52e1f-6b51-57cf-96f2-28f56f18476c,relation/unit/bab-2-limit/section/limit/covers/surface/unit-016/formula/inline/072,urn:uuid:eb305c5b-3c9d-53db-b0f0-f27c41976da0,covers,urn:uuid:2af2a86d-cc66-5bf9-9776-b1083595e303,chapter2.tex:1111-1405
urn:uuid:0d64d52b-cb0c-57b3-8fee-3f17a1d29be1,relation/unit/bab-2-limit/section/limit/covers/surface/unit-016/formula/inline/073,urn:uuid:eb305c5b-3c9d-53db-b0f0-f27c41976da0,covers,urn:uuid:b4e23c2a-d0ae-5e82-b612-a11a6155dd67,chapter2.tex:1111-1405
urn:uuid:dc79c0b9-4bc7-5192-b075-87abebe39483,relation/unit/bab-2-limit/section/limit/covers/surface/unit-016/formula/inline/074,urn:uuid:eb305c5b-3c9d-53db-b0f0-f27c41976da0,covers,urn:uuid:5be3a2d1-8339-5e69-837b-757ba63c2421,chapter2.tex:1111-1405
urn:uuid:f6a7d60b-c431-59c7-a144-4d15a1186541,relation/unit/bab-2-limit/section/limit/covers/surface/unit-016/formula/inline/075,urn:uuid:eb305c5b-3c9d-53db-b0f0-f27c41976da0,covers,urn:uuid:e1b03c6c-b368-5b02-9541-9a7fc63e798f,chapter2.tex:1111-1405
urn:uuid:e99ae191-fb82-592b-8537-7c73823f0902,relation/unit/bab-2-limit/section/limit/covers/surface/unit-016/formula/inline/076,urn:uuid:eb305c5b-3c9d-53db-b0f0-f27c41976da0,covers,urn:uuid:96e57e6c-dd6b-5008-88af-72ffdcb33be9,chapter2.tex:1111-1405
urn:uuid:cf7780d0-c954-55fb-a68b-f0ad13a64af6,relation/unit/bab-2-limit/section/limit/covers/surface/unit-016/formula/inline/077,urn:uuid:eb305c5b-3c9d-53db-b0f0-f27c41976da0,covers,urn:uuid:76bc9266-c763-5dd5-8059-da6d7fdacf43,chapter2.tex:1111-1405
urn:uuid:e2250dac-eb00-5cda-8b79-43cf78a24006,relation/unit/bab-2-limit/section/limit/covers/surface/unit-016/formula/inline/078,urn:uuid:eb305c5b-3c9d-53db-b0f0-f27c41976da0,covers,urn:uuid:0baa3a52-a849-5c86-bac1-5db878f2bf7e,chapter2.tex:1111-1405
urn:uuid:f1701215-07d5-5f8c-820a-ac2555bdc77b,relation/unit/bab-2-limit/section/limit/covers/surface/unit-016/formula/inline/079,urn:uuid:eb305c5b-3c9d-53db-b0f0-f27c41976da0,covers,urn:uuid:87a3a1df-e227-52f0-ad89-8bf954690161,chapter2.tex:1111-1405
urn:uuid:a60bc6d8-37da-5b90-8497-58c1ad7f3478,relation/unit/bab-2-limit/section/limit/covers/surface/unit-016/formula/inline/080,urn:uuid:eb305c5b-3c9d-53db-b0f0-f27c41976da0,covers,urn:uuid:830f94d8-18e0-506b-b05a-5a31f36bee80,chapter2.tex:1111-1405
urn:uuid:0d9c8e10-d96e-54f5-ba09-6d41ff87e3e2,relation/unit/bab-2-limit/section/limit/covers/surface/unit-016/formula/inline/081,urn:uuid:eb305c5b-3c9d-53db-b0f0-f27c41976da0,covers,urn:uuid:6364234f-2f33-5fff-a6ca-a35e85b12448,chapter2.tex:1111-1405
urn:uuid:3e448ac0-7432-5bb1-b035-71d85da07c85,relation/unit/bab-2-limit/section/limit/covers/surface/unit-016/formula/inline/082,urn:uuid:eb305c5b-3c9d-53db-b0f0-f27c41976da0,covers,urn:uuid:99640172-2f79-5ec2-a073-6dc376a79409,chapter2.tex:1111-1405
urn:uuid:818953fc-5a3a-5e5c-8413-ea3b77a0397b,relation/unit/bab-2-limit/section/limit/covers/surface/unit-016/formula/inline/083,urn:uuid:eb305c5b-3c9d-53db-b0f0-f27c41976da0,covers,urn:uuid:9bf096f4-7721-590d-816a-53548466c099,chapter2.tex:1111-1405
urn:uuid:d7f5d353-581d-5751-9f60-5f189766134e,relation/unit/bab-2-limit/section/limit/covers/surface/unit-016/formula/inline/084,urn:uuid:eb305c5b-3c9d-53db-b0f0-f27c41976da0,covers,urn:uuid:4cf0cdd3-10a1-5d73-9261-bb5cf4c28200,chapter2.tex:1111-1405
urn:uuid:e69ef316-444b-5949-b978-730693cc0a33,relation/unit/bab-2-limit/section/limit/covers/surface/unit-016/formula/inline/085,urn:uuid:eb305c5b-3c9d-53db-b0f0-f27c41976da0,covers,urn:uuid:54db4e2d-272b-5478-b686-6a35c458e87f,chapter2.tex:1111-1405
urn:uuid:bd95e88c-2ed2-58d2-bd59-291a4a8a68b9,relation/unit/bab-2-limit/section/limit/covers/surface/unit-016/formula/inline/086,urn:uuid:eb305c5b-3c9d-53db-b0f0-f27c41976da0,covers,urn:uuid:fe785dca-6b6e-5756-aff5-bea4ed508860,chapter2.tex:1111-1405
urn:uuid:3a36a8fe-bd52-5790-b8a6-b2a513080840,relation/unit/bab-2-limit/section/limit/covers/surface/unit-016/formula/inline/087,urn:uuid:eb305c5b-3c9d-53db-b0f0-f27c41976da0,covers,urn:uuid:5bee17f2-1059-51a1-84c0-6cbe07034bbc,chapter2.tex:1111-1405
urn:uuid:38f553a6-59c6-5061-b0b2-f9d477efc3f7,relation/unit/bab-2-limit/section/limit/covers/surface/unit-016/formula/inline/088,urn:uuid:eb305c5b-3c9d-53db-b0f0-f27c41976da0,covers,urn:uuid:53c2bcad-5597-5fd4-a848-cecbc45ad617,chapter2.tex:1111-1405
urn:uuid:bc9ff099-1a49-50a5-9088-2b87175cda9c,relation/unit/bab-2-limit/section/limit/covers/surface/unit-016/formula/inline/089,urn:uuid:eb305c5b-3c9d-53db-b0f0-f27c41976da0,covers,urn:uuid:b7d51127-1b4c-5a8e-8741-d99fa74c8a27,chapter2.tex:1111-1405
urn:uuid:1c6eb7e4-7ba7-5ac3-8084-68f30216d41d,relation/unit/bab-2-limit/section/limit/covers/surface/unit-016/formula/inline/090,urn:uuid:eb305c5b-3c9d-53db-b0f0-f27c41976da0,covers,urn:uuid:b169b37a-369b-543c-94de-009daf1f297e,chapter2.tex:1111-1405
urn:uuid:14b806d2-7f59-5f9b-ae02-53be31a0724d,relation/unit/bab-2-limit/section/limit/covers/surface/unit-016/formula/inline/091,urn:uuid:eb305c5b-3c9d-53db-b0f0-f27c41976da0,covers,urn:uuid:ac8923fb-fd27-5b6f-b542-99b038dc4806,chapter2.tex:1111-1405
urn:uuid:68230413-8010-5aba-a7ba-3b5b5d91c35e,relation/unit/bab-2-limit/section/limit/covers/surface/unit-016/formula/inline/092,urn:uuid:eb305c5b-3c9d-53db-b0f0-f27c41976da0,covers,urn:uuid:1c777177-4e9e-55a6-80c9-bdae442ba42b,chapter2.tex:1111-1405
urn:uuid:58e836af-db9e-50a7-9cc6-0610bc30ca25,relation/unit/bab-2-limit/section/limit/covers/surface/unit-016/formula/inline/093,urn:uuid:eb305c5b-3c9d-53db-b0f0-f27c41976da0,covers,urn:uuid:168525b3-98a4-51b8-9291-edc732da1eb2,chapter2.tex:1111-1405
urn:uuid:be46791f-2a44-5c3f-8474-f83ccbadf9bf,relation/unit/bab-2-limit/section/limit/covers/surface/unit-016/formula/inline/094,urn:uuid:eb305c5b-3c9d-53db-b0f0-f27c41976da0,covers,urn:uuid:ff460e45-27f7-5cb5-aa7d-a9673cb2e364,chapter2.tex:1111-1405
urn:uuid:7f7029e8-6829-58af-8554-c391e3003bcc,relation/unit/bab-2-limit/section/limit/covers/surface/unit-016/formula/inline/095,urn:uuid:eb305c5b-3c9d-53db-b0f0-f27c41976da0,covers,urn:uuid:4049da53-8726-56ec-99ba-b629eaa503b0,chapter2.tex:1111-1405
urn:uuid:2dc16b89-7758-50ef-b7e4-92f08c044f0a,relation/unit/bab-2-limit/section/limit/covers/surface/unit-016/formula/inline/096,urn:uuid:eb305c5b-3c9d-53db-b0f0-f27c41976da0,covers,urn:uuid:464bf7d2-14b2-5e05-b479-2983da81a0b9,chapter2.tex:1111-1405
urn:uuid:12ec5620-a0e4-5ca5-8845-d769e2ffc40a,relation/unit/bab-2-limit/section/limit/covers/surface/unit-016/formula/inline/097,urn:uuid:eb305c5b-3c9d-53db-b0f0-f27c41976da0,covers,urn:uuid:d660a8be-8718-5278-bcd9-ccf4c65c33ab,chapter2.tex:1111-1405
urn:uuid:5a6ad749-bb68-5ac3-a28c-a526cea59e10,relation/unit/bab-2-limit/section/limit/covers/surface/unit-016/formula/inline/098,urn:uuid:eb305c5b-3c9d-53db-b0f0-f27c41976da0,covers,urn:uuid:96bc5b40-ca5f-5d53-b7dc-37db2233fafa,chapter2.tex:1111-1405
urn:uuid:41477eb1-f455-5916-8292-6933685df8ef,relation/unit/bab-2-limit/section/limit/covers/surface/unit-016/formula/inline/099,urn:uuid:eb305c5b-3c9d-53db-b0f0-f27c41976da0,covers,urn:uuid:d09f59d3-329e-5ccf-bcaa-a5b2776c4ed1,chapter2.tex:1111-1405
urn:uuid:a364fc6b-75d3-5e54-98e5-93d7a20114ce,relation/unit/bab-2-limit/section/limit/covers/surface/unit-016/formula/inline/100,urn:uuid:eb305c5b-3c9d-53db-b0f0-f27c41976da0,covers,urn:uuid:1fd9f05a-5b09-598c-af4f-974b8e1284fa,chapter2.tex:1111-1405
urn:uuid:89beac21-e90e-586e-94bd-0dab447f388c,relation/unit/bab-2-limit/section/limit/covers/surface/unit-016/formula/inline/101,urn:uuid:eb305c5b-3c9d-53db-b0f0-f27c41976da0,covers,urn:uuid:0f22ed77-3673-5a85-8a26-78502443c0a1,chapter2.tex:1111-1405
urn:uuid:5c46db2f-21fb-5081-a8a1-cdef7a158823,relation/unit/bab-2-limit/section/limit/covers/surface/unit-016/formula/inline/102,urn:uuid:eb305c5b-3c9d-53db-b0f0-f27c41976da0,covers,urn:uuid:a8a54b43-1c2e-5343-87c7-41a809b8bffa,chapter2.tex:1111-1405
urn:uuid:ca2d4a38-dbd3-526e-86a6-272710864685,relation/unit/bab-2-limit/section/limit/covers/surface/unit-016/formula/inline/103,urn:uuid:eb305c5b-3c9d-53db-b0f0-f27c41976da0,covers,urn:uuid:0a456976-54c2-558d-9c83-fb6293e4110c,chapter2.tex:1111-1405
urn:uuid:da989744-d647-53c5-a441-dfb1d613d260,relation/unit/bab-2-limit/section/limit/covers/surface/unit-016/formula/inline/104,urn:uuid:eb305c5b-3c9d-53db-b0f0-f27c41976da0,covers,urn:uuid:0b68dd53-5232-5b03-b6e2-58df0c5bd428,chapter2.tex:1111-1405
urn:uuid:89476bf6-1508-523f-b4b2-c42747ecb2f4,relation/unit/bab-2-limit/section/limit/covers/surface/unit-016/formula/inline/105,urn:uuid:eb305c5b-3c9d-53db-b0f0-f27c41976da0,covers,urn:uuid:3d2d59a5-cc71-51b9-b48a-c4d1618f8b70,chapter2.tex:1111-1405
urn:uuid:9e237adb-33c3-5595-b72e-50e5696fba2a,relation/unit/bab-2-limit/section/limit/covers/surface/unit-016/formula/inline/106,urn:uuid:eb305c5b-3c9d-53db-b0f0-f27c41976da0,covers,urn:uuid:6404c285-0444-5ea2-883e-460a218b6a66,chapter2.tex:1111-1405
urn:uuid:180b6b5e-5b27-5709-97a9-ef9fca6eb4c3,relation/unit/bab-2-limit/section/limit/covers/surface/unit-016/formula/inline/107,urn:uuid:eb305c5b-3c9d-53db-b0f0-f27c41976da0,covers,urn:uuid:c9e2fa54-176a-5b3c-ac47-941e05906d50,chapter2.tex:1111-1405
urn:uuid:b6992ab5-b2c6-5654-9b84-2bec7269b638,relation/unit/bab-2-limit/section/limit/covers/surface/unit-016/formula/inline/108,urn:uuid:eb305c5b-3c9d-53db-b0f0-f27c41976da0,covers,urn:uuid:46e03faa-e532-5b21-867f-f64b61b03645,chapter2.tex:1111-1405
urn:uuid:e70ab19d-e60a-59ae-9fa1-8bcbc9522d5a,relation/unit/bab-2-limit/section/limit/covers/surface/unit-016/formula/inline/109,urn:uuid:eb305c5b-3c9d-53db-b0f0-f27c41976da0,covers,urn:uuid:ed3d0863-c885-5173-a986-46b2d39d2d5f,chapter2.tex:1111-1405
urn:uuid:8b09c31b-abd0-56ee-8db3-c441a11790d7,relation/unit/bab-2-limit/section/limit/covers/surface/unit-016/formula/inline/110,urn:uuid:eb305c5b-3c9d-53db-b0f0-f27c41976da0,covers,urn:uuid:51ea51ae-efb9-5119-bc5c-d6653776bec8,chapter2.tex:1111-1405
urn:uuid:07b4aad1-ea20-50b9-9ce8-643920e98c02,relation/unit/bab-2-limit/section/limit/covers/surface/unit-016/formula/inline/111,urn:uuid:eb305c5b-3c9d-53db-b0f0-f27c41976da0,covers,urn:uuid:e4e2883e-6038-550a-a43f-8d272612d184,chapter2.tex:1111-1405
urn:uuid:701f1874-d50e-5942-942c-45cfe8f2e978,relation/unit/bab-2-limit/section/limit/covers/surface/unit-016/formula/inline/112,urn:uuid:eb305c5b-3c9d-53db-b0f0-f27c41976da0,covers,urn:uuid:67c11542-f463-5639-b7a3-809b65a233aa,chapter2.tex:1111-1405
urn:uuid:19ea437a-95eb-56a3-a42f-c75b94d960b0,relation/unit/bab-2-limit/section/limit/covers/surface/unit-016/formula/inline/113,urn:uuid:eb305c5b-3c9d-53db-b0f0-f27c41976da0,covers,urn:uuid:6b663d27-8b44-5ba2-a89a-e5c207633979,chapter2.tex:1111-1405
urn:uuid:ac1ebfbf-0e6a-50ec-815e-6942922ff64b,relation/unit/bab-2-limit/section/limit/covers/surface/unit-016/formula/inline/114,urn:uuid:eb305c5b-3c9d-53db-b0f0-f27c41976da0,covers,urn:uuid:1afab5f1-3106-5ee0-8300-f9e31de9acb7,chapter2.tex:1111-1405
urn:uuid:eba8db80-31cd-52a3-ad07-16acdd906b21,relation/unit/bab-2-limit/section/limit/covers/surface/unit-016/formula/inline/115,urn:uuid:eb305c5b-3c9d-53db-b0f0-f27c41976da0,covers,urn:uuid:6baac560-9b73-58b5-8d20-aae115bf68c1,chapter2.tex:1111-1405
urn:uuid:305df04a-5c6c-5ec3-b683-1201fdf19bbb,relation/unit/bab-2-limit/section/limit/covers/surface/unit-016/formula/inline/116,urn:uuid:eb305c5b-3c9d-53db-b0f0-f27c41976da0,covers,urn:uuid:c2bf3c45-c1c2-5890-87aa-021de78a7515,chapter2.tex:1111-1405
urn:uuid:e222906c-7ae9-5fc1-a474-a27218ab3789,relation/unit/bab-2-limit/section/limit/covers/surface/unit-016/formula/inline/117,urn:uuid:eb305c5b-3c9d-53db-b0f0-f27c41976da0,covers,urn:uuid:24d0e19c-5c3c-5934-8caa-8cff289e9142,chapter2.tex:1111-1405
urn:uuid:1988f9ca-9a91-51de-b505-763f5b90c830,relation/unit/bab-2-limit/section/limit/covers/surface/unit-016/formula/inline/118,urn:uuid:eb305c5b-3c9d-53db-b0f0-f27c41976da0,covers,urn:uuid:f59a0aad-b7b8-52b4-a70a-d6d444f85fa1,chapter2.tex:1111-1405
urn:uuid:73c56f4e-bfbd-5190-acdb-3b754c36fe96,relation/unit/bab-2-limit/section/limit/covers/surface/unit-016/formula/inline/119,urn:uuid:eb305c5b-3c9d-53db-b0f0-f27c41976da0,covers,urn:uuid:cff75496-55e9-5bf3-91ef-b411bc12da89,chapter2.tex:1111-1405
urn:uuid:c500f0a1-2bd5-56f0-b572-23e1cc97c37e,relation/unit/bab-2-limit/section/limit/covers/surface/unit-016/formula/inline/120,urn:uuid:eb305c5b-3c9d-53db-b0f0-f27c41976da0,covers,urn:uuid:406fe9ce-1c60-54be-bde4-e7224d640c1e,chapter2.tex:1111-1405
urn:uuid:d224789e-4411-5744-8afd-2653fcd7315e,relation/unit/bab-2-limit/section/limit/covers/surface/unit-016/formula/inline/121,urn:uuid:eb305c5b-3c9d-53db-b0f0-f27c41976da0,covers,urn:uuid:8ba18fb2-c7dc-5ba2-9cd9-c2ed735df33e,chapter2.tex:1111-1405
urn:uuid:0ca67e69-444d-5507-b350-2fce6de94240,relation/unit/bab-2-limit/section/limit/covers/surface/unit-016/formula/inline/122,urn:uuid:eb305c5b-3c9d-53db-b0f0-f27c41976da0,covers,urn:uuid:2b8646bb-0da4-5adb-963c-3cba9ef1d024,chapter2.tex:1111-1405
urn:uuid:fbbfd4d5-f60e-5b86-a7cb-07a287a2a39d,relation/unit/bab-2-limit/section/limit/covers/surface/unit-016/formula/inline/123,urn:uuid:eb305c5b-3c9d-53db-b0f0-f27c41976da0,covers,urn:uuid:8f721c38-1df7-50bc-92ea-aa4c71a42f9a,chapter2.tex:1111-1405
urn:uuid:33dc0b64-96f6-56c3-90e0-6b5a10e5bccc,relation/unit/bab-2-limit/section/limit/covers/surface/unit-016/formula/inline/124,urn:uuid:eb305c5b-3c9d-53db-b0f0-f27c41976da0,covers,urn:uuid:d64df719-7335-5415-8fa4-4a85bb9039f8,chapter2.tex:1111-1405
urn:uuid:07530943-4e44-5d5e-8a41-93e25a3286cf,relation/unit/bab-2-limit/section/limit/covers/surface/unit-016/formula/inline/125,urn:uuid:eb305c5b-3c9d-53db-b0f0-f27c41976da0,covers,urn:uuid:cb318a21-7243-5ed3-acb2-05ae16d5a5ed,chapter2.tex:1111-1405
urn:uuid:da7ba15d-2070-593e-8e4b-183d2d177fed,relation/unit/bab-2-limit/section/limit/covers/surface/unit-016/formula/inline/126,urn:uuid:eb305c5b-3c9d-53db-b0f0-f27c41976da0,covers,urn:uuid:72bafaaf-adeb-5806-abcd-47ff269eb860,chapter2.tex:1111-1405
urn:uuid:cfa12016-da6d-5209-9bec-22e76b3cda49,relation/unit/bab-2-limit/section/limit/covers/surface/unit-016/formula/inline/127,urn:uuid:eb305c5b-3c9d-53db-b0f0-f27c41976da0,covers,urn:uuid:e35f772a-dabf-592f-bb0e-1da8b773f370,chapter2.tex:1111-1405
urn:uuid:12748ef4-34d2-586a-a5b7-fcaeafc8f351,relation/unit/bab-2-limit/section/limit/covers/surface/unit-016/formula/inline/128,urn:uuid:eb305c5b-3c9d-53db-b0f0-f27c41976da0,covers,urn:uuid:9cd8ee98-1d63-579c-b682-de10e4428d27,chapter2.tex:1111-1405
urn:uuid:5591429b-10fb-565e-a4d7-7f795a751344,relation/unit/bab-2-limit/section/limit/covers/surface/unit-016/formula/inline/129,urn:uuid:eb305c5b-3c9d-53db-b0f0-f27c41976da0,covers,urn:uuid:456ba70e-d6d5-50d0-acdc-e65e83a60c95,chapter2.tex:1111-1405
urn:uuid:95602d48-a671-54fc-beef-7c1faa110aac,relation/unit/bab-2-limit/section/limit/covers/surface/unit-016/formula/inline/130,urn:uuid:eb305c5b-3c9d-53db-b0f0-f27c41976da0,covers,urn:uuid:ceaad325-c275-59ab-b18f-ed11de9a7524,chapter2.tex:1111-1405
urn:uuid:ced1bb69-082d-535d-b1ea-527e05b04425,relation/unit/bab-2-limit/section/limit/covers/surface/unit-016/formula/inline/131,urn:uuid:eb305c5b-3c9d-53db-b0f0-f27c41976da0,covers,urn:uuid:d96617db-2fc8-5238-beb6-bec0c1a58bb0,chapter2.tex:1111-1405
urn:uuid:92d53dbc-76a6-5c5e-a9d7-f44f5e727e5f,relation/unit/bab-2-limit/section/limit/covers/surface/unit-016/formula/inline/132,urn:uuid:eb305c5b-3c9d-53db-b0f0-f27c41976da0,covers,urn:uuid:e5443669-c588-5faf-ac60-cd51e3381187,chapter2.tex:1111-1405
urn:uuid:d69998d7-33da-5a66-bf03-ad3e0b9016e2,relation/unit/bab-2-limit/section/limit/covers/surface/unit-016/formula/inline/133,urn:uuid:eb305c5b-3c9d-53db-b0f0-f27c41976da0,covers,urn:uuid:dcfe4632-2d43-52fd-86ae-47e14f0ab099,chapter2.tex:1111-1405
urn:uuid:2b26b9cf-955b-531a-bd56-442b2d1eda82,relation/unit/bab-2-limit/section/limit/covers/surface/unit-016/formula/inline/134,urn:uuid:eb305c5b-3c9d-53db-b0f0-f27c41976da0,covers,urn:uuid:a6188cb2-840e-5c15-b38d-77cfebd5034c,chapter2.tex:1111-1405
urn:uuid:76962fbf-542b-548f-b952-da1a9364569e,relation/unit/bab-2-limit/section/limit/covers/surface/unit-016/formula/inline/135,urn:uuid:eb305c5b-3c9d-53db-b0f0-f27c41976da0,covers,urn:uuid:d9160510-1277-5569-8619-08fc9bffba10,chapter2.tex:1111-1405
urn:uuid:483dd09e-0bd5-5f50-8e8b-8d3d7cc99963,relation/unit/bab-2-limit/section/limit/covers/surface/unit-016/formula/inline/136,urn:uuid:eb305c5b-3c9d-53db-b0f0-f27c41976da0,covers,urn:uuid:bd990748-2ec4-5450-96a7-8e50b205e3b1,chapter2.tex:1111-1405
urn:uuid:63043c57-cab5-541f-ac2b-f95fc69f7ec7,relation/unit/bab-2-limit/section/limit/covers/surface/unit-016/formula/inline/137,urn:uuid:eb305c5b-3c9d-53db-b0f0-f27c41976da0,covers,urn:uuid:6245f305-f84e-5c9e-929d-2e4727f237b2,chapter2.tex:1111-1405
urn:uuid:0e778c90-f07f-513d-9b8e-3ba175a34bd6,relation/unit/bab-2-limit/section/limit/covers/surface/unit-016/formula/inline/138,urn:uuid:eb305c5b-3c9d-53db-b0f0-f27c41976da0,covers,urn:uuid:d782728a-dad2-55da-a3de-243c090c9909,chapter2.tex:1111-1405
urn:uuid:a6720cef-3b51-5246-9eba-9dd67ed2f227,relation/unit/bab-2-limit/section/limit/covers/surface/unit-016/formula/inline/139,urn:uuid:eb305c5b-3c9d-53db-b0f0-f27c41976da0,covers,urn:uuid:367cf162-11ff-52d5-b9f9-7bfdef0bad20,chapter2.tex:1111-1405
urn:uuid:f621bbe2-e07e-57c6-85de-a5ada54dc279,relation/unit/bab-2-limit/section/limit/covers/surface/unit-016/formula/inline/140,urn:uuid:eb305c5b-3c9d-53db-b0f0-f27c41976da0,covers,urn:uuid:4b97586c-2079-581f-8845-6ba92075f6a1,chapter2.tex:1111-1405
urn:uuid:e6af414f-831b-53bb-adb2-14fea91ebc5c,relation/unit/bab-2-limit/section/limit/covers/surface/unit-016/formula/inline/141,urn:uuid:eb305c5b-3c9d-53db-b0f0-f27c41976da0,covers,urn:uuid:fb65a309-8dbb-545f-b4cd-901b4992be1e,chapter2.tex:1111-1405
urn:uuid:7765ab5c-a663-54b7-bafd-e8ed3d46b919,relation/unit/bab-2-limit/section/limit/covers/surface/unit-016/formula/inline/142,urn:uuid:eb305c5b-3c9d-53db-b0f0-f27c41976da0,covers,urn:uuid:24afd5cf-d55d-5ebd-a94d-76de17de90d0,chapter2.tex:1111-1405
urn:uuid:23e00b4f-0bf8-5d02-ad3a-7df9f4fa426b,relation/unit/bab-2-limit/section/limit/covers/surface/unit-016/formula/inline/143,urn:uuid:eb305c5b-3c9d-53db-b0f0-f27c41976da0,covers,urn:uuid:b7d779b4-7b95-53d6-ac15-ab7c90eb003a,chapter2.tex:1111-1405
urn:uuid:d4726ae3-d392-55eb-be65-88bb546ebb76,relation/unit/bab-2-limit/section/limit/covers/surface/unit-016/formula/inline/144,urn:uuid:eb305c5b-3c9d-53db-b0f0-f27c41976da0,covers,urn:uuid:b1cbdf4f-c371-5d88-bd6b-9df757b0515a,chapter2.tex:1111-1405
urn:uuid:4506122b-ec2a-502f-9b46-380beea660e2,relation/unit/bab-2-limit/section/limit/covers/surface/unit-016/formula/inline/145,urn:uuid:eb305c5b-3c9d-53db-b0f0-f27c41976da0,covers,urn:uuid:fe70ee9d-9061-5503-923f-c3ff5a5dbfd0,chapter2.tex:1111-1405
urn:uuid:074e5f5e-26d9-571c-b3ed-0fda1b5054ff,relation/unit/bab-2-limit/section/limit/covers/surface/unit-016/formula/inline/146,urn:uuid:eb305c5b-3c9d-53db-b0f0-f27c41976da0,covers,urn:uuid:afae9826-9385-5040-bde4-6cae60dc3f74,chapter2.tex:1111-1405
urn:uuid:0e6c8a1e-a391-51e3-a0fb-5272490d31a3,relation/unit/bab-2-limit/section/limit/covers/surface/unit-016/formula/inline/147,urn:uuid:eb305c5b-3c9d-53db-b0f0-f27c41976da0,covers,urn:uuid:502d0046-8105-55d5-8d1b-4e8548f77efe,chapter2.tex:1111-1405
urn:uuid:f9190842-2a9c-518d-a571-9749e0d5261b,relation/unit/bab-2-limit/section/limit/covers/surface/unit-016/formula/inline/148,urn:uuid:eb305c5b-3c9d-53db-b0f0-f27c41976da0,covers,urn:uuid:c0ec800d-cc7f-5b61-9459-c93f333f37cb,chapter2.tex:1111-1405
urn:uuid:10d8bfea-92bd-53b1-842a-76d5efb9e2b4,relation/unit/bab-2-limit/section/limit/covers/surface/unit-016/formula/inline/149,urn:uuid:eb305c5b-3c9d-53db-b0f0-f27c41976da0,covers,urn:uuid:07ca16a0-5ac5-5eac-82e5-5240c25b6809,chapter2.tex:1111-1405
urn:uuid:c67d959e-b5cc-5aca-a465-50f059ad0ea8,relation/unit/bab-2-limit/section/limit/covers/surface/unit-016/formula/inline/150,urn:uuid:eb305c5b-3c9d-53db-b0f0-f27c41976da0,covers,urn:uuid:3a96a86b-8a49-5948-a94e-a70ef62c587a,chapter2.tex:1111-1405
urn:uuid:3f2b3705-5841-5dd9-bfef-f889b584f707,relation/unit/bab-2-limit/section/limit/covers/surface/unit-016/formula/inline/151,urn:uuid:eb305c5b-3c9d-53db-b0f0-f27c41976da0,covers,urn:uuid:be1f122e-31c2-5b80-9c6a-7b9a89f35576,chapter2.tex:1111-1405
urn:uuid:d330186c-e155-579e-8e69-5b0237a0ae89,relation/unit/bab-2-limit/section/limit/covers/surface/unit-016/formula/inline/152,urn:uuid:eb305c5b-3c9d-53db-b0f0-f27c41976da0,covers,urn:uuid:af4fc9dd-0c18-598a-99f7-dde238e9cd5f,chapter2.tex:1111-1405
urn:uuid:a77ce82d-ee0c-5d1f-ac09-b8b5c0a47546,relation/unit/bab-2-limit/section/limit/covers/surface/unit-016/formula/inline/153,urn:uuid:eb305c5b-3c9d-53db-b0f0-f27c41976da0,covers,urn:uuid:f9c80ed3-1978-5b61-94f3-2ccfc792ab44,chapter2.tex:1111-1405
urn:uuid:43f70690-07d5-5a60-9a8b-eea6e49cbb7a,relation/unit/bab-2-limit/section/limit/covers/surface/unit-016/formula/inline/154,urn:uuid:eb305c5b-3c9d-53db-b0f0-f27c41976da0,covers,urn:uuid:3b372670-3a53-5872-b6af-0790b7339ac0,chapter2.tex:1111-1405
urn:uuid:13fa7cde-1c03-50e5-9f52-ec7baff9d8d5,relation/unit/bab-2-limit/section/limit/covers/surface/unit-016/formula/inline/155,urn:uuid:eb305c5b-3c9d-53db-b0f0-f27c41976da0,covers,urn:uuid:781363df-0cf1-5c36-9b7d-1b917621ae33,chapter2.tex:1111-1405
urn:uuid:ab85e675-b324-5446-9904-a91d18493cfa,relation/unit/bab-2-limit/section/limit/covers/surface/unit-016/formula/inline/156,urn:uuid:eb305c5b-3c9d-53db-b0f0-f27c41976da0,covers,urn:uuid:403df7f1-0957-58ae-a1d3-96784053f4c6,chapter2.tex:1111-1405
urn:uuid:befae8f5-2468-5c5c-b85e-6c94e35ce60e,relation/unit/bab-2-limit/section/limit/covers/surface/unit-016/formula/inline/157,urn:uuid:eb305c5b-3c9d-53db-b0f0-f27c41976da0,covers,urn:uuid:147d247d-179c-5025-94ac-7b6e41bce00b,chapter2.tex:1111-1405
urn:uuid:2f84cfa8-2cbb-5fa9-945e-bc971608e940,relation/unit/bab-2-limit/section/limit/covers/surface/unit-016/formula/inline/158,urn:uuid:eb305c5b-3c9d-53db-b0f0-f27c41976da0,covers,urn:uuid:0afd5ad5-73de-518b-b56a-60ae3a82e130,chapter2.tex:1111-1405
urn:uuid:5142792a-6bd3-57bd-ae3b-7f3cf917fd3b,relation/unit/bab-2-limit/section/limit/covers/surface/unit-016/formula/inline/159,urn:uuid:eb305c5b-3c9d-53db-b0f0-f27c41976da0,covers,urn:uuid:161edc48-ffe7-555d-8f82-6cb2c10ce6ea,chapter2.tex:1111-1405
urn:uuid:a271b3cb-4d58-5d04-bd10-f425aa5ad1c6,relation/unit/bab-2-limit/section/limit/covers/surface/unit-016/formula/inline/160,urn:uuid:eb305c5b-3c9d-53db-b0f0-f27c41976da0,covers,urn:uuid:b4791671-9537-532c-b995-207d8d15683f,chapter2.tex:1111-1405
urn:uuid:199ec73b-7016-5b34-813f-ed5dd8680dac,relation/unit/bab-2-limit/section/limit/covers/surface/unit-016/formula/inline/161,urn:uuid:eb305c5b-3c9d-53db-b0f0-f27c41976da0,covers,urn:uuid:97314f42-799e-5e01-a70f-56763b12ec25,chapter2.tex:1111-1405
urn:uuid:73d404f5-b573-51c8-8e84-7e28e5546a70,relation/unit/bab-2-limit/section/limit/covers/surface/unit-016/formula/inline/162,urn:uuid:eb305c5b-3c9d-53db-b0f0-f27c41976da0,covers,urn:uuid:7abd0820-f969-5016-8085-a042607cf6a1,chapter2.tex:1111-1405
urn:uuid:ce3d3a43-baef-5ada-9ad3-6531ea2417d9,relation/unit/bab-2-limit/section/limit/covers/surface/unit-016/formula/inline/163,urn:uuid:eb305c5b-3c9d-53db-b0f0-f27c41976da0,covers,urn:uuid:3c560381-6113-52d6-a8d5-732b7f3688e4,chapter2.tex:1111-1405
urn:uuid:2c763340-32dd-518d-864c-ed2149057cc5,relation/unit/bab-2-limit/section/limit/covers/surface/unit-016/formula/inline/164,urn:uuid:eb305c5b-3c9d-53db-b0f0-f27c41976da0,covers,urn:uuid:6aa0c8b5-f918-5eaa-99fb-27c5d4b056b7,chapter2.tex:1111-1405
urn:uuid:25d84aaa-ec6d-549f-95d4-c40a06ce8712,relation/unit/bab-2-limit/section/limit/covers/surface/unit-016/formula/inline/165,urn:uuid:eb305c5b-3c9d-53db-b0f0-f27c41976da0,covers,urn:uuid:8e423572-ec95-5a88-aad9-474e5392b528,chapter2.tex:1111-1405
urn:uuid:2507db40-51a2-564d-9c0e-d4c5b2bf9a08,relation/unit/bab-2-limit/section/limit/covers/surface/unit-016/formula/inline/166,urn:uuid:eb305c5b-3c9d-53db-b0f0-f27c41976da0,covers,urn:uuid:9d0bd6c9-df4e-5479-8423-e10bb15e24f2,chapter2.tex:1111-1405
urn:uuid:84e47e21-ae0e-5827-9618-021497633935,relation/unit/bab-2-limit/section/limit/covers/surface/unit-016/formula/inline/167,urn:uuid:eb305c5b-3c9d-53db-b0f0-f27c41976da0,covers,urn:uuid:52411fb6-f4d1-5cbb-8409-115b99c128c9,chapter2.tex:1111-1405
urn:uuid:83296398-4399-5695-a520-b364294a2722,relation/unit/bab-2-limit/section/limit/covers/surface/unit-016/formula/inline/168,urn:uuid:eb305c5b-3c9d-53db-b0f0-f27c41976da0,covers,urn:uuid:46ee4df4-6c03-5104-a546-896574e36642,chapter2.tex:1111-1405
urn:uuid:2363aa06-f6ec-5fa4-87a8-ee164a8794df,relation/unit/bab-2-limit/section/limit/covers/surface/unit-016/formula/inline/169,urn:uuid:eb305c5b-3c9d-53db-b0f0-f27c41976da0,covers,urn:uuid:da41d8de-5660-509a-812d-54a22cacee09,chapter2.tex:1111-1405
urn:uuid:1d24f382-4df7-5de0-99bf-d673fe44c52a,relation/unit/bab-2-limit/section/limit/covers/surface/unit-016/formula/inline/170,urn:uuid:eb305c5b-3c9d-53db-b0f0-f27c41976da0,covers,urn:uuid:88156d84-90b7-5289-b714-1fe1f8cebd10,chapter2.tex:1111-1405
urn:uuid:8c9ef6fc-2c24-598d-87e8-2793c14d67e2,relation/unit/bab-2-limit/section/limit/covers/surface/unit-016/formula/inline/171,urn:uuid:eb305c5b-3c9d-53db-b0f0-f27c41976da0,covers,urn:uuid:770fa579-9a5f-553d-a928-1cb4306447a2,chapter2.tex:1111-1405
urn:uuid:5b3242f1-a370-52d9-b0c4-8852429f0ceb,relation/unit/bab-2-limit/section/limit/covers/surface/unit-016/formula/inline/172,urn:uuid:eb305c5b-3c9d-53db-b0f0-f27c41976da0,covers,urn:uuid:8ca5f73f-193e-5b78-8643-06f3962594ff,chapter2.tex:1111-1405
urn:uuid:a36219aa-d87f-5d68-90cc-cd7b955fe779,relation/unit/bab-2-limit/section/limit/covers/surface/unit-016/formula/inline/173,urn:uuid:eb305c5b-3c9d-53db-b0f0-f27c41976da0,covers,urn:uuid:4b5f65dc-e994-57a9-a7dd-72749404e4d6,chapter2.tex:1111-1405
urn:uuid:14205fe9-2c3d-5a6b-a177-74e3364eeaf4,relation/unit/bab-2-limit/section/limit/covers/surface/unit-016/formula/inline/174,urn:uuid:eb305c5b-3c9d-53db-b0f0-f27c41976da0,covers,urn:uuid:a3f48c12-4bae-5625-a960-afd3477720ff,chapter2.tex:1111-1405
urn:uuid:cb561e72-7663-5b82-99d9-73a60f33401b,relation/unit/bab-2-limit/section/limit/covers/surface/unit-016/formula/inline/175,urn:uuid:eb305c5b-3c9d-53db-b0f0-f27c41976da0,covers,urn:uuid:f005e0ef-f97a-5c6f-ab27-5eea5aca9819,chapter2.tex:1111-1405
urn:uuid:050b2ae3-9088-54f7-a04b-e173aacd20a9,relation/unit/bab-2-limit/section/limit/covers/surface/unit-016/formula/inline/176,urn:uuid:eb305c5b-3c9d-53db-b0f0-f27c41976da0,covers,urn:uuid:5fdf75fb-f5da-5552-87b0-5d16613344d1,chapter2.tex:1111-1405
urn:uuid:521a22ae-dfbb-5549-9bd2-1fe32528739f,relation/unit/bab-2-limit/section/limit/covers/surface/unit-016/formula/inline/177,urn:uuid:eb305c5b-3c9d-53db-b0f0-f27c41976da0,covers,urn:uuid:ca8935cf-d426-5607-8fec-fcc402d23442,chapter2.tex:1111-1405
urn:uuid:ed29356f-ccc4-5ef8-a89b-6d51ddf10adb,relation/unit/bab-2-limit/section/limit/covers/surface/unit-016/formula/inline/178,urn:uuid:eb305c5b-3c9d-53db-b0f0-f27c41976da0,covers,urn:uuid:f16e6381-f0e9-53da-a994-ab8d59006fc7,chapter2.tex:1111-1405
urn:uuid:e722d600-bdc6-565a-a013-72c3f4d5750d,relation/unit/bab-2-limit/section/limit/covers/surface/unit-016/formula/inline/179,urn:uuid:eb305c5b-3c9d-53db-b0f0-f27c41976da0,covers,urn:uuid:0ddb621d-ee03-5115-a593-3ed28c5af629,chapter2.tex:1111-1405
urn:uuid:e264be9a-2a70-59b3-b435-ec5f6136c99f,relation/unit/bab-2-limit/section/limit/covers/surface/unit-016/formula/inline/180,urn:uuid:eb305c5b-3c9d-53db-b0f0-f27c41976da0,covers,urn:uuid:ff493fd3-98b8-5098-a5f5-2d7f6a91feaf,chapter2.tex:1111-1405
urn:uuid:b193988e-6e98-5780-a5c4-cd53de824d5a,relation/unit/bab-2-limit/section/limit/covers/surface/unit-016/formula/inline/181,urn:uuid:eb305c5b-3c9d-53db-b0f0-f27c41976da0,covers,urn:uuid:4ef1ed4a-7481-539e-bfc9-00e727ded14f,chapter2.tex:1111-1405
urn:uuid:66bba1a2-086c-55a8-8b48-60b71708b50d,relation/unit/bab-2-limit/section/limit/covers/surface/unit-016/formula/inline/182,urn:uuid:eb305c5b-3c9d-53db-b0f0-f27c41976da0,covers,urn:uuid:973f93e1-9c85-5a92-b210-346f8414cd15,chapter2.tex:1111-1405
urn:uuid:a870ea02-7206-53ed-93e1-dabb52769d8b,relation/unit/bab-2-limit/section/limit/covers/surface/unit-016/formula/inline/183,urn:uuid:eb305c5b-3c9d-53db-b0f0-f27c41976da0,covers,urn:uuid:c6ae109f-9bc6-52da-8d8b-c4653a32ae95,chapter2.tex:1111-1405
urn:uuid:8e43e969-e5c2-59d5-ac9b-c29713974bf5,relation/unit/bab-2-limit/section/limit/covers/surface/unit-016/formula/inline/184,urn:uuid:eb305c5b-3c9d-53db-b0f0-f27c41976da0,covers,urn:uuid:fd868ef3-1fb0-5789-8a14-c25760383d7e,chapter2.tex:1111-1405
urn:uuid:1da574a6-7673-5b18-8451-4375185c8a0b,relation/unit/bab-2-limit/section/limit/covers/surface/unit-016/formula/inline/185,urn:uuid:eb305c5b-3c9d-53db-b0f0-f27c41976da0,covers,urn:uuid:1a87eabb-df47-5723-9284-bfad492f21e1,chapter2.tex:1111-1405
urn:uuid:e118322b-305e-573a-abe4-f87edb379847,relation/unit/bab-2-limit/section/limit/covers/surface/unit-016/formula/inline/186,urn:uuid:eb305c5b-3c9d-53db-b0f0-f27c41976da0,covers,urn:uuid:ca7625d0-3fdf-574d-845f-ed1ce58ff4c9,chapter2.tex:1111-1405
urn:uuid:3b0d7e10-dcb7-56b2-82c2-458979595a62,relation/unit/bab-2-limit/section/limit/covers/surface/unit-016/formula/inline/187,urn:uuid:eb305c5b-3c9d-53db-b0f0-f27c41976da0,covers,urn:uuid:548d6573-ba73-5577-8d0e-7bfa1a6a6e0d,chapter2.tex:1111-1405
urn:uuid:447178a4-234a-550a-ac34-2eccb8258268,relation/unit/bab-2-limit/section/limit/covers/surface/unit-016/formula/inline/188,urn:uuid:eb305c5b-3c9d-53db-b0f0-f27c41976da0,covers,urn:uuid:9e1ffe1a-c2d3-5f17-9881-ef266d867668,chapter2.tex:1111-1405
urn:uuid:2f6e6041-b963-5cc4-be37-d02070b713b7,relation/unit/bab-2-limit/section/limit/covers/surface/unit-016/formula/inline/189,urn:uuid:eb305c5b-3c9d-53db-b0f0-f27c41976da0,covers,urn:uuid:599da560-37bf-59b6-995a-7be69eaf4677,chapter2.tex:1111-1405
urn:uuid:34f15957-f235-5c4e-8733-b4cc26fdf09e,relation/unit/bab-2-limit/section/limit/covers/surface/unit-016/formula/inline/190,urn:uuid:eb305c5b-3c9d-53db-b0f0-f27c41976da0,covers,urn:uuid:9c3f63ac-0f20-509d-a2e2-91ff35804501,chapter2.tex:1111-1405
urn:uuid:6aa4f5c3-b106-569d-bb20-a6a52b8319d6,relation/unit/bab-2-limit/section/limit/covers/surface/unit-016/formula/inline/191,urn:uuid:eb305c5b-3c9d-53db-b0f0-f27c41976da0,covers,urn:uuid:fd6b6a22-b1a5-5d3f-a0a4-063963c8679e,chapter2.tex:1111-1405
urn:uuid:dac34b00-8428-5c94-b981-d58869cfc472,relation/unit/bab-2-limit/section/limit/covers/surface/unit-016/formula/inline/192,urn:uuid:eb305c5b-3c9d-53db-b0f0-f27c41976da0,covers,urn:uuid:ddf88a92-14a4-5b30-9f66-bfd57fd03c17,chapter2.tex:1111-1405
urn:uuid:7ad3f11e-91b9-5b48-ae8a-daebb69b4bcc,relation/unit/bab-2-limit/section/limit/covers/surface/unit-016/formula/inline/193,urn:uuid:eb305c5b-3c9d-53db-b0f0-f27c41976da0,covers,urn:uuid:901ed50f-8e61-5563-b283-1e94d66e8de5,chapter2.tex:1111-1405
urn:uuid:b5a7ba8c-dc42-5af5-b472-f19e443a4506,relation/unit/bab-2-limit/section/limit/covers/surface/unit-016/formula/inline/194,urn:uuid:eb305c5b-3c9d-53db-b0f0-f27c41976da0,covers,urn:uuid:2587a7f6-e008-5e91-ad35-55c2f4e17fb7,chapter2.tex:1111-1405
urn:uuid:b90c575d-3ed1-5bff-903c-9d619555d51c,relation/unit/bab-2-limit/section/limit/covers/surface/unit-016/formula/inline/195,urn:uuid:eb305c5b-3c9d-53db-b0f0-f27c41976da0,covers,urn:uuid:98c3ecff-832e-536e-8026-431e8a49023d,chapter2.tex:1111-1405
urn:uuid:761528ae-1e8b-5abe-a3d7-d112176f5dd4,relation/unit/bab-2-limit/section/limit/covers/surface/unit-016/formula/inline/196,urn:uuid:eb305c5b-3c9d-53db-b0f0-f27c41976da0,covers,urn:uuid:066144cb-9dde-585e-85c6-b404db71e100,chapter2.tex:1111-1405
urn:uuid:c61a35c1-73ce-5720-ba6f-cfb60692712f,relation/unit/bab-2-limit/section/limit/covers/surface/unit-016/formula/inline/197,urn:uuid:eb305c5b-3c9d-53db-b0f0-f27c41976da0,covers,urn:uuid:6bd03ba7-d792-5fd0-8b40-3b80aba17956,chapter2.tex:1111-1405
urn:uuid:2d41376a-c10e-5094-8406-a59c686a3f86,relation/unit/bab-2-limit/section/limit/covers/surface/unit-016/formula/inline/198,urn:uuid:eb305c5b-3c9d-53db-b0f0-f27c41976da0,covers,urn:uuid:88d42137-e505-57c0-9f8a-9dcf08055cd9,chapter2.tex:1111-1405
urn:uuid:4e439beb-f9b4-5962-b466-15a341ac6f30,relation/unit/bab-2-limit/section/limit/covers/surface/unit-016/formula/inline/199,urn:uuid:eb305c5b-3c9d-53db-b0f0-f27c41976da0,covers,urn:uuid:492a9f73-feba-5bcb-92ab-892167ec06c9,chapter2.tex:1111-1405
urn:uuid:121912c1-f0e4-538a-8caa-420ff1730eac,relation/unit/bab-2-limit/section/limit/covers/surface/unit-016/formula/inline/200,urn:uuid:eb305c5b-3c9d-53db-b0f0-f27c41976da0,covers,urn:uuid:f84d1498-0229-5910-8177-ee4c1afd72b5,chapter2.tex:1111-1405
urn:uuid:9aab9cb6-7793-5d06-8f80-af819bdee8ee,relation/unit/bab-2-limit/section/limit/covers/surface/unit-016/formula/inline/201,urn:uuid:eb305c5b-3c9d-53db-b0f0-f27c41976da0,covers,urn:uuid:c0fa59f5-be3c-5b00-8508-d60143670308,chapter2.tex:1111-1405
urn:uuid:9eabc69b-6d39-5322-bce0-07580698508b,relation/unit/bab-2-limit/section/limit/covers/surface/unit-016/formula/inline/202,urn:uuid:eb305c5b-3c9d-53db-b0f0-f27c41976da0,covers,urn:uuid:8ef609ae-f774-58e6-b204-e19f23df3057,chapter2.tex:1111-1405
urn:uuid:1f2c66cb-d15b-59a7-b44e-e0d7013d08d0,relation/unit/bab-2-limit/section/limit/covers/surface/unit-016/formula/inline/203,urn:uuid:eb305c5b-3c9d-53db-b0f0-f27c41976da0,covers,urn:uuid:fe068571-fdb3-5bee-b2c2-85602ee1fd78,chapter2.tex:1111-1405
urn:uuid:f4d569b8-dbbe-548f-8681-13fbf09bbc57,relation/unit/bab-2-limit/section/limit/covers/surface/unit-016/formula/inline/204,urn:uuid:eb305c5b-3c9d-53db-b0f0-f27c41976da0,covers,urn:uuid:3788d973-7513-5e0f-ada8-127884e26424,chapter2.tex:1111-1405
urn:uuid:97a8d21a-8435-50ce-8af3-d37718cc9bce,relation/unit/bab-2-limit/section/limit/covers/surface/unit-016/formula/inline/205,urn:uuid:eb305c5b-3c9d-53db-b0f0-f27c41976da0,covers,urn:uuid:768e3297-b5f0-5d08-821b-3c8289ee0a86,chapter2.tex:1111-1405
urn:uuid:5b8b102a-38ad-5a61-9024-4c5f4e5b05c5,relation/unit/bab-2-limit/section/limit/covers/surface/unit-016/formula/inline/206,urn:uuid:eb305c5b-3c9d-53db-b0f0-f27c41976da0,covers,urn:uuid:9bec558d-9ff2-5d8e-8888-d2f847fd8b74,chapter2.tex:1111-1405
urn:uuid:367a1a84-4930-56e9-984d-8130805fa232,relation/unit/bab-2-limit/section/limit/covers/surface/unit-016/formula/inline/207,urn:uuid:eb305c5b-3c9d-53db-b0f0-f27c41976da0,covers,urn:uuid:0124f448-6afc-51c8-9215-58883ad4cf26,chapter2.tex:1111-1405
urn:uuid:4e8bc729-2fc8-5dde-8207-1b379df1edc9,relation/unit/bab-2-limit/section/limit/covers/surface/unit-016/formula/inline/208,urn:uuid:eb305c5b-3c9d-53db-b0f0-f27c41976da0,covers,urn:uuid:6cc09ef1-decb-5112-afe7-0293c9429989,chapter2.tex:1111-1405
urn:uuid:511f52a3-1941-519d-b2d2-abda5002bb7d,relation/unit/bab-2-limit/section/limit/covers/surface/unit-016/formula/inline/209,urn:uuid:eb305c5b-3c9d-53db-b0f0-f27c41976da0,covers,urn:uuid:d851b95b-a95b-593f-8f76-8ca77075c5a3,chapter2.tex:1111-1405
urn:uuid:a6981eba-caf7-5b8e-a9c6-1d6a64c6f4ca,relation/unit/bab-2-limit/section/limit/covers/surface/unit-016/formula/inline/210,urn:uuid:eb305c5b-3c9d-53db-b0f0-f27c41976da0,covers,urn:uuid:8281417b-b6e6-5cb0-a1bd-d24afd811ee6,chapter2.tex:1111-1405
urn:uuid:1e1f0323-f63f-5cc5-ab7e-ac92760a7ca6,relation/unit/bab-2-limit/section/limit/covers/surface/unit-016/formula/inline/211,urn:uuid:eb305c5b-3c9d-53db-b0f0-f27c41976da0,covers,urn:uuid:6b3812e4-3725-573e-ab1f-afb392ad8ef0,chapter2.tex:1111-1405
urn:uuid:2c020695-b4e4-5327-87df-485bb2db71c6,relation/unit/bab-2-limit/section/limit/covers/surface/unit-016/formula/inline/212,urn:uuid:eb305c5b-3c9d-53db-b0f0-f27c41976da0,covers,urn:uuid:d6eae5e9-e4bd-5b4d-a14a-4e95cea4ca01,chapter2.tex:1111-1405
urn:uuid:efabe077-f41c-5316-b55e-fe74b51fc61a,relation/unit/bab-2-limit/section/limit/covers/surface/unit-016/formula/inline/213,urn:uuid:eb305c5b-3c9d-53db-b0f0-f27c41976da0,covers,urn:uuid:623b2e87-ea94-5438-8841-4a75d26391de,chapter2.tex:1111-1405
urn:uuid:082f8c60-11c9-59a0-b850-e57d993ca0c6,relation/unit/bab-2-limit/section/limit/covers/surface/unit-016/formula/inline/214,urn:uuid:eb305c5b-3c9d-53db-b0f0-f27c41976da0,covers,urn:uuid:70387f96-ce3b-5b77-be62-2fbf7a9aeb7c,chapter2.tex:1111-1405
urn:uuid:288fd536-e278-56d6-96ac-96ed43cb5ec7,relation/unit/bab-2-limit/section/limit/covers/surface/unit-016/formula/inline/215,urn:uuid:eb305c5b-3c9d-53db-b0f0-f27c41976da0,covers,urn:uuid:24fb71f6-f090-5527-9f52-f028c3476b8c,chapter2.tex:1111-1405
urn:uuid:328ed0ec-615b-5d3d-83a4-7db4c273bf5d,relation/unit/bab-2-limit/section/limit/covers/surface/unit-016/formula/inline/216,urn:uuid:eb305c5b-3c9d-53db-b0f0-f27c41976da0,covers,urn:uuid:79a8476f-b6a7-5b58-acff-12fbcf7fd834,chapter2.tex:1111-1405
urn:uuid:ddb689ea-07cd-58b9-9f63-dd251f5744ea,relation/unit/bab-2-limit/section/limit/covers/surface/unit-016/formula/inline/217,urn:uuid:eb305c5b-3c9d-53db-b0f0-f27c41976da0,covers,urn:uuid:24661d7e-6008-5cb5-8c4c-408ab6c88220,chapter2.tex:1111-1405
urn:uuid:c1af7eed-9e31-57ba-9384-c98dcedc45ca,relation/unit/bab-2-limit/section/limit/covers/surface/unit-016/formula/inline/218,urn:uuid:eb305c5b-3c9d-53db-b0f0-f27c41976da0,covers,urn:uuid:622c9e23-24db-5f27-bcea-ece5d11afbd5,chapter2.tex:1111-1405
urn:uuid:976102ec-634f-5f38-b109-2446273bbeac,relation/unit/bab-2-limit/section/limit/covers/surface/unit-016/formula/inline/219,urn:uuid:eb305c5b-3c9d-53db-b0f0-f27c41976da0,covers,urn:uuid:6ca15b9b-ef1f-5343-a5dc-927f09234b5a,chapter2.tex:1111-1405
urn:uuid:fec7b7f8-6a93-585f-839a-ab812638b0a5,relation/unit/bab-2-limit/section/limit/covers/surface/unit-016/formula/inline/220,urn:uuid:eb305c5b-3c9d-53db-b0f0-f27c41976da0,covers,urn:uuid:ba428275-bcb7-5d55-ba68-8d33bd199f91,chapter2.tex:1111-1405
urn:uuid:8b48a992-6070-55f2-8722-c7df4a3a2520,relation/unit/bab-2-limit/section/limit/covers/surface/unit-016/formula/inline/221,urn:uuid:eb305c5b-3c9d-53db-b0f0-f27c41976da0,covers,urn:uuid:4f8d908e-ad2c-5251-a6aa-165822c8ab3e,chapter2.tex:1111-1405
urn:uuid:11f7308a-2da4-5689-9783-a0e0605787fa,relation/unit/bab-2-limit/section/limit/covers/surface/unit-016/formula/inline/222,urn:uuid:eb305c5b-3c9d-53db-b0f0-f27c41976da0,covers,urn:uuid:0603394c-2e5c-5d76-9f15-369ee7ee4d8d,chapter2.tex:1111-1405
urn:uuid:71889b3c-e43b-5bb9-b055-be4ded8ae479,relation/unit/bab-2-limit/section/limit/covers/surface/unit-016/formula/inline/223,urn:uuid:eb305c5b-3c9d-53db-b0f0-f27c41976da0,covers,urn:uuid:b367af12-1d72-5dba-92f3-f2649ba1d5ca,chapter2.tex:1111-1405
urn:uuid:05487808-93d4-5c93-acca-720bde79e7ba,relation/unit/bab-2-limit/section/limit/covers/surface/unit-016/formula/inline/224,urn:uuid:eb305c5b-3c9d-53db-b0f0-f27c41976da0,covers,urn:uuid:4c451392-4c91-5033-a41c-86eb67ec2f12,chapter2.tex:1111-1405
urn:uuid:8f208b0f-b392-560d-8783-98ff96a03657,relation/unit/bab-2-limit/section/limit/covers/surface/unit-016/formula/inline/225,urn:uuid:eb305c5b-3c9d-53db-b0f0-f27c41976da0,covers,urn:uuid:fac60800-d510-5778-8384-7c42a030d9d9,chapter2.tex:1111-1405
urn:uuid:5e9676f5-cefc-5110-8970-65a47dc79ec1,relation/unit/bab-2-limit/section/limit/covers/surface/unit-016/formula/inline/226,urn:uuid:eb305c5b-3c9d-53db-b0f0-f27c41976da0,covers,urn:uuid:27552d18-2685-5fde-a428-32ff74579a7e,chapter2.tex:1111-1405
urn:uuid:cc5724e5-928a-538d-814c-86719bd977e8,relation/unit/bab-2-limit/section/limit/covers/surface/unit-016/formula/inline/227,urn:uuid:eb305c5b-3c9d-53db-b0f0-f27c41976da0,covers,urn:uuid:d5e3d18b-8102-5fc0-84a9-a4a647041e56,chapter2.tex:1111-1405
urn:uuid:edca912d-68c5-5bd7-94cd-ccdaeffd2a77,relation/unit/bab-2-limit/section/limit/covers/surface/unit-016/formula/inline/228,urn:uuid:eb305c5b-3c9d-53db-b0f0-f27c41976da0,covers,urn:uuid:7708398b-1ac6-51e7-a915-32656e73e1aa,chapter2.tex:1111-1405
urn:uuid:19a9c609-8ec2-5421-8c70-9c5683877211,relation/unit/bab-2-limit/section/limit/covers/surface/unit-016/formula/inline/229,urn:uuid:eb305c5b-3c9d-53db-b0f0-f27c41976da0,covers,urn:uuid:37832bd7-50c6-5a25-8775-d5236f43e42f,chapter2.tex:1111-1405
urn:uuid:ff639100-3ecf-560f-be6f-8489161ab4eb,relation/unit/bab-2-limit/section/limit/covers/surface/unit-016/formula/inline/230,urn:uuid:eb305c5b-3c9d-53db-b0f0-f27c41976da0,covers,urn:uuid:5316ae94-31a7-5266-8928-0807000a1afb,chapter2.tex:1111-1405
urn:uuid:e4624bc3-596c-58c5-87c7-68a71ee4b249,relation/unit/bab-2-limit/section/limit/covers/surface/unit-016/formula/inline/231,urn:uuid:eb305c5b-3c9d-53db-b0f0-f27c41976da0,covers,urn:uuid:a50f64ee-757f-539a-b15a-3e2e8cf2a7b3,chapter2.tex:1111-1405
urn:uuid:2c186120-5fa4-52d0-9de1-b4670fdee8f7,relation/unit/bab-2-limit/section/limit/covers/surface/unit-016/formula/inline/232,urn:uuid:eb305c5b-3c9d-53db-b0f0-f27c41976da0,covers,urn:uuid:8eb564e7-d027-5f21-a1c8-83eb5fa33540,chapter2.tex:1111-1405
urn:uuid:0b4094e5-f58e-595e-a0ad-4ba2105c8967,relation/unit/bab-2-limit/section/limit/covers/surface/unit-016/formula/inline/233,urn:uuid:eb305c5b-3c9d-53db-b0f0-f27c41976da0,covers,urn:uuid:31cbb01e-c180-5dc4-b57f-2ae0b2d50780,chapter2.tex:1111-1405
urn:uuid:8d9347a7-5fc3-5ed1-9998-ae465f01a881,relation/unit/bab-2-limit/section/limit/covers/surface/unit-016/formula/inline/234,urn:uuid:eb305c5b-3c9d-53db-b0f0-f27c41976da0,covers,urn:uuid:9572b3d9-be4f-5f6b-8159-9e426e24d0ac,chapter2.tex:1111-1405
urn:uuid:78891c0b-c6e8-5d52-95b4-6d8636eb3df6,relation/unit/bab-2-limit/section/limit/covers/surface/unit-016/formula/inline/235,urn:uuid:eb305c5b-3c9d-53db-b0f0-f27c41976da0,covers,urn:uuid:b847ea77-e7a2-5afd-a8dc-4e0c1881da31,chapter2.tex:1111-1405
urn:uuid:346cf6fa-2472-56d2-bfad-754a08c76198,relation/unit/bab-2-limit/section/limit/covers/surface/unit-016/formula/inline/236,urn:uuid:eb305c5b-3c9d-53db-b0f0-f27c41976da0,covers,urn:uuid:b17d59e0-9c46-5d4c-b223-c79e610c76b4,chapter2.tex:1111-1405
urn:uuid:d0be2e0b-baa6-5b06-9fa5-fa1d64d6dc57,relation/unit/bab-2-limit/section/limit/covers/surface/unit-016/formula/inline/237,urn:uuid:eb305c5b-3c9d-53db-b0f0-f27c41976da0,covers,urn:uuid:15baa4e1-eb94-53a0-b923-e2ff9c18ff3b,chapter2.tex:1111-1405
urn:uuid:d9e02383-33f5-5092-a5d8-caf8ae9c893e,relation/unit/bab-2-limit/section/limit/covers/surface/unit-016/formula/inline/238,urn:uuid:eb305c5b-3c9d-53db-b0f0-f27c41976da0,covers,urn:uuid:43002bef-0834-5b70-ab1c-209f6a655031,chapter2.tex:1111-1405
urn:uuid:ced28dcb-40c6-5c51-b8b4-095511bfa4ce,relation/unit/bab-2-limit/section/limit/covers/surface/unit-016/formula/inline/239,urn:uuid:eb305c5b-3c9d-53db-b0f0-f27c41976da0,covers,urn:uuid:b9ff018c-44b4-56d8-a315-b33a97ab73a2,chapter2.tex:1111-1405
urn:uuid:c556f9d0-bca1-5c1a-b034-f0fd8b9f5ed2,relation/unit/bab-2-limit/section/limit/covers/surface/unit-016/formula/inline/240,urn:uuid:eb305c5b-3c9d-53db-b0f0-f27c41976da0,covers,urn:uuid:7c86b4cb-70ce-51c8-8b02-80a9ba849030,chapter2.tex:1111-1405
urn:uuid:a65b00d7-9e7d-53b5-bee5-3a775b7c6863,relation/unit/bab-2-limit/section/limit/covers/surface/unit-016/formula/inline/241,urn:uuid:eb305c5b-3c9d-53db-b0f0-f27c41976da0,covers,urn:uuid:3916f9dd-d175-5fb9-ac07-eae875016d2a,chapter2.tex:1111-1405
urn:uuid:913809a1-4cd2-5779-bab9-c42117c2c71f,relation/unit/bab-2-limit/section/limit/covers/surface/unit-016/formula/inline/242,urn:uuid:eb305c5b-3c9d-53db-b0f0-f27c41976da0,covers,urn:uuid:99c4fad6-4863-55ec-8f7c-88ff70bae066,chapter2.tex:1111-1405
urn:uuid:29e21dbe-6253-597b-8804-d0df61becdeb,relation/unit/bab-2-limit/section/limit/covers/surface/unit-016/formula/inline/243,urn:uuid:eb305c5b-3c9d-53db-b0f0-f27c41976da0,covers,urn:uuid:0c0fc162-6dfe-5a14-871a-9f37a9b469c8,chapter2.tex:1111-1405
urn:uuid:02ec3b23-b630-50c9-88ca-161c2fe62538,relation/unit/bab-2-limit/section/limit/covers/surface/unit-016/formula/inline/244,urn:uuid:eb305c5b-3c9d-53db-b0f0-f27c41976da0,covers,urn:uuid:f9e0efa1-8216-594b-b4c3-f6342337a1a9,chapter2.tex:1111-1405
urn:uuid:1c54f4f3-54cd-57f1-b1c5-9bf94f53f36a,relation/unit/bab-2-limit/section/limit/covers/surface/unit-016/formula/inline/245,urn:uuid:eb305c5b-3c9d-53db-b0f0-f27c41976da0,covers,urn:uuid:1eb1630b-cb12-5189-aa15-03d2e919424e,chapter2.tex:1111-1405
urn:uuid:a802d176-4c9d-5a4d-a1c0-570a0d625745,relation/unit/bab-2-limit/section/limit/covers/surface/unit-016/formula/inline/246,urn:uuid:eb305c5b-3c9d-53db-b0f0-f27c41976da0,covers,urn:uuid:4c1f548b-a0bf-5823-b300-43ab7f0d40b2,chapter2.tex:1111-1405
urn:uuid:e6f11b7d-d571-5991-a78e-f83ea4093e38,relation/unit/bab-2-limit/section/limit/covers/surface/unit-016/formula/inline/247,urn:uuid:eb305c5b-3c9d-53db-b0f0-f27c41976da0,covers,urn:uuid:360a0f8f-4183-59b8-919a-96a7bed6ac9e,chapter2.tex:1111-1405
urn:uuid:2be292b0-0151-52f1-a21f-6f463e7031a1,relation/unit/bab-2-limit/section/limit/covers/surface/unit-016/formula/inline/248,urn:uuid:eb305c5b-3c9d-53db-b0f0-f27c41976da0,covers,urn:uuid:88d2eca4-0fd6-52c6-98cf-e2017248d01d,chapter2.tex:1111-1405
urn:uuid:dfd34a36-855e-56de-9279-10741433297b,relation/unit/bab-2-limit/section/limit/covers/surface/unit-016/formula/inline/249,urn:uuid:eb305c5b-3c9d-53db-b0f0-f27c41976da0,covers,urn:uuid:a21bc70e-ea8a-5404-a107-5a465497a971,chapter2.tex:1111-1405
urn:uuid:f8fc1fc6-7503-5e20-a2da-6ee6bd844da2,relation/unit/bab-2-limit/section/limit/covers/surface/unit-016/formula/inline/250,urn:uuid:eb305c5b-3c9d-53db-b0f0-f27c41976da0,covers,urn:uuid:94ae70cf-9131-5ca2-a3d4-e544d0864782,chapter2.tex:1111-1405
urn:uuid:6a04fb50-ca21-55bd-8978-cd8d1dd6f914,relation/unit/bab-2-limit/section/limit/covers/surface/unit-016/formula/inline/251,urn:uuid:eb305c5b-3c9d-53db-b0f0-f27c41976da0,covers,urn:uuid:016323b6-02bf-543f-b70e-f54769d6be73,chapter2.tex:1111-1405
urn:uuid:b51f84d4-2de2-5e45-9694-d7a7ba0a3bdd,relation/unit/bab-2-limit/section/limit/covers/surface/unit-016/formula/inline/252,urn:uuid:eb305c5b-3c9d-53db-b0f0-f27c41976da0,covers,urn:uuid:c04f69c0-1a8f-525a-b0c1-869b200d58d6,chapter2.tex:1111-1405
urn:uuid:5d62d069-7e5c-5452-bfbb-af65ceb4775f,relation/unit/bab-2-limit/section/limit/covers/surface/unit-016/formula/inline/253,urn:uuid:eb305c5b-3c9d-53db-b0f0-f27c41976da0,covers,urn:uuid:8442bfb0-d44b-5e78-9d3f-434d2b8b24d6,chapter2.tex:1111-1405
urn:uuid:6f248a8a-7a03-5713-b8fa-b959aa132b6e,relation/unit/bab-2-limit/section/limit/covers/surface/unit-016/formula/inline/254,urn:uuid:eb305c5b-3c9d-53db-b0f0-f27c41976da0,covers,urn:uuid:8e3c5a8e-3d51-55bc-9dd9-a6d7d21a7a8c,chapter2.tex:1111-1405
urn:uuid:ff21d344-fe18-5e17-944e-5889123cb3f1,relation/unit/bab-2-limit/section/limit/covers/surface/unit-016/formula/inline/255,urn:uuid:eb305c5b-3c9d-53db-b0f0-f27c41976da0,covers,urn:uuid:5afccf79-d5b8-5297-a21a-f25b1e21a681,chapter2.tex:1111-1405
urn:uuid:ef841768-8a80-5ff6-93da-54a508c5e724,relation/unit/bab-2-limit/section/limit/covers/surface/unit-016/formula/inline/256,urn:uuid:eb305c5b-3c9d-53db-b0f0-f27c41976da0,covers,urn:uuid:d43fd392-dece-51c2-80c3-156602c4c36b,chapter2.tex:1111-1405
urn:uuid:2a634d9f-e2bd-5dca-a5d8-50de9ec0c72e,relation/unit/bab-2-limit/section/limit/covers/surface/unit-016/formula/inline/257,urn:uuid:eb305c5b-3c9d-53db-b0f0-f27c41976da0,covers,urn:uuid:1d6f90e8-aaa5-51e6-9349-5de70ee6fceb,chapter2.tex:1111-1405
urn:uuid:05b0065a-7c1d-53da-9987-f58dafc2cd23,relation/unit/bab-2-limit/section/limit/covers/surface/unit-016/formula/inline/258,urn:uuid:eb305c5b-3c9d-53db-b0f0-f27c41976da0,covers,urn:uuid:1dc99e67-ec7d-5a05-98d3-d1e59fe68201,chapter2.tex:1111-1405
urn:uuid:b4dc6488-95ec-5d8f-b229-dabd29f2bfbe,relation/unit/bab-2-limit/section/limit/covers/surface/unit-016/formula/inline/259,urn:uuid:eb305c5b-3c9d-53db-b0f0-f27c41976da0,covers,urn:uuid:e9a1944d-0ddc-5900-9be0-10a566ef94a0,chapter2.tex:1111-1405
urn:uuid:55138efb-fe5c-5da3-9d20-eeea1c7d1ebd,relation/unit/bab-2-limit/section/limit/covers/surface/unit-016/formula/inline/260,urn:uuid:eb305c5b-3c9d-53db-b0f0-f27c41976da0,covers,urn:uuid:4e362a29-25ed-5120-8c25-eeb8d7ea59f9,chapter2.tex:1111-1405
urn:uuid:f21dee94-e092-535e-a8bb-0262d22126e8,relation/unit/bab-2-limit/section/limit/covers/surface/unit-016/formula/inline/261,urn:uuid:eb305c5b-3c9d-53db-b0f0-f27c41976da0,covers,urn:uuid:eec98608-d31c-524f-b8cb-3cb2bb8cdc27,chapter2.tex:1111-1405
urn:uuid:ccc82f4b-2edc-52f0-b192-16e8e35cb821,relation/unit/bab-2-limit/section/limit/covers/surface/unit-016/formula/inline/262,urn:uuid:eb305c5b-3c9d-53db-b0f0-f27c41976da0,covers,urn:uuid:71c4c2f0-4b95-57c5-ad67-748e4583c0e8,chapter2.tex:1111-1405
urn:uuid:055fa10a-f88c-5800-8126-b347a1cb327c,relation/unit/bab-2-limit/section/limit/covers/surface/unit-016/formula/inline/263,urn:uuid:eb305c5b-3c9d-53db-b0f0-f27c41976da0,covers,urn:uuid:fe296b1c-6f96-5970-8e20-9ccb84b6183a,chapter2.tex:1111-1405
urn:uuid:12989712-7c3f-5c1b-80fb-6b5f98a75fa1,relation/unit/bab-2-limit/section/limit/covers/surface/unit-016/formula/inline/264,urn:uuid:eb305c5b-3c9d-53db-b0f0-f27c41976da0,covers,urn:uuid:7565ed7b-a194-56b5-95ef-47af5b92f63d,chapter2.tex:1111-1405
urn:uuid:2cb33b8a-85be-5e70-83e1-5c08b51bc549,relation/unit/bab-2-limit/section/limit/covers/surface/unit-016/formula/inline/265,urn:uuid:eb305c5b-3c9d-53db-b0f0-f27c41976da0,covers,urn:uuid:71a518ee-1639-56e4-80be-830cf34dfd92,chapter2.tex:1111-1405
urn:uuid:121003a7-c7fe-584a-bbb9-a03e80d0e24c,relation/unit/bab-2-limit/section/limit/covers/surface/unit-016/formula/inline/266,urn:uuid:eb305c5b-3c9d-53db-b0f0-f27c41976da0,covers,urn:uuid:f2bf8568-5bab-5a3e-8d06-f35d680a481f,chapter2.tex:1111-1405
urn:uuid:d469bd15-602d-5fd5-b473-cfafc5cfc246,relation/unit/bab-2-limit/section/limit/covers/surface/unit-016/formula/inline/267,urn:uuid:eb305c5b-3c9d-53db-b0f0-f27c41976da0,covers,urn:uuid:63e76e65-2fef-5bf9-8122-989b02475343,chapter2.tex:1111-1405
urn:uuid:c808d648-7476-5db2-bc63-0d6147dd60ff,relation/unit/bab-2-limit/section/limit/covers/surface/unit-016/formula/inline/268,urn:uuid:eb305c5b-3c9d-53db-b0f0-f27c41976da0,covers,urn:uuid:504c4884-db50-5197-b8bd-b7fe09381f66,chapter2.tex:1111-1405
urn:uuid:fb94927d-7201-55a9-982f-fcfb433d6f81,relation/unit/bab-2-limit/section/limit/covers/surface/unit-016/formula/inline/269,urn:uuid:eb305c5b-3c9d-53db-b0f0-f27c41976da0,covers,urn:uuid:1493b45c-050f-53a0-8aec-adf74a01afd4,chapter2.tex:1111-1405
urn:uuid:286ca854-bc77-5605-b8dc-df978a7e353f,relation/unit/bab-2-limit/section/limit/covers/surface/unit-016/formula/inline/270,urn:uuid:eb305c5b-3c9d-53db-b0f0-f27c41976da0,covers,urn:uuid:47b9e5a9-0d1e-50e7-8c26-1625c88d3fec,chapter2.tex:1111-1405
urn:uuid:c1fd9867-28a5-518c-9b9c-1a3f534e9a2a,relation/unit/bab-2-limit/section/limit/covers/surface/unit-016/formula/inline/271,urn:uuid:eb305c5b-3c9d-53db-b0f0-f27c41976da0,covers,urn:uuid:dc3744ee-727c-593e-b5f3-ab73d6a714e1,chapter2.tex:1111-1405
urn:uuid:7d725c26-02ef-5d7e-8ac8-72e93f985375,relation/unit/bab-2-limit/section/limit/covers/surface/unit-016/formula/inline/272,urn:uuid:eb305c5b-3c9d-53db-b0f0-f27c41976da0,covers,urn:uuid:812b09b8-38a9-5031-8906-d6188074bf55,chapter2.tex:1111-1405
urn:uuid:6114435d-42db-54d0-aed5-f377f79e2d0b,relation/unit/bab-2-limit/section/limit/covers/surface/unit-016/formula/inline/273,urn:uuid:eb305c5b-3c9d-53db-b0f0-f27c41976da0,covers,urn:uuid:715d68fb-f073-5cd2-b146-d944283d13e6,chapter2.tex:1111-1405
urn:uuid:bf3036b9-7170-51eb-a6f0-4ef8c84454a2,relation/unit/bab-2-limit/section/limit/covers/surface/unit-016/formula/inline/274,urn:uuid:eb305c5b-3c9d-53db-b0f0-f27c41976da0,covers,urn:uuid:ddf562da-5f01-536b-9763-ce58408434cc,chapter2.tex:1111-1405
urn:uuid:aadcecc3-f287-5de9-8c3e-d7e44d1ed3be,relation/unit/bab-2-limit/section/limit/covers/surface/unit-016/formula/inline/275,urn:uuid:eb305c5b-3c9d-53db-b0f0-f27c41976da0,covers,urn:uuid:5fee6ffb-f7b4-50c2-a54d-80894d3906a8,chapter2.tex:1111-1405
urn:uuid:1a9353f2-737c-5a42-8481-4ccf6c754759,relation/unit/bab-2-limit/section/limit/covers/surface/unit-016/formula/inline/276,urn:uuid:eb305c5b-3c9d-53db-b0f0-f27c41976da0,covers,urn:uuid:015c4ad3-b668-51bd-8911-c5296a1dce35,chapter2.tex:1111-1405
urn:uuid:d871cd23-666f-5974-8047-58236e74c55c,relation/unit/bab-2-limit/section/limit/covers/surface/unit-016/formula/inline/277,urn:uuid:eb305c5b-3c9d-53db-b0f0-f27c41976da0,covers,urn:uuid:19aa6f86-e2ed-5cd1-8eec-d2d316becdc2,chapter2.tex:1111-1405
urn:uuid:47844b89-bed0-5765-b341-34ea0ca3e637,relation/unit/bab-2-limit/section/limit/covers/surface/unit-016/formula/inline/278,urn:uuid:eb305c5b-3c9d-53db-b0f0-f27c41976da0,covers,urn:uuid:3d0ba70b-40aa-5a01-a36e-7ca6de699937,chapter2.tex:1111-1405
urn:uuid:2bbc355b-db40-5ce8-9260-41daa530b5bf,relation/unit/bab-2-limit/section/limit/covers/surface/unit-016/formula/inline/279,urn:uuid:eb305c5b-3c9d-53db-b0f0-f27c41976da0,covers,urn:uuid:d6827ae2-3f6e-5161-8177-aecb55cf2774,chapter2.tex:1111-1405
urn:uuid:37d2198c-6c08-5cbb-8ea1-a0b9bdc5a5df,relation/unit/bab-2-limit/section/limit/covers/surface/unit-016/formula/inline/280,urn:uuid:eb305c5b-3c9d-53db-b0f0-f27c41976da0,covers,urn:uuid:8d6a2888-615b-5a62-84e8-08a44a51a303,chapter2.tex:1111-1405
urn:uuid:57c5ff13-cfc0-53a8-804c-43e979205382,relation/unit/bab-2-limit/section/limit/covers/surface/unit-016/formula/inline/281,urn:uuid:eb305c5b-3c9d-53db-b0f0-f27c41976da0,covers,urn:uuid:ac5df260-f69a-5366-aab3-ccc15d450129,chapter2.tex:1111-1405
urn:uuid:9679cfa5-4e11-57ed-a8c5-f79226716071,relation/unit/bab-2-limit/section/limit/covers/surface/unit-016/formula/inline/282,urn:uuid:eb305c5b-3c9d-53db-b0f0-f27c41976da0,covers,urn:uuid:c5350177-48cb-58bc-9b41-05fa22696e49,chapter2.tex:1111-1405
urn:uuid:3fc831b2-c193-5ed1-8e4a-bfcbf56f242c,relation/unit/bab-2-limit/section/limit/covers/surface/unit-016/formula/inline/283,urn:uuid:eb305c5b-3c9d-53db-b0f0-f27c41976da0,covers,urn:uuid:89b5ba1e-f7e2-5b76-9116-f66d6902e395,chapter2.tex:1111-1405
urn:uuid:e3909572-bc7a-5269-b707-266787b9bee6,relation/unit/bab-2-limit/section/limit/covers/surface/unit-016/formula/inline/284,urn:uuid:eb305c5b-3c9d-53db-b0f0-f27c41976da0,covers,urn:uuid:2ec8d01a-463e-59b0-a406-2e54f14d9da1,chapter2.tex:1111-1405
urn:uuid:effe8844-f6ce-56e9-b632-4e0bdac85548,relation/unit/bab-2-limit/section/limit/covers/surface/unit-016/formula/inline/285,urn:uuid:eb305c5b-3c9d-53db-b0f0-f27c41976da0,covers,urn:uuid:079d496e-3237-5f61-baf1-b04cfc631824,chapter2.tex:1111-1405
urn:uuid:3e989e38-7e2b-5f65-84c5-214e204575f4,relation/unit/bab-2-limit/section/limit/covers/surface/unit-016/formula/inline/286,urn:uuid:eb305c5b-3c9d-53db-b0f0-f27c41976da0,covers,urn:uuid:35009710-3860-5d56-b191-336388d054a3,chapter2.tex:1111-1405
urn:uuid:e7e8ad89-684f-5ec2-a81b-7a3cc20c6639,relation/unit/bab-2-limit/section/limit/covers/surface/unit-016/formula/inline/287,urn:uuid:eb305c5b-3c9d-53db-b0f0-f27c41976da0,covers,urn:uuid:21219721-00a2-5ce5-a3bf-7615774d216b,chapter2.tex:1111-1405
urn:uuid:d7d4129e-b89b-504a-9330-fc794719a8a8,relation/unit/bab-2-limit/section/limit/covers/surface/unit-016/label/001,urn:uuid:eb305c5b-3c9d-53db-b0f0-f27c41976da0,covers,urn:uuid:033ff850-dbe9-52ef-b66e-48913117647d,chapter2.tex:1111-1405
urn:uuid:ebbd0483-2571-569a-b1f9-d0bd0a969f50,relation/unit/bab-2-limit/section/limit/covers/surface/unit-016/label/002,urn:uuid:eb305c5b-3c9d-53db-b0f0-f27c41976da0,covers,urn:uuid:8be2b9a7-0271-53f2-8ceb-368355384528,chapter2.tex:1111-1405
urn:uuid:b90e6c0b-075c-52bf-b709-d3269d99e9be,relation/unit/bab-2-limit/section/limit/covers/surface/unit-016/label/003,urn:uuid:eb305c5b-3c9d-53db-b0f0-f27c41976da0,covers,urn:uuid:ae69b007-2462-5d8a-9a12-716d643c4c44,chapter2.tex:1111-1405
urn:uuid:f3a90199-9bcd-5bcc-8286-738d44c124be,relation/unit/bab-2-limit/section/limit/covers/surface/unit-016/label/004,urn:uuid:eb305c5b-3c9d-53db-b0f0-f27c41976da0,covers,urn:uuid:dcef5f73-a4bb-5b62-a621-f67b12ba07b0,chapter2.tex:1111-1405
urn:uuid:bb750250-76c9-5722-b6be-6bbed1c08164,relation/unit/bab-2-limit/section/limit/covers/surface/unit-016/label/005,urn:uuid:eb305c5b-3c9d-53db-b0f0-f27c41976da0,covers,urn:uuid:38353b88-4318-5390-87bd-47ff14ad3fca,chapter2.tex:1111-1405
urn:uuid:bd3db210-435f-5f3b-a4bc-6c86ff1e5a60,relation/unit/bab-2-limit/section/limit/covers/surface/unit-016/label/006,urn:uuid:eb305c5b-3c9d-53db-b0f0-f27c41976da0,covers,urn:uuid:be3de66b-4379-5f21-be8c-5cee9f03c2fb,chapter2.tex:1111-1405
urn:uuid:55d2347a-51a2-53f8-9178-d8e4142a85cf,relation/unit/bab-2-limit/section/limit/covers/surface/unit-016/label/007,urn:uuid:eb305c5b-3c9d-53db-b0f0-f27c41976da0,covers,urn:uuid:329c5796-6d2f-5179-b87e-d65318410627,chapter2.tex:1111-1405
urn:uuid:de5cb930-ba7c-58a9-a551-696a775759cd,relation/unit/bab-2-limit/section/limit/covers/surface/unit-016/label/008,urn:uuid:eb305c5b-3c9d-53db-b0f0-f27c41976da0,covers,urn:uuid:a537fa6a-8766-5c05-8a02-b5523917afd3,chapter2.tex:1111-1405
urn:uuid:a391bfdf-f372-50fc-a62b-05373182f9f0,relation/unit/bab-2-limit/section/limit/covers/surface/unit-016/label/009,urn:uuid:eb305c5b-3c9d-53db-b0f0-f27c41976da0,covers,urn:uuid:f1fe6489-7084-5256-b733-5c6c03728cfc,chapter2.tex:1111-1405
urn:uuid:f65242e8-dc69-51db-9b88-6138fd41b14c,relation/unit/bab-2-limit/section/limit/covers/surface/unit-016/label/010,urn:uuid:eb305c5b-3c9d-53db-b0f0-f27c41976da0,covers,urn:uuid:aa05bed2-56d7-51b2-9922-4829c743072f,chapter2.tex:1111-1405
urn:uuid:a4b7d3c8-bf3f-5a8b-ae35-8aef56fadd9d,relation/unit/bab-2-limit/section/limit/covers/surface/unit-016/label/011,urn:uuid:eb305c5b-3c9d-53db-b0f0-f27c41976da0,covers,urn:uuid:a30a1dd1-7b98-54e6-b5e0-c5f469e406dc,chapter2.tex:1111-1405
urn:uuid:3e733eb9-7abc-5396-9686-8ce438f072a9,relation/unit/bab-2-limit/section/limit/covers/surface/unit-016/label/012,urn:uuid:eb305c5b-3c9d-53db-b0f0-f27c41976da0,covers,urn:uuid:4e21b6ff-7e94-5f69-863d-289268dc3cdf,chapter2.tex:1111-1405
urn:uuid:33617add-e03d-5fde-b0e7-162d17a2446a,relation/unit/bab-2-limit/section/limit/covers/surface/unit-016/label/013,urn:uuid:eb305c5b-3c9d-53db-b0f0-f27c41976da0,covers,urn:uuid:e1faea9f-a7c8-573e-82e2-072fa923ef68,chapter2.tex:1111-1405
urn:uuid:1eb4f196-998d-586d-9ad1-9f5117488b3c,relation/unit/bab-2-limit/section/limit/covers/surface/unit-016/label/014,urn:uuid:eb305c5b-3c9d-53db-b0f0-f27c41976da0,covers,urn:uuid:4152b424-6c11-5e7e-9b30-240720425e4f,chapter2.tex:1111-1405
urn:uuid:6a4ee935-bbe7-5967-86b3-6b7532b706bb,relation/unit/bab-2-limit/section/limit/covers/surface/unit-016/label/015,urn:uuid:eb305c5b-3c9d-53db-b0f0-f27c41976da0,covers,urn:uuid:589b4c79-02c1-558c-8192-611ee5ec6d58,chapter2.tex:1111-1405
urn:uuid:f82eec7c-72a1-52dd-9e31-45c5f10b4a26,relation/unit/bab-2-limit/section/limit/covers/surface/unit-016/label/016,urn:uuid:eb305c5b-3c9d-53db-b0f0-f27c41976da0,covers,urn:uuid:da7164cf-9fe9-5662-8969-8ff6e26f6b5e,chapter2.tex:1111-1405
urn:uuid:a4e3f563-de10-54dd-9df0-172fe52730ed,relation/unit/bab-2-limit/section/limit/covers/surface/unit-016/label/017,urn:uuid:eb305c5b-3c9d-53db-b0f0-f27c41976da0,covers,urn:uuid:694e9d2d-4aaa-532b-b3d7-26d202598274,chapter2.tex:1111-1405
urn:uuid:dfeaedfa-9ceb-5050-84ad-624526a80873,relation/unit/bab-2-limit/section/limit/covers/surface/unit-016/reference/equation/001,urn:uuid:eb305c5b-3c9d-53db-b0f0-f27c41976da0,covers,urn:uuid:9e595d56-36f9-5ed7-bc34-1b0b9cfca673,chapter2.tex:1111-1405
urn:uuid:22001216-18c4-577d-ac73-f937dd7bc14a,relation/unit/bab-2-limit/section/limit/covers/surface/unit-016/reference/equation/002,urn:uuid:eb305c5b-3c9d-53db-b0f0-f27c41976da0,covers,urn:uuid:201dc20f-1822-5bf4-a599-2f51145c8339,chapter2.tex:1111-1405
urn:uuid:4ce58ed7-472e-5619-9f2c-4c54075511ed,relation/unit/bab-2-limit/section/limit/covers/surface/unit-016/reference/equation/003,urn:uuid:eb305c5b-3c9d-53db-b0f0-f27c41976da0,covers,urn:uuid:f610db61-cd5f-5d22-ab23-c6dcfacaf8b6,chapter2.tex:1111-1405
urn:uuid:ecb2c8cc-5692-54e9-a8a6-a15281de22ff,relation/unit/bab-2-limit/section/limit/covers/surface/unit-016/reference/equation/004,urn:uuid:eb305c5b-3c9d-53db-b0f0-f27c41976da0,covers,urn:uuid:d2f6ed08-66fa-5949-8c59-a11162c0c5a0,chapter2.tex:1111-1405
urn:uuid:61e0bd46-9a5a-509a-af19-29076a0b1f81,relation/unit/bab-2-limit/section/limit/covers/surface/unit-016/reference/equation/005,urn:uuid:eb305c5b-3c9d-53db-b0f0-f27c41976da0,covers,urn:uuid:66696cb2-f84b-5ef9-b451-c81bcffac8cf,chapter2.tex:1111-1405
urn:uuid:19784651-0861-5793-866c-936ceb4e4f87,relation/unit/bab-2-limit/section/limit/covers/surface/unit-016/reference/equation/006,urn:uuid:eb305c5b-3c9d-53db-b0f0-f27c41976da0,covers,urn:uuid:9c237529-93dc-58a0-8417-d6c853494763,chapter2.tex:1111-1405
urn:uuid:005f1127-310e-58e8-8ec6-8ce7f3ffeaa2,relation/unit/bab-2-limit/section/limit/covers/surface/unit-016/reference/equation/007,urn:uuid:eb305c5b-3c9d-53db-b0f0-f27c41976da0,covers,urn:uuid:1486ea07-e423-55b3-90ea-08f64695a44c,chapter2.tex:1111-1405
urn:uuid:5daebdf9-96a6-5bc5-8821-f2cc3190bd83,relation/unit/bab-2-limit/section/limit/covers/surface/unit-016/reference/ordinary/001,urn:uuid:eb305c5b-3c9d-53db-b0f0-f27c41976da0,covers,urn:uuid:1a1a39f4-9559-599a-8d87-7bd86f26b185,chapter2.tex:1111-1405
urn:uuid:acbbe269-b2ec-5be2-9066-b3c196d6de6f,relation/unit/bab-2-limit/section/limit/covers/surface/unit-016/reference/ordinary/002,urn:uuid:eb305c5b-3c9d-53db-b0f0-f27c41976da0,covers,urn:uuid:1c6e31d1-dc5e-52d6-a7b3-74a0b12f7d5b,chapter2.tex:1111-1405
urn:uuid:d7abef33-1eec-5a6f-95c2-e9d4572a1c40,relation/unit/bab-2-limit/section/limit/covers/surface/unit-016/reference/ordinary/003,urn:uuid:eb305c5b-3c9d-53db-b0f0-f27c41976da0,covers,urn:uuid:0f2584c4-dab8-5d2d-8b82-e171b5e302fa,chapter2.tex:1111-1405
urn:uuid:fdd2559d-f03a-5f6e-aa82-12f5c6ca6c0c,relation/unit/bab-2-limit/section/limit/covers/surface/unit-016/reference/ordinary/004,urn:uuid:eb305c5b-3c9d-53db-b0f0-f27c41976da0,covers,urn:uuid:0fe723e2-179b-59de-a20c-01ff4cde7fc1,chapter2.tex:1111-1405
urn:uuid:a04f9a5d-dcb4-5d3a-930f-5f5631673651,relation/unit/bab-2-limit/section/limit/covers/surface/unit-016/reference/ordinary/005,urn:uuid:eb305c5b-3c9d-53db-b0f0-f27c41976da0,covers,urn:uuid:f906b056-8ffd-55f8-9f59-8b22042bea5f,chapter2.tex:1111-1405
urn:uuid:875fc931-9dcb-53c6-94e3-f867baebc715,relation/unit/bab-2-limit/section/limit/covers/surface/unit-016/reference/ordinary/006,urn:uuid:eb305c5b-3c9d-53db-b0f0-f27c41976da0,covers,urn:uuid:a34fc3a9-9e14-5165-93d5-24ea26fe4b46,chapter2.tex:1111-1405
urn:uuid:b0bae464-7728-5b24-a83c-df24504573d4,relation/unit/bab-2-limit/section/limit/covers/surface/unit-016/reference/ordinary/007,urn:uuid:eb305c5b-3c9d-53db-b0f0-f27c41976da0,covers,urn:uuid:3cd79639-8e9d-5ac0-8a70-da41e0104ac7,chapter2.tex:1111-1405
urn:uuid:3cfb36fe-379c-5ce4-8903-a20106466d92,relation/unit/bab-2-limit/section/limit/covers/surface/unit-016/reference/ordinary/008,urn:uuid:eb305c5b-3c9d-53db-b0f0-f27c41976da0,covers,urn:uuid:2a095445-4656-5ee9-bc36-35eecccf5f06,chapter2.tex:1111-1405
urn:uuid:27f1eeb8-cfa4-5bac-a653-f406d66d23b5,relation/unit/bab-2-limit/section/limit/covers/surface/unit-016/reference/ordinary/009,urn:uuid:eb305c5b-3c9d-53db-b0f0-f27c41976da0,covers,urn:uuid:7cd1629e-2da0-577b-af7f-c9def60612d5,chapter2.tex:1111-1405
urn:uuid:99c25930-fe8d-5d8b-a498-cccdedfad63c,relation/unit/bab-2-limit/section/limit/covers/surface/unit-016/reference/ordinary/010,urn:uuid:eb305c5b-3c9d-53db-b0f0-f27c41976da0,covers,urn:uuid:39b993a7-46ed-522a-894c-62f4d4f93839,chapter2.tex:1111-1405
urn:uuid:bc7e9049-3d33-5ad3-a7e2-3a7138549bf9,relation/unit/bab-2-limit/section/limit/covers/surface/unit-016/reference/ordinary/011,urn:uuid:eb305c5b-3c9d-53db-b0f0-f27c41976da0,covers,urn:uuid:cc1c6b27-f9bc-5af9-92d3-5cc286de4a0c,chapter2.tex:1111-1405
urn:uuid:9684c1bf-4c37-53de-9071-3392fbcb8041,relation/unit/bab-2-limit/section/limit/covers/surface/unit-016/reference/ordinary/012,urn:uuid:eb305c5b-3c9d-53db-b0f0-f27c41976da0,covers,urn:uuid:2043613c-41ca-5e00-a21a-335c7851afd4,chapter2.tex:1111-1405
urn:uuid:1de7f9f8-52af-51a7-bfc7-2bf60aafc778,relation/unit/bab-2-limit/section/limit/covers/surface/unit-016/reference/ordinary/013,urn:uuid:eb305c5b-3c9d-53db-b0f0-f27c41976da0,covers,urn:uuid:ecfee0c4-b589-5600-9b58-ffcb6a80b9f4,chapter2.tex:1111-1405
urn:uuid:d98d5359-a2c7-5170-b4e7-bac98485eef1,relation/unit/bab-2-limit/section/limit/covers/surface/unit-016/reference/ordinary/014,urn:uuid:eb305c5b-3c9d-53db-b0f0-f27c41976da0,covers,urn:uuid:c4264042-bb8d-5977-9155-1a62e645c12b,chapter2.tex:1111-1405
urn:uuid:9035a349-0b08-543d-a5f0-b971f7448d26,relation/unit/bab-2-limit/section/limit/covers/surface/unit-016/reference/ordinary/015,urn:uuid:eb305c5b-3c9d-53db-b0f0-f27c41976da0,covers,urn:uuid:fa38f71d-6faa-5cb4-ab48-bc18c79e4ba8,chapter2.tex:1111-1405
urn:uuid:7556ff12-c83c-50c2-86aa-d873cae11490,relation/unit/bab-2-limit/section/limit/covers/surface/unit-016/reference/ordinary/016,urn:uuid:eb305c5b-3c9d-53db-b0f0-f27c41976da0,covers,urn:uuid:db5d22e2-de91-5144-972f-b4366deb0d3b,chapter2.tex:1111-1405
urn:uuid:5bbca283-747c-588d-815b-a455287963e4,relation/unit/bab-2-limit/section/limit/covers/surface/unit-016/reference/ordinary/017,urn:uuid:eb305c5b-3c9d-53db-b0f0-f27c41976da0,covers,urn:uuid:3be42ebc-69cd-5955-81fc-49cfe9704c40,chapter2.tex:1111-1405
urn:uuid:5c68a28d-8b9a-5642-aa3f-999fad372dc8,relation/unit/bab-2-limit/section/limit/covers/surface/unit-016/reference/ordinary/018,urn:uuid:eb305c5b-3c9d-53db-b0f0-f27c41976da0,covers,urn:uuid:f32173c4-dcd2-5dd2-a43c-c81eb4ea3dd4,chapter2.tex:1111-1405
urn:uuid:f1483a72-c6db-579c-a191-48abe098d6ca,relation/unit/bab-2-limit/section/limit/covers/surface/unit-016/reference/ordinary/019,urn:uuid:eb305c5b-3c9d-53db-b0f0-f27c41976da0,covers,urn:uuid:c3142796-60fc-5e8d-bb3a-c9a12ff1025b,chapter2.tex:1111-1405
urn:uuid:5d8c8f93-c83d-558d-946d-789a1c57e0d4,relation/unit/bab-2-limit/section/limit/covers/surface/unit-016/reference/ordinary/020,urn:uuid:eb305c5b-3c9d-53db-b0f0-f27c41976da0,covers,urn:uuid:79744b56-b50e-5c8d-97b4-aca84b9dd329,chapter2.tex:1111-1405
urn:uuid:a14bebe1-c7a9-529a-b672-38edf7d40835,relation/unit/bab-2-limit/section/limit/covers/surface/unit-016/reference/ordinary/021,urn:uuid:eb305c5b-3c9d-53db-b0f0-f27c41976da0,covers,urn:uuid:2239e44b-5aec-5115-91be-5e0ce5c4c08c,chapter2.tex:1111-1405
urn:uuid:e2dce32a-ec5a-5cb3-9600-8b463b2d1f77,relation/unit/bab-2-limit/section/limit/governed-by/rights/principal-cc-by-4.0,urn:uuid:eb305c5b-3c9d-53db-b0f0-f27c41976da0,governed-by,urn:uuid:0baf6c47-021d-5310-9475-81519e710250,
urn:uuid:52c35514-30fb-5572-a963-7438d9f7f31f,relation/unit/bab-2-limit/section/limit/includes-diagram/diagram/unit-016/tikzcd-01,urn:uuid:eb305c5b-3c9d-53db-b0f0-f27c41976da0,includes-diagram,urn:uuid:8dc483a6-a30b-53a7-9a42-060b784ac651,chapter2.tex:1151-1154
urn:uuid:3015defd-78fa-539e-982e-9c32c8c020b6,relation/unit/bab-2-limit/section/limit/includes-diagram/diagram/unit-016/tikzcd-02,urn:uuid:eb305c5b-3c9d-53db-b0f0-f27c41976da0,includes-diagram,urn:uuid:7560c20d-deb6-57d2-8bb8-61d9e6cd10db,chapter2.tex:1156-1159
urn:uuid:41548ee8-05c9-5467-b054-9c0585c865e6,relation/unit/bab-2-limit/section/limit/includes-diagram/diagram/unit-016/tikzcd-03,urn:uuid:eb305c5b-3c9d-53db-b0f0-f27c41976da0,includes-diagram,urn:uuid:8c64d6d6-b688-5c02-9b20-caa8302e2d17,chapter2.tex:1163-1166
urn:uuid:5b56941b-dea3-5f3d-b160-cd6ca67e95b4,relation/unit/bab-2-limit/section/limit/includes-diagram/diagram/unit-016/tikzcd-04,urn:uuid:eb305c5b-3c9d-53db-b0f0-f27c41976da0,includes-diagram,urn:uuid:0a69eea5-43f4-59eb-a7d7-6cccaf2f2ac1,chapter2.tex:1168-1171
urn:uuid:ed766634-e611-5a73-afb8-525c4cb75e38,relation/unit/bab-2-limit/section/limit/includes-diagram/diagram/unit-016/tikzcd-05,urn:uuid:eb305c5b-3c9d-53db-b0f0-f27c41976da0,includes-diagram,urn:uuid:83f81f32-bda4-599a-adaf-e5bfd30c0822,chapter2.tex:1178-1182
urn:uuid:e7363e6d-63c3-5d3c-84da-346e860e8312,relation/unit/bab-2-limit/section/limit/includes-diagram/diagram/unit-016/tikzcd-06,urn:uuid:eb305c5b-3c9d-53db-b0f0-f27c41976da0,includes-diagram,urn:uuid:b2f6881e-4f5e-5552-a772-174b9ad5ef20,chapter2.tex:1182-1186
urn:uuid:9373573b-14aa-5352-8ab2-9eac01a0ad01,relation/unit/bab-2-limit/section/limit/includes-diagram/diagram/unit-016/tikzcd-07,urn:uuid:eb305c5b-3c9d-53db-b0f0-f27c41976da0,includes-diagram,urn:uuid:3ebac50c-e9cf-5241-8f08-81fad4f1c8af,chapter2.tex:1199-1202
urn:uuid:7c817900-dd74-54b2-b766-0de1219b8b5a,relation/unit/bab-2-limit/section/limit/includes-diagram/diagram/unit-016/tikzcd-08,urn:uuid:eb305c5b-3c9d-53db-b0f0-f27c41976da0,includes-diagram,urn:uuid:f048defb-02bc-5922-a6c7-a7308765ffbf,chapter2.tex:1207-1210
urn:uuid:f51998d0-f554-5595-9e94-274132a7959b,relation/unit/bab-2-limit/section/limit/includes-diagram/diagram/unit-016/tikzcd-09,urn:uuid:eb305c5b-3c9d-53db-b0f0-f27c41976da0,includes-diagram,urn:uuid:4554a61f-7d56-5fd9-be9e-c035e52b8550,chapter2.tex:1249-1253
urn:uuid:2bcdf345-fb7a-5106-b3c1-0e567244c96e,relation/unit/bab-2-limit/section/limit/includes-diagram/diagram/unit-016/tikzcd-10,urn:uuid:eb305c5b-3c9d-53db-b0f0-f27c41976da0,includes-diagram,urn:uuid:faf7a262-5dd9-5195-be2a-13f961d61274,chapter2.tex:1253-1257
urn:uuid:5afe2b1f-cb4f-5718-945f-df044fd67907,relation/unit/bab-2-limit/section/limit/includes-diagram/diagram/unit-016/tikzcd-11,urn:uuid:eb305c5b-3c9d-53db-b0f0-f27c41976da0,includes-diagram,urn:uuid:14f5e884-3fe7-5c0a-bd03-502c58dec147,chapter2.tex:1284-1287
urn:uuid:f6a57fef-5863-5a88-b237-eeedbacf981f,relation/unit/bab-2-limit/section/limit/includes-diagram/diagram/unit-016/tikzcd-12,urn:uuid:eb305c5b-3c9d-53db-b0f0-f27c41976da0,includes-diagram,urn:uuid:f2d1c69d-f046-5923-aac3-798312182f77,chapter2.tex:1289-1292
urn:uuid:6f0aa7d2-f0e4-587e-a54f-f7efcd59f8bc,relation/unit/bab-2-limit/section/limit/includes-diagram/diagram/unit-016/tikzcd-13,urn:uuid:eb305c5b-3c9d-53db-b0f0-f27c41976da0,includes-diagram,urn:uuid:7d600a66-5cc8-5449-af90-27f7ff7cf07c,chapter2.tex:1293-1296
urn:uuid:37a2fb18-a47c-5e3d-a3ef-eb494b6e0489,relation/unit/bab-2-limit/section/limit/includes-diagram/diagram/unit-016/tikzcd-14,urn:uuid:eb305c5b-3c9d-53db-b0f0-f27c41976da0,includes-diagram,urn:uuid:cfb362fb-1c17-56ff-8d86-d13fd65cd979,chapter2.tex:1317-1320
urn:uuid:857d88ec-cd51-5320-8a8d-8d480648deef,relation/unit/bab-2-limit/section/limit/includes-diagram/diagram/unit-016/tikzcd-15,urn:uuid:eb305c5b-3c9d-53db-b0f0-f27c41976da0,includes-diagram,urn:uuid:9c3ae376-fef1-5aae-9999-16e2294e33af,chapter2.tex:1324-1327
urn:uuid:76cb8716-6723-555f-9d62-001f8c9ab099,relation/unit/bab-2-limit/section/limit/includes-diagram/diagram/unit-016/tikzcd-16,urn:uuid:eb305c5b-3c9d-53db-b0f0-f27c41976da0,includes-diagram,urn:uuid:27337f6b-7dfd-5d72-82ca-f0bd6f5e39fa,chapter2.tex:1339-1342
urn:uuid:bc694c6c-cd50-50bc-866e-29843f72c8ac,relation/unit/bab-2-limit/section/limit/includes-diagram/diagram/unit-016/tikzcd-17,urn:uuid:eb305c5b-3c9d-53db-b0f0-f27c41976da0,includes-diagram,urn:uuid:dc88cbd4-f75d-550c-a10f-54b566927a0e,chapter2.tex:1349-1352
urn:uuid:c5b2b5d2-2449-5b48-9ffb-43f1cd8af370,relation/unit/bab-2-limit/section/limit/includes-diagram/diagram/unit-016/tikzcd-18,urn:uuid:eb305c5b-3c9d-53db-b0f0-f27c41976da0,includes-diagram,urn:uuid:2892ef74-b66d-5939-9fb6-9040caf97cd7,chapter2.tex:1358-1360
urn:uuid:170710ea-fc8e-565d-9894-595cd31ef6f7,relation/unit/bab-2-limit/section/limit/includes-diagram/diagram/unit-016/tikzcd-19,urn:uuid:eb305c5b-3c9d-53db-b0f0-f27c41976da0,includes-diagram,urn:uuid:d906571a-0462-5181-8779-efa8239b2417,chapter2.tex:1362-1364
urn:uuid:c8ccd14e-4d76-5f7c-9836-9ba124c65c20,relation/unit/bab-2-limit/section/limit/includes-diagram/diagram/unit-016/tikzcd-20,urn:uuid:eb305c5b-3c9d-53db-b0f0-f27c41976da0,includes-diagram,urn:uuid:acb770fc-8ecc-5526-b2ab-b4de46fcca64,chapter2.tex:1366-1369
urn:uuid:0e2a8d27-2ebd-5e0a-8050-da890ecc7389,relation/unit/bab-2-limit/section/limit/includes-diagram/diagram/unit-016/tikzcd-21,urn:uuid:eb305c5b-3c9d-53db-b0f0-f27c41976da0,includes-diagram,urn:uuid:def3d3e2-682c-575a-b1e8-94cff50a83f5,chapter2.tex:1371-1374
urn:uuid:64c807b0-9a82-50df-bc2a-7c7bb56f81f8,relation/unit/bab-2-limit/section/limit/includes-diagram/diagram/unit-016/tikzcd-22,urn:uuid:eb305c5b-3c9d-53db-b0f0-f27c41976da0,includes-diagram,urn:uuid:8fa6593f-2a0a-50b6-96f1-0a35a9861dfc,chapter2.tex:1383-1386
urn:uuid:346612c3-f6e2-5f26-81ec-6c37bbb45943,relation/unit/bab-2-limit/section/limit/includes-diagram/diagram/unit-016/tikzcd-23,urn:uuid:eb305c5b-3c9d-53db-b0f0-f27c41976da0,includes-diagram,urn:uuid:c3b327ab-fbfd-54ae-9af1-7ac8b3d39c89,chapter2.tex:1392-1395
urn:uuid:ab80a9a5-2387-5e48-b91e-2288465ee49b,relation/unit/bab-2-limit/section/limit/indexes/index-entry/unit-016/associativity-constraint,urn:uuid:eb305c5b-3c9d-53db-b0f0-f27c41976da0,indexes,urn:uuid:7620c7d7-6f43-5bb9-b192-d5e43e3e4bd6,chapter2.tex:1381
urn:uuid:eac8775f-9336-5b71-bc89-1e573d7757b2,relation/unit/bab-2-limit/section/limit/indexes/index-entry/unit-016/coequalizer,urn:uuid:eb305c5b-3c9d-53db-b0f0-f27c41976da0,indexes,urn:uuid:561a8e25-8170-5641-85b9-1d276bcc9929,chapter2.tex:1365
urn:uuid:8e2f4869-5e9e-56cd-bd6a-44d2e8b42657,relation/unit/bab-2-limit/section/limit/indexes/index-entry/unit-016/cokernel-symbol,urn:uuid:eb305c5b-3c9d-53db-b0f0-f27c41976da0,indexes,urn:uuid:1bc9f8a9-d9f0-5e54-b5af-65d6dc7223dc,chapter2.tex:1365
urn:uuid:7840ee65-6858-5985-85af-fb5ca6d5f5a0,relation/unit/bab-2-limit/section/limit/indexes/index-entry/unit-016/commutativity-constraint,urn:uuid:eb305c5b-3c9d-53db-b0f0-f27c41976da0,indexes,urn:uuid:de7cf6ce-e90c-52a6-a5c2-2f3a95508671,chapter2.tex:1390
urn:uuid:28d559ef-a2e7-5140-a30c-5b4439654583,relation/unit/bab-2-limit/section/limit/indexes/index-entry/unit-016/coproduct,urn:uuid:eb305c5b-3c9d-53db-b0f0-f27c41976da0,indexes,urn:uuid:62999591-d192-5793-bc1f-6460bbcdfda6,chapter2.tex:1347
urn:uuid:5224c3da-0d1c-55fa-b735-2ca57e0416c1,relation/unit/bab-2-limit/section/limit/indexes/index-entry/unit-016/equalizer,urn:uuid:eb305c5b-3c9d-53db-b0f0-f27c41976da0,indexes,urn:uuid:ef90b154-17ce-5f71-859d-96b853e52aed,chapter2.tex:1365
urn:uuid:04167360-20b2-5153-ad33-aeb8abc1c1c5,relation/unit/bab-2-limit/section/limit/indexes/index-entry/unit-016/filtered-category,urn:uuid:eb305c5b-3c9d-53db-b0f0-f27c41976da0,indexes,urn:uuid:9a073e59-4c21-50f0-8548-170367208fe2,chapter2.tex:1232
urn:uuid:4fe1ad9d-8274-532f-9e4a-218cbfea4a61,relation/unit/bab-2-limit/section/limit/indexes/index-entry/unit-016/inductive-limit,urn:uuid:eb305c5b-3c9d-53db-b0f0-f27c41976da0,indexes,urn:uuid:709f2083-306a-52db-9282-565dec5e3c4e,chapter2.tex:1131
urn:uuid:2bb27f7e-7ad5-598c-8cd0-cd9fdb16e10f,relation/unit/bab-2-limit/section/limit/indexes/index-entry/unit-016/inductive-limit-symbol,urn:uuid:eb305c5b-3c9d-53db-b0f0-f27c41976da0,indexes,urn:uuid:c1d82ae5-255d-53b8-b252-1b11cf0eab60,chapter2.tex:1131
urn:uuid:cba5d6f5-4716-5b73-b4dc-1d79937e6681,relation/unit/bab-2-limit/section/limit/indexes/index-entry/unit-016/kernel-symbol,urn:uuid:eb305c5b-3c9d-53db-b0f0-f27c41976da0,indexes,urn:uuid:eb2d5b46-9ff4-5547-a501-20c0176e9236,chapter2.tex:1365
urn:uuid:922514a8-8ac3-5394-b27d-5e0df276c17e,relation/unit/bab-2-limit/section/limit/indexes/index-entry/unit-016/product,urn:uuid:eb305c5b-3c9d-53db-b0f0-f27c41976da0,indexes,urn:uuid:e72ce470-651b-5c8d-bce5-53b3cf37d58a,chapter2.tex:1347
urn:uuid:24593382-735a-58d9-bc8e-566f4fdadc3e,relation/unit/bab-2-limit/section/limit/indexes/index-entry/unit-016/projective-limit,urn:uuid:eb305c5b-3c9d-53db-b0f0-f27c41976da0,indexes,urn:uuid:d8b16537-7058-5b08-b4cb-627b3282d54a,chapter2.tex:1131
urn:uuid:ffd7d615-43f0-5ec3-b16d-cf96a275f9f2,relation/unit/bab-2-limit/section/limit/indexes/index-entry/unit-016/projective-limit-symbol,urn:uuid:eb305c5b-3c9d-53db-b0f0-f27c41976da0,indexes,urn:uuid:0ccde902-c20b-5e71-8736-eaaf506bb49a,chapter2.tex:1131
urn:uuid:ffa0b118-3bab-5c88-8530-69e1e6a88bf3,relation/unit/bab-2-limit/section/limit/requires/prerequisite/basic-mathematical-literacy,urn:uuid:eb305c5b-3c9d-53db-b0f0-f27c41976da0,requires,urn:uuid:8fb6c957-7285-5258-978c-e1369c7e39d7,chapter2.tex:1111-1405
urn:uuid:72b27c98-f223-5930-b5ec-22f90ffb847f,relation/unit/bab-2-limit/section/limit/requires/prerequisite/categories-and-morphisms,urn:uuid:eb305c5b-3c9d-53db-b0f0-f27c41976da0,requires,urn:uuid:dd69ccfd-7399-53a2-83fe-84127b1baf1d,chapter2.tex:1111-1405
urn:uuid:de6da040-911e-5eb0-8555-441438c56a88,relation/unit/bab-2-limit/section/limit/requires/prerequisite/cauchy-sequences-and-completeness,urn:uuid:eb305c5b-3c9d-53db-b0f0-f27c41976da0,requires,urn:uuid:b9018862-5027-50f5-9947-a9a9526cc91f,chapter2.tex:1111-1405
urn:uuid:95b65930-65e5-5f6c-b10f-dbddd785debc,relation/unit/bab-2-limit/section/limit/requires/prerequisite/elementary-number-theory,urn:uuid:eb305c5b-3c9d-53db-b0f0-f27c41976da0,requires,urn:uuid:cae14762-1ca0-5a11-aad9-20c81d540fee,chapter2.tex:1111-1405
urn:uuid:22d20754-cf54-5c0a-8df1-1b3a1214ac71,relation/unit/bab-2-limit/section/limit/requires/prerequisite/elementary-set-theory,urn:uuid:eb305c5b-3c9d-53db-b0f0-f27c41976da0,requires,urn:uuid:00f7d0ea-1b60-51da-843f-cca760a368e4,chapter2.tex:1111-1405
urn:uuid:4c31ab1a-7990-5f48-8b38-7ca3dab312fc,relation/unit/bab-2-limit/section/limit/requires/prerequisite/functor-categories,urn:uuid:eb305c5b-3c9d-53db-b0f0-f27c41976da0,requires,urn:uuid:e3c2ed29-b6a0-5f8d-9613-6f2b41d962c8,chapter2.tex:1111-1405
urn:uuid:81caa5ca-6f76-5419-9c22-52065d2a44bc,relation/unit/bab-2-limit/section/limit/requires/prerequisite/functors-and-natural-transformations,urn:uuid:eb305c5b-3c9d-53db-b0f0-f27c41976da0,requires,urn:uuid:3e864ace-90f6-56b3-8ce5-2e0690dbc9f8,chapter2.tex:1111-1405
urn:uuid:53255300-65be-5d6f-835c-c35b436a2af2,relation/unit/bab-2-limit/section/limit/requires/prerequisite/linear-transformations,urn:uuid:eb305c5b-3c9d-53db-b0f0-f27c41976da0,requires,urn:uuid:9ef76bd8-39cf-5b09-8c2d-2d8c95f91aec,chapter2.tex:1111-1405
urn:uuid:20dfc4ea-542d-5a05-848b-18482d3898e9,relation/unit/bab-2-limit/section/limit/requires/prerequisite/mathematical-logic,urn:uuid:eb305c5b-3c9d-53db-b0f0-f27c41976da0,requires,urn:uuid:451f60c6-04ab-54a7-9d74-9dee65d088b7,chapter2.tex:1111-1405
urn:uuid:c6d96dcf-6940-590c-b555-b9a22ac28bfe,relation/unit/bab-2-limit/section/limit/requires/prerequisite/matrices,urn:uuid:eb305c5b-3c9d-53db-b0f0-f27c41976da0,requires,urn:uuid:d4260077-2f56-5951-8fe1-2dc390f81288,chapter2.tex:1111-1405
urn:uuid:98bedd84-9d6b-5070-af46-e1ae34135833,relation/unit/bab-2-limit/section/limit/requires/prerequisite/permutations-and-symmetric-groups,urn:uuid:eb305c5b-3c9d-53db-b0f0-f27c41976da0,requires,urn:uuid:ee7d907b-05bc-5def-81d5-7fcd351829b8,chapter2.tex:1111-1405
urn:uuid:e1a9ef98-8699-58df-b0c1-18b60e3aab25,relation/unit/bab-2-limit/section/limit/requires/prerequisite/point-set-topology,urn:uuid:eb305c5b-3c9d-53db-b0f0-f27c41976da0,requires,urn:uuid:6a61cd7e-28fe-5c64-9573-cf9ab46e5e96,chapter2.tex:1111-1405
urn:uuid:023ac4f6-2e92-5ab4-bc13-9b0ba499109d,relation/unit/bab-2-limit/section/limit/requires/prerequisite/polynomials,urn:uuid:eb305c5b-3c9d-53db-b0f0-f27c41976da0,requires,urn:uuid:15245348-aca2-5814-9ca8-0fce14044e14,chapter2.tex:1111-1405
urn:uuid:cbd11338-88bd-5b6e-8aba-317149013ea3,relation/unit/bab-2-limit/section/limit/requires/prerequisite/real-analysis-basics,urn:uuid:eb305c5b-3c9d-53db-b0f0-f27c41976da0,requires,urn:uuid:4eedb52d-6e0a-5379-b39c-5043b067c49f,chapter2.tex:1111-1405
urn:uuid:fd44f857-e8ef-57ef-9cfc-86454e4af8a0,relation/unit/bab-2-limit/section/limit/requires/prerequisite/representable-functors-and-yoneda,urn:uuid:eb305c5b-3c9d-53db-b0f0-f27c41976da0,requires,urn:uuid:9fac54c6-e671-58b9-b840-4799739adb1e,chapter2.tex:1111-1405
urn:uuid:18017f06-2ee9-557f-b7f3-32ca5ad64503,relation/unit/bab-2-limit/section/limit/requires/prerequisite/universal-properties-and-comma-categories,urn:uuid:eb305c5b-3c9d-53db-b0f0-f27c41976da0,requires,urn:uuid:8cab24d2-0f78-5bf9-96f8-5b2f2b07168d,chapter2.tex:1111-1405
urn:uuid:bc8e1187-c627-535d-a2f0-21ccc9cb5dae,relation/unit/bab-2-limit/section/limit/requires/prerequisite/vector-spaces,urn:uuid:eb305c5b-3c9d-53db-b0f0-f27c41976da0,requires,urn:uuid:dfd6d864-afe6-5d0e-90f7-c130241cf396,chapter2.tex:1111-1405
