relation_id,relation_key,source_id,predicate,target_id,evidence
urn:uuid:61dad3bb-b61c-51f3-ac9b-866974b3f3f2,relation/build-surface/unit-022-pdf/governed-by/rights/ajbook-fragment-cc-by-sa-3.0,urn:uuid:9eab40ce-4410-5bb4-b64d-f566d57a6e8c,governed-by,urn:uuid:10faf5cd-990f-5850-87b4-26922b062485,
urn:uuid:2258fcb4-4fe7-5d98-9676-7b22c8352d39,relation/build-surface/unit-022-pdf/governed-by/rights/noto-fonts-ofl-1.1,urn:uuid:9eab40ce-4410-5bb4-b64d-f566d57a6e8c,governed-by,urn:uuid:b9f7a7a7-8e18-507a-b72e-b5de733a7430,
urn:uuid:d734ee02-5ae7-5740-8950-a8fd83d46e9d,relation/build-surface/unit-022-pdf/governed-by/rights/principal-cc-by-4.0,urn:uuid:9eab40ce-4410-5bb4-b64d-f566d57a6e8c,governed-by,urn:uuid:0baf6c47-021d-5310-9475-81519e710250,
urn:uuid:53d067a9-5de9-5fda-80de-fadd94073da9,relation/course/o013/requires/prerequisite/basic-mathematical-literacy,urn:uuid:a5f3ad58-ce3c-5f5f-b581-1f842ae79192,requires,urn:uuid:8fb6c957-7285-5258-978c-e1369c7e39d7,prelude.tex:49-60
urn:uuid:6af4c728-a07b-5571-a30d-9ee62c1a5a6e,relation/course/o013/requires/prerequisite/cauchy-sequences-and-completeness,urn:uuid:a5f3ad58-ce3c-5f5f-b581-1f842ae79192,requires,urn:uuid:b9018862-5027-50f5-9947-a9a9526cc91f,prelude.tex:49-60
urn:uuid:cdc5bef1-ed82-58de-9b13-95ec2357d9af,relation/course/o013/requires/prerequisite/elementary-number-theory,urn:uuid:a5f3ad58-ce3c-5f5f-b581-1f842ae79192,requires,urn:uuid:cae14762-1ca0-5a11-aad9-20c81d540fee,prelude.tex:49-60
urn:uuid:de5cce3e-de42-54c1-898b-fcd09a991c8d,relation/course/o013/requires/prerequisite/elementary-set-theory,urn:uuid:a5f3ad58-ce3c-5f5f-b581-1f842ae79192,requires,urn:uuid:00f7d0ea-1b60-51da-843f-cca760a368e4,prelude.tex:49-60
urn:uuid:922e2514-3fa4-5b3d-86e1-836505ce7783,relation/course/o013/requires/prerequisite/linear-transformations,urn:uuid:a5f3ad58-ce3c-5f5f-b581-1f842ae79192,requires,urn:uuid:9ef76bd8-39cf-5b09-8c2d-2d8c95f91aec,prelude.tex:49-60
urn:uuid:74ce1984-1114-53f2-a033-f2e9c028f4ee,relation/course/o013/requires/prerequisite/mathematical-logic,urn:uuid:a5f3ad58-ce3c-5f5f-b581-1f842ae79192,requires,urn:uuid:451f60c6-04ab-54a7-9d74-9dee65d088b7,prelude.tex:49-60
urn:uuid:18ee0c4f-7e83-55ce-b990-c9ff64548532,relation/course/o013/requires/prerequisite/matrices,urn:uuid:a5f3ad58-ce3c-5f5f-b581-1f842ae79192,requires,urn:uuid:d4260077-2f56-5951-8fe1-2dc390f81288,prelude.tex:49-60
urn:uuid:fe264b2f-dbe8-5589-8cb1-d75a56744c5a,relation/course/o013/requires/prerequisite/permutations-and-symmetric-groups,urn:uuid:a5f3ad58-ce3c-5f5f-b581-1f842ae79192,requires,urn:uuid:ee7d907b-05bc-5def-81d5-7fcd351829b8,prelude.tex:49-60
urn:uuid:b09b00b5-df77-5d64-94da-753d1b21fef4,relation/course/o013/requires/prerequisite/point-set-topology,urn:uuid:a5f3ad58-ce3c-5f5f-b581-1f842ae79192,requires,urn:uuid:6a61cd7e-28fe-5c64-9573-cf9ab46e5e96,prelude.tex:49-60
urn:uuid:ed32b23d-1271-5fa2-948f-562f6f29a2c2,relation/course/o013/requires/prerequisite/polynomials,urn:uuid:a5f3ad58-ce3c-5f5f-b581-1f842ae79192,requires,urn:uuid:15245348-aca2-5814-9ca8-0fce14044e14,prelude.tex:49-60
urn:uuid:59f7a53e-63b6-5f7d-a2ba-9f942e60d2cf,relation/course/o013/requires/prerequisite/real-analysis-basics,urn:uuid:a5f3ad58-ce3c-5f5f-b581-1f842ae79192,requires,urn:uuid:4eedb52d-6e0a-5379-b39c-5043b067c49f,prelude.tex:49-60
urn:uuid:f4f655a5-427a-5113-b6d6-fff3511fadfd,relation/course/o013/requires/prerequisite/vector-spaces,urn:uuid:a5f3ad58-ce3c-5f5f-b581-1f842ae79192,requires,urn:uuid:dfd6d864-afe6-5d0e-90f7-c130241cf396,prelude.tex:49-60
urn:uuid:671c70bd-307b-5cb8-a6cc-698df22eb60a,relation/course/o013/uses-resource/resource/wenweili/aljabr-1,urn:uuid:a5f3ad58-ce3c-5f5f-b581-1f842ae79192,uses-resource,urn:uuid:a72e8c67-4b46-5049-b626-479af39b5397,
urn:uuid:5f2cea25-c41d-52db-9986-e84c8f704e99,relation/diagram/unit-022/tikzcd-01/governed-by/rights/principal-cc-by-4.0,urn:uuid:0d30b6f9-8222-5a76-a808-ce19ac1bdfef,governed-by,urn:uuid:0baf6c47-021d-5310-9475-81519e710250,
urn:uuid:8ca8c49d-c36e-5f8e-af7a-3eb9f338fd9c,relation/diagram/unit-022/tikzcd-02/governed-by/rights/principal-cc-by-4.0,urn:uuid:bdd90eaa-1475-5cec-98e5-e561cbb0c640,governed-by,urn:uuid:0baf6c47-021d-5310-9475-81519e710250,
urn:uuid:031be6ea-fae9-5705-a610-7ca69a8af797,relation/diagram/unit-022/tikzcd-03/governed-by/rights/principal-cc-by-4.0,urn:uuid:422dcfa0-6f13-5a51-80bc-14a483099839,governed-by,urn:uuid:0baf6c47-021d-5310-9475-81519e710250,
urn:uuid:75af6eeb-2723-54b6-861b-148c470e918e,relation/diagram/unit-022/tikzcd-04/governed-by/rights/principal-cc-by-4.0,urn:uuid:aa33947b-8c0a-52b7-85d0-8bea7a4403e4,governed-by,urn:uuid:0baf6c47-021d-5310-9475-81519e710250,
urn:uuid:764f7873-2e3b-515b-8748-b127fdc9c8dc,relation/diagram/unit-022/tikzcd-05/governed-by/rights/principal-cc-by-4.0,urn:uuid:d5e8661f-9a90-5052-aa00-f90bb82d3ea5,governed-by,urn:uuid:0baf6c47-021d-5310-9475-81519e710250,
urn:uuid:a52c9ff2-71c4-5956-92b1-17a2608c5ed2,relation/diagram/unit-022/tikzcd-06/governed-by/rights/principal-cc-by-4.0,urn:uuid:bafb4d03-96e8-5ee7-b63e-a3f1d0f2f9bd,governed-by,urn:uuid:0baf6c47-021d-5310-9475-81519e710250,
urn:uuid:6bc5ad9c-1839-579f-b52a-70823b9d262a,relation/diagram/unit-022/tikzpicture-01/governed-by/rights/principal-cc-by-4.0,urn:uuid:568e318e-f831-510b-ac4f-9b3579691f0c,governed-by,urn:uuid:0baf6c47-021d-5310-9475-81519e710250,
urn:uuid:7ec23331-8314-5ca9-b369-24c2e1ee923d,relation/diagram/unit-022/tikzpicture-02/governed-by/rights/principal-cc-by-4.0,urn:uuid:5c8de8ac-dd72-5d74-8689-ae021b7be41c,governed-by,urn:uuid:0baf6c47-021d-5310-9475-81519e710250,
urn:uuid:48ed10be-9fb9-5bcb-adce-5f80a1a6bb5a,relation/diagram/unit-022/tikzpicture-03/governed-by/rights/principal-cc-by-4.0,urn:uuid:f269de96-49f2-562a-9fe4-749617f681cf,governed-by,urn:uuid:0baf6c47-021d-5310-9475-81519e710250,
urn:uuid:d37ddec9-ce10-51e7-a41f-70271a1c24e1,relation/edition/wenweili/aljabr-1/c4f7a01f68f5f407906b4b970640cddbbad85f6b/contains/unit/bab-3-kategori-diperkaya-dan-aditif,urn:uuid:df2d23de-7370-5da5-ad49-42fb7c718c49,contains,urn:uuid:57081c05-2854-57ae-a7b7-8f0ae36cf85d,chapter3.tex:513-722
urn:uuid:f43da1b4-0053-5379-9911-864a80e9df27,relation/program/open-mathematics-curriculum/2026/contains/course/o013,urn:uuid:9d8d0610-2560-5376-8679-5a9418407a78,contains,urn:uuid:a5f3ad58-ce3c-5f5f-b581-1f842ae79192,
urn:uuid:03dde2e7-13e9-5147-9aac-4160466fd402,relation/resource/wenweili/aljabr-1/has-edition/edition/wenweili/aljabr-1/c4f7a01f68f5f407906b4b970640cddbbad85f6b,urn:uuid:a72e8c67-4b46-5049-b626-479af39b5397,has-edition,urn:uuid:df2d23de-7370-5da5-ad49-42fb7c718c49,
urn:uuid:bc306c0a-93a0-57b2-97b2-5e967adf0b3e,relation/unit/bab-3-kategori-diperkaya-dan-aditif/built-by/build-surface/unit-022-pdf,urn:uuid:57081c05-2854-57ae-a7b7-8f0ae36cf85d,built-by,urn:uuid:9eab40ce-4410-5bb4-b64d-f566d57a6e8c,
urn:uuid:1f7b86f9-e91a-5287-8130-0523a802ba7d,relation/unit/bab-3-kategori-diperkaya-dan-aditif/checked-by/qa/unit-022/admission-gate,urn:uuid:57081c05-2854-57ae-a7b7-8f0ae36cf85d,checked-by,urn:uuid:0ae6f030-a998-51a3-acf2-51b17a5d52aa,
urn:uuid:12c99256-fca5-522a-93ca-ee2f6edd58e3,relation/unit/bab-3-kategori-diperkaya-dan-aditif/checked-by/qa/unit-022/all-page-visual-review,urn:uuid:57081c05-2854-57ae-a7b7-8f0ae36cf85d,checked-by,urn:uuid:1000f27e-e3b2-5c30-9518-2527d2e0d9d5,
urn:uuid:cf380ba4-b3cb-5f9e-a7c8-82756e7276f7,relation/unit/bab-3-kategori-diperkaya-dan-aditif/checked-by/qa/unit-022/math-structure-review,urn:uuid:57081c05-2854-57ae-a7b7-8f0ae36cf85d,checked-by,urn:uuid:94f06285-7567-59f9-95d5-8a243914db84,
urn:uuid:da5d4e76-7321-5980-8610-f5a68e54e42a,relation/unit/bab-3-kategori-diperkaya-dan-aditif/checked-by/qa/unit-022/render-replay,urn:uuid:57081c05-2854-57ae-a7b7-8f0ae36cf85d,checked-by,urn:uuid:f3deb41d-9c32-5080-a84b-5664cc6cbab1,
urn:uuid:d7e7a841-3080-5914-a091-6da822824ed1,relation/unit/bab-3-kategori-diperkaya-dan-aditif/checked-by/qa/unit-022/source-corrections,urn:uuid:57081c05-2854-57ae-a7b7-8f0ae36cf85d,checked-by,urn:uuid:1d6cab05-2d18-504e-824a-4b864ba01358,
urn:uuid:995d2370-b8c9-5387-a22f-c77935d88d34,relation/unit/bab-3-kategori-diperkaya-dan-aditif/checked-by/qa/unit-022/source-review,urn:uuid:57081c05-2854-57ae-a7b7-8f0ae36cf85d,checked-by,urn:uuid:cd50018a-a099-5561-9eb2-ae2ea9892bab,
urn:uuid:392a3462-9df1-52d9-a28b-84d3f2bc2268,relation/unit/bab-3-kategori-diperkaya-dan-aditif/checked-by/qa/unit-022/structure-check,urn:uuid:57081c05-2854-57ae-a7b7-8f0ae36cf85d,checked-by,urn:uuid:8355849f-e943-53d9-ba1e-d42e5348123d,
urn:uuid:37bac21c-62f3-5a09-8494-972307fb4c91,relation/unit/bab-3-kategori-diperkaya-dan-aditif/checked-by/qa/unit-022/terminology-control,urn:uuid:57081c05-2854-57ae-a7b7-8f0ae36cf85d,checked-by,urn:uuid:6053447e-baaa-5528-a74e-62b67fc1b8d1,
urn:uuid:723da001-6d90-5e96-8db1-e95847e85d70,relation/unit/bab-3-kategori-diperkaya-dan-aditif/checked-by/qa/unit-022/terminology-evidence,urn:uuid:57081c05-2854-57ae-a7b7-8f0ae36cf85d,checked-by,urn:uuid:7b28d834-c0c1-54b7-b6aa-9230b5408cc4,
urn:uuid:96839dfb-4253-5944-9813-12f5b78932d7,relation/unit/bab-3-kategori-diperkaya-dan-aditif/contains/unit/bab-3-kategori-diperkaya-dan-aditif/section/kategori-diperkaya-dan-aditif,urn:uuid:57081c05-2854-57ae-a7b7-8f0ae36cf85d,contains,urn:uuid:92486b3a-ab2f-5e01-9591-97dde64dc3d9,chapter3.tex:513-722
urn:uuid:5f8a3e35-577a-564c-8de0-ad3547f3dd52,relation/unit/bab-3-kategori-diperkaya-dan-aditif/covers/concept/ab-enriched-category,urn:uuid:57081c05-2854-57ae-a7b7-8f0ae36cf85d,covers,urn:uuid:6c7dbbb3-6c42-504b-aa28-5d76421cc738,
urn:uuid:46fb9245-13a1-5060-b383-78b6296e064f,relation/unit/bab-3-kategori-diperkaya-dan-aditif/covers/concept/additive-category,urn:uuid:57081c05-2854-57ae-a7b7-8f0ae36cf85d,covers,urn:uuid:6f7550b2-a9d1-5946-aebc-11814c047d09,
urn:uuid:0cb6c02a-dcbf-5911-af7c-ab14229138c3,relation/unit/bab-3-kategori-diperkaya-dan-aditif/covers/concept/additive-functor,urn:uuid:57081c05-2854-57ae-a7b7-8f0ae36cf85d,covers,urn:uuid:a73089cd-3a03-5af7-87a8-db11dd01a4a5,
urn:uuid:555062a4-dab8-5034-a49e-3ae5c14c73c7,relation/unit/bab-3-kategori-diperkaya-dan-aditif/covers/concept/associativity-constraint,urn:uuid:57081c05-2854-57ae-a7b7-8f0ae36cf85d,covers,urn:uuid:9cdc71d9-0940-555e-a46a-21049ceb1608,
urn:uuid:8ae7c5c2-8f32-5406-9b02-91c65472bffb,relation/unit/bab-3-kategori-diperkaya-dan-aditif/covers/concept/bilinear-composition,urn:uuid:57081c05-2854-57ae-a7b7-8f0ae36cf85d,covers,urn:uuid:15063ced-a947-55cd-b67b-8b0d3fe62630,
urn:uuid:0520b22e-5be0-5372-82f5-6e1d87319313,relation/unit/bab-3-kategori-diperkaya-dan-aditif/covers/concept/biproduct,urn:uuid:57081c05-2854-57ae-a7b7-8f0ae36cf85d,covers,urn:uuid:036ded4e-66a3-54ef-9dc9-b2866e800620,
urn:uuid:e600b8f4-a59d-5974-a183-ce97bd24a9d0,relation/unit/bab-3-kategori-diperkaya-dan-aditif/covers/concept/biproduct-injection,urn:uuid:57081c05-2854-57ae-a7b7-8f0ae36cf85d,covers,urn:uuid:28a225a2-5e5e-5427-a0d2-0a70611b124b,
urn:uuid:8c09764a-6723-5624-8b87-0d69e3978384,relation/unit/bab-3-kategori-diperkaya-dan-aditif/covers/concept/biproduct-projection,urn:uuid:57081c05-2854-57ae-a7b7-8f0ae36cf85d,covers,urn:uuid:82ea8c49-cb06-53c4-9ba5-c97da742defc,
urn:uuid:2eea9137-bc54-5909-b458-47e383b8ebfd,relation/unit/bab-3-kategori-diperkaya-dan-aditif/covers/concept/coproduct,urn:uuid:57081c05-2854-57ae-a7b7-8f0ae36cf85d,covers,urn:uuid:e62391b3-cdfd-5b44-a7d0-e25a213dcbfe,
urn:uuid:e626cce8-1f41-5548-92ec-f42d9093d183,relation/unit/bab-3-kategori-diperkaya-dan-aditif/covers/concept/enriched-category,urn:uuid:57081c05-2854-57ae-a7b7-8f0ae36cf85d,covers,urn:uuid:9f0f4477-2c15-547d-a24b-35c90388f180,
urn:uuid:e26feaab-266b-51f9-bb0f-3c9fdcc68ecb,relation/unit/bab-3-kategori-diperkaya-dan-aditif/covers/concept/enriched-category-equivalence,urn:uuid:57081c05-2854-57ae-a7b7-8f0ae36cf85d,covers,urn:uuid:3609daa7-db49-5fcb-9640-2e64731d2194,
urn:uuid:c3b83241-bb8f-5aee-8011-116c15f9535c,relation/unit/bab-3-kategori-diperkaya-dan-aditif/covers/concept/enriched-composition,urn:uuid:57081c05-2854-57ae-a7b7-8f0ae36cf85d,covers,urn:uuid:38b7290d-19fa-5884-82e2-0236a4476d05,
urn:uuid:754f5800-34de-5696-b287-90beea999c40,relation/unit/bab-3-kategori-diperkaya-dan-aditif/covers/concept/enriched-functor,urn:uuid:57081c05-2854-57ae-a7b7-8f0ae36cf85d,covers,urn:uuid:e0da7265-f364-57ff-b03b-407910ffd6d4,
urn:uuid:08c2f933-4404-5c2b-a681-925907a4847e,relation/unit/bab-3-kategori-diperkaya-dan-aditif/covers/concept/enriched-identity,urn:uuid:57081c05-2854-57ae-a7b7-8f0ae36cf85d,covers,urn:uuid:1e079b22-b2f1-517d-a53a-a133142f04dd,
urn:uuid:cffd1fe3-98ef-5cb8-8867-3720c3da3b13,relation/unit/bab-3-kategori-diperkaya-dan-aditif/covers/concept/enriched-natural-transformation,urn:uuid:57081c05-2854-57ae-a7b7-8f0ae36cf85d,covers,urn:uuid:34a7e600-bb99-5f27-a761-9cbef3d8667d,
urn:uuid:3044e55e-e01b-5330-9283-168ffdb2d5a0,relation/unit/bab-3-kategori-diperkaya-dan-aditif/covers/concept/finite-biproduct,urn:uuid:57081c05-2854-57ae-a7b7-8f0ae36cf85d,covers,urn:uuid:5d148b89-75f2-5206-a353-9646bf82560a,
urn:uuid:d4c9cfb4-beec-5b28-8926-19b6f66be68e,relation/unit/bab-3-kategori-diperkaya-dan-aditif/covers/concept/forgetful-functor,urn:uuid:57081c05-2854-57ae-a7b7-8f0ae36cf85d,covers,urn:uuid:be8fdd79-2e4f-5a45-b766-4b88e50e387a,
urn:uuid:c2806223-fed0-5bd1-b2e7-7b485293544d,relation/unit/bab-3-kategori-diperkaya-dan-aditif/covers/concept/hom-object,urn:uuid:57081c05-2854-57ae-a7b7-8f0ae36cf85d,covers,urn:uuid:e042c284-14c4-524e-8e38-8deaad15e802,
urn:uuid:ed179ba6-08d2-54e7-9b53-09df10b0ecaa,relation/unit/bab-3-kategori-diperkaya-dan-aditif/covers/concept/monoidal-category,urn:uuid:57081c05-2854-57ae-a7b7-8f0ae36cf85d,covers,urn:uuid:168a49b3-f968-5460-883e-75f186b10488,
urn:uuid:b6e021f5-7f2e-5353-b80c-324578f4cbfc,relation/unit/bab-3-kategori-diperkaya-dan-aditif/covers/concept/naturality,urn:uuid:57081c05-2854-57ae-a7b7-8f0ae36cf85d,covers,urn:uuid:d83d9adc-4a52-5986-baac-78f1c38b337a,
urn:uuid:2126c9a3-a4e5-5801-ab08-0ac59f01dad7,relation/unit/bab-3-kategori-diperkaya-dan-aditif/covers/concept/preadditive-category,urn:uuid:57081c05-2854-57ae-a7b7-8f0ae36cf85d,covers,urn:uuid:3b74db38-9d57-56b4-a4c5-15604619723c,
urn:uuid:fb993988-1a5c-5568-a162-ac052b06ba12,relation/unit/bab-3-kategori-diperkaya-dan-aditif/covers/concept/product,urn:uuid:57081c05-2854-57ae-a7b7-8f0ae36cf85d,covers,urn:uuid:cd552f29-06ce-5025-92b9-ae3543b57991,
urn:uuid:1e30825a-e91e-5c7a-8abe-d0cd2a0c2d4e,relation/unit/bab-3-kategori-diperkaya-dan-aditif/covers/concept/topological-category,urn:uuid:57081c05-2854-57ae-a7b7-8f0ae36cf85d,covers,urn:uuid:a41ed087-1fb4-52db-a12e-c142c26a6302,
urn:uuid:678e914a-eb2d-5ca0-ae66-d86dd3320179,relation/unit/bab-3-kategori-diperkaya-dan-aditif/covers/concept/underlying-ordinary-category,urn:uuid:57081c05-2854-57ae-a7b7-8f0ae36cf85d,covers,urn:uuid:d50bcaa7-5087-50b0-bf5b-9b2239cbf44a,
urn:uuid:5e2e4103-1144-5c84-9d4d-d1208e50612b,relation/unit/bab-3-kategori-diperkaya-dan-aditif/covers/concept/unit-constraint,urn:uuid:57081c05-2854-57ae-a7b7-8f0ae36cf85d,covers,urn:uuid:23619e4d-1602-5850-b63b-99615a6a57eb,
urn:uuid:981a4204-419b-5876-81f5-87b8bc32fd9e,relation/unit/bab-3-kategori-diperkaya-dan-aditif/covers/concept/unit-object,urn:uuid:57081c05-2854-57ae-a7b7-8f0ae36cf85d,covers,urn:uuid:e82a27ee-59d2-58b5-a592-d7f8adf9553c,
urn:uuid:12e56809-7352-5c98-9f75-97bd8987fc57,relation/unit/bab-3-kategori-diperkaya-dan-aditif/covers/concept/zero-morphism,urn:uuid:57081c05-2854-57ae-a7b7-8f0ae36cf85d,covers,urn:uuid:3ee2b3c6-b375-58e8-b3e2-ac2ae917c1ff,
urn:uuid:a04a3554-1cc9-595b-8fb0-c4d4166d290e,relation/unit/bab-3-kategori-diperkaya-dan-aditif/covers/concept/zero-object,urn:uuid:57081c05-2854-57ae-a7b7-8f0ae36cf85d,covers,urn:uuid:51c84edb-2431-5ed0-8e0c-2368a1aae0d8,
urn:uuid:6886dea8-3e25-5950-b81c-601309d36a33,relation/unit/bab-3-kategori-diperkaya-dan-aditif/covers/correction/o013-li-u022-cor-001,urn:uuid:57081c05-2854-57ae-a7b7-8f0ae36cf85d,covers,urn:uuid:717e2a4c-be1c-5285-b3ff-fe1ce791f9af,
urn:uuid:23b6cead-a679-5bf0-af89-4dc96324003c,relation/unit/bab-3-kategori-diperkaya-dan-aditif/covers/correction/o013-li-u022-cor-002,urn:uuid:57081c05-2854-57ae-a7b7-8f0ae36cf85d,covers,urn:uuid:4b3eac63-686d-5b36-8eb6-705dacd8db58,
urn:uuid:76ff1f90-03af-5182-98c3-0a5178cdbfcc,relation/unit/bab-3-kategori-diperkaya-dan-aditif/covers/surface/unit-022/citation-occurrence/001,urn:uuid:57081c05-2854-57ae-a7b7-8f0ae36cf85d,covers,urn:uuid:8d88d52c-1c93-5a48-b955-57271897b1ee,
urn:uuid:fe2cd848-184c-5ff2-b7ce-4b34e47d8797,relation/unit/bab-3-kategori-diperkaya-dan-aditif/covers/surface/unit-022/citation-occurrence/002,urn:uuid:57081c05-2854-57ae-a7b7-8f0ae36cf85d,covers,urn:uuid:d27843e1-b9a7-539b-b5dd-3c3ec83c6ead,
urn:uuid:8651d784-3ea6-5fb5-ac19-08a3b0eb20d3,relation/unit/bab-3-kategori-diperkaya-dan-aditif/covers/surface/unit-022/diagram-arrow/001,urn:uuid:57081c05-2854-57ae-a7b7-8f0ae36cf85d,covers,urn:uuid:e72d87c1-3cbb-58b0-81ab-c98655d4afe6,
urn:uuid:da7101ba-aa9b-590f-a15a-5e7df8c9b00a,relation/unit/bab-3-kategori-diperkaya-dan-aditif/covers/surface/unit-022/diagram-arrow/002,urn:uuid:57081c05-2854-57ae-a7b7-8f0ae36cf85d,covers,urn:uuid:c883e614-201e-5310-91e3-9237adc270ff,
urn:uuid:63fc4e80-2cca-5d5a-915e-66e7d971dd76,relation/unit/bab-3-kategori-diperkaya-dan-aditif/covers/surface/unit-022/diagram-arrow/003,urn:uuid:57081c05-2854-57ae-a7b7-8f0ae36cf85d,covers,urn:uuid:cfc8e699-66c6-521b-aeae-2298356dc881,
urn:uuid:68b5e387-0e15-5703-98fe-bbc2d06c9591,relation/unit/bab-3-kategori-diperkaya-dan-aditif/covers/surface/unit-022/diagram-arrow/004,urn:uuid:57081c05-2854-57ae-a7b7-8f0ae36cf85d,covers,urn:uuid:4a27c045-f3c9-5e6d-9020-cce65799ca14,
urn:uuid:38ff1b4d-5a3f-5abf-837d-31e2c07ac776,relation/unit/bab-3-kategori-diperkaya-dan-aditif/covers/surface/unit-022/diagram-arrow/005,urn:uuid:57081c05-2854-57ae-a7b7-8f0ae36cf85d,covers,urn:uuid:1b1288be-e8d2-52ec-9563-a10c38d3202f,
urn:uuid:60b83d06-81d4-5f03-a873-9d63c9e89f57,relation/unit/bab-3-kategori-diperkaya-dan-aditif/covers/surface/unit-022/diagram-arrow/006,urn:uuid:57081c05-2854-57ae-a7b7-8f0ae36cf85d,covers,urn:uuid:35c0ca52-838c-522c-8acb-f716ef7e2938,
urn:uuid:e9d3e3a5-d136-5d52-b986-2890e4b8111c,relation/unit/bab-3-kategori-diperkaya-dan-aditif/covers/surface/unit-022/diagram-arrow/007,urn:uuid:57081c05-2854-57ae-a7b7-8f0ae36cf85d,covers,urn:uuid:cf5dd88a-d3a3-5074-8602-111e0d16c335,
urn:uuid:faa82f47-57f3-58d7-9926-292d55a08a5a,relation/unit/bab-3-kategori-diperkaya-dan-aditif/covers/surface/unit-022/diagram-arrow/008,urn:uuid:57081c05-2854-57ae-a7b7-8f0ae36cf85d,covers,urn:uuid:73ce171b-9de5-59fc-b124-fb755af57834,
urn:uuid:b0f05f62-2738-5c1d-9438-886cc12d6680,relation/unit/bab-3-kategori-diperkaya-dan-aditif/covers/surface/unit-022/diagram-arrow/009,urn:uuid:57081c05-2854-57ae-a7b7-8f0ae36cf85d,covers,urn:uuid:d241617d-733a-5244-a036-770852fbf638,
urn:uuid:30c5a777-0625-5835-94cf-5ba03584306e,relation/unit/bab-3-kategori-diperkaya-dan-aditif/covers/surface/unit-022/diagram-arrow/010,urn:uuid:57081c05-2854-57ae-a7b7-8f0ae36cf85d,covers,urn:uuid:2b05eafd-08fd-513c-91cd-6cf4106b5740,
urn:uuid:1f8c5773-978b-5197-b50b-6e397bb40538,relation/unit/bab-3-kategori-diperkaya-dan-aditif/covers/surface/unit-022/diagram-arrow/011,urn:uuid:57081c05-2854-57ae-a7b7-8f0ae36cf85d,covers,urn:uuid:bab034e7-551e-5864-b468-2b8253a1b528,
urn:uuid:21d84fdd-570d-522f-ba17-f280cf07c14a,relation/unit/bab-3-kategori-diperkaya-dan-aditif/covers/surface/unit-022/diagram-arrow/012,urn:uuid:57081c05-2854-57ae-a7b7-8f0ae36cf85d,covers,urn:uuid:50a3f21f-47cd-5ec4-9ba9-84de22d6edde,
urn:uuid:12ea7fe6-cc7f-54be-97d2-2bf61abb2923,relation/unit/bab-3-kategori-diperkaya-dan-aditif/covers/surface/unit-022/diagram-arrow/013,urn:uuid:57081c05-2854-57ae-a7b7-8f0ae36cf85d,covers,urn:uuid:9c5a22de-4373-5c4b-a441-a69946289f0f,
urn:uuid:39df9f78-4ce3-5ff6-a6e3-41ac140a8e98,relation/unit/bab-3-kategori-diperkaya-dan-aditif/covers/surface/unit-022/diagram-arrow/014,urn:uuid:57081c05-2854-57ae-a7b7-8f0ae36cf85d,covers,urn:uuid:797233ec-ad26-582d-b1b1-3040089368bc,
urn:uuid:ddacdc43-9354-5f67-9480-912d7a25a487,relation/unit/bab-3-kategori-diperkaya-dan-aditif/covers/surface/unit-022/diagram-arrow/015,urn:uuid:57081c05-2854-57ae-a7b7-8f0ae36cf85d,covers,urn:uuid:74b7505f-16cd-5c36-b34d-1442feb5691c,
urn:uuid:901e7dc0-eaa8-59b6-9877-3fa6fe475680,relation/unit/bab-3-kategori-diperkaya-dan-aditif/covers/surface/unit-022/diagram-arrow/016,urn:uuid:57081c05-2854-57ae-a7b7-8f0ae36cf85d,covers,urn:uuid:2480de25-aa1e-5112-b8a1-f73c8c99ada9,
urn:uuid:a00e70c2-5ae2-529c-a4d2-d5b5ec9071b9,relation/unit/bab-3-kategori-diperkaya-dan-aditif/covers/surface/unit-022/diagram-arrow/017,urn:uuid:57081c05-2854-57ae-a7b7-8f0ae36cf85d,covers,urn:uuid:f56253b0-4053-5f3c-9911-8a421d633234,
urn:uuid:2e78ca8b-f82c-5543-b952-41c959de44cb,relation/unit/bab-3-kategori-diperkaya-dan-aditif/covers/surface/unit-022/diagram-arrow/018,urn:uuid:57081c05-2854-57ae-a7b7-8f0ae36cf85d,covers,urn:uuid:595563f7-4df3-5887-b5e2-3c5fa4ead74e,
urn:uuid:a4cef37f-17b1-58aa-be43-44c996e42ad6,relation/unit/bab-3-kategori-diperkaya-dan-aditif/covers/surface/unit-022/diagram-arrow/019,urn:uuid:57081c05-2854-57ae-a7b7-8f0ae36cf85d,covers,urn:uuid:94b4141f-f2c5-5ecf-9d3c-b2fb32f61918,
urn:uuid:f819ff49-4983-58d0-92d4-0d9ac2b86104,relation/unit/bab-3-kategori-diperkaya-dan-aditif/covers/surface/unit-022/diagram-arrow/020,urn:uuid:57081c05-2854-57ae-a7b7-8f0ae36cf85d,covers,urn:uuid:e37e0e39-6fdf-5e8b-91a1-27df2d803a31,
urn:uuid:16927b0d-adca-597a-8f7b-0e0d1b044fa0,relation/unit/bab-3-kategori-diperkaya-dan-aditif/covers/surface/unit-022/diagram-arrow/021,urn:uuid:57081c05-2854-57ae-a7b7-8f0ae36cf85d,covers,urn:uuid:1f270099-641b-5c93-8224-25649eab01df,
urn:uuid:dbd964a8-cdc1-5416-af76-c864fdf629d2,relation/unit/bab-3-kategori-diperkaya-dan-aditif/covers/surface/unit-022/diagram-draw/001,urn:uuid:57081c05-2854-57ae-a7b7-8f0ae36cf85d,covers,urn:uuid:4702f526-093f-57fb-b136-a8da776e3fc6,
urn:uuid:2228df24-30cd-5520-be44-1452d90f5212,relation/unit/bab-3-kategori-diperkaya-dan-aditif/covers/surface/unit-022/diagram-draw/002,urn:uuid:57081c05-2854-57ae-a7b7-8f0ae36cf85d,covers,urn:uuid:6f4a43f6-2168-5f04-af74-c4bc3058ce34,
urn:uuid:7bef18a5-ea87-5865-a0d9-24f1e8b8927a,relation/unit/bab-3-kategori-diperkaya-dan-aditif/covers/surface/unit-022/diagram-draw/003,urn:uuid:57081c05-2854-57ae-a7b7-8f0ae36cf85d,covers,urn:uuid:65c26c20-f2c9-5c0e-8576-2b48f642e4bf,
urn:uuid:a3350524-3a89-51af-a7b1-34f0e6866a7b,relation/unit/bab-3-kategori-diperkaya-dan-aditif/covers/surface/unit-022/diagram-draw/004,urn:uuid:57081c05-2854-57ae-a7b7-8f0ae36cf85d,covers,urn:uuid:54cc58ee-25bf-5326-8873-7e50ce5044b6,
urn:uuid:44eebecd-726e-5468-8a39-756b224379e3,relation/unit/bab-3-kategori-diperkaya-dan-aditif/covers/surface/unit-022/diagram-draw/005,urn:uuid:57081c05-2854-57ae-a7b7-8f0ae36cf85d,covers,urn:uuid:a3ff41d5-fffd-55cf-9aee-ec0d36594352,
urn:uuid:e4684d11-62b4-5230-82bb-e9b7972ccbc1,relation/unit/bab-3-kategori-diperkaya-dan-aditif/covers/surface/unit-022/diagram-draw/006,urn:uuid:57081c05-2854-57ae-a7b7-8f0ae36cf85d,covers,urn:uuid:25262352-fc2c-5f89-8d81-99763414c049,
urn:uuid:289e3957-3e59-50c9-b0de-2e76844107a1,relation/unit/bab-3-kategori-diperkaya-dan-aditif/covers/surface/unit-022/diagram-draw/007,urn:uuid:57081c05-2854-57ae-a7b7-8f0ae36cf85d,covers,urn:uuid:c90b15f2-0fec-59f4-aae7-b1b0dd605a30,
urn:uuid:54f9ad2f-65ba-5d4f-9d78-926ec07d6ef0,relation/unit/bab-3-kategori-diperkaya-dan-aditif/covers/surface/unit-022/diagram-draw/008,urn:uuid:57081c05-2854-57ae-a7b7-8f0ae36cf85d,covers,urn:uuid:6c4fde57-a169-54ee-8f6e-1443d4b7eb2a,
urn:uuid:60922189-1c8f-567b-a22b-1f161fe1d091,relation/unit/bab-3-kategori-diperkaya-dan-aditif/covers/surface/unit-022/diagram-draw/009,urn:uuid:57081c05-2854-57ae-a7b7-8f0ae36cf85d,covers,urn:uuid:43bf8024-3804-53e9-90e9-336312c7cf5a,
urn:uuid:f24b8ff6-e280-5927-8335-c70bf2615dcb,relation/unit/bab-3-kategori-diperkaya-dan-aditif/covers/surface/unit-022/diagram-draw/010,urn:uuid:57081c05-2854-57ae-a7b7-8f0ae36cf85d,covers,urn:uuid:3ec8d28c-599d-5f08-b702-d46122f1781d,
urn:uuid:d46ba482-f957-5b75-8901-82c329625a8d,relation/unit/bab-3-kategori-diperkaya-dan-aditif/covers/surface/unit-022/diagram-draw/011,urn:uuid:57081c05-2854-57ae-a7b7-8f0ae36cf85d,covers,urn:uuid:6b029f5b-3364-52a6-ad21-fe11d17a1357,
urn:uuid:74bd32f4-0882-57c9-8050-c1c690be7bb4,relation/unit/bab-3-kategori-diperkaya-dan-aditif/covers/surface/unit-022/diagram-edge/001,urn:uuid:57081c05-2854-57ae-a7b7-8f0ae36cf85d,covers,urn:uuid:ecef2e4e-d555-5678-9e3a-239e4ee248e4,
urn:uuid:0c8c9e33-1a79-5730-b214-446e88ebfad9,relation/unit/bab-3-kategori-diperkaya-dan-aditif/covers/surface/unit-022/diagram-edge/002,urn:uuid:57081c05-2854-57ae-a7b7-8f0ae36cf85d,covers,urn:uuid:7be9fda7-5633-5077-9a94-16662eb5f37f,
urn:uuid:949832e2-d1cc-5c08-bc6e-4d78aac2ef84,relation/unit/bab-3-kategori-diperkaya-dan-aditif/covers/surface/unit-022/diagram-edge/003,urn:uuid:57081c05-2854-57ae-a7b7-8f0ae36cf85d,covers,urn:uuid:6099ea24-5943-579a-b40b-c1fcb8b33348,
urn:uuid:02aa72fe-85b9-5b45-b502-fc6858cdd9c8,relation/unit/bab-3-kategori-diperkaya-dan-aditif/covers/surface/unit-022/diagram-edge/004,urn:uuid:57081c05-2854-57ae-a7b7-8f0ae36cf85d,covers,urn:uuid:398efa8c-c70a-5685-8b02-51d9955013a3,
urn:uuid:6b39bd9e-8906-5fbc-bbef-cc0c26f5502d,relation/unit/bab-3-kategori-diperkaya-dan-aditif/covers/surface/unit-022/diagram-edge/005,urn:uuid:57081c05-2854-57ae-a7b7-8f0ae36cf85d,covers,urn:uuid:475b4cac-b844-5593-919a-87989feccabc,
urn:uuid:c12ecda8-8a4f-5ab3-99ae-1c1ed958a65a,relation/unit/bab-3-kategori-diperkaya-dan-aditif/covers/surface/unit-022/diagram-edge/006,urn:uuid:57081c05-2854-57ae-a7b7-8f0ae36cf85d,covers,urn:uuid:b5742141-7f23-58eb-bb16-ac04dd3d826f,
urn:uuid:d064fb62-7c3d-5fd4-b7ea-cec2c872a1dc,relation/unit/bab-3-kategori-diperkaya-dan-aditif/covers/surface/unit-022/diagram-edge/007,urn:uuid:57081c05-2854-57ae-a7b7-8f0ae36cf85d,covers,urn:uuid:b3b4c116-b4f2-55f7-a560-5b0e873f0233,
urn:uuid:37273f92-3317-572c-8bb3-a83c38a3e818,relation/unit/bab-3-kategori-diperkaya-dan-aditif/covers/surface/unit-022/diagram-edge/008,urn:uuid:57081c05-2854-57ae-a7b7-8f0ae36cf85d,covers,urn:uuid:f71680fa-3b71-5338-a448-bdf71eaf13c8,
urn:uuid:45e32c8e-1faa-5549-aae1-81680533514b,relation/unit/bab-3-kategori-diperkaya-dan-aditif/covers/surface/unit-022/diagram-edge/009,urn:uuid:57081c05-2854-57ae-a7b7-8f0ae36cf85d,covers,urn:uuid:b4a433e4-6781-56b2-8b54-c562e2c65e67,
urn:uuid:e9ba80bd-3923-5aea-b1be-c0b248b7a719,relation/unit/bab-3-kategori-diperkaya-dan-aditif/covers/surface/unit-022/diagram-edge/010,urn:uuid:57081c05-2854-57ae-a7b7-8f0ae36cf85d,covers,urn:uuid:d55557b1-9fc2-584c-8f86-8269c5d4ceef,
urn:uuid:aa877420-dcf6-596f-a127-86caae78ea8d,relation/unit/bab-3-kategori-diperkaya-dan-aditif/covers/surface/unit-022/diagram-edge/011,urn:uuid:57081c05-2854-57ae-a7b7-8f0ae36cf85d,covers,urn:uuid:bdae1dab-a484-5cea-bb53-8e14cc9bf133,
urn:uuid:30195a21-226f-5c0a-8dc0-7def914b60a1,relation/unit/bab-3-kategori-diperkaya-dan-aditif/covers/surface/unit-022/diagram-edge/012,urn:uuid:57081c05-2854-57ae-a7b7-8f0ae36cf85d,covers,urn:uuid:8560be08-928c-5eaf-8cbd-476dbedd4e99,
urn:uuid:5dd64d4b-bdeb-5066-9ab0-2ab746b3d1f0,relation/unit/bab-3-kategori-diperkaya-dan-aditif/covers/surface/unit-022/diagram-edge/013,urn:uuid:57081c05-2854-57ae-a7b7-8f0ae36cf85d,covers,urn:uuid:14288bf8-e0a3-5090-99e7-5b1ad0472361,
urn:uuid:599afafe-7c29-58d2-80a1-1618f790543b,relation/unit/bab-3-kategori-diperkaya-dan-aditif/covers/surface/unit-022/diagram-node/001,urn:uuid:57081c05-2854-57ae-a7b7-8f0ae36cf85d,covers,urn:uuid:661db4bd-e69e-560f-9eed-d715941f7fd8,
urn:uuid:c6b30fd3-026b-508b-9756-6668bb66653d,relation/unit/bab-3-kategori-diperkaya-dan-aditif/covers/surface/unit-022/diagram-node/002,urn:uuid:57081c05-2854-57ae-a7b7-8f0ae36cf85d,covers,urn:uuid:4e9649ec-8301-58be-bf26-185fa6954ae8,
urn:uuid:d6f9792c-3c45-56a5-b6c7-47de2820c9f6,relation/unit/bab-3-kategori-diperkaya-dan-aditif/covers/surface/unit-022/diagram-node/003,urn:uuid:57081c05-2854-57ae-a7b7-8f0ae36cf85d,covers,urn:uuid:8bb4c5ca-f780-5409-896e-34c1c6a066d9,
urn:uuid:132411db-a213-5de7-90d0-a77d7460b12c,relation/unit/bab-3-kategori-diperkaya-dan-aditif/covers/surface/unit-022/diagram-node/004,urn:uuid:57081c05-2854-57ae-a7b7-8f0ae36cf85d,covers,urn:uuid:82b64a4a-4391-54b3-a9c8-69eb78f9819d,
urn:uuid:1c5f8e69-70e1-5d89-bc97-4670d7e94de8,relation/unit/bab-3-kategori-diperkaya-dan-aditif/covers/surface/unit-022/diagram-node/005,urn:uuid:57081c05-2854-57ae-a7b7-8f0ae36cf85d,covers,urn:uuid:acd010ca-3956-5c2f-9592-c02732117b37,
urn:uuid:4ea1d7bf-c712-513f-baf8-df5afc03549a,relation/unit/bab-3-kategori-diperkaya-dan-aditif/covers/surface/unit-022/diagram-node/006,urn:uuid:57081c05-2854-57ae-a7b7-8f0ae36cf85d,covers,urn:uuid:c2e8e09e-00be-5f52-b14a-2c77ffd0b9a5,
urn:uuid:eec164fe-d206-55fc-bb46-5bfe6807f9f1,relation/unit/bab-3-kategori-diperkaya-dan-aditif/covers/surface/unit-022/diagram-node/007,urn:uuid:57081c05-2854-57ae-a7b7-8f0ae36cf85d,covers,urn:uuid:7db2a2ad-1650-5676-a543-4b6fde6efa25,
urn:uuid:3a1c6cf9-1693-5c48-a7a4-00af52898303,relation/unit/bab-3-kategori-diperkaya-dan-aditif/covers/surface/unit-022/diagram-node/008,urn:uuid:57081c05-2854-57ae-a7b7-8f0ae36cf85d,covers,urn:uuid:011257cc-dc45-50b4-9561-fe6b53503c2d,
urn:uuid:7ee92a99-63ae-57bb-9262-8413811c4dc7,relation/unit/bab-3-kategori-diperkaya-dan-aditif/covers/surface/unit-022/diagram-node/009,urn:uuid:57081c05-2854-57ae-a7b7-8f0ae36cf85d,covers,urn:uuid:6c37b348-73d5-5f4c-9f6a-99f4ae0c6d81,
urn:uuid:094f5d65-82c1-589a-b14f-e3e173a2f2a9,relation/unit/bab-3-kategori-diperkaya-dan-aditif/covers/surface/unit-022/diagram-node/010,urn:uuid:57081c05-2854-57ae-a7b7-8f0ae36cf85d,covers,urn:uuid:63fc5ee8-e404-52e2-853b-18421c719886,
urn:uuid:80008c3a-17e5-5c0c-88ba-14208c20483b,relation/unit/bab-3-kategori-diperkaya-dan-aditif/covers/surface/unit-022/diagram-node/011,urn:uuid:57081c05-2854-57ae-a7b7-8f0ae36cf85d,covers,urn:uuid:ecc3db27-d103-5e8b-92ec-864847ae0189,
urn:uuid:0527bee6-d0ba-5257-b659-b1065796f1d2,relation/unit/bab-3-kategori-diperkaya-dan-aditif/covers/surface/unit-022/diagram-node/012,urn:uuid:57081c05-2854-57ae-a7b7-8f0ae36cf85d,covers,urn:uuid:1e20d155-a0da-5757-a097-ed0e419e8965,
urn:uuid:c53a45a9-2407-5edf-98e5-fa497ecb07fe,relation/unit/bab-3-kategori-diperkaya-dan-aditif/covers/surface/unit-022/diagram-node/013,urn:uuid:57081c05-2854-57ae-a7b7-8f0ae36cf85d,covers,urn:uuid:c83ead22-6f6e-5a08-89a3-2493333dbfcc,
urn:uuid:3c2969d5-6b6c-52d9-9ff7-0a0fccd88b94,relation/unit/bab-3-kategori-diperkaya-dan-aditif/covers/surface/unit-022/diagram-node/014,urn:uuid:57081c05-2854-57ae-a7b7-8f0ae36cf85d,covers,urn:uuid:61c6f58e-b67f-5906-9f91-0e302b1f75cf,
urn:uuid:a9fa239c-a6d5-5351-aecc-c2348ab9d1bd,relation/unit/bab-3-kategori-diperkaya-dan-aditif/covers/surface/unit-022/environment/001-compactitem-01,urn:uuid:57081c05-2854-57ae-a7b7-8f0ae36cf85d,covers,urn:uuid:afb90d3d-bbf0-50e7-b2bd-eab14902c16f,
urn:uuid:271d4263-8b32-5c02-b10f-187b0482563f,relation/unit/bab-3-kategori-diperkaya-dan-aditif/covers/surface/unit-022/environment/002-center-01,urn:uuid:57081c05-2854-57ae-a7b7-8f0ae36cf85d,covers,urn:uuid:0eb9f84b-0477-5db5-8c6c-a2ac4aa025c4,
urn:uuid:04af2e6a-583b-5bf1-8eb1-e2fd69a8aaf5,relation/unit/bab-3-kategori-diperkaya-dan-aditif/covers/surface/unit-022/environment/003-tikzpicture-01,urn:uuid:57081c05-2854-57ae-a7b7-8f0ae36cf85d,covers,urn:uuid:e4e11b65-757d-5481-a1d5-e931c1427061,
urn:uuid:35b249a0-1530-5fb6-a6d6-7f0aeeb6aae5,relation/unit/bab-3-kategori-diperkaya-dan-aditif/covers/surface/unit-022/environment/004-definition-01,urn:uuid:57081c05-2854-57ae-a7b7-8f0ae36cf85d,covers,urn:uuid:75b3ec07-0f2d-56a2-9850-54ed8d5fa76e,
urn:uuid:ad91b784-ef83-506d-8044-b58a2cc82325,relation/unit/bab-3-kategori-diperkaya-dan-aditif/covers/surface/unit-022/environment/005-enumerate-01,urn:uuid:57081c05-2854-57ae-a7b7-8f0ae36cf85d,covers,urn:uuid:1997b574-cbdf-59c5-b18f-2e63d4b5be2c,
urn:uuid:e997adab-308e-5d0c-9319-1e4e7aead5e7,relation/unit/bab-3-kategori-diperkaya-dan-aditif/covers/surface/unit-022/environment/006-center-02,urn:uuid:57081c05-2854-57ae-a7b7-8f0ae36cf85d,covers,urn:uuid:4894ad2d-da6c-5e3b-9a61-4fe305df81e5,
urn:uuid:3bbd75e9-d996-57a6-a63f-9a91d676f365,relation/unit/bab-3-kategori-diperkaya-dan-aditif/covers/surface/unit-022/environment/007-tikzpicture-02,urn:uuid:57081c05-2854-57ae-a7b7-8f0ae36cf85d,covers,urn:uuid:26cf496d-f895-5935-af2e-b99f56a931f4,
urn:uuid:6f5079ed-2bf3-5b68-b6a2-3a9ff4d41100,relation/unit/bab-3-kategori-diperkaya-dan-aditif/covers/surface/unit-022/environment/008-tikzpicture-03,urn:uuid:57081c05-2854-57ae-a7b7-8f0ae36cf85d,covers,urn:uuid:4066b40d-6f1c-5ce0-a679-3d7450f37f63,
urn:uuid:c608635c-b15b-50f7-a2cb-4e9fdfb06917,relation/unit/bab-3-kategori-diperkaya-dan-aditif/covers/surface/unit-022/environment/009-definition-02,urn:uuid:57081c05-2854-57ae-a7b7-8f0ae36cf85d,covers,urn:uuid:cab90362-3ab2-5a41-937b-2e71ad3f7e96,
urn:uuid:07fcc031-31ba-5032-997e-9ebb4272a9ca,relation/unit/bab-3-kategori-diperkaya-dan-aditif/covers/surface/unit-022/environment/010-tikzcd-01,urn:uuid:57081c05-2854-57ae-a7b7-8f0ae36cf85d,covers,urn:uuid:d52e5950-fdc7-5489-8bee-fa47888e130b,
urn:uuid:f754fccb-2f8f-5e01-b8c4-4bf4a39c0743,relation/unit/bab-3-kategori-diperkaya-dan-aditif/covers/surface/unit-022/environment/011-tikzcd-02,urn:uuid:57081c05-2854-57ae-a7b7-8f0ae36cf85d,covers,urn:uuid:b29e82fc-af2c-5b36-b6a8-6b3e52fdb490,
urn:uuid:945ca2f2-ab56-5b87-8489-8359c2ca5143,relation/unit/bab-3-kategori-diperkaya-dan-aditif/covers/surface/unit-022/environment/012-remark-01,urn:uuid:57081c05-2854-57ae-a7b7-8f0ae36cf85d,covers,urn:uuid:940b10d4-ccb9-5f43-afc7-4e9c9dfe5af4,
urn:uuid:8fddfba6-747c-5bea-b1c1-4cfeeb356c99,relation/unit/bab-3-kategori-diperkaya-dan-aditif/covers/surface/unit-022/environment/013-tikzcd-03,urn:uuid:57081c05-2854-57ae-a7b7-8f0ae36cf85d,covers,urn:uuid:1e8e20ae-b52f-5755-9728-95960348d4fa,
urn:uuid:a3b7b6e7-51f0-5365-a73d-7b78471e91bf,relation/unit/bab-3-kategori-diperkaya-dan-aditif/covers/surface/unit-022/environment/014-definition-03,urn:uuid:57081c05-2854-57ae-a7b7-8f0ae36cf85d,covers,urn:uuid:73fd859e-f575-5ac5-96fe-d10e0e42a149,
urn:uuid:d8d0ac65-633b-535b-991c-20749c404d80,relation/unit/bab-3-kategori-diperkaya-dan-aditif/covers/surface/unit-022/environment/015-tikzcd-04,urn:uuid:57081c05-2854-57ae-a7b7-8f0ae36cf85d,covers,urn:uuid:55ca3368-bf07-581f-a952-699848a4e9f1,
urn:uuid:3770d1ae-baa7-5b85-a699-69dd9a599aa7,relation/unit/bab-3-kategori-diperkaya-dan-aditif/covers/surface/unit-022/environment/016-example-01,urn:uuid:57081c05-2854-57ae-a7b7-8f0ae36cf85d,covers,urn:uuid:8eb2f037-55dc-5dbc-87c6-97a17a637463,
urn:uuid:e5826e81-bd82-50d1-a8b3-aa4b446b522f,relation/unit/bab-3-kategori-diperkaya-dan-aditif/covers/surface/unit-022/environment/017-example-02,urn:uuid:57081c05-2854-57ae-a7b7-8f0ae36cf85d,covers,urn:uuid:b153f03c-f63b-58d2-b26c-3b17d39dbac5,
urn:uuid:a903c3a1-5a17-5c33-bea8-e33fe50ceddc,relation/unit/bab-3-kategori-diperkaya-dan-aditif/covers/surface/unit-022/environment/018-example-03,urn:uuid:57081c05-2854-57ae-a7b7-8f0ae36cf85d,covers,urn:uuid:d7d49cfe-7c86-53c9-b5ca-e06f350b3bd9,
urn:uuid:bcc1c026-57da-576b-aff0-15782a96d055,relation/unit/bab-3-kategori-diperkaya-dan-aditif/covers/surface/unit-022/environment/019-compactitem-02,urn:uuid:57081c05-2854-57ae-a7b7-8f0ae36cf85d,covers,urn:uuid:4e194c75-0f02-5544-9e39-a2177979092f,
urn:uuid:5a1f430f-2fc8-5140-9b27-f869fb70e8b4,relation/unit/bab-3-kategori-diperkaya-dan-aditif/covers/surface/unit-022/environment/020-align-01,urn:uuid:57081c05-2854-57ae-a7b7-8f0ae36cf85d,covers,urn:uuid:1b15914f-57a5-5557-b1ff-717850c92278,
urn:uuid:0a0a7b05-c102-54a0-83e1-3b9292556bc4,relation/unit/bab-3-kategori-diperkaya-dan-aditif/covers/surface/unit-022/environment/021-definition-04,urn:uuid:57081c05-2854-57ae-a7b7-8f0ae36cf85d,covers,urn:uuid:021343bf-2751-5473-929c-cb12e0d9a87b,
urn:uuid:6b155bcb-f04c-527b-8b7d-b38a56bf6584,relation/unit/bab-3-kategori-diperkaya-dan-aditif/covers/surface/unit-022/environment/022-tikzcd-05,urn:uuid:57081c05-2854-57ae-a7b7-8f0ae36cf85d,covers,urn:uuid:6edb8c38-e313-5b35-a7bd-2868cffa1a88,
urn:uuid:8276c567-18d0-5557-b391-6427971d5fd6,relation/unit/bab-3-kategori-diperkaya-dan-aditif/covers/surface/unit-022/environment/023-tikzcd-06,urn:uuid:57081c05-2854-57ae-a7b7-8f0ae36cf85d,covers,urn:uuid:843097db-bb79-52c7-bd48-d4c4ee5fc090,
urn:uuid:9608b37d-1994-5211-90a3-cb2813b0e3d4,relation/unit/bab-3-kategori-diperkaya-dan-aditif/covers/surface/unit-022/environment/024-gather-01,urn:uuid:57081c05-2854-57ae-a7b7-8f0ae36cf85d,covers,urn:uuid:d16cf22e-4220-51f7-adc4-b109ee880384,
urn:uuid:36215d4f-c20f-575f-a549-5f030cfa3206,relation/unit/bab-3-kategori-diperkaya-dan-aditif/covers/surface/unit-022/environment/025-cases-01,urn:uuid:57081c05-2854-57ae-a7b7-8f0ae36cf85d,covers,urn:uuid:a593facf-921f-52de-803a-fdc313052838,
urn:uuid:b64e6aa7-be64-57f1-b0ef-4891bf5e08d1,relation/unit/bab-3-kategori-diperkaya-dan-aditif/covers/surface/unit-022/environment/026-theorem-01,urn:uuid:57081c05-2854-57ae-a7b7-8f0ae36cf85d,covers,urn:uuid:89781571-25ba-58ee-ac0d-a78eaaadd13e,
urn:uuid:649286aa-d52b-5b34-9cf9-1e3de03ed9ce,relation/unit/bab-3-kategori-diperkaya-dan-aditif/covers/surface/unit-022/environment/027-compactenum-01,urn:uuid:57081c05-2854-57ae-a7b7-8f0ae36cf85d,covers,urn:uuid:3b2f24aa-0900-5747-a9ef-a1a7ae8545cc,
urn:uuid:e4c2bfe5-7034-5519-a30e-e1371fc7be67,relation/unit/bab-3-kategori-diperkaya-dan-aditif/covers/surface/unit-022/environment/028-proof-01,urn:uuid:57081c05-2854-57ae-a7b7-8f0ae36cf85d,covers,urn:uuid:0b6df2c5-185b-5b00-9b26-625397f439ba,
urn:uuid:d91886bc-93dd-5459-90fd-ac9133905b3a,relation/unit/bab-3-kategori-diperkaya-dan-aditif/covers/surface/unit-022/environment/029-align-02,urn:uuid:57081c05-2854-57ae-a7b7-8f0ae36cf85d,covers,urn:uuid:e5eb5dba-b0b0-5f27-afb4-d30f524d60be,
urn:uuid:eacc68c9-7fab-5286-b725-ef3b7376fdda,relation/unit/bab-3-kategori-diperkaya-dan-aditif/covers/surface/unit-022/environment/030-cases-02,urn:uuid:57081c05-2854-57ae-a7b7-8f0ae36cf85d,covers,urn:uuid:f5f15044-fa1b-57cb-ad7d-7a59c5a1cd22,
urn:uuid:181082fb-d040-5aed-81ed-a63c1c8badc7,relation/unit/bab-3-kategori-diperkaya-dan-aditif/covers/surface/unit-022/environment/031-align-03,urn:uuid:57081c05-2854-57ae-a7b7-8f0ae36cf85d,covers,urn:uuid:944f3c29-30d3-51a7-8785-3fa8169b7214,
urn:uuid:a3eff590-96fc-5147-bc50-120d89010c4e,relation/unit/bab-3-kategori-diperkaya-dan-aditif/covers/surface/unit-022/environment/032-remark-02,urn:uuid:57081c05-2854-57ae-a7b7-8f0ae36cf85d,covers,urn:uuid:6c41af6c-e622-5a8d-b91e-f219d6437967,
urn:uuid:2e6baa5d-ce24-5364-89ff-0d8be277eb02,relation/unit/bab-3-kategori-diperkaya-dan-aditif/covers/surface/unit-022/environment/033-cases-03,urn:uuid:57081c05-2854-57ae-a7b7-8f0ae36cf85d,covers,urn:uuid:39faf053-aaaf-5f7f-b588-df9d8305d723,
urn:uuid:e5ba536c-28ed-5291-bf67-aa83ffe89159,relation/unit/bab-3-kategori-diperkaya-dan-aditif/covers/surface/unit-022/environment/034-lemma-01,urn:uuid:57081c05-2854-57ae-a7b7-8f0ae36cf85d,covers,urn:uuid:ce962742-655e-521a-a85f-7c93031fdf3d,
urn:uuid:62874b4d-cd34-5afb-b40c-1d7890d3c02f,relation/unit/bab-3-kategori-diperkaya-dan-aditif/covers/surface/unit-022/environment/035-compactenum-02,urn:uuid:57081c05-2854-57ae-a7b7-8f0ae36cf85d,covers,urn:uuid:2fa4d0ee-3a9a-5f93-88c8-267cedb62383,
urn:uuid:fba13c7f-0dd0-54e7-aa53-6cf4f23f77e8,relation/unit/bab-3-kategori-diperkaya-dan-aditif/covers/surface/unit-022/environment/036-proof-02,urn:uuid:57081c05-2854-57ae-a7b7-8f0ae36cf85d,covers,urn:uuid:a33e2228-520d-5b1d-a029-8d76306cd137,
urn:uuid:b2478b78-f85c-51a9-913d-2ebd2e8948ce,relation/unit/bab-3-kategori-diperkaya-dan-aditif/covers/surface/unit-022/environment/037-definition-05,urn:uuid:57081c05-2854-57ae-a7b7-8f0ae36cf85d,covers,urn:uuid:2bfe1d00-1496-5234-8ef6-996c41b52a0e,
urn:uuid:f0453325-640c-5e16-8a1b-6e10563b02e7,relation/unit/bab-3-kategori-diperkaya-dan-aditif/covers/surface/unit-022/environment/038-proposition-01,urn:uuid:57081c05-2854-57ae-a7b7-8f0ae36cf85d,covers,urn:uuid:11552d06-8f09-5e48-8329-6b23b5e231d4,
urn:uuid:07681762-ee2f-59c4-aa79-a768a8d40b9e,relation/unit/bab-3-kategori-diperkaya-dan-aditif/covers/surface/unit-022/environment/039-proof-03,urn:uuid:57081c05-2854-57ae-a7b7-8f0ae36cf85d,covers,urn:uuid:091b546e-3a44-5df6-813b-806542064532,
urn:uuid:bf43bf9c-22e8-562f-a417-0fc6e71de949,relation/unit/bab-3-kategori-diperkaya-dan-aditif/covers/surface/unit-022/environment/040-proposition-02,urn:uuid:57081c05-2854-57ae-a7b7-8f0ae36cf85d,covers,urn:uuid:578850d9-e9f5-573d-89b0-2d9347a707d1,
urn:uuid:e69b7121-b7f4-57ee-88f4-49a2eba0894e,relation/unit/bab-3-kategori-diperkaya-dan-aditif/covers/surface/unit-022/environment/041-proof-04,urn:uuid:57081c05-2854-57ae-a7b7-8f0ae36cf85d,covers,urn:uuid:adf24a0c-aa9e-5a1a-a74c-a703994710c3,
urn:uuid:5319f9ca-8b3f-5568-98a8-61c1c4433899,relation/unit/bab-3-kategori-diperkaya-dan-aditif/covers/surface/unit-022/formula/display-bracket/001,urn:uuid:57081c05-2854-57ae-a7b7-8f0ae36cf85d,covers,urn:uuid:cf785a1f-af04-58b1-8efb-847cb09f60ff,
urn:uuid:7abd1f8f-bc6a-5fd7-b722-ead480f8fae3,relation/unit/bab-3-kategori-diperkaya-dan-aditif/covers/surface/unit-022/formula/display-bracket/002,urn:uuid:57081c05-2854-57ae-a7b7-8f0ae36cf85d,covers,urn:uuid:ad5222d7-f961-5fa3-9736-801d055d8413,
urn:uuid:7c7a1afb-f437-5339-bef5-3cc9a5ca42aa,relation/unit/bab-3-kategori-diperkaya-dan-aditif/covers/surface/unit-022/formula/display-bracket/003,urn:uuid:57081c05-2854-57ae-a7b7-8f0ae36cf85d,covers,urn:uuid:b9594d17-8b55-57bb-bea5-fbba746062d9,
urn:uuid:3ca5791d-2488-5393-b81e-4c3125ea0b38,relation/unit/bab-3-kategori-diperkaya-dan-aditif/covers/surface/unit-022/formula/display-bracket/004,urn:uuid:57081c05-2854-57ae-a7b7-8f0ae36cf85d,covers,urn:uuid:1b14cde7-d9eb-50f2-bc89-5efc874ac262,
urn:uuid:1d171803-d02b-5a59-9f51-a77e98cc71f5,relation/unit/bab-3-kategori-diperkaya-dan-aditif/covers/surface/unit-022/formula/display-bracket/005,urn:uuid:57081c05-2854-57ae-a7b7-8f0ae36cf85d,covers,urn:uuid:5808247c-de9d-5522-b309-df1b70fa5df6,
urn:uuid:79b83b36-30e2-51ff-ae18-fc0ffff7889c,relation/unit/bab-3-kategori-diperkaya-dan-aditif/covers/surface/unit-022/formula/display-bracket/006,urn:uuid:57081c05-2854-57ae-a7b7-8f0ae36cf85d,covers,urn:uuid:b55b3b21-1839-5794-a6ef-05a09fb0013e,
urn:uuid:06a629ad-c07a-5387-81ab-7cf2d274db39,relation/unit/bab-3-kategori-diperkaya-dan-aditif/covers/surface/unit-022/formula/display-bracket/007,urn:uuid:57081c05-2854-57ae-a7b7-8f0ae36cf85d,covers,urn:uuid:a8c3d9ff-894c-561f-9912-350dbb231484,
urn:uuid:b6bf7859-f2eb-574d-8398-01344250e4eb,relation/unit/bab-3-kategori-diperkaya-dan-aditif/covers/surface/unit-022/formula/display-bracket/008,urn:uuid:57081c05-2854-57ae-a7b7-8f0ae36cf85d,covers,urn:uuid:1ad1c38d-f995-53a0-a2ac-d16996a27f7c,
urn:uuid:2f6b2066-5a39-530e-84f4-139dd07b2cb1,relation/unit/bab-3-kategori-diperkaya-dan-aditif/covers/surface/unit-022/formula/display-bracket/009,urn:uuid:57081c05-2854-57ae-a7b7-8f0ae36cf85d,covers,urn:uuid:e5cf4869-2aa3-5900-a80c-08bfe5d7ddd6,
urn:uuid:aab3e0e4-7bd0-5d9f-8180-f1953873e8fb,relation/unit/bab-3-kategori-diperkaya-dan-aditif/covers/surface/unit-022/formula/display-bracket/010,urn:uuid:57081c05-2854-57ae-a7b7-8f0ae36cf85d,covers,urn:uuid:f002893d-b940-5c70-baee-850bfd5c83d6,
urn:uuid:e74ca2bb-432f-52ca-afb1-76c49f012fc5,relation/unit/bab-3-kategori-diperkaya-dan-aditif/covers/surface/unit-022/formula/display-bracket/011,urn:uuid:57081c05-2854-57ae-a7b7-8f0ae36cf85d,covers,urn:uuid:1ce9f653-887c-5a76-b966-ec50e76999a0,
urn:uuid:f2fe4a3c-4114-5321-9228-ace9f5fdac27,relation/unit/bab-3-kategori-diperkaya-dan-aditif/covers/surface/unit-022/formula/display-environment/001,urn:uuid:57081c05-2854-57ae-a7b7-8f0ae36cf85d,covers,urn:uuid:a6b47c58-3adc-5e8e-8154-4b925f362593,
urn:uuid:23083b11-b191-502d-bc61-dd54a5bc0c46,relation/unit/bab-3-kategori-diperkaya-dan-aditif/covers/surface/unit-022/formula/display-environment/002,urn:uuid:57081c05-2854-57ae-a7b7-8f0ae36cf85d,covers,urn:uuid:3b04b881-f563-5470-8dab-74c9f485f5b5,
urn:uuid:66bd706c-5f16-57f1-a54a-aac1310dce53,relation/unit/bab-3-kategori-diperkaya-dan-aditif/covers/surface/unit-022/formula/display-environment/003,urn:uuid:57081c05-2854-57ae-a7b7-8f0ae36cf85d,covers,urn:uuid:fd2ebe3b-ce58-51f0-9145-c1ccf5632c88,
urn:uuid:879f3889-0869-5d16-adaf-2c37ab0645c9,relation/unit/bab-3-kategori-diperkaya-dan-aditif/covers/surface/unit-022/formula/display-environment/004,urn:uuid:57081c05-2854-57ae-a7b7-8f0ae36cf85d,covers,urn:uuid:f105f293-a649-5322-a021-163ff675befa,
urn:uuid:a44c3609-6562-5c1d-9fd4-b866a9b62750,relation/unit/bab-3-kategori-diperkaya-dan-aditif/covers/surface/unit-022/formula/inline/001,urn:uuid:57081c05-2854-57ae-a7b7-8f0ae36cf85d,covers,urn:uuid:06431397-d5e8-590b-af98-78f810b4e778,
urn:uuid:c9712fb2-4342-5d78-b6e5-730d07813127,relation/unit/bab-3-kategori-diperkaya-dan-aditif/covers/surface/unit-022/formula/inline/002,urn:uuid:57081c05-2854-57ae-a7b7-8f0ae36cf85d,covers,urn:uuid:2da64d90-d783-5192-ac0b-7edef06f6786,
urn:uuid:34b1f4ba-058c-518b-8e8e-a7f8b8a0d5d6,relation/unit/bab-3-kategori-diperkaya-dan-aditif/covers/surface/unit-022/formula/inline/003,urn:uuid:57081c05-2854-57ae-a7b7-8f0ae36cf85d,covers,urn:uuid:76504df0-2a2c-5e0c-8bad-cb97ed4ce52b,
urn:uuid:961d5c4a-b170-5c89-8333-7392e12a7e1d,relation/unit/bab-3-kategori-diperkaya-dan-aditif/covers/surface/unit-022/formula/inline/004,urn:uuid:57081c05-2854-57ae-a7b7-8f0ae36cf85d,covers,urn:uuid:75061d43-b36b-54bf-8365-49d7ff5ec4b4,
urn:uuid:65358826-9a0e-5ab0-af48-cc376aec91c0,relation/unit/bab-3-kategori-diperkaya-dan-aditif/covers/surface/unit-022/formula/inline/005,urn:uuid:57081c05-2854-57ae-a7b7-8f0ae36cf85d,covers,urn:uuid:e288d3ce-5a09-51d3-83e3-2b9dc2f79485,
urn:uuid:0b10d798-99ef-566d-a93d-27cbf66c05b5,relation/unit/bab-3-kategori-diperkaya-dan-aditif/covers/surface/unit-022/formula/inline/006,urn:uuid:57081c05-2854-57ae-a7b7-8f0ae36cf85d,covers,urn:uuid:d20f7a95-b55d-573c-81c0-8595e5b814da,
urn:uuid:135eb20a-33ac-5916-8db1-fca06c2cc71c,relation/unit/bab-3-kategori-diperkaya-dan-aditif/covers/surface/unit-022/formula/inline/007,urn:uuid:57081c05-2854-57ae-a7b7-8f0ae36cf85d,covers,urn:uuid:d6bf5775-b3e2-5d5f-b6cf-5612f3b24206,
urn:uuid:e382631e-2919-5b3c-b21e-0fa6af9d8680,relation/unit/bab-3-kategori-diperkaya-dan-aditif/covers/surface/unit-022/formula/inline/008,urn:uuid:57081c05-2854-57ae-a7b7-8f0ae36cf85d,covers,urn:uuid:2d2f48a3-c44c-5121-810f-a35fdd5e56b4,
urn:uuid:3acda835-5b6a-5b25-97e4-a6efebee1c19,relation/unit/bab-3-kategori-diperkaya-dan-aditif/covers/surface/unit-022/formula/inline/009,urn:uuid:57081c05-2854-57ae-a7b7-8f0ae36cf85d,covers,urn:uuid:be16d543-4dea-5dde-a218-cb41a4a9d955,
urn:uuid:4e6aebd8-7992-543e-9485-363e7c019191,relation/unit/bab-3-kategori-diperkaya-dan-aditif/covers/surface/unit-022/formula/inline/010,urn:uuid:57081c05-2854-57ae-a7b7-8f0ae36cf85d,covers,urn:uuid:735a4b68-e53b-53da-9f13-44b48636315e,
urn:uuid:18e39437-e1e2-50ed-884a-a6a0f0c2a255,relation/unit/bab-3-kategori-diperkaya-dan-aditif/covers/surface/unit-022/formula/inline/011,urn:uuid:57081c05-2854-57ae-a7b7-8f0ae36cf85d,covers,urn:uuid:8de53e0c-6123-54e3-ace8-a03cf30886ce,
urn:uuid:d0dc500f-0b7b-561a-ba8f-4ef9a07fee45,relation/unit/bab-3-kategori-diperkaya-dan-aditif/covers/surface/unit-022/formula/inline/012,urn:uuid:57081c05-2854-57ae-a7b7-8f0ae36cf85d,covers,urn:uuid:c0372baa-edff-543f-8d64-f258789d7c47,
urn:uuid:943f2940-f159-5b08-b980-b9576ca4f0e5,relation/unit/bab-3-kategori-diperkaya-dan-aditif/covers/surface/unit-022/formula/inline/013,urn:uuid:57081c05-2854-57ae-a7b7-8f0ae36cf85d,covers,urn:uuid:d3b535b4-a6d6-5254-ad10-2021c5b6c600,
urn:uuid:941e6ef1-e17a-57a8-bfe4-6dcc63dfbf95,relation/unit/bab-3-kategori-diperkaya-dan-aditif/covers/surface/unit-022/formula/inline/014,urn:uuid:57081c05-2854-57ae-a7b7-8f0ae36cf85d,covers,urn:uuid:45b0aeb3-70e6-5f40-8c95-cc04d5449571,
urn:uuid:28e20cd7-2fee-5073-9720-a79b8da64504,relation/unit/bab-3-kategori-diperkaya-dan-aditif/covers/surface/unit-022/formula/inline/015,urn:uuid:57081c05-2854-57ae-a7b7-8f0ae36cf85d,covers,urn:uuid:142d2653-51a3-590b-9c8d-93ec7fe10c14,
urn:uuid:a6e5c531-55a1-511e-9731-bd210f469458,relation/unit/bab-3-kategori-diperkaya-dan-aditif/covers/surface/unit-022/formula/inline/016,urn:uuid:57081c05-2854-57ae-a7b7-8f0ae36cf85d,covers,urn:uuid:681fcf13-77af-526d-b5c3-90e99036f6d1,
urn:uuid:1795c68a-7f9f-5d28-8463-9c2f11d90987,relation/unit/bab-3-kategori-diperkaya-dan-aditif/covers/surface/unit-022/formula/inline/017,urn:uuid:57081c05-2854-57ae-a7b7-8f0ae36cf85d,covers,urn:uuid:84b904c6-c0ac-5839-8712-1e912d03a93a,
urn:uuid:5c11de7a-3ce9-5dba-88df-a7468c1dfb85,relation/unit/bab-3-kategori-diperkaya-dan-aditif/covers/surface/unit-022/formula/inline/018,urn:uuid:57081c05-2854-57ae-a7b7-8f0ae36cf85d,covers,urn:uuid:c9766de6-0245-5279-8e73-c079eed0d444,
urn:uuid:2a490fc9-801d-582e-a630-767c9413d890,relation/unit/bab-3-kategori-diperkaya-dan-aditif/covers/surface/unit-022/formula/inline/019,urn:uuid:57081c05-2854-57ae-a7b7-8f0ae36cf85d,covers,urn:uuid:9a3f7b5a-62d7-507d-a1d5-4c4199d099a7,
urn:uuid:6bae376d-d764-50b6-b691-fd563206af0d,relation/unit/bab-3-kategori-diperkaya-dan-aditif/covers/surface/unit-022/formula/inline/020,urn:uuid:57081c05-2854-57ae-a7b7-8f0ae36cf85d,covers,urn:uuid:1a28c3cf-72e8-5139-b413-a9a8a90478f7,
urn:uuid:6bbd7c87-94e9-5cfa-9761-99a90a3c1276,relation/unit/bab-3-kategori-diperkaya-dan-aditif/covers/surface/unit-022/formula/inline/021,urn:uuid:57081c05-2854-57ae-a7b7-8f0ae36cf85d,covers,urn:uuid:851e2945-70e1-54a3-8247-e7d72e89c6fb,
urn:uuid:3326ce04-9e55-559b-95ef-a79083fb55fe,relation/unit/bab-3-kategori-diperkaya-dan-aditif/covers/surface/unit-022/formula/inline/022,urn:uuid:57081c05-2854-57ae-a7b7-8f0ae36cf85d,covers,urn:uuid:3238bb04-2b94-5e2c-b005-46730eee9b85,
urn:uuid:9318dbab-3268-588e-a87b-dad69e01ca42,relation/unit/bab-3-kategori-diperkaya-dan-aditif/covers/surface/unit-022/formula/inline/023,urn:uuid:57081c05-2854-57ae-a7b7-8f0ae36cf85d,covers,urn:uuid:82b494a1-3b4a-5ae2-a678-9eb1c4f8b54b,
urn:uuid:4f8b301b-fee3-5847-a3d8-f653cd21eb60,relation/unit/bab-3-kategori-diperkaya-dan-aditif/covers/surface/unit-022/formula/inline/024,urn:uuid:57081c05-2854-57ae-a7b7-8f0ae36cf85d,covers,urn:uuid:5307b3d7-5bce-529e-88db-f99a250eb4cc,
urn:uuid:acaacca6-72db-5184-9818-e33403f38b61,relation/unit/bab-3-kategori-diperkaya-dan-aditif/covers/surface/unit-022/formula/inline/025,urn:uuid:57081c05-2854-57ae-a7b7-8f0ae36cf85d,covers,urn:uuid:e3b0bae1-8140-590c-a153-7d67ff718fc0,
urn:uuid:fa597e19-3fcd-581f-b14e-9e99dafc9faf,relation/unit/bab-3-kategori-diperkaya-dan-aditif/covers/surface/unit-022/formula/inline/026,urn:uuid:57081c05-2854-57ae-a7b7-8f0ae36cf85d,covers,urn:uuid:9e6f5af6-2ba2-55f5-905b-ed54cc77394a,
urn:uuid:6fee66da-bbe6-5c6a-ac6e-d6d7c3cc62d9,relation/unit/bab-3-kategori-diperkaya-dan-aditif/covers/surface/unit-022/formula/inline/027,urn:uuid:57081c05-2854-57ae-a7b7-8f0ae36cf85d,covers,urn:uuid:6e2c3dc1-3600-59bb-93de-b8226d40d5ef,
urn:uuid:78eb7c31-eaed-5055-9c0f-28796df58829,relation/unit/bab-3-kategori-diperkaya-dan-aditif/covers/surface/unit-022/formula/inline/028,urn:uuid:57081c05-2854-57ae-a7b7-8f0ae36cf85d,covers,urn:uuid:8b941b57-85f7-59e3-961e-efcf9b9baa81,
urn:uuid:3a777506-4982-5ca4-af8d-e86c1caa8ef7,relation/unit/bab-3-kategori-diperkaya-dan-aditif/covers/surface/unit-022/formula/inline/029,urn:uuid:57081c05-2854-57ae-a7b7-8f0ae36cf85d,covers,urn:uuid:0f4e706b-738a-5d52-8fde-59620781d4ba,
urn:uuid:b2506130-9f4e-59de-8612-bc583c5d0b75,relation/unit/bab-3-kategori-diperkaya-dan-aditif/covers/surface/unit-022/formula/inline/030,urn:uuid:57081c05-2854-57ae-a7b7-8f0ae36cf85d,covers,urn:uuid:f973cb91-32a9-50c8-97a6-01e11f8d542e,
urn:uuid:dcf06133-2525-536b-9619-189699592697,relation/unit/bab-3-kategori-diperkaya-dan-aditif/covers/surface/unit-022/formula/inline/031,urn:uuid:57081c05-2854-57ae-a7b7-8f0ae36cf85d,covers,urn:uuid:d9551770-17a5-53c0-afe5-7d81a32c03d5,
urn:uuid:026cfd91-7b69-5231-b5d8-7acbaf8756cf,relation/unit/bab-3-kategori-diperkaya-dan-aditif/covers/surface/unit-022/formula/inline/032,urn:uuid:57081c05-2854-57ae-a7b7-8f0ae36cf85d,covers,urn:uuid:e79c56ff-78c5-5ac0-a194-944e35097a24,
urn:uuid:3b3a6c32-d026-5e7c-a663-0f8542cd77a3,relation/unit/bab-3-kategori-diperkaya-dan-aditif/covers/surface/unit-022/formula/inline/033,urn:uuid:57081c05-2854-57ae-a7b7-8f0ae36cf85d,covers,urn:uuid:da8c6e8a-7f3a-59e7-a142-e2fd601e7ba1,
urn:uuid:7fe49c5a-a140-5d2c-921e-9d1759ada9a8,relation/unit/bab-3-kategori-diperkaya-dan-aditif/covers/surface/unit-022/formula/inline/034,urn:uuid:57081c05-2854-57ae-a7b7-8f0ae36cf85d,covers,urn:uuid:39e064bc-aa5e-5736-9526-1bc61f414962,
urn:uuid:c4cc507b-52d8-5384-9157-46ab5d7ad6d7,relation/unit/bab-3-kategori-diperkaya-dan-aditif/covers/surface/unit-022/formula/inline/035,urn:uuid:57081c05-2854-57ae-a7b7-8f0ae36cf85d,covers,urn:uuid:22e9a019-4dd5-5726-ba13-d743d8a11973,
urn:uuid:71ddf736-a22a-5702-9371-84ae593fd5c5,relation/unit/bab-3-kategori-diperkaya-dan-aditif/covers/surface/unit-022/formula/inline/036,urn:uuid:57081c05-2854-57ae-a7b7-8f0ae36cf85d,covers,urn:uuid:68517c5b-c957-5ba9-a9e9-8f17a69352fa,
urn:uuid:f005ccec-341b-5c37-8400-3d13cef23fe1,relation/unit/bab-3-kategori-diperkaya-dan-aditif/covers/surface/unit-022/formula/inline/037,urn:uuid:57081c05-2854-57ae-a7b7-8f0ae36cf85d,covers,urn:uuid:e5c6cfd4-1d74-5152-9598-507b804691cb,
urn:uuid:64c2df51-c7b9-5527-b952-0ad34b7c6411,relation/unit/bab-3-kategori-diperkaya-dan-aditif/covers/surface/unit-022/formula/inline/038,urn:uuid:57081c05-2854-57ae-a7b7-8f0ae36cf85d,covers,urn:uuid:62aa7922-17e4-5a73-ba55-2d9dcb0cf9e4,
urn:uuid:08ee14b3-85da-52ed-b235-1b07596a4723,relation/unit/bab-3-kategori-diperkaya-dan-aditif/covers/surface/unit-022/formula/inline/039,urn:uuid:57081c05-2854-57ae-a7b7-8f0ae36cf85d,covers,urn:uuid:c7572ed7-4f34-53e6-a51f-4346c030816a,
urn:uuid:5b18c35e-acdf-573c-8090-c81d92e07dcc,relation/unit/bab-3-kategori-diperkaya-dan-aditif/covers/surface/unit-022/formula/inline/040,urn:uuid:57081c05-2854-57ae-a7b7-8f0ae36cf85d,covers,urn:uuid:b5f13abc-5c34-5245-9df5-4e9ac3cb52be,
urn:uuid:fbf56c15-9cac-5efd-abde-6471af21cf63,relation/unit/bab-3-kategori-diperkaya-dan-aditif/covers/surface/unit-022/formula/inline/041,urn:uuid:57081c05-2854-57ae-a7b7-8f0ae36cf85d,covers,urn:uuid:93034176-7688-54f3-bb30-c727a0445c9c,
urn:uuid:6a37ace8-964a-54cb-b209-9277f3538fc4,relation/unit/bab-3-kategori-diperkaya-dan-aditif/covers/surface/unit-022/formula/inline/042,urn:uuid:57081c05-2854-57ae-a7b7-8f0ae36cf85d,covers,urn:uuid:81df8193-5a78-5397-a13d-66c8a3101dfa,
urn:uuid:81598c38-cedc-572b-a74b-225474e08ff0,relation/unit/bab-3-kategori-diperkaya-dan-aditif/covers/surface/unit-022/formula/inline/043,urn:uuid:57081c05-2854-57ae-a7b7-8f0ae36cf85d,covers,urn:uuid:903d8759-8c35-5932-92ec-c7225bee3c03,
urn:uuid:27b32305-357a-506e-b1c6-d0e509facaf2,relation/unit/bab-3-kategori-diperkaya-dan-aditif/covers/surface/unit-022/formula/inline/044,urn:uuid:57081c05-2854-57ae-a7b7-8f0ae36cf85d,covers,urn:uuid:9382ff1c-2d6f-5421-a6e8-15736d6cf7aa,
urn:uuid:bb92f6c2-013f-5d09-91f3-8e7abea76aa7,relation/unit/bab-3-kategori-diperkaya-dan-aditif/covers/surface/unit-022/formula/inline/045,urn:uuid:57081c05-2854-57ae-a7b7-8f0ae36cf85d,covers,urn:uuid:08d1e3fd-ff4a-5f83-ae7f-d3f77337cea7,
urn:uuid:b65af8c5-6e62-56cf-9620-bfa5e42b87cc,relation/unit/bab-3-kategori-diperkaya-dan-aditif/covers/surface/unit-022/formula/inline/046,urn:uuid:57081c05-2854-57ae-a7b7-8f0ae36cf85d,covers,urn:uuid:6d947f92-781d-5dcc-95f9-e6ba82737226,
urn:uuid:b10080da-f804-5e17-a1f2-7d88fe1e818d,relation/unit/bab-3-kategori-diperkaya-dan-aditif/covers/surface/unit-022/formula/inline/047,urn:uuid:57081c05-2854-57ae-a7b7-8f0ae36cf85d,covers,urn:uuid:35644aa0-dd39-5d33-a8e3-0fe38b0ee43a,
urn:uuid:a56b75ec-82d7-53ee-86c8-8880a17d8264,relation/unit/bab-3-kategori-diperkaya-dan-aditif/covers/surface/unit-022/formula/inline/048,urn:uuid:57081c05-2854-57ae-a7b7-8f0ae36cf85d,covers,urn:uuid:7dd87996-be2b-59dc-8c40-8a0f1cd134cf,
urn:uuid:e3c04772-af7b-506a-ad8c-4a411a338e4b,relation/unit/bab-3-kategori-diperkaya-dan-aditif/covers/surface/unit-022/formula/inline/049,urn:uuid:57081c05-2854-57ae-a7b7-8f0ae36cf85d,covers,urn:uuid:22772f8f-9c68-5e5b-b3f4-1390e88f8743,
urn:uuid:215b8d9d-eea4-541d-99ca-2372fb33e594,relation/unit/bab-3-kategori-diperkaya-dan-aditif/covers/surface/unit-022/formula/inline/050,urn:uuid:57081c05-2854-57ae-a7b7-8f0ae36cf85d,covers,urn:uuid:4c9ba0ba-1bd6-5f4f-9f3e-52012912c420,
urn:uuid:883eb3b5-7a79-5c09-b44e-a80c33472991,relation/unit/bab-3-kategori-diperkaya-dan-aditif/covers/surface/unit-022/formula/inline/051,urn:uuid:57081c05-2854-57ae-a7b7-8f0ae36cf85d,covers,urn:uuid:2f5a2d64-5dd8-516b-8c8e-9741e7ba752b,
urn:uuid:c1d64552-993b-5a50-a739-9cbef1778f25,relation/unit/bab-3-kategori-diperkaya-dan-aditif/covers/surface/unit-022/formula/inline/052,urn:uuid:57081c05-2854-57ae-a7b7-8f0ae36cf85d,covers,urn:uuid:baef47e6-6076-5268-9d62-a25903b6185d,
urn:uuid:904736eb-7488-5976-9a26-20cb56f13c07,relation/unit/bab-3-kategori-diperkaya-dan-aditif/covers/surface/unit-022/formula/inline/053,urn:uuid:57081c05-2854-57ae-a7b7-8f0ae36cf85d,covers,urn:uuid:691ad878-05a6-5419-a2c5-0a9d1409d839,
urn:uuid:938614cd-689a-5ea7-bc25-a44ec1ca5fdd,relation/unit/bab-3-kategori-diperkaya-dan-aditif/covers/surface/unit-022/formula/inline/054,urn:uuid:57081c05-2854-57ae-a7b7-8f0ae36cf85d,covers,urn:uuid:1255c682-b11c-5767-ae38-5be2a7be6713,
urn:uuid:72bb5938-f363-5828-999e-b7136b31af69,relation/unit/bab-3-kategori-diperkaya-dan-aditif/covers/surface/unit-022/formula/inline/055,urn:uuid:57081c05-2854-57ae-a7b7-8f0ae36cf85d,covers,urn:uuid:4cfca425-3a69-5833-a63d-30cce9889022,
urn:uuid:0718f8fb-7280-52ad-9967-47d38daa567d,relation/unit/bab-3-kategori-diperkaya-dan-aditif/covers/surface/unit-022/formula/inline/056,urn:uuid:57081c05-2854-57ae-a7b7-8f0ae36cf85d,covers,urn:uuid:92874998-4e70-5704-8865-999face015ff,
urn:uuid:f23e53fb-e79f-5fd8-8649-85acc58fdeff,relation/unit/bab-3-kategori-diperkaya-dan-aditif/covers/surface/unit-022/formula/inline/057,urn:uuid:57081c05-2854-57ae-a7b7-8f0ae36cf85d,covers,urn:uuid:cb63ebc3-7d22-5059-a31b-34975d42599a,
urn:uuid:8c70556c-b7d3-5407-bc13-8e96cea3546f,relation/unit/bab-3-kategori-diperkaya-dan-aditif/covers/surface/unit-022/formula/inline/058,urn:uuid:57081c05-2854-57ae-a7b7-8f0ae36cf85d,covers,urn:uuid:a14bd623-f295-5625-bbe5-8e811cee8d07,
urn:uuid:278b5300-236f-59b6-80d7-44599e04e5bc,relation/unit/bab-3-kategori-diperkaya-dan-aditif/covers/surface/unit-022/formula/inline/059,urn:uuid:57081c05-2854-57ae-a7b7-8f0ae36cf85d,covers,urn:uuid:e86ad4e8-87de-52a7-8428-029534d91ef2,
urn:uuid:7f0351b8-485e-57a0-a252-13312c1b394b,relation/unit/bab-3-kategori-diperkaya-dan-aditif/covers/surface/unit-022/formula/inline/060,urn:uuid:57081c05-2854-57ae-a7b7-8f0ae36cf85d,covers,urn:uuid:acc49575-8dec-58f6-9f2f-90672735e581,
urn:uuid:c769de27-a89a-59d2-84c1-cf77e6a3543d,relation/unit/bab-3-kategori-diperkaya-dan-aditif/covers/surface/unit-022/formula/inline/061,urn:uuid:57081c05-2854-57ae-a7b7-8f0ae36cf85d,covers,urn:uuid:945f0e76-4cb6-5b62-90cf-6e9cad361061,
urn:uuid:925295a2-94f3-572b-aa11-02ff4e83f0b9,relation/unit/bab-3-kategori-diperkaya-dan-aditif/covers/surface/unit-022/formula/inline/062,urn:uuid:57081c05-2854-57ae-a7b7-8f0ae36cf85d,covers,urn:uuid:c2792dca-10a4-5c03-af98-e05809ac02ca,
urn:uuid:f175f876-8b03-54f9-bcc9-f077dc4faced,relation/unit/bab-3-kategori-diperkaya-dan-aditif/covers/surface/unit-022/formula/inline/063,urn:uuid:57081c05-2854-57ae-a7b7-8f0ae36cf85d,covers,urn:uuid:2296a6c1-ff5f-5c5b-9af9-d79b501be642,
urn:uuid:47884752-0a17-5b33-8ad6-ba4773d430e2,relation/unit/bab-3-kategori-diperkaya-dan-aditif/covers/surface/unit-022/formula/inline/064,urn:uuid:57081c05-2854-57ae-a7b7-8f0ae36cf85d,covers,urn:uuid:6b3b1182-254b-52d3-aaef-28b742bb5970,
urn:uuid:e456967e-0b38-59b6-aef0-bfca5cf425b3,relation/unit/bab-3-kategori-diperkaya-dan-aditif/covers/surface/unit-022/formula/inline/065,urn:uuid:57081c05-2854-57ae-a7b7-8f0ae36cf85d,covers,urn:uuid:3e9a3141-5c6a-553d-b7eb-7cdfc691bdb9,
urn:uuid:95cbfdd5-5833-54c7-8481-4d4e7e086ed4,relation/unit/bab-3-kategori-diperkaya-dan-aditif/covers/surface/unit-022/formula/inline/066,urn:uuid:57081c05-2854-57ae-a7b7-8f0ae36cf85d,covers,urn:uuid:a124f3ad-1bcb-5f4b-b7d4-c92ccc1ab6a0,
urn:uuid:580e71bd-f38e-5b04-beaf-bb4d35e10335,relation/unit/bab-3-kategori-diperkaya-dan-aditif/covers/surface/unit-022/formula/inline/067,urn:uuid:57081c05-2854-57ae-a7b7-8f0ae36cf85d,covers,urn:uuid:d45a18e9-26c5-5cc9-99b7-51f1b594b752,
urn:uuid:566be13f-245e-5f18-8330-73cadab06171,relation/unit/bab-3-kategori-diperkaya-dan-aditif/covers/surface/unit-022/formula/inline/068,urn:uuid:57081c05-2854-57ae-a7b7-8f0ae36cf85d,covers,urn:uuid:fe282e22-2377-55bc-9f7d-dc85c954607a,
urn:uuid:6e01c27c-7044-57d5-8a65-41414d6b7537,relation/unit/bab-3-kategori-diperkaya-dan-aditif/covers/surface/unit-022/formula/inline/069,urn:uuid:57081c05-2854-57ae-a7b7-8f0ae36cf85d,covers,urn:uuid:0b89c8d3-ae5a-53a1-9a9d-9d6e2c85ce67,
urn:uuid:18ccd3a8-6c88-5989-9ba7-ea3e7e16e450,relation/unit/bab-3-kategori-diperkaya-dan-aditif/covers/surface/unit-022/formula/inline/070,urn:uuid:57081c05-2854-57ae-a7b7-8f0ae36cf85d,covers,urn:uuid:3b343bb0-60e5-5fce-a4cd-15a67f36d129,
urn:uuid:8c0b0546-c436-51ce-a2db-1c822fa90f17,relation/unit/bab-3-kategori-diperkaya-dan-aditif/covers/surface/unit-022/formula/inline/071,urn:uuid:57081c05-2854-57ae-a7b7-8f0ae36cf85d,covers,urn:uuid:5e80e4cf-0f17-5826-b248-994953ecf5ff,
urn:uuid:305c61e2-5384-5170-bfd2-64d5f28ef09f,relation/unit/bab-3-kategori-diperkaya-dan-aditif/covers/surface/unit-022/formula/inline/072,urn:uuid:57081c05-2854-57ae-a7b7-8f0ae36cf85d,covers,urn:uuid:91ade145-639c-5624-b730-1a3af9613102,
urn:uuid:93be3867-846e-51b8-86e6-8f42a16fd30a,relation/unit/bab-3-kategori-diperkaya-dan-aditif/covers/surface/unit-022/formula/inline/073,urn:uuid:57081c05-2854-57ae-a7b7-8f0ae36cf85d,covers,urn:uuid:836b1c00-daa6-5f31-9748-e28aa2d15d2c,
urn:uuid:e90a2f6a-ef32-5ca8-a416-ce9d0af80a38,relation/unit/bab-3-kategori-diperkaya-dan-aditif/covers/surface/unit-022/formula/inline/074,urn:uuid:57081c05-2854-57ae-a7b7-8f0ae36cf85d,covers,urn:uuid:37995360-b573-5642-86ff-befcaccb48f3,
urn:uuid:4c747e24-cd13-552b-b526-6a3c33d962d7,relation/unit/bab-3-kategori-diperkaya-dan-aditif/covers/surface/unit-022/formula/inline/075,urn:uuid:57081c05-2854-57ae-a7b7-8f0ae36cf85d,covers,urn:uuid:0e09f97d-848d-54f1-9a5e-51fffdd2c2c9,
urn:uuid:39e73aa7-9066-5013-9908-4e11ed4456df,relation/unit/bab-3-kategori-diperkaya-dan-aditif/covers/surface/unit-022/formula/inline/076,urn:uuid:57081c05-2854-57ae-a7b7-8f0ae36cf85d,covers,urn:uuid:77b02af5-fe89-5a25-b17d-d7fa0bdd2dd0,
urn:uuid:692d5943-3878-5442-be35-aaa60eb11105,relation/unit/bab-3-kategori-diperkaya-dan-aditif/covers/surface/unit-022/formula/inline/077,urn:uuid:57081c05-2854-57ae-a7b7-8f0ae36cf85d,covers,urn:uuid:58d2bb65-8410-5773-a7d6-03c2bc0f97ca,
urn:uuid:e023488e-1c02-507a-956c-dfa8627b7d7a,relation/unit/bab-3-kategori-diperkaya-dan-aditif/covers/surface/unit-022/formula/inline/078,urn:uuid:57081c05-2854-57ae-a7b7-8f0ae36cf85d,covers,urn:uuid:dbee25f0-fbe0-5454-9ef0-65d979b36404,
urn:uuid:2bf0724b-a5d0-5ecf-a433-735218ee42fc,relation/unit/bab-3-kategori-diperkaya-dan-aditif/covers/surface/unit-022/formula/inline/079,urn:uuid:57081c05-2854-57ae-a7b7-8f0ae36cf85d,covers,urn:uuid:c15c3e11-bb3e-5ad5-8f1d-ddee612ecb82,
urn:uuid:04cdaf48-3dab-550f-b30d-9d81f0c49e6c,relation/unit/bab-3-kategori-diperkaya-dan-aditif/covers/surface/unit-022/formula/inline/080,urn:uuid:57081c05-2854-57ae-a7b7-8f0ae36cf85d,covers,urn:uuid:c245257d-7526-506f-97cb-c5c9fb3bcc07,
urn:uuid:c6a61cad-6ca4-5e12-ad9a-237b2f77e77e,relation/unit/bab-3-kategori-diperkaya-dan-aditif/covers/surface/unit-022/formula/inline/081,urn:uuid:57081c05-2854-57ae-a7b7-8f0ae36cf85d,covers,urn:uuid:c6825493-b568-5dc4-aff4-8a05e8f6d3a0,
urn:uuid:b8a43f71-4e89-5b59-aa3e-b455c86ea3e0,relation/unit/bab-3-kategori-diperkaya-dan-aditif/covers/surface/unit-022/formula/inline/082,urn:uuid:57081c05-2854-57ae-a7b7-8f0ae36cf85d,covers,urn:uuid:11cdae87-fedc-5be8-974b-e46fdf8247bd,
urn:uuid:8e53dad8-b1f7-549d-92db-72fba9f0ddff,relation/unit/bab-3-kategori-diperkaya-dan-aditif/covers/surface/unit-022/formula/inline/083,urn:uuid:57081c05-2854-57ae-a7b7-8f0ae36cf85d,covers,urn:uuid:f8fbb71c-7a26-5020-8326-8bf81adcad39,
urn:uuid:01f3b7ba-0425-5a77-a0cb-62cf6c889251,relation/unit/bab-3-kategori-diperkaya-dan-aditif/covers/surface/unit-022/formula/inline/084,urn:uuid:57081c05-2854-57ae-a7b7-8f0ae36cf85d,covers,urn:uuid:dd812ee6-6f1e-56a0-90bd-62844908b640,
urn:uuid:00a8f2d3-7f62-5dfd-bdd7-52e5d2023132,relation/unit/bab-3-kategori-diperkaya-dan-aditif/covers/surface/unit-022/formula/inline/085,urn:uuid:57081c05-2854-57ae-a7b7-8f0ae36cf85d,covers,urn:uuid:faebb378-9d67-5f01-8248-dadae1ddc92c,
urn:uuid:305751aa-0c3d-584a-9f58-726c75747673,relation/unit/bab-3-kategori-diperkaya-dan-aditif/covers/surface/unit-022/formula/inline/086,urn:uuid:57081c05-2854-57ae-a7b7-8f0ae36cf85d,covers,urn:uuid:45edd0b5-391a-5653-8a1b-46138a650f44,
urn:uuid:f61ea1d2-f981-517d-966b-f4acd241ef1e,relation/unit/bab-3-kategori-diperkaya-dan-aditif/covers/surface/unit-022/formula/inline/087,urn:uuid:57081c05-2854-57ae-a7b7-8f0ae36cf85d,covers,urn:uuid:50d18190-c960-5577-b5c5-c995097b8f14,
urn:uuid:ecba9adc-1f8f-57d8-b2ea-6b2f6f11c430,relation/unit/bab-3-kategori-diperkaya-dan-aditif/covers/surface/unit-022/formula/inline/088,urn:uuid:57081c05-2854-57ae-a7b7-8f0ae36cf85d,covers,urn:uuid:3bff9329-e3c8-5675-aaeb-4dbb0124ee15,
urn:uuid:e87757e0-5388-5b2c-866d-39e7ecc0a9ec,relation/unit/bab-3-kategori-diperkaya-dan-aditif/covers/surface/unit-022/formula/inline/089,urn:uuid:57081c05-2854-57ae-a7b7-8f0ae36cf85d,covers,urn:uuid:c1ca524e-985c-5b4e-be1c-a632d0c19364,
urn:uuid:3d2d9840-02be-5878-8b02-5d11f2fff7ab,relation/unit/bab-3-kategori-diperkaya-dan-aditif/covers/surface/unit-022/formula/inline/090,urn:uuid:57081c05-2854-57ae-a7b7-8f0ae36cf85d,covers,urn:uuid:1668f03a-c411-510c-bbf2-9da78ac1a7ad,
urn:uuid:dba26c76-f94c-5ed9-b108-f232bf6676a0,relation/unit/bab-3-kategori-diperkaya-dan-aditif/covers/surface/unit-022/formula/inline/091,urn:uuid:57081c05-2854-57ae-a7b7-8f0ae36cf85d,covers,urn:uuid:793285f8-cf0f-55ce-99ff-fa12a0cbb1e6,
urn:uuid:597e482c-83ca-5cc2-80e8-1888b81d1364,relation/unit/bab-3-kategori-diperkaya-dan-aditif/covers/surface/unit-022/formula/inline/092,urn:uuid:57081c05-2854-57ae-a7b7-8f0ae36cf85d,covers,urn:uuid:70c20fb2-0ced-551c-bb2c-6b5da0d9eaff,
urn:uuid:22c79a83-3e71-5519-bebd-2b4ef425dddd,relation/unit/bab-3-kategori-diperkaya-dan-aditif/covers/surface/unit-022/formula/inline/093,urn:uuid:57081c05-2854-57ae-a7b7-8f0ae36cf85d,covers,urn:uuid:0304f883-b82e-5590-92e0-d5eb6695ebba,
urn:uuid:849e3103-0224-5862-96e3-1b1e50d468a8,relation/unit/bab-3-kategori-diperkaya-dan-aditif/covers/surface/unit-022/formula/inline/094,urn:uuid:57081c05-2854-57ae-a7b7-8f0ae36cf85d,covers,urn:uuid:93ff61ae-f409-5dbb-b29a-4db84ee6b1b5,
urn:uuid:dd11d993-6c31-5b07-b357-a597fe70864f,relation/unit/bab-3-kategori-diperkaya-dan-aditif/covers/surface/unit-022/formula/inline/095,urn:uuid:57081c05-2854-57ae-a7b7-8f0ae36cf85d,covers,urn:uuid:b7efaa81-2038-536c-9fe0-3a9a2d4e2f79,
urn:uuid:102d7916-4d51-593f-870f-fda82fbd69c2,relation/unit/bab-3-kategori-diperkaya-dan-aditif/covers/surface/unit-022/formula/inline/096,urn:uuid:57081c05-2854-57ae-a7b7-8f0ae36cf85d,covers,urn:uuid:51ea3e2b-fabc-5096-92f2-76fdae9a98bf,
urn:uuid:c7e54da2-5b08-595b-beb8-1dd1376991df,relation/unit/bab-3-kategori-diperkaya-dan-aditif/covers/surface/unit-022/formula/inline/097,urn:uuid:57081c05-2854-57ae-a7b7-8f0ae36cf85d,covers,urn:uuid:0de9fb47-084d-5318-a639-13666d96b905,
urn:uuid:794998af-0e27-557a-ba05-9f5510db66b8,relation/unit/bab-3-kategori-diperkaya-dan-aditif/covers/surface/unit-022/formula/inline/098,urn:uuid:57081c05-2854-57ae-a7b7-8f0ae36cf85d,covers,urn:uuid:f892d209-6d38-51e1-b817-c8dc9de539db,
urn:uuid:a704ef2c-c8a4-553d-ae43-bf5bbb30e07a,relation/unit/bab-3-kategori-diperkaya-dan-aditif/covers/surface/unit-022/formula/inline/099,urn:uuid:57081c05-2854-57ae-a7b7-8f0ae36cf85d,covers,urn:uuid:23401a22-de4d-5430-8c5b-afd1266b8352,
urn:uuid:6e899a73-ff97-530a-b6b1-3c1f527fbd3e,relation/unit/bab-3-kategori-diperkaya-dan-aditif/covers/surface/unit-022/formula/inline/100,urn:uuid:57081c05-2854-57ae-a7b7-8f0ae36cf85d,covers,urn:uuid:ea8de196-c01e-5e82-8ab4-6e0e2b54995a,
urn:uuid:fdb45266-08ec-5fcf-91e4-548a68ad7052,relation/unit/bab-3-kategori-diperkaya-dan-aditif/covers/surface/unit-022/formula/inline/101,urn:uuid:57081c05-2854-57ae-a7b7-8f0ae36cf85d,covers,urn:uuid:fb7a82ec-5809-5aef-ba48-2dea03794c0b,
urn:uuid:0408cac2-2fb9-580b-98c5-9d6fc25de1d0,relation/unit/bab-3-kategori-diperkaya-dan-aditif/covers/surface/unit-022/formula/inline/102,urn:uuid:57081c05-2854-57ae-a7b7-8f0ae36cf85d,covers,urn:uuid:8e5c1f9c-fb60-5c48-b12a-aff764273521,
urn:uuid:6656627e-161d-563d-a779-0207fa2db227,relation/unit/bab-3-kategori-diperkaya-dan-aditif/covers/surface/unit-022/formula/inline/103,urn:uuid:57081c05-2854-57ae-a7b7-8f0ae36cf85d,covers,urn:uuid:32abe8ca-1354-5cff-af8a-f2b0302edccc,
urn:uuid:de3252b0-0fe1-5bff-9efa-e7531b2a9c20,relation/unit/bab-3-kategori-diperkaya-dan-aditif/covers/surface/unit-022/formula/inline/104,urn:uuid:57081c05-2854-57ae-a7b7-8f0ae36cf85d,covers,urn:uuid:fe04e1b2-5567-5e61-83bd-8de515aa76b7,
urn:uuid:47720816-3151-5e96-8902-5d4f441b7153,relation/unit/bab-3-kategori-diperkaya-dan-aditif/covers/surface/unit-022/formula/inline/105,urn:uuid:57081c05-2854-57ae-a7b7-8f0ae36cf85d,covers,urn:uuid:32865950-3cc9-59b4-8583-d415f8c953f5,
urn:uuid:1b47e83d-a0f1-5ca6-8eb9-06bc917cbd64,relation/unit/bab-3-kategori-diperkaya-dan-aditif/covers/surface/unit-022/formula/inline/106,urn:uuid:57081c05-2854-57ae-a7b7-8f0ae36cf85d,covers,urn:uuid:f6a7ec31-9aa0-5924-ab7b-281df16b315b,
urn:uuid:cb128b0c-5461-5999-8d0b-662f56a3ff13,relation/unit/bab-3-kategori-diperkaya-dan-aditif/covers/surface/unit-022/formula/inline/107,urn:uuid:57081c05-2854-57ae-a7b7-8f0ae36cf85d,covers,urn:uuid:633fc0d7-0b75-5faa-a167-523d9791e050,
urn:uuid:05ae7f85-ce89-52d2-9f37-f1651b995d53,relation/unit/bab-3-kategori-diperkaya-dan-aditif/covers/surface/unit-022/formula/inline/108,urn:uuid:57081c05-2854-57ae-a7b7-8f0ae36cf85d,covers,urn:uuid:28840aed-a5f3-55a7-9434-4217a546ad73,
urn:uuid:caf600b6-821c-5cfe-97b5-3ae42678367e,relation/unit/bab-3-kategori-diperkaya-dan-aditif/covers/surface/unit-022/formula/inline/109,urn:uuid:57081c05-2854-57ae-a7b7-8f0ae36cf85d,covers,urn:uuid:9d194e69-1217-57ca-863e-e20ce1f428de,
urn:uuid:4fce4eef-409d-5191-ac45-0f4d7cceb4e6,relation/unit/bab-3-kategori-diperkaya-dan-aditif/covers/surface/unit-022/formula/inline/110,urn:uuid:57081c05-2854-57ae-a7b7-8f0ae36cf85d,covers,urn:uuid:70e95639-3a45-5748-9070-0f2667fe413f,
urn:uuid:c3aff659-8eb3-5989-9be7-61285a1005e9,relation/unit/bab-3-kategori-diperkaya-dan-aditif/covers/surface/unit-022/formula/inline/111,urn:uuid:57081c05-2854-57ae-a7b7-8f0ae36cf85d,covers,urn:uuid:cf99381f-5e47-5c30-9a25-8d56858db383,
urn:uuid:27890deb-2bf0-522f-978b-0b02d2d727cf,relation/unit/bab-3-kategori-diperkaya-dan-aditif/covers/surface/unit-022/formula/inline/112,urn:uuid:57081c05-2854-57ae-a7b7-8f0ae36cf85d,covers,urn:uuid:f5309ef7-150b-51c5-89ea-8c677647e745,
urn:uuid:ec9be2f7-b7a5-5ac5-858c-f4fe7bcbce17,relation/unit/bab-3-kategori-diperkaya-dan-aditif/covers/surface/unit-022/formula/inline/113,urn:uuid:57081c05-2854-57ae-a7b7-8f0ae36cf85d,covers,urn:uuid:fb81c9d2-d2e7-5821-bbb9-661589da9b09,
urn:uuid:32202a44-2c9b-5fe2-a4c3-7a69a4efcf06,relation/unit/bab-3-kategori-diperkaya-dan-aditif/covers/surface/unit-022/formula/inline/114,urn:uuid:57081c05-2854-57ae-a7b7-8f0ae36cf85d,covers,urn:uuid:7326fc91-ba0d-52a8-922e-91b66e86b949,
urn:uuid:d889788e-0e51-553c-b5e2-9e991cc54455,relation/unit/bab-3-kategori-diperkaya-dan-aditif/covers/surface/unit-022/formula/inline/115,urn:uuid:57081c05-2854-57ae-a7b7-8f0ae36cf85d,covers,urn:uuid:d197424b-11c9-5e55-9525-e92a86cfafd9,
urn:uuid:47294065-86e8-5cf2-8ebc-ba10180b85c8,relation/unit/bab-3-kategori-diperkaya-dan-aditif/covers/surface/unit-022/formula/inline/116,urn:uuid:57081c05-2854-57ae-a7b7-8f0ae36cf85d,covers,urn:uuid:2ddcac44-92a3-5ce0-a96f-f085c15cf133,
urn:uuid:2eb1dc2c-612a-5cb8-a46b-23e87c380c02,relation/unit/bab-3-kategori-diperkaya-dan-aditif/covers/surface/unit-022/formula/inline/117,urn:uuid:57081c05-2854-57ae-a7b7-8f0ae36cf85d,covers,urn:uuid:b6e1483f-e628-5a34-b718-71196b3ea721,
urn:uuid:5966be8d-68c6-5d48-83ca-9a865de0d34a,relation/unit/bab-3-kategori-diperkaya-dan-aditif/covers/surface/unit-022/formula/inline/118,urn:uuid:57081c05-2854-57ae-a7b7-8f0ae36cf85d,covers,urn:uuid:c5523174-a22e-5f96-ba7a-3e9641dedf74,
urn:uuid:91847a40-bd39-56a3-b2bb-ee95b9c761d9,relation/unit/bab-3-kategori-diperkaya-dan-aditif/covers/surface/unit-022/formula/inline/119,urn:uuid:57081c05-2854-57ae-a7b7-8f0ae36cf85d,covers,urn:uuid:c40b75a7-8a83-57f3-89a1-3766d9b25b24,
urn:uuid:2476b33b-af13-5020-b377-e01b20e68374,relation/unit/bab-3-kategori-diperkaya-dan-aditif/covers/surface/unit-022/formula/inline/120,urn:uuid:57081c05-2854-57ae-a7b7-8f0ae36cf85d,covers,urn:uuid:6fe2760e-8506-5bdd-80be-38c047510a6f,
urn:uuid:2d7c594f-b4aa-5477-b76f-9144baf060ca,relation/unit/bab-3-kategori-diperkaya-dan-aditif/covers/surface/unit-022/formula/inline/121,urn:uuid:57081c05-2854-57ae-a7b7-8f0ae36cf85d,covers,urn:uuid:bb96db72-0b60-5d47-9d89-44aa08abc8ca,
urn:uuid:609f6160-55be-51d7-b7c4-4dc5c4874c13,relation/unit/bab-3-kategori-diperkaya-dan-aditif/covers/surface/unit-022/formula/inline/122,urn:uuid:57081c05-2854-57ae-a7b7-8f0ae36cf85d,covers,urn:uuid:b36ee251-4862-582d-a947-2bdc5c3d0823,
urn:uuid:d44e9de4-d428-514d-a589-768e8fd21694,relation/unit/bab-3-kategori-diperkaya-dan-aditif/covers/surface/unit-022/formula/inline/123,urn:uuid:57081c05-2854-57ae-a7b7-8f0ae36cf85d,covers,urn:uuid:c0fd5423-dd7a-580e-8fbe-bed3a16a02a4,
urn:uuid:13722c83-9dd6-5192-be3f-ceeaa8826b0a,relation/unit/bab-3-kategori-diperkaya-dan-aditif/covers/surface/unit-022/formula/inline/124,urn:uuid:57081c05-2854-57ae-a7b7-8f0ae36cf85d,covers,urn:uuid:046d4f16-e90e-540f-a2c7-405f510943b7,
urn:uuid:05615ff3-3f3f-5606-9f73-e31a98587e08,relation/unit/bab-3-kategori-diperkaya-dan-aditif/covers/surface/unit-022/formula/inline/125,urn:uuid:57081c05-2854-57ae-a7b7-8f0ae36cf85d,covers,urn:uuid:441a5569-e5ad-5312-b652-731a7e03a52c,
urn:uuid:61647029-439f-5033-9023-de2948f23adc,relation/unit/bab-3-kategori-diperkaya-dan-aditif/covers/surface/unit-022/formula/inline/126,urn:uuid:57081c05-2854-57ae-a7b7-8f0ae36cf85d,covers,urn:uuid:5f432b9f-c162-53e4-a1ea-8acb48052e36,
urn:uuid:767646bf-c71e-5a6e-afa7-2fa30b0c3a70,relation/unit/bab-3-kategori-diperkaya-dan-aditif/covers/surface/unit-022/formula/inline/127,urn:uuid:57081c05-2854-57ae-a7b7-8f0ae36cf85d,covers,urn:uuid:7445b66d-1076-5d50-858e-e93ffac4ca57,
urn:uuid:462811d2-3462-5c82-b690-ec178dd3b061,relation/unit/bab-3-kategori-diperkaya-dan-aditif/covers/surface/unit-022/formula/inline/128,urn:uuid:57081c05-2854-57ae-a7b7-8f0ae36cf85d,covers,urn:uuid:ee46d3de-475e-5694-82df-5460e1a671b3,
urn:uuid:36ec5855-eaf8-5919-bf36-0205b6d6a642,relation/unit/bab-3-kategori-diperkaya-dan-aditif/covers/surface/unit-022/formula/inline/129,urn:uuid:57081c05-2854-57ae-a7b7-8f0ae36cf85d,covers,urn:uuid:36f12648-244d-5d78-b9a4-f30fea36eebe,
urn:uuid:053ef7c4-f054-5158-a560-230f737fdf6e,relation/unit/bab-3-kategori-diperkaya-dan-aditif/covers/surface/unit-022/formula/inline/130,urn:uuid:57081c05-2854-57ae-a7b7-8f0ae36cf85d,covers,urn:uuid:d7d4dc02-9fd7-5385-a820-ddb20b66bcfe,
urn:uuid:f6b4e04f-f24b-59d9-856e-29e2aae22ed1,relation/unit/bab-3-kategori-diperkaya-dan-aditif/covers/surface/unit-022/formula/inline/131,urn:uuid:57081c05-2854-57ae-a7b7-8f0ae36cf85d,covers,urn:uuid:eaace11d-a9b6-5d3e-9948-df3d59ee0ff3,
urn:uuid:73801393-c193-573e-8627-24cb9b5a90bb,relation/unit/bab-3-kategori-diperkaya-dan-aditif/covers/surface/unit-022/formula/inline/132,urn:uuid:57081c05-2854-57ae-a7b7-8f0ae36cf85d,covers,urn:uuid:c806b034-3406-55a7-a901-15bb90d7d1e0,
urn:uuid:ac6bf3d3-4cb5-5680-87de-1a8a809afc6d,relation/unit/bab-3-kategori-diperkaya-dan-aditif/covers/surface/unit-022/formula/inline/133,urn:uuid:57081c05-2854-57ae-a7b7-8f0ae36cf85d,covers,urn:uuid:e92e11ab-6d4d-55a6-b7b1-e5a86d32f34f,
urn:uuid:e26cbcd9-ec58-5f7a-87ae-1cdada4e4d0d,relation/unit/bab-3-kategori-diperkaya-dan-aditif/covers/surface/unit-022/formula/inline/134,urn:uuid:57081c05-2854-57ae-a7b7-8f0ae36cf85d,covers,urn:uuid:23989441-9b4f-529c-b026-8f30e59827e0,
urn:uuid:d974d18e-6d57-518d-8708-37fcb1e1656b,relation/unit/bab-3-kategori-diperkaya-dan-aditif/covers/surface/unit-022/formula/inline/135,urn:uuid:57081c05-2854-57ae-a7b7-8f0ae36cf85d,covers,urn:uuid:529e87de-75c9-5d5e-a008-d8891fa4849a,
urn:uuid:dba1289b-a75d-52cd-9875-04d14b738441,relation/unit/bab-3-kategori-diperkaya-dan-aditif/covers/surface/unit-022/formula/inline/136,urn:uuid:57081c05-2854-57ae-a7b7-8f0ae36cf85d,covers,urn:uuid:f8bacdaa-0e6e-51dc-84c2-ca4b233e2027,
urn:uuid:67036358-6941-5af2-8c35-8c06435b79ca,relation/unit/bab-3-kategori-diperkaya-dan-aditif/covers/surface/unit-022/formula/inline/137,urn:uuid:57081c05-2854-57ae-a7b7-8f0ae36cf85d,covers,urn:uuid:c12e20f6-e6a2-50c2-a8e1-53362ded7389,
urn:uuid:edaf24b9-cd71-5a2b-ba71-995b1aafbd70,relation/unit/bab-3-kategori-diperkaya-dan-aditif/covers/surface/unit-022/formula/inline/138,urn:uuid:57081c05-2854-57ae-a7b7-8f0ae36cf85d,covers,urn:uuid:93598f53-6e9d-56ab-9f5c-8c881a8c10b7,
urn:uuid:e5b31596-dc5c-5ae8-9fbe-4f7049c84f21,relation/unit/bab-3-kategori-diperkaya-dan-aditif/covers/surface/unit-022/formula/inline/139,urn:uuid:57081c05-2854-57ae-a7b7-8f0ae36cf85d,covers,urn:uuid:4733e5b6-c501-587d-98cd-3ed7aee98914,
urn:uuid:aee714fe-1ed5-54c3-bd7c-02acd7b33572,relation/unit/bab-3-kategori-diperkaya-dan-aditif/covers/surface/unit-022/formula/inline/140,urn:uuid:57081c05-2854-57ae-a7b7-8f0ae36cf85d,covers,urn:uuid:e88edade-6f99-5d64-8db8-90c5708dab34,
urn:uuid:a6e8ec54-25ea-5cff-b530-816fab5c31b6,relation/unit/bab-3-kategori-diperkaya-dan-aditif/covers/surface/unit-022/formula/inline/141,urn:uuid:57081c05-2854-57ae-a7b7-8f0ae36cf85d,covers,urn:uuid:268a357c-b77f-5779-91a3-c9fd30dcbc46,
urn:uuid:2eadb4e9-c819-50fe-ad5e-5aa48b79a28f,relation/unit/bab-3-kategori-diperkaya-dan-aditif/covers/surface/unit-022/formula/inline/142,urn:uuid:57081c05-2854-57ae-a7b7-8f0ae36cf85d,covers,urn:uuid:bebd4798-01e0-5072-8add-80cbbbfe6fcb,
urn:uuid:2301f5ff-0f6f-54cb-b545-19ff69deac7c,relation/unit/bab-3-kategori-diperkaya-dan-aditif/covers/surface/unit-022/formula/inline/143,urn:uuid:57081c05-2854-57ae-a7b7-8f0ae36cf85d,covers,urn:uuid:54df097a-0f2d-5d18-862f-1d9d22464e70,
urn:uuid:4365319d-e517-5928-996e-356aafd8056b,relation/unit/bab-3-kategori-diperkaya-dan-aditif/covers/surface/unit-022/formula/inline/144,urn:uuid:57081c05-2854-57ae-a7b7-8f0ae36cf85d,covers,urn:uuid:c7a97a6c-c3f9-52d7-83d7-e538a15469e7,
urn:uuid:2fd7ad4a-daf7-5e6a-a61e-fbd29054ea25,relation/unit/bab-3-kategori-diperkaya-dan-aditif/covers/surface/unit-022/formula/inline/145,urn:uuid:57081c05-2854-57ae-a7b7-8f0ae36cf85d,covers,urn:uuid:6efc10d2-51fb-5e0c-97eb-cb858f03451e,
urn:uuid:3324d40e-7279-5a6d-8487-9f188074955d,relation/unit/bab-3-kategori-diperkaya-dan-aditif/covers/surface/unit-022/formula/inline/146,urn:uuid:57081c05-2854-57ae-a7b7-8f0ae36cf85d,covers,urn:uuid:3934cf2e-0a32-5dbe-82be-cd2e3bf27c63,
urn:uuid:c42907c2-ca2e-5e29-9972-dbddcefb59c5,relation/unit/bab-3-kategori-diperkaya-dan-aditif/covers/surface/unit-022/formula/inline/147,urn:uuid:57081c05-2854-57ae-a7b7-8f0ae36cf85d,covers,urn:uuid:fd205a86-3181-5e68-a2ca-e9b8b613302c,
urn:uuid:4769fd45-bb29-5e0c-bd56-da4be1fc6e24,relation/unit/bab-3-kategori-diperkaya-dan-aditif/covers/surface/unit-022/formula/inline/148,urn:uuid:57081c05-2854-57ae-a7b7-8f0ae36cf85d,covers,urn:uuid:34f8d31d-081c-5954-82b0-dbc0b2fd4dc0,
urn:uuid:13e84f1f-ebe3-50b0-80ee-7bc1f54968b5,relation/unit/bab-3-kategori-diperkaya-dan-aditif/covers/surface/unit-022/formula/inline/149,urn:uuid:57081c05-2854-57ae-a7b7-8f0ae36cf85d,covers,urn:uuid:013efc54-19cf-5cc1-8355-3c845ecbfc88,
urn:uuid:d9877206-1006-51b8-b4c2-a9b80b24c235,relation/unit/bab-3-kategori-diperkaya-dan-aditif/covers/surface/unit-022/formula/inline/150,urn:uuid:57081c05-2854-57ae-a7b7-8f0ae36cf85d,covers,urn:uuid:08192cc0-ae3f-5bc0-a7c5-0588bc410919,
urn:uuid:69e4d7e8-00c3-5370-a5f1-f5a88efee9f0,relation/unit/bab-3-kategori-diperkaya-dan-aditif/covers/surface/unit-022/formula/inline/151,urn:uuid:57081c05-2854-57ae-a7b7-8f0ae36cf85d,covers,urn:uuid:b1d19913-bd36-51cd-8be5-34e35f6caec9,
urn:uuid:0481af95-be93-55cf-a4b4-2bcd8a3a88b5,relation/unit/bab-3-kategori-diperkaya-dan-aditif/covers/surface/unit-022/formula/inline/152,urn:uuid:57081c05-2854-57ae-a7b7-8f0ae36cf85d,covers,urn:uuid:1baf656f-ef79-5007-aa13-b32f864b7778,
urn:uuid:09b91c97-52d3-5ba1-877c-e24bf6f1f42b,relation/unit/bab-3-kategori-diperkaya-dan-aditif/covers/surface/unit-022/formula/inline/153,urn:uuid:57081c05-2854-57ae-a7b7-8f0ae36cf85d,covers,urn:uuid:1f8ae362-23d4-5a36-8213-07b04ba2ccbf,
urn:uuid:0cff2181-01f5-59a0-8adc-baad3a66b906,relation/unit/bab-3-kategori-diperkaya-dan-aditif/covers/surface/unit-022/formula/inline/154,urn:uuid:57081c05-2854-57ae-a7b7-8f0ae36cf85d,covers,urn:uuid:9dd87c07-1424-59cf-b870-7655553be45c,
urn:uuid:dd1651da-e299-59df-8a8c-a6b0f03f8138,relation/unit/bab-3-kategori-diperkaya-dan-aditif/covers/surface/unit-022/formula/inline/155,urn:uuid:57081c05-2854-57ae-a7b7-8f0ae36cf85d,covers,urn:uuid:5857d02b-0188-5806-b27b-8daf36d46af5,
urn:uuid:f2b6630f-d868-5d2e-8518-35d823429b71,relation/unit/bab-3-kategori-diperkaya-dan-aditif/covers/surface/unit-022/formula/inline/156,urn:uuid:57081c05-2854-57ae-a7b7-8f0ae36cf85d,covers,urn:uuid:9cf9be26-5022-597d-91b4-b4240c4293dd,
urn:uuid:ebe27360-6eca-5033-986d-4c6c3e45ce40,relation/unit/bab-3-kategori-diperkaya-dan-aditif/covers/surface/unit-022/formula/inline/157,urn:uuid:57081c05-2854-57ae-a7b7-8f0ae36cf85d,covers,urn:uuid:1e50d6a2-0c1f-5828-9fcc-5e2c580ebfff,
urn:uuid:c6ec7d65-a43a-5e30-b0f0-f069e79e7799,relation/unit/bab-3-kategori-diperkaya-dan-aditif/covers/surface/unit-022/formula/inline/158,urn:uuid:57081c05-2854-57ae-a7b7-8f0ae36cf85d,covers,urn:uuid:1db8bb89-75c0-59d7-ab07-b4737be48f36,
urn:uuid:c748f186-e543-54f1-ba64-878a2f9710b5,relation/unit/bab-3-kategori-diperkaya-dan-aditif/covers/surface/unit-022/formula/inline/159,urn:uuid:57081c05-2854-57ae-a7b7-8f0ae36cf85d,covers,urn:uuid:4d80cbed-d163-57c5-83b2-5612f275f823,
urn:uuid:db6a7271-ad82-5c0f-9239-a2bf8e047b02,relation/unit/bab-3-kategori-diperkaya-dan-aditif/covers/surface/unit-022/formula/inline/160,urn:uuid:57081c05-2854-57ae-a7b7-8f0ae36cf85d,covers,urn:uuid:2e4b5eda-b755-5155-b2e5-134f59f70fe7,
urn:uuid:03501d55-f39b-54a5-ad46-618056dd00a1,relation/unit/bab-3-kategori-diperkaya-dan-aditif/covers/surface/unit-022/formula/inline/161,urn:uuid:57081c05-2854-57ae-a7b7-8f0ae36cf85d,covers,urn:uuid:f353ddb2-9e60-5ef0-97a0-b526c01d4e74,
urn:uuid:e9474155-900a-5c39-a27f-bee6d4f31792,relation/unit/bab-3-kategori-diperkaya-dan-aditif/covers/surface/unit-022/formula/inline/162,urn:uuid:57081c05-2854-57ae-a7b7-8f0ae36cf85d,covers,urn:uuid:588b54e0-c97d-578b-9582-2b7e6eb3e581,
urn:uuid:b7cbedaa-4909-5ef7-9997-6d18fc7c149d,relation/unit/bab-3-kategori-diperkaya-dan-aditif/covers/surface/unit-022/formula/inline/163,urn:uuid:57081c05-2854-57ae-a7b7-8f0ae36cf85d,covers,urn:uuid:4049e12a-d6b4-53c0-960e-db5ca0562341,
urn:uuid:b7887228-89dd-5552-891e-ef634f1cd7dc,relation/unit/bab-3-kategori-diperkaya-dan-aditif/covers/surface/unit-022/formula/inline/164,urn:uuid:57081c05-2854-57ae-a7b7-8f0ae36cf85d,covers,urn:uuid:0a27dd60-8788-50ed-9caf-07b41c20f3e0,
urn:uuid:9e59e4ae-f0a9-540f-b4d6-6db7e2b572c6,relation/unit/bab-3-kategori-diperkaya-dan-aditif/covers/surface/unit-022/formula/inline/165,urn:uuid:57081c05-2854-57ae-a7b7-8f0ae36cf85d,covers,urn:uuid:72e2d88d-7581-55ac-8b7b-21ffaee649fe,
urn:uuid:c46bc7db-39f5-5f2d-bf3d-e0bac8e49a79,relation/unit/bab-3-kategori-diperkaya-dan-aditif/covers/surface/unit-022/formula/inline/166,urn:uuid:57081c05-2854-57ae-a7b7-8f0ae36cf85d,covers,urn:uuid:ebef7565-d8fd-5324-bdc5-f832aa843492,
urn:uuid:a65f4e15-0672-57fd-a1ee-9ad465d3e84e,relation/unit/bab-3-kategori-diperkaya-dan-aditif/covers/surface/unit-022/formula/inline/167,urn:uuid:57081c05-2854-57ae-a7b7-8f0ae36cf85d,covers,urn:uuid:dead88da-5f81-5926-853a-76bc0b899cf8,
urn:uuid:91eea677-4ab9-5137-a3af-7264dc3a7a6b,relation/unit/bab-3-kategori-diperkaya-dan-aditif/covers/surface/unit-022/formula/inline/168,urn:uuid:57081c05-2854-57ae-a7b7-8f0ae36cf85d,covers,urn:uuid:1fedde23-3b6f-5809-9902-3df9ce37e0f9,
urn:uuid:4d753499-71a0-5bb0-bddf-fa3c86a091e8,relation/unit/bab-3-kategori-diperkaya-dan-aditif/covers/surface/unit-022/formula/inline/169,urn:uuid:57081c05-2854-57ae-a7b7-8f0ae36cf85d,covers,urn:uuid:72525ac9-838b-5b7d-ba4f-7fdde689963f,
urn:uuid:6ae243f7-728d-5b2f-b5fb-f68cd4de5a40,relation/unit/bab-3-kategori-diperkaya-dan-aditif/covers/surface/unit-022/formula/inline/170,urn:uuid:57081c05-2854-57ae-a7b7-8f0ae36cf85d,covers,urn:uuid:24b310d1-68a6-5060-8030-0554bef39bf8,
urn:uuid:45c29bcc-258e-5799-a9a4-9afb617067f5,relation/unit/bab-3-kategori-diperkaya-dan-aditif/covers/surface/unit-022/formula/inline/171,urn:uuid:57081c05-2854-57ae-a7b7-8f0ae36cf85d,covers,urn:uuid:699f0f62-d331-5b77-99fe-5e8ef7e68c1d,
urn:uuid:16420588-aff2-507f-a37b-44985fefb362,relation/unit/bab-3-kategori-diperkaya-dan-aditif/covers/surface/unit-022/formula/inline/172,urn:uuid:57081c05-2854-57ae-a7b7-8f0ae36cf85d,covers,urn:uuid:370d23cb-a89a-5135-8959-f28961ce1ac2,
urn:uuid:b1194e72-edd5-5038-8809-e960fdd359a1,relation/unit/bab-3-kategori-diperkaya-dan-aditif/covers/surface/unit-022/formula/inline/173,urn:uuid:57081c05-2854-57ae-a7b7-8f0ae36cf85d,covers,urn:uuid:eec3c117-ccc1-574f-8ed3-369626e6cb73,
urn:uuid:45276b0d-b193-526b-9f07-0f4a0d1db1af,relation/unit/bab-3-kategori-diperkaya-dan-aditif/covers/surface/unit-022/formula/inline/174,urn:uuid:57081c05-2854-57ae-a7b7-8f0ae36cf85d,covers,urn:uuid:621bc868-254b-545e-94b5-21864ddc77cc,
urn:uuid:c067652e-43a8-5f8b-97a3-580361c668bc,relation/unit/bab-3-kategori-diperkaya-dan-aditif/covers/surface/unit-022/formula/inline/175,urn:uuid:57081c05-2854-57ae-a7b7-8f0ae36cf85d,covers,urn:uuid:db0e73f7-4f03-5bae-8643-0c91ded7f9cf,
urn:uuid:10fd022c-caa0-555e-9384-0644d3692e31,relation/unit/bab-3-kategori-diperkaya-dan-aditif/covers/surface/unit-022/formula/inline/176,urn:uuid:57081c05-2854-57ae-a7b7-8f0ae36cf85d,covers,urn:uuid:9c45969f-4af0-5e85-90b4-6a668be26cf6,
urn:uuid:77c25b5c-6f63-539a-9bcc-3e2390997010,relation/unit/bab-3-kategori-diperkaya-dan-aditif/covers/surface/unit-022/formula/inline/177,urn:uuid:57081c05-2854-57ae-a7b7-8f0ae36cf85d,covers,urn:uuid:3c0f9df7-f20f-5035-b1f4-9639d0bdab14,
urn:uuid:0a579b41-aa61-5d51-abd0-6c748073c917,relation/unit/bab-3-kategori-diperkaya-dan-aditif/covers/surface/unit-022/formula/inline/178,urn:uuid:57081c05-2854-57ae-a7b7-8f0ae36cf85d,covers,urn:uuid:982b471f-8629-59ae-b7f5-209999101069,
urn:uuid:4f331898-b65d-59f3-aa43-45377c847d43,relation/unit/bab-3-kategori-diperkaya-dan-aditif/covers/surface/unit-022/formula/inline/179,urn:uuid:57081c05-2854-57ae-a7b7-8f0ae36cf85d,covers,urn:uuid:bc709ec1-002d-5f6b-a528-990928ae4dbd,
urn:uuid:61aa6c94-0a30-52bf-aaf1-5cac57e983aa,relation/unit/bab-3-kategori-diperkaya-dan-aditif/covers/surface/unit-022/formula/inline/180,urn:uuid:57081c05-2854-57ae-a7b7-8f0ae36cf85d,covers,urn:uuid:6b0fe65c-c3cf-53c7-b74e-a8bd532b077a,
urn:uuid:9ad00236-0831-5e9a-8063-a30ad1d57b86,relation/unit/bab-3-kategori-diperkaya-dan-aditif/covers/surface/unit-022/formula/inline/181,urn:uuid:57081c05-2854-57ae-a7b7-8f0ae36cf85d,covers,urn:uuid:082194fb-7fb1-559a-aee7-04713cd59a4c,
urn:uuid:cbb15c78-05d5-5bb1-8d73-c22aebb8e134,relation/unit/bab-3-kategori-diperkaya-dan-aditif/covers/surface/unit-022/formula/inline/182,urn:uuid:57081c05-2854-57ae-a7b7-8f0ae36cf85d,covers,urn:uuid:ae21e0be-b1f5-511c-9aae-d3a98b5f787a,
urn:uuid:faee54d7-13fc-50bd-a481-24bcd5e4fe5f,relation/unit/bab-3-kategori-diperkaya-dan-aditif/covers/surface/unit-022/formula/inline/183,urn:uuid:57081c05-2854-57ae-a7b7-8f0ae36cf85d,covers,urn:uuid:e47cc2a6-3c24-59da-a718-de1b2370a050,
urn:uuid:36b31891-897e-5133-98d2-246160a1ab5d,relation/unit/bab-3-kategori-diperkaya-dan-aditif/covers/surface/unit-022/formula/inline/184,urn:uuid:57081c05-2854-57ae-a7b7-8f0ae36cf85d,covers,urn:uuid:e08f1ec6-fb79-5d4d-a76a-f967daa98773,
urn:uuid:b6611e39-f26e-5cb0-a32d-7bcbb6c7b649,relation/unit/bab-3-kategori-diperkaya-dan-aditif/covers/surface/unit-022/formula/inline/185,urn:uuid:57081c05-2854-57ae-a7b7-8f0ae36cf85d,covers,urn:uuid:3642d705-c63a-59ba-82e9-e2f28432619c,
urn:uuid:049cd60c-83ac-553e-9311-d39baff6bc0e,relation/unit/bab-3-kategori-diperkaya-dan-aditif/covers/surface/unit-022/formula/inline/186,urn:uuid:57081c05-2854-57ae-a7b7-8f0ae36cf85d,covers,urn:uuid:cdb37aa3-bcba-5e5c-a2f9-b70eff6e72fb,
urn:uuid:ff954f63-7856-5ccd-83db-43e1ac8ae2a6,relation/unit/bab-3-kategori-diperkaya-dan-aditif/covers/surface/unit-022/formula/inline/187,urn:uuid:57081c05-2854-57ae-a7b7-8f0ae36cf85d,covers,urn:uuid:bd6a1f05-0724-5764-9ad3-4f9269b5e142,
urn:uuid:9590c683-3035-58f6-9bf8-c7d739a4d28e,relation/unit/bab-3-kategori-diperkaya-dan-aditif/covers/surface/unit-022/formula/inline/188,urn:uuid:57081c05-2854-57ae-a7b7-8f0ae36cf85d,covers,urn:uuid:4df0f468-572f-5feb-902b-8eba6e2c0b01,
urn:uuid:b43a97b7-6a98-5fe1-b481-2626b020f70b,relation/unit/bab-3-kategori-diperkaya-dan-aditif/covers/surface/unit-022/formula/inline/189,urn:uuid:57081c05-2854-57ae-a7b7-8f0ae36cf85d,covers,urn:uuid:5a9789e3-d351-52e7-b003-84d6753b7e05,
urn:uuid:7f857371-0f3e-529f-8079-167c512854c4,relation/unit/bab-3-kategori-diperkaya-dan-aditif/covers/surface/unit-022/formula/inline/190,urn:uuid:57081c05-2854-57ae-a7b7-8f0ae36cf85d,covers,urn:uuid:4f37edca-db1c-53ff-b866-9222b1ab4af8,
urn:uuid:a846289e-e5a0-5c66-9f47-b8ced69f4b87,relation/unit/bab-3-kategori-diperkaya-dan-aditif/covers/surface/unit-022/formula/inline/191,urn:uuid:57081c05-2854-57ae-a7b7-8f0ae36cf85d,covers,urn:uuid:14457031-880c-512a-ada7-f5c35b6eeaa2,
urn:uuid:1db9f7f2-2125-5b0f-9194-cbdfcaa35c29,relation/unit/bab-3-kategori-diperkaya-dan-aditif/covers/surface/unit-022/formula/inline/192,urn:uuid:57081c05-2854-57ae-a7b7-8f0ae36cf85d,covers,urn:uuid:426757cd-20c2-5492-a4ae-5c77c8e5fa36,
urn:uuid:b45cc811-3387-5705-b8f0-f195e5afa3ae,relation/unit/bab-3-kategori-diperkaya-dan-aditif/covers/surface/unit-022/formula/inline/193,urn:uuid:57081c05-2854-57ae-a7b7-8f0ae36cf85d,covers,urn:uuid:35be5417-007e-527a-93ed-430688ee9d7c,
urn:uuid:e2196729-e5ae-5dd0-be64-2e9a846dfa87,relation/unit/bab-3-kategori-diperkaya-dan-aditif/covers/surface/unit-022/formula/inline/194,urn:uuid:57081c05-2854-57ae-a7b7-8f0ae36cf85d,covers,urn:uuid:7677cf7e-bef1-599c-a8f4-79c93c83dfa2,
urn:uuid:f762874b-4d93-5d33-9994-85a90d009022,relation/unit/bab-3-kategori-diperkaya-dan-aditif/covers/surface/unit-022/formula/inline/195,urn:uuid:57081c05-2854-57ae-a7b7-8f0ae36cf85d,covers,urn:uuid:72ac19fb-cfc6-592c-9a51-b9f6713b63ec,
urn:uuid:23ac9d4d-1b21-53d8-a22c-f0719d15c09f,relation/unit/bab-3-kategori-diperkaya-dan-aditif/covers/surface/unit-022/formula/inline/196,urn:uuid:57081c05-2854-57ae-a7b7-8f0ae36cf85d,covers,urn:uuid:d61cd599-e1c7-5115-970f-b61beab05807,
urn:uuid:78ee2b2a-6f7a-50db-90a4-7d47efbfc14d,relation/unit/bab-3-kategori-diperkaya-dan-aditif/covers/surface/unit-022/formula/inline/197,urn:uuid:57081c05-2854-57ae-a7b7-8f0ae36cf85d,covers,urn:uuid:16406992-4384-5481-895d-21b1939b4360,
urn:uuid:91f464a1-21a8-511f-84bf-6e9d8a74f8cc,relation/unit/bab-3-kategori-diperkaya-dan-aditif/covers/surface/unit-022/formula/inline/198,urn:uuid:57081c05-2854-57ae-a7b7-8f0ae36cf85d,covers,urn:uuid:de890cdc-35c0-5921-a9c3-b60eed293b2b,
urn:uuid:d1a09620-854a-577f-9ec8-3510af769ddc,relation/unit/bab-3-kategori-diperkaya-dan-aditif/covers/surface/unit-022/formula/inline/199,urn:uuid:57081c05-2854-57ae-a7b7-8f0ae36cf85d,covers,urn:uuid:8a56cbf4-15e5-556e-a11a-d5c7143d8baa,
urn:uuid:673c5d1b-4425-5917-9545-37b2f9382ac4,relation/unit/bab-3-kategori-diperkaya-dan-aditif/covers/surface/unit-022/formula/inline/200,urn:uuid:57081c05-2854-57ae-a7b7-8f0ae36cf85d,covers,urn:uuid:ef625bba-c10e-5bba-8a0b-a320b1f3fad2,
urn:uuid:9380fd73-9dfc-5cdc-be80-d3b7403ec28e,relation/unit/bab-3-kategori-diperkaya-dan-aditif/covers/surface/unit-022/formula/inline/201,urn:uuid:57081c05-2854-57ae-a7b7-8f0ae36cf85d,covers,urn:uuid:85a727d9-3f03-5548-987c-8e6eb68c609c,
urn:uuid:a92c74fa-1b36-5d36-a6f3-4fbc0c470ed4,relation/unit/bab-3-kategori-diperkaya-dan-aditif/covers/surface/unit-022/formula/inline/202,urn:uuid:57081c05-2854-57ae-a7b7-8f0ae36cf85d,covers,urn:uuid:cf86d635-8b63-5a0a-8b9a-0d53315a9c06,
urn:uuid:5464acff-fd4e-5626-bbfd-85ea5ff01920,relation/unit/bab-3-kategori-diperkaya-dan-aditif/covers/surface/unit-022/formula/inline/203,urn:uuid:57081c05-2854-57ae-a7b7-8f0ae36cf85d,covers,urn:uuid:58350a55-4c2a-5d77-926d-9402373678da,
urn:uuid:6befe4a7-f52e-5fca-a28f-a7a5e4316fd2,relation/unit/bab-3-kategori-diperkaya-dan-aditif/covers/surface/unit-022/formula/inline/204,urn:uuid:57081c05-2854-57ae-a7b7-8f0ae36cf85d,covers,urn:uuid:8e28d2a6-7b4f-5a88-8b2a-9e41b99e1f9a,
urn:uuid:b91b74b8-df35-5bd3-96be-721832a0b4dd,relation/unit/bab-3-kategori-diperkaya-dan-aditif/covers/surface/unit-022/item/001,urn:uuid:57081c05-2854-57ae-a7b7-8f0ae36cf85d,covers,urn:uuid:492f5a69-a63b-5c00-ba48-0754891fe68c,
urn:uuid:79d9d3b0-ed42-5203-9466-8860de6eb876,relation/unit/bab-3-kategori-diperkaya-dan-aditif/covers/surface/unit-022/item/002,urn:uuid:57081c05-2854-57ae-a7b7-8f0ae36cf85d,covers,urn:uuid:63d8d523-e619-5ba8-8018-6569fcae6685,
urn:uuid:dca01423-2188-5f3a-983c-a3e3b2259996,relation/unit/bab-3-kategori-diperkaya-dan-aditif/covers/surface/unit-022/item/003,urn:uuid:57081c05-2854-57ae-a7b7-8f0ae36cf85d,covers,urn:uuid:39110f9d-d898-512e-80bb-f39b73f126ef,
urn:uuid:a8916b8a-0d49-5e2b-8d36-34fcbca1edb8,relation/unit/bab-3-kategori-diperkaya-dan-aditif/covers/surface/unit-022/item/004,urn:uuid:57081c05-2854-57ae-a7b7-8f0ae36cf85d,covers,urn:uuid:dead7e90-a306-52cd-987b-75f72a94b428,
urn:uuid:f3001e9f-8905-5c9e-9f04-95981c8e4a73,relation/unit/bab-3-kategori-diperkaya-dan-aditif/covers/surface/unit-022/item/005,urn:uuid:57081c05-2854-57ae-a7b7-8f0ae36cf85d,covers,urn:uuid:989558ff-4c3f-55ba-9417-a5faa3953562,
urn:uuid:2bbbd6b6-2880-5af4-a75e-1d519bfc8282,relation/unit/bab-3-kategori-diperkaya-dan-aditif/covers/surface/unit-022/item/006,urn:uuid:57081c05-2854-57ae-a7b7-8f0ae36cf85d,covers,urn:uuid:79e49775-47bd-506d-bc01-f65690605ca5,
urn:uuid:1fe258d9-24fc-5d33-a68d-3b2cc3e95512,relation/unit/bab-3-kategori-diperkaya-dan-aditif/covers/surface/unit-022/item/007,urn:uuid:57081c05-2854-57ae-a7b7-8f0ae36cf85d,covers,urn:uuid:045653c7-7638-58fb-b146-a7569320d04f,
urn:uuid:ef564b35-5e25-56c2-8e53-c027ddc227bf,relation/unit/bab-3-kategori-diperkaya-dan-aditif/covers/surface/unit-022/item/008,urn:uuid:57081c05-2854-57ae-a7b7-8f0ae36cf85d,covers,urn:uuid:a9baadb1-cef4-5d67-b9fe-2a1170fab5a5,
urn:uuid:c8116077-4e96-54b7-a05e-4ea023d1473f,relation/unit/bab-3-kategori-diperkaya-dan-aditif/covers/surface/unit-022/item/009,urn:uuid:57081c05-2854-57ae-a7b7-8f0ae36cf85d,covers,urn:uuid:62326798-1ec3-5a4e-ab21-69baebe81c45,
urn:uuid:ba41e5c6-43ba-5caf-a5c6-0cf37eb87a80,relation/unit/bab-3-kategori-diperkaya-dan-aditif/covers/surface/unit-022/item/010,urn:uuid:57081c05-2854-57ae-a7b7-8f0ae36cf85d,covers,urn:uuid:dc2d8e7b-d4bd-59a0-a436-8df0baab933e,
urn:uuid:c2df2863-402b-59a9-87c2-56c112413366,relation/unit/bab-3-kategori-diperkaya-dan-aditif/covers/surface/unit-022/item/011,urn:uuid:57081c05-2854-57ae-a7b7-8f0ae36cf85d,covers,urn:uuid:746d7ec7-d981-5b27-aeb2-4feafd4db218,
urn:uuid:3770224b-3172-5d10-90d5-d885ae15b33d,relation/unit/bab-3-kategori-diperkaya-dan-aditif/covers/surface/unit-022/item/012,urn:uuid:57081c05-2854-57ae-a7b7-8f0ae36cf85d,covers,urn:uuid:76a93a81-ab53-504c-a3bd-be3713bb09e7,
urn:uuid:828a346f-d448-527a-a3ff-9f1df266f79f,relation/unit/bab-3-kategori-diperkaya-dan-aditif/covers/surface/unit-022/item/013,urn:uuid:57081c05-2854-57ae-a7b7-8f0ae36cf85d,covers,urn:uuid:448a63f1-b9f3-5015-b6fc-75283342f859,
urn:uuid:387d8c78-833d-5135-81fa-4e82a12f0cb2,relation/unit/bab-3-kategori-diperkaya-dan-aditif/covers/surface/unit-022/item/014,urn:uuid:57081c05-2854-57ae-a7b7-8f0ae36cf85d,covers,urn:uuid:6ffa7c47-5f3a-5c48-a5ed-f5171207b736,
urn:uuid:6580ff9c-c0b4-5e7c-bb12-2ed16e81903e,relation/unit/bab-3-kategori-diperkaya-dan-aditif/covers/surface/unit-022/item/015,urn:uuid:57081c05-2854-57ae-a7b7-8f0ae36cf85d,covers,urn:uuid:7a2231d6-c987-5d70-982a-f80240c95e6d,
urn:uuid:542cf249-1a11-54be-b582-dac9f606de59,relation/unit/bab-3-kategori-diperkaya-dan-aditif/covers/surface/unit-022/item/016,urn:uuid:57081c05-2854-57ae-a7b7-8f0ae36cf85d,covers,urn:uuid:62e5072f-97fb-5460-b5a0-608d8379abd6,
urn:uuid:ba32cb54-07a9-572e-a723-b8c666baaf50,relation/unit/bab-3-kategori-diperkaya-dan-aditif/covers/surface/unit-022/item/017,urn:uuid:57081c05-2854-57ae-a7b7-8f0ae36cf85d,covers,urn:uuid:d6d493ae-413b-5189-b392-dbd694ef5b8c,
urn:uuid:fec0beaa-f7cf-5c8d-92c2-73fa02d6e006,relation/unit/bab-3-kategori-diperkaya-dan-aditif/covers/surface/unit-022/label/001,urn:uuid:57081c05-2854-57ae-a7b7-8f0ae36cf85d,covers,urn:uuid:1e29e3f6-0362-51d8-8958-f9ef41286145,
urn:uuid:f081b7d3-ea3f-5e99-bc44-3f151ac67ad4,relation/unit/bab-3-kategori-diperkaya-dan-aditif/covers/surface/unit-022/label/002,urn:uuid:57081c05-2854-57ae-a7b7-8f0ae36cf85d,covers,urn:uuid:83b9bd5c-91fb-59ba-817b-6e20da664028,
urn:uuid:4ce56138-8059-5348-9533-21e674265463,relation/unit/bab-3-kategori-diperkaya-dan-aditif/covers/surface/unit-022/label/003,urn:uuid:57081c05-2854-57ae-a7b7-8f0ae36cf85d,covers,urn:uuid:d4d24afa-8aeb-5a28-b828-bc94a4a98765,
urn:uuid:1608db27-0513-51e3-9ae7-8738254452c3,relation/unit/bab-3-kategori-diperkaya-dan-aditif/covers/surface/unit-022/label/004,urn:uuid:57081c05-2854-57ae-a7b7-8f0ae36cf85d,covers,urn:uuid:ba0d1f71-350a-5e94-bf29-b1cd77bc78a1,
urn:uuid:d719925e-ee41-51c3-8290-2f6b0fe89234,relation/unit/bab-3-kategori-diperkaya-dan-aditif/covers/surface/unit-022/label/005,urn:uuid:57081c05-2854-57ae-a7b7-8f0ae36cf85d,covers,urn:uuid:10d63aaa-64d0-599f-9f20-82fc6c17730e,
urn:uuid:84f69b97-b291-5f46-8d28-1516b2c53363,relation/unit/bab-3-kategori-diperkaya-dan-aditif/covers/surface/unit-022/label/006,urn:uuid:57081c05-2854-57ae-a7b7-8f0ae36cf85d,covers,urn:uuid:b80dacc8-82b0-58f5-97cf-e5b7f7de3ade,
urn:uuid:8b709ae6-82ae-5f9a-969d-d024f418d70d,relation/unit/bab-3-kategori-diperkaya-dan-aditif/covers/surface/unit-022/label/007,urn:uuid:57081c05-2854-57ae-a7b7-8f0ae36cf85d,covers,urn:uuid:11916d9c-8e7f-5cb7-aea5-91bfe327b83c,
urn:uuid:a935f6c7-692b-569a-b274-07df7a507863,relation/unit/bab-3-kategori-diperkaya-dan-aditif/covers/surface/unit-022/label/008,urn:uuid:57081c05-2854-57ae-a7b7-8f0ae36cf85d,covers,urn:uuid:f80035e2-f8ea-5c66-9c85-4a62f64fd31f,
urn:uuid:d349b2ce-12c0-5dc5-9f39-7b59ae227c7c,relation/unit/bab-3-kategori-diperkaya-dan-aditif/covers/surface/unit-022/label/009,urn:uuid:57081c05-2854-57ae-a7b7-8f0ae36cf85d,covers,urn:uuid:42662e9c-0178-5172-b380-3236860c6268,
urn:uuid:c705caa8-8690-5ac6-947f-21e11ec543be,relation/unit/bab-3-kategori-diperkaya-dan-aditif/covers/surface/unit-022/label/010,urn:uuid:57081c05-2854-57ae-a7b7-8f0ae36cf85d,covers,urn:uuid:2c367e69-9192-537a-aa7e-2941ac3a851b,
urn:uuid:a356e6aa-0f76-5b5e-96e3-5e3e45c6b52c,relation/unit/bab-3-kategori-diperkaya-dan-aditif/covers/surface/unit-022/label/011,urn:uuid:57081c05-2854-57ae-a7b7-8f0ae36cf85d,covers,urn:uuid:bf806d46-7dfb-5679-b00a-ef85410c8129,
urn:uuid:55dcee88-57ee-5518-9f53-6e1158fbe3be,relation/unit/bab-3-kategori-diperkaya-dan-aditif/covers/surface/unit-022/reference/ordinary/001,urn:uuid:57081c05-2854-57ae-a7b7-8f0ae36cf85d,covers,urn:uuid:86f3bbc0-4ab9-579f-97f5-679445b8d198,
urn:uuid:717b7f5b-e8a1-5c3b-ba09-6a95ab17a782,relation/unit/bab-3-kategori-diperkaya-dan-aditif/covers/surface/unit-022/reference/ordinary/002,urn:uuid:57081c05-2854-57ae-a7b7-8f0ae36cf85d,covers,urn:uuid:58f0fda9-cb75-5b6b-8f4a-f4a7a273975b,
urn:uuid:65b7cc51-5b4e-5ba3-974c-7c7850b4bd8f,relation/unit/bab-3-kategori-diperkaya-dan-aditif/covers/surface/unit-022/reference/ordinary/003,urn:uuid:57081c05-2854-57ae-a7b7-8f0ae36cf85d,covers,urn:uuid:c736cffa-f53f-524a-a5b1-cca2724eba8e,
urn:uuid:03360e07-5129-5e4c-a864-7a1f75193226,relation/unit/bab-3-kategori-diperkaya-dan-aditif/covers/surface/unit-022/reference/ordinary/004,urn:uuid:57081c05-2854-57ae-a7b7-8f0ae36cf85d,covers,urn:uuid:5902477c-f0fc-5d55-8e73-34e32315f707,
urn:uuid:a32cd00e-bae9-518e-acf3-310a8a5f1fa1,relation/unit/bab-3-kategori-diperkaya-dan-aditif/covers/surface/unit-022/reference/ordinary/005,urn:uuid:57081c05-2854-57ae-a7b7-8f0ae36cf85d,covers,urn:uuid:62d9536f-9a6e-544f-9a32-cfa8e26a1038,
urn:uuid:1e203aa2-3f09-5495-a189-ed527a3005e9,relation/unit/bab-3-kategori-diperkaya-dan-aditif/covers/surface/unit-022/reference/ordinary/006,urn:uuid:57081c05-2854-57ae-a7b7-8f0ae36cf85d,covers,urn:uuid:d393076b-91d1-5856-b2bc-adc87511ebc2,
urn:uuid:adbd5b85-7d77-5364-9466-ece72a92c6b6,relation/unit/bab-3-kategori-diperkaya-dan-aditif/covers/surface/unit-022/reference/ordinary/007,urn:uuid:57081c05-2854-57ae-a7b7-8f0ae36cf85d,covers,urn:uuid:394d642c-65e1-5a26-b0b4-7b9e8c95da8b,
urn:uuid:1d5043a5-04e9-50d4-9e79-c5658678b51c,relation/unit/bab-3-kategori-diperkaya-dan-aditif/covers/surface/unit-022/reference/ordinary/008,urn:uuid:57081c05-2854-57ae-a7b7-8f0ae36cf85d,covers,urn:uuid:e198ca1f-c5ec-512f-8fcf-72e1f6488349,
urn:uuid:8cc2daf7-9c5a-59ea-b630-be555e211427,relation/unit/bab-3-kategori-diperkaya-dan-aditif/covers/surface/unit-022/reference/ordinary/009,urn:uuid:57081c05-2854-57ae-a7b7-8f0ae36cf85d,covers,urn:uuid:815e029f-5d4f-5f88-9188-37985351e173,
urn:uuid:d62585ec-47f9-5911-aa6c-12f79548d97a,relation/unit/bab-3-kategori-diperkaya-dan-aditif/covers/surface/unit-022/reference/ordinary/010,urn:uuid:57081c05-2854-57ae-a7b7-8f0ae36cf85d,covers,urn:uuid:4e3a09b9-7676-5111-8715-4fcf043472c8,
urn:uuid:47df427f-82a1-5a57-9089-0fd58aa2f791,relation/unit/bab-3-kategori-diperkaya-dan-aditif/covers/surface/unit-022/reference/ordinary/011,urn:uuid:57081c05-2854-57ae-a7b7-8f0ae36cf85d,covers,urn:uuid:bd89fbd2-7b15-51e5-8e7f-7d560539f5d9,
urn:uuid:22ae6a30-6e8c-59da-b751-e00fda1aaeed,relation/unit/bab-3-kategori-diperkaya-dan-aditif/covers/surface/unit-022/reference/ordinary/012,urn:uuid:57081c05-2854-57ae-a7b7-8f0ae36cf85d,covers,urn:uuid:56222f19-2377-55c5-a441-9622f0c7525c,
urn:uuid:bb8536dc-5dea-5b99-844e-62408130ec63,relation/unit/bab-3-kategori-diperkaya-dan-aditif/covers/surface/unit-022/reference/ordinary/013,urn:uuid:57081c05-2854-57ae-a7b7-8f0ae36cf85d,covers,urn:uuid:510339a6-3f5b-5542-8272-a13a6ca277be,
urn:uuid:1818613a-98d1-57c8-a411-2afbe02dc0a8,relation/unit/bab-3-kategori-diperkaya-dan-aditif/covers/surface/unit-022/reference/ordinary/014,urn:uuid:57081c05-2854-57ae-a7b7-8f0ae36cf85d,covers,urn:uuid:8de920d1-21e5-5d7e-ab14-2ef2703ac70e,
urn:uuid:793a081f-141b-573d-bfef-7be180105b99,relation/unit/bab-3-kategori-diperkaya-dan-aditif/covers/surface/unit-022/reference/ordinary/015,urn:uuid:57081c05-2854-57ae-a7b7-8f0ae36cf85d,covers,urn:uuid:d8738771-62ee-5cc1-b682-edb4dd4a261a,
urn:uuid:68a78192-cb16-58dd-a6c0-dcefc8309bdb,relation/unit/bab-3-kategori-diperkaya-dan-aditif/covers/surface/unit-022/terminology-row/001,urn:uuid:57081c05-2854-57ae-a7b7-8f0ae36cf85d,covers,urn:uuid:45cdb880-d5bb-5b81-9001-a7e71a56b908,
urn:uuid:234808f3-977b-5076-a219-89036973e0b8,relation/unit/bab-3-kategori-diperkaya-dan-aditif/covers/surface/unit-022/terminology-row/002,urn:uuid:57081c05-2854-57ae-a7b7-8f0ae36cf85d,covers,urn:uuid:308c09fc-0e22-5bfb-8f80-76fc9aeb34db,
urn:uuid:46e9bb10-15b3-53dc-9816-4516f9361731,relation/unit/bab-3-kategori-diperkaya-dan-aditif/covers/surface/unit-022/terminology-row/003,urn:uuid:57081c05-2854-57ae-a7b7-8f0ae36cf85d,covers,urn:uuid:d293204e-335c-522b-92f6-fc356acbb306,
urn:uuid:abef0c3f-32a0-5c8c-9557-1b0f2f367dee,relation/unit/bab-3-kategori-diperkaya-dan-aditif/covers/surface/unit-022/terminology-row/004,urn:uuid:57081c05-2854-57ae-a7b7-8f0ae36cf85d,covers,urn:uuid:1470e6ed-de64-5dee-8d78-ac04a2eb49af,
urn:uuid:91b45e71-09cc-5931-a1d0-72b03cdb983e,relation/unit/bab-3-kategori-diperkaya-dan-aditif/covers/surface/unit-022/terminology-row/005,urn:uuid:57081c05-2854-57ae-a7b7-8f0ae36cf85d,covers,urn:uuid:61a99c1d-3161-5790-a726-397668190ce9,
urn:uuid:00e3fe9a-671b-52fe-8b53-9f1d85c42e6a,relation/unit/bab-3-kategori-diperkaya-dan-aditif/covers/surface/unit-022/terminology-row/006,urn:uuid:57081c05-2854-57ae-a7b7-8f0ae36cf85d,covers,urn:uuid:7503e1cf-f390-542f-a94c-b6464d5a0b2a,
urn:uuid:7dd130b2-48d9-5a83-8158-2f4915dc34f2,relation/unit/bab-3-kategori-diperkaya-dan-aditif/covers/surface/unit-022/terminology-row/007,urn:uuid:57081c05-2854-57ae-a7b7-8f0ae36cf85d,covers,urn:uuid:364a2300-0c0d-5755-a021-0ec8f3a09071,
urn:uuid:0c802eb3-7d9e-5453-a33d-44215eb51a7e,relation/unit/bab-3-kategori-diperkaya-dan-aditif/covers/surface/unit-022/terminology-row/008,urn:uuid:57081c05-2854-57ae-a7b7-8f0ae36cf85d,covers,urn:uuid:23a1bb60-e0a4-542c-b42a-52131441ea83,
urn:uuid:42aca7c0-c40d-5af6-b0d7-43e49db44ec7,relation/unit/bab-3-kategori-diperkaya-dan-aditif/covers/surface/unit-022/terminology-row/009,urn:uuid:57081c05-2854-57ae-a7b7-8f0ae36cf85d,covers,urn:uuid:e901b9a5-75fd-5bcb-895c-b238d4fd58e9,
urn:uuid:d8139f63-3290-5a66-b022-ed78295482aa,relation/unit/bab-3-kategori-diperkaya-dan-aditif/covers/surface/unit-022/terminology-row/010,urn:uuid:57081c05-2854-57ae-a7b7-8f0ae36cf85d,covers,urn:uuid:455548a3-c8cf-5ddb-852a-ea677ee02462,
urn:uuid:de0cae79-edc8-509b-8649-41e6ee108289,relation/unit/bab-3-kategori-diperkaya-dan-aditif/covers/surface/unit-022/terminology-row/011,urn:uuid:57081c05-2854-57ae-a7b7-8f0ae36cf85d,covers,urn:uuid:ae83877f-1ccd-5cb4-b161-1ba66014d3ec,
urn:uuid:ec2e81f9-2dbe-5276-af74-b8d634c4b49c,relation/unit/bab-3-kategori-diperkaya-dan-aditif/governed-by/rights/ajbook-fragment-cc-by-sa-3.0,urn:uuid:57081c05-2854-57ae-a7b7-8f0ae36cf85d,governed-by,urn:uuid:10faf5cd-990f-5850-87b4-26922b062485,
urn:uuid:b51e4373-450c-5238-86c3-c167cf505c15,relation/unit/bab-3-kategori-diperkaya-dan-aditif/governed-by/rights/noto-fonts-ofl-1.1,urn:uuid:57081c05-2854-57ae-a7b7-8f0ae36cf85d,governed-by,urn:uuid:b9f7a7a7-8e18-507a-b72e-b5de733a7430,
urn:uuid:4336fe60-ef76-579a-b425-88bea9e40a77,relation/unit/bab-3-kategori-diperkaya-dan-aditif/governed-by/rights/principal-cc-by-4.0,urn:uuid:57081c05-2854-57ae-a7b7-8f0ae36cf85d,governed-by,urn:uuid:0baf6c47-021d-5310-9475-81519e710250,
urn:uuid:c6aba8bc-72d9-5cc2-b967-2d4c6f7f01ec,relation/unit/bab-3-kategori-diperkaya-dan-aditif/requires/prerequisite/categories-and-morphisms,urn:uuid:57081c05-2854-57ae-a7b7-8f0ae36cf85d,requires,urn:uuid:dd69ccfd-7399-53a2-83fe-84127b1baf1d,prelude.tex:49-60
urn:uuid:27611bf2-226f-58f5-b3ca-82a5c8b32b26,relation/unit/bab-3-kategori-diperkaya-dan-aditif/requires/prerequisite/elementary-set-theory,urn:uuid:57081c05-2854-57ae-a7b7-8f0ae36cf85d,requires,urn:uuid:00f7d0ea-1b60-51da-843f-cca760a368e4,prelude.tex:49-60
urn:uuid:23ef899e-6ad5-5a7c-8b92-96a2a45ce2e1,relation/unit/bab-3-kategori-diperkaya-dan-aditif/requires/prerequisite/functor-categories,urn:uuid:57081c05-2854-57ae-a7b7-8f0ae36cf85d,requires,urn:uuid:e3c2ed29-b6a0-5f8d-9613-6f2b41d962c8,prelude.tex:49-60
urn:uuid:efc55733-f168-5980-b292-d5e009620f71,relation/unit/bab-3-kategori-diperkaya-dan-aditif/requires/prerequisite/functors-and-natural-transformations,urn:uuid:57081c05-2854-57ae-a7b7-8f0ae36cf85d,requires,urn:uuid:3e864ace-90f6-56b3-8ce5-2e0690dbc9f8,prelude.tex:49-60
urn:uuid:bd821314-e3d1-5881-81ff-e5bd9232cdec,relation/unit/bab-3-kategori-diperkaya-dan-aditif/requires/prerequisite/limits-and-colimits,urn:uuid:57081c05-2854-57ae-a7b7-8f0ae36cf85d,requires,urn:uuid:c0b1a30a-634a-5e76-98d3-49bde5a5821c,prelude.tex:49-60
urn:uuid:3ca7c1d0-24f6-57f1-88e1-96739f3a31cb,relation/unit/bab-3-kategori-diperkaya-dan-aditif/requires/prerequisite/point-set-topology,urn:uuid:57081c05-2854-57ae-a7b7-8f0ae36cf85d,requires,urn:uuid:6a61cd7e-28fe-5c64-9573-cf9ab46e5e96,prelude.tex:49-60
urn:uuid:edb870c8-9b5a-551e-8b10-88d4e1a7d579,relation/unit/bab-3-kategori-diperkaya-dan-aditif/requires/prerequisite/representable-functors-and-yoneda,urn:uuid:57081c05-2854-57ae-a7b7-8f0ae36cf85d,requires,urn:uuid:9fac54c6-e671-58b9-b840-4799739adb1e,prelude.tex:49-60
urn:uuid:6d1c4798-6fae-57d4-9542-fefc899aa117,relation/unit/bab-3-kategori-diperkaya-dan-aditif/requires/prerequisite/universal-properties-and-comma-categories,urn:uuid:57081c05-2854-57ae-a7b7-8f0ae36cf85d,requires,urn:uuid:8cab24d2-0f78-5bf9-96f8-5b2f2b07168d,prelude.tex:49-60
urn:uuid:182f8ad1-4a67-5ff1-97c2-6bf75a46c5d3,relation/unit/bab-3-kategori-diperkaya-dan-aditif/section/kategori-diperkaya-dan-aditif/cites/citation/unit-022/ke05,urn:uuid:92486b3a-ab2f-5e01-9591-97dde64dc3d9,cites,urn:uuid:8f9b5f66-3d61-5c78-a018-87d883c82cc9,chapter3.tex:525
urn:uuid:d8ee3bc1-1751-5f48-8ea3-22d88a07c129,relation/unit/bab-3-kategori-diperkaya-dan-aditif/section/kategori-diperkaya-dan-aditif/cites/citation/unit-022/may99,urn:uuid:92486b3a-ab2f-5e01-9591-97dde64dc3d9,cites,urn:uuid:71248e75-c174-5246-8d35-c6db910bd2ea,chapter3.tex:609
urn:uuid:451ec2b6-bf93-52bf-af3f-021ed9fca059,relation/unit/bab-3-kategori-diperkaya-dan-aditif/section/kategori-diperkaya-dan-aditif/covers/concept/ab-enriched-category,urn:uuid:92486b3a-ab2f-5e01-9591-97dde64dc3d9,covers,urn:uuid:6c7dbbb3-6c42-504b-aa28-5d76421cc738,chapter3.tex:513-722
urn:uuid:13b795b1-1106-57d3-8084-2723d66ac432,relation/unit/bab-3-kategori-diperkaya-dan-aditif/section/kategori-diperkaya-dan-aditif/covers/concept/additive-category,urn:uuid:92486b3a-ab2f-5e01-9591-97dde64dc3d9,covers,urn:uuid:6f7550b2-a9d1-5946-aebc-11814c047d09,chapter3.tex:513-722
urn:uuid:ada7f066-529c-569e-b00b-d32bb7d021c3,relation/unit/bab-3-kategori-diperkaya-dan-aditif/section/kategori-diperkaya-dan-aditif/covers/concept/additive-functor,urn:uuid:92486b3a-ab2f-5e01-9591-97dde64dc3d9,covers,urn:uuid:a73089cd-3a03-5af7-87a8-db11dd01a4a5,chapter3.tex:513-722
urn:uuid:d5a229d5-97b2-5ac9-be20-f45e1bfe6d1b,relation/unit/bab-3-kategori-diperkaya-dan-aditif/section/kategori-diperkaya-dan-aditif/covers/concept/associativity-constraint,urn:uuid:92486b3a-ab2f-5e01-9591-97dde64dc3d9,covers,urn:uuid:9cdc71d9-0940-555e-a46a-21049ceb1608,chapter3.tex:513-722
urn:uuid:7b15ea48-1a58-50c8-886a-ac6274f305d9,relation/unit/bab-3-kategori-diperkaya-dan-aditif/section/kategori-diperkaya-dan-aditif/covers/concept/bilinear-composition,urn:uuid:92486b3a-ab2f-5e01-9591-97dde64dc3d9,covers,urn:uuid:15063ced-a947-55cd-b67b-8b0d3fe62630,chapter3.tex:513-722
urn:uuid:f3ba2149-7ab1-5e45-8850-c0d28b06d701,relation/unit/bab-3-kategori-diperkaya-dan-aditif/section/kategori-diperkaya-dan-aditif/covers/concept/biproduct,urn:uuid:92486b3a-ab2f-5e01-9591-97dde64dc3d9,covers,urn:uuid:036ded4e-66a3-54ef-9dc9-b2866e800620,chapter3.tex:513-722
urn:uuid:a24e0199-5aeb-5b65-b825-744e9ca2b18d,relation/unit/bab-3-kategori-diperkaya-dan-aditif/section/kategori-diperkaya-dan-aditif/covers/concept/biproduct-injection,urn:uuid:92486b3a-ab2f-5e01-9591-97dde64dc3d9,covers,urn:uuid:28a225a2-5e5e-5427-a0d2-0a70611b124b,chapter3.tex:513-722
urn:uuid:f12c3631-10f6-5230-9b43-f822ce18e311,relation/unit/bab-3-kategori-diperkaya-dan-aditif/section/kategori-diperkaya-dan-aditif/covers/concept/biproduct-projection,urn:uuid:92486b3a-ab2f-5e01-9591-97dde64dc3d9,covers,urn:uuid:82ea8c49-cb06-53c4-9ba5-c97da742defc,chapter3.tex:513-722
urn:uuid:c628362e-b7a1-53c9-aae7-c30847a18d88,relation/unit/bab-3-kategori-diperkaya-dan-aditif/section/kategori-diperkaya-dan-aditif/covers/concept/coproduct,urn:uuid:92486b3a-ab2f-5e01-9591-97dde64dc3d9,covers,urn:uuid:e62391b3-cdfd-5b44-a7d0-e25a213dcbfe,chapter3.tex:513-722
urn:uuid:2c29ecf9-480e-57ae-ae4d-4b463b75d786,relation/unit/bab-3-kategori-diperkaya-dan-aditif/section/kategori-diperkaya-dan-aditif/covers/concept/enriched-category,urn:uuid:92486b3a-ab2f-5e01-9591-97dde64dc3d9,covers,urn:uuid:9f0f4477-2c15-547d-a24b-35c90388f180,chapter3.tex:513-722
urn:uuid:88e2ad57-0bd8-55d0-8be4-ce9a49d3307b,relation/unit/bab-3-kategori-diperkaya-dan-aditif/section/kategori-diperkaya-dan-aditif/covers/concept/enriched-category-equivalence,urn:uuid:92486b3a-ab2f-5e01-9591-97dde64dc3d9,covers,urn:uuid:3609daa7-db49-5fcb-9640-2e64731d2194,chapter3.tex:513-722
urn:uuid:70940247-0dd8-56df-b385-d7e60d50b0c4,relation/unit/bab-3-kategori-diperkaya-dan-aditif/section/kategori-diperkaya-dan-aditif/covers/concept/enriched-composition,urn:uuid:92486b3a-ab2f-5e01-9591-97dde64dc3d9,covers,urn:uuid:38b7290d-19fa-5884-82e2-0236a4476d05,chapter3.tex:513-722
urn:uuid:4801da27-6a14-58b4-8d83-74d94f52af9f,relation/unit/bab-3-kategori-diperkaya-dan-aditif/section/kategori-diperkaya-dan-aditif/covers/concept/enriched-functor,urn:uuid:92486b3a-ab2f-5e01-9591-97dde64dc3d9,covers,urn:uuid:e0da7265-f364-57ff-b03b-407910ffd6d4,chapter3.tex:513-722
urn:uuid:97407f10-f3c0-5d2c-8be9-d0d8f9e89825,relation/unit/bab-3-kategori-diperkaya-dan-aditif/section/kategori-diperkaya-dan-aditif/covers/concept/enriched-identity,urn:uuid:92486b3a-ab2f-5e01-9591-97dde64dc3d9,covers,urn:uuid:1e079b22-b2f1-517d-a53a-a133142f04dd,chapter3.tex:513-722
urn:uuid:22bef2bd-cf58-57d0-97e3-0caeac9addb7,relation/unit/bab-3-kategori-diperkaya-dan-aditif/section/kategori-diperkaya-dan-aditif/covers/concept/enriched-natural-transformation,urn:uuid:92486b3a-ab2f-5e01-9591-97dde64dc3d9,covers,urn:uuid:34a7e600-bb99-5f27-a761-9cbef3d8667d,chapter3.tex:513-722
urn:uuid:f007f90b-8a33-51ac-90ce-161f083be47d,relation/unit/bab-3-kategori-diperkaya-dan-aditif/section/kategori-diperkaya-dan-aditif/covers/concept/finite-biproduct,urn:uuid:92486b3a-ab2f-5e01-9591-97dde64dc3d9,covers,urn:uuid:5d148b89-75f2-5206-a353-9646bf82560a,chapter3.tex:513-722
urn:uuid:e74fc23f-a1dd-5a45-9221-596dede39625,relation/unit/bab-3-kategori-diperkaya-dan-aditif/section/kategori-diperkaya-dan-aditif/covers/concept/forgetful-functor,urn:uuid:92486b3a-ab2f-5e01-9591-97dde64dc3d9,covers,urn:uuid:be8fdd79-2e4f-5a45-b766-4b88e50e387a,chapter3.tex:513-722
urn:uuid:e06d91d2-05e3-55d0-81e0-f7991d2e9cd3,relation/unit/bab-3-kategori-diperkaya-dan-aditif/section/kategori-diperkaya-dan-aditif/covers/concept/hom-object,urn:uuid:92486b3a-ab2f-5e01-9591-97dde64dc3d9,covers,urn:uuid:e042c284-14c4-524e-8e38-8deaad15e802,chapter3.tex:513-722
urn:uuid:11f2c282-5f74-5b5c-bf33-20dde99eefbf,relation/unit/bab-3-kategori-diperkaya-dan-aditif/section/kategori-diperkaya-dan-aditif/covers/concept/monoidal-category,urn:uuid:92486b3a-ab2f-5e01-9591-97dde64dc3d9,covers,urn:uuid:168a49b3-f968-5460-883e-75f186b10488,chapter3.tex:513-722
urn:uuid:a6baa641-0e7b-5e42-8a79-e7e384672a68,relation/unit/bab-3-kategori-diperkaya-dan-aditif/section/kategori-diperkaya-dan-aditif/covers/concept/naturality,urn:uuid:92486b3a-ab2f-5e01-9591-97dde64dc3d9,covers,urn:uuid:d83d9adc-4a52-5986-baac-78f1c38b337a,chapter3.tex:513-722
urn:uuid:abc1087d-6579-5c8c-b6bb-8d7abf19e0b5,relation/unit/bab-3-kategori-diperkaya-dan-aditif/section/kategori-diperkaya-dan-aditif/covers/concept/preadditive-category,urn:uuid:92486b3a-ab2f-5e01-9591-97dde64dc3d9,covers,urn:uuid:3b74db38-9d57-56b4-a4c5-15604619723c,chapter3.tex:513-722
urn:uuid:634da178-d6d7-558f-922d-9cac17dbf8cd,relation/unit/bab-3-kategori-diperkaya-dan-aditif/section/kategori-diperkaya-dan-aditif/covers/concept/product,urn:uuid:92486b3a-ab2f-5e01-9591-97dde64dc3d9,covers,urn:uuid:cd552f29-06ce-5025-92b9-ae3543b57991,chapter3.tex:513-722
urn:uuid:68d825ad-51b9-55fb-808a-993c71a7e810,relation/unit/bab-3-kategori-diperkaya-dan-aditif/section/kategori-diperkaya-dan-aditif/covers/concept/topological-category,urn:uuid:92486b3a-ab2f-5e01-9591-97dde64dc3d9,covers,urn:uuid:a41ed087-1fb4-52db-a12e-c142c26a6302,chapter3.tex:513-722
urn:uuid:f797cf9f-076c-56c3-b656-8cdb8f427812,relation/unit/bab-3-kategori-diperkaya-dan-aditif/section/kategori-diperkaya-dan-aditif/covers/concept/underlying-ordinary-category,urn:uuid:92486b3a-ab2f-5e01-9591-97dde64dc3d9,covers,urn:uuid:d50bcaa7-5087-50b0-bf5b-9b2239cbf44a,chapter3.tex:513-722
urn:uuid:95626099-de19-5129-bd68-060fa28945aa,relation/unit/bab-3-kategori-diperkaya-dan-aditif/section/kategori-diperkaya-dan-aditif/covers/concept/unit-constraint,urn:uuid:92486b3a-ab2f-5e01-9591-97dde64dc3d9,covers,urn:uuid:23619e4d-1602-5850-b63b-99615a6a57eb,chapter3.tex:513-722
urn:uuid:f212751c-7c44-5cda-80e5-cfa2cab04cc5,relation/unit/bab-3-kategori-diperkaya-dan-aditif/section/kategori-diperkaya-dan-aditif/covers/concept/unit-object,urn:uuid:92486b3a-ab2f-5e01-9591-97dde64dc3d9,covers,urn:uuid:e82a27ee-59d2-58b5-a592-d7f8adf9553c,chapter3.tex:513-722
urn:uuid:e546f910-b232-58f5-8c09-ba6c2f621c2f,relation/unit/bab-3-kategori-diperkaya-dan-aditif/section/kategori-diperkaya-dan-aditif/covers/concept/zero-morphism,urn:uuid:92486b3a-ab2f-5e01-9591-97dde64dc3d9,covers,urn:uuid:3ee2b3c6-b375-58e8-b3e2-ac2ae917c1ff,chapter3.tex:513-722
urn:uuid:869ed0bc-8688-58b4-a872-d6785051281f,relation/unit/bab-3-kategori-diperkaya-dan-aditif/section/kategori-diperkaya-dan-aditif/covers/concept/zero-object,urn:uuid:92486b3a-ab2f-5e01-9591-97dde64dc3d9,covers,urn:uuid:51c84edb-2431-5ed0-8e0c-2368a1aae0d8,chapter3.tex:513-722
urn:uuid:16f1fcda-7cf1-573b-b621-b034a81fa428,relation/unit/bab-3-kategori-diperkaya-dan-aditif/section/kategori-diperkaya-dan-aditif/covers/correction/o013-li-u022-cor-001,urn:uuid:92486b3a-ab2f-5e01-9591-97dde64dc3d9,covers,urn:uuid:717e2a4c-be1c-5285-b3ff-fe1ce791f9af,chapter3.tex:513-722
urn:uuid:b1ef0f24-28f6-503e-94c3-a8178ecb8c54,relation/unit/bab-3-kategori-diperkaya-dan-aditif/section/kategori-diperkaya-dan-aditif/covers/correction/o013-li-u022-cor-002,urn:uuid:92486b3a-ab2f-5e01-9591-97dde64dc3d9,covers,urn:uuid:4b3eac63-686d-5b36-8eb6-705dacd8db58,chapter3.tex:513-722
urn:uuid:79f17c2b-6241-5818-ba2d-4ad80d15d0f6,relation/unit/bab-3-kategori-diperkaya-dan-aditif/section/kategori-diperkaya-dan-aditif/covers/surface/unit-022/citation-occurrence/001,urn:uuid:92486b3a-ab2f-5e01-9591-97dde64dc3d9,covers,urn:uuid:8d88d52c-1c93-5a48-b955-57271897b1ee,chapter3.tex:513-722
urn:uuid:4013ba16-6b86-5af9-9bf9-43b90b060340,relation/unit/bab-3-kategori-diperkaya-dan-aditif/section/kategori-diperkaya-dan-aditif/covers/surface/unit-022/citation-occurrence/002,urn:uuid:92486b3a-ab2f-5e01-9591-97dde64dc3d9,covers,urn:uuid:d27843e1-b9a7-539b-b5dd-3c3ec83c6ead,chapter3.tex:513-722
urn:uuid:7fc39b98-99ec-504d-b5cc-3bd41a70fbc8,relation/unit/bab-3-kategori-diperkaya-dan-aditif/section/kategori-diperkaya-dan-aditif/covers/surface/unit-022/diagram-arrow/001,urn:uuid:92486b3a-ab2f-5e01-9591-97dde64dc3d9,covers,urn:uuid:e72d87c1-3cbb-58b0-81ab-c98655d4afe6,chapter3.tex:513-722
urn:uuid:20e9f935-704c-5645-9928-9a7d52a82417,relation/unit/bab-3-kategori-diperkaya-dan-aditif/section/kategori-diperkaya-dan-aditif/covers/surface/unit-022/diagram-arrow/002,urn:uuid:92486b3a-ab2f-5e01-9591-97dde64dc3d9,covers,urn:uuid:c883e614-201e-5310-91e3-9237adc270ff,chapter3.tex:513-722
urn:uuid:81380ce5-7b5f-5788-8fba-cb5c7685f80c,relation/unit/bab-3-kategori-diperkaya-dan-aditif/section/kategori-diperkaya-dan-aditif/covers/surface/unit-022/diagram-arrow/003,urn:uuid:92486b3a-ab2f-5e01-9591-97dde64dc3d9,covers,urn:uuid:cfc8e699-66c6-521b-aeae-2298356dc881,chapter3.tex:513-722
urn:uuid:72d57b05-e578-5899-beaa-117ee4c5f271,relation/unit/bab-3-kategori-diperkaya-dan-aditif/section/kategori-diperkaya-dan-aditif/covers/surface/unit-022/diagram-arrow/004,urn:uuid:92486b3a-ab2f-5e01-9591-97dde64dc3d9,covers,urn:uuid:4a27c045-f3c9-5e6d-9020-cce65799ca14,chapter3.tex:513-722
urn:uuid:33943983-8092-5d41-91d4-3b3136f53e30,relation/unit/bab-3-kategori-diperkaya-dan-aditif/section/kategori-diperkaya-dan-aditif/covers/surface/unit-022/diagram-arrow/005,urn:uuid:92486b3a-ab2f-5e01-9591-97dde64dc3d9,covers,urn:uuid:1b1288be-e8d2-52ec-9563-a10c38d3202f,chapter3.tex:513-722
urn:uuid:c9ea68e5-9964-511f-bb6f-edae0ba4d507,relation/unit/bab-3-kategori-diperkaya-dan-aditif/section/kategori-diperkaya-dan-aditif/covers/surface/unit-022/diagram-arrow/006,urn:uuid:92486b3a-ab2f-5e01-9591-97dde64dc3d9,covers,urn:uuid:35c0ca52-838c-522c-8acb-f716ef7e2938,chapter3.tex:513-722
urn:uuid:49495863-dadb-5b0d-9fb5-89eef43fa75f,relation/unit/bab-3-kategori-diperkaya-dan-aditif/section/kategori-diperkaya-dan-aditif/covers/surface/unit-022/diagram-arrow/007,urn:uuid:92486b3a-ab2f-5e01-9591-97dde64dc3d9,covers,urn:uuid:cf5dd88a-d3a3-5074-8602-111e0d16c335,chapter3.tex:513-722
urn:uuid:b7bbdcda-cea5-5b56-95b9-9a0f58c05f42,relation/unit/bab-3-kategori-diperkaya-dan-aditif/section/kategori-diperkaya-dan-aditif/covers/surface/unit-022/diagram-arrow/008,urn:uuid:92486b3a-ab2f-5e01-9591-97dde64dc3d9,covers,urn:uuid:73ce171b-9de5-59fc-b124-fb755af57834,chapter3.tex:513-722
urn:uuid:210fdebc-5827-5ab3-99bb-b9deee1d3c80,relation/unit/bab-3-kategori-diperkaya-dan-aditif/section/kategori-diperkaya-dan-aditif/covers/surface/unit-022/diagram-arrow/009,urn:uuid:92486b3a-ab2f-5e01-9591-97dde64dc3d9,covers,urn:uuid:d241617d-733a-5244-a036-770852fbf638,chapter3.tex:513-722
urn:uuid:080a3bfb-6319-560f-929b-731cd81ed5d4,relation/unit/bab-3-kategori-diperkaya-dan-aditif/section/kategori-diperkaya-dan-aditif/covers/surface/unit-022/diagram-arrow/010,urn:uuid:92486b3a-ab2f-5e01-9591-97dde64dc3d9,covers,urn:uuid:2b05eafd-08fd-513c-91cd-6cf4106b5740,chapter3.tex:513-722
urn:uuid:2a43903b-c75e-5a22-81b3-dcd18bd31613,relation/unit/bab-3-kategori-diperkaya-dan-aditif/section/kategori-diperkaya-dan-aditif/covers/surface/unit-022/diagram-arrow/011,urn:uuid:92486b3a-ab2f-5e01-9591-97dde64dc3d9,covers,urn:uuid:bab034e7-551e-5864-b468-2b8253a1b528,chapter3.tex:513-722
urn:uuid:53980ce9-0ec7-56b3-abd0-6ed707f5b7d4,relation/unit/bab-3-kategori-diperkaya-dan-aditif/section/kategori-diperkaya-dan-aditif/covers/surface/unit-022/diagram-arrow/012,urn:uuid:92486b3a-ab2f-5e01-9591-97dde64dc3d9,covers,urn:uuid:50a3f21f-47cd-5ec4-9ba9-84de22d6edde,chapter3.tex:513-722
urn:uuid:a6d119da-595c-5782-bddf-792c22e711c3,relation/unit/bab-3-kategori-diperkaya-dan-aditif/section/kategori-diperkaya-dan-aditif/covers/surface/unit-022/diagram-arrow/013,urn:uuid:92486b3a-ab2f-5e01-9591-97dde64dc3d9,covers,urn:uuid:9c5a22de-4373-5c4b-a441-a69946289f0f,chapter3.tex:513-722
urn:uuid:a8decf00-dfbb-57d0-9afe-1daead3e757e,relation/unit/bab-3-kategori-diperkaya-dan-aditif/section/kategori-diperkaya-dan-aditif/covers/surface/unit-022/diagram-arrow/014,urn:uuid:92486b3a-ab2f-5e01-9591-97dde64dc3d9,covers,urn:uuid:797233ec-ad26-582d-b1b1-3040089368bc,chapter3.tex:513-722
urn:uuid:c48ca813-49fd-579e-b24f-e83a0736cb46,relation/unit/bab-3-kategori-diperkaya-dan-aditif/section/kategori-diperkaya-dan-aditif/covers/surface/unit-022/diagram-arrow/015,urn:uuid:92486b3a-ab2f-5e01-9591-97dde64dc3d9,covers,urn:uuid:74b7505f-16cd-5c36-b34d-1442feb5691c,chapter3.tex:513-722
urn:uuid:ec59eeb5-e2f3-5cdf-8c01-7b03872cfe5c,relation/unit/bab-3-kategori-diperkaya-dan-aditif/section/kategori-diperkaya-dan-aditif/covers/surface/unit-022/diagram-arrow/016,urn:uuid:92486b3a-ab2f-5e01-9591-97dde64dc3d9,covers,urn:uuid:2480de25-aa1e-5112-b8a1-f73c8c99ada9,chapter3.tex:513-722
urn:uuid:bbde8878-59d9-53dc-911a-00c46b5d2626,relation/unit/bab-3-kategori-diperkaya-dan-aditif/section/kategori-diperkaya-dan-aditif/covers/surface/unit-022/diagram-arrow/017,urn:uuid:92486b3a-ab2f-5e01-9591-97dde64dc3d9,covers,urn:uuid:f56253b0-4053-5f3c-9911-8a421d633234,chapter3.tex:513-722
urn:uuid:e92f4b10-205b-5d49-b283-21b19b525b46,relation/unit/bab-3-kategori-diperkaya-dan-aditif/section/kategori-diperkaya-dan-aditif/covers/surface/unit-022/diagram-arrow/018,urn:uuid:92486b3a-ab2f-5e01-9591-97dde64dc3d9,covers,urn:uuid:595563f7-4df3-5887-b5e2-3c5fa4ead74e,chapter3.tex:513-722
urn:uuid:ba40f49b-94ec-5c36-a889-0c7a2187dca8,relation/unit/bab-3-kategori-diperkaya-dan-aditif/section/kategori-diperkaya-dan-aditif/covers/surface/unit-022/diagram-arrow/019,urn:uuid:92486b3a-ab2f-5e01-9591-97dde64dc3d9,covers,urn:uuid:94b4141f-f2c5-5ecf-9d3c-b2fb32f61918,chapter3.tex:513-722
urn:uuid:aa5b4612-3c67-5fc3-b8a1-41def3b0cc26,relation/unit/bab-3-kategori-diperkaya-dan-aditif/section/kategori-diperkaya-dan-aditif/covers/surface/unit-022/diagram-arrow/020,urn:uuid:92486b3a-ab2f-5e01-9591-97dde64dc3d9,covers,urn:uuid:e37e0e39-6fdf-5e8b-91a1-27df2d803a31,chapter3.tex:513-722
urn:uuid:41e004ac-9597-578b-8dea-ec1b7d0b8c1b,relation/unit/bab-3-kategori-diperkaya-dan-aditif/section/kategori-diperkaya-dan-aditif/covers/surface/unit-022/diagram-arrow/021,urn:uuid:92486b3a-ab2f-5e01-9591-97dde64dc3d9,covers,urn:uuid:1f270099-641b-5c93-8224-25649eab01df,chapter3.tex:513-722
urn:uuid:0f11e25b-5922-5697-9165-3cb9c5b9bf6b,relation/unit/bab-3-kategori-diperkaya-dan-aditif/section/kategori-diperkaya-dan-aditif/covers/surface/unit-022/diagram-draw/001,urn:uuid:92486b3a-ab2f-5e01-9591-97dde64dc3d9,covers,urn:uuid:4702f526-093f-57fb-b136-a8da776e3fc6,chapter3.tex:513-722
urn:uuid:74e0a12d-8192-58c6-95fc-1872c37d18fe,relation/unit/bab-3-kategori-diperkaya-dan-aditif/section/kategori-diperkaya-dan-aditif/covers/surface/unit-022/diagram-draw/002,urn:uuid:92486b3a-ab2f-5e01-9591-97dde64dc3d9,covers,urn:uuid:6f4a43f6-2168-5f04-af74-c4bc3058ce34,chapter3.tex:513-722
urn:uuid:b187ba50-a09e-5ee0-9856-083650b47f71,relation/unit/bab-3-kategori-diperkaya-dan-aditif/section/kategori-diperkaya-dan-aditif/covers/surface/unit-022/diagram-draw/003,urn:uuid:92486b3a-ab2f-5e01-9591-97dde64dc3d9,covers,urn:uuid:65c26c20-f2c9-5c0e-8576-2b48f642e4bf,chapter3.tex:513-722
urn:uuid:e872a1f1-bbf3-5000-be86-f64fe153446d,relation/unit/bab-3-kategori-diperkaya-dan-aditif/section/kategori-diperkaya-dan-aditif/covers/surface/unit-022/diagram-draw/004,urn:uuid:92486b3a-ab2f-5e01-9591-97dde64dc3d9,covers,urn:uuid:54cc58ee-25bf-5326-8873-7e50ce5044b6,chapter3.tex:513-722
urn:uuid:35d34bd8-16bc-54f8-95fc-f94cc5eab145,relation/unit/bab-3-kategori-diperkaya-dan-aditif/section/kategori-diperkaya-dan-aditif/covers/surface/unit-022/diagram-draw/005,urn:uuid:92486b3a-ab2f-5e01-9591-97dde64dc3d9,covers,urn:uuid:a3ff41d5-fffd-55cf-9aee-ec0d36594352,chapter3.tex:513-722
urn:uuid:23415bc2-d9ff-5757-a2e2-4308cd44cb0e,relation/unit/bab-3-kategori-diperkaya-dan-aditif/section/kategori-diperkaya-dan-aditif/covers/surface/unit-022/diagram-draw/006,urn:uuid:92486b3a-ab2f-5e01-9591-97dde64dc3d9,covers,urn:uuid:25262352-fc2c-5f89-8d81-99763414c049,chapter3.tex:513-722
urn:uuid:02dd7b29-e077-5459-a3ab-c72f07774dd3,relation/unit/bab-3-kategori-diperkaya-dan-aditif/section/kategori-diperkaya-dan-aditif/covers/surface/unit-022/diagram-draw/007,urn:uuid:92486b3a-ab2f-5e01-9591-97dde64dc3d9,covers,urn:uuid:c90b15f2-0fec-59f4-aae7-b1b0dd605a30,chapter3.tex:513-722
urn:uuid:fd6833c1-f9fc-5e12-a350-c91e2826bc00,relation/unit/bab-3-kategori-diperkaya-dan-aditif/section/kategori-diperkaya-dan-aditif/covers/surface/unit-022/diagram-draw/008,urn:uuid:92486b3a-ab2f-5e01-9591-97dde64dc3d9,covers,urn:uuid:6c4fde57-a169-54ee-8f6e-1443d4b7eb2a,chapter3.tex:513-722
urn:uuid:9c1b581e-ee07-5603-b7a5-45687e7a3227,relation/unit/bab-3-kategori-diperkaya-dan-aditif/section/kategori-diperkaya-dan-aditif/covers/surface/unit-022/diagram-draw/009,urn:uuid:92486b3a-ab2f-5e01-9591-97dde64dc3d9,covers,urn:uuid:43bf8024-3804-53e9-90e9-336312c7cf5a,chapter3.tex:513-722
urn:uuid:c5f10eaf-23be-5e22-848c-9678e4ac76f0,relation/unit/bab-3-kategori-diperkaya-dan-aditif/section/kategori-diperkaya-dan-aditif/covers/surface/unit-022/diagram-draw/010,urn:uuid:92486b3a-ab2f-5e01-9591-97dde64dc3d9,covers,urn:uuid:3ec8d28c-599d-5f08-b702-d46122f1781d,chapter3.tex:513-722
urn:uuid:4673746f-111c-51a7-87d5-4fb63da25786,relation/unit/bab-3-kategori-diperkaya-dan-aditif/section/kategori-diperkaya-dan-aditif/covers/surface/unit-022/diagram-draw/011,urn:uuid:92486b3a-ab2f-5e01-9591-97dde64dc3d9,covers,urn:uuid:6b029f5b-3364-52a6-ad21-fe11d17a1357,chapter3.tex:513-722
urn:uuid:c37f8416-0918-5cff-984a-5461453af60c,relation/unit/bab-3-kategori-diperkaya-dan-aditif/section/kategori-diperkaya-dan-aditif/covers/surface/unit-022/diagram-edge/001,urn:uuid:92486b3a-ab2f-5e01-9591-97dde64dc3d9,covers,urn:uuid:ecef2e4e-d555-5678-9e3a-239e4ee248e4,chapter3.tex:513-722
urn:uuid:e445a1da-8f44-594f-b471-eceb19bf8a14,relation/unit/bab-3-kategori-diperkaya-dan-aditif/section/kategori-diperkaya-dan-aditif/covers/surface/unit-022/diagram-edge/002,urn:uuid:92486b3a-ab2f-5e01-9591-97dde64dc3d9,covers,urn:uuid:7be9fda7-5633-5077-9a94-16662eb5f37f,chapter3.tex:513-722
urn:uuid:a4c036f9-126b-5368-8e18-e08fc9fe100a,relation/unit/bab-3-kategori-diperkaya-dan-aditif/section/kategori-diperkaya-dan-aditif/covers/surface/unit-022/diagram-edge/003,urn:uuid:92486b3a-ab2f-5e01-9591-97dde64dc3d9,covers,urn:uuid:6099ea24-5943-579a-b40b-c1fcb8b33348,chapter3.tex:513-722
urn:uuid:08f5a903-f36d-5333-8067-6e284f4fe6ac,relation/unit/bab-3-kategori-diperkaya-dan-aditif/section/kategori-diperkaya-dan-aditif/covers/surface/unit-022/diagram-edge/004,urn:uuid:92486b3a-ab2f-5e01-9591-97dde64dc3d9,covers,urn:uuid:398efa8c-c70a-5685-8b02-51d9955013a3,chapter3.tex:513-722
urn:uuid:5f758c14-40f2-5666-8519-8ddb0c0d824d,relation/unit/bab-3-kategori-diperkaya-dan-aditif/section/kategori-diperkaya-dan-aditif/covers/surface/unit-022/diagram-edge/005,urn:uuid:92486b3a-ab2f-5e01-9591-97dde64dc3d9,covers,urn:uuid:475b4cac-b844-5593-919a-87989feccabc,chapter3.tex:513-722
urn:uuid:ec9f02b7-8286-5265-96ad-95375318d0ae,relation/unit/bab-3-kategori-diperkaya-dan-aditif/section/kategori-diperkaya-dan-aditif/covers/surface/unit-022/diagram-edge/006,urn:uuid:92486b3a-ab2f-5e01-9591-97dde64dc3d9,covers,urn:uuid:b5742141-7f23-58eb-bb16-ac04dd3d826f,chapter3.tex:513-722
urn:uuid:2c77353f-e942-57e2-9902-46542eae59ca,relation/unit/bab-3-kategori-diperkaya-dan-aditif/section/kategori-diperkaya-dan-aditif/covers/surface/unit-022/diagram-edge/007,urn:uuid:92486b3a-ab2f-5e01-9591-97dde64dc3d9,covers,urn:uuid:b3b4c116-b4f2-55f7-a560-5b0e873f0233,chapter3.tex:513-722
urn:uuid:c6e2ab4d-1cb7-53fc-bfa2-a34ebce6bf54,relation/unit/bab-3-kategori-diperkaya-dan-aditif/section/kategori-diperkaya-dan-aditif/covers/surface/unit-022/diagram-edge/008,urn:uuid:92486b3a-ab2f-5e01-9591-97dde64dc3d9,covers,urn:uuid:f71680fa-3b71-5338-a448-bdf71eaf13c8,chapter3.tex:513-722
urn:uuid:2db81a13-7f2a-556f-9cd8-8e1e0e796444,relation/unit/bab-3-kategori-diperkaya-dan-aditif/section/kategori-diperkaya-dan-aditif/covers/surface/unit-022/diagram-edge/009,urn:uuid:92486b3a-ab2f-5e01-9591-97dde64dc3d9,covers,urn:uuid:b4a433e4-6781-56b2-8b54-c562e2c65e67,chapter3.tex:513-722
urn:uuid:cebf2c59-22ae-5592-a964-959b33bb8c05,relation/unit/bab-3-kategori-diperkaya-dan-aditif/section/kategori-diperkaya-dan-aditif/covers/surface/unit-022/diagram-edge/010,urn:uuid:92486b3a-ab2f-5e01-9591-97dde64dc3d9,covers,urn:uuid:d55557b1-9fc2-584c-8f86-8269c5d4ceef,chapter3.tex:513-722
urn:uuid:e53d1674-05c7-5306-b896-06445e203e05,relation/unit/bab-3-kategori-diperkaya-dan-aditif/section/kategori-diperkaya-dan-aditif/covers/surface/unit-022/diagram-edge/011,urn:uuid:92486b3a-ab2f-5e01-9591-97dde64dc3d9,covers,urn:uuid:bdae1dab-a484-5cea-bb53-8e14cc9bf133,chapter3.tex:513-722
urn:uuid:a3e4310a-1b95-58c4-b49d-40c66037c38d,relation/unit/bab-3-kategori-diperkaya-dan-aditif/section/kategori-diperkaya-dan-aditif/covers/surface/unit-022/diagram-edge/012,urn:uuid:92486b3a-ab2f-5e01-9591-97dde64dc3d9,covers,urn:uuid:8560be08-928c-5eaf-8cbd-476dbedd4e99,chapter3.tex:513-722
urn:uuid:370ab4a2-c364-538a-97cd-34a06e7ed369,relation/unit/bab-3-kategori-diperkaya-dan-aditif/section/kategori-diperkaya-dan-aditif/covers/surface/unit-022/diagram-edge/013,urn:uuid:92486b3a-ab2f-5e01-9591-97dde64dc3d9,covers,urn:uuid:14288bf8-e0a3-5090-99e7-5b1ad0472361,chapter3.tex:513-722
urn:uuid:f328205b-fbab-545c-affa-67672c412add,relation/unit/bab-3-kategori-diperkaya-dan-aditif/section/kategori-diperkaya-dan-aditif/covers/surface/unit-022/diagram-node/001,urn:uuid:92486b3a-ab2f-5e01-9591-97dde64dc3d9,covers,urn:uuid:661db4bd-e69e-560f-9eed-d715941f7fd8,chapter3.tex:513-722
urn:uuid:173e1949-0907-5d59-abb2-79802b77f403,relation/unit/bab-3-kategori-diperkaya-dan-aditif/section/kategori-diperkaya-dan-aditif/covers/surface/unit-022/diagram-node/002,urn:uuid:92486b3a-ab2f-5e01-9591-97dde64dc3d9,covers,urn:uuid:4e9649ec-8301-58be-bf26-185fa6954ae8,chapter3.tex:513-722
urn:uuid:1b477139-b4aa-56e3-9a58-a4e174a207e8,relation/unit/bab-3-kategori-diperkaya-dan-aditif/section/kategori-diperkaya-dan-aditif/covers/surface/unit-022/diagram-node/003,urn:uuid:92486b3a-ab2f-5e01-9591-97dde64dc3d9,covers,urn:uuid:8bb4c5ca-f780-5409-896e-34c1c6a066d9,chapter3.tex:513-722
urn:uuid:5d5ce0ed-bc68-5bc6-9658-61ce513ca8e5,relation/unit/bab-3-kategori-diperkaya-dan-aditif/section/kategori-diperkaya-dan-aditif/covers/surface/unit-022/diagram-node/004,urn:uuid:92486b3a-ab2f-5e01-9591-97dde64dc3d9,covers,urn:uuid:82b64a4a-4391-54b3-a9c8-69eb78f9819d,chapter3.tex:513-722
urn:uuid:a5fbc439-299a-55f1-990f-96514aba2f01,relation/unit/bab-3-kategori-diperkaya-dan-aditif/section/kategori-diperkaya-dan-aditif/covers/surface/unit-022/diagram-node/005,urn:uuid:92486b3a-ab2f-5e01-9591-97dde64dc3d9,covers,urn:uuid:acd010ca-3956-5c2f-9592-c02732117b37,chapter3.tex:513-722
urn:uuid:d9268596-8e1e-59c6-8370-ff0c5e34da4e,relation/unit/bab-3-kategori-diperkaya-dan-aditif/section/kategori-diperkaya-dan-aditif/covers/surface/unit-022/diagram-node/006,urn:uuid:92486b3a-ab2f-5e01-9591-97dde64dc3d9,covers,urn:uuid:c2e8e09e-00be-5f52-b14a-2c77ffd0b9a5,chapter3.tex:513-722
urn:uuid:a74c844c-ec03-5f34-9d79-657b02ac1eda,relation/unit/bab-3-kategori-diperkaya-dan-aditif/section/kategori-diperkaya-dan-aditif/covers/surface/unit-022/diagram-node/007,urn:uuid:92486b3a-ab2f-5e01-9591-97dde64dc3d9,covers,urn:uuid:7db2a2ad-1650-5676-a543-4b6fde6efa25,chapter3.tex:513-722
urn:uuid:a8e28104-df0a-5cbf-a06e-0ba39d41c7a9,relation/unit/bab-3-kategori-diperkaya-dan-aditif/section/kategori-diperkaya-dan-aditif/covers/surface/unit-022/diagram-node/008,urn:uuid:92486b3a-ab2f-5e01-9591-97dde64dc3d9,covers,urn:uuid:011257cc-dc45-50b4-9561-fe6b53503c2d,chapter3.tex:513-722
urn:uuid:d0c89aa8-2d5b-5965-b840-9fb3d872f87f,relation/unit/bab-3-kategori-diperkaya-dan-aditif/section/kategori-diperkaya-dan-aditif/covers/surface/unit-022/diagram-node/009,urn:uuid:92486b3a-ab2f-5e01-9591-97dde64dc3d9,covers,urn:uuid:6c37b348-73d5-5f4c-9f6a-99f4ae0c6d81,chapter3.tex:513-722
urn:uuid:327a48a2-0e9b-5399-b0bb-fcae322b2d33,relation/unit/bab-3-kategori-diperkaya-dan-aditif/section/kategori-diperkaya-dan-aditif/covers/surface/unit-022/diagram-node/010,urn:uuid:92486b3a-ab2f-5e01-9591-97dde64dc3d9,covers,urn:uuid:63fc5ee8-e404-52e2-853b-18421c719886,chapter3.tex:513-722
urn:uuid:724883c5-d0a2-5309-8d2a-c9945a4269d2,relation/unit/bab-3-kategori-diperkaya-dan-aditif/section/kategori-diperkaya-dan-aditif/covers/surface/unit-022/diagram-node/011,urn:uuid:92486b3a-ab2f-5e01-9591-97dde64dc3d9,covers,urn:uuid:ecc3db27-d103-5e8b-92ec-864847ae0189,chapter3.tex:513-722
urn:uuid:607abfdf-c741-5ca4-9370-5b1b0deed9c3,relation/unit/bab-3-kategori-diperkaya-dan-aditif/section/kategori-diperkaya-dan-aditif/covers/surface/unit-022/diagram-node/012,urn:uuid:92486b3a-ab2f-5e01-9591-97dde64dc3d9,covers,urn:uuid:1e20d155-a0da-5757-a097-ed0e419e8965,chapter3.tex:513-722
urn:uuid:fa9f9e3a-558f-5806-9861-2d259fc42d64,relation/unit/bab-3-kategori-diperkaya-dan-aditif/section/kategori-diperkaya-dan-aditif/covers/surface/unit-022/diagram-node/013,urn:uuid:92486b3a-ab2f-5e01-9591-97dde64dc3d9,covers,urn:uuid:c83ead22-6f6e-5a08-89a3-2493333dbfcc,chapter3.tex:513-722
urn:uuid:13dd8db1-0d7c-583d-a99f-a7b848b719de,relation/unit/bab-3-kategori-diperkaya-dan-aditif/section/kategori-diperkaya-dan-aditif/covers/surface/unit-022/diagram-node/014,urn:uuid:92486b3a-ab2f-5e01-9591-97dde64dc3d9,covers,urn:uuid:61c6f58e-b67f-5906-9f91-0e302b1f75cf,chapter3.tex:513-722
urn:uuid:ca2abfea-33e6-56f1-9eca-ecb1610119ea,relation/unit/bab-3-kategori-diperkaya-dan-aditif/section/kategori-diperkaya-dan-aditif/covers/surface/unit-022/environment/001-compactitem-01,urn:uuid:92486b3a-ab2f-5e01-9591-97dde64dc3d9,covers,urn:uuid:afb90d3d-bbf0-50e7-b2bd-eab14902c16f,chapter3.tex:513-722
urn:uuid:d7ecfc6e-2080-5549-bb98-ef5bf1918759,relation/unit/bab-3-kategori-diperkaya-dan-aditif/section/kategori-diperkaya-dan-aditif/covers/surface/unit-022/environment/002-center-01,urn:uuid:92486b3a-ab2f-5e01-9591-97dde64dc3d9,covers,urn:uuid:0eb9f84b-0477-5db5-8c6c-a2ac4aa025c4,chapter3.tex:513-722
urn:uuid:e9762370-7a90-53be-8cf3-2c676a6aa790,relation/unit/bab-3-kategori-diperkaya-dan-aditif/section/kategori-diperkaya-dan-aditif/covers/surface/unit-022/environment/003-tikzpicture-01,urn:uuid:92486b3a-ab2f-5e01-9591-97dde64dc3d9,covers,urn:uuid:e4e11b65-757d-5481-a1d5-e931c1427061,chapter3.tex:513-722
urn:uuid:f8f88d1c-ab3b-58ef-9609-5ffcd704a491,relation/unit/bab-3-kategori-diperkaya-dan-aditif/section/kategori-diperkaya-dan-aditif/covers/surface/unit-022/environment/004-definition-01,urn:uuid:92486b3a-ab2f-5e01-9591-97dde64dc3d9,covers,urn:uuid:75b3ec07-0f2d-56a2-9850-54ed8d5fa76e,chapter3.tex:513-722
urn:uuid:0fea1aab-60f0-507b-8852-7c47d78cc215,relation/unit/bab-3-kategori-diperkaya-dan-aditif/section/kategori-diperkaya-dan-aditif/covers/surface/unit-022/environment/005-enumerate-01,urn:uuid:92486b3a-ab2f-5e01-9591-97dde64dc3d9,covers,urn:uuid:1997b574-cbdf-59c5-b18f-2e63d4b5be2c,chapter3.tex:513-722
urn:uuid:650626a7-e8b9-508a-ac2a-d1635f0b3016,relation/unit/bab-3-kategori-diperkaya-dan-aditif/section/kategori-diperkaya-dan-aditif/covers/surface/unit-022/environment/006-center-02,urn:uuid:92486b3a-ab2f-5e01-9591-97dde64dc3d9,covers,urn:uuid:4894ad2d-da6c-5e3b-9a61-4fe305df81e5,chapter3.tex:513-722
urn:uuid:8195ad96-66bc-5705-b5b5-ca3a34eece34,relation/unit/bab-3-kategori-diperkaya-dan-aditif/section/kategori-diperkaya-dan-aditif/covers/surface/unit-022/environment/007-tikzpicture-02,urn:uuid:92486b3a-ab2f-5e01-9591-97dde64dc3d9,covers,urn:uuid:26cf496d-f895-5935-af2e-b99f56a931f4,chapter3.tex:513-722
urn:uuid:0c45a140-ece0-55c8-8080-079c3eb28585,relation/unit/bab-3-kategori-diperkaya-dan-aditif/section/kategori-diperkaya-dan-aditif/covers/surface/unit-022/environment/008-tikzpicture-03,urn:uuid:92486b3a-ab2f-5e01-9591-97dde64dc3d9,covers,urn:uuid:4066b40d-6f1c-5ce0-a679-3d7450f37f63,chapter3.tex:513-722
urn:uuid:fea810ec-540b-53d5-8a52-951a57aa34b2,relation/unit/bab-3-kategori-diperkaya-dan-aditif/section/kategori-diperkaya-dan-aditif/covers/surface/unit-022/environment/009-definition-02,urn:uuid:92486b3a-ab2f-5e01-9591-97dde64dc3d9,covers,urn:uuid:cab90362-3ab2-5a41-937b-2e71ad3f7e96,chapter3.tex:513-722
urn:uuid:42dfea65-eb4f-599a-8f7a-f5f19214568a,relation/unit/bab-3-kategori-diperkaya-dan-aditif/section/kategori-diperkaya-dan-aditif/covers/surface/unit-022/environment/010-tikzcd-01,urn:uuid:92486b3a-ab2f-5e01-9591-97dde64dc3d9,covers,urn:uuid:d52e5950-fdc7-5489-8bee-fa47888e130b,chapter3.tex:513-722
urn:uuid:99f8b3a4-60c9-5294-a1ed-b27989259c3a,relation/unit/bab-3-kategori-diperkaya-dan-aditif/section/kategori-diperkaya-dan-aditif/covers/surface/unit-022/environment/011-tikzcd-02,urn:uuid:92486b3a-ab2f-5e01-9591-97dde64dc3d9,covers,urn:uuid:b29e82fc-af2c-5b36-b6a8-6b3e52fdb490,chapter3.tex:513-722
urn:uuid:519e4167-ed6f-562f-9b53-936752805da9,relation/unit/bab-3-kategori-diperkaya-dan-aditif/section/kategori-diperkaya-dan-aditif/covers/surface/unit-022/environment/012-remark-01,urn:uuid:92486b3a-ab2f-5e01-9591-97dde64dc3d9,covers,urn:uuid:940b10d4-ccb9-5f43-afc7-4e9c9dfe5af4,chapter3.tex:513-722
urn:uuid:d4836f5d-0d40-5e66-922c-fe449eded880,relation/unit/bab-3-kategori-diperkaya-dan-aditif/section/kategori-diperkaya-dan-aditif/covers/surface/unit-022/environment/013-tikzcd-03,urn:uuid:92486b3a-ab2f-5e01-9591-97dde64dc3d9,covers,urn:uuid:1e8e20ae-b52f-5755-9728-95960348d4fa,chapter3.tex:513-722
urn:uuid:00675e7f-52aa-5218-8af1-5fd25451a891,relation/unit/bab-3-kategori-diperkaya-dan-aditif/section/kategori-diperkaya-dan-aditif/covers/surface/unit-022/environment/014-definition-03,urn:uuid:92486b3a-ab2f-5e01-9591-97dde64dc3d9,covers,urn:uuid:73fd859e-f575-5ac5-96fe-d10e0e42a149,chapter3.tex:513-722
urn:uuid:7a03acb8-eb9b-54c6-8c2a-3535167408d4,relation/unit/bab-3-kategori-diperkaya-dan-aditif/section/kategori-diperkaya-dan-aditif/covers/surface/unit-022/environment/015-tikzcd-04,urn:uuid:92486b3a-ab2f-5e01-9591-97dde64dc3d9,covers,urn:uuid:55ca3368-bf07-581f-a952-699848a4e9f1,chapter3.tex:513-722
urn:uuid:f920b3cb-9997-5c9a-b12e-cf3739556cb5,relation/unit/bab-3-kategori-diperkaya-dan-aditif/section/kategori-diperkaya-dan-aditif/covers/surface/unit-022/environment/016-example-01,urn:uuid:92486b3a-ab2f-5e01-9591-97dde64dc3d9,covers,urn:uuid:8eb2f037-55dc-5dbc-87c6-97a17a637463,chapter3.tex:513-722
urn:uuid:0a266cbe-de0a-50c8-8c58-e814829821dd,relation/unit/bab-3-kategori-diperkaya-dan-aditif/section/kategori-diperkaya-dan-aditif/covers/surface/unit-022/environment/017-example-02,urn:uuid:92486b3a-ab2f-5e01-9591-97dde64dc3d9,covers,urn:uuid:b153f03c-f63b-58d2-b26c-3b17d39dbac5,chapter3.tex:513-722
urn:uuid:d664463d-83e1-5b78-8497-05c17cc0c249,relation/unit/bab-3-kategori-diperkaya-dan-aditif/section/kategori-diperkaya-dan-aditif/covers/surface/unit-022/environment/018-example-03,urn:uuid:92486b3a-ab2f-5e01-9591-97dde64dc3d9,covers,urn:uuid:d7d49cfe-7c86-53c9-b5ca-e06f350b3bd9,chapter3.tex:513-722
urn:uuid:96cf24cf-a150-510c-8dd1-e729a7e01e63,relation/unit/bab-3-kategori-diperkaya-dan-aditif/section/kategori-diperkaya-dan-aditif/covers/surface/unit-022/environment/019-compactitem-02,urn:uuid:92486b3a-ab2f-5e01-9591-97dde64dc3d9,covers,urn:uuid:4e194c75-0f02-5544-9e39-a2177979092f,chapter3.tex:513-722
urn:uuid:43cdfe32-081f-5d07-9d58-3b08b970f9bc,relation/unit/bab-3-kategori-diperkaya-dan-aditif/section/kategori-diperkaya-dan-aditif/covers/surface/unit-022/environment/020-align-01,urn:uuid:92486b3a-ab2f-5e01-9591-97dde64dc3d9,covers,urn:uuid:1b15914f-57a5-5557-b1ff-717850c92278,chapter3.tex:513-722
urn:uuid:1901febe-03f8-5fe3-ab51-e9b6c2f8c9ea,relation/unit/bab-3-kategori-diperkaya-dan-aditif/section/kategori-diperkaya-dan-aditif/covers/surface/unit-022/environment/021-definition-04,urn:uuid:92486b3a-ab2f-5e01-9591-97dde64dc3d9,covers,urn:uuid:021343bf-2751-5473-929c-cb12e0d9a87b,chapter3.tex:513-722
urn:uuid:9cfebf97-7acc-53d1-b182-4cf1dd8ebb94,relation/unit/bab-3-kategori-diperkaya-dan-aditif/section/kategori-diperkaya-dan-aditif/covers/surface/unit-022/environment/022-tikzcd-05,urn:uuid:92486b3a-ab2f-5e01-9591-97dde64dc3d9,covers,urn:uuid:6edb8c38-e313-5b35-a7bd-2868cffa1a88,chapter3.tex:513-722
urn:uuid:291944be-75be-5759-8a60-6d2f94dcfea5,relation/unit/bab-3-kategori-diperkaya-dan-aditif/section/kategori-diperkaya-dan-aditif/covers/surface/unit-022/environment/023-tikzcd-06,urn:uuid:92486b3a-ab2f-5e01-9591-97dde64dc3d9,covers,urn:uuid:843097db-bb79-52c7-bd48-d4c4ee5fc090,chapter3.tex:513-722
urn:uuid:40561276-e92e-5617-9a6b-182b1cdf8c75,relation/unit/bab-3-kategori-diperkaya-dan-aditif/section/kategori-diperkaya-dan-aditif/covers/surface/unit-022/environment/024-gather-01,urn:uuid:92486b3a-ab2f-5e01-9591-97dde64dc3d9,covers,urn:uuid:d16cf22e-4220-51f7-adc4-b109ee880384,chapter3.tex:513-722
urn:uuid:85be18c4-3c20-55c9-bd65-c0d80050b9e4,relation/unit/bab-3-kategori-diperkaya-dan-aditif/section/kategori-diperkaya-dan-aditif/covers/surface/unit-022/environment/025-cases-01,urn:uuid:92486b3a-ab2f-5e01-9591-97dde64dc3d9,covers,urn:uuid:a593facf-921f-52de-803a-fdc313052838,chapter3.tex:513-722
urn:uuid:e877e43d-7eec-50e2-981b-58b8d1f30981,relation/unit/bab-3-kategori-diperkaya-dan-aditif/section/kategori-diperkaya-dan-aditif/covers/surface/unit-022/environment/026-theorem-01,urn:uuid:92486b3a-ab2f-5e01-9591-97dde64dc3d9,covers,urn:uuid:89781571-25ba-58ee-ac0d-a78eaaadd13e,chapter3.tex:513-722
urn:uuid:2a3d67cd-2f4e-583c-b668-37ea6a087463,relation/unit/bab-3-kategori-diperkaya-dan-aditif/section/kategori-diperkaya-dan-aditif/covers/surface/unit-022/environment/027-compactenum-01,urn:uuid:92486b3a-ab2f-5e01-9591-97dde64dc3d9,covers,urn:uuid:3b2f24aa-0900-5747-a9ef-a1a7ae8545cc,chapter3.tex:513-722
urn:uuid:dddcf897-0147-54d0-97ea-476226a911e5,relation/unit/bab-3-kategori-diperkaya-dan-aditif/section/kategori-diperkaya-dan-aditif/covers/surface/unit-022/environment/028-proof-01,urn:uuid:92486b3a-ab2f-5e01-9591-97dde64dc3d9,covers,urn:uuid:0b6df2c5-185b-5b00-9b26-625397f439ba,chapter3.tex:513-722
urn:uuid:aab03401-19ad-5588-a681-5a589450441c,relation/unit/bab-3-kategori-diperkaya-dan-aditif/section/kategori-diperkaya-dan-aditif/covers/surface/unit-022/environment/029-align-02,urn:uuid:92486b3a-ab2f-5e01-9591-97dde64dc3d9,covers,urn:uuid:e5eb5dba-b0b0-5f27-afb4-d30f524d60be,chapter3.tex:513-722
urn:uuid:50b3935b-10b0-5547-9fb8-285be0d23f3c,relation/unit/bab-3-kategori-diperkaya-dan-aditif/section/kategori-diperkaya-dan-aditif/covers/surface/unit-022/environment/030-cases-02,urn:uuid:92486b3a-ab2f-5e01-9591-97dde64dc3d9,covers,urn:uuid:f5f15044-fa1b-57cb-ad7d-7a59c5a1cd22,chapter3.tex:513-722
urn:uuid:c05236f7-0ca7-55e8-b6cc-fc0301e9e7be,relation/unit/bab-3-kategori-diperkaya-dan-aditif/section/kategori-diperkaya-dan-aditif/covers/surface/unit-022/environment/031-align-03,urn:uuid:92486b3a-ab2f-5e01-9591-97dde64dc3d9,covers,urn:uuid:944f3c29-30d3-51a7-8785-3fa8169b7214,chapter3.tex:513-722
urn:uuid:74f936ca-627b-5f1b-b843-7e2bc6ef3fca,relation/unit/bab-3-kategori-diperkaya-dan-aditif/section/kategori-diperkaya-dan-aditif/covers/surface/unit-022/environment/032-remark-02,urn:uuid:92486b3a-ab2f-5e01-9591-97dde64dc3d9,covers,urn:uuid:6c41af6c-e622-5a8d-b91e-f219d6437967,chapter3.tex:513-722
urn:uuid:5c144588-d6f2-563a-acc8-a4ef1fbf5c18,relation/unit/bab-3-kategori-diperkaya-dan-aditif/section/kategori-diperkaya-dan-aditif/covers/surface/unit-022/environment/033-cases-03,urn:uuid:92486b3a-ab2f-5e01-9591-97dde64dc3d9,covers,urn:uuid:39faf053-aaaf-5f7f-b588-df9d8305d723,chapter3.tex:513-722
urn:uuid:796f6f0d-47c1-519d-9c14-d10f52350c1c,relation/unit/bab-3-kategori-diperkaya-dan-aditif/section/kategori-diperkaya-dan-aditif/covers/surface/unit-022/environment/034-lemma-01,urn:uuid:92486b3a-ab2f-5e01-9591-97dde64dc3d9,covers,urn:uuid:ce962742-655e-521a-a85f-7c93031fdf3d,chapter3.tex:513-722
urn:uuid:4028d4d9-6215-5c9b-84c4-546613173643,relation/unit/bab-3-kategori-diperkaya-dan-aditif/section/kategori-diperkaya-dan-aditif/covers/surface/unit-022/environment/035-compactenum-02,urn:uuid:92486b3a-ab2f-5e01-9591-97dde64dc3d9,covers,urn:uuid:2fa4d0ee-3a9a-5f93-88c8-267cedb62383,chapter3.tex:513-722
urn:uuid:ca598b08-ce61-561a-a3d0-a1d8395d68b6,relation/unit/bab-3-kategori-diperkaya-dan-aditif/section/kategori-diperkaya-dan-aditif/covers/surface/unit-022/environment/036-proof-02,urn:uuid:92486b3a-ab2f-5e01-9591-97dde64dc3d9,covers,urn:uuid:a33e2228-520d-5b1d-a029-8d76306cd137,chapter3.tex:513-722
urn:uuid:276a6cbc-3c1d-527a-adc7-a036168bbe85,relation/unit/bab-3-kategori-diperkaya-dan-aditif/section/kategori-diperkaya-dan-aditif/covers/surface/unit-022/environment/037-definition-05,urn:uuid:92486b3a-ab2f-5e01-9591-97dde64dc3d9,covers,urn:uuid:2bfe1d00-1496-5234-8ef6-996c41b52a0e,chapter3.tex:513-722
urn:uuid:b209c3f0-a096-536b-92bd-5138ca2fdb78,relation/unit/bab-3-kategori-diperkaya-dan-aditif/section/kategori-diperkaya-dan-aditif/covers/surface/unit-022/environment/038-proposition-01,urn:uuid:92486b3a-ab2f-5e01-9591-97dde64dc3d9,covers,urn:uuid:11552d06-8f09-5e48-8329-6b23b5e231d4,chapter3.tex:513-722
urn:uuid:8d30a306-5996-52a0-83a7-997267c10861,relation/unit/bab-3-kategori-diperkaya-dan-aditif/section/kategori-diperkaya-dan-aditif/covers/surface/unit-022/environment/039-proof-03,urn:uuid:92486b3a-ab2f-5e01-9591-97dde64dc3d9,covers,urn:uuid:091b546e-3a44-5df6-813b-806542064532,chapter3.tex:513-722
urn:uuid:206bc8d4-eac3-5360-bfcf-17c73c1fa90f,relation/unit/bab-3-kategori-diperkaya-dan-aditif/section/kategori-diperkaya-dan-aditif/covers/surface/unit-022/environment/040-proposition-02,urn:uuid:92486b3a-ab2f-5e01-9591-97dde64dc3d9,covers,urn:uuid:578850d9-e9f5-573d-89b0-2d9347a707d1,chapter3.tex:513-722
urn:uuid:80b1d986-292d-545c-b7d2-36a20acc9fec,relation/unit/bab-3-kategori-diperkaya-dan-aditif/section/kategori-diperkaya-dan-aditif/covers/surface/unit-022/environment/041-proof-04,urn:uuid:92486b3a-ab2f-5e01-9591-97dde64dc3d9,covers,urn:uuid:adf24a0c-aa9e-5a1a-a74c-a703994710c3,chapter3.tex:513-722
urn:uuid:23aca496-e64c-5828-8313-e8253a4ba784,relation/unit/bab-3-kategori-diperkaya-dan-aditif/section/kategori-diperkaya-dan-aditif/covers/surface/unit-022/formula/display-bracket/001,urn:uuid:92486b3a-ab2f-5e01-9591-97dde64dc3d9,covers,urn:uuid:cf785a1f-af04-58b1-8efb-847cb09f60ff,chapter3.tex:513-722
urn:uuid:a047792d-326f-5cab-86dd-18a8f5ec5703,relation/unit/bab-3-kategori-diperkaya-dan-aditif/section/kategori-diperkaya-dan-aditif/covers/surface/unit-022/formula/display-bracket/002,urn:uuid:92486b3a-ab2f-5e01-9591-97dde64dc3d9,covers,urn:uuid:ad5222d7-f961-5fa3-9736-801d055d8413,chapter3.tex:513-722
urn:uuid:926f1d33-44a3-5a68-8fc9-b0abda704669,relation/unit/bab-3-kategori-diperkaya-dan-aditif/section/kategori-diperkaya-dan-aditif/covers/surface/unit-022/formula/display-bracket/003,urn:uuid:92486b3a-ab2f-5e01-9591-97dde64dc3d9,covers,urn:uuid:b9594d17-8b55-57bb-bea5-fbba746062d9,chapter3.tex:513-722
urn:uuid:1b26dc16-0937-55f7-a0e4-a4243a3daac3,relation/unit/bab-3-kategori-diperkaya-dan-aditif/section/kategori-diperkaya-dan-aditif/covers/surface/unit-022/formula/display-bracket/004,urn:uuid:92486b3a-ab2f-5e01-9591-97dde64dc3d9,covers,urn:uuid:1b14cde7-d9eb-50f2-bc89-5efc874ac262,chapter3.tex:513-722
urn:uuid:08088e27-a7c8-5511-a3d3-273a6c985778,relation/unit/bab-3-kategori-diperkaya-dan-aditif/section/kategori-diperkaya-dan-aditif/covers/surface/unit-022/formula/display-bracket/005,urn:uuid:92486b3a-ab2f-5e01-9591-97dde64dc3d9,covers,urn:uuid:5808247c-de9d-5522-b309-df1b70fa5df6,chapter3.tex:513-722
urn:uuid:63892148-0860-550f-bf43-0e7c5542ac46,relation/unit/bab-3-kategori-diperkaya-dan-aditif/section/kategori-diperkaya-dan-aditif/covers/surface/unit-022/formula/display-bracket/006,urn:uuid:92486b3a-ab2f-5e01-9591-97dde64dc3d9,covers,urn:uuid:b55b3b21-1839-5794-a6ef-05a09fb0013e,chapter3.tex:513-722
urn:uuid:b0a76c43-f297-587b-934e-29d71d70113a,relation/unit/bab-3-kategori-diperkaya-dan-aditif/section/kategori-diperkaya-dan-aditif/covers/surface/unit-022/formula/display-bracket/007,urn:uuid:92486b3a-ab2f-5e01-9591-97dde64dc3d9,covers,urn:uuid:a8c3d9ff-894c-561f-9912-350dbb231484,chapter3.tex:513-722
urn:uuid:acbe9cf1-8d08-561d-a9ae-696f2f847f9b,relation/unit/bab-3-kategori-diperkaya-dan-aditif/section/kategori-diperkaya-dan-aditif/covers/surface/unit-022/formula/display-bracket/008,urn:uuid:92486b3a-ab2f-5e01-9591-97dde64dc3d9,covers,urn:uuid:1ad1c38d-f995-53a0-a2ac-d16996a27f7c,chapter3.tex:513-722
urn:uuid:46176abc-d5c1-58da-ba17-f5074e7a7582,relation/unit/bab-3-kategori-diperkaya-dan-aditif/section/kategori-diperkaya-dan-aditif/covers/surface/unit-022/formula/display-bracket/009,urn:uuid:92486b3a-ab2f-5e01-9591-97dde64dc3d9,covers,urn:uuid:e5cf4869-2aa3-5900-a80c-08bfe5d7ddd6,chapter3.tex:513-722
urn:uuid:4b66d8f5-94bb-58ba-9a1b-caa96135e789,relation/unit/bab-3-kategori-diperkaya-dan-aditif/section/kategori-diperkaya-dan-aditif/covers/surface/unit-022/formula/display-bracket/010,urn:uuid:92486b3a-ab2f-5e01-9591-97dde64dc3d9,covers,urn:uuid:f002893d-b940-5c70-baee-850bfd5c83d6,chapter3.tex:513-722
urn:uuid:60f347ef-d6d8-5ab8-a586-cdf78a3133d7,relation/unit/bab-3-kategori-diperkaya-dan-aditif/section/kategori-diperkaya-dan-aditif/covers/surface/unit-022/formula/display-bracket/011,urn:uuid:92486b3a-ab2f-5e01-9591-97dde64dc3d9,covers,urn:uuid:1ce9f653-887c-5a76-b966-ec50e76999a0,chapter3.tex:513-722
urn:uuid:e4983f2a-f28b-5ad8-94a0-9a803d478472,relation/unit/bab-3-kategori-diperkaya-dan-aditif/section/kategori-diperkaya-dan-aditif/covers/surface/unit-022/formula/display-environment/001,urn:uuid:92486b3a-ab2f-5e01-9591-97dde64dc3d9,covers,urn:uuid:a6b47c58-3adc-5e8e-8154-4b925f362593,chapter3.tex:513-722
urn:uuid:3b6d9532-f673-5574-a845-3db710923d5b,relation/unit/bab-3-kategori-diperkaya-dan-aditif/section/kategori-diperkaya-dan-aditif/covers/surface/unit-022/formula/display-environment/002,urn:uuid:92486b3a-ab2f-5e01-9591-97dde64dc3d9,covers,urn:uuid:3b04b881-f563-5470-8dab-74c9f485f5b5,chapter3.tex:513-722
urn:uuid:321f123f-a0b1-5708-8366-7da37faf4ddb,relation/unit/bab-3-kategori-diperkaya-dan-aditif/section/kategori-diperkaya-dan-aditif/covers/surface/unit-022/formula/display-environment/003,urn:uuid:92486b3a-ab2f-5e01-9591-97dde64dc3d9,covers,urn:uuid:fd2ebe3b-ce58-51f0-9145-c1ccf5632c88,chapter3.tex:513-722
urn:uuid:61b15a4c-57ff-5fe3-a0ee-4ac7d9175c93,relation/unit/bab-3-kategori-diperkaya-dan-aditif/section/kategori-diperkaya-dan-aditif/covers/surface/unit-022/formula/display-environment/004,urn:uuid:92486b3a-ab2f-5e01-9591-97dde64dc3d9,covers,urn:uuid:f105f293-a649-5322-a021-163ff675befa,chapter3.tex:513-722
urn:uuid:bdeaf97d-a7eb-5780-bd1d-79ca0117052c,relation/unit/bab-3-kategori-diperkaya-dan-aditif/section/kategori-diperkaya-dan-aditif/covers/surface/unit-022/formula/inline/001,urn:uuid:92486b3a-ab2f-5e01-9591-97dde64dc3d9,covers,urn:uuid:06431397-d5e8-590b-af98-78f810b4e778,chapter3.tex:513-722
urn:uuid:f55bc967-1275-5137-904e-48e3639d739b,relation/unit/bab-3-kategori-diperkaya-dan-aditif/section/kategori-diperkaya-dan-aditif/covers/surface/unit-022/formula/inline/002,urn:uuid:92486b3a-ab2f-5e01-9591-97dde64dc3d9,covers,urn:uuid:2da64d90-d783-5192-ac0b-7edef06f6786,chapter3.tex:513-722
urn:uuid:46e6d6d1-1549-585e-b016-cbd5077626ce,relation/unit/bab-3-kategori-diperkaya-dan-aditif/section/kategori-diperkaya-dan-aditif/covers/surface/unit-022/formula/inline/003,urn:uuid:92486b3a-ab2f-5e01-9591-97dde64dc3d9,covers,urn:uuid:76504df0-2a2c-5e0c-8bad-cb97ed4ce52b,chapter3.tex:513-722
urn:uuid:1d6e8c13-d11c-5b8a-a391-7d8662e5579d,relation/unit/bab-3-kategori-diperkaya-dan-aditif/section/kategori-diperkaya-dan-aditif/covers/surface/unit-022/formula/inline/004,urn:uuid:92486b3a-ab2f-5e01-9591-97dde64dc3d9,covers,urn:uuid:75061d43-b36b-54bf-8365-49d7ff5ec4b4,chapter3.tex:513-722
urn:uuid:e2c7e5a6-a25d-552c-9685-094b38275337,relation/unit/bab-3-kategori-diperkaya-dan-aditif/section/kategori-diperkaya-dan-aditif/covers/surface/unit-022/formula/inline/005,urn:uuid:92486b3a-ab2f-5e01-9591-97dde64dc3d9,covers,urn:uuid:e288d3ce-5a09-51d3-83e3-2b9dc2f79485,chapter3.tex:513-722
urn:uuid:faebd623-43aa-59ab-9729-a23995afff71,relation/unit/bab-3-kategori-diperkaya-dan-aditif/section/kategori-diperkaya-dan-aditif/covers/surface/unit-022/formula/inline/006,urn:uuid:92486b3a-ab2f-5e01-9591-97dde64dc3d9,covers,urn:uuid:d20f7a95-b55d-573c-81c0-8595e5b814da,chapter3.tex:513-722
urn:uuid:1dbfd607-090a-5383-8468-d6ce8530b6ef,relation/unit/bab-3-kategori-diperkaya-dan-aditif/section/kategori-diperkaya-dan-aditif/covers/surface/unit-022/formula/inline/007,urn:uuid:92486b3a-ab2f-5e01-9591-97dde64dc3d9,covers,urn:uuid:d6bf5775-b3e2-5d5f-b6cf-5612f3b24206,chapter3.tex:513-722
urn:uuid:1fdda2a2-bdca-53b2-8597-0840ee5ed5a5,relation/unit/bab-3-kategori-diperkaya-dan-aditif/section/kategori-diperkaya-dan-aditif/covers/surface/unit-022/formula/inline/008,urn:uuid:92486b3a-ab2f-5e01-9591-97dde64dc3d9,covers,urn:uuid:2d2f48a3-c44c-5121-810f-a35fdd5e56b4,chapter3.tex:513-722
urn:uuid:b3c07d10-cd08-5929-9957-c830975d0960,relation/unit/bab-3-kategori-diperkaya-dan-aditif/section/kategori-diperkaya-dan-aditif/covers/surface/unit-022/formula/inline/009,urn:uuid:92486b3a-ab2f-5e01-9591-97dde64dc3d9,covers,urn:uuid:be16d543-4dea-5dde-a218-cb41a4a9d955,chapter3.tex:513-722
urn:uuid:1aec39e0-5394-5720-b095-7c339c75fc8c,relation/unit/bab-3-kategori-diperkaya-dan-aditif/section/kategori-diperkaya-dan-aditif/covers/surface/unit-022/formula/inline/010,urn:uuid:92486b3a-ab2f-5e01-9591-97dde64dc3d9,covers,urn:uuid:735a4b68-e53b-53da-9f13-44b48636315e,chapter3.tex:513-722
urn:uuid:f9ed436b-2de2-54a0-9d84-e60e22f13249,relation/unit/bab-3-kategori-diperkaya-dan-aditif/section/kategori-diperkaya-dan-aditif/covers/surface/unit-022/formula/inline/011,urn:uuid:92486b3a-ab2f-5e01-9591-97dde64dc3d9,covers,urn:uuid:8de53e0c-6123-54e3-ace8-a03cf30886ce,chapter3.tex:513-722
urn:uuid:0f58bf9d-5cc9-57d0-965d-103913a90d3d,relation/unit/bab-3-kategori-diperkaya-dan-aditif/section/kategori-diperkaya-dan-aditif/covers/surface/unit-022/formula/inline/012,urn:uuid:92486b3a-ab2f-5e01-9591-97dde64dc3d9,covers,urn:uuid:c0372baa-edff-543f-8d64-f258789d7c47,chapter3.tex:513-722
urn:uuid:7e0e9c2f-7edc-5596-a7ce-d2d22689aea5,relation/unit/bab-3-kategori-diperkaya-dan-aditif/section/kategori-diperkaya-dan-aditif/covers/surface/unit-022/formula/inline/013,urn:uuid:92486b3a-ab2f-5e01-9591-97dde64dc3d9,covers,urn:uuid:d3b535b4-a6d6-5254-ad10-2021c5b6c600,chapter3.tex:513-722
urn:uuid:36727b10-bcf3-5fa6-8ae3-eea2d2f36f96,relation/unit/bab-3-kategori-diperkaya-dan-aditif/section/kategori-diperkaya-dan-aditif/covers/surface/unit-022/formula/inline/014,urn:uuid:92486b3a-ab2f-5e01-9591-97dde64dc3d9,covers,urn:uuid:45b0aeb3-70e6-5f40-8c95-cc04d5449571,chapter3.tex:513-722
urn:uuid:51d8b04d-58db-5239-be53-a625403adaab,relation/unit/bab-3-kategori-diperkaya-dan-aditif/section/kategori-diperkaya-dan-aditif/covers/surface/unit-022/formula/inline/015,urn:uuid:92486b3a-ab2f-5e01-9591-97dde64dc3d9,covers,urn:uuid:142d2653-51a3-590b-9c8d-93ec7fe10c14,chapter3.tex:513-722
urn:uuid:28641f41-363b-5825-98a3-706b5ae699ce,relation/unit/bab-3-kategori-diperkaya-dan-aditif/section/kategori-diperkaya-dan-aditif/covers/surface/unit-022/formula/inline/016,urn:uuid:92486b3a-ab2f-5e01-9591-97dde64dc3d9,covers,urn:uuid:681fcf13-77af-526d-b5c3-90e99036f6d1,chapter3.tex:513-722
urn:uuid:16a4b029-045f-5d09-89e0-0d0b1bf6b7f1,relation/unit/bab-3-kategori-diperkaya-dan-aditif/section/kategori-diperkaya-dan-aditif/covers/surface/unit-022/formula/inline/017,urn:uuid:92486b3a-ab2f-5e01-9591-97dde64dc3d9,covers,urn:uuid:84b904c6-c0ac-5839-8712-1e912d03a93a,chapter3.tex:513-722
urn:uuid:e18b633a-0e2c-5c4b-931c-0637f5471ae3,relation/unit/bab-3-kategori-diperkaya-dan-aditif/section/kategori-diperkaya-dan-aditif/covers/surface/unit-022/formula/inline/018,urn:uuid:92486b3a-ab2f-5e01-9591-97dde64dc3d9,covers,urn:uuid:c9766de6-0245-5279-8e73-c079eed0d444,chapter3.tex:513-722
urn:uuid:46a6c300-f246-5823-9965-391336e8969b,relation/unit/bab-3-kategori-diperkaya-dan-aditif/section/kategori-diperkaya-dan-aditif/covers/surface/unit-022/formula/inline/019,urn:uuid:92486b3a-ab2f-5e01-9591-97dde64dc3d9,covers,urn:uuid:9a3f7b5a-62d7-507d-a1d5-4c4199d099a7,chapter3.tex:513-722
urn:uuid:80ab8ba2-616d-53bb-a74e-d8e8c8534f97,relation/unit/bab-3-kategori-diperkaya-dan-aditif/section/kategori-diperkaya-dan-aditif/covers/surface/unit-022/formula/inline/020,urn:uuid:92486b3a-ab2f-5e01-9591-97dde64dc3d9,covers,urn:uuid:1a28c3cf-72e8-5139-b413-a9a8a90478f7,chapter3.tex:513-722
urn:uuid:4dde629a-2a0c-599a-9b29-9c923a8afc6e,relation/unit/bab-3-kategori-diperkaya-dan-aditif/section/kategori-diperkaya-dan-aditif/covers/surface/unit-022/formula/inline/021,urn:uuid:92486b3a-ab2f-5e01-9591-97dde64dc3d9,covers,urn:uuid:851e2945-70e1-54a3-8247-e7d72e89c6fb,chapter3.tex:513-722
urn:uuid:1470c1af-af8a-5783-ad5d-3613b6bf7b64,relation/unit/bab-3-kategori-diperkaya-dan-aditif/section/kategori-diperkaya-dan-aditif/covers/surface/unit-022/formula/inline/022,urn:uuid:92486b3a-ab2f-5e01-9591-97dde64dc3d9,covers,urn:uuid:3238bb04-2b94-5e2c-b005-46730eee9b85,chapter3.tex:513-722
urn:uuid:8a00755c-7c63-5c74-8ff2-636546a1ef0e,relation/unit/bab-3-kategori-diperkaya-dan-aditif/section/kategori-diperkaya-dan-aditif/covers/surface/unit-022/formula/inline/023,urn:uuid:92486b3a-ab2f-5e01-9591-97dde64dc3d9,covers,urn:uuid:82b494a1-3b4a-5ae2-a678-9eb1c4f8b54b,chapter3.tex:513-722
urn:uuid:ea962495-7ccb-5b93-bb42-61d27cf0d8e9,relation/unit/bab-3-kategori-diperkaya-dan-aditif/section/kategori-diperkaya-dan-aditif/covers/surface/unit-022/formula/inline/024,urn:uuid:92486b3a-ab2f-5e01-9591-97dde64dc3d9,covers,urn:uuid:5307b3d7-5bce-529e-88db-f99a250eb4cc,chapter3.tex:513-722
urn:uuid:28fe65e1-a82b-562d-bd7a-a20d28a96da2,relation/unit/bab-3-kategori-diperkaya-dan-aditif/section/kategori-diperkaya-dan-aditif/covers/surface/unit-022/formula/inline/025,urn:uuid:92486b3a-ab2f-5e01-9591-97dde64dc3d9,covers,urn:uuid:e3b0bae1-8140-590c-a153-7d67ff718fc0,chapter3.tex:513-722
urn:uuid:2b27d0b3-2e5c-587c-85af-f1bb14e3f0d7,relation/unit/bab-3-kategori-diperkaya-dan-aditif/section/kategori-diperkaya-dan-aditif/covers/surface/unit-022/formula/inline/026,urn:uuid:92486b3a-ab2f-5e01-9591-97dde64dc3d9,covers,urn:uuid:9e6f5af6-2ba2-55f5-905b-ed54cc77394a,chapter3.tex:513-722
urn:uuid:3b2df7d6-5958-58fd-8295-5420df7780f0,relation/unit/bab-3-kategori-diperkaya-dan-aditif/section/kategori-diperkaya-dan-aditif/covers/surface/unit-022/formula/inline/027,urn:uuid:92486b3a-ab2f-5e01-9591-97dde64dc3d9,covers,urn:uuid:6e2c3dc1-3600-59bb-93de-b8226d40d5ef,chapter3.tex:513-722
urn:uuid:76768597-e9e6-5a53-8a3c-d148ba5dc6d9,relation/unit/bab-3-kategori-diperkaya-dan-aditif/section/kategori-diperkaya-dan-aditif/covers/surface/unit-022/formula/inline/028,urn:uuid:92486b3a-ab2f-5e01-9591-97dde64dc3d9,covers,urn:uuid:8b941b57-85f7-59e3-961e-efcf9b9baa81,chapter3.tex:513-722
urn:uuid:50a3cd97-6a98-5b3c-94be-208ebe13ca39,relation/unit/bab-3-kategori-diperkaya-dan-aditif/section/kategori-diperkaya-dan-aditif/covers/surface/unit-022/formula/inline/029,urn:uuid:92486b3a-ab2f-5e01-9591-97dde64dc3d9,covers,urn:uuid:0f4e706b-738a-5d52-8fde-59620781d4ba,chapter3.tex:513-722
urn:uuid:78b3aea1-d2d1-5a36-af0f-941941a6b28a,relation/unit/bab-3-kategori-diperkaya-dan-aditif/section/kategori-diperkaya-dan-aditif/covers/surface/unit-022/formula/inline/030,urn:uuid:92486b3a-ab2f-5e01-9591-97dde64dc3d9,covers,urn:uuid:f973cb91-32a9-50c8-97a6-01e11f8d542e,chapter3.tex:513-722
urn:uuid:a5b0267a-1b92-5a0c-a69d-ef357ac941bd,relation/unit/bab-3-kategori-diperkaya-dan-aditif/section/kategori-diperkaya-dan-aditif/covers/surface/unit-022/formula/inline/031,urn:uuid:92486b3a-ab2f-5e01-9591-97dde64dc3d9,covers,urn:uuid:d9551770-17a5-53c0-afe5-7d81a32c03d5,chapter3.tex:513-722
urn:uuid:e477e4fe-59df-547c-8cd3-5cf528bc0ac8,relation/unit/bab-3-kategori-diperkaya-dan-aditif/section/kategori-diperkaya-dan-aditif/covers/surface/unit-022/formula/inline/032,urn:uuid:92486b3a-ab2f-5e01-9591-97dde64dc3d9,covers,urn:uuid:e79c56ff-78c5-5ac0-a194-944e35097a24,chapter3.tex:513-722
urn:uuid:bedefd1c-6141-5c57-bd5f-80e3f7722757,relation/unit/bab-3-kategori-diperkaya-dan-aditif/section/kategori-diperkaya-dan-aditif/covers/surface/unit-022/formula/inline/033,urn:uuid:92486b3a-ab2f-5e01-9591-97dde64dc3d9,covers,urn:uuid:da8c6e8a-7f3a-59e7-a142-e2fd601e7ba1,chapter3.tex:513-722
urn:uuid:58f888e4-ce36-5add-9f97-f0d4c1bf7623,relation/unit/bab-3-kategori-diperkaya-dan-aditif/section/kategori-diperkaya-dan-aditif/covers/surface/unit-022/formula/inline/034,urn:uuid:92486b3a-ab2f-5e01-9591-97dde64dc3d9,covers,urn:uuid:39e064bc-aa5e-5736-9526-1bc61f414962,chapter3.tex:513-722
urn:uuid:f008a257-e058-5926-a04e-18c2bbd2c887,relation/unit/bab-3-kategori-diperkaya-dan-aditif/section/kategori-diperkaya-dan-aditif/covers/surface/unit-022/formula/inline/035,urn:uuid:92486b3a-ab2f-5e01-9591-97dde64dc3d9,covers,urn:uuid:22e9a019-4dd5-5726-ba13-d743d8a11973,chapter3.tex:513-722
urn:uuid:3cf9e732-054a-5a5f-9fb3-632645e0fb9c,relation/unit/bab-3-kategori-diperkaya-dan-aditif/section/kategori-diperkaya-dan-aditif/covers/surface/unit-022/formula/inline/036,urn:uuid:92486b3a-ab2f-5e01-9591-97dde64dc3d9,covers,urn:uuid:68517c5b-c957-5ba9-a9e9-8f17a69352fa,chapter3.tex:513-722
urn:uuid:f8e0da46-4d87-51c6-8bc7-6f7f4b2377fb,relation/unit/bab-3-kategori-diperkaya-dan-aditif/section/kategori-diperkaya-dan-aditif/covers/surface/unit-022/formula/inline/037,urn:uuid:92486b3a-ab2f-5e01-9591-97dde64dc3d9,covers,urn:uuid:e5c6cfd4-1d74-5152-9598-507b804691cb,chapter3.tex:513-722
urn:uuid:3d8398d9-fd50-5ebe-b7c7-284058863622,relation/unit/bab-3-kategori-diperkaya-dan-aditif/section/kategori-diperkaya-dan-aditif/covers/surface/unit-022/formula/inline/038,urn:uuid:92486b3a-ab2f-5e01-9591-97dde64dc3d9,covers,urn:uuid:62aa7922-17e4-5a73-ba55-2d9dcb0cf9e4,chapter3.tex:513-722
urn:uuid:15797d80-9845-5efe-9f0b-2dc467fae05b,relation/unit/bab-3-kategori-diperkaya-dan-aditif/section/kategori-diperkaya-dan-aditif/covers/surface/unit-022/formula/inline/039,urn:uuid:92486b3a-ab2f-5e01-9591-97dde64dc3d9,covers,urn:uuid:c7572ed7-4f34-53e6-a51f-4346c030816a,chapter3.tex:513-722
urn:uuid:72840106-84fd-5d96-90e2-5863728ada38,relation/unit/bab-3-kategori-diperkaya-dan-aditif/section/kategori-diperkaya-dan-aditif/covers/surface/unit-022/formula/inline/040,urn:uuid:92486b3a-ab2f-5e01-9591-97dde64dc3d9,covers,urn:uuid:b5f13abc-5c34-5245-9df5-4e9ac3cb52be,chapter3.tex:513-722
urn:uuid:765ca370-35d3-57b1-a8c4-d507c70e8f3d,relation/unit/bab-3-kategori-diperkaya-dan-aditif/section/kategori-diperkaya-dan-aditif/covers/surface/unit-022/formula/inline/041,urn:uuid:92486b3a-ab2f-5e01-9591-97dde64dc3d9,covers,urn:uuid:93034176-7688-54f3-bb30-c727a0445c9c,chapter3.tex:513-722
urn:uuid:bfcf393a-a94b-5899-a764-65bb086f9182,relation/unit/bab-3-kategori-diperkaya-dan-aditif/section/kategori-diperkaya-dan-aditif/covers/surface/unit-022/formula/inline/042,urn:uuid:92486b3a-ab2f-5e01-9591-97dde64dc3d9,covers,urn:uuid:81df8193-5a78-5397-a13d-66c8a3101dfa,chapter3.tex:513-722
urn:uuid:199597af-18e1-518a-a9e9-14577cf9f937,relation/unit/bab-3-kategori-diperkaya-dan-aditif/section/kategori-diperkaya-dan-aditif/covers/surface/unit-022/formula/inline/043,urn:uuid:92486b3a-ab2f-5e01-9591-97dde64dc3d9,covers,urn:uuid:903d8759-8c35-5932-92ec-c7225bee3c03,chapter3.tex:513-722
urn:uuid:fb72e2d5-a4df-588c-9ff1-e76a0ffba099,relation/unit/bab-3-kategori-diperkaya-dan-aditif/section/kategori-diperkaya-dan-aditif/covers/surface/unit-022/formula/inline/044,urn:uuid:92486b3a-ab2f-5e01-9591-97dde64dc3d9,covers,urn:uuid:9382ff1c-2d6f-5421-a6e8-15736d6cf7aa,chapter3.tex:513-722
urn:uuid:f3fd3c92-5fd2-5c4d-a949-0c0b2abefdd3,relation/unit/bab-3-kategori-diperkaya-dan-aditif/section/kategori-diperkaya-dan-aditif/covers/surface/unit-022/formula/inline/045,urn:uuid:92486b3a-ab2f-5e01-9591-97dde64dc3d9,covers,urn:uuid:08d1e3fd-ff4a-5f83-ae7f-d3f77337cea7,chapter3.tex:513-722
urn:uuid:47939884-5094-5383-a236-805691e1f3db,relation/unit/bab-3-kategori-diperkaya-dan-aditif/section/kategori-diperkaya-dan-aditif/covers/surface/unit-022/formula/inline/046,urn:uuid:92486b3a-ab2f-5e01-9591-97dde64dc3d9,covers,urn:uuid:6d947f92-781d-5dcc-95f9-e6ba82737226,chapter3.tex:513-722
urn:uuid:156c63da-a1f2-58f2-87bc-1bb12c104562,relation/unit/bab-3-kategori-diperkaya-dan-aditif/section/kategori-diperkaya-dan-aditif/covers/surface/unit-022/formula/inline/047,urn:uuid:92486b3a-ab2f-5e01-9591-97dde64dc3d9,covers,urn:uuid:35644aa0-dd39-5d33-a8e3-0fe38b0ee43a,chapter3.tex:513-722
urn:uuid:f346bbc7-d421-5fdd-a167-d42bc550674a,relation/unit/bab-3-kategori-diperkaya-dan-aditif/section/kategori-diperkaya-dan-aditif/covers/surface/unit-022/formula/inline/048,urn:uuid:92486b3a-ab2f-5e01-9591-97dde64dc3d9,covers,urn:uuid:7dd87996-be2b-59dc-8c40-8a0f1cd134cf,chapter3.tex:513-722
urn:uuid:5270ae1d-ed85-5586-93df-0dd6604a7af3,relation/unit/bab-3-kategori-diperkaya-dan-aditif/section/kategori-diperkaya-dan-aditif/covers/surface/unit-022/formula/inline/049,urn:uuid:92486b3a-ab2f-5e01-9591-97dde64dc3d9,covers,urn:uuid:22772f8f-9c68-5e5b-b3f4-1390e88f8743,chapter3.tex:513-722
urn:uuid:e5034041-2ed5-5032-bd19-17448dae1211,relation/unit/bab-3-kategori-diperkaya-dan-aditif/section/kategori-diperkaya-dan-aditif/covers/surface/unit-022/formula/inline/050,urn:uuid:92486b3a-ab2f-5e01-9591-97dde64dc3d9,covers,urn:uuid:4c9ba0ba-1bd6-5f4f-9f3e-52012912c420,chapter3.tex:513-722
urn:uuid:7fe390c3-6e7c-5ca6-9854-4cf3454f5287,relation/unit/bab-3-kategori-diperkaya-dan-aditif/section/kategori-diperkaya-dan-aditif/covers/surface/unit-022/formula/inline/051,urn:uuid:92486b3a-ab2f-5e01-9591-97dde64dc3d9,covers,urn:uuid:2f5a2d64-5dd8-516b-8c8e-9741e7ba752b,chapter3.tex:513-722
urn:uuid:b76ab12c-2bf4-5bbc-8134-b1141d2eff09,relation/unit/bab-3-kategori-diperkaya-dan-aditif/section/kategori-diperkaya-dan-aditif/covers/surface/unit-022/formula/inline/052,urn:uuid:92486b3a-ab2f-5e01-9591-97dde64dc3d9,covers,urn:uuid:baef47e6-6076-5268-9d62-a25903b6185d,chapter3.tex:513-722
urn:uuid:eaa48086-da24-549c-b492-c94290b4f54b,relation/unit/bab-3-kategori-diperkaya-dan-aditif/section/kategori-diperkaya-dan-aditif/covers/surface/unit-022/formula/inline/053,urn:uuid:92486b3a-ab2f-5e01-9591-97dde64dc3d9,covers,urn:uuid:691ad878-05a6-5419-a2c5-0a9d1409d839,chapter3.tex:513-722
urn:uuid:df78369b-1a6c-5bc1-8267-ff1e99741b69,relation/unit/bab-3-kategori-diperkaya-dan-aditif/section/kategori-diperkaya-dan-aditif/covers/surface/unit-022/formula/inline/054,urn:uuid:92486b3a-ab2f-5e01-9591-97dde64dc3d9,covers,urn:uuid:1255c682-b11c-5767-ae38-5be2a7be6713,chapter3.tex:513-722
urn:uuid:5acb1e06-0fcf-5506-a652-2b7afa4b9ac0,relation/unit/bab-3-kategori-diperkaya-dan-aditif/section/kategori-diperkaya-dan-aditif/covers/surface/unit-022/formula/inline/055,urn:uuid:92486b3a-ab2f-5e01-9591-97dde64dc3d9,covers,urn:uuid:4cfca425-3a69-5833-a63d-30cce9889022,chapter3.tex:513-722
urn:uuid:10d2cb0e-8b4f-579e-a54f-db617b0746f1,relation/unit/bab-3-kategori-diperkaya-dan-aditif/section/kategori-diperkaya-dan-aditif/covers/surface/unit-022/formula/inline/056,urn:uuid:92486b3a-ab2f-5e01-9591-97dde64dc3d9,covers,urn:uuid:92874998-4e70-5704-8865-999face015ff,chapter3.tex:513-722
urn:uuid:c26614d2-cd33-57ef-a2f5-46654f00d27a,relation/unit/bab-3-kategori-diperkaya-dan-aditif/section/kategori-diperkaya-dan-aditif/covers/surface/unit-022/formula/inline/057,urn:uuid:92486b3a-ab2f-5e01-9591-97dde64dc3d9,covers,urn:uuid:cb63ebc3-7d22-5059-a31b-34975d42599a,chapter3.tex:513-722
urn:uuid:a4f46285-f818-541d-b82d-143dfa8dc241,relation/unit/bab-3-kategori-diperkaya-dan-aditif/section/kategori-diperkaya-dan-aditif/covers/surface/unit-022/formula/inline/058,urn:uuid:92486b3a-ab2f-5e01-9591-97dde64dc3d9,covers,urn:uuid:a14bd623-f295-5625-bbe5-8e811cee8d07,chapter3.tex:513-722
urn:uuid:1a517c11-b090-5ba8-8581-901b71eb0bf3,relation/unit/bab-3-kategori-diperkaya-dan-aditif/section/kategori-diperkaya-dan-aditif/covers/surface/unit-022/formula/inline/059,urn:uuid:92486b3a-ab2f-5e01-9591-97dde64dc3d9,covers,urn:uuid:e86ad4e8-87de-52a7-8428-029534d91ef2,chapter3.tex:513-722
urn:uuid:299adf94-7435-5905-ab3e-b291313a87f0,relation/unit/bab-3-kategori-diperkaya-dan-aditif/section/kategori-diperkaya-dan-aditif/covers/surface/unit-022/formula/inline/060,urn:uuid:92486b3a-ab2f-5e01-9591-97dde64dc3d9,covers,urn:uuid:acc49575-8dec-58f6-9f2f-90672735e581,chapter3.tex:513-722
urn:uuid:3cfb3447-7620-598d-b77e-dac880b6f05a,relation/unit/bab-3-kategori-diperkaya-dan-aditif/section/kategori-diperkaya-dan-aditif/covers/surface/unit-022/formula/inline/061,urn:uuid:92486b3a-ab2f-5e01-9591-97dde64dc3d9,covers,urn:uuid:945f0e76-4cb6-5b62-90cf-6e9cad361061,chapter3.tex:513-722
urn:uuid:770b169f-0226-5e4a-aba3-ebfda22a5f06,relation/unit/bab-3-kategori-diperkaya-dan-aditif/section/kategori-diperkaya-dan-aditif/covers/surface/unit-022/formula/inline/062,urn:uuid:92486b3a-ab2f-5e01-9591-97dde64dc3d9,covers,urn:uuid:c2792dca-10a4-5c03-af98-e05809ac02ca,chapter3.tex:513-722
urn:uuid:53f6c5a4-d5c8-59b6-9026-28d86835fcd5,relation/unit/bab-3-kategori-diperkaya-dan-aditif/section/kategori-diperkaya-dan-aditif/covers/surface/unit-022/formula/inline/063,urn:uuid:92486b3a-ab2f-5e01-9591-97dde64dc3d9,covers,urn:uuid:2296a6c1-ff5f-5c5b-9af9-d79b501be642,chapter3.tex:513-722
urn:uuid:e74c6043-4b90-55ca-93a5-46ddae1b7c11,relation/unit/bab-3-kategori-diperkaya-dan-aditif/section/kategori-diperkaya-dan-aditif/covers/surface/unit-022/formula/inline/064,urn:uuid:92486b3a-ab2f-5e01-9591-97dde64dc3d9,covers,urn:uuid:6b3b1182-254b-52d3-aaef-28b742bb5970,chapter3.tex:513-722
urn:uuid:b18e0319-940d-59a5-86d2-61e4b0775efb,relation/unit/bab-3-kategori-diperkaya-dan-aditif/section/kategori-diperkaya-dan-aditif/covers/surface/unit-022/formula/inline/065,urn:uuid:92486b3a-ab2f-5e01-9591-97dde64dc3d9,covers,urn:uuid:3e9a3141-5c6a-553d-b7eb-7cdfc691bdb9,chapter3.tex:513-722
urn:uuid:09c60947-ef10-5678-b3c4-1939eb730583,relation/unit/bab-3-kategori-diperkaya-dan-aditif/section/kategori-diperkaya-dan-aditif/covers/surface/unit-022/formula/inline/066,urn:uuid:92486b3a-ab2f-5e01-9591-97dde64dc3d9,covers,urn:uuid:a124f3ad-1bcb-5f4b-b7d4-c92ccc1ab6a0,chapter3.tex:513-722
urn:uuid:812c2568-e20a-545a-9bb7-770342d657cf,relation/unit/bab-3-kategori-diperkaya-dan-aditif/section/kategori-diperkaya-dan-aditif/covers/surface/unit-022/formula/inline/067,urn:uuid:92486b3a-ab2f-5e01-9591-97dde64dc3d9,covers,urn:uuid:d45a18e9-26c5-5cc9-99b7-51f1b594b752,chapter3.tex:513-722
urn:uuid:f4d10995-9f7a-5cf2-9da6-94f1335a82ff,relation/unit/bab-3-kategori-diperkaya-dan-aditif/section/kategori-diperkaya-dan-aditif/covers/surface/unit-022/formula/inline/068,urn:uuid:92486b3a-ab2f-5e01-9591-97dde64dc3d9,covers,urn:uuid:fe282e22-2377-55bc-9f7d-dc85c954607a,chapter3.tex:513-722
urn:uuid:859e461e-4707-56ea-a0ba-9531149027b0,relation/unit/bab-3-kategori-diperkaya-dan-aditif/section/kategori-diperkaya-dan-aditif/covers/surface/unit-022/formula/inline/069,urn:uuid:92486b3a-ab2f-5e01-9591-97dde64dc3d9,covers,urn:uuid:0b89c8d3-ae5a-53a1-9a9d-9d6e2c85ce67,chapter3.tex:513-722
urn:uuid:a627e80c-89d1-5a8e-be15-17f1e7d53f46,relation/unit/bab-3-kategori-diperkaya-dan-aditif/section/kategori-diperkaya-dan-aditif/covers/surface/unit-022/formula/inline/070,urn:uuid:92486b3a-ab2f-5e01-9591-97dde64dc3d9,covers,urn:uuid:3b343bb0-60e5-5fce-a4cd-15a67f36d129,chapter3.tex:513-722
urn:uuid:2f51ac75-6460-5a8c-8e56-44a7a9710a32,relation/unit/bab-3-kategori-diperkaya-dan-aditif/section/kategori-diperkaya-dan-aditif/covers/surface/unit-022/formula/inline/071,urn:uuid:92486b3a-ab2f-5e01-9591-97dde64dc3d9,covers,urn:uuid:5e80e4cf-0f17-5826-b248-994953ecf5ff,chapter3.tex:513-722
urn:uuid:fe6b3bbe-d613-574e-bb90-ff742a14c628,relation/unit/bab-3-kategori-diperkaya-dan-aditif/section/kategori-diperkaya-dan-aditif/covers/surface/unit-022/formula/inline/072,urn:uuid:92486b3a-ab2f-5e01-9591-97dde64dc3d9,covers,urn:uuid:91ade145-639c-5624-b730-1a3af9613102,chapter3.tex:513-722
urn:uuid:a81db9ad-f3b2-58d9-b4a3-a8dafa9cb74d,relation/unit/bab-3-kategori-diperkaya-dan-aditif/section/kategori-diperkaya-dan-aditif/covers/surface/unit-022/formula/inline/073,urn:uuid:92486b3a-ab2f-5e01-9591-97dde64dc3d9,covers,urn:uuid:836b1c00-daa6-5f31-9748-e28aa2d15d2c,chapter3.tex:513-722
urn:uuid:bf324441-a5d0-57f1-86c3-ef328a4c7ac0,relation/unit/bab-3-kategori-diperkaya-dan-aditif/section/kategori-diperkaya-dan-aditif/covers/surface/unit-022/formula/inline/074,urn:uuid:92486b3a-ab2f-5e01-9591-97dde64dc3d9,covers,urn:uuid:37995360-b573-5642-86ff-befcaccb48f3,chapter3.tex:513-722
urn:uuid:3458daca-dd03-5605-bc04-3167c3d366c7,relation/unit/bab-3-kategori-diperkaya-dan-aditif/section/kategori-diperkaya-dan-aditif/covers/surface/unit-022/formula/inline/075,urn:uuid:92486b3a-ab2f-5e01-9591-97dde64dc3d9,covers,urn:uuid:0e09f97d-848d-54f1-9a5e-51fffdd2c2c9,chapter3.tex:513-722
urn:uuid:08c92de8-e731-5e36-ac4e-056feb745b6f,relation/unit/bab-3-kategori-diperkaya-dan-aditif/section/kategori-diperkaya-dan-aditif/covers/surface/unit-022/formula/inline/076,urn:uuid:92486b3a-ab2f-5e01-9591-97dde64dc3d9,covers,urn:uuid:77b02af5-fe89-5a25-b17d-d7fa0bdd2dd0,chapter3.tex:513-722
urn:uuid:c7071430-e019-5e4f-846e-516af1dfabd1,relation/unit/bab-3-kategori-diperkaya-dan-aditif/section/kategori-diperkaya-dan-aditif/covers/surface/unit-022/formula/inline/077,urn:uuid:92486b3a-ab2f-5e01-9591-97dde64dc3d9,covers,urn:uuid:58d2bb65-8410-5773-a7d6-03c2bc0f97ca,chapter3.tex:513-722
urn:uuid:47bf8390-0afc-5855-b970-575dcf107e2a,relation/unit/bab-3-kategori-diperkaya-dan-aditif/section/kategori-diperkaya-dan-aditif/covers/surface/unit-022/formula/inline/078,urn:uuid:92486b3a-ab2f-5e01-9591-97dde64dc3d9,covers,urn:uuid:dbee25f0-fbe0-5454-9ef0-65d979b36404,chapter3.tex:513-722
urn:uuid:e47df29a-e9f4-5f69-aae1-2c2e2ada3493,relation/unit/bab-3-kategori-diperkaya-dan-aditif/section/kategori-diperkaya-dan-aditif/covers/surface/unit-022/formula/inline/079,urn:uuid:92486b3a-ab2f-5e01-9591-97dde64dc3d9,covers,urn:uuid:c15c3e11-bb3e-5ad5-8f1d-ddee612ecb82,chapter3.tex:513-722
urn:uuid:61dcdd72-c74f-53ce-96b0-9f7cbba045bc,relation/unit/bab-3-kategori-diperkaya-dan-aditif/section/kategori-diperkaya-dan-aditif/covers/surface/unit-022/formula/inline/080,urn:uuid:92486b3a-ab2f-5e01-9591-97dde64dc3d9,covers,urn:uuid:c245257d-7526-506f-97cb-c5c9fb3bcc07,chapter3.tex:513-722
urn:uuid:2fb8db69-9286-536e-a7c9-0de860b99e5f,relation/unit/bab-3-kategori-diperkaya-dan-aditif/section/kategori-diperkaya-dan-aditif/covers/surface/unit-022/formula/inline/081,urn:uuid:92486b3a-ab2f-5e01-9591-97dde64dc3d9,covers,urn:uuid:c6825493-b568-5dc4-aff4-8a05e8f6d3a0,chapter3.tex:513-722
urn:uuid:64d20632-d4bd-54f2-800e-cba8a1ea5547,relation/unit/bab-3-kategori-diperkaya-dan-aditif/section/kategori-diperkaya-dan-aditif/covers/surface/unit-022/formula/inline/082,urn:uuid:92486b3a-ab2f-5e01-9591-97dde64dc3d9,covers,urn:uuid:11cdae87-fedc-5be8-974b-e46fdf8247bd,chapter3.tex:513-722
urn:uuid:244328f1-8877-5764-8faa-eac67df1a097,relation/unit/bab-3-kategori-diperkaya-dan-aditif/section/kategori-diperkaya-dan-aditif/covers/surface/unit-022/formula/inline/083,urn:uuid:92486b3a-ab2f-5e01-9591-97dde64dc3d9,covers,urn:uuid:f8fbb71c-7a26-5020-8326-8bf81adcad39,chapter3.tex:513-722
urn:uuid:fbb3979d-cfef-57f8-a63f-4dbcf078b2c5,relation/unit/bab-3-kategori-diperkaya-dan-aditif/section/kategori-diperkaya-dan-aditif/covers/surface/unit-022/formula/inline/084,urn:uuid:92486b3a-ab2f-5e01-9591-97dde64dc3d9,covers,urn:uuid:dd812ee6-6f1e-56a0-90bd-62844908b640,chapter3.tex:513-722
urn:uuid:af628f98-c881-50ab-a169-bb3a743151c5,relation/unit/bab-3-kategori-diperkaya-dan-aditif/section/kategori-diperkaya-dan-aditif/covers/surface/unit-022/formula/inline/085,urn:uuid:92486b3a-ab2f-5e01-9591-97dde64dc3d9,covers,urn:uuid:faebb378-9d67-5f01-8248-dadae1ddc92c,chapter3.tex:513-722
urn:uuid:65199807-f31a-5e58-9fb4-709025e2a297,relation/unit/bab-3-kategori-diperkaya-dan-aditif/section/kategori-diperkaya-dan-aditif/covers/surface/unit-022/formula/inline/086,urn:uuid:92486b3a-ab2f-5e01-9591-97dde64dc3d9,covers,urn:uuid:45edd0b5-391a-5653-8a1b-46138a650f44,chapter3.tex:513-722
urn:uuid:f2d9a7da-f21c-5889-a7b9-7ac5edbe2f4f,relation/unit/bab-3-kategori-diperkaya-dan-aditif/section/kategori-diperkaya-dan-aditif/covers/surface/unit-022/formula/inline/087,urn:uuid:92486b3a-ab2f-5e01-9591-97dde64dc3d9,covers,urn:uuid:50d18190-c960-5577-b5c5-c995097b8f14,chapter3.tex:513-722
urn:uuid:cee67005-b96c-52cc-b01b-b4efe59471cb,relation/unit/bab-3-kategori-diperkaya-dan-aditif/section/kategori-diperkaya-dan-aditif/covers/surface/unit-022/formula/inline/088,urn:uuid:92486b3a-ab2f-5e01-9591-97dde64dc3d9,covers,urn:uuid:3bff9329-e3c8-5675-aaeb-4dbb0124ee15,chapter3.tex:513-722
urn:uuid:5eae101f-b38a-59fd-a927-9e6b0c07c671,relation/unit/bab-3-kategori-diperkaya-dan-aditif/section/kategori-diperkaya-dan-aditif/covers/surface/unit-022/formula/inline/089,urn:uuid:92486b3a-ab2f-5e01-9591-97dde64dc3d9,covers,urn:uuid:c1ca524e-985c-5b4e-be1c-a632d0c19364,chapter3.tex:513-722
urn:uuid:9d516b01-9534-5b5a-8b8d-d9400bf0fa73,relation/unit/bab-3-kategori-diperkaya-dan-aditif/section/kategori-diperkaya-dan-aditif/covers/surface/unit-022/formula/inline/090,urn:uuid:92486b3a-ab2f-5e01-9591-97dde64dc3d9,covers,urn:uuid:1668f03a-c411-510c-bbf2-9da78ac1a7ad,chapter3.tex:513-722
urn:uuid:a9a91493-9413-599a-aa6b-8f82df2dab9c,relation/unit/bab-3-kategori-diperkaya-dan-aditif/section/kategori-diperkaya-dan-aditif/covers/surface/unit-022/formula/inline/091,urn:uuid:92486b3a-ab2f-5e01-9591-97dde64dc3d9,covers,urn:uuid:793285f8-cf0f-55ce-99ff-fa12a0cbb1e6,chapter3.tex:513-722
urn:uuid:d100fdfa-5128-56e6-818f-9db227a6965c,relation/unit/bab-3-kategori-diperkaya-dan-aditif/section/kategori-diperkaya-dan-aditif/covers/surface/unit-022/formula/inline/092,urn:uuid:92486b3a-ab2f-5e01-9591-97dde64dc3d9,covers,urn:uuid:70c20fb2-0ced-551c-bb2c-6b5da0d9eaff,chapter3.tex:513-722
urn:uuid:118a633f-0b68-53ca-a35e-54848e966e14,relation/unit/bab-3-kategori-diperkaya-dan-aditif/section/kategori-diperkaya-dan-aditif/covers/surface/unit-022/formula/inline/093,urn:uuid:92486b3a-ab2f-5e01-9591-97dde64dc3d9,covers,urn:uuid:0304f883-b82e-5590-92e0-d5eb6695ebba,chapter3.tex:513-722
urn:uuid:920a4243-0dca-5f09-b950-3210819460e3,relation/unit/bab-3-kategori-diperkaya-dan-aditif/section/kategori-diperkaya-dan-aditif/covers/surface/unit-022/formula/inline/094,urn:uuid:92486b3a-ab2f-5e01-9591-97dde64dc3d9,covers,urn:uuid:93ff61ae-f409-5dbb-b29a-4db84ee6b1b5,chapter3.tex:513-722
urn:uuid:24ee96ac-26b1-5f96-8c77-0828fbc2edc0,relation/unit/bab-3-kategori-diperkaya-dan-aditif/section/kategori-diperkaya-dan-aditif/covers/surface/unit-022/formula/inline/095,urn:uuid:92486b3a-ab2f-5e01-9591-97dde64dc3d9,covers,urn:uuid:b7efaa81-2038-536c-9fe0-3a9a2d4e2f79,chapter3.tex:513-722
urn:uuid:8c14e970-c860-50fa-88a8-7f56c935410e,relation/unit/bab-3-kategori-diperkaya-dan-aditif/section/kategori-diperkaya-dan-aditif/covers/surface/unit-022/formula/inline/096,urn:uuid:92486b3a-ab2f-5e01-9591-97dde64dc3d9,covers,urn:uuid:51ea3e2b-fabc-5096-92f2-76fdae9a98bf,chapter3.tex:513-722
urn:uuid:347b11ea-e751-5373-85a6-5fff0c364609,relation/unit/bab-3-kategori-diperkaya-dan-aditif/section/kategori-diperkaya-dan-aditif/covers/surface/unit-022/formula/inline/097,urn:uuid:92486b3a-ab2f-5e01-9591-97dde64dc3d9,covers,urn:uuid:0de9fb47-084d-5318-a639-13666d96b905,chapter3.tex:513-722
urn:uuid:9e01a91c-60e6-5b63-a3c4-70921456f5d3,relation/unit/bab-3-kategori-diperkaya-dan-aditif/section/kategori-diperkaya-dan-aditif/covers/surface/unit-022/formula/inline/098,urn:uuid:92486b3a-ab2f-5e01-9591-97dde64dc3d9,covers,urn:uuid:f892d209-6d38-51e1-b817-c8dc9de539db,chapter3.tex:513-722
urn:uuid:17aefb73-e304-589a-9181-0ef0beb1c041,relation/unit/bab-3-kategori-diperkaya-dan-aditif/section/kategori-diperkaya-dan-aditif/covers/surface/unit-022/formula/inline/099,urn:uuid:92486b3a-ab2f-5e01-9591-97dde64dc3d9,covers,urn:uuid:23401a22-de4d-5430-8c5b-afd1266b8352,chapter3.tex:513-722
urn:uuid:23c6895d-5ac6-5ba5-83f9-596559f93545,relation/unit/bab-3-kategori-diperkaya-dan-aditif/section/kategori-diperkaya-dan-aditif/covers/surface/unit-022/formula/inline/100,urn:uuid:92486b3a-ab2f-5e01-9591-97dde64dc3d9,covers,urn:uuid:ea8de196-c01e-5e82-8ab4-6e0e2b54995a,chapter3.tex:513-722
urn:uuid:f63e794d-8603-5dfc-b6ef-075d97fc74fa,relation/unit/bab-3-kategori-diperkaya-dan-aditif/section/kategori-diperkaya-dan-aditif/covers/surface/unit-022/formula/inline/101,urn:uuid:92486b3a-ab2f-5e01-9591-97dde64dc3d9,covers,urn:uuid:fb7a82ec-5809-5aef-ba48-2dea03794c0b,chapter3.tex:513-722
urn:uuid:3ac3b899-2886-5dfc-93e0-ad0939e3bdde,relation/unit/bab-3-kategori-diperkaya-dan-aditif/section/kategori-diperkaya-dan-aditif/covers/surface/unit-022/formula/inline/102,urn:uuid:92486b3a-ab2f-5e01-9591-97dde64dc3d9,covers,urn:uuid:8e5c1f9c-fb60-5c48-b12a-aff764273521,chapter3.tex:513-722
urn:uuid:a027b99b-4ca0-5af5-8d81-496f3e4253d4,relation/unit/bab-3-kategori-diperkaya-dan-aditif/section/kategori-diperkaya-dan-aditif/covers/surface/unit-022/formula/inline/103,urn:uuid:92486b3a-ab2f-5e01-9591-97dde64dc3d9,covers,urn:uuid:32abe8ca-1354-5cff-af8a-f2b0302edccc,chapter3.tex:513-722
urn:uuid:855f1d36-7bc1-54c7-a012-d76612e39e1d,relation/unit/bab-3-kategori-diperkaya-dan-aditif/section/kategori-diperkaya-dan-aditif/covers/surface/unit-022/formula/inline/104,urn:uuid:92486b3a-ab2f-5e01-9591-97dde64dc3d9,covers,urn:uuid:fe04e1b2-5567-5e61-83bd-8de515aa76b7,chapter3.tex:513-722
urn:uuid:f9ed47a6-3202-5e18-ba3a-1c23fad5da23,relation/unit/bab-3-kategori-diperkaya-dan-aditif/section/kategori-diperkaya-dan-aditif/covers/surface/unit-022/formula/inline/105,urn:uuid:92486b3a-ab2f-5e01-9591-97dde64dc3d9,covers,urn:uuid:32865950-3cc9-59b4-8583-d415f8c953f5,chapter3.tex:513-722
urn:uuid:af69139f-4bb5-54e7-aeaa-261e9d90e59d,relation/unit/bab-3-kategori-diperkaya-dan-aditif/section/kategori-diperkaya-dan-aditif/covers/surface/unit-022/formula/inline/106,urn:uuid:92486b3a-ab2f-5e01-9591-97dde64dc3d9,covers,urn:uuid:f6a7ec31-9aa0-5924-ab7b-281df16b315b,chapter3.tex:513-722
urn:uuid:c6c6c14a-7eb5-5002-9537-9174fa0cc980,relation/unit/bab-3-kategori-diperkaya-dan-aditif/section/kategori-diperkaya-dan-aditif/covers/surface/unit-022/formula/inline/107,urn:uuid:92486b3a-ab2f-5e01-9591-97dde64dc3d9,covers,urn:uuid:633fc0d7-0b75-5faa-a167-523d9791e050,chapter3.tex:513-722
urn:uuid:ec4be370-47a4-5cb8-a76f-6139f6dd7e9a,relation/unit/bab-3-kategori-diperkaya-dan-aditif/section/kategori-diperkaya-dan-aditif/covers/surface/unit-022/formula/inline/108,urn:uuid:92486b3a-ab2f-5e01-9591-97dde64dc3d9,covers,urn:uuid:28840aed-a5f3-55a7-9434-4217a546ad73,chapter3.tex:513-722
urn:uuid:e0fbd4ba-4aa9-59c3-8504-3b625ddcf870,relation/unit/bab-3-kategori-diperkaya-dan-aditif/section/kategori-diperkaya-dan-aditif/covers/surface/unit-022/formula/inline/109,urn:uuid:92486b3a-ab2f-5e01-9591-97dde64dc3d9,covers,urn:uuid:9d194e69-1217-57ca-863e-e20ce1f428de,chapter3.tex:513-722
urn:uuid:6b2a3880-f126-5f9f-a900-0b7f73d9d374,relation/unit/bab-3-kategori-diperkaya-dan-aditif/section/kategori-diperkaya-dan-aditif/covers/surface/unit-022/formula/inline/110,urn:uuid:92486b3a-ab2f-5e01-9591-97dde64dc3d9,covers,urn:uuid:70e95639-3a45-5748-9070-0f2667fe413f,chapter3.tex:513-722
urn:uuid:8fdce639-42ab-54d6-8334-39a38dec5c49,relation/unit/bab-3-kategori-diperkaya-dan-aditif/section/kategori-diperkaya-dan-aditif/covers/surface/unit-022/formula/inline/111,urn:uuid:92486b3a-ab2f-5e01-9591-97dde64dc3d9,covers,urn:uuid:cf99381f-5e47-5c30-9a25-8d56858db383,chapter3.tex:513-722
urn:uuid:2b040f3e-001a-5f18-bb4c-02320c8b0b61,relation/unit/bab-3-kategori-diperkaya-dan-aditif/section/kategori-diperkaya-dan-aditif/covers/surface/unit-022/formula/inline/112,urn:uuid:92486b3a-ab2f-5e01-9591-97dde64dc3d9,covers,urn:uuid:f5309ef7-150b-51c5-89ea-8c677647e745,chapter3.tex:513-722
urn:uuid:ab69b813-c113-505e-bbbb-b90a048a39ad,relation/unit/bab-3-kategori-diperkaya-dan-aditif/section/kategori-diperkaya-dan-aditif/covers/surface/unit-022/formula/inline/113,urn:uuid:92486b3a-ab2f-5e01-9591-97dde64dc3d9,covers,urn:uuid:fb81c9d2-d2e7-5821-bbb9-661589da9b09,chapter3.tex:513-722
urn:uuid:63d1de1b-64d5-5e79-a393-d324c405d2f7,relation/unit/bab-3-kategori-diperkaya-dan-aditif/section/kategori-diperkaya-dan-aditif/covers/surface/unit-022/formula/inline/114,urn:uuid:92486b3a-ab2f-5e01-9591-97dde64dc3d9,covers,urn:uuid:7326fc91-ba0d-52a8-922e-91b66e86b949,chapter3.tex:513-722
urn:uuid:1d45808c-8b11-547d-9bea-1029f83cbfc5,relation/unit/bab-3-kategori-diperkaya-dan-aditif/section/kategori-diperkaya-dan-aditif/covers/surface/unit-022/formula/inline/115,urn:uuid:92486b3a-ab2f-5e01-9591-97dde64dc3d9,covers,urn:uuid:d197424b-11c9-5e55-9525-e92a86cfafd9,chapter3.tex:513-722
urn:uuid:fff6ff90-e869-52c6-a32a-ec801c606df2,relation/unit/bab-3-kategori-diperkaya-dan-aditif/section/kategori-diperkaya-dan-aditif/covers/surface/unit-022/formula/inline/116,urn:uuid:92486b3a-ab2f-5e01-9591-97dde64dc3d9,covers,urn:uuid:2ddcac44-92a3-5ce0-a96f-f085c15cf133,chapter3.tex:513-722
urn:uuid:9e2fb73c-ade7-53a4-8832-8f6c0cef32f1,relation/unit/bab-3-kategori-diperkaya-dan-aditif/section/kategori-diperkaya-dan-aditif/covers/surface/unit-022/formula/inline/117,urn:uuid:92486b3a-ab2f-5e01-9591-97dde64dc3d9,covers,urn:uuid:b6e1483f-e628-5a34-b718-71196b3ea721,chapter3.tex:513-722
urn:uuid:f1256404-319a-5313-a391-7c2d415e3a62,relation/unit/bab-3-kategori-diperkaya-dan-aditif/section/kategori-diperkaya-dan-aditif/covers/surface/unit-022/formula/inline/118,urn:uuid:92486b3a-ab2f-5e01-9591-97dde64dc3d9,covers,urn:uuid:c5523174-a22e-5f96-ba7a-3e9641dedf74,chapter3.tex:513-722
urn:uuid:9e2a1b7e-2252-5b42-877a-bc1be3714029,relation/unit/bab-3-kategori-diperkaya-dan-aditif/section/kategori-diperkaya-dan-aditif/covers/surface/unit-022/formula/inline/119,urn:uuid:92486b3a-ab2f-5e01-9591-97dde64dc3d9,covers,urn:uuid:c40b75a7-8a83-57f3-89a1-3766d9b25b24,chapter3.tex:513-722
urn:uuid:b2608ca1-2186-5629-855c-2dfb473bfa2d,relation/unit/bab-3-kategori-diperkaya-dan-aditif/section/kategori-diperkaya-dan-aditif/covers/surface/unit-022/formula/inline/120,urn:uuid:92486b3a-ab2f-5e01-9591-97dde64dc3d9,covers,urn:uuid:6fe2760e-8506-5bdd-80be-38c047510a6f,chapter3.tex:513-722
urn:uuid:6bcf83d2-dbef-53ec-950a-3bde8059f430,relation/unit/bab-3-kategori-diperkaya-dan-aditif/section/kategori-diperkaya-dan-aditif/covers/surface/unit-022/formula/inline/121,urn:uuid:92486b3a-ab2f-5e01-9591-97dde64dc3d9,covers,urn:uuid:bb96db72-0b60-5d47-9d89-44aa08abc8ca,chapter3.tex:513-722
urn:uuid:a3e743bd-5039-5c3f-b5fa-c0f26dc09196,relation/unit/bab-3-kategori-diperkaya-dan-aditif/section/kategori-diperkaya-dan-aditif/covers/surface/unit-022/formula/inline/122,urn:uuid:92486b3a-ab2f-5e01-9591-97dde64dc3d9,covers,urn:uuid:b36ee251-4862-582d-a947-2bdc5c3d0823,chapter3.tex:513-722
urn:uuid:8ae8df24-0380-5f18-afb7-3643b3acb513,relation/unit/bab-3-kategori-diperkaya-dan-aditif/section/kategori-diperkaya-dan-aditif/covers/surface/unit-022/formula/inline/123,urn:uuid:92486b3a-ab2f-5e01-9591-97dde64dc3d9,covers,urn:uuid:c0fd5423-dd7a-580e-8fbe-bed3a16a02a4,chapter3.tex:513-722
urn:uuid:d1664ac1-9dcc-51d1-a2c0-bed347e48b1c,relation/unit/bab-3-kategori-diperkaya-dan-aditif/section/kategori-diperkaya-dan-aditif/covers/surface/unit-022/formula/inline/124,urn:uuid:92486b3a-ab2f-5e01-9591-97dde64dc3d9,covers,urn:uuid:046d4f16-e90e-540f-a2c7-405f510943b7,chapter3.tex:513-722
urn:uuid:927b2123-6a1d-5aeb-afc1-040edb3f9408,relation/unit/bab-3-kategori-diperkaya-dan-aditif/section/kategori-diperkaya-dan-aditif/covers/surface/unit-022/formula/inline/125,urn:uuid:92486b3a-ab2f-5e01-9591-97dde64dc3d9,covers,urn:uuid:441a5569-e5ad-5312-b652-731a7e03a52c,chapter3.tex:513-722
urn:uuid:1773d720-85da-5d2a-846d-4e7586c63ce1,relation/unit/bab-3-kategori-diperkaya-dan-aditif/section/kategori-diperkaya-dan-aditif/covers/surface/unit-022/formula/inline/126,urn:uuid:92486b3a-ab2f-5e01-9591-97dde64dc3d9,covers,urn:uuid:5f432b9f-c162-53e4-a1ea-8acb48052e36,chapter3.tex:513-722
urn:uuid:beb75744-7387-51d6-b94e-dd514d63257a,relation/unit/bab-3-kategori-diperkaya-dan-aditif/section/kategori-diperkaya-dan-aditif/covers/surface/unit-022/formula/inline/127,urn:uuid:92486b3a-ab2f-5e01-9591-97dde64dc3d9,covers,urn:uuid:7445b66d-1076-5d50-858e-e93ffac4ca57,chapter3.tex:513-722
urn:uuid:4a050978-8941-5d6d-9999-79f15b3fe866,relation/unit/bab-3-kategori-diperkaya-dan-aditif/section/kategori-diperkaya-dan-aditif/covers/surface/unit-022/formula/inline/128,urn:uuid:92486b3a-ab2f-5e01-9591-97dde64dc3d9,covers,urn:uuid:ee46d3de-475e-5694-82df-5460e1a671b3,chapter3.tex:513-722
urn:uuid:5bfd0bef-02ff-5877-8ebc-2797ec17d494,relation/unit/bab-3-kategori-diperkaya-dan-aditif/section/kategori-diperkaya-dan-aditif/covers/surface/unit-022/formula/inline/129,urn:uuid:92486b3a-ab2f-5e01-9591-97dde64dc3d9,covers,urn:uuid:36f12648-244d-5d78-b9a4-f30fea36eebe,chapter3.tex:513-722
urn:uuid:af168986-d44f-53a2-9a66-0c15dd086306,relation/unit/bab-3-kategori-diperkaya-dan-aditif/section/kategori-diperkaya-dan-aditif/covers/surface/unit-022/formula/inline/130,urn:uuid:92486b3a-ab2f-5e01-9591-97dde64dc3d9,covers,urn:uuid:d7d4dc02-9fd7-5385-a820-ddb20b66bcfe,chapter3.tex:513-722
urn:uuid:0ef3b535-1b05-59cb-8a18-18e95df5c13c,relation/unit/bab-3-kategori-diperkaya-dan-aditif/section/kategori-diperkaya-dan-aditif/covers/surface/unit-022/formula/inline/131,urn:uuid:92486b3a-ab2f-5e01-9591-97dde64dc3d9,covers,urn:uuid:eaace11d-a9b6-5d3e-9948-df3d59ee0ff3,chapter3.tex:513-722
urn:uuid:13a4eeb2-e473-59b2-a004-c538e1c5ee46,relation/unit/bab-3-kategori-diperkaya-dan-aditif/section/kategori-diperkaya-dan-aditif/covers/surface/unit-022/formula/inline/132,urn:uuid:92486b3a-ab2f-5e01-9591-97dde64dc3d9,covers,urn:uuid:c806b034-3406-55a7-a901-15bb90d7d1e0,chapter3.tex:513-722
urn:uuid:13360a85-c599-5570-a92a-677d8aedbd9b,relation/unit/bab-3-kategori-diperkaya-dan-aditif/section/kategori-diperkaya-dan-aditif/covers/surface/unit-022/formula/inline/133,urn:uuid:92486b3a-ab2f-5e01-9591-97dde64dc3d9,covers,urn:uuid:e92e11ab-6d4d-55a6-b7b1-e5a86d32f34f,chapter3.tex:513-722
urn:uuid:b289587a-3238-5e6b-b1b7-c6ec14af6064,relation/unit/bab-3-kategori-diperkaya-dan-aditif/section/kategori-diperkaya-dan-aditif/covers/surface/unit-022/formula/inline/134,urn:uuid:92486b3a-ab2f-5e01-9591-97dde64dc3d9,covers,urn:uuid:23989441-9b4f-529c-b026-8f30e59827e0,chapter3.tex:513-722
urn:uuid:b9a3c9ff-2995-5446-b11d-75b23aca90d1,relation/unit/bab-3-kategori-diperkaya-dan-aditif/section/kategori-diperkaya-dan-aditif/covers/surface/unit-022/formula/inline/135,urn:uuid:92486b3a-ab2f-5e01-9591-97dde64dc3d9,covers,urn:uuid:529e87de-75c9-5d5e-a008-d8891fa4849a,chapter3.tex:513-722
urn:uuid:e47a5236-b0db-5823-841a-66e016436d81,relation/unit/bab-3-kategori-diperkaya-dan-aditif/section/kategori-diperkaya-dan-aditif/covers/surface/unit-022/formula/inline/136,urn:uuid:92486b3a-ab2f-5e01-9591-97dde64dc3d9,covers,urn:uuid:f8bacdaa-0e6e-51dc-84c2-ca4b233e2027,chapter3.tex:513-722
urn:uuid:31f38c09-9a71-5394-9c64-764717c9e904,relation/unit/bab-3-kategori-diperkaya-dan-aditif/section/kategori-diperkaya-dan-aditif/covers/surface/unit-022/formula/inline/137,urn:uuid:92486b3a-ab2f-5e01-9591-97dde64dc3d9,covers,urn:uuid:c12e20f6-e6a2-50c2-a8e1-53362ded7389,chapter3.tex:513-722
urn:uuid:9e74766f-004a-52f3-a1dc-5e4fdd49eb0e,relation/unit/bab-3-kategori-diperkaya-dan-aditif/section/kategori-diperkaya-dan-aditif/covers/surface/unit-022/formula/inline/138,urn:uuid:92486b3a-ab2f-5e01-9591-97dde64dc3d9,covers,urn:uuid:93598f53-6e9d-56ab-9f5c-8c881a8c10b7,chapter3.tex:513-722
urn:uuid:fdf57690-c1fb-5422-a427-f514efbab7aa,relation/unit/bab-3-kategori-diperkaya-dan-aditif/section/kategori-diperkaya-dan-aditif/covers/surface/unit-022/formula/inline/139,urn:uuid:92486b3a-ab2f-5e01-9591-97dde64dc3d9,covers,urn:uuid:4733e5b6-c501-587d-98cd-3ed7aee98914,chapter3.tex:513-722
urn:uuid:c4c2535f-9a8d-5490-aa9c-3b6567474949,relation/unit/bab-3-kategori-diperkaya-dan-aditif/section/kategori-diperkaya-dan-aditif/covers/surface/unit-022/formula/inline/140,urn:uuid:92486b3a-ab2f-5e01-9591-97dde64dc3d9,covers,urn:uuid:e88edade-6f99-5d64-8db8-90c5708dab34,chapter3.tex:513-722
urn:uuid:1934d100-7061-5790-af60-2f10fefecdcf,relation/unit/bab-3-kategori-diperkaya-dan-aditif/section/kategori-diperkaya-dan-aditif/covers/surface/unit-022/formula/inline/141,urn:uuid:92486b3a-ab2f-5e01-9591-97dde64dc3d9,covers,urn:uuid:268a357c-b77f-5779-91a3-c9fd30dcbc46,chapter3.tex:513-722
urn:uuid:10e2d78e-f764-5dc6-9e7a-e615bb3edfd4,relation/unit/bab-3-kategori-diperkaya-dan-aditif/section/kategori-diperkaya-dan-aditif/covers/surface/unit-022/formula/inline/142,urn:uuid:92486b3a-ab2f-5e01-9591-97dde64dc3d9,covers,urn:uuid:bebd4798-01e0-5072-8add-80cbbbfe6fcb,chapter3.tex:513-722
urn:uuid:19e82ca8-6173-5b7d-bd74-4897efba5bf4,relation/unit/bab-3-kategori-diperkaya-dan-aditif/section/kategori-diperkaya-dan-aditif/covers/surface/unit-022/formula/inline/143,urn:uuid:92486b3a-ab2f-5e01-9591-97dde64dc3d9,covers,urn:uuid:54df097a-0f2d-5d18-862f-1d9d22464e70,chapter3.tex:513-722
urn:uuid:89b30700-b3b4-5de6-8bc6-778887b0af72,relation/unit/bab-3-kategori-diperkaya-dan-aditif/section/kategori-diperkaya-dan-aditif/covers/surface/unit-022/formula/inline/144,urn:uuid:92486b3a-ab2f-5e01-9591-97dde64dc3d9,covers,urn:uuid:c7a97a6c-c3f9-52d7-83d7-e538a15469e7,chapter3.tex:513-722
urn:uuid:9351a0f1-f6bd-508b-940f-acae57d5ec37,relation/unit/bab-3-kategori-diperkaya-dan-aditif/section/kategori-diperkaya-dan-aditif/covers/surface/unit-022/formula/inline/145,urn:uuid:92486b3a-ab2f-5e01-9591-97dde64dc3d9,covers,urn:uuid:6efc10d2-51fb-5e0c-97eb-cb858f03451e,chapter3.tex:513-722
urn:uuid:53e96ff4-0a71-5727-8856-aaed49eb05cc,relation/unit/bab-3-kategori-diperkaya-dan-aditif/section/kategori-diperkaya-dan-aditif/covers/surface/unit-022/formula/inline/146,urn:uuid:92486b3a-ab2f-5e01-9591-97dde64dc3d9,covers,urn:uuid:3934cf2e-0a32-5dbe-82be-cd2e3bf27c63,chapter3.tex:513-722
urn:uuid:0247634a-919a-52a7-8d4c-e4c0cc88b2f7,relation/unit/bab-3-kategori-diperkaya-dan-aditif/section/kategori-diperkaya-dan-aditif/covers/surface/unit-022/formula/inline/147,urn:uuid:92486b3a-ab2f-5e01-9591-97dde64dc3d9,covers,urn:uuid:fd205a86-3181-5e68-a2ca-e9b8b613302c,chapter3.tex:513-722
urn:uuid:9613868f-a5ab-57a7-8ae1-7e7b3b1fe441,relation/unit/bab-3-kategori-diperkaya-dan-aditif/section/kategori-diperkaya-dan-aditif/covers/surface/unit-022/formula/inline/148,urn:uuid:92486b3a-ab2f-5e01-9591-97dde64dc3d9,covers,urn:uuid:34f8d31d-081c-5954-82b0-dbc0b2fd4dc0,chapter3.tex:513-722
urn:uuid:ef7b73f2-5863-5578-ac88-22758e704f67,relation/unit/bab-3-kategori-diperkaya-dan-aditif/section/kategori-diperkaya-dan-aditif/covers/surface/unit-022/formula/inline/149,urn:uuid:92486b3a-ab2f-5e01-9591-97dde64dc3d9,covers,urn:uuid:013efc54-19cf-5cc1-8355-3c845ecbfc88,chapter3.tex:513-722
urn:uuid:846e1138-2ceb-512c-9af1-2ed2b10a1bd1,relation/unit/bab-3-kategori-diperkaya-dan-aditif/section/kategori-diperkaya-dan-aditif/covers/surface/unit-022/formula/inline/150,urn:uuid:92486b3a-ab2f-5e01-9591-97dde64dc3d9,covers,urn:uuid:08192cc0-ae3f-5bc0-a7c5-0588bc410919,chapter3.tex:513-722
urn:uuid:20971116-c4d6-5592-926c-d86499aa3329,relation/unit/bab-3-kategori-diperkaya-dan-aditif/section/kategori-diperkaya-dan-aditif/covers/surface/unit-022/formula/inline/151,urn:uuid:92486b3a-ab2f-5e01-9591-97dde64dc3d9,covers,urn:uuid:b1d19913-bd36-51cd-8be5-34e35f6caec9,chapter3.tex:513-722
urn:uuid:01e489cc-848e-5ae7-b366-84827213a891,relation/unit/bab-3-kategori-diperkaya-dan-aditif/section/kategori-diperkaya-dan-aditif/covers/surface/unit-022/formula/inline/152,urn:uuid:92486b3a-ab2f-5e01-9591-97dde64dc3d9,covers,urn:uuid:1baf656f-ef79-5007-aa13-b32f864b7778,chapter3.tex:513-722
urn:uuid:fb007c97-fd85-5123-8545-c9fb5b1cf9d3,relation/unit/bab-3-kategori-diperkaya-dan-aditif/section/kategori-diperkaya-dan-aditif/covers/surface/unit-022/formula/inline/153,urn:uuid:92486b3a-ab2f-5e01-9591-97dde64dc3d9,covers,urn:uuid:1f8ae362-23d4-5a36-8213-07b04ba2ccbf,chapter3.tex:513-722
urn:uuid:10eaaf3b-e59b-55c0-bb71-95518dc0630f,relation/unit/bab-3-kategori-diperkaya-dan-aditif/section/kategori-diperkaya-dan-aditif/covers/surface/unit-022/formula/inline/154,urn:uuid:92486b3a-ab2f-5e01-9591-97dde64dc3d9,covers,urn:uuid:9dd87c07-1424-59cf-b870-7655553be45c,chapter3.tex:513-722
urn:uuid:c39b58a2-0911-5b71-b792-12cabf9f895f,relation/unit/bab-3-kategori-diperkaya-dan-aditif/section/kategori-diperkaya-dan-aditif/covers/surface/unit-022/formula/inline/155,urn:uuid:92486b3a-ab2f-5e01-9591-97dde64dc3d9,covers,urn:uuid:5857d02b-0188-5806-b27b-8daf36d46af5,chapter3.tex:513-722
urn:uuid:90d399ad-e362-55c2-a5ba-f7b0884a79e6,relation/unit/bab-3-kategori-diperkaya-dan-aditif/section/kategori-diperkaya-dan-aditif/covers/surface/unit-022/formula/inline/156,urn:uuid:92486b3a-ab2f-5e01-9591-97dde64dc3d9,covers,urn:uuid:9cf9be26-5022-597d-91b4-b4240c4293dd,chapter3.tex:513-722
urn:uuid:4780fed8-c814-5eb7-8e90-d847fcc2a440,relation/unit/bab-3-kategori-diperkaya-dan-aditif/section/kategori-diperkaya-dan-aditif/covers/surface/unit-022/formula/inline/157,urn:uuid:92486b3a-ab2f-5e01-9591-97dde64dc3d9,covers,urn:uuid:1e50d6a2-0c1f-5828-9fcc-5e2c580ebfff,chapter3.tex:513-722
urn:uuid:0aba0a55-b325-531d-92f1-e62ab11a5b1b,relation/unit/bab-3-kategori-diperkaya-dan-aditif/section/kategori-diperkaya-dan-aditif/covers/surface/unit-022/formula/inline/158,urn:uuid:92486b3a-ab2f-5e01-9591-97dde64dc3d9,covers,urn:uuid:1db8bb89-75c0-59d7-ab07-b4737be48f36,chapter3.tex:513-722
urn:uuid:24aff561-6940-5de5-bde5-242fc9b96321,relation/unit/bab-3-kategori-diperkaya-dan-aditif/section/kategori-diperkaya-dan-aditif/covers/surface/unit-022/formula/inline/159,urn:uuid:92486b3a-ab2f-5e01-9591-97dde64dc3d9,covers,urn:uuid:4d80cbed-d163-57c5-83b2-5612f275f823,chapter3.tex:513-722
urn:uuid:f3f2a395-406c-5c5f-bfa9-57c6a0afe9da,relation/unit/bab-3-kategori-diperkaya-dan-aditif/section/kategori-diperkaya-dan-aditif/covers/surface/unit-022/formula/inline/160,urn:uuid:92486b3a-ab2f-5e01-9591-97dde64dc3d9,covers,urn:uuid:2e4b5eda-b755-5155-b2e5-134f59f70fe7,chapter3.tex:513-722
urn:uuid:b3b03b8e-afe0-56bf-a033-2dc6691c52ec,relation/unit/bab-3-kategori-diperkaya-dan-aditif/section/kategori-diperkaya-dan-aditif/covers/surface/unit-022/formula/inline/161,urn:uuid:92486b3a-ab2f-5e01-9591-97dde64dc3d9,covers,urn:uuid:f353ddb2-9e60-5ef0-97a0-b526c01d4e74,chapter3.tex:513-722
urn:uuid:bcdace51-5847-5a73-88b6-eb402fc697bd,relation/unit/bab-3-kategori-diperkaya-dan-aditif/section/kategori-diperkaya-dan-aditif/covers/surface/unit-022/formula/inline/162,urn:uuid:92486b3a-ab2f-5e01-9591-97dde64dc3d9,covers,urn:uuid:588b54e0-c97d-578b-9582-2b7e6eb3e581,chapter3.tex:513-722
urn:uuid:81aca14a-aa1e-5089-91eb-d174eb836b4f,relation/unit/bab-3-kategori-diperkaya-dan-aditif/section/kategori-diperkaya-dan-aditif/covers/surface/unit-022/formula/inline/163,urn:uuid:92486b3a-ab2f-5e01-9591-97dde64dc3d9,covers,urn:uuid:4049e12a-d6b4-53c0-960e-db5ca0562341,chapter3.tex:513-722
urn:uuid:ecc874dc-b0ac-5f30-a741-d6aa3ef4568c,relation/unit/bab-3-kategori-diperkaya-dan-aditif/section/kategori-diperkaya-dan-aditif/covers/surface/unit-022/formula/inline/164,urn:uuid:92486b3a-ab2f-5e01-9591-97dde64dc3d9,covers,urn:uuid:0a27dd60-8788-50ed-9caf-07b41c20f3e0,chapter3.tex:513-722
urn:uuid:eab9055a-efac-5212-bbdf-6561e47fdc4e,relation/unit/bab-3-kategori-diperkaya-dan-aditif/section/kategori-diperkaya-dan-aditif/covers/surface/unit-022/formula/inline/165,urn:uuid:92486b3a-ab2f-5e01-9591-97dde64dc3d9,covers,urn:uuid:72e2d88d-7581-55ac-8b7b-21ffaee649fe,chapter3.tex:513-722
urn:uuid:fe67457f-701e-5098-b212-d3d7d38241cd,relation/unit/bab-3-kategori-diperkaya-dan-aditif/section/kategori-diperkaya-dan-aditif/covers/surface/unit-022/formula/inline/166,urn:uuid:92486b3a-ab2f-5e01-9591-97dde64dc3d9,covers,urn:uuid:ebef7565-d8fd-5324-bdc5-f832aa843492,chapter3.tex:513-722
urn:uuid:a9d2a4fc-42fd-5a08-b2c9-6d56a7f3c960,relation/unit/bab-3-kategori-diperkaya-dan-aditif/section/kategori-diperkaya-dan-aditif/covers/surface/unit-022/formula/inline/167,urn:uuid:92486b3a-ab2f-5e01-9591-97dde64dc3d9,covers,urn:uuid:dead88da-5f81-5926-853a-76bc0b899cf8,chapter3.tex:513-722
urn:uuid:a5e539ac-39dd-5dd1-904a-29c54b4abc03,relation/unit/bab-3-kategori-diperkaya-dan-aditif/section/kategori-diperkaya-dan-aditif/covers/surface/unit-022/formula/inline/168,urn:uuid:92486b3a-ab2f-5e01-9591-97dde64dc3d9,covers,urn:uuid:1fedde23-3b6f-5809-9902-3df9ce37e0f9,chapter3.tex:513-722
urn:uuid:5c1c288f-5ad2-558a-8f9d-a337bbb05a2f,relation/unit/bab-3-kategori-diperkaya-dan-aditif/section/kategori-diperkaya-dan-aditif/covers/surface/unit-022/formula/inline/169,urn:uuid:92486b3a-ab2f-5e01-9591-97dde64dc3d9,covers,urn:uuid:72525ac9-838b-5b7d-ba4f-7fdde689963f,chapter3.tex:513-722
urn:uuid:bdaa943d-c332-582c-a7ea-ff503db67f2b,relation/unit/bab-3-kategori-diperkaya-dan-aditif/section/kategori-diperkaya-dan-aditif/covers/surface/unit-022/formula/inline/170,urn:uuid:92486b3a-ab2f-5e01-9591-97dde64dc3d9,covers,urn:uuid:24b310d1-68a6-5060-8030-0554bef39bf8,chapter3.tex:513-722
urn:uuid:be2c1db8-6819-5385-af0f-c36622523793,relation/unit/bab-3-kategori-diperkaya-dan-aditif/section/kategori-diperkaya-dan-aditif/covers/surface/unit-022/formula/inline/171,urn:uuid:92486b3a-ab2f-5e01-9591-97dde64dc3d9,covers,urn:uuid:699f0f62-d331-5b77-99fe-5e8ef7e68c1d,chapter3.tex:513-722
urn:uuid:bca6007e-1592-52d9-911a-4dcefac2e81b,relation/unit/bab-3-kategori-diperkaya-dan-aditif/section/kategori-diperkaya-dan-aditif/covers/surface/unit-022/formula/inline/172,urn:uuid:92486b3a-ab2f-5e01-9591-97dde64dc3d9,covers,urn:uuid:370d23cb-a89a-5135-8959-f28961ce1ac2,chapter3.tex:513-722
urn:uuid:cd8dee6a-8adc-5532-b2c5-adbffaec77c0,relation/unit/bab-3-kategori-diperkaya-dan-aditif/section/kategori-diperkaya-dan-aditif/covers/surface/unit-022/formula/inline/173,urn:uuid:92486b3a-ab2f-5e01-9591-97dde64dc3d9,covers,urn:uuid:eec3c117-ccc1-574f-8ed3-369626e6cb73,chapter3.tex:513-722
urn:uuid:5c7ec850-50cc-5f1b-9c68-57b2995bcec0,relation/unit/bab-3-kategori-diperkaya-dan-aditif/section/kategori-diperkaya-dan-aditif/covers/surface/unit-022/formula/inline/174,urn:uuid:92486b3a-ab2f-5e01-9591-97dde64dc3d9,covers,urn:uuid:621bc868-254b-545e-94b5-21864ddc77cc,chapter3.tex:513-722
urn:uuid:1b20b7cd-e4bd-5055-a595-817a616d70d7,relation/unit/bab-3-kategori-diperkaya-dan-aditif/section/kategori-diperkaya-dan-aditif/covers/surface/unit-022/formula/inline/175,urn:uuid:92486b3a-ab2f-5e01-9591-97dde64dc3d9,covers,urn:uuid:db0e73f7-4f03-5bae-8643-0c91ded7f9cf,chapter3.tex:513-722
urn:uuid:d0676cd7-e9fa-5e3f-95e7-4f770950c46c,relation/unit/bab-3-kategori-diperkaya-dan-aditif/section/kategori-diperkaya-dan-aditif/covers/surface/unit-022/formula/inline/176,urn:uuid:92486b3a-ab2f-5e01-9591-97dde64dc3d9,covers,urn:uuid:9c45969f-4af0-5e85-90b4-6a668be26cf6,chapter3.tex:513-722
urn:uuid:e4978781-63e4-573a-a2fa-cabb009f3bff,relation/unit/bab-3-kategori-diperkaya-dan-aditif/section/kategori-diperkaya-dan-aditif/covers/surface/unit-022/formula/inline/177,urn:uuid:92486b3a-ab2f-5e01-9591-97dde64dc3d9,covers,urn:uuid:3c0f9df7-f20f-5035-b1f4-9639d0bdab14,chapter3.tex:513-722
urn:uuid:f19bd144-0c93-53e5-b2a7-b79707f8f018,relation/unit/bab-3-kategori-diperkaya-dan-aditif/section/kategori-diperkaya-dan-aditif/covers/surface/unit-022/formula/inline/178,urn:uuid:92486b3a-ab2f-5e01-9591-97dde64dc3d9,covers,urn:uuid:982b471f-8629-59ae-b7f5-209999101069,chapter3.tex:513-722
urn:uuid:3ca6dd49-39f0-5e01-984e-f99b26928c56,relation/unit/bab-3-kategori-diperkaya-dan-aditif/section/kategori-diperkaya-dan-aditif/covers/surface/unit-022/formula/inline/179,urn:uuid:92486b3a-ab2f-5e01-9591-97dde64dc3d9,covers,urn:uuid:bc709ec1-002d-5f6b-a528-990928ae4dbd,chapter3.tex:513-722
urn:uuid:ae1e34b3-2754-5847-bd40-4e76e390f101,relation/unit/bab-3-kategori-diperkaya-dan-aditif/section/kategori-diperkaya-dan-aditif/covers/surface/unit-022/formula/inline/180,urn:uuid:92486b3a-ab2f-5e01-9591-97dde64dc3d9,covers,urn:uuid:6b0fe65c-c3cf-53c7-b74e-a8bd532b077a,chapter3.tex:513-722
urn:uuid:c8af0d51-2089-5d40-ab50-32e2e6473bbd,relation/unit/bab-3-kategori-diperkaya-dan-aditif/section/kategori-diperkaya-dan-aditif/covers/surface/unit-022/formula/inline/181,urn:uuid:92486b3a-ab2f-5e01-9591-97dde64dc3d9,covers,urn:uuid:082194fb-7fb1-559a-aee7-04713cd59a4c,chapter3.tex:513-722
urn:uuid:90d5c92a-202c-5084-8cc7-a2abf08fb9a2,relation/unit/bab-3-kategori-diperkaya-dan-aditif/section/kategori-diperkaya-dan-aditif/covers/surface/unit-022/formula/inline/182,urn:uuid:92486b3a-ab2f-5e01-9591-97dde64dc3d9,covers,urn:uuid:ae21e0be-b1f5-511c-9aae-d3a98b5f787a,chapter3.tex:513-722
urn:uuid:5f3ce80e-5b23-5b23-8ed0-e71ae964a89f,relation/unit/bab-3-kategori-diperkaya-dan-aditif/section/kategori-diperkaya-dan-aditif/covers/surface/unit-022/formula/inline/183,urn:uuid:92486b3a-ab2f-5e01-9591-97dde64dc3d9,covers,urn:uuid:e47cc2a6-3c24-59da-a718-de1b2370a050,chapter3.tex:513-722
urn:uuid:9bedb8f3-1ffb-588a-ae29-d1902a627875,relation/unit/bab-3-kategori-diperkaya-dan-aditif/section/kategori-diperkaya-dan-aditif/covers/surface/unit-022/formula/inline/184,urn:uuid:92486b3a-ab2f-5e01-9591-97dde64dc3d9,covers,urn:uuid:e08f1ec6-fb79-5d4d-a76a-f967daa98773,chapter3.tex:513-722
urn:uuid:11811421-abc6-51b0-adef-6c3c20ea4fd6,relation/unit/bab-3-kategori-diperkaya-dan-aditif/section/kategori-diperkaya-dan-aditif/covers/surface/unit-022/formula/inline/185,urn:uuid:92486b3a-ab2f-5e01-9591-97dde64dc3d9,covers,urn:uuid:3642d705-c63a-59ba-82e9-e2f28432619c,chapter3.tex:513-722
urn:uuid:e9e612e9-eb38-599d-95d1-a9f5be302254,relation/unit/bab-3-kategori-diperkaya-dan-aditif/section/kategori-diperkaya-dan-aditif/covers/surface/unit-022/formula/inline/186,urn:uuid:92486b3a-ab2f-5e01-9591-97dde64dc3d9,covers,urn:uuid:cdb37aa3-bcba-5e5c-a2f9-b70eff6e72fb,chapter3.tex:513-722
urn:uuid:0c7f7f3d-379d-5a9e-833e-7e6bd9034d05,relation/unit/bab-3-kategori-diperkaya-dan-aditif/section/kategori-diperkaya-dan-aditif/covers/surface/unit-022/formula/inline/187,urn:uuid:92486b3a-ab2f-5e01-9591-97dde64dc3d9,covers,urn:uuid:bd6a1f05-0724-5764-9ad3-4f9269b5e142,chapter3.tex:513-722
urn:uuid:5273ac3f-26a0-5099-8ec8-5dcd20f8fccc,relation/unit/bab-3-kategori-diperkaya-dan-aditif/section/kategori-diperkaya-dan-aditif/covers/surface/unit-022/formula/inline/188,urn:uuid:92486b3a-ab2f-5e01-9591-97dde64dc3d9,covers,urn:uuid:4df0f468-572f-5feb-902b-8eba6e2c0b01,chapter3.tex:513-722
urn:uuid:57cc5d6b-fe57-537f-8356-51c552b60e3a,relation/unit/bab-3-kategori-diperkaya-dan-aditif/section/kategori-diperkaya-dan-aditif/covers/surface/unit-022/formula/inline/189,urn:uuid:92486b3a-ab2f-5e01-9591-97dde64dc3d9,covers,urn:uuid:5a9789e3-d351-52e7-b003-84d6753b7e05,chapter3.tex:513-722
urn:uuid:6337f07c-10a7-5037-8f6f-f199139d9166,relation/unit/bab-3-kategori-diperkaya-dan-aditif/section/kategori-diperkaya-dan-aditif/covers/surface/unit-022/formula/inline/190,urn:uuid:92486b3a-ab2f-5e01-9591-97dde64dc3d9,covers,urn:uuid:4f37edca-db1c-53ff-b866-9222b1ab4af8,chapter3.tex:513-722
urn:uuid:0dcb0dbd-eac3-5ea9-adb9-86c3b56392d0,relation/unit/bab-3-kategori-diperkaya-dan-aditif/section/kategori-diperkaya-dan-aditif/covers/surface/unit-022/formula/inline/191,urn:uuid:92486b3a-ab2f-5e01-9591-97dde64dc3d9,covers,urn:uuid:14457031-880c-512a-ada7-f5c35b6eeaa2,chapter3.tex:513-722
urn:uuid:b33efa22-71f9-5093-961e-e028f605b662,relation/unit/bab-3-kategori-diperkaya-dan-aditif/section/kategori-diperkaya-dan-aditif/covers/surface/unit-022/formula/inline/192,urn:uuid:92486b3a-ab2f-5e01-9591-97dde64dc3d9,covers,urn:uuid:426757cd-20c2-5492-a4ae-5c77c8e5fa36,chapter3.tex:513-722
urn:uuid:12d2b21e-dcc1-5a54-93da-bac2e6c6849b,relation/unit/bab-3-kategori-diperkaya-dan-aditif/section/kategori-diperkaya-dan-aditif/covers/surface/unit-022/formula/inline/193,urn:uuid:92486b3a-ab2f-5e01-9591-97dde64dc3d9,covers,urn:uuid:35be5417-007e-527a-93ed-430688ee9d7c,chapter3.tex:513-722
urn:uuid:6b424af7-6b40-57e0-827f-48efad705da0,relation/unit/bab-3-kategori-diperkaya-dan-aditif/section/kategori-diperkaya-dan-aditif/covers/surface/unit-022/formula/inline/194,urn:uuid:92486b3a-ab2f-5e01-9591-97dde64dc3d9,covers,urn:uuid:7677cf7e-bef1-599c-a8f4-79c93c83dfa2,chapter3.tex:513-722
urn:uuid:76088796-aba6-5a3e-bc23-b56d3604ce04,relation/unit/bab-3-kategori-diperkaya-dan-aditif/section/kategori-diperkaya-dan-aditif/covers/surface/unit-022/formula/inline/195,urn:uuid:92486b3a-ab2f-5e01-9591-97dde64dc3d9,covers,urn:uuid:72ac19fb-cfc6-592c-9a51-b9f6713b63ec,chapter3.tex:513-722
urn:uuid:ff1e70dd-544e-5660-ae38-a1c6b897f76d,relation/unit/bab-3-kategori-diperkaya-dan-aditif/section/kategori-diperkaya-dan-aditif/covers/surface/unit-022/formula/inline/196,urn:uuid:92486b3a-ab2f-5e01-9591-97dde64dc3d9,covers,urn:uuid:d61cd599-e1c7-5115-970f-b61beab05807,chapter3.tex:513-722
urn:uuid:cfaf67cb-b7af-519c-a9db-d0adeee8b4bf,relation/unit/bab-3-kategori-diperkaya-dan-aditif/section/kategori-diperkaya-dan-aditif/covers/surface/unit-022/formula/inline/197,urn:uuid:92486b3a-ab2f-5e01-9591-97dde64dc3d9,covers,urn:uuid:16406992-4384-5481-895d-21b1939b4360,chapter3.tex:513-722
urn:uuid:10352bcd-c961-5afd-b4b6-e74d6d7bf790,relation/unit/bab-3-kategori-diperkaya-dan-aditif/section/kategori-diperkaya-dan-aditif/covers/surface/unit-022/formula/inline/198,urn:uuid:92486b3a-ab2f-5e01-9591-97dde64dc3d9,covers,urn:uuid:de890cdc-35c0-5921-a9c3-b60eed293b2b,chapter3.tex:513-722
urn:uuid:d68fbd57-2f42-5c7e-bcce-9f15859bc337,relation/unit/bab-3-kategori-diperkaya-dan-aditif/section/kategori-diperkaya-dan-aditif/covers/surface/unit-022/formula/inline/199,urn:uuid:92486b3a-ab2f-5e01-9591-97dde64dc3d9,covers,urn:uuid:8a56cbf4-15e5-556e-a11a-d5c7143d8baa,chapter3.tex:513-722
urn:uuid:14311be0-65ff-5ba5-8e66-695bd339b452,relation/unit/bab-3-kategori-diperkaya-dan-aditif/section/kategori-diperkaya-dan-aditif/covers/surface/unit-022/formula/inline/200,urn:uuid:92486b3a-ab2f-5e01-9591-97dde64dc3d9,covers,urn:uuid:ef625bba-c10e-5bba-8a0b-a320b1f3fad2,chapter3.tex:513-722
urn:uuid:58f92409-a763-5960-b8e5-dfedc55df047,relation/unit/bab-3-kategori-diperkaya-dan-aditif/section/kategori-diperkaya-dan-aditif/covers/surface/unit-022/formula/inline/201,urn:uuid:92486b3a-ab2f-5e01-9591-97dde64dc3d9,covers,urn:uuid:85a727d9-3f03-5548-987c-8e6eb68c609c,chapter3.tex:513-722
urn:uuid:7ca40e2c-3ed5-550e-88c6-442d87cfb68b,relation/unit/bab-3-kategori-diperkaya-dan-aditif/section/kategori-diperkaya-dan-aditif/covers/surface/unit-022/formula/inline/202,urn:uuid:92486b3a-ab2f-5e01-9591-97dde64dc3d9,covers,urn:uuid:cf86d635-8b63-5a0a-8b9a-0d53315a9c06,chapter3.tex:513-722
urn:uuid:837411ff-496b-5a76-9ddc-aee53548733c,relation/unit/bab-3-kategori-diperkaya-dan-aditif/section/kategori-diperkaya-dan-aditif/covers/surface/unit-022/formula/inline/203,urn:uuid:92486b3a-ab2f-5e01-9591-97dde64dc3d9,covers,urn:uuid:58350a55-4c2a-5d77-926d-9402373678da,chapter3.tex:513-722
urn:uuid:76a6d302-8e3d-5f46-9c56-4099f6d532cd,relation/unit/bab-3-kategori-diperkaya-dan-aditif/section/kategori-diperkaya-dan-aditif/covers/surface/unit-022/formula/inline/204,urn:uuid:92486b3a-ab2f-5e01-9591-97dde64dc3d9,covers,urn:uuid:8e28d2a6-7b4f-5a88-8b2a-9e41b99e1f9a,chapter3.tex:513-722
urn:uuid:ccdaec46-7ebc-5156-8741-b93c7c32a0a0,relation/unit/bab-3-kategori-diperkaya-dan-aditif/section/kategori-diperkaya-dan-aditif/covers/surface/unit-022/item/001,urn:uuid:92486b3a-ab2f-5e01-9591-97dde64dc3d9,covers,urn:uuid:492f5a69-a63b-5c00-ba48-0754891fe68c,chapter3.tex:513-722
urn:uuid:9bd29667-238d-5b8e-b235-c02045cc16fe,relation/unit/bab-3-kategori-diperkaya-dan-aditif/section/kategori-diperkaya-dan-aditif/covers/surface/unit-022/item/002,urn:uuid:92486b3a-ab2f-5e01-9591-97dde64dc3d9,covers,urn:uuid:63d8d523-e619-5ba8-8018-6569fcae6685,chapter3.tex:513-722
urn:uuid:fc3e8dcd-b5f3-58e9-9b6e-d3dad534a3f2,relation/unit/bab-3-kategori-diperkaya-dan-aditif/section/kategori-diperkaya-dan-aditif/covers/surface/unit-022/item/003,urn:uuid:92486b3a-ab2f-5e01-9591-97dde64dc3d9,covers,urn:uuid:39110f9d-d898-512e-80bb-f39b73f126ef,chapter3.tex:513-722
urn:uuid:6551f520-0592-54f9-b93b-c9edb16e8abb,relation/unit/bab-3-kategori-diperkaya-dan-aditif/section/kategori-diperkaya-dan-aditif/covers/surface/unit-022/item/004,urn:uuid:92486b3a-ab2f-5e01-9591-97dde64dc3d9,covers,urn:uuid:dead7e90-a306-52cd-987b-75f72a94b428,chapter3.tex:513-722
urn:uuid:bf61593b-c634-504e-bbbd-6aa72bfa5e86,relation/unit/bab-3-kategori-diperkaya-dan-aditif/section/kategori-diperkaya-dan-aditif/covers/surface/unit-022/item/005,urn:uuid:92486b3a-ab2f-5e01-9591-97dde64dc3d9,covers,urn:uuid:989558ff-4c3f-55ba-9417-a5faa3953562,chapter3.tex:513-722
urn:uuid:bec4fbb1-0491-5871-8f55-545f39479d15,relation/unit/bab-3-kategori-diperkaya-dan-aditif/section/kategori-diperkaya-dan-aditif/covers/surface/unit-022/item/006,urn:uuid:92486b3a-ab2f-5e01-9591-97dde64dc3d9,covers,urn:uuid:79e49775-47bd-506d-bc01-f65690605ca5,chapter3.tex:513-722
urn:uuid:247dfc68-9bdd-593b-b66e-a4955d5a187a,relation/unit/bab-3-kategori-diperkaya-dan-aditif/section/kategori-diperkaya-dan-aditif/covers/surface/unit-022/item/007,urn:uuid:92486b3a-ab2f-5e01-9591-97dde64dc3d9,covers,urn:uuid:045653c7-7638-58fb-b146-a7569320d04f,chapter3.tex:513-722
urn:uuid:c0c173d2-82d8-5628-983d-563d3587b58c,relation/unit/bab-3-kategori-diperkaya-dan-aditif/section/kategori-diperkaya-dan-aditif/covers/surface/unit-022/item/008,urn:uuid:92486b3a-ab2f-5e01-9591-97dde64dc3d9,covers,urn:uuid:a9baadb1-cef4-5d67-b9fe-2a1170fab5a5,chapter3.tex:513-722
urn:uuid:83cd19a9-ccae-5435-beea-5f964e1f8b6e,relation/unit/bab-3-kategori-diperkaya-dan-aditif/section/kategori-diperkaya-dan-aditif/covers/surface/unit-022/item/009,urn:uuid:92486b3a-ab2f-5e01-9591-97dde64dc3d9,covers,urn:uuid:62326798-1ec3-5a4e-ab21-69baebe81c45,chapter3.tex:513-722
urn:uuid:e6a58330-7de5-505e-8a93-23f86227440e,relation/unit/bab-3-kategori-diperkaya-dan-aditif/section/kategori-diperkaya-dan-aditif/covers/surface/unit-022/item/010,urn:uuid:92486b3a-ab2f-5e01-9591-97dde64dc3d9,covers,urn:uuid:dc2d8e7b-d4bd-59a0-a436-8df0baab933e,chapter3.tex:513-722
urn:uuid:f8704a52-6979-5899-9f8a-4dd9b3526d07,relation/unit/bab-3-kategori-diperkaya-dan-aditif/section/kategori-diperkaya-dan-aditif/covers/surface/unit-022/item/011,urn:uuid:92486b3a-ab2f-5e01-9591-97dde64dc3d9,covers,urn:uuid:746d7ec7-d981-5b27-aeb2-4feafd4db218,chapter3.tex:513-722
urn:uuid:473d97ad-a0a6-5eb4-b9b3-54d63462ae4e,relation/unit/bab-3-kategori-diperkaya-dan-aditif/section/kategori-diperkaya-dan-aditif/covers/surface/unit-022/item/012,urn:uuid:92486b3a-ab2f-5e01-9591-97dde64dc3d9,covers,urn:uuid:76a93a81-ab53-504c-a3bd-be3713bb09e7,chapter3.tex:513-722
urn:uuid:cb9eac8e-176b-5081-91e4-fdf6bcfea3e0,relation/unit/bab-3-kategori-diperkaya-dan-aditif/section/kategori-diperkaya-dan-aditif/covers/surface/unit-022/item/013,urn:uuid:92486b3a-ab2f-5e01-9591-97dde64dc3d9,covers,urn:uuid:448a63f1-b9f3-5015-b6fc-75283342f859,chapter3.tex:513-722
urn:uuid:35ae04f0-cd68-5d11-af97-d9d5d5b8fa2a,relation/unit/bab-3-kategori-diperkaya-dan-aditif/section/kategori-diperkaya-dan-aditif/covers/surface/unit-022/item/014,urn:uuid:92486b3a-ab2f-5e01-9591-97dde64dc3d9,covers,urn:uuid:6ffa7c47-5f3a-5c48-a5ed-f5171207b736,chapter3.tex:513-722
urn:uuid:03f48b60-75c6-5eba-b873-e5522b5eb215,relation/unit/bab-3-kategori-diperkaya-dan-aditif/section/kategori-diperkaya-dan-aditif/covers/surface/unit-022/item/015,urn:uuid:92486b3a-ab2f-5e01-9591-97dde64dc3d9,covers,urn:uuid:7a2231d6-c987-5d70-982a-f80240c95e6d,chapter3.tex:513-722
urn:uuid:31bf5f21-cb23-5430-bb9e-6f51e8637502,relation/unit/bab-3-kategori-diperkaya-dan-aditif/section/kategori-diperkaya-dan-aditif/covers/surface/unit-022/item/016,urn:uuid:92486b3a-ab2f-5e01-9591-97dde64dc3d9,covers,urn:uuid:62e5072f-97fb-5460-b5a0-608d8379abd6,chapter3.tex:513-722
urn:uuid:77b320f6-21e4-5967-a7a3-fd646aa2a2f0,relation/unit/bab-3-kategori-diperkaya-dan-aditif/section/kategori-diperkaya-dan-aditif/covers/surface/unit-022/item/017,urn:uuid:92486b3a-ab2f-5e01-9591-97dde64dc3d9,covers,urn:uuid:d6d493ae-413b-5189-b392-dbd694ef5b8c,chapter3.tex:513-722
urn:uuid:4c373b1b-8716-5a4e-86f1-0fb16f5a1eb2,relation/unit/bab-3-kategori-diperkaya-dan-aditif/section/kategori-diperkaya-dan-aditif/covers/surface/unit-022/label/001,urn:uuid:92486b3a-ab2f-5e01-9591-97dde64dc3d9,covers,urn:uuid:1e29e3f6-0362-51d8-8958-f9ef41286145,chapter3.tex:513-722
urn:uuid:3a4c9b20-5799-5df5-8a87-2d53499fdabe,relation/unit/bab-3-kategori-diperkaya-dan-aditif/section/kategori-diperkaya-dan-aditif/covers/surface/unit-022/label/002,urn:uuid:92486b3a-ab2f-5e01-9591-97dde64dc3d9,covers,urn:uuid:83b9bd5c-91fb-59ba-817b-6e20da664028,chapter3.tex:513-722
urn:uuid:9b3374d4-0d3d-55a4-b074-8f2bae3b71c8,relation/unit/bab-3-kategori-diperkaya-dan-aditif/section/kategori-diperkaya-dan-aditif/covers/surface/unit-022/label/003,urn:uuid:92486b3a-ab2f-5e01-9591-97dde64dc3d9,covers,urn:uuid:d4d24afa-8aeb-5a28-b828-bc94a4a98765,chapter3.tex:513-722
urn:uuid:cfbb7ce0-3c9e-5902-844e-db7f5d54afd8,relation/unit/bab-3-kategori-diperkaya-dan-aditif/section/kategori-diperkaya-dan-aditif/covers/surface/unit-022/label/004,urn:uuid:92486b3a-ab2f-5e01-9591-97dde64dc3d9,covers,urn:uuid:ba0d1f71-350a-5e94-bf29-b1cd77bc78a1,chapter3.tex:513-722
urn:uuid:7dadf790-afc7-540f-85c1-3bf937278713,relation/unit/bab-3-kategori-diperkaya-dan-aditif/section/kategori-diperkaya-dan-aditif/covers/surface/unit-022/label/005,urn:uuid:92486b3a-ab2f-5e01-9591-97dde64dc3d9,covers,urn:uuid:10d63aaa-64d0-599f-9f20-82fc6c17730e,chapter3.tex:513-722
urn:uuid:f0e4b09f-bd0a-5339-8193-e7d31665ece5,relation/unit/bab-3-kategori-diperkaya-dan-aditif/section/kategori-diperkaya-dan-aditif/covers/surface/unit-022/label/006,urn:uuid:92486b3a-ab2f-5e01-9591-97dde64dc3d9,covers,urn:uuid:b80dacc8-82b0-58f5-97cf-e5b7f7de3ade,chapter3.tex:513-722
urn:uuid:66d9c1ee-2f0b-5a75-a0d2-29c2bd4aec9f,relation/unit/bab-3-kategori-diperkaya-dan-aditif/section/kategori-diperkaya-dan-aditif/covers/surface/unit-022/label/007,urn:uuid:92486b3a-ab2f-5e01-9591-97dde64dc3d9,covers,urn:uuid:11916d9c-8e7f-5cb7-aea5-91bfe327b83c,chapter3.tex:513-722
urn:uuid:b27077cf-4fff-590e-9b72-d0aeb7f2d89e,relation/unit/bab-3-kategori-diperkaya-dan-aditif/section/kategori-diperkaya-dan-aditif/covers/surface/unit-022/label/008,urn:uuid:92486b3a-ab2f-5e01-9591-97dde64dc3d9,covers,urn:uuid:f80035e2-f8ea-5c66-9c85-4a62f64fd31f,chapter3.tex:513-722
urn:uuid:0f9b0b5e-f54f-5ff2-a98c-a846ceb0137a,relation/unit/bab-3-kategori-diperkaya-dan-aditif/section/kategori-diperkaya-dan-aditif/covers/surface/unit-022/label/009,urn:uuid:92486b3a-ab2f-5e01-9591-97dde64dc3d9,covers,urn:uuid:42662e9c-0178-5172-b380-3236860c6268,chapter3.tex:513-722
urn:uuid:f016d15c-c839-5d83-ad9a-e679046d8e4b,relation/unit/bab-3-kategori-diperkaya-dan-aditif/section/kategori-diperkaya-dan-aditif/covers/surface/unit-022/label/010,urn:uuid:92486b3a-ab2f-5e01-9591-97dde64dc3d9,covers,urn:uuid:2c367e69-9192-537a-aa7e-2941ac3a851b,chapter3.tex:513-722
urn:uuid:b6a448ca-96af-5c9d-b4ea-e41af9261a51,relation/unit/bab-3-kategori-diperkaya-dan-aditif/section/kategori-diperkaya-dan-aditif/covers/surface/unit-022/label/011,urn:uuid:92486b3a-ab2f-5e01-9591-97dde64dc3d9,covers,urn:uuid:bf806d46-7dfb-5679-b00a-ef85410c8129,chapter3.tex:513-722
urn:uuid:47372553-11ec-5e42-bb86-7748dc575275,relation/unit/bab-3-kategori-diperkaya-dan-aditif/section/kategori-diperkaya-dan-aditif/covers/surface/unit-022/reference/ordinary/001,urn:uuid:92486b3a-ab2f-5e01-9591-97dde64dc3d9,covers,urn:uuid:86f3bbc0-4ab9-579f-97f5-679445b8d198,chapter3.tex:513-722
urn:uuid:e7b41509-f245-53e6-9b5c-a5a0461a6099,relation/unit/bab-3-kategori-diperkaya-dan-aditif/section/kategori-diperkaya-dan-aditif/covers/surface/unit-022/reference/ordinary/002,urn:uuid:92486b3a-ab2f-5e01-9591-97dde64dc3d9,covers,urn:uuid:58f0fda9-cb75-5b6b-8f4a-f4a7a273975b,chapter3.tex:513-722
urn:uuid:7a061a20-899e-5e94-a2eb-3a52eb8372f3,relation/unit/bab-3-kategori-diperkaya-dan-aditif/section/kategori-diperkaya-dan-aditif/covers/surface/unit-022/reference/ordinary/003,urn:uuid:92486b3a-ab2f-5e01-9591-97dde64dc3d9,covers,urn:uuid:c736cffa-f53f-524a-a5b1-cca2724eba8e,chapter3.tex:513-722
urn:uuid:92b0d136-70ef-52c4-aa2d-2ee7cfa175d0,relation/unit/bab-3-kategori-diperkaya-dan-aditif/section/kategori-diperkaya-dan-aditif/covers/surface/unit-022/reference/ordinary/004,urn:uuid:92486b3a-ab2f-5e01-9591-97dde64dc3d9,covers,urn:uuid:5902477c-f0fc-5d55-8e73-34e32315f707,chapter3.tex:513-722
urn:uuid:289aa465-83bb-5f03-b440-40411f4f9cf2,relation/unit/bab-3-kategori-diperkaya-dan-aditif/section/kategori-diperkaya-dan-aditif/covers/surface/unit-022/reference/ordinary/005,urn:uuid:92486b3a-ab2f-5e01-9591-97dde64dc3d9,covers,urn:uuid:62d9536f-9a6e-544f-9a32-cfa8e26a1038,chapter3.tex:513-722
urn:uuid:70f0919b-adc0-54a6-97da-1adc43990afc,relation/unit/bab-3-kategori-diperkaya-dan-aditif/section/kategori-diperkaya-dan-aditif/covers/surface/unit-022/reference/ordinary/006,urn:uuid:92486b3a-ab2f-5e01-9591-97dde64dc3d9,covers,urn:uuid:d393076b-91d1-5856-b2bc-adc87511ebc2,chapter3.tex:513-722
urn:uuid:e21974bf-9977-5940-84ac-305cbd76afe0,relation/unit/bab-3-kategori-diperkaya-dan-aditif/section/kategori-diperkaya-dan-aditif/covers/surface/unit-022/reference/ordinary/007,urn:uuid:92486b3a-ab2f-5e01-9591-97dde64dc3d9,covers,urn:uuid:394d642c-65e1-5a26-b0b4-7b9e8c95da8b,chapter3.tex:513-722
urn:uuid:c6eb80d3-c968-5f31-b332-74aa38b3d6e6,relation/unit/bab-3-kategori-diperkaya-dan-aditif/section/kategori-diperkaya-dan-aditif/covers/surface/unit-022/reference/ordinary/008,urn:uuid:92486b3a-ab2f-5e01-9591-97dde64dc3d9,covers,urn:uuid:e198ca1f-c5ec-512f-8fcf-72e1f6488349,chapter3.tex:513-722
urn:uuid:5fae2d14-1f98-5cb1-99e0-579599a5ae5f,relation/unit/bab-3-kategori-diperkaya-dan-aditif/section/kategori-diperkaya-dan-aditif/covers/surface/unit-022/reference/ordinary/009,urn:uuid:92486b3a-ab2f-5e01-9591-97dde64dc3d9,covers,urn:uuid:815e029f-5d4f-5f88-9188-37985351e173,chapter3.tex:513-722
urn:uuid:d9c076d5-286c-5887-90ba-73a412ddaa23,relation/unit/bab-3-kategori-diperkaya-dan-aditif/section/kategori-diperkaya-dan-aditif/covers/surface/unit-022/reference/ordinary/010,urn:uuid:92486b3a-ab2f-5e01-9591-97dde64dc3d9,covers,urn:uuid:4e3a09b9-7676-5111-8715-4fcf043472c8,chapter3.tex:513-722
urn:uuid:83fa22ff-1a0c-5e26-9ede-38f8578065d0,relation/unit/bab-3-kategori-diperkaya-dan-aditif/section/kategori-diperkaya-dan-aditif/covers/surface/unit-022/reference/ordinary/011,urn:uuid:92486b3a-ab2f-5e01-9591-97dde64dc3d9,covers,urn:uuid:bd89fbd2-7b15-51e5-8e7f-7d560539f5d9,chapter3.tex:513-722
urn:uuid:a9e98574-bd9c-54c4-ae1d-cc2e4c70b8f2,relation/unit/bab-3-kategori-diperkaya-dan-aditif/section/kategori-diperkaya-dan-aditif/covers/surface/unit-022/reference/ordinary/012,urn:uuid:92486b3a-ab2f-5e01-9591-97dde64dc3d9,covers,urn:uuid:56222f19-2377-55c5-a441-9622f0c7525c,chapter3.tex:513-722
urn:uuid:4ca33019-46bf-55dd-a176-2172dd2e5df5,relation/unit/bab-3-kategori-diperkaya-dan-aditif/section/kategori-diperkaya-dan-aditif/covers/surface/unit-022/reference/ordinary/013,urn:uuid:92486b3a-ab2f-5e01-9591-97dde64dc3d9,covers,urn:uuid:510339a6-3f5b-5542-8272-a13a6ca277be,chapter3.tex:513-722
urn:uuid:f875ea18-2b09-5157-88ee-fe2bc0090ac8,relation/unit/bab-3-kategori-diperkaya-dan-aditif/section/kategori-diperkaya-dan-aditif/covers/surface/unit-022/reference/ordinary/014,urn:uuid:92486b3a-ab2f-5e01-9591-97dde64dc3d9,covers,urn:uuid:8de920d1-21e5-5d7e-ab14-2ef2703ac70e,chapter3.tex:513-722
urn:uuid:8a208394-1a98-5f4c-b49b-8d846e53c180,relation/unit/bab-3-kategori-diperkaya-dan-aditif/section/kategori-diperkaya-dan-aditif/covers/surface/unit-022/reference/ordinary/015,urn:uuid:92486b3a-ab2f-5e01-9591-97dde64dc3d9,covers,urn:uuid:d8738771-62ee-5cc1-b682-edb4dd4a261a,chapter3.tex:513-722
urn:uuid:26422ba6-9e3f-5a4b-8c8e-a6bf3ae46a7a,relation/unit/bab-3-kategori-diperkaya-dan-aditif/section/kategori-diperkaya-dan-aditif/covers/surface/unit-022/terminology-row/001,urn:uuid:92486b3a-ab2f-5e01-9591-97dde64dc3d9,covers,urn:uuid:45cdb880-d5bb-5b81-9001-a7e71a56b908,chapter3.tex:513-722
urn:uuid:b356142c-db24-5ba8-8e22-acfe5ee4c712,relation/unit/bab-3-kategori-diperkaya-dan-aditif/section/kategori-diperkaya-dan-aditif/covers/surface/unit-022/terminology-row/002,urn:uuid:92486b3a-ab2f-5e01-9591-97dde64dc3d9,covers,urn:uuid:308c09fc-0e22-5bfb-8f80-76fc9aeb34db,chapter3.tex:513-722
urn:uuid:9d1721e9-f3bb-506e-b42a-479b017009cb,relation/unit/bab-3-kategori-diperkaya-dan-aditif/section/kategori-diperkaya-dan-aditif/covers/surface/unit-022/terminology-row/003,urn:uuid:92486b3a-ab2f-5e01-9591-97dde64dc3d9,covers,urn:uuid:d293204e-335c-522b-92f6-fc356acbb306,chapter3.tex:513-722
urn:uuid:2689932d-642f-55d8-a260-5147a4720c1d,relation/unit/bab-3-kategori-diperkaya-dan-aditif/section/kategori-diperkaya-dan-aditif/covers/surface/unit-022/terminology-row/004,urn:uuid:92486b3a-ab2f-5e01-9591-97dde64dc3d9,covers,urn:uuid:1470e6ed-de64-5dee-8d78-ac04a2eb49af,chapter3.tex:513-722
urn:uuid:17ac61f8-241d-59c7-9b18-32b0a1606c9e,relation/unit/bab-3-kategori-diperkaya-dan-aditif/section/kategori-diperkaya-dan-aditif/covers/surface/unit-022/terminology-row/005,urn:uuid:92486b3a-ab2f-5e01-9591-97dde64dc3d9,covers,urn:uuid:61a99c1d-3161-5790-a726-397668190ce9,chapter3.tex:513-722
urn:uuid:9985bfbd-bf8a-5e68-ad78-105bedb2d2d5,relation/unit/bab-3-kategori-diperkaya-dan-aditif/section/kategori-diperkaya-dan-aditif/covers/surface/unit-022/terminology-row/006,urn:uuid:92486b3a-ab2f-5e01-9591-97dde64dc3d9,covers,urn:uuid:7503e1cf-f390-542f-a94c-b6464d5a0b2a,chapter3.tex:513-722
urn:uuid:b7088533-5543-508b-b78c-f679da614f26,relation/unit/bab-3-kategori-diperkaya-dan-aditif/section/kategori-diperkaya-dan-aditif/covers/surface/unit-022/terminology-row/007,urn:uuid:92486b3a-ab2f-5e01-9591-97dde64dc3d9,covers,urn:uuid:364a2300-0c0d-5755-a021-0ec8f3a09071,chapter3.tex:513-722
urn:uuid:8d08a94e-1f37-5b3e-9d15-07c0eb169102,relation/unit/bab-3-kategori-diperkaya-dan-aditif/section/kategori-diperkaya-dan-aditif/covers/surface/unit-022/terminology-row/008,urn:uuid:92486b3a-ab2f-5e01-9591-97dde64dc3d9,covers,urn:uuid:23a1bb60-e0a4-542c-b42a-52131441ea83,chapter3.tex:513-722
urn:uuid:993adf76-9640-5e7e-b9c7-c299157acd31,relation/unit/bab-3-kategori-diperkaya-dan-aditif/section/kategori-diperkaya-dan-aditif/covers/surface/unit-022/terminology-row/009,urn:uuid:92486b3a-ab2f-5e01-9591-97dde64dc3d9,covers,urn:uuid:e901b9a5-75fd-5bcb-895c-b238d4fd58e9,chapter3.tex:513-722
urn:uuid:5ecd589a-2b7f-5548-beec-1b7ba7990ef0,relation/unit/bab-3-kategori-diperkaya-dan-aditif/section/kategori-diperkaya-dan-aditif/covers/surface/unit-022/terminology-row/010,urn:uuid:92486b3a-ab2f-5e01-9591-97dde64dc3d9,covers,urn:uuid:455548a3-c8cf-5ddb-852a-ea677ee02462,chapter3.tex:513-722
urn:uuid:2522fb8f-202f-565e-b508-92c5f91f44f7,relation/unit/bab-3-kategori-diperkaya-dan-aditif/section/kategori-diperkaya-dan-aditif/covers/surface/unit-022/terminology-row/011,urn:uuid:92486b3a-ab2f-5e01-9591-97dde64dc3d9,covers,urn:uuid:ae83877f-1ccd-5cb4-b161-1ba66014d3ec,chapter3.tex:513-722
urn:uuid:57afe4e0-898c-5b8c-af4e-6d1e7f5eee82,relation/unit/bab-3-kategori-diperkaya-dan-aditif/section/kategori-diperkaya-dan-aditif/governed-by/rights/principal-cc-by-4.0,urn:uuid:92486b3a-ab2f-5e01-9591-97dde64dc3d9,governed-by,urn:uuid:0baf6c47-021d-5310-9475-81519e710250,
urn:uuid:42c4e4eb-fa4f-5d97-a942-92a32f4c0abe,relation/unit/bab-3-kategori-diperkaya-dan-aditif/section/kategori-diperkaya-dan-aditif/includes-diagram/diagram/unit-022/tikzcd-01,urn:uuid:92486b3a-ab2f-5e01-9591-97dde64dc3d9,includes-diagram,urn:uuid:0d30b6f9-8222-5a76-a808-ce19ac1bdfef,chapter3.tex:573-576
urn:uuid:23f013c3-2d6a-5d6f-a98a-c0e82b72a20b,relation/unit/bab-3-kategori-diperkaya-dan-aditif/section/kategori-diperkaya-dan-aditif/includes-diagram/diagram/unit-022/tikzcd-02,urn:uuid:92486b3a-ab2f-5e01-9591-97dde64dc3d9,includes-diagram,urn:uuid:bdd90eaa-1475-5cec-98e5-e561cbb0c640,chapter3.tex:577-580
urn:uuid:8adae05c-14c4-5551-8a94-42ed35e27d2a,relation/unit/bab-3-kategori-diperkaya-dan-aditif/section/kategori-diperkaya-dan-aditif/includes-diagram/diagram/unit-022/tikzcd-03,urn:uuid:92486b3a-ab2f-5e01-9591-97dde64dc3d9,includes-diagram,urn:uuid:422dcfa0-6f13-5a51-80bc-14a483099839,chapter3.tex:587-591
urn:uuid:2c0ce442-5cd9-52b3-8b9d-9dca35d94619,relation/unit/bab-3-kategori-diperkaya-dan-aditif/section/kategori-diperkaya-dan-aditif/includes-diagram/diagram/unit-022/tikzcd-04,urn:uuid:92486b3a-ab2f-5e01-9591-97dde64dc3d9,includes-diagram,urn:uuid:aa33947b-8c0a-52b7-85d0-8bea7a4403e4,chapter3.tex:596-600
urn:uuid:1e34a6fb-fd67-52b4-8665-ae9909412bb7,relation/unit/bab-3-kategori-diperkaya-dan-aditif/section/kategori-diperkaya-dan-aditif/includes-diagram/diagram/unit-022/tikzcd-05,urn:uuid:92486b3a-ab2f-5e01-9591-97dde64dc3d9,includes-diagram,urn:uuid:d5e8661f-9a90-5052-aa00-f90bb82d3ea5,chapter3.tex:634-636
urn:uuid:b8bba025-3566-580e-8bca-42247bf99578,relation/unit/bab-3-kategori-diperkaya-dan-aditif/section/kategori-diperkaya-dan-aditif/includes-diagram/diagram/unit-022/tikzcd-06,urn:uuid:92486b3a-ab2f-5e01-9591-97dde64dc3d9,includes-diagram,urn:uuid:bafb4d03-96e8-5ee7-b63e-a3f1d0f2f9bd,chapter3.tex:639-639
urn:uuid:e025c467-ffaa-568b-b524-5311638f5aa3,relation/unit/bab-3-kategori-diperkaya-dan-aditif/section/kategori-diperkaya-dan-aditif/includes-diagram/diagram/unit-022/tikzpicture-01,urn:uuid:92486b3a-ab2f-5e01-9591-97dde64dc3d9,includes-diagram,urn:uuid:568e318e-f831-510b-ac4f-9b3579691f0c,chapter3.tex:520-524
urn:uuid:3d087499-215b-58d2-ad5a-72da71584e77,relation/unit/bab-3-kategori-diperkaya-dan-aditif/section/kategori-diperkaya-dan-aditif/includes-diagram/diagram/unit-022/tikzpicture-02,urn:uuid:92486b3a-ab2f-5e01-9591-97dde64dc3d9,includes-diagram,urn:uuid:5c8de8ac-dd72-5d74-8689-ae021b7be41c,chapter3.tex:539-551
urn:uuid:81c6b091-530b-594a-be16-286755bac7ac,relation/unit/bab-3-kategori-diperkaya-dan-aditif/section/kategori-diperkaya-dan-aditif/includes-diagram/diagram/unit-022/tikzpicture-03,urn:uuid:92486b3a-ab2f-5e01-9591-97dde64dc3d9,includes-diagram,urn:uuid:f269de96-49f2-562a-9fe4-749617f681cf,chapter3.tex:552-566
urn:uuid:4c12fff3-7a8c-5472-85f1-17caeb64c769,relation/unit/bab-3-kategori-diperkaya-dan-aditif/section/kategori-diperkaya-dan-aditif/indexes/index-entry/unit-022/ab-enriched-category,urn:uuid:92486b3a-ab2f-5e01-9591-97dde64dc3d9,indexes,urn:uuid:a537c591-feec-5dce-8b90-86b4a42aac76,chapter3.tex:612
urn:uuid:4bcc0d8e-0ec5-5cef-b6b9-3d2c780cabb9,relation/unit/bab-3-kategori-diperkaya-dan-aditif/section/kategori-diperkaya-dan-aditif/indexes/index-entry/unit-022/additive-category,urn:uuid:92486b3a-ab2f-5e01-9591-97dde64dc3d9,indexes,urn:uuid:e0032ee8-68f0-5562-844c-80e4e564730d,chapter3.tex:703
urn:uuid:0eaf4b8b-f91e-5648-9ae8-1674ea13a1c4,relation/unit/bab-3-kategori-diperkaya-dan-aditif/section/kategori-diperkaya-dan-aditif/indexes/index-entry/unit-022/additive-functor,urn:uuid:92486b3a-ab2f-5e01-9591-97dde64dc3d9,indexes,urn:uuid:a50e82aa-08fb-55c5-8b54-e9bbec8bc50e,chapter3.tex:703
urn:uuid:53268422-dbc2-5ee6-826d-7379b8717694,relation/unit/bab-3-kategori-diperkaya-dan-aditif/section/kategori-diperkaya-dan-aditif/indexes/index-entry/unit-022/biproduct,urn:uuid:92486b3a-ab2f-5e01-9591-97dde64dc3d9,indexes,urn:uuid:59699943-aa74-5433-98c1-a38a2708cfc4,chapter3.tex:632
urn:uuid:2949fbd0-a969-5ce4-9584-5a9f83848f03,relation/unit/bab-3-kategori-diperkaya-dan-aditif/section/kategori-diperkaya-dan-aditif/indexes/index-entry/unit-022/enriched-category,urn:uuid:92486b3a-ab2f-5e01-9591-97dde64dc3d9,indexes,urn:uuid:e6feaa6a-f556-5752-bf32-772302217eff,chapter3.tex:527
urn:uuid:4aefeb71-ca93-5344-ba51-26b34ac155f6,relation/unit/bab-3-kategori-diperkaya-dan-aditif/section/kategori-diperkaya-dan-aditif/indexes/index-entry/unit-022/enriched-equivalence,urn:uuid:92486b3a-ab2f-5e01-9591-97dde64dc3d9,indexes,urn:uuid:c6fdf354-84a3-5122-b0f2-0e1485a844ce,chapter3.tex:602
urn:uuid:17846e94-530c-5bcf-bfab-bad4b223cbb2,relation/unit/bab-3-kategori-diperkaya-dan-aditif/section/kategori-diperkaya-dan-aditif/indexes/index-entry/unit-022/enriched-functor,urn:uuid:92486b3a-ab2f-5e01-9591-97dde64dc3d9,indexes,urn:uuid:42edbe08-c880-5d27-9c7c-27686dee28af,chapter3.tex:571
urn:uuid:0dc30ffa-e786-5c0b-8bf5-88b3904442b3,relation/unit/bab-3-kategori-diperkaya-dan-aditif/section/kategori-diperkaya-dan-aditif/indexes/index-entry/unit-022/enriched-hom-symbol,urn:uuid:92486b3a-ab2f-5e01-9591-97dde64dc3d9,indexes,urn:uuid:37afc1f9-5022-53bc-94cd-ba7db0cfb451,chapter3.tex:528
urn:uuid:cf94ba6b-91c9-5e2d-b66f-fbd0712bcd90,relation/unit/bab-3-kategori-diperkaya-dan-aditif/section/kategori-diperkaya-dan-aditif/indexes/index-entry/unit-022/enriched-natural-transformation,urn:uuid:92486b3a-ab2f-5e01-9591-97dde64dc3d9,indexes,urn:uuid:2255020b-e100-5d85-9938-e38adb5dc067,chapter3.tex:594
urn:uuid:e583c398-2c02-53d2-8781-29d22a0fc5e6,relation/unit/bab-3-kategori-diperkaya-dan-aditif/section/kategori-diperkaya-dan-aditif/indexes/index-entry/unit-022/topological-category,urn:uuid:92486b3a-ab2f-5e01-9591-97dde64dc3d9,indexes,urn:uuid:3f5d876c-c0df-5d0a-9657-81151c2acdc6,chapter3.tex:608
urn:uuid:a4603964-178c-5a08-86c9-fa3faefb2d75,relation/unit/bab-3-kategori-diperkaya-dan-aditif/section/kategori-diperkaya-dan-aditif/requires/prerequisite/categories-and-morphisms,urn:uuid:92486b3a-ab2f-5e01-9591-97dde64dc3d9,requires,urn:uuid:dd69ccfd-7399-53a2-83fe-84127b1baf1d,chapter3.tex:513-722
urn:uuid:4b461e0d-bd2d-5144-a842-4ae971f2d66b,relation/unit/bab-3-kategori-diperkaya-dan-aditif/section/kategori-diperkaya-dan-aditif/requires/prerequisite/elementary-set-theory,urn:uuid:92486b3a-ab2f-5e01-9591-97dde64dc3d9,requires,urn:uuid:00f7d0ea-1b60-51da-843f-cca760a368e4,chapter3.tex:513-722
urn:uuid:72068a92-55a8-5a84-ad50-40adff3bbf33,relation/unit/bab-3-kategori-diperkaya-dan-aditif/section/kategori-diperkaya-dan-aditif/requires/prerequisite/functor-categories,urn:uuid:92486b3a-ab2f-5e01-9591-97dde64dc3d9,requires,urn:uuid:e3c2ed29-b6a0-5f8d-9613-6f2b41d962c8,chapter3.tex:513-722
urn:uuid:966b751d-5aac-5557-8d1e-78cc330da65b,relation/unit/bab-3-kategori-diperkaya-dan-aditif/section/kategori-diperkaya-dan-aditif/requires/prerequisite/functors-and-natural-transformations,urn:uuid:92486b3a-ab2f-5e01-9591-97dde64dc3d9,requires,urn:uuid:3e864ace-90f6-56b3-8ce5-2e0690dbc9f8,chapter3.tex:513-722
urn:uuid:ecb4030a-a78e-5b2c-b261-67a0e723bcdb,relation/unit/bab-3-kategori-diperkaya-dan-aditif/section/kategori-diperkaya-dan-aditif/requires/prerequisite/limits-and-colimits,urn:uuid:92486b3a-ab2f-5e01-9591-97dde64dc3d9,requires,urn:uuid:c0b1a30a-634a-5e76-98d3-49bde5a5821c,chapter3.tex:513-722
urn:uuid:c1524781-510c-5dd0-abf5-aa9b4de51f72,relation/unit/bab-3-kategori-diperkaya-dan-aditif/section/kategori-diperkaya-dan-aditif/requires/prerequisite/point-set-topology,urn:uuid:92486b3a-ab2f-5e01-9591-97dde64dc3d9,requires,urn:uuid:6a61cd7e-28fe-5c64-9573-cf9ab46e5e96,chapter3.tex:513-722
urn:uuid:8d985905-2b0a-599f-8400-56e82a5a0ff9,relation/unit/bab-3-kategori-diperkaya-dan-aditif/section/kategori-diperkaya-dan-aditif/requires/prerequisite/representable-functors-and-yoneda,urn:uuid:92486b3a-ab2f-5e01-9591-97dde64dc3d9,requires,urn:uuid:9fac54c6-e671-58b9-b840-4799739adb1e,chapter3.tex:513-722
urn:uuid:9a489040-5944-5e42-8a39-7ff9e4b837be,relation/unit/bab-3-kategori-diperkaya-dan-aditif/section/kategori-diperkaya-dan-aditif/requires/prerequisite/universal-properties-and-comma-categories,urn:uuid:92486b3a-ab2f-5e01-9591-97dde64dc3d9,requires,urn:uuid:8cab24d2-0f78-5bf9-96f8-5b2f2b07168d,chapter3.tex:513-722
