relation_id,relation_key,source_id,predicate,target_id,evidence
urn:uuid:32eea134-a7bc-5a9f-ae52-68d2354a649e,relation/build-surface/unit-021-pdf/governed-by/rights/ajbook-fragment-cc-by-sa-3.0,urn:uuid:96892295-6b13-5470-95e4-8d4caa6839c0,governed-by,urn:uuid:10faf5cd-990f-5850-87b4-26922b062485,
urn:uuid:8b2b8492-f31e-593a-b098-2f60d1f93149,relation/build-surface/unit-021-pdf/governed-by/rights/noto-fonts-ofl-1.1,urn:uuid:96892295-6b13-5470-95e4-8d4caa6839c0,governed-by,urn:uuid:b9f7a7a7-8e18-507a-b72e-b5de733a7430,
urn:uuid:3253b4d3-8c86-59cf-b5b7-74532e93b82b,relation/build-surface/unit-021-pdf/governed-by/rights/principal-cc-by-4.0,urn:uuid:96892295-6b13-5470-95e4-8d4caa6839c0,governed-by,urn:uuid:0baf6c47-021d-5310-9475-81519e710250,
urn:uuid:53d067a9-5de9-5fda-80de-fadd94073da9,relation/course/o013/requires/prerequisite/basic-mathematical-literacy,urn:uuid:a5f3ad58-ce3c-5f5f-b581-1f842ae79192,requires,urn:uuid:8fb6c957-7285-5258-978c-e1369c7e39d7,prelude.tex:49-60
urn:uuid:6af4c728-a07b-5571-a30d-9ee62c1a5a6e,relation/course/o013/requires/prerequisite/cauchy-sequences-and-completeness,urn:uuid:a5f3ad58-ce3c-5f5f-b581-1f842ae79192,requires,urn:uuid:b9018862-5027-50f5-9947-a9a9526cc91f,prelude.tex:49-60
urn:uuid:cdc5bef1-ed82-58de-9b13-95ec2357d9af,relation/course/o013/requires/prerequisite/elementary-number-theory,urn:uuid:a5f3ad58-ce3c-5f5f-b581-1f842ae79192,requires,urn:uuid:cae14762-1ca0-5a11-aad9-20c81d540fee,prelude.tex:49-60
urn:uuid:de5cce3e-de42-54c1-898b-fcd09a991c8d,relation/course/o013/requires/prerequisite/elementary-set-theory,urn:uuid:a5f3ad58-ce3c-5f5f-b581-1f842ae79192,requires,urn:uuid:00f7d0ea-1b60-51da-843f-cca760a368e4,prelude.tex:49-60
urn:uuid:922e2514-3fa4-5b3d-86e1-836505ce7783,relation/course/o013/requires/prerequisite/linear-transformations,urn:uuid:a5f3ad58-ce3c-5f5f-b581-1f842ae79192,requires,urn:uuid:9ef76bd8-39cf-5b09-8c2d-2d8c95f91aec,prelude.tex:49-60
urn:uuid:74ce1984-1114-53f2-a033-f2e9c028f4ee,relation/course/o013/requires/prerequisite/mathematical-logic,urn:uuid:a5f3ad58-ce3c-5f5f-b581-1f842ae79192,requires,urn:uuid:451f60c6-04ab-54a7-9d74-9dee65d088b7,prelude.tex:49-60
urn:uuid:18ee0c4f-7e83-55ce-b990-c9ff64548532,relation/course/o013/requires/prerequisite/matrices,urn:uuid:a5f3ad58-ce3c-5f5f-b581-1f842ae79192,requires,urn:uuid:d4260077-2f56-5951-8fe1-2dc390f81288,prelude.tex:49-60
urn:uuid:fe264b2f-dbe8-5589-8cb1-d75a56744c5a,relation/course/o013/requires/prerequisite/permutations-and-symmetric-groups,urn:uuid:a5f3ad58-ce3c-5f5f-b581-1f842ae79192,requires,urn:uuid:ee7d907b-05bc-5def-81d5-7fcd351829b8,prelude.tex:49-60
urn:uuid:b09b00b5-df77-5d64-94da-753d1b21fef4,relation/course/o013/requires/prerequisite/point-set-topology,urn:uuid:a5f3ad58-ce3c-5f5f-b581-1f842ae79192,requires,urn:uuid:6a61cd7e-28fe-5c64-9573-cf9ab46e5e96,prelude.tex:49-60
urn:uuid:ed32b23d-1271-5fa2-948f-562f6f29a2c2,relation/course/o013/requires/prerequisite/polynomials,urn:uuid:a5f3ad58-ce3c-5f5f-b581-1f842ae79192,requires,urn:uuid:15245348-aca2-5814-9ca8-0fce14044e14,prelude.tex:49-60
urn:uuid:59f7a53e-63b6-5f7d-a2ba-9f942e60d2cf,relation/course/o013/requires/prerequisite/real-analysis-basics,urn:uuid:a5f3ad58-ce3c-5f5f-b581-1f842ae79192,requires,urn:uuid:4eedb52d-6e0a-5379-b39c-5043b067c49f,prelude.tex:49-60
urn:uuid:f4f655a5-427a-5113-b6d6-fff3511fadfd,relation/course/o013/requires/prerequisite/vector-spaces,urn:uuid:a5f3ad58-ce3c-5f5f-b581-1f842ae79192,requires,urn:uuid:dfd6d864-afe6-5d0e-90f7-c130241cf396,prelude.tex:49-60
urn:uuid:671c70bd-307b-5cb8-a6cc-698df22eb60a,relation/course/o013/uses-resource/resource/wenweili/aljabr-1,urn:uuid:a5f3ad58-ce3c-5f5f-b581-1f842ae79192,uses-resource,urn:uuid:a72e8c67-4b46-5049-b626-479af39b5397,
urn:uuid:cd24de12-9906-52c6-8133-1aaef569b95b,relation/diagram/unit-021/tikzcd-01/governed-by/rights/principal-cc-by-4.0,urn:uuid:63f46d94-e0e0-5f28-8928-650418ecd837,governed-by,urn:uuid:0baf6c47-021d-5310-9475-81519e710250,
urn:uuid:1b7e427f-1bd3-5ae9-86c1-f9b3c3fceee4,relation/diagram/unit-021/tikzcd-02/governed-by/rights/principal-cc-by-4.0,urn:uuid:b2cb0215-0f72-50a7-880c-ad1f0e7a7c57,governed-by,urn:uuid:0baf6c47-021d-5310-9475-81519e710250,
urn:uuid:5c7a164f-895b-546f-a0c0-c09fc5e66fb6,relation/diagram/unit-021/tikzcd-03/governed-by/rights/principal-cc-by-4.0,urn:uuid:4b388e01-a28c-5bad-8ea2-96c1226eb348,governed-by,urn:uuid:0baf6c47-021d-5310-9475-81519e710250,
urn:uuid:b964a9b8-782c-57b7-aeb5-8cab830b855a,relation/diagram/unit-021/tikzcd-04/governed-by/rights/principal-cc-by-4.0,urn:uuid:a4f5fa6b-793f-5498-b3d0-cab7b8234714,governed-by,urn:uuid:0baf6c47-021d-5310-9475-81519e710250,
urn:uuid:162a2a3e-bf44-5fe0-807f-2b5d881b783e,relation/diagram/unit-021/tikzcd-05/governed-by/rights/principal-cc-by-4.0,urn:uuid:fd9d6e6e-ed95-5add-9900-b9394f306a2d,governed-by,urn:uuid:0baf6c47-021d-5310-9475-81519e710250,
urn:uuid:227d91a4-064c-5d7a-936b-cffa50f9f333,relation/diagram/unit-021/tikzcd-06/governed-by/rights/principal-cc-by-4.0,urn:uuid:eb759465-32de-548f-a83c-dd317229da4f,governed-by,urn:uuid:0baf6c47-021d-5310-9475-81519e710250,
urn:uuid:42267c8a-78a6-5e69-bc79-2e3230566196,relation/diagram/unit-021/tikzpicture-01/governed-by/rights/principal-cc-by-4.0,urn:uuid:f1c0ecb1-f406-596c-80f7-6ab1a8e29ad6,governed-by,urn:uuid:0baf6c47-021d-5310-9475-81519e710250,
urn:uuid:9bbec1b4-7377-5f0b-8d21-1b7c5d73e221,relation/diagram/unit-021/tikzpicture-02/governed-by/rights/principal-cc-by-4.0,urn:uuid:fd4a26da-142d-583e-b361-19a08449978b,governed-by,urn:uuid:0baf6c47-021d-5310-9475-81519e710250,
urn:uuid:5867125d-199b-56ec-b0f4-e60b9bfcd00f,relation/diagram/unit-021/tikzpicture-03/governed-by/rights/principal-cc-by-4.0,urn:uuid:314b013e-0818-529d-9a89-5d19fe5628c1,governed-by,urn:uuid:0baf6c47-021d-5310-9475-81519e710250,
urn:uuid:ba925159-e5e1-55a3-9a17-b7f00f009a36,relation/diagram/unit-021/tikzpicture-04/governed-by/rights/principal-cc-by-4.0,urn:uuid:df683b4e-9730-5950-9326-e9c0df92f332,governed-by,urn:uuid:0baf6c47-021d-5310-9475-81519e710250,
urn:uuid:0ce27082-42f2-5661-8e77-1163000580f3,relation/diagram/unit-021/tikzpicture-05/governed-by/rights/principal-cc-by-4.0,urn:uuid:5a938367-d119-5732-b8e4-8e25862f1bc5,governed-by,urn:uuid:0baf6c47-021d-5310-9475-81519e710250,
urn:uuid:75dcb880-9829-54a6-aae7-2adb1f652934,relation/diagram/unit-021/tikzpicture-06/governed-by/rights/principal-cc-by-4.0,urn:uuid:de70c1d0-5da1-550a-b8c0-019db55ea131,governed-by,urn:uuid:0baf6c47-021d-5310-9475-81519e710250,
urn:uuid:c628dc66-525d-51f6-b0cc-2806f0593898,relation/diagram/unit-021/tikzpicture-07/governed-by/rights/principal-cc-by-4.0,urn:uuid:03eb9f51-445f-57ec-a5d7-b3e0675b0436,governed-by,urn:uuid:0baf6c47-021d-5310-9475-81519e710250,
urn:uuid:eb5bab8c-1e6e-51e8-af05-3df606c1a962,relation/diagram/unit-021/tikzpicture-08/governed-by/rights/principal-cc-by-4.0,urn:uuid:d4e5a4e0-69da-519a-8b4f-ad097c6ad874,governed-by,urn:uuid:0baf6c47-021d-5310-9475-81519e710250,
urn:uuid:83256737-d926-557d-99d8-95753012738d,relation/diagram/unit-021/tikzpicture-09/governed-by/rights/principal-cc-by-4.0,urn:uuid:077b50f5-7662-57cc-b23a-ec18be814d72,governed-by,urn:uuid:0baf6c47-021d-5310-9475-81519e710250,
urn:uuid:b205258a-2a99-5f3f-bbf0-0373ec5b0371,relation/diagram/unit-021/tikzpicture-10/governed-by/rights/principal-cc-by-4.0,urn:uuid:28bc217e-c0c5-5e38-9b97-176f3198da6a,governed-by,urn:uuid:0baf6c47-021d-5310-9475-81519e710250,
urn:uuid:5c92f924-befd-5a73-b03b-33427beff95e,relation/diagram/unit-021/tikzpicture-11/governed-by/rights/principal-cc-by-4.0,urn:uuid:3a59c012-ae30-509e-8131-88afce3fafda,governed-by,urn:uuid:0baf6c47-021d-5310-9475-81519e710250,
urn:uuid:91365189-bb24-5e7c-bdb9-297f9088f9b9,relation/diagram/unit-021/tikzpicture-12/governed-by/rights/principal-cc-by-4.0,urn:uuid:fc5d0cd8-7aa4-5217-9f5e-40eee9ea8d52,governed-by,urn:uuid:0baf6c47-021d-5310-9475-81519e710250,
urn:uuid:6b9aefc2-a8e5-53b1-988d-1aab2efd6c93,relation/diagram/unit-021/tikzpicture-13/governed-by/rights/principal-cc-by-4.0,urn:uuid:c98175a9-025f-521c-87f5-7e6d5664cba2,governed-by,urn:uuid:0baf6c47-021d-5310-9475-81519e710250,
urn:uuid:5a39350f-04b7-560b-bf73-2a773ffab154,relation/diagram/unit-021/tikzpicture-14/governed-by/rights/principal-cc-by-4.0,urn:uuid:ca15f691-5ad3-5159-9bbf-a275e99049b6,governed-by,urn:uuid:0baf6c47-021d-5310-9475-81519e710250,
urn:uuid:712e6935-5a7d-5afd-9bc6-5b7fda253d17,relation/diagram/unit-021/tikzpicture-15/governed-by/rights/principal-cc-by-4.0,urn:uuid:9cc57235-c373-52c5-9016-24f2642fa4eb,governed-by,urn:uuid:0baf6c47-021d-5310-9475-81519e710250,
urn:uuid:cbf0a24d-193f-59aa-a3c2-8bc222716a8d,relation/diagram/unit-021/tikzpicture-16/governed-by/rights/principal-cc-by-4.0,urn:uuid:08b432c0-956e-5749-8a0f-2332be47b470,governed-by,urn:uuid:0baf6c47-021d-5310-9475-81519e710250,
urn:uuid:0b7e49d0-4ba7-5564-b95f-29065ed5d99b,relation/diagram/unit-021/tikzpicture-17/governed-by/rights/principal-cc-by-4.0,urn:uuid:bf314aa4-d8f7-5b4f-9c31-4768546a59b9,governed-by,urn:uuid:0baf6c47-021d-5310-9475-81519e710250,
urn:uuid:1c5da86c-3ce4-51d2-8d79-4a3e9e5f35db,relation/edition/wenweili/aljabr-1/c4f7a01f68f5f407906b4b970640cddbbad85f6b/contains/unit/bab-3-struktur-kepang,urn:uuid:df2d23de-7370-5da5-ad49-42fb7c718c49,contains,urn:uuid:ef05d666-247c-5660-9564-b612ff983074,chapter3.tex:307-512
urn:uuid:f43da1b4-0053-5379-9911-864a80e9df27,relation/program/open-mathematics-curriculum/2026/contains/course/o013,urn:uuid:9d8d0610-2560-5376-8679-5a9418407a78,contains,urn:uuid:a5f3ad58-ce3c-5f5f-b581-1f842ae79192,
urn:uuid:03dde2e7-13e9-5147-9aac-4160466fd402,relation/resource/wenweili/aljabr-1/has-edition/edition/wenweili/aljabr-1/c4f7a01f68f5f407906b4b970640cddbbad85f6b,urn:uuid:a72e8c67-4b46-5049-b626-479af39b5397,has-edition,urn:uuid:df2d23de-7370-5da5-ad49-42fb7c718c49,
urn:uuid:15c28567-a04c-5775-a6ce-f0a2e0483de8,relation/unit/bab-3-struktur-kepang/built-by/build-surface/unit-021-pdf,urn:uuid:ef05d666-247c-5660-9564-b612ff983074,built-by,urn:uuid:96892295-6b13-5470-95e4-8d4caa6839c0,
urn:uuid:cc2db766-0359-5e69-be95-37fe29106d69,relation/unit/bab-3-struktur-kepang/checked-by/qa/unit-021/admission-gate,urn:uuid:ef05d666-247c-5660-9564-b612ff983074,checked-by,urn:uuid:d2817a62-6570-51b8-b7e6-b0ca4e495dec,
urn:uuid:39c1653e-0348-57d1-a698-19baadeff5a1,relation/unit/bab-3-struktur-kepang/checked-by/qa/unit-021/all-page-visual-review,urn:uuid:ef05d666-247c-5660-9564-b612ff983074,checked-by,urn:uuid:0bb50bc0-821a-52b7-8542-12252a1591f7,
urn:uuid:952a734d-7544-518e-b918-06ef37a07781,relation/unit/bab-3-struktur-kepang/checked-by/qa/unit-021/math-structure-review,urn:uuid:ef05d666-247c-5660-9564-b612ff983074,checked-by,urn:uuid:93659400-6392-5a16-bc64-38d2224aa3f3,
urn:uuid:94f9638e-995c-5d0e-804b-2e67b3a45696,relation/unit/bab-3-struktur-kepang/checked-by/qa/unit-021/render-replay,urn:uuid:ef05d666-247c-5660-9564-b612ff983074,checked-by,urn:uuid:44844e35-879d-5151-b333-b580d9cc3a7c,
urn:uuid:993a80e9-01f4-53b3-9432-ff17b72f6e2f,relation/unit/bab-3-struktur-kepang/checked-by/qa/unit-021/source-corrections,urn:uuid:ef05d666-247c-5660-9564-b612ff983074,checked-by,urn:uuid:6f27516a-3a76-5af3-b0dc-01643ae3dedf,
urn:uuid:37ca48da-0cb0-56e3-a5eb-c2a15a813da2,relation/unit/bab-3-struktur-kepang/checked-by/qa/unit-021/source-review,urn:uuid:ef05d666-247c-5660-9564-b612ff983074,checked-by,urn:uuid:951e5fc5-8594-5019-bbfb-72a83baa7d22,
urn:uuid:072aa0d2-fdd1-523c-9b43-bd4c38fc132a,relation/unit/bab-3-struktur-kepang/checked-by/qa/unit-021/structure-check,urn:uuid:ef05d666-247c-5660-9564-b612ff983074,checked-by,urn:uuid:70e8fd67-7351-587a-8c0a-d30c95229eab,
urn:uuid:930748fe-dca6-55b1-910b-89d9b67913b7,relation/unit/bab-3-struktur-kepang/checked-by/qa/unit-021/terminology-control,urn:uuid:ef05d666-247c-5660-9564-b612ff983074,checked-by,urn:uuid:b5a96516-a8de-52a4-9e63-ae327c4a178f,
urn:uuid:00cdfa7a-159f-5b17-bf52-a11ab5ae8c48,relation/unit/bab-3-struktur-kepang/checked-by/qa/unit-021/terminology-evidence,urn:uuid:ef05d666-247c-5660-9564-b612ff983074,checked-by,urn:uuid:b40e024c-69c3-5e6e-af29-3ed2147700ca,
urn:uuid:76236b25-145e-5a2d-9b81-800ad8690048,relation/unit/bab-3-struktur-kepang/contains/unit/bab-3-struktur-kepang/section/struktur-kepang,urn:uuid:ef05d666-247c-5660-9564-b612ff983074,contains,urn:uuid:d61d193e-237c-510c-9846-502957c48b12,chapter3.tex:307-512
urn:uuid:c2ce0dd3-01a6-5ca4-85f5-5748ca7c4cd0,relation/unit/bab-3-struktur-kepang/covers/concept/artin-braid-group,urn:uuid:ef05d666-247c-5660-9564-b612ff983074,covers,urn:uuid:eb171392-b5fc-5dcf-99ef-240b0fce4805,
urn:uuid:f55538d3-8b2a-5139-bda0-3f5f5473c2ff,relation/unit/bab-3-struktur-kepang/covers/concept/associativity-constraint,urn:uuid:ef05d666-247c-5660-9564-b612ff983074,covers,urn:uuid:9cdc71d9-0940-555e-a46a-21049ceb1608,
urn:uuid:1e44b36f-c784-56c7-99d6-58f041d8f9c5,relation/unit/bab-3-struktur-kepang/covers/concept/braid,urn:uuid:ef05d666-247c-5660-9564-b612ff983074,covers,urn:uuid:26a1e735-08d1-5d3f-b7fc-6da548acb23d,
urn:uuid:4adece42-f42b-527d-8cdd-f20936c6c0c9,relation/unit/bab-3-struktur-kepang/covers/concept/braid-category,urn:uuid:ef05d666-247c-5660-9564-b612ff983074,covers,urn:uuid:a0e0a0be-371c-58c2-a41e-f330479f3096,
urn:uuid:e6eac9c9-7a74-573b-8116-e4c3f56da62c,relation/unit/bab-3-struktur-kepang/covers/concept/braid-equivalence,urn:uuid:ef05d666-247c-5660-9564-b612ff983074,covers,urn:uuid:c6e134b7-5138-5449-88bb-6ce288a72f98,
urn:uuid:1d8d5672-eec0-5238-80aa-094ff786178f,relation/unit/bab-3-struktur-kepang/covers/concept/braid-group,urn:uuid:ef05d666-247c-5660-9564-b612ff983074,covers,urn:uuid:9de7967d-48de-53aa-bbe6-571364729d1b,
urn:uuid:82896018-08d0-5984-890e-b25d44eb1798,relation/unit/bab-3-struktur-kepang/covers/concept/braid-juxtaposition,urn:uuid:ef05d666-247c-5660-9564-b612ff983074,covers,urn:uuid:4108acdd-bad2-537d-9442-a2aac9f45265,
urn:uuid:d9c499de-91ed-5bba-a9c9-62e3c63bcc4f,relation/unit/bab-3-struktur-kepang/covers/concept/braided-monoidal-category,urn:uuid:ef05d666-247c-5660-9564-b612ff983074,covers,urn:uuid:05e2395e-acfd-518f-9539-487b6bbff7d2,
urn:uuid:2eb6c01c-b605-5518-8034-fff8d82f98c8,relation/unit/bab-3-struktur-kepang/covers/concept/braided-monoidal-functor,urn:uuid:ef05d666-247c-5660-9564-b612ff983074,covers,urn:uuid:ebbdf06b-bbf9-5bc7-ac6c-ced9766bc0e9,
urn:uuid:d108729d-6031-5fb4-9e31-705d0ef7f541,relation/unit/bab-3-struktur-kepang/covers/concept/braiding-monoidal-category,urn:uuid:ef05d666-247c-5660-9564-b612ff983074,covers,urn:uuid:7fb74cec-0499-5805-88ea-2ee4bce2c7c7,
urn:uuid:238f0410-e6af-51df-9e56-446482a4978b,relation/unit/bab-3-struktur-kepang/covers/concept/commutativity-constraint,urn:uuid:ef05d666-247c-5660-9564-b612ff983074,covers,urn:uuid:9704a508-c5a3-5382-b79a-1f9bf0d79413,
urn:uuid:c4327dc8-bdff-5fc5-b53c-8933cbcd34bb,relation/unit/bab-3-struktur-kepang/covers/concept/configuration-space,urn:uuid:ef05d666-247c-5660-9564-b612ff983074,covers,urn:uuid:e40fd80a-3183-54e6-83c4-a59ee2097807,
urn:uuid:50af2960-2f32-59fc-a446-c2f8fa2cce0f,relation/unit/bab-3-struktur-kepang/covers/concept/fundamental-group,urn:uuid:ef05d666-247c-5660-9564-b612ff983074,covers,urn:uuid:9478f6b3-21ab-55af-abe7-73e1ab91ccd7,
urn:uuid:dac3f91c-2680-5783-a9c7-fd18e770c131,relation/unit/bab-3-struktur-kepang/covers/concept/hexagon-axiom,urn:uuid:ef05d666-247c-5660-9564-b612ff983074,covers,urn:uuid:81165e17-14b7-5fda-8b39-23d54fcf36cb,
urn:uuid:fd085644-a9a7-5268-881d-96cea86ef811,relation/unit/bab-3-struktur-kepang/covers/concept/module-tensor-product,urn:uuid:ef05d666-247c-5660-9564-b612ff983074,covers,urn:uuid:0260ce92-0103-5dd9-b5b8-c7d5f439d76e,
urn:uuid:53737748-42c8-5fc2-bc8f-f2760883716a,relation/unit/bab-3-struktur-kepang/covers/concept/monoidal-category,urn:uuid:ef05d666-247c-5660-9564-b612ff983074,covers,urn:uuid:168a49b3-f968-5460-883e-75f186b10488,
urn:uuid:fc144bf6-4a0b-5fc2-a023-528ba138df9b,relation/unit/bab-3-struktur-kepang/covers/concept/naturality,urn:uuid:ef05d666-247c-5660-9564-b612ff983074,covers,urn:uuid:d83d9adc-4a52-5986-baac-78f1c38b337a,
urn:uuid:6002c32f-446d-561c-a133-00e2ce5d2fbb,relation/unit/bab-3-struktur-kepang/covers/concept/strict-monoidal-category,urn:uuid:ef05d666-247c-5660-9564-b612ff983074,covers,urn:uuid:7c30cb87-c288-52af-b35c-7383f89471b3,
urn:uuid:74473e20-e78f-5a15-8560-b5776d500667,relation/unit/bab-3-struktur-kepang/covers/concept/symmetric-group,urn:uuid:ef05d666-247c-5660-9564-b612ff983074,covers,urn:uuid:466b1220-9ccc-56d2-a193-0cad39523da3,
urn:uuid:1636dbae-20b5-5a6a-b825-cfbdc183c03e,relation/unit/bab-3-struktur-kepang/covers/concept/symmetric-monoidal-category,urn:uuid:ef05d666-247c-5660-9564-b612ff983074,covers,urn:uuid:9873ba00-cb66-54cf-a45d-396fecdc685c,
urn:uuid:a4280315-e26f-5498-8c71-3cea278f5a9e,relation/unit/bab-3-struktur-kepang/covers/concept/tensor-product,urn:uuid:ef05d666-247c-5660-9564-b612ff983074,covers,urn:uuid:032521ac-2210-5825-8dc3-0491a41bc792,
urn:uuid:cd7f968e-522e-51aa-a63f-1fcebe3c0f7f,relation/unit/bab-3-struktur-kepang/covers/concept/unit-constraint,urn:uuid:ef05d666-247c-5660-9564-b612ff983074,covers,urn:uuid:23619e4d-1602-5850-b63b-99615a6a57eb,
urn:uuid:bace36ff-16ef-5590-ae10-a6d34cf605bd,relation/unit/bab-3-struktur-kepang/covers/concept/unit-object,urn:uuid:ef05d666-247c-5660-9564-b612ff983074,covers,urn:uuid:e82a27ee-59d2-58b5-a592-d7f8adf9553c,
urn:uuid:ff98676a-6dbe-57d0-9b7a-a1bf857729b5,relation/unit/bab-3-struktur-kepang/covers/concept/yang-baxter-equation,urn:uuid:ef05d666-247c-5660-9564-b612ff983074,covers,urn:uuid:38a1e0d5-c6ed-59d7-a961-bfdf822b1cef,
urn:uuid:5873df3e-c174-5bff-9ae3-3c8a825196fc,relation/unit/bab-3-struktur-kepang/covers/correction/o013-li-u021-cor-001,urn:uuid:ef05d666-247c-5660-9564-b612ff983074,covers,urn:uuid:c1c7c86a-eb69-55c9-8b59-bf9ab647e4cd,
urn:uuid:4ba7952c-5403-5ab1-b7cd-d7c06655bbeb,relation/unit/bab-3-struktur-kepang/covers/correction/o013-li-u021-cor-002,urn:uuid:ef05d666-247c-5660-9564-b612ff983074,covers,urn:uuid:1b4f537c-5792-5e76-be30-575205cdb3ed,
urn:uuid:c510660d-ed3e-528d-835d-53b7b897be75,relation/unit/bab-3-struktur-kepang/covers/correction/o013-li-u021-ed-001,urn:uuid:ef05d666-247c-5660-9564-b612ff983074,covers,urn:uuid:6e069c3b-431a-5440-9b7f-5ea6d54713a6,
urn:uuid:f3141235-008e-5f06-bd42-4deb188afa69,relation/unit/bab-3-struktur-kepang/covers/surface/unit-021/citation-occurrence/001,urn:uuid:ef05d666-247c-5660-9564-b612ff983074,covers,urn:uuid:f8346236-088c-53da-9e66-521139703ab9,
urn:uuid:32fd7e82-673b-5010-9e4a-d8702fe47647,relation/unit/bab-3-struktur-kepang/covers/surface/unit-021/citation-occurrence/002,urn:uuid:ef05d666-247c-5660-9564-b612ff983074,covers,urn:uuid:ceaf1d17-21bc-5d66-87c1-883c0a27f9ff,
urn:uuid:8b16218b-bda9-50ff-a689-1b6e6107aa79,relation/unit/bab-3-struktur-kepang/covers/surface/unit-021/diagram-arrow/001,urn:uuid:ef05d666-247c-5660-9564-b612ff983074,covers,urn:uuid:eb0fd0f2-b3fa-5863-9e66-8727e988b0b6,
urn:uuid:34986b1c-cf9f-549a-9dc7-b0ae30295eda,relation/unit/bab-3-struktur-kepang/covers/surface/unit-021/diagram-arrow/002,urn:uuid:ef05d666-247c-5660-9564-b612ff983074,covers,urn:uuid:c29f326f-d588-558f-8474-ddd04632ec1b,
urn:uuid:7815c340-4f12-51d2-abb5-c4e35a2225f5,relation/unit/bab-3-struktur-kepang/covers/surface/unit-021/diagram-arrow/003,urn:uuid:ef05d666-247c-5660-9564-b612ff983074,covers,urn:uuid:bdff0c7e-64f3-5725-b819-521586e0b897,
urn:uuid:293ec95a-5cbd-5cef-8597-19ef8c8def26,relation/unit/bab-3-struktur-kepang/covers/surface/unit-021/diagram-arrow/004,urn:uuid:ef05d666-247c-5660-9564-b612ff983074,covers,urn:uuid:9c0330ef-a645-5825-8b2b-bf9040d8a5db,
urn:uuid:6eeb5228-0925-54bd-b808-7e91711e93a2,relation/unit/bab-3-struktur-kepang/covers/surface/unit-021/diagram-arrow/005,urn:uuid:ef05d666-247c-5660-9564-b612ff983074,covers,urn:uuid:d68563c9-31fe-5d08-9402-be3b04b16bf9,
urn:uuid:08a8ea20-7189-5baf-8892-1fc0cdfb1e10,relation/unit/bab-3-struktur-kepang/covers/surface/unit-021/diagram-arrow/006,urn:uuid:ef05d666-247c-5660-9564-b612ff983074,covers,urn:uuid:af3fd652-96eb-524e-9521-07a5938b8448,
urn:uuid:17a25ee8-6ff9-5338-8a64-fafe87eab474,relation/unit/bab-3-struktur-kepang/covers/surface/unit-021/diagram-arrow/007,urn:uuid:ef05d666-247c-5660-9564-b612ff983074,covers,urn:uuid:89645a56-b6ce-5f71-b23b-5011d36da0a6,
urn:uuid:2f3346d2-2c1d-5b27-bead-658568ae3925,relation/unit/bab-3-struktur-kepang/covers/surface/unit-021/diagram-arrow/008,urn:uuid:ef05d666-247c-5660-9564-b612ff983074,covers,urn:uuid:e8aac118-a73f-50ea-a891-bbae64ab0ae6,
urn:uuid:99b3b73e-2e8d-51d9-b8ed-6a8ce0648faf,relation/unit/bab-3-struktur-kepang/covers/surface/unit-021/diagram-arrow/009,urn:uuid:ef05d666-247c-5660-9564-b612ff983074,covers,urn:uuid:64644991-af90-5e68-99dd-bc45a7e92819,
urn:uuid:21ee4f29-74b7-5a69-83ae-6da59e7d6f16,relation/unit/bab-3-struktur-kepang/covers/surface/unit-021/diagram-arrow/010,urn:uuid:ef05d666-247c-5660-9564-b612ff983074,covers,urn:uuid:108d4054-e65d-5aa3-b01a-43aac5820b3b,
urn:uuid:51c63003-712b-51ea-92da-f70625cf25c9,relation/unit/bab-3-struktur-kepang/covers/surface/unit-021/diagram-arrow/011,urn:uuid:ef05d666-247c-5660-9564-b612ff983074,covers,urn:uuid:877c2164-de39-57f5-84c7-436e61658262,
urn:uuid:abc616b2-bc4a-5802-970d-5acca6539ea8,relation/unit/bab-3-struktur-kepang/covers/surface/unit-021/diagram-arrow/012,urn:uuid:ef05d666-247c-5660-9564-b612ff983074,covers,urn:uuid:9c745dd3-b2cd-58b8-97a1-4f3b85b9de05,
urn:uuid:99d7eecf-d9b0-540c-90e3-fd57338d9035,relation/unit/bab-3-struktur-kepang/covers/surface/unit-021/diagram-arrow/013,urn:uuid:ef05d666-247c-5660-9564-b612ff983074,covers,urn:uuid:5ba29670-e72b-5e3e-a6af-638218724508,
urn:uuid:80ca0748-6dfb-5130-b2d4-ce579ebc504a,relation/unit/bab-3-struktur-kepang/covers/surface/unit-021/diagram-arrow/014,urn:uuid:ef05d666-247c-5660-9564-b612ff983074,covers,urn:uuid:5c55d968-6812-501c-bece-3be1834bc4ef,
urn:uuid:a8a018c9-42f8-55c2-991a-2e2a6a062243,relation/unit/bab-3-struktur-kepang/covers/surface/unit-021/diagram-arrow/015,urn:uuid:ef05d666-247c-5660-9564-b612ff983074,covers,urn:uuid:835157c0-bf6c-505f-9628-bf84df0e5263,
urn:uuid:6cd8dd59-ecdb-5c20-8209-59c7ba865f7b,relation/unit/bab-3-struktur-kepang/covers/surface/unit-021/diagram-arrow/016,urn:uuid:ef05d666-247c-5660-9564-b612ff983074,covers,urn:uuid:2df4706c-04ac-589c-8caa-16f993b5ad60,
urn:uuid:dfb161d2-86d0-50bd-9a85-c38a81986191,relation/unit/bab-3-struktur-kepang/covers/surface/unit-021/diagram-arrow/017,urn:uuid:ef05d666-247c-5660-9564-b612ff983074,covers,urn:uuid:ac9dd4a8-725e-5b42-b992-aa64a9d24709,
urn:uuid:5d652f7b-19df-510e-b738-64f426dda0ef,relation/unit/bab-3-struktur-kepang/covers/surface/unit-021/diagram-arrow/018,urn:uuid:ef05d666-247c-5660-9564-b612ff983074,covers,urn:uuid:e4f82b80-99d9-5cb7-a921-e0c732e346de,
urn:uuid:015a70a4-2bd5-5dcc-baf1-38d0c130ef5b,relation/unit/bab-3-struktur-kepang/covers/surface/unit-021/diagram-arrow/019,urn:uuid:ef05d666-247c-5660-9564-b612ff983074,covers,urn:uuid:69aca04a-8cf3-5bd4-bec2-49e9b927a4b5,
urn:uuid:ba397715-6ec4-5b41-87f4-af79e5156851,relation/unit/bab-3-struktur-kepang/covers/surface/unit-021/diagram-arrow/020,urn:uuid:ef05d666-247c-5660-9564-b612ff983074,covers,urn:uuid:2bdf1974-e526-5706-a72b-45b8d6efd4f6,
urn:uuid:55189899-c506-58b2-8139-c13cfd8828a6,relation/unit/bab-3-struktur-kepang/covers/surface/unit-021/diagram-arrow/021,urn:uuid:ef05d666-247c-5660-9564-b612ff983074,covers,urn:uuid:63da4831-12f0-57a0-a6de-aec499825d1b,
urn:uuid:36a9acdc-9125-5825-bd19-ccb22d5ced12,relation/unit/bab-3-struktur-kepang/covers/surface/unit-021/diagram-arrow/022,urn:uuid:ef05d666-247c-5660-9564-b612ff983074,covers,urn:uuid:ebbda56a-09e4-5341-99a3-4590a2706b98,
urn:uuid:b3a7e210-d8f7-5417-9b72-088b0b1da179,relation/unit/bab-3-struktur-kepang/covers/surface/unit-021/diagram-arrow/023,urn:uuid:ef05d666-247c-5660-9564-b612ff983074,covers,urn:uuid:8074ab7f-615b-55bb-b0a5-9c6aada08c45,
urn:uuid:fdf36e39-d569-585b-8f5c-550c93951cbf,relation/unit/bab-3-struktur-kepang/covers/surface/unit-021/diagram-arrow/024,urn:uuid:ef05d666-247c-5660-9564-b612ff983074,covers,urn:uuid:1b2af1ae-735f-58ba-a35f-ebd339151b2c,
urn:uuid:526ced38-f1be-58b2-9deb-04cf1de9cd14,relation/unit/bab-3-struktur-kepang/covers/surface/unit-021/diagram-arrow/025,urn:uuid:ef05d666-247c-5660-9564-b612ff983074,covers,urn:uuid:07e174e5-2190-55bd-adbc-56cc8f620af6,
urn:uuid:93647c5b-da75-5ab0-9873-69ebaeda16a0,relation/unit/bab-3-struktur-kepang/covers/surface/unit-021/diagram-arrow/026,urn:uuid:ef05d666-247c-5660-9564-b612ff983074,covers,urn:uuid:9048f256-bd26-597a-8e34-cb76b9fe7124,
urn:uuid:af0cb40c-feb7-5c27-bd62-8db19d062aec,relation/unit/bab-3-struktur-kepang/covers/surface/unit-021/diagram-braid/001,urn:uuid:ef05d666-247c-5660-9564-b612ff983074,covers,urn:uuid:fb03efec-8ff3-5b05-b224-5e4148a5f1d0,
urn:uuid:a75193fc-7258-52d7-95a2-c02c325b70fd,relation/unit/bab-3-struktur-kepang/covers/surface/unit-021/diagram-braid/002,urn:uuid:ef05d666-247c-5660-9564-b612ff983074,covers,urn:uuid:822dbed3-2d70-5fc0-a6a4-a34caf986d7e,
urn:uuid:2f2e2c01-c225-5009-be10-9005f51e575f,relation/unit/bab-3-struktur-kepang/covers/surface/unit-021/diagram-braid/003,urn:uuid:ef05d666-247c-5660-9564-b612ff983074,covers,urn:uuid:2c247987-c17b-563d-8ab0-19f57b888bcd,
urn:uuid:edeb2203-25e4-563b-a3b5-17efd8d6fc73,relation/unit/bab-3-struktur-kepang/covers/surface/unit-021/diagram-braid/004,urn:uuid:ef05d666-247c-5660-9564-b612ff983074,covers,urn:uuid:f05f42c8-4f05-5dea-b5bc-0dda25789d01,
urn:uuid:d06948f3-0b75-5e0d-9717-225f6148615c,relation/unit/bab-3-struktur-kepang/covers/surface/unit-021/diagram-braid/005,urn:uuid:ef05d666-247c-5660-9564-b612ff983074,covers,urn:uuid:977aef9e-313a-544b-abd3-4d51cd1536d1,
urn:uuid:8c25d317-4758-59a0-a368-9558bda563d3,relation/unit/bab-3-struktur-kepang/covers/surface/unit-021/diagram-braid/006,urn:uuid:ef05d666-247c-5660-9564-b612ff983074,covers,urn:uuid:970fb37e-add9-53ec-a911-9ac16699a7c5,
urn:uuid:a4054223-2f5c-5d1e-a329-09f89d4ff038,relation/unit/bab-3-struktur-kepang/covers/surface/unit-021/diagram-braid/007,urn:uuid:ef05d666-247c-5660-9564-b612ff983074,covers,urn:uuid:9570ba30-fbe5-502f-a562-c11a3e4c7d9a,
urn:uuid:1fa8878e-964c-59fb-ad60-3fae58b3ef4f,relation/unit/bab-3-struktur-kepang/covers/surface/unit-021/diagram-braid/008,urn:uuid:ef05d666-247c-5660-9564-b612ff983074,covers,urn:uuid:0fa38b15-4b1d-5829-88f0-d0adfd963056,
urn:uuid:b6698562-2072-5af1-a725-f7da98aab698,relation/unit/bab-3-struktur-kepang/covers/surface/unit-021/diagram-braid/009,urn:uuid:ef05d666-247c-5660-9564-b612ff983074,covers,urn:uuid:ffc1ca15-c9f3-5e71-ad12-7f9fe3d28ef3,
urn:uuid:e062fba4-93b7-51da-bb38-79458109b9b6,relation/unit/bab-3-struktur-kepang/covers/surface/unit-021/diagram-braid/010,urn:uuid:ef05d666-247c-5660-9564-b612ff983074,covers,urn:uuid:0543763e-3fc5-5df9-9857-521cb6e85385,
urn:uuid:787c7d01-4929-57be-a7b8-ce7e628c6121,relation/unit/bab-3-struktur-kepang/covers/surface/unit-021/diagram-coordinate/001,urn:uuid:ef05d666-247c-5660-9564-b612ff983074,covers,urn:uuid:eedb7ed8-d738-5f4d-979c-0f0b104bb147,
urn:uuid:77b0a044-f3b5-5eaa-8e3c-8c824008d064,relation/unit/bab-3-struktur-kepang/covers/surface/unit-021/diagram-coordinate/002,urn:uuid:ef05d666-247c-5660-9564-b612ff983074,covers,urn:uuid:4c331c32-5a81-53ff-912f-21bed2bfaa0f,
urn:uuid:cb4454a6-de31-5878-b2c1-2c5ffc50478d,relation/unit/bab-3-struktur-kepang/covers/surface/unit-021/diagram-draw/001,urn:uuid:ef05d666-247c-5660-9564-b612ff983074,covers,urn:uuid:bec02556-c26d-5295-a5ee-54ca0361a16a,
urn:uuid:19655d3d-8ec6-5087-9b05-b3dfb90eb96a,relation/unit/bab-3-struktur-kepang/covers/surface/unit-021/diagram-draw/002,urn:uuid:ef05d666-247c-5660-9564-b612ff983074,covers,urn:uuid:4fc2f238-dbab-53d3-a65a-bbe9878dde32,
urn:uuid:447b609b-4f8c-5b84-ba76-6a263777519c,relation/unit/bab-3-struktur-kepang/covers/surface/unit-021/diagram-draw/003,urn:uuid:ef05d666-247c-5660-9564-b612ff983074,covers,urn:uuid:460cb989-c01e-566e-915f-232ec1f9a944,
urn:uuid:42d14e84-8000-5f9b-a88e-d671abdb173c,relation/unit/bab-3-struktur-kepang/covers/surface/unit-021/diagram-draw/004,urn:uuid:ef05d666-247c-5660-9564-b612ff983074,covers,urn:uuid:c86bd2be-8ce7-56df-b164-71b018ce0437,
urn:uuid:db7e3595-ed10-5961-bd15-315d15d92a27,relation/unit/bab-3-struktur-kepang/covers/surface/unit-021/diagram-draw/005,urn:uuid:ef05d666-247c-5660-9564-b612ff983074,covers,urn:uuid:fcb6ca23-f086-5fad-a026-36984f895203,
urn:uuid:a64d7261-3ab2-51bf-974d-03fbb51373ae,relation/unit/bab-3-struktur-kepang/covers/surface/unit-021/diagram-draw/006,urn:uuid:ef05d666-247c-5660-9564-b612ff983074,covers,urn:uuid:b2621be8-d7df-5135-bce5-05605392645b,
urn:uuid:13bb8d44-7714-59c4-b5a8-e905dfc0507b,relation/unit/bab-3-struktur-kepang/covers/surface/unit-021/diagram-draw/007,urn:uuid:ef05d666-247c-5660-9564-b612ff983074,covers,urn:uuid:cf0e1a1a-49ca-555c-b972-76c1f963171c,
urn:uuid:87803b43-4bf8-58ba-baa9-73bf21bbad51,relation/unit/bab-3-struktur-kepang/covers/surface/unit-021/diagram-draw/008,urn:uuid:ef05d666-247c-5660-9564-b612ff983074,covers,urn:uuid:ed5407c5-05df-508c-84d3-480659373493,
urn:uuid:8162dc68-a222-5966-8947-28828b3c0ca8,relation/unit/bab-3-struktur-kepang/covers/surface/unit-021/diagram-draw/009,urn:uuid:ef05d666-247c-5660-9564-b612ff983074,covers,urn:uuid:162c7209-184e-5ec4-8519-0ad33f0be0ca,
urn:uuid:1a660766-3834-531c-a54b-c5cea2f69c2d,relation/unit/bab-3-struktur-kepang/covers/surface/unit-021/diagram-draw/010,urn:uuid:ef05d666-247c-5660-9564-b612ff983074,covers,urn:uuid:58835b90-af1d-584a-ab83-dc47ce4d0fca,
urn:uuid:68bbd89b-0e4e-5c1e-8041-2270aad59382,relation/unit/bab-3-struktur-kepang/covers/surface/unit-021/diagram-draw/011,urn:uuid:ef05d666-247c-5660-9564-b612ff983074,covers,urn:uuid:a0324a69-dda6-5d17-8d50-bb5454a01bb3,
urn:uuid:b083c12f-5a41-57a7-9ce1-86c17c42031d,relation/unit/bab-3-struktur-kepang/covers/surface/unit-021/diagram-draw/012,urn:uuid:ef05d666-247c-5660-9564-b612ff983074,covers,urn:uuid:c558ff9e-74b6-52be-ad97-6ca55235e97e,
urn:uuid:275db974-35ab-522c-830e-f28351a3892c,relation/unit/bab-3-struktur-kepang/covers/surface/unit-021/diagram-draw/013,urn:uuid:ef05d666-247c-5660-9564-b612ff983074,covers,urn:uuid:be7913de-299a-500f-a87b-d3bb23a108ab,
urn:uuid:7645ab7f-3784-577c-a22f-314f90f89594,relation/unit/bab-3-struktur-kepang/covers/surface/unit-021/diagram-draw/014,urn:uuid:ef05d666-247c-5660-9564-b612ff983074,covers,urn:uuid:5a0c1446-5915-5529-94f4-00c0e6fb8aa2,
urn:uuid:9a21ba12-daa3-5fd3-be7e-5454437d5006,relation/unit/bab-3-struktur-kepang/covers/surface/unit-021/diagram-draw/015,urn:uuid:ef05d666-247c-5660-9564-b612ff983074,covers,urn:uuid:85ef38ff-0108-5d8b-82cd-16b2b1f91031,
urn:uuid:e53b8012-b57b-5fb2-b632-6964e4b6a609,relation/unit/bab-3-struktur-kepang/covers/surface/unit-021/diagram-draw/016,urn:uuid:ef05d666-247c-5660-9564-b612ff983074,covers,urn:uuid:a97fc76d-05c5-5b32-8f71-8af3eaa5c7a6,
urn:uuid:9ba9c829-4105-59ed-a48c-fca7d5edf718,relation/unit/bab-3-struktur-kepang/covers/surface/unit-021/diagram-draw/017,urn:uuid:ef05d666-247c-5660-9564-b612ff983074,covers,urn:uuid:921f53b3-6856-5d6f-868a-8758a03f44f8,
urn:uuid:0c878705-6382-54a6-bd67-739d4684c4f0,relation/unit/bab-3-struktur-kepang/covers/surface/unit-021/diagram-draw/018,urn:uuid:ef05d666-247c-5660-9564-b612ff983074,covers,urn:uuid:7034de06-0401-5a53-9e31-3994d0ee597e,
urn:uuid:3b942c70-bf0e-5318-ad1b-6bce1b00e56f,relation/unit/bab-3-struktur-kepang/covers/surface/unit-021/diagram-draw/019,urn:uuid:ef05d666-247c-5660-9564-b612ff983074,covers,urn:uuid:37eb816e-5d87-54c2-bc92-eec9ac1e863a,
urn:uuid:aee99f13-751e-538c-b82c-41800fca421b,relation/unit/bab-3-struktur-kepang/covers/surface/unit-021/diagram-draw/020,urn:uuid:ef05d666-247c-5660-9564-b612ff983074,covers,urn:uuid:4d0cf10b-1825-5e6a-9d81-ca9a2370dde0,
urn:uuid:1027f694-8928-5913-b6c2-532e8676817f,relation/unit/bab-3-struktur-kepang/covers/surface/unit-021/diagram-draw/021,urn:uuid:ef05d666-247c-5660-9564-b612ff983074,covers,urn:uuid:4ed1c6b7-b956-5383-b344-a168f5db77eb,
urn:uuid:dad0b8e2-e21b-5aa6-884f-89fd394f73c1,relation/unit/bab-3-struktur-kepang/covers/surface/unit-021/diagram-draw/022,urn:uuid:ef05d666-247c-5660-9564-b612ff983074,covers,urn:uuid:4e37017d-14f2-54e4-a355-69d2864757d8,
urn:uuid:06ac762a-cc09-5a8b-9cfb-dd3076cd79fb,relation/unit/bab-3-struktur-kepang/covers/surface/unit-021/diagram-draw/023,urn:uuid:ef05d666-247c-5660-9564-b612ff983074,covers,urn:uuid:acd52898-dbbb-5318-a2cb-bd0f0dd2e14a,
urn:uuid:9532584b-fb5b-56c7-b848-28a9eb2d366c,relation/unit/bab-3-struktur-kepang/covers/surface/unit-021/diagram-draw/024,urn:uuid:ef05d666-247c-5660-9564-b612ff983074,covers,urn:uuid:1ae66fc8-05eb-5889-b369-a3bd4b75dae3,
urn:uuid:bc66129d-2fac-5bc3-9dfe-c0050f0314f2,relation/unit/bab-3-struktur-kepang/covers/surface/unit-021/diagram-draw/025,urn:uuid:ef05d666-247c-5660-9564-b612ff983074,covers,urn:uuid:f24a3604-8af4-526e-9afd-835ac326cd3c,
urn:uuid:814748e7-c70c-5106-ad0b-07a5d03f2884,relation/unit/bab-3-struktur-kepang/covers/surface/unit-021/diagram-draw/026,urn:uuid:ef05d666-247c-5660-9564-b612ff983074,covers,urn:uuid:49f29e0f-f796-5665-abe1-63cf5cd1edcc,
urn:uuid:51d9aa41-ae35-5329-94cb-e9fde672e2e4,relation/unit/bab-3-struktur-kepang/covers/surface/unit-021/diagram-draw/027,urn:uuid:ef05d666-247c-5660-9564-b612ff983074,covers,urn:uuid:0135043d-fd8c-5141-854f-cba2ad18a9ea,
urn:uuid:01403f78-95eb-588f-9e85-78fe5b27a515,relation/unit/bab-3-struktur-kepang/covers/surface/unit-021/diagram-draw/028,urn:uuid:ef05d666-247c-5660-9564-b612ff983074,covers,urn:uuid:66213d67-4a57-58d1-b56d-7cfc31763534,
urn:uuid:9774a876-3308-5aee-8d7a-5e63c4f3432d,relation/unit/bab-3-struktur-kepang/covers/surface/unit-021/diagram-draw/029,urn:uuid:ef05d666-247c-5660-9564-b612ff983074,covers,urn:uuid:37dfcd05-fff6-5f65-9a5e-291f920f806c,
urn:uuid:17d9af07-0045-50e5-9405-2ef794337059,relation/unit/bab-3-struktur-kepang/covers/surface/unit-021/diagram-draw/030,urn:uuid:ef05d666-247c-5660-9564-b612ff983074,covers,urn:uuid:cb0432d8-3765-5677-a3e2-15a8fa4d67a1,
urn:uuid:40fc5c76-a00c-5dce-bb13-5f31a7913684,relation/unit/bab-3-struktur-kepang/covers/surface/unit-021/diagram-draw/031,urn:uuid:ef05d666-247c-5660-9564-b612ff983074,covers,urn:uuid:fb3370bf-3621-532d-8f97-e2a90e268083,
urn:uuid:9f2e4c0f-f6f3-58b8-ba6f-cca0a9bc0eb6,relation/unit/bab-3-struktur-kepang/covers/surface/unit-021/diagram-draw/032,urn:uuid:ef05d666-247c-5660-9564-b612ff983074,covers,urn:uuid:bdcc8d26-0381-574e-89e6-482889ec0707,
urn:uuid:c1fd0299-dca7-575b-9006-db56d860b62e,relation/unit/bab-3-struktur-kepang/covers/surface/unit-021/diagram-edge/001,urn:uuid:ef05d666-247c-5660-9564-b612ff983074,covers,urn:uuid:292eb3ab-2885-5932-b836-d67a980d3af8,
urn:uuid:4c6a884f-de78-52af-8944-7b92cc662359,relation/unit/bab-3-struktur-kepang/covers/surface/unit-021/diagram-edge/002,urn:uuid:ef05d666-247c-5660-9564-b612ff983074,covers,urn:uuid:a0337c79-b803-5efa-b4fc-d6d0431ce627,
urn:uuid:dd8b1d1c-cb98-5ddb-96b4-386e7fa795c0,relation/unit/bab-3-struktur-kepang/covers/surface/unit-021/diagram-edge/003,urn:uuid:ef05d666-247c-5660-9564-b612ff983074,covers,urn:uuid:474b3fe1-5b6f-53fd-ac3d-8b9fe807c4e5,
urn:uuid:ca24c309-424c-5907-ac47-5e87da1cd325,relation/unit/bab-3-struktur-kepang/covers/surface/unit-021/diagram-edge/004,urn:uuid:ef05d666-247c-5660-9564-b612ff983074,covers,urn:uuid:f854fe91-6f0d-5c58-930c-36989065d307,
urn:uuid:9f1d9e17-3002-5be3-ae2f-7522ae46fb13,relation/unit/bab-3-struktur-kepang/covers/surface/unit-021/diagram-edge/005,urn:uuid:ef05d666-247c-5660-9564-b612ff983074,covers,urn:uuid:ef82da30-f1e7-5f99-a8c6-ea5099060741,
urn:uuid:abb7fb77-b7af-5988-8b70-b0b02524c255,relation/unit/bab-3-struktur-kepang/covers/surface/unit-021/diagram-edge/006,urn:uuid:ef05d666-247c-5660-9564-b612ff983074,covers,urn:uuid:12d77c58-64b0-5e69-8dc4-bf76e0d9c64a,
urn:uuid:ebf11b80-c412-5a47-9a35-e396160fb610,relation/unit/bab-3-struktur-kepang/covers/surface/unit-021/diagram-edge/007,urn:uuid:ef05d666-247c-5660-9564-b612ff983074,covers,urn:uuid:7d45f77d-4266-53ff-8e72-d21a1493f2b6,
urn:uuid:300b7128-a9eb-5e74-bfb4-f0a5492e1292,relation/unit/bab-3-struktur-kepang/covers/surface/unit-021/diagram-edge/008,urn:uuid:ef05d666-247c-5660-9564-b612ff983074,covers,urn:uuid:d128ad7c-29a4-56f8-9c1b-6d0d327ed933,
urn:uuid:87af4ad2-c754-570f-8694-fc9ae6a0476e,relation/unit/bab-3-struktur-kepang/covers/surface/unit-021/diagram-edge/009,urn:uuid:ef05d666-247c-5660-9564-b612ff983074,covers,urn:uuid:7e42122a-900f-58b3-8958-14dc62bc2cb3,
urn:uuid:22e5a37f-a0f6-56a7-922f-4383b5772c5b,relation/unit/bab-3-struktur-kepang/covers/surface/unit-021/diagram-edge/010,urn:uuid:ef05d666-247c-5660-9564-b612ff983074,covers,urn:uuid:b8187b05-7c17-53a1-9822-71ad1eeec03f,
urn:uuid:5bad8f4d-442b-526c-a45e-121fc7a72ce7,relation/unit/bab-3-struktur-kepang/covers/surface/unit-021/diagram-edge/011,urn:uuid:ef05d666-247c-5660-9564-b612ff983074,covers,urn:uuid:8a088afd-e505-513d-81cc-f688005d2cec,
urn:uuid:eed08c03-dd6c-53d6-9470-b8d761bad904,relation/unit/bab-3-struktur-kepang/covers/surface/unit-021/diagram-edge/012,urn:uuid:ef05d666-247c-5660-9564-b612ff983074,covers,urn:uuid:e306ff89-8de6-5287-a78d-96c37ca2c674,
urn:uuid:b067dd3a-1dba-52d7-8f7e-620664050c5d,relation/unit/bab-3-struktur-kepang/covers/surface/unit-021/diagram-edge/013,urn:uuid:ef05d666-247c-5660-9564-b612ff983074,covers,urn:uuid:89bb03e0-287f-56cb-aa51-f85d386b1ac6,
urn:uuid:34b238a5-c353-5c6b-a6ad-6b303428d241,relation/unit/bab-3-struktur-kepang/covers/surface/unit-021/diagram-edge/014,urn:uuid:ef05d666-247c-5660-9564-b612ff983074,covers,urn:uuid:4fd33c82-f2e3-5f3b-9b70-bd2511fb3beb,
urn:uuid:c9fe727d-2817-54a5-9748-5067d904c1a5,relation/unit/bab-3-struktur-kepang/covers/surface/unit-021/diagram-edge/015,urn:uuid:ef05d666-247c-5660-9564-b612ff983074,covers,urn:uuid:e98720b6-57d9-592d-a2e6-b6a4e73116bb,
urn:uuid:152957f6-7424-5000-889c-358186d936d1,relation/unit/bab-3-struktur-kepang/covers/surface/unit-021/diagram-hline/001,urn:uuid:ef05d666-247c-5660-9564-b612ff983074,covers,urn:uuid:90ff5f64-8e12-55c1-8e6d-5e558625238d,
urn:uuid:976d8d73-31e7-5d98-af0c-4d49824d0b1c,relation/unit/bab-3-struktur-kepang/covers/surface/unit-021/diagram-hline/002,urn:uuid:ef05d666-247c-5660-9564-b612ff983074,covers,urn:uuid:2eb7123b-ff39-5a02-bc61-2a7b17dcd021,
urn:uuid:9c7697ce-df69-54e6-a5fb-3473efff107d,relation/unit/bab-3-struktur-kepang/covers/surface/unit-021/diagram-hline/003,urn:uuid:ef05d666-247c-5660-9564-b612ff983074,covers,urn:uuid:31baa90d-dad1-59f6-8f4a-e97c53ec2ed8,
urn:uuid:edc1ad53-f682-5574-ad90-2a0b3b7ed683,relation/unit/bab-3-struktur-kepang/covers/surface/unit-021/diagram-node/001,urn:uuid:ef05d666-247c-5660-9564-b612ff983074,covers,urn:uuid:7f08a49b-f81e-5ec1-a536-e1ab728e8f3f,
urn:uuid:3005a265-dfa4-5607-9996-50ae68ad2f17,relation/unit/bab-3-struktur-kepang/covers/surface/unit-021/diagram-node/002,urn:uuid:ef05d666-247c-5660-9564-b612ff983074,covers,urn:uuid:72865f67-9ed7-5999-ae36-9ae53ef1bc07,
urn:uuid:cf6637c9-8a3f-54a6-be4f-9399cedd367e,relation/unit/bab-3-struktur-kepang/covers/surface/unit-021/diagram-node/003,urn:uuid:ef05d666-247c-5660-9564-b612ff983074,covers,urn:uuid:f939705d-17ea-5583-97e8-d5e794d9aa6b,
urn:uuid:b0b6055e-ae5c-5a5d-9604-c8c1167c88d9,relation/unit/bab-3-struktur-kepang/covers/surface/unit-021/diagram-node/004,urn:uuid:ef05d666-247c-5660-9564-b612ff983074,covers,urn:uuid:745ac6b7-df0c-56ce-8576-25c0d6ece775,
urn:uuid:203a286a-5dfc-5a8a-b637-eb2831d30823,relation/unit/bab-3-struktur-kepang/covers/surface/unit-021/diagram-node/005,urn:uuid:ef05d666-247c-5660-9564-b612ff983074,covers,urn:uuid:c4e75a2e-26d2-50c0-aa6d-5778f59099ff,
urn:uuid:470bcfca-8714-5c35-a6e4-5ab6df9fda30,relation/unit/bab-3-struktur-kepang/covers/surface/unit-021/diagram-node/006,urn:uuid:ef05d666-247c-5660-9564-b612ff983074,covers,urn:uuid:e0b4c5aa-f6a5-5a70-be5a-0ba54c31b102,
urn:uuid:d53db50f-cbe9-5ff3-9c97-7ad77922d0ab,relation/unit/bab-3-struktur-kepang/covers/surface/unit-021/diagram-node/007,urn:uuid:ef05d666-247c-5660-9564-b612ff983074,covers,urn:uuid:32861ba7-7f0b-5a41-9528-503cf50f3313,
urn:uuid:c1da6e60-29c3-50fe-8457-7b2bf671e671,relation/unit/bab-3-struktur-kepang/covers/surface/unit-021/diagram-node/008,urn:uuid:ef05d666-247c-5660-9564-b612ff983074,covers,urn:uuid:848b698d-42c0-523b-9613-88df947a965f,
urn:uuid:6e18a860-7662-5e66-8ecc-92914c8fde2e,relation/unit/bab-3-struktur-kepang/covers/surface/unit-021/diagram-node/009,urn:uuid:ef05d666-247c-5660-9564-b612ff983074,covers,urn:uuid:f19b3c56-6e58-5ff3-8ab2-fc2b34c0c691,
urn:uuid:318c94f0-df68-5368-b0b1-155bad172d49,relation/unit/bab-3-struktur-kepang/covers/surface/unit-021/diagram-node/010,urn:uuid:ef05d666-247c-5660-9564-b612ff983074,covers,urn:uuid:f3add753-c512-58f4-bf96-19fa62500d2e,
urn:uuid:0910a8ca-f598-5e35-aa4c-ec828cfcda50,relation/unit/bab-3-struktur-kepang/covers/surface/unit-021/diagram-node/011,urn:uuid:ef05d666-247c-5660-9564-b612ff983074,covers,urn:uuid:b37524d0-9568-5693-a74b-da4ccb476826,
urn:uuid:c341fc61-71fd-5dc4-8376-a847cb240aeb,relation/unit/bab-3-struktur-kepang/covers/surface/unit-021/diagram-node/012,urn:uuid:ef05d666-247c-5660-9564-b612ff983074,covers,urn:uuid:cf4a5321-0a33-55d0-b8fe-9f4945a5754f,
urn:uuid:6a51bab7-6d2c-5f34-aee4-b2b731376691,relation/unit/bab-3-struktur-kepang/covers/surface/unit-021/diagram-node/013,urn:uuid:ef05d666-247c-5660-9564-b612ff983074,covers,urn:uuid:5a3638b7-b5fa-5dbf-9f38-b6b6e9f51bde,
urn:uuid:3b9d2206-bc69-5a40-ac5c-7c62fb47d0ae,relation/unit/bab-3-struktur-kepang/covers/surface/unit-021/diagram-node/014,urn:uuid:ef05d666-247c-5660-9564-b612ff983074,covers,urn:uuid:1a0a5640-33ff-529e-b176-6eac37d39348,
urn:uuid:fa3dac8c-b6d1-504f-9268-af78eebc9143,relation/unit/bab-3-struktur-kepang/covers/surface/unit-021/diagram-node/015,urn:uuid:ef05d666-247c-5660-9564-b612ff983074,covers,urn:uuid:4379c28d-a2aa-5200-b6b3-87afd2b8e3c8,
urn:uuid:c1d98224-f403-5f1a-bf12-765b5959b12b,relation/unit/bab-3-struktur-kepang/covers/surface/unit-021/diagram-node/016,urn:uuid:ef05d666-247c-5660-9564-b612ff983074,covers,urn:uuid:b4e34496-6a63-5799-a998-9950a8560e03,
urn:uuid:4771aad9-7f13-5289-aede-a5bfe22aa81b,relation/unit/bab-3-struktur-kepang/covers/surface/unit-021/diagram-node/017,urn:uuid:ef05d666-247c-5660-9564-b612ff983074,covers,urn:uuid:f18b7d9e-b8c1-5cc7-9ce9-e75f7866241a,
urn:uuid:be19b585-f0b6-5c0d-997e-8c6d63b63d8c,relation/unit/bab-3-struktur-kepang/covers/surface/unit-021/diagram-node/018,urn:uuid:ef05d666-247c-5660-9564-b612ff983074,covers,urn:uuid:0a5af17b-d32c-5655-be27-c0c8327bf1e5,
urn:uuid:235a1541-945c-5e74-9ad0-955104417fcb,relation/unit/bab-3-struktur-kepang/covers/surface/unit-021/diagram-node/019,urn:uuid:ef05d666-247c-5660-9564-b612ff983074,covers,urn:uuid:10e8c533-fe3d-57bf-ba88-88fc145ecb70,
urn:uuid:84e6b90f-65d7-58f3-bf88-d45019a84210,relation/unit/bab-3-struktur-kepang/covers/surface/unit-021/diagram-node/020,urn:uuid:ef05d666-247c-5660-9564-b612ff983074,covers,urn:uuid:8b60da34-048c-5fb9-895f-6f4ac32e3fc2,
urn:uuid:762e0682-5209-510f-885e-f0fb549c6025,relation/unit/bab-3-struktur-kepang/covers/surface/unit-021/diagram-node/021,urn:uuid:ef05d666-247c-5660-9564-b612ff983074,covers,urn:uuid:f66520e7-e2d1-53d9-adb1-5c5926ebeaa2,
urn:uuid:75b1386a-4e8f-504f-910c-a23b5caabeff,relation/unit/bab-3-struktur-kepang/covers/surface/unit-021/diagram-node/022,urn:uuid:ef05d666-247c-5660-9564-b612ff983074,covers,urn:uuid:114d4f78-a959-52e0-b6b3-ca659c43b609,
urn:uuid:f9a9af25-3657-53b5-84d0-782bf0ee9b57,relation/unit/bab-3-struktur-kepang/covers/surface/unit-021/diagram-node/023,urn:uuid:ef05d666-247c-5660-9564-b612ff983074,covers,urn:uuid:cd70f8ca-9461-59ea-a0c1-e3f3fdae430e,
urn:uuid:1c252485-724b-54d4-a8ed-642007cffaf2,relation/unit/bab-3-struktur-kepang/covers/surface/unit-021/diagram-node/024,urn:uuid:ef05d666-247c-5660-9564-b612ff983074,covers,urn:uuid:049b0b4d-6804-578f-b03e-bc5ee1fb1400,
urn:uuid:c1ced0da-02c5-5472-a23d-73515aa6c901,relation/unit/bab-3-struktur-kepang/covers/surface/unit-021/diagram-node/025,urn:uuid:ef05d666-247c-5660-9564-b612ff983074,covers,urn:uuid:af5312f2-cde3-5a51-9e61-94d51ea650f9,
urn:uuid:1fed3293-dd15-5a07-a49f-37f5e95796bd,relation/unit/bab-3-struktur-kepang/covers/surface/unit-021/diagram-node/026,urn:uuid:ef05d666-247c-5660-9564-b612ff983074,covers,urn:uuid:831168dc-b328-576c-a3f7-c1959b3c7604,
urn:uuid:f03ac1f4-5d3a-5f7e-89bc-2259b8fbd832,relation/unit/bab-3-struktur-kepang/covers/surface/unit-021/diagram-node/027,urn:uuid:ef05d666-247c-5660-9564-b612ff983074,covers,urn:uuid:639f167d-ad54-5093-b333-c7e47bc15066,
urn:uuid:d689f329-decc-55c6-89b1-5272e061ddd7,relation/unit/bab-3-struktur-kepang/covers/surface/unit-021/diagram-node/028,urn:uuid:ef05d666-247c-5660-9564-b612ff983074,covers,urn:uuid:c0898096-a821-5a6d-8fc4-283851be64b4,
urn:uuid:54952cfe-a185-5cae-96cf-e6472758c5e9,relation/unit/bab-3-struktur-kepang/covers/surface/unit-021/diagram-node/029,urn:uuid:ef05d666-247c-5660-9564-b612ff983074,covers,urn:uuid:71a87f93-6ae0-57c4-b50c-cc755ee1196c,
urn:uuid:d3c025df-0ec6-5a21-b3f6-4e7fd643ec78,relation/unit/bab-3-struktur-kepang/covers/surface/unit-021/diagram-node/030,urn:uuid:ef05d666-247c-5660-9564-b612ff983074,covers,urn:uuid:1bde7189-3b3e-5aff-99cc-88dbce6c1898,
urn:uuid:b761510c-bd6c-5e9c-8402-48952c3cf543,relation/unit/bab-3-struktur-kepang/covers/surface/unit-021/formula/display-bracket/001,urn:uuid:ef05d666-247c-5660-9564-b612ff983074,covers,urn:uuid:4446d3ff-f01e-5f82-9794-d2c2c09084e0,
urn:uuid:7725d004-f4c8-52ac-85ab-f70dccec10f5,relation/unit/bab-3-struktur-kepang/covers/surface/unit-021/formula/display-bracket/002,urn:uuid:ef05d666-247c-5660-9564-b612ff983074,covers,urn:uuid:0d304ce0-9af9-5073-9796-7a81f06dcd05,
urn:uuid:f5e33ff7-448a-55f8-918c-c6c45c7c8cae,relation/unit/bab-3-struktur-kepang/covers/surface/unit-021/formula/display-bracket/003,urn:uuid:ef05d666-247c-5660-9564-b612ff983074,covers,urn:uuid:3274de6b-2470-5770-bee2-a050b4afcd15,
urn:uuid:b91b19d8-7c22-53a6-909a-4ed35a011794,relation/unit/bab-3-struktur-kepang/covers/surface/unit-021/formula/display-bracket/004,urn:uuid:ef05d666-247c-5660-9564-b612ff983074,covers,urn:uuid:dbca368b-6d13-5240-8088-4094dbe4392a,
urn:uuid:15cfca28-76e8-56ed-9e2d-c1537926e8e3,relation/unit/bab-3-struktur-kepang/covers/surface/unit-021/formula/display-bracket/005,urn:uuid:ef05d666-247c-5660-9564-b612ff983074,covers,urn:uuid:cbbf2745-bac4-5131-b044-453c46265c72,
urn:uuid:e745b2b1-6ecc-5621-b39d-083bdb84e122,relation/unit/bab-3-struktur-kepang/covers/surface/unit-021/formula/display-bracket/006,urn:uuid:ef05d666-247c-5660-9564-b612ff983074,covers,urn:uuid:b0a4e402-9ff2-5f5c-9786-f6004c0f1451,
urn:uuid:2577ac0c-9fe4-5deb-acf6-dca3392dd024,relation/unit/bab-3-struktur-kepang/covers/surface/unit-021/formula/display-environment/001,urn:uuid:ef05d666-247c-5660-9564-b612ff983074,covers,urn:uuid:78687a95-4db9-5622-abfe-0be61776af9c,
urn:uuid:ba73c715-979f-5246-9243-f2b2ef7f0f34,relation/unit/bab-3-struktur-kepang/covers/surface/unit-021/formula/display-environment/002,urn:uuid:ef05d666-247c-5660-9564-b612ff983074,covers,urn:uuid:f698bc49-a87e-5be6-a0ab-0cefacf305f0,
urn:uuid:59b13b33-1c9b-586f-aac6-2c87053e3b09,relation/unit/bab-3-struktur-kepang/covers/surface/unit-021/formula/display-environment/003,urn:uuid:ef05d666-247c-5660-9564-b612ff983074,covers,urn:uuid:c0715cf1-8159-5b6d-89a6-85ca9fd23a49,
urn:uuid:29ab7a44-727d-58dd-b8c6-e4e49b9ac0ec,relation/unit/bab-3-struktur-kepang/covers/surface/unit-021/formula/display-environment/004,urn:uuid:ef05d666-247c-5660-9564-b612ff983074,covers,urn:uuid:7195f860-255e-5178-94b9-16af87068419,
urn:uuid:70987ccb-d901-5c33-87ca-579bc20a60e2,relation/unit/bab-3-struktur-kepang/covers/surface/unit-021/formula/display-environment/005,urn:uuid:ef05d666-247c-5660-9564-b612ff983074,covers,urn:uuid:62e16a71-492e-5ab0-9e69-ed6568f2fefa,
urn:uuid:aa30ed87-7e0f-5410-8be8-82cc9b36368f,relation/unit/bab-3-struktur-kepang/covers/surface/unit-021/formula/display-environment/006,urn:uuid:ef05d666-247c-5660-9564-b612ff983074,covers,urn:uuid:2022ed3c-75cc-5ee5-81ae-ff4eca98df84,
urn:uuid:e41537bc-9294-5674-91e3-0f151f55724c,relation/unit/bab-3-struktur-kepang/covers/surface/unit-021/formula/inline/001,urn:uuid:ef05d666-247c-5660-9564-b612ff983074,covers,urn:uuid:a0788a7c-8490-582e-8653-8dab945edb89,
urn:uuid:a0639dfc-2219-512e-914a-bbf1753c066b,relation/unit/bab-3-struktur-kepang/covers/surface/unit-021/formula/inline/002,urn:uuid:ef05d666-247c-5660-9564-b612ff983074,covers,urn:uuid:a7c6cfbc-df9b-5a2c-8b31-245c285566c2,
urn:uuid:87ab7881-597c-56e8-8332-440b6be76fa8,relation/unit/bab-3-struktur-kepang/covers/surface/unit-021/formula/inline/003,urn:uuid:ef05d666-247c-5660-9564-b612ff983074,covers,urn:uuid:57f5d6b6-c218-573f-b78a-ff87514d1bb1,
urn:uuid:004d7f20-c5da-5563-b81d-279b4358aac0,relation/unit/bab-3-struktur-kepang/covers/surface/unit-021/formula/inline/004,urn:uuid:ef05d666-247c-5660-9564-b612ff983074,covers,urn:uuid:e85a9028-df46-5b2b-a382-75e4441a970a,
urn:uuid:cd881c1b-4f48-520f-80f4-8f6a2e295253,relation/unit/bab-3-struktur-kepang/covers/surface/unit-021/formula/inline/005,urn:uuid:ef05d666-247c-5660-9564-b612ff983074,covers,urn:uuid:f3b680d2-b9c8-5927-bd74-f5952aeb72c3,
urn:uuid:22038c94-a6a3-5a30-9402-c60ecad83baa,relation/unit/bab-3-struktur-kepang/covers/surface/unit-021/formula/inline/006,urn:uuid:ef05d666-247c-5660-9564-b612ff983074,covers,urn:uuid:587a97f8-c49c-5cbb-b7bf-07ea7dbcf055,
urn:uuid:48917656-291a-529b-a785-f25aeacc4af5,relation/unit/bab-3-struktur-kepang/covers/surface/unit-021/formula/inline/007,urn:uuid:ef05d666-247c-5660-9564-b612ff983074,covers,urn:uuid:925335f8-f14b-5721-870a-9da7349a2575,
urn:uuid:bf2d18a1-8877-5e2d-9f74-27cfbcea2b3c,relation/unit/bab-3-struktur-kepang/covers/surface/unit-021/formula/inline/008,urn:uuid:ef05d666-247c-5660-9564-b612ff983074,covers,urn:uuid:39d1c554-70ab-5624-95ab-89d3eccdc24d,
urn:uuid:b5c1128f-1dd2-5014-92a4-985875f82113,relation/unit/bab-3-struktur-kepang/covers/surface/unit-021/formula/inline/009,urn:uuid:ef05d666-247c-5660-9564-b612ff983074,covers,urn:uuid:82212191-b150-5ba2-9826-cd90028683ed,
urn:uuid:ef41b8bf-e958-5c26-89c3-0444a73b5ade,relation/unit/bab-3-struktur-kepang/covers/surface/unit-021/formula/inline/010,urn:uuid:ef05d666-247c-5660-9564-b612ff983074,covers,urn:uuid:8a450b9a-ca46-53b7-9635-3a6906fbddbe,
urn:uuid:8630422f-c12a-5bd6-8915-3642ecd0befa,relation/unit/bab-3-struktur-kepang/covers/surface/unit-021/formula/inline/011,urn:uuid:ef05d666-247c-5660-9564-b612ff983074,covers,urn:uuid:41158c4c-fa96-5e16-954a-706a025d19d8,
urn:uuid:0fa3c223-b546-5f74-9ded-223f505081f7,relation/unit/bab-3-struktur-kepang/covers/surface/unit-021/formula/inline/012,urn:uuid:ef05d666-247c-5660-9564-b612ff983074,covers,urn:uuid:b720c5c5-0414-5e08-acd8-0b8ba43f50bf,
urn:uuid:3c92511b-9665-57a1-9d86-49749648ef9d,relation/unit/bab-3-struktur-kepang/covers/surface/unit-021/formula/inline/013,urn:uuid:ef05d666-247c-5660-9564-b612ff983074,covers,urn:uuid:4c1835d3-7a03-5565-b1c6-714a2931a512,
urn:uuid:5fd369ac-ca7f-5c9b-b5dc-1aa7dc176013,relation/unit/bab-3-struktur-kepang/covers/surface/unit-021/formula/inline/014,urn:uuid:ef05d666-247c-5660-9564-b612ff983074,covers,urn:uuid:12262c72-1c8a-5e8a-9779-3f942d7229e6,
urn:uuid:39da1cb0-65d5-5dc2-a2e3-f89081778c78,relation/unit/bab-3-struktur-kepang/covers/surface/unit-021/formula/inline/015,urn:uuid:ef05d666-247c-5660-9564-b612ff983074,covers,urn:uuid:894946e1-23ad-5398-89de-1ad65af22169,
urn:uuid:157a2dd2-9bd4-543e-b2c0-4049c2d5693a,relation/unit/bab-3-struktur-kepang/covers/surface/unit-021/formula/inline/016,urn:uuid:ef05d666-247c-5660-9564-b612ff983074,covers,urn:uuid:2316e2f8-494e-5b12-b894-02f66c1c2790,
urn:uuid:26949978-6f36-594c-a84a-5d23069ed807,relation/unit/bab-3-struktur-kepang/covers/surface/unit-021/formula/inline/017,urn:uuid:ef05d666-247c-5660-9564-b612ff983074,covers,urn:uuid:77ceb153-9320-50c4-a718-61e6b214b55c,
urn:uuid:20472d0d-3625-574b-b098-528d339574ea,relation/unit/bab-3-struktur-kepang/covers/surface/unit-021/formula/inline/018,urn:uuid:ef05d666-247c-5660-9564-b612ff983074,covers,urn:uuid:79e99af8-2d2e-5962-9fe4-a4ded6fe273c,
urn:uuid:36edd966-2bcc-584d-817e-f6244b6120f4,relation/unit/bab-3-struktur-kepang/covers/surface/unit-021/formula/inline/019,urn:uuid:ef05d666-247c-5660-9564-b612ff983074,covers,urn:uuid:ea955525-2446-578a-97ba-5211ab60d30d,
urn:uuid:26fb17f0-d652-5fcc-8451-a372da9e847d,relation/unit/bab-3-struktur-kepang/covers/surface/unit-021/formula/inline/020,urn:uuid:ef05d666-247c-5660-9564-b612ff983074,covers,urn:uuid:bab9ffa4-772f-565d-9d04-56a15c47f798,
urn:uuid:4a580e2e-2a2d-521f-9cee-88ae01ac429f,relation/unit/bab-3-struktur-kepang/covers/surface/unit-021/formula/inline/021,urn:uuid:ef05d666-247c-5660-9564-b612ff983074,covers,urn:uuid:3d59a6b5-617a-5c8c-aa8a-c06def6703d9,
urn:uuid:2bc75da9-1fb5-5175-afa1-a2870e20482f,relation/unit/bab-3-struktur-kepang/covers/surface/unit-021/formula/inline/022,urn:uuid:ef05d666-247c-5660-9564-b612ff983074,covers,urn:uuid:dc8d2b19-0c97-5786-84da-adb87a599d8c,
urn:uuid:b148d007-cec3-51c0-8ea9-2cbc8e014d9b,relation/unit/bab-3-struktur-kepang/covers/surface/unit-021/formula/inline/023,urn:uuid:ef05d666-247c-5660-9564-b612ff983074,covers,urn:uuid:f56c17b1-a5c4-5d17-90f2-562e478c274b,
urn:uuid:a9baf014-4fd6-5ca1-b4fb-a505c6dbdf5d,relation/unit/bab-3-struktur-kepang/covers/surface/unit-021/formula/inline/024,urn:uuid:ef05d666-247c-5660-9564-b612ff983074,covers,urn:uuid:d2525afd-4085-5a5c-b6e5-3e41e030a0e6,
urn:uuid:768444ee-45e5-52bf-a3ae-bf37b0decaf1,relation/unit/bab-3-struktur-kepang/covers/surface/unit-021/formula/inline/025,urn:uuid:ef05d666-247c-5660-9564-b612ff983074,covers,urn:uuid:04d05096-f287-5ace-b5cb-a6db10536659,
urn:uuid:ca2cbabd-da2e-5752-a6c9-49e1e1633935,relation/unit/bab-3-struktur-kepang/covers/surface/unit-021/formula/inline/026,urn:uuid:ef05d666-247c-5660-9564-b612ff983074,covers,urn:uuid:4b18d93b-daa6-5f8c-9e48-a2e4ec568025,
urn:uuid:fb43c0ad-56f3-5135-bc70-b9d13d06a640,relation/unit/bab-3-struktur-kepang/covers/surface/unit-021/formula/inline/027,urn:uuid:ef05d666-247c-5660-9564-b612ff983074,covers,urn:uuid:586127d6-d313-5c28-adc5-0cd1ae1a416f,
urn:uuid:a6384a49-601e-5d99-9579-1584252b7690,relation/unit/bab-3-struktur-kepang/covers/surface/unit-021/formula/inline/028,urn:uuid:ef05d666-247c-5660-9564-b612ff983074,covers,urn:uuid:07e0c871-6702-554c-a101-bf96d24a7f77,
urn:uuid:58a1fc52-ff3d-54f2-ad31-33f23a6a0ab6,relation/unit/bab-3-struktur-kepang/covers/surface/unit-021/formula/inline/029,urn:uuid:ef05d666-247c-5660-9564-b612ff983074,covers,urn:uuid:e3be7e18-d6be-5637-ab3d-e65523446965,
urn:uuid:65ecd092-46f7-5b40-8098-de474cc1bb71,relation/unit/bab-3-struktur-kepang/covers/surface/unit-021/formula/inline/030,urn:uuid:ef05d666-247c-5660-9564-b612ff983074,covers,urn:uuid:07e691d8-442e-5afe-916d-f141a17cd73d,
urn:uuid:5ef8cd0f-c150-52b9-907c-eda453be07e9,relation/unit/bab-3-struktur-kepang/covers/surface/unit-021/formula/inline/031,urn:uuid:ef05d666-247c-5660-9564-b612ff983074,covers,urn:uuid:ee033a3e-de35-541f-a64c-4aa18d9dc3d5,
urn:uuid:13a8849b-e82e-59ec-b561-f6fdc2b4a84a,relation/unit/bab-3-struktur-kepang/covers/surface/unit-021/formula/inline/032,urn:uuid:ef05d666-247c-5660-9564-b612ff983074,covers,urn:uuid:981cf14f-fc4f-513f-a5b2-b893d0b88765,
urn:uuid:ffcb506d-3966-5a5b-98e1-c61ce6906164,relation/unit/bab-3-struktur-kepang/covers/surface/unit-021/formula/inline/033,urn:uuid:ef05d666-247c-5660-9564-b612ff983074,covers,urn:uuid:3afbd312-d982-5608-b605-dde0f3614ef6,
urn:uuid:b2e4065a-08c9-5671-ba27-773a35c398e7,relation/unit/bab-3-struktur-kepang/covers/surface/unit-021/formula/inline/034,urn:uuid:ef05d666-247c-5660-9564-b612ff983074,covers,urn:uuid:794b8fe0-1f0f-57a1-bf76-0cc8063cbc8c,
urn:uuid:13ac0cfc-c700-5737-a053-3887f438777a,relation/unit/bab-3-struktur-kepang/covers/surface/unit-021/formula/inline/035,urn:uuid:ef05d666-247c-5660-9564-b612ff983074,covers,urn:uuid:0a402b19-1184-540e-94c6-9358528aa00d,
urn:uuid:1ac0f3cc-282b-59d4-b4d7-c626991c055c,relation/unit/bab-3-struktur-kepang/covers/surface/unit-021/formula/inline/036,urn:uuid:ef05d666-247c-5660-9564-b612ff983074,covers,urn:uuid:ca9de1a2-3ecb-5925-892e-3f151fdb8600,
urn:uuid:d26b5e33-c4e9-56ed-bbaf-348bc28960c4,relation/unit/bab-3-struktur-kepang/covers/surface/unit-021/formula/inline/037,urn:uuid:ef05d666-247c-5660-9564-b612ff983074,covers,urn:uuid:f21010d0-5637-5cf6-b06a-21953e0d74f0,
urn:uuid:9f450a44-d903-524f-ae9d-fbb112f46f0e,relation/unit/bab-3-struktur-kepang/covers/surface/unit-021/formula/inline/038,urn:uuid:ef05d666-247c-5660-9564-b612ff983074,covers,urn:uuid:219c4843-ffef-541e-b02e-3c1b1242cb18,
urn:uuid:80e887de-8e37-5587-bdf7-4e624a8f8070,relation/unit/bab-3-struktur-kepang/covers/surface/unit-021/formula/inline/039,urn:uuid:ef05d666-247c-5660-9564-b612ff983074,covers,urn:uuid:1554e4e2-1286-5f9f-a847-11dc10fac6c5,
urn:uuid:b90272c9-d855-5cc9-b4b4-7fe89b0363f6,relation/unit/bab-3-struktur-kepang/covers/surface/unit-021/formula/inline/040,urn:uuid:ef05d666-247c-5660-9564-b612ff983074,covers,urn:uuid:91b281cb-6a7f-5dcd-8451-272e109334e1,
urn:uuid:e3914c38-740a-5941-9da0-e41e7050f7d4,relation/unit/bab-3-struktur-kepang/covers/surface/unit-021/formula/inline/041,urn:uuid:ef05d666-247c-5660-9564-b612ff983074,covers,urn:uuid:6424ea90-3536-54fc-9a3d-ee48e5af92c0,
urn:uuid:f2ac1025-d13b-5eae-ae62-5830e9065800,relation/unit/bab-3-struktur-kepang/covers/surface/unit-021/formula/inline/042,urn:uuid:ef05d666-247c-5660-9564-b612ff983074,covers,urn:uuid:7cce2c39-a73b-5de0-9144-db617572d67d,
urn:uuid:806ab3d4-0b42-5b91-b962-cb5d6d64afac,relation/unit/bab-3-struktur-kepang/covers/surface/unit-021/formula/inline/043,urn:uuid:ef05d666-247c-5660-9564-b612ff983074,covers,urn:uuid:dd9832be-47de-5315-9dfa-95e81992f559,
urn:uuid:b0f0d174-c2a7-5d20-8482-bbdf83b820d1,relation/unit/bab-3-struktur-kepang/covers/surface/unit-021/formula/inline/044,urn:uuid:ef05d666-247c-5660-9564-b612ff983074,covers,urn:uuid:3ea78038-866b-539b-ba66-d7598c6f51a8,
urn:uuid:4165eaf0-85eb-58f1-95dc-71e6637aefee,relation/unit/bab-3-struktur-kepang/covers/surface/unit-021/formula/inline/045,urn:uuid:ef05d666-247c-5660-9564-b612ff983074,covers,urn:uuid:da710f15-8b97-52b9-bc6b-2ec97042e663,
urn:uuid:b8fe137f-d991-5ace-914a-099c8ac12d36,relation/unit/bab-3-struktur-kepang/covers/surface/unit-021/formula/inline/046,urn:uuid:ef05d666-247c-5660-9564-b612ff983074,covers,urn:uuid:bdcb3ba4-6519-5a06-b3aa-685f8287be48,
urn:uuid:12b6f41c-6cd3-517c-923f-65dd3da55899,relation/unit/bab-3-struktur-kepang/covers/surface/unit-021/formula/inline/047,urn:uuid:ef05d666-247c-5660-9564-b612ff983074,covers,urn:uuid:73a2732a-3055-51f8-8229-14395aeded42,
urn:uuid:7dda2423-0871-5f95-8082-d5b35aa98d88,relation/unit/bab-3-struktur-kepang/covers/surface/unit-021/formula/inline/048,urn:uuid:ef05d666-247c-5660-9564-b612ff983074,covers,urn:uuid:849fa693-4620-5059-8de4-80b2de39f326,
urn:uuid:85ff5dff-d289-519e-b224-c1df3d1aff55,relation/unit/bab-3-struktur-kepang/covers/surface/unit-021/formula/inline/049,urn:uuid:ef05d666-247c-5660-9564-b612ff983074,covers,urn:uuid:1231bbc2-1378-510d-8717-ce5c2d9e9deb,
urn:uuid:6cb3c7bd-99ae-51ad-9d66-b341483ea541,relation/unit/bab-3-struktur-kepang/covers/surface/unit-021/formula/inline/050,urn:uuid:ef05d666-247c-5660-9564-b612ff983074,covers,urn:uuid:6845b2b4-5017-532d-a413-a41b89e28f14,
urn:uuid:ec0b23f8-3cb5-5855-9f78-83c8bb50028b,relation/unit/bab-3-struktur-kepang/covers/surface/unit-021/formula/inline/051,urn:uuid:ef05d666-247c-5660-9564-b612ff983074,covers,urn:uuid:80b3bfd1-ba56-50b9-bc06-ad67bd4d5ed3,
urn:uuid:ea508edc-7e61-5c55-a0fc-e50ce7fc5c1b,relation/unit/bab-3-struktur-kepang/covers/surface/unit-021/formula/inline/052,urn:uuid:ef05d666-247c-5660-9564-b612ff983074,covers,urn:uuid:7e5958a3-469f-5448-bc48-60eb5d9c55d5,
urn:uuid:a6c4bae6-2f8f-56c5-930b-b1cd750c3385,relation/unit/bab-3-struktur-kepang/covers/surface/unit-021/formula/inline/053,urn:uuid:ef05d666-247c-5660-9564-b612ff983074,covers,urn:uuid:f6070795-e2c0-5df9-9919-c95bb1f86623,
urn:uuid:d5b6e5a6-aacc-5271-99bd-87e448f39de6,relation/unit/bab-3-struktur-kepang/covers/surface/unit-021/formula/inline/054,urn:uuid:ef05d666-247c-5660-9564-b612ff983074,covers,urn:uuid:e20f5ae1-c625-589f-aee7-48feac23c27b,
urn:uuid:999d56f9-a41c-52d1-b5fd-5d33122d92b5,relation/unit/bab-3-struktur-kepang/covers/surface/unit-021/formula/inline/055,urn:uuid:ef05d666-247c-5660-9564-b612ff983074,covers,urn:uuid:fe639aeb-78c6-5ea5-b9f4-56305aec3772,
urn:uuid:510ea360-545f-5cd8-9ee2-97218f02b43c,relation/unit/bab-3-struktur-kepang/covers/surface/unit-021/formula/inline/056,urn:uuid:ef05d666-247c-5660-9564-b612ff983074,covers,urn:uuid:28eec779-b9c9-57b4-be3c-92f22b376cab,
urn:uuid:ebf4a7e6-f64d-5786-97c3-2205bde7ad59,relation/unit/bab-3-struktur-kepang/covers/surface/unit-021/formula/inline/057,urn:uuid:ef05d666-247c-5660-9564-b612ff983074,covers,urn:uuid:0dd859f6-3122-5f12-b3e4-01f70b8d85e1,
urn:uuid:ac8069a7-e865-56cd-91c4-371bc829a731,relation/unit/bab-3-struktur-kepang/covers/surface/unit-021/formula/inline/058,urn:uuid:ef05d666-247c-5660-9564-b612ff983074,covers,urn:uuid:c47e93fb-3016-541c-9cd3-f3c5e7b3d252,
urn:uuid:23c672a1-3b31-5a26-8bdb-789819eec598,relation/unit/bab-3-struktur-kepang/covers/surface/unit-021/formula/inline/059,urn:uuid:ef05d666-247c-5660-9564-b612ff983074,covers,urn:uuid:e9122156-a4ea-592f-bbdf-25b72fb0b1aa,
urn:uuid:5802b3cc-76e4-54d3-b9cc-c11d5f13e5a9,relation/unit/bab-3-struktur-kepang/covers/surface/unit-021/formula/inline/060,urn:uuid:ef05d666-247c-5660-9564-b612ff983074,covers,urn:uuid:54487d55-7e2f-5670-b870-4cca42b72b64,
urn:uuid:7f7ce58d-1dfb-563d-9aa5-8bcc9656ab55,relation/unit/bab-3-struktur-kepang/covers/surface/unit-021/formula/inline/061,urn:uuid:ef05d666-247c-5660-9564-b612ff983074,covers,urn:uuid:99d21008-0ea0-582e-be68-f84ed152b349,
urn:uuid:4f008287-7324-549b-8ed6-8f795868426c,relation/unit/bab-3-struktur-kepang/covers/surface/unit-021/formula/inline/062,urn:uuid:ef05d666-247c-5660-9564-b612ff983074,covers,urn:uuid:28be3014-ab95-5148-9f41-7b11e3312de5,
urn:uuid:26791e1c-9d58-5e80-9510-0553e219a5f0,relation/unit/bab-3-struktur-kepang/covers/surface/unit-021/formula/inline/063,urn:uuid:ef05d666-247c-5660-9564-b612ff983074,covers,urn:uuid:22e03ada-08fc-5c45-983d-8f902e1a8c46,
urn:uuid:a775ec1f-5582-5d8a-8872-233f30036aa3,relation/unit/bab-3-struktur-kepang/covers/surface/unit-021/formula/inline/064,urn:uuid:ef05d666-247c-5660-9564-b612ff983074,covers,urn:uuid:abbfd553-e27a-5db6-a315-d185950f9074,
urn:uuid:3d279ffc-f834-54f0-82a7-e423710fb98a,relation/unit/bab-3-struktur-kepang/covers/surface/unit-021/formula/inline/065,urn:uuid:ef05d666-247c-5660-9564-b612ff983074,covers,urn:uuid:5d4bde68-e038-57cd-9285-1106aec0e553,
urn:uuid:c2fe8e0d-e34c-5fac-99df-5f4db8fe7e82,relation/unit/bab-3-struktur-kepang/covers/surface/unit-021/formula/inline/066,urn:uuid:ef05d666-247c-5660-9564-b612ff983074,covers,urn:uuid:40213784-61e1-55df-a826-f62bcf4f3687,
urn:uuid:a70be2ff-f466-5062-9980-de25842e2931,relation/unit/bab-3-struktur-kepang/covers/surface/unit-021/formula/inline/067,urn:uuid:ef05d666-247c-5660-9564-b612ff983074,covers,urn:uuid:3aef0678-6b3f-58c8-8c0f-c1a7f047ac8a,
urn:uuid:48f09604-eb3b-5ee2-8ae8-ab315550b083,relation/unit/bab-3-struktur-kepang/covers/surface/unit-021/formula/inline/068,urn:uuid:ef05d666-247c-5660-9564-b612ff983074,covers,urn:uuid:2b5123dd-f7d9-5b27-b669-1b79d6fe48df,
urn:uuid:af4c89ab-3935-516b-bc22-4d9267de61f3,relation/unit/bab-3-struktur-kepang/covers/surface/unit-021/formula/inline/069,urn:uuid:ef05d666-247c-5660-9564-b612ff983074,covers,urn:uuid:a15ffef0-5eef-51f7-b1ad-13f94582103b,
urn:uuid:a1b128a7-4442-5c7e-894c-8d560cfdc99f,relation/unit/bab-3-struktur-kepang/covers/surface/unit-021/formula/inline/070,urn:uuid:ef05d666-247c-5660-9564-b612ff983074,covers,urn:uuid:beb2ea48-0ebb-58b7-bdf2-2fffbb71dd3e,
urn:uuid:4f1faf06-ace1-5129-962a-521990c05588,relation/unit/bab-3-struktur-kepang/covers/surface/unit-021/formula/inline/071,urn:uuid:ef05d666-247c-5660-9564-b612ff983074,covers,urn:uuid:dff9e89e-1b8e-563a-a7e3-099da6ca0142,
urn:uuid:8adbd452-13c4-52b2-8c71-01d13f93b2fc,relation/unit/bab-3-struktur-kepang/covers/surface/unit-021/formula/inline/072,urn:uuid:ef05d666-247c-5660-9564-b612ff983074,covers,urn:uuid:bbe6130e-57ce-5e04-bf2c-05eae8ade55d,
urn:uuid:9a30428d-ec97-5f1e-bba5-da657ada2d2c,relation/unit/bab-3-struktur-kepang/covers/surface/unit-021/formula/inline/073,urn:uuid:ef05d666-247c-5660-9564-b612ff983074,covers,urn:uuid:88904546-93d1-515f-b484-368eae0ade46,
urn:uuid:37c84681-9fad-50d4-8471-cfd29ff70ab9,relation/unit/bab-3-struktur-kepang/covers/surface/unit-021/formula/inline/074,urn:uuid:ef05d666-247c-5660-9564-b612ff983074,covers,urn:uuid:148c78ac-1633-5839-b3b7-44b1890aa9e7,
urn:uuid:ec69fab6-335d-5227-bacf-11dfb5e7b5ad,relation/unit/bab-3-struktur-kepang/covers/surface/unit-021/formula/inline/075,urn:uuid:ef05d666-247c-5660-9564-b612ff983074,covers,urn:uuid:aabf9eff-b700-5ce5-bb7d-874fce65c700,
urn:uuid:5d6fa27a-6e0d-5237-b45d-c2932adfd8ac,relation/unit/bab-3-struktur-kepang/covers/surface/unit-021/formula/inline/076,urn:uuid:ef05d666-247c-5660-9564-b612ff983074,covers,urn:uuid:5dbbadc2-2a5c-5467-8175-d6a9270c2317,
urn:uuid:d8108563-7c6c-5fcd-abfb-5d4efc3e8d1e,relation/unit/bab-3-struktur-kepang/covers/surface/unit-021/formula/inline/077,urn:uuid:ef05d666-247c-5660-9564-b612ff983074,covers,urn:uuid:3fd6b810-0276-5bb3-bf57-820dcf4deed0,
urn:uuid:1403e9a3-2c4b-5c09-bd0c-b64595b98fe0,relation/unit/bab-3-struktur-kepang/covers/surface/unit-021/formula/inline/078,urn:uuid:ef05d666-247c-5660-9564-b612ff983074,covers,urn:uuid:41675289-145c-57de-b7fa-1265aee713d0,
urn:uuid:4bb86785-defe-592f-aab3-b1a942142820,relation/unit/bab-3-struktur-kepang/covers/surface/unit-021/formula/inline/079,urn:uuid:ef05d666-247c-5660-9564-b612ff983074,covers,urn:uuid:e3c74c94-724c-52ea-a805-48cd0aec1f4c,
urn:uuid:2551d038-e20e-5bd8-b3fe-dd41020eb556,relation/unit/bab-3-struktur-kepang/covers/surface/unit-021/formula/inline/080,urn:uuid:ef05d666-247c-5660-9564-b612ff983074,covers,urn:uuid:842e09ec-3911-5dfc-a39b-ce94a25814d4,
urn:uuid:5e2dde08-9004-5b2b-b347-2d71a69d231c,relation/unit/bab-3-struktur-kepang/covers/surface/unit-021/formula/inline/081,urn:uuid:ef05d666-247c-5660-9564-b612ff983074,covers,urn:uuid:795c9133-762e-5865-9c74-18e89b8bf027,
urn:uuid:fccb448a-7a6d-5abe-b807-5c31c7311ca1,relation/unit/bab-3-struktur-kepang/covers/surface/unit-021/formula/inline/082,urn:uuid:ef05d666-247c-5660-9564-b612ff983074,covers,urn:uuid:dae3b73d-d46f-55d9-8b91-ecc63f9eea6f,
urn:uuid:3fcf5c47-34d8-505d-b88c-870a8aedeaf7,relation/unit/bab-3-struktur-kepang/covers/surface/unit-021/formula/inline/083,urn:uuid:ef05d666-247c-5660-9564-b612ff983074,covers,urn:uuid:3d5525f0-23fa-5f17-b637-2ea723554ad8,
urn:uuid:9f2f27f2-a854-526e-a57b-f15e1a396ed4,relation/unit/bab-3-struktur-kepang/covers/surface/unit-021/formula/inline/084,urn:uuid:ef05d666-247c-5660-9564-b612ff983074,covers,urn:uuid:3dc45e12-d273-58bd-9f4a-cc5b8e279162,
urn:uuid:0491fd93-ff0f-5d39-a841-91cbef139688,relation/unit/bab-3-struktur-kepang/covers/surface/unit-021/formula/inline/085,urn:uuid:ef05d666-247c-5660-9564-b612ff983074,covers,urn:uuid:b230a3a6-a96d-591f-93a2-668b1c2fdaab,
urn:uuid:91294fdc-2c20-5636-b488-24ab9528d025,relation/unit/bab-3-struktur-kepang/covers/surface/unit-021/formula/inline/086,urn:uuid:ef05d666-247c-5660-9564-b612ff983074,covers,urn:uuid:3b8b8a61-f988-52cc-97df-f1241c6f9a44,
urn:uuid:c63deb3b-24bf-5564-a866-7e4786d6f5d5,relation/unit/bab-3-struktur-kepang/covers/surface/unit-021/formula/inline/087,urn:uuid:ef05d666-247c-5660-9564-b612ff983074,covers,urn:uuid:55fde1dc-a073-5267-b9f8-b42ece4a64f1,
urn:uuid:1eb931b5-d8ec-5849-903a-024538e49a58,relation/unit/bab-3-struktur-kepang/covers/surface/unit-021/formula/inline/088,urn:uuid:ef05d666-247c-5660-9564-b612ff983074,covers,urn:uuid:744eed31-3642-5e9a-95ad-29e7143b24ee,
urn:uuid:4fc91b97-a505-5824-8717-db12e4f7beff,relation/unit/bab-3-struktur-kepang/covers/surface/unit-021/formula/inline/089,urn:uuid:ef05d666-247c-5660-9564-b612ff983074,covers,urn:uuid:7c7f09c7-7847-5924-a0fc-4244ec1e8dbe,
urn:uuid:931cf1c3-add5-505a-ad40-9e713e339a9c,relation/unit/bab-3-struktur-kepang/covers/surface/unit-021/formula/inline/090,urn:uuid:ef05d666-247c-5660-9564-b612ff983074,covers,urn:uuid:98624f12-46ea-54b9-acf5-a502a658ad79,
urn:uuid:c74212d3-25de-5b51-b7be-560432f1f253,relation/unit/bab-3-struktur-kepang/covers/surface/unit-021/formula/inline/091,urn:uuid:ef05d666-247c-5660-9564-b612ff983074,covers,urn:uuid:41f8636b-e930-516d-8c12-03ded03eb62e,
urn:uuid:62b715e7-91cc-5077-ac9c-ddbaf343e2bc,relation/unit/bab-3-struktur-kepang/covers/surface/unit-021/formula/inline/092,urn:uuid:ef05d666-247c-5660-9564-b612ff983074,covers,urn:uuid:36a82dc2-0843-5bc2-a606-5993029ef6eb,
urn:uuid:7d24332a-aa81-587c-af8b-ab8259f75dab,relation/unit/bab-3-struktur-kepang/covers/surface/unit-021/formula/inline/093,urn:uuid:ef05d666-247c-5660-9564-b612ff983074,covers,urn:uuid:d83f8339-b001-5c2a-9c65-e3ccc2ec46c6,
urn:uuid:a843889c-f2d9-55ff-a9ef-d1accf192153,relation/unit/bab-3-struktur-kepang/covers/surface/unit-021/formula/inline/094,urn:uuid:ef05d666-247c-5660-9564-b612ff983074,covers,urn:uuid:640ab6e6-1d0d-5e21-a77f-68df23c7f6f8,
urn:uuid:4f096aa2-a3ab-5961-9f15-4488f7d32d5b,relation/unit/bab-3-struktur-kepang/covers/surface/unit-021/formula/inline/095,urn:uuid:ef05d666-247c-5660-9564-b612ff983074,covers,urn:uuid:b88e8d29-4076-59a9-9439-5b899c3d4a8b,
urn:uuid:46f3965c-f1f1-510d-900f-53c5f879ef77,relation/unit/bab-3-struktur-kepang/covers/surface/unit-021/formula/inline/096,urn:uuid:ef05d666-247c-5660-9564-b612ff983074,covers,urn:uuid:e9019b31-f1c6-55f1-a7f1-f8cf3f797ae7,
urn:uuid:b6b326f2-a34f-574f-a9b2-967192531fc1,relation/unit/bab-3-struktur-kepang/covers/surface/unit-021/formula/inline/097,urn:uuid:ef05d666-247c-5660-9564-b612ff983074,covers,urn:uuid:6986519e-c166-53a5-8016-a2f2cd1c2272,
urn:uuid:ed5fa4f1-f66c-537b-a54a-61c33e0a307c,relation/unit/bab-3-struktur-kepang/covers/surface/unit-021/formula/inline/098,urn:uuid:ef05d666-247c-5660-9564-b612ff983074,covers,urn:uuid:a5b94174-b37e-535f-a14d-3063b0e8ef5a,
urn:uuid:21819aa3-0630-51d2-b319-99b3604098f5,relation/unit/bab-3-struktur-kepang/covers/surface/unit-021/formula/inline/099,urn:uuid:ef05d666-247c-5660-9564-b612ff983074,covers,urn:uuid:43d71731-cb28-5926-8818-b3a15103055b,
urn:uuid:0c48fe5f-e535-5b5c-a72a-0ee6807edbf0,relation/unit/bab-3-struktur-kepang/covers/surface/unit-021/formula/inline/100,urn:uuid:ef05d666-247c-5660-9564-b612ff983074,covers,urn:uuid:f01977c7-e649-5d71-a706-4033d772af2a,
urn:uuid:21936a41-8097-5ffd-b07f-9d3e0c6a7d0a,relation/unit/bab-3-struktur-kepang/covers/surface/unit-021/formula/inline/101,urn:uuid:ef05d666-247c-5660-9564-b612ff983074,covers,urn:uuid:82d8fe02-ec86-5274-82f4-28f193f2dae8,
urn:uuid:df8dbb24-eb27-54fb-acca-180b2f74bcd2,relation/unit/bab-3-struktur-kepang/covers/surface/unit-021/formula/inline/102,urn:uuid:ef05d666-247c-5660-9564-b612ff983074,covers,urn:uuid:beac56ec-8a25-5f92-b256-6ba608b051f7,
urn:uuid:37c3b188-f032-5338-9703-1487328422f9,relation/unit/bab-3-struktur-kepang/covers/surface/unit-021/formula/inline/103,urn:uuid:ef05d666-247c-5660-9564-b612ff983074,covers,urn:uuid:3831656f-113c-5011-84e1-345a73eb45c6,
urn:uuid:afbb5eff-96aa-513f-8f1b-83c84aac4fa2,relation/unit/bab-3-struktur-kepang/covers/surface/unit-021/formula/inline/104,urn:uuid:ef05d666-247c-5660-9564-b612ff983074,covers,urn:uuid:043a901a-5071-5c72-a6c8-4bb89d011a2b,
urn:uuid:821c9a9e-dbb0-57be-af10-5cbc3808248c,relation/unit/bab-3-struktur-kepang/covers/surface/unit-021/formula/inline/105,urn:uuid:ef05d666-247c-5660-9564-b612ff983074,covers,urn:uuid:5b940b83-801d-59b9-aba3-b7f62882a687,
urn:uuid:6e7d2f91-9561-59e7-a615-0c0b9542495b,relation/unit/bab-3-struktur-kepang/covers/surface/unit-021/formula/inline/106,urn:uuid:ef05d666-247c-5660-9564-b612ff983074,covers,urn:uuid:78655ad0-1923-52b0-8ee2-582078d3c6e1,
urn:uuid:40ebdd3f-f234-520e-a34a-93331a69a421,relation/unit/bab-3-struktur-kepang/covers/surface/unit-021/formula/inline/107,urn:uuid:ef05d666-247c-5660-9564-b612ff983074,covers,urn:uuid:6bd13096-d8e7-520a-84eb-10d7277546b5,
urn:uuid:2b1545d4-6f5c-5301-a387-bd06cfca66bf,relation/unit/bab-3-struktur-kepang/covers/surface/unit-021/formula/inline/108,urn:uuid:ef05d666-247c-5660-9564-b612ff983074,covers,urn:uuid:6444e5f0-fa0d-5047-bcef-e18aa9d77dba,
urn:uuid:8ce8dd1b-2e80-5c12-97ca-1bfdb87559c7,relation/unit/bab-3-struktur-kepang/covers/surface/unit-021/formula/inline/109,urn:uuid:ef05d666-247c-5660-9564-b612ff983074,covers,urn:uuid:078299a4-e375-5eee-a4a2-59ef84aadae9,
urn:uuid:1b844545-3692-522c-993f-72f4a1f31824,relation/unit/bab-3-struktur-kepang/covers/surface/unit-021/formula/inline/110,urn:uuid:ef05d666-247c-5660-9564-b612ff983074,covers,urn:uuid:5428dc0c-7207-5273-8682-9e988e9f67ad,
urn:uuid:781cd470-94d7-5068-b675-9dd8b1055215,relation/unit/bab-3-struktur-kepang/covers/surface/unit-021/formula/inline/111,urn:uuid:ef05d666-247c-5660-9564-b612ff983074,covers,urn:uuid:aa831a2d-dbf4-5457-9d13-f27889f9d885,
urn:uuid:5660c000-0d05-5011-9c0a-7a8d30191c4b,relation/unit/bab-3-struktur-kepang/covers/surface/unit-021/formula/inline/112,urn:uuid:ef05d666-247c-5660-9564-b612ff983074,covers,urn:uuid:8bc3f8ec-1051-5bc5-a32d-1f670bab69a7,
urn:uuid:fce664e9-f2da-5a71-a950-5c342f3e0879,relation/unit/bab-3-struktur-kepang/covers/surface/unit-021/formula/inline/113,urn:uuid:ef05d666-247c-5660-9564-b612ff983074,covers,urn:uuid:eaba860d-561e-500b-8bbd-00a2907df4d1,
urn:uuid:3269404d-1033-5288-b999-66424c3db1c5,relation/unit/bab-3-struktur-kepang/covers/surface/unit-021/formula/inline/114,urn:uuid:ef05d666-247c-5660-9564-b612ff983074,covers,urn:uuid:9f152153-7106-508d-88a3-070183b86b83,
urn:uuid:41fc5e21-4b01-5f83-9f60-88b1c2b822e2,relation/unit/bab-3-struktur-kepang/covers/surface/unit-021/formula/inline/115,urn:uuid:ef05d666-247c-5660-9564-b612ff983074,covers,urn:uuid:302fa766-fee0-502e-b19c-265348324149,
urn:uuid:1b3e6bed-56cd-50e2-ad7e-4f0f4c8507dd,relation/unit/bab-3-struktur-kepang/covers/surface/unit-021/formula/inline/116,urn:uuid:ef05d666-247c-5660-9564-b612ff983074,covers,urn:uuid:ae2002c8-fa36-5499-b22b-2ea2335d26e8,
urn:uuid:6ff746c7-67ef-5d1e-bebf-953c7eea2401,relation/unit/bab-3-struktur-kepang/covers/surface/unit-021/formula/inline/117,urn:uuid:ef05d666-247c-5660-9564-b612ff983074,covers,urn:uuid:f2064270-7cc4-5bd2-a442-af4aed35981f,
urn:uuid:0c0e9a1d-fd91-50bd-9932-d889fc02dc72,relation/unit/bab-3-struktur-kepang/covers/surface/unit-021/formula/inline/118,urn:uuid:ef05d666-247c-5660-9564-b612ff983074,covers,urn:uuid:95dfc24c-adfd-5fb3-99d3-8f28058e9e94,
urn:uuid:27792d1c-5e31-5694-b091-128e2d7b5fb8,relation/unit/bab-3-struktur-kepang/covers/surface/unit-021/formula/inline/119,urn:uuid:ef05d666-247c-5660-9564-b612ff983074,covers,urn:uuid:2c7d2787-e406-5701-b43b-a97ac40bdde3,
urn:uuid:06c82c82-b6dd-5970-aebf-a7f0769990a4,relation/unit/bab-3-struktur-kepang/covers/surface/unit-021/formula/inline/120,urn:uuid:ef05d666-247c-5660-9564-b612ff983074,covers,urn:uuid:c8bdde89-9bc3-584e-8fa1-672392f5a4c9,
urn:uuid:c0f3bbd2-983c-5c12-b081-1bf959bbc4c2,relation/unit/bab-3-struktur-kepang/covers/surface/unit-021/formula/inline/121,urn:uuid:ef05d666-247c-5660-9564-b612ff983074,covers,urn:uuid:2da90ec3-8eae-5cbe-bf9b-578cbe019056,
urn:uuid:55ebc55e-f741-51d3-9264-8d0e1c8af557,relation/unit/bab-3-struktur-kepang/covers/surface/unit-021/formula/inline/122,urn:uuid:ef05d666-247c-5660-9564-b612ff983074,covers,urn:uuid:54273968-5464-5eb1-89c4-e126e686114f,
urn:uuid:90035bc1-b68e-5b8c-bf6a-3091b9cebc80,relation/unit/bab-3-struktur-kepang/covers/surface/unit-021/formula/inline/123,urn:uuid:ef05d666-247c-5660-9564-b612ff983074,covers,urn:uuid:83c3382e-cf86-58ba-a7df-7d101ba492be,
urn:uuid:7bc3487c-e5e5-5536-a23f-ec5aae62f9e1,relation/unit/bab-3-struktur-kepang/covers/surface/unit-021/formula/inline/124,urn:uuid:ef05d666-247c-5660-9564-b612ff983074,covers,urn:uuid:9d69ac10-a22c-5bde-acd9-e4a23cb00683,
urn:uuid:11fb105b-4ec7-5ef7-ac98-de2d48efb3c1,relation/unit/bab-3-struktur-kepang/covers/surface/unit-021/formula/inline/125,urn:uuid:ef05d666-247c-5660-9564-b612ff983074,covers,urn:uuid:88115c83-1531-5b09-bd92-70b09c56fad7,
urn:uuid:fb57ad4b-eb69-513d-b548-8973befd6d50,relation/unit/bab-3-struktur-kepang/covers/surface/unit-021/formula/inline/126,urn:uuid:ef05d666-247c-5660-9564-b612ff983074,covers,urn:uuid:4fe7e975-038b-55f8-832a-be9b4d1f5926,
urn:uuid:086c8cbb-5723-5d5c-be53-ae18dc238dd3,relation/unit/bab-3-struktur-kepang/covers/surface/unit-021/formula/inline/127,urn:uuid:ef05d666-247c-5660-9564-b612ff983074,covers,urn:uuid:3cf516aa-a0a0-5aab-a6a2-10d7352191fa,
urn:uuid:9784e9fc-9f13-50a5-afbc-0d05fbbd2317,relation/unit/bab-3-struktur-kepang/covers/surface/unit-021/formula/inline/128,urn:uuid:ef05d666-247c-5660-9564-b612ff983074,covers,urn:uuid:53fb872a-4689-5d2f-95b5-28bd106d1218,
urn:uuid:ce2cefb1-0f70-58e3-9892-704245e60ed0,relation/unit/bab-3-struktur-kepang/covers/surface/unit-021/formula/inline/129,urn:uuid:ef05d666-247c-5660-9564-b612ff983074,covers,urn:uuid:6f46ce1d-9652-5439-9f69-7d15054d8e37,
urn:uuid:891547fc-5ddd-5d2c-8dcd-c9891215e438,relation/unit/bab-3-struktur-kepang/covers/surface/unit-021/formula/inline/130,urn:uuid:ef05d666-247c-5660-9564-b612ff983074,covers,urn:uuid:1c7d6436-1eac-5342-8cd2-091a2ffb24d8,
urn:uuid:3ec551d8-d57d-557b-b325-a3180b370f1d,relation/unit/bab-3-struktur-kepang/covers/surface/unit-021/formula/inline/131,urn:uuid:ef05d666-247c-5660-9564-b612ff983074,covers,urn:uuid:b5b53833-c0a4-5562-b952-6525ff623344,
urn:uuid:ada6a540-b1a2-55d3-b9f7-7dd9b15c9794,relation/unit/bab-3-struktur-kepang/covers/surface/unit-021/formula/inline/132,urn:uuid:ef05d666-247c-5660-9564-b612ff983074,covers,urn:uuid:7fa19173-d4ef-5cf5-9af7-983ea9d50ae6,
urn:uuid:5c5f5d3f-203b-5a96-9fd8-a9aea51f3f2a,relation/unit/bab-3-struktur-kepang/covers/surface/unit-021/formula/inline/133,urn:uuid:ef05d666-247c-5660-9564-b612ff983074,covers,urn:uuid:13b97e7e-adc3-5607-b835-2816109deaf7,
urn:uuid:0cff14c7-8d87-5a0c-9197-31d8db2da488,relation/unit/bab-3-struktur-kepang/covers/surface/unit-021/formula/inline/134,urn:uuid:ef05d666-247c-5660-9564-b612ff983074,covers,urn:uuid:df6e8b6b-0ac0-5817-955d-40516f047a0c,
urn:uuid:153bd0b5-fd87-576c-9f0b-156d58a7648a,relation/unit/bab-3-struktur-kepang/covers/surface/unit-021/formula/inline/135,urn:uuid:ef05d666-247c-5660-9564-b612ff983074,covers,urn:uuid:0dfead6f-3805-57f1-b13c-cdc442adb23f,
urn:uuid:116e5e5c-d54f-58c9-9559-ee1b51775e58,relation/unit/bab-3-struktur-kepang/covers/surface/unit-021/formula/inline/136,urn:uuid:ef05d666-247c-5660-9564-b612ff983074,covers,urn:uuid:62eed99a-a7ec-51a4-835c-b1579adfb314,
urn:uuid:d2590f6b-37a4-5a29-be33-ac135374ab0c,relation/unit/bab-3-struktur-kepang/covers/surface/unit-021/formula/inline/137,urn:uuid:ef05d666-247c-5660-9564-b612ff983074,covers,urn:uuid:4b35d016-dce3-5ab3-8675-86b0b9b0c4f0,
urn:uuid:03408116-a168-5f4b-a28d-8e6aff29b5da,relation/unit/bab-3-struktur-kepang/covers/surface/unit-021/formula/inline/138,urn:uuid:ef05d666-247c-5660-9564-b612ff983074,covers,urn:uuid:f334d73b-6baa-591b-ac96-b717367e7b9d,
urn:uuid:2881e1eb-5fb0-5bff-8a87-1d24bb087f52,relation/unit/bab-3-struktur-kepang/covers/surface/unit-021/formula/inline/139,urn:uuid:ef05d666-247c-5660-9564-b612ff983074,covers,urn:uuid:f7ae3af8-244a-5490-9878-e5a68c0b7350,
urn:uuid:ed8e4054-7dbc-5052-b7f0-7a43ecf0ddd2,relation/unit/bab-3-struktur-kepang/covers/surface/unit-021/formula/inline/140,urn:uuid:ef05d666-247c-5660-9564-b612ff983074,covers,urn:uuid:97109916-1991-5c57-96ed-4ab954d06977,
urn:uuid:7345b5b1-bbe6-52e7-951e-798e39d9107b,relation/unit/bab-3-struktur-kepang/covers/surface/unit-021/formula/inline/141,urn:uuid:ef05d666-247c-5660-9564-b612ff983074,covers,urn:uuid:b6e34639-1b57-5846-8dcd-8e8900eb3a3f,
urn:uuid:14a6fab2-5c03-5196-80d8-91bbe6b9db83,relation/unit/bab-3-struktur-kepang/covers/surface/unit-021/formula/inline/142,urn:uuid:ef05d666-247c-5660-9564-b612ff983074,covers,urn:uuid:b5317864-e600-5dfb-9296-5ede482b089f,
urn:uuid:51ac50b7-38a2-58c7-9079-9f9c7fac2cee,relation/unit/bab-3-struktur-kepang/covers/surface/unit-021/formula/inline/143,urn:uuid:ef05d666-247c-5660-9564-b612ff983074,covers,urn:uuid:9b1b296c-85b5-561a-8dff-2dd461be459b,
urn:uuid:f7ff9398-5284-555c-8f05-e61738c48dd4,relation/unit/bab-3-struktur-kepang/covers/surface/unit-021/formula/inline/144,urn:uuid:ef05d666-247c-5660-9564-b612ff983074,covers,urn:uuid:4fa6c359-74dc-556a-ac3b-796e8dc9a85d,
urn:uuid:f6a52fa9-96e5-5d6f-a8ec-20cfa7d1f495,relation/unit/bab-3-struktur-kepang/covers/surface/unit-021/label/001,urn:uuid:ef05d666-247c-5660-9564-b612ff983074,covers,urn:uuid:1469c9d7-25ab-52bd-b4a1-033689d693d0,
urn:uuid:22e71d41-cf71-554e-a35e-72a759211918,relation/unit/bab-3-struktur-kepang/covers/surface/unit-021/label/002,urn:uuid:ef05d666-247c-5660-9564-b612ff983074,covers,urn:uuid:3b4f7d7c-4d33-58e2-b47b-e1d4d7c34ed4,
urn:uuid:0ae06e03-135c-5c1e-b18b-87846e3d8ee8,relation/unit/bab-3-struktur-kepang/covers/surface/unit-021/label/003,urn:uuid:ef05d666-247c-5660-9564-b612ff983074,covers,urn:uuid:4276fe5c-7761-51e5-a5ee-043ba04b411f,
urn:uuid:6aa832bc-6d18-57da-b18d-7f8aed1281a0,relation/unit/bab-3-struktur-kepang/covers/surface/unit-021/label/004,urn:uuid:ef05d666-247c-5660-9564-b612ff983074,covers,urn:uuid:35506dad-ce74-54e7-a7fe-1d5360aa106e,
urn:uuid:254ade62-40a2-55ab-a4c1-14f81b9e30c0,relation/unit/bab-3-struktur-kepang/covers/surface/unit-021/label/005,urn:uuid:ef05d666-247c-5660-9564-b612ff983074,covers,urn:uuid:b8199b41-06a1-5466-8614-b98b8b490690,
urn:uuid:235e7f48-6006-520f-9543-a9f08788d1da,relation/unit/bab-3-struktur-kepang/covers/surface/unit-021/label/006,urn:uuid:ef05d666-247c-5660-9564-b612ff983074,covers,urn:uuid:ae39ef87-3a53-591c-ab54-d668b0bc0bb9,
urn:uuid:8e7f6cf1-2f36-566f-9450-4174d6c96fcc,relation/unit/bab-3-struktur-kepang/covers/surface/unit-021/label/007,urn:uuid:ef05d666-247c-5660-9564-b612ff983074,covers,urn:uuid:86b6154e-673d-5d8a-8a23-68ad8ba119f5,
urn:uuid:75f7e3bf-e665-5161-b797-82261a1134bd,relation/unit/bab-3-struktur-kepang/covers/surface/unit-021/label/008,urn:uuid:ef05d666-247c-5660-9564-b612ff983074,covers,urn:uuid:53e11dae-981e-516d-a579-11a842a9329d,
urn:uuid:b591a21d-69d2-57ed-9449-e344827b2161,relation/unit/bab-3-struktur-kepang/covers/surface/unit-021/label/009,urn:uuid:ef05d666-247c-5660-9564-b612ff983074,covers,urn:uuid:ed19f06e-a640-57df-b522-edf88938a9cd,
urn:uuid:9586159e-4d2f-525e-91d7-e368713e6aa4,relation/unit/bab-3-struktur-kepang/covers/surface/unit-021/reference/equation/002,urn:uuid:ef05d666-247c-5660-9564-b612ff983074,covers,urn:uuid:7646c3ab-883c-5fe4-bc55-4bd1f6b3e169,
urn:uuid:a50f5fad-f188-57b9-9e50-237631fd1faa,relation/unit/bab-3-struktur-kepang/covers/surface/unit-021/reference/equation/003,urn:uuid:ef05d666-247c-5660-9564-b612ff983074,covers,urn:uuid:6edfa5d9-cb49-5916-ac1f-e98174d3dc73,
urn:uuid:3952a279-9c61-527f-8d88-b72060ad3670,relation/unit/bab-3-struktur-kepang/covers/surface/unit-021/reference/equation/010,urn:uuid:ef05d666-247c-5660-9564-b612ff983074,covers,urn:uuid:d363f4be-e51c-5ab7-8409-ce6102ea335c,
urn:uuid:1745cf87-30ee-5372-9a77-9bdc75a627f3,relation/unit/bab-3-struktur-kepang/covers/surface/unit-021/reference/ordinary/001,urn:uuid:ef05d666-247c-5660-9564-b612ff983074,covers,urn:uuid:8ae6bfd1-7418-5a36-a304-81de994dc5ac,
urn:uuid:29770c2e-adc7-55c9-bc23-662eb0978bfd,relation/unit/bab-3-struktur-kepang/covers/surface/unit-021/reference/ordinary/004,urn:uuid:ef05d666-247c-5660-9564-b612ff983074,covers,urn:uuid:d197afad-24c3-5ac5-b042-db7193ae60db,
urn:uuid:b17808ba-302a-569b-8052-4f2471046de6,relation/unit/bab-3-struktur-kepang/covers/surface/unit-021/reference/ordinary/005,urn:uuid:ef05d666-247c-5660-9564-b612ff983074,covers,urn:uuid:7a7e46a7-177d-58bc-80e4-07d90e6c938f,
urn:uuid:05492557-b29a-512c-af36-79086ad13de1,relation/unit/bab-3-struktur-kepang/covers/surface/unit-021/reference/ordinary/006,urn:uuid:ef05d666-247c-5660-9564-b612ff983074,covers,urn:uuid:64321044-5a23-52fd-85fe-4adab4216b46,
urn:uuid:47757c05-97f8-5e2b-8c00-b8c12cc28004,relation/unit/bab-3-struktur-kepang/covers/surface/unit-021/reference/ordinary/007,urn:uuid:ef05d666-247c-5660-9564-b612ff983074,covers,urn:uuid:347fa8b9-8ee9-5751-a63d-ab6a01bdf104,
urn:uuid:fbaec5ba-1c0e-5359-9980-d796a9172dbf,relation/unit/bab-3-struktur-kepang/covers/surface/unit-021/reference/ordinary/008,urn:uuid:ef05d666-247c-5660-9564-b612ff983074,covers,urn:uuid:bc8bee2d-8396-56e4-9888-3d55a4bbfbe2,
urn:uuid:8fad0698-6fe3-53eb-8c4f-d310b97ebe17,relation/unit/bab-3-struktur-kepang/covers/surface/unit-021/reference/ordinary/009,urn:uuid:ef05d666-247c-5660-9564-b612ff983074,covers,urn:uuid:c9d94a38-7ed0-57a7-bec9-5e7e36ace52f,
urn:uuid:1d1bbff6-347b-5e05-91d3-87ad0995f68c,relation/unit/bab-3-struktur-kepang/covers/surface/unit-021/reference/ordinary/011,urn:uuid:ef05d666-247c-5660-9564-b612ff983074,covers,urn:uuid:63865f57-8469-528c-a964-506fe725946c,
urn:uuid:45165ae9-7540-5958-94d3-d26126dfc138,relation/unit/bab-3-struktur-kepang/covers/surface/unit-021/reference/ordinary/012,urn:uuid:ef05d666-247c-5660-9564-b612ff983074,covers,urn:uuid:67e7b89c-a0af-5491-b9d1-ff373ae3c576,
urn:uuid:c1523c4d-654a-5212-a2ee-31f43761c867,relation/unit/bab-3-struktur-kepang/covers/surface/unit-021/reference/ordinary/013,urn:uuid:ef05d666-247c-5660-9564-b612ff983074,covers,urn:uuid:acecce65-638a-5fd2-8e66-732fc24ee713,
urn:uuid:13eede92-a7f3-5872-afba-3c2ac602e943,relation/unit/bab-3-struktur-kepang/covers/surface/unit-021/terminology-row/001,urn:uuid:ef05d666-247c-5660-9564-b612ff983074,covers,urn:uuid:d242da9f-bf2c-5c92-b466-139f8ceaf68c,
urn:uuid:0eafa590-80e0-584f-809f-9f30664f31d6,relation/unit/bab-3-struktur-kepang/covers/surface/unit-021/terminology-row/002,urn:uuid:ef05d666-247c-5660-9564-b612ff983074,covers,urn:uuid:892ca570-36c9-5620-aa55-b2992e9b1518,
urn:uuid:fded2c2e-84fc-5fcb-bc3b-e0185a253e28,relation/unit/bab-3-struktur-kepang/covers/surface/unit-021/terminology-row/003,urn:uuid:ef05d666-247c-5660-9564-b612ff983074,covers,urn:uuid:85108497-beb8-5c37-b27f-4a92a01831e3,
urn:uuid:bc6a28df-ddc9-5f25-9ecd-dc824d7731ce,relation/unit/bab-3-struktur-kepang/covers/surface/unit-021/terminology-row/004,urn:uuid:ef05d666-247c-5660-9564-b612ff983074,covers,urn:uuid:0fb4b62c-5f74-51cc-b749-a55de606aa6e,
urn:uuid:d6494ead-8fa8-52f5-87fc-7dd9cc12b5e2,relation/unit/bab-3-struktur-kepang/covers/surface/unit-021/terminology-row/005,urn:uuid:ef05d666-247c-5660-9564-b612ff983074,covers,urn:uuid:b2ed2721-3eca-534d-a399-99749ff6f7d3,
urn:uuid:2da75c61-8a45-5659-a39b-ae4806e86bf9,relation/unit/bab-3-struktur-kepang/covers/surface/unit-021/terminology-row/006,urn:uuid:ef05d666-247c-5660-9564-b612ff983074,covers,urn:uuid:5be7441c-198e-5af5-a784-e839478d562e,
urn:uuid:fb716da1-365b-5f85-bda4-63fb226867e8,relation/unit/bab-3-struktur-kepang/covers/surface/unit-021/terminology-row/007,urn:uuid:ef05d666-247c-5660-9564-b612ff983074,covers,urn:uuid:040d664d-6f59-5214-a37d-e872b6e9ff55,
urn:uuid:6d85e639-ff13-57a9-bfa2-66fa0345de7e,relation/unit/bab-3-struktur-kepang/covers/surface/unit-021/terminology-row/008,urn:uuid:ef05d666-247c-5660-9564-b612ff983074,covers,urn:uuid:166510db-d3ac-5292-980b-27b5cfd4ca01,
urn:uuid:249c6278-2d4e-5143-a40c-623c55420ea5,relation/unit/bab-3-struktur-kepang/covers/surface/unit-021/terminology-row/009,urn:uuid:ef05d666-247c-5660-9564-b612ff983074,covers,urn:uuid:699c4862-2d1f-553d-acfc-365371f8e1f0,
urn:uuid:e363856c-69c9-5777-88dd-c0ea3e769647,relation/unit/bab-3-struktur-kepang/governed-by/rights/ajbook-fragment-cc-by-sa-3.0,urn:uuid:ef05d666-247c-5660-9564-b612ff983074,governed-by,urn:uuid:10faf5cd-990f-5850-87b4-26922b062485,
urn:uuid:d91c0bdd-35c9-596c-b49d-f5f9397f95c8,relation/unit/bab-3-struktur-kepang/governed-by/rights/noto-fonts-ofl-1.1,urn:uuid:ef05d666-247c-5660-9564-b612ff983074,governed-by,urn:uuid:b9f7a7a7-8e18-507a-b72e-b5de733a7430,
urn:uuid:865c1d57-b380-5bfa-bd3b-d345297733bd,relation/unit/bab-3-struktur-kepang/governed-by/rights/principal-cc-by-4.0,urn:uuid:ef05d666-247c-5660-9564-b612ff983074,governed-by,urn:uuid:0baf6c47-021d-5310-9475-81519e710250,
urn:uuid:ac5fcde6-f6d7-55ce-8a23-9591a3fc845d,relation/unit/bab-3-struktur-kepang/requires/prerequisite/categories-and-morphisms,urn:uuid:ef05d666-247c-5660-9564-b612ff983074,requires,urn:uuid:dd69ccfd-7399-53a2-83fe-84127b1baf1d,prelude.tex:49-60
urn:uuid:ed9b4e55-c5b2-527e-9082-b9c5f3cb03cd,relation/unit/bab-3-struktur-kepang/requires/prerequisite/functor-categories,urn:uuid:ef05d666-247c-5660-9564-b612ff983074,requires,urn:uuid:e3c2ed29-b6a0-5f8d-9613-6f2b41d962c8,prelude.tex:49-60
urn:uuid:43c0c818-a668-50e1-a44c-7f4a21dbdef0,relation/unit/bab-3-struktur-kepang/requires/prerequisite/functors-and-natural-transformations,urn:uuid:ef05d666-247c-5660-9564-b612ff983074,requires,urn:uuid:3e864ace-90f6-56b3-8ce5-2e0690dbc9f8,prelude.tex:49-60
urn:uuid:7d2f77f2-e76d-5ea9-ae55-24024291fb9f,relation/unit/bab-3-struktur-kepang/requires/prerequisite/permutations-and-symmetric-groups,urn:uuid:ef05d666-247c-5660-9564-b612ff983074,requires,urn:uuid:ee7d907b-05bc-5def-81d5-7fcd351829b8,prelude.tex:49-60
urn:uuid:e487c504-e7bd-576e-a9eb-6639e7b4420e,relation/unit/bab-3-struktur-kepang/requires/prerequisite/point-set-topology,urn:uuid:ef05d666-247c-5660-9564-b612ff983074,requires,urn:uuid:6a61cd7e-28fe-5c64-9573-cf9ab46e5e96,prelude.tex:49-60
urn:uuid:749a4b24-e517-52a2-9ceb-7c488675d87b,relation/unit/bab-3-struktur-kepang/section/struktur-kepang/cites/citation/unit-021/js93,urn:uuid:d61d193e-237c-510c-9846-502957c48b12,cites,urn:uuid:86ac5634-f0b0-5a43-a109-b5c5f9e2354c,chapter3.tex:308
urn:uuid:ac147367-85e7-57c1-9fc5-de916034070e,relation/unit/bab-3-struktur-kepang/section/struktur-kepang/covers/concept/artin-braid-group,urn:uuid:d61d193e-237c-510c-9846-502957c48b12,covers,urn:uuid:eb171392-b5fc-5dcf-99ef-240b0fce4805,chapter3.tex:307-512
urn:uuid:8a658055-811d-5558-ace8-e9657463a816,relation/unit/bab-3-struktur-kepang/section/struktur-kepang/covers/concept/associativity-constraint,urn:uuid:d61d193e-237c-510c-9846-502957c48b12,covers,urn:uuid:9cdc71d9-0940-555e-a46a-21049ceb1608,chapter3.tex:307-512
urn:uuid:29dab2de-1c71-50fe-a916-577e91d2b85f,relation/unit/bab-3-struktur-kepang/section/struktur-kepang/covers/concept/braid,urn:uuid:d61d193e-237c-510c-9846-502957c48b12,covers,urn:uuid:26a1e735-08d1-5d3f-b7fc-6da548acb23d,chapter3.tex:307-512
urn:uuid:186696d5-8142-51ac-96f4-5d3559a6cf3c,relation/unit/bab-3-struktur-kepang/section/struktur-kepang/covers/concept/braid-category,urn:uuid:d61d193e-237c-510c-9846-502957c48b12,covers,urn:uuid:a0e0a0be-371c-58c2-a41e-f330479f3096,chapter3.tex:307-512
urn:uuid:9549e710-e311-58f5-8a00-4e4be8ef6396,relation/unit/bab-3-struktur-kepang/section/struktur-kepang/covers/concept/braid-equivalence,urn:uuid:d61d193e-237c-510c-9846-502957c48b12,covers,urn:uuid:c6e134b7-5138-5449-88bb-6ce288a72f98,chapter3.tex:307-512
urn:uuid:ad996a47-51a4-5d3b-8c99-0bed1c5bb3e9,relation/unit/bab-3-struktur-kepang/section/struktur-kepang/covers/concept/braid-group,urn:uuid:d61d193e-237c-510c-9846-502957c48b12,covers,urn:uuid:9de7967d-48de-53aa-bbe6-571364729d1b,chapter3.tex:307-512
urn:uuid:ca379c30-905c-567a-b2af-5474e90243ab,relation/unit/bab-3-struktur-kepang/section/struktur-kepang/covers/concept/braid-juxtaposition,urn:uuid:d61d193e-237c-510c-9846-502957c48b12,covers,urn:uuid:4108acdd-bad2-537d-9442-a2aac9f45265,chapter3.tex:307-512
urn:uuid:9d683f17-4fad-502d-a0ab-3ece2994e30a,relation/unit/bab-3-struktur-kepang/section/struktur-kepang/covers/concept/braided-monoidal-category,urn:uuid:d61d193e-237c-510c-9846-502957c48b12,covers,urn:uuid:05e2395e-acfd-518f-9539-487b6bbff7d2,chapter3.tex:307-512
urn:uuid:06f8ad9b-5543-5771-86c3-3c864fdf2e44,relation/unit/bab-3-struktur-kepang/section/struktur-kepang/covers/concept/braided-monoidal-functor,urn:uuid:d61d193e-237c-510c-9846-502957c48b12,covers,urn:uuid:ebbdf06b-bbf9-5bc7-ac6c-ced9766bc0e9,chapter3.tex:307-512
urn:uuid:4be21312-ca50-5bdc-9b73-50c00bdb44b4,relation/unit/bab-3-struktur-kepang/section/struktur-kepang/covers/concept/braiding-monoidal-category,urn:uuid:d61d193e-237c-510c-9846-502957c48b12,covers,urn:uuid:7fb74cec-0499-5805-88ea-2ee4bce2c7c7,chapter3.tex:307-512
urn:uuid:2b6f90de-5318-5aed-91a2-d4bc2fd3da6e,relation/unit/bab-3-struktur-kepang/section/struktur-kepang/covers/concept/commutativity-constraint,urn:uuid:d61d193e-237c-510c-9846-502957c48b12,covers,urn:uuid:9704a508-c5a3-5382-b79a-1f9bf0d79413,chapter3.tex:307-512
urn:uuid:2566b72e-366f-5fe1-a508-1c8788bc50c4,relation/unit/bab-3-struktur-kepang/section/struktur-kepang/covers/concept/configuration-space,urn:uuid:d61d193e-237c-510c-9846-502957c48b12,covers,urn:uuid:e40fd80a-3183-54e6-83c4-a59ee2097807,chapter3.tex:307-512
urn:uuid:59085969-16dc-5212-86cc-a12588f77977,relation/unit/bab-3-struktur-kepang/section/struktur-kepang/covers/concept/fundamental-group,urn:uuid:d61d193e-237c-510c-9846-502957c48b12,covers,urn:uuid:9478f6b3-21ab-55af-abe7-73e1ab91ccd7,chapter3.tex:307-512
urn:uuid:f3b3d421-3ac8-5647-ade1-08a5b9652e41,relation/unit/bab-3-struktur-kepang/section/struktur-kepang/covers/concept/hexagon-axiom,urn:uuid:d61d193e-237c-510c-9846-502957c48b12,covers,urn:uuid:81165e17-14b7-5fda-8b39-23d54fcf36cb,chapter3.tex:307-512
urn:uuid:bd475e79-d01c-5828-b5dd-0b3ebf20fa16,relation/unit/bab-3-struktur-kepang/section/struktur-kepang/covers/concept/module-tensor-product,urn:uuid:d61d193e-237c-510c-9846-502957c48b12,covers,urn:uuid:0260ce92-0103-5dd9-b5b8-c7d5f439d76e,chapter3.tex:307-512
urn:uuid:34ff77e9-f12a-5a64-94fd-6d2c8b04ced7,relation/unit/bab-3-struktur-kepang/section/struktur-kepang/covers/concept/monoidal-category,urn:uuid:d61d193e-237c-510c-9846-502957c48b12,covers,urn:uuid:168a49b3-f968-5460-883e-75f186b10488,chapter3.tex:307-512
urn:uuid:b02937ba-f833-5564-97d9-0a25005d65f6,relation/unit/bab-3-struktur-kepang/section/struktur-kepang/covers/concept/naturality,urn:uuid:d61d193e-237c-510c-9846-502957c48b12,covers,urn:uuid:d83d9adc-4a52-5986-baac-78f1c38b337a,chapter3.tex:307-512
urn:uuid:43dd9cec-03fb-568e-9b21-9956641456a2,relation/unit/bab-3-struktur-kepang/section/struktur-kepang/covers/concept/strict-monoidal-category,urn:uuid:d61d193e-237c-510c-9846-502957c48b12,covers,urn:uuid:7c30cb87-c288-52af-b35c-7383f89471b3,chapter3.tex:307-512
urn:uuid:726ff062-860a-5e2b-b951-eefd4820a59e,relation/unit/bab-3-struktur-kepang/section/struktur-kepang/covers/concept/symmetric-group,urn:uuid:d61d193e-237c-510c-9846-502957c48b12,covers,urn:uuid:466b1220-9ccc-56d2-a193-0cad39523da3,chapter3.tex:307-512
urn:uuid:fc3c2798-8879-5be6-af51-8f9738e3cb0e,relation/unit/bab-3-struktur-kepang/section/struktur-kepang/covers/concept/symmetric-monoidal-category,urn:uuid:d61d193e-237c-510c-9846-502957c48b12,covers,urn:uuid:9873ba00-cb66-54cf-a45d-396fecdc685c,chapter3.tex:307-512
urn:uuid:0d407143-7205-566c-846f-7df02f391098,relation/unit/bab-3-struktur-kepang/section/struktur-kepang/covers/concept/tensor-product,urn:uuid:d61d193e-237c-510c-9846-502957c48b12,covers,urn:uuid:032521ac-2210-5825-8dc3-0491a41bc792,chapter3.tex:307-512
urn:uuid:2e707c9d-f0bc-51a9-b707-e3b047d2c652,relation/unit/bab-3-struktur-kepang/section/struktur-kepang/covers/concept/unit-constraint,urn:uuid:d61d193e-237c-510c-9846-502957c48b12,covers,urn:uuid:23619e4d-1602-5850-b63b-99615a6a57eb,chapter3.tex:307-512
urn:uuid:731368ab-511a-5d62-970d-4a018659c99b,relation/unit/bab-3-struktur-kepang/section/struktur-kepang/covers/concept/unit-object,urn:uuid:d61d193e-237c-510c-9846-502957c48b12,covers,urn:uuid:e82a27ee-59d2-58b5-a592-d7f8adf9553c,chapter3.tex:307-512
urn:uuid:8dd7a8c6-0112-5ce8-835f-4f7eab739476,relation/unit/bab-3-struktur-kepang/section/struktur-kepang/covers/concept/yang-baxter-equation,urn:uuid:d61d193e-237c-510c-9846-502957c48b12,covers,urn:uuid:38a1e0d5-c6ed-59d7-a961-bfdf822b1cef,chapter3.tex:307-512
urn:uuid:b3c9d7f0-020a-5c0e-99b3-c64bfdb70aa7,relation/unit/bab-3-struktur-kepang/section/struktur-kepang/covers/correction/o013-li-u021-cor-001,urn:uuid:d61d193e-237c-510c-9846-502957c48b12,covers,urn:uuid:c1c7c86a-eb69-55c9-8b59-bf9ab647e4cd,chapter3.tex:307-512
urn:uuid:5949b153-1669-5a2e-959c-eb5f13d321e7,relation/unit/bab-3-struktur-kepang/section/struktur-kepang/covers/correction/o013-li-u021-cor-002,urn:uuid:d61d193e-237c-510c-9846-502957c48b12,covers,urn:uuid:1b4f537c-5792-5e76-be30-575205cdb3ed,chapter3.tex:307-512
urn:uuid:586aa40c-79d7-58ea-ac4f-800a8fb4aa10,relation/unit/bab-3-struktur-kepang/section/struktur-kepang/covers/correction/o013-li-u021-ed-001,urn:uuid:d61d193e-237c-510c-9846-502957c48b12,covers,urn:uuid:6e069c3b-431a-5440-9b7f-5ea6d54713a6,chapter3.tex:307-512
urn:uuid:a089eefc-6e8a-5e57-bcbe-fe4b323907ef,relation/unit/bab-3-struktur-kepang/section/struktur-kepang/covers/surface/unit-021/citation-occurrence/001,urn:uuid:d61d193e-237c-510c-9846-502957c48b12,covers,urn:uuid:f8346236-088c-53da-9e66-521139703ab9,chapter3.tex:307-512
urn:uuid:4e42752c-8155-533c-b9b0-a88ba4923aea,relation/unit/bab-3-struktur-kepang/section/struktur-kepang/covers/surface/unit-021/citation-occurrence/002,urn:uuid:d61d193e-237c-510c-9846-502957c48b12,covers,urn:uuid:ceaf1d17-21bc-5d66-87c1-883c0a27f9ff,chapter3.tex:307-512
urn:uuid:7426ecb8-0c74-5169-908d-78914d75de3d,relation/unit/bab-3-struktur-kepang/section/struktur-kepang/covers/surface/unit-021/diagram-arrow/001,urn:uuid:d61d193e-237c-510c-9846-502957c48b12,covers,urn:uuid:eb0fd0f2-b3fa-5863-9e66-8727e988b0b6,chapter3.tex:307-512
urn:uuid:9200c4db-3bcd-50f5-bcfb-91cd954fb528,relation/unit/bab-3-struktur-kepang/section/struktur-kepang/covers/surface/unit-021/diagram-arrow/002,urn:uuid:d61d193e-237c-510c-9846-502957c48b12,covers,urn:uuid:c29f326f-d588-558f-8474-ddd04632ec1b,chapter3.tex:307-512
urn:uuid:f2a86cc8-e7bb-5a68-a012-5d2d76d1cd9e,relation/unit/bab-3-struktur-kepang/section/struktur-kepang/covers/surface/unit-021/diagram-arrow/003,urn:uuid:d61d193e-237c-510c-9846-502957c48b12,covers,urn:uuid:bdff0c7e-64f3-5725-b819-521586e0b897,chapter3.tex:307-512
urn:uuid:45223d95-2181-58d0-a628-8e880b45aed0,relation/unit/bab-3-struktur-kepang/section/struktur-kepang/covers/surface/unit-021/diagram-arrow/004,urn:uuid:d61d193e-237c-510c-9846-502957c48b12,covers,urn:uuid:9c0330ef-a645-5825-8b2b-bf9040d8a5db,chapter3.tex:307-512
urn:uuid:17c89bf1-b2fd-5a9a-b483-446075626e5e,relation/unit/bab-3-struktur-kepang/section/struktur-kepang/covers/surface/unit-021/diagram-arrow/005,urn:uuid:d61d193e-237c-510c-9846-502957c48b12,covers,urn:uuid:d68563c9-31fe-5d08-9402-be3b04b16bf9,chapter3.tex:307-512
urn:uuid:6544cd13-ba17-55c5-9756-6061b5157a6f,relation/unit/bab-3-struktur-kepang/section/struktur-kepang/covers/surface/unit-021/diagram-arrow/006,urn:uuid:d61d193e-237c-510c-9846-502957c48b12,covers,urn:uuid:af3fd652-96eb-524e-9521-07a5938b8448,chapter3.tex:307-512
urn:uuid:8ed317dc-ccf8-5f48-94d8-b980c980b310,relation/unit/bab-3-struktur-kepang/section/struktur-kepang/covers/surface/unit-021/diagram-arrow/007,urn:uuid:d61d193e-237c-510c-9846-502957c48b12,covers,urn:uuid:89645a56-b6ce-5f71-b23b-5011d36da0a6,chapter3.tex:307-512
urn:uuid:09a7b58e-c05c-5223-a3df-3ae8018f473d,relation/unit/bab-3-struktur-kepang/section/struktur-kepang/covers/surface/unit-021/diagram-arrow/008,urn:uuid:d61d193e-237c-510c-9846-502957c48b12,covers,urn:uuid:e8aac118-a73f-50ea-a891-bbae64ab0ae6,chapter3.tex:307-512
urn:uuid:51174ca1-ad53-5493-add4-d3a2e94e16b6,relation/unit/bab-3-struktur-kepang/section/struktur-kepang/covers/surface/unit-021/diagram-arrow/009,urn:uuid:d61d193e-237c-510c-9846-502957c48b12,covers,urn:uuid:64644991-af90-5e68-99dd-bc45a7e92819,chapter3.tex:307-512
urn:uuid:b2206e2b-5664-54ed-a8ce-a456963509b2,relation/unit/bab-3-struktur-kepang/section/struktur-kepang/covers/surface/unit-021/diagram-arrow/010,urn:uuid:d61d193e-237c-510c-9846-502957c48b12,covers,urn:uuid:108d4054-e65d-5aa3-b01a-43aac5820b3b,chapter3.tex:307-512
urn:uuid:c079912a-6ab7-5f9a-a9ee-6aec75ac897b,relation/unit/bab-3-struktur-kepang/section/struktur-kepang/covers/surface/unit-021/diagram-arrow/011,urn:uuid:d61d193e-237c-510c-9846-502957c48b12,covers,urn:uuid:877c2164-de39-57f5-84c7-436e61658262,chapter3.tex:307-512
urn:uuid:0e5490c1-d764-58d0-935a-8cde1c3a19d1,relation/unit/bab-3-struktur-kepang/section/struktur-kepang/covers/surface/unit-021/diagram-arrow/012,urn:uuid:d61d193e-237c-510c-9846-502957c48b12,covers,urn:uuid:9c745dd3-b2cd-58b8-97a1-4f3b85b9de05,chapter3.tex:307-512
urn:uuid:7297a839-42b1-583e-834c-4e82cecf9304,relation/unit/bab-3-struktur-kepang/section/struktur-kepang/covers/surface/unit-021/diagram-arrow/013,urn:uuid:d61d193e-237c-510c-9846-502957c48b12,covers,urn:uuid:5ba29670-e72b-5e3e-a6af-638218724508,chapter3.tex:307-512
urn:uuid:b99216b0-7837-52bc-a222-dddaca0da5d6,relation/unit/bab-3-struktur-kepang/section/struktur-kepang/covers/surface/unit-021/diagram-arrow/014,urn:uuid:d61d193e-237c-510c-9846-502957c48b12,covers,urn:uuid:5c55d968-6812-501c-bece-3be1834bc4ef,chapter3.tex:307-512
urn:uuid:308b3d52-2382-596c-ac1a-0bc06394ef3e,relation/unit/bab-3-struktur-kepang/section/struktur-kepang/covers/surface/unit-021/diagram-arrow/015,urn:uuid:d61d193e-237c-510c-9846-502957c48b12,covers,urn:uuid:835157c0-bf6c-505f-9628-bf84df0e5263,chapter3.tex:307-512
urn:uuid:43c616f4-7d3d-5b12-9341-b9f2d113d3ca,relation/unit/bab-3-struktur-kepang/section/struktur-kepang/covers/surface/unit-021/diagram-arrow/016,urn:uuid:d61d193e-237c-510c-9846-502957c48b12,covers,urn:uuid:2df4706c-04ac-589c-8caa-16f993b5ad60,chapter3.tex:307-512
urn:uuid:d189681f-385a-5306-a06a-fc3336a2fec8,relation/unit/bab-3-struktur-kepang/section/struktur-kepang/covers/surface/unit-021/diagram-arrow/017,urn:uuid:d61d193e-237c-510c-9846-502957c48b12,covers,urn:uuid:ac9dd4a8-725e-5b42-b992-aa64a9d24709,chapter3.tex:307-512
urn:uuid:54ccf2f0-c024-557a-84e0-d9be4ec69bb8,relation/unit/bab-3-struktur-kepang/section/struktur-kepang/covers/surface/unit-021/diagram-arrow/018,urn:uuid:d61d193e-237c-510c-9846-502957c48b12,covers,urn:uuid:e4f82b80-99d9-5cb7-a921-e0c732e346de,chapter3.tex:307-512
urn:uuid:e79ca314-d5c5-51fe-a522-8be186b70045,relation/unit/bab-3-struktur-kepang/section/struktur-kepang/covers/surface/unit-021/diagram-arrow/019,urn:uuid:d61d193e-237c-510c-9846-502957c48b12,covers,urn:uuid:69aca04a-8cf3-5bd4-bec2-49e9b927a4b5,chapter3.tex:307-512
urn:uuid:c45af94f-6299-55f5-915a-0e24d5dfba5f,relation/unit/bab-3-struktur-kepang/section/struktur-kepang/covers/surface/unit-021/diagram-arrow/020,urn:uuid:d61d193e-237c-510c-9846-502957c48b12,covers,urn:uuid:2bdf1974-e526-5706-a72b-45b8d6efd4f6,chapter3.tex:307-512
urn:uuid:ec9023e1-dcbd-5012-9534-8a9a20c09086,relation/unit/bab-3-struktur-kepang/section/struktur-kepang/covers/surface/unit-021/diagram-arrow/021,urn:uuid:d61d193e-237c-510c-9846-502957c48b12,covers,urn:uuid:63da4831-12f0-57a0-a6de-aec499825d1b,chapter3.tex:307-512
urn:uuid:12cb06c7-d154-59ed-a15b-6219ba0bda7f,relation/unit/bab-3-struktur-kepang/section/struktur-kepang/covers/surface/unit-021/diagram-arrow/022,urn:uuid:d61d193e-237c-510c-9846-502957c48b12,covers,urn:uuid:ebbda56a-09e4-5341-99a3-4590a2706b98,chapter3.tex:307-512
urn:uuid:da17619a-cda3-5e7e-b6dd-59f05930ab13,relation/unit/bab-3-struktur-kepang/section/struktur-kepang/covers/surface/unit-021/diagram-arrow/023,urn:uuid:d61d193e-237c-510c-9846-502957c48b12,covers,urn:uuid:8074ab7f-615b-55bb-b0a5-9c6aada08c45,chapter3.tex:307-512
urn:uuid:ac465a4d-5d38-586f-9802-59b7d7c3b162,relation/unit/bab-3-struktur-kepang/section/struktur-kepang/covers/surface/unit-021/diagram-arrow/024,urn:uuid:d61d193e-237c-510c-9846-502957c48b12,covers,urn:uuid:1b2af1ae-735f-58ba-a35f-ebd339151b2c,chapter3.tex:307-512
urn:uuid:f8935027-0f82-5d1a-b281-07e4f778a012,relation/unit/bab-3-struktur-kepang/section/struktur-kepang/covers/surface/unit-021/diagram-arrow/025,urn:uuid:d61d193e-237c-510c-9846-502957c48b12,covers,urn:uuid:07e174e5-2190-55bd-adbc-56cc8f620af6,chapter3.tex:307-512
urn:uuid:66e358f6-8331-53e2-a11e-6963ec9895d0,relation/unit/bab-3-struktur-kepang/section/struktur-kepang/covers/surface/unit-021/diagram-arrow/026,urn:uuid:d61d193e-237c-510c-9846-502957c48b12,covers,urn:uuid:9048f256-bd26-597a-8e34-cb76b9fe7124,chapter3.tex:307-512
urn:uuid:eb41b5c7-771a-5e38-a621-3b29f9e79689,relation/unit/bab-3-struktur-kepang/section/struktur-kepang/covers/surface/unit-021/diagram-braid/001,urn:uuid:d61d193e-237c-510c-9846-502957c48b12,covers,urn:uuid:fb03efec-8ff3-5b05-b224-5e4148a5f1d0,chapter3.tex:307-512
urn:uuid:85423a61-f41c-5c81-bfb9-89b4420680ec,relation/unit/bab-3-struktur-kepang/section/struktur-kepang/covers/surface/unit-021/diagram-braid/002,urn:uuid:d61d193e-237c-510c-9846-502957c48b12,covers,urn:uuid:822dbed3-2d70-5fc0-a6a4-a34caf986d7e,chapter3.tex:307-512
urn:uuid:514b3c8e-a402-5708-8181-49a222c204f1,relation/unit/bab-3-struktur-kepang/section/struktur-kepang/covers/surface/unit-021/diagram-braid/003,urn:uuid:d61d193e-237c-510c-9846-502957c48b12,covers,urn:uuid:2c247987-c17b-563d-8ab0-19f57b888bcd,chapter3.tex:307-512
urn:uuid:ad3f4ce6-7799-5989-892b-04f20cfdcbe9,relation/unit/bab-3-struktur-kepang/section/struktur-kepang/covers/surface/unit-021/diagram-braid/004,urn:uuid:d61d193e-237c-510c-9846-502957c48b12,covers,urn:uuid:f05f42c8-4f05-5dea-b5bc-0dda25789d01,chapter3.tex:307-512
urn:uuid:667d672f-329e-5d4a-9fea-6227cd28c4b0,relation/unit/bab-3-struktur-kepang/section/struktur-kepang/covers/surface/unit-021/diagram-braid/005,urn:uuid:d61d193e-237c-510c-9846-502957c48b12,covers,urn:uuid:977aef9e-313a-544b-abd3-4d51cd1536d1,chapter3.tex:307-512
urn:uuid:cfc989ba-4584-5aa2-b9cb-545db0fc5cb0,relation/unit/bab-3-struktur-kepang/section/struktur-kepang/covers/surface/unit-021/diagram-braid/006,urn:uuid:d61d193e-237c-510c-9846-502957c48b12,covers,urn:uuid:970fb37e-add9-53ec-a911-9ac16699a7c5,chapter3.tex:307-512
urn:uuid:b9a6fe77-926d-58e2-9967-9e5ea659a9e3,relation/unit/bab-3-struktur-kepang/section/struktur-kepang/covers/surface/unit-021/diagram-braid/007,urn:uuid:d61d193e-237c-510c-9846-502957c48b12,covers,urn:uuid:9570ba30-fbe5-502f-a562-c11a3e4c7d9a,chapter3.tex:307-512
urn:uuid:b18849d9-b3e9-55a0-ab29-8febeafcffae,relation/unit/bab-3-struktur-kepang/section/struktur-kepang/covers/surface/unit-021/diagram-braid/008,urn:uuid:d61d193e-237c-510c-9846-502957c48b12,covers,urn:uuid:0fa38b15-4b1d-5829-88f0-d0adfd963056,chapter3.tex:307-512
urn:uuid:d25bb339-ca59-5078-b2bf-78737a39778c,relation/unit/bab-3-struktur-kepang/section/struktur-kepang/covers/surface/unit-021/diagram-braid/009,urn:uuid:d61d193e-237c-510c-9846-502957c48b12,covers,urn:uuid:ffc1ca15-c9f3-5e71-ad12-7f9fe3d28ef3,chapter3.tex:307-512
urn:uuid:aaf345e8-a674-5b79-b73f-579935def0b0,relation/unit/bab-3-struktur-kepang/section/struktur-kepang/covers/surface/unit-021/diagram-braid/010,urn:uuid:d61d193e-237c-510c-9846-502957c48b12,covers,urn:uuid:0543763e-3fc5-5df9-9857-521cb6e85385,chapter3.tex:307-512
urn:uuid:d0305fec-cdc4-5567-9eb6-a353b5d4ffa1,relation/unit/bab-3-struktur-kepang/section/struktur-kepang/covers/surface/unit-021/diagram-coordinate/001,urn:uuid:d61d193e-237c-510c-9846-502957c48b12,covers,urn:uuid:eedb7ed8-d738-5f4d-979c-0f0b104bb147,chapter3.tex:307-512
urn:uuid:cdd326c6-6902-5348-b43f-899ad488e492,relation/unit/bab-3-struktur-kepang/section/struktur-kepang/covers/surface/unit-021/diagram-coordinate/002,urn:uuid:d61d193e-237c-510c-9846-502957c48b12,covers,urn:uuid:4c331c32-5a81-53ff-912f-21bed2bfaa0f,chapter3.tex:307-512
urn:uuid:f4addab3-1213-594d-b9b3-837d4354929e,relation/unit/bab-3-struktur-kepang/section/struktur-kepang/covers/surface/unit-021/diagram-draw/001,urn:uuid:d61d193e-237c-510c-9846-502957c48b12,covers,urn:uuid:bec02556-c26d-5295-a5ee-54ca0361a16a,chapter3.tex:307-512
urn:uuid:9bfa81cd-31f8-506a-b006-88090d5dcea4,relation/unit/bab-3-struktur-kepang/section/struktur-kepang/covers/surface/unit-021/diagram-draw/002,urn:uuid:d61d193e-237c-510c-9846-502957c48b12,covers,urn:uuid:4fc2f238-dbab-53d3-a65a-bbe9878dde32,chapter3.tex:307-512
urn:uuid:edd2c08c-6086-5e04-98b8-b83331f81f29,relation/unit/bab-3-struktur-kepang/section/struktur-kepang/covers/surface/unit-021/diagram-draw/003,urn:uuid:d61d193e-237c-510c-9846-502957c48b12,covers,urn:uuid:460cb989-c01e-566e-915f-232ec1f9a944,chapter3.tex:307-512
urn:uuid:0285c9af-cd78-5079-a805-a15c704aed43,relation/unit/bab-3-struktur-kepang/section/struktur-kepang/covers/surface/unit-021/diagram-draw/004,urn:uuid:d61d193e-237c-510c-9846-502957c48b12,covers,urn:uuid:c86bd2be-8ce7-56df-b164-71b018ce0437,chapter3.tex:307-512
urn:uuid:96a2c4ab-6c4a-52be-90d0-51c28369558c,relation/unit/bab-3-struktur-kepang/section/struktur-kepang/covers/surface/unit-021/diagram-draw/005,urn:uuid:d61d193e-237c-510c-9846-502957c48b12,covers,urn:uuid:fcb6ca23-f086-5fad-a026-36984f895203,chapter3.tex:307-512
urn:uuid:556fb450-e825-5a07-a883-127b6a7648f7,relation/unit/bab-3-struktur-kepang/section/struktur-kepang/covers/surface/unit-021/diagram-draw/006,urn:uuid:d61d193e-237c-510c-9846-502957c48b12,covers,urn:uuid:b2621be8-d7df-5135-bce5-05605392645b,chapter3.tex:307-512
urn:uuid:ec0bba23-38ac-5b40-9b65-997b31459a42,relation/unit/bab-3-struktur-kepang/section/struktur-kepang/covers/surface/unit-021/diagram-draw/007,urn:uuid:d61d193e-237c-510c-9846-502957c48b12,covers,urn:uuid:cf0e1a1a-49ca-555c-b972-76c1f963171c,chapter3.tex:307-512
urn:uuid:c4f29d49-a895-53e2-84a6-0e84e44adfc8,relation/unit/bab-3-struktur-kepang/section/struktur-kepang/covers/surface/unit-021/diagram-draw/008,urn:uuid:d61d193e-237c-510c-9846-502957c48b12,covers,urn:uuid:ed5407c5-05df-508c-84d3-480659373493,chapter3.tex:307-512
urn:uuid:9fb6def7-066b-5124-9142-344e62e11796,relation/unit/bab-3-struktur-kepang/section/struktur-kepang/covers/surface/unit-021/diagram-draw/009,urn:uuid:d61d193e-237c-510c-9846-502957c48b12,covers,urn:uuid:162c7209-184e-5ec4-8519-0ad33f0be0ca,chapter3.tex:307-512
urn:uuid:9876f605-d98d-5c88-b354-a5a8c0eaa82e,relation/unit/bab-3-struktur-kepang/section/struktur-kepang/covers/surface/unit-021/diagram-draw/010,urn:uuid:d61d193e-237c-510c-9846-502957c48b12,covers,urn:uuid:58835b90-af1d-584a-ab83-dc47ce4d0fca,chapter3.tex:307-512
urn:uuid:c1bee162-8e4f-5efd-a34c-110beccc9405,relation/unit/bab-3-struktur-kepang/section/struktur-kepang/covers/surface/unit-021/diagram-draw/011,urn:uuid:d61d193e-237c-510c-9846-502957c48b12,covers,urn:uuid:a0324a69-dda6-5d17-8d50-bb5454a01bb3,chapter3.tex:307-512
urn:uuid:c0b8d3dd-4e09-525a-9d4a-e4d17b574760,relation/unit/bab-3-struktur-kepang/section/struktur-kepang/covers/surface/unit-021/diagram-draw/012,urn:uuid:d61d193e-237c-510c-9846-502957c48b12,covers,urn:uuid:c558ff9e-74b6-52be-ad97-6ca55235e97e,chapter3.tex:307-512
urn:uuid:ac556ab3-5397-52cb-b8c9-25b561ba9494,relation/unit/bab-3-struktur-kepang/section/struktur-kepang/covers/surface/unit-021/diagram-draw/013,urn:uuid:d61d193e-237c-510c-9846-502957c48b12,covers,urn:uuid:be7913de-299a-500f-a87b-d3bb23a108ab,chapter3.tex:307-512
urn:uuid:837be1de-6982-5572-99d3-62df4a70bd3d,relation/unit/bab-3-struktur-kepang/section/struktur-kepang/covers/surface/unit-021/diagram-draw/014,urn:uuid:d61d193e-237c-510c-9846-502957c48b12,covers,urn:uuid:5a0c1446-5915-5529-94f4-00c0e6fb8aa2,chapter3.tex:307-512
urn:uuid:468a3658-bd18-5a66-9dd8-5c184a4ff5b2,relation/unit/bab-3-struktur-kepang/section/struktur-kepang/covers/surface/unit-021/diagram-draw/015,urn:uuid:d61d193e-237c-510c-9846-502957c48b12,covers,urn:uuid:85ef38ff-0108-5d8b-82cd-16b2b1f91031,chapter3.tex:307-512
urn:uuid:99ea2307-f59f-5a92-b8ff-803953450c99,relation/unit/bab-3-struktur-kepang/section/struktur-kepang/covers/surface/unit-021/diagram-draw/016,urn:uuid:d61d193e-237c-510c-9846-502957c48b12,covers,urn:uuid:a97fc76d-05c5-5b32-8f71-8af3eaa5c7a6,chapter3.tex:307-512
urn:uuid:643b1455-ef41-5921-8650-2379ccef893b,relation/unit/bab-3-struktur-kepang/section/struktur-kepang/covers/surface/unit-021/diagram-draw/017,urn:uuid:d61d193e-237c-510c-9846-502957c48b12,covers,urn:uuid:921f53b3-6856-5d6f-868a-8758a03f44f8,chapter3.tex:307-512
urn:uuid:e4b696f9-0aa4-5ac2-9fe0-fc4e26c32a3b,relation/unit/bab-3-struktur-kepang/section/struktur-kepang/covers/surface/unit-021/diagram-draw/018,urn:uuid:d61d193e-237c-510c-9846-502957c48b12,covers,urn:uuid:7034de06-0401-5a53-9e31-3994d0ee597e,chapter3.tex:307-512
urn:uuid:ab04e421-8ce1-5451-865a-07a8cff9ac01,relation/unit/bab-3-struktur-kepang/section/struktur-kepang/covers/surface/unit-021/diagram-draw/019,urn:uuid:d61d193e-237c-510c-9846-502957c48b12,covers,urn:uuid:37eb816e-5d87-54c2-bc92-eec9ac1e863a,chapter3.tex:307-512
urn:uuid:4ec69c2f-0e0a-5a7b-a78a-0bf70e8bac91,relation/unit/bab-3-struktur-kepang/section/struktur-kepang/covers/surface/unit-021/diagram-draw/020,urn:uuid:d61d193e-237c-510c-9846-502957c48b12,covers,urn:uuid:4d0cf10b-1825-5e6a-9d81-ca9a2370dde0,chapter3.tex:307-512
urn:uuid:a9ce3f20-6f77-54f1-a50e-3c1bfbcd2711,relation/unit/bab-3-struktur-kepang/section/struktur-kepang/covers/surface/unit-021/diagram-draw/021,urn:uuid:d61d193e-237c-510c-9846-502957c48b12,covers,urn:uuid:4ed1c6b7-b956-5383-b344-a168f5db77eb,chapter3.tex:307-512
urn:uuid:fb6c0ba0-02d8-5ddb-a6c3-c1603d243731,relation/unit/bab-3-struktur-kepang/section/struktur-kepang/covers/surface/unit-021/diagram-draw/022,urn:uuid:d61d193e-237c-510c-9846-502957c48b12,covers,urn:uuid:4e37017d-14f2-54e4-a355-69d2864757d8,chapter3.tex:307-512
urn:uuid:2f877768-910e-5151-b22d-1897d8a8f0d5,relation/unit/bab-3-struktur-kepang/section/struktur-kepang/covers/surface/unit-021/diagram-draw/023,urn:uuid:d61d193e-237c-510c-9846-502957c48b12,covers,urn:uuid:acd52898-dbbb-5318-a2cb-bd0f0dd2e14a,chapter3.tex:307-512
urn:uuid:563c5474-eaa0-591d-b7ab-7df464f8a5f7,relation/unit/bab-3-struktur-kepang/section/struktur-kepang/covers/surface/unit-021/diagram-draw/024,urn:uuid:d61d193e-237c-510c-9846-502957c48b12,covers,urn:uuid:1ae66fc8-05eb-5889-b369-a3bd4b75dae3,chapter3.tex:307-512
urn:uuid:b69c42e9-c87e-5d7a-9533-90e387ea660c,relation/unit/bab-3-struktur-kepang/section/struktur-kepang/covers/surface/unit-021/diagram-draw/025,urn:uuid:d61d193e-237c-510c-9846-502957c48b12,covers,urn:uuid:f24a3604-8af4-526e-9afd-835ac326cd3c,chapter3.tex:307-512
urn:uuid:f33badac-4b04-5156-b641-49f718055c80,relation/unit/bab-3-struktur-kepang/section/struktur-kepang/covers/surface/unit-021/diagram-draw/026,urn:uuid:d61d193e-237c-510c-9846-502957c48b12,covers,urn:uuid:49f29e0f-f796-5665-abe1-63cf5cd1edcc,chapter3.tex:307-512
urn:uuid:3c820e53-437f-5206-8a05-724a23fa72c2,relation/unit/bab-3-struktur-kepang/section/struktur-kepang/covers/surface/unit-021/diagram-draw/027,urn:uuid:d61d193e-237c-510c-9846-502957c48b12,covers,urn:uuid:0135043d-fd8c-5141-854f-cba2ad18a9ea,chapter3.tex:307-512
urn:uuid:2bc8fadf-71f7-5fa4-afa5-58e1689b95b3,relation/unit/bab-3-struktur-kepang/section/struktur-kepang/covers/surface/unit-021/diagram-draw/028,urn:uuid:d61d193e-237c-510c-9846-502957c48b12,covers,urn:uuid:66213d67-4a57-58d1-b56d-7cfc31763534,chapter3.tex:307-512
urn:uuid:3e7c40b2-cc23-57e7-aadf-21a1496e7595,relation/unit/bab-3-struktur-kepang/section/struktur-kepang/covers/surface/unit-021/diagram-draw/029,urn:uuid:d61d193e-237c-510c-9846-502957c48b12,covers,urn:uuid:37dfcd05-fff6-5f65-9a5e-291f920f806c,chapter3.tex:307-512
urn:uuid:06cefceb-186d-578a-8a00-c2859e214e15,relation/unit/bab-3-struktur-kepang/section/struktur-kepang/covers/surface/unit-021/diagram-draw/030,urn:uuid:d61d193e-237c-510c-9846-502957c48b12,covers,urn:uuid:cb0432d8-3765-5677-a3e2-15a8fa4d67a1,chapter3.tex:307-512
urn:uuid:c3a9e723-7739-571f-9b59-af5b4af86bf6,relation/unit/bab-3-struktur-kepang/section/struktur-kepang/covers/surface/unit-021/diagram-draw/031,urn:uuid:d61d193e-237c-510c-9846-502957c48b12,covers,urn:uuid:fb3370bf-3621-532d-8f97-e2a90e268083,chapter3.tex:307-512
urn:uuid:6507a94f-0d16-573c-aca5-73367453feb8,relation/unit/bab-3-struktur-kepang/section/struktur-kepang/covers/surface/unit-021/diagram-draw/032,urn:uuid:d61d193e-237c-510c-9846-502957c48b12,covers,urn:uuid:bdcc8d26-0381-574e-89e6-482889ec0707,chapter3.tex:307-512
urn:uuid:0322033a-1e76-5fec-9e59-fe0e65cad8ad,relation/unit/bab-3-struktur-kepang/section/struktur-kepang/covers/surface/unit-021/diagram-edge/001,urn:uuid:d61d193e-237c-510c-9846-502957c48b12,covers,urn:uuid:292eb3ab-2885-5932-b836-d67a980d3af8,chapter3.tex:307-512
urn:uuid:054ee24d-ff48-503a-ba71-5a8ee942794f,relation/unit/bab-3-struktur-kepang/section/struktur-kepang/covers/surface/unit-021/diagram-edge/002,urn:uuid:d61d193e-237c-510c-9846-502957c48b12,covers,urn:uuid:a0337c79-b803-5efa-b4fc-d6d0431ce627,chapter3.tex:307-512
urn:uuid:26ff0c53-5fee-537e-bca0-757dd4ba5517,relation/unit/bab-3-struktur-kepang/section/struktur-kepang/covers/surface/unit-021/diagram-edge/003,urn:uuid:d61d193e-237c-510c-9846-502957c48b12,covers,urn:uuid:474b3fe1-5b6f-53fd-ac3d-8b9fe807c4e5,chapter3.tex:307-512
urn:uuid:68bb4f0b-b5a3-535f-a75c-81cfeee5eadb,relation/unit/bab-3-struktur-kepang/section/struktur-kepang/covers/surface/unit-021/diagram-edge/004,urn:uuid:d61d193e-237c-510c-9846-502957c48b12,covers,urn:uuid:f854fe91-6f0d-5c58-930c-36989065d307,chapter3.tex:307-512
urn:uuid:d020a924-db31-596d-89b0-6ab5b5c10498,relation/unit/bab-3-struktur-kepang/section/struktur-kepang/covers/surface/unit-021/diagram-edge/005,urn:uuid:d61d193e-237c-510c-9846-502957c48b12,covers,urn:uuid:ef82da30-f1e7-5f99-a8c6-ea5099060741,chapter3.tex:307-512
urn:uuid:e551023a-73fd-5412-ab88-d13e3b8092ba,relation/unit/bab-3-struktur-kepang/section/struktur-kepang/covers/surface/unit-021/diagram-edge/006,urn:uuid:d61d193e-237c-510c-9846-502957c48b12,covers,urn:uuid:12d77c58-64b0-5e69-8dc4-bf76e0d9c64a,chapter3.tex:307-512
urn:uuid:3c6147d6-7806-53ef-8d95-5e9619ac70f0,relation/unit/bab-3-struktur-kepang/section/struktur-kepang/covers/surface/unit-021/diagram-edge/007,urn:uuid:d61d193e-237c-510c-9846-502957c48b12,covers,urn:uuid:7d45f77d-4266-53ff-8e72-d21a1493f2b6,chapter3.tex:307-512
urn:uuid:055487e5-0764-5c28-b2fd-c8b9f25691ef,relation/unit/bab-3-struktur-kepang/section/struktur-kepang/covers/surface/unit-021/diagram-edge/008,urn:uuid:d61d193e-237c-510c-9846-502957c48b12,covers,urn:uuid:d128ad7c-29a4-56f8-9c1b-6d0d327ed933,chapter3.tex:307-512
urn:uuid:05955771-89c5-5cc8-aa33-d410160756a7,relation/unit/bab-3-struktur-kepang/section/struktur-kepang/covers/surface/unit-021/diagram-edge/009,urn:uuid:d61d193e-237c-510c-9846-502957c48b12,covers,urn:uuid:7e42122a-900f-58b3-8958-14dc62bc2cb3,chapter3.tex:307-512
urn:uuid:b3230db3-c3df-5eae-94dd-62e22ac4c589,relation/unit/bab-3-struktur-kepang/section/struktur-kepang/covers/surface/unit-021/diagram-edge/010,urn:uuid:d61d193e-237c-510c-9846-502957c48b12,covers,urn:uuid:b8187b05-7c17-53a1-9822-71ad1eeec03f,chapter3.tex:307-512
urn:uuid:b0133199-b976-5a55-a203-7303c5d8ca64,relation/unit/bab-3-struktur-kepang/section/struktur-kepang/covers/surface/unit-021/diagram-edge/011,urn:uuid:d61d193e-237c-510c-9846-502957c48b12,covers,urn:uuid:8a088afd-e505-513d-81cc-f688005d2cec,chapter3.tex:307-512
urn:uuid:f3314c0e-2752-5998-9a75-17db27254c70,relation/unit/bab-3-struktur-kepang/section/struktur-kepang/covers/surface/unit-021/diagram-edge/012,urn:uuid:d61d193e-237c-510c-9846-502957c48b12,covers,urn:uuid:e306ff89-8de6-5287-a78d-96c37ca2c674,chapter3.tex:307-512
urn:uuid:bf53902d-ee96-5593-946b-1a7d87fa5827,relation/unit/bab-3-struktur-kepang/section/struktur-kepang/covers/surface/unit-021/diagram-edge/013,urn:uuid:d61d193e-237c-510c-9846-502957c48b12,covers,urn:uuid:89bb03e0-287f-56cb-aa51-f85d386b1ac6,chapter3.tex:307-512
urn:uuid:37b421ce-ebcc-5f6c-abe7-261c1655d4b5,relation/unit/bab-3-struktur-kepang/section/struktur-kepang/covers/surface/unit-021/diagram-edge/014,urn:uuid:d61d193e-237c-510c-9846-502957c48b12,covers,urn:uuid:4fd33c82-f2e3-5f3b-9b70-bd2511fb3beb,chapter3.tex:307-512
urn:uuid:390c875f-53c2-5f89-95cc-9bb53103c4e4,relation/unit/bab-3-struktur-kepang/section/struktur-kepang/covers/surface/unit-021/diagram-edge/015,urn:uuid:d61d193e-237c-510c-9846-502957c48b12,covers,urn:uuid:e98720b6-57d9-592d-a2e6-b6a4e73116bb,chapter3.tex:307-512
urn:uuid:76e56674-4586-5e47-84db-b95a68a01d2e,relation/unit/bab-3-struktur-kepang/section/struktur-kepang/covers/surface/unit-021/diagram-hline/001,urn:uuid:d61d193e-237c-510c-9846-502957c48b12,covers,urn:uuid:90ff5f64-8e12-55c1-8e6d-5e558625238d,chapter3.tex:307-512
urn:uuid:713ecf0a-57c3-51c1-ba46-b533b7c56c72,relation/unit/bab-3-struktur-kepang/section/struktur-kepang/covers/surface/unit-021/diagram-hline/002,urn:uuid:d61d193e-237c-510c-9846-502957c48b12,covers,urn:uuid:2eb7123b-ff39-5a02-bc61-2a7b17dcd021,chapter3.tex:307-512
urn:uuid:bafbb304-f884-5720-bb16-acf5715ec88c,relation/unit/bab-3-struktur-kepang/section/struktur-kepang/covers/surface/unit-021/diagram-hline/003,urn:uuid:d61d193e-237c-510c-9846-502957c48b12,covers,urn:uuid:31baa90d-dad1-59f6-8f4a-e97c53ec2ed8,chapter3.tex:307-512
urn:uuid:535b1cd8-b422-59cc-865f-8cec4ae2adde,relation/unit/bab-3-struktur-kepang/section/struktur-kepang/covers/surface/unit-021/diagram-node/001,urn:uuid:d61d193e-237c-510c-9846-502957c48b12,covers,urn:uuid:7f08a49b-f81e-5ec1-a536-e1ab728e8f3f,chapter3.tex:307-512
urn:uuid:e488c1ba-4c1a-5e86-9abc-a95556f9acd0,relation/unit/bab-3-struktur-kepang/section/struktur-kepang/covers/surface/unit-021/diagram-node/002,urn:uuid:d61d193e-237c-510c-9846-502957c48b12,covers,urn:uuid:72865f67-9ed7-5999-ae36-9ae53ef1bc07,chapter3.tex:307-512
urn:uuid:278a49b8-d947-5e37-a994-764bff3dfb7b,relation/unit/bab-3-struktur-kepang/section/struktur-kepang/covers/surface/unit-021/diagram-node/003,urn:uuid:d61d193e-237c-510c-9846-502957c48b12,covers,urn:uuid:f939705d-17ea-5583-97e8-d5e794d9aa6b,chapter3.tex:307-512
urn:uuid:10f744d1-d223-5287-b882-2d0433c91afd,relation/unit/bab-3-struktur-kepang/section/struktur-kepang/covers/surface/unit-021/diagram-node/004,urn:uuid:d61d193e-237c-510c-9846-502957c48b12,covers,urn:uuid:745ac6b7-df0c-56ce-8576-25c0d6ece775,chapter3.tex:307-512
urn:uuid:de09a2da-b5a1-51ce-a06a-ae02d85f7369,relation/unit/bab-3-struktur-kepang/section/struktur-kepang/covers/surface/unit-021/diagram-node/005,urn:uuid:d61d193e-237c-510c-9846-502957c48b12,covers,urn:uuid:c4e75a2e-26d2-50c0-aa6d-5778f59099ff,chapter3.tex:307-512
urn:uuid:5e9c7ff0-798e-5d97-839c-ec92c77285b3,relation/unit/bab-3-struktur-kepang/section/struktur-kepang/covers/surface/unit-021/diagram-node/006,urn:uuid:d61d193e-237c-510c-9846-502957c48b12,covers,urn:uuid:e0b4c5aa-f6a5-5a70-be5a-0ba54c31b102,chapter3.tex:307-512
urn:uuid:fe64c6ab-faf7-509d-bb8c-b8489a7cc27e,relation/unit/bab-3-struktur-kepang/section/struktur-kepang/covers/surface/unit-021/diagram-node/007,urn:uuid:d61d193e-237c-510c-9846-502957c48b12,covers,urn:uuid:32861ba7-7f0b-5a41-9528-503cf50f3313,chapter3.tex:307-512
urn:uuid:cdf325af-e336-520f-b51d-887fb64fe0de,relation/unit/bab-3-struktur-kepang/section/struktur-kepang/covers/surface/unit-021/diagram-node/008,urn:uuid:d61d193e-237c-510c-9846-502957c48b12,covers,urn:uuid:848b698d-42c0-523b-9613-88df947a965f,chapter3.tex:307-512
urn:uuid:219e40d0-070a-5c37-9fe9-6d15f4eaf077,relation/unit/bab-3-struktur-kepang/section/struktur-kepang/covers/surface/unit-021/diagram-node/009,urn:uuid:d61d193e-237c-510c-9846-502957c48b12,covers,urn:uuid:f19b3c56-6e58-5ff3-8ab2-fc2b34c0c691,chapter3.tex:307-512
urn:uuid:408f7ace-abd2-5465-825c-a158cac52962,relation/unit/bab-3-struktur-kepang/section/struktur-kepang/covers/surface/unit-021/diagram-node/010,urn:uuid:d61d193e-237c-510c-9846-502957c48b12,covers,urn:uuid:f3add753-c512-58f4-bf96-19fa62500d2e,chapter3.tex:307-512
urn:uuid:55132b7b-568c-5379-89aa-ff784f612c2d,relation/unit/bab-3-struktur-kepang/section/struktur-kepang/covers/surface/unit-021/diagram-node/011,urn:uuid:d61d193e-237c-510c-9846-502957c48b12,covers,urn:uuid:b37524d0-9568-5693-a74b-da4ccb476826,chapter3.tex:307-512
urn:uuid:6ab2cdbc-91bc-508c-b3df-8b56c6ead497,relation/unit/bab-3-struktur-kepang/section/struktur-kepang/covers/surface/unit-021/diagram-node/012,urn:uuid:d61d193e-237c-510c-9846-502957c48b12,covers,urn:uuid:cf4a5321-0a33-55d0-b8fe-9f4945a5754f,chapter3.tex:307-512
urn:uuid:11ba2885-46a1-5423-a2d0-795e6fe20359,relation/unit/bab-3-struktur-kepang/section/struktur-kepang/covers/surface/unit-021/diagram-node/013,urn:uuid:d61d193e-237c-510c-9846-502957c48b12,covers,urn:uuid:5a3638b7-b5fa-5dbf-9f38-b6b6e9f51bde,chapter3.tex:307-512
urn:uuid:3a5b1956-06c6-55b1-9700-f95bccca2c9b,relation/unit/bab-3-struktur-kepang/section/struktur-kepang/covers/surface/unit-021/diagram-node/014,urn:uuid:d61d193e-237c-510c-9846-502957c48b12,covers,urn:uuid:1a0a5640-33ff-529e-b176-6eac37d39348,chapter3.tex:307-512
urn:uuid:1d09fad5-6c25-5a88-a292-15373a8f8444,relation/unit/bab-3-struktur-kepang/section/struktur-kepang/covers/surface/unit-021/diagram-node/015,urn:uuid:d61d193e-237c-510c-9846-502957c48b12,covers,urn:uuid:4379c28d-a2aa-5200-b6b3-87afd2b8e3c8,chapter3.tex:307-512
urn:uuid:fcc2d372-7b8b-5460-9a9d-50f3b2fd9e48,relation/unit/bab-3-struktur-kepang/section/struktur-kepang/covers/surface/unit-021/diagram-node/016,urn:uuid:d61d193e-237c-510c-9846-502957c48b12,covers,urn:uuid:b4e34496-6a63-5799-a998-9950a8560e03,chapter3.tex:307-512
urn:uuid:7357993b-2037-5f10-84cc-c18b04f57853,relation/unit/bab-3-struktur-kepang/section/struktur-kepang/covers/surface/unit-021/diagram-node/017,urn:uuid:d61d193e-237c-510c-9846-502957c48b12,covers,urn:uuid:f18b7d9e-b8c1-5cc7-9ce9-e75f7866241a,chapter3.tex:307-512
urn:uuid:87efb483-1d9d-5192-bf5d-401f63519a52,relation/unit/bab-3-struktur-kepang/section/struktur-kepang/covers/surface/unit-021/diagram-node/018,urn:uuid:d61d193e-237c-510c-9846-502957c48b12,covers,urn:uuid:0a5af17b-d32c-5655-be27-c0c8327bf1e5,chapter3.tex:307-512
urn:uuid:2f33dd4e-aa05-5845-aaba-8124578dbc7d,relation/unit/bab-3-struktur-kepang/section/struktur-kepang/covers/surface/unit-021/diagram-node/019,urn:uuid:d61d193e-237c-510c-9846-502957c48b12,covers,urn:uuid:10e8c533-fe3d-57bf-ba88-88fc145ecb70,chapter3.tex:307-512
urn:uuid:60bb6cae-7ab8-5195-9971-48d935816c4f,relation/unit/bab-3-struktur-kepang/section/struktur-kepang/covers/surface/unit-021/diagram-node/020,urn:uuid:d61d193e-237c-510c-9846-502957c48b12,covers,urn:uuid:8b60da34-048c-5fb9-895f-6f4ac32e3fc2,chapter3.tex:307-512
urn:uuid:c00ff756-fc2c-5fa9-9ada-32ad131a5824,relation/unit/bab-3-struktur-kepang/section/struktur-kepang/covers/surface/unit-021/diagram-node/021,urn:uuid:d61d193e-237c-510c-9846-502957c48b12,covers,urn:uuid:f66520e7-e2d1-53d9-adb1-5c5926ebeaa2,chapter3.tex:307-512
urn:uuid:4c370493-5bb7-562c-8d02-ecf6b2781c04,relation/unit/bab-3-struktur-kepang/section/struktur-kepang/covers/surface/unit-021/diagram-node/022,urn:uuid:d61d193e-237c-510c-9846-502957c48b12,covers,urn:uuid:114d4f78-a959-52e0-b6b3-ca659c43b609,chapter3.tex:307-512
urn:uuid:c844fedd-82ab-5c61-925f-7e9c10cff110,relation/unit/bab-3-struktur-kepang/section/struktur-kepang/covers/surface/unit-021/diagram-node/023,urn:uuid:d61d193e-237c-510c-9846-502957c48b12,covers,urn:uuid:cd70f8ca-9461-59ea-a0c1-e3f3fdae430e,chapter3.tex:307-512
urn:uuid:d90244b5-cd89-5f88-b655-de1f751fbba9,relation/unit/bab-3-struktur-kepang/section/struktur-kepang/covers/surface/unit-021/diagram-node/024,urn:uuid:d61d193e-237c-510c-9846-502957c48b12,covers,urn:uuid:049b0b4d-6804-578f-b03e-bc5ee1fb1400,chapter3.tex:307-512
urn:uuid:1e2dd62e-accc-5a95-b73e-53e9c5e1da4a,relation/unit/bab-3-struktur-kepang/section/struktur-kepang/covers/surface/unit-021/diagram-node/025,urn:uuid:d61d193e-237c-510c-9846-502957c48b12,covers,urn:uuid:af5312f2-cde3-5a51-9e61-94d51ea650f9,chapter3.tex:307-512
urn:uuid:97ef61b3-04a3-5b8e-9c23-0e104027ba4c,relation/unit/bab-3-struktur-kepang/section/struktur-kepang/covers/surface/unit-021/diagram-node/026,urn:uuid:d61d193e-237c-510c-9846-502957c48b12,covers,urn:uuid:831168dc-b328-576c-a3f7-c1959b3c7604,chapter3.tex:307-512
urn:uuid:2e6f79f2-f413-5368-96d7-d111fc23a950,relation/unit/bab-3-struktur-kepang/section/struktur-kepang/covers/surface/unit-021/diagram-node/027,urn:uuid:d61d193e-237c-510c-9846-502957c48b12,covers,urn:uuid:639f167d-ad54-5093-b333-c7e47bc15066,chapter3.tex:307-512
urn:uuid:163d6e09-03e1-5f1d-8d8d-3628b4961c26,relation/unit/bab-3-struktur-kepang/section/struktur-kepang/covers/surface/unit-021/diagram-node/028,urn:uuid:d61d193e-237c-510c-9846-502957c48b12,covers,urn:uuid:c0898096-a821-5a6d-8fc4-283851be64b4,chapter3.tex:307-512
urn:uuid:881ccee8-2343-5f41-85ec-846f9830be90,relation/unit/bab-3-struktur-kepang/section/struktur-kepang/covers/surface/unit-021/diagram-node/029,urn:uuid:d61d193e-237c-510c-9846-502957c48b12,covers,urn:uuid:71a87f93-6ae0-57c4-b50c-cc755ee1196c,chapter3.tex:307-512
urn:uuid:1c0ee33e-248b-53cc-8de3-d44ef0a5dc44,relation/unit/bab-3-struktur-kepang/section/struktur-kepang/covers/surface/unit-021/diagram-node/030,urn:uuid:d61d193e-237c-510c-9846-502957c48b12,covers,urn:uuid:1bde7189-3b3e-5aff-99cc-88dbce6c1898,chapter3.tex:307-512
urn:uuid:c5ae0147-c0c5-541b-a789-4f34706ef481,relation/unit/bab-3-struktur-kepang/section/struktur-kepang/covers/surface/unit-021/formula/display-bracket/001,urn:uuid:d61d193e-237c-510c-9846-502957c48b12,covers,urn:uuid:4446d3ff-f01e-5f82-9794-d2c2c09084e0,chapter3.tex:307-512
urn:uuid:66b5eb5d-f00b-5be6-9900-0072a6a7b415,relation/unit/bab-3-struktur-kepang/section/struktur-kepang/covers/surface/unit-021/formula/display-bracket/002,urn:uuid:d61d193e-237c-510c-9846-502957c48b12,covers,urn:uuid:0d304ce0-9af9-5073-9796-7a81f06dcd05,chapter3.tex:307-512
urn:uuid:b87c058e-ec95-5d10-a24c-922c671b9d44,relation/unit/bab-3-struktur-kepang/section/struktur-kepang/covers/surface/unit-021/formula/display-bracket/003,urn:uuid:d61d193e-237c-510c-9846-502957c48b12,covers,urn:uuid:3274de6b-2470-5770-bee2-a050b4afcd15,chapter3.tex:307-512
urn:uuid:b9178bef-9a97-5c3a-a8d4-34b33aaa442c,relation/unit/bab-3-struktur-kepang/section/struktur-kepang/covers/surface/unit-021/formula/display-bracket/004,urn:uuid:d61d193e-237c-510c-9846-502957c48b12,covers,urn:uuid:dbca368b-6d13-5240-8088-4094dbe4392a,chapter3.tex:307-512
urn:uuid:b95bc470-f421-5d1c-9f3e-c2672fa80f5c,relation/unit/bab-3-struktur-kepang/section/struktur-kepang/covers/surface/unit-021/formula/display-bracket/005,urn:uuid:d61d193e-237c-510c-9846-502957c48b12,covers,urn:uuid:cbbf2745-bac4-5131-b044-453c46265c72,chapter3.tex:307-512
urn:uuid:7445b1a1-7295-535b-8dcf-e646403626d9,relation/unit/bab-3-struktur-kepang/section/struktur-kepang/covers/surface/unit-021/formula/display-bracket/006,urn:uuid:d61d193e-237c-510c-9846-502957c48b12,covers,urn:uuid:b0a4e402-9ff2-5f5c-9786-f6004c0f1451,chapter3.tex:307-512
urn:uuid:03903605-bec8-5416-8827-1d74164e7924,relation/unit/bab-3-struktur-kepang/section/struktur-kepang/covers/surface/unit-021/formula/display-environment/001,urn:uuid:d61d193e-237c-510c-9846-502957c48b12,covers,urn:uuid:78687a95-4db9-5622-abfe-0be61776af9c,chapter3.tex:307-512
urn:uuid:ee0a08d1-03a3-5236-a9c0-9bc006e25951,relation/unit/bab-3-struktur-kepang/section/struktur-kepang/covers/surface/unit-021/formula/display-environment/002,urn:uuid:d61d193e-237c-510c-9846-502957c48b12,covers,urn:uuid:f698bc49-a87e-5be6-a0ab-0cefacf305f0,chapter3.tex:307-512
urn:uuid:e5a784fc-ca06-5700-b785-0061d937fa4b,relation/unit/bab-3-struktur-kepang/section/struktur-kepang/covers/surface/unit-021/formula/display-environment/003,urn:uuid:d61d193e-237c-510c-9846-502957c48b12,covers,urn:uuid:c0715cf1-8159-5b6d-89a6-85ca9fd23a49,chapter3.tex:307-512
urn:uuid:d10a66b9-1075-52ea-a51f-675bdee25638,relation/unit/bab-3-struktur-kepang/section/struktur-kepang/covers/surface/unit-021/formula/display-environment/004,urn:uuid:d61d193e-237c-510c-9846-502957c48b12,covers,urn:uuid:7195f860-255e-5178-94b9-16af87068419,chapter3.tex:307-512
urn:uuid:2c04daf6-1f1d-5a3a-a810-1f984e55869f,relation/unit/bab-3-struktur-kepang/section/struktur-kepang/covers/surface/unit-021/formula/display-environment/005,urn:uuid:d61d193e-237c-510c-9846-502957c48b12,covers,urn:uuid:62e16a71-492e-5ab0-9e69-ed6568f2fefa,chapter3.tex:307-512
urn:uuid:40cd16aa-c280-5f9b-83b9-851dda85760b,relation/unit/bab-3-struktur-kepang/section/struktur-kepang/covers/surface/unit-021/formula/display-environment/006,urn:uuid:d61d193e-237c-510c-9846-502957c48b12,covers,urn:uuid:2022ed3c-75cc-5ee5-81ae-ff4eca98df84,chapter3.tex:307-512
urn:uuid:c82363fd-af26-5f74-919e-5095ccee97d7,relation/unit/bab-3-struktur-kepang/section/struktur-kepang/covers/surface/unit-021/formula/inline/001,urn:uuid:d61d193e-237c-510c-9846-502957c48b12,covers,urn:uuid:a0788a7c-8490-582e-8653-8dab945edb89,chapter3.tex:307-512
urn:uuid:d90acd38-4892-5307-bf62-4edfe813eeb9,relation/unit/bab-3-struktur-kepang/section/struktur-kepang/covers/surface/unit-021/formula/inline/002,urn:uuid:d61d193e-237c-510c-9846-502957c48b12,covers,urn:uuid:a7c6cfbc-df9b-5a2c-8b31-245c285566c2,chapter3.tex:307-512
urn:uuid:29d5998c-7f90-593c-b23f-69d4f6fb3876,relation/unit/bab-3-struktur-kepang/section/struktur-kepang/covers/surface/unit-021/formula/inline/003,urn:uuid:d61d193e-237c-510c-9846-502957c48b12,covers,urn:uuid:57f5d6b6-c218-573f-b78a-ff87514d1bb1,chapter3.tex:307-512
urn:uuid:b81f5bf9-7d2d-5ab8-8006-ce0046420234,relation/unit/bab-3-struktur-kepang/section/struktur-kepang/covers/surface/unit-021/formula/inline/004,urn:uuid:d61d193e-237c-510c-9846-502957c48b12,covers,urn:uuid:e85a9028-df46-5b2b-a382-75e4441a970a,chapter3.tex:307-512
urn:uuid:b504ae57-6be9-58b6-b9bd-a7214e41bdd4,relation/unit/bab-3-struktur-kepang/section/struktur-kepang/covers/surface/unit-021/formula/inline/005,urn:uuid:d61d193e-237c-510c-9846-502957c48b12,covers,urn:uuid:f3b680d2-b9c8-5927-bd74-f5952aeb72c3,chapter3.tex:307-512
urn:uuid:27cd22ad-f7a6-5d84-ad37-104210ca5f3f,relation/unit/bab-3-struktur-kepang/section/struktur-kepang/covers/surface/unit-021/formula/inline/006,urn:uuid:d61d193e-237c-510c-9846-502957c48b12,covers,urn:uuid:587a97f8-c49c-5cbb-b7bf-07ea7dbcf055,chapter3.tex:307-512
urn:uuid:9c52f4d0-d064-5be3-97e8-f12d38b88dba,relation/unit/bab-3-struktur-kepang/section/struktur-kepang/covers/surface/unit-021/formula/inline/007,urn:uuid:d61d193e-237c-510c-9846-502957c48b12,covers,urn:uuid:925335f8-f14b-5721-870a-9da7349a2575,chapter3.tex:307-512
urn:uuid:9a4375a7-e406-506e-a255-3453238fcf38,relation/unit/bab-3-struktur-kepang/section/struktur-kepang/covers/surface/unit-021/formula/inline/008,urn:uuid:d61d193e-237c-510c-9846-502957c48b12,covers,urn:uuid:39d1c554-70ab-5624-95ab-89d3eccdc24d,chapter3.tex:307-512
urn:uuid:e300f8b8-c4cc-5154-8478-d6ee55668071,relation/unit/bab-3-struktur-kepang/section/struktur-kepang/covers/surface/unit-021/formula/inline/009,urn:uuid:d61d193e-237c-510c-9846-502957c48b12,covers,urn:uuid:82212191-b150-5ba2-9826-cd90028683ed,chapter3.tex:307-512
urn:uuid:efc3130b-c16a-5ace-9e83-b84abe8abf00,relation/unit/bab-3-struktur-kepang/section/struktur-kepang/covers/surface/unit-021/formula/inline/010,urn:uuid:d61d193e-237c-510c-9846-502957c48b12,covers,urn:uuid:8a450b9a-ca46-53b7-9635-3a6906fbddbe,chapter3.tex:307-512
urn:uuid:4234b0b5-4589-5ec8-af2b-1a77014cacf8,relation/unit/bab-3-struktur-kepang/section/struktur-kepang/covers/surface/unit-021/formula/inline/011,urn:uuid:d61d193e-237c-510c-9846-502957c48b12,covers,urn:uuid:41158c4c-fa96-5e16-954a-706a025d19d8,chapter3.tex:307-512
urn:uuid:b5558b0e-82a4-59f4-818a-f30f3f150fc5,relation/unit/bab-3-struktur-kepang/section/struktur-kepang/covers/surface/unit-021/formula/inline/012,urn:uuid:d61d193e-237c-510c-9846-502957c48b12,covers,urn:uuid:b720c5c5-0414-5e08-acd8-0b8ba43f50bf,chapter3.tex:307-512
urn:uuid:d07a6508-2937-53b8-b22b-63392379d6fa,relation/unit/bab-3-struktur-kepang/section/struktur-kepang/covers/surface/unit-021/formula/inline/013,urn:uuid:d61d193e-237c-510c-9846-502957c48b12,covers,urn:uuid:4c1835d3-7a03-5565-b1c6-714a2931a512,chapter3.tex:307-512
urn:uuid:46856ec9-72e7-5a2b-b728-967272f3dcb9,relation/unit/bab-3-struktur-kepang/section/struktur-kepang/covers/surface/unit-021/formula/inline/014,urn:uuid:d61d193e-237c-510c-9846-502957c48b12,covers,urn:uuid:12262c72-1c8a-5e8a-9779-3f942d7229e6,chapter3.tex:307-512
urn:uuid:94cbff40-2ac6-53c1-9fd2-979e0adb980d,relation/unit/bab-3-struktur-kepang/section/struktur-kepang/covers/surface/unit-021/formula/inline/015,urn:uuid:d61d193e-237c-510c-9846-502957c48b12,covers,urn:uuid:894946e1-23ad-5398-89de-1ad65af22169,chapter3.tex:307-512
urn:uuid:66efa2e9-91bc-5912-a564-74a074afa82e,relation/unit/bab-3-struktur-kepang/section/struktur-kepang/covers/surface/unit-021/formula/inline/016,urn:uuid:d61d193e-237c-510c-9846-502957c48b12,covers,urn:uuid:2316e2f8-494e-5b12-b894-02f66c1c2790,chapter3.tex:307-512
urn:uuid:24bdf566-8d60-5cec-8b0c-2240b88300fc,relation/unit/bab-3-struktur-kepang/section/struktur-kepang/covers/surface/unit-021/formula/inline/017,urn:uuid:d61d193e-237c-510c-9846-502957c48b12,covers,urn:uuid:77ceb153-9320-50c4-a718-61e6b214b55c,chapter3.tex:307-512
urn:uuid:03e016c3-9214-5a21-a6cb-50d63b69005e,relation/unit/bab-3-struktur-kepang/section/struktur-kepang/covers/surface/unit-021/formula/inline/018,urn:uuid:d61d193e-237c-510c-9846-502957c48b12,covers,urn:uuid:79e99af8-2d2e-5962-9fe4-a4ded6fe273c,chapter3.tex:307-512
urn:uuid:bb1f1738-4d37-5d68-bf3a-0f387cf4bc8d,relation/unit/bab-3-struktur-kepang/section/struktur-kepang/covers/surface/unit-021/formula/inline/019,urn:uuid:d61d193e-237c-510c-9846-502957c48b12,covers,urn:uuid:ea955525-2446-578a-97ba-5211ab60d30d,chapter3.tex:307-512
urn:uuid:c7354d97-8784-5c45-9591-6a84306fca66,relation/unit/bab-3-struktur-kepang/section/struktur-kepang/covers/surface/unit-021/formula/inline/020,urn:uuid:d61d193e-237c-510c-9846-502957c48b12,covers,urn:uuid:bab9ffa4-772f-565d-9d04-56a15c47f798,chapter3.tex:307-512
urn:uuid:94e7a4c8-833d-5c33-b61c-974ec2c8d3a3,relation/unit/bab-3-struktur-kepang/section/struktur-kepang/covers/surface/unit-021/formula/inline/021,urn:uuid:d61d193e-237c-510c-9846-502957c48b12,covers,urn:uuid:3d59a6b5-617a-5c8c-aa8a-c06def6703d9,chapter3.tex:307-512
urn:uuid:edc366ee-364f-59ba-8a2d-5f13fb0cc9fa,relation/unit/bab-3-struktur-kepang/section/struktur-kepang/covers/surface/unit-021/formula/inline/022,urn:uuid:d61d193e-237c-510c-9846-502957c48b12,covers,urn:uuid:dc8d2b19-0c97-5786-84da-adb87a599d8c,chapter3.tex:307-512
urn:uuid:cec973a4-8b46-558a-b5aa-bc85672e3bf4,relation/unit/bab-3-struktur-kepang/section/struktur-kepang/covers/surface/unit-021/formula/inline/023,urn:uuid:d61d193e-237c-510c-9846-502957c48b12,covers,urn:uuid:f56c17b1-a5c4-5d17-90f2-562e478c274b,chapter3.tex:307-512
urn:uuid:ef9fdac7-e21a-5997-be5b-a4cd5d317f2b,relation/unit/bab-3-struktur-kepang/section/struktur-kepang/covers/surface/unit-021/formula/inline/024,urn:uuid:d61d193e-237c-510c-9846-502957c48b12,covers,urn:uuid:d2525afd-4085-5a5c-b6e5-3e41e030a0e6,chapter3.tex:307-512
urn:uuid:7c85dace-d2f8-5c48-a520-a034f81ac07a,relation/unit/bab-3-struktur-kepang/section/struktur-kepang/covers/surface/unit-021/formula/inline/025,urn:uuid:d61d193e-237c-510c-9846-502957c48b12,covers,urn:uuid:04d05096-f287-5ace-b5cb-a6db10536659,chapter3.tex:307-512
urn:uuid:97283002-7334-5891-9b9d-40e9e3ee2b14,relation/unit/bab-3-struktur-kepang/section/struktur-kepang/covers/surface/unit-021/formula/inline/026,urn:uuid:d61d193e-237c-510c-9846-502957c48b12,covers,urn:uuid:4b18d93b-daa6-5f8c-9e48-a2e4ec568025,chapter3.tex:307-512
urn:uuid:354253db-734d-511b-b5fe-b745f713d40e,relation/unit/bab-3-struktur-kepang/section/struktur-kepang/covers/surface/unit-021/formula/inline/027,urn:uuid:d61d193e-237c-510c-9846-502957c48b12,covers,urn:uuid:586127d6-d313-5c28-adc5-0cd1ae1a416f,chapter3.tex:307-512
urn:uuid:a297119b-963b-54b4-b812-8c3d83eb34f5,relation/unit/bab-3-struktur-kepang/section/struktur-kepang/covers/surface/unit-021/formula/inline/028,urn:uuid:d61d193e-237c-510c-9846-502957c48b12,covers,urn:uuid:07e0c871-6702-554c-a101-bf96d24a7f77,chapter3.tex:307-512
urn:uuid:69bbd937-7ca3-5741-b7a7-858d2771dd3d,relation/unit/bab-3-struktur-kepang/section/struktur-kepang/covers/surface/unit-021/formula/inline/029,urn:uuid:d61d193e-237c-510c-9846-502957c48b12,covers,urn:uuid:e3be7e18-d6be-5637-ab3d-e65523446965,chapter3.tex:307-512
urn:uuid:8e562339-d078-54f4-beea-1bb5c10585fd,relation/unit/bab-3-struktur-kepang/section/struktur-kepang/covers/surface/unit-021/formula/inline/030,urn:uuid:d61d193e-237c-510c-9846-502957c48b12,covers,urn:uuid:07e691d8-442e-5afe-916d-f141a17cd73d,chapter3.tex:307-512
urn:uuid:368349d0-9de4-56fd-8373-5e4fdce9490f,relation/unit/bab-3-struktur-kepang/section/struktur-kepang/covers/surface/unit-021/formula/inline/031,urn:uuid:d61d193e-237c-510c-9846-502957c48b12,covers,urn:uuid:ee033a3e-de35-541f-a64c-4aa18d9dc3d5,chapter3.tex:307-512
urn:uuid:195a881a-4388-5219-8ff8-b6811c710ee8,relation/unit/bab-3-struktur-kepang/section/struktur-kepang/covers/surface/unit-021/formula/inline/032,urn:uuid:d61d193e-237c-510c-9846-502957c48b12,covers,urn:uuid:981cf14f-fc4f-513f-a5b2-b893d0b88765,chapter3.tex:307-512
urn:uuid:1519b34e-fe6d-5aaf-afa5-069308a6a8d5,relation/unit/bab-3-struktur-kepang/section/struktur-kepang/covers/surface/unit-021/formula/inline/033,urn:uuid:d61d193e-237c-510c-9846-502957c48b12,covers,urn:uuid:3afbd312-d982-5608-b605-dde0f3614ef6,chapter3.tex:307-512
urn:uuid:335f55f3-7ed2-5458-8ded-8f0e5e5a8874,relation/unit/bab-3-struktur-kepang/section/struktur-kepang/covers/surface/unit-021/formula/inline/034,urn:uuid:d61d193e-237c-510c-9846-502957c48b12,covers,urn:uuid:794b8fe0-1f0f-57a1-bf76-0cc8063cbc8c,chapter3.tex:307-512
urn:uuid:5f11a619-92cb-5b3d-ada3-1979be72feff,relation/unit/bab-3-struktur-kepang/section/struktur-kepang/covers/surface/unit-021/formula/inline/035,urn:uuid:d61d193e-237c-510c-9846-502957c48b12,covers,urn:uuid:0a402b19-1184-540e-94c6-9358528aa00d,chapter3.tex:307-512
urn:uuid:9f30bc2b-ec85-5926-b982-f9b656236fb4,relation/unit/bab-3-struktur-kepang/section/struktur-kepang/covers/surface/unit-021/formula/inline/036,urn:uuid:d61d193e-237c-510c-9846-502957c48b12,covers,urn:uuid:ca9de1a2-3ecb-5925-892e-3f151fdb8600,chapter3.tex:307-512
urn:uuid:d7872660-e462-5e46-a1cd-628075e8d551,relation/unit/bab-3-struktur-kepang/section/struktur-kepang/covers/surface/unit-021/formula/inline/037,urn:uuid:d61d193e-237c-510c-9846-502957c48b12,covers,urn:uuid:f21010d0-5637-5cf6-b06a-21953e0d74f0,chapter3.tex:307-512
urn:uuid:7edfb399-7af9-5ca6-a241-aaa67dc5f866,relation/unit/bab-3-struktur-kepang/section/struktur-kepang/covers/surface/unit-021/formula/inline/038,urn:uuid:d61d193e-237c-510c-9846-502957c48b12,covers,urn:uuid:219c4843-ffef-541e-b02e-3c1b1242cb18,chapter3.tex:307-512
urn:uuid:716b35e0-8e88-5c65-bf94-6c873afdd9c8,relation/unit/bab-3-struktur-kepang/section/struktur-kepang/covers/surface/unit-021/formula/inline/039,urn:uuid:d61d193e-237c-510c-9846-502957c48b12,covers,urn:uuid:1554e4e2-1286-5f9f-a847-11dc10fac6c5,chapter3.tex:307-512
urn:uuid:3f23f40b-cf4d-576c-abd3-1f571015619a,relation/unit/bab-3-struktur-kepang/section/struktur-kepang/covers/surface/unit-021/formula/inline/040,urn:uuid:d61d193e-237c-510c-9846-502957c48b12,covers,urn:uuid:91b281cb-6a7f-5dcd-8451-272e109334e1,chapter3.tex:307-512
urn:uuid:52826819-c2c0-5206-b99a-3b12fff1a1a2,relation/unit/bab-3-struktur-kepang/section/struktur-kepang/covers/surface/unit-021/formula/inline/041,urn:uuid:d61d193e-237c-510c-9846-502957c48b12,covers,urn:uuid:6424ea90-3536-54fc-9a3d-ee48e5af92c0,chapter3.tex:307-512
urn:uuid:ca2b2528-7711-50ba-86c9-444353f5381f,relation/unit/bab-3-struktur-kepang/section/struktur-kepang/covers/surface/unit-021/formula/inline/042,urn:uuid:d61d193e-237c-510c-9846-502957c48b12,covers,urn:uuid:7cce2c39-a73b-5de0-9144-db617572d67d,chapter3.tex:307-512
urn:uuid:b747700d-2df8-5888-8c72-8e96112b2b7f,relation/unit/bab-3-struktur-kepang/section/struktur-kepang/covers/surface/unit-021/formula/inline/043,urn:uuid:d61d193e-237c-510c-9846-502957c48b12,covers,urn:uuid:dd9832be-47de-5315-9dfa-95e81992f559,chapter3.tex:307-512
urn:uuid:2780484d-d9ff-5d26-8a52-edef349e228e,relation/unit/bab-3-struktur-kepang/section/struktur-kepang/covers/surface/unit-021/formula/inline/044,urn:uuid:d61d193e-237c-510c-9846-502957c48b12,covers,urn:uuid:3ea78038-866b-539b-ba66-d7598c6f51a8,chapter3.tex:307-512
urn:uuid:0107adb1-2d95-581c-a014-822e92e7a139,relation/unit/bab-3-struktur-kepang/section/struktur-kepang/covers/surface/unit-021/formula/inline/045,urn:uuid:d61d193e-237c-510c-9846-502957c48b12,covers,urn:uuid:da710f15-8b97-52b9-bc6b-2ec97042e663,chapter3.tex:307-512
urn:uuid:b3cc634c-2fbd-5c03-b693-b95a3188ce31,relation/unit/bab-3-struktur-kepang/section/struktur-kepang/covers/surface/unit-021/formula/inline/046,urn:uuid:d61d193e-237c-510c-9846-502957c48b12,covers,urn:uuid:bdcb3ba4-6519-5a06-b3aa-685f8287be48,chapter3.tex:307-512
urn:uuid:bd619291-4d7f-54d4-ac54-a48942a15e5f,relation/unit/bab-3-struktur-kepang/section/struktur-kepang/covers/surface/unit-021/formula/inline/047,urn:uuid:d61d193e-237c-510c-9846-502957c48b12,covers,urn:uuid:73a2732a-3055-51f8-8229-14395aeded42,chapter3.tex:307-512
urn:uuid:b91bdb78-0b68-5bc9-a30a-1dd6fe44dbcd,relation/unit/bab-3-struktur-kepang/section/struktur-kepang/covers/surface/unit-021/formula/inline/048,urn:uuid:d61d193e-237c-510c-9846-502957c48b12,covers,urn:uuid:849fa693-4620-5059-8de4-80b2de39f326,chapter3.tex:307-512
urn:uuid:b701f931-f69d-5355-866f-79d08f5a58cb,relation/unit/bab-3-struktur-kepang/section/struktur-kepang/covers/surface/unit-021/formula/inline/049,urn:uuid:d61d193e-237c-510c-9846-502957c48b12,covers,urn:uuid:1231bbc2-1378-510d-8717-ce5c2d9e9deb,chapter3.tex:307-512
urn:uuid:5d8ea51d-143a-57c5-ba43-b56e1853ab6b,relation/unit/bab-3-struktur-kepang/section/struktur-kepang/covers/surface/unit-021/formula/inline/050,urn:uuid:d61d193e-237c-510c-9846-502957c48b12,covers,urn:uuid:6845b2b4-5017-532d-a413-a41b89e28f14,chapter3.tex:307-512
urn:uuid:1ba53073-1653-5b11-bc6b-ed2bb20ff517,relation/unit/bab-3-struktur-kepang/section/struktur-kepang/covers/surface/unit-021/formula/inline/051,urn:uuid:d61d193e-237c-510c-9846-502957c48b12,covers,urn:uuid:80b3bfd1-ba56-50b9-bc06-ad67bd4d5ed3,chapter3.tex:307-512
urn:uuid:6d7169ad-02f2-532f-aa33-6d9862987f5f,relation/unit/bab-3-struktur-kepang/section/struktur-kepang/covers/surface/unit-021/formula/inline/052,urn:uuid:d61d193e-237c-510c-9846-502957c48b12,covers,urn:uuid:7e5958a3-469f-5448-bc48-60eb5d9c55d5,chapter3.tex:307-512
urn:uuid:2025bda0-ee7e-5b78-a82a-496051e77ff5,relation/unit/bab-3-struktur-kepang/section/struktur-kepang/covers/surface/unit-021/formula/inline/053,urn:uuid:d61d193e-237c-510c-9846-502957c48b12,covers,urn:uuid:f6070795-e2c0-5df9-9919-c95bb1f86623,chapter3.tex:307-512
urn:uuid:e6183dbf-fa36-581b-bd9b-e05b138c1255,relation/unit/bab-3-struktur-kepang/section/struktur-kepang/covers/surface/unit-021/formula/inline/054,urn:uuid:d61d193e-237c-510c-9846-502957c48b12,covers,urn:uuid:e20f5ae1-c625-589f-aee7-48feac23c27b,chapter3.tex:307-512
urn:uuid:22199e3e-5aaf-591e-83d4-4a7c9e565a65,relation/unit/bab-3-struktur-kepang/section/struktur-kepang/covers/surface/unit-021/formula/inline/055,urn:uuid:d61d193e-237c-510c-9846-502957c48b12,covers,urn:uuid:fe639aeb-78c6-5ea5-b9f4-56305aec3772,chapter3.tex:307-512
urn:uuid:0c97d709-d331-5b73-a498-d04d6877b62d,relation/unit/bab-3-struktur-kepang/section/struktur-kepang/covers/surface/unit-021/formula/inline/056,urn:uuid:d61d193e-237c-510c-9846-502957c48b12,covers,urn:uuid:28eec779-b9c9-57b4-be3c-92f22b376cab,chapter3.tex:307-512
urn:uuid:cd0788eb-8116-53ae-b909-6f04644e2b60,relation/unit/bab-3-struktur-kepang/section/struktur-kepang/covers/surface/unit-021/formula/inline/057,urn:uuid:d61d193e-237c-510c-9846-502957c48b12,covers,urn:uuid:0dd859f6-3122-5f12-b3e4-01f70b8d85e1,chapter3.tex:307-512
urn:uuid:43278b74-7b91-5920-b453-91bceed9ef86,relation/unit/bab-3-struktur-kepang/section/struktur-kepang/covers/surface/unit-021/formula/inline/058,urn:uuid:d61d193e-237c-510c-9846-502957c48b12,covers,urn:uuid:c47e93fb-3016-541c-9cd3-f3c5e7b3d252,chapter3.tex:307-512
urn:uuid:b4927fd1-0c40-5adc-8424-dc9690e1909e,relation/unit/bab-3-struktur-kepang/section/struktur-kepang/covers/surface/unit-021/formula/inline/059,urn:uuid:d61d193e-237c-510c-9846-502957c48b12,covers,urn:uuid:e9122156-a4ea-592f-bbdf-25b72fb0b1aa,chapter3.tex:307-512
urn:uuid:01d8828d-7ad5-5c59-ac39-7c3246a094bd,relation/unit/bab-3-struktur-kepang/section/struktur-kepang/covers/surface/unit-021/formula/inline/060,urn:uuid:d61d193e-237c-510c-9846-502957c48b12,covers,urn:uuid:54487d55-7e2f-5670-b870-4cca42b72b64,chapter3.tex:307-512
urn:uuid:2f05c325-a978-5eb8-b676-036626bfc3e8,relation/unit/bab-3-struktur-kepang/section/struktur-kepang/covers/surface/unit-021/formula/inline/061,urn:uuid:d61d193e-237c-510c-9846-502957c48b12,covers,urn:uuid:99d21008-0ea0-582e-be68-f84ed152b349,chapter3.tex:307-512
urn:uuid:31d814b1-f5ac-5be1-87d6-4f0714189f15,relation/unit/bab-3-struktur-kepang/section/struktur-kepang/covers/surface/unit-021/formula/inline/062,urn:uuid:d61d193e-237c-510c-9846-502957c48b12,covers,urn:uuid:28be3014-ab95-5148-9f41-7b11e3312de5,chapter3.tex:307-512
urn:uuid:4a329389-6393-528b-b327-ef88ed537f62,relation/unit/bab-3-struktur-kepang/section/struktur-kepang/covers/surface/unit-021/formula/inline/063,urn:uuid:d61d193e-237c-510c-9846-502957c48b12,covers,urn:uuid:22e03ada-08fc-5c45-983d-8f902e1a8c46,chapter3.tex:307-512
urn:uuid:8a6fe5d5-9567-5812-8d40-68cab0e54e7c,relation/unit/bab-3-struktur-kepang/section/struktur-kepang/covers/surface/unit-021/formula/inline/064,urn:uuid:d61d193e-237c-510c-9846-502957c48b12,covers,urn:uuid:abbfd553-e27a-5db6-a315-d185950f9074,chapter3.tex:307-512
urn:uuid:8a1b44a5-5445-57b0-afe1-34cdc0112bd2,relation/unit/bab-3-struktur-kepang/section/struktur-kepang/covers/surface/unit-021/formula/inline/065,urn:uuid:d61d193e-237c-510c-9846-502957c48b12,covers,urn:uuid:5d4bde68-e038-57cd-9285-1106aec0e553,chapter3.tex:307-512
urn:uuid:82c2061c-654b-55a2-927e-8bfbb69417b6,relation/unit/bab-3-struktur-kepang/section/struktur-kepang/covers/surface/unit-021/formula/inline/066,urn:uuid:d61d193e-237c-510c-9846-502957c48b12,covers,urn:uuid:40213784-61e1-55df-a826-f62bcf4f3687,chapter3.tex:307-512
urn:uuid:c720ac9a-889d-5579-8bce-a349c87c0020,relation/unit/bab-3-struktur-kepang/section/struktur-kepang/covers/surface/unit-021/formula/inline/067,urn:uuid:d61d193e-237c-510c-9846-502957c48b12,covers,urn:uuid:3aef0678-6b3f-58c8-8c0f-c1a7f047ac8a,chapter3.tex:307-512
urn:uuid:c2cb93f0-a293-506b-877d-de5605773faf,relation/unit/bab-3-struktur-kepang/section/struktur-kepang/covers/surface/unit-021/formula/inline/068,urn:uuid:d61d193e-237c-510c-9846-502957c48b12,covers,urn:uuid:2b5123dd-f7d9-5b27-b669-1b79d6fe48df,chapter3.tex:307-512
urn:uuid:5965e1c4-1663-5d66-ba61-993abb08bbbc,relation/unit/bab-3-struktur-kepang/section/struktur-kepang/covers/surface/unit-021/formula/inline/069,urn:uuid:d61d193e-237c-510c-9846-502957c48b12,covers,urn:uuid:a15ffef0-5eef-51f7-b1ad-13f94582103b,chapter3.tex:307-512
urn:uuid:6f3e02fc-b99c-5eb0-bdac-44a0c7305c7a,relation/unit/bab-3-struktur-kepang/section/struktur-kepang/covers/surface/unit-021/formula/inline/070,urn:uuid:d61d193e-237c-510c-9846-502957c48b12,covers,urn:uuid:beb2ea48-0ebb-58b7-bdf2-2fffbb71dd3e,chapter3.tex:307-512
urn:uuid:5569322f-5d9e-580a-950c-73861c9ce961,relation/unit/bab-3-struktur-kepang/section/struktur-kepang/covers/surface/unit-021/formula/inline/071,urn:uuid:d61d193e-237c-510c-9846-502957c48b12,covers,urn:uuid:dff9e89e-1b8e-563a-a7e3-099da6ca0142,chapter3.tex:307-512
urn:uuid:7639a019-3cb7-56b7-bae4-6f78d3fe64af,relation/unit/bab-3-struktur-kepang/section/struktur-kepang/covers/surface/unit-021/formula/inline/072,urn:uuid:d61d193e-237c-510c-9846-502957c48b12,covers,urn:uuid:bbe6130e-57ce-5e04-bf2c-05eae8ade55d,chapter3.tex:307-512
urn:uuid:687fee2f-d02d-564a-a8a0-b924e9eee7c5,relation/unit/bab-3-struktur-kepang/section/struktur-kepang/covers/surface/unit-021/formula/inline/073,urn:uuid:d61d193e-237c-510c-9846-502957c48b12,covers,urn:uuid:88904546-93d1-515f-b484-368eae0ade46,chapter3.tex:307-512
urn:uuid:32e8afcf-b485-5159-bcc0-444b73b53504,relation/unit/bab-3-struktur-kepang/section/struktur-kepang/covers/surface/unit-021/formula/inline/074,urn:uuid:d61d193e-237c-510c-9846-502957c48b12,covers,urn:uuid:148c78ac-1633-5839-b3b7-44b1890aa9e7,chapter3.tex:307-512
urn:uuid:59edf74c-40d2-504d-b572-80f4fec167bd,relation/unit/bab-3-struktur-kepang/section/struktur-kepang/covers/surface/unit-021/formula/inline/075,urn:uuid:d61d193e-237c-510c-9846-502957c48b12,covers,urn:uuid:aabf9eff-b700-5ce5-bb7d-874fce65c700,chapter3.tex:307-512
urn:uuid:21b8e6e2-6282-5772-a08b-d8bdfed84d68,relation/unit/bab-3-struktur-kepang/section/struktur-kepang/covers/surface/unit-021/formula/inline/076,urn:uuid:d61d193e-237c-510c-9846-502957c48b12,covers,urn:uuid:5dbbadc2-2a5c-5467-8175-d6a9270c2317,chapter3.tex:307-512
urn:uuid:6dd58797-6a7e-5bc6-a749-45f8468f4498,relation/unit/bab-3-struktur-kepang/section/struktur-kepang/covers/surface/unit-021/formula/inline/077,urn:uuid:d61d193e-237c-510c-9846-502957c48b12,covers,urn:uuid:3fd6b810-0276-5bb3-bf57-820dcf4deed0,chapter3.tex:307-512
urn:uuid:8920cda1-b662-5d94-961f-beb0b88d3117,relation/unit/bab-3-struktur-kepang/section/struktur-kepang/covers/surface/unit-021/formula/inline/078,urn:uuid:d61d193e-237c-510c-9846-502957c48b12,covers,urn:uuid:41675289-145c-57de-b7fa-1265aee713d0,chapter3.tex:307-512
urn:uuid:0381d667-8682-5159-acb9-adb63bf21865,relation/unit/bab-3-struktur-kepang/section/struktur-kepang/covers/surface/unit-021/formula/inline/079,urn:uuid:d61d193e-237c-510c-9846-502957c48b12,covers,urn:uuid:e3c74c94-724c-52ea-a805-48cd0aec1f4c,chapter3.tex:307-512
urn:uuid:246722ae-8ec7-56f1-a9c2-cce01454e29c,relation/unit/bab-3-struktur-kepang/section/struktur-kepang/covers/surface/unit-021/formula/inline/080,urn:uuid:d61d193e-237c-510c-9846-502957c48b12,covers,urn:uuid:842e09ec-3911-5dfc-a39b-ce94a25814d4,chapter3.tex:307-512
urn:uuid:b9a4eadd-f7ac-5f9d-9cf9-ed9fe31ed61a,relation/unit/bab-3-struktur-kepang/section/struktur-kepang/covers/surface/unit-021/formula/inline/081,urn:uuid:d61d193e-237c-510c-9846-502957c48b12,covers,urn:uuid:795c9133-762e-5865-9c74-18e89b8bf027,chapter3.tex:307-512
urn:uuid:152b9e30-0784-518e-92b8-e5c2563da12b,relation/unit/bab-3-struktur-kepang/section/struktur-kepang/covers/surface/unit-021/formula/inline/082,urn:uuid:d61d193e-237c-510c-9846-502957c48b12,covers,urn:uuid:dae3b73d-d46f-55d9-8b91-ecc63f9eea6f,chapter3.tex:307-512
urn:uuid:0f19f99a-a7e3-51b2-b4a4-ddac773119d0,relation/unit/bab-3-struktur-kepang/section/struktur-kepang/covers/surface/unit-021/formula/inline/083,urn:uuid:d61d193e-237c-510c-9846-502957c48b12,covers,urn:uuid:3d5525f0-23fa-5f17-b637-2ea723554ad8,chapter3.tex:307-512
urn:uuid:a87ca8f6-4d34-5e9a-adb9-4fb4ea2434d0,relation/unit/bab-3-struktur-kepang/section/struktur-kepang/covers/surface/unit-021/formula/inline/084,urn:uuid:d61d193e-237c-510c-9846-502957c48b12,covers,urn:uuid:3dc45e12-d273-58bd-9f4a-cc5b8e279162,chapter3.tex:307-512
urn:uuid:00724fad-8f95-5a12-8aa9-a394b1f1d3f9,relation/unit/bab-3-struktur-kepang/section/struktur-kepang/covers/surface/unit-021/formula/inline/085,urn:uuid:d61d193e-237c-510c-9846-502957c48b12,covers,urn:uuid:b230a3a6-a96d-591f-93a2-668b1c2fdaab,chapter3.tex:307-512
urn:uuid:5c254451-8d03-5292-b2f3-313c0bcbea73,relation/unit/bab-3-struktur-kepang/section/struktur-kepang/covers/surface/unit-021/formula/inline/086,urn:uuid:d61d193e-237c-510c-9846-502957c48b12,covers,urn:uuid:3b8b8a61-f988-52cc-97df-f1241c6f9a44,chapter3.tex:307-512
urn:uuid:5b30c2e3-438a-503f-bb4a-533890dd4e92,relation/unit/bab-3-struktur-kepang/section/struktur-kepang/covers/surface/unit-021/formula/inline/087,urn:uuid:d61d193e-237c-510c-9846-502957c48b12,covers,urn:uuid:55fde1dc-a073-5267-b9f8-b42ece4a64f1,chapter3.tex:307-512
urn:uuid:77b4578d-7000-5596-9772-60d65f1c41e1,relation/unit/bab-3-struktur-kepang/section/struktur-kepang/covers/surface/unit-021/formula/inline/088,urn:uuid:d61d193e-237c-510c-9846-502957c48b12,covers,urn:uuid:744eed31-3642-5e9a-95ad-29e7143b24ee,chapter3.tex:307-512
urn:uuid:650ac54b-c386-5f51-827f-d3f17032ff86,relation/unit/bab-3-struktur-kepang/section/struktur-kepang/covers/surface/unit-021/formula/inline/089,urn:uuid:d61d193e-237c-510c-9846-502957c48b12,covers,urn:uuid:7c7f09c7-7847-5924-a0fc-4244ec1e8dbe,chapter3.tex:307-512
urn:uuid:abce393d-0123-50f3-b9c4-fd2b879ef845,relation/unit/bab-3-struktur-kepang/section/struktur-kepang/covers/surface/unit-021/formula/inline/090,urn:uuid:d61d193e-237c-510c-9846-502957c48b12,covers,urn:uuid:98624f12-46ea-54b9-acf5-a502a658ad79,chapter3.tex:307-512
urn:uuid:38f69085-dc8c-5d16-a02c-a58abbe387b4,relation/unit/bab-3-struktur-kepang/section/struktur-kepang/covers/surface/unit-021/formula/inline/091,urn:uuid:d61d193e-237c-510c-9846-502957c48b12,covers,urn:uuid:41f8636b-e930-516d-8c12-03ded03eb62e,chapter3.tex:307-512
urn:uuid:67f16ad3-ccc4-5fd2-8509-bc91d80ab6a6,relation/unit/bab-3-struktur-kepang/section/struktur-kepang/covers/surface/unit-021/formula/inline/092,urn:uuid:d61d193e-237c-510c-9846-502957c48b12,covers,urn:uuid:36a82dc2-0843-5bc2-a606-5993029ef6eb,chapter3.tex:307-512
urn:uuid:aad8e7fb-26aa-578c-83c0-162e5e005b20,relation/unit/bab-3-struktur-kepang/section/struktur-kepang/covers/surface/unit-021/formula/inline/093,urn:uuid:d61d193e-237c-510c-9846-502957c48b12,covers,urn:uuid:d83f8339-b001-5c2a-9c65-e3ccc2ec46c6,chapter3.tex:307-512
urn:uuid:e1b8532d-9284-53de-b42c-97629b433767,relation/unit/bab-3-struktur-kepang/section/struktur-kepang/covers/surface/unit-021/formula/inline/094,urn:uuid:d61d193e-237c-510c-9846-502957c48b12,covers,urn:uuid:640ab6e6-1d0d-5e21-a77f-68df23c7f6f8,chapter3.tex:307-512
urn:uuid:47dcee82-6204-5002-aa6b-9d44bf8057b9,relation/unit/bab-3-struktur-kepang/section/struktur-kepang/covers/surface/unit-021/formula/inline/095,urn:uuid:d61d193e-237c-510c-9846-502957c48b12,covers,urn:uuid:b88e8d29-4076-59a9-9439-5b899c3d4a8b,chapter3.tex:307-512
urn:uuid:8b397275-8089-576c-a50c-21f67ce8c424,relation/unit/bab-3-struktur-kepang/section/struktur-kepang/covers/surface/unit-021/formula/inline/096,urn:uuid:d61d193e-237c-510c-9846-502957c48b12,covers,urn:uuid:e9019b31-f1c6-55f1-a7f1-f8cf3f797ae7,chapter3.tex:307-512
urn:uuid:ec041ebd-6977-5488-886e-641c7a2eb7cd,relation/unit/bab-3-struktur-kepang/section/struktur-kepang/covers/surface/unit-021/formula/inline/097,urn:uuid:d61d193e-237c-510c-9846-502957c48b12,covers,urn:uuid:6986519e-c166-53a5-8016-a2f2cd1c2272,chapter3.tex:307-512
urn:uuid:957f1bd0-5304-54cb-a677-b39dda9cf995,relation/unit/bab-3-struktur-kepang/section/struktur-kepang/covers/surface/unit-021/formula/inline/098,urn:uuid:d61d193e-237c-510c-9846-502957c48b12,covers,urn:uuid:a5b94174-b37e-535f-a14d-3063b0e8ef5a,chapter3.tex:307-512
urn:uuid:a7eb3a36-2291-5bca-b918-59ee553da1e5,relation/unit/bab-3-struktur-kepang/section/struktur-kepang/covers/surface/unit-021/formula/inline/099,urn:uuid:d61d193e-237c-510c-9846-502957c48b12,covers,urn:uuid:43d71731-cb28-5926-8818-b3a15103055b,chapter3.tex:307-512
urn:uuid:3ffa5866-a84a-5c07-b2c1-9426eaf6167c,relation/unit/bab-3-struktur-kepang/section/struktur-kepang/covers/surface/unit-021/formula/inline/100,urn:uuid:d61d193e-237c-510c-9846-502957c48b12,covers,urn:uuid:f01977c7-e649-5d71-a706-4033d772af2a,chapter3.tex:307-512
urn:uuid:d8f24e94-536c-5c56-8f9e-8b986315a9f4,relation/unit/bab-3-struktur-kepang/section/struktur-kepang/covers/surface/unit-021/formula/inline/101,urn:uuid:d61d193e-237c-510c-9846-502957c48b12,covers,urn:uuid:82d8fe02-ec86-5274-82f4-28f193f2dae8,chapter3.tex:307-512
urn:uuid:aa3df0b9-b6cc-51f9-a42a-06a52c7fd79f,relation/unit/bab-3-struktur-kepang/section/struktur-kepang/covers/surface/unit-021/formula/inline/102,urn:uuid:d61d193e-237c-510c-9846-502957c48b12,covers,urn:uuid:beac56ec-8a25-5f92-b256-6ba608b051f7,chapter3.tex:307-512
urn:uuid:51ba1880-9971-58cd-9a15-284f666cdd26,relation/unit/bab-3-struktur-kepang/section/struktur-kepang/covers/surface/unit-021/formula/inline/103,urn:uuid:d61d193e-237c-510c-9846-502957c48b12,covers,urn:uuid:3831656f-113c-5011-84e1-345a73eb45c6,chapter3.tex:307-512
urn:uuid:2b847cd2-06d3-5ef1-88cf-88c90d290085,relation/unit/bab-3-struktur-kepang/section/struktur-kepang/covers/surface/unit-021/formula/inline/104,urn:uuid:d61d193e-237c-510c-9846-502957c48b12,covers,urn:uuid:043a901a-5071-5c72-a6c8-4bb89d011a2b,chapter3.tex:307-512
urn:uuid:6e0e978c-845b-5874-bddc-6f459d893570,relation/unit/bab-3-struktur-kepang/section/struktur-kepang/covers/surface/unit-021/formula/inline/105,urn:uuid:d61d193e-237c-510c-9846-502957c48b12,covers,urn:uuid:5b940b83-801d-59b9-aba3-b7f62882a687,chapter3.tex:307-512
urn:uuid:92296586-0c7d-567e-88bf-591977bb7d5c,relation/unit/bab-3-struktur-kepang/section/struktur-kepang/covers/surface/unit-021/formula/inline/106,urn:uuid:d61d193e-237c-510c-9846-502957c48b12,covers,urn:uuid:78655ad0-1923-52b0-8ee2-582078d3c6e1,chapter3.tex:307-512
urn:uuid:948c383d-304f-50b2-99ff-47f719260427,relation/unit/bab-3-struktur-kepang/section/struktur-kepang/covers/surface/unit-021/formula/inline/107,urn:uuid:d61d193e-237c-510c-9846-502957c48b12,covers,urn:uuid:6bd13096-d8e7-520a-84eb-10d7277546b5,chapter3.tex:307-512
urn:uuid:7c637b9f-ae01-57ee-ab29-c5295f05a6e9,relation/unit/bab-3-struktur-kepang/section/struktur-kepang/covers/surface/unit-021/formula/inline/108,urn:uuid:d61d193e-237c-510c-9846-502957c48b12,covers,urn:uuid:6444e5f0-fa0d-5047-bcef-e18aa9d77dba,chapter3.tex:307-512
urn:uuid:2274c822-450f-5ae6-a8ca-8e23fd082a26,relation/unit/bab-3-struktur-kepang/section/struktur-kepang/covers/surface/unit-021/formula/inline/109,urn:uuid:d61d193e-237c-510c-9846-502957c48b12,covers,urn:uuid:078299a4-e375-5eee-a4a2-59ef84aadae9,chapter3.tex:307-512
urn:uuid:98939d8d-45a7-5f72-a781-260ff93310ad,relation/unit/bab-3-struktur-kepang/section/struktur-kepang/covers/surface/unit-021/formula/inline/110,urn:uuid:d61d193e-237c-510c-9846-502957c48b12,covers,urn:uuid:5428dc0c-7207-5273-8682-9e988e9f67ad,chapter3.tex:307-512
urn:uuid:081bc88a-75d5-5b1c-9714-4b0bfe232942,relation/unit/bab-3-struktur-kepang/section/struktur-kepang/covers/surface/unit-021/formula/inline/111,urn:uuid:d61d193e-237c-510c-9846-502957c48b12,covers,urn:uuid:aa831a2d-dbf4-5457-9d13-f27889f9d885,chapter3.tex:307-512
urn:uuid:563152da-ee93-5862-9216-3197932a88a0,relation/unit/bab-3-struktur-kepang/section/struktur-kepang/covers/surface/unit-021/formula/inline/112,urn:uuid:d61d193e-237c-510c-9846-502957c48b12,covers,urn:uuid:8bc3f8ec-1051-5bc5-a32d-1f670bab69a7,chapter3.tex:307-512
urn:uuid:2bb09e74-cbbf-5a80-acd6-cce174bc5179,relation/unit/bab-3-struktur-kepang/section/struktur-kepang/covers/surface/unit-021/formula/inline/113,urn:uuid:d61d193e-237c-510c-9846-502957c48b12,covers,urn:uuid:eaba860d-561e-500b-8bbd-00a2907df4d1,chapter3.tex:307-512
urn:uuid:ce26c524-4929-571c-930a-0d558835acff,relation/unit/bab-3-struktur-kepang/section/struktur-kepang/covers/surface/unit-021/formula/inline/114,urn:uuid:d61d193e-237c-510c-9846-502957c48b12,covers,urn:uuid:9f152153-7106-508d-88a3-070183b86b83,chapter3.tex:307-512
urn:uuid:7ee39f8f-c611-5757-b23d-8630999409b3,relation/unit/bab-3-struktur-kepang/section/struktur-kepang/covers/surface/unit-021/formula/inline/115,urn:uuid:d61d193e-237c-510c-9846-502957c48b12,covers,urn:uuid:302fa766-fee0-502e-b19c-265348324149,chapter3.tex:307-512
urn:uuid:0a632c2d-88b4-53a1-a0f8-a2c1c5f4b296,relation/unit/bab-3-struktur-kepang/section/struktur-kepang/covers/surface/unit-021/formula/inline/116,urn:uuid:d61d193e-237c-510c-9846-502957c48b12,covers,urn:uuid:ae2002c8-fa36-5499-b22b-2ea2335d26e8,chapter3.tex:307-512
urn:uuid:4661c164-fd1d-503e-868c-a75d71496c5f,relation/unit/bab-3-struktur-kepang/section/struktur-kepang/covers/surface/unit-021/formula/inline/117,urn:uuid:d61d193e-237c-510c-9846-502957c48b12,covers,urn:uuid:f2064270-7cc4-5bd2-a442-af4aed35981f,chapter3.tex:307-512
urn:uuid:8bc9f086-b1a7-5078-83a2-723365f51cea,relation/unit/bab-3-struktur-kepang/section/struktur-kepang/covers/surface/unit-021/formula/inline/118,urn:uuid:d61d193e-237c-510c-9846-502957c48b12,covers,urn:uuid:95dfc24c-adfd-5fb3-99d3-8f28058e9e94,chapter3.tex:307-512
urn:uuid:557587a2-8678-54dd-ab5c-0fd46c480bae,relation/unit/bab-3-struktur-kepang/section/struktur-kepang/covers/surface/unit-021/formula/inline/119,urn:uuid:d61d193e-237c-510c-9846-502957c48b12,covers,urn:uuid:2c7d2787-e406-5701-b43b-a97ac40bdde3,chapter3.tex:307-512
urn:uuid:4e5aeeb2-a142-5072-a67f-6f1a9d990b2e,relation/unit/bab-3-struktur-kepang/section/struktur-kepang/covers/surface/unit-021/formula/inline/120,urn:uuid:d61d193e-237c-510c-9846-502957c48b12,covers,urn:uuid:c8bdde89-9bc3-584e-8fa1-672392f5a4c9,chapter3.tex:307-512
urn:uuid:69967274-6903-50e4-8ddd-73437a8bd198,relation/unit/bab-3-struktur-kepang/section/struktur-kepang/covers/surface/unit-021/formula/inline/121,urn:uuid:d61d193e-237c-510c-9846-502957c48b12,covers,urn:uuid:2da90ec3-8eae-5cbe-bf9b-578cbe019056,chapter3.tex:307-512
urn:uuid:36b19ae7-7f62-5fb6-9c0f-e04af9cecc93,relation/unit/bab-3-struktur-kepang/section/struktur-kepang/covers/surface/unit-021/formula/inline/122,urn:uuid:d61d193e-237c-510c-9846-502957c48b12,covers,urn:uuid:54273968-5464-5eb1-89c4-e126e686114f,chapter3.tex:307-512
urn:uuid:7598161e-6021-5cce-9908-7968ac3d1cff,relation/unit/bab-3-struktur-kepang/section/struktur-kepang/covers/surface/unit-021/formula/inline/123,urn:uuid:d61d193e-237c-510c-9846-502957c48b12,covers,urn:uuid:83c3382e-cf86-58ba-a7df-7d101ba492be,chapter3.tex:307-512
urn:uuid:43fe3f86-5cd5-5654-a9a2-4034506ca31d,relation/unit/bab-3-struktur-kepang/section/struktur-kepang/covers/surface/unit-021/formula/inline/124,urn:uuid:d61d193e-237c-510c-9846-502957c48b12,covers,urn:uuid:9d69ac10-a22c-5bde-acd9-e4a23cb00683,chapter3.tex:307-512
urn:uuid:31091d78-9981-59e3-a897-767f9ff8df04,relation/unit/bab-3-struktur-kepang/section/struktur-kepang/covers/surface/unit-021/formula/inline/125,urn:uuid:d61d193e-237c-510c-9846-502957c48b12,covers,urn:uuid:88115c83-1531-5b09-bd92-70b09c56fad7,chapter3.tex:307-512
urn:uuid:5daaf0ab-f421-58b7-a762-d62813e418e8,relation/unit/bab-3-struktur-kepang/section/struktur-kepang/covers/surface/unit-021/formula/inline/126,urn:uuid:d61d193e-237c-510c-9846-502957c48b12,covers,urn:uuid:4fe7e975-038b-55f8-832a-be9b4d1f5926,chapter3.tex:307-512
urn:uuid:df26bd38-ba6f-52ee-857b-735f13741504,relation/unit/bab-3-struktur-kepang/section/struktur-kepang/covers/surface/unit-021/formula/inline/127,urn:uuid:d61d193e-237c-510c-9846-502957c48b12,covers,urn:uuid:3cf516aa-a0a0-5aab-a6a2-10d7352191fa,chapter3.tex:307-512
urn:uuid:a71001be-bb4d-5702-9ab3-7c985b553d4b,relation/unit/bab-3-struktur-kepang/section/struktur-kepang/covers/surface/unit-021/formula/inline/128,urn:uuid:d61d193e-237c-510c-9846-502957c48b12,covers,urn:uuid:53fb872a-4689-5d2f-95b5-28bd106d1218,chapter3.tex:307-512
urn:uuid:9a7687e5-0410-5a37-98af-5a6ef9a48832,relation/unit/bab-3-struktur-kepang/section/struktur-kepang/covers/surface/unit-021/formula/inline/129,urn:uuid:d61d193e-237c-510c-9846-502957c48b12,covers,urn:uuid:6f46ce1d-9652-5439-9f69-7d15054d8e37,chapter3.tex:307-512
urn:uuid:1e75b91c-af9f-5946-80f5-0b19f9a6a9e7,relation/unit/bab-3-struktur-kepang/section/struktur-kepang/covers/surface/unit-021/formula/inline/130,urn:uuid:d61d193e-237c-510c-9846-502957c48b12,covers,urn:uuid:1c7d6436-1eac-5342-8cd2-091a2ffb24d8,chapter3.tex:307-512
urn:uuid:cb1375fb-91cb-50d3-ba63-26352a8ae3c9,relation/unit/bab-3-struktur-kepang/section/struktur-kepang/covers/surface/unit-021/formula/inline/131,urn:uuid:d61d193e-237c-510c-9846-502957c48b12,covers,urn:uuid:b5b53833-c0a4-5562-b952-6525ff623344,chapter3.tex:307-512
urn:uuid:b44ee9a0-ce3c-57bb-908c-2b3ba6f1af80,relation/unit/bab-3-struktur-kepang/section/struktur-kepang/covers/surface/unit-021/formula/inline/132,urn:uuid:d61d193e-237c-510c-9846-502957c48b12,covers,urn:uuid:7fa19173-d4ef-5cf5-9af7-983ea9d50ae6,chapter3.tex:307-512
urn:uuid:03ed9bc3-39c7-507d-a39d-0f4fb6340a05,relation/unit/bab-3-struktur-kepang/section/struktur-kepang/covers/surface/unit-021/formula/inline/133,urn:uuid:d61d193e-237c-510c-9846-502957c48b12,covers,urn:uuid:13b97e7e-adc3-5607-b835-2816109deaf7,chapter3.tex:307-512
urn:uuid:763dcb70-ff97-5933-965b-66d4179e7e70,relation/unit/bab-3-struktur-kepang/section/struktur-kepang/covers/surface/unit-021/formula/inline/134,urn:uuid:d61d193e-237c-510c-9846-502957c48b12,covers,urn:uuid:df6e8b6b-0ac0-5817-955d-40516f047a0c,chapter3.tex:307-512
urn:uuid:062b11a9-4751-5f5d-ba26-d6ccf6b26dcb,relation/unit/bab-3-struktur-kepang/section/struktur-kepang/covers/surface/unit-021/formula/inline/135,urn:uuid:d61d193e-237c-510c-9846-502957c48b12,covers,urn:uuid:0dfead6f-3805-57f1-b13c-cdc442adb23f,chapter3.tex:307-512
urn:uuid:478ae33a-7fbc-50b1-ade2-d2bbb83480e9,relation/unit/bab-3-struktur-kepang/section/struktur-kepang/covers/surface/unit-021/formula/inline/136,urn:uuid:d61d193e-237c-510c-9846-502957c48b12,covers,urn:uuid:62eed99a-a7ec-51a4-835c-b1579adfb314,chapter3.tex:307-512
urn:uuid:ca39b9b6-e026-5b91-8824-4cae4a475285,relation/unit/bab-3-struktur-kepang/section/struktur-kepang/covers/surface/unit-021/formula/inline/137,urn:uuid:d61d193e-237c-510c-9846-502957c48b12,covers,urn:uuid:4b35d016-dce3-5ab3-8675-86b0b9b0c4f0,chapter3.tex:307-512
urn:uuid:eb0e0667-0610-5567-979c-9f6273bfeca2,relation/unit/bab-3-struktur-kepang/section/struktur-kepang/covers/surface/unit-021/formula/inline/138,urn:uuid:d61d193e-237c-510c-9846-502957c48b12,covers,urn:uuid:f334d73b-6baa-591b-ac96-b717367e7b9d,chapter3.tex:307-512
urn:uuid:0f2f52a6-1b63-5fe5-9342-cc0858180da9,relation/unit/bab-3-struktur-kepang/section/struktur-kepang/covers/surface/unit-021/formula/inline/139,urn:uuid:d61d193e-237c-510c-9846-502957c48b12,covers,urn:uuid:f7ae3af8-244a-5490-9878-e5a68c0b7350,chapter3.tex:307-512
urn:uuid:43c9eeea-b14a-55a0-a7f4-817f661ed727,relation/unit/bab-3-struktur-kepang/section/struktur-kepang/covers/surface/unit-021/formula/inline/140,urn:uuid:d61d193e-237c-510c-9846-502957c48b12,covers,urn:uuid:97109916-1991-5c57-96ed-4ab954d06977,chapter3.tex:307-512
urn:uuid:f24488f6-6477-5af2-9552-e46e9dcbe145,relation/unit/bab-3-struktur-kepang/section/struktur-kepang/covers/surface/unit-021/formula/inline/141,urn:uuid:d61d193e-237c-510c-9846-502957c48b12,covers,urn:uuid:b6e34639-1b57-5846-8dcd-8e8900eb3a3f,chapter3.tex:307-512
urn:uuid:2aa8abd4-ac8f-55aa-98b8-11926a74160f,relation/unit/bab-3-struktur-kepang/section/struktur-kepang/covers/surface/unit-021/formula/inline/142,urn:uuid:d61d193e-237c-510c-9846-502957c48b12,covers,urn:uuid:b5317864-e600-5dfb-9296-5ede482b089f,chapter3.tex:307-512
urn:uuid:47d08761-cee6-52ce-927d-66c968e88633,relation/unit/bab-3-struktur-kepang/section/struktur-kepang/covers/surface/unit-021/formula/inline/143,urn:uuid:d61d193e-237c-510c-9846-502957c48b12,covers,urn:uuid:9b1b296c-85b5-561a-8dff-2dd461be459b,chapter3.tex:307-512
urn:uuid:6fe1f890-d80e-5a04-82ff-a3ff4be4b454,relation/unit/bab-3-struktur-kepang/section/struktur-kepang/covers/surface/unit-021/formula/inline/144,urn:uuid:d61d193e-237c-510c-9846-502957c48b12,covers,urn:uuid:4fa6c359-74dc-556a-ac3b-796e8dc9a85d,chapter3.tex:307-512
urn:uuid:d1abbfa8-0537-5cce-99bd-a2e1926a6ec0,relation/unit/bab-3-struktur-kepang/section/struktur-kepang/covers/surface/unit-021/label/001,urn:uuid:d61d193e-237c-510c-9846-502957c48b12,covers,urn:uuid:1469c9d7-25ab-52bd-b4a1-033689d693d0,chapter3.tex:307-512
urn:uuid:c0f4d79a-4b10-5ac8-9b6b-13d2c87823ca,relation/unit/bab-3-struktur-kepang/section/struktur-kepang/covers/surface/unit-021/label/002,urn:uuid:d61d193e-237c-510c-9846-502957c48b12,covers,urn:uuid:3b4f7d7c-4d33-58e2-b47b-e1d4d7c34ed4,chapter3.tex:307-512
urn:uuid:c903e208-93d1-515d-9056-bbafa2c2ecfd,relation/unit/bab-3-struktur-kepang/section/struktur-kepang/covers/surface/unit-021/label/003,urn:uuid:d61d193e-237c-510c-9846-502957c48b12,covers,urn:uuid:4276fe5c-7761-51e5-a5ee-043ba04b411f,chapter3.tex:307-512
urn:uuid:a377b1a6-f2a5-5d22-bebc-52421b2b6cb6,relation/unit/bab-3-struktur-kepang/section/struktur-kepang/covers/surface/unit-021/label/004,urn:uuid:d61d193e-237c-510c-9846-502957c48b12,covers,urn:uuid:35506dad-ce74-54e7-a7fe-1d5360aa106e,chapter3.tex:307-512
urn:uuid:437ef7af-9ed9-5e4a-95b5-10149a24c60b,relation/unit/bab-3-struktur-kepang/section/struktur-kepang/covers/surface/unit-021/label/005,urn:uuid:d61d193e-237c-510c-9846-502957c48b12,covers,urn:uuid:b8199b41-06a1-5466-8614-b98b8b490690,chapter3.tex:307-512
urn:uuid:9cd5d480-42d8-5ae8-a135-8007ad0a1995,relation/unit/bab-3-struktur-kepang/section/struktur-kepang/covers/surface/unit-021/label/006,urn:uuid:d61d193e-237c-510c-9846-502957c48b12,covers,urn:uuid:ae39ef87-3a53-591c-ab54-d668b0bc0bb9,chapter3.tex:307-512
urn:uuid:8889a054-7db3-5e9b-9a8e-f672e4e97fea,relation/unit/bab-3-struktur-kepang/section/struktur-kepang/covers/surface/unit-021/label/007,urn:uuid:d61d193e-237c-510c-9846-502957c48b12,covers,urn:uuid:86b6154e-673d-5d8a-8a23-68ad8ba119f5,chapter3.tex:307-512
urn:uuid:c13ac587-9ec8-5994-b833-7ecda72871a8,relation/unit/bab-3-struktur-kepang/section/struktur-kepang/covers/surface/unit-021/label/008,urn:uuid:d61d193e-237c-510c-9846-502957c48b12,covers,urn:uuid:53e11dae-981e-516d-a579-11a842a9329d,chapter3.tex:307-512
urn:uuid:f805a35c-f4dd-5bc1-8174-21ec99a79106,relation/unit/bab-3-struktur-kepang/section/struktur-kepang/covers/surface/unit-021/label/009,urn:uuid:d61d193e-237c-510c-9846-502957c48b12,covers,urn:uuid:ed19f06e-a640-57df-b522-edf88938a9cd,chapter3.tex:307-512
urn:uuid:fc044d58-248d-5dea-91b0-4c67938c2066,relation/unit/bab-3-struktur-kepang/section/struktur-kepang/covers/surface/unit-021/reference/equation/002,urn:uuid:d61d193e-237c-510c-9846-502957c48b12,covers,urn:uuid:7646c3ab-883c-5fe4-bc55-4bd1f6b3e169,chapter3.tex:307-512
urn:uuid:ec94aedd-69df-5f69-83b1-01dca5f8de7e,relation/unit/bab-3-struktur-kepang/section/struktur-kepang/covers/surface/unit-021/reference/equation/003,urn:uuid:d61d193e-237c-510c-9846-502957c48b12,covers,urn:uuid:6edfa5d9-cb49-5916-ac1f-e98174d3dc73,chapter3.tex:307-512
urn:uuid:03467154-1785-569e-93b0-9bd6c9b46d58,relation/unit/bab-3-struktur-kepang/section/struktur-kepang/covers/surface/unit-021/reference/equation/010,urn:uuid:d61d193e-237c-510c-9846-502957c48b12,covers,urn:uuid:d363f4be-e51c-5ab7-8409-ce6102ea335c,chapter3.tex:307-512
urn:uuid:dad113d3-3137-5e88-a67d-6391fbdd6cc5,relation/unit/bab-3-struktur-kepang/section/struktur-kepang/covers/surface/unit-021/reference/ordinary/001,urn:uuid:d61d193e-237c-510c-9846-502957c48b12,covers,urn:uuid:8ae6bfd1-7418-5a36-a304-81de994dc5ac,chapter3.tex:307-512
urn:uuid:bf3f5a64-19db-5727-ac20-1c23dba36102,relation/unit/bab-3-struktur-kepang/section/struktur-kepang/covers/surface/unit-021/reference/ordinary/004,urn:uuid:d61d193e-237c-510c-9846-502957c48b12,covers,urn:uuid:d197afad-24c3-5ac5-b042-db7193ae60db,chapter3.tex:307-512
urn:uuid:6ff1b37c-6782-5203-a459-3056b7bee010,relation/unit/bab-3-struktur-kepang/section/struktur-kepang/covers/surface/unit-021/reference/ordinary/005,urn:uuid:d61d193e-237c-510c-9846-502957c48b12,covers,urn:uuid:7a7e46a7-177d-58bc-80e4-07d90e6c938f,chapter3.tex:307-512
urn:uuid:4dc3c6cc-22ad-5428-9de5-c66ce18ab698,relation/unit/bab-3-struktur-kepang/section/struktur-kepang/covers/surface/unit-021/reference/ordinary/006,urn:uuid:d61d193e-237c-510c-9846-502957c48b12,covers,urn:uuid:64321044-5a23-52fd-85fe-4adab4216b46,chapter3.tex:307-512
urn:uuid:b36a1240-7535-57e0-8449-21e340194d62,relation/unit/bab-3-struktur-kepang/section/struktur-kepang/covers/surface/unit-021/reference/ordinary/007,urn:uuid:d61d193e-237c-510c-9846-502957c48b12,covers,urn:uuid:347fa8b9-8ee9-5751-a63d-ab6a01bdf104,chapter3.tex:307-512
urn:uuid:1487662e-e734-5561-9389-7d07daec2b72,relation/unit/bab-3-struktur-kepang/section/struktur-kepang/covers/surface/unit-021/reference/ordinary/008,urn:uuid:d61d193e-237c-510c-9846-502957c48b12,covers,urn:uuid:bc8bee2d-8396-56e4-9888-3d55a4bbfbe2,chapter3.tex:307-512
urn:uuid:08b7857c-60d0-5a39-b0fb-52f561dfbd88,relation/unit/bab-3-struktur-kepang/section/struktur-kepang/covers/surface/unit-021/reference/ordinary/009,urn:uuid:d61d193e-237c-510c-9846-502957c48b12,covers,urn:uuid:c9d94a38-7ed0-57a7-bec9-5e7e36ace52f,chapter3.tex:307-512
urn:uuid:d9d06051-aba1-545f-88d6-ed7d42159b31,relation/unit/bab-3-struktur-kepang/section/struktur-kepang/covers/surface/unit-021/reference/ordinary/011,urn:uuid:d61d193e-237c-510c-9846-502957c48b12,covers,urn:uuid:63865f57-8469-528c-a964-506fe725946c,chapter3.tex:307-512
urn:uuid:3a0bcad9-267a-5698-8262-069c1aee4746,relation/unit/bab-3-struktur-kepang/section/struktur-kepang/covers/surface/unit-021/reference/ordinary/012,urn:uuid:d61d193e-237c-510c-9846-502957c48b12,covers,urn:uuid:67e7b89c-a0af-5491-b9d1-ff373ae3c576,chapter3.tex:307-512
urn:uuid:7e9c0634-6865-5cb6-b0e1-8e27d070af13,relation/unit/bab-3-struktur-kepang/section/struktur-kepang/covers/surface/unit-021/reference/ordinary/013,urn:uuid:d61d193e-237c-510c-9846-502957c48b12,covers,urn:uuid:acecce65-638a-5fd2-8e66-732fc24ee713,chapter3.tex:307-512
urn:uuid:094a2f0c-898e-5f57-8ba5-adc53f93fda1,relation/unit/bab-3-struktur-kepang/section/struktur-kepang/covers/surface/unit-021/terminology-row/001,urn:uuid:d61d193e-237c-510c-9846-502957c48b12,covers,urn:uuid:d242da9f-bf2c-5c92-b466-139f8ceaf68c,chapter3.tex:307-512
urn:uuid:ad5f0b84-4e07-577b-b711-6237235bb4a9,relation/unit/bab-3-struktur-kepang/section/struktur-kepang/covers/surface/unit-021/terminology-row/002,urn:uuid:d61d193e-237c-510c-9846-502957c48b12,covers,urn:uuid:892ca570-36c9-5620-aa55-b2992e9b1518,chapter3.tex:307-512
urn:uuid:325f0bfa-1744-50a2-badc-0f77537e92a1,relation/unit/bab-3-struktur-kepang/section/struktur-kepang/covers/surface/unit-021/terminology-row/003,urn:uuid:d61d193e-237c-510c-9846-502957c48b12,covers,urn:uuid:85108497-beb8-5c37-b27f-4a92a01831e3,chapter3.tex:307-512
urn:uuid:c4f52bd7-3fe5-57d7-a330-d594258b24b7,relation/unit/bab-3-struktur-kepang/section/struktur-kepang/covers/surface/unit-021/terminology-row/004,urn:uuid:d61d193e-237c-510c-9846-502957c48b12,covers,urn:uuid:0fb4b62c-5f74-51cc-b749-a55de606aa6e,chapter3.tex:307-512
urn:uuid:33308e81-d749-5f24-bbbf-780de6fe4b05,relation/unit/bab-3-struktur-kepang/section/struktur-kepang/covers/surface/unit-021/terminology-row/005,urn:uuid:d61d193e-237c-510c-9846-502957c48b12,covers,urn:uuid:b2ed2721-3eca-534d-a399-99749ff6f7d3,chapter3.tex:307-512
urn:uuid:01d2b2aa-f32d-53a9-83b9-1b69f11ab217,relation/unit/bab-3-struktur-kepang/section/struktur-kepang/covers/surface/unit-021/terminology-row/006,urn:uuid:d61d193e-237c-510c-9846-502957c48b12,covers,urn:uuid:5be7441c-198e-5af5-a784-e839478d562e,chapter3.tex:307-512
urn:uuid:fa8bdbbe-cb08-5f49-8414-b7316a30eab0,relation/unit/bab-3-struktur-kepang/section/struktur-kepang/covers/surface/unit-021/terminology-row/007,urn:uuid:d61d193e-237c-510c-9846-502957c48b12,covers,urn:uuid:040d664d-6f59-5214-a37d-e872b6e9ff55,chapter3.tex:307-512
urn:uuid:a0a1815c-cb52-53f3-926a-c7f5a83b94aa,relation/unit/bab-3-struktur-kepang/section/struktur-kepang/covers/surface/unit-021/terminology-row/008,urn:uuid:d61d193e-237c-510c-9846-502957c48b12,covers,urn:uuid:166510db-d3ac-5292-980b-27b5cfd4ca01,chapter3.tex:307-512
urn:uuid:92469360-4786-58cc-87f3-2e302c4af9b6,relation/unit/bab-3-struktur-kepang/section/struktur-kepang/covers/surface/unit-021/terminology-row/009,urn:uuid:d61d193e-237c-510c-9846-502957c48b12,covers,urn:uuid:699c4862-2d1f-553d-acfc-365371f8e1f0,chapter3.tex:307-512
urn:uuid:56e09243-c3b5-5d1b-bfc6-c723f7b28a36,relation/unit/bab-3-struktur-kepang/section/struktur-kepang/governed-by/rights/principal-cc-by-4.0,urn:uuid:d61d193e-237c-510c-9846-502957c48b12,governed-by,urn:uuid:0baf6c47-021d-5310-9475-81519e710250,
urn:uuid:ebf43702-f549-51b7-99e0-e2a393d36de8,relation/unit/bab-3-struktur-kepang/section/struktur-kepang/includes-diagram/diagram/unit-021/tikzcd-01,urn:uuid:d61d193e-237c-510c-9846-502957c48b12,includes-diagram,urn:uuid:63f46d94-e0e0-5f28-8928-650418ecd837,chapter3.tex:314-318
urn:uuid:dd5f7bdf-25e5-5372-864a-ca4c4793f6bf,relation/unit/bab-3-struktur-kepang/section/struktur-kepang/includes-diagram/diagram/unit-021/tikzcd-02,urn:uuid:d61d193e-237c-510c-9846-502957c48b12,includes-diagram,urn:uuid:b2cb0215-0f72-50a7-880c-ad1f0e7a7c57,chapter3.tex:319-323
urn:uuid:8a8a12ba-bb45-57f8-83e4-0eefd444c74e,relation/unit/bab-3-struktur-kepang/section/struktur-kepang/includes-diagram/diagram/unit-021/tikzcd-03,urn:uuid:d61d193e-237c-510c-9846-502957c48b12,includes-diagram,urn:uuid:4b388e01-a28c-5bad-8ea2-96c1226eb348,chapter3.tex:325-328
urn:uuid:e9b7724a-183f-565b-a908-50a11f5a66c9,relation/unit/bab-3-struktur-kepang/section/struktur-kepang/includes-diagram/diagram/unit-021/tikzcd-04,urn:uuid:d61d193e-237c-510c-9846-502957c48b12,includes-diagram,urn:uuid:a4f5fa6b-793f-5498-b3d0-cab7b8234714,chapter3.tex:328-331
urn:uuid:f3d4cf52-598e-5edf-8290-27481a629a56,relation/unit/bab-3-struktur-kepang/section/struktur-kepang/includes-diagram/diagram/unit-021/tikzcd-05,urn:uuid:d61d193e-237c-510c-9846-502957c48b12,includes-diagram,urn:uuid:fd9d6e6e-ed95-5add-9900-b9394f306a2d,chapter3.tex:346-349
urn:uuid:beaeaf11-f77b-528b-8cfa-92f6a343daa0,relation/unit/bab-3-struktur-kepang/section/struktur-kepang/includes-diagram/diagram/unit-021/tikzcd-06,urn:uuid:d61d193e-237c-510c-9846-502957c48b12,includes-diagram,urn:uuid:eb759465-32de-548f-a83c-dd317229da4f,chapter3.tex:485-488
urn:uuid:8afade24-d229-5ade-86a2-a2a51b452102,relation/unit/bab-3-struktur-kepang/section/struktur-kepang/includes-diagram/diagram/unit-021/tikzpicture-01,urn:uuid:d61d193e-237c-510c-9846-502957c48b12,includes-diagram,urn:uuid:f1c0ecb1-f406-596c-80f7-6ab1a8e29ad6,chapter3.tex:367-387
urn:uuid:90fe4950-d2e7-5f9f-8df2-b6c4c9fb88b8,relation/unit/bab-3-struktur-kepang/section/struktur-kepang/includes-diagram/diagram/unit-021/tikzpicture-02,urn:uuid:d61d193e-237c-510c-9846-502957c48b12,includes-diagram,urn:uuid:fd4a26da-142d-583e-b361-19a08449978b,chapter3.tex:409-417
urn:uuid:152a6aab-588f-5f38-a406-ba53fca46ca8,relation/unit/bab-3-struktur-kepang/section/struktur-kepang/includes-diagram/diagram/unit-021/tikzpicture-03,urn:uuid:d61d193e-237c-510c-9846-502957c48b12,includes-diagram,urn:uuid:314b013e-0818-529d-9a89-5d19fe5628c1,chapter3.tex:417-422
urn:uuid:5f44e5c1-bf88-5e55-85ae-b74437eb8e5a,relation/unit/bab-3-struktur-kepang/section/struktur-kepang/includes-diagram/diagram/unit-021/tikzpicture-04,urn:uuid:d61d193e-237c-510c-9846-502957c48b12,includes-diagram,urn:uuid:df683b4e-9730-5950-9326-e9c0df92f332,chapter3.tex:427-433
urn:uuid:591593ba-d907-5c80-867a-cc147207f587,relation/unit/bab-3-struktur-kepang/section/struktur-kepang/includes-diagram/diagram/unit-021/tikzpicture-05,urn:uuid:d61d193e-237c-510c-9846-502957c48b12,includes-diagram,urn:uuid:5a938367-d119-5732-b8e4-8e25862f1bc5,chapter3.tex:439-445
urn:uuid:155b08da-187d-5fa6-acbb-03d657d683ac,relation/unit/bab-3-struktur-kepang/section/struktur-kepang/includes-diagram/diagram/unit-021/tikzpicture-06,urn:uuid:d61d193e-237c-510c-9846-502957c48b12,includes-diagram,urn:uuid:de70c1d0-5da1-550a-b8c0-019db55ea131,chapter3.tex:449-449
urn:uuid:ab9ee9cd-31cc-5495-8fb6-35f9ef97a578,relation/unit/bab-3-struktur-kepang/section/struktur-kepang/includes-diagram/diagram/unit-021/tikzpicture-07,urn:uuid:d61d193e-237c-510c-9846-502957c48b12,includes-diagram,urn:uuid:03eb9f51-445f-57ec-a5d7-b3e0675b0436,chapter3.tex:451-451
urn:uuid:69f2fe88-e99d-5aba-8e88-087ba423ff58,relation/unit/bab-3-struktur-kepang/section/struktur-kepang/includes-diagram/diagram/unit-021/tikzpicture-08,urn:uuid:d61d193e-237c-510c-9846-502957c48b12,includes-diagram,urn:uuid:d4e5a4e0-69da-519a-8b4f-ad097c6ad874,chapter3.tex:453-459
urn:uuid:d1212764-e520-5cb4-b44b-c45241db3696,relation/unit/bab-3-struktur-kepang/section/struktur-kepang/includes-diagram/diagram/unit-021/tikzpicture-09,urn:uuid:d61d193e-237c-510c-9846-502957c48b12,includes-diagram,urn:uuid:077b50f5-7662-57cc-b23a-ec18be814d72,chapter3.tex:460-460
urn:uuid:6b725650-60b1-5f9d-9b70-ff3a3a9619e0,relation/unit/bab-3-struktur-kepang/section/struktur-kepang/includes-diagram/diagram/unit-021/tikzpicture-10,urn:uuid:d61d193e-237c-510c-9846-502957c48b12,includes-diagram,urn:uuid:28bc217e-c0c5-5e38-9b97-176f3198da6a,chapter3.tex:460-460
urn:uuid:a5a9127f-efd6-5bda-8895-f3f184911b40,relation/unit/bab-3-struktur-kepang/section/struktur-kepang/includes-diagram/diagram/unit-021/tikzpicture-11,urn:uuid:d61d193e-237c-510c-9846-502957c48b12,includes-diagram,urn:uuid:3a59c012-ae30-509e-8131-88afce3fafda,chapter3.tex:461-465
urn:uuid:7eaf4f0b-316f-5bd5-af1d-26dbcbd08307,relation/unit/bab-3-struktur-kepang/section/struktur-kepang/includes-diagram/diagram/unit-021/tikzpicture-12,urn:uuid:d61d193e-237c-510c-9846-502957c48b12,includes-diagram,urn:uuid:fc5d0cd8-7aa4-5217-9f5e-40eee9ea8d52,chapter3.tex:467-471
urn:uuid:d36658d9-e775-5c95-8d0c-123c537bae81,relation/unit/bab-3-struktur-kepang/section/struktur-kepang/includes-diagram/diagram/unit-021/tikzpicture-13,urn:uuid:d61d193e-237c-510c-9846-502957c48b12,includes-diagram,urn:uuid:c98175a9-025f-521c-87f5-7e6d5664cba2,chapter3.tex:475-477
urn:uuid:92c3e680-dbb5-5625-9c61-26b53dfc909a,relation/unit/bab-3-struktur-kepang/section/struktur-kepang/includes-diagram/diagram/unit-021/tikzpicture-14,urn:uuid:d61d193e-237c-510c-9846-502957c48b12,includes-diagram,urn:uuid:ca15f691-5ad3-5159-9bbf-a275e99049b6,chapter3.tex:479-481
urn:uuid:dd1e798a-e2f6-5c34-a348-66f20842472e,relation/unit/bab-3-struktur-kepang/section/struktur-kepang/includes-diagram/diagram/unit-021/tikzpicture-15,urn:uuid:d61d193e-237c-510c-9846-502957c48b12,includes-diagram,urn:uuid:9cc57235-c373-52c5-9016-24f2642fa4eb,chapter3.tex:489-500
urn:uuid:3cc5cee2-d854-5883-8ba7-4ca528e53cca,relation/unit/bab-3-struktur-kepang/section/struktur-kepang/includes-diagram/diagram/unit-021/tikzpicture-16,urn:uuid:d61d193e-237c-510c-9846-502957c48b12,includes-diagram,urn:uuid:08b432c0-956e-5749-8a0f-2332be47b470,chapter3.tex:502-504
urn:uuid:e65e0f54-c7c1-5cce-b00a-edb6ca8ac6a4,relation/unit/bab-3-struktur-kepang/section/struktur-kepang/includes-diagram/diagram/unit-021/tikzpicture-17,urn:uuid:d61d193e-237c-510c-9846-502957c48b12,includes-diagram,urn:uuid:bf314aa4-d8f7-5b4f-9c31-4768546a59b9,chapter3.tex:505-507
urn:uuid:06b08adf-7ed3-5a9c-a45b-ed4c9872ddb6,relation/unit/bab-3-struktur-kepang/section/struktur-kepang/indexes/index-entry/unit-021/braid-category-symbol,urn:uuid:d61d193e-237c-510c-9846-502957c48b12,indexes,urn:uuid:7e4fc744-0a78-5f89-b28a-e64cb4d9b32a,chapter3.tex:403
urn:uuid:1bd6bf61-65d6-5bbe-af64-147235a10295,relation/unit/bab-3-struktur-kepang/section/struktur-kepang/indexes/index-entry/unit-021/braid-group,urn:uuid:d61d193e-237c-510c-9846-502957c48b12,indexes,urn:uuid:492abae7-5de4-5fea-a6b4-d229a85a94a2,chapter3.tex:436
urn:uuid:f31e3c39-a310-56ec-83b9-4054ebd93682,relation/unit/bab-3-struktur-kepang/section/struktur-kepang/indexes/index-entry/unit-021/braid-group-symbol,urn:uuid:d61d193e-237c-510c-9846-502957c48b12,indexes,urn:uuid:e9f4aa7e-9acb-568d-ba1b-c5bb87bbb6f9,chapter3.tex:436
urn:uuid:cab87d10-481c-58da-aeaa-e7fc03cc5e1f,relation/unit/bab-3-struktur-kepang/section/struktur-kepang/indexes/index-entry/unit-021/braided-monoidal-functor,urn:uuid:d61d193e-237c-510c-9846-502957c48b12,indexes,urn:uuid:2499f819-66f3-5352-ba77-fec44691165b,chapter3.tex:344
urn:uuid:75bcb45f-3cd8-5ca2-895f-3912ef56ba23,relation/unit/bab-3-struktur-kepang/section/struktur-kepang/indexes/index-entry/unit-021/braiding,urn:uuid:d61d193e-237c-510c-9846-502957c48b12,indexes,urn:uuid:a756fec8-b1b6-5259-a004-31e087e8c185,chapter3.tex:310
urn:uuid:ba91b8b1-1ea9-5deb-b0fc-9a841dfcf5e2,relation/unit/bab-3-struktur-kepang/section/struktur-kepang/indexes/index-entry/unit-021/hexagon-axiom,urn:uuid:d61d193e-237c-510c-9846-502957c48b12,indexes,urn:uuid:b897f8ae-830b-5a09-9245-04e208a6cb60,chapter3.tex:310
urn:uuid:86c4aff7-fb15-5d88-9b6e-9ec8abead44b,relation/unit/bab-3-struktur-kepang/section/struktur-kepang/indexes/index-entry/unit-021/symmetric-monoidal-category,urn:uuid:d61d193e-237c-510c-9846-502957c48b12,indexes,urn:uuid:761f4afb-af11-5a8c-9ffa-cc9ed2f02f6a,chapter3.tex:352
urn:uuid:a4d71da2-382e-5aa8-b22f-3ce611c36a8c,relation/unit/bab-3-struktur-kepang/section/struktur-kepang/indexes/index-entry/unit-021/yang-baxter-equation,urn:uuid:d61d193e-237c-510c-9846-502957c48b12,indexes,urn:uuid:8b1b87a4-ad8d-50ad-856a-c7d0ee8a4105,chapter3.tex:365
urn:uuid:120a4945-03e1-5a2c-828d-6b318dcce3c9,relation/unit/bab-3-struktur-kepang/section/struktur-kepang/requires/prerequisite/categories-and-morphisms,urn:uuid:d61d193e-237c-510c-9846-502957c48b12,requires,urn:uuid:dd69ccfd-7399-53a2-83fe-84127b1baf1d,chapter3.tex:307-512
urn:uuid:f4791cb0-eaeb-560e-990b-51fd64b516cd,relation/unit/bab-3-struktur-kepang/section/struktur-kepang/requires/prerequisite/functor-categories,urn:uuid:d61d193e-237c-510c-9846-502957c48b12,requires,urn:uuid:e3c2ed29-b6a0-5f8d-9613-6f2b41d962c8,chapter3.tex:307-512
urn:uuid:1f5cdd74-c753-5c85-afd5-cf81e7646a94,relation/unit/bab-3-struktur-kepang/section/struktur-kepang/requires/prerequisite/functors-and-natural-transformations,urn:uuid:d61d193e-237c-510c-9846-502957c48b12,requires,urn:uuid:3e864ace-90f6-56b3-8ce5-2e0690dbc9f8,chapter3.tex:307-512
urn:uuid:13fccd96-69b1-5807-893c-e832672233a0,relation/unit/bab-3-struktur-kepang/section/struktur-kepang/requires/prerequisite/permutations-and-symmetric-groups,urn:uuid:d61d193e-237c-510c-9846-502957c48b12,requires,urn:uuid:ee7d907b-05bc-5def-81d5-7fcd351829b8,chapter3.tex:307-512
urn:uuid:863f8b53-3daa-5797-affd-10f58b32702b,relation/unit/bab-3-struktur-kepang/section/struktur-kepang/requires/prerequisite/point-set-topology,urn:uuid:d61d193e-237c-510c-9846-502957c48b12,requires,urn:uuid:6a61cd7e-28fe-5c64-9573-cf9ab46e5e96,chapter3.tex:307-512
