relation_id,relation_key,source_id,predicate,target_id,evidence
urn:uuid:c8574082-b249-59f9-a4cb-7fd9d334542f,relation/build-surface/unit-027-pdf/governed-by/rights/ajbook-fragment-cc-by-sa-3.0,urn:uuid:b4d19b72-447b-5914-a1e9-8aab293308f2,governed-by,urn:uuid:10faf5cd-990f-5850-87b4-26922b062485,
urn:uuid:f9f1aaad-ea72-5b8c-8058-2c3aebc9955e,relation/build-surface/unit-027-pdf/governed-by/rights/noto-fonts-ofl-1.1,urn:uuid:b4d19b72-447b-5914-a1e9-8aab293308f2,governed-by,urn:uuid:b9f7a7a7-8e18-507a-b72e-b5de733a7430,
urn:uuid:27fa9993-5a98-577d-9223-75b43b89818e,relation/build-surface/unit-027-pdf/governed-by/rights/principal-cc-by-4.0,urn:uuid:b4d19b72-447b-5914-a1e9-8aab293308f2,governed-by,urn:uuid:0baf6c47-021d-5310-9475-81519e710250,
urn:uuid:53d067a9-5de9-5fda-80de-fadd94073da9,relation/course/o013/requires/prerequisite/basic-mathematical-literacy,urn:uuid:a5f3ad58-ce3c-5f5f-b581-1f842ae79192,requires,urn:uuid:8fb6c957-7285-5258-978c-e1369c7e39d7,prelude.tex:49-60
urn:uuid:6af4c728-a07b-5571-a30d-9ee62c1a5a6e,relation/course/o013/requires/prerequisite/cauchy-sequences-and-completeness,urn:uuid:a5f3ad58-ce3c-5f5f-b581-1f842ae79192,requires,urn:uuid:b9018862-5027-50f5-9947-a9a9526cc91f,prelude.tex:49-60
urn:uuid:cdc5bef1-ed82-58de-9b13-95ec2357d9af,relation/course/o013/requires/prerequisite/elementary-number-theory,urn:uuid:a5f3ad58-ce3c-5f5f-b581-1f842ae79192,requires,urn:uuid:cae14762-1ca0-5a11-aad9-20c81d540fee,prelude.tex:49-60
urn:uuid:de5cce3e-de42-54c1-898b-fcd09a991c8d,relation/course/o013/requires/prerequisite/elementary-set-theory,urn:uuid:a5f3ad58-ce3c-5f5f-b581-1f842ae79192,requires,urn:uuid:00f7d0ea-1b60-51da-843f-cca760a368e4,prelude.tex:49-60
urn:uuid:922e2514-3fa4-5b3d-86e1-836505ce7783,relation/course/o013/requires/prerequisite/linear-transformations,urn:uuid:a5f3ad58-ce3c-5f5f-b581-1f842ae79192,requires,urn:uuid:9ef76bd8-39cf-5b09-8c2d-2d8c95f91aec,prelude.tex:49-60
urn:uuid:74ce1984-1114-53f2-a033-f2e9c028f4ee,relation/course/o013/requires/prerequisite/mathematical-logic,urn:uuid:a5f3ad58-ce3c-5f5f-b581-1f842ae79192,requires,urn:uuid:451f60c6-04ab-54a7-9d74-9dee65d088b7,prelude.tex:49-60
urn:uuid:18ee0c4f-7e83-55ce-b990-c9ff64548532,relation/course/o013/requires/prerequisite/matrices,urn:uuid:a5f3ad58-ce3c-5f5f-b581-1f842ae79192,requires,urn:uuid:d4260077-2f56-5951-8fe1-2dc390f81288,prelude.tex:49-60
urn:uuid:fe264b2f-dbe8-5589-8cb1-d75a56744c5a,relation/course/o013/requires/prerequisite/permutations-and-symmetric-groups,urn:uuid:a5f3ad58-ce3c-5f5f-b581-1f842ae79192,requires,urn:uuid:ee7d907b-05bc-5def-81d5-7fcd351829b8,prelude.tex:49-60
urn:uuid:b09b00b5-df77-5d64-94da-753d1b21fef4,relation/course/o013/requires/prerequisite/point-set-topology,urn:uuid:a5f3ad58-ce3c-5f5f-b581-1f842ae79192,requires,urn:uuid:6a61cd7e-28fe-5c64-9573-cf9ab46e5e96,prelude.tex:49-60
urn:uuid:ed32b23d-1271-5fa2-948f-562f6f29a2c2,relation/course/o013/requires/prerequisite/polynomials,urn:uuid:a5f3ad58-ce3c-5f5f-b581-1f842ae79192,requires,urn:uuid:15245348-aca2-5814-9ca8-0fce14044e14,prelude.tex:49-60
urn:uuid:59f7a53e-63b6-5f7d-a2ba-9f942e60d2cf,relation/course/o013/requires/prerequisite/real-analysis-basics,urn:uuid:a5f3ad58-ce3c-5f5f-b581-1f842ae79192,requires,urn:uuid:4eedb52d-6e0a-5379-b39c-5043b067c49f,prelude.tex:49-60
urn:uuid:f4f655a5-427a-5113-b6d6-fff3511fadfd,relation/course/o013/requires/prerequisite/vector-spaces,urn:uuid:a5f3ad58-ce3c-5f5f-b581-1f842ae79192,requires,urn:uuid:dfd6d864-afe6-5d0e-90f7-c130241cf396,prelude.tex:49-60
urn:uuid:671c70bd-307b-5cb8-a6cc-698df22eb60a,relation/course/o013/uses-resource/resource/wenweili/aljabr-1,urn:uuid:a5f3ad58-ce3c-5f5f-b581-1f842ae79192,uses-resource,urn:uuid:a72e8c67-4b46-5049-b626-479af39b5397,
urn:uuid:3c63c3d3-8baa-5255-958d-6ab65254139b,relation/diagram/unit-027/tikzcd-01/governed-by/rights/principal-cc-by-4.0,urn:uuid:d94adade-ec53-5b5a-b34c-97046a3eff2f,governed-by,urn:uuid:0baf6c47-021d-5310-9475-81519e710250,
urn:uuid:46bd42f1-e81c-511a-815a-481522f4d9d8,relation/diagram/unit-027/tikzcd-02/governed-by/rights/principal-cc-by-4.0,urn:uuid:72ea2145-badc-56b5-97a1-47aadb4f492c,governed-by,urn:uuid:0baf6c47-021d-5310-9475-81519e710250,
urn:uuid:49ab6ec8-9a0b-580a-b710-5b878a3efb32,relation/diagram/unit-027/tikzcd-03/governed-by/rights/principal-cc-by-4.0,urn:uuid:6b5bd936-dd5b-5ca6-baa5-e551e8e762cf,governed-by,urn:uuid:0baf6c47-021d-5310-9475-81519e710250,
urn:uuid:a909c963-59c9-5ab8-babf-f4b6b3da5004,relation/diagram/unit-027/tikzcd-04/governed-by/rights/principal-cc-by-4.0,urn:uuid:14428091-8be8-5363-b132-f13387cdd23f,governed-by,urn:uuid:0baf6c47-021d-5310-9475-81519e710250,
urn:uuid:46678fc9-40fe-5119-9d46-13aa54a56e00,relation/diagram/unit-027/tikzpicture-01/governed-by/rights/principal-cc-by-4.0,urn:uuid:436c4484-8bb8-5c60-b73d-18142525475b,governed-by,urn:uuid:0baf6c47-021d-5310-9475-81519e710250,
urn:uuid:8d7feb5e-d585-556b-9101-a1ef3c5e9d1e,relation/diagram/unit-027/tikzpicture-02/governed-by/rights/principal-cc-by-4.0,urn:uuid:5ddeacd6-dda6-536c-943f-0dcda01d0a5e,governed-by,urn:uuid:0baf6c47-021d-5310-9475-81519e710250,
urn:uuid:b152f2b8-6f88-5587-844d-8faac2d06efe,relation/diagram/unit-027/tikzpicture-03/governed-by/rights/principal-cc-by-4.0,urn:uuid:185eb161-20ca-538c-a06e-cccb92d9c088,governed-by,urn:uuid:0baf6c47-021d-5310-9475-81519e710250,
urn:uuid:a3f4038c-1e28-566c-bcb9-28c30793cf4b,relation/edition/wenweili/aljabr-1/c4f7a01f68f5f407906b4b970640cddbbad85f6b/contains/unit/bab-4-produk-langsung-semilangsung-dan-ekstensi-grup,urn:uuid:df2d23de-7370-5da5-ad49-42fb7c718c49,contains,urn:uuid:2b69f346-9971-564b-a6c8-73846c9881ec,chapter4.tex:365-517; substantive record map 365-516
urn:uuid:f43da1b4-0053-5379-9911-864a80e9df27,relation/program/open-mathematics-curriculum/2026/contains/course/o013,urn:uuid:9d8d0610-2560-5376-8679-5a9418407a78,contains,urn:uuid:a5f3ad58-ce3c-5f5f-b581-1f842ae79192,
urn:uuid:03dde2e7-13e9-5147-9aac-4160466fd402,relation/resource/wenweili/aljabr-1/has-edition/edition/wenweili/aljabr-1/c4f7a01f68f5f407906b4b970640cddbbad85f6b,urn:uuid:a72e8c67-4b46-5049-b626-479af39b5397,has-edition,urn:uuid:df2d23de-7370-5da5-ad49-42fb7c718c49,
urn:uuid:540bb2aa-d2aa-524d-b691-0a1bd34da3a1,relation/unit/bab-4-produk-langsung-semilangsung-dan-ekstensi-grup/built-by/build-surface/unit-027-pdf,urn:uuid:2b69f346-9971-564b-a6c8-73846c9881ec,built-by,urn:uuid:b4d19b72-447b-5914-a1e9-8aab293308f2,
urn:uuid:ca57ce1a-5308-5e33-b100-6b643145cc5e,relation/unit/bab-4-produk-langsung-semilangsung-dan-ekstensi-grup/checked-by/qa/unit-027/admission-gate,urn:uuid:2b69f346-9971-564b-a6c8-73846c9881ec,checked-by,urn:uuid:68222967-ffd8-58f1-87d0-2bef485187ac,
urn:uuid:d19775b4-7150-529a-9a3f-31eaa5e3a2e8,relation/unit/bab-4-produk-langsung-semilangsung-dan-ekstensi-grup/checked-by/qa/unit-027/all-page-visual-review,urn:uuid:2b69f346-9971-564b-a6c8-73846c9881ec,checked-by,urn:uuid:376d5e5e-1028-5b56-bfc7-492e9841a75f,
urn:uuid:2d622d19-abf5-5d47-8fe7-663ddcd58558,relation/unit/bab-4-produk-langsung-semilangsung-dan-ekstensi-grup/checked-by/qa/unit-027/build-log,urn:uuid:2b69f346-9971-564b-a6c8-73846c9881ec,checked-by,urn:uuid:a8803897-be59-5eaf-864c-77e22ba2cfa2,
urn:uuid:1d361983-0171-5fa9-ad49-e533959debb7,relation/unit/bab-4-produk-langsung-semilangsung-dan-ekstensi-grup/checked-by/qa/unit-027/candidate-artifact,urn:uuid:2b69f346-9971-564b-a6c8-73846c9881ec,checked-by,urn:uuid:6dada521-972e-5212-be32-346075deaac7,
urn:uuid:72b1a0fd-20d1-57b2-b836-0d3899683904,relation/unit/bab-4-produk-langsung-semilangsung-dan-ekstensi-grup/checked-by/qa/unit-027/candidate-check,urn:uuid:2b69f346-9971-564b-a6c8-73846c9881ec,checked-by,urn:uuid:5c39ad95-fc95-5c71-a811-d552a873151b,
urn:uuid:dac8baf5-396d-5fb6-b3e2-328db4ffa4b3,relation/unit/bab-4-produk-langsung-semilangsung-dan-ekstensi-grup/checked-by/qa/unit-027/canonical-integration,urn:uuid:2b69f346-9971-564b-a6c8-73846c9881ec,checked-by,urn:uuid:fdf837d1-0fdc-5650-ad2c-4ea00f0a21bf,
urn:uuid:204fab07-5bf0-5a14-a877-a7c0c0bc9cd9,relation/unit/bab-4-produk-langsung-semilangsung-dan-ekstensi-grup/checked-by/qa/unit-027/prepromotion-evidence,urn:uuid:2b69f346-9971-564b-a6c8-73846c9881ec,checked-by,urn:uuid:218a6113-b4af-523b-8fb8-13b8c3d3351e,
urn:uuid:01c40b1a-05a8-5134-9a3b-a43074fa34fd,relation/unit/bab-4-produk-langsung-semilangsung-dan-ekstensi-grup/checked-by/qa/unit-027/render-hash-inventory,urn:uuid:2b69f346-9971-564b-a6c8-73846c9881ec,checked-by,urn:uuid:fb4b2dc5-f505-52e8-b8e3-70a1511804e4,
urn:uuid:1870a08c-795e-5893-bdb1-9c162f38fd37,relation/unit/bab-4-produk-langsung-semilangsung-dan-ekstensi-grup/checked-by/qa/unit-027/source-corrections,urn:uuid:2b69f346-9971-564b-a6c8-73846c9881ec,checked-by,urn:uuid:b3ac31f7-6fd8-5ea1-b705-9ab9ce59a555,
urn:uuid:28366840-a7ff-5833-8858-d1fdb6611dbb,relation/unit/bab-4-produk-langsung-semilangsung-dan-ekstensi-grup/checked-by/qa/unit-027/source-review,urn:uuid:2b69f346-9971-564b-a6c8-73846c9881ec,checked-by,urn:uuid:5dc22383-db0b-55f9-958a-8cb68543d86c,
urn:uuid:a0c26fb5-192c-565d-a7c2-718385a04e65,relation/unit/bab-4-produk-langsung-semilangsung-dan-ekstensi-grup/checked-by/qa/unit-027/structure-and-pdf-qa,urn:uuid:2b69f346-9971-564b-a6c8-73846c9881ec,checked-by,urn:uuid:b87a5e88-23c2-5712-b226-d09fd980c2ed,
urn:uuid:a7d88108-53c1-5b66-9f35-4c41d89efeb0,relation/unit/bab-4-produk-langsung-semilangsung-dan-ekstensi-grup/checked-by/qa/unit-027/terminology-control,urn:uuid:2b69f346-9971-564b-a6c8-73846c9881ec,checked-by,urn:uuid:bba3dec7-a367-52e0-8e67-d4ec2e6beb14,
urn:uuid:f251f32c-6e28-50e0-a44e-90a0ca3933d0,relation/unit/bab-4-produk-langsung-semilangsung-dan-ekstensi-grup/checked-by/qa/unit-027/terminology-delta,urn:uuid:2b69f346-9971-564b-a6c8-73846c9881ec,checked-by,urn:uuid:169c7324-33d1-5185-9703-d0c72c1204fb,
urn:uuid:0661f2fb-3140-5954-8551-047de7ba6202,relation/unit/bab-4-produk-langsung-semilangsung-dan-ekstensi-grup/checked-by/qa/unit-027/terminology-evidence,urn:uuid:2b69f346-9971-564b-a6c8-73846c9881ec,checked-by,urn:uuid:d2040161-3501-5aaa-9d4c-dda738b4d023,
urn:uuid:56548977-bc5c-5f90-b18b-312b1ebf4e3e,relation/unit/bab-4-produk-langsung-semilangsung-dan-ekstensi-grup/checked-by/qa/unit-027/translation-precision,urn:uuid:2b69f346-9971-564b-a6c8-73846c9881ec,checked-by,urn:uuid:914e2ba2-b572-59f9-a368-6a2dc245d8d2,
urn:uuid:3b7098fd-7afe-5bf4-a7bc-26f30cc78e0e,relation/unit/bab-4-produk-langsung-semilangsung-dan-ekstensi-grup/checked-by/qa/unit-027/visual-preflight,urn:uuid:2b69f346-9971-564b-a6c8-73846c9881ec,checked-by,urn:uuid:428b9af9-2be5-5ec6-a194-85c9cdb58f12,
urn:uuid:61f814ab-c839-5b9f-9001-be287974286c,relation/unit/bab-4-produk-langsung-semilangsung-dan-ekstensi-grup/contains/unit/bab-4-produk-langsung-semilangsung-dan-ekstensi-grup/section/01,urn:uuid:2b69f346-9971-564b-a6c8-73846c9881ec,contains,urn:uuid:d026f544-ce73-5345-8389-f0acd616a4b0,chapter4.tex:365-517 (line 517 blank boundary omitted from target mapping)
urn:uuid:1828a095-6bc6-5409-a2a4-9f69d813b7d4,relation/unit/bab-4-produk-langsung-semilangsung-dan-ekstensi-grup/covers/concept/conjugation-action,urn:uuid:2b69f346-9971-564b-a6c8-73846c9881ec,covers,urn:uuid:058da867-3647-5fd5-bbae-123e81c584cc,
urn:uuid:3858454d-df07-5a9f-a0ea-c7079cdc6239,relation/unit/bab-4-produk-langsung-semilangsung-dan-ekstensi-grup/covers/concept/dihedral-group,urn:uuid:2b69f346-9971-564b-a6c8-73846c9881ec,covers,urn:uuid:468ec75b-bb5b-53bd-9625-ed823297f398,
urn:uuid:c9c40fd6-0407-5d51-bf40-4289e0bf0288,relation/unit/bab-4-produk-langsung-semilangsung-dan-ekstensi-grup/covers/concept/direct-product,urn:uuid:2b69f346-9971-564b-a6c8-73846c9881ec,covers,urn:uuid:196a3e35-1456-541a-96ae-a71d908aaf29,
urn:uuid:25fa023f-1e2f-55ec-8b99-21ef955776cc,relation/unit/bab-4-produk-langsung-semilangsung-dan-ekstensi-grup/covers/concept/equivalence-of-group-extensions,urn:uuid:2b69f346-9971-564b-a6c8-73846c9881ec,covers,urn:uuid:013b5fcc-1fb5-5690-ba0f-c114ba2c6f79,
urn:uuid:a541dda9-99d7-5363-a5b3-808494613bf6,relation/unit/bab-4-produk-langsung-semilangsung-dan-ekstensi-grup/covers/concept/exact-sequence,urn:uuid:2b69f346-9971-564b-a6c8-73846c9881ec,covers,urn:uuid:7ee42fc7-ac37-5460-87e0-155a4b3fa36f,
urn:uuid:c63f4af7-a880-5733-9ea5-6051d594ce3e,relation/unit/bab-4-produk-langsung-semilangsung-dan-ekstensi-grup/covers/concept/exactness-image-kernel,urn:uuid:2b69f346-9971-564b-a6c8-73846c9881ec,covers,urn:uuid:46e1e423-3b73-57ed-a13b-3506595218a2,
urn:uuid:ba739d88-3d88-5256-9134-38fb878d89ae,relation/unit/bab-4-produk-langsung-semilangsung-dan-ekstensi-grup/covers/concept/group-extension,urn:uuid:2b69f346-9971-564b-a6c8-73846c9881ec,covers,urn:uuid:bd793b3d-b810-5ff5-b407-7058d4144df5,
urn:uuid:c151cbc6-b2a4-5415-beaf-ec607d5c9c6b,relation/unit/bab-4-produk-langsung-semilangsung-dan-ekstensi-grup/covers/concept/internal-direct-product,urn:uuid:2b69f346-9971-564b-a6c8-73846c9881ec,covers,urn:uuid:ad502780-bd4e-5c7e-8591-5bd59d7e1bc4,
urn:uuid:7e79a799-08a4-5042-8b04-997c64f19652,relation/unit/bab-4-produk-langsung-semilangsung-dan-ekstensi-grup/covers/concept/internal-semidirect-product-decomposition,urn:uuid:2b69f346-9971-564b-a6c8-73846c9881ec,covers,urn:uuid:7cf6b082-7f55-560d-b6b3-9237f53c2355,
urn:uuid:b679b0d0-55ea-5abf-a483-6d2639f5cda3,relation/unit/bab-4-produk-langsung-semilangsung-dan-ekstensi-grup/covers/concept/normalizer,urn:uuid:2b69f346-9971-564b-a6c8-73846c9881ec,covers,urn:uuid:ae5ab9ed-8be1-539b-9fed-d4242ef97c00,
urn:uuid:a2ab6149-538e-5b1b-a02a-5ba242c95916,relation/unit/bab-4-produk-langsung-semilangsung-dan-ekstensi-grup/covers/concept/product-universal-property,urn:uuid:2b69f346-9971-564b-a6c8-73846c9881ec,covers,urn:uuid:5e7ec301-ec8d-50d6-822f-4e707da8a547,
urn:uuid:6e82ec91-7d85-54d4-b724-f0320cc9894e,relation/unit/bab-4-produk-langsung-semilangsung-dan-ekstensi-grup/covers/concept/projection-homomorphism,urn:uuid:2b69f346-9971-564b-a6c8-73846c9881ec,covers,urn:uuid:a3d35d70-03c7-55a3-b2ed-8b9bc521a8fa,
urn:uuid:3c31f524-dccf-56d5-94cc-19336116a993,relation/unit/bab-4-produk-langsung-semilangsung-dan-ekstensi-grup/covers/concept/restricted-adjoint-automorphism,urn:uuid:2b69f346-9971-564b-a6c8-73846c9881ec,covers,urn:uuid:d436303b-a2b9-5c2b-9ac2-25ced889f417,
urn:uuid:9de0184a-3d4e-5b2c-a68a-2dbad0c6e88f,relation/unit/bab-4-produk-langsung-semilangsung-dan-ekstensi-grup/covers/concept/semidirect-product,urn:uuid:2b69f346-9971-564b-a6c8-73846c9881ec,covers,urn:uuid:a6f1f18a-932c-5df0-81f8-455b144798a9,
urn:uuid:da09e432-3f56-5d85-9655-c3d5607c2793,relation/unit/bab-4-produk-langsung-semilangsung-dan-ekstensi-grup/covers/concept/semidirect-split-extension-correspondence,urn:uuid:2b69f346-9971-564b-a6c8-73846c9881ec,covers,urn:uuid:2ff5024b-45aa-5b88-ba71-5828011b819a,
urn:uuid:7e6ccf58-1725-5534-92e4-aaf2e84dcf4e,relation/unit/bab-4-produk-langsung-semilangsung-dan-ekstensi-grup/covers/concept/split-extension,urn:uuid:2b69f346-9971-564b-a6c8-73846c9881ec,covers,urn:uuid:0117890c-d229-5cfd-9f8f-b0209d18c95c,
urn:uuid:77efce77-817f-5a31-96a0-84fe88cbe00d,relation/unit/bab-4-produk-langsung-semilangsung-dan-ekstensi-grup/covers/concept/splitting-of-extension,urn:uuid:2b69f346-9971-564b-a6c8-73846c9881ec,covers,urn:uuid:52f69684-a14c-55da-be8e-2badc543cf13,
urn:uuid:2927cd59-444d-5a27-a365-5b6625fad8b3,relation/unit/bab-4-produk-langsung-semilangsung-dan-ekstensi-grup/covers/correction/o013-li-u027-cor-001,urn:uuid:2b69f346-9971-564b-a6c8-73846c9881ec,covers,urn:uuid:9310dd48-bc53-53a0-a08b-15cb4e0d50d1,
urn:uuid:323047a3-4354-50c6-a125-8e1e297707e7,relation/unit/bab-4-produk-langsung-semilangsung-dan-ekstensi-grup/covers/correction/o013-li-u027-cor-002,urn:uuid:2b69f346-9971-564b-a6c8-73846c9881ec,covers,urn:uuid:106bc907-c758-5d59-ab9d-807bfbb998d5,
urn:uuid:18553b33-4946-5e9d-8133-48f05cd02d0d,relation/unit/bab-4-produk-langsung-semilangsung-dan-ekstensi-grup/covers/provenance/o013-li-u027-production,urn:uuid:2b69f346-9971-564b-a6c8-73846c9881ec,covers,urn:uuid:5e26ef43-5066-5a54-94ff-4a5467b61a96,
urn:uuid:18ec510c-5869-5a05-9650-a791cdcd5712,relation/unit/bab-4-produk-langsung-semilangsung-dan-ekstensi-grup/covers/style-normalization/o013-li-u027-style-001,urn:uuid:2b69f346-9971-564b-a6c8-73846c9881ec,covers,urn:uuid:cea9492a-a774-5e1f-8fc7-4df2b6113ef4,
urn:uuid:e5c82025-8536-553c-b660-167a120e3279,relation/unit/bab-4-produk-langsung-semilangsung-dan-ekstensi-grup/covers/style-normalization/o013-li-u027-style-002,urn:uuid:2b69f346-9971-564b-a6c8-73846c9881ec,covers,urn:uuid:0b971679-8b89-52e5-9528-88e2e41a36c3,
urn:uuid:228e74d9-3449-538c-a493-74abce01537f,relation/unit/bab-4-produk-langsung-semilangsung-dan-ekstensi-grup/covers/surface/unit-027/diagram-arrow/001,urn:uuid:2b69f346-9971-564b-a6c8-73846c9881ec,covers,urn:uuid:e2e858ec-aaf3-5ff5-bbe9-192bdbaa0bf6,
urn:uuid:e7d04f3a-76f0-5315-b31a-39bfb5466480,relation/unit/bab-4-produk-langsung-semilangsung-dan-ekstensi-grup/covers/surface/unit-027/diagram-arrow/002,urn:uuid:2b69f346-9971-564b-a6c8-73846c9881ec,covers,urn:uuid:5cd720ee-ea17-5b16-9c91-fa1964af20d9,
urn:uuid:86872798-14c4-55ba-af25-dd8de4ac028b,relation/unit/bab-4-produk-langsung-semilangsung-dan-ekstensi-grup/covers/surface/unit-027/diagram-arrow/003,urn:uuid:2b69f346-9971-564b-a6c8-73846c9881ec,covers,urn:uuid:c9bf9087-3983-5726-955f-9e2b745457e1,
urn:uuid:b9243f70-c08b-5fcd-b409-8c202dbd12ee,relation/unit/bab-4-produk-langsung-semilangsung-dan-ekstensi-grup/covers/surface/unit-027/diagram-arrow/004,urn:uuid:2b69f346-9971-564b-a6c8-73846c9881ec,covers,urn:uuid:ab5c7f64-115b-5be7-9568-dbc4cae57c28,
urn:uuid:42905218-8c98-5072-95d3-6e47e278ba6c,relation/unit/bab-4-produk-langsung-semilangsung-dan-ekstensi-grup/covers/surface/unit-027/diagram-arrow/005,urn:uuid:2b69f346-9971-564b-a6c8-73846c9881ec,covers,urn:uuid:27058fc5-fddd-5d38-b828-727b067d1b59,
urn:uuid:dcd185a2-2b28-5533-8805-d0921d0c6ddf,relation/unit/bab-4-produk-langsung-semilangsung-dan-ekstensi-grup/covers/surface/unit-027/diagram-arrow/006,urn:uuid:2b69f346-9971-564b-a6c8-73846c9881ec,covers,urn:uuid:37204561-83e3-5502-b7f2-44c8cacc2442,
urn:uuid:a2e9c4a8-da5b-5f0d-8cd8-bd90d6039b2c,relation/unit/bab-4-produk-langsung-semilangsung-dan-ekstensi-grup/covers/surface/unit-027/diagram-arrow/007,urn:uuid:2b69f346-9971-564b-a6c8-73846c9881ec,covers,urn:uuid:f72f5cb4-52b0-59b6-a83a-396dc2fa692a,
urn:uuid:90fba41b-a6b7-5b07-8c9d-b74c47772eb9,relation/unit/bab-4-produk-langsung-semilangsung-dan-ekstensi-grup/covers/surface/unit-027/diagram-arrow/008,urn:uuid:2b69f346-9971-564b-a6c8-73846c9881ec,covers,urn:uuid:90b83841-d85e-53ac-a237-170b786c0895,
urn:uuid:00e7ae1d-dafe-5ee9-b7b1-7b9dee57973a,relation/unit/bab-4-produk-langsung-semilangsung-dan-ekstensi-grup/covers/surface/unit-027/diagram-arrow/009,urn:uuid:2b69f346-9971-564b-a6c8-73846c9881ec,covers,urn:uuid:acc0f519-0a73-5edc-a3fd-d0e56407fdc6,
urn:uuid:34140d5a-446e-5592-b329-ae9156d32d79,relation/unit/bab-4-produk-langsung-semilangsung-dan-ekstensi-grup/covers/surface/unit-027/diagram-arrow/010,urn:uuid:2b69f346-9971-564b-a6c8-73846c9881ec,covers,urn:uuid:702dd547-8eac-57eb-bdae-ff388ed3c205,
urn:uuid:e77b7adb-96b2-5cc4-bba2-9f3df840747f,relation/unit/bab-4-produk-langsung-semilangsung-dan-ekstensi-grup/covers/surface/unit-027/diagram-arrow/011,urn:uuid:2b69f346-9971-564b-a6c8-73846c9881ec,covers,urn:uuid:210dc69a-bd80-591d-ae16-68a56992858e,
urn:uuid:05e29b2a-8d2c-562a-a91f-62667107d26f,relation/unit/bab-4-produk-langsung-semilangsung-dan-ekstensi-grup/covers/surface/unit-027/diagram-arrow/012,urn:uuid:2b69f346-9971-564b-a6c8-73846c9881ec,covers,urn:uuid:8e87eb24-e27d-5298-a19b-0f4fcdf642f8,
urn:uuid:034ae1c5-24d5-5318-b64f-dc294ede64a4,relation/unit/bab-4-produk-langsung-semilangsung-dan-ekstensi-grup/covers/surface/unit-027/diagram-arrow/013,urn:uuid:2b69f346-9971-564b-a6c8-73846c9881ec,covers,urn:uuid:4772777d-7370-5d13-a46b-b12b475621ac,
urn:uuid:358fc470-64df-5594-b387-a0ac1e23cb74,relation/unit/bab-4-produk-langsung-semilangsung-dan-ekstensi-grup/covers/surface/unit-027/diagram-arrow/014,urn:uuid:2b69f346-9971-564b-a6c8-73846c9881ec,covers,urn:uuid:a2d6e831-de39-5e10-b58e-2bc77b7d361e,
urn:uuid:face6597-1ffe-58a8-93c2-1cdc324f572a,relation/unit/bab-4-produk-langsung-semilangsung-dan-ekstensi-grup/covers/surface/unit-027/diagram-arrow/015,urn:uuid:2b69f346-9971-564b-a6c8-73846c9881ec,covers,urn:uuid:1154060f-3973-5e12-8e2e-09de468811ef,
urn:uuid:42e0fc1e-8c48-5822-8aa1-e2d5f0e31907,relation/unit/bab-4-produk-langsung-semilangsung-dan-ekstensi-grup/covers/surface/unit-027/diagram-arrow/016,urn:uuid:2b69f346-9971-564b-a6c8-73846c9881ec,covers,urn:uuid:fdf30c77-6bed-57ee-a2d3-62afb87be795,
urn:uuid:791ed53c-17be-5449-afea-1635fb3d3db6,relation/unit/bab-4-produk-langsung-semilangsung-dan-ekstensi-grup/covers/surface/unit-027/diagram-arrow/017,urn:uuid:2b69f346-9971-564b-a6c8-73846c9881ec,covers,urn:uuid:6db711d6-8049-5ad8-ad9c-0c2893d139b3,
urn:uuid:48208a45-72c1-5038-b7b9-f0e8d48de0b3,relation/unit/bab-4-produk-langsung-semilangsung-dan-ekstensi-grup/covers/surface/unit-027/diagram-arrow/018,urn:uuid:2b69f346-9971-564b-a6c8-73846c9881ec,covers,urn:uuid:d1a228dd-0c24-5d4d-a1b3-a80e9d5a6db2,
urn:uuid:dae28623-4954-5365-95f7-323e4ce9cf65,relation/unit/bab-4-produk-langsung-semilangsung-dan-ekstensi-grup/covers/surface/unit-027/diagram-arrow/019,urn:uuid:2b69f346-9971-564b-a6c8-73846c9881ec,covers,urn:uuid:11a48b57-c035-5060-a651-4a28e0b2e76c,
urn:uuid:a1b6a93a-7c4f-5a78-98fd-f48c0fd03129,relation/unit/bab-4-produk-langsung-semilangsung-dan-ekstensi-grup/covers/surface/unit-027/diagram-arrow/020,urn:uuid:2b69f346-9971-564b-a6c8-73846c9881ec,covers,urn:uuid:eb159e33-d3dc-5a4a-a991-31cc30ce0957,
urn:uuid:3f4ec89f-41e2-5bc9-bc8c-60355cb86aab,relation/unit/bab-4-produk-langsung-semilangsung-dan-ekstensi-grup/covers/surface/unit-027/diagram-arrow/021,urn:uuid:2b69f346-9971-564b-a6c8-73846c9881ec,covers,urn:uuid:51fd3a26-66e5-570d-b50b-75f67dc6d85d,
urn:uuid:9c313ca5-0efe-560e-bfb1-1f6fd1ea78f1,relation/unit/bab-4-produk-langsung-semilangsung-dan-ekstensi-grup/covers/surface/unit-027/diagram-arrow/022,urn:uuid:2b69f346-9971-564b-a6c8-73846c9881ec,covers,urn:uuid:468ff109-05f0-561f-b6cd-b8b9a0d8cfa8,
urn:uuid:2538fc86-df79-55ea-b9f4-d390a1656c2e,relation/unit/bab-4-produk-langsung-semilangsung-dan-ekstensi-grup/covers/surface/unit-027/diagram-arrow/023,urn:uuid:2b69f346-9971-564b-a6c8-73846c9881ec,covers,urn:uuid:0fc9042c-25f7-5ed3-acae-d99aec4e5a4b,
urn:uuid:867d1cc2-3a8a-5766-a89c-d5dc8be94a8a,relation/unit/bab-4-produk-langsung-semilangsung-dan-ekstensi-grup/covers/surface/unit-027/diagram-arrow/024,urn:uuid:2b69f346-9971-564b-a6c8-73846c9881ec,covers,urn:uuid:b116c473-a02c-5494-a30c-8a09d960e29d,
urn:uuid:6dca46f9-3232-509d-8ab8-a4f718a38b61,relation/unit/bab-4-produk-langsung-semilangsung-dan-ekstensi-grup/covers/surface/unit-027/diagram-arrow/025,urn:uuid:2b69f346-9971-564b-a6c8-73846c9881ec,covers,urn:uuid:fd3fc5cd-38a2-5e20-b54f-9a22db0d3a89,
urn:uuid:53bd01d7-f326-58d7-aa59-da4a4f5a6590,relation/unit/bab-4-produk-langsung-semilangsung-dan-ekstensi-grup/covers/surface/unit-027/diagram-arrow/026,urn:uuid:2b69f346-9971-564b-a6c8-73846c9881ec,covers,urn:uuid:b3d03de7-743b-5299-a5d2-8a1c75bc346d,
urn:uuid:e6f07584-8b14-54fc-b7d9-77b578e8b643,relation/unit/bab-4-produk-langsung-semilangsung-dan-ekstensi-grup/covers/surface/unit-027/diagram-arrow/027,urn:uuid:2b69f346-9971-564b-a6c8-73846c9881ec,covers,urn:uuid:6fd78c12-593f-53fe-ae05-2d093a1ac339,
urn:uuid:26439599-1e57-50b1-816d-a832e7efc307,relation/unit/bab-4-produk-langsung-semilangsung-dan-ekstensi-grup/covers/surface/unit-027/diagram-arrow/028,urn:uuid:2b69f346-9971-564b-a6c8-73846c9881ec,covers,urn:uuid:f8067d93-d9dd-58a4-a9e8-190abd9dc851,
urn:uuid:9230f660-6ac3-5f1e-84ea-5e3b4d869f5c,relation/unit/bab-4-produk-langsung-semilangsung-dan-ekstensi-grup/covers/surface/unit-027/diagram-arrow/029,urn:uuid:2b69f346-9971-564b-a6c8-73846c9881ec,covers,urn:uuid:30a86e5c-d0c3-536d-9a33-33138cc4b7bd,
urn:uuid:ea2a4c42-59b8-50a7-9218-7bb51d34f070,relation/unit/bab-4-produk-langsung-semilangsung-dan-ekstensi-grup/covers/surface/unit-027/diagram-arrow/030,urn:uuid:2b69f346-9971-564b-a6c8-73846c9881ec,covers,urn:uuid:502ed94b-5139-5028-8af0-81b1903d2674,
urn:uuid:12d6e5b1-f10b-5065-99ec-141cfdfded85,relation/unit/bab-4-produk-langsung-semilangsung-dan-ekstensi-grup/covers/surface/unit-027/environment/001-definition-01,urn:uuid:2b69f346-9971-564b-a6c8-73846c9881ec,covers,urn:uuid:127b682e-7590-5d78-8d61-b3fcdf73a3a4,
urn:uuid:f1e50f41-dc92-5b7f-8bc9-834a107f2a30,relation/unit/bab-4-produk-langsung-semilangsung-dan-ekstensi-grup/covers/surface/unit-027/environment/002-compactitem-01,urn:uuid:2b69f346-9971-564b-a6c8-73846c9881ec,covers,urn:uuid:350662cd-207a-5d2e-8dcc-3fdb40c50d9a,
urn:uuid:dc12fd88-1d0d-5254-8bee-2d63a6db804c,relation/unit/bab-4-produk-langsung-semilangsung-dan-ekstensi-grup/covers/surface/unit-027/environment/003-align-01,urn:uuid:2b69f346-9971-564b-a6c8-73846c9881ec,covers,urn:uuid:65fb801a-8aa6-57b5-874f-999b5f1919d5,
urn:uuid:b8ef59fd-54ea-5731-9cd3-41e6183c0238,relation/unit/bab-4-produk-langsung-semilangsung-dan-ekstensi-grup/covers/surface/unit-027/environment/004-lemma-01,urn:uuid:2b69f346-9971-564b-a6c8-73846c9881ec,covers,urn:uuid:44f68a69-51b9-5f51-8055-8a9ad71cca73,
urn:uuid:9ef8feda-1615-5cde-a959-d052cccaba1f,relation/unit/bab-4-produk-langsung-semilangsung-dan-ekstensi-grup/covers/surface/unit-027/environment/005-tikzcd-01,urn:uuid:2b69f346-9971-564b-a6c8-73846c9881ec,covers,urn:uuid:17f812c0-d0e1-5aff-8442-d44035cab11b,
urn:uuid:b2764a88-cfea-541e-9830-927dca3f541c,relation/unit/bab-4-produk-langsung-semilangsung-dan-ekstensi-grup/covers/surface/unit-027/environment/006-proof-01,urn:uuid:2b69f346-9971-564b-a6c8-73846c9881ec,covers,urn:uuid:0db6a8c2-dbdc-5125-bacd-ca8757414740,
urn:uuid:55d53364-e783-55b9-8bf7-6066ea82e1cf,relation/unit/bab-4-produk-langsung-semilangsung-dan-ekstensi-grup/covers/surface/unit-027/environment/007-definition-02,urn:uuid:2b69f346-9971-564b-a6c8-73846c9881ec,covers,urn:uuid:ff0c32c2-7bd5-5f1c-b398-3e29086db384,
urn:uuid:d33987f7-7cd4-5aea-9ad3-a90be2778e9b,relation/unit/bab-4-produk-langsung-semilangsung-dan-ekstensi-grup/covers/surface/unit-027/environment/008-compactitem-02,urn:uuid:2b69f346-9971-564b-a6c8-73846c9881ec,covers,urn:uuid:9b265169-35e9-54b8-9a9c-76555a0bda63,
urn:uuid:ce48f4f3-9f89-5774-aed2-fa834f68d7f6,relation/unit/bab-4-produk-langsung-semilangsung-dan-ekstensi-grup/covers/surface/unit-027/environment/009-compactenum-01,urn:uuid:2b69f346-9971-564b-a6c8-73846c9881ec,covers,urn:uuid:ce933475-6183-5aa6-a0b6-50c4fbd47e82,
urn:uuid:d81ebd2a-8fc6-5039-88be-ada5e87f5d3a,relation/unit/bab-4-produk-langsung-semilangsung-dan-ekstensi-grup/covers/surface/unit-027/environment/010-inparaenum-01,urn:uuid:2b69f346-9971-564b-a6c8-73846c9881ec,covers,urn:uuid:5a82de25-f5ba-53c3-a43f-2071df5f3b39,
urn:uuid:1723c6b4-9419-5fad-b253-a1aabab16408,relation/unit/bab-4-produk-langsung-semilangsung-dan-ekstensi-grup/covers/surface/unit-027/environment/011-gather-01,urn:uuid:2b69f346-9971-564b-a6c8-73846c9881ec,covers,urn:uuid:41d50827-69d9-5426-a7a4-c92c6543277c,
urn:uuid:cdab98b4-6139-5d63-9647-1b52ba1cdd2c,relation/unit/bab-4-produk-langsung-semilangsung-dan-ekstensi-grup/covers/surface/unit-027/environment/012-lemma-02,urn:uuid:2b69f346-9971-564b-a6c8-73846c9881ec,covers,urn:uuid:595dfb2e-43fc-523d-b05e-d9fcc2a16850,
urn:uuid:2b5fe25b-8e02-587e-ae01-7416757433c1,relation/unit/bab-4-produk-langsung-semilangsung-dan-ekstensi-grup/covers/surface/unit-027/environment/013-align-02,urn:uuid:2b69f346-9971-564b-a6c8-73846c9881ec,covers,urn:uuid:0c092061-3bd4-53b2-a00f-432f4565db03,
urn:uuid:e4a36a43-c410-5d77-85c0-1a649eac0e60,relation/unit/bab-4-produk-langsung-semilangsung-dan-ekstensi-grup/covers/surface/unit-027/environment/014-proof-02,urn:uuid:2b69f346-9971-564b-a6c8-73846c9881ec,covers,urn:uuid:55d373c8-f660-5506-9570-33f8fbd06d4d,
urn:uuid:296e9eaa-e676-551d-86c9-e8661367c3fb,relation/unit/bab-4-produk-langsung-semilangsung-dan-ekstensi-grup/covers/surface/unit-027/environment/015-example-01,urn:uuid:2b69f346-9971-564b-a6c8-73846c9881ec,covers,urn:uuid:39d93cd6-f43b-5d0e-b131-54a300cd8a99,
urn:uuid:0c07dcb4-e6f3-5eac-b4e8-185daaba3639,relation/unit/bab-4-produk-langsung-semilangsung-dan-ekstensi-grup/covers/surface/unit-027/environment/016-center-01,urn:uuid:2b69f346-9971-564b-a6c8-73846c9881ec,covers,urn:uuid:7722ebd5-a329-5e53-848b-a00fa1ea200d,
urn:uuid:d3b7100c-29c9-5b80-8690-103d043e3a75,relation/unit/bab-4-produk-langsung-semilangsung-dan-ekstensi-grup/covers/surface/unit-027/environment/017-tikzpicture-01,urn:uuid:2b69f346-9971-564b-a6c8-73846c9881ec,covers,urn:uuid:2015e531-f449-5ac7-9eaf-adfd2c60b77c,
urn:uuid:aaf8ef0e-772e-574c-8e38-f24737dca76e,relation/unit/bab-4-produk-langsung-semilangsung-dan-ekstensi-grup/covers/surface/unit-027/environment/018-tikzpicture-02,urn:uuid:2b69f346-9971-564b-a6c8-73846c9881ec,covers,urn:uuid:879d8b09-add6-5e93-a4b8-c557ece0a19d,
urn:uuid:041108fc-c0d6-5cee-a11a-245b5e4e4f36,relation/unit/bab-4-produk-langsung-semilangsung-dan-ekstensi-grup/covers/surface/unit-027/environment/019-tikzpicture-03,urn:uuid:2b69f346-9971-564b-a6c8-73846c9881ec,covers,urn:uuid:9dead5d8-0d9c-51be-9125-36d9f0da4992,
urn:uuid:d10b1e05-cf8d-5310-af30-c4c341c965fa,relation/unit/bab-4-produk-langsung-semilangsung-dan-ekstensi-grup/covers/surface/unit-027/environment/020-lemma-03,urn:uuid:2b69f346-9971-564b-a6c8-73846c9881ec,covers,urn:uuid:3cdd46cb-2e6f-5d3e-b07f-ba86534765cc,
urn:uuid:e77d17be-6c9b-5006-a6d7-7d5a26f2aa5a,relation/unit/bab-4-produk-langsung-semilangsung-dan-ekstensi-grup/covers/surface/unit-027/environment/021-compactitem-03,urn:uuid:2b69f346-9971-564b-a6c8-73846c9881ec,covers,urn:uuid:e7585d83-86d5-5311-8f9f-f52ec71f9088,
urn:uuid:5a55b58f-5fbf-5bbe-8bdc-79ee120e1445,relation/unit/bab-4-produk-langsung-semilangsung-dan-ekstensi-grup/covers/surface/unit-027/environment/022-align-03,urn:uuid:2b69f346-9971-564b-a6c8-73846c9881ec,covers,urn:uuid:fa1d92e6-d982-5bc8-8911-620b34fbced6,
urn:uuid:f12efd18-61c0-5710-a53e-6cd3c2c42333,relation/unit/bab-4-produk-langsung-semilangsung-dan-ekstensi-grup/covers/surface/unit-027/environment/023-proof-03,urn:uuid:2b69f346-9971-564b-a6c8-73846c9881ec,covers,urn:uuid:829e918f-60da-5620-9f50-97232ccacbd4,
urn:uuid:10d07d31-caa8-5119-9cd5-87486a42446e,relation/unit/bab-4-produk-langsung-semilangsung-dan-ekstensi-grup/covers/surface/unit-027/environment/024-definition-03,urn:uuid:2b69f346-9971-564b-a6c8-73846c9881ec,covers,urn:uuid:12be589d-5bfa-5ac6-9753-33a606b97c65,
urn:uuid:c985f504-309f-584e-9954-f5ae3d145980,relation/unit/bab-4-produk-langsung-semilangsung-dan-ekstensi-grup/covers/surface/unit-027/environment/025-tikzcd-02,urn:uuid:2b69f346-9971-564b-a6c8-73846c9881ec,covers,urn:uuid:5b377003-921c-5409-bb4e-1fbc1e71991c,
urn:uuid:f0455c79-83d4-5e17-96ed-9c904b1c4766,relation/unit/bab-4-produk-langsung-semilangsung-dan-ekstensi-grup/covers/surface/unit-027/environment/026-enumerate-01,urn:uuid:2b69f346-9971-564b-a6c8-73846c9881ec,covers,urn:uuid:8a2b9497-15e2-5c98-844d-dca3eb6e2af3,
urn:uuid:50a911fd-dca4-5716-9415-761270bd6ad4,relation/unit/bab-4-produk-langsung-semilangsung-dan-ekstensi-grup/covers/surface/unit-027/environment/027-tikzcd-03,urn:uuid:2b69f346-9971-564b-a6c8-73846c9881ec,covers,urn:uuid:0a50da70-9c6e-5908-8458-ee227ee48295,
urn:uuid:f9ffa00e-a7bb-5b3f-9507-ce138b52fadf,relation/unit/bab-4-produk-langsung-semilangsung-dan-ekstensi-grup/covers/surface/unit-027/environment/028-tikzcd-04,urn:uuid:2b69f346-9971-564b-a6c8-73846c9881ec,covers,urn:uuid:79aa89c5-7dce-58d5-8b4b-ae29456b98a8,
urn:uuid:6bcf7ddc-02cf-564c-8cdc-ba16b22d692a,relation/unit/bab-4-produk-langsung-semilangsung-dan-ekstensi-grup/covers/surface/unit-027/item/001,urn:uuid:2b69f346-9971-564b-a6c8-73846c9881ec,covers,urn:uuid:e3f10ab2-3483-5215-bd72-e3956c611816,
urn:uuid:4b237192-597d-5a84-84f3-cb4d6f2c9f3d,relation/unit/bab-4-produk-langsung-semilangsung-dan-ekstensi-grup/covers/surface/unit-027/item/002,urn:uuid:2b69f346-9971-564b-a6c8-73846c9881ec,covers,urn:uuid:8119c416-56cb-5a24-a784-b78a852dfa86,
urn:uuid:e49ad10f-112a-5386-9990-d5e83425a9c7,relation/unit/bab-4-produk-langsung-semilangsung-dan-ekstensi-grup/covers/surface/unit-027/item/003,urn:uuid:2b69f346-9971-564b-a6c8-73846c9881ec,covers,urn:uuid:89ef1b63-ed90-5a35-8f7c-bcc8737b4439,
urn:uuid:bc2f8306-2058-50de-bbb8-6d659ed55f4f,relation/unit/bab-4-produk-langsung-semilangsung-dan-ekstensi-grup/covers/surface/unit-027/item/004,urn:uuid:2b69f346-9971-564b-a6c8-73846c9881ec,covers,urn:uuid:51bf6af1-1136-5ac0-ba64-207f3461696f,
urn:uuid:ecbcbfaa-8aa1-593c-a3bf-04d5ae721c4f,relation/unit/bab-4-produk-langsung-semilangsung-dan-ekstensi-grup/covers/surface/unit-027/item/005,urn:uuid:2b69f346-9971-564b-a6c8-73846c9881ec,covers,urn:uuid:0678f965-3ca2-57b7-8ca4-19dfde4e4d03,
urn:uuid:6a0d5dc6-94d8-5be3-894b-5c872c1d53b3,relation/unit/bab-4-produk-langsung-semilangsung-dan-ekstensi-grup/covers/surface/unit-027/item/006,urn:uuid:2b69f346-9971-564b-a6c8-73846c9881ec,covers,urn:uuid:6c78972d-bedf-5dee-97bb-53839e9ca725,
urn:uuid:5f6e8df3-f30c-59f8-9c3a-ef4eb05ccbe8,relation/unit/bab-4-produk-langsung-semilangsung-dan-ekstensi-grup/covers/surface/unit-027/item/007,urn:uuid:2b69f346-9971-564b-a6c8-73846c9881ec,covers,urn:uuid:e7b5bfd9-1962-5864-a1fc-a445976862f3,
urn:uuid:dd861258-92ec-5283-aadb-d0eb74199b29,relation/unit/bab-4-produk-langsung-semilangsung-dan-ekstensi-grup/covers/surface/unit-027/item/008,urn:uuid:2b69f346-9971-564b-a6c8-73846c9881ec,covers,urn:uuid:939b9ef3-7b3a-5c57-8c50-665291cd6c83,
urn:uuid:dd086adf-554b-5de0-b124-dbd198141ba4,relation/unit/bab-4-produk-langsung-semilangsung-dan-ekstensi-grup/covers/surface/unit-027/item/009,urn:uuid:2b69f346-9971-564b-a6c8-73846c9881ec,covers,urn:uuid:9121ae35-3819-5f61-ac95-95db210ca4e6,
urn:uuid:be5aa227-d543-5189-927e-8e9e7b9ad478,relation/unit/bab-4-produk-langsung-semilangsung-dan-ekstensi-grup/covers/surface/unit-027/item/010,urn:uuid:2b69f346-9971-564b-a6c8-73846c9881ec,covers,urn:uuid:918c58e0-f5b6-590c-b9e5-859a6a707d87,
urn:uuid:c3a1cde4-e2f9-500e-86a2-1606293396de,relation/unit/bab-4-produk-langsung-semilangsung-dan-ekstensi-grup/covers/surface/unit-027/item/011,urn:uuid:2b69f346-9971-564b-a6c8-73846c9881ec,covers,urn:uuid:3fb797bd-9383-5893-a9f8-fe32726816c3,
urn:uuid:afcd79ff-f31c-5f9a-b79c-ef7eb51b722a,relation/unit/bab-4-produk-langsung-semilangsung-dan-ekstensi-grup/covers/surface/unit-027/item/012,urn:uuid:2b69f346-9971-564b-a6c8-73846c9881ec,covers,urn:uuid:11ead866-de54-5570-a637-2adeb5c41ed7,
urn:uuid:1eb32491-f828-54ee-87b0-4889ce5aa2e3,relation/unit/bab-4-produk-langsung-semilangsung-dan-ekstensi-grup/covers/surface/unit-027/item/013,urn:uuid:2b69f346-9971-564b-a6c8-73846c9881ec,covers,urn:uuid:7ece3a08-696a-50cc-8b90-b59e73b4240c,
urn:uuid:6a80142f-46e1-53df-b8d5-b37db0c84224,relation/unit/bab-4-produk-langsung-semilangsung-dan-ekstensi-grup/covers/surface/unit-027/item/014,urn:uuid:2b69f346-9971-564b-a6c8-73846c9881ec,covers,urn:uuid:292e18d1-c319-5513-b9e4-ab36ab61c82f,
urn:uuid:54d1e416-34e1-5637-9a9e-f05033ec5e74,relation/unit/bab-4-produk-langsung-semilangsung-dan-ekstensi-grup/covers/surface/unit-027/item/015,urn:uuid:2b69f346-9971-564b-a6c8-73846c9881ec,covers,urn:uuid:6926b564-dfea-5ee4-b49f-f0d9d18a968f,
urn:uuid:18347561-afee-5c3f-985c-3b564d2e10b3,relation/unit/bab-4-produk-langsung-semilangsung-dan-ekstensi-grup/covers/surface/unit-027/label/001,urn:uuid:2b69f346-9971-564b-a6c8-73846c9881ec,covers,urn:uuid:33401249-5522-5e84-baba-b98ac53e3ed5,
urn:uuid:36b99c11-5f31-59aa-8416-5c6fc75b4807,relation/unit/bab-4-produk-langsung-semilangsung-dan-ekstensi-grup/covers/surface/unit-027/label/002,urn:uuid:2b69f346-9971-564b-a6c8-73846c9881ec,covers,urn:uuid:3a2f0bb5-21a7-5291-a4b2-c10033b92284,
urn:uuid:17dcfdc4-1387-5100-a76b-da50cbcdf86b,relation/unit/bab-4-produk-langsung-semilangsung-dan-ekstensi-grup/covers/surface/unit-027/label/003,urn:uuid:2b69f346-9971-564b-a6c8-73846c9881ec,covers,urn:uuid:215cb85f-2f33-5a43-b9e3-fd5ba06d35df,
urn:uuid:8306ffe4-908e-5cd1-a202-bf53f081f3ec,relation/unit/bab-4-produk-langsung-semilangsung-dan-ekstensi-grup/covers/surface/unit-027/label/004,urn:uuid:2b69f346-9971-564b-a6c8-73846c9881ec,covers,urn:uuid:fa950e9b-fcd5-5549-86f0-35d29d52075e,
urn:uuid:7b101667-b88d-5032-bf6d-b1d4193190d6,relation/unit/bab-4-produk-langsung-semilangsung-dan-ekstensi-grup/covers/surface/unit-027/label/005,urn:uuid:2b69f346-9971-564b-a6c8-73846c9881ec,covers,urn:uuid:e45bdd3e-2da3-5358-ac02-4603928a467a,
urn:uuid:7dda7086-4c93-5f05-8fa8-60949f181691,relation/unit/bab-4-produk-langsung-semilangsung-dan-ekstensi-grup/covers/surface/unit-027/label/006,urn:uuid:2b69f346-9971-564b-a6c8-73846c9881ec,covers,urn:uuid:f85d7fdb-59eb-583c-9309-57d80cd2ddab,
urn:uuid:814fd1e0-0308-5a5d-99d1-d4ed35f287b0,relation/unit/bab-4-produk-langsung-semilangsung-dan-ekstensi-grup/covers/surface/unit-027/label/007,urn:uuid:2b69f346-9971-564b-a6c8-73846c9881ec,covers,urn:uuid:590203d1-a239-58e6-abce-a3b8480aef54,
urn:uuid:84a5eece-4688-54c0-b4ad-5c66d39d31de,relation/unit/bab-4-produk-langsung-semilangsung-dan-ekstensi-grup/covers/surface/unit-027/label/008,urn:uuid:2b69f346-9971-564b-a6c8-73846c9881ec,covers,urn:uuid:d8e4c9b3-8c18-5607-8e1a-c47f2f712e11,
urn:uuid:646cff49-6be3-5534-837c-2e033aa40527,relation/unit/bab-4-produk-langsung-semilangsung-dan-ekstensi-grup/covers/surface/unit-027/polygon-drawing-command/001-foreach,urn:uuid:2b69f346-9971-564b-a6c8-73846c9881ec,covers,urn:uuid:9fd47726-1648-574d-803d-1d63190d3ad3,
urn:uuid:f43d5f4b-95ba-5bed-aa8b-31fffd111e23,relation/unit/bab-4-produk-langsung-semilangsung-dan-ekstensi-grup/covers/surface/unit-027/polygon-drawing-command/002-draw,urn:uuid:2b69f346-9971-564b-a6c8-73846c9881ec,covers,urn:uuid:20bf6cee-8912-58bd-8263-ccc4ed33df5a,
urn:uuid:7181e7a9-204d-52d3-b206-22917d72bcd3,relation/unit/bab-4-produk-langsung-semilangsung-dan-ekstensi-grup/covers/surface/unit-027/polygon-drawing-command/003-foreach,urn:uuid:2b69f346-9971-564b-a6c8-73846c9881ec,covers,urn:uuid:e6710baa-f95d-5f1d-a57e-09052c5b8c86,
urn:uuid:9bde778a-0bfa-5c13-9ecf-acc6114cd50a,relation/unit/bab-4-produk-langsung-semilangsung-dan-ekstensi-grup/covers/surface/unit-027/polygon-drawing-command/004-draw,urn:uuid:2b69f346-9971-564b-a6c8-73846c9881ec,covers,urn:uuid:266f4ea0-4c8f-5ffd-8538-99f91ed78f4c,
urn:uuid:fb66da5c-09fd-5af9-b16b-a44eed28eb0f,relation/unit/bab-4-produk-langsung-semilangsung-dan-ekstensi-grup/covers/surface/unit-027/polygon-drawing-command/005-node,urn:uuid:2b69f346-9971-564b-a6c8-73846c9881ec,covers,urn:uuid:b3cb6f26-4edf-508c-ad1c-9763d4c8b6bc,
urn:uuid:2a0575bc-3a64-5c9d-b781-96a6183c9a2e,relation/unit/bab-4-produk-langsung-semilangsung-dan-ekstensi-grup/covers/surface/unit-027/polygon-drawing-command/006-foreach,urn:uuid:2b69f346-9971-564b-a6c8-73846c9881ec,covers,urn:uuid:61b3dc01-f9bb-5188-a02d-e54732f6b76f,
urn:uuid:247a0aab-3e9a-5109-a9e0-46771248722c,relation/unit/bab-4-produk-langsung-semilangsung-dan-ekstensi-grup/covers/surface/unit-027/polygon-drawing-command/007-draw,urn:uuid:2b69f346-9971-564b-a6c8-73846c9881ec,covers,urn:uuid:60f4ec0e-e49e-59f8-8b37-0302529dffee,
urn:uuid:ac85700d-17d2-59e1-8625-eece5875ba58,relation/unit/bab-4-produk-langsung-semilangsung-dan-ekstensi-grup/covers/surface/unit-027/polygon-drawing-command/008-foreach,urn:uuid:2b69f346-9971-564b-a6c8-73846c9881ec,covers,urn:uuid:b44cab52-68ae-5d64-b5ac-590c33fb115b,
urn:uuid:e964d744-21ce-545c-9a20-5a5d8b5bf355,relation/unit/bab-4-produk-langsung-semilangsung-dan-ekstensi-grup/covers/surface/unit-027/polygon-drawing-command/009-draw,urn:uuid:2b69f346-9971-564b-a6c8-73846c9881ec,covers,urn:uuid:ab861a72-b2d9-542a-aeae-ad62b4842299,
urn:uuid:8ae7a5c9-52e0-5d0c-af1f-3725b6bda83a,relation/unit/bab-4-produk-langsung-semilangsung-dan-ekstensi-grup/covers/surface/unit-027/polygon-drawing-command/010-node,urn:uuid:2b69f346-9971-564b-a6c8-73846c9881ec,covers,urn:uuid:3392636f-178c-58c1-a555-f92834430dbb,
urn:uuid:1faad532-f396-58a2-9120-ad0f1fb6555a,relation/unit/bab-4-produk-langsung-semilangsung-dan-ekstensi-grup/covers/surface/unit-027/polygon-drawing-command/011-foreach,urn:uuid:2b69f346-9971-564b-a6c8-73846c9881ec,covers,urn:uuid:7a77f10a-a02e-5b04-b5af-0eebdd17d547,
urn:uuid:34ab3a48-b8b1-54af-a21d-3124c01d4120,relation/unit/bab-4-produk-langsung-semilangsung-dan-ekstensi-grup/covers/surface/unit-027/polygon-drawing-command/012-draw,urn:uuid:2b69f346-9971-564b-a6c8-73846c9881ec,covers,urn:uuid:76595aed-bbed-5b41-8ffa-f720f3d64fe8,
urn:uuid:30fe521b-6e4e-524e-825b-73a9270ff6d0,relation/unit/bab-4-produk-langsung-semilangsung-dan-ekstensi-grup/covers/surface/unit-027/polygon-drawing-command/013-foreach,urn:uuid:2b69f346-9971-564b-a6c8-73846c9881ec,covers,urn:uuid:03caf885-a0f7-589e-b39d-6ff937c446ab,
urn:uuid:5cece94b-e7a8-55b0-a684-9b81f61a8496,relation/unit/bab-4-produk-langsung-semilangsung-dan-ekstensi-grup/covers/surface/unit-027/polygon-drawing-command/014-draw,urn:uuid:2b69f346-9971-564b-a6c8-73846c9881ec,covers,urn:uuid:d9d9e809-28be-5a1f-9ae6-b1418e28b67d,
urn:uuid:b292a80d-ea8d-59e8-913a-b8d28c992a93,relation/unit/bab-4-produk-langsung-semilangsung-dan-ekstensi-grup/covers/surface/unit-027/polygon-drawing-command/015-node,urn:uuid:2b69f346-9971-564b-a6c8-73846c9881ec,covers,urn:uuid:fc34e2ad-e568-5028-b175-2aa31087e0f3,
urn:uuid:c8f10d00-fe29-5051-91fd-97979a0ee8e0,relation/unit/bab-4-produk-langsung-semilangsung-dan-ekstensi-grup/covers/surface/unit-027/protected-math-zone/001-inline,urn:uuid:2b69f346-9971-564b-a6c8-73846c9881ec,covers,urn:uuid:67ec2afd-8453-5479-abcb-842c30abbeef,
urn:uuid:f1a527b1-b527-5388-a78e-c156006c749a,relation/unit/bab-4-produk-langsung-semilangsung-dan-ekstensi-grup/covers/surface/unit-027/protected-math-zone/002-inline,urn:uuid:2b69f346-9971-564b-a6c8-73846c9881ec,covers,urn:uuid:cb3b2fb2-2885-55c2-8e8d-9a6471313175,
urn:uuid:8a0a5124-7043-558f-82c3-253a53e52e74,relation/unit/bab-4-produk-langsung-semilangsung-dan-ekstensi-grup/covers/surface/unit-027/protected-math-zone/003-inline,urn:uuid:2b69f346-9971-564b-a6c8-73846c9881ec,covers,urn:uuid:d1e6fc54-da9b-5ffd-8200-5927c61f9a43,
urn:uuid:8d0f4041-4986-525d-ad95-82fa5263dbfc,relation/unit/bab-4-produk-langsung-semilangsung-dan-ekstensi-grup/covers/surface/unit-027/protected-math-zone/004-inline,urn:uuid:2b69f346-9971-564b-a6c8-73846c9881ec,covers,urn:uuid:badb371b-b04a-5665-a3a1-3284083773d7,
urn:uuid:6350a429-d9bb-54f2-ac8f-2e912c0dc95f,relation/unit/bab-4-produk-langsung-semilangsung-dan-ekstensi-grup/covers/surface/unit-027/protected-math-zone/005-inline,urn:uuid:2b69f346-9971-564b-a6c8-73846c9881ec,covers,urn:uuid:cb35cb30-0b28-5329-8f43-08b6181ad7e0,
urn:uuid:7f97f275-f76d-5f0c-a81c-15d0689242e0,relation/unit/bab-4-produk-langsung-semilangsung-dan-ekstensi-grup/covers/surface/unit-027/protected-math-zone/006-inline,urn:uuid:2b69f346-9971-564b-a6c8-73846c9881ec,covers,urn:uuid:a80b66df-afd6-5c82-8310-a7ffa76e9061,
urn:uuid:01303d3d-78aa-50ed-a7a9-abdbdbae54f4,relation/unit/bab-4-produk-langsung-semilangsung-dan-ekstensi-grup/covers/surface/unit-027/protected-math-zone/007-inline,urn:uuid:2b69f346-9971-564b-a6c8-73846c9881ec,covers,urn:uuid:a54f66b3-49e6-53d7-b164-418d3c20da76,
urn:uuid:0dc075ef-12e6-5549-a4f8-1caf83f76438,relation/unit/bab-4-produk-langsung-semilangsung-dan-ekstensi-grup/covers/surface/unit-027/protected-math-zone/008-inline,urn:uuid:2b69f346-9971-564b-a6c8-73846c9881ec,covers,urn:uuid:7e70bda1-2093-5421-a8ae-0e59da0857de,
urn:uuid:93eba413-359d-5c69-90c3-d30c816541f9,relation/unit/bab-4-produk-langsung-semilangsung-dan-ekstensi-grup/covers/surface/unit-027/protected-math-zone/009-inline,urn:uuid:2b69f346-9971-564b-a6c8-73846c9881ec,covers,urn:uuid:c3f209f2-d55d-5d94-9ffe-7e4a89de64ea,
urn:uuid:fb69b5aa-39cb-5107-b048-45e98151ea5d,relation/unit/bab-4-produk-langsung-semilangsung-dan-ekstensi-grup/covers/surface/unit-027/protected-math-zone/010-inline,urn:uuid:2b69f346-9971-564b-a6c8-73846c9881ec,covers,urn:uuid:ad928efb-3cba-5e91-bb67-bec335e46853,
urn:uuid:1dc4f74d-155b-5e36-bd90-76c4376158c1,relation/unit/bab-4-produk-langsung-semilangsung-dan-ekstensi-grup/covers/surface/unit-027/protected-math-zone/011-inline,urn:uuid:2b69f346-9971-564b-a6c8-73846c9881ec,covers,urn:uuid:daf12731-21d1-5aab-9108-cbea57534f4f,
urn:uuid:a4cc90df-0b34-539c-b596-613a09cf35a6,relation/unit/bab-4-produk-langsung-semilangsung-dan-ekstensi-grup/covers/surface/unit-027/protected-math-zone/012-inline,urn:uuid:2b69f346-9971-564b-a6c8-73846c9881ec,covers,urn:uuid:dac1dc82-12fa-5ef6-bd47-98d11dc97b6b,
urn:uuid:31b18d8e-d9ee-5bdd-80dd-d5d8c74415ab,relation/unit/bab-4-produk-langsung-semilangsung-dan-ekstensi-grup/covers/surface/unit-027/protected-math-zone/013-inline,urn:uuid:2b69f346-9971-564b-a6c8-73846c9881ec,covers,urn:uuid:b8dace3b-a342-502c-8a84-85ec01b7133d,
urn:uuid:42d34e57-301a-5250-b470-ed2ac88c6ce2,relation/unit/bab-4-produk-langsung-semilangsung-dan-ekstensi-grup/covers/surface/unit-027/protected-math-zone/014-inline,urn:uuid:2b69f346-9971-564b-a6c8-73846c9881ec,covers,urn:uuid:71aceaa9-95f1-5d41-9ea1-989f57cd74f6,
urn:uuid:78340d4f-33fd-595b-9dab-7fd7060d3e25,relation/unit/bab-4-produk-langsung-semilangsung-dan-ekstensi-grup/covers/surface/unit-027/protected-math-zone/015-inline,urn:uuid:2b69f346-9971-564b-a6c8-73846c9881ec,covers,urn:uuid:3c343cb9-8869-515b-8244-8a8335c16e58,
urn:uuid:47725da3-b7f4-5c1d-a8ac-000b6578d472,relation/unit/bab-4-produk-langsung-semilangsung-dan-ekstensi-grup/covers/surface/unit-027/protected-math-zone/016-display-environment,urn:uuid:2b69f346-9971-564b-a6c8-73846c9881ec,covers,urn:uuid:cfff7793-1f89-5d95-86fa-37a659e8a0d8,
urn:uuid:e902ab12-963f-56fd-863c-7e4cdc007fd2,relation/unit/bab-4-produk-langsung-semilangsung-dan-ekstensi-grup/covers/surface/unit-027/protected-math-zone/017-inline,urn:uuid:2b69f346-9971-564b-a6c8-73846c9881ec,covers,urn:uuid:6a9d5142-350f-5fbc-a9bb-eef52966c3e6,
urn:uuid:caf39780-8221-56e2-aede-4d34816f4626,relation/unit/bab-4-produk-langsung-semilangsung-dan-ekstensi-grup/covers/surface/unit-027/protected-math-zone/018-inline,urn:uuid:2b69f346-9971-564b-a6c8-73846c9881ec,covers,urn:uuid:6f856e33-97e4-5414-a0ad-4384e93381df,
urn:uuid:82fe5717-2572-5955-b8b5-442412d53fc8,relation/unit/bab-4-produk-langsung-semilangsung-dan-ekstensi-grup/covers/surface/unit-027/protected-math-zone/019-inline,urn:uuid:2b69f346-9971-564b-a6c8-73846c9881ec,covers,urn:uuid:8a502037-0097-5a76-8289-95a9cd1990ae,
urn:uuid:319e95b4-340b-5520-bb03-a077dc3dcfbc,relation/unit/bab-4-produk-langsung-semilangsung-dan-ekstensi-grup/covers/surface/unit-027/protected-math-zone/020-inline,urn:uuid:2b69f346-9971-564b-a6c8-73846c9881ec,covers,urn:uuid:b4b9e801-6c2c-56ee-8360-947f26006ee3,
urn:uuid:b66a2992-7e4f-5209-a13a-487ac5406bc0,relation/unit/bab-4-produk-langsung-semilangsung-dan-ekstensi-grup/covers/surface/unit-027/protected-math-zone/021-inline,urn:uuid:2b69f346-9971-564b-a6c8-73846c9881ec,covers,urn:uuid:9948bc09-b4fb-57fb-8d18-ccd89ae44912,
urn:uuid:d45fc6de-e8e7-596a-b4a7-9e686db85ec1,relation/unit/bab-4-produk-langsung-semilangsung-dan-ekstensi-grup/covers/surface/unit-027/protected-math-zone/022-inline,urn:uuid:2b69f346-9971-564b-a6c8-73846c9881ec,covers,urn:uuid:8327f477-2c1b-5109-a6a5-07e0ae466c68,
urn:uuid:8f59163c-7879-5e4c-8ec9-317aa2cac0e6,relation/unit/bab-4-produk-langsung-semilangsung-dan-ekstensi-grup/covers/surface/unit-027/protected-math-zone/023-display-bracket,urn:uuid:2b69f346-9971-564b-a6c8-73846c9881ec,covers,urn:uuid:739d95f0-aad9-58cd-baf8-a151b0de4eb5,
urn:uuid:531cfde0-9bdf-581c-a798-71a91836a81b,relation/unit/bab-4-produk-langsung-semilangsung-dan-ekstensi-grup/covers/surface/unit-027/protected-math-zone/024-display-environment,urn:uuid:2b69f346-9971-564b-a6c8-73846c9881ec,covers,urn:uuid:c55d3440-3a80-5174-a18b-60fc7aa589c1,
urn:uuid:4d958e6c-65a9-5221-b1db-60cb2e2fcf25,relation/unit/bab-4-produk-langsung-semilangsung-dan-ekstensi-grup/covers/surface/unit-027/protected-math-zone/025-inline,urn:uuid:2b69f346-9971-564b-a6c8-73846c9881ec,covers,urn:uuid:0ef7af40-f77d-5fb2-8c9d-36030caa82ff,
urn:uuid:002c5451-47a0-584b-9522-e400dc9009a7,relation/unit/bab-4-produk-langsung-semilangsung-dan-ekstensi-grup/covers/surface/unit-027/protected-math-zone/026-inline,urn:uuid:2b69f346-9971-564b-a6c8-73846c9881ec,covers,urn:uuid:921eb151-90ad-5784-8795-956e98bf086a,
urn:uuid:11124eab-65f7-5c69-bd6d-2505de20c088,relation/unit/bab-4-produk-langsung-semilangsung-dan-ekstensi-grup/covers/surface/unit-027/protected-math-zone/027-inline,urn:uuid:2b69f346-9971-564b-a6c8-73846c9881ec,covers,urn:uuid:8a8b49e1-ad9b-51ec-8291-ce2e812cee15,
urn:uuid:476a3fb9-8717-57e9-ac6a-db13854f9d67,relation/unit/bab-4-produk-langsung-semilangsung-dan-ekstensi-grup/covers/surface/unit-027/protected-math-zone/028-inline,urn:uuid:2b69f346-9971-564b-a6c8-73846c9881ec,covers,urn:uuid:0b16b744-0121-589a-aaac-99fe113aabf0,
urn:uuid:6b61ff3f-a3aa-5110-b957-8c3ee421bf6a,relation/unit/bab-4-produk-langsung-semilangsung-dan-ekstensi-grup/covers/surface/unit-027/protected-math-zone/029-inline,urn:uuid:2b69f346-9971-564b-a6c8-73846c9881ec,covers,urn:uuid:d532b8f8-8866-5698-8efa-33f3b4299423,
urn:uuid:2d5165d2-ff17-529c-a2f5-2487a567e14c,relation/unit/bab-4-produk-langsung-semilangsung-dan-ekstensi-grup/covers/surface/unit-027/protected-math-zone/030-inline,urn:uuid:2b69f346-9971-564b-a6c8-73846c9881ec,covers,urn:uuid:9c715f5b-af6d-5db7-bef1-d0ac851df5fd,
urn:uuid:f07f50b4-6818-58f4-a6ac-f95973c835f6,relation/unit/bab-4-produk-langsung-semilangsung-dan-ekstensi-grup/covers/surface/unit-027/protected-math-zone/031-inline,urn:uuid:2b69f346-9971-564b-a6c8-73846c9881ec,covers,urn:uuid:a922d199-95b6-51d5-9663-6dce0d9ea69c,
urn:uuid:5ab617e8-8634-5401-bb55-cffc06bd8663,relation/unit/bab-4-produk-langsung-semilangsung-dan-ekstensi-grup/covers/surface/unit-027/protected-math-zone/032-inline,urn:uuid:2b69f346-9971-564b-a6c8-73846c9881ec,covers,urn:uuid:6876c982-ff88-53d7-832b-7ac7167ac3cd,
urn:uuid:bd1b9932-4f90-5a6b-b0a7-33647c1e6edc,relation/unit/bab-4-produk-langsung-semilangsung-dan-ekstensi-grup/covers/surface/unit-027/protected-math-zone/033-inline,urn:uuid:2b69f346-9971-564b-a6c8-73846c9881ec,covers,urn:uuid:00ddb930-caef-5dbc-a154-5e1079d9dd50,
urn:uuid:d97172c8-e43c-5030-bdf9-2bda4123c3c3,relation/unit/bab-4-produk-langsung-semilangsung-dan-ekstensi-grup/covers/surface/unit-027/protected-math-zone/034-inline,urn:uuid:2b69f346-9971-564b-a6c8-73846c9881ec,covers,urn:uuid:541c8950-9a35-5f51-9827-fdc7cee0e5a6,
urn:uuid:fe3e5b3f-1cdc-5d78-8c65-0d05c1204118,relation/unit/bab-4-produk-langsung-semilangsung-dan-ekstensi-grup/covers/surface/unit-027/protected-math-zone/035-inline,urn:uuid:2b69f346-9971-564b-a6c8-73846c9881ec,covers,urn:uuid:824ad5fa-06c3-590c-a11f-b270ef83abc8,
urn:uuid:eb749cdf-e841-54cd-ad5e-2debec022e86,relation/unit/bab-4-produk-langsung-semilangsung-dan-ekstensi-grup/covers/surface/unit-027/protected-math-zone/036-inline,urn:uuid:2b69f346-9971-564b-a6c8-73846c9881ec,covers,urn:uuid:e0a38bd1-a8bf-532e-9aa5-c922c73e6b20,
urn:uuid:56c71c0a-6c4b-5880-9ba5-96b24063fad4,relation/unit/bab-4-produk-langsung-semilangsung-dan-ekstensi-grup/covers/surface/unit-027/protected-math-zone/037-inline,urn:uuid:2b69f346-9971-564b-a6c8-73846c9881ec,covers,urn:uuid:082bcf3e-3f51-52e9-82d6-8ac55ad14196,
urn:uuid:6fc1dc19-fa8e-5f83-b0fb-26d2e6a0fa54,relation/unit/bab-4-produk-langsung-semilangsung-dan-ekstensi-grup/covers/surface/unit-027/protected-math-zone/038-inline,urn:uuid:2b69f346-9971-564b-a6c8-73846c9881ec,covers,urn:uuid:3e018aea-3255-52cf-b0e9-b37c1e9ffe6f,
urn:uuid:e0b2ff03-6ddb-5a9b-a8d9-a7893502ef95,relation/unit/bab-4-produk-langsung-semilangsung-dan-ekstensi-grup/covers/surface/unit-027/protected-math-zone/039-inline,urn:uuid:2b69f346-9971-564b-a6c8-73846c9881ec,covers,urn:uuid:8a045103-e11e-5f9d-807c-577bf0c44242,
urn:uuid:22385e40-e8cb-5574-af2a-2246b95e2c4a,relation/unit/bab-4-produk-langsung-semilangsung-dan-ekstensi-grup/covers/surface/unit-027/protected-math-zone/040-inline,urn:uuid:2b69f346-9971-564b-a6c8-73846c9881ec,covers,urn:uuid:4b33b0a0-6462-5e97-9e94-d9691cfcf887,
urn:uuid:3622362d-74ed-5c24-b032-3f3cb9ecc4f7,relation/unit/bab-4-produk-langsung-semilangsung-dan-ekstensi-grup/covers/surface/unit-027/protected-math-zone/041-inline,urn:uuid:2b69f346-9971-564b-a6c8-73846c9881ec,covers,urn:uuid:e2e429a9-1b55-5290-93ef-83a505c96c22,
urn:uuid:bef74408-3edf-594b-88de-442a93bc553f,relation/unit/bab-4-produk-langsung-semilangsung-dan-ekstensi-grup/covers/surface/unit-027/protected-math-zone/042-inline,urn:uuid:2b69f346-9971-564b-a6c8-73846c9881ec,covers,urn:uuid:c1885812-8bd0-5daa-9fd1-7513377d450c,
urn:uuid:43aa3915-56af-53e9-9161-9652147b8786,relation/unit/bab-4-produk-langsung-semilangsung-dan-ekstensi-grup/covers/surface/unit-027/protected-math-zone/043-inline,urn:uuid:2b69f346-9971-564b-a6c8-73846c9881ec,covers,urn:uuid:7188137d-dc1c-5e51-a9c0-61484231053d,
urn:uuid:7f0c4339-b4cb-5673-8df0-b9f08ee3ad0c,relation/unit/bab-4-produk-langsung-semilangsung-dan-ekstensi-grup/covers/surface/unit-027/protected-math-zone/044-inline,urn:uuid:2b69f346-9971-564b-a6c8-73846c9881ec,covers,urn:uuid:ec3ff8e5-41f5-5c3a-9ece-4c9a644d4fb1,
urn:uuid:1a3c3720-b738-5b9f-bdfd-34e814cbd4f3,relation/unit/bab-4-produk-langsung-semilangsung-dan-ekstensi-grup/covers/surface/unit-027/protected-math-zone/045-inline,urn:uuid:2b69f346-9971-564b-a6c8-73846c9881ec,covers,urn:uuid:90643144-4684-513b-8183-435ce65eb1fd,
urn:uuid:757a31bb-2d87-5f2d-8864-2f562a6046f4,relation/unit/bab-4-produk-langsung-semilangsung-dan-ekstensi-grup/covers/surface/unit-027/protected-math-zone/046-inline,urn:uuid:2b69f346-9971-564b-a6c8-73846c9881ec,covers,urn:uuid:96356266-d273-53bc-b6c8-5eb0aa475aa3,
urn:uuid:993c1121-85d4-5d66-bc34-9588d10b9114,relation/unit/bab-4-produk-langsung-semilangsung-dan-ekstensi-grup/covers/surface/unit-027/protected-math-zone/047-inline,urn:uuid:2b69f346-9971-564b-a6c8-73846c9881ec,covers,urn:uuid:d2d6515b-0383-5b9f-96d6-083e8b10925b,
urn:uuid:dcbc8493-043f-5072-99a8-6f65b51b10dd,relation/unit/bab-4-produk-langsung-semilangsung-dan-ekstensi-grup/covers/surface/unit-027/protected-math-zone/048-inline,urn:uuid:2b69f346-9971-564b-a6c8-73846c9881ec,covers,urn:uuid:0b0517db-dbc3-5362-bced-32b9d2f0c510,
urn:uuid:3c453aa3-3950-5c3f-9f1d-acd463ef1adc,relation/unit/bab-4-produk-langsung-semilangsung-dan-ekstensi-grup/covers/surface/unit-027/protected-math-zone/049-inline,urn:uuid:2b69f346-9971-564b-a6c8-73846c9881ec,covers,urn:uuid:7fd2abed-8ae4-5225-bed2-ce55f3675f4d,
urn:uuid:c8ef818e-dee5-5819-b7a9-1c8fc892c41e,relation/unit/bab-4-produk-langsung-semilangsung-dan-ekstensi-grup/covers/surface/unit-027/protected-math-zone/050-inline,urn:uuid:2b69f346-9971-564b-a6c8-73846c9881ec,covers,urn:uuid:7caf8593-7011-5569-9123-4073ad223210,
urn:uuid:52eb8438-f2e6-5f24-b5ca-6db26cd9630b,relation/unit/bab-4-produk-langsung-semilangsung-dan-ekstensi-grup/covers/surface/unit-027/protected-math-zone/051-inline,urn:uuid:2b69f346-9971-564b-a6c8-73846c9881ec,covers,urn:uuid:62ce9734-27a2-5541-ad3a-c705df2a8727,
urn:uuid:f5601480-8231-5f61-871d-69e734415e95,relation/unit/bab-4-produk-langsung-semilangsung-dan-ekstensi-grup/covers/surface/unit-027/protected-math-zone/052-inline,urn:uuid:2b69f346-9971-564b-a6c8-73846c9881ec,covers,urn:uuid:846fee95-46ba-5e48-93bc-84cae36579b0,
urn:uuid:25e69fa3-1acd-5efc-bfd2-bf8ce607953d,relation/unit/bab-4-produk-langsung-semilangsung-dan-ekstensi-grup/covers/surface/unit-027/protected-math-zone/053-inline,urn:uuid:2b69f346-9971-564b-a6c8-73846c9881ec,covers,urn:uuid:68a041b8-1fbe-5bf4-9f32-7cc3477e9b37,
urn:uuid:1447e315-d46f-544e-abb6-093c011a7d7a,relation/unit/bab-4-produk-langsung-semilangsung-dan-ekstensi-grup/covers/surface/unit-027/protected-math-zone/054-inline,urn:uuid:2b69f346-9971-564b-a6c8-73846c9881ec,covers,urn:uuid:87a9c211-ff02-5fb1-9e46-259c0a522f11,
urn:uuid:079258cd-882b-53dd-8371-98e7332b06d3,relation/unit/bab-4-produk-langsung-semilangsung-dan-ekstensi-grup/covers/surface/unit-027/protected-math-zone/055-inline,urn:uuid:2b69f346-9971-564b-a6c8-73846c9881ec,covers,urn:uuid:7711df6e-eb62-57d4-bf54-a9f9174342af,
urn:uuid:8ca0c71c-3bbb-5e07-abdb-c0cd95d5ee20,relation/unit/bab-4-produk-langsung-semilangsung-dan-ekstensi-grup/covers/surface/unit-027/protected-math-zone/056-inline,urn:uuid:2b69f346-9971-564b-a6c8-73846c9881ec,covers,urn:uuid:bfd933b7-857a-50f3-a21a-dd934abcbe2a,
urn:uuid:86bf2d00-0198-56eb-be89-02eb483b6216,relation/unit/bab-4-produk-langsung-semilangsung-dan-ekstensi-grup/covers/surface/unit-027/protected-math-zone/057-display-environment,urn:uuid:2b69f346-9971-564b-a6c8-73846c9881ec,covers,urn:uuid:458f8bc7-5943-57f1-bbec-31792aa7022b,
urn:uuid:8b5133c2-439b-5139-a4ca-aaa1d753acad,relation/unit/bab-4-produk-langsung-semilangsung-dan-ekstensi-grup/covers/surface/unit-027/protected-math-zone/058-inline,urn:uuid:2b69f346-9971-564b-a6c8-73846c9881ec,covers,urn:uuid:b8a5ac39-ad2f-5bb0-846b-bf641e0166ce,
urn:uuid:7de7f25d-8579-5a3c-8f20-cf1535cfc12f,relation/unit/bab-4-produk-langsung-semilangsung-dan-ekstensi-grup/covers/surface/unit-027/protected-math-zone/059-inline,urn:uuid:2b69f346-9971-564b-a6c8-73846c9881ec,covers,urn:uuid:7f748f77-626d-5171-bff7-7610c9389355,
urn:uuid:17f64423-c019-5fd7-86e2-964ab7b2d09b,relation/unit/bab-4-produk-langsung-semilangsung-dan-ekstensi-grup/covers/surface/unit-027/protected-math-zone/060-inline,urn:uuid:2b69f346-9971-564b-a6c8-73846c9881ec,covers,urn:uuid:a391c171-5fec-5759-92bd-4dcdb4caeaaa,
urn:uuid:0581d40e-abb4-5266-a62a-c4b1280915ed,relation/unit/bab-4-produk-langsung-semilangsung-dan-ekstensi-grup/covers/surface/unit-027/protected-math-zone/061-inline,urn:uuid:2b69f346-9971-564b-a6c8-73846c9881ec,covers,urn:uuid:d328416b-55f2-5b03-aa1a-77b27fcb015e,
urn:uuid:ab3e6ebb-9197-5988-85e6-a6f3f55b3052,relation/unit/bab-4-produk-langsung-semilangsung-dan-ekstensi-grup/covers/surface/unit-027/protected-math-zone/062-inline,urn:uuid:2b69f346-9971-564b-a6c8-73846c9881ec,covers,urn:uuid:b2aeaaea-baa6-5d86-95ed-09264f79296a,
urn:uuid:7a1addfc-0be9-56e8-9b9f-a4c97f065cf4,relation/unit/bab-4-produk-langsung-semilangsung-dan-ekstensi-grup/covers/surface/unit-027/protected-math-zone/063-inline,urn:uuid:2b69f346-9971-564b-a6c8-73846c9881ec,covers,urn:uuid:db541a0c-b785-568e-a7a1-0b615206a589,
urn:uuid:5f78523b-4199-563e-9aa7-5c0113e7dfb7,relation/unit/bab-4-produk-langsung-semilangsung-dan-ekstensi-grup/covers/surface/unit-027/protected-math-zone/064-inline,urn:uuid:2b69f346-9971-564b-a6c8-73846c9881ec,covers,urn:uuid:c4651d1b-e86a-535b-8018-fb5d7b15d406,
urn:uuid:e79d6bce-8be1-5e37-8b12-0f4b3031f167,relation/unit/bab-4-produk-langsung-semilangsung-dan-ekstensi-grup/covers/surface/unit-027/protected-math-zone/065-inline,urn:uuid:2b69f346-9971-564b-a6c8-73846c9881ec,covers,urn:uuid:8da2a389-17d7-5b46-8240-8e5624930cf7,
urn:uuid:a96fc8cc-f4f3-5602-b1e7-d3b2adcc3ee9,relation/unit/bab-4-produk-langsung-semilangsung-dan-ekstensi-grup/covers/surface/unit-027/protected-math-zone/066-inline,urn:uuid:2b69f346-9971-564b-a6c8-73846c9881ec,covers,urn:uuid:4144cb95-f3e3-5d3e-a0cb-8ccbac9c58d2,
urn:uuid:3782b337-81e1-5374-87b3-d37fdc30dc3b,relation/unit/bab-4-produk-langsung-semilangsung-dan-ekstensi-grup/covers/surface/unit-027/protected-math-zone/067-display-environment,urn:uuid:2b69f346-9971-564b-a6c8-73846c9881ec,covers,urn:uuid:b4adb7d5-0013-5940-8eb9-879b7279490b,
urn:uuid:dc3b4763-f22b-5321-bdd7-69a78fc58600,relation/unit/bab-4-produk-langsung-semilangsung-dan-ekstensi-grup/covers/surface/unit-027/protected-math-zone/068-inline,urn:uuid:2b69f346-9971-564b-a6c8-73846c9881ec,covers,urn:uuid:81528809-b8a8-5e93-921b-21e581eef12c,
urn:uuid:ae53c8d0-4c09-571f-b368-36b9e46e5103,relation/unit/bab-4-produk-langsung-semilangsung-dan-ekstensi-grup/covers/surface/unit-027/protected-math-zone/069-inline,urn:uuid:2b69f346-9971-564b-a6c8-73846c9881ec,covers,urn:uuid:2a3de652-4b47-5d5b-a13f-5d8ae309145d,
urn:uuid:cc18fe0d-65a6-5da3-97b9-e597aaa97c5b,relation/unit/bab-4-produk-langsung-semilangsung-dan-ekstensi-grup/covers/surface/unit-027/protected-math-zone/070-inline,urn:uuid:2b69f346-9971-564b-a6c8-73846c9881ec,covers,urn:uuid:e1a3d43f-42b1-5342-8998-71a96d437ca3,
urn:uuid:d380ff8a-5b48-5e89-9d77-0b9131dea854,relation/unit/bab-4-produk-langsung-semilangsung-dan-ekstensi-grup/covers/surface/unit-027/protected-math-zone/071-inline,urn:uuid:2b69f346-9971-564b-a6c8-73846c9881ec,covers,urn:uuid:ad6142b4-e5a1-5551-9308-83bfaa198efe,
urn:uuid:c5ee0d97-141b-5fb3-bd65-dc7b7537ae19,relation/unit/bab-4-produk-langsung-semilangsung-dan-ekstensi-grup/covers/surface/unit-027/protected-math-zone/072-inline,urn:uuid:2b69f346-9971-564b-a6c8-73846c9881ec,covers,urn:uuid:6d35d817-c2c3-5021-be82-72f9299b8ca1,
urn:uuid:0889b21b-8c62-5cb6-9e96-b48e879f9cdf,relation/unit/bab-4-produk-langsung-semilangsung-dan-ekstensi-grup/covers/surface/unit-027/protected-math-zone/073-inline,urn:uuid:2b69f346-9971-564b-a6c8-73846c9881ec,covers,urn:uuid:27ed61ce-d6fc-5d6b-9a2d-b9ac1574038f,
urn:uuid:aa9a0283-b13b-5275-a8a3-e53829300ed7,relation/unit/bab-4-produk-langsung-semilangsung-dan-ekstensi-grup/covers/surface/unit-027/protected-math-zone/074-inline,urn:uuid:2b69f346-9971-564b-a6c8-73846c9881ec,covers,urn:uuid:d950aaee-3e14-5415-b6ad-82a878e9579f,
urn:uuid:fdef7dda-8614-5189-bbba-37f918d4a764,relation/unit/bab-4-produk-langsung-semilangsung-dan-ekstensi-grup/covers/surface/unit-027/protected-math-zone/075-inline,urn:uuid:2b69f346-9971-564b-a6c8-73846c9881ec,covers,urn:uuid:ffc1b88d-2b1a-5a58-958d-f44c596f779e,
urn:uuid:a30061a9-5a26-5c6b-8110-4852b7c72b49,relation/unit/bab-4-produk-langsung-semilangsung-dan-ekstensi-grup/covers/surface/unit-027/protected-math-zone/076-inline,urn:uuid:2b69f346-9971-564b-a6c8-73846c9881ec,covers,urn:uuid:b9ca493e-7907-5f6c-bb98-3f4600887462,
urn:uuid:63e9bf85-05b1-5459-8790-c45c81384393,relation/unit/bab-4-produk-langsung-semilangsung-dan-ekstensi-grup/covers/surface/unit-027/protected-math-zone/077-inline,urn:uuid:2b69f346-9971-564b-a6c8-73846c9881ec,covers,urn:uuid:5cebe73b-8d2b-5acc-a3ca-98193b7f24ab,
urn:uuid:4041d4e0-6072-59b7-b19c-62b68b3a8a2f,relation/unit/bab-4-produk-langsung-semilangsung-dan-ekstensi-grup/covers/surface/unit-027/protected-math-zone/078-inline,urn:uuid:2b69f346-9971-564b-a6c8-73846c9881ec,covers,urn:uuid:764a7f24-d1a8-5940-94f2-4d3f6dd99b59,
urn:uuid:c773512b-68ca-5a32-9fd4-ba344e2cb720,relation/unit/bab-4-produk-langsung-semilangsung-dan-ekstensi-grup/covers/surface/unit-027/protected-math-zone/079-inline,urn:uuid:2b69f346-9971-564b-a6c8-73846c9881ec,covers,urn:uuid:6b23fe18-099c-5b6d-a5c5-c7b93c09c784,
urn:uuid:a317eb49-57e9-5f9c-b9bf-a7ad1988a3a1,relation/unit/bab-4-produk-langsung-semilangsung-dan-ekstensi-grup/covers/surface/unit-027/protected-math-zone/080-inline,urn:uuid:2b69f346-9971-564b-a6c8-73846c9881ec,covers,urn:uuid:430e5af9-78e9-5c58-9db9-a59e9e5f9a48,
urn:uuid:ae057b44-cea1-5b14-a02b-6da6db3caa82,relation/unit/bab-4-produk-langsung-semilangsung-dan-ekstensi-grup/covers/surface/unit-027/protected-math-zone/081-inline,urn:uuid:2b69f346-9971-564b-a6c8-73846c9881ec,covers,urn:uuid:f22c1edd-2b4c-5d20-bd9e-54695b6af903,
urn:uuid:830d1818-b69b-54b4-95ba-f4ef88ddc1e3,relation/unit/bab-4-produk-langsung-semilangsung-dan-ekstensi-grup/covers/surface/unit-027/protected-math-zone/082-inline,urn:uuid:2b69f346-9971-564b-a6c8-73846c9881ec,covers,urn:uuid:221fcb40-3863-52fc-ac7c-52be04f8dc0b,
urn:uuid:ba246de4-dc15-5192-ab55-adeb129e36a2,relation/unit/bab-4-produk-langsung-semilangsung-dan-ekstensi-grup/covers/surface/unit-027/protected-math-zone/083-inline,urn:uuid:2b69f346-9971-564b-a6c8-73846c9881ec,covers,urn:uuid:15bab458-f970-5900-9eda-6079e20a20f8,
urn:uuid:9591c00f-4b4a-5e50-a737-671b90f201c3,relation/unit/bab-4-produk-langsung-semilangsung-dan-ekstensi-grup/covers/surface/unit-027/protected-math-zone/084-inline,urn:uuid:2b69f346-9971-564b-a6c8-73846c9881ec,covers,urn:uuid:bc2c73a4-9046-5747-8c26-f1853d6d7f5d,
urn:uuid:94c0e072-5ea4-516b-adc4-1fdeb93c0c30,relation/unit/bab-4-produk-langsung-semilangsung-dan-ekstensi-grup/covers/surface/unit-027/protected-math-zone/085-display-bracket,urn:uuid:2b69f346-9971-564b-a6c8-73846c9881ec,covers,urn:uuid:35fe2183-2e5a-58b7-b87a-5df01c38a421,
urn:uuid:8bee63ed-68f8-50b7-a571-33714f2e0d2a,relation/unit/bab-4-produk-langsung-semilangsung-dan-ekstensi-grup/covers/surface/unit-027/protected-math-zone/086-inline,urn:uuid:2b69f346-9971-564b-a6c8-73846c9881ec,covers,urn:uuid:8134ea83-0710-55bd-aee1-772e900ea8f8,
urn:uuid:bb3a27b2-4c71-5f15-be5a-9d888215178c,relation/unit/bab-4-produk-langsung-semilangsung-dan-ekstensi-grup/covers/surface/unit-027/protected-math-zone/087-inline,urn:uuid:2b69f346-9971-564b-a6c8-73846c9881ec,covers,urn:uuid:f56eb113-cd52-5b95-bd0c-f1d6943e46e4,
urn:uuid:ee90f8da-c1c7-55ba-9d13-4c7a0a91b4de,relation/unit/bab-4-produk-langsung-semilangsung-dan-ekstensi-grup/covers/surface/unit-027/protected-math-zone/088-inline,urn:uuid:2b69f346-9971-564b-a6c8-73846c9881ec,covers,urn:uuid:a6404341-5938-51c7-8b51-cf6b63c22eda,
urn:uuid:508d20ad-a82b-5b84-865d-d97ebe629930,relation/unit/bab-4-produk-langsung-semilangsung-dan-ekstensi-grup/covers/surface/unit-027/protected-math-zone/089-inline,urn:uuid:2b69f346-9971-564b-a6c8-73846c9881ec,covers,urn:uuid:32a2878e-807a-5aa0-9bf8-34def35b74e7,
urn:uuid:585467f4-23b1-57b2-9348-38e985ea2c3f,relation/unit/bab-4-produk-langsung-semilangsung-dan-ekstensi-grup/covers/surface/unit-027/protected-math-zone/090-inline,urn:uuid:2b69f346-9971-564b-a6c8-73846c9881ec,covers,urn:uuid:b267a882-e2fa-5b6e-96d6-09655d7261bf,
urn:uuid:04bd5785-a7a1-541b-be04-1a8d7cbf1546,relation/unit/bab-4-produk-langsung-semilangsung-dan-ekstensi-grup/covers/surface/unit-027/protected-math-zone/091-inline,urn:uuid:2b69f346-9971-564b-a6c8-73846c9881ec,covers,urn:uuid:f4ff09e8-b330-5043-884a-00a591595d78,
urn:uuid:0b419e8c-af95-536c-8a22-a4bc68d7d734,relation/unit/bab-4-produk-langsung-semilangsung-dan-ekstensi-grup/covers/surface/unit-027/protected-math-zone/092-inline,urn:uuid:2b69f346-9971-564b-a6c8-73846c9881ec,covers,urn:uuid:be5839c6-4801-5c53-8918-ee8d7beb5f79,
urn:uuid:5b80d7d9-b73f-580d-b4db-4d083d6cb37c,relation/unit/bab-4-produk-langsung-semilangsung-dan-ekstensi-grup/covers/surface/unit-027/protected-math-zone/093-inline,urn:uuid:2b69f346-9971-564b-a6c8-73846c9881ec,covers,urn:uuid:e232ead2-a407-54ea-8a69-f819fa1dceb5,
urn:uuid:49d58d5a-a109-5643-95c5-4cce9b1e66a5,relation/unit/bab-4-produk-langsung-semilangsung-dan-ekstensi-grup/covers/surface/unit-027/protected-math-zone/094-inline,urn:uuid:2b69f346-9971-564b-a6c8-73846c9881ec,covers,urn:uuid:32f75699-0dfd-5333-8f53-ce5a47ede1ee,
urn:uuid:f6242632-974a-56fa-943d-b99ce3b0ccea,relation/unit/bab-4-produk-langsung-semilangsung-dan-ekstensi-grup/covers/surface/unit-027/protected-math-zone/095-inline,urn:uuid:2b69f346-9971-564b-a6c8-73846c9881ec,covers,urn:uuid:63bdb490-236d-5564-b76e-c148a2a95570,
urn:uuid:372d7950-56f5-55d8-b1db-740abe375f8d,relation/unit/bab-4-produk-langsung-semilangsung-dan-ekstensi-grup/covers/surface/unit-027/protected-math-zone/096-inline,urn:uuid:2b69f346-9971-564b-a6c8-73846c9881ec,covers,urn:uuid:38bda38e-3070-5e8f-9ef0-2d9d31fe7803,
urn:uuid:ed988265-cdbf-5414-b05c-26b1e4c775b4,relation/unit/bab-4-produk-langsung-semilangsung-dan-ekstensi-grup/covers/surface/unit-027/protected-math-zone/097-inline,urn:uuid:2b69f346-9971-564b-a6c8-73846c9881ec,covers,urn:uuid:8106c921-0e8c-564c-9f15-f57c6716a725,
urn:uuid:c273bb73-d082-54e7-a084-c90c0a289fb3,relation/unit/bab-4-produk-langsung-semilangsung-dan-ekstensi-grup/covers/surface/unit-027/protected-math-zone/098-inline,urn:uuid:2b69f346-9971-564b-a6c8-73846c9881ec,covers,urn:uuid:9a08214f-ae5d-5e85-bff6-a8ca96fea910,
urn:uuid:99f5f727-72ca-5c93-8e36-3ec54a3d0718,relation/unit/bab-4-produk-langsung-semilangsung-dan-ekstensi-grup/covers/surface/unit-027/protected-math-zone/099-inline,urn:uuid:2b69f346-9971-564b-a6c8-73846c9881ec,covers,urn:uuid:e104b523-5113-534c-8b58-7e3708670dbe,
urn:uuid:77d4dfaf-9a38-598d-a961-43f1b41f669b,relation/unit/bab-4-produk-langsung-semilangsung-dan-ekstensi-grup/covers/surface/unit-027/protected-math-zone/100-inline,urn:uuid:2b69f346-9971-564b-a6c8-73846c9881ec,covers,urn:uuid:8f3f5ee1-7ab6-5262-810d-b9e1ef900089,
urn:uuid:232d4e2f-d760-5b96-a338-443eef62cf0e,relation/unit/bab-4-produk-langsung-semilangsung-dan-ekstensi-grup/covers/surface/unit-027/protected-math-zone/101-inline,urn:uuid:2b69f346-9971-564b-a6c8-73846c9881ec,covers,urn:uuid:49ebdc02-003b-5c4a-a961-763de19ae56a,
urn:uuid:635368a4-534f-5935-ac76-9593ecb31aea,relation/unit/bab-4-produk-langsung-semilangsung-dan-ekstensi-grup/covers/surface/unit-027/protected-math-zone/102-inline,urn:uuid:2b69f346-9971-564b-a6c8-73846c9881ec,covers,urn:uuid:6aaae28e-6e30-5a4f-8809-862ab7336419,
urn:uuid:0c5b7b5e-cd06-563e-b185-e07ebc2bfd73,relation/unit/bab-4-produk-langsung-semilangsung-dan-ekstensi-grup/covers/surface/unit-027/protected-math-zone/103-inline,urn:uuid:2b69f346-9971-564b-a6c8-73846c9881ec,covers,urn:uuid:bd4f337e-c517-5d1f-939a-c94a6da12658,
urn:uuid:e749259d-d14a-508a-9cbf-93c603ce56e8,relation/unit/bab-4-produk-langsung-semilangsung-dan-ekstensi-grup/covers/surface/unit-027/protected-math-zone/104-inline,urn:uuid:2b69f346-9971-564b-a6c8-73846c9881ec,covers,urn:uuid:447dafa9-3606-5161-88be-64dc378fd134,
urn:uuid:40fa8f72-200e-57ea-bfc7-bba0a41084f2,relation/unit/bab-4-produk-langsung-semilangsung-dan-ekstensi-grup/covers/surface/unit-027/protected-math-zone/105-inline,urn:uuid:2b69f346-9971-564b-a6c8-73846c9881ec,covers,urn:uuid:9e7cedaf-162b-5916-906a-1d1ffe6466f7,
urn:uuid:71084ab6-83b6-5629-a207-39847dbd30b7,relation/unit/bab-4-produk-langsung-semilangsung-dan-ekstensi-grup/covers/surface/unit-027/protected-math-zone/106-inline,urn:uuid:2b69f346-9971-564b-a6c8-73846c9881ec,covers,urn:uuid:b60ca724-8676-5f7c-b052-2aef1201d697,
urn:uuid:92598a31-afcd-5d3b-9c3e-b4f3ccfa6035,relation/unit/bab-4-produk-langsung-semilangsung-dan-ekstensi-grup/covers/surface/unit-027/protected-math-zone/107-inline,urn:uuid:2b69f346-9971-564b-a6c8-73846c9881ec,covers,urn:uuid:77467227-18c5-5a7f-9623-fe660c9b980b,
urn:uuid:c5eba3cd-7058-5370-b274-7ca5a9479988,relation/unit/bab-4-produk-langsung-semilangsung-dan-ekstensi-grup/covers/surface/unit-027/protected-math-zone/108-inline,urn:uuid:2b69f346-9971-564b-a6c8-73846c9881ec,covers,urn:uuid:1cbc08d5-9c39-5c49-9e27-9e7d736e31d0,
urn:uuid:20c324fc-b72e-5cdf-b3de-5208d8d69304,relation/unit/bab-4-produk-langsung-semilangsung-dan-ekstensi-grup/covers/surface/unit-027/protected-math-zone/109-inline,urn:uuid:2b69f346-9971-564b-a6c8-73846c9881ec,covers,urn:uuid:81f0286d-c3fa-5b34-98b0-73d5ce97ae2b,
urn:uuid:b8028751-fc2d-5c3e-888a-2874cf0851d7,relation/unit/bab-4-produk-langsung-semilangsung-dan-ekstensi-grup/covers/surface/unit-027/protected-math-zone/110-inline,urn:uuid:2b69f346-9971-564b-a6c8-73846c9881ec,covers,urn:uuid:f1d2160e-d312-5757-a360-529ab3983f8f,
urn:uuid:b80b6b50-9515-521c-b290-73e2940518a1,relation/unit/bab-4-produk-langsung-semilangsung-dan-ekstensi-grup/covers/surface/unit-027/protected-math-zone/111-inline,urn:uuid:2b69f346-9971-564b-a6c8-73846c9881ec,covers,urn:uuid:55265174-6e20-5008-ac0e-b6c700fdae23,
urn:uuid:9c9c4b8d-10be-5981-8e03-ac705cb386b4,relation/unit/bab-4-produk-langsung-semilangsung-dan-ekstensi-grup/covers/surface/unit-027/protected-math-zone/112-inline,urn:uuid:2b69f346-9971-564b-a6c8-73846c9881ec,covers,urn:uuid:c5a76cbb-f336-57d8-909e-371c106f74dd,
urn:uuid:9f199dbd-2203-54dd-a550-22cec66027d1,relation/unit/bab-4-produk-langsung-semilangsung-dan-ekstensi-grup/covers/surface/unit-027/protected-math-zone/113-inline,urn:uuid:2b69f346-9971-564b-a6c8-73846c9881ec,covers,urn:uuid:6d0badb5-6ac8-5a5e-9695-c7f84b56fc70,
urn:uuid:08f6c8b1-bbe5-5b34-b2e5-f5ed178f8306,relation/unit/bab-4-produk-langsung-semilangsung-dan-ekstensi-grup/covers/surface/unit-027/protected-math-zone/114-inline,urn:uuid:2b69f346-9971-564b-a6c8-73846c9881ec,covers,urn:uuid:370bdcfa-a6d6-597b-9a3b-0268b2a20b8f,
urn:uuid:c94ae68c-bb9d-5426-b332-286a68ed18cd,relation/unit/bab-4-produk-langsung-semilangsung-dan-ekstensi-grup/covers/surface/unit-027/protected-math-zone/115-inline,urn:uuid:2b69f346-9971-564b-a6c8-73846c9881ec,covers,urn:uuid:13e53116-641d-55c5-9eb5-7baa78815992,
urn:uuid:3f2619e2-8ad5-5ea1-9fa0-00f0e5ac0f3a,relation/unit/bab-4-produk-langsung-semilangsung-dan-ekstensi-grup/covers/surface/unit-027/protected-math-zone/116-inline,urn:uuid:2b69f346-9971-564b-a6c8-73846c9881ec,covers,urn:uuid:c6f9bec6-f6a7-5c40-a164-036f7fbf3410,
urn:uuid:09709c9a-08f4-5c52-9a8a-ba95145581ae,relation/unit/bab-4-produk-langsung-semilangsung-dan-ekstensi-grup/covers/surface/unit-027/protected-math-zone/117-inline,urn:uuid:2b69f346-9971-564b-a6c8-73846c9881ec,covers,urn:uuid:faef3c85-e20d-584c-a889-b36aac13fbc6,
urn:uuid:e5879235-abd7-5bd0-a65d-8e006ac648c4,relation/unit/bab-4-produk-langsung-semilangsung-dan-ekstensi-grup/covers/surface/unit-027/protected-math-zone/118-inline,urn:uuid:2b69f346-9971-564b-a6c8-73846c9881ec,covers,urn:uuid:a567266b-bd36-5b98-8ca4-6267e57fa72f,
urn:uuid:d1c5ced0-c549-5667-8e6b-42f97d5eb078,relation/unit/bab-4-produk-langsung-semilangsung-dan-ekstensi-grup/covers/surface/unit-027/protected-math-zone/119-inline,urn:uuid:2b69f346-9971-564b-a6c8-73846c9881ec,covers,urn:uuid:0c6154a1-751d-5d6f-a19f-f193402934b1,
urn:uuid:fa087e55-4ec3-526a-97bf-f26a1873d34a,relation/unit/bab-4-produk-langsung-semilangsung-dan-ekstensi-grup/covers/surface/unit-027/protected-math-zone/120-inline,urn:uuid:2b69f346-9971-564b-a6c8-73846c9881ec,covers,urn:uuid:17eafe47-0177-5923-9f88-5824eef2f81f,
urn:uuid:7d52dcec-41a3-5e77-992d-ceaa1d749886,relation/unit/bab-4-produk-langsung-semilangsung-dan-ekstensi-grup/covers/surface/unit-027/protected-math-zone/121-inline,urn:uuid:2b69f346-9971-564b-a6c8-73846c9881ec,covers,urn:uuid:70b27c56-ff00-5e34-b3a5-9cfffb77a609,
urn:uuid:5e2a91f9-2173-5abf-adff-a56d733e4831,relation/unit/bab-4-produk-langsung-semilangsung-dan-ekstensi-grup/covers/surface/unit-027/protected-math-zone/122-inline,urn:uuid:2b69f346-9971-564b-a6c8-73846c9881ec,covers,urn:uuid:2f233261-96fa-57d3-850c-c33443c1b994,
urn:uuid:79942ce0-16f7-525c-b0ae-fdb0740151c1,relation/unit/bab-4-produk-langsung-semilangsung-dan-ekstensi-grup/covers/surface/unit-027/protected-math-zone/123-inline,urn:uuid:2b69f346-9971-564b-a6c8-73846c9881ec,covers,urn:uuid:be76f9b0-ba31-57a0-9b71-83c25b10d525,
urn:uuid:431a427c-496f-522e-9d99-47dbdf5c5d38,relation/unit/bab-4-produk-langsung-semilangsung-dan-ekstensi-grup/covers/surface/unit-027/protected-math-zone/124-inline,urn:uuid:2b69f346-9971-564b-a6c8-73846c9881ec,covers,urn:uuid:84619abc-4e84-5581-8f56-fe8a3c626f7a,
urn:uuid:861dab7f-e6fd-5104-b1d9-f6291283c2fd,relation/unit/bab-4-produk-langsung-semilangsung-dan-ekstensi-grup/covers/surface/unit-027/protected-math-zone/125-inline,urn:uuid:2b69f346-9971-564b-a6c8-73846c9881ec,covers,urn:uuid:5f4e4a72-c1ec-5b27-8524-33cdbaba4b63,
urn:uuid:ae0620ad-9469-55b2-93fc-b02c5d746992,relation/unit/bab-4-produk-langsung-semilangsung-dan-ekstensi-grup/covers/surface/unit-027/protected-math-zone/126-display-environment,urn:uuid:2b69f346-9971-564b-a6c8-73846c9881ec,covers,urn:uuid:009b617d-df69-51ff-a997-5e6ca098484b,
urn:uuid:a367e54e-8730-57b5-b131-bd55bedffee7,relation/unit/bab-4-produk-langsung-semilangsung-dan-ekstensi-grup/covers/surface/unit-027/protected-math-zone/127-inline,urn:uuid:2b69f346-9971-564b-a6c8-73846c9881ec,covers,urn:uuid:63493490-1caa-5b92-9ced-55df8e908f6a,
urn:uuid:cec10aa0-3655-58bc-b295-35aa648cced1,relation/unit/bab-4-produk-langsung-semilangsung-dan-ekstensi-grup/covers/surface/unit-027/protected-math-zone/128-inline,urn:uuid:2b69f346-9971-564b-a6c8-73846c9881ec,covers,urn:uuid:e448de77-f651-5147-b2a7-cfa9de50ca60,
urn:uuid:5cdb29c9-e2aa-5e84-bc86-96a93ce36705,relation/unit/bab-4-produk-langsung-semilangsung-dan-ekstensi-grup/covers/surface/unit-027/protected-math-zone/129-inline,urn:uuid:2b69f346-9971-564b-a6c8-73846c9881ec,covers,urn:uuid:9e858028-4241-5140-bbd8-88600ada1a3a,
urn:uuid:8762ad2b-2ed0-5595-8eef-54cf2177e955,relation/unit/bab-4-produk-langsung-semilangsung-dan-ekstensi-grup/covers/surface/unit-027/protected-math-zone/130-inline,urn:uuid:2b69f346-9971-564b-a6c8-73846c9881ec,covers,urn:uuid:cfc8caa0-af69-5a5f-bde2-3eb5320def78,
urn:uuid:06a74e2c-6e67-59a3-a6fd-375e4fcf8849,relation/unit/bab-4-produk-langsung-semilangsung-dan-ekstensi-grup/covers/surface/unit-027/protected-math-zone/131-inline,urn:uuid:2b69f346-9971-564b-a6c8-73846c9881ec,covers,urn:uuid:896d295a-2431-5b2d-8c60-6c7c603e6041,
urn:uuid:1e8641b5-0662-55b5-bd77-c8861f2c7118,relation/unit/bab-4-produk-langsung-semilangsung-dan-ekstensi-grup/covers/surface/unit-027/protected-math-zone/132-inline,urn:uuid:2b69f346-9971-564b-a6c8-73846c9881ec,covers,urn:uuid:8634706a-1629-5fcc-92e8-d810edeac4d7,
urn:uuid:24b2196e-3016-5116-b92b-45e7f31c4c2e,relation/unit/bab-4-produk-langsung-semilangsung-dan-ekstensi-grup/covers/surface/unit-027/protected-math-zone/133-inline,urn:uuid:2b69f346-9971-564b-a6c8-73846c9881ec,covers,urn:uuid:d5b4f910-2342-52c2-a713-aed45fe14605,
urn:uuid:775d5499-e6e4-55c4-be46-7cd69316b12f,relation/unit/bab-4-produk-langsung-semilangsung-dan-ekstensi-grup/covers/surface/unit-027/protected-math-zone/134-inline,urn:uuid:2b69f346-9971-564b-a6c8-73846c9881ec,covers,urn:uuid:ad62c3d2-8730-5a97-90cf-4bf4ed71af0a,
urn:uuid:4f26f333-b3c0-5667-9e82-9a060c5c32c1,relation/unit/bab-4-produk-langsung-semilangsung-dan-ekstensi-grup/covers/surface/unit-027/protected-math-zone/135-display-bracket,urn:uuid:2b69f346-9971-564b-a6c8-73846c9881ec,covers,urn:uuid:f5862dcd-a6b6-5657-85d8-844ff51a23f1,
urn:uuid:bb1e80b0-c87d-560a-9a45-8a1f1a1ecc8c,relation/unit/bab-4-produk-langsung-semilangsung-dan-ekstensi-grup/covers/surface/unit-027/protected-math-zone/136-inline,urn:uuid:2b69f346-9971-564b-a6c8-73846c9881ec,covers,urn:uuid:bab3a90b-9b6f-503c-9f43-2680ec52642c,
urn:uuid:09639bf9-c3cf-534d-aec4-565ee5c4699c,relation/unit/bab-4-produk-langsung-semilangsung-dan-ekstensi-grup/covers/surface/unit-027/protected-math-zone/137-display-bracket,urn:uuid:2b69f346-9971-564b-a6c8-73846c9881ec,covers,urn:uuid:96e2fcea-e9d3-59ec-82cd-4c4d7d87198c,
urn:uuid:f3c03eb9-3c22-543e-8e56-63a4f4b69bbf,relation/unit/bab-4-produk-langsung-semilangsung-dan-ekstensi-grup/covers/surface/unit-027/protected-math-zone/138-inline,urn:uuid:2b69f346-9971-564b-a6c8-73846c9881ec,covers,urn:uuid:b4de1eac-f677-5bea-92fd-7a5b9d15404b,
urn:uuid:4af827ef-5c31-50e3-8fd9-a8aef6651132,relation/unit/bab-4-produk-langsung-semilangsung-dan-ekstensi-grup/covers/surface/unit-027/protected-math-zone/139-inline,urn:uuid:2b69f346-9971-564b-a6c8-73846c9881ec,covers,urn:uuid:5569ee7f-276c-5b61-aefc-b6fcfbd33511,
urn:uuid:9a380c36-de28-527c-ac4f-107b391c336f,relation/unit/bab-4-produk-langsung-semilangsung-dan-ekstensi-grup/covers/surface/unit-027/protected-math-zone/140-inline,urn:uuid:2b69f346-9971-564b-a6c8-73846c9881ec,covers,urn:uuid:6ab860ce-4c4b-5a58-bee2-ea58b4089048,
urn:uuid:61f617a1-982d-5ff3-9727-8895c20920a8,relation/unit/bab-4-produk-langsung-semilangsung-dan-ekstensi-grup/covers/surface/unit-027/protected-math-zone/141-inline,urn:uuid:2b69f346-9971-564b-a6c8-73846c9881ec,covers,urn:uuid:3399c474-2c1a-549a-9079-b34def02cdfd,
urn:uuid:04f96e79-7758-5f63-ace9-caae840aa3d1,relation/unit/bab-4-produk-langsung-semilangsung-dan-ekstensi-grup/covers/surface/unit-027/protected-math-zone/142-inline,urn:uuid:2b69f346-9971-564b-a6c8-73846c9881ec,covers,urn:uuid:130ef653-a823-516d-8cd9-a54227b943dd,
urn:uuid:ef396aa2-9ff1-5c57-8170-0dd09ffd0e4e,relation/unit/bab-4-produk-langsung-semilangsung-dan-ekstensi-grup/covers/surface/unit-027/protected-math-zone/143-inline,urn:uuid:2b69f346-9971-564b-a6c8-73846c9881ec,covers,urn:uuid:9dd7c5bd-57ae-5162-b92b-761fe4b76bfb,
urn:uuid:644388ba-4ccd-5d15-83f4-f889f433f9a6,relation/unit/bab-4-produk-langsung-semilangsung-dan-ekstensi-grup/covers/surface/unit-027/protected-math-zone/144-inline,urn:uuid:2b69f346-9971-564b-a6c8-73846c9881ec,covers,urn:uuid:11a22d8a-96ab-53be-9ac0-943ebbd3e04f,
urn:uuid:dbe73729-47cf-5195-994a-1e792355dd11,relation/unit/bab-4-produk-langsung-semilangsung-dan-ekstensi-grup/covers/surface/unit-027/protected-math-zone/145-inline,urn:uuid:2b69f346-9971-564b-a6c8-73846c9881ec,covers,urn:uuid:e5120d27-2b88-5525-aaca-12ecd9c2ae64,
urn:uuid:1fab35e7-1c28-5d39-870a-15385f8562a4,relation/unit/bab-4-produk-langsung-semilangsung-dan-ekstensi-grup/covers/surface/unit-027/protected-math-zone/146-display-bracket,urn:uuid:2b69f346-9971-564b-a6c8-73846c9881ec,covers,urn:uuid:ddba6063-8758-500d-8e5b-4da6e142169b,
urn:uuid:2bdad43b-e14b-5059-a7d9-3420585e0bcc,relation/unit/bab-4-produk-langsung-semilangsung-dan-ekstensi-grup/covers/surface/unit-027/protected-math-zone/147-inline,urn:uuid:2b69f346-9971-564b-a6c8-73846c9881ec,covers,urn:uuid:c3d1a0cb-dd12-5b59-96bc-84daf45d28a0,
urn:uuid:116578ef-11ad-5f6c-aad6-8be288640504,relation/unit/bab-4-produk-langsung-semilangsung-dan-ekstensi-grup/covers/surface/unit-027/protected-math-zone/148-display-bracket,urn:uuid:2b69f346-9971-564b-a6c8-73846c9881ec,covers,urn:uuid:0807d788-bcc0-54fb-a680-b7a1d005fa9c,
urn:uuid:78068053-a86b-52cd-aaf7-ba7f464d4f9f,relation/unit/bab-4-produk-langsung-semilangsung-dan-ekstensi-grup/covers/surface/unit-027/protected-math-zone/149-display-bracket,urn:uuid:2b69f346-9971-564b-a6c8-73846c9881ec,covers,urn:uuid:99b2a6f7-8984-55e8-afdd-0e8c581c8d08,
urn:uuid:234fb3ab-7adf-5a15-87a8-89eacde7a6c6,relation/unit/bab-4-produk-langsung-semilangsung-dan-ekstensi-grup/covers/surface/unit-027/protected-math-zone/150-display-environment,urn:uuid:2b69f346-9971-564b-a6c8-73846c9881ec,covers,urn:uuid:deaae7a2-d0a9-5a47-a221-1e156e6eadef,
urn:uuid:ca56ed25-0c17-5043-9e47-e0fab944d771,relation/unit/bab-4-produk-langsung-semilangsung-dan-ekstensi-grup/covers/surface/unit-027/protected-math-zone/151-inline,urn:uuid:2b69f346-9971-564b-a6c8-73846c9881ec,covers,urn:uuid:9a0a3d8f-b6a1-53df-b9fe-1db4f33f194e,
urn:uuid:24a85937-19ec-504d-bf94-0ecdb359265a,relation/unit/bab-4-produk-langsung-semilangsung-dan-ekstensi-grup/covers/surface/unit-027/protected-math-zone/152-inline,urn:uuid:2b69f346-9971-564b-a6c8-73846c9881ec,covers,urn:uuid:9f05ade9-006b-5f55-a940-ca7f77cd0d43,
urn:uuid:8b429c97-fb05-5150-ab2f-d77e39562efa,relation/unit/bab-4-produk-langsung-semilangsung-dan-ekstensi-grup/covers/surface/unit-027/protected-math-zone/153-inline,urn:uuid:2b69f346-9971-564b-a6c8-73846c9881ec,covers,urn:uuid:ca4204e9-812c-599c-8def-b1af43bfecf2,
urn:uuid:e8dc27e1-a2b7-5566-906e-728dd6350780,relation/unit/bab-4-produk-langsung-semilangsung-dan-ekstensi-grup/covers/surface/unit-027/protected-math-zone/154-inline,urn:uuid:2b69f346-9971-564b-a6c8-73846c9881ec,covers,urn:uuid:5fbac0f0-ece8-50fe-b1a4-ba7dc6ba8917,
urn:uuid:4cfbdf13-a77b-56ef-b0c8-faad2b315fb9,relation/unit/bab-4-produk-langsung-semilangsung-dan-ekstensi-grup/covers/surface/unit-027/protected-math-zone/155-inline,urn:uuid:2b69f346-9971-564b-a6c8-73846c9881ec,covers,urn:uuid:0770b769-feeb-5634-8eec-376a377cff82,
urn:uuid:38e7146c-d8d1-5cfd-881f-2a731001dafb,relation/unit/bab-4-produk-langsung-semilangsung-dan-ekstensi-grup/covers/surface/unit-027/protected-math-zone/156-inline,urn:uuid:2b69f346-9971-564b-a6c8-73846c9881ec,covers,urn:uuid:0b5d2a53-8012-5ff2-95c8-5a23294708b9,
urn:uuid:510d5837-aa21-514a-ac05-cf0700307fb7,relation/unit/bab-4-produk-langsung-semilangsung-dan-ekstensi-grup/covers/surface/unit-027/protected-math-zone/157-inline,urn:uuid:2b69f346-9971-564b-a6c8-73846c9881ec,covers,urn:uuid:f8752a0b-0449-51fb-a98b-304c4575b1ec,
urn:uuid:fa51b5d9-980c-5d55-a938-0ea6abf70309,relation/unit/bab-4-produk-langsung-semilangsung-dan-ekstensi-grup/covers/surface/unit-027/protected-math-zone/158-inline,urn:uuid:2b69f346-9971-564b-a6c8-73846c9881ec,covers,urn:uuid:f4206974-af75-51ef-a427-e75df8391474,
urn:uuid:d61e4e51-c84b-57a5-b3bc-3920c6061352,relation/unit/bab-4-produk-langsung-semilangsung-dan-ekstensi-grup/covers/surface/unit-027/protected-math-zone/159-display-bracket,urn:uuid:2b69f346-9971-564b-a6c8-73846c9881ec,covers,urn:uuid:d4f60fd5-6b39-52df-9612-31ea164ef4b3,
urn:uuid:b84eaccf-efdd-5306-b351-44fb51ccf3a5,relation/unit/bab-4-produk-langsung-semilangsung-dan-ekstensi-grup/covers/surface/unit-027/protected-math-zone/160-display-environment,urn:uuid:2b69f346-9971-564b-a6c8-73846c9881ec,covers,urn:uuid:cbddced8-eebf-5c24-93b3-1d75be15beba,
urn:uuid:16268cfa-4e0c-57c7-8730-a8bd75462226,relation/unit/bab-4-produk-langsung-semilangsung-dan-ekstensi-grup/covers/surface/unit-027/protected-math-zone/161-inline,urn:uuid:2b69f346-9971-564b-a6c8-73846c9881ec,covers,urn:uuid:bf2c8608-f0c9-51d8-bb7b-bb54353728cd,
urn:uuid:38ae4a04-8882-5298-be41-d26ded7f9291,relation/unit/bab-4-produk-langsung-semilangsung-dan-ekstensi-grup/covers/surface/unit-027/protected-math-zone/162-inline,urn:uuid:2b69f346-9971-564b-a6c8-73846c9881ec,covers,urn:uuid:3a9a8731-ba2a-5704-a062-2a2a2552ddd0,
urn:uuid:d7031fe6-44da-58e3-85ae-cceca13fe44b,relation/unit/bab-4-produk-langsung-semilangsung-dan-ekstensi-grup/covers/surface/unit-027/protected-math-zone/163-inline,urn:uuid:2b69f346-9971-564b-a6c8-73846c9881ec,covers,urn:uuid:f9fad160-6c10-5059-8b0d-8fb80feca3a4,
urn:uuid:99982333-7847-521d-b1c8-f2bfe8f42b54,relation/unit/bab-4-produk-langsung-semilangsung-dan-ekstensi-grup/covers/surface/unit-027/protected-math-zone/164-inline,urn:uuid:2b69f346-9971-564b-a6c8-73846c9881ec,covers,urn:uuid:e6d2324c-e753-5e79-8f3f-574957e70b4f,
urn:uuid:0a8da31a-3de4-5aa0-bec2-767bee767e25,relation/unit/bab-4-produk-langsung-semilangsung-dan-ekstensi-grup/covers/surface/unit-027/protected-math-zone/165-inline,urn:uuid:2b69f346-9971-564b-a6c8-73846c9881ec,covers,urn:uuid:c481bcaa-fb6c-52d3-a183-35b94ce02092,
urn:uuid:ba5fbb31-ff17-571f-a1a7-69658215651e,relation/unit/bab-4-produk-langsung-semilangsung-dan-ekstensi-grup/covers/surface/unit-027/protected-math-zone/166-inline,urn:uuid:2b69f346-9971-564b-a6c8-73846c9881ec,covers,urn:uuid:758415ca-4ef6-5db2-bb30-5f3dfffd11f5,
urn:uuid:b706e73f-f214-50a1-bd5b-f412e5597ae3,relation/unit/bab-4-produk-langsung-semilangsung-dan-ekstensi-grup/covers/surface/unit-027/protected-math-zone/167-inline,urn:uuid:2b69f346-9971-564b-a6c8-73846c9881ec,covers,urn:uuid:efa5624b-592c-5b73-ab96-c8980fa2bf9f,
urn:uuid:c0c0fcbc-dcc5-5b43-ac09-7e1f5bd05f19,relation/unit/bab-4-produk-langsung-semilangsung-dan-ekstensi-grup/covers/surface/unit-027/protected-math-zone/168-display-bracket,urn:uuid:2b69f346-9971-564b-a6c8-73846c9881ec,covers,urn:uuid:514fe690-bca6-5b2c-98d2-a96aa571ac8c,
urn:uuid:48752cda-fb96-5615-82a5-8166079b784f,relation/unit/bab-4-produk-langsung-semilangsung-dan-ekstensi-grup/covers/surface/unit-027/protected-math-zone/169-display-environment,urn:uuid:2b69f346-9971-564b-a6c8-73846c9881ec,covers,urn:uuid:81424326-150d-59fd-be48-368ff7ad2a4f,
urn:uuid:75a92982-dc58-5929-9637-2701d5d9039d,relation/unit/bab-4-produk-langsung-semilangsung-dan-ekstensi-grup/covers/surface/unit-027/protected-math-zone/170-inline,urn:uuid:2b69f346-9971-564b-a6c8-73846c9881ec,covers,urn:uuid:ca4f3a4b-c3e9-55af-830d-19ae44cc2a3b,
urn:uuid:a0de56da-bf89-54a6-afd6-bf93fe4c365e,relation/unit/bab-4-produk-langsung-semilangsung-dan-ekstensi-grup/covers/surface/unit-027/protected-math-zone/171-inline,urn:uuid:2b69f346-9971-564b-a6c8-73846c9881ec,covers,urn:uuid:1a27e2a8-099a-57a6-a38f-6db7d87d9a66,
urn:uuid:e702d0d8-522b-5daf-bb11-2c3321aef789,relation/unit/bab-4-produk-langsung-semilangsung-dan-ekstensi-grup/covers/surface/unit-027/reference/equation/002,urn:uuid:2b69f346-9971-564b-a6c8-73846c9881ec,covers,urn:uuid:b7d22e2c-1887-52ad-a31a-9f2bd53d0da2,
urn:uuid:65895c81-da80-52b3-a61c-18c2879f3538,relation/unit/bab-4-produk-langsung-semilangsung-dan-ekstensi-grup/covers/surface/unit-027/reference/ordinary/001,urn:uuid:2b69f346-9971-564b-a6c8-73846c9881ec,covers,urn:uuid:5fb6f7cb-af00-5acc-a3ab-fa4ab016a1e3,
urn:uuid:76cbcb5e-8576-5a67-ae7a-67c4a55c7728,relation/unit/bab-4-produk-langsung-semilangsung-dan-ekstensi-grup/covers/surface/unit-027/reference/ordinary/003,urn:uuid:2b69f346-9971-564b-a6c8-73846c9881ec,covers,urn:uuid:f03c5a8e-1d9f-5e1d-94ea-5aa2f43af0e1,
urn:uuid:152748ce-0ab8-54a2-b497-ea4980b97c53,relation/unit/bab-4-produk-langsung-semilangsung-dan-ekstensi-grup/covers/surface/unit-027/reference/ordinary/004,urn:uuid:2b69f346-9971-564b-a6c8-73846c9881ec,covers,urn:uuid:f75fd2c9-37a8-5da9-8fa5-3a6d6247e201,
urn:uuid:d4ea3623-14a7-5b3f-90e1-d1d640afd6a5,relation/unit/bab-4-produk-langsung-semilangsung-dan-ekstensi-grup/covers/surface/unit-027/reference/ordinary/005,urn:uuid:2b69f346-9971-564b-a6c8-73846c9881ec,covers,urn:uuid:90367b45-7705-50df-8fdd-4fd5fad8580e,
urn:uuid:ca17d0d3-c1ef-5623-997c-f146780ffaad,relation/unit/bab-4-produk-langsung-semilangsung-dan-ekstensi-grup/covers/surface/unit-027/terminology-row/001,urn:uuid:2b69f346-9971-564b-a6c8-73846c9881ec,covers,urn:uuid:d5c13aa8-4d0e-53e5-8f3a-9764f3a14fcb,
urn:uuid:a277ab1c-0779-5c25-b693-1e4431fc5ade,relation/unit/bab-4-produk-langsung-semilangsung-dan-ekstensi-grup/covers/surface/unit-027/terminology-row/002,urn:uuid:2b69f346-9971-564b-a6c8-73846c9881ec,covers,urn:uuid:07d618d2-9d98-5075-93e1-e8d5ba947c89,
urn:uuid:2f6eae8d-ae62-553d-aaed-6bb4789afa23,relation/unit/bab-4-produk-langsung-semilangsung-dan-ekstensi-grup/covers/surface/unit-027/terminology-row/003,urn:uuid:2b69f346-9971-564b-a6c8-73846c9881ec,covers,urn:uuid:aef2de0c-57df-5bf8-b0f3-e18476946f16,
urn:uuid:8eac0dc8-504f-5650-b638-3bb7ac954a72,relation/unit/bab-4-produk-langsung-semilangsung-dan-ekstensi-grup/covers/surface/unit-027/terminology-row/004,urn:uuid:2b69f346-9971-564b-a6c8-73846c9881ec,covers,urn:uuid:08adac62-5d69-5858-9313-1c926f4f7a1a,
urn:uuid:cb6aac3e-d2b1-5543-af8e-bf074483cd44,relation/unit/bab-4-produk-langsung-semilangsung-dan-ekstensi-grup/covers/surface/unit-027/terminology-row/005,urn:uuid:2b69f346-9971-564b-a6c8-73846c9881ec,covers,urn:uuid:8b175e3c-1b50-5a1b-9717-701a20540aa3,
urn:uuid:80fd1025-50f6-5efb-b4ac-bc8278cd2897,relation/unit/bab-4-produk-langsung-semilangsung-dan-ekstensi-grup/covers/surface/unit-027/terminology-row/006,urn:uuid:2b69f346-9971-564b-a6c8-73846c9881ec,covers,urn:uuid:795108e7-cfd0-5a3e-8981-c41aa6ea203b,
urn:uuid:6c3f47ff-b495-5a2d-8ea8-4f0cf0972ef8,relation/unit/bab-4-produk-langsung-semilangsung-dan-ekstensi-grup/covers/surface/unit-027/terminology-row/007,urn:uuid:2b69f346-9971-564b-a6c8-73846c9881ec,covers,urn:uuid:76367bb3-4c85-5643-a52b-a578e8b195b2,
urn:uuid:781f8c03-2106-5f02-8b27-e278a3c91624,relation/unit/bab-4-produk-langsung-semilangsung-dan-ekstensi-grup/covers/surface/unit-027/terminology-row/008,urn:uuid:2b69f346-9971-564b-a6c8-73846c9881ec,covers,urn:uuid:0f5d6cd7-d24d-5cb7-afac-6f11876eb64f,
urn:uuid:9b1c23d7-4ce1-51b2-8902-9a03a368d59d,relation/unit/bab-4-produk-langsung-semilangsung-dan-ekstensi-grup/covers/surface/unit-027/terminology-row/009,urn:uuid:2b69f346-9971-564b-a6c8-73846c9881ec,covers,urn:uuid:5569cc81-c35a-57a8-801b-324423b47a54,
urn:uuid:c6449aa3-7b61-5db1-bb25-bfa96350823c,relation/unit/bab-4-produk-langsung-semilangsung-dan-ekstensi-grup/covers/translation-precision/o013-li-u027-tr-001,urn:uuid:2b69f346-9971-564b-a6c8-73846c9881ec,covers,urn:uuid:4b795e81-8a8b-51e7-a486-bfce1f0b59c7,
urn:uuid:cde8e3f8-f2eb-5805-9d11-2aa0c26fe80d,relation/unit/bab-4-produk-langsung-semilangsung-dan-ekstensi-grup/governed-by/rights/ajbook-fragment-cc-by-sa-3.0,urn:uuid:2b69f346-9971-564b-a6c8-73846c9881ec,governed-by,urn:uuid:10faf5cd-990f-5850-87b4-26922b062485,
urn:uuid:543dd1b5-4e87-53b5-8ef3-d6a7cdd10bd7,relation/unit/bab-4-produk-langsung-semilangsung-dan-ekstensi-grup/governed-by/rights/noto-fonts-ofl-1.1,urn:uuid:2b69f346-9971-564b-a6c8-73846c9881ec,governed-by,urn:uuid:b9f7a7a7-8e18-507a-b72e-b5de733a7430,
urn:uuid:8084222f-4bef-520a-91d8-2edb3948135a,relation/unit/bab-4-produk-langsung-semilangsung-dan-ekstensi-grup/governed-by/rights/principal-cc-by-4.0,urn:uuid:2b69f346-9971-564b-a6c8-73846c9881ec,governed-by,urn:uuid:0baf6c47-021d-5310-9475-81519e710250,
urn:uuid:d0bb0a21-9b95-5bc6-8de9-e53f91a8e59b,relation/unit/bab-4-produk-langsung-semilangsung-dan-ekstensi-grup/requires/prerequisite/basic-group-theory,urn:uuid:2b69f346-9971-564b-a6c8-73846c9881ec,requires,urn:uuid:3f5dc8e0-0198-5016-b767-ded1b9ec3d13,prelude.tex:49-60
urn:uuid:3c46338f-6750-5b15-b693-bdfd75f4fd04,relation/unit/bab-4-produk-langsung-semilangsung-dan-ekstensi-grup/requires/prerequisite/basic-mathematical-literacy,urn:uuid:2b69f346-9971-564b-a6c8-73846c9881ec,requires,urn:uuid:8fb6c957-7285-5258-978c-e1369c7e39d7,prelude.tex:49-60
urn:uuid:42e6ef91-8065-5dd5-96da-f88e3991a640,relation/unit/bab-4-produk-langsung-semilangsung-dan-ekstensi-grup/requires/prerequisite/categories-and-morphisms,urn:uuid:2b69f346-9971-564b-a6c8-73846c9881ec,requires,urn:uuid:dd69ccfd-7399-53a2-83fe-84127b1baf1d,prelude.tex:49-60
urn:uuid:a1f9364d-8421-518b-be2c-4986a0098290,relation/unit/bab-4-produk-langsung-semilangsung-dan-ekstensi-grup/requires/prerequisite/elementary-set-theory,urn:uuid:2b69f346-9971-564b-a6c8-73846c9881ec,requires,urn:uuid:00f7d0ea-1b60-51da-843f-cca760a368e4,prelude.tex:49-60
urn:uuid:6b824ee0-c5ce-5812-9b8b-c0ad6a2ae37a,relation/unit/bab-4-produk-langsung-semilangsung-dan-ekstensi-grup/requires/prerequisite/functors-and-natural-transformations,urn:uuid:2b69f346-9971-564b-a6c8-73846c9881ec,requires,urn:uuid:3e864ace-90f6-56b3-8ce5-2e0690dbc9f8,prelude.tex:49-60
urn:uuid:45c9c613-ec97-546e-844a-7227ddb67e80,relation/unit/bab-4-produk-langsung-semilangsung-dan-ekstensi-grup/requires/prerequisite/group-homomorphisms-kernels-and-quotients,urn:uuid:2b69f346-9971-564b-a6c8-73846c9881ec,requires,urn:uuid:ecd787ee-f056-5200-91e7-f98b3d80d458,prelude.tex:49-60
urn:uuid:9e9b795c-c6b1-5e5d-9af5-6cbb837f63ca,relation/unit/bab-4-produk-langsung-semilangsung-dan-ekstensi-grup/requires/prerequisite/universal-properties-and-comma-categories,urn:uuid:2b69f346-9971-564b-a6c8-73846c9881ec,requires,urn:uuid:8cab24d2-0f78-5bf9-96f8-5b2f2b07168d,prelude.tex:49-60
urn:uuid:9b2087c0-543f-5dee-9e81-82b34653049e,relation/unit/bab-4-produk-langsung-semilangsung-dan-ekstensi-grup/section/01/covers/concept/conjugation-action,urn:uuid:d026f544-ce73-5345-8389-f0acd616a4b0,covers,urn:uuid:058da867-3647-5fd5-bbae-123e81c584cc,chapter4.tex:365-517 (line 517 blank boundary omitted from target mapping)
urn:uuid:45d4e5dd-6a65-5003-9966-f6bbab61b4be,relation/unit/bab-4-produk-langsung-semilangsung-dan-ekstensi-grup/section/01/covers/concept/dihedral-group,urn:uuid:d026f544-ce73-5345-8389-f0acd616a4b0,covers,urn:uuid:468ec75b-bb5b-53bd-9625-ed823297f398,chapter4.tex:365-517 (line 517 blank boundary omitted from target mapping)
urn:uuid:458aff1f-e3a2-5a1e-8a10-552f9d493440,relation/unit/bab-4-produk-langsung-semilangsung-dan-ekstensi-grup/section/01/covers/concept/direct-product,urn:uuid:d026f544-ce73-5345-8389-f0acd616a4b0,covers,urn:uuid:196a3e35-1456-541a-96ae-a71d908aaf29,chapter4.tex:365-517 (line 517 blank boundary omitted from target mapping)
urn:uuid:ca1c0839-b877-53f3-a155-d8ac8b960752,relation/unit/bab-4-produk-langsung-semilangsung-dan-ekstensi-grup/section/01/covers/concept/equivalence-of-group-extensions,urn:uuid:d026f544-ce73-5345-8389-f0acd616a4b0,covers,urn:uuid:013b5fcc-1fb5-5690-ba0f-c114ba2c6f79,chapter4.tex:365-517 (line 517 blank boundary omitted from target mapping)
urn:uuid:bbd50acb-b66f-5d48-a3f3-e1880c7e9962,relation/unit/bab-4-produk-langsung-semilangsung-dan-ekstensi-grup/section/01/covers/concept/exact-sequence,urn:uuid:d026f544-ce73-5345-8389-f0acd616a4b0,covers,urn:uuid:7ee42fc7-ac37-5460-87e0-155a4b3fa36f,chapter4.tex:365-517 (line 517 blank boundary omitted from target mapping)
urn:uuid:c5367594-1b1a-5d01-aa4f-59ceed3cf42d,relation/unit/bab-4-produk-langsung-semilangsung-dan-ekstensi-grup/section/01/covers/concept/exactness-image-kernel,urn:uuid:d026f544-ce73-5345-8389-f0acd616a4b0,covers,urn:uuid:46e1e423-3b73-57ed-a13b-3506595218a2,chapter4.tex:365-517 (line 517 blank boundary omitted from target mapping)
urn:uuid:101aafb6-a800-5282-b050-31b4396dafe3,relation/unit/bab-4-produk-langsung-semilangsung-dan-ekstensi-grup/section/01/covers/concept/group-extension,urn:uuid:d026f544-ce73-5345-8389-f0acd616a4b0,covers,urn:uuid:bd793b3d-b810-5ff5-b407-7058d4144df5,chapter4.tex:365-517 (line 517 blank boundary omitted from target mapping)
urn:uuid:f8fbb388-48d3-57d7-8b9d-fe1494419ab1,relation/unit/bab-4-produk-langsung-semilangsung-dan-ekstensi-grup/section/01/covers/concept/internal-direct-product,urn:uuid:d026f544-ce73-5345-8389-f0acd616a4b0,covers,urn:uuid:ad502780-bd4e-5c7e-8591-5bd59d7e1bc4,chapter4.tex:365-517 (line 517 blank boundary omitted from target mapping)
urn:uuid:d8350baa-83b5-5a6b-81d5-58878ec428d1,relation/unit/bab-4-produk-langsung-semilangsung-dan-ekstensi-grup/section/01/covers/concept/internal-semidirect-product-decomposition,urn:uuid:d026f544-ce73-5345-8389-f0acd616a4b0,covers,urn:uuid:7cf6b082-7f55-560d-b6b3-9237f53c2355,chapter4.tex:365-517 (line 517 blank boundary omitted from target mapping)
urn:uuid:83ffd115-df16-554f-923f-18261e9b759d,relation/unit/bab-4-produk-langsung-semilangsung-dan-ekstensi-grup/section/01/covers/concept/normalizer,urn:uuid:d026f544-ce73-5345-8389-f0acd616a4b0,covers,urn:uuid:ae5ab9ed-8be1-539b-9fed-d4242ef97c00,chapter4.tex:365-517 (line 517 blank boundary omitted from target mapping)
urn:uuid:0d8ead81-2a38-5920-8e86-4cb4eb032f23,relation/unit/bab-4-produk-langsung-semilangsung-dan-ekstensi-grup/section/01/covers/concept/product-universal-property,urn:uuid:d026f544-ce73-5345-8389-f0acd616a4b0,covers,urn:uuid:5e7ec301-ec8d-50d6-822f-4e707da8a547,chapter4.tex:365-517 (line 517 blank boundary omitted from target mapping)
urn:uuid:1c606106-702c-55c8-a8aa-425c9ab3aa6a,relation/unit/bab-4-produk-langsung-semilangsung-dan-ekstensi-grup/section/01/covers/concept/projection-homomorphism,urn:uuid:d026f544-ce73-5345-8389-f0acd616a4b0,covers,urn:uuid:a3d35d70-03c7-55a3-b2ed-8b9bc521a8fa,chapter4.tex:365-517 (line 517 blank boundary omitted from target mapping)
urn:uuid:63165eed-813a-584d-99e7-5eb32e7a17be,relation/unit/bab-4-produk-langsung-semilangsung-dan-ekstensi-grup/section/01/covers/concept/restricted-adjoint-automorphism,urn:uuid:d026f544-ce73-5345-8389-f0acd616a4b0,covers,urn:uuid:d436303b-a2b9-5c2b-9ac2-25ced889f417,chapter4.tex:365-517 (line 517 blank boundary omitted from target mapping)
urn:uuid:17b6766e-d7e7-580d-9d2c-58a485473800,relation/unit/bab-4-produk-langsung-semilangsung-dan-ekstensi-grup/section/01/covers/concept/semidirect-product,urn:uuid:d026f544-ce73-5345-8389-f0acd616a4b0,covers,urn:uuid:a6f1f18a-932c-5df0-81f8-455b144798a9,chapter4.tex:365-517 (line 517 blank boundary omitted from target mapping)
urn:uuid:e2bd0440-b442-5ca4-a9b2-5692757f5027,relation/unit/bab-4-produk-langsung-semilangsung-dan-ekstensi-grup/section/01/covers/concept/semidirect-split-extension-correspondence,urn:uuid:d026f544-ce73-5345-8389-f0acd616a4b0,covers,urn:uuid:2ff5024b-45aa-5b88-ba71-5828011b819a,chapter4.tex:365-517 (line 517 blank boundary omitted from target mapping)
urn:uuid:46f434eb-53ba-543c-bda1-9ead2528cc28,relation/unit/bab-4-produk-langsung-semilangsung-dan-ekstensi-grup/section/01/covers/concept/split-extension,urn:uuid:d026f544-ce73-5345-8389-f0acd616a4b0,covers,urn:uuid:0117890c-d229-5cfd-9f8f-b0209d18c95c,chapter4.tex:365-517 (line 517 blank boundary omitted from target mapping)
urn:uuid:b6882179-1fd0-5c0f-993f-dcebc82628e8,relation/unit/bab-4-produk-langsung-semilangsung-dan-ekstensi-grup/section/01/covers/concept/splitting-of-extension,urn:uuid:d026f544-ce73-5345-8389-f0acd616a4b0,covers,urn:uuid:52f69684-a14c-55da-be8e-2badc543cf13,chapter4.tex:365-517 (line 517 blank boundary omitted from target mapping)
urn:uuid:1c90fe49-55a9-575e-86b6-88bbd353bd08,relation/unit/bab-4-produk-langsung-semilangsung-dan-ekstensi-grup/section/01/covers/correction/o013-li-u027-cor-001,urn:uuid:d026f544-ce73-5345-8389-f0acd616a4b0,covers,urn:uuid:9310dd48-bc53-53a0-a08b-15cb4e0d50d1,chapter4.tex:365-517 (line 517 blank boundary omitted from target mapping)
urn:uuid:2450f4d3-4173-54ab-a2a4-9076d91a4780,relation/unit/bab-4-produk-langsung-semilangsung-dan-ekstensi-grup/section/01/covers/correction/o013-li-u027-cor-002,urn:uuid:d026f544-ce73-5345-8389-f0acd616a4b0,covers,urn:uuid:106bc907-c758-5d59-ab9d-807bfbb998d5,chapter4.tex:365-517 (line 517 blank boundary omitted from target mapping)
urn:uuid:f6bcd92a-097e-5eda-bb38-478f09a96108,relation/unit/bab-4-produk-langsung-semilangsung-dan-ekstensi-grup/section/01/covers/provenance/o013-li-u027-production,urn:uuid:d026f544-ce73-5345-8389-f0acd616a4b0,covers,urn:uuid:5e26ef43-5066-5a54-94ff-4a5467b61a96,chapter4.tex:365-517 (line 517 blank boundary omitted from target mapping)
urn:uuid:fc35e586-7513-5f27-84a7-2b4cbd33c1e9,relation/unit/bab-4-produk-langsung-semilangsung-dan-ekstensi-grup/section/01/covers/style-normalization/o013-li-u027-style-001,urn:uuid:d026f544-ce73-5345-8389-f0acd616a4b0,covers,urn:uuid:cea9492a-a774-5e1f-8fc7-4df2b6113ef4,chapter4.tex:365-517 (line 517 blank boundary omitted from target mapping)
urn:uuid:3520b8d7-1795-51ae-93e2-9f308713e47d,relation/unit/bab-4-produk-langsung-semilangsung-dan-ekstensi-grup/section/01/covers/style-normalization/o013-li-u027-style-002,urn:uuid:d026f544-ce73-5345-8389-f0acd616a4b0,covers,urn:uuid:0b971679-8b89-52e5-9528-88e2e41a36c3,chapter4.tex:365-517 (line 517 blank boundary omitted from target mapping)
urn:uuid:30350d84-f17f-5463-946d-66e1a9dac08a,relation/unit/bab-4-produk-langsung-semilangsung-dan-ekstensi-grup/section/01/covers/surface/unit-027/diagram-arrow/001,urn:uuid:d026f544-ce73-5345-8389-f0acd616a4b0,covers,urn:uuid:e2e858ec-aaf3-5ff5-bbe9-192bdbaa0bf6,chapter4.tex:365-517 (line 517 blank boundary omitted from target mapping)
urn:uuid:f1568652-7f7d-5190-b788-57fca78a2bea,relation/unit/bab-4-produk-langsung-semilangsung-dan-ekstensi-grup/section/01/covers/surface/unit-027/diagram-arrow/002,urn:uuid:d026f544-ce73-5345-8389-f0acd616a4b0,covers,urn:uuid:5cd720ee-ea17-5b16-9c91-fa1964af20d9,chapter4.tex:365-517 (line 517 blank boundary omitted from target mapping)
urn:uuid:e5162929-4edc-54f9-99ae-6d8f2331257b,relation/unit/bab-4-produk-langsung-semilangsung-dan-ekstensi-grup/section/01/covers/surface/unit-027/diagram-arrow/003,urn:uuid:d026f544-ce73-5345-8389-f0acd616a4b0,covers,urn:uuid:c9bf9087-3983-5726-955f-9e2b745457e1,chapter4.tex:365-517 (line 517 blank boundary omitted from target mapping)
urn:uuid:8fb47e1b-917c-552b-8fa5-229fbb1f43bd,relation/unit/bab-4-produk-langsung-semilangsung-dan-ekstensi-grup/section/01/covers/surface/unit-027/diagram-arrow/004,urn:uuid:d026f544-ce73-5345-8389-f0acd616a4b0,covers,urn:uuid:ab5c7f64-115b-5be7-9568-dbc4cae57c28,chapter4.tex:365-517 (line 517 blank boundary omitted from target mapping)
urn:uuid:7f8c5cea-c240-568c-915e-f9eeaeb92a5c,relation/unit/bab-4-produk-langsung-semilangsung-dan-ekstensi-grup/section/01/covers/surface/unit-027/diagram-arrow/005,urn:uuid:d026f544-ce73-5345-8389-f0acd616a4b0,covers,urn:uuid:27058fc5-fddd-5d38-b828-727b067d1b59,chapter4.tex:365-517 (line 517 blank boundary omitted from target mapping)
urn:uuid:0860c449-2ff4-54cc-b979-f5a5b7062d77,relation/unit/bab-4-produk-langsung-semilangsung-dan-ekstensi-grup/section/01/covers/surface/unit-027/diagram-arrow/006,urn:uuid:d026f544-ce73-5345-8389-f0acd616a4b0,covers,urn:uuid:37204561-83e3-5502-b7f2-44c8cacc2442,chapter4.tex:365-517 (line 517 blank boundary omitted from target mapping)
urn:uuid:a0544a75-9574-5397-8866-cb23df69c120,relation/unit/bab-4-produk-langsung-semilangsung-dan-ekstensi-grup/section/01/covers/surface/unit-027/diagram-arrow/007,urn:uuid:d026f544-ce73-5345-8389-f0acd616a4b0,covers,urn:uuid:f72f5cb4-52b0-59b6-a83a-396dc2fa692a,chapter4.tex:365-517 (line 517 blank boundary omitted from target mapping)
urn:uuid:96753544-ba29-55f2-829b-941a12414773,relation/unit/bab-4-produk-langsung-semilangsung-dan-ekstensi-grup/section/01/covers/surface/unit-027/diagram-arrow/008,urn:uuid:d026f544-ce73-5345-8389-f0acd616a4b0,covers,urn:uuid:90b83841-d85e-53ac-a237-170b786c0895,chapter4.tex:365-517 (line 517 blank boundary omitted from target mapping)
urn:uuid:a733c6f2-e36d-5ea6-8567-88dc96dacb0d,relation/unit/bab-4-produk-langsung-semilangsung-dan-ekstensi-grup/section/01/covers/surface/unit-027/diagram-arrow/009,urn:uuid:d026f544-ce73-5345-8389-f0acd616a4b0,covers,urn:uuid:acc0f519-0a73-5edc-a3fd-d0e56407fdc6,chapter4.tex:365-517 (line 517 blank boundary omitted from target mapping)
urn:uuid:2af689f4-1ddc-51fe-bd26-97b3b08b5e88,relation/unit/bab-4-produk-langsung-semilangsung-dan-ekstensi-grup/section/01/covers/surface/unit-027/diagram-arrow/010,urn:uuid:d026f544-ce73-5345-8389-f0acd616a4b0,covers,urn:uuid:702dd547-8eac-57eb-bdae-ff388ed3c205,chapter4.tex:365-517 (line 517 blank boundary omitted from target mapping)
urn:uuid:2b688be9-970a-5527-98ea-b0519523122a,relation/unit/bab-4-produk-langsung-semilangsung-dan-ekstensi-grup/section/01/covers/surface/unit-027/diagram-arrow/011,urn:uuid:d026f544-ce73-5345-8389-f0acd616a4b0,covers,urn:uuid:210dc69a-bd80-591d-ae16-68a56992858e,chapter4.tex:365-517 (line 517 blank boundary omitted from target mapping)
urn:uuid:683fc41b-1741-52d7-a223-e2584e4df060,relation/unit/bab-4-produk-langsung-semilangsung-dan-ekstensi-grup/section/01/covers/surface/unit-027/diagram-arrow/012,urn:uuid:d026f544-ce73-5345-8389-f0acd616a4b0,covers,urn:uuid:8e87eb24-e27d-5298-a19b-0f4fcdf642f8,chapter4.tex:365-517 (line 517 blank boundary omitted from target mapping)
urn:uuid:ec3f8dbe-6fe6-592a-9ffe-c56dd947a90f,relation/unit/bab-4-produk-langsung-semilangsung-dan-ekstensi-grup/section/01/covers/surface/unit-027/diagram-arrow/013,urn:uuid:d026f544-ce73-5345-8389-f0acd616a4b0,covers,urn:uuid:4772777d-7370-5d13-a46b-b12b475621ac,chapter4.tex:365-517 (line 517 blank boundary omitted from target mapping)
urn:uuid:f618bc37-b2e1-58a8-96f6-6a3cb074cec1,relation/unit/bab-4-produk-langsung-semilangsung-dan-ekstensi-grup/section/01/covers/surface/unit-027/diagram-arrow/014,urn:uuid:d026f544-ce73-5345-8389-f0acd616a4b0,covers,urn:uuid:a2d6e831-de39-5e10-b58e-2bc77b7d361e,chapter4.tex:365-517 (line 517 blank boundary omitted from target mapping)
urn:uuid:20c0dfcc-fc21-559a-973f-9af8ca0c1985,relation/unit/bab-4-produk-langsung-semilangsung-dan-ekstensi-grup/section/01/covers/surface/unit-027/diagram-arrow/015,urn:uuid:d026f544-ce73-5345-8389-f0acd616a4b0,covers,urn:uuid:1154060f-3973-5e12-8e2e-09de468811ef,chapter4.tex:365-517 (line 517 blank boundary omitted from target mapping)
urn:uuid:c7ad2463-a438-5aad-977e-8b42d3117d0d,relation/unit/bab-4-produk-langsung-semilangsung-dan-ekstensi-grup/section/01/covers/surface/unit-027/diagram-arrow/016,urn:uuid:d026f544-ce73-5345-8389-f0acd616a4b0,covers,urn:uuid:fdf30c77-6bed-57ee-a2d3-62afb87be795,chapter4.tex:365-517 (line 517 blank boundary omitted from target mapping)
urn:uuid:987d3a65-c14a-507e-8a06-74679b1be349,relation/unit/bab-4-produk-langsung-semilangsung-dan-ekstensi-grup/section/01/covers/surface/unit-027/diagram-arrow/017,urn:uuid:d026f544-ce73-5345-8389-f0acd616a4b0,covers,urn:uuid:6db711d6-8049-5ad8-ad9c-0c2893d139b3,chapter4.tex:365-517 (line 517 blank boundary omitted from target mapping)
urn:uuid:8dd1a785-e8f7-51d0-bdd3-43c23c667e03,relation/unit/bab-4-produk-langsung-semilangsung-dan-ekstensi-grup/section/01/covers/surface/unit-027/diagram-arrow/018,urn:uuid:d026f544-ce73-5345-8389-f0acd616a4b0,covers,urn:uuid:d1a228dd-0c24-5d4d-a1b3-a80e9d5a6db2,chapter4.tex:365-517 (line 517 blank boundary omitted from target mapping)
urn:uuid:98bc40c9-99fc-5315-b5a1-23db3ba20a55,relation/unit/bab-4-produk-langsung-semilangsung-dan-ekstensi-grup/section/01/covers/surface/unit-027/diagram-arrow/019,urn:uuid:d026f544-ce73-5345-8389-f0acd616a4b0,covers,urn:uuid:11a48b57-c035-5060-a651-4a28e0b2e76c,chapter4.tex:365-517 (line 517 blank boundary omitted from target mapping)
urn:uuid:f1037e1f-519a-5815-a4e8-40c05b27942b,relation/unit/bab-4-produk-langsung-semilangsung-dan-ekstensi-grup/section/01/covers/surface/unit-027/diagram-arrow/020,urn:uuid:d026f544-ce73-5345-8389-f0acd616a4b0,covers,urn:uuid:eb159e33-d3dc-5a4a-a991-31cc30ce0957,chapter4.tex:365-517 (line 517 blank boundary omitted from target mapping)
urn:uuid:8fa20285-6037-573a-9fdc-c4ff4734dfde,relation/unit/bab-4-produk-langsung-semilangsung-dan-ekstensi-grup/section/01/covers/surface/unit-027/diagram-arrow/021,urn:uuid:d026f544-ce73-5345-8389-f0acd616a4b0,covers,urn:uuid:51fd3a26-66e5-570d-b50b-75f67dc6d85d,chapter4.tex:365-517 (line 517 blank boundary omitted from target mapping)
urn:uuid:7c08e65d-9104-5785-acfe-598507418f08,relation/unit/bab-4-produk-langsung-semilangsung-dan-ekstensi-grup/section/01/covers/surface/unit-027/diagram-arrow/022,urn:uuid:d026f544-ce73-5345-8389-f0acd616a4b0,covers,urn:uuid:468ff109-05f0-561f-b6cd-b8b9a0d8cfa8,chapter4.tex:365-517 (line 517 blank boundary omitted from target mapping)
urn:uuid:d8667e52-0357-5248-9a02-beca3d89195e,relation/unit/bab-4-produk-langsung-semilangsung-dan-ekstensi-grup/section/01/covers/surface/unit-027/diagram-arrow/023,urn:uuid:d026f544-ce73-5345-8389-f0acd616a4b0,covers,urn:uuid:0fc9042c-25f7-5ed3-acae-d99aec4e5a4b,chapter4.tex:365-517 (line 517 blank boundary omitted from target mapping)
urn:uuid:dc675bc4-d200-5aa3-8a20-82a4d7cc41e0,relation/unit/bab-4-produk-langsung-semilangsung-dan-ekstensi-grup/section/01/covers/surface/unit-027/diagram-arrow/024,urn:uuid:d026f544-ce73-5345-8389-f0acd616a4b0,covers,urn:uuid:b116c473-a02c-5494-a30c-8a09d960e29d,chapter4.tex:365-517 (line 517 blank boundary omitted from target mapping)
urn:uuid:0f8a923a-b0c2-556f-8e95-6ea7eccfa491,relation/unit/bab-4-produk-langsung-semilangsung-dan-ekstensi-grup/section/01/covers/surface/unit-027/diagram-arrow/025,urn:uuid:d026f544-ce73-5345-8389-f0acd616a4b0,covers,urn:uuid:fd3fc5cd-38a2-5e20-b54f-9a22db0d3a89,chapter4.tex:365-517 (line 517 blank boundary omitted from target mapping)
urn:uuid:113c6c19-ec69-5673-9efe-3a983bcbe9ee,relation/unit/bab-4-produk-langsung-semilangsung-dan-ekstensi-grup/section/01/covers/surface/unit-027/diagram-arrow/026,urn:uuid:d026f544-ce73-5345-8389-f0acd616a4b0,covers,urn:uuid:b3d03de7-743b-5299-a5d2-8a1c75bc346d,chapter4.tex:365-517 (line 517 blank boundary omitted from target mapping)
urn:uuid:532bbd2c-ba3e-593d-84b0-f6d09cf44088,relation/unit/bab-4-produk-langsung-semilangsung-dan-ekstensi-grup/section/01/covers/surface/unit-027/diagram-arrow/027,urn:uuid:d026f544-ce73-5345-8389-f0acd616a4b0,covers,urn:uuid:6fd78c12-593f-53fe-ae05-2d093a1ac339,chapter4.tex:365-517 (line 517 blank boundary omitted from target mapping)
urn:uuid:dca2b265-9be0-5bde-8aba-a86e7f93d635,relation/unit/bab-4-produk-langsung-semilangsung-dan-ekstensi-grup/section/01/covers/surface/unit-027/diagram-arrow/028,urn:uuid:d026f544-ce73-5345-8389-f0acd616a4b0,covers,urn:uuid:f8067d93-d9dd-58a4-a9e8-190abd9dc851,chapter4.tex:365-517 (line 517 blank boundary omitted from target mapping)
urn:uuid:a6ecb96a-b8d8-59c7-bc70-d018d967826f,relation/unit/bab-4-produk-langsung-semilangsung-dan-ekstensi-grup/section/01/covers/surface/unit-027/diagram-arrow/029,urn:uuid:d026f544-ce73-5345-8389-f0acd616a4b0,covers,urn:uuid:30a86e5c-d0c3-536d-9a33-33138cc4b7bd,chapter4.tex:365-517 (line 517 blank boundary omitted from target mapping)
urn:uuid:92990145-cb9d-51d8-be3f-22671781531d,relation/unit/bab-4-produk-langsung-semilangsung-dan-ekstensi-grup/section/01/covers/surface/unit-027/diagram-arrow/030,urn:uuid:d026f544-ce73-5345-8389-f0acd616a4b0,covers,urn:uuid:502ed94b-5139-5028-8af0-81b1903d2674,chapter4.tex:365-517 (line 517 blank boundary omitted from target mapping)
urn:uuid:01baf57f-c0c9-5839-bc9b-1d580bc13c6f,relation/unit/bab-4-produk-langsung-semilangsung-dan-ekstensi-grup/section/01/covers/surface/unit-027/environment/001-definition-01,urn:uuid:d026f544-ce73-5345-8389-f0acd616a4b0,covers,urn:uuid:127b682e-7590-5d78-8d61-b3fcdf73a3a4,chapter4.tex:365-517 (line 517 blank boundary omitted from target mapping)
urn:uuid:af7ecaef-d988-53f4-9343-cf2eac42e320,relation/unit/bab-4-produk-langsung-semilangsung-dan-ekstensi-grup/section/01/covers/surface/unit-027/environment/002-compactitem-01,urn:uuid:d026f544-ce73-5345-8389-f0acd616a4b0,covers,urn:uuid:350662cd-207a-5d2e-8dcc-3fdb40c50d9a,chapter4.tex:365-517 (line 517 blank boundary omitted from target mapping)
urn:uuid:41413f5d-3a72-535a-b350-c08e2bc02a9e,relation/unit/bab-4-produk-langsung-semilangsung-dan-ekstensi-grup/section/01/covers/surface/unit-027/environment/003-align-01,urn:uuid:d026f544-ce73-5345-8389-f0acd616a4b0,covers,urn:uuid:65fb801a-8aa6-57b5-874f-999b5f1919d5,chapter4.tex:365-517 (line 517 blank boundary omitted from target mapping)
urn:uuid:4b4efc26-d0aa-5ef0-a1a3-4e5d4fb3419a,relation/unit/bab-4-produk-langsung-semilangsung-dan-ekstensi-grup/section/01/covers/surface/unit-027/environment/004-lemma-01,urn:uuid:d026f544-ce73-5345-8389-f0acd616a4b0,covers,urn:uuid:44f68a69-51b9-5f51-8055-8a9ad71cca73,chapter4.tex:365-517 (line 517 blank boundary omitted from target mapping)
urn:uuid:1ff1e781-4e4d-5bbe-bd3b-ec2b9ccf150f,relation/unit/bab-4-produk-langsung-semilangsung-dan-ekstensi-grup/section/01/covers/surface/unit-027/environment/005-tikzcd-01,urn:uuid:d026f544-ce73-5345-8389-f0acd616a4b0,covers,urn:uuid:17f812c0-d0e1-5aff-8442-d44035cab11b,chapter4.tex:365-517 (line 517 blank boundary omitted from target mapping)
urn:uuid:d0f5ebe5-c781-5a74-8842-0fb74f40e233,relation/unit/bab-4-produk-langsung-semilangsung-dan-ekstensi-grup/section/01/covers/surface/unit-027/environment/006-proof-01,urn:uuid:d026f544-ce73-5345-8389-f0acd616a4b0,covers,urn:uuid:0db6a8c2-dbdc-5125-bacd-ca8757414740,chapter4.tex:365-517 (line 517 blank boundary omitted from target mapping)
urn:uuid:baff4779-ce1c-5e0e-91c4-6ca59abc859e,relation/unit/bab-4-produk-langsung-semilangsung-dan-ekstensi-grup/section/01/covers/surface/unit-027/environment/007-definition-02,urn:uuid:d026f544-ce73-5345-8389-f0acd616a4b0,covers,urn:uuid:ff0c32c2-7bd5-5f1c-b398-3e29086db384,chapter4.tex:365-517 (line 517 blank boundary omitted from target mapping)
urn:uuid:307e11a1-ed2b-5226-84a3-8f81c1019b3d,relation/unit/bab-4-produk-langsung-semilangsung-dan-ekstensi-grup/section/01/covers/surface/unit-027/environment/008-compactitem-02,urn:uuid:d026f544-ce73-5345-8389-f0acd616a4b0,covers,urn:uuid:9b265169-35e9-54b8-9a9c-76555a0bda63,chapter4.tex:365-517 (line 517 blank boundary omitted from target mapping)
urn:uuid:d19cbcc5-1730-5a64-981f-6f1b822bcae3,relation/unit/bab-4-produk-langsung-semilangsung-dan-ekstensi-grup/section/01/covers/surface/unit-027/environment/009-compactenum-01,urn:uuid:d026f544-ce73-5345-8389-f0acd616a4b0,covers,urn:uuid:ce933475-6183-5aa6-a0b6-50c4fbd47e82,chapter4.tex:365-517 (line 517 blank boundary omitted from target mapping)
urn:uuid:bfb28edb-4a87-5fef-8342-918859636f9d,relation/unit/bab-4-produk-langsung-semilangsung-dan-ekstensi-grup/section/01/covers/surface/unit-027/environment/010-inparaenum-01,urn:uuid:d026f544-ce73-5345-8389-f0acd616a4b0,covers,urn:uuid:5a82de25-f5ba-53c3-a43f-2071df5f3b39,chapter4.tex:365-517 (line 517 blank boundary omitted from target mapping)
urn:uuid:9b4c2422-7dac-59e3-8d8a-b071e4265c33,relation/unit/bab-4-produk-langsung-semilangsung-dan-ekstensi-grup/section/01/covers/surface/unit-027/environment/011-gather-01,urn:uuid:d026f544-ce73-5345-8389-f0acd616a4b0,covers,urn:uuid:41d50827-69d9-5426-a7a4-c92c6543277c,chapter4.tex:365-517 (line 517 blank boundary omitted from target mapping)
urn:uuid:dd29d63b-35a5-5789-bff9-2a5dc7e9d1f0,relation/unit/bab-4-produk-langsung-semilangsung-dan-ekstensi-grup/section/01/covers/surface/unit-027/environment/012-lemma-02,urn:uuid:d026f544-ce73-5345-8389-f0acd616a4b0,covers,urn:uuid:595dfb2e-43fc-523d-b05e-d9fcc2a16850,chapter4.tex:365-517 (line 517 blank boundary omitted from target mapping)
urn:uuid:87099315-3ab9-5c68-8994-ffe70ad7a480,relation/unit/bab-4-produk-langsung-semilangsung-dan-ekstensi-grup/section/01/covers/surface/unit-027/environment/013-align-02,urn:uuid:d026f544-ce73-5345-8389-f0acd616a4b0,covers,urn:uuid:0c092061-3bd4-53b2-a00f-432f4565db03,chapter4.tex:365-517 (line 517 blank boundary omitted from target mapping)
urn:uuid:2b35f51b-cdd2-5c9d-a468-62d355f448d2,relation/unit/bab-4-produk-langsung-semilangsung-dan-ekstensi-grup/section/01/covers/surface/unit-027/environment/014-proof-02,urn:uuid:d026f544-ce73-5345-8389-f0acd616a4b0,covers,urn:uuid:55d373c8-f660-5506-9570-33f8fbd06d4d,chapter4.tex:365-517 (line 517 blank boundary omitted from target mapping)
urn:uuid:67c1f275-4f6d-5e01-b514-08afd182bc2d,relation/unit/bab-4-produk-langsung-semilangsung-dan-ekstensi-grup/section/01/covers/surface/unit-027/environment/015-example-01,urn:uuid:d026f544-ce73-5345-8389-f0acd616a4b0,covers,urn:uuid:39d93cd6-f43b-5d0e-b131-54a300cd8a99,chapter4.tex:365-517 (line 517 blank boundary omitted from target mapping)
urn:uuid:22eaf7bd-5a1c-519c-803c-70fccbc4fe18,relation/unit/bab-4-produk-langsung-semilangsung-dan-ekstensi-grup/section/01/covers/surface/unit-027/environment/016-center-01,urn:uuid:d026f544-ce73-5345-8389-f0acd616a4b0,covers,urn:uuid:7722ebd5-a329-5e53-848b-a00fa1ea200d,chapter4.tex:365-517 (line 517 blank boundary omitted from target mapping)
urn:uuid:139bbd71-10f1-534a-b952-42d033c31f44,relation/unit/bab-4-produk-langsung-semilangsung-dan-ekstensi-grup/section/01/covers/surface/unit-027/environment/017-tikzpicture-01,urn:uuid:d026f544-ce73-5345-8389-f0acd616a4b0,covers,urn:uuid:2015e531-f449-5ac7-9eaf-adfd2c60b77c,chapter4.tex:365-517 (line 517 blank boundary omitted from target mapping)
urn:uuid:92d3414f-82c7-51e4-b0ef-2381429da6be,relation/unit/bab-4-produk-langsung-semilangsung-dan-ekstensi-grup/section/01/covers/surface/unit-027/environment/018-tikzpicture-02,urn:uuid:d026f544-ce73-5345-8389-f0acd616a4b0,covers,urn:uuid:879d8b09-add6-5e93-a4b8-c557ece0a19d,chapter4.tex:365-517 (line 517 blank boundary omitted from target mapping)
urn:uuid:20b2ff2b-843c-5815-b0d2-49fd02cd32c3,relation/unit/bab-4-produk-langsung-semilangsung-dan-ekstensi-grup/section/01/covers/surface/unit-027/environment/019-tikzpicture-03,urn:uuid:d026f544-ce73-5345-8389-f0acd616a4b0,covers,urn:uuid:9dead5d8-0d9c-51be-9125-36d9f0da4992,chapter4.tex:365-517 (line 517 blank boundary omitted from target mapping)
urn:uuid:1459db8f-e786-5cd1-8614-7232e0d30a10,relation/unit/bab-4-produk-langsung-semilangsung-dan-ekstensi-grup/section/01/covers/surface/unit-027/environment/020-lemma-03,urn:uuid:d026f544-ce73-5345-8389-f0acd616a4b0,covers,urn:uuid:3cdd46cb-2e6f-5d3e-b07f-ba86534765cc,chapter4.tex:365-517 (line 517 blank boundary omitted from target mapping)
urn:uuid:7b69bf61-ad9d-53f9-b639-5bf55f62d803,relation/unit/bab-4-produk-langsung-semilangsung-dan-ekstensi-grup/section/01/covers/surface/unit-027/environment/021-compactitem-03,urn:uuid:d026f544-ce73-5345-8389-f0acd616a4b0,covers,urn:uuid:e7585d83-86d5-5311-8f9f-f52ec71f9088,chapter4.tex:365-517 (line 517 blank boundary omitted from target mapping)
urn:uuid:f4566e61-285b-58b2-8282-47fdf8fe5198,relation/unit/bab-4-produk-langsung-semilangsung-dan-ekstensi-grup/section/01/covers/surface/unit-027/environment/022-align-03,urn:uuid:d026f544-ce73-5345-8389-f0acd616a4b0,covers,urn:uuid:fa1d92e6-d982-5bc8-8911-620b34fbced6,chapter4.tex:365-517 (line 517 blank boundary omitted from target mapping)
urn:uuid:5ec5169e-07fd-582e-a1dd-81598487823b,relation/unit/bab-4-produk-langsung-semilangsung-dan-ekstensi-grup/section/01/covers/surface/unit-027/environment/023-proof-03,urn:uuid:d026f544-ce73-5345-8389-f0acd616a4b0,covers,urn:uuid:829e918f-60da-5620-9f50-97232ccacbd4,chapter4.tex:365-517 (line 517 blank boundary omitted from target mapping)
urn:uuid:bce8c9a8-cbe6-562c-ad38-c7b0ce75b231,relation/unit/bab-4-produk-langsung-semilangsung-dan-ekstensi-grup/section/01/covers/surface/unit-027/environment/024-definition-03,urn:uuid:d026f544-ce73-5345-8389-f0acd616a4b0,covers,urn:uuid:12be589d-5bfa-5ac6-9753-33a606b97c65,chapter4.tex:365-517 (line 517 blank boundary omitted from target mapping)
urn:uuid:4a89094a-e4be-5d69-b772-c0a9aa6c3dea,relation/unit/bab-4-produk-langsung-semilangsung-dan-ekstensi-grup/section/01/covers/surface/unit-027/environment/025-tikzcd-02,urn:uuid:d026f544-ce73-5345-8389-f0acd616a4b0,covers,urn:uuid:5b377003-921c-5409-bb4e-1fbc1e71991c,chapter4.tex:365-517 (line 517 blank boundary omitted from target mapping)
urn:uuid:e1cef493-c221-5e22-9f8f-4523a8ff18e8,relation/unit/bab-4-produk-langsung-semilangsung-dan-ekstensi-grup/section/01/covers/surface/unit-027/environment/026-enumerate-01,urn:uuid:d026f544-ce73-5345-8389-f0acd616a4b0,covers,urn:uuid:8a2b9497-15e2-5c98-844d-dca3eb6e2af3,chapter4.tex:365-517 (line 517 blank boundary omitted from target mapping)
urn:uuid:1d23a98e-69f3-59e9-8aab-e60c18132c0c,relation/unit/bab-4-produk-langsung-semilangsung-dan-ekstensi-grup/section/01/covers/surface/unit-027/environment/027-tikzcd-03,urn:uuid:d026f544-ce73-5345-8389-f0acd616a4b0,covers,urn:uuid:0a50da70-9c6e-5908-8458-ee227ee48295,chapter4.tex:365-517 (line 517 blank boundary omitted from target mapping)
urn:uuid:90010ad6-3a18-5108-97db-aacf37aaab13,relation/unit/bab-4-produk-langsung-semilangsung-dan-ekstensi-grup/section/01/covers/surface/unit-027/environment/028-tikzcd-04,urn:uuid:d026f544-ce73-5345-8389-f0acd616a4b0,covers,urn:uuid:79aa89c5-7dce-58d5-8b4b-ae29456b98a8,chapter4.tex:365-517 (line 517 blank boundary omitted from target mapping)
urn:uuid:f52f24cb-b0f1-54a8-a26e-8162092a28aa,relation/unit/bab-4-produk-langsung-semilangsung-dan-ekstensi-grup/section/01/covers/surface/unit-027/item/001,urn:uuid:d026f544-ce73-5345-8389-f0acd616a4b0,covers,urn:uuid:e3f10ab2-3483-5215-bd72-e3956c611816,chapter4.tex:365-517 (line 517 blank boundary omitted from target mapping)
urn:uuid:71062e97-60ae-5f3d-8a39-ee1a645287cd,relation/unit/bab-4-produk-langsung-semilangsung-dan-ekstensi-grup/section/01/covers/surface/unit-027/item/002,urn:uuid:d026f544-ce73-5345-8389-f0acd616a4b0,covers,urn:uuid:8119c416-56cb-5a24-a784-b78a852dfa86,chapter4.tex:365-517 (line 517 blank boundary omitted from target mapping)
urn:uuid:e9b0be6e-4128-595f-afb0-de97b54c6fdd,relation/unit/bab-4-produk-langsung-semilangsung-dan-ekstensi-grup/section/01/covers/surface/unit-027/item/003,urn:uuid:d026f544-ce73-5345-8389-f0acd616a4b0,covers,urn:uuid:89ef1b63-ed90-5a35-8f7c-bcc8737b4439,chapter4.tex:365-517 (line 517 blank boundary omitted from target mapping)
urn:uuid:56acafbd-049d-5911-9f2a-a9efcb17b941,relation/unit/bab-4-produk-langsung-semilangsung-dan-ekstensi-grup/section/01/covers/surface/unit-027/item/004,urn:uuid:d026f544-ce73-5345-8389-f0acd616a4b0,covers,urn:uuid:51bf6af1-1136-5ac0-ba64-207f3461696f,chapter4.tex:365-517 (line 517 blank boundary omitted from target mapping)
urn:uuid:ae2e82c8-6aac-5f90-bfd0-12fff992d1cf,relation/unit/bab-4-produk-langsung-semilangsung-dan-ekstensi-grup/section/01/covers/surface/unit-027/item/005,urn:uuid:d026f544-ce73-5345-8389-f0acd616a4b0,covers,urn:uuid:0678f965-3ca2-57b7-8ca4-19dfde4e4d03,chapter4.tex:365-517 (line 517 blank boundary omitted from target mapping)
urn:uuid:cb2ffb33-1e9e-580a-9712-9a5f0a60bd6f,relation/unit/bab-4-produk-langsung-semilangsung-dan-ekstensi-grup/section/01/covers/surface/unit-027/item/006,urn:uuid:d026f544-ce73-5345-8389-f0acd616a4b0,covers,urn:uuid:6c78972d-bedf-5dee-97bb-53839e9ca725,chapter4.tex:365-517 (line 517 blank boundary omitted from target mapping)
urn:uuid:dc0a2d65-7bcd-5db2-9b17-13eafc1f11b3,relation/unit/bab-4-produk-langsung-semilangsung-dan-ekstensi-grup/section/01/covers/surface/unit-027/item/007,urn:uuid:d026f544-ce73-5345-8389-f0acd616a4b0,covers,urn:uuid:e7b5bfd9-1962-5864-a1fc-a445976862f3,chapter4.tex:365-517 (line 517 blank boundary omitted from target mapping)
urn:uuid:5804ec28-59b7-51e8-a12e-edf0ec7a4ddf,relation/unit/bab-4-produk-langsung-semilangsung-dan-ekstensi-grup/section/01/covers/surface/unit-027/item/008,urn:uuid:d026f544-ce73-5345-8389-f0acd616a4b0,covers,urn:uuid:939b9ef3-7b3a-5c57-8c50-665291cd6c83,chapter4.tex:365-517 (line 517 blank boundary omitted from target mapping)
urn:uuid:0a457a7e-9243-569d-8b90-7dbe1fe80f16,relation/unit/bab-4-produk-langsung-semilangsung-dan-ekstensi-grup/section/01/covers/surface/unit-027/item/009,urn:uuid:d026f544-ce73-5345-8389-f0acd616a4b0,covers,urn:uuid:9121ae35-3819-5f61-ac95-95db210ca4e6,chapter4.tex:365-517 (line 517 blank boundary omitted from target mapping)
urn:uuid:a5612d9e-e216-57e7-b261-89b8929ccf7c,relation/unit/bab-4-produk-langsung-semilangsung-dan-ekstensi-grup/section/01/covers/surface/unit-027/item/010,urn:uuid:d026f544-ce73-5345-8389-f0acd616a4b0,covers,urn:uuid:918c58e0-f5b6-590c-b9e5-859a6a707d87,chapter4.tex:365-517 (line 517 blank boundary omitted from target mapping)
urn:uuid:15ded7c2-5744-5794-b896-3f6504b05742,relation/unit/bab-4-produk-langsung-semilangsung-dan-ekstensi-grup/section/01/covers/surface/unit-027/item/011,urn:uuid:d026f544-ce73-5345-8389-f0acd616a4b0,covers,urn:uuid:3fb797bd-9383-5893-a9f8-fe32726816c3,chapter4.tex:365-517 (line 517 blank boundary omitted from target mapping)
urn:uuid:088ab73b-8fb8-52bf-8a08-c122cae3d483,relation/unit/bab-4-produk-langsung-semilangsung-dan-ekstensi-grup/section/01/covers/surface/unit-027/item/012,urn:uuid:d026f544-ce73-5345-8389-f0acd616a4b0,covers,urn:uuid:11ead866-de54-5570-a637-2adeb5c41ed7,chapter4.tex:365-517 (line 517 blank boundary omitted from target mapping)
urn:uuid:159b9ac2-1dea-5b6d-a759-c020d826bd76,relation/unit/bab-4-produk-langsung-semilangsung-dan-ekstensi-grup/section/01/covers/surface/unit-027/item/013,urn:uuid:d026f544-ce73-5345-8389-f0acd616a4b0,covers,urn:uuid:7ece3a08-696a-50cc-8b90-b59e73b4240c,chapter4.tex:365-517 (line 517 blank boundary omitted from target mapping)
urn:uuid:477f21b0-aa2f-55dd-82e1-32701d24242b,relation/unit/bab-4-produk-langsung-semilangsung-dan-ekstensi-grup/section/01/covers/surface/unit-027/item/014,urn:uuid:d026f544-ce73-5345-8389-f0acd616a4b0,covers,urn:uuid:292e18d1-c319-5513-b9e4-ab36ab61c82f,chapter4.tex:365-517 (line 517 blank boundary omitted from target mapping)
urn:uuid:81ab5301-deb8-5566-8a9f-c3a6f98f578e,relation/unit/bab-4-produk-langsung-semilangsung-dan-ekstensi-grup/section/01/covers/surface/unit-027/item/015,urn:uuid:d026f544-ce73-5345-8389-f0acd616a4b0,covers,urn:uuid:6926b564-dfea-5ee4-b49f-f0d9d18a968f,chapter4.tex:365-517 (line 517 blank boundary omitted from target mapping)
urn:uuid:51485028-dcf4-544a-b99d-90235f07ad14,relation/unit/bab-4-produk-langsung-semilangsung-dan-ekstensi-grup/section/01/covers/surface/unit-027/label/001,urn:uuid:d026f544-ce73-5345-8389-f0acd616a4b0,covers,urn:uuid:33401249-5522-5e84-baba-b98ac53e3ed5,chapter4.tex:365-517 (line 517 blank boundary omitted from target mapping)
urn:uuid:5715a745-1639-574b-af81-66df65eb9618,relation/unit/bab-4-produk-langsung-semilangsung-dan-ekstensi-grup/section/01/covers/surface/unit-027/label/002,urn:uuid:d026f544-ce73-5345-8389-f0acd616a4b0,covers,urn:uuid:3a2f0bb5-21a7-5291-a4b2-c10033b92284,chapter4.tex:365-517 (line 517 blank boundary omitted from target mapping)
urn:uuid:c3400f8e-09ac-5b01-87cd-f46079c7bf1a,relation/unit/bab-4-produk-langsung-semilangsung-dan-ekstensi-grup/section/01/covers/surface/unit-027/label/003,urn:uuid:d026f544-ce73-5345-8389-f0acd616a4b0,covers,urn:uuid:215cb85f-2f33-5a43-b9e3-fd5ba06d35df,chapter4.tex:365-517 (line 517 blank boundary omitted from target mapping)
urn:uuid:7de6c99a-61e2-500c-b3c4-0fe7631814d2,relation/unit/bab-4-produk-langsung-semilangsung-dan-ekstensi-grup/section/01/covers/surface/unit-027/label/004,urn:uuid:d026f544-ce73-5345-8389-f0acd616a4b0,covers,urn:uuid:fa950e9b-fcd5-5549-86f0-35d29d52075e,chapter4.tex:365-517 (line 517 blank boundary omitted from target mapping)
urn:uuid:522dbf3d-8bfc-5214-8a7e-6e1caf37406b,relation/unit/bab-4-produk-langsung-semilangsung-dan-ekstensi-grup/section/01/covers/surface/unit-027/label/005,urn:uuid:d026f544-ce73-5345-8389-f0acd616a4b0,covers,urn:uuid:e45bdd3e-2da3-5358-ac02-4603928a467a,chapter4.tex:365-517 (line 517 blank boundary omitted from target mapping)
urn:uuid:bff08a43-aaff-592b-ac06-724f57998209,relation/unit/bab-4-produk-langsung-semilangsung-dan-ekstensi-grup/section/01/covers/surface/unit-027/label/006,urn:uuid:d026f544-ce73-5345-8389-f0acd616a4b0,covers,urn:uuid:f85d7fdb-59eb-583c-9309-57d80cd2ddab,chapter4.tex:365-517 (line 517 blank boundary omitted from target mapping)
urn:uuid:44e8039f-4f01-5204-9c2b-0f92aa249eaf,relation/unit/bab-4-produk-langsung-semilangsung-dan-ekstensi-grup/section/01/covers/surface/unit-027/label/007,urn:uuid:d026f544-ce73-5345-8389-f0acd616a4b0,covers,urn:uuid:590203d1-a239-58e6-abce-a3b8480aef54,chapter4.tex:365-517 (line 517 blank boundary omitted from target mapping)
urn:uuid:2f5527d7-89aa-57ed-b690-1cfc3a3a1a95,relation/unit/bab-4-produk-langsung-semilangsung-dan-ekstensi-grup/section/01/covers/surface/unit-027/label/008,urn:uuid:d026f544-ce73-5345-8389-f0acd616a4b0,covers,urn:uuid:d8e4c9b3-8c18-5607-8e1a-c47f2f712e11,chapter4.tex:365-517 (line 517 blank boundary omitted from target mapping)
urn:uuid:73ccaad7-edfb-5cc2-a1e8-6c07428f836c,relation/unit/bab-4-produk-langsung-semilangsung-dan-ekstensi-grup/section/01/covers/surface/unit-027/polygon-drawing-command/001-foreach,urn:uuid:d026f544-ce73-5345-8389-f0acd616a4b0,covers,urn:uuid:9fd47726-1648-574d-803d-1d63190d3ad3,chapter4.tex:365-517 (line 517 blank boundary omitted from target mapping)
urn:uuid:4fc4cf55-3265-5dee-bc50-5f3ab6e1b2a2,relation/unit/bab-4-produk-langsung-semilangsung-dan-ekstensi-grup/section/01/covers/surface/unit-027/polygon-drawing-command/002-draw,urn:uuid:d026f544-ce73-5345-8389-f0acd616a4b0,covers,urn:uuid:20bf6cee-8912-58bd-8263-ccc4ed33df5a,chapter4.tex:365-517 (line 517 blank boundary omitted from target mapping)
urn:uuid:51a4ad30-04a7-56f8-b0ed-75270a861a03,relation/unit/bab-4-produk-langsung-semilangsung-dan-ekstensi-grup/section/01/covers/surface/unit-027/polygon-drawing-command/003-foreach,urn:uuid:d026f544-ce73-5345-8389-f0acd616a4b0,covers,urn:uuid:e6710baa-f95d-5f1d-a57e-09052c5b8c86,chapter4.tex:365-517 (line 517 blank boundary omitted from target mapping)
urn:uuid:b69af23d-d805-5e4d-80b2-96738d9d9c3a,relation/unit/bab-4-produk-langsung-semilangsung-dan-ekstensi-grup/section/01/covers/surface/unit-027/polygon-drawing-command/004-draw,urn:uuid:d026f544-ce73-5345-8389-f0acd616a4b0,covers,urn:uuid:266f4ea0-4c8f-5ffd-8538-99f91ed78f4c,chapter4.tex:365-517 (line 517 blank boundary omitted from target mapping)
urn:uuid:71f364c2-5edd-5730-bb90-00d653b06aa0,relation/unit/bab-4-produk-langsung-semilangsung-dan-ekstensi-grup/section/01/covers/surface/unit-027/polygon-drawing-command/005-node,urn:uuid:d026f544-ce73-5345-8389-f0acd616a4b0,covers,urn:uuid:b3cb6f26-4edf-508c-ad1c-9763d4c8b6bc,chapter4.tex:365-517 (line 517 blank boundary omitted from target mapping)
urn:uuid:a86cff14-cd77-5511-9ba1-58a33d44cad9,relation/unit/bab-4-produk-langsung-semilangsung-dan-ekstensi-grup/section/01/covers/surface/unit-027/polygon-drawing-command/006-foreach,urn:uuid:d026f544-ce73-5345-8389-f0acd616a4b0,covers,urn:uuid:61b3dc01-f9bb-5188-a02d-e54732f6b76f,chapter4.tex:365-517 (line 517 blank boundary omitted from target mapping)
urn:uuid:cc5969f1-4e71-5e45-8873-c11dd06ec381,relation/unit/bab-4-produk-langsung-semilangsung-dan-ekstensi-grup/section/01/covers/surface/unit-027/polygon-drawing-command/007-draw,urn:uuid:d026f544-ce73-5345-8389-f0acd616a4b0,covers,urn:uuid:60f4ec0e-e49e-59f8-8b37-0302529dffee,chapter4.tex:365-517 (line 517 blank boundary omitted from target mapping)
urn:uuid:96d4ef22-2b0b-5b72-a44a-56b7ec4db8bc,relation/unit/bab-4-produk-langsung-semilangsung-dan-ekstensi-grup/section/01/covers/surface/unit-027/polygon-drawing-command/008-foreach,urn:uuid:d026f544-ce73-5345-8389-f0acd616a4b0,covers,urn:uuid:b44cab52-68ae-5d64-b5ac-590c33fb115b,chapter4.tex:365-517 (line 517 blank boundary omitted from target mapping)
urn:uuid:4e7ab67d-5d48-5fdc-801d-ae17ece3cdae,relation/unit/bab-4-produk-langsung-semilangsung-dan-ekstensi-grup/section/01/covers/surface/unit-027/polygon-drawing-command/009-draw,urn:uuid:d026f544-ce73-5345-8389-f0acd616a4b0,covers,urn:uuid:ab861a72-b2d9-542a-aeae-ad62b4842299,chapter4.tex:365-517 (line 517 blank boundary omitted from target mapping)
urn:uuid:411db591-940b-5766-94c6-faa68d61d922,relation/unit/bab-4-produk-langsung-semilangsung-dan-ekstensi-grup/section/01/covers/surface/unit-027/polygon-drawing-command/010-node,urn:uuid:d026f544-ce73-5345-8389-f0acd616a4b0,covers,urn:uuid:3392636f-178c-58c1-a555-f92834430dbb,chapter4.tex:365-517 (line 517 blank boundary omitted from target mapping)
urn:uuid:aa64855a-572d-543c-8d1e-e9a3f8223cf8,relation/unit/bab-4-produk-langsung-semilangsung-dan-ekstensi-grup/section/01/covers/surface/unit-027/polygon-drawing-command/011-foreach,urn:uuid:d026f544-ce73-5345-8389-f0acd616a4b0,covers,urn:uuid:7a77f10a-a02e-5b04-b5af-0eebdd17d547,chapter4.tex:365-517 (line 517 blank boundary omitted from target mapping)
urn:uuid:5b2dcf71-a156-55c3-967e-3444dbd3ee4a,relation/unit/bab-4-produk-langsung-semilangsung-dan-ekstensi-grup/section/01/covers/surface/unit-027/polygon-drawing-command/012-draw,urn:uuid:d026f544-ce73-5345-8389-f0acd616a4b0,covers,urn:uuid:76595aed-bbed-5b41-8ffa-f720f3d64fe8,chapter4.tex:365-517 (line 517 blank boundary omitted from target mapping)
urn:uuid:8d66c7c6-1ec0-54ad-95e3-0e05b1e95a24,relation/unit/bab-4-produk-langsung-semilangsung-dan-ekstensi-grup/section/01/covers/surface/unit-027/polygon-drawing-command/013-foreach,urn:uuid:d026f544-ce73-5345-8389-f0acd616a4b0,covers,urn:uuid:03caf885-a0f7-589e-b39d-6ff937c446ab,chapter4.tex:365-517 (line 517 blank boundary omitted from target mapping)
urn:uuid:ee30c703-d82f-5225-98f2-31f7b69eecef,relation/unit/bab-4-produk-langsung-semilangsung-dan-ekstensi-grup/section/01/covers/surface/unit-027/polygon-drawing-command/014-draw,urn:uuid:d026f544-ce73-5345-8389-f0acd616a4b0,covers,urn:uuid:d9d9e809-28be-5a1f-9ae6-b1418e28b67d,chapter4.tex:365-517 (line 517 blank boundary omitted from target mapping)
urn:uuid:49ccf924-2e44-5885-b132-e0d04bb38f5b,relation/unit/bab-4-produk-langsung-semilangsung-dan-ekstensi-grup/section/01/covers/surface/unit-027/polygon-drawing-command/015-node,urn:uuid:d026f544-ce73-5345-8389-f0acd616a4b0,covers,urn:uuid:fc34e2ad-e568-5028-b175-2aa31087e0f3,chapter4.tex:365-517 (line 517 blank boundary omitted from target mapping)
urn:uuid:317e0261-4f93-54d0-a0e7-42d85dae2982,relation/unit/bab-4-produk-langsung-semilangsung-dan-ekstensi-grup/section/01/covers/surface/unit-027/protected-math-zone/001-inline,urn:uuid:d026f544-ce73-5345-8389-f0acd616a4b0,covers,urn:uuid:67ec2afd-8453-5479-abcb-842c30abbeef,chapter4.tex:365-517 (line 517 blank boundary omitted from target mapping)
urn:uuid:091a22f1-8ae8-53f2-976b-8f3d4f148c08,relation/unit/bab-4-produk-langsung-semilangsung-dan-ekstensi-grup/section/01/covers/surface/unit-027/protected-math-zone/002-inline,urn:uuid:d026f544-ce73-5345-8389-f0acd616a4b0,covers,urn:uuid:cb3b2fb2-2885-55c2-8e8d-9a6471313175,chapter4.tex:365-517 (line 517 blank boundary omitted from target mapping)
urn:uuid:569d3ea5-7f1d-53e2-8677-880703c8af29,relation/unit/bab-4-produk-langsung-semilangsung-dan-ekstensi-grup/section/01/covers/surface/unit-027/protected-math-zone/003-inline,urn:uuid:d026f544-ce73-5345-8389-f0acd616a4b0,covers,urn:uuid:d1e6fc54-da9b-5ffd-8200-5927c61f9a43,chapter4.tex:365-517 (line 517 blank boundary omitted from target mapping)
urn:uuid:8e5261e8-0ffc-58e2-a1b6-3ccbc420a3a1,relation/unit/bab-4-produk-langsung-semilangsung-dan-ekstensi-grup/section/01/covers/surface/unit-027/protected-math-zone/004-inline,urn:uuid:d026f544-ce73-5345-8389-f0acd616a4b0,covers,urn:uuid:badb371b-b04a-5665-a3a1-3284083773d7,chapter4.tex:365-517 (line 517 blank boundary omitted from target mapping)
urn:uuid:cf781987-1e01-50ab-83d4-ff537aae5c9d,relation/unit/bab-4-produk-langsung-semilangsung-dan-ekstensi-grup/section/01/covers/surface/unit-027/protected-math-zone/005-inline,urn:uuid:d026f544-ce73-5345-8389-f0acd616a4b0,covers,urn:uuid:cb35cb30-0b28-5329-8f43-08b6181ad7e0,chapter4.tex:365-517 (line 517 blank boundary omitted from target mapping)
urn:uuid:c26f4771-5633-5837-82a1-8cdf870975e2,relation/unit/bab-4-produk-langsung-semilangsung-dan-ekstensi-grup/section/01/covers/surface/unit-027/protected-math-zone/006-inline,urn:uuid:d026f544-ce73-5345-8389-f0acd616a4b0,covers,urn:uuid:a80b66df-afd6-5c82-8310-a7ffa76e9061,chapter4.tex:365-517 (line 517 blank boundary omitted from target mapping)
urn:uuid:abd48794-eb84-5093-8a07-e410ebe7623f,relation/unit/bab-4-produk-langsung-semilangsung-dan-ekstensi-grup/section/01/covers/surface/unit-027/protected-math-zone/007-inline,urn:uuid:d026f544-ce73-5345-8389-f0acd616a4b0,covers,urn:uuid:a54f66b3-49e6-53d7-b164-418d3c20da76,chapter4.tex:365-517 (line 517 blank boundary omitted from target mapping)
urn:uuid:c4b73e12-0154-58e9-885e-776672faf564,relation/unit/bab-4-produk-langsung-semilangsung-dan-ekstensi-grup/section/01/covers/surface/unit-027/protected-math-zone/008-inline,urn:uuid:d026f544-ce73-5345-8389-f0acd616a4b0,covers,urn:uuid:7e70bda1-2093-5421-a8ae-0e59da0857de,chapter4.tex:365-517 (line 517 blank boundary omitted from target mapping)
urn:uuid:c980415d-4b4e-54ab-a316-440818120f43,relation/unit/bab-4-produk-langsung-semilangsung-dan-ekstensi-grup/section/01/covers/surface/unit-027/protected-math-zone/009-inline,urn:uuid:d026f544-ce73-5345-8389-f0acd616a4b0,covers,urn:uuid:c3f209f2-d55d-5d94-9ffe-7e4a89de64ea,chapter4.tex:365-517 (line 517 blank boundary omitted from target mapping)
urn:uuid:af384dd3-0007-5b54-aa34-cd3e2d118275,relation/unit/bab-4-produk-langsung-semilangsung-dan-ekstensi-grup/section/01/covers/surface/unit-027/protected-math-zone/010-inline,urn:uuid:d026f544-ce73-5345-8389-f0acd616a4b0,covers,urn:uuid:ad928efb-3cba-5e91-bb67-bec335e46853,chapter4.tex:365-517 (line 517 blank boundary omitted from target mapping)
urn:uuid:eb3e9d47-e236-5f51-9fc3-e4edb4610f0f,relation/unit/bab-4-produk-langsung-semilangsung-dan-ekstensi-grup/section/01/covers/surface/unit-027/protected-math-zone/011-inline,urn:uuid:d026f544-ce73-5345-8389-f0acd616a4b0,covers,urn:uuid:daf12731-21d1-5aab-9108-cbea57534f4f,chapter4.tex:365-517 (line 517 blank boundary omitted from target mapping)
urn:uuid:deef9504-50d6-5f5b-9906-ffb942d5b683,relation/unit/bab-4-produk-langsung-semilangsung-dan-ekstensi-grup/section/01/covers/surface/unit-027/protected-math-zone/012-inline,urn:uuid:d026f544-ce73-5345-8389-f0acd616a4b0,covers,urn:uuid:dac1dc82-12fa-5ef6-bd47-98d11dc97b6b,chapter4.tex:365-517 (line 517 blank boundary omitted from target mapping)
urn:uuid:e69ea3bf-ddb8-5579-9a21-886ff427e6dd,relation/unit/bab-4-produk-langsung-semilangsung-dan-ekstensi-grup/section/01/covers/surface/unit-027/protected-math-zone/013-inline,urn:uuid:d026f544-ce73-5345-8389-f0acd616a4b0,covers,urn:uuid:b8dace3b-a342-502c-8a84-85ec01b7133d,chapter4.tex:365-517 (line 517 blank boundary omitted from target mapping)
urn:uuid:c1be1f12-6f44-56de-9af7-d5f2ae638865,relation/unit/bab-4-produk-langsung-semilangsung-dan-ekstensi-grup/section/01/covers/surface/unit-027/protected-math-zone/014-inline,urn:uuid:d026f544-ce73-5345-8389-f0acd616a4b0,covers,urn:uuid:71aceaa9-95f1-5d41-9ea1-989f57cd74f6,chapter4.tex:365-517 (line 517 blank boundary omitted from target mapping)
urn:uuid:736eeaee-f62e-5a79-9c5b-a6ffb8ea5ad9,relation/unit/bab-4-produk-langsung-semilangsung-dan-ekstensi-grup/section/01/covers/surface/unit-027/protected-math-zone/015-inline,urn:uuid:d026f544-ce73-5345-8389-f0acd616a4b0,covers,urn:uuid:3c343cb9-8869-515b-8244-8a8335c16e58,chapter4.tex:365-517 (line 517 blank boundary omitted from target mapping)
urn:uuid:4d4b920f-371b-5397-8755-b03de9590e33,relation/unit/bab-4-produk-langsung-semilangsung-dan-ekstensi-grup/section/01/covers/surface/unit-027/protected-math-zone/016-display-environment,urn:uuid:d026f544-ce73-5345-8389-f0acd616a4b0,covers,urn:uuid:cfff7793-1f89-5d95-86fa-37a659e8a0d8,chapter4.tex:365-517 (line 517 blank boundary omitted from target mapping)
urn:uuid:3951bb2b-f2d9-5bc8-8414-8ce60d06fade,relation/unit/bab-4-produk-langsung-semilangsung-dan-ekstensi-grup/section/01/covers/surface/unit-027/protected-math-zone/017-inline,urn:uuid:d026f544-ce73-5345-8389-f0acd616a4b0,covers,urn:uuid:6a9d5142-350f-5fbc-a9bb-eef52966c3e6,chapter4.tex:365-517 (line 517 blank boundary omitted from target mapping)
urn:uuid:05093dc8-0ef2-5182-86a7-5d45e1c958d9,relation/unit/bab-4-produk-langsung-semilangsung-dan-ekstensi-grup/section/01/covers/surface/unit-027/protected-math-zone/018-inline,urn:uuid:d026f544-ce73-5345-8389-f0acd616a4b0,covers,urn:uuid:6f856e33-97e4-5414-a0ad-4384e93381df,chapter4.tex:365-517 (line 517 blank boundary omitted from target mapping)
urn:uuid:3c54de82-e29d-5188-baea-4b5eb8dcb961,relation/unit/bab-4-produk-langsung-semilangsung-dan-ekstensi-grup/section/01/covers/surface/unit-027/protected-math-zone/019-inline,urn:uuid:d026f544-ce73-5345-8389-f0acd616a4b0,covers,urn:uuid:8a502037-0097-5a76-8289-95a9cd1990ae,chapter4.tex:365-517 (line 517 blank boundary omitted from target mapping)
urn:uuid:274d4de7-f76e-5fbe-a365-23f46ffa92e7,relation/unit/bab-4-produk-langsung-semilangsung-dan-ekstensi-grup/section/01/covers/surface/unit-027/protected-math-zone/020-inline,urn:uuid:d026f544-ce73-5345-8389-f0acd616a4b0,covers,urn:uuid:b4b9e801-6c2c-56ee-8360-947f26006ee3,chapter4.tex:365-517 (line 517 blank boundary omitted from target mapping)
urn:uuid:dfc5dbf9-6912-5103-98cf-0e647dcf91e6,relation/unit/bab-4-produk-langsung-semilangsung-dan-ekstensi-grup/section/01/covers/surface/unit-027/protected-math-zone/021-inline,urn:uuid:d026f544-ce73-5345-8389-f0acd616a4b0,covers,urn:uuid:9948bc09-b4fb-57fb-8d18-ccd89ae44912,chapter4.tex:365-517 (line 517 blank boundary omitted from target mapping)
urn:uuid:6d53d15e-6d89-5c3c-89f3-543b174812a2,relation/unit/bab-4-produk-langsung-semilangsung-dan-ekstensi-grup/section/01/covers/surface/unit-027/protected-math-zone/022-inline,urn:uuid:d026f544-ce73-5345-8389-f0acd616a4b0,covers,urn:uuid:8327f477-2c1b-5109-a6a5-07e0ae466c68,chapter4.tex:365-517 (line 517 blank boundary omitted from target mapping)
urn:uuid:a86ac28e-32f3-598a-afaf-e3ed92e901ed,relation/unit/bab-4-produk-langsung-semilangsung-dan-ekstensi-grup/section/01/covers/surface/unit-027/protected-math-zone/023-display-bracket,urn:uuid:d026f544-ce73-5345-8389-f0acd616a4b0,covers,urn:uuid:739d95f0-aad9-58cd-baf8-a151b0de4eb5,chapter4.tex:365-517 (line 517 blank boundary omitted from target mapping)
urn:uuid:e54377eb-b237-5c6a-8512-661350e226e9,relation/unit/bab-4-produk-langsung-semilangsung-dan-ekstensi-grup/section/01/covers/surface/unit-027/protected-math-zone/024-display-environment,urn:uuid:d026f544-ce73-5345-8389-f0acd616a4b0,covers,urn:uuid:c55d3440-3a80-5174-a18b-60fc7aa589c1,chapter4.tex:365-517 (line 517 blank boundary omitted from target mapping)
urn:uuid:909d377d-0ced-514f-a6ce-1c705d7894c2,relation/unit/bab-4-produk-langsung-semilangsung-dan-ekstensi-grup/section/01/covers/surface/unit-027/protected-math-zone/025-inline,urn:uuid:d026f544-ce73-5345-8389-f0acd616a4b0,covers,urn:uuid:0ef7af40-f77d-5fb2-8c9d-36030caa82ff,chapter4.tex:365-517 (line 517 blank boundary omitted from target mapping)
urn:uuid:6626db37-b820-5840-8a82-7d45907a0215,relation/unit/bab-4-produk-langsung-semilangsung-dan-ekstensi-grup/section/01/covers/surface/unit-027/protected-math-zone/026-inline,urn:uuid:d026f544-ce73-5345-8389-f0acd616a4b0,covers,urn:uuid:921eb151-90ad-5784-8795-956e98bf086a,chapter4.tex:365-517 (line 517 blank boundary omitted from target mapping)
urn:uuid:2f08f3df-8155-55cc-b091-b0a7021b817e,relation/unit/bab-4-produk-langsung-semilangsung-dan-ekstensi-grup/section/01/covers/surface/unit-027/protected-math-zone/027-inline,urn:uuid:d026f544-ce73-5345-8389-f0acd616a4b0,covers,urn:uuid:8a8b49e1-ad9b-51ec-8291-ce2e812cee15,chapter4.tex:365-517 (line 517 blank boundary omitted from target mapping)
urn:uuid:56e696f2-715d-5b61-babc-2898dd722991,relation/unit/bab-4-produk-langsung-semilangsung-dan-ekstensi-grup/section/01/covers/surface/unit-027/protected-math-zone/028-inline,urn:uuid:d026f544-ce73-5345-8389-f0acd616a4b0,covers,urn:uuid:0b16b744-0121-589a-aaac-99fe113aabf0,chapter4.tex:365-517 (line 517 blank boundary omitted from target mapping)
urn:uuid:ca6ac753-e475-5774-a280-1723a03dd88d,relation/unit/bab-4-produk-langsung-semilangsung-dan-ekstensi-grup/section/01/covers/surface/unit-027/protected-math-zone/029-inline,urn:uuid:d026f544-ce73-5345-8389-f0acd616a4b0,covers,urn:uuid:d532b8f8-8866-5698-8efa-33f3b4299423,chapter4.tex:365-517 (line 517 blank boundary omitted from target mapping)
urn:uuid:2d816faf-65c3-5620-9430-b871bc518868,relation/unit/bab-4-produk-langsung-semilangsung-dan-ekstensi-grup/section/01/covers/surface/unit-027/protected-math-zone/030-inline,urn:uuid:d026f544-ce73-5345-8389-f0acd616a4b0,covers,urn:uuid:9c715f5b-af6d-5db7-bef1-d0ac851df5fd,chapter4.tex:365-517 (line 517 blank boundary omitted from target mapping)
urn:uuid:afd9f1fa-6933-5533-ac62-0380d532e56c,relation/unit/bab-4-produk-langsung-semilangsung-dan-ekstensi-grup/section/01/covers/surface/unit-027/protected-math-zone/031-inline,urn:uuid:d026f544-ce73-5345-8389-f0acd616a4b0,covers,urn:uuid:a922d199-95b6-51d5-9663-6dce0d9ea69c,chapter4.tex:365-517 (line 517 blank boundary omitted from target mapping)
urn:uuid:9ea2534a-c2da-5389-ad40-9136aa75ba6f,relation/unit/bab-4-produk-langsung-semilangsung-dan-ekstensi-grup/section/01/covers/surface/unit-027/protected-math-zone/032-inline,urn:uuid:d026f544-ce73-5345-8389-f0acd616a4b0,covers,urn:uuid:6876c982-ff88-53d7-832b-7ac7167ac3cd,chapter4.tex:365-517 (line 517 blank boundary omitted from target mapping)
urn:uuid:4c45b089-0995-5210-8387-2e3263ebaae6,relation/unit/bab-4-produk-langsung-semilangsung-dan-ekstensi-grup/section/01/covers/surface/unit-027/protected-math-zone/033-inline,urn:uuid:d026f544-ce73-5345-8389-f0acd616a4b0,covers,urn:uuid:00ddb930-caef-5dbc-a154-5e1079d9dd50,chapter4.tex:365-517 (line 517 blank boundary omitted from target mapping)
urn:uuid:26839a49-0ecd-5285-9a49-b238f3ff6183,relation/unit/bab-4-produk-langsung-semilangsung-dan-ekstensi-grup/section/01/covers/surface/unit-027/protected-math-zone/034-inline,urn:uuid:d026f544-ce73-5345-8389-f0acd616a4b0,covers,urn:uuid:541c8950-9a35-5f51-9827-fdc7cee0e5a6,chapter4.tex:365-517 (line 517 blank boundary omitted from target mapping)
urn:uuid:505f4d3a-dd70-59ef-b557-23b840bd50ef,relation/unit/bab-4-produk-langsung-semilangsung-dan-ekstensi-grup/section/01/covers/surface/unit-027/protected-math-zone/035-inline,urn:uuid:d026f544-ce73-5345-8389-f0acd616a4b0,covers,urn:uuid:824ad5fa-06c3-590c-a11f-b270ef83abc8,chapter4.tex:365-517 (line 517 blank boundary omitted from target mapping)
urn:uuid:5bbce741-b9a3-5989-9a89-18af0ad1055e,relation/unit/bab-4-produk-langsung-semilangsung-dan-ekstensi-grup/section/01/covers/surface/unit-027/protected-math-zone/036-inline,urn:uuid:d026f544-ce73-5345-8389-f0acd616a4b0,covers,urn:uuid:e0a38bd1-a8bf-532e-9aa5-c922c73e6b20,chapter4.tex:365-517 (line 517 blank boundary omitted from target mapping)
urn:uuid:48ea6163-4ad5-5d3b-abb8-c4ec198e01e2,relation/unit/bab-4-produk-langsung-semilangsung-dan-ekstensi-grup/section/01/covers/surface/unit-027/protected-math-zone/037-inline,urn:uuid:d026f544-ce73-5345-8389-f0acd616a4b0,covers,urn:uuid:082bcf3e-3f51-52e9-82d6-8ac55ad14196,chapter4.tex:365-517 (line 517 blank boundary omitted from target mapping)
urn:uuid:085b80d7-10b0-50aa-aa04-0a7a58e86289,relation/unit/bab-4-produk-langsung-semilangsung-dan-ekstensi-grup/section/01/covers/surface/unit-027/protected-math-zone/038-inline,urn:uuid:d026f544-ce73-5345-8389-f0acd616a4b0,covers,urn:uuid:3e018aea-3255-52cf-b0e9-b37c1e9ffe6f,chapter4.tex:365-517 (line 517 blank boundary omitted from target mapping)
urn:uuid:5344c3ba-a26b-5ab8-8b58-3611432cf4a7,relation/unit/bab-4-produk-langsung-semilangsung-dan-ekstensi-grup/section/01/covers/surface/unit-027/protected-math-zone/039-inline,urn:uuid:d026f544-ce73-5345-8389-f0acd616a4b0,covers,urn:uuid:8a045103-e11e-5f9d-807c-577bf0c44242,chapter4.tex:365-517 (line 517 blank boundary omitted from target mapping)
urn:uuid:52a497f3-13fd-56bc-9a9f-22b56908b2ad,relation/unit/bab-4-produk-langsung-semilangsung-dan-ekstensi-grup/section/01/covers/surface/unit-027/protected-math-zone/040-inline,urn:uuid:d026f544-ce73-5345-8389-f0acd616a4b0,covers,urn:uuid:4b33b0a0-6462-5e97-9e94-d9691cfcf887,chapter4.tex:365-517 (line 517 blank boundary omitted from target mapping)
urn:uuid:b8db0ca4-f9f9-560b-870a-827cd71193b3,relation/unit/bab-4-produk-langsung-semilangsung-dan-ekstensi-grup/section/01/covers/surface/unit-027/protected-math-zone/041-inline,urn:uuid:d026f544-ce73-5345-8389-f0acd616a4b0,covers,urn:uuid:e2e429a9-1b55-5290-93ef-83a505c96c22,chapter4.tex:365-517 (line 517 blank boundary omitted from target mapping)
urn:uuid:6ac8aad9-2183-5360-b4be-a66e4f9a26cc,relation/unit/bab-4-produk-langsung-semilangsung-dan-ekstensi-grup/section/01/covers/surface/unit-027/protected-math-zone/042-inline,urn:uuid:d026f544-ce73-5345-8389-f0acd616a4b0,covers,urn:uuid:c1885812-8bd0-5daa-9fd1-7513377d450c,chapter4.tex:365-517 (line 517 blank boundary omitted from target mapping)
urn:uuid:a1674a78-e145-5aab-b1c4-803874a46234,relation/unit/bab-4-produk-langsung-semilangsung-dan-ekstensi-grup/section/01/covers/surface/unit-027/protected-math-zone/043-inline,urn:uuid:d026f544-ce73-5345-8389-f0acd616a4b0,covers,urn:uuid:7188137d-dc1c-5e51-a9c0-61484231053d,chapter4.tex:365-517 (line 517 blank boundary omitted from target mapping)
urn:uuid:f8ba1388-9110-57f6-ad8b-86610b68349a,relation/unit/bab-4-produk-langsung-semilangsung-dan-ekstensi-grup/section/01/covers/surface/unit-027/protected-math-zone/044-inline,urn:uuid:d026f544-ce73-5345-8389-f0acd616a4b0,covers,urn:uuid:ec3ff8e5-41f5-5c3a-9ece-4c9a644d4fb1,chapter4.tex:365-517 (line 517 blank boundary omitted from target mapping)
urn:uuid:6c575182-167c-5412-9e74-ec194cd333a8,relation/unit/bab-4-produk-langsung-semilangsung-dan-ekstensi-grup/section/01/covers/surface/unit-027/protected-math-zone/045-inline,urn:uuid:d026f544-ce73-5345-8389-f0acd616a4b0,covers,urn:uuid:90643144-4684-513b-8183-435ce65eb1fd,chapter4.tex:365-517 (line 517 blank boundary omitted from target mapping)
urn:uuid:20a1a7d1-e056-531f-9527-b05db2a08d12,relation/unit/bab-4-produk-langsung-semilangsung-dan-ekstensi-grup/section/01/covers/surface/unit-027/protected-math-zone/046-inline,urn:uuid:d026f544-ce73-5345-8389-f0acd616a4b0,covers,urn:uuid:96356266-d273-53bc-b6c8-5eb0aa475aa3,chapter4.tex:365-517 (line 517 blank boundary omitted from target mapping)
urn:uuid:ca17e9d3-10a4-58ec-a5aa-c39fa83c3d5b,relation/unit/bab-4-produk-langsung-semilangsung-dan-ekstensi-grup/section/01/covers/surface/unit-027/protected-math-zone/047-inline,urn:uuid:d026f544-ce73-5345-8389-f0acd616a4b0,covers,urn:uuid:d2d6515b-0383-5b9f-96d6-083e8b10925b,chapter4.tex:365-517 (line 517 blank boundary omitted from target mapping)
urn:uuid:afd69fe9-f0ed-5421-9974-c6317b859082,relation/unit/bab-4-produk-langsung-semilangsung-dan-ekstensi-grup/section/01/covers/surface/unit-027/protected-math-zone/048-inline,urn:uuid:d026f544-ce73-5345-8389-f0acd616a4b0,covers,urn:uuid:0b0517db-dbc3-5362-bced-32b9d2f0c510,chapter4.tex:365-517 (line 517 blank boundary omitted from target mapping)
urn:uuid:45f6ff89-af40-59e1-ae25-b3a2f31afce0,relation/unit/bab-4-produk-langsung-semilangsung-dan-ekstensi-grup/section/01/covers/surface/unit-027/protected-math-zone/049-inline,urn:uuid:d026f544-ce73-5345-8389-f0acd616a4b0,covers,urn:uuid:7fd2abed-8ae4-5225-bed2-ce55f3675f4d,chapter4.tex:365-517 (line 517 blank boundary omitted from target mapping)
urn:uuid:2a2fe216-4944-5dee-b378-33e46f4edd0b,relation/unit/bab-4-produk-langsung-semilangsung-dan-ekstensi-grup/section/01/covers/surface/unit-027/protected-math-zone/050-inline,urn:uuid:d026f544-ce73-5345-8389-f0acd616a4b0,covers,urn:uuid:7caf8593-7011-5569-9123-4073ad223210,chapter4.tex:365-517 (line 517 blank boundary omitted from target mapping)
urn:uuid:10512dee-e061-5821-81b9-d71eda9adc28,relation/unit/bab-4-produk-langsung-semilangsung-dan-ekstensi-grup/section/01/covers/surface/unit-027/protected-math-zone/051-inline,urn:uuid:d026f544-ce73-5345-8389-f0acd616a4b0,covers,urn:uuid:62ce9734-27a2-5541-ad3a-c705df2a8727,chapter4.tex:365-517 (line 517 blank boundary omitted from target mapping)
urn:uuid:54c2afa4-26e0-5f45-9d4c-b67d6d089d84,relation/unit/bab-4-produk-langsung-semilangsung-dan-ekstensi-grup/section/01/covers/surface/unit-027/protected-math-zone/052-inline,urn:uuid:d026f544-ce73-5345-8389-f0acd616a4b0,covers,urn:uuid:846fee95-46ba-5e48-93bc-84cae36579b0,chapter4.tex:365-517 (line 517 blank boundary omitted from target mapping)
urn:uuid:98d71923-63ab-54aa-82d7-ff19151a99d9,relation/unit/bab-4-produk-langsung-semilangsung-dan-ekstensi-grup/section/01/covers/surface/unit-027/protected-math-zone/053-inline,urn:uuid:d026f544-ce73-5345-8389-f0acd616a4b0,covers,urn:uuid:68a041b8-1fbe-5bf4-9f32-7cc3477e9b37,chapter4.tex:365-517 (line 517 blank boundary omitted from target mapping)
urn:uuid:63a5554f-61aa-5636-9a83-a976817ef33a,relation/unit/bab-4-produk-langsung-semilangsung-dan-ekstensi-grup/section/01/covers/surface/unit-027/protected-math-zone/054-inline,urn:uuid:d026f544-ce73-5345-8389-f0acd616a4b0,covers,urn:uuid:87a9c211-ff02-5fb1-9e46-259c0a522f11,chapter4.tex:365-517 (line 517 blank boundary omitted from target mapping)
urn:uuid:dbd3ea23-324c-5063-8b43-7d2974ad361f,relation/unit/bab-4-produk-langsung-semilangsung-dan-ekstensi-grup/section/01/covers/surface/unit-027/protected-math-zone/055-inline,urn:uuid:d026f544-ce73-5345-8389-f0acd616a4b0,covers,urn:uuid:7711df6e-eb62-57d4-bf54-a9f9174342af,chapter4.tex:365-517 (line 517 blank boundary omitted from target mapping)
urn:uuid:4164a6eb-a9fe-5649-9f4f-4208d958b906,relation/unit/bab-4-produk-langsung-semilangsung-dan-ekstensi-grup/section/01/covers/surface/unit-027/protected-math-zone/056-inline,urn:uuid:d026f544-ce73-5345-8389-f0acd616a4b0,covers,urn:uuid:bfd933b7-857a-50f3-a21a-dd934abcbe2a,chapter4.tex:365-517 (line 517 blank boundary omitted from target mapping)
urn:uuid:5ea315d9-9f94-5bcf-9491-f5c4339e29bc,relation/unit/bab-4-produk-langsung-semilangsung-dan-ekstensi-grup/section/01/covers/surface/unit-027/protected-math-zone/057-display-environment,urn:uuid:d026f544-ce73-5345-8389-f0acd616a4b0,covers,urn:uuid:458f8bc7-5943-57f1-bbec-31792aa7022b,chapter4.tex:365-517 (line 517 blank boundary omitted from target mapping)
urn:uuid:49163033-c05c-57a6-9717-5e5d0ac0515f,relation/unit/bab-4-produk-langsung-semilangsung-dan-ekstensi-grup/section/01/covers/surface/unit-027/protected-math-zone/058-inline,urn:uuid:d026f544-ce73-5345-8389-f0acd616a4b0,covers,urn:uuid:b8a5ac39-ad2f-5bb0-846b-bf641e0166ce,chapter4.tex:365-517 (line 517 blank boundary omitted from target mapping)
urn:uuid:697ec175-f1a8-5ee7-a1f6-ac2f4de149c1,relation/unit/bab-4-produk-langsung-semilangsung-dan-ekstensi-grup/section/01/covers/surface/unit-027/protected-math-zone/059-inline,urn:uuid:d026f544-ce73-5345-8389-f0acd616a4b0,covers,urn:uuid:7f748f77-626d-5171-bff7-7610c9389355,chapter4.tex:365-517 (line 517 blank boundary omitted from target mapping)
urn:uuid:24aa8f94-5e47-5919-9adb-d6b7bd64edac,relation/unit/bab-4-produk-langsung-semilangsung-dan-ekstensi-grup/section/01/covers/surface/unit-027/protected-math-zone/060-inline,urn:uuid:d026f544-ce73-5345-8389-f0acd616a4b0,covers,urn:uuid:a391c171-5fec-5759-92bd-4dcdb4caeaaa,chapter4.tex:365-517 (line 517 blank boundary omitted from target mapping)
urn:uuid:7871613d-0692-5753-b6ea-57c1adae69c7,relation/unit/bab-4-produk-langsung-semilangsung-dan-ekstensi-grup/section/01/covers/surface/unit-027/protected-math-zone/061-inline,urn:uuid:d026f544-ce73-5345-8389-f0acd616a4b0,covers,urn:uuid:d328416b-55f2-5b03-aa1a-77b27fcb015e,chapter4.tex:365-517 (line 517 blank boundary omitted from target mapping)
urn:uuid:386bb5d9-d935-582b-9b42-e739d25265c0,relation/unit/bab-4-produk-langsung-semilangsung-dan-ekstensi-grup/section/01/covers/surface/unit-027/protected-math-zone/062-inline,urn:uuid:d026f544-ce73-5345-8389-f0acd616a4b0,covers,urn:uuid:b2aeaaea-baa6-5d86-95ed-09264f79296a,chapter4.tex:365-517 (line 517 blank boundary omitted from target mapping)
urn:uuid:446cd68f-93f3-5968-a343-0859c936101d,relation/unit/bab-4-produk-langsung-semilangsung-dan-ekstensi-grup/section/01/covers/surface/unit-027/protected-math-zone/063-inline,urn:uuid:d026f544-ce73-5345-8389-f0acd616a4b0,covers,urn:uuid:db541a0c-b785-568e-a7a1-0b615206a589,chapter4.tex:365-517 (line 517 blank boundary omitted from target mapping)
urn:uuid:2e45739d-07cc-51c4-81ac-71319823fe6a,relation/unit/bab-4-produk-langsung-semilangsung-dan-ekstensi-grup/section/01/covers/surface/unit-027/protected-math-zone/064-inline,urn:uuid:d026f544-ce73-5345-8389-f0acd616a4b0,covers,urn:uuid:c4651d1b-e86a-535b-8018-fb5d7b15d406,chapter4.tex:365-517 (line 517 blank boundary omitted from target mapping)
urn:uuid:ec77b98c-d8ee-5046-a603-a9d58715e3c3,relation/unit/bab-4-produk-langsung-semilangsung-dan-ekstensi-grup/section/01/covers/surface/unit-027/protected-math-zone/065-inline,urn:uuid:d026f544-ce73-5345-8389-f0acd616a4b0,covers,urn:uuid:8da2a389-17d7-5b46-8240-8e5624930cf7,chapter4.tex:365-517 (line 517 blank boundary omitted from target mapping)
urn:uuid:cd8840d9-f3f0-5df6-b9da-004a467ff243,relation/unit/bab-4-produk-langsung-semilangsung-dan-ekstensi-grup/section/01/covers/surface/unit-027/protected-math-zone/066-inline,urn:uuid:d026f544-ce73-5345-8389-f0acd616a4b0,covers,urn:uuid:4144cb95-f3e3-5d3e-a0cb-8ccbac9c58d2,chapter4.tex:365-517 (line 517 blank boundary omitted from target mapping)
urn:uuid:2cdf64e6-02f7-5a59-8f28-66be832b7b95,relation/unit/bab-4-produk-langsung-semilangsung-dan-ekstensi-grup/section/01/covers/surface/unit-027/protected-math-zone/067-display-environment,urn:uuid:d026f544-ce73-5345-8389-f0acd616a4b0,covers,urn:uuid:b4adb7d5-0013-5940-8eb9-879b7279490b,chapter4.tex:365-517 (line 517 blank boundary omitted from target mapping)
urn:uuid:79983e83-c07a-5b5a-ba39-415be7e9d2d7,relation/unit/bab-4-produk-langsung-semilangsung-dan-ekstensi-grup/section/01/covers/surface/unit-027/protected-math-zone/068-inline,urn:uuid:d026f544-ce73-5345-8389-f0acd616a4b0,covers,urn:uuid:81528809-b8a8-5e93-921b-21e581eef12c,chapter4.tex:365-517 (line 517 blank boundary omitted from target mapping)
urn:uuid:5454669b-4884-5d0a-8791-09869cfed6ae,relation/unit/bab-4-produk-langsung-semilangsung-dan-ekstensi-grup/section/01/covers/surface/unit-027/protected-math-zone/069-inline,urn:uuid:d026f544-ce73-5345-8389-f0acd616a4b0,covers,urn:uuid:2a3de652-4b47-5d5b-a13f-5d8ae309145d,chapter4.tex:365-517 (line 517 blank boundary omitted from target mapping)
urn:uuid:ea31f62d-ada7-5f0e-ba9b-c591e4a0683d,relation/unit/bab-4-produk-langsung-semilangsung-dan-ekstensi-grup/section/01/covers/surface/unit-027/protected-math-zone/070-inline,urn:uuid:d026f544-ce73-5345-8389-f0acd616a4b0,covers,urn:uuid:e1a3d43f-42b1-5342-8998-71a96d437ca3,chapter4.tex:365-517 (line 517 blank boundary omitted from target mapping)
urn:uuid:8d64005d-6ede-5b22-86ba-747b520965c6,relation/unit/bab-4-produk-langsung-semilangsung-dan-ekstensi-grup/section/01/covers/surface/unit-027/protected-math-zone/071-inline,urn:uuid:d026f544-ce73-5345-8389-f0acd616a4b0,covers,urn:uuid:ad6142b4-e5a1-5551-9308-83bfaa198efe,chapter4.tex:365-517 (line 517 blank boundary omitted from target mapping)
urn:uuid:396761b0-5714-5253-9253-f9f698df649e,relation/unit/bab-4-produk-langsung-semilangsung-dan-ekstensi-grup/section/01/covers/surface/unit-027/protected-math-zone/072-inline,urn:uuid:d026f544-ce73-5345-8389-f0acd616a4b0,covers,urn:uuid:6d35d817-c2c3-5021-be82-72f9299b8ca1,chapter4.tex:365-517 (line 517 blank boundary omitted from target mapping)
urn:uuid:17e2a855-710e-5b55-85bd-27afdbe20ba8,relation/unit/bab-4-produk-langsung-semilangsung-dan-ekstensi-grup/section/01/covers/surface/unit-027/protected-math-zone/073-inline,urn:uuid:d026f544-ce73-5345-8389-f0acd616a4b0,covers,urn:uuid:27ed61ce-d6fc-5d6b-9a2d-b9ac1574038f,chapter4.tex:365-517 (line 517 blank boundary omitted from target mapping)
urn:uuid:9ee08e02-8608-501c-8095-c53fd78da9d8,relation/unit/bab-4-produk-langsung-semilangsung-dan-ekstensi-grup/section/01/covers/surface/unit-027/protected-math-zone/074-inline,urn:uuid:d026f544-ce73-5345-8389-f0acd616a4b0,covers,urn:uuid:d950aaee-3e14-5415-b6ad-82a878e9579f,chapter4.tex:365-517 (line 517 blank boundary omitted from target mapping)
urn:uuid:ede04b93-7adb-5291-b201-c114da4ddb72,relation/unit/bab-4-produk-langsung-semilangsung-dan-ekstensi-grup/section/01/covers/surface/unit-027/protected-math-zone/075-inline,urn:uuid:d026f544-ce73-5345-8389-f0acd616a4b0,covers,urn:uuid:ffc1b88d-2b1a-5a58-958d-f44c596f779e,chapter4.tex:365-517 (line 517 blank boundary omitted from target mapping)
urn:uuid:641534ab-3d88-501b-8734-c29d572db663,relation/unit/bab-4-produk-langsung-semilangsung-dan-ekstensi-grup/section/01/covers/surface/unit-027/protected-math-zone/076-inline,urn:uuid:d026f544-ce73-5345-8389-f0acd616a4b0,covers,urn:uuid:b9ca493e-7907-5f6c-bb98-3f4600887462,chapter4.tex:365-517 (line 517 blank boundary omitted from target mapping)
urn:uuid:a5c7aa03-9761-53f5-8f0d-58dbee206e41,relation/unit/bab-4-produk-langsung-semilangsung-dan-ekstensi-grup/section/01/covers/surface/unit-027/protected-math-zone/077-inline,urn:uuid:d026f544-ce73-5345-8389-f0acd616a4b0,covers,urn:uuid:5cebe73b-8d2b-5acc-a3ca-98193b7f24ab,chapter4.tex:365-517 (line 517 blank boundary omitted from target mapping)
urn:uuid:4cc94767-b5f7-5bbf-84c8-b45329338247,relation/unit/bab-4-produk-langsung-semilangsung-dan-ekstensi-grup/section/01/covers/surface/unit-027/protected-math-zone/078-inline,urn:uuid:d026f544-ce73-5345-8389-f0acd616a4b0,covers,urn:uuid:764a7f24-d1a8-5940-94f2-4d3f6dd99b59,chapter4.tex:365-517 (line 517 blank boundary omitted from target mapping)
urn:uuid:543c98d2-2306-5650-b785-404b6cdc5124,relation/unit/bab-4-produk-langsung-semilangsung-dan-ekstensi-grup/section/01/covers/surface/unit-027/protected-math-zone/079-inline,urn:uuid:d026f544-ce73-5345-8389-f0acd616a4b0,covers,urn:uuid:6b23fe18-099c-5b6d-a5c5-c7b93c09c784,chapter4.tex:365-517 (line 517 blank boundary omitted from target mapping)
urn:uuid:ebb3ff35-96fa-5c4d-a72a-68a39de2a305,relation/unit/bab-4-produk-langsung-semilangsung-dan-ekstensi-grup/section/01/covers/surface/unit-027/protected-math-zone/080-inline,urn:uuid:d026f544-ce73-5345-8389-f0acd616a4b0,covers,urn:uuid:430e5af9-78e9-5c58-9db9-a59e9e5f9a48,chapter4.tex:365-517 (line 517 blank boundary omitted from target mapping)
urn:uuid:79f57fd5-3abb-51b6-8b94-b599e0364172,relation/unit/bab-4-produk-langsung-semilangsung-dan-ekstensi-grup/section/01/covers/surface/unit-027/protected-math-zone/081-inline,urn:uuid:d026f544-ce73-5345-8389-f0acd616a4b0,covers,urn:uuid:f22c1edd-2b4c-5d20-bd9e-54695b6af903,chapter4.tex:365-517 (line 517 blank boundary omitted from target mapping)
urn:uuid:e8ba75f0-cba2-5c47-9593-bf35ba247fd4,relation/unit/bab-4-produk-langsung-semilangsung-dan-ekstensi-grup/section/01/covers/surface/unit-027/protected-math-zone/082-inline,urn:uuid:d026f544-ce73-5345-8389-f0acd616a4b0,covers,urn:uuid:221fcb40-3863-52fc-ac7c-52be04f8dc0b,chapter4.tex:365-517 (line 517 blank boundary omitted from target mapping)
urn:uuid:002f625d-b7cd-5afa-958f-6c6774f2aa97,relation/unit/bab-4-produk-langsung-semilangsung-dan-ekstensi-grup/section/01/covers/surface/unit-027/protected-math-zone/083-inline,urn:uuid:d026f544-ce73-5345-8389-f0acd616a4b0,covers,urn:uuid:15bab458-f970-5900-9eda-6079e20a20f8,chapter4.tex:365-517 (line 517 blank boundary omitted from target mapping)
urn:uuid:dc0422cf-a9f1-5c63-969d-e0abf637ce03,relation/unit/bab-4-produk-langsung-semilangsung-dan-ekstensi-grup/section/01/covers/surface/unit-027/protected-math-zone/084-inline,urn:uuid:d026f544-ce73-5345-8389-f0acd616a4b0,covers,urn:uuid:bc2c73a4-9046-5747-8c26-f1853d6d7f5d,chapter4.tex:365-517 (line 517 blank boundary omitted from target mapping)
urn:uuid:e403531e-340c-5596-8b59-707b9a5c324e,relation/unit/bab-4-produk-langsung-semilangsung-dan-ekstensi-grup/section/01/covers/surface/unit-027/protected-math-zone/085-display-bracket,urn:uuid:d026f544-ce73-5345-8389-f0acd616a4b0,covers,urn:uuid:35fe2183-2e5a-58b7-b87a-5df01c38a421,chapter4.tex:365-517 (line 517 blank boundary omitted from target mapping)
urn:uuid:6047adb7-1679-56a7-be49-67f9411f824a,relation/unit/bab-4-produk-langsung-semilangsung-dan-ekstensi-grup/section/01/covers/surface/unit-027/protected-math-zone/086-inline,urn:uuid:d026f544-ce73-5345-8389-f0acd616a4b0,covers,urn:uuid:8134ea83-0710-55bd-aee1-772e900ea8f8,chapter4.tex:365-517 (line 517 blank boundary omitted from target mapping)
urn:uuid:65b7fcf3-e669-52b2-a690-7f41602e7752,relation/unit/bab-4-produk-langsung-semilangsung-dan-ekstensi-grup/section/01/covers/surface/unit-027/protected-math-zone/087-inline,urn:uuid:d026f544-ce73-5345-8389-f0acd616a4b0,covers,urn:uuid:f56eb113-cd52-5b95-bd0c-f1d6943e46e4,chapter4.tex:365-517 (line 517 blank boundary omitted from target mapping)
urn:uuid:9bb191dc-ba22-5a90-bd27-78075bd863b2,relation/unit/bab-4-produk-langsung-semilangsung-dan-ekstensi-grup/section/01/covers/surface/unit-027/protected-math-zone/088-inline,urn:uuid:d026f544-ce73-5345-8389-f0acd616a4b0,covers,urn:uuid:a6404341-5938-51c7-8b51-cf6b63c22eda,chapter4.tex:365-517 (line 517 blank boundary omitted from target mapping)
urn:uuid:9bf21f92-7c75-5e6d-877a-86e3e430c041,relation/unit/bab-4-produk-langsung-semilangsung-dan-ekstensi-grup/section/01/covers/surface/unit-027/protected-math-zone/089-inline,urn:uuid:d026f544-ce73-5345-8389-f0acd616a4b0,covers,urn:uuid:32a2878e-807a-5aa0-9bf8-34def35b74e7,chapter4.tex:365-517 (line 517 blank boundary omitted from target mapping)
urn:uuid:37383ecd-39b9-568a-8c47-c264cade616c,relation/unit/bab-4-produk-langsung-semilangsung-dan-ekstensi-grup/section/01/covers/surface/unit-027/protected-math-zone/090-inline,urn:uuid:d026f544-ce73-5345-8389-f0acd616a4b0,covers,urn:uuid:b267a882-e2fa-5b6e-96d6-09655d7261bf,chapter4.tex:365-517 (line 517 blank boundary omitted from target mapping)
urn:uuid:8d73e2c9-1c13-5bab-bb20-7ae5b813cc51,relation/unit/bab-4-produk-langsung-semilangsung-dan-ekstensi-grup/section/01/covers/surface/unit-027/protected-math-zone/091-inline,urn:uuid:d026f544-ce73-5345-8389-f0acd616a4b0,covers,urn:uuid:f4ff09e8-b330-5043-884a-00a591595d78,chapter4.tex:365-517 (line 517 blank boundary omitted from target mapping)
urn:uuid:0ddfa6e9-03a0-59c1-b7cc-2b741d9a1a4e,relation/unit/bab-4-produk-langsung-semilangsung-dan-ekstensi-grup/section/01/covers/surface/unit-027/protected-math-zone/092-inline,urn:uuid:d026f544-ce73-5345-8389-f0acd616a4b0,covers,urn:uuid:be5839c6-4801-5c53-8918-ee8d7beb5f79,chapter4.tex:365-517 (line 517 blank boundary omitted from target mapping)
urn:uuid:2d1a586e-c3de-5983-88e4-3f39e46603ba,relation/unit/bab-4-produk-langsung-semilangsung-dan-ekstensi-grup/section/01/covers/surface/unit-027/protected-math-zone/093-inline,urn:uuid:d026f544-ce73-5345-8389-f0acd616a4b0,covers,urn:uuid:e232ead2-a407-54ea-8a69-f819fa1dceb5,chapter4.tex:365-517 (line 517 blank boundary omitted from target mapping)
urn:uuid:06b59770-bfaa-59a3-a45c-d2926530854c,relation/unit/bab-4-produk-langsung-semilangsung-dan-ekstensi-grup/section/01/covers/surface/unit-027/protected-math-zone/094-inline,urn:uuid:d026f544-ce73-5345-8389-f0acd616a4b0,covers,urn:uuid:32f75699-0dfd-5333-8f53-ce5a47ede1ee,chapter4.tex:365-517 (line 517 blank boundary omitted from target mapping)
urn:uuid:ecf40d6d-a66b-59c4-9ed3-6b727f83b1d9,relation/unit/bab-4-produk-langsung-semilangsung-dan-ekstensi-grup/section/01/covers/surface/unit-027/protected-math-zone/095-inline,urn:uuid:d026f544-ce73-5345-8389-f0acd616a4b0,covers,urn:uuid:63bdb490-236d-5564-b76e-c148a2a95570,chapter4.tex:365-517 (line 517 blank boundary omitted from target mapping)
urn:uuid:0ebb2c2e-eb8c-5ef5-b743-b54f92aa320e,relation/unit/bab-4-produk-langsung-semilangsung-dan-ekstensi-grup/section/01/covers/surface/unit-027/protected-math-zone/096-inline,urn:uuid:d026f544-ce73-5345-8389-f0acd616a4b0,covers,urn:uuid:38bda38e-3070-5e8f-9ef0-2d9d31fe7803,chapter4.tex:365-517 (line 517 blank boundary omitted from target mapping)
urn:uuid:c783fe1c-778f-5fdc-a56b-827a3cd1e547,relation/unit/bab-4-produk-langsung-semilangsung-dan-ekstensi-grup/section/01/covers/surface/unit-027/protected-math-zone/097-inline,urn:uuid:d026f544-ce73-5345-8389-f0acd616a4b0,covers,urn:uuid:8106c921-0e8c-564c-9f15-f57c6716a725,chapter4.tex:365-517 (line 517 blank boundary omitted from target mapping)
urn:uuid:77491f87-7b5d-5ea4-9aca-1a129345f949,relation/unit/bab-4-produk-langsung-semilangsung-dan-ekstensi-grup/section/01/covers/surface/unit-027/protected-math-zone/098-inline,urn:uuid:d026f544-ce73-5345-8389-f0acd616a4b0,covers,urn:uuid:9a08214f-ae5d-5e85-bff6-a8ca96fea910,chapter4.tex:365-517 (line 517 blank boundary omitted from target mapping)
urn:uuid:d222c8c1-bec1-551a-a6af-10905b5bb61e,relation/unit/bab-4-produk-langsung-semilangsung-dan-ekstensi-grup/section/01/covers/surface/unit-027/protected-math-zone/099-inline,urn:uuid:d026f544-ce73-5345-8389-f0acd616a4b0,covers,urn:uuid:e104b523-5113-534c-8b58-7e3708670dbe,chapter4.tex:365-517 (line 517 blank boundary omitted from target mapping)
urn:uuid:82b50655-493e-5541-8640-f1cc16b7d02b,relation/unit/bab-4-produk-langsung-semilangsung-dan-ekstensi-grup/section/01/covers/surface/unit-027/protected-math-zone/100-inline,urn:uuid:d026f544-ce73-5345-8389-f0acd616a4b0,covers,urn:uuid:8f3f5ee1-7ab6-5262-810d-b9e1ef900089,chapter4.tex:365-517 (line 517 blank boundary omitted from target mapping)
urn:uuid:2ecfb5d5-55d8-5da2-b740-6db1aac6a122,relation/unit/bab-4-produk-langsung-semilangsung-dan-ekstensi-grup/section/01/covers/surface/unit-027/protected-math-zone/101-inline,urn:uuid:d026f544-ce73-5345-8389-f0acd616a4b0,covers,urn:uuid:49ebdc02-003b-5c4a-a961-763de19ae56a,chapter4.tex:365-517 (line 517 blank boundary omitted from target mapping)
urn:uuid:66cf51d5-b26e-56d1-915a-4e66e399d615,relation/unit/bab-4-produk-langsung-semilangsung-dan-ekstensi-grup/section/01/covers/surface/unit-027/protected-math-zone/102-inline,urn:uuid:d026f544-ce73-5345-8389-f0acd616a4b0,covers,urn:uuid:6aaae28e-6e30-5a4f-8809-862ab7336419,chapter4.tex:365-517 (line 517 blank boundary omitted from target mapping)
urn:uuid:944a4801-f317-587f-8dd2-935422d7c96a,relation/unit/bab-4-produk-langsung-semilangsung-dan-ekstensi-grup/section/01/covers/surface/unit-027/protected-math-zone/103-inline,urn:uuid:d026f544-ce73-5345-8389-f0acd616a4b0,covers,urn:uuid:bd4f337e-c517-5d1f-939a-c94a6da12658,chapter4.tex:365-517 (line 517 blank boundary omitted from target mapping)
urn:uuid:7e5b202e-471d-5119-9493-2a4b4f3ce70d,relation/unit/bab-4-produk-langsung-semilangsung-dan-ekstensi-grup/section/01/covers/surface/unit-027/protected-math-zone/104-inline,urn:uuid:d026f544-ce73-5345-8389-f0acd616a4b0,covers,urn:uuid:447dafa9-3606-5161-88be-64dc378fd134,chapter4.tex:365-517 (line 517 blank boundary omitted from target mapping)
urn:uuid:ee9e487f-b3b2-58ce-b68a-9a79930c61e8,relation/unit/bab-4-produk-langsung-semilangsung-dan-ekstensi-grup/section/01/covers/surface/unit-027/protected-math-zone/105-inline,urn:uuid:d026f544-ce73-5345-8389-f0acd616a4b0,covers,urn:uuid:9e7cedaf-162b-5916-906a-1d1ffe6466f7,chapter4.tex:365-517 (line 517 blank boundary omitted from target mapping)
urn:uuid:5d880085-4084-5b4c-a66f-cd6af73ceb32,relation/unit/bab-4-produk-langsung-semilangsung-dan-ekstensi-grup/section/01/covers/surface/unit-027/protected-math-zone/106-inline,urn:uuid:d026f544-ce73-5345-8389-f0acd616a4b0,covers,urn:uuid:b60ca724-8676-5f7c-b052-2aef1201d697,chapter4.tex:365-517 (line 517 blank boundary omitted from target mapping)
urn:uuid:773e0a29-1283-5f2f-ac4c-c5852f3ecab6,relation/unit/bab-4-produk-langsung-semilangsung-dan-ekstensi-grup/section/01/covers/surface/unit-027/protected-math-zone/107-inline,urn:uuid:d026f544-ce73-5345-8389-f0acd616a4b0,covers,urn:uuid:77467227-18c5-5a7f-9623-fe660c9b980b,chapter4.tex:365-517 (line 517 blank boundary omitted from target mapping)
urn:uuid:5043fd98-2594-5356-8f67-758e6e14a251,relation/unit/bab-4-produk-langsung-semilangsung-dan-ekstensi-grup/section/01/covers/surface/unit-027/protected-math-zone/108-inline,urn:uuid:d026f544-ce73-5345-8389-f0acd616a4b0,covers,urn:uuid:1cbc08d5-9c39-5c49-9e27-9e7d736e31d0,chapter4.tex:365-517 (line 517 blank boundary omitted from target mapping)
urn:uuid:cccf0a49-189e-54a0-8caa-9f0c91a37178,relation/unit/bab-4-produk-langsung-semilangsung-dan-ekstensi-grup/section/01/covers/surface/unit-027/protected-math-zone/109-inline,urn:uuid:d026f544-ce73-5345-8389-f0acd616a4b0,covers,urn:uuid:81f0286d-c3fa-5b34-98b0-73d5ce97ae2b,chapter4.tex:365-517 (line 517 blank boundary omitted from target mapping)
urn:uuid:ef6781d5-cf6c-5920-81c2-e42d16b4f2c7,relation/unit/bab-4-produk-langsung-semilangsung-dan-ekstensi-grup/section/01/covers/surface/unit-027/protected-math-zone/110-inline,urn:uuid:d026f544-ce73-5345-8389-f0acd616a4b0,covers,urn:uuid:f1d2160e-d312-5757-a360-529ab3983f8f,chapter4.tex:365-517 (line 517 blank boundary omitted from target mapping)
urn:uuid:c3fdfb63-9684-5ddf-985e-e43905e78f5b,relation/unit/bab-4-produk-langsung-semilangsung-dan-ekstensi-grup/section/01/covers/surface/unit-027/protected-math-zone/111-inline,urn:uuid:d026f544-ce73-5345-8389-f0acd616a4b0,covers,urn:uuid:55265174-6e20-5008-ac0e-b6c700fdae23,chapter4.tex:365-517 (line 517 blank boundary omitted from target mapping)
urn:uuid:0c81cb3b-3c9f-559d-a8a1-3880a05f7076,relation/unit/bab-4-produk-langsung-semilangsung-dan-ekstensi-grup/section/01/covers/surface/unit-027/protected-math-zone/112-inline,urn:uuid:d026f544-ce73-5345-8389-f0acd616a4b0,covers,urn:uuid:c5a76cbb-f336-57d8-909e-371c106f74dd,chapter4.tex:365-517 (line 517 blank boundary omitted from target mapping)
urn:uuid:70b33bca-7cd4-508f-a27e-825f5df1e140,relation/unit/bab-4-produk-langsung-semilangsung-dan-ekstensi-grup/section/01/covers/surface/unit-027/protected-math-zone/113-inline,urn:uuid:d026f544-ce73-5345-8389-f0acd616a4b0,covers,urn:uuid:6d0badb5-6ac8-5a5e-9695-c7f84b56fc70,chapter4.tex:365-517 (line 517 blank boundary omitted from target mapping)
urn:uuid:347af7b3-9405-5b30-86c2-8e24a4154550,relation/unit/bab-4-produk-langsung-semilangsung-dan-ekstensi-grup/section/01/covers/surface/unit-027/protected-math-zone/114-inline,urn:uuid:d026f544-ce73-5345-8389-f0acd616a4b0,covers,urn:uuid:370bdcfa-a6d6-597b-9a3b-0268b2a20b8f,chapter4.tex:365-517 (line 517 blank boundary omitted from target mapping)
urn:uuid:8f8095fb-b4b3-51e3-8c6f-98ca6a7d98b7,relation/unit/bab-4-produk-langsung-semilangsung-dan-ekstensi-grup/section/01/covers/surface/unit-027/protected-math-zone/115-inline,urn:uuid:d026f544-ce73-5345-8389-f0acd616a4b0,covers,urn:uuid:13e53116-641d-55c5-9eb5-7baa78815992,chapter4.tex:365-517 (line 517 blank boundary omitted from target mapping)
urn:uuid:6251c363-b9a4-502e-88d2-f988001715a2,relation/unit/bab-4-produk-langsung-semilangsung-dan-ekstensi-grup/section/01/covers/surface/unit-027/protected-math-zone/116-inline,urn:uuid:d026f544-ce73-5345-8389-f0acd616a4b0,covers,urn:uuid:c6f9bec6-f6a7-5c40-a164-036f7fbf3410,chapter4.tex:365-517 (line 517 blank boundary omitted from target mapping)
urn:uuid:86f0e962-4285-57d6-987a-0d1be23de94e,relation/unit/bab-4-produk-langsung-semilangsung-dan-ekstensi-grup/section/01/covers/surface/unit-027/protected-math-zone/117-inline,urn:uuid:d026f544-ce73-5345-8389-f0acd616a4b0,covers,urn:uuid:faef3c85-e20d-584c-a889-b36aac13fbc6,chapter4.tex:365-517 (line 517 blank boundary omitted from target mapping)
urn:uuid:ecddd421-6c9c-532f-9bc0-482ff6b428e3,relation/unit/bab-4-produk-langsung-semilangsung-dan-ekstensi-grup/section/01/covers/surface/unit-027/protected-math-zone/118-inline,urn:uuid:d026f544-ce73-5345-8389-f0acd616a4b0,covers,urn:uuid:a567266b-bd36-5b98-8ca4-6267e57fa72f,chapter4.tex:365-517 (line 517 blank boundary omitted from target mapping)
urn:uuid:eca784cc-aa0e-58f1-b288-6744b75ab88f,relation/unit/bab-4-produk-langsung-semilangsung-dan-ekstensi-grup/section/01/covers/surface/unit-027/protected-math-zone/119-inline,urn:uuid:d026f544-ce73-5345-8389-f0acd616a4b0,covers,urn:uuid:0c6154a1-751d-5d6f-a19f-f193402934b1,chapter4.tex:365-517 (line 517 blank boundary omitted from target mapping)
urn:uuid:98857c53-fd3b-561a-8f07-66d727e882ff,relation/unit/bab-4-produk-langsung-semilangsung-dan-ekstensi-grup/section/01/covers/surface/unit-027/protected-math-zone/120-inline,urn:uuid:d026f544-ce73-5345-8389-f0acd616a4b0,covers,urn:uuid:17eafe47-0177-5923-9f88-5824eef2f81f,chapter4.tex:365-517 (line 517 blank boundary omitted from target mapping)
urn:uuid:56ae3778-c8ee-53b7-b2ee-09eb70231e29,relation/unit/bab-4-produk-langsung-semilangsung-dan-ekstensi-grup/section/01/covers/surface/unit-027/protected-math-zone/121-inline,urn:uuid:d026f544-ce73-5345-8389-f0acd616a4b0,covers,urn:uuid:70b27c56-ff00-5e34-b3a5-9cfffb77a609,chapter4.tex:365-517 (line 517 blank boundary omitted from target mapping)
urn:uuid:17ec5899-a3e2-5a50-8aa9-d94c9abcee0d,relation/unit/bab-4-produk-langsung-semilangsung-dan-ekstensi-grup/section/01/covers/surface/unit-027/protected-math-zone/122-inline,urn:uuid:d026f544-ce73-5345-8389-f0acd616a4b0,covers,urn:uuid:2f233261-96fa-57d3-850c-c33443c1b994,chapter4.tex:365-517 (line 517 blank boundary omitted from target mapping)
urn:uuid:cab1dff6-c413-56a5-a3ff-d39415722240,relation/unit/bab-4-produk-langsung-semilangsung-dan-ekstensi-grup/section/01/covers/surface/unit-027/protected-math-zone/123-inline,urn:uuid:d026f544-ce73-5345-8389-f0acd616a4b0,covers,urn:uuid:be76f9b0-ba31-57a0-9b71-83c25b10d525,chapter4.tex:365-517 (line 517 blank boundary omitted from target mapping)
urn:uuid:f0be17bb-c392-5d5d-bbc3-2eac8deca522,relation/unit/bab-4-produk-langsung-semilangsung-dan-ekstensi-grup/section/01/covers/surface/unit-027/protected-math-zone/124-inline,urn:uuid:d026f544-ce73-5345-8389-f0acd616a4b0,covers,urn:uuid:84619abc-4e84-5581-8f56-fe8a3c626f7a,chapter4.tex:365-517 (line 517 blank boundary omitted from target mapping)
urn:uuid:ffbdbc62-ff5c-511b-8e0d-4a0845f97c43,relation/unit/bab-4-produk-langsung-semilangsung-dan-ekstensi-grup/section/01/covers/surface/unit-027/protected-math-zone/125-inline,urn:uuid:d026f544-ce73-5345-8389-f0acd616a4b0,covers,urn:uuid:5f4e4a72-c1ec-5b27-8524-33cdbaba4b63,chapter4.tex:365-517 (line 517 blank boundary omitted from target mapping)
urn:uuid:677e42d4-7338-53ec-a2ef-3f134b2194dd,relation/unit/bab-4-produk-langsung-semilangsung-dan-ekstensi-grup/section/01/covers/surface/unit-027/protected-math-zone/126-display-environment,urn:uuid:d026f544-ce73-5345-8389-f0acd616a4b0,covers,urn:uuid:009b617d-df69-51ff-a997-5e6ca098484b,chapter4.tex:365-517 (line 517 blank boundary omitted from target mapping)
urn:uuid:1fb391a9-1b6a-5fb6-8401-c8451300b409,relation/unit/bab-4-produk-langsung-semilangsung-dan-ekstensi-grup/section/01/covers/surface/unit-027/protected-math-zone/127-inline,urn:uuid:d026f544-ce73-5345-8389-f0acd616a4b0,covers,urn:uuid:63493490-1caa-5b92-9ced-55df8e908f6a,chapter4.tex:365-517 (line 517 blank boundary omitted from target mapping)
urn:uuid:b47b6543-fb15-5c93-87aa-5d0f540281ed,relation/unit/bab-4-produk-langsung-semilangsung-dan-ekstensi-grup/section/01/covers/surface/unit-027/protected-math-zone/128-inline,urn:uuid:d026f544-ce73-5345-8389-f0acd616a4b0,covers,urn:uuid:e448de77-f651-5147-b2a7-cfa9de50ca60,chapter4.tex:365-517 (line 517 blank boundary omitted from target mapping)
urn:uuid:ecd7b28b-4a9a-5c22-9b92-d332bc3504d0,relation/unit/bab-4-produk-langsung-semilangsung-dan-ekstensi-grup/section/01/covers/surface/unit-027/protected-math-zone/129-inline,urn:uuid:d026f544-ce73-5345-8389-f0acd616a4b0,covers,urn:uuid:9e858028-4241-5140-bbd8-88600ada1a3a,chapter4.tex:365-517 (line 517 blank boundary omitted from target mapping)
urn:uuid:688ce2bc-0a05-550c-a2f1-c0d8d09a3bd5,relation/unit/bab-4-produk-langsung-semilangsung-dan-ekstensi-grup/section/01/covers/surface/unit-027/protected-math-zone/130-inline,urn:uuid:d026f544-ce73-5345-8389-f0acd616a4b0,covers,urn:uuid:cfc8caa0-af69-5a5f-bde2-3eb5320def78,chapter4.tex:365-517 (line 517 blank boundary omitted from target mapping)
urn:uuid:8b24bff9-7693-50f7-9e2d-156c017b2976,relation/unit/bab-4-produk-langsung-semilangsung-dan-ekstensi-grup/section/01/covers/surface/unit-027/protected-math-zone/131-inline,urn:uuid:d026f544-ce73-5345-8389-f0acd616a4b0,covers,urn:uuid:896d295a-2431-5b2d-8c60-6c7c603e6041,chapter4.tex:365-517 (line 517 blank boundary omitted from target mapping)
urn:uuid:cb975d76-07b0-5cdb-b3ab-c685cdf01415,relation/unit/bab-4-produk-langsung-semilangsung-dan-ekstensi-grup/section/01/covers/surface/unit-027/protected-math-zone/132-inline,urn:uuid:d026f544-ce73-5345-8389-f0acd616a4b0,covers,urn:uuid:8634706a-1629-5fcc-92e8-d810edeac4d7,chapter4.tex:365-517 (line 517 blank boundary omitted from target mapping)
urn:uuid:2c9cc3c9-21d7-56cb-a183-901acd08097b,relation/unit/bab-4-produk-langsung-semilangsung-dan-ekstensi-grup/section/01/covers/surface/unit-027/protected-math-zone/133-inline,urn:uuid:d026f544-ce73-5345-8389-f0acd616a4b0,covers,urn:uuid:d5b4f910-2342-52c2-a713-aed45fe14605,chapter4.tex:365-517 (line 517 blank boundary omitted from target mapping)
urn:uuid:7b71d829-907d-572f-a15f-f073124aa207,relation/unit/bab-4-produk-langsung-semilangsung-dan-ekstensi-grup/section/01/covers/surface/unit-027/protected-math-zone/134-inline,urn:uuid:d026f544-ce73-5345-8389-f0acd616a4b0,covers,urn:uuid:ad62c3d2-8730-5a97-90cf-4bf4ed71af0a,chapter4.tex:365-517 (line 517 blank boundary omitted from target mapping)
urn:uuid:e9473cca-ec20-5d75-b254-339915eaf162,relation/unit/bab-4-produk-langsung-semilangsung-dan-ekstensi-grup/section/01/covers/surface/unit-027/protected-math-zone/135-display-bracket,urn:uuid:d026f544-ce73-5345-8389-f0acd616a4b0,covers,urn:uuid:f5862dcd-a6b6-5657-85d8-844ff51a23f1,chapter4.tex:365-517 (line 517 blank boundary omitted from target mapping)
urn:uuid:32ba4f99-db3b-5e1b-980d-fd674c7a981e,relation/unit/bab-4-produk-langsung-semilangsung-dan-ekstensi-grup/section/01/covers/surface/unit-027/protected-math-zone/136-inline,urn:uuid:d026f544-ce73-5345-8389-f0acd616a4b0,covers,urn:uuid:bab3a90b-9b6f-503c-9f43-2680ec52642c,chapter4.tex:365-517 (line 517 blank boundary omitted from target mapping)
urn:uuid:e428c8f9-717f-5872-a644-6e2993acd457,relation/unit/bab-4-produk-langsung-semilangsung-dan-ekstensi-grup/section/01/covers/surface/unit-027/protected-math-zone/137-display-bracket,urn:uuid:d026f544-ce73-5345-8389-f0acd616a4b0,covers,urn:uuid:96e2fcea-e9d3-59ec-82cd-4c4d7d87198c,chapter4.tex:365-517 (line 517 blank boundary omitted from target mapping)
urn:uuid:4e596ec8-70b0-5576-8656-7d47268af9e5,relation/unit/bab-4-produk-langsung-semilangsung-dan-ekstensi-grup/section/01/covers/surface/unit-027/protected-math-zone/138-inline,urn:uuid:d026f544-ce73-5345-8389-f0acd616a4b0,covers,urn:uuid:b4de1eac-f677-5bea-92fd-7a5b9d15404b,chapter4.tex:365-517 (line 517 blank boundary omitted from target mapping)
urn:uuid:348250bd-9461-549f-b528-627a03dcaada,relation/unit/bab-4-produk-langsung-semilangsung-dan-ekstensi-grup/section/01/covers/surface/unit-027/protected-math-zone/139-inline,urn:uuid:d026f544-ce73-5345-8389-f0acd616a4b0,covers,urn:uuid:5569ee7f-276c-5b61-aefc-b6fcfbd33511,chapter4.tex:365-517 (line 517 blank boundary omitted from target mapping)
urn:uuid:6815c36f-3aef-534f-8923-251c397f32c4,relation/unit/bab-4-produk-langsung-semilangsung-dan-ekstensi-grup/section/01/covers/surface/unit-027/protected-math-zone/140-inline,urn:uuid:d026f544-ce73-5345-8389-f0acd616a4b0,covers,urn:uuid:6ab860ce-4c4b-5a58-bee2-ea58b4089048,chapter4.tex:365-517 (line 517 blank boundary omitted from target mapping)
urn:uuid:b0fcbff8-09be-5907-b808-741e7f3981e6,relation/unit/bab-4-produk-langsung-semilangsung-dan-ekstensi-grup/section/01/covers/surface/unit-027/protected-math-zone/141-inline,urn:uuid:d026f544-ce73-5345-8389-f0acd616a4b0,covers,urn:uuid:3399c474-2c1a-549a-9079-b34def02cdfd,chapter4.tex:365-517 (line 517 blank boundary omitted from target mapping)
urn:uuid:e696e4d1-396c-5391-9474-a7b575fd31d8,relation/unit/bab-4-produk-langsung-semilangsung-dan-ekstensi-grup/section/01/covers/surface/unit-027/protected-math-zone/142-inline,urn:uuid:d026f544-ce73-5345-8389-f0acd616a4b0,covers,urn:uuid:130ef653-a823-516d-8cd9-a54227b943dd,chapter4.tex:365-517 (line 517 blank boundary omitted from target mapping)
urn:uuid:40cb26f0-f102-5c60-a89f-c6936071e564,relation/unit/bab-4-produk-langsung-semilangsung-dan-ekstensi-grup/section/01/covers/surface/unit-027/protected-math-zone/143-inline,urn:uuid:d026f544-ce73-5345-8389-f0acd616a4b0,covers,urn:uuid:9dd7c5bd-57ae-5162-b92b-761fe4b76bfb,chapter4.tex:365-517 (line 517 blank boundary omitted from target mapping)
urn:uuid:320ff76b-ae64-51ef-b973-94d76287f3e7,relation/unit/bab-4-produk-langsung-semilangsung-dan-ekstensi-grup/section/01/covers/surface/unit-027/protected-math-zone/144-inline,urn:uuid:d026f544-ce73-5345-8389-f0acd616a4b0,covers,urn:uuid:11a22d8a-96ab-53be-9ac0-943ebbd3e04f,chapter4.tex:365-517 (line 517 blank boundary omitted from target mapping)
urn:uuid:32c8c752-1069-52c1-b9fb-51da7b3651be,relation/unit/bab-4-produk-langsung-semilangsung-dan-ekstensi-grup/section/01/covers/surface/unit-027/protected-math-zone/145-inline,urn:uuid:d026f544-ce73-5345-8389-f0acd616a4b0,covers,urn:uuid:e5120d27-2b88-5525-aaca-12ecd9c2ae64,chapter4.tex:365-517 (line 517 blank boundary omitted from target mapping)
urn:uuid:7f98246d-e077-5896-84da-31b01540b7b8,relation/unit/bab-4-produk-langsung-semilangsung-dan-ekstensi-grup/section/01/covers/surface/unit-027/protected-math-zone/146-display-bracket,urn:uuid:d026f544-ce73-5345-8389-f0acd616a4b0,covers,urn:uuid:ddba6063-8758-500d-8e5b-4da6e142169b,chapter4.tex:365-517 (line 517 blank boundary omitted from target mapping)
urn:uuid:b0ada6c5-8ce4-5b4e-a310-75b48f300b4f,relation/unit/bab-4-produk-langsung-semilangsung-dan-ekstensi-grup/section/01/covers/surface/unit-027/protected-math-zone/147-inline,urn:uuid:d026f544-ce73-5345-8389-f0acd616a4b0,covers,urn:uuid:c3d1a0cb-dd12-5b59-96bc-84daf45d28a0,chapter4.tex:365-517 (line 517 blank boundary omitted from target mapping)
urn:uuid:08190bc9-04ca-5213-b708-3c207b9b2402,relation/unit/bab-4-produk-langsung-semilangsung-dan-ekstensi-grup/section/01/covers/surface/unit-027/protected-math-zone/148-display-bracket,urn:uuid:d026f544-ce73-5345-8389-f0acd616a4b0,covers,urn:uuid:0807d788-bcc0-54fb-a680-b7a1d005fa9c,chapter4.tex:365-517 (line 517 blank boundary omitted from target mapping)
urn:uuid:daadb134-5c24-5cfa-a7cc-4326af0fa8e5,relation/unit/bab-4-produk-langsung-semilangsung-dan-ekstensi-grup/section/01/covers/surface/unit-027/protected-math-zone/149-display-bracket,urn:uuid:d026f544-ce73-5345-8389-f0acd616a4b0,covers,urn:uuid:99b2a6f7-8984-55e8-afdd-0e8c581c8d08,chapter4.tex:365-517 (line 517 blank boundary omitted from target mapping)
urn:uuid:cf87fd72-bc44-58fb-bd45-2935037cb538,relation/unit/bab-4-produk-langsung-semilangsung-dan-ekstensi-grup/section/01/covers/surface/unit-027/protected-math-zone/150-display-environment,urn:uuid:d026f544-ce73-5345-8389-f0acd616a4b0,covers,urn:uuid:deaae7a2-d0a9-5a47-a221-1e156e6eadef,chapter4.tex:365-517 (line 517 blank boundary omitted from target mapping)
urn:uuid:9da52571-860d-51f2-bfd4-6316dafddd72,relation/unit/bab-4-produk-langsung-semilangsung-dan-ekstensi-grup/section/01/covers/surface/unit-027/protected-math-zone/151-inline,urn:uuid:d026f544-ce73-5345-8389-f0acd616a4b0,covers,urn:uuid:9a0a3d8f-b6a1-53df-b9fe-1db4f33f194e,chapter4.tex:365-517 (line 517 blank boundary omitted from target mapping)
urn:uuid:bc0134e7-62ae-5245-b05d-f0fe1d0f6478,relation/unit/bab-4-produk-langsung-semilangsung-dan-ekstensi-grup/section/01/covers/surface/unit-027/protected-math-zone/152-inline,urn:uuid:d026f544-ce73-5345-8389-f0acd616a4b0,covers,urn:uuid:9f05ade9-006b-5f55-a940-ca7f77cd0d43,chapter4.tex:365-517 (line 517 blank boundary omitted from target mapping)
urn:uuid:fb55657b-ed63-5f0f-984c-40ea07de553e,relation/unit/bab-4-produk-langsung-semilangsung-dan-ekstensi-grup/section/01/covers/surface/unit-027/protected-math-zone/153-inline,urn:uuid:d026f544-ce73-5345-8389-f0acd616a4b0,covers,urn:uuid:ca4204e9-812c-599c-8def-b1af43bfecf2,chapter4.tex:365-517 (line 517 blank boundary omitted from target mapping)
urn:uuid:31120d3a-cfc7-5225-85cb-c97f90eb4e26,relation/unit/bab-4-produk-langsung-semilangsung-dan-ekstensi-grup/section/01/covers/surface/unit-027/protected-math-zone/154-inline,urn:uuid:d026f544-ce73-5345-8389-f0acd616a4b0,covers,urn:uuid:5fbac0f0-ece8-50fe-b1a4-ba7dc6ba8917,chapter4.tex:365-517 (line 517 blank boundary omitted from target mapping)
urn:uuid:dfead435-d9dc-59dc-a4ed-b2dcbcecf4c8,relation/unit/bab-4-produk-langsung-semilangsung-dan-ekstensi-grup/section/01/covers/surface/unit-027/protected-math-zone/155-inline,urn:uuid:d026f544-ce73-5345-8389-f0acd616a4b0,covers,urn:uuid:0770b769-feeb-5634-8eec-376a377cff82,chapter4.tex:365-517 (line 517 blank boundary omitted from target mapping)
urn:uuid:bbc3c24b-d050-5df4-aa18-886836fb8c35,relation/unit/bab-4-produk-langsung-semilangsung-dan-ekstensi-grup/section/01/covers/surface/unit-027/protected-math-zone/156-inline,urn:uuid:d026f544-ce73-5345-8389-f0acd616a4b0,covers,urn:uuid:0b5d2a53-8012-5ff2-95c8-5a23294708b9,chapter4.tex:365-517 (line 517 blank boundary omitted from target mapping)
urn:uuid:5a75dcc6-a2b9-5bb0-a823-34a6e3b75551,relation/unit/bab-4-produk-langsung-semilangsung-dan-ekstensi-grup/section/01/covers/surface/unit-027/protected-math-zone/157-inline,urn:uuid:d026f544-ce73-5345-8389-f0acd616a4b0,covers,urn:uuid:f8752a0b-0449-51fb-a98b-304c4575b1ec,chapter4.tex:365-517 (line 517 blank boundary omitted from target mapping)
urn:uuid:3ac35382-ea06-5825-9d48-ad03366e4f60,relation/unit/bab-4-produk-langsung-semilangsung-dan-ekstensi-grup/section/01/covers/surface/unit-027/protected-math-zone/158-inline,urn:uuid:d026f544-ce73-5345-8389-f0acd616a4b0,covers,urn:uuid:f4206974-af75-51ef-a427-e75df8391474,chapter4.tex:365-517 (line 517 blank boundary omitted from target mapping)
urn:uuid:06edb2a0-d1a4-54f0-a388-3fa729067d83,relation/unit/bab-4-produk-langsung-semilangsung-dan-ekstensi-grup/section/01/covers/surface/unit-027/protected-math-zone/159-display-bracket,urn:uuid:d026f544-ce73-5345-8389-f0acd616a4b0,covers,urn:uuid:d4f60fd5-6b39-52df-9612-31ea164ef4b3,chapter4.tex:365-517 (line 517 blank boundary omitted from target mapping)
urn:uuid:59554d29-d0dc-5ce3-930c-db1de2eb958f,relation/unit/bab-4-produk-langsung-semilangsung-dan-ekstensi-grup/section/01/covers/surface/unit-027/protected-math-zone/160-display-environment,urn:uuid:d026f544-ce73-5345-8389-f0acd616a4b0,covers,urn:uuid:cbddced8-eebf-5c24-93b3-1d75be15beba,chapter4.tex:365-517 (line 517 blank boundary omitted from target mapping)
urn:uuid:4ae0a043-f46a-5b32-95b6-bff0597abc10,relation/unit/bab-4-produk-langsung-semilangsung-dan-ekstensi-grup/section/01/covers/surface/unit-027/protected-math-zone/161-inline,urn:uuid:d026f544-ce73-5345-8389-f0acd616a4b0,covers,urn:uuid:bf2c8608-f0c9-51d8-bb7b-bb54353728cd,chapter4.tex:365-517 (line 517 blank boundary omitted from target mapping)
urn:uuid:854d5763-265a-5023-8410-873edcf28bd7,relation/unit/bab-4-produk-langsung-semilangsung-dan-ekstensi-grup/section/01/covers/surface/unit-027/protected-math-zone/162-inline,urn:uuid:d026f544-ce73-5345-8389-f0acd616a4b0,covers,urn:uuid:3a9a8731-ba2a-5704-a062-2a2a2552ddd0,chapter4.tex:365-517 (line 517 blank boundary omitted from target mapping)
urn:uuid:4d718904-ed7f-5c19-9232-fdbc7abb6cac,relation/unit/bab-4-produk-langsung-semilangsung-dan-ekstensi-grup/section/01/covers/surface/unit-027/protected-math-zone/163-inline,urn:uuid:d026f544-ce73-5345-8389-f0acd616a4b0,covers,urn:uuid:f9fad160-6c10-5059-8b0d-8fb80feca3a4,chapter4.tex:365-517 (line 517 blank boundary omitted from target mapping)
urn:uuid:9627aea7-423e-5132-827b-4a90519775b7,relation/unit/bab-4-produk-langsung-semilangsung-dan-ekstensi-grup/section/01/covers/surface/unit-027/protected-math-zone/164-inline,urn:uuid:d026f544-ce73-5345-8389-f0acd616a4b0,covers,urn:uuid:e6d2324c-e753-5e79-8f3f-574957e70b4f,chapter4.tex:365-517 (line 517 blank boundary omitted from target mapping)
urn:uuid:443d3ce0-a90e-5eec-b53c-94be3c6ce90b,relation/unit/bab-4-produk-langsung-semilangsung-dan-ekstensi-grup/section/01/covers/surface/unit-027/protected-math-zone/165-inline,urn:uuid:d026f544-ce73-5345-8389-f0acd616a4b0,covers,urn:uuid:c481bcaa-fb6c-52d3-a183-35b94ce02092,chapter4.tex:365-517 (line 517 blank boundary omitted from target mapping)
urn:uuid:a18d86b9-86d7-51bd-83de-514463d6d8c7,relation/unit/bab-4-produk-langsung-semilangsung-dan-ekstensi-grup/section/01/covers/surface/unit-027/protected-math-zone/166-inline,urn:uuid:d026f544-ce73-5345-8389-f0acd616a4b0,covers,urn:uuid:758415ca-4ef6-5db2-bb30-5f3dfffd11f5,chapter4.tex:365-517 (line 517 blank boundary omitted from target mapping)
urn:uuid:fbad8ab2-6c5e-570f-a20e-2bf25100490a,relation/unit/bab-4-produk-langsung-semilangsung-dan-ekstensi-grup/section/01/covers/surface/unit-027/protected-math-zone/167-inline,urn:uuid:d026f544-ce73-5345-8389-f0acd616a4b0,covers,urn:uuid:efa5624b-592c-5b73-ab96-c8980fa2bf9f,chapter4.tex:365-517 (line 517 blank boundary omitted from target mapping)
urn:uuid:0b3b972a-8def-57fa-a1da-69f0c0f48660,relation/unit/bab-4-produk-langsung-semilangsung-dan-ekstensi-grup/section/01/covers/surface/unit-027/protected-math-zone/168-display-bracket,urn:uuid:d026f544-ce73-5345-8389-f0acd616a4b0,covers,urn:uuid:514fe690-bca6-5b2c-98d2-a96aa571ac8c,chapter4.tex:365-517 (line 517 blank boundary omitted from target mapping)
urn:uuid:c57561b3-1da3-55f9-8d9e-2ccccd998993,relation/unit/bab-4-produk-langsung-semilangsung-dan-ekstensi-grup/section/01/covers/surface/unit-027/protected-math-zone/169-display-environment,urn:uuid:d026f544-ce73-5345-8389-f0acd616a4b0,covers,urn:uuid:81424326-150d-59fd-be48-368ff7ad2a4f,chapter4.tex:365-517 (line 517 blank boundary omitted from target mapping)
urn:uuid:1866e05c-8def-5f82-9c33-3548ef77369e,relation/unit/bab-4-produk-langsung-semilangsung-dan-ekstensi-grup/section/01/covers/surface/unit-027/protected-math-zone/170-inline,urn:uuid:d026f544-ce73-5345-8389-f0acd616a4b0,covers,urn:uuid:ca4f3a4b-c3e9-55af-830d-19ae44cc2a3b,chapter4.tex:365-517 (line 517 blank boundary omitted from target mapping)
urn:uuid:8834290f-2b4d-54dd-9636-b225a93748d6,relation/unit/bab-4-produk-langsung-semilangsung-dan-ekstensi-grup/section/01/covers/surface/unit-027/protected-math-zone/171-inline,urn:uuid:d026f544-ce73-5345-8389-f0acd616a4b0,covers,urn:uuid:1a27e2a8-099a-57a6-a38f-6db7d87d9a66,chapter4.tex:365-517 (line 517 blank boundary omitted from target mapping)
urn:uuid:05b8147a-4757-5368-931b-936ef287606b,relation/unit/bab-4-produk-langsung-semilangsung-dan-ekstensi-grup/section/01/covers/surface/unit-027/reference/equation/002,urn:uuid:d026f544-ce73-5345-8389-f0acd616a4b0,covers,urn:uuid:b7d22e2c-1887-52ad-a31a-9f2bd53d0da2,chapter4.tex:365-517 (line 517 blank boundary omitted from target mapping)
urn:uuid:c0bf4e2e-50bf-5fde-a111-16eb53db924c,relation/unit/bab-4-produk-langsung-semilangsung-dan-ekstensi-grup/section/01/covers/surface/unit-027/reference/ordinary/001,urn:uuid:d026f544-ce73-5345-8389-f0acd616a4b0,covers,urn:uuid:5fb6f7cb-af00-5acc-a3ab-fa4ab016a1e3,chapter4.tex:365-517 (line 517 blank boundary omitted from target mapping)
urn:uuid:e0e5282f-cdbd-5087-b4e7-6e9d394bcac2,relation/unit/bab-4-produk-langsung-semilangsung-dan-ekstensi-grup/section/01/covers/surface/unit-027/reference/ordinary/003,urn:uuid:d026f544-ce73-5345-8389-f0acd616a4b0,covers,urn:uuid:f03c5a8e-1d9f-5e1d-94ea-5aa2f43af0e1,chapter4.tex:365-517 (line 517 blank boundary omitted from target mapping)
urn:uuid:71c18dde-ba31-554a-87d4-9ed0a43d8b9a,relation/unit/bab-4-produk-langsung-semilangsung-dan-ekstensi-grup/section/01/covers/surface/unit-027/reference/ordinary/004,urn:uuid:d026f544-ce73-5345-8389-f0acd616a4b0,covers,urn:uuid:f75fd2c9-37a8-5da9-8fa5-3a6d6247e201,chapter4.tex:365-517 (line 517 blank boundary omitted from target mapping)
urn:uuid:14613e4d-17bb-56bb-8d48-26edb050eed0,relation/unit/bab-4-produk-langsung-semilangsung-dan-ekstensi-grup/section/01/covers/surface/unit-027/reference/ordinary/005,urn:uuid:d026f544-ce73-5345-8389-f0acd616a4b0,covers,urn:uuid:90367b45-7705-50df-8fdd-4fd5fad8580e,chapter4.tex:365-517 (line 517 blank boundary omitted from target mapping)
urn:uuid:e9cbda5f-133c-58e8-b715-68d34999cc50,relation/unit/bab-4-produk-langsung-semilangsung-dan-ekstensi-grup/section/01/covers/surface/unit-027/terminology-row/001,urn:uuid:d026f544-ce73-5345-8389-f0acd616a4b0,covers,urn:uuid:d5c13aa8-4d0e-53e5-8f3a-9764f3a14fcb,chapter4.tex:365-517 (line 517 blank boundary omitted from target mapping)
urn:uuid:8838ece9-17fb-57a5-a4be-d04d557a9c84,relation/unit/bab-4-produk-langsung-semilangsung-dan-ekstensi-grup/section/01/covers/surface/unit-027/terminology-row/002,urn:uuid:d026f544-ce73-5345-8389-f0acd616a4b0,covers,urn:uuid:07d618d2-9d98-5075-93e1-e8d5ba947c89,chapter4.tex:365-517 (line 517 blank boundary omitted from target mapping)
urn:uuid:38cddc62-db48-52db-8e0d-d00c65af2767,relation/unit/bab-4-produk-langsung-semilangsung-dan-ekstensi-grup/section/01/covers/surface/unit-027/terminology-row/003,urn:uuid:d026f544-ce73-5345-8389-f0acd616a4b0,covers,urn:uuid:aef2de0c-57df-5bf8-b0f3-e18476946f16,chapter4.tex:365-517 (line 517 blank boundary omitted from target mapping)
urn:uuid:e1f02a45-b52f-584f-994a-25c00be063c6,relation/unit/bab-4-produk-langsung-semilangsung-dan-ekstensi-grup/section/01/covers/surface/unit-027/terminology-row/004,urn:uuid:d026f544-ce73-5345-8389-f0acd616a4b0,covers,urn:uuid:08adac62-5d69-5858-9313-1c926f4f7a1a,chapter4.tex:365-517 (line 517 blank boundary omitted from target mapping)
urn:uuid:13ed683f-de45-588c-9057-745ace93f2ab,relation/unit/bab-4-produk-langsung-semilangsung-dan-ekstensi-grup/section/01/covers/surface/unit-027/terminology-row/005,urn:uuid:d026f544-ce73-5345-8389-f0acd616a4b0,covers,urn:uuid:8b175e3c-1b50-5a1b-9717-701a20540aa3,chapter4.tex:365-517 (line 517 blank boundary omitted from target mapping)
urn:uuid:7801bcbd-daef-5369-a005-2657d67c8094,relation/unit/bab-4-produk-langsung-semilangsung-dan-ekstensi-grup/section/01/covers/surface/unit-027/terminology-row/006,urn:uuid:d026f544-ce73-5345-8389-f0acd616a4b0,covers,urn:uuid:795108e7-cfd0-5a3e-8981-c41aa6ea203b,chapter4.tex:365-517 (line 517 blank boundary omitted from target mapping)
urn:uuid:82470374-9d30-5194-a112-ac8e3fff4194,relation/unit/bab-4-produk-langsung-semilangsung-dan-ekstensi-grup/section/01/covers/surface/unit-027/terminology-row/007,urn:uuid:d026f544-ce73-5345-8389-f0acd616a4b0,covers,urn:uuid:76367bb3-4c85-5643-a52b-a578e8b195b2,chapter4.tex:365-517 (line 517 blank boundary omitted from target mapping)
urn:uuid:e053b244-52d5-5691-86ad-007501d78d9b,relation/unit/bab-4-produk-langsung-semilangsung-dan-ekstensi-grup/section/01/covers/surface/unit-027/terminology-row/008,urn:uuid:d026f544-ce73-5345-8389-f0acd616a4b0,covers,urn:uuid:0f5d6cd7-d24d-5cb7-afac-6f11876eb64f,chapter4.tex:365-517 (line 517 blank boundary omitted from target mapping)
urn:uuid:f61a87fa-6b36-5c42-ba4e-b2988ebc07ed,relation/unit/bab-4-produk-langsung-semilangsung-dan-ekstensi-grup/section/01/covers/surface/unit-027/terminology-row/009,urn:uuid:d026f544-ce73-5345-8389-f0acd616a4b0,covers,urn:uuid:5569cc81-c35a-57a8-801b-324423b47a54,chapter4.tex:365-517 (line 517 blank boundary omitted from target mapping)
urn:uuid:8ee76452-bfe9-5ea7-b6da-ffe388cee80e,relation/unit/bab-4-produk-langsung-semilangsung-dan-ekstensi-grup/section/01/covers/translation-precision/o013-li-u027-tr-001,urn:uuid:d026f544-ce73-5345-8389-f0acd616a4b0,covers,urn:uuid:4b795e81-8a8b-51e7-a486-bfce1f0b59c7,chapter4.tex:365-517 (line 517 blank boundary omitted from target mapping)
urn:uuid:a5312490-a366-5cd6-82aa-8a4a7afef907,relation/unit/bab-4-produk-langsung-semilangsung-dan-ekstensi-grup/section/01/governed-by/rights/principal-cc-by-4.0,urn:uuid:d026f544-ce73-5345-8389-f0acd616a4b0,governed-by,urn:uuid:0baf6c47-021d-5310-9475-81519e710250,
urn:uuid:6bbb575c-4d9d-5e67-9cc5-12a93df9cfdd,relation/unit/bab-4-produk-langsung-semilangsung-dan-ekstensi-grup/section/01/includes-diagram/diagram/unit-027/tikzcd-01,urn:uuid:d026f544-ce73-5345-8389-f0acd616a4b0,includes-diagram,urn:uuid:d94adade-ec53-5b5a-b34c-97046a3eff2f,chapter4.tex:385-388
urn:uuid:6aef5d76-d1f2-5234-9668-165be79aff80,relation/unit/bab-4-produk-langsung-semilangsung-dan-ekstensi-grup/section/01/includes-diagram/diagram/unit-027/tikzcd-02,urn:uuid:d026f544-ce73-5345-8389-f0acd616a4b0,includes-diagram,urn:uuid:72ea2145-badc-56b5-97a1-47aadb4f492c,chapter4.tex:497-500
urn:uuid:5aa84adb-d596-54cc-a12a-00613de3be16,relation/unit/bab-4-produk-langsung-semilangsung-dan-ekstensi-grup/section/01/includes-diagram/diagram/unit-027/tikzcd-03,urn:uuid:d026f544-ce73-5345-8389-f0acd616a4b0,includes-diagram,urn:uuid:6b5bd936-dd5b-5ca6-baa5-e551e8e762cf,chapter4.tex:506-508
urn:uuid:e1cecca3-2fdd-5cf0-97c1-01c5864ec234,relation/unit/bab-4-produk-langsung-semilangsung-dan-ekstensi-grup/section/01/includes-diagram/diagram/unit-027/tikzcd-04,urn:uuid:d026f544-ce73-5345-8389-f0acd616a4b0,includes-diagram,urn:uuid:14428091-8be8-5363-b132-f13387cdd23f,chapter4.tex:511-514
urn:uuid:4fb77b08-7a3b-5d3a-9f97-1fb8e1a8b519,relation/unit/bab-4-produk-langsung-semilangsung-dan-ekstensi-grup/section/01/includes-diagram/diagram/unit-027/tikzpicture-01,urn:uuid:d026f544-ce73-5345-8389-f0acd616a4b0,includes-diagram,urn:uuid:436c4484-8bb8-5c60-b73d-18142525475b,chapter4.tex:443-449
urn:uuid:077dad4c-5d8b-56a1-9bcd-c92665ac818a,relation/unit/bab-4-produk-langsung-semilangsung-dan-ekstensi-grup/section/01/includes-diagram/diagram/unit-027/tikzpicture-02,urn:uuid:d026f544-ce73-5345-8389-f0acd616a4b0,includes-diagram,urn:uuid:5ddeacd6-dda6-536c-943f-0dcda01d0a5e,chapter4.tex:449-455
urn:uuid:dbc3b7e9-e5cf-5568-8701-1a7b679a65da,relation/unit/bab-4-produk-langsung-semilangsung-dan-ekstensi-grup/section/01/includes-diagram/diagram/unit-027/tikzpicture-03,urn:uuid:d026f544-ce73-5345-8389-f0acd616a4b0,includes-diagram,urn:uuid:185eb161-20ca-538c-a06e-cccb92d9c088,chapter4.tex:455-461
urn:uuid:927ad096-ebba-5cb5-b689-fdfa4036fe77,relation/unit/bab-4-produk-langsung-semilangsung-dan-ekstensi-grup/section/01/indexes/index-entry/unit-027/main/001,urn:uuid:d026f544-ce73-5345-8389-f0acd616a4b0,indexes,urn:uuid:85a31136-57fa-5a55-bb97-ac0b3c1eaf56,chapter4.tex:368
urn:uuid:c46bf7a1-4736-5e36-900e-2e4afef36dd9,relation/unit/bab-4-produk-langsung-semilangsung-dan-ekstensi-grup/section/01/indexes/index-entry/unit-027/main/002,urn:uuid:d026f544-ce73-5345-8389-f0acd616a4b0,indexes,urn:uuid:1025c3da-3569-54b7-aab7-88921b62a489,chapter4.tex:397
urn:uuid:9088bb17-c400-5d6c-9c3e-b168fb4b3969,relation/unit/bab-4-produk-langsung-semilangsung-dan-ekstensi-grup/section/01/indexes/index-entry/unit-027/main/003,urn:uuid:d026f544-ce73-5345-8389-f0acd616a4b0,indexes,urn:uuid:dd154c62-7a3f-5464-861f-71bf7cc8162d,chapter4.tex:441
urn:uuid:155acfde-2ced-5011-9882-edb8e0d80c32,relation/unit/bab-4-produk-langsung-semilangsung-dan-ekstensi-grup/section/01/indexes/index-entry/unit-027/main/005,urn:uuid:d026f544-ce73-5345-8389-f0acd616a4b0,indexes,urn:uuid:d1a46ac4-1d97-58e6-845f-fde763f69bd6,chapter4.tex:483
urn:uuid:212aea63-95e2-5e98-aa66-d1c4d366a96a,relation/unit/bab-4-produk-langsung-semilangsung-dan-ekstensi-grup/section/01/indexes/index-entry/unit-027/main/006,urn:uuid:d026f544-ce73-5345-8389-f0acd616a4b0,indexes,urn:uuid:4cb2de7f-32a4-5d36-979f-e4b587d1f139,chapter4.tex:496
urn:uuid:8798c40b-917b-5384-b5ea-383b664bbe2f,relation/unit/bab-4-produk-langsung-semilangsung-dan-ekstensi-grup/section/01/indexes/index-entry/unit-027/sym1/004,urn:uuid:d026f544-ce73-5345-8389-f0acd616a4b0,indexes,urn:uuid:cc6fbefc-6612-5197-9017-bf6d67ff74e6,chapter4.tex:441
urn:uuid:5a7793ce-24d6-54fc-b9c3-fdab3fbb9f76,relation/unit/bab-4-produk-langsung-semilangsung-dan-ekstensi-grup/section/01/requires/prerequisite/basic-group-theory,urn:uuid:d026f544-ce73-5345-8389-f0acd616a4b0,requires,urn:uuid:3f5dc8e0-0198-5016-b767-ded1b9ec3d13,chapter4.tex:365-517 (line 517 blank boundary omitted from target mapping)
urn:uuid:25b1d01d-17cd-5f35-9fdb-552b12cdfa5f,relation/unit/bab-4-produk-langsung-semilangsung-dan-ekstensi-grup/section/01/requires/prerequisite/basic-mathematical-literacy,urn:uuid:d026f544-ce73-5345-8389-f0acd616a4b0,requires,urn:uuid:8fb6c957-7285-5258-978c-e1369c7e39d7,chapter4.tex:365-517 (line 517 blank boundary omitted from target mapping)
urn:uuid:f3a4f4c3-a2ab-59df-a866-23abed4d3233,relation/unit/bab-4-produk-langsung-semilangsung-dan-ekstensi-grup/section/01/requires/prerequisite/categories-and-morphisms,urn:uuid:d026f544-ce73-5345-8389-f0acd616a4b0,requires,urn:uuid:dd69ccfd-7399-53a2-83fe-84127b1baf1d,chapter4.tex:365-517 (line 517 blank boundary omitted from target mapping)
urn:uuid:1d808f36-0fb6-596c-8ac2-a75361efb102,relation/unit/bab-4-produk-langsung-semilangsung-dan-ekstensi-grup/section/01/requires/prerequisite/elementary-set-theory,urn:uuid:d026f544-ce73-5345-8389-f0acd616a4b0,requires,urn:uuid:00f7d0ea-1b60-51da-843f-cca760a368e4,chapter4.tex:365-517 (line 517 blank boundary omitted from target mapping)
urn:uuid:290b8841-d242-5331-b300-53859ed55416,relation/unit/bab-4-produk-langsung-semilangsung-dan-ekstensi-grup/section/01/requires/prerequisite/functors-and-natural-transformations,urn:uuid:d026f544-ce73-5345-8389-f0acd616a4b0,requires,urn:uuid:3e864ace-90f6-56b3-8ce5-2e0690dbc9f8,chapter4.tex:365-517 (line 517 blank boundary omitted from target mapping)
urn:uuid:e539dfb1-5c69-5b38-a123-c2afe6f989c5,relation/unit/bab-4-produk-langsung-semilangsung-dan-ekstensi-grup/section/01/requires/prerequisite/group-homomorphisms-kernels-and-quotients,urn:uuid:d026f544-ce73-5345-8389-f0acd616a4b0,requires,urn:uuid:ecd787ee-f056-5200-91e7-f98b3d80d458,chapter4.tex:365-517 (line 517 blank boundary omitted from target mapping)
urn:uuid:42c56776-eae0-57b5-b1c7-82dc0de2e086,relation/unit/bab-4-produk-langsung-semilangsung-dan-ekstensi-grup/section/01/requires/prerequisite/universal-properties-and-comma-categories,urn:uuid:d026f544-ce73-5345-8389-f0acd616a4b0,requires,urn:uuid:8cab24d2-0f78-5bf9-96f8-5b2f2b07168d,chapter4.tex:365-517 (line 517 blank boundary omitted from target mapping)
