relation_id,relation_key,source_id,predicate,target_id,evidence
urn:uuid:494b94d8-bba7-5537-b0b8-fd483793ec5b,relation/build-surface/unit-030-pdf/governed-by/rights/ajbook-fragment-cc-by-sa-3.0,urn:uuid:d6f9adaa-ce85-5cba-ba63-b5e9de994aa6,governed-by,urn:uuid:10faf5cd-990f-5850-87b4-26922b062485,
urn:uuid:af8bb141-41cf-5e3b-a08b-353fa627c1d0,relation/build-surface/unit-030-pdf/governed-by/rights/noto-fonts-ofl-1.1,urn:uuid:d6f9adaa-ce85-5cba-ba63-b5e9de994aa6,governed-by,urn:uuid:b9f7a7a7-8e18-507a-b72e-b5de733a7430,
urn:uuid:1294c321-c8fc-5c5c-b605-112cdc207f80,relation/build-surface/unit-030-pdf/governed-by/rights/principal-cc-by-4.0,urn:uuid:d6f9adaa-ce85-5cba-ba63-b5e9de994aa6,governed-by,urn:uuid:0baf6c47-021d-5310-9475-81519e710250,
urn:uuid:53d067a9-5de9-5fda-80de-fadd94073da9,relation/course/o013/requires/prerequisite/basic-mathematical-literacy,urn:uuid:a5f3ad58-ce3c-5f5f-b581-1f842ae79192,requires,urn:uuid:8fb6c957-7285-5258-978c-e1369c7e39d7,prelude.tex:49-60
urn:uuid:6af4c728-a07b-5571-a30d-9ee62c1a5a6e,relation/course/o013/requires/prerequisite/cauchy-sequences-and-completeness,urn:uuid:a5f3ad58-ce3c-5f5f-b581-1f842ae79192,requires,urn:uuid:b9018862-5027-50f5-9947-a9a9526cc91f,prelude.tex:49-60
urn:uuid:cdc5bef1-ed82-58de-9b13-95ec2357d9af,relation/course/o013/requires/prerequisite/elementary-number-theory,urn:uuid:a5f3ad58-ce3c-5f5f-b581-1f842ae79192,requires,urn:uuid:cae14762-1ca0-5a11-aad9-20c81d540fee,prelude.tex:49-60
urn:uuid:de5cce3e-de42-54c1-898b-fcd09a991c8d,relation/course/o013/requires/prerequisite/elementary-set-theory,urn:uuid:a5f3ad58-ce3c-5f5f-b581-1f842ae79192,requires,urn:uuid:00f7d0ea-1b60-51da-843f-cca760a368e4,prelude.tex:49-60
urn:uuid:922e2514-3fa4-5b3d-86e1-836505ce7783,relation/course/o013/requires/prerequisite/linear-transformations,urn:uuid:a5f3ad58-ce3c-5f5f-b581-1f842ae79192,requires,urn:uuid:9ef76bd8-39cf-5b09-8c2d-2d8c95f91aec,prelude.tex:49-60
urn:uuid:74ce1984-1114-53f2-a033-f2e9c028f4ee,relation/course/o013/requires/prerequisite/mathematical-logic,urn:uuid:a5f3ad58-ce3c-5f5f-b581-1f842ae79192,requires,urn:uuid:451f60c6-04ab-54a7-9d74-9dee65d088b7,prelude.tex:49-60
urn:uuid:18ee0c4f-7e83-55ce-b990-c9ff64548532,relation/course/o013/requires/prerequisite/matrices,urn:uuid:a5f3ad58-ce3c-5f5f-b581-1f842ae79192,requires,urn:uuid:d4260077-2f56-5951-8fe1-2dc390f81288,prelude.tex:49-60
urn:uuid:fe264b2f-dbe8-5589-8cb1-d75a56744c5a,relation/course/o013/requires/prerequisite/permutations-and-symmetric-groups,urn:uuid:a5f3ad58-ce3c-5f5f-b581-1f842ae79192,requires,urn:uuid:ee7d907b-05bc-5def-81d5-7fcd351829b8,prelude.tex:49-60
urn:uuid:b09b00b5-df77-5d64-94da-753d1b21fef4,relation/course/o013/requires/prerequisite/point-set-topology,urn:uuid:a5f3ad58-ce3c-5f5f-b581-1f842ae79192,requires,urn:uuid:6a61cd7e-28fe-5c64-9573-cf9ab46e5e96,prelude.tex:49-60
urn:uuid:ed32b23d-1271-5fa2-948f-562f6f29a2c2,relation/course/o013/requires/prerequisite/polynomials,urn:uuid:a5f3ad58-ce3c-5f5f-b581-1f842ae79192,requires,urn:uuid:15245348-aca2-5814-9ca8-0fce14044e14,prelude.tex:49-60
urn:uuid:59f7a53e-63b6-5f7d-a2ba-9f942e60d2cf,relation/course/o013/requires/prerequisite/real-analysis-basics,urn:uuid:a5f3ad58-ce3c-5f5f-b581-1f842ae79192,requires,urn:uuid:4eedb52d-6e0a-5379-b39c-5043b067c49f,prelude.tex:49-60
urn:uuid:f4f655a5-427a-5113-b6d6-fff3511fadfd,relation/course/o013/requires/prerequisite/vector-spaces,urn:uuid:a5f3ad58-ce3c-5f5f-b581-1f842ae79192,requires,urn:uuid:dfd6d864-afe6-5d0e-90f7-c130241cf396,prelude.tex:49-60
urn:uuid:671c70bd-307b-5cb8-a6cc-698df22eb60a,relation/course/o013/uses-resource/resource/wenweili/aljabr-1,urn:uuid:a5f3ad58-ce3c-5f5f-b581-1f842ae79192,uses-resource,urn:uuid:a72e8c67-4b46-5049-b626-479af39b5397,
urn:uuid:336217aa-e3fa-5de0-99e8-687ef25b5d64,relation/diagram/unit-030/tikzcd-01/governed-by/rights/principal-cc-by-4.0,urn:uuid:ed0e43ad-9ae7-5070-aa63-1dd49a0ee216,governed-by,urn:uuid:0baf6c47-021d-5310-9475-81519e710250,
urn:uuid:28613219-0511-50dd-a50f-178a66f48c26,relation/diagram/unit-030/tikzcd-02/governed-by/rights/principal-cc-by-4.0,urn:uuid:72cd24e6-7a4a-50f9-90fd-f61886ee74b6,governed-by,urn:uuid:0baf6c47-021d-5310-9475-81519e710250,
urn:uuid:2a3a0ccf-f3ef-569a-81e1-4c475e2e2cdd,relation/diagram/unit-030/tikzcd-03/governed-by/rights/principal-cc-by-4.0,urn:uuid:aa76205c-1f43-552d-a6f2-766328c7d4dd,governed-by,urn:uuid:0baf6c47-021d-5310-9475-81519e710250,
urn:uuid:7a4ca9c7-e3c7-571b-8e47-a41a58802493,relation/diagram/unit-030/tikzcd-04/governed-by/rights/principal-cc-by-4.0,urn:uuid:811c2136-0a45-5a66-aa04-790901a8ab72,governed-by,urn:uuid:0baf6c47-021d-5310-9475-81519e710250,
urn:uuid:fe09762a-d1f3-5799-a0fc-1f3d658ef53d,relation/diagram/unit-030/tikzcd-05/governed-by/rights/principal-cc-by-4.0,urn:uuid:ec49fd4c-a0ca-5f4c-adac-4eaaa83b37df,governed-by,urn:uuid:0baf6c47-021d-5310-9475-81519e710250,
urn:uuid:066fbdea-f8e3-59dd-aebb-7381897779dc,relation/diagram/unit-030/tikzcd-06/governed-by/rights/principal-cc-by-4.0,urn:uuid:36e1e6fa-2feb-563e-88b9-864293008b3a,governed-by,urn:uuid:0baf6c47-021d-5310-9475-81519e710250,
urn:uuid:743f255c-fcaa-5c1e-8fb7-34920b531811,relation/edition/wenweili/aljabr-1/c4f7a01f68f5f407906b4b970640cddbbad85f6b/contains/unit/bab-4-deret-komposisi-grup,urn:uuid:df2d23de-7370-5da5-ad49-42fb7c718c49,contains,urn:uuid:e1ff4b38-6e2b-5f06-a629-779c1da98c70,chapter4.tex:796-935; substantive authority map 796-934 to target 794-932
urn:uuid:f43da1b4-0053-5379-9911-864a80e9df27,relation/program/open-mathematics-curriculum/2026/contains/course/o013,urn:uuid:9d8d0610-2560-5376-8679-5a9418407a78,contains,urn:uuid:a5f3ad58-ce3c-5f5f-b581-1f842ae79192,
urn:uuid:03dde2e7-13e9-5147-9aac-4160466fd402,relation/resource/wenweili/aljabr-1/has-edition/edition/wenweili/aljabr-1/c4f7a01f68f5f407906b4b970640cddbbad85f6b,urn:uuid:a72e8c67-4b46-5049-b626-479af39b5397,has-edition,urn:uuid:df2d23de-7370-5da5-ad49-42fb7c718c49,
urn:uuid:751f7a1e-84de-5dfb-84a7-0a75f5af725e,relation/unit/bab-4-deret-komposisi-grup/built-by/build-surface/unit-030-pdf,urn:uuid:e1ff4b38-6e2b-5f06-a629-779c1da98c70,built-by,urn:uuid:d6f9adaa-ce85-5cba-ba63-b5e9de994aa6,
urn:uuid:6f54eb35-42f2-5d19-8364-ee7bdb0efee2,relation/unit/bab-4-deret-komposisi-grup/checked-by/qa/unit-030/admission-gate,urn:uuid:e1ff4b38-6e2b-5f06-a629-779c1da98c70,checked-by,urn:uuid:d0e93e9f-7e4b-56cc-9a14-7071ecabeaa1,
urn:uuid:b3e5c102-fb6f-534c-bcf2-9f218ee427c3,relation/unit/bab-4-deret-komposisi-grup/checked-by/qa/unit-030/all-page-visual-review,urn:uuid:e1ff4b38-6e2b-5f06-a629-779c1da98c70,checked-by,urn:uuid:56ce6e4b-a65d-51f6-94fe-0c68539737c4,
urn:uuid:4352270e-58f8-5e4f-874f-3d54f7396e07,relation/unit/bab-4-deret-komposisi-grup/checked-by/qa/unit-030/build-log,urn:uuid:e1ff4b38-6e2b-5f06-a629-779c1da98c70,checked-by,urn:uuid:d01c015b-a090-5859-9b5f-e44a9081e5f8,
urn:uuid:e5968320-a2f2-597c-b307-1d0696342efe,relation/unit/bab-4-deret-komposisi-grup/checked-by/qa/unit-030/candidate-artifact,urn:uuid:e1ff4b38-6e2b-5f06-a629-779c1da98c70,checked-by,urn:uuid:aaa5f5b6-bb53-50c4-ab7e-7cf41a6c3898,
urn:uuid:32fa89b9-3a3f-5e37-838a-c38a27863f2d,relation/unit/bab-4-deret-komposisi-grup/checked-by/qa/unit-030/candidate-check,urn:uuid:e1ff4b38-6e2b-5f06-a629-779c1da98c70,checked-by,urn:uuid:2a8b4c82-a9fb-545e-8bf0-1224e2ca8c1b,
urn:uuid:9fcde43c-2982-5fbe-85cc-092f821270c3,relation/unit/bab-4-deret-komposisi-grup/checked-by/qa/unit-030/canonical-integration,urn:uuid:e1ff4b38-6e2b-5f06-a629-779c1da98c70,checked-by,urn:uuid:0d747c4d-3f56-500e-9d83-52bf76fc6a23,
urn:uuid:5a2b5e53-1864-542f-845c-b0d3db1a2885,relation/unit/bab-4-deret-komposisi-grup/checked-by/qa/unit-030/citation-closure,urn:uuid:e1ff4b38-6e2b-5f06-a629-779c1da98c70,checked-by,urn:uuid:6b43fc8e-a99a-5474-ae7f-fa1da9f1e9f3,
urn:uuid:4250afa6-d4d0-577b-ad09-8e568de2bc09,relation/unit/bab-4-deret-komposisi-grup/checked-by/qa/unit-030/prepromotion-evidence,urn:uuid:e1ff4b38-6e2b-5f06-a629-779c1da98c70,checked-by,urn:uuid:b908e811-2b48-523b-a112-257ec445a2a1,
urn:uuid:a9c4335c-625a-552a-ab6e-92bbc7129e08,relation/unit/bab-4-deret-komposisi-grup/checked-by/qa/unit-030/protected-text-localizations,urn:uuid:e1ff4b38-6e2b-5f06-a629-779c1da98c70,checked-by,urn:uuid:1a9428b7-0cb0-55d9-8cbf-ab69e227c980,
urn:uuid:f24dd908-1b0c-543b-bfe6-190b24686c27,relation/unit/bab-4-deret-komposisi-grup/checked-by/qa/unit-030/render-hash-inventory,urn:uuid:e1ff4b38-6e2b-5f06-a629-779c1da98c70,checked-by,urn:uuid:c49c9890-e824-5674-93c8-231b6a83c7c1,
urn:uuid:39224502-93c3-51f6-bdfc-5ffb818c4f76,relation/unit/bab-4-deret-komposisi-grup/checked-by/qa/unit-030/source-corrections,urn:uuid:e1ff4b38-6e2b-5f06-a629-779c1da98c70,checked-by,urn:uuid:e94170f1-f363-5da4-a024-6fa1af5bd6e2,
urn:uuid:b676f032-23c5-5d0d-a01f-3ade39b6da99,relation/unit/bab-4-deret-komposisi-grup/checked-by/qa/unit-030/source-review,urn:uuid:e1ff4b38-6e2b-5f06-a629-779c1da98c70,checked-by,urn:uuid:1f74db33-c83a-55a3-b0d2-8955db1610fc,
urn:uuid:1a4d7d83-1555-5089-923f-4f1e3d3dbf42,relation/unit/bab-4-deret-komposisi-grup/checked-by/qa/unit-030/structure-and-pdf-qa,urn:uuid:e1ff4b38-6e2b-5f06-a629-779c1da98c70,checked-by,urn:uuid:fb26acb5-ca5b-5db3-bf46-52b37fa9a859,
urn:uuid:622f49b0-96d4-5678-94e8-8f763c0e5843,relation/unit/bab-4-deret-komposisi-grup/checked-by/qa/unit-030/terminology-control,urn:uuid:e1ff4b38-6e2b-5f06-a629-779c1da98c70,checked-by,urn:uuid:4c008e54-66c6-5aeb-a1fe-a7952e652a47,
urn:uuid:ca09f83f-9eb3-5a97-995a-6a1dfd39eccc,relation/unit/bab-4-deret-komposisi-grup/checked-by/qa/unit-030/terminology-delta,urn:uuid:e1ff4b38-6e2b-5f06-a629-779c1da98c70,checked-by,urn:uuid:e38f61d8-89db-5665-b45a-16f0baaec31b,
urn:uuid:ea9eaa8f-9e38-5b8d-b0b5-6c646fce7bd6,relation/unit/bab-4-deret-komposisi-grup/checked-by/qa/unit-030/terminology-evidence,urn:uuid:e1ff4b38-6e2b-5f06-a629-779c1da98c70,checked-by,urn:uuid:4c048d29-394c-59a9-a7a8-9bc724c8d73c,
urn:uuid:ca7fcc01-281f-52ec-875b-359ddaeee4e9,relation/unit/bab-4-deret-komposisi-grup/checked-by/qa/unit-030/visual-preflight,urn:uuid:e1ff4b38-6e2b-5f06-a629-779c1da98c70,checked-by,urn:uuid:8471f9de-f15d-5166-a8d8-c1646b821018,
urn:uuid:27ef5a21-3f78-5cd1-9603-0c94142fca40,relation/unit/bab-4-deret-komposisi-grup/contains/unit/bab-4-deret-komposisi-grup/section/01,urn:uuid:e1ff4b38-6e2b-5f06-a629-779c1da98c70,contains,urn:uuid:fca3605a-bfef-5847-840c-5ec5bbc9bfee,chapter4.tex:796-935 (line 935 blank boundary omitted from target mapping)
urn:uuid:43b60004-e7e2-56b1-88bc-2376d7f78bfa,relation/unit/bab-4-deret-komposisi-grup/covers/concept/abelian-composition-series,urn:uuid:e1ff4b38-6e2b-5f06-a629-779c1da98c70,covers,urn:uuid:f4649221-9211-5b1b-bced-544a70957130,
urn:uuid:97182f48-b5a6-5245-ab4e-663ebf0abce8,relation/unit/bab-4-deret-komposisi-grup/covers/concept/central-series,urn:uuid:e1ff4b38-6e2b-5f06-a629-779c1da98c70,covers,urn:uuid:1ee8e238-fd5d-5cd4-b872-de507780a47e,
urn:uuid:d105c557-e14a-59a2-9adc-f9cd37df7578,relation/unit/bab-4-deret-komposisi-grup/covers/concept/composition-factor,urn:uuid:e1ff4b38-6e2b-5f06-a629-779c1da98c70,covers,urn:uuid:7a59e98a-25ba-5b0b-9917-0a9dbdd165f7,
urn:uuid:ce5f0d20-6df6-59de-b6b2-2435a094cde0,relation/unit/bab-4-deret-komposisi-grup/covers/concept/composition-series,urn:uuid:e1ff4b38-6e2b-5f06-a629-779c1da98c70,covers,urn:uuid:0736ca8d-accf-51d7-8825-21d785154e65,
urn:uuid:44ef2c02-26e3-5558-8e43-44cf85c30acd,relation/unit/bab-4-deret-komposisi-grup/covers/concept/finite-abelian-factors,urn:uuid:e1ff4b38-6e2b-5f06-a629-779c1da98c70,covers,urn:uuid:cddf4ba3-ecb2-541f-84f7-01fa848b14f3,
urn:uuid:3a34cb7c-ea9e-5188-bdb9-ae54d667814a,relation/unit/bab-4-deret-komposisi-grup/covers/concept/jordan-holder-subquotients,urn:uuid:e1ff4b38-6e2b-5f06-a629-779c1da98c70,covers,urn:uuid:ffc84500-f6b7-5603-9b9d-68a977863268,
urn:uuid:0fe7ad4c-a89e-5886-bdb4-d56c3467de33,relation/unit/bab-4-deret-komposisi-grup/covers/concept/jordan-holder-theorem,urn:uuid:e1ff4b38-6e2b-5f06-a629-779c1da98c70,covers,urn:uuid:ce849507-fb3e-5d8a-b45f-04b15a1b24c9,
urn:uuid:ee2d8889-4d41-57d2-8717-43464319c3ec,relation/unit/bab-4-deret-komposisi-grup/covers/concept/multiplicity,urn:uuid:e1ff4b38-6e2b-5f06-a629-779c1da98c70,covers,urn:uuid:fbc2731a-42f4-5a3e-b6c4-84379b053958,
urn:uuid:835f2d46-fbca-5594-b4e7-86b73a39ce14,relation/unit/bab-4-deret-komposisi-grup/covers/concept/normal-series,urn:uuid:e1ff4b38-6e2b-5f06-a629-779c1da98c70,covers,urn:uuid:19a5afd7-08e7-53fa-aa9d-162fde4b30e2,
urn:uuid:d4c384f9-db2c-58c6-9219-0ffa013ebc57,relation/unit/bab-4-deret-komposisi-grup/covers/concept/refinement,urn:uuid:e1ff4b38-6e2b-5f06-a629-779c1da98c70,covers,urn:uuid:d72d7f9f-859b-5ce9-8e14-1c809e92bb19,
urn:uuid:ae1ef925-11e1-57c8-b311-69c6464fc34c,relation/unit/bab-4-deret-komposisi-grup/covers/concept/schreier-refinement-theorem,urn:uuid:e1ff4b38-6e2b-5f06-a629-779c1da98c70,covers,urn:uuid:b7b432ff-5fba-559c-8714-ddbd8300a6f2,
urn:uuid:5eb9b4aa-f7e2-5b04-b6da-ac41b5b62245,relation/unit/bab-4-deret-komposisi-grup/covers/concept/series-equivalence,urn:uuid:e1ff4b38-6e2b-5f06-a629-779c1da98c70,covers,urn:uuid:5de3a60f-e4e3-5826-9fc7-044c3d0c1565,
urn:uuid:8811187f-efa3-5425-8c9b-d905c109f584,relation/unit/bab-4-deret-komposisi-grup/covers/concept/zassenhaus-lemma,urn:uuid:e1ff4b38-6e2b-5f06-a629-779c1da98c70,covers,urn:uuid:ee8d22d4-1e8a-5f9a-9f59-765d1bf833ae,
urn:uuid:a3cc0a48-0424-5f7e-9dc1-c66135668f6c,relation/unit/bab-4-deret-komposisi-grup/covers/correction/o013-li-u030-cor-001,urn:uuid:e1ff4b38-6e2b-5f06-a629-779c1da98c70,covers,urn:uuid:fcfca44c-b05a-58eb-9a55-1413b90145d4,
urn:uuid:c50de94f-a816-500c-8d31-42f8200e2ce6,relation/unit/bab-4-deret-komposisi-grup/covers/protected-text-localization/o013-li-u030-loc-001,urn:uuid:e1ff4b38-6e2b-5f06-a629-779c1da98c70,covers,urn:uuid:bad66b00-87b3-5525-87b4-1c1c08d024f0,
urn:uuid:8466bc07-9da1-55c5-be70-97cc172fda12,relation/unit/bab-4-deret-komposisi-grup/covers/protected-text-localization/o013-li-u030-loc-002,urn:uuid:e1ff4b38-6e2b-5f06-a629-779c1da98c70,covers,urn:uuid:111b3cd2-dbba-5c24-9bca-b7d1f3c9c8c1,
urn:uuid:552622bf-ebc2-562c-abaf-a99e7ae97396,relation/unit/bab-4-deret-komposisi-grup/covers/provenance/o013-li-u030-production,urn:uuid:e1ff4b38-6e2b-5f06-a629-779c1da98c70,covers,urn:uuid:002e10f5-51a0-5328-817d-e49b05afb43c,
urn:uuid:5f1984b6-2c47-55d7-8c62-a0108fd3f9d9,relation/unit/bab-4-deret-komposisi-grup/covers/surface/unit-030/diagram-arrow/001,urn:uuid:e1ff4b38-6e2b-5f06-a629-779c1da98c70,covers,urn:uuid:b99e9a6a-5085-5861-9580-8e192c4e2351,
urn:uuid:0732b406-190d-5a6a-85c8-834a76cb7eb5,relation/unit/bab-4-deret-komposisi-grup/covers/surface/unit-030/diagram-arrow/002,urn:uuid:e1ff4b38-6e2b-5f06-a629-779c1da98c70,covers,urn:uuid:2fe0d7b7-ec20-50dd-89a8-8ebbfa96c8af,
urn:uuid:e7aa6d9b-639a-5f45-94a1-7e32122cf80c,relation/unit/bab-4-deret-komposisi-grup/covers/surface/unit-030/diagram-arrow/003,urn:uuid:e1ff4b38-6e2b-5f06-a629-779c1da98c70,covers,urn:uuid:dd862fd0-3f93-5558-b7dd-90438207061a,
urn:uuid:21c40633-a6dc-5588-96c5-aca5a03f801b,relation/unit/bab-4-deret-komposisi-grup/covers/surface/unit-030/diagram-arrow/004,urn:uuid:e1ff4b38-6e2b-5f06-a629-779c1da98c70,covers,urn:uuid:3cd18a75-4076-5cb6-ba2f-a0da41116803,
urn:uuid:c74dfdf2-1e8d-534f-b57f-c0838ee7ca88,relation/unit/bab-4-deret-komposisi-grup/covers/surface/unit-030/diagram-arrow/005,urn:uuid:e1ff4b38-6e2b-5f06-a629-779c1da98c70,covers,urn:uuid:55768bcf-3d1d-5eee-9072-a2d27627b35b,
urn:uuid:8ab50ad6-801d-5023-ad4e-262f238b6ff9,relation/unit/bab-4-deret-komposisi-grup/covers/surface/unit-030/diagram-arrow/006,urn:uuid:e1ff4b38-6e2b-5f06-a629-779c1da98c70,covers,urn:uuid:39bc3c75-8434-58ab-b865-f5f1ab54eaa4,
urn:uuid:c0d77df1-34d9-5937-99a0-a95238984e83,relation/unit/bab-4-deret-komposisi-grup/covers/surface/unit-030/diagram-arrow/007,urn:uuid:e1ff4b38-6e2b-5f06-a629-779c1da98c70,covers,urn:uuid:14407304-50e4-552e-aed9-e04d38721fcf,
urn:uuid:2ad9ba76-9aab-5e3b-96bd-6fe461ae2192,relation/unit/bab-4-deret-komposisi-grup/covers/surface/unit-030/diagram-arrow/008,urn:uuid:e1ff4b38-6e2b-5f06-a629-779c1da98c70,covers,urn:uuid:8a2c76b7-87de-5206-af9d-e62e2b06f92b,
urn:uuid:3c9d3fa0-073c-56e2-add8-3a284f923e57,relation/unit/bab-4-deret-komposisi-grup/covers/surface/unit-030/diagram-arrow/009,urn:uuid:e1ff4b38-6e2b-5f06-a629-779c1da98c70,covers,urn:uuid:46aaee2c-2888-5968-aabf-c0f86eb14913,
urn:uuid:1e4d4b79-f488-5a28-bb87-ebffc824020d,relation/unit/bab-4-deret-komposisi-grup/covers/surface/unit-030/diagram-arrow/010,urn:uuid:e1ff4b38-6e2b-5f06-a629-779c1da98c70,covers,urn:uuid:d4f440b5-9fd0-5bb9-9199-68ed38a9695a,
urn:uuid:27c04c9a-bd76-5d5a-bf6d-5952b823ed01,relation/unit/bab-4-deret-komposisi-grup/covers/surface/unit-030/diagram-arrow/011,urn:uuid:e1ff4b38-6e2b-5f06-a629-779c1da98c70,covers,urn:uuid:38191102-de00-5bf6-a8bd-62a1e25e6471,
urn:uuid:56f5e1d9-740a-5cbf-811a-018fbc1ce31e,relation/unit/bab-4-deret-komposisi-grup/covers/surface/unit-030/diagram-arrow/012,urn:uuid:e1ff4b38-6e2b-5f06-a629-779c1da98c70,covers,urn:uuid:44ff04f6-1151-5d77-a7d6-8ac9638f502d,
urn:uuid:25af7657-3219-501b-9537-58d733a3d7f1,relation/unit/bab-4-deret-komposisi-grup/covers/surface/unit-030/diagram-arrow/013,urn:uuid:e1ff4b38-6e2b-5f06-a629-779c1da98c70,covers,urn:uuid:93dedc43-e7d8-5a9b-acd0-58f28aec795e,
urn:uuid:070255db-63b6-505f-a307-2bd1f1b5a086,relation/unit/bab-4-deret-komposisi-grup/covers/surface/unit-030/diagram-arrow/014,urn:uuid:e1ff4b38-6e2b-5f06-a629-779c1da98c70,covers,urn:uuid:86af74a5-c316-5646-b0e2-5378ed699762,
urn:uuid:9d78bb5a-29de-53be-8dbb-64b8f840a803,relation/unit/bab-4-deret-komposisi-grup/covers/surface/unit-030/diagram-arrow/015,urn:uuid:e1ff4b38-6e2b-5f06-a629-779c1da98c70,covers,urn:uuid:cbedfd29-2837-5f19-bf39-848b75c0add3,
urn:uuid:2917f186-7e43-5c3f-9d8b-402552ec6942,relation/unit/bab-4-deret-komposisi-grup/covers/surface/unit-030/diagram-arrow/016,urn:uuid:e1ff4b38-6e2b-5f06-a629-779c1da98c70,covers,urn:uuid:d8f58107-2b1d-5995-be5c-6442264340c4,
urn:uuid:fa8604f3-7d82-54ea-82a1-8309ce64cebf,relation/unit/bab-4-deret-komposisi-grup/covers/surface/unit-030/diagram-arrow/017,urn:uuid:e1ff4b38-6e2b-5f06-a629-779c1da98c70,covers,urn:uuid:a5e7e590-e798-5f04-8d94-266d35bd78c7,
urn:uuid:9df92bd6-d030-5ea6-bc23-ff5095788e65,relation/unit/bab-4-deret-komposisi-grup/covers/surface/unit-030/diagram-arrow/018,urn:uuid:e1ff4b38-6e2b-5f06-a629-779c1da98c70,covers,urn:uuid:a4f7e81e-e2b2-53d9-a714-213e2013d65f,
urn:uuid:ac481323-c2e2-515c-9a78-b987f6b7a1d7,relation/unit/bab-4-deret-komposisi-grup/covers/surface/unit-030/diagram-arrow/019,urn:uuid:e1ff4b38-6e2b-5f06-a629-779c1da98c70,covers,urn:uuid:967f8743-02df-5d1a-89e7-eeb49ed10015,
urn:uuid:08eff63a-2cdf-58cb-af8f-83fb6a101e0e,relation/unit/bab-4-deret-komposisi-grup/covers/surface/unit-030/diagram-arrow/020,urn:uuid:e1ff4b38-6e2b-5f06-a629-779c1da98c70,covers,urn:uuid:67740ee8-985d-5e40-a43c-0d724365c16e,
urn:uuid:b7974672-378f-5a7a-86ad-3f658a977fdf,relation/unit/bab-4-deret-komposisi-grup/covers/surface/unit-030/diagram-arrow/021,urn:uuid:e1ff4b38-6e2b-5f06-a629-779c1da98c70,covers,urn:uuid:376859ac-6997-5a56-8ef0-44887c1bfe6a,
urn:uuid:3d10fa7b-e0bd-5540-847d-651b688845c7,relation/unit/bab-4-deret-komposisi-grup/covers/surface/unit-030/diagram-arrow/022,urn:uuid:e1ff4b38-6e2b-5f06-a629-779c1da98c70,covers,urn:uuid:740eea5a-a82f-5cb4-b47e-4f9978f2162a,
urn:uuid:b23726a3-2c82-5ff5-b6da-00457b0450e2,relation/unit/bab-4-deret-komposisi-grup/covers/surface/unit-030/diagram-arrow/023,urn:uuid:e1ff4b38-6e2b-5f06-a629-779c1da98c70,covers,urn:uuid:5369e2ee-c8c2-5063-9384-d144a9ac0eee,
urn:uuid:2c0be5b4-bc8f-59a0-97f6-e4c787666146,relation/unit/bab-4-deret-komposisi-grup/covers/surface/unit-030/environment/001-definition-01,urn:uuid:e1ff4b38-6e2b-5f06-a629-779c1da98c70,covers,urn:uuid:d966fe4a-1301-5691-a785-c85fdd9fa74e,
urn:uuid:924e82b1-8298-5b4b-9d73-93bc9e48df0c,relation/unit/bab-4-deret-komposisi-grup/covers/surface/unit-030/environment/002-definition-02,urn:uuid:e1ff4b38-6e2b-5f06-a629-779c1da98c70,covers,urn:uuid:d56425c1-281c-5cbf-81bc-9ff58a21f59a,
urn:uuid:fbb45ecd-4cd2-52a1-9569-64067260881f,relation/unit/bab-4-deret-komposisi-grup/covers/surface/unit-030/environment/003-gather-01,urn:uuid:e1ff4b38-6e2b-5f06-a629-779c1da98c70,covers,urn:uuid:901d64dc-d9df-57a6-8211-1b6c4de2d39d,
urn:uuid:db02c47b-d705-5498-8b13-50b8c0746642,relation/unit/bab-4-deret-komposisi-grup/covers/surface/unit-030/environment/004-definition-03,urn:uuid:e1ff4b38-6e2b-5f06-a629-779c1da98c70,covers,urn:uuid:89987aba-d004-5d35-a2a1-0a117ba70de8,
urn:uuid:708d51ff-f99a-535e-8a29-a4099f7fc7f5,relation/unit/bab-4-deret-komposisi-grup/covers/surface/unit-030/environment/005-lemma-01,urn:uuid:e1ff4b38-6e2b-5f06-a629-779c1da98c70,covers,urn:uuid:ad6737a2-4166-59bc-86ef-6470baa35237,
urn:uuid:99ab14d5-05bf-57e7-8ea2-e25959e47e40,relation/unit/bab-4-deret-komposisi-grup/covers/surface/unit-030/environment/006-gather-02,urn:uuid:e1ff4b38-6e2b-5f06-a629-779c1da98c70,covers,urn:uuid:511ad095-fcb1-568b-8c6e-d24ec88e07a2,
urn:uuid:ec84909e-f88c-514e-8435-34be3222a668,relation/unit/bab-4-deret-komposisi-grup/covers/surface/unit-030/environment/007-proof-01,urn:uuid:e1ff4b38-6e2b-5f06-a629-779c1da98c70,covers,urn:uuid:17543ecf-3b11-52e7-9b87-3436085578eb,
urn:uuid:b81201ad-5ada-5055-9c26-e42850883768,relation/unit/bab-4-deret-komposisi-grup/covers/surface/unit-030/environment/008-tikzcd-01,urn:uuid:e1ff4b38-6e2b-5f06-a629-779c1da98c70,covers,urn:uuid:721b2842-e318-53a4-a3fb-20b013a61b7d,
urn:uuid:da54b0ac-5e2f-5e49-af28-52dacfb56264,relation/unit/bab-4-deret-komposisi-grup/covers/surface/unit-030/environment/009-tikzcd-02,urn:uuid:e1ff4b38-6e2b-5f06-a629-779c1da98c70,covers,urn:uuid:1b5dc6b1-7297-5fb6-be59-86bfe04399a2,
urn:uuid:e04f00c7-3833-5413-befc-ecec64121d95,relation/unit/bab-4-deret-komposisi-grup/covers/surface/unit-030/environment/010-tikzcd-03,urn:uuid:e1ff4b38-6e2b-5f06-a629-779c1da98c70,covers,urn:uuid:0489d584-dc5f-5786-8bc8-a8a88068b15a,
urn:uuid:5dd45a8b-c90b-5cce-afeb-b537faaa1e1e,relation/unit/bab-4-deret-komposisi-grup/covers/surface/unit-030/environment/011-tikzcd-04,urn:uuid:e1ff4b38-6e2b-5f06-a629-779c1da98c70,covers,urn:uuid:7a90c720-48e3-5d34-aa1a-fac42990c187,
urn:uuid:e7dbde32-6756-5085-9534-66d31450e72e,relation/unit/bab-4-deret-komposisi-grup/covers/surface/unit-030/environment/012-tikzcd-05,urn:uuid:e1ff4b38-6e2b-5f06-a629-779c1da98c70,covers,urn:uuid:f8ad307e-2403-5c6c-a650-d776f7fda0ba,
urn:uuid:d373ec34-eb72-5d6e-924a-14fd57c58763,relation/unit/bab-4-deret-komposisi-grup/covers/surface/unit-030/environment/013-align-01,urn:uuid:e1ff4b38-6e2b-5f06-a629-779c1da98c70,covers,urn:uuid:8926c7f6-6fa1-5868-8f6d-76c879117a0b,
urn:uuid:c18422d1-684b-5764-aff9-a85f3b248fd4,relation/unit/bab-4-deret-komposisi-grup/covers/surface/unit-030/environment/014-equation-01,urn:uuid:e1ff4b38-6e2b-5f06-a629-779c1da98c70,covers,urn:uuid:ef49131b-8877-52d7-8544-6f0904aacb5a,
urn:uuid:e1d49611-2d05-5fca-9a7f-0c67f0f4c318,relation/unit/bab-4-deret-komposisi-grup/covers/surface/unit-030/environment/015-tikzcd-06,urn:uuid:e1ff4b38-6e2b-5f06-a629-779c1da98c70,covers,urn:uuid:d3187bcc-e6c3-594c-a8c9-67238b99fe82,
urn:uuid:a4cd7ab1-d0f1-512b-97f7-16e92dd2b076,relation/unit/bab-4-deret-komposisi-grup/covers/surface/unit-030/environment/016-definition-04,urn:uuid:e1ff4b38-6e2b-5f06-a629-779c1da98c70,covers,urn:uuid:52b128eb-4b60-586e-ad2f-af5f5de4f984,
urn:uuid:2f65c25f-80d6-5bdf-af2e-0e56b64c3919,relation/unit/bab-4-deret-komposisi-grup/covers/surface/unit-030/environment/017-theorem-01,urn:uuid:e1ff4b38-6e2b-5f06-a629-779c1da98c70,covers,urn:uuid:57e688cb-2892-596d-89e5-1ef03aa84e5f,
urn:uuid:ea9ef13d-d72b-56a4-88a0-edc24ede6b0b,relation/unit/bab-4-deret-komposisi-grup/covers/surface/unit-030/environment/018-align-02,urn:uuid:e1ff4b38-6e2b-5f06-a629-779c1da98c70,covers,urn:uuid:2580fa79-ba3f-5217-a594-f0b2b619aa71,
urn:uuid:31ccf71c-547b-56e5-b69c-2a3118f7f252,relation/unit/bab-4-deret-komposisi-grup/covers/surface/unit-030/environment/019-proof-02,urn:uuid:e1ff4b38-6e2b-5f06-a629-779c1da98c70,covers,urn:uuid:c63d43d9-2960-50b0-9606-1ef21349d67e,
urn:uuid:0b633743-cedb-555b-b6c5-2d3f73e45628,relation/unit/bab-4-deret-komposisi-grup/covers/surface/unit-030/environment/020-align-03,urn:uuid:e1ff4b38-6e2b-5f06-a629-779c1da98c70,covers,urn:uuid:ae9c679e-12f2-5639-aa4d-085f96cb67c2,
urn:uuid:824bc5d8-5ca3-5887-8a24-b175a3151c89,relation/unit/bab-4-deret-komposisi-grup/covers/surface/unit-030/environment/021-theorem-02,urn:uuid:e1ff4b38-6e2b-5f06-a629-779c1da98c70,covers,urn:uuid:3c5eb77a-bce8-5a3e-86d8-1804fa7175f9,
urn:uuid:dc2d93a0-ea50-5da8-971d-c72b6a660364,relation/unit/bab-4-deret-komposisi-grup/covers/surface/unit-030/environment/022-proof-03,urn:uuid:e1ff4b38-6e2b-5f06-a629-779c1da98c70,covers,urn:uuid:bdae419d-8d42-5f59-aa10-8f6c5e242870,
urn:uuid:af4689b7-cf3c-51c2-9636-21fa06284abc,relation/unit/bab-4-deret-komposisi-grup/covers/surface/unit-030/environment/023-definition-05,urn:uuid:e1ff4b38-6e2b-5f06-a629-779c1da98c70,covers,urn:uuid:0297c81b-55f4-5c80-8b97-39a4e6072d6f,
urn:uuid:d1097fc7-1d90-5fbe-8737-3689f0d0d3e5,relation/unit/bab-4-deret-komposisi-grup/covers/surface/unit-030/environment/024-gather-01,urn:uuid:e1ff4b38-6e2b-5f06-a629-779c1da98c70,covers,urn:uuid:30e84982-fdd6-56f8-b1b6-3e6299d011af,
urn:uuid:b826e7f2-e2a4-5d84-b596-e38cd4e35890,relation/unit/bab-4-deret-komposisi-grup/covers/surface/unit-030/environment/025-proposition-01,urn:uuid:e1ff4b38-6e2b-5f06-a629-779c1da98c70,covers,urn:uuid:f94a7e6d-813a-59d1-adfe-f5ba2398b2b0,
urn:uuid:e4578020-28ef-51fd-b2e3-b8eca40e9619,relation/unit/bab-4-deret-komposisi-grup/covers/surface/unit-030/environment/026-proof-04,urn:uuid:e1ff4b38-6e2b-5f06-a629-779c1da98c70,covers,urn:uuid:69027ec8-1df1-5810-866e-810b9a686096,
urn:uuid:e6eceeb7-03f2-5c7d-81c8-405f5dd586d5,relation/unit/bab-4-deret-komposisi-grup/covers/surface/unit-030/label/001,urn:uuid:e1ff4b38-6e2b-5f06-a629-779c1da98c70,covers,urn:uuid:01abd279-926c-5f3a-8201-b87e448fdbfd,
urn:uuid:9cf5166d-32b0-5332-bdf2-80f8d3cdead5,relation/unit/bab-4-deret-komposisi-grup/covers/surface/unit-030/label/002,urn:uuid:e1ff4b38-6e2b-5f06-a629-779c1da98c70,covers,urn:uuid:c70af6c6-1a5f-5800-a228-ac4ac08bbfd1,
urn:uuid:ec024305-ac19-56dd-a29c-4fdedc63579c,relation/unit/bab-4-deret-komposisi-grup/covers/surface/unit-030/label/003,urn:uuid:e1ff4b38-6e2b-5f06-a629-779c1da98c70,covers,urn:uuid:5c8c1d11-2be1-5bac-81d2-81212ba8a97b,
urn:uuid:e938acc5-6ea6-5f2c-8653-4bac4629157c,relation/unit/bab-4-deret-komposisi-grup/covers/surface/unit-030/label/004,urn:uuid:e1ff4b38-6e2b-5f06-a629-779c1da98c70,covers,urn:uuid:fb7dc69e-bd6b-596a-9e93-9afd58858d4b,
urn:uuid:66352769-c9fe-5e17-b061-5177b0140b23,relation/unit/bab-4-deret-komposisi-grup/covers/surface/unit-030/label/005,urn:uuid:e1ff4b38-6e2b-5f06-a629-779c1da98c70,covers,urn:uuid:3abcec4d-e3fe-5ac5-8bd3-f68e297723c3,
urn:uuid:3f02529e-d623-56b6-a4dc-ac67a61512b2,relation/unit/bab-4-deret-komposisi-grup/covers/surface/unit-030/label/006,urn:uuid:e1ff4b38-6e2b-5f06-a629-779c1da98c70,covers,urn:uuid:74f03a9d-b505-55ae-a5cc-63361152d057,
urn:uuid:47346a69-bfc4-5fef-9274-b8a48157370b,relation/unit/bab-4-deret-komposisi-grup/covers/surface/unit-030/label/007,urn:uuid:e1ff4b38-6e2b-5f06-a629-779c1da98c70,covers,urn:uuid:4c1a8159-29a1-5649-968e-a362eb475160,
urn:uuid:e5f5d680-2485-5e2f-af91-3737a3004a9b,relation/unit/bab-4-deret-komposisi-grup/covers/surface/unit-030/label/008,urn:uuid:e1ff4b38-6e2b-5f06-a629-779c1da98c70,covers,urn:uuid:b4d6ffda-975f-5c17-9403-baeecfa679be,
urn:uuid:869def04-a9c4-5b44-be6d-4b70f25b87e4,relation/unit/bab-4-deret-komposisi-grup/covers/surface/unit-030/label/009,urn:uuid:e1ff4b38-6e2b-5f06-a629-779c1da98c70,covers,urn:uuid:cbac510e-c2d7-53d4-a9e5-2a03e89b7d02,
urn:uuid:9c6db7e5-e569-55a8-adf6-6bb95d0089ec,relation/unit/bab-4-deret-komposisi-grup/covers/surface/unit-030/label/010,urn:uuid:e1ff4b38-6e2b-5f06-a629-779c1da98c70,covers,urn:uuid:ad825fc7-b99f-5c87-9f6f-16a469c975ed,
urn:uuid:cf205204-71a6-54d1-ba61-e800a8a26952,relation/unit/bab-4-deret-komposisi-grup/covers/surface/unit-030/protected-math-zone/001-inline,urn:uuid:e1ff4b38-6e2b-5f06-a629-779c1da98c70,covers,urn:uuid:7550a792-4b16-546d-8fc4-2a40a1e6f8be,
urn:uuid:cc63beb4-daff-5a70-afb4-417495da6a3f,relation/unit/bab-4-deret-komposisi-grup/covers/surface/unit-030/protected-math-zone/002-display-bracket,urn:uuid:e1ff4b38-6e2b-5f06-a629-779c1da98c70,covers,urn:uuid:02968525-9a66-5ded-a1c0-e6b0fdd2fd94,
urn:uuid:ae8af0e9-6d91-5fb4-85a0-2f137b0f2fc5,relation/unit/bab-4-deret-komposisi-grup/covers/surface/unit-030/protected-math-zone/003-inline,urn:uuid:e1ff4b38-6e2b-5f06-a629-779c1da98c70,covers,urn:uuid:72e73ec8-897f-5b44-911e-2ba7ef28a828,
urn:uuid:1e58612a-b94f-5c73-ba91-cfb4f212f620,relation/unit/bab-4-deret-komposisi-grup/covers/surface/unit-030/protected-math-zone/004-display-bracket,urn:uuid:e1ff4b38-6e2b-5f06-a629-779c1da98c70,covers,urn:uuid:d2387f14-7429-5898-8b16-4d6a1b3cc409,
urn:uuid:55aa23b2-84f3-5305-b3a1-25b944f929f1,relation/unit/bab-4-deret-komposisi-grup/covers/surface/unit-030/protected-math-zone/005-display-bracket,urn:uuid:e1ff4b38-6e2b-5f06-a629-779c1da98c70,covers,urn:uuid:f482bfd6-9351-5f75-847b-b9bc6e253e3f,
urn:uuid:399567d5-eb51-553e-b09a-48c8afe2815e,relation/unit/bab-4-deret-komposisi-grup/covers/surface/unit-030/protected-math-zone/006-inline,urn:uuid:e1ff4b38-6e2b-5f06-a629-779c1da98c70,covers,urn:uuid:502e007b-bea9-5cb1-8eb2-7408ea045fc8,
urn:uuid:a3369ac1-7cb4-5782-9825-97c43a5628c9,relation/unit/bab-4-deret-komposisi-grup/covers/surface/unit-030/protected-math-zone/007-inline,urn:uuid:e1ff4b38-6e2b-5f06-a629-779c1da98c70,covers,urn:uuid:762a3ada-7043-59b2-a9e0-4a1bd194c850,
urn:uuid:fa8a6d9e-5383-5816-8eef-d8d92c0361c9,relation/unit/bab-4-deret-komposisi-grup/covers/surface/unit-030/protected-math-zone/008-inline,urn:uuid:e1ff4b38-6e2b-5f06-a629-779c1da98c70,covers,urn:uuid:76368360-20d6-5b93-a7df-223d92c8ebad,
urn:uuid:b88df943-7aea-5148-aaf6-cf84b017a9b0,relation/unit/bab-4-deret-komposisi-grup/covers/surface/unit-030/protected-math-zone/009-inline,urn:uuid:e1ff4b38-6e2b-5f06-a629-779c1da98c70,covers,urn:uuid:cd509a06-9711-5957-969d-3e0491fe9684,
urn:uuid:1d07fbf5-c94f-5d3f-a842-5520dd095ad4,relation/unit/bab-4-deret-komposisi-grup/covers/surface/unit-030/protected-math-zone/010-inline,urn:uuid:e1ff4b38-6e2b-5f06-a629-779c1da98c70,covers,urn:uuid:c5b2314d-77a0-5823-8442-8a37433920d3,
urn:uuid:cc75a66d-7359-5523-a9ed-d3c9398d96dc,relation/unit/bab-4-deret-komposisi-grup/covers/surface/unit-030/protected-math-zone/011-display-environment,urn:uuid:e1ff4b38-6e2b-5f06-a629-779c1da98c70,covers,urn:uuid:08bafd41-3479-5ded-bf18-17bce49ce911,
urn:uuid:aa8229bb-b69e-5c30-823f-b9af1162f836,relation/unit/bab-4-deret-komposisi-grup/covers/surface/unit-030/protected-math-zone/012-inline,urn:uuid:e1ff4b38-6e2b-5f06-a629-779c1da98c70,covers,urn:uuid:45fd793a-d9cd-56d9-b2c9-4e7568ba1ac6,
urn:uuid:747d8000-8c37-5d62-a4e7-4938395603a9,relation/unit/bab-4-deret-komposisi-grup/covers/surface/unit-030/protected-math-zone/013-inline,urn:uuid:e1ff4b38-6e2b-5f06-a629-779c1da98c70,covers,urn:uuid:240f384a-e0d2-5d18-9bf8-c686c45584dc,
urn:uuid:c160e554-19f2-553c-963b-04f6291536b6,relation/unit/bab-4-deret-komposisi-grup/covers/surface/unit-030/protected-math-zone/014-inline,urn:uuid:e1ff4b38-6e2b-5f06-a629-779c1da98c70,covers,urn:uuid:bf56fe6d-3b76-5f9f-931f-1bbe10be923c,
urn:uuid:34728341-fc99-56a7-8b12-9dec5613e878,relation/unit/bab-4-deret-komposisi-grup/covers/surface/unit-030/protected-math-zone/015-inline,urn:uuid:e1ff4b38-6e2b-5f06-a629-779c1da98c70,covers,urn:uuid:45e58034-83ba-597e-9619-52567db6b623,
urn:uuid:adf53d98-95a9-5194-888f-21ea9192fe60,relation/unit/bab-4-deret-komposisi-grup/covers/surface/unit-030/protected-math-zone/016-inline,urn:uuid:e1ff4b38-6e2b-5f06-a629-779c1da98c70,covers,urn:uuid:dace8f01-bfd6-5b65-ac97-b4066a3a78ec,
urn:uuid:beb2b8bd-aee8-5374-94d6-735d2ee439fc,relation/unit/bab-4-deret-komposisi-grup/covers/surface/unit-030/protected-math-zone/017-inline,urn:uuid:e1ff4b38-6e2b-5f06-a629-779c1da98c70,covers,urn:uuid:da47b04a-f7d5-5c2c-9ab0-3b6f18bc5e25,
urn:uuid:90d0eb92-f1b2-5c03-89c2-a7ef4c1e6c44,relation/unit/bab-4-deret-komposisi-grup/covers/surface/unit-030/protected-math-zone/018-inline,urn:uuid:e1ff4b38-6e2b-5f06-a629-779c1da98c70,covers,urn:uuid:8647b350-25cd-5035-b617-52e860176644,
urn:uuid:0304d8cf-ec15-5e00-bea1-337b61976537,relation/unit/bab-4-deret-komposisi-grup/covers/surface/unit-030/protected-math-zone/019-display-environment,urn:uuid:e1ff4b38-6e2b-5f06-a629-779c1da98c70,covers,urn:uuid:9566e453-e928-506f-9562-da28dfe4247d,
urn:uuid:589ad472-aa95-598b-bd50-91387d350441,relation/unit/bab-4-deret-komposisi-grup/covers/surface/unit-030/protected-math-zone/020-display-bracket,urn:uuid:e1ff4b38-6e2b-5f06-a629-779c1da98c70,covers,urn:uuid:503e4e83-0d67-5532-b1aa-63d45c3572bc,
urn:uuid:4d2b0955-e673-5408-aa7d-27ae4a88c68c,relation/unit/bab-4-deret-komposisi-grup/covers/surface/unit-030/protected-math-zone/021-display-bracket,urn:uuid:e1ff4b38-6e2b-5f06-a629-779c1da98c70,covers,urn:uuid:fb7ae8be-59a3-5169-9da4-682c63fb4a9d,
urn:uuid:1dc3f58a-62d0-5bf4-9168-dd002d697ad2,relation/unit/bab-4-deret-komposisi-grup/covers/surface/unit-030/protected-math-zone/022-display-environment,urn:uuid:e1ff4b38-6e2b-5f06-a629-779c1da98c70,covers,urn:uuid:8dc418b6-e809-5e1c-b2db-f3ca59f18129,
urn:uuid:df19c958-58b8-57ed-b83d-a7ca0637d6e7,relation/unit/bab-4-deret-komposisi-grup/covers/surface/unit-030/protected-math-zone/023-display-environment,urn:uuid:e1ff4b38-6e2b-5f06-a629-779c1da98c70,covers,urn:uuid:15c456a4-a685-5f4f-aa80-717f30733d9e,
urn:uuid:6fdb7c2c-38c3-5c9d-bb5f-05971350e8f9,relation/unit/bab-4-deret-komposisi-grup/covers/surface/unit-030/protected-math-zone/024-display-environment,urn:uuid:e1ff4b38-6e2b-5f06-a629-779c1da98c70,covers,urn:uuid:c515b647-042b-5a9a-b346-26895bfaa484,
urn:uuid:4a250d44-264e-59f4-9810-a907930c3986,relation/unit/bab-4-deret-komposisi-grup/covers/surface/unit-030/protected-math-zone/025-display-environment,urn:uuid:e1ff4b38-6e2b-5f06-a629-779c1da98c70,covers,urn:uuid:7ef95a47-7960-58df-8bd7-2a8baf9cd4b6,
urn:uuid:e0dd5df8-e108-52f5-b549-7721dd3f4a0a,relation/unit/bab-4-deret-komposisi-grup/covers/surface/unit-030/protected-math-zone/026-inline,urn:uuid:e1ff4b38-6e2b-5f06-a629-779c1da98c70,covers,urn:uuid:ba7220c3-beac-56c1-ad92-dbb056878ee3,
urn:uuid:771f1118-0641-5462-abcf-37aaf56bf514,relation/unit/bab-4-deret-komposisi-grup/covers/surface/unit-030/protected-math-zone/027-display-bracket,urn:uuid:e1ff4b38-6e2b-5f06-a629-779c1da98c70,covers,urn:uuid:bf3ddbf9-d9d4-5787-8897-d63967c0754e,
urn:uuid:9de7d9d2-8ee8-5a2b-bf52-6664323907ba,relation/unit/bab-4-deret-komposisi-grup/covers/surface/unit-030/protected-math-zone/028-display-environment,urn:uuid:e1ff4b38-6e2b-5f06-a629-779c1da98c70,covers,urn:uuid:152ed1a9-76da-5669-ba79-5d649efb7ee6,
urn:uuid:1b12a9ec-55a7-51c6-9e98-1d328766ed6e,relation/unit/bab-4-deret-komposisi-grup/covers/surface/unit-030/protected-math-zone/029-inline,urn:uuid:e1ff4b38-6e2b-5f06-a629-779c1da98c70,covers,urn:uuid:e30df156-af7a-5ec6-82a4-9cb2da1bb891,
urn:uuid:b2b93bb6-dc1a-5868-accc-2d8406dcb2a0,relation/unit/bab-4-deret-komposisi-grup/covers/surface/unit-030/protected-math-zone/030-inline,urn:uuid:e1ff4b38-6e2b-5f06-a629-779c1da98c70,covers,urn:uuid:810c2e17-807d-5413-955e-01ff26217ff8,
urn:uuid:590f3233-c564-5c11-bcea-2e7f19851a15,relation/unit/bab-4-deret-komposisi-grup/covers/surface/unit-030/protected-math-zone/031-display-environment,urn:uuid:e1ff4b38-6e2b-5f06-a629-779c1da98c70,covers,urn:uuid:333053ed-e60c-5928-8006-f1b8e3d9c609,
urn:uuid:018b56b7-2764-5a4f-9ed1-77631fb2f3fe,relation/unit/bab-4-deret-komposisi-grup/covers/surface/unit-030/protected-math-zone/032-inline,urn:uuid:e1ff4b38-6e2b-5f06-a629-779c1da98c70,covers,urn:uuid:72c16f46-8290-518f-918a-e48d3fc38fa5,
urn:uuid:d368664e-e316-5cf4-9d87-df11b0913216,relation/unit/bab-4-deret-komposisi-grup/covers/surface/unit-030/protected-math-zone/033-inline,urn:uuid:e1ff4b38-6e2b-5f06-a629-779c1da98c70,covers,urn:uuid:a9d36a19-4d97-5bb2-b432-db97e59f5c06,
urn:uuid:b452e7aa-63fa-518c-ba58-a8939d8c95b0,relation/unit/bab-4-deret-komposisi-grup/covers/surface/unit-030/protected-math-zone/034-inline,urn:uuid:e1ff4b38-6e2b-5f06-a629-779c1da98c70,covers,urn:uuid:60de41e5-e82a-551d-977b-79f74f1d0d98,
urn:uuid:2de46861-a262-5b06-b754-e38972d5fd3e,relation/unit/bab-4-deret-komposisi-grup/covers/surface/unit-030/protected-math-zone/035-inline,urn:uuid:e1ff4b38-6e2b-5f06-a629-779c1da98c70,covers,urn:uuid:6ae0cf8b-c4ba-59fa-bd3e-91fc5ae257ce,
urn:uuid:bc3a54a5-26e7-5414-ae56-1885fd73dbaf,relation/unit/bab-4-deret-komposisi-grup/covers/surface/unit-030/protected-math-zone/036-inline,urn:uuid:e1ff4b38-6e2b-5f06-a629-779c1da98c70,covers,urn:uuid:de6d37d6-dc7f-50e1-9c94-468c9191698b,
urn:uuid:2cae35fe-c578-588f-bdfd-99daf967d294,relation/unit/bab-4-deret-komposisi-grup/covers/surface/unit-030/protected-math-zone/037-display-environment,urn:uuid:e1ff4b38-6e2b-5f06-a629-779c1da98c70,covers,urn:uuid:a6e2791b-0897-5c58-a3ce-0c61a037a4a5,
urn:uuid:cb9123ef-579a-5625-9e7a-6500aa2f7ae6,relation/unit/bab-4-deret-komposisi-grup/covers/surface/unit-030/protected-math-zone/038-inline,urn:uuid:e1ff4b38-6e2b-5f06-a629-779c1da98c70,covers,urn:uuid:76cd5022-e497-5501-b9f8-2aaad1834907,
urn:uuid:71cc948c-6b19-5849-b153-1181b5c6c78f,relation/unit/bab-4-deret-komposisi-grup/covers/surface/unit-030/protected-math-zone/039-inline,urn:uuid:e1ff4b38-6e2b-5f06-a629-779c1da98c70,covers,urn:uuid:6e093664-129e-5844-a0ea-284c9cbc9601,
urn:uuid:b47e2bdf-1c93-519b-94b9-6ec319e6fcc2,relation/unit/bab-4-deret-komposisi-grup/covers/surface/unit-030/protected-math-zone/040-display-environment,urn:uuid:e1ff4b38-6e2b-5f06-a629-779c1da98c70,covers,urn:uuid:64cca1d3-2e56-5e46-9b06-4d0f676c7c34,
urn:uuid:eaaa4ed0-31bc-51ab-a6ba-19134abd7d95,relation/unit/bab-4-deret-komposisi-grup/covers/surface/unit-030/protected-math-zone/041-inline,urn:uuid:e1ff4b38-6e2b-5f06-a629-779c1da98c70,covers,urn:uuid:450fa754-9238-512b-b66f-1b3402e7073b,
urn:uuid:3b8ff13a-01f5-52d8-a545-6168fcd627f2,relation/unit/bab-4-deret-komposisi-grup/covers/surface/unit-030/protected-math-zone/042-inline,urn:uuid:e1ff4b38-6e2b-5f06-a629-779c1da98c70,covers,urn:uuid:0783d9f5-6d46-536d-90bb-a457061cadb6,
urn:uuid:af1d8b93-e20f-523c-a5c4-ac864754f7bb,relation/unit/bab-4-deret-komposisi-grup/covers/surface/unit-030/protected-math-zone/043-inline,urn:uuid:e1ff4b38-6e2b-5f06-a629-779c1da98c70,covers,urn:uuid:b26d28ba-a656-5541-8e81-e81f93b2f139,
urn:uuid:c6b7d9d1-d7bd-5d62-a44f-a7440b7ca86e,relation/unit/bab-4-deret-komposisi-grup/covers/surface/unit-030/protected-math-zone/044-display-environment,urn:uuid:e1ff4b38-6e2b-5f06-a629-779c1da98c70,covers,urn:uuid:25364473-a70f-569b-8784-d0d738f055c9,
urn:uuid:1f594196-5eba-5b03-8852-be3bac5aa0a9,relation/unit/bab-4-deret-komposisi-grup/covers/surface/unit-030/protected-math-zone/045-inline,urn:uuid:e1ff4b38-6e2b-5f06-a629-779c1da98c70,covers,urn:uuid:eda4c71b-043a-5e28-a3a1-7a537aebe0db,
urn:uuid:f149a67f-c449-542f-adde-426fbdffd959,relation/unit/bab-4-deret-komposisi-grup/covers/surface/unit-030/protected-math-zone/046-inline,urn:uuid:e1ff4b38-6e2b-5f06-a629-779c1da98c70,covers,urn:uuid:f0749119-844e-5f05-805b-dd328f52003c,
urn:uuid:50cd94e6-30e2-5d36-94c4-2a2167eed906,relation/unit/bab-4-deret-komposisi-grup/covers/surface/unit-030/protected-math-zone/047-inline,urn:uuid:e1ff4b38-6e2b-5f06-a629-779c1da98c70,covers,urn:uuid:90363cac-3358-56b3-9361-2e866aca970e,
urn:uuid:b785ef64-a32f-582a-8509-9fe54219e529,relation/unit/bab-4-deret-komposisi-grup/covers/surface/unit-030/protected-math-zone/048-display-bracket,urn:uuid:e1ff4b38-6e2b-5f06-a629-779c1da98c70,covers,urn:uuid:622761b7-aa6e-5e1e-9f1a-b728409bebfd,
urn:uuid:60253224-aa64-5fca-ad77-9aa98d0cf9fa,relation/unit/bab-4-deret-komposisi-grup/covers/surface/unit-030/protected-math-zone/049-inline,urn:uuid:e1ff4b38-6e2b-5f06-a629-779c1da98c70,covers,urn:uuid:08611ab9-0b89-5930-ac77-41bc38a24021,
urn:uuid:702b448c-52a6-5610-9056-c92407a22178,relation/unit/bab-4-deret-komposisi-grup/covers/surface/unit-030/protected-math-zone/050-display-bracket,urn:uuid:e1ff4b38-6e2b-5f06-a629-779c1da98c70,covers,urn:uuid:b872e381-054c-5fb2-810c-ecb34eff77f8,
urn:uuid:c4ccfbc5-6d28-5e7a-99bb-89b6abb78332,relation/unit/bab-4-deret-komposisi-grup/covers/surface/unit-030/protected-math-zone/051-inline,urn:uuid:e1ff4b38-6e2b-5f06-a629-779c1da98c70,covers,urn:uuid:8aa7eb6d-3260-5fda-8f28-03d806d37f4d,
urn:uuid:b988af08-bd91-5dbb-bb8d-885cd6eae17b,relation/unit/bab-4-deret-komposisi-grup/covers/surface/unit-030/protected-math-zone/052-inline,urn:uuid:e1ff4b38-6e2b-5f06-a629-779c1da98c70,covers,urn:uuid:d3872845-647b-53a4-a85b-974523f4d035,
urn:uuid:2d518aa3-63ad-5afe-b489-1b433ae11d44,relation/unit/bab-4-deret-komposisi-grup/covers/surface/unit-030/protected-math-zone/053-inline,urn:uuid:e1ff4b38-6e2b-5f06-a629-779c1da98c70,covers,urn:uuid:699ba546-57a5-55a4-9835-c4227d495721,
urn:uuid:dc76dbcc-4705-5732-9f98-221633ae6295,relation/unit/bab-4-deret-komposisi-grup/covers/surface/unit-030/protected-math-zone/054-inline,urn:uuid:e1ff4b38-6e2b-5f06-a629-779c1da98c70,covers,urn:uuid:081b880d-0b50-544d-bebf-d577f8ec9ee1,
urn:uuid:ae87a735-b127-502a-b6c8-2c4b88815f6f,relation/unit/bab-4-deret-komposisi-grup/covers/surface/unit-030/protected-math-zone/055-inline,urn:uuid:e1ff4b38-6e2b-5f06-a629-779c1da98c70,covers,urn:uuid:0079d99d-ac22-58e9-965c-46cdf9d798c8,
urn:uuid:98b7dc3c-52c6-54d0-a3a0-be3fc7b01620,relation/unit/bab-4-deret-komposisi-grup/covers/surface/unit-030/protected-math-zone/056-inline,urn:uuid:e1ff4b38-6e2b-5f06-a629-779c1da98c70,covers,urn:uuid:a035f882-be86-5ae2-939c-008f68038aaa,
urn:uuid:0b9f340c-08b7-5c0b-b745-d39f648cb5bf,relation/unit/bab-4-deret-komposisi-grup/covers/surface/unit-030/protected-math-zone/057-inline,urn:uuid:e1ff4b38-6e2b-5f06-a629-779c1da98c70,covers,urn:uuid:3fe03eda-202a-53dc-907b-e773a23a6512,
urn:uuid:d9e0f539-3aa2-5707-867d-dd37657fc6c3,relation/unit/bab-4-deret-komposisi-grup/covers/surface/unit-030/protected-math-zone/058-display-bracket,urn:uuid:e1ff4b38-6e2b-5f06-a629-779c1da98c70,covers,urn:uuid:f1618553-eff2-5cf8-b75a-4964c1e1c141,
urn:uuid:7000b893-8723-5044-b3a5-81c5dffc7eeb,relation/unit/bab-4-deret-komposisi-grup/covers/surface/unit-030/protected-math-zone/059-inline,urn:uuid:e1ff4b38-6e2b-5f06-a629-779c1da98c70,covers,urn:uuid:45621510-1266-5be6-ba9b-2115cf9c25f7,
urn:uuid:27e00b7d-6b4b-5950-904a-8f0524074b1e,relation/unit/bab-4-deret-komposisi-grup/covers/surface/unit-030/protected-math-zone/060-inline,urn:uuid:e1ff4b38-6e2b-5f06-a629-779c1da98c70,covers,urn:uuid:884980f0-d2ee-5364-9d87-48449f14cbe6,
urn:uuid:46189e22-f3b2-55f3-8ebd-8bb7e2eeb68a,relation/unit/bab-4-deret-komposisi-grup/covers/surface/unit-030/protected-math-zone/061-inline,urn:uuid:e1ff4b38-6e2b-5f06-a629-779c1da98c70,covers,urn:uuid:175eb7c0-77b3-5e7b-a02d-370e763e921c,
urn:uuid:bdbb532f-b1af-5962-b571-ef35f810e506,relation/unit/bab-4-deret-komposisi-grup/covers/surface/unit-030/protected-math-zone/062-inline,urn:uuid:e1ff4b38-6e2b-5f06-a629-779c1da98c70,covers,urn:uuid:033aae52-8280-5347-a08f-9f49c3dfb76a,
urn:uuid:12c1ece4-ea09-5cea-a88a-dd39a263f136,relation/unit/bab-4-deret-komposisi-grup/covers/surface/unit-030/protected-math-zone/063-inline,urn:uuid:e1ff4b38-6e2b-5f06-a629-779c1da98c70,covers,urn:uuid:66bb02f4-d4e0-56bf-9046-22a2fe40c187,
urn:uuid:585cca8c-f92e-5ad5-a646-cb323aea43a2,relation/unit/bab-4-deret-komposisi-grup/covers/surface/unit-030/protected-math-zone/064-inline,urn:uuid:e1ff4b38-6e2b-5f06-a629-779c1da98c70,covers,urn:uuid:6617de66-4805-5d1c-9a71-fb31c8bfe565,
urn:uuid:1e4e988b-3a90-55a4-9023-4cafacbdced0,relation/unit/bab-4-deret-komposisi-grup/covers/surface/unit-030/protected-math-zone/065-inline,urn:uuid:e1ff4b38-6e2b-5f06-a629-779c1da98c70,covers,urn:uuid:e8472291-40ae-5e76-b923-b4493062afdb,
urn:uuid:49f03f4b-45c7-5aa3-89af-2645b079a74e,relation/unit/bab-4-deret-komposisi-grup/covers/surface/unit-030/protected-math-zone/066-inline,urn:uuid:e1ff4b38-6e2b-5f06-a629-779c1da98c70,covers,urn:uuid:42f6cabd-aae8-5079-9ab4-8078974370d1,
urn:uuid:336a869f-f0fe-533f-b95d-186e070624aa,relation/unit/bab-4-deret-komposisi-grup/covers/surface/unit-030/protected-math-zone/067-inline,urn:uuid:e1ff4b38-6e2b-5f06-a629-779c1da98c70,covers,urn:uuid:dba9da01-af58-58a2-bf3d-dad8d8d551f1,
urn:uuid:0ba9dadd-e81d-51ec-966c-30539a239ab0,relation/unit/bab-4-deret-komposisi-grup/covers/surface/unit-030/protected-math-zone/068-inline,urn:uuid:e1ff4b38-6e2b-5f06-a629-779c1da98c70,covers,urn:uuid:47c342f6-1005-5e6b-87b3-e099dee27184,
urn:uuid:d9fcf9ca-8e0d-5d32-acec-4d7c65929513,relation/unit/bab-4-deret-komposisi-grup/covers/surface/unit-030/protected-math-zone/069-inline,urn:uuid:e1ff4b38-6e2b-5f06-a629-779c1da98c70,covers,urn:uuid:a98022df-3a78-5033-9c60-0d33de8b83e8,
urn:uuid:d0b3a448-43a1-5d8e-9d3c-d68e4d8562a3,relation/unit/bab-4-deret-komposisi-grup/covers/surface/unit-030/protected-math-zone/070-inline,urn:uuid:e1ff4b38-6e2b-5f06-a629-779c1da98c70,covers,urn:uuid:652223c2-3e54-5a3a-a2b6-421ec07fbd5e,
urn:uuid:2d9db137-3da6-561e-b0fb-9ca5792991e9,relation/unit/bab-4-deret-komposisi-grup/covers/surface/unit-030/protected-math-zone/071-inline,urn:uuid:e1ff4b38-6e2b-5f06-a629-779c1da98c70,covers,urn:uuid:7707ebc8-0149-5204-ad31-f25f8847c041,
urn:uuid:98fd4142-2aa7-50fa-aec0-407559150e56,relation/unit/bab-4-deret-komposisi-grup/covers/surface/unit-030/protected-math-zone/072-inline,urn:uuid:e1ff4b38-6e2b-5f06-a629-779c1da98c70,covers,urn:uuid:1a60dccb-c895-5e78-97ce-5da58dd6ef68,
urn:uuid:b28a47b5-d980-5b23-88f7-35d8d771e71f,relation/unit/bab-4-deret-komposisi-grup/covers/surface/unit-030/protected-math-zone/073-inline,urn:uuid:e1ff4b38-6e2b-5f06-a629-779c1da98c70,covers,urn:uuid:fc3cce30-b1c6-51fc-8b46-48ee8c5b85a9,
urn:uuid:fba5120d-c943-5804-8b8d-9d9addc10eae,relation/unit/bab-4-deret-komposisi-grup/covers/surface/unit-030/protected-math-zone/074-display-environment,urn:uuid:e1ff4b38-6e2b-5f06-a629-779c1da98c70,covers,urn:uuid:5a7b9c08-95b5-5b6b-be59-6d43f862f406,
urn:uuid:9b4ce226-cec9-51ea-9004-9494e0e77c57,relation/unit/bab-4-deret-komposisi-grup/covers/surface/unit-030/protected-math-zone/075-inline,urn:uuid:e1ff4b38-6e2b-5f06-a629-779c1da98c70,covers,urn:uuid:647ae2fe-e229-59d1-9a62-97a3c5d3620e,
urn:uuid:3c91bdcf-40b5-5db9-b516-ee0f64a27e0c,relation/unit/bab-4-deret-komposisi-grup/covers/surface/unit-030/protected-math-zone/076-inline,urn:uuid:e1ff4b38-6e2b-5f06-a629-779c1da98c70,covers,urn:uuid:802cf759-4ab8-5d04-98fa-713cbc295c8b,
urn:uuid:8b44d78d-6d59-57cd-938e-2d994db58339,relation/unit/bab-4-deret-komposisi-grup/covers/surface/unit-030/protected-math-zone/077-inline,urn:uuid:e1ff4b38-6e2b-5f06-a629-779c1da98c70,covers,urn:uuid:d5473211-533d-5d23-a725-b89dfd5af716,
urn:uuid:d22db99c-5451-5ab2-aa66-41fc77a51e54,relation/unit/bab-4-deret-komposisi-grup/covers/surface/unit-030/protected-math-zone/078-inline,urn:uuid:e1ff4b38-6e2b-5f06-a629-779c1da98c70,covers,urn:uuid:012c3c01-4344-5100-8fe0-3241ea468e48,
urn:uuid:870336ee-5619-53b3-b128-b80ac01526f8,relation/unit/bab-4-deret-komposisi-grup/covers/surface/unit-030/protected-math-zone/079-display-bracket,urn:uuid:e1ff4b38-6e2b-5f06-a629-779c1da98c70,covers,urn:uuid:c88d81cd-910c-5e5a-bfc1-724630c73592,
urn:uuid:5784dbea-7432-5088-b398-232d56ce8287,relation/unit/bab-4-deret-komposisi-grup/covers/surface/unit-030/protected-math-zone/080-inline,urn:uuid:e1ff4b38-6e2b-5f06-a629-779c1da98c70,covers,urn:uuid:4d69ca6d-4ab5-55a4-b244-d00eff9cd81d,
urn:uuid:cfab9f83-bffa-578c-9afa-b6ad3b1cd8c6,relation/unit/bab-4-deret-komposisi-grup/covers/surface/unit-030/protected-math-zone/081-inline,urn:uuid:e1ff4b38-6e2b-5f06-a629-779c1da98c70,covers,urn:uuid:f0347a0c-1e15-53c6-a0ba-3c768e1bce6e,
urn:uuid:9bea3a20-ca28-5899-862c-905d0fc1d459,relation/unit/bab-4-deret-komposisi-grup/covers/surface/unit-030/protected-math-zone/082-inline,urn:uuid:e1ff4b38-6e2b-5f06-a629-779c1da98c70,covers,urn:uuid:da3c626f-27ea-503a-970d-ebf7b8fe03c8,
urn:uuid:71ef1a7c-9391-5501-b2c9-9ae490ac9fea,relation/unit/bab-4-deret-komposisi-grup/covers/surface/unit-030/protected-math-zone/083-inline,urn:uuid:e1ff4b38-6e2b-5f06-a629-779c1da98c70,covers,urn:uuid:2d3bccee-2fcb-5816-9b4a-3dda71ccd276,
urn:uuid:efc37300-3531-5c94-b2bf-9e277922a1ab,relation/unit/bab-4-deret-komposisi-grup/covers/surface/unit-030/protected-math-zone/084-inline,urn:uuid:e1ff4b38-6e2b-5f06-a629-779c1da98c70,covers,urn:uuid:99866578-6688-5a31-a92d-7f3f5623bfb3,
urn:uuid:f855b670-124e-51fc-826e-f1d1cf0c067e,relation/unit/bab-4-deret-komposisi-grup/covers/surface/unit-030/protected-math-zone/085-inline,urn:uuid:e1ff4b38-6e2b-5f06-a629-779c1da98c70,covers,urn:uuid:618eb59f-8f3e-5cd9-abfb-b3f95957f4d5,
urn:uuid:a2a9c106-a626-50a7-bafb-02afee7abe27,relation/unit/bab-4-deret-komposisi-grup/covers/surface/unit-030/protected-math-zone/086-inline,urn:uuid:e1ff4b38-6e2b-5f06-a629-779c1da98c70,covers,urn:uuid:94c4cd35-310c-5c95-acdd-f1849c524d22,
urn:uuid:6fe69694-86fa-5077-8084-d494a0f32846,relation/unit/bab-4-deret-komposisi-grup/covers/surface/unit-030/protected-math-zone/087-display-bracket,urn:uuid:e1ff4b38-6e2b-5f06-a629-779c1da98c70,covers,urn:uuid:8ae04a43-56bc-51b4-8032-af71a9757072,
urn:uuid:02bb8135-16b4-5f28-9d9d-33067380fe69,relation/unit/bab-4-deret-komposisi-grup/covers/surface/unit-030/protected-math-zone/088-inline,urn:uuid:e1ff4b38-6e2b-5f06-a629-779c1da98c70,covers,urn:uuid:706bc1cc-a0e8-52b9-8640-b2a2bff52748,
urn:uuid:015def6d-bee1-5560-bd4e-34b0655f9c29,relation/unit/bab-4-deret-komposisi-grup/covers/surface/unit-030/reference/equation/008,urn:uuid:e1ff4b38-6e2b-5f06-a629-779c1da98c70,covers,urn:uuid:3adcd5ba-f63a-5cf3-bb71-0707cfdfbbb1,
urn:uuid:de74c7d7-1da1-5517-8f69-7b48c7ddf3d5,relation/unit/bab-4-deret-komposisi-grup/covers/surface/unit-030/reference/ordinary/001,urn:uuid:e1ff4b38-6e2b-5f06-a629-779c1da98c70,covers,urn:uuid:7b78670a-e01b-59e8-9a52-a092d72c42d1,
urn:uuid:51aa99a8-602e-5d65-93e2-70f9f9c611d3,relation/unit/bab-4-deret-komposisi-grup/covers/surface/unit-030/reference/ordinary/002,urn:uuid:e1ff4b38-6e2b-5f06-a629-779c1da98c70,covers,urn:uuid:dab3dc93-8c97-5d84-a0f2-b17293353bbd,
urn:uuid:9d0d009e-d35e-56df-a7e4-3564fd2229ba,relation/unit/bab-4-deret-komposisi-grup/covers/surface/unit-030/reference/ordinary/003,urn:uuid:e1ff4b38-6e2b-5f06-a629-779c1da98c70,covers,urn:uuid:696c4413-c003-5157-869b-d734a63784cf,
urn:uuid:aee67bbe-ae58-5dfa-b67d-3ff6856c15c9,relation/unit/bab-4-deret-komposisi-grup/covers/surface/unit-030/reference/ordinary/004,urn:uuid:e1ff4b38-6e2b-5f06-a629-779c1da98c70,covers,urn:uuid:a72100d0-3870-5ae0-b5f1-9e39017540c3,
urn:uuid:e4327ff0-3689-5e04-886f-f2299c91651c,relation/unit/bab-4-deret-komposisi-grup/covers/surface/unit-030/reference/ordinary/005,urn:uuid:e1ff4b38-6e2b-5f06-a629-779c1da98c70,covers,urn:uuid:7455d2bd-3b79-5931-97a6-4aadcda6ef80,
urn:uuid:6008d2da-ec69-5c4f-ba59-4ad71caa07ce,relation/unit/bab-4-deret-komposisi-grup/covers/surface/unit-030/reference/ordinary/006,urn:uuid:e1ff4b38-6e2b-5f06-a629-779c1da98c70,covers,urn:uuid:5e63f371-e15a-5683-a928-72c585d2508a,
urn:uuid:38787f2d-4263-5e17-b301-247042e5ba06,relation/unit/bab-4-deret-komposisi-grup/covers/surface/unit-030/reference/ordinary/007,urn:uuid:e1ff4b38-6e2b-5f06-a629-779c1da98c70,covers,urn:uuid:4bc6a594-9adf-5a15-a63f-d5dc74602f9e,
urn:uuid:0382007b-5ba1-5651-8b1c-b183834706e0,relation/unit/bab-4-deret-komposisi-grup/covers/surface/unit-030/reference/ordinary/009,urn:uuid:e1ff4b38-6e2b-5f06-a629-779c1da98c70,covers,urn:uuid:f53eaca8-36c0-56a2-a8f8-de9077433043,
urn:uuid:820e79be-d32f-57e8-8c7c-663af172367a,relation/unit/bab-4-deret-komposisi-grup/covers/surface/unit-030/terminology-row/001,urn:uuid:e1ff4b38-6e2b-5f06-a629-779c1da98c70,covers,urn:uuid:e7e5a28e-dfd8-500a-bf25-6860095e865b,
urn:uuid:a1e5d04f-8646-5f8b-a364-928b3fbc2924,relation/unit/bab-4-deret-komposisi-grup/covers/surface/unit-030/terminology-row/002,urn:uuid:e1ff4b38-6e2b-5f06-a629-779c1da98c70,covers,urn:uuid:bf5e7627-44aa-59c7-81d6-9c0358cdd57e,
urn:uuid:413d780d-6df1-5a88-9f78-42d3fa6a03e9,relation/unit/bab-4-deret-komposisi-grup/covers/surface/unit-030/terminology-row/003,urn:uuid:e1ff4b38-6e2b-5f06-a629-779c1da98c70,covers,urn:uuid:fae8a7ff-7af4-5c25-94d8-e3dbe3acfc82,
urn:uuid:0fdfc841-2441-59f7-ac32-ee0ce1e68142,relation/unit/bab-4-deret-komposisi-grup/covers/surface/unit-030/terminology-row/004,urn:uuid:e1ff4b38-6e2b-5f06-a629-779c1da98c70,covers,urn:uuid:cdfcae15-bc07-53f8-a39d-f1ad98cbcf7f,
urn:uuid:5ae8e7fd-1ab8-5f21-9966-75e1290ba193,relation/unit/bab-4-deret-komposisi-grup/covers/surface/unit-030/terminology-row/005,urn:uuid:e1ff4b38-6e2b-5f06-a629-779c1da98c70,covers,urn:uuid:76e13312-be21-57d7-8ed7-04d321795ce9,
urn:uuid:d0297df6-49f6-517e-ad98-0069138e2ecc,relation/unit/bab-4-deret-komposisi-grup/covers/surface/unit-030/terminology-row/006,urn:uuid:e1ff4b38-6e2b-5f06-a629-779c1da98c70,covers,urn:uuid:efb31ea7-f5d2-59c5-947d-c2377b468582,
urn:uuid:96abbbb5-55b0-55d3-aa39-1aa082120941,relation/unit/bab-4-deret-komposisi-grup/covers/surface/unit-030/terminology-row/007,urn:uuid:e1ff4b38-6e2b-5f06-a629-779c1da98c70,covers,urn:uuid:f01a23d4-fb7d-57eb-9bda-632c2f8e1884,
urn:uuid:ef33485e-e37b-501e-b80b-f42a723cf0b7,relation/unit/bab-4-deret-komposisi-grup/covers/surface/unit-030/terminology-row/008,urn:uuid:e1ff4b38-6e2b-5f06-a629-779c1da98c70,covers,urn:uuid:3dfd25b2-2d9e-53e4-a41a-cbba05bf935e,
urn:uuid:33c213e0-016a-5732-bc7c-42f5061e6880,relation/unit/bab-4-deret-komposisi-grup/governed-by/rights/ajbook-fragment-cc-by-sa-3.0,urn:uuid:e1ff4b38-6e2b-5f06-a629-779c1da98c70,governed-by,urn:uuid:10faf5cd-990f-5850-87b4-26922b062485,
urn:uuid:2b547d77-da5b-50ac-bf7b-96d0a8757698,relation/unit/bab-4-deret-komposisi-grup/governed-by/rights/noto-fonts-ofl-1.1,urn:uuid:e1ff4b38-6e2b-5f06-a629-779c1da98c70,governed-by,urn:uuid:b9f7a7a7-8e18-507a-b72e-b5de733a7430,
urn:uuid:3f252439-aa67-5a94-964f-adce823966ec,relation/unit/bab-4-deret-komposisi-grup/governed-by/rights/principal-cc-by-4.0,urn:uuid:e1ff4b38-6e2b-5f06-a629-779c1da98c70,governed-by,urn:uuid:0baf6c47-021d-5310-9475-81519e710250,
urn:uuid:a016c5df-e43f-5a4b-9a35-a9ffb4cd9740,relation/unit/bab-4-deret-komposisi-grup/requires/prerequisite/basic-group-theory,urn:uuid:e1ff4b38-6e2b-5f06-a629-779c1da98c70,requires,urn:uuid:3f5dc8e0-0198-5016-b767-ded1b9ec3d13,prelude.tex:49-60
urn:uuid:57e4db98-8cee-56bf-b1ef-f7993c67e172,relation/unit/bab-4-deret-komposisi-grup/requires/prerequisite/basic-mathematical-literacy,urn:uuid:e1ff4b38-6e2b-5f06-a629-779c1da98c70,requires,urn:uuid:8fb6c957-7285-5258-978c-e1369c7e39d7,prelude.tex:49-60
urn:uuid:37757b6c-3b21-5c9d-87bd-7ba268c029dd,relation/unit/bab-4-deret-komposisi-grup/requires/prerequisite/elementary-number-theory,urn:uuid:e1ff4b38-6e2b-5f06-a629-779c1da98c70,requires,urn:uuid:cae14762-1ca0-5a11-aad9-20c81d540fee,prelude.tex:49-60
urn:uuid:d29f604b-24bb-5e68-b688-ef8f625e500d,relation/unit/bab-4-deret-komposisi-grup/requires/prerequisite/elementary-set-theory,urn:uuid:e1ff4b38-6e2b-5f06-a629-779c1da98c70,requires,urn:uuid:00f7d0ea-1b60-51da-843f-cca760a368e4,prelude.tex:49-60
urn:uuid:ffcc287c-8cf5-515d-aa46-7c5e4b1a8e81,relation/unit/bab-4-deret-komposisi-grup/requires/prerequisite/group-actions-orbits-and-stabilizers,urn:uuid:e1ff4b38-6e2b-5f06-a629-779c1da98c70,requires,urn:uuid:1f177bdc-5a38-5076-a2b3-11bea04551e2,prelude.tex:49-60
urn:uuid:dc6a125e-ab6f-5729-a8af-9d3b5871bec0,relation/unit/bab-4-deret-komposisi-grup/requires/prerequisite/group-homomorphisms-kernels-and-quotients,urn:uuid:e1ff4b38-6e2b-5f06-a629-779c1da98c70,requires,urn:uuid:ecd787ee-f056-5200-91e7-f98b3d80d458,prelude.tex:49-60
urn:uuid:8d854e70-3a50-5a70-a6c4-ee08e9b5db26,relation/unit/bab-4-deret-komposisi-grup/section/01/covers/concept/abelian-composition-series,urn:uuid:fca3605a-bfef-5847-840c-5ec5bbc9bfee,covers,urn:uuid:f4649221-9211-5b1b-bced-544a70957130,chapter4.tex:796-935 (line 935 blank boundary omitted from target mapping)
urn:uuid:12edd942-eb52-595d-9d1d-752ecf7c2271,relation/unit/bab-4-deret-komposisi-grup/section/01/covers/concept/central-series,urn:uuid:fca3605a-bfef-5847-840c-5ec5bbc9bfee,covers,urn:uuid:1ee8e238-fd5d-5cd4-b872-de507780a47e,chapter4.tex:796-935 (line 935 blank boundary omitted from target mapping)
urn:uuid:0d4156fb-2ce3-5754-8139-aef10a4fa11f,relation/unit/bab-4-deret-komposisi-grup/section/01/covers/concept/composition-factor,urn:uuid:fca3605a-bfef-5847-840c-5ec5bbc9bfee,covers,urn:uuid:7a59e98a-25ba-5b0b-9917-0a9dbdd165f7,chapter4.tex:796-935 (line 935 blank boundary omitted from target mapping)
urn:uuid:e2fe3d64-916f-5d86-ac0c-e00d036ea755,relation/unit/bab-4-deret-komposisi-grup/section/01/covers/concept/composition-series,urn:uuid:fca3605a-bfef-5847-840c-5ec5bbc9bfee,covers,urn:uuid:0736ca8d-accf-51d7-8825-21d785154e65,chapter4.tex:796-935 (line 935 blank boundary omitted from target mapping)
urn:uuid:2ac782a8-b95a-5a40-ad65-222507de5825,relation/unit/bab-4-deret-komposisi-grup/section/01/covers/concept/finite-abelian-factors,urn:uuid:fca3605a-bfef-5847-840c-5ec5bbc9bfee,covers,urn:uuid:cddf4ba3-ecb2-541f-84f7-01fa848b14f3,chapter4.tex:796-935 (line 935 blank boundary omitted from target mapping)
urn:uuid:58a0f9d7-1d33-5dd8-a5c2-bce01728784c,relation/unit/bab-4-deret-komposisi-grup/section/01/covers/concept/jordan-holder-subquotients,urn:uuid:fca3605a-bfef-5847-840c-5ec5bbc9bfee,covers,urn:uuid:ffc84500-f6b7-5603-9b9d-68a977863268,chapter4.tex:796-935 (line 935 blank boundary omitted from target mapping)
urn:uuid:01bf462e-4cd0-5933-9669-b92cb1e3ff58,relation/unit/bab-4-deret-komposisi-grup/section/01/covers/concept/jordan-holder-theorem,urn:uuid:fca3605a-bfef-5847-840c-5ec5bbc9bfee,covers,urn:uuid:ce849507-fb3e-5d8a-b45f-04b15a1b24c9,chapter4.tex:796-935 (line 935 blank boundary omitted from target mapping)
urn:uuid:06ca9e45-e8b9-5893-8c42-bfa2bf8b9ab4,relation/unit/bab-4-deret-komposisi-grup/section/01/covers/concept/multiplicity,urn:uuid:fca3605a-bfef-5847-840c-5ec5bbc9bfee,covers,urn:uuid:fbc2731a-42f4-5a3e-b6c4-84379b053958,chapter4.tex:796-935 (line 935 blank boundary omitted from target mapping)
urn:uuid:e7c48a03-cedc-51da-8b89-dbb133383997,relation/unit/bab-4-deret-komposisi-grup/section/01/covers/concept/normal-series,urn:uuid:fca3605a-bfef-5847-840c-5ec5bbc9bfee,covers,urn:uuid:19a5afd7-08e7-53fa-aa9d-162fde4b30e2,chapter4.tex:796-935 (line 935 blank boundary omitted from target mapping)
urn:uuid:7b9ce850-a7ef-50dc-bf68-548488ddd734,relation/unit/bab-4-deret-komposisi-grup/section/01/covers/concept/refinement,urn:uuid:fca3605a-bfef-5847-840c-5ec5bbc9bfee,covers,urn:uuid:d72d7f9f-859b-5ce9-8e14-1c809e92bb19,chapter4.tex:796-935 (line 935 blank boundary omitted from target mapping)
urn:uuid:8b7e0237-785b-54a8-bb42-e1edab75146b,relation/unit/bab-4-deret-komposisi-grup/section/01/covers/concept/schreier-refinement-theorem,urn:uuid:fca3605a-bfef-5847-840c-5ec5bbc9bfee,covers,urn:uuid:b7b432ff-5fba-559c-8714-ddbd8300a6f2,chapter4.tex:796-935 (line 935 blank boundary omitted from target mapping)
urn:uuid:f566599a-ae47-5115-b57f-03463f14d258,relation/unit/bab-4-deret-komposisi-grup/section/01/covers/concept/series-equivalence,urn:uuid:fca3605a-bfef-5847-840c-5ec5bbc9bfee,covers,urn:uuid:5de3a60f-e4e3-5826-9fc7-044c3d0c1565,chapter4.tex:796-935 (line 935 blank boundary omitted from target mapping)
urn:uuid:668790f9-2871-51f5-99d1-ea576e4f668d,relation/unit/bab-4-deret-komposisi-grup/section/01/covers/concept/zassenhaus-lemma,urn:uuid:fca3605a-bfef-5847-840c-5ec5bbc9bfee,covers,urn:uuid:ee8d22d4-1e8a-5f9a-9f59-765d1bf833ae,chapter4.tex:796-935 (line 935 blank boundary omitted from target mapping)
urn:uuid:2abd6ce1-be8c-59ce-b25b-971b8d967613,relation/unit/bab-4-deret-komposisi-grup/section/01/covers/correction/o013-li-u030-cor-001,urn:uuid:fca3605a-bfef-5847-840c-5ec5bbc9bfee,covers,urn:uuid:fcfca44c-b05a-58eb-9a55-1413b90145d4,chapter4.tex:796-935 (line 935 blank boundary omitted from target mapping)
urn:uuid:49c222f5-dee0-5cab-8ecb-78143290313d,relation/unit/bab-4-deret-komposisi-grup/section/01/covers/protected-text-localization/o013-li-u030-loc-001,urn:uuid:fca3605a-bfef-5847-840c-5ec5bbc9bfee,covers,urn:uuid:bad66b00-87b3-5525-87b4-1c1c08d024f0,chapter4.tex:796-935 (line 935 blank boundary omitted from target mapping)
urn:uuid:d94c365b-26c0-5d6e-a0ea-1a8b55c5f571,relation/unit/bab-4-deret-komposisi-grup/section/01/covers/protected-text-localization/o013-li-u030-loc-002,urn:uuid:fca3605a-bfef-5847-840c-5ec5bbc9bfee,covers,urn:uuid:111b3cd2-dbba-5c24-9bca-b7d1f3c9c8c1,chapter4.tex:796-935 (line 935 blank boundary omitted from target mapping)
urn:uuid:152606c7-c0fb-5829-8e24-778f6b834d99,relation/unit/bab-4-deret-komposisi-grup/section/01/covers/provenance/o013-li-u030-production,urn:uuid:fca3605a-bfef-5847-840c-5ec5bbc9bfee,covers,urn:uuid:002e10f5-51a0-5328-817d-e49b05afb43c,chapter4.tex:796-935 (line 935 blank boundary omitted from target mapping)
urn:uuid:69cc3795-72ac-53bc-80ff-4cdffdc80c18,relation/unit/bab-4-deret-komposisi-grup/section/01/covers/surface/unit-030/diagram-arrow/001,urn:uuid:fca3605a-bfef-5847-840c-5ec5bbc9bfee,covers,urn:uuid:b99e9a6a-5085-5861-9580-8e192c4e2351,chapter4.tex:796-935 (line 935 blank boundary omitted from target mapping)
urn:uuid:9fcd7324-0f93-5545-b997-8295773edcec,relation/unit/bab-4-deret-komposisi-grup/section/01/covers/surface/unit-030/diagram-arrow/002,urn:uuid:fca3605a-bfef-5847-840c-5ec5bbc9bfee,covers,urn:uuid:2fe0d7b7-ec20-50dd-89a8-8ebbfa96c8af,chapter4.tex:796-935 (line 935 blank boundary omitted from target mapping)
urn:uuid:91e0198a-f88a-5ab9-a043-413f6ed03a50,relation/unit/bab-4-deret-komposisi-grup/section/01/covers/surface/unit-030/diagram-arrow/003,urn:uuid:fca3605a-bfef-5847-840c-5ec5bbc9bfee,covers,urn:uuid:dd862fd0-3f93-5558-b7dd-90438207061a,chapter4.tex:796-935 (line 935 blank boundary omitted from target mapping)
urn:uuid:58dad3e0-a1df-5fdc-a4ac-f70b2db84530,relation/unit/bab-4-deret-komposisi-grup/section/01/covers/surface/unit-030/diagram-arrow/004,urn:uuid:fca3605a-bfef-5847-840c-5ec5bbc9bfee,covers,urn:uuid:3cd18a75-4076-5cb6-ba2f-a0da41116803,chapter4.tex:796-935 (line 935 blank boundary omitted from target mapping)
urn:uuid:eb180cf0-b791-5f5e-9074-7461413993ae,relation/unit/bab-4-deret-komposisi-grup/section/01/covers/surface/unit-030/diagram-arrow/005,urn:uuid:fca3605a-bfef-5847-840c-5ec5bbc9bfee,covers,urn:uuid:55768bcf-3d1d-5eee-9072-a2d27627b35b,chapter4.tex:796-935 (line 935 blank boundary omitted from target mapping)
urn:uuid:072a25ad-b66a-5e35-84e2-0cf99b031c12,relation/unit/bab-4-deret-komposisi-grup/section/01/covers/surface/unit-030/diagram-arrow/006,urn:uuid:fca3605a-bfef-5847-840c-5ec5bbc9bfee,covers,urn:uuid:39bc3c75-8434-58ab-b865-f5f1ab54eaa4,chapter4.tex:796-935 (line 935 blank boundary omitted from target mapping)
urn:uuid:e4777c5e-3c88-5e61-a359-3fb79b2231ae,relation/unit/bab-4-deret-komposisi-grup/section/01/covers/surface/unit-030/diagram-arrow/007,urn:uuid:fca3605a-bfef-5847-840c-5ec5bbc9bfee,covers,urn:uuid:14407304-50e4-552e-aed9-e04d38721fcf,chapter4.tex:796-935 (line 935 blank boundary omitted from target mapping)
urn:uuid:8e5fb3df-b9d7-5e10-8b27-31fccf4d21e5,relation/unit/bab-4-deret-komposisi-grup/section/01/covers/surface/unit-030/diagram-arrow/008,urn:uuid:fca3605a-bfef-5847-840c-5ec5bbc9bfee,covers,urn:uuid:8a2c76b7-87de-5206-af9d-e62e2b06f92b,chapter4.tex:796-935 (line 935 blank boundary omitted from target mapping)
urn:uuid:f83c56dd-e421-5aeb-9786-58d7f89967af,relation/unit/bab-4-deret-komposisi-grup/section/01/covers/surface/unit-030/diagram-arrow/009,urn:uuid:fca3605a-bfef-5847-840c-5ec5bbc9bfee,covers,urn:uuid:46aaee2c-2888-5968-aabf-c0f86eb14913,chapter4.tex:796-935 (line 935 blank boundary omitted from target mapping)
urn:uuid:da7adbd7-524a-5ce2-8c79-8afca560a421,relation/unit/bab-4-deret-komposisi-grup/section/01/covers/surface/unit-030/diagram-arrow/010,urn:uuid:fca3605a-bfef-5847-840c-5ec5bbc9bfee,covers,urn:uuid:d4f440b5-9fd0-5bb9-9199-68ed38a9695a,chapter4.tex:796-935 (line 935 blank boundary omitted from target mapping)
urn:uuid:4a91f45c-8cb9-5222-8f59-ae2a6f7ca9a4,relation/unit/bab-4-deret-komposisi-grup/section/01/covers/surface/unit-030/diagram-arrow/011,urn:uuid:fca3605a-bfef-5847-840c-5ec5bbc9bfee,covers,urn:uuid:38191102-de00-5bf6-a8bd-62a1e25e6471,chapter4.tex:796-935 (line 935 blank boundary omitted from target mapping)
urn:uuid:06cf66bf-e4e3-5607-b2d8-40e129306d17,relation/unit/bab-4-deret-komposisi-grup/section/01/covers/surface/unit-030/diagram-arrow/012,urn:uuid:fca3605a-bfef-5847-840c-5ec5bbc9bfee,covers,urn:uuid:44ff04f6-1151-5d77-a7d6-8ac9638f502d,chapter4.tex:796-935 (line 935 blank boundary omitted from target mapping)
urn:uuid:0951d35f-cfdb-59b0-825a-e486b993e7ec,relation/unit/bab-4-deret-komposisi-grup/section/01/covers/surface/unit-030/diagram-arrow/013,urn:uuid:fca3605a-bfef-5847-840c-5ec5bbc9bfee,covers,urn:uuid:93dedc43-e7d8-5a9b-acd0-58f28aec795e,chapter4.tex:796-935 (line 935 blank boundary omitted from target mapping)
urn:uuid:25acad70-f609-5f90-9d0f-0a8eead32c6f,relation/unit/bab-4-deret-komposisi-grup/section/01/covers/surface/unit-030/diagram-arrow/014,urn:uuid:fca3605a-bfef-5847-840c-5ec5bbc9bfee,covers,urn:uuid:86af74a5-c316-5646-b0e2-5378ed699762,chapter4.tex:796-935 (line 935 blank boundary omitted from target mapping)
urn:uuid:6bec94eb-bfb9-5a6f-aff2-0e43e8ee0878,relation/unit/bab-4-deret-komposisi-grup/section/01/covers/surface/unit-030/diagram-arrow/015,urn:uuid:fca3605a-bfef-5847-840c-5ec5bbc9bfee,covers,urn:uuid:cbedfd29-2837-5f19-bf39-848b75c0add3,chapter4.tex:796-935 (line 935 blank boundary omitted from target mapping)
urn:uuid:f8b86939-a0f8-5cc8-9c9a-c150c766080c,relation/unit/bab-4-deret-komposisi-grup/section/01/covers/surface/unit-030/diagram-arrow/016,urn:uuid:fca3605a-bfef-5847-840c-5ec5bbc9bfee,covers,urn:uuid:d8f58107-2b1d-5995-be5c-6442264340c4,chapter4.tex:796-935 (line 935 blank boundary omitted from target mapping)
urn:uuid:5a44f670-0c93-57b0-8524-899ca2773669,relation/unit/bab-4-deret-komposisi-grup/section/01/covers/surface/unit-030/diagram-arrow/017,urn:uuid:fca3605a-bfef-5847-840c-5ec5bbc9bfee,covers,urn:uuid:a5e7e590-e798-5f04-8d94-266d35bd78c7,chapter4.tex:796-935 (line 935 blank boundary omitted from target mapping)
urn:uuid:c2c6d382-174b-5c06-8f5f-1bf5c6ded54b,relation/unit/bab-4-deret-komposisi-grup/section/01/covers/surface/unit-030/diagram-arrow/018,urn:uuid:fca3605a-bfef-5847-840c-5ec5bbc9bfee,covers,urn:uuid:a4f7e81e-e2b2-53d9-a714-213e2013d65f,chapter4.tex:796-935 (line 935 blank boundary omitted from target mapping)
urn:uuid:651d634e-bea7-5c6a-a5f8-1ce952881842,relation/unit/bab-4-deret-komposisi-grup/section/01/covers/surface/unit-030/diagram-arrow/019,urn:uuid:fca3605a-bfef-5847-840c-5ec5bbc9bfee,covers,urn:uuid:967f8743-02df-5d1a-89e7-eeb49ed10015,chapter4.tex:796-935 (line 935 blank boundary omitted from target mapping)
urn:uuid:2da0cc00-3906-56d4-8eed-819b5eda8ae0,relation/unit/bab-4-deret-komposisi-grup/section/01/covers/surface/unit-030/diagram-arrow/020,urn:uuid:fca3605a-bfef-5847-840c-5ec5bbc9bfee,covers,urn:uuid:67740ee8-985d-5e40-a43c-0d724365c16e,chapter4.tex:796-935 (line 935 blank boundary omitted from target mapping)
urn:uuid:af756514-919e-5ea8-af63-bebf1dc4236e,relation/unit/bab-4-deret-komposisi-grup/section/01/covers/surface/unit-030/diagram-arrow/021,urn:uuid:fca3605a-bfef-5847-840c-5ec5bbc9bfee,covers,urn:uuid:376859ac-6997-5a56-8ef0-44887c1bfe6a,chapter4.tex:796-935 (line 935 blank boundary omitted from target mapping)
urn:uuid:19685aa5-c4e2-52e2-8e55-801fcee345c9,relation/unit/bab-4-deret-komposisi-grup/section/01/covers/surface/unit-030/diagram-arrow/022,urn:uuid:fca3605a-bfef-5847-840c-5ec5bbc9bfee,covers,urn:uuid:740eea5a-a82f-5cb4-b47e-4f9978f2162a,chapter4.tex:796-935 (line 935 blank boundary omitted from target mapping)
urn:uuid:16ba3b4a-a939-58d8-9995-d04e98833d14,relation/unit/bab-4-deret-komposisi-grup/section/01/covers/surface/unit-030/diagram-arrow/023,urn:uuid:fca3605a-bfef-5847-840c-5ec5bbc9bfee,covers,urn:uuid:5369e2ee-c8c2-5063-9384-d144a9ac0eee,chapter4.tex:796-935 (line 935 blank boundary omitted from target mapping)
urn:uuid:f55fc181-e9c8-5508-b46f-31f8b8220676,relation/unit/bab-4-deret-komposisi-grup/section/01/covers/surface/unit-030/environment/001-definition-01,urn:uuid:fca3605a-bfef-5847-840c-5ec5bbc9bfee,covers,urn:uuid:d966fe4a-1301-5691-a785-c85fdd9fa74e,chapter4.tex:796-935 (line 935 blank boundary omitted from target mapping)
urn:uuid:f7fb7e46-efac-5ba3-8f78-5578a5560d70,relation/unit/bab-4-deret-komposisi-grup/section/01/covers/surface/unit-030/environment/002-definition-02,urn:uuid:fca3605a-bfef-5847-840c-5ec5bbc9bfee,covers,urn:uuid:d56425c1-281c-5cbf-81bc-9ff58a21f59a,chapter4.tex:796-935 (line 935 blank boundary omitted from target mapping)
urn:uuid:21f8a963-67b3-5a54-b7b6-3f96b5af2401,relation/unit/bab-4-deret-komposisi-grup/section/01/covers/surface/unit-030/environment/003-gather-01,urn:uuid:fca3605a-bfef-5847-840c-5ec5bbc9bfee,covers,urn:uuid:901d64dc-d9df-57a6-8211-1b6c4de2d39d,chapter4.tex:796-935 (line 935 blank boundary omitted from target mapping)
urn:uuid:56d1e948-c7b5-540e-8f29-d8a04e2ccff0,relation/unit/bab-4-deret-komposisi-grup/section/01/covers/surface/unit-030/environment/004-definition-03,urn:uuid:fca3605a-bfef-5847-840c-5ec5bbc9bfee,covers,urn:uuid:89987aba-d004-5d35-a2a1-0a117ba70de8,chapter4.tex:796-935 (line 935 blank boundary omitted from target mapping)
urn:uuid:6bbae2c3-7910-5b28-96b6-ff25f520b314,relation/unit/bab-4-deret-komposisi-grup/section/01/covers/surface/unit-030/environment/005-lemma-01,urn:uuid:fca3605a-bfef-5847-840c-5ec5bbc9bfee,covers,urn:uuid:ad6737a2-4166-59bc-86ef-6470baa35237,chapter4.tex:796-935 (line 935 blank boundary omitted from target mapping)
urn:uuid:a02b4e6c-8716-5fad-ac69-3fd9c5d4f13b,relation/unit/bab-4-deret-komposisi-grup/section/01/covers/surface/unit-030/environment/006-gather-02,urn:uuid:fca3605a-bfef-5847-840c-5ec5bbc9bfee,covers,urn:uuid:511ad095-fcb1-568b-8c6e-d24ec88e07a2,chapter4.tex:796-935 (line 935 blank boundary omitted from target mapping)
urn:uuid:8e589c05-dc9c-5638-a392-4b36d0e70848,relation/unit/bab-4-deret-komposisi-grup/section/01/covers/surface/unit-030/environment/007-proof-01,urn:uuid:fca3605a-bfef-5847-840c-5ec5bbc9bfee,covers,urn:uuid:17543ecf-3b11-52e7-9b87-3436085578eb,chapter4.tex:796-935 (line 935 blank boundary omitted from target mapping)
urn:uuid:6be1b2f6-5a88-556d-a458-af262147e1f9,relation/unit/bab-4-deret-komposisi-grup/section/01/covers/surface/unit-030/environment/008-tikzcd-01,urn:uuid:fca3605a-bfef-5847-840c-5ec5bbc9bfee,covers,urn:uuid:721b2842-e318-53a4-a3fb-20b013a61b7d,chapter4.tex:796-935 (line 935 blank boundary omitted from target mapping)
urn:uuid:69f75952-992b-5038-bce5-67387195a96b,relation/unit/bab-4-deret-komposisi-grup/section/01/covers/surface/unit-030/environment/009-tikzcd-02,urn:uuid:fca3605a-bfef-5847-840c-5ec5bbc9bfee,covers,urn:uuid:1b5dc6b1-7297-5fb6-be59-86bfe04399a2,chapter4.tex:796-935 (line 935 blank boundary omitted from target mapping)
urn:uuid:0eb9d0df-5e0d-54f8-b9df-aa5eb4c2e993,relation/unit/bab-4-deret-komposisi-grup/section/01/covers/surface/unit-030/environment/010-tikzcd-03,urn:uuid:fca3605a-bfef-5847-840c-5ec5bbc9bfee,covers,urn:uuid:0489d584-dc5f-5786-8bc8-a8a88068b15a,chapter4.tex:796-935 (line 935 blank boundary omitted from target mapping)
urn:uuid:011abf91-de60-59e2-a83d-7af9956c22cf,relation/unit/bab-4-deret-komposisi-grup/section/01/covers/surface/unit-030/environment/011-tikzcd-04,urn:uuid:fca3605a-bfef-5847-840c-5ec5bbc9bfee,covers,urn:uuid:7a90c720-48e3-5d34-aa1a-fac42990c187,chapter4.tex:796-935 (line 935 blank boundary omitted from target mapping)
urn:uuid:cd425cb7-0bb4-5d44-99ac-87f99cfd3ed5,relation/unit/bab-4-deret-komposisi-grup/section/01/covers/surface/unit-030/environment/012-tikzcd-05,urn:uuid:fca3605a-bfef-5847-840c-5ec5bbc9bfee,covers,urn:uuid:f8ad307e-2403-5c6c-a650-d776f7fda0ba,chapter4.tex:796-935 (line 935 blank boundary omitted from target mapping)
urn:uuid:2286fa34-360a-5a78-9c0f-953ad16a963c,relation/unit/bab-4-deret-komposisi-grup/section/01/covers/surface/unit-030/environment/013-align-01,urn:uuid:fca3605a-bfef-5847-840c-5ec5bbc9bfee,covers,urn:uuid:8926c7f6-6fa1-5868-8f6d-76c879117a0b,chapter4.tex:796-935 (line 935 blank boundary omitted from target mapping)
urn:uuid:4dfb8ae6-0eb8-509a-9231-9c199ada2598,relation/unit/bab-4-deret-komposisi-grup/section/01/covers/surface/unit-030/environment/014-equation-01,urn:uuid:fca3605a-bfef-5847-840c-5ec5bbc9bfee,covers,urn:uuid:ef49131b-8877-52d7-8544-6f0904aacb5a,chapter4.tex:796-935 (line 935 blank boundary omitted from target mapping)
urn:uuid:d61c2cdc-c454-5597-9958-91ae6a0a1d5e,relation/unit/bab-4-deret-komposisi-grup/section/01/covers/surface/unit-030/environment/015-tikzcd-06,urn:uuid:fca3605a-bfef-5847-840c-5ec5bbc9bfee,covers,urn:uuid:d3187bcc-e6c3-594c-a8c9-67238b99fe82,chapter4.tex:796-935 (line 935 blank boundary omitted from target mapping)
urn:uuid:eda7df2b-c004-584a-a0b2-a0152055eae8,relation/unit/bab-4-deret-komposisi-grup/section/01/covers/surface/unit-030/environment/016-definition-04,urn:uuid:fca3605a-bfef-5847-840c-5ec5bbc9bfee,covers,urn:uuid:52b128eb-4b60-586e-ad2f-af5f5de4f984,chapter4.tex:796-935 (line 935 blank boundary omitted from target mapping)
urn:uuid:a9cc4274-4c10-5637-897f-f93e99150e53,relation/unit/bab-4-deret-komposisi-grup/section/01/covers/surface/unit-030/environment/017-theorem-01,urn:uuid:fca3605a-bfef-5847-840c-5ec5bbc9bfee,covers,urn:uuid:57e688cb-2892-596d-89e5-1ef03aa84e5f,chapter4.tex:796-935 (line 935 blank boundary omitted from target mapping)
urn:uuid:6d58be5e-d203-5df2-a504-fc83687be333,relation/unit/bab-4-deret-komposisi-grup/section/01/covers/surface/unit-030/environment/018-align-02,urn:uuid:fca3605a-bfef-5847-840c-5ec5bbc9bfee,covers,urn:uuid:2580fa79-ba3f-5217-a594-f0b2b619aa71,chapter4.tex:796-935 (line 935 blank boundary omitted from target mapping)
urn:uuid:d1c12b82-3d99-5567-9ea9-6abfeb2fd978,relation/unit/bab-4-deret-komposisi-grup/section/01/covers/surface/unit-030/environment/019-proof-02,urn:uuid:fca3605a-bfef-5847-840c-5ec5bbc9bfee,covers,urn:uuid:c63d43d9-2960-50b0-9606-1ef21349d67e,chapter4.tex:796-935 (line 935 blank boundary omitted from target mapping)
urn:uuid:31cc7107-a0c2-5924-8b07-379bf755c00f,relation/unit/bab-4-deret-komposisi-grup/section/01/covers/surface/unit-030/environment/020-align-03,urn:uuid:fca3605a-bfef-5847-840c-5ec5bbc9bfee,covers,urn:uuid:ae9c679e-12f2-5639-aa4d-085f96cb67c2,chapter4.tex:796-935 (line 935 blank boundary omitted from target mapping)
urn:uuid:bf27fe62-e3e4-5b82-a241-52e02a815838,relation/unit/bab-4-deret-komposisi-grup/section/01/covers/surface/unit-030/environment/021-theorem-02,urn:uuid:fca3605a-bfef-5847-840c-5ec5bbc9bfee,covers,urn:uuid:3c5eb77a-bce8-5a3e-86d8-1804fa7175f9,chapter4.tex:796-935 (line 935 blank boundary omitted from target mapping)
urn:uuid:9fa44e73-a333-5e2b-a31a-ba037505c87f,relation/unit/bab-4-deret-komposisi-grup/section/01/covers/surface/unit-030/environment/022-proof-03,urn:uuid:fca3605a-bfef-5847-840c-5ec5bbc9bfee,covers,urn:uuid:bdae419d-8d42-5f59-aa10-8f6c5e242870,chapter4.tex:796-935 (line 935 blank boundary omitted from target mapping)
urn:uuid:3e1a2938-ea6d-511a-a356-7015262720d0,relation/unit/bab-4-deret-komposisi-grup/section/01/covers/surface/unit-030/environment/023-definition-05,urn:uuid:fca3605a-bfef-5847-840c-5ec5bbc9bfee,covers,urn:uuid:0297c81b-55f4-5c80-8b97-39a4e6072d6f,chapter4.tex:796-935 (line 935 blank boundary omitted from target mapping)
urn:uuid:e4a481db-667e-56b9-94d0-ce2dd4df6453,relation/unit/bab-4-deret-komposisi-grup/section/01/covers/surface/unit-030/environment/024-gather-01,urn:uuid:fca3605a-bfef-5847-840c-5ec5bbc9bfee,covers,urn:uuid:30e84982-fdd6-56f8-b1b6-3e6299d011af,chapter4.tex:796-935 (line 935 blank boundary omitted from target mapping)
urn:uuid:90ff60d2-1cbf-54bf-a67e-6fa5265e2809,relation/unit/bab-4-deret-komposisi-grup/section/01/covers/surface/unit-030/environment/025-proposition-01,urn:uuid:fca3605a-bfef-5847-840c-5ec5bbc9bfee,covers,urn:uuid:f94a7e6d-813a-59d1-adfe-f5ba2398b2b0,chapter4.tex:796-935 (line 935 blank boundary omitted from target mapping)
urn:uuid:b2f58cb8-1363-5bcc-a1ae-c4e7e99eb351,relation/unit/bab-4-deret-komposisi-grup/section/01/covers/surface/unit-030/environment/026-proof-04,urn:uuid:fca3605a-bfef-5847-840c-5ec5bbc9bfee,covers,urn:uuid:69027ec8-1df1-5810-866e-810b9a686096,chapter4.tex:796-935 (line 935 blank boundary omitted from target mapping)
urn:uuid:6d5b88f8-e810-5d25-868c-10595e8f11bc,relation/unit/bab-4-deret-komposisi-grup/section/01/covers/surface/unit-030/label/001,urn:uuid:fca3605a-bfef-5847-840c-5ec5bbc9bfee,covers,urn:uuid:01abd279-926c-5f3a-8201-b87e448fdbfd,chapter4.tex:796-935 (line 935 blank boundary omitted from target mapping)
urn:uuid:a079f44b-2595-59b3-a09a-4bf8d3428006,relation/unit/bab-4-deret-komposisi-grup/section/01/covers/surface/unit-030/label/002,urn:uuid:fca3605a-bfef-5847-840c-5ec5bbc9bfee,covers,urn:uuid:c70af6c6-1a5f-5800-a228-ac4ac08bbfd1,chapter4.tex:796-935 (line 935 blank boundary omitted from target mapping)
urn:uuid:d415464b-a7f7-58eb-90d2-b383d30645a7,relation/unit/bab-4-deret-komposisi-grup/section/01/covers/surface/unit-030/label/003,urn:uuid:fca3605a-bfef-5847-840c-5ec5bbc9bfee,covers,urn:uuid:5c8c1d11-2be1-5bac-81d2-81212ba8a97b,chapter4.tex:796-935 (line 935 blank boundary omitted from target mapping)
urn:uuid:88c527a9-e946-573a-9276-c291b7cef934,relation/unit/bab-4-deret-komposisi-grup/section/01/covers/surface/unit-030/label/004,urn:uuid:fca3605a-bfef-5847-840c-5ec5bbc9bfee,covers,urn:uuid:fb7dc69e-bd6b-596a-9e93-9afd58858d4b,chapter4.tex:796-935 (line 935 blank boundary omitted from target mapping)
urn:uuid:bdf7af03-d00f-57d3-a509-d79b57b68565,relation/unit/bab-4-deret-komposisi-grup/section/01/covers/surface/unit-030/label/005,urn:uuid:fca3605a-bfef-5847-840c-5ec5bbc9bfee,covers,urn:uuid:3abcec4d-e3fe-5ac5-8bd3-f68e297723c3,chapter4.tex:796-935 (line 935 blank boundary omitted from target mapping)
urn:uuid:fe6fa70d-b757-5cfe-b010-a259649fbcb2,relation/unit/bab-4-deret-komposisi-grup/section/01/covers/surface/unit-030/label/006,urn:uuid:fca3605a-bfef-5847-840c-5ec5bbc9bfee,covers,urn:uuid:74f03a9d-b505-55ae-a5cc-63361152d057,chapter4.tex:796-935 (line 935 blank boundary omitted from target mapping)
urn:uuid:2961d483-9bda-5648-9cc1-04cf707fe66d,relation/unit/bab-4-deret-komposisi-grup/section/01/covers/surface/unit-030/label/007,urn:uuid:fca3605a-bfef-5847-840c-5ec5bbc9bfee,covers,urn:uuid:4c1a8159-29a1-5649-968e-a362eb475160,chapter4.tex:796-935 (line 935 blank boundary omitted from target mapping)
urn:uuid:dd8e4dba-c261-564d-82ae-c662e494e539,relation/unit/bab-4-deret-komposisi-grup/section/01/covers/surface/unit-030/label/008,urn:uuid:fca3605a-bfef-5847-840c-5ec5bbc9bfee,covers,urn:uuid:b4d6ffda-975f-5c17-9403-baeecfa679be,chapter4.tex:796-935 (line 935 blank boundary omitted from target mapping)
urn:uuid:7acf4508-9d28-5a24-847c-5c8b096b9e85,relation/unit/bab-4-deret-komposisi-grup/section/01/covers/surface/unit-030/label/009,urn:uuid:fca3605a-bfef-5847-840c-5ec5bbc9bfee,covers,urn:uuid:cbac510e-c2d7-53d4-a9e5-2a03e89b7d02,chapter4.tex:796-935 (line 935 blank boundary omitted from target mapping)
urn:uuid:56f11424-a837-5456-920f-c5b60b2371d8,relation/unit/bab-4-deret-komposisi-grup/section/01/covers/surface/unit-030/label/010,urn:uuid:fca3605a-bfef-5847-840c-5ec5bbc9bfee,covers,urn:uuid:ad825fc7-b99f-5c87-9f6f-16a469c975ed,chapter4.tex:796-935 (line 935 blank boundary omitted from target mapping)
urn:uuid:7b767d24-45e9-5af3-af67-ed73c97ff9d3,relation/unit/bab-4-deret-komposisi-grup/section/01/covers/surface/unit-030/protected-math-zone/001-inline,urn:uuid:fca3605a-bfef-5847-840c-5ec5bbc9bfee,covers,urn:uuid:7550a792-4b16-546d-8fc4-2a40a1e6f8be,chapter4.tex:796-935 (line 935 blank boundary omitted from target mapping)
urn:uuid:b4d1d4e0-c74e-5995-8f09-8a25ee15457f,relation/unit/bab-4-deret-komposisi-grup/section/01/covers/surface/unit-030/protected-math-zone/002-display-bracket,urn:uuid:fca3605a-bfef-5847-840c-5ec5bbc9bfee,covers,urn:uuid:02968525-9a66-5ded-a1c0-e6b0fdd2fd94,chapter4.tex:796-935 (line 935 blank boundary omitted from target mapping)
urn:uuid:fa841a70-c39d-5c18-b2eb-368d0f869131,relation/unit/bab-4-deret-komposisi-grup/section/01/covers/surface/unit-030/protected-math-zone/003-inline,urn:uuid:fca3605a-bfef-5847-840c-5ec5bbc9bfee,covers,urn:uuid:72e73ec8-897f-5b44-911e-2ba7ef28a828,chapter4.tex:796-935 (line 935 blank boundary omitted from target mapping)
urn:uuid:95e121dc-fc4f-51a8-9576-7a0c52c77cb7,relation/unit/bab-4-deret-komposisi-grup/section/01/covers/surface/unit-030/protected-math-zone/004-display-bracket,urn:uuid:fca3605a-bfef-5847-840c-5ec5bbc9bfee,covers,urn:uuid:d2387f14-7429-5898-8b16-4d6a1b3cc409,chapter4.tex:796-935 (line 935 blank boundary omitted from target mapping)
urn:uuid:88b51f03-3f7f-5ba5-9052-58adeb3337ad,relation/unit/bab-4-deret-komposisi-grup/section/01/covers/surface/unit-030/protected-math-zone/005-display-bracket,urn:uuid:fca3605a-bfef-5847-840c-5ec5bbc9bfee,covers,urn:uuid:f482bfd6-9351-5f75-847b-b9bc6e253e3f,chapter4.tex:796-935 (line 935 blank boundary omitted from target mapping)
urn:uuid:91b429c5-541c-52c2-b4dc-be23cceec0f9,relation/unit/bab-4-deret-komposisi-grup/section/01/covers/surface/unit-030/protected-math-zone/006-inline,urn:uuid:fca3605a-bfef-5847-840c-5ec5bbc9bfee,covers,urn:uuid:502e007b-bea9-5cb1-8eb2-7408ea045fc8,chapter4.tex:796-935 (line 935 blank boundary omitted from target mapping)
urn:uuid:71007ea7-0e85-540d-8143-6121eaaea70d,relation/unit/bab-4-deret-komposisi-grup/section/01/covers/surface/unit-030/protected-math-zone/007-inline,urn:uuid:fca3605a-bfef-5847-840c-5ec5bbc9bfee,covers,urn:uuid:762a3ada-7043-59b2-a9e0-4a1bd194c850,chapter4.tex:796-935 (line 935 blank boundary omitted from target mapping)
urn:uuid:645229ba-a88c-5a32-9e75-08282c3a2005,relation/unit/bab-4-deret-komposisi-grup/section/01/covers/surface/unit-030/protected-math-zone/008-inline,urn:uuid:fca3605a-bfef-5847-840c-5ec5bbc9bfee,covers,urn:uuid:76368360-20d6-5b93-a7df-223d92c8ebad,chapter4.tex:796-935 (line 935 blank boundary omitted from target mapping)
urn:uuid:3c9d1de0-906e-56ea-abdc-ea271c059fd8,relation/unit/bab-4-deret-komposisi-grup/section/01/covers/surface/unit-030/protected-math-zone/009-inline,urn:uuid:fca3605a-bfef-5847-840c-5ec5bbc9bfee,covers,urn:uuid:cd509a06-9711-5957-969d-3e0491fe9684,chapter4.tex:796-935 (line 935 blank boundary omitted from target mapping)
urn:uuid:73ee30c5-052e-57c5-95c8-0ae1fa3708c1,relation/unit/bab-4-deret-komposisi-grup/section/01/covers/surface/unit-030/protected-math-zone/010-inline,urn:uuid:fca3605a-bfef-5847-840c-5ec5bbc9bfee,covers,urn:uuid:c5b2314d-77a0-5823-8442-8a37433920d3,chapter4.tex:796-935 (line 935 blank boundary omitted from target mapping)
urn:uuid:7875f536-0fe8-5d60-acfa-cb772b50b10c,relation/unit/bab-4-deret-komposisi-grup/section/01/covers/surface/unit-030/protected-math-zone/011-display-environment,urn:uuid:fca3605a-bfef-5847-840c-5ec5bbc9bfee,covers,urn:uuid:08bafd41-3479-5ded-bf18-17bce49ce911,chapter4.tex:796-935 (line 935 blank boundary omitted from target mapping)
urn:uuid:c7c564e1-a8b3-5523-a61b-b03bf98b5b32,relation/unit/bab-4-deret-komposisi-grup/section/01/covers/surface/unit-030/protected-math-zone/012-inline,urn:uuid:fca3605a-bfef-5847-840c-5ec5bbc9bfee,covers,urn:uuid:45fd793a-d9cd-56d9-b2c9-4e7568ba1ac6,chapter4.tex:796-935 (line 935 blank boundary omitted from target mapping)
urn:uuid:2870a854-0d75-57e3-9550-c3e2e77c08b4,relation/unit/bab-4-deret-komposisi-grup/section/01/covers/surface/unit-030/protected-math-zone/013-inline,urn:uuid:fca3605a-bfef-5847-840c-5ec5bbc9bfee,covers,urn:uuid:240f384a-e0d2-5d18-9bf8-c686c45584dc,chapter4.tex:796-935 (line 935 blank boundary omitted from target mapping)
urn:uuid:90d8e024-8aae-54f9-a4c9-994745d71933,relation/unit/bab-4-deret-komposisi-grup/section/01/covers/surface/unit-030/protected-math-zone/014-inline,urn:uuid:fca3605a-bfef-5847-840c-5ec5bbc9bfee,covers,urn:uuid:bf56fe6d-3b76-5f9f-931f-1bbe10be923c,chapter4.tex:796-935 (line 935 blank boundary omitted from target mapping)
urn:uuid:0246ecb1-ed79-5291-981d-9b6fe51f6cf2,relation/unit/bab-4-deret-komposisi-grup/section/01/covers/surface/unit-030/protected-math-zone/015-inline,urn:uuid:fca3605a-bfef-5847-840c-5ec5bbc9bfee,covers,urn:uuid:45e58034-83ba-597e-9619-52567db6b623,chapter4.tex:796-935 (line 935 blank boundary omitted from target mapping)
urn:uuid:d0b11fca-91b3-52e8-873f-1fe9d0210dee,relation/unit/bab-4-deret-komposisi-grup/section/01/covers/surface/unit-030/protected-math-zone/016-inline,urn:uuid:fca3605a-bfef-5847-840c-5ec5bbc9bfee,covers,urn:uuid:dace8f01-bfd6-5b65-ac97-b4066a3a78ec,chapter4.tex:796-935 (line 935 blank boundary omitted from target mapping)
urn:uuid:f1f8e3c3-ab2b-5516-a759-f48fd8fb6879,relation/unit/bab-4-deret-komposisi-grup/section/01/covers/surface/unit-030/protected-math-zone/017-inline,urn:uuid:fca3605a-bfef-5847-840c-5ec5bbc9bfee,covers,urn:uuid:da47b04a-f7d5-5c2c-9ab0-3b6f18bc5e25,chapter4.tex:796-935 (line 935 blank boundary omitted from target mapping)
urn:uuid:2d3b22bd-9579-5f6f-9d9e-33c671b3d511,relation/unit/bab-4-deret-komposisi-grup/section/01/covers/surface/unit-030/protected-math-zone/018-inline,urn:uuid:fca3605a-bfef-5847-840c-5ec5bbc9bfee,covers,urn:uuid:8647b350-25cd-5035-b617-52e860176644,chapter4.tex:796-935 (line 935 blank boundary omitted from target mapping)
urn:uuid:eb02ff72-f948-5a5f-a2c9-67c5468433d5,relation/unit/bab-4-deret-komposisi-grup/section/01/covers/surface/unit-030/protected-math-zone/019-display-environment,urn:uuid:fca3605a-bfef-5847-840c-5ec5bbc9bfee,covers,urn:uuid:9566e453-e928-506f-9562-da28dfe4247d,chapter4.tex:796-935 (line 935 blank boundary omitted from target mapping)
urn:uuid:bff9ec89-e713-5dec-939b-64d065900d2c,relation/unit/bab-4-deret-komposisi-grup/section/01/covers/surface/unit-030/protected-math-zone/020-display-bracket,urn:uuid:fca3605a-bfef-5847-840c-5ec5bbc9bfee,covers,urn:uuid:503e4e83-0d67-5532-b1aa-63d45c3572bc,chapter4.tex:796-935 (line 935 blank boundary omitted from target mapping)
urn:uuid:be33dde9-f982-5f98-95c2-672abc982403,relation/unit/bab-4-deret-komposisi-grup/section/01/covers/surface/unit-030/protected-math-zone/021-display-bracket,urn:uuid:fca3605a-bfef-5847-840c-5ec5bbc9bfee,covers,urn:uuid:fb7ae8be-59a3-5169-9da4-682c63fb4a9d,chapter4.tex:796-935 (line 935 blank boundary omitted from target mapping)
urn:uuid:1a80151f-c1ec-593b-a024-d3f5593dc25e,relation/unit/bab-4-deret-komposisi-grup/section/01/covers/surface/unit-030/protected-math-zone/022-display-environment,urn:uuid:fca3605a-bfef-5847-840c-5ec5bbc9bfee,covers,urn:uuid:8dc418b6-e809-5e1c-b2db-f3ca59f18129,chapter4.tex:796-935 (line 935 blank boundary omitted from target mapping)
urn:uuid:0a1d449f-b122-5c27-9a72-5ebeed4535b4,relation/unit/bab-4-deret-komposisi-grup/section/01/covers/surface/unit-030/protected-math-zone/023-display-environment,urn:uuid:fca3605a-bfef-5847-840c-5ec5bbc9bfee,covers,urn:uuid:15c456a4-a685-5f4f-aa80-717f30733d9e,chapter4.tex:796-935 (line 935 blank boundary omitted from target mapping)
urn:uuid:a2101d74-0c87-528c-b0b7-7c6652bf2679,relation/unit/bab-4-deret-komposisi-grup/section/01/covers/surface/unit-030/protected-math-zone/024-display-environment,urn:uuid:fca3605a-bfef-5847-840c-5ec5bbc9bfee,covers,urn:uuid:c515b647-042b-5a9a-b346-26895bfaa484,chapter4.tex:796-935 (line 935 blank boundary omitted from target mapping)
urn:uuid:dcecacc0-3ff6-564f-9a11-cf6d05d167cd,relation/unit/bab-4-deret-komposisi-grup/section/01/covers/surface/unit-030/protected-math-zone/025-display-environment,urn:uuid:fca3605a-bfef-5847-840c-5ec5bbc9bfee,covers,urn:uuid:7ef95a47-7960-58df-8bd7-2a8baf9cd4b6,chapter4.tex:796-935 (line 935 blank boundary omitted from target mapping)
urn:uuid:7891b908-6e22-5682-8a31-6c045825dfec,relation/unit/bab-4-deret-komposisi-grup/section/01/covers/surface/unit-030/protected-math-zone/026-inline,urn:uuid:fca3605a-bfef-5847-840c-5ec5bbc9bfee,covers,urn:uuid:ba7220c3-beac-56c1-ad92-dbb056878ee3,chapter4.tex:796-935 (line 935 blank boundary omitted from target mapping)
urn:uuid:d7f6fb1d-1f21-57c3-97fe-5fa5457a2e97,relation/unit/bab-4-deret-komposisi-grup/section/01/covers/surface/unit-030/protected-math-zone/027-display-bracket,urn:uuid:fca3605a-bfef-5847-840c-5ec5bbc9bfee,covers,urn:uuid:bf3ddbf9-d9d4-5787-8897-d63967c0754e,chapter4.tex:796-935 (line 935 blank boundary omitted from target mapping)
urn:uuid:f7f25b6f-93ee-5232-a7d3-1b0a6b0113f7,relation/unit/bab-4-deret-komposisi-grup/section/01/covers/surface/unit-030/protected-math-zone/028-display-environment,urn:uuid:fca3605a-bfef-5847-840c-5ec5bbc9bfee,covers,urn:uuid:152ed1a9-76da-5669-ba79-5d649efb7ee6,chapter4.tex:796-935 (line 935 blank boundary omitted from target mapping)
urn:uuid:1a611dd0-9e30-57e1-b3b5-01a3ff956b5e,relation/unit/bab-4-deret-komposisi-grup/section/01/covers/surface/unit-030/protected-math-zone/029-inline,urn:uuid:fca3605a-bfef-5847-840c-5ec5bbc9bfee,covers,urn:uuid:e30df156-af7a-5ec6-82a4-9cb2da1bb891,chapter4.tex:796-935 (line 935 blank boundary omitted from target mapping)
urn:uuid:1cc2ad0b-71d4-58a0-a28a-042366f00f23,relation/unit/bab-4-deret-komposisi-grup/section/01/covers/surface/unit-030/protected-math-zone/030-inline,urn:uuid:fca3605a-bfef-5847-840c-5ec5bbc9bfee,covers,urn:uuid:810c2e17-807d-5413-955e-01ff26217ff8,chapter4.tex:796-935 (line 935 blank boundary omitted from target mapping)
urn:uuid:16e783f4-92d8-5f54-b4b9-ab7a4a5e5bf4,relation/unit/bab-4-deret-komposisi-grup/section/01/covers/surface/unit-030/protected-math-zone/031-display-environment,urn:uuid:fca3605a-bfef-5847-840c-5ec5bbc9bfee,covers,urn:uuid:333053ed-e60c-5928-8006-f1b8e3d9c609,chapter4.tex:796-935 (line 935 blank boundary omitted from target mapping)
urn:uuid:c2e82ca6-aa90-5526-8efa-51373c15bb67,relation/unit/bab-4-deret-komposisi-grup/section/01/covers/surface/unit-030/protected-math-zone/032-inline,urn:uuid:fca3605a-bfef-5847-840c-5ec5bbc9bfee,covers,urn:uuid:72c16f46-8290-518f-918a-e48d3fc38fa5,chapter4.tex:796-935 (line 935 blank boundary omitted from target mapping)
urn:uuid:5634ad7b-0c43-559a-ab21-6d00936a1821,relation/unit/bab-4-deret-komposisi-grup/section/01/covers/surface/unit-030/protected-math-zone/033-inline,urn:uuid:fca3605a-bfef-5847-840c-5ec5bbc9bfee,covers,urn:uuid:a9d36a19-4d97-5bb2-b432-db97e59f5c06,chapter4.tex:796-935 (line 935 blank boundary omitted from target mapping)
urn:uuid:fb2ea1e0-5cba-5b4f-a54f-e73b1761b19a,relation/unit/bab-4-deret-komposisi-grup/section/01/covers/surface/unit-030/protected-math-zone/034-inline,urn:uuid:fca3605a-bfef-5847-840c-5ec5bbc9bfee,covers,urn:uuid:60de41e5-e82a-551d-977b-79f74f1d0d98,chapter4.tex:796-935 (line 935 blank boundary omitted from target mapping)
urn:uuid:ad9e35a2-c73c-5abe-929b-e5b6f1c290ea,relation/unit/bab-4-deret-komposisi-grup/section/01/covers/surface/unit-030/protected-math-zone/035-inline,urn:uuid:fca3605a-bfef-5847-840c-5ec5bbc9bfee,covers,urn:uuid:6ae0cf8b-c4ba-59fa-bd3e-91fc5ae257ce,chapter4.tex:796-935 (line 935 blank boundary omitted from target mapping)
urn:uuid:dee2dcd1-30ca-5b2d-bb61-960c7da93b90,relation/unit/bab-4-deret-komposisi-grup/section/01/covers/surface/unit-030/protected-math-zone/036-inline,urn:uuid:fca3605a-bfef-5847-840c-5ec5bbc9bfee,covers,urn:uuid:de6d37d6-dc7f-50e1-9c94-468c9191698b,chapter4.tex:796-935 (line 935 blank boundary omitted from target mapping)
urn:uuid:6a107cab-cf3b-5b33-a565-0a4cf9439162,relation/unit/bab-4-deret-komposisi-grup/section/01/covers/surface/unit-030/protected-math-zone/037-display-environment,urn:uuid:fca3605a-bfef-5847-840c-5ec5bbc9bfee,covers,urn:uuid:a6e2791b-0897-5c58-a3ce-0c61a037a4a5,chapter4.tex:796-935 (line 935 blank boundary omitted from target mapping)
urn:uuid:c142c6a4-d0af-557a-8bcb-f58f3b71e3ca,relation/unit/bab-4-deret-komposisi-grup/section/01/covers/surface/unit-030/protected-math-zone/038-inline,urn:uuid:fca3605a-bfef-5847-840c-5ec5bbc9bfee,covers,urn:uuid:76cd5022-e497-5501-b9f8-2aaad1834907,chapter4.tex:796-935 (line 935 blank boundary omitted from target mapping)
urn:uuid:91940cc9-764f-5695-9d07-4da1a0f97d76,relation/unit/bab-4-deret-komposisi-grup/section/01/covers/surface/unit-030/protected-math-zone/039-inline,urn:uuid:fca3605a-bfef-5847-840c-5ec5bbc9bfee,covers,urn:uuid:6e093664-129e-5844-a0ea-284c9cbc9601,chapter4.tex:796-935 (line 935 blank boundary omitted from target mapping)
urn:uuid:08d20c88-2891-516b-895d-fe69bc4820c3,relation/unit/bab-4-deret-komposisi-grup/section/01/covers/surface/unit-030/protected-math-zone/040-display-environment,urn:uuid:fca3605a-bfef-5847-840c-5ec5bbc9bfee,covers,urn:uuid:64cca1d3-2e56-5e46-9b06-4d0f676c7c34,chapter4.tex:796-935 (line 935 blank boundary omitted from target mapping)
urn:uuid:fe6cd4f1-cbe6-5426-8913-67d02c4726df,relation/unit/bab-4-deret-komposisi-grup/section/01/covers/surface/unit-030/protected-math-zone/041-inline,urn:uuid:fca3605a-bfef-5847-840c-5ec5bbc9bfee,covers,urn:uuid:450fa754-9238-512b-b66f-1b3402e7073b,chapter4.tex:796-935 (line 935 blank boundary omitted from target mapping)
urn:uuid:134e86a4-acbe-5df4-8c01-f6ebc1e74c39,relation/unit/bab-4-deret-komposisi-grup/section/01/covers/surface/unit-030/protected-math-zone/042-inline,urn:uuid:fca3605a-bfef-5847-840c-5ec5bbc9bfee,covers,urn:uuid:0783d9f5-6d46-536d-90bb-a457061cadb6,chapter4.tex:796-935 (line 935 blank boundary omitted from target mapping)
urn:uuid:548aee69-002f-5e9a-8268-b5b50c1b4275,relation/unit/bab-4-deret-komposisi-grup/section/01/covers/surface/unit-030/protected-math-zone/043-inline,urn:uuid:fca3605a-bfef-5847-840c-5ec5bbc9bfee,covers,urn:uuid:b26d28ba-a656-5541-8e81-e81f93b2f139,chapter4.tex:796-935 (line 935 blank boundary omitted from target mapping)
urn:uuid:deb9a1e7-8dc1-52d5-978c-3135fe597b20,relation/unit/bab-4-deret-komposisi-grup/section/01/covers/surface/unit-030/protected-math-zone/044-display-environment,urn:uuid:fca3605a-bfef-5847-840c-5ec5bbc9bfee,covers,urn:uuid:25364473-a70f-569b-8784-d0d738f055c9,chapter4.tex:796-935 (line 935 blank boundary omitted from target mapping)
urn:uuid:82fe0fcc-ee30-5ade-ac76-f68dea8c7bbe,relation/unit/bab-4-deret-komposisi-grup/section/01/covers/surface/unit-030/protected-math-zone/045-inline,urn:uuid:fca3605a-bfef-5847-840c-5ec5bbc9bfee,covers,urn:uuid:eda4c71b-043a-5e28-a3a1-7a537aebe0db,chapter4.tex:796-935 (line 935 blank boundary omitted from target mapping)
urn:uuid:bae0138e-3157-591b-b675-28d7edb16b74,relation/unit/bab-4-deret-komposisi-grup/section/01/covers/surface/unit-030/protected-math-zone/046-inline,urn:uuid:fca3605a-bfef-5847-840c-5ec5bbc9bfee,covers,urn:uuid:f0749119-844e-5f05-805b-dd328f52003c,chapter4.tex:796-935 (line 935 blank boundary omitted from target mapping)
urn:uuid:7c77c77b-16bf-56d9-bb0d-2b3495cd549a,relation/unit/bab-4-deret-komposisi-grup/section/01/covers/surface/unit-030/protected-math-zone/047-inline,urn:uuid:fca3605a-bfef-5847-840c-5ec5bbc9bfee,covers,urn:uuid:90363cac-3358-56b3-9361-2e866aca970e,chapter4.tex:796-935 (line 935 blank boundary omitted from target mapping)
urn:uuid:60b9dd1b-b884-53a1-9dac-3c9aba34735d,relation/unit/bab-4-deret-komposisi-grup/section/01/covers/surface/unit-030/protected-math-zone/048-display-bracket,urn:uuid:fca3605a-bfef-5847-840c-5ec5bbc9bfee,covers,urn:uuid:622761b7-aa6e-5e1e-9f1a-b728409bebfd,chapter4.tex:796-935 (line 935 blank boundary omitted from target mapping)
urn:uuid:b897dde9-adee-58c1-b43a-a18629a8c81d,relation/unit/bab-4-deret-komposisi-grup/section/01/covers/surface/unit-030/protected-math-zone/049-inline,urn:uuid:fca3605a-bfef-5847-840c-5ec5bbc9bfee,covers,urn:uuid:08611ab9-0b89-5930-ac77-41bc38a24021,chapter4.tex:796-935 (line 935 blank boundary omitted from target mapping)
urn:uuid:cb42ce53-d0ff-5f96-b299-2c323a1a8187,relation/unit/bab-4-deret-komposisi-grup/section/01/covers/surface/unit-030/protected-math-zone/050-display-bracket,urn:uuid:fca3605a-bfef-5847-840c-5ec5bbc9bfee,covers,urn:uuid:b872e381-054c-5fb2-810c-ecb34eff77f8,chapter4.tex:796-935 (line 935 blank boundary omitted from target mapping)
urn:uuid:44c36065-7035-5d1d-92a5-845ee48929b3,relation/unit/bab-4-deret-komposisi-grup/section/01/covers/surface/unit-030/protected-math-zone/051-inline,urn:uuid:fca3605a-bfef-5847-840c-5ec5bbc9bfee,covers,urn:uuid:8aa7eb6d-3260-5fda-8f28-03d806d37f4d,chapter4.tex:796-935 (line 935 blank boundary omitted from target mapping)
urn:uuid:b23fb78f-5425-54ac-913c-5d30ccb87a74,relation/unit/bab-4-deret-komposisi-grup/section/01/covers/surface/unit-030/protected-math-zone/052-inline,urn:uuid:fca3605a-bfef-5847-840c-5ec5bbc9bfee,covers,urn:uuid:d3872845-647b-53a4-a85b-974523f4d035,chapter4.tex:796-935 (line 935 blank boundary omitted from target mapping)
urn:uuid:67d3ab78-80b7-5526-a7bb-5322fef3503e,relation/unit/bab-4-deret-komposisi-grup/section/01/covers/surface/unit-030/protected-math-zone/053-inline,urn:uuid:fca3605a-bfef-5847-840c-5ec5bbc9bfee,covers,urn:uuid:699ba546-57a5-55a4-9835-c4227d495721,chapter4.tex:796-935 (line 935 blank boundary omitted from target mapping)
urn:uuid:acc1a9ef-e5ce-58f5-a350-0c10fc03b694,relation/unit/bab-4-deret-komposisi-grup/section/01/covers/surface/unit-030/protected-math-zone/054-inline,urn:uuid:fca3605a-bfef-5847-840c-5ec5bbc9bfee,covers,urn:uuid:081b880d-0b50-544d-bebf-d577f8ec9ee1,chapter4.tex:796-935 (line 935 blank boundary omitted from target mapping)
urn:uuid:b915073f-7820-5539-91c7-b2acb54025c9,relation/unit/bab-4-deret-komposisi-grup/section/01/covers/surface/unit-030/protected-math-zone/055-inline,urn:uuid:fca3605a-bfef-5847-840c-5ec5bbc9bfee,covers,urn:uuid:0079d99d-ac22-58e9-965c-46cdf9d798c8,chapter4.tex:796-935 (line 935 blank boundary omitted from target mapping)
urn:uuid:e135f998-5691-5e1d-9b1a-64ad7155d725,relation/unit/bab-4-deret-komposisi-grup/section/01/covers/surface/unit-030/protected-math-zone/056-inline,urn:uuid:fca3605a-bfef-5847-840c-5ec5bbc9bfee,covers,urn:uuid:a035f882-be86-5ae2-939c-008f68038aaa,chapter4.tex:796-935 (line 935 blank boundary omitted from target mapping)
urn:uuid:06519edc-564a-53c1-b5f7-70b758f047f6,relation/unit/bab-4-deret-komposisi-grup/section/01/covers/surface/unit-030/protected-math-zone/057-inline,urn:uuid:fca3605a-bfef-5847-840c-5ec5bbc9bfee,covers,urn:uuid:3fe03eda-202a-53dc-907b-e773a23a6512,chapter4.tex:796-935 (line 935 blank boundary omitted from target mapping)
urn:uuid:6f35e9f2-0f93-5bc1-ad5f-a1edb1e65972,relation/unit/bab-4-deret-komposisi-grup/section/01/covers/surface/unit-030/protected-math-zone/058-display-bracket,urn:uuid:fca3605a-bfef-5847-840c-5ec5bbc9bfee,covers,urn:uuid:f1618553-eff2-5cf8-b75a-4964c1e1c141,chapter4.tex:796-935 (line 935 blank boundary omitted from target mapping)
urn:uuid:8a981484-ea69-5609-be55-a317582624ac,relation/unit/bab-4-deret-komposisi-grup/section/01/covers/surface/unit-030/protected-math-zone/059-inline,urn:uuid:fca3605a-bfef-5847-840c-5ec5bbc9bfee,covers,urn:uuid:45621510-1266-5be6-ba9b-2115cf9c25f7,chapter4.tex:796-935 (line 935 blank boundary omitted from target mapping)
urn:uuid:ee5970df-022e-56f8-95f8-e877d7be2673,relation/unit/bab-4-deret-komposisi-grup/section/01/covers/surface/unit-030/protected-math-zone/060-inline,urn:uuid:fca3605a-bfef-5847-840c-5ec5bbc9bfee,covers,urn:uuid:884980f0-d2ee-5364-9d87-48449f14cbe6,chapter4.tex:796-935 (line 935 blank boundary omitted from target mapping)
urn:uuid:753c964c-9ac1-591c-9e66-4eb7eefb877a,relation/unit/bab-4-deret-komposisi-grup/section/01/covers/surface/unit-030/protected-math-zone/061-inline,urn:uuid:fca3605a-bfef-5847-840c-5ec5bbc9bfee,covers,urn:uuid:175eb7c0-77b3-5e7b-a02d-370e763e921c,chapter4.tex:796-935 (line 935 blank boundary omitted from target mapping)
urn:uuid:d4325c30-f712-5515-b5ce-560444488d35,relation/unit/bab-4-deret-komposisi-grup/section/01/covers/surface/unit-030/protected-math-zone/062-inline,urn:uuid:fca3605a-bfef-5847-840c-5ec5bbc9bfee,covers,urn:uuid:033aae52-8280-5347-a08f-9f49c3dfb76a,chapter4.tex:796-935 (line 935 blank boundary omitted from target mapping)
urn:uuid:38c85d41-0e2f-5109-b062-0a8a69d4c2c9,relation/unit/bab-4-deret-komposisi-grup/section/01/covers/surface/unit-030/protected-math-zone/063-inline,urn:uuid:fca3605a-bfef-5847-840c-5ec5bbc9bfee,covers,urn:uuid:66bb02f4-d4e0-56bf-9046-22a2fe40c187,chapter4.tex:796-935 (line 935 blank boundary omitted from target mapping)
urn:uuid:c6617580-38c1-59e1-97ca-f1f03d3ec47e,relation/unit/bab-4-deret-komposisi-grup/section/01/covers/surface/unit-030/protected-math-zone/064-inline,urn:uuid:fca3605a-bfef-5847-840c-5ec5bbc9bfee,covers,urn:uuid:6617de66-4805-5d1c-9a71-fb31c8bfe565,chapter4.tex:796-935 (line 935 blank boundary omitted from target mapping)
urn:uuid:563a4e44-caf6-5da4-b4cd-cf47a6139a95,relation/unit/bab-4-deret-komposisi-grup/section/01/covers/surface/unit-030/protected-math-zone/065-inline,urn:uuid:fca3605a-bfef-5847-840c-5ec5bbc9bfee,covers,urn:uuid:e8472291-40ae-5e76-b923-b4493062afdb,chapter4.tex:796-935 (line 935 blank boundary omitted from target mapping)
urn:uuid:58ef5550-ee2f-59c0-ab9e-0a8c6c6e926a,relation/unit/bab-4-deret-komposisi-grup/section/01/covers/surface/unit-030/protected-math-zone/066-inline,urn:uuid:fca3605a-bfef-5847-840c-5ec5bbc9bfee,covers,urn:uuid:42f6cabd-aae8-5079-9ab4-8078974370d1,chapter4.tex:796-935 (line 935 blank boundary omitted from target mapping)
urn:uuid:7647a71c-468a-52e8-8104-c9c72d18d180,relation/unit/bab-4-deret-komposisi-grup/section/01/covers/surface/unit-030/protected-math-zone/067-inline,urn:uuid:fca3605a-bfef-5847-840c-5ec5bbc9bfee,covers,urn:uuid:dba9da01-af58-58a2-bf3d-dad8d8d551f1,chapter4.tex:796-935 (line 935 blank boundary omitted from target mapping)
urn:uuid:770b131b-af58-5f18-9659-ecd914a9d03b,relation/unit/bab-4-deret-komposisi-grup/section/01/covers/surface/unit-030/protected-math-zone/068-inline,urn:uuid:fca3605a-bfef-5847-840c-5ec5bbc9bfee,covers,urn:uuid:47c342f6-1005-5e6b-87b3-e099dee27184,chapter4.tex:796-935 (line 935 blank boundary omitted from target mapping)
urn:uuid:6000aef4-5786-51af-be7b-071319588901,relation/unit/bab-4-deret-komposisi-grup/section/01/covers/surface/unit-030/protected-math-zone/069-inline,urn:uuid:fca3605a-bfef-5847-840c-5ec5bbc9bfee,covers,urn:uuid:a98022df-3a78-5033-9c60-0d33de8b83e8,chapter4.tex:796-935 (line 935 blank boundary omitted from target mapping)
urn:uuid:10b64fd0-2ec8-5599-a873-b153c16a38c1,relation/unit/bab-4-deret-komposisi-grup/section/01/covers/surface/unit-030/protected-math-zone/070-inline,urn:uuid:fca3605a-bfef-5847-840c-5ec5bbc9bfee,covers,urn:uuid:652223c2-3e54-5a3a-a2b6-421ec07fbd5e,chapter4.tex:796-935 (line 935 blank boundary omitted from target mapping)
urn:uuid:bcfb2915-cc5e-5eae-bf49-cffae800c0ab,relation/unit/bab-4-deret-komposisi-grup/section/01/covers/surface/unit-030/protected-math-zone/071-inline,urn:uuid:fca3605a-bfef-5847-840c-5ec5bbc9bfee,covers,urn:uuid:7707ebc8-0149-5204-ad31-f25f8847c041,chapter4.tex:796-935 (line 935 blank boundary omitted from target mapping)
urn:uuid:4380b599-2a32-55d9-9c9d-ab49de54fbdf,relation/unit/bab-4-deret-komposisi-grup/section/01/covers/surface/unit-030/protected-math-zone/072-inline,urn:uuid:fca3605a-bfef-5847-840c-5ec5bbc9bfee,covers,urn:uuid:1a60dccb-c895-5e78-97ce-5da58dd6ef68,chapter4.tex:796-935 (line 935 blank boundary omitted from target mapping)
urn:uuid:dff60c5a-6afe-5818-a8e1-8bcb7ba48013,relation/unit/bab-4-deret-komposisi-grup/section/01/covers/surface/unit-030/protected-math-zone/073-inline,urn:uuid:fca3605a-bfef-5847-840c-5ec5bbc9bfee,covers,urn:uuid:fc3cce30-b1c6-51fc-8b46-48ee8c5b85a9,chapter4.tex:796-935 (line 935 blank boundary omitted from target mapping)
urn:uuid:86ea4407-4fb6-55b9-8399-34f9a8d9b645,relation/unit/bab-4-deret-komposisi-grup/section/01/covers/surface/unit-030/protected-math-zone/074-display-environment,urn:uuid:fca3605a-bfef-5847-840c-5ec5bbc9bfee,covers,urn:uuid:5a7b9c08-95b5-5b6b-be59-6d43f862f406,chapter4.tex:796-935 (line 935 blank boundary omitted from target mapping)
urn:uuid:7b8ba4b3-cc3c-5b19-aee8-7ec8d76d4b96,relation/unit/bab-4-deret-komposisi-grup/section/01/covers/surface/unit-030/protected-math-zone/075-inline,urn:uuid:fca3605a-bfef-5847-840c-5ec5bbc9bfee,covers,urn:uuid:647ae2fe-e229-59d1-9a62-97a3c5d3620e,chapter4.tex:796-935 (line 935 blank boundary omitted from target mapping)
urn:uuid:5a11099e-b357-5153-b9d9-cffeb81bf303,relation/unit/bab-4-deret-komposisi-grup/section/01/covers/surface/unit-030/protected-math-zone/076-inline,urn:uuid:fca3605a-bfef-5847-840c-5ec5bbc9bfee,covers,urn:uuid:802cf759-4ab8-5d04-98fa-713cbc295c8b,chapter4.tex:796-935 (line 935 blank boundary omitted from target mapping)
urn:uuid:531c5aad-5326-5c61-aa84-e593bb92a5ad,relation/unit/bab-4-deret-komposisi-grup/section/01/covers/surface/unit-030/protected-math-zone/077-inline,urn:uuid:fca3605a-bfef-5847-840c-5ec5bbc9bfee,covers,urn:uuid:d5473211-533d-5d23-a725-b89dfd5af716,chapter4.tex:796-935 (line 935 blank boundary omitted from target mapping)
urn:uuid:d16c0b46-a9e9-5e66-a885-319dd8fb357f,relation/unit/bab-4-deret-komposisi-grup/section/01/covers/surface/unit-030/protected-math-zone/078-inline,urn:uuid:fca3605a-bfef-5847-840c-5ec5bbc9bfee,covers,urn:uuid:012c3c01-4344-5100-8fe0-3241ea468e48,chapter4.tex:796-935 (line 935 blank boundary omitted from target mapping)
urn:uuid:1bf61401-2c9c-575a-b0d0-64aedef84412,relation/unit/bab-4-deret-komposisi-grup/section/01/covers/surface/unit-030/protected-math-zone/079-display-bracket,urn:uuid:fca3605a-bfef-5847-840c-5ec5bbc9bfee,covers,urn:uuid:c88d81cd-910c-5e5a-bfc1-724630c73592,chapter4.tex:796-935 (line 935 blank boundary omitted from target mapping)
urn:uuid:c0d8fbf3-ea14-5ac7-a16f-8125d8cee27a,relation/unit/bab-4-deret-komposisi-grup/section/01/covers/surface/unit-030/protected-math-zone/080-inline,urn:uuid:fca3605a-bfef-5847-840c-5ec5bbc9bfee,covers,urn:uuid:4d69ca6d-4ab5-55a4-b244-d00eff9cd81d,chapter4.tex:796-935 (line 935 blank boundary omitted from target mapping)
urn:uuid:a6414f19-413f-5dfd-a4e8-46da35d9641e,relation/unit/bab-4-deret-komposisi-grup/section/01/covers/surface/unit-030/protected-math-zone/081-inline,urn:uuid:fca3605a-bfef-5847-840c-5ec5bbc9bfee,covers,urn:uuid:f0347a0c-1e15-53c6-a0ba-3c768e1bce6e,chapter4.tex:796-935 (line 935 blank boundary omitted from target mapping)
urn:uuid:486251e9-9ba5-54fb-853a-29f2c6d10428,relation/unit/bab-4-deret-komposisi-grup/section/01/covers/surface/unit-030/protected-math-zone/082-inline,urn:uuid:fca3605a-bfef-5847-840c-5ec5bbc9bfee,covers,urn:uuid:da3c626f-27ea-503a-970d-ebf7b8fe03c8,chapter4.tex:796-935 (line 935 blank boundary omitted from target mapping)
urn:uuid:59779fea-fdc5-5daf-9789-e75f3291d97c,relation/unit/bab-4-deret-komposisi-grup/section/01/covers/surface/unit-030/protected-math-zone/083-inline,urn:uuid:fca3605a-bfef-5847-840c-5ec5bbc9bfee,covers,urn:uuid:2d3bccee-2fcb-5816-9b4a-3dda71ccd276,chapter4.tex:796-935 (line 935 blank boundary omitted from target mapping)
urn:uuid:ca8bbc20-2200-50e2-b6c0-042a0d082600,relation/unit/bab-4-deret-komposisi-grup/section/01/covers/surface/unit-030/protected-math-zone/084-inline,urn:uuid:fca3605a-bfef-5847-840c-5ec5bbc9bfee,covers,urn:uuid:99866578-6688-5a31-a92d-7f3f5623bfb3,chapter4.tex:796-935 (line 935 blank boundary omitted from target mapping)
urn:uuid:159e01bd-03d9-580d-82af-2fe1208a25bf,relation/unit/bab-4-deret-komposisi-grup/section/01/covers/surface/unit-030/protected-math-zone/085-inline,urn:uuid:fca3605a-bfef-5847-840c-5ec5bbc9bfee,covers,urn:uuid:618eb59f-8f3e-5cd9-abfb-b3f95957f4d5,chapter4.tex:796-935 (line 935 blank boundary omitted from target mapping)
urn:uuid:fa7e4034-0d7e-54cf-b76b-2217c894037f,relation/unit/bab-4-deret-komposisi-grup/section/01/covers/surface/unit-030/protected-math-zone/086-inline,urn:uuid:fca3605a-bfef-5847-840c-5ec5bbc9bfee,covers,urn:uuid:94c4cd35-310c-5c95-acdd-f1849c524d22,chapter4.tex:796-935 (line 935 blank boundary omitted from target mapping)
urn:uuid:d5ae2d1f-669e-5504-b91a-5ee88fe4fe36,relation/unit/bab-4-deret-komposisi-grup/section/01/covers/surface/unit-030/protected-math-zone/087-display-bracket,urn:uuid:fca3605a-bfef-5847-840c-5ec5bbc9bfee,covers,urn:uuid:8ae04a43-56bc-51b4-8032-af71a9757072,chapter4.tex:796-935 (line 935 blank boundary omitted from target mapping)
urn:uuid:994090fd-2377-52fc-8708-3cd931230eed,relation/unit/bab-4-deret-komposisi-grup/section/01/covers/surface/unit-030/protected-math-zone/088-inline,urn:uuid:fca3605a-bfef-5847-840c-5ec5bbc9bfee,covers,urn:uuid:706bc1cc-a0e8-52b9-8640-b2a2bff52748,chapter4.tex:796-935 (line 935 blank boundary omitted from target mapping)
urn:uuid:5beaf38b-a60a-52d0-b907-8840c4edda00,relation/unit/bab-4-deret-komposisi-grup/section/01/covers/surface/unit-030/reference/equation/008,urn:uuid:fca3605a-bfef-5847-840c-5ec5bbc9bfee,covers,urn:uuid:3adcd5ba-f63a-5cf3-bb71-0707cfdfbbb1,chapter4.tex:796-935 (line 935 blank boundary omitted from target mapping)
urn:uuid:939bbd2b-5253-5dc0-bc86-3740ddbee143,relation/unit/bab-4-deret-komposisi-grup/section/01/covers/surface/unit-030/reference/ordinary/001,urn:uuid:fca3605a-bfef-5847-840c-5ec5bbc9bfee,covers,urn:uuid:7b78670a-e01b-59e8-9a52-a092d72c42d1,chapter4.tex:796-935 (line 935 blank boundary omitted from target mapping)
urn:uuid:24368873-4811-5de1-aaa2-30d455e923de,relation/unit/bab-4-deret-komposisi-grup/section/01/covers/surface/unit-030/reference/ordinary/002,urn:uuid:fca3605a-bfef-5847-840c-5ec5bbc9bfee,covers,urn:uuid:dab3dc93-8c97-5d84-a0f2-b17293353bbd,chapter4.tex:796-935 (line 935 blank boundary omitted from target mapping)
urn:uuid:e92cd956-c357-5b56-8947-3843084ee4ee,relation/unit/bab-4-deret-komposisi-grup/section/01/covers/surface/unit-030/reference/ordinary/003,urn:uuid:fca3605a-bfef-5847-840c-5ec5bbc9bfee,covers,urn:uuid:696c4413-c003-5157-869b-d734a63784cf,chapter4.tex:796-935 (line 935 blank boundary omitted from target mapping)
urn:uuid:a4d6f41e-d26d-5a7a-9e73-7789f0cf74de,relation/unit/bab-4-deret-komposisi-grup/section/01/covers/surface/unit-030/reference/ordinary/004,urn:uuid:fca3605a-bfef-5847-840c-5ec5bbc9bfee,covers,urn:uuid:a72100d0-3870-5ae0-b5f1-9e39017540c3,chapter4.tex:796-935 (line 935 blank boundary omitted from target mapping)
urn:uuid:f284816f-2bae-51bb-9728-7ebb1ffc6e5d,relation/unit/bab-4-deret-komposisi-grup/section/01/covers/surface/unit-030/reference/ordinary/005,urn:uuid:fca3605a-bfef-5847-840c-5ec5bbc9bfee,covers,urn:uuid:7455d2bd-3b79-5931-97a6-4aadcda6ef80,chapter4.tex:796-935 (line 935 blank boundary omitted from target mapping)
urn:uuid:076ce83f-416a-5b5a-9014-5499db95e450,relation/unit/bab-4-deret-komposisi-grup/section/01/covers/surface/unit-030/reference/ordinary/006,urn:uuid:fca3605a-bfef-5847-840c-5ec5bbc9bfee,covers,urn:uuid:5e63f371-e15a-5683-a928-72c585d2508a,chapter4.tex:796-935 (line 935 blank boundary omitted from target mapping)
urn:uuid:d2135e7a-7e4b-510e-aad4-5c3fd106f0c6,relation/unit/bab-4-deret-komposisi-grup/section/01/covers/surface/unit-030/reference/ordinary/007,urn:uuid:fca3605a-bfef-5847-840c-5ec5bbc9bfee,covers,urn:uuid:4bc6a594-9adf-5a15-a63f-d5dc74602f9e,chapter4.tex:796-935 (line 935 blank boundary omitted from target mapping)
urn:uuid:7a5f9238-3566-5ef9-b189-0b891b056016,relation/unit/bab-4-deret-komposisi-grup/section/01/covers/surface/unit-030/reference/ordinary/009,urn:uuid:fca3605a-bfef-5847-840c-5ec5bbc9bfee,covers,urn:uuid:f53eaca8-36c0-56a2-a8f8-de9077433043,chapter4.tex:796-935 (line 935 blank boundary omitted from target mapping)
urn:uuid:866293f2-921b-5028-a47d-e70015598c99,relation/unit/bab-4-deret-komposisi-grup/section/01/covers/surface/unit-030/terminology-row/001,urn:uuid:fca3605a-bfef-5847-840c-5ec5bbc9bfee,covers,urn:uuid:e7e5a28e-dfd8-500a-bf25-6860095e865b,chapter4.tex:796-935 (line 935 blank boundary omitted from target mapping)
urn:uuid:eb13598f-fd46-55da-9409-465835cd9b04,relation/unit/bab-4-deret-komposisi-grup/section/01/covers/surface/unit-030/terminology-row/002,urn:uuid:fca3605a-bfef-5847-840c-5ec5bbc9bfee,covers,urn:uuid:bf5e7627-44aa-59c7-81d6-9c0358cdd57e,chapter4.tex:796-935 (line 935 blank boundary omitted from target mapping)
urn:uuid:df47f797-3e2a-5126-949a-0bc89754960f,relation/unit/bab-4-deret-komposisi-grup/section/01/covers/surface/unit-030/terminology-row/003,urn:uuid:fca3605a-bfef-5847-840c-5ec5bbc9bfee,covers,urn:uuid:fae8a7ff-7af4-5c25-94d8-e3dbe3acfc82,chapter4.tex:796-935 (line 935 blank boundary omitted from target mapping)
urn:uuid:d951bc03-9cc2-5018-9491-627a63df454f,relation/unit/bab-4-deret-komposisi-grup/section/01/covers/surface/unit-030/terminology-row/004,urn:uuid:fca3605a-bfef-5847-840c-5ec5bbc9bfee,covers,urn:uuid:cdfcae15-bc07-53f8-a39d-f1ad98cbcf7f,chapter4.tex:796-935 (line 935 blank boundary omitted from target mapping)
urn:uuid:2e270f97-43f3-518a-a7d4-e38dc1240a71,relation/unit/bab-4-deret-komposisi-grup/section/01/covers/surface/unit-030/terminology-row/005,urn:uuid:fca3605a-bfef-5847-840c-5ec5bbc9bfee,covers,urn:uuid:76e13312-be21-57d7-8ed7-04d321795ce9,chapter4.tex:796-935 (line 935 blank boundary omitted from target mapping)
urn:uuid:ad259609-cf43-5fb7-bcda-8ebfea5afa95,relation/unit/bab-4-deret-komposisi-grup/section/01/covers/surface/unit-030/terminology-row/006,urn:uuid:fca3605a-bfef-5847-840c-5ec5bbc9bfee,covers,urn:uuid:efb31ea7-f5d2-59c5-947d-c2377b468582,chapter4.tex:796-935 (line 935 blank boundary omitted from target mapping)
urn:uuid:1c39b71e-cd7d-5c04-b655-d24567ddfd4c,relation/unit/bab-4-deret-komposisi-grup/section/01/covers/surface/unit-030/terminology-row/007,urn:uuid:fca3605a-bfef-5847-840c-5ec5bbc9bfee,covers,urn:uuid:f01a23d4-fb7d-57eb-9bda-632c2f8e1884,chapter4.tex:796-935 (line 935 blank boundary omitted from target mapping)
urn:uuid:4d6a6ecd-26cf-5453-a9d0-be2b5e359d0b,relation/unit/bab-4-deret-komposisi-grup/section/01/covers/surface/unit-030/terminology-row/008,urn:uuid:fca3605a-bfef-5847-840c-5ec5bbc9bfee,covers,urn:uuid:3dfd25b2-2d9e-53e4-a41a-cbba05bf935e,chapter4.tex:796-935 (line 935 blank boundary omitted from target mapping)
urn:uuid:83139b9e-e30d-5a60-8db6-5b9b9b1d6606,relation/unit/bab-4-deret-komposisi-grup/section/01/governed-by/rights/principal-cc-by-4.0,urn:uuid:fca3605a-bfef-5847-840c-5ec5bbc9bfee,governed-by,urn:uuid:0baf6c47-021d-5310-9475-81519e710250,
urn:uuid:d7768085-83b8-5c6a-ab1b-646fb82feeb7,relation/unit/bab-4-deret-komposisi-grup/section/01/includes-diagram/diagram/unit-030/tikzcd-01,urn:uuid:fca3605a-bfef-5847-840c-5ec5bbc9bfee,includes-diagram,urn:uuid:ed0e43ad-9ae7-5070-aa63-1dd49a0ee216,chapter4.tex:835-837
urn:uuid:26504d39-f3d0-5e3c-9f80-27895e811ba1,relation/unit/bab-4-deret-komposisi-grup/section/01/includes-diagram/diagram/unit-030/tikzcd-02,urn:uuid:fca3605a-bfef-5847-840c-5ec5bbc9bfee,includes-diagram,urn:uuid:72cd24e6-7a4a-50f9-90fd-f61886ee74b6,chapter4.tex:838-840
urn:uuid:775f173f-c52e-5271-9326-fcd2bb1b23cc,relation/unit/bab-4-deret-komposisi-grup/section/01/includes-diagram/diagram/unit-030/tikzcd-03,urn:uuid:fca3605a-bfef-5847-840c-5ec5bbc9bfee,includes-diagram,urn:uuid:aa76205c-1f43-552d-a6f2-766328c7d4dd,chapter4.tex:841-844
urn:uuid:6f800823-51be-5958-ac4d-c8e6c66d7f0f,relation/unit/bab-4-deret-komposisi-grup/section/01/includes-diagram/diagram/unit-030/tikzcd-04,urn:uuid:fca3605a-bfef-5847-840c-5ec5bbc9bfee,includes-diagram,urn:uuid:811c2136-0a45-5a66-aa04-790901a8ab72,chapter4.tex:845-848
urn:uuid:329e2698-2475-52b8-b938-585e57c36253,relation/unit/bab-4-deret-komposisi-grup/section/01/includes-diagram/diagram/unit-030/tikzcd-05,urn:uuid:fca3605a-bfef-5847-840c-5ec5bbc9bfee,includes-diagram,urn:uuid:ec49fd4c-a0ca-5f4c-adac-4eaaa83b37df,chapter4.tex:850-857
urn:uuid:1a5a199c-0a52-54b0-8b28-47262977809d,relation/unit/bab-4-deret-komposisi-grup/section/01/includes-diagram/diagram/unit-030/tikzcd-06,urn:uuid:fca3605a-bfef-5847-840c-5ec5bbc9bfee,includes-diagram,urn:uuid:36e1e6fa-2feb-563e-88b9-864293008b3a,chapter4.tex:867-870
urn:uuid:825ab4bc-018b-5b54-ab84-420a6aea360f,relation/unit/bab-4-deret-komposisi-grup/section/01/indexes/index-entry/unit-030/main/001,urn:uuid:fca3605a-bfef-5847-840c-5ec5bbc9bfee,indexes,urn:uuid:41b019bf-b90b-51f8-a0e0-c6ffa43cb6a1,chapter4.tex:799
urn:uuid:13fca1b9-8f93-5e67-bf4b-89b52fd8f015,relation/unit/bab-4-deret-komposisi-grup/section/01/indexes/index-entry/unit-030/main/002,urn:uuid:fca3605a-bfef-5847-840c-5ec5bbc9bfee,indexes,urn:uuid:d35b3caf-e0e6-56cd-80df-20a53a9f9651,chapter4.tex:804
urn:uuid:b9d518e7-e1b3-5cb5-9c5c-d99622c1c001,relation/unit/bab-4-deret-komposisi-grup/section/01/indexes/index-entry/unit-030/main/003,urn:uuid:fca3605a-bfef-5847-840c-5ec5bbc9bfee,indexes,urn:uuid:82305782-6416-5dea-bad4-ff803c8d0f9c,chapter4.tex:810
urn:uuid:e200c2d7-1161-5225-a0b0-e10df25dc339,relation/unit/bab-4-deret-komposisi-grup/section/01/indexes/index-entry/unit-030/main/004,urn:uuid:fca3605a-bfef-5847-840c-5ec5bbc9bfee,indexes,urn:uuid:77cdf09b-3711-5693-a26c-d41d93b72e55,chapter4.tex:819
urn:uuid:e76f6b84-851f-5f72-9917-5ae0c6be27ee,relation/unit/bab-4-deret-komposisi-grup/section/01/indexes/index-entry/unit-030/main/005,urn:uuid:fca3605a-bfef-5847-840c-5ec5bbc9bfee,indexes,urn:uuid:9571b16a-8ae9-53d4-8982-1fa67c8a25a1,chapter4.tex:902
urn:uuid:f6eb471f-4659-5ed7-9da3-accfc3e524ce,relation/unit/bab-4-deret-komposisi-grup/section/01/indexes/index-entry/unit-030/main/006,urn:uuid:fca3605a-bfef-5847-840c-5ec5bbc9bfee,indexes,urn:uuid:0b93c94e-d795-5211-85e1-5126930bdfa5,chapter4.tex:910
urn:uuid:e07d3492-971e-5b10-8051-e0f0f09fabed,relation/unit/bab-4-deret-komposisi-grup/section/01/requires/prerequisite/basic-group-theory,urn:uuid:fca3605a-bfef-5847-840c-5ec5bbc9bfee,requires,urn:uuid:3f5dc8e0-0198-5016-b767-ded1b9ec3d13,chapter4.tex:796-935 (line 935 blank boundary omitted from target mapping)
urn:uuid:64f30c8f-8f60-5a06-b378-9ccc90dfb975,relation/unit/bab-4-deret-komposisi-grup/section/01/requires/prerequisite/basic-mathematical-literacy,urn:uuid:fca3605a-bfef-5847-840c-5ec5bbc9bfee,requires,urn:uuid:8fb6c957-7285-5258-978c-e1369c7e39d7,chapter4.tex:796-935 (line 935 blank boundary omitted from target mapping)
urn:uuid:29571865-52c2-53c4-985d-545263d04732,relation/unit/bab-4-deret-komposisi-grup/section/01/requires/prerequisite/elementary-number-theory,urn:uuid:fca3605a-bfef-5847-840c-5ec5bbc9bfee,requires,urn:uuid:cae14762-1ca0-5a11-aad9-20c81d540fee,chapter4.tex:796-935 (line 935 blank boundary omitted from target mapping)
urn:uuid:a3d5268b-1f93-5179-922a-93ec71bced72,relation/unit/bab-4-deret-komposisi-grup/section/01/requires/prerequisite/elementary-set-theory,urn:uuid:fca3605a-bfef-5847-840c-5ec5bbc9bfee,requires,urn:uuid:00f7d0ea-1b60-51da-843f-cca760a368e4,chapter4.tex:796-935 (line 935 blank boundary omitted from target mapping)
urn:uuid:8c7703c0-ac36-59f6-8452-3e33b1f9531f,relation/unit/bab-4-deret-komposisi-grup/section/01/requires/prerequisite/group-actions-orbits-and-stabilizers,urn:uuid:fca3605a-bfef-5847-840c-5ec5bbc9bfee,requires,urn:uuid:1f177bdc-5a38-5076-a2b3-11bea04551e2,chapter4.tex:796-935 (line 935 blank boundary omitted from target mapping)
urn:uuid:2e44ae32-44ed-5b5d-9211-862efdee61f7,relation/unit/bab-4-deret-komposisi-grup/section/01/requires/prerequisite/group-homomorphisms-kernels-and-quotients,urn:uuid:fca3605a-bfef-5847-840c-5ec5bbc9bfee,requires,urn:uuid:ecd787ee-f056-5200-91e7-f98b3d80d458,chapter4.tex:796-935 (line 935 blank boundary omitted from target mapping)
