entity_id,root_id,order_in_root,kind,subtype,source_record_start,source_record_end,target_record_start,target_record_end,source_title,target_title,source_sha256,target_sha256,structural_sha256,parent_section_id,label_ids
section.nakayama.0001,root.cring.nakayama,1,section,subsection,1,1,1,1,Nakayama's lemma,Lema Nakayama,d7a3d2a9c4f6c78393489256e759aaf13c98dc8ddb199fdeb884dd4ffc498aaa,817898644faadfb1a922f631eb72ba9c699da5b22003e56437208cdd2f188264,,,
theorem.nakayama.0001,root.cring.nakayama,2,theorem,lemma,7,11,7,11,Nakayama's lemma,Lema Nakayama,9993129d51b323c97bd9304936e27f41737505d591ca0db27eec15b980f14268,9f483bc8a0d4aa7db958efe87adf6baaf661fa5f484dc9c9d14d3571c6738600,,section.nakayama.0001,label.nakayama.0001
formula.nakayama.0001,root.cring.nakayama,3,formula,inline-dollar,7,7,7,7,,,a28faf6143663643c867a9e6316c985e9cef6a6ed418572e97343866efcfe288,a28faf6143663643c867a9e6316c985e9cef6a6ed418572e97343866efcfe288,a28faf6143663643c867a9e6316c985e9cef6a6ed418572e97343866efcfe288,section.nakayama.0001,
formula.nakayama.0002,root.cring.nakayama,4,formula,inline-dollar,9,9,9,9,,,bb4bc0183a7d484898e30fb7e41308e47e36e9e66bfcbec48d7c181b9de666c4,bb4bc0183a7d484898e30fb7e41308e47e36e9e66bfcbec48d7c181b9de666c4,bb4bc0183a7d484898e30fb7e41308e47e36e9e66bfcbec48d7c181b9de666c4,section.nakayama.0001,
formula.nakayama.0003,root.cring.nakayama,5,formula,inline-dollar,9,9,9,9,,,29742240025756815de7b4dc24b2f1de69b9148b4ec37f961ccb4d9b4836ab30,29742240025756815de7b4dc24b2f1de69b9148b4ec37f961ccb4d9b4836ab30,29742240025756815de7b4dc24b2f1de69b9148b4ec37f961ccb4d9b4836ab30,section.nakayama.0001,
formula.nakayama.0004,root.cring.nakayama,6,formula,inline-dollar,9,9,9,9,,,a28faf6143663643c867a9e6316c985e9cef6a6ed418572e97343866efcfe288,a28faf6143663643c867a9e6316c985e9cef6a6ed418572e97343866efcfe288,a28faf6143663643c867a9e6316c985e9cef6a6ed418572e97343866efcfe288,section.nakayama.0001,
formula.nakayama.0005,root.cring.nakayama,7,formula,inline-dollar,10,10,10,10,,,17d1f3ee6f4dd647a475049d6a227d23a14653081b58eff24ad4664b278c85f4,17d1f3ee6f4dd647a475049d6a227d23a14653081b58eff24ad4664b278c85f4,69a77ccd28a5f27e873b4e1cec31a3c941ee4ff8862831abdae1f2cef5e83ccd,section.nakayama.0001,
formula.nakayama.0006,root.cring.nakayama,8,formula,inline-dollar,10,10,10,10,,,ae2f64e93d6b6c62b72d6a44959aafbbe9a79834c166fd4380c5b63e0ae36219,ae2f64e93d6b6c62b72d6a44959aafbbe9a79834c166fd4380c5b63e0ae36219,0197dc6808366c0ea37d18ce5977499abf8c4998d88b07df606d3620229f14fe,section.nakayama.0001,
formula.nakayama.0007,root.cring.nakayama,9,formula,inline-dollar,13,13,13,13,,,5dafb5a6d8ff60d74e4e7b0075b77f577ff67f4dc94077d3fd8c4a54f3d38e72,5dafb5a6d8ff60d74e4e7b0075b77f577ff67f4dc94077d3fd8c4a54f3d38e72,5dafb5a6d8ff60d74e4e7b0075b77f577ff67f4dc94077d3fd8c4a54f3d38e72,section.nakayama.0001,
formula.nakayama.0008,root.cring.nakayama,10,formula,inline-dollar,14,14,14,14,,,bb4bc0183a7d484898e30fb7e41308e47e36e9e66bfcbec48d7c181b9de666c4,bb4bc0183a7d484898e30fb7e41308e47e36e9e66bfcbec48d7c181b9de666c4,bb4bc0183a7d484898e30fb7e41308e47e36e9e66bfcbec48d7c181b9de666c4,section.nakayama.0001,
formula.nakayama.0009,root.cring.nakayama,11,formula,inline-dollar,14,14,14,14,,,29742240025756815de7b4dc24b2f1de69b9148b4ec37f961ccb4d9b4836ab30,29742240025756815de7b4dc24b2f1de69b9148b4ec37f961ccb4d9b4836ab30,29742240025756815de7b4dc24b2f1de69b9148b4ec37f961ccb4d9b4836ab30,section.nakayama.0001,
remark.nakayama.0001,root.cring.nakayama,12,remark,remark,16,23,16,23,,,e45b2187372fc015f2924610020723b1887c5d460d441ed795f2c28d4434ffed,d0273cc87628942170913fb454470614bef6420a9fa293d615a2d544c844eea4,,section.nakayama.0001,
formula.nakayama.0010,root.cring.nakayama,13,formula,inline-dollar,18,18,18,18,,,29742240025756815de7b4dc24b2f1de69b9148b4ec37f961ccb4d9b4836ab30,29742240025756815de7b4dc24b2f1de69b9148b4ec37f961ccb4d9b4836ab30,29742240025756815de7b4dc24b2f1de69b9148b4ec37f961ccb4d9b4836ab30,section.nakayama.0001,
formula.nakayama.0011,root.cring.nakayama,14,formula,display-bracket,19,19,19,19,,,eb2e4654c3f33559cfe2c2e70100ed181145006e2870e9b90bc6b8c3711dfceb,eb2e4654c3f33559cfe2c2e70100ed181145006e2870e9b90bc6b8c3711dfceb,7618ef76bec5309b117aefc1e8bbf2e13b808c3d8d8dfd0a352bc045c36e07fc,section.nakayama.0001,
formula.nakayama.0012,root.cring.nakayama,15,formula,inline-dollar,21,21,21,21,,,ce803c47cd6a611dce5ebdbc6abda57673a051f09a660b3b793ea3887d680158,ce803c47cd6a611dce5ebdbc6abda57673a051f09a660b3b793ea3887d680158,ce803c47cd6a611dce5ebdbc6abda57673a051f09a660b3b793ea3887d680158,section.nakayama.0001,
theorem.nakayama.0002,root.cring.nakayama,16,theorem,corollary,30,35,30,35,,,2f157ab84fdd23337c8cca91614f37c980aa4277ed2609abcfaa8f8cfd65ecf4,04b4ce274fc952def98f6775541f30a1b538cce1970a7ca1a0f8510c6b107208,,section.nakayama.0001,
formula.nakayama.0013,root.cring.nakayama,17,formula,inline-dollar,31,31,31,31,,,a28faf6143663643c867a9e6316c985e9cef6a6ed418572e97343866efcfe288,a28faf6143663643c867a9e6316c985e9cef6a6ed418572e97343866efcfe288,a28faf6143663643c867a9e6316c985e9cef6a6ed418572e97343866efcfe288,section.nakayama.0001,
formula.nakayama.0014,root.cring.nakayama,18,formula,inline-dollar,31,31,31,31,,,bb4bc0183a7d484898e30fb7e41308e47e36e9e66bfcbec48d7c181b9de666c4,bb4bc0183a7d484898e30fb7e41308e47e36e9e66bfcbec48d7c181b9de666c4,bb4bc0183a7d484898e30fb7e41308e47e36e9e66bfcbec48d7c181b9de666c4,section.nakayama.0001,
formula.nakayama.0015,root.cring.nakayama,19,formula,inline-dollar,31,31,31,31,,,29742240025756815de7b4dc24b2f1de69b9148b4ec37f961ccb4d9b4836ab30,29742240025756815de7b4dc24b2f1de69b9148b4ec37f961ccb4d9b4836ab30,29742240025756815de7b4dc24b2f1de69b9148b4ec37f961ccb4d9b4836ab30,section.nakayama.0001,
formula.nakayama.0016,root.cring.nakayama,20,formula,inline-dollar,32,32,32,32,,,28523c15c0637e77dad031f31c7e72f16211e96aca8d3d1cebb610d1e016f0ca,28523c15c0637e77dad031f31c7e72f16211e96aca8d3d1cebb610d1e016f0ca,2b503231887cacf5e25bed71b1473b3d0f69d311e764b3740e7a18a26ccaa178,section.nakayama.0001,
formula.nakayama.0017,root.cring.nakayama,21,formula,inline-dollar,32,34,32,34,,,b600b939e433fb42bdb80f5bb2082a3853e0b12251ef68ea07df115dae50f9d5,b600b939e433fb42bdb80f5bb2082a3853e0b12251ef68ea07df115dae50f9d5,b4c960af6906ddae09f65f3909e3f6104d0f18ae04613ce7fa3f2c9e7aecf63f,section.nakayama.0001,
formula.nakayama.0018,root.cring.nakayama,22,formula,inline-dollar,34,34,34,34,,,45b1880e044e1ee78e39c762c51d9348e955e717f8a9f30dd8941821c533c30a,45b1880e044e1ee78e39c762c51d9348e955e717f8a9f30dd8941821c533c30a,45b1880e044e1ee78e39c762c51d9348e955e717f8a9f30dd8941821c533c30a,section.nakayama.0001,
formula.nakayama.0019,root.cring.nakayama,23,formula,inline-dollar,37,37,37,37,,,5b595e5da4328852d17fce3e9ff77b395ed7e80f45fedfe34dddc298bdbe82ca,5b595e5da4328852d17fce3e9ff77b395ed7e80f45fedfe34dddc298bdbe82ca,5b595e5da4328852d17fce3e9ff77b395ed7e80f45fedfe34dddc298bdbe82ca,section.nakayama.0001,
theorem.nakayama.0003,root.cring.nakayama,24,theorem,proposition,43,46,43,46,,,7b7b05aa125e1d41392770291fc5f4e8c1609343584d7511cc12315d362c02b4,821a1647cb883c19f0d6b2d11bad2392e82302344d094bbb78ef90c17d90eede,,section.nakayama.0001,
formula.nakayama.0020,root.cring.nakayama,25,formula,inline-dollar,44,44,44,44,,,29742240025756815de7b4dc24b2f1de69b9148b4ec37f961ccb4d9b4836ab30,29742240025756815de7b4dc24b2f1de69b9148b4ec37f961ccb4d9b4836ab30,29742240025756815de7b4dc24b2f1de69b9148b4ec37f961ccb4d9b4836ab30,section.nakayama.0001,
formula.nakayama.0021,root.cring.nakayama,26,formula,inline-dollar,44,44,44,44,,,a28faf6143663643c867a9e6316c985e9cef6a6ed418572e97343866efcfe288,a28faf6143663643c867a9e6316c985e9cef6a6ed418572e97343866efcfe288,a28faf6143663643c867a9e6316c985e9cef6a6ed418572e97343866efcfe288,section.nakayama.0001,
formula.nakayama.0022,root.cring.nakayama,27,formula,inline-dollar,44,44,44,44,,,a1476d14f5defdec16ce77554e037b0590c6aa5e0e171734fe94ceed4295cafe,a1476d14f5defdec16ce77554e037b0590c6aa5e0e171734fe94ceed4295cafe,e143e8e3d3e72d47f4e9a32aa5516cef9fd9c85c7a11ecda94d63f5be15606c2,section.nakayama.0001,
formula.nakayama.0023,root.cring.nakayama,28,formula,inline-dollar,45,45,45,45,,,e7063969c12b4195a4047d073d8f77ed89fdf7a29112de8cab33c06385206ea3,e7063969c12b4195a4047d073d8f77ed89fdf7a29112de8cab33c06385206ea3,2a2026cd407e3cd4f8556b6e90683ab7542c1569b285bf235f41f252084119c4,section.nakayama.0001,
formula.nakayama.0024,root.cring.nakayama,29,formula,inline-dollar,45,45,45,45,,,8d87680b693988bb54594539aae9e7a008b053005e5c3f070682bb77d2502d46,8d87680b693988bb54594539aae9e7a008b053005e5c3f070682bb77d2502d46,a29844dbd2c42808f7be9ae7824fb5ab7f1c1a39a32c44ba16f3527780332c2b,section.nakayama.0001,
formula.nakayama.0025,root.cring.nakayama,30,formula,inline-dollar,45,45,45,45,,,c6ab3b4b50da86c658addbf2e6e66591ed89d055e6ea84a081b2f2674983d734,c6ab3b4b50da86c658addbf2e6e66591ed89d055e6ea84a081b2f2674983d734,e5c2c3ebd776d14779db63eb754521fc03a7b14dd050ac5d907ef2d2c0336408,section.nakayama.0001,
formula.nakayama.0026,root.cring.nakayama,31,formula,inline-dollar,48,48,48,48,,,2fb093a163ff206be29a432b314ca7c32de6bb0303b3bcee14d728706412b4d1,2fb093a163ff206be29a432b314ca7c32de6bb0303b3bcee14d728706412b4d1,2fb093a163ff206be29a432b314ca7c32de6bb0303b3bcee14d728706412b4d1,section.nakayama.0001,
formula.nakayama.0027,root.cring.nakayama,32,formula,inline-dollar,48,48,48,48,,,401c22f57c1a7b3fd9bfbab993a1217702bf668f556921022a06b811573d8f24,401c22f57c1a7b3fd9bfbab993a1217702bf668f556921022a06b811573d8f24,401c22f57c1a7b3fd9bfbab993a1217702bf668f556921022a06b811573d8f24,section.nakayama.0001,
formula.nakayama.0028,root.cring.nakayama,33,formula,inline-dollar,48,48,48,48,,,0197dc6808366c0ea37d18ce5977499abf8c4998d88b07df606d3620229f14fe,0197dc6808366c0ea37d18ce5977499abf8c4998d88b07df606d3620229f14fe,0197dc6808366c0ea37d18ce5977499abf8c4998d88b07df606d3620229f14fe,section.nakayama.0001,
formula.nakayama.0029,root.cring.nakayama,34,formula,inline-dollar,51,51,51,51,,,29742240025756815de7b4dc24b2f1de69b9148b4ec37f961ccb4d9b4836ab30,29742240025756815de7b4dc24b2f1de69b9148b4ec37f961ccb4d9b4836ab30,29742240025756815de7b4dc24b2f1de69b9148b4ec37f961ccb4d9b4836ab30,section.nakayama.0001,
formula.nakayama.0030,root.cring.nakayama,35,formula,inline-dollar,51,51,51,51,,,d25387aabea8fb9a73fe6ebb2469d7dd09bf9ef3d7feaa5927aa02a12735cb79,d25387aabea8fb9a73fe6ebb2469d7dd09bf9ef3d7feaa5927aa02a12735cb79,eb279d2be27841b81673f598bfd6c852dc08548e6af4706672446bd32af2c069,section.nakayama.0001,
formula.nakayama.0031,root.cring.nakayama,36,formula,inline-dollar,52,52,52,52,,,29742240025756815de7b4dc24b2f1de69b9148b4ec37f961ccb4d9b4836ab30,29742240025756815de7b4dc24b2f1de69b9148b4ec37f961ccb4d9b4836ab30,29742240025756815de7b4dc24b2f1de69b9148b4ec37f961ccb4d9b4836ab30,section.nakayama.0001,
formula.nakayama.0032,root.cring.nakayama,37,formula,inline-dollar,53,53,53,53,,,2c816a889b8bfc4563c5cd36d6ff461dc165d5b66864a889502b44bd0a72398b,2c816a889b8bfc4563c5cd36d6ff461dc165d5b66864a889502b44bd0a72398b,2c816a889b8bfc4563c5cd36d6ff461dc165d5b66864a889502b44bd0a72398b,section.nakayama.0001,
formula.nakayama.0033,root.cring.nakayama,38,formula,inline-dollar,53,53,53,53,,,203b07840a65fa52c29f3c9a3971bc714642ed21606f427daf952d3394274d3c,203b07840a65fa52c29f3c9a3971bc714642ed21606f427daf952d3394274d3c,554b25e50accbe3b4a610a225eb346f923ec6ecee957743894f0296016807d83,section.nakayama.0001,
formula.nakayama.0034,root.cring.nakayama,39,formula,inline-dollar,54,54,54,54,,,2c816a889b8bfc4563c5cd36d6ff461dc165d5b66864a889502b44bd0a72398b,2c816a889b8bfc4563c5cd36d6ff461dc165d5b66864a889502b44bd0a72398b,2c816a889b8bfc4563c5cd36d6ff461dc165d5b66864a889502b44bd0a72398b,section.nakayama.0001,
formula.nakayama.0035,root.cring.nakayama,40,formula,display-bracket,55,55,55,55,,,97e3fa2cfb858f9f1feb6508231de367cc96548d25cc775a219412a6f291f70a,3f1985403dac82da55c144787f4969ef20dd76b26274338c30699dd007581bee,d055559fdbf2cd1d7ac3b79b0cb479696212dfa79b1b066090bd0a91cc8711e4,section.nakayama.0001,
formula.nakayama.0036,root.cring.nakayama,41,formula,inline-dollar,56,56,56,56,,,df91b9d8bde2bd79d3cb76137bd81f2206b660c9b7f45db5c393b3dc8b225e3e,df91b9d8bde2bd79d3cb76137bd81f2206b660c9b7f45db5c393b3dc8b225e3e,df91b9d8bde2bd79d3cb76137bd81f2206b660c9b7f45db5c393b3dc8b225e3e,section.nakayama.0001,
formula.nakayama.0037,root.cring.nakayama,42,formula,inline-dollar,56,56,56,56,,,8cf260afbc1b8e81682aedadb4fa089bb2be4f8ef851918de2ed24526e031be9,8cf260afbc1b8e81682aedadb4fa089bb2be4f8ef851918de2ed24526e031be9,8cf260afbc1b8e81682aedadb4fa089bb2be4f8ef851918de2ed24526e031be9,section.nakayama.0001,
formula.nakayama.0038,root.cring.nakayama,43,formula,inline-dollar,56,56,56,56,,,df91b9d8bde2bd79d3cb76137bd81f2206b660c9b7f45db5c393b3dc8b225e3e,df91b9d8bde2bd79d3cb76137bd81f2206b660c9b7f45db5c393b3dc8b225e3e,df91b9d8bde2bd79d3cb76137bd81f2206b660c9b7f45db5c393b3dc8b225e3e,section.nakayama.0001,
formula.nakayama.0039,root.cring.nakayama,44,formula,inline-dollar,57,57,57,57,,,76d23adbdf1c829b1f46b0c5ebc1abb23216178d23267ab16d8ada175d4ff5d5,76d23adbdf1c829b1f46b0c5ebc1abb23216178d23267ab16d8ada175d4ff5d5,76d23adbdf1c829b1f46b0c5ebc1abb23216178d23267ab16d8ada175d4ff5d5,section.nakayama.0001,
formula.nakayama.0040,root.cring.nakayama,45,formula,inline-dollar,57,57,57,57,,,783dafcc561391a1da61a5fdc2d0da0cddd1091921ae8cd0a984df6fd9bc136d,783dafcc561391a1da61a5fdc2d0da0cddd1091921ae8cd0a984df6fd9bc136d,783dafcc561391a1da61a5fdc2d0da0cddd1091921ae8cd0a984df6fd9bc136d,section.nakayama.0001,
formula.nakayama.0041,root.cring.nakayama,46,formula,inline-dollar,58,58,58,58,,,76d23adbdf1c829b1f46b0c5ebc1abb23216178d23267ab16d8ada175d4ff5d5,76d23adbdf1c829b1f46b0c5ebc1abb23216178d23267ab16d8ada175d4ff5d5,76d23adbdf1c829b1f46b0c5ebc1abb23216178d23267ab16d8ada175d4ff5d5,section.nakayama.0001,
formula.nakayama.0042,root.cring.nakayama,47,formula,inline-dollar,60,60,60,60,,,783dafcc561391a1da61a5fdc2d0da0cddd1091921ae8cd0a984df6fd9bc136d,783dafcc561391a1da61a5fdc2d0da0cddd1091921ae8cd0a984df6fd9bc136d,783dafcc561391a1da61a5fdc2d0da0cddd1091921ae8cd0a984df6fd9bc136d,section.nakayama.0001,
formula.nakayama.0043,root.cring.nakayama,48,formula,inline-dollar,60,60,60,60,,,bb28a9b83048a0f36a72a56394914040f7f0171b49534f6138053bdd68916943,bb28a9b83048a0f36a72a56394914040f7f0171b49534f6138053bdd68916943,bb28a9b83048a0f36a72a56394914040f7f0171b49534f6138053bdd68916943,section.nakayama.0001,
formula.nakayama.0044,root.cring.nakayama,49,formula,inline-dollar,60,60,60,60,,,bb28a9b83048a0f36a72a56394914040f7f0171b49534f6138053bdd68916943,bb28a9b83048a0f36a72a56394914040f7f0171b49534f6138053bdd68916943,bb28a9b83048a0f36a72a56394914040f7f0171b49534f6138053bdd68916943,section.nakayama.0001,
formula.nakayama.0045,root.cring.nakayama,50,formula,inline-dollar,60,60,60,60,,,a28faf6143663643c867a9e6316c985e9cef6a6ed418572e97343866efcfe288,a28faf6143663643c867a9e6316c985e9cef6a6ed418572e97343866efcfe288,a28faf6143663643c867a9e6316c985e9cef6a6ed418572e97343866efcfe288,section.nakayama.0001,
formula.nakayama.0046,root.cring.nakayama,51,formula,inline-dollar,61,61,61,61,,,2fb093a163ff206be29a432b314ca7c32de6bb0303b3bcee14d728706412b4d1,2fb093a163ff206be29a432b314ca7c32de6bb0303b3bcee14d728706412b4d1,2fb093a163ff206be29a432b314ca7c32de6bb0303b3bcee14d728706412b4d1,section.nakayama.0001,
formula.nakayama.0047,root.cring.nakayama,52,formula,inline-dollar,62,62,62,62,,,df91b9d8bde2bd79d3cb76137bd81f2206b660c9b7f45db5c393b3dc8b225e3e,df91b9d8bde2bd79d3cb76137bd81f2206b660c9b7f45db5c393b3dc8b225e3e,df91b9d8bde2bd79d3cb76137bd81f2206b660c9b7f45db5c393b3dc8b225e3e,section.nakayama.0001,
formula.nakayama.0048,root.cring.nakayama,53,formula,inline-dollar,62,62,62,62,,,2fb093a163ff206be29a432b314ca7c32de6bb0303b3bcee14d728706412b4d1,2fb093a163ff206be29a432b314ca7c32de6bb0303b3bcee14d728706412b4d1,2fb093a163ff206be29a432b314ca7c32de6bb0303b3bcee14d728706412b4d1,section.nakayama.0001,
formula.nakayama.0049,root.cring.nakayama,54,formula,inline-dollar,63,63,63,63,,,72bc3c1b3553a71d525d8715f4963adfb2b8e7e18c32f0b1b651f3e841526770,72bc3c1b3553a71d525d8715f4963adfb2b8e7e18c32f0b1b651f3e841526770,72bc3c1b3553a71d525d8715f4963adfb2b8e7e18c32f0b1b651f3e841526770,section.nakayama.0001,
formula.nakayama.0050,root.cring.nakayama,55,formula,inline-dollar,63,63,63,63,,,2fb093a163ff206be29a432b314ca7c32de6bb0303b3bcee14d728706412b4d1,2fb093a163ff206be29a432b314ca7c32de6bb0303b3bcee14d728706412b4d1,2fb093a163ff206be29a432b314ca7c32de6bb0303b3bcee14d728706412b4d1,section.nakayama.0001,
formula.nakayama.0051,root.cring.nakayama,56,formula,inline-dollar,65,65,65,65,,,8afd5b8dac18ddc2c04b4f1982af72dff76f7bc0065847775273bcabc76da45e,8afd5b8dac18ddc2c04b4f1982af72dff76f7bc0065847775273bcabc76da45e,671b8f24b103c002a8627b3d72bd2b930a772f27eb3712c9d4e7d7a75a63362a,section.nakayama.0001,
formula.nakayama.0052,root.cring.nakayama,57,formula,inline-dollar,65,65,65,65,,,4e87dc492e85725aa4c726582b5c23ca88fc5e52aa516bd0c1497bc90cf82ada,4e87dc492e85725aa4c726582b5c23ca88fc5e52aa516bd0c1497bc90cf82ada,4e87dc492e85725aa4c726582b5c23ca88fc5e52aa516bd0c1497bc90cf82ada,section.nakayama.0001,
formula.nakayama.0053,root.cring.nakayama,58,formula,inline-dollar,66,66,66,66,,,f8a13969caff6c34040010a99674cdf70b9479bcf4f28baf6132802501e740ac,f8a13969caff6c34040010a99674cdf70b9479bcf4f28baf6132802501e740ac,f8a13969caff6c34040010a99674cdf70b9479bcf4f28baf6132802501e740ac,section.nakayama.0001,
formula.nakayama.0054,root.cring.nakayama,59,formula,inline-dollar,66,66,66,66,,,df91b9d8bde2bd79d3cb76137bd81f2206b660c9b7f45db5c393b3dc8b225e3e,df91b9d8bde2bd79d3cb76137bd81f2206b660c9b7f45db5c393b3dc8b225e3e,df91b9d8bde2bd79d3cb76137bd81f2206b660c9b7f45db5c393b3dc8b225e3e,section.nakayama.0001,
formula.nakayama.0055,root.cring.nakayama,60,formula,inline-dollar,67,67,67,67,,,f8a13969caff6c34040010a99674cdf70b9479bcf4f28baf6132802501e740ac,f8a13969caff6c34040010a99674cdf70b9479bcf4f28baf6132802501e740ac,f8a13969caff6c34040010a99674cdf70b9479bcf4f28baf6132802501e740ac,section.nakayama.0001,
formula.nakayama.0056,root.cring.nakayama,61,formula,inline-dollar,68,68,68,68,,,76d23adbdf1c829b1f46b0c5ebc1abb23216178d23267ab16d8ada175d4ff5d5,76d23adbdf1c829b1f46b0c5ebc1abb23216178d23267ab16d8ada175d4ff5d5,76d23adbdf1c829b1f46b0c5ebc1abb23216178d23267ab16d8ada175d4ff5d5,section.nakayama.0001,
formula.nakayama.0057,root.cring.nakayama,62,formula,inline-dollar,68,68,68,68,,,e5c2c3ebd776d14779db63eb754521fc03a7b14dd050ac5d907ef2d2c0336408,e5c2c3ebd776d14779db63eb754521fc03a7b14dd050ac5d907ef2d2c0336408,e5c2c3ebd776d14779db63eb754521fc03a7b14dd050ac5d907ef2d2c0336408,section.nakayama.0001,
theorem.nakayama.0004,root.cring.nakayama,63,theorem,proposition,74,77,74,77,,,90f6a68c4db104a7d961e0e0ba6e92806da9ecad82b9ab4390cd387245ca12e1,fea6f53a0de26a254164391570c2b132926138416f2891ec0bacc433c8891b9a,,section.nakayama.0001,label.nakayama.0002
formula.nakayama.0058,root.cring.nakayama,64,formula,inline-dollar,75,75,75,75,,,a28faf6143663643c867a9e6316c985e9cef6a6ed418572e97343866efcfe288,a28faf6143663643c867a9e6316c985e9cef6a6ed418572e97343866efcfe288,a28faf6143663643c867a9e6316c985e9cef6a6ed418572e97343866efcfe288,section.nakayama.0001,
formula.nakayama.0059,root.cring.nakayama,65,formula,inline-dollar,75,75,75,75,,,c8f02a33709def358429967a8c1f402f5baab98fc6ea5a76727dda167714332e,c8f02a33709def358429967a8c1f402f5baab98fc6ea5a76727dda167714332e,ad3337ea466e110f010a458938ec5962bd3ffae7c67ecda679d550652565919a,section.nakayama.0001,
formula.nakayama.0060,root.cring.nakayama,66,formula,inline-dollar,75,75,75,75,,,2e0f9e300fc44f0522e6b4614f075bc2681c8f5fb97772c5a5c427244c8a088d,2e0f9e300fc44f0522e6b4614f075bc2681c8f5fb97772c5a5c427244c8a088d,2da93e9bd76f130052acd3f76a5958e606758f1517aaf8ad9065523ca320fc3c,section.nakayama.0001,
formula.nakayama.0061,root.cring.nakayama,67,formula,inline-dollar,76,76,76,76,,,4a1f941b3c6f426ec08de78c17e2f80f07a8b789701ba6b25126da00fab1231c,4a1f941b3c6f426ec08de78c17e2f80f07a8b789701ba6b25126da00fab1231c,4a1f941b3c6f426ec08de78c17e2f80f07a8b789701ba6b25126da00fab1231c,section.nakayama.0001,
formula.nakayama.0062,root.cring.nakayama,68,formula,inline-dollar,79,79,79,79,,,3168e9969b983ab2a087045434e6d7c2a88703e2a465d4669d79593c28fd7182,3168e9969b983ab2a087045434e6d7c2a88703e2a465d4669d79593c28fd7182,9b580dd92484317b5db2bfa82c075bfba1d726606328b7fdc0d66f26aa45456c,section.nakayama.0001,
formula.nakayama.0063,root.cring.nakayama,69,formula,inline-dollar,79,79,79,79,,,e1aff4b74d8026e3f7ac14029109e108e13eea9c0698cc9181f1470002a0fca8,e1aff4b74d8026e3f7ac14029109e108e13eea9c0698cc9181f1470002a0fca8,53037338a8f9217029901ef172523d91605da68da00df42b44928c5505f61e04,section.nakayama.0001,
formula.nakayama.0064,root.cring.nakayama,70,formula,inline-dollar,79,79,79,79,,,5636a47ce38938155df05b6694f83ab6e82b249cd16ac31b02d76db93dfefae0,5636a47ce38938155df05b6694f83ab6e82b249cd16ac31b02d76db93dfefae0,071cd0b7d525c6e0947eefffc5ad7caf6cfe494443399577ad3e48dbf8698828,section.nakayama.0001,
formula.nakayama.0065,root.cring.nakayama,71,formula,display-bracket,81,81,81,81,,,58aa951c54806dbac6536b672f0b5e086231115b360d7e0c72d89c0ccda4c4ac,58aa951c54806dbac6536b672f0b5e086231115b360d7e0c72d89c0ccda4c4ac,3b5b9a57ef659889d52ac6c2e4c6e206d654dcfe595b98b5a04aee015dcb7731,section.nakayama.0001,
formula.nakayama.0066,root.cring.nakayama,72,formula,inline-dollar,82,82,82,82,,,8ec031867adf89852421c0bcd55027e91acff90458f56a7aca7d86ce7fddb123,8ec031867adf89852421c0bcd55027e91acff90458f56a7aca7d86ce7fddb123,c8669cd1a0db928d9f8502471caf74a59add1949acc6c279c663ef3aca38200d,section.nakayama.0001,
formula.nakayama.0067,root.cring.nakayama,73,formula,inline-dollar,82,82,82,82,,,bead6513981f86c92c1b955f22650cf775ed108fa2975e5e5866501cd938a193,bead6513981f86c92c1b955f22650cf775ed108fa2975e5e5866501cd938a193,bead6513981f86c92c1b955f22650cf775ed108fa2975e5e5866501cd938a193,section.nakayama.0001,
formula.nakayama.0068,root.cring.nakayama,74,formula,inline-dollar,82,82,82,82,,,757ddcbdbfd061b75451a1bf90fc328217eb1c179c9b8bc171dea423dce959ec,757ddcbdbfd061b75451a1bf90fc328217eb1c179c9b8bc171dea423dce959ec,590d71e17ff86a0c30e66f2897355860b8d93524a956a280373770cc7273bd09,section.nakayama.0001,
exercise.nakayama.0001,root.cring.nakayama,75,exercise,exercise,85,87,85,87,,,9382f2ec40b27c846f61566e64dd1249e0ee0a5995442bf20d902a47f66a4023,9658530a601420a745addec49bda26424c418880427b6c2f3848a2b4590b6b3a,,section.nakayama.0001,
exercise.nakayama.0002,root.cring.nakayama,76,exercise,exercise,89,95,89,95,,,170090829ee6c79177651d9fbd27dbe2e401459c04733a35d1077c7c5c7903da,8fecf7e14b202673da68e111eb0188d89cdb375ca235bc78adee87d8562df9a2,,section.nakayama.0001,
formula.nakayama.0069,root.cring.nakayama,77,formula,inline-dollar,90,90,90,90,,,29742240025756815de7b4dc24b2f1de69b9148b4ec37f961ccb4d9b4836ab30,29742240025756815de7b4dc24b2f1de69b9148b4ec37f961ccb4d9b4836ab30,29742240025756815de7b4dc24b2f1de69b9148b4ec37f961ccb4d9b4836ab30,section.nakayama.0001,
formula.nakayama.0070,root.cring.nakayama,78,formula,inline-dollar,90,90,90,90,,,a28faf6143663643c867a9e6316c985e9cef6a6ed418572e97343866efcfe288,a28faf6143663643c867a9e6316c985e9cef6a6ed418572e97343866efcfe288,a28faf6143663643c867a9e6316c985e9cef6a6ed418572e97343866efcfe288,section.nakayama.0001,
formula.nakayama.0071,root.cring.nakayama,79,formula,inline-dollar,90,90,90,90,,,befe69ab2e06751195caff5d8c133dad7717242168b9d841bf39c5b9fd9ba0eb,befe69ab2e06751195caff5d8c133dad7717242168b9d841bf39c5b9fd9ba0eb,4799ed9f5e2ef1b2d1774978f4e6c3548673430fd7978b5a7b203cdf9fe6e92a,section.nakayama.0001,
formula.nakayama.0072,root.cring.nakayama,80,formula,inline-dollar,91,91,91,91,,,b20bffe0e63b122310b52301abcb90bf1efe431d4f188633a0268af511954cfd,b20bffe0e63b122310b52301abcb90bf1efe431d4f188633a0268af511954cfd,b20bffe0e63b122310b52301abcb90bf1efe431d4f188633a0268af511954cfd,section.nakayama.0001,
formula.nakayama.0073,root.cring.nakayama,81,formula,inline-dollar,91,91,91,91,,,29742240025756815de7b4dc24b2f1de69b9148b4ec37f961ccb4d9b4836ab30,29742240025756815de7b4dc24b2f1de69b9148b4ec37f961ccb4d9b4836ab30,29742240025756815de7b4dc24b2f1de69b9148b4ec37f961ccb4d9b4836ab30,section.nakayama.0001,
formula.nakayama.0074,root.cring.nakayama,82,formula,inline-dollar,92,92,92,92,,,6f98bff3eb2f1b6571f3394eec7a1aa749c8dc5854f335fe882cae339c5a3cd9,6f98bff3eb2f1b6571f3394eec7a1aa749c8dc5854f335fe882cae339c5a3cd9,6f98bff3eb2f1b6571f3394eec7a1aa749c8dc5854f335fe882cae339c5a3cd9,section.nakayama.0001,
formula.nakayama.0075,root.cring.nakayama,83,formula,inline-dollar,92,92,92,92,,,4042df424b41d18c79c774cff2736c4002b902ff2ce7e45779b31062f819d1cd,4042df424b41d18c79c774cff2736c4002b902ff2ce7e45779b31062f819d1cd,4042df424b41d18c79c774cff2736c4002b902ff2ce7e45779b31062f819d1cd,section.nakayama.0001,
formula.nakayama.0076,root.cring.nakayama,84,formula,inline-dollar,92,92,92,92,,,b20bffe0e63b122310b52301abcb90bf1efe431d4f188633a0268af511954cfd,b20bffe0e63b122310b52301abcb90bf1efe431d4f188633a0268af511954cfd,b20bffe0e63b122310b52301abcb90bf1efe431d4f188633a0268af511954cfd,section.nakayama.0001,
formula.nakayama.0077,root.cring.nakayama,85,formula,inline-dollar,92,92,92,92,,,73f27c8fc2e0546c7fac2f85223f97c2a0e4c2ed0e5c7a015428479683087e3b,73f27c8fc2e0546c7fac2f85223f97c2a0e4c2ed0e5c7a015428479683087e3b,7677e71e9efdc818bb984af4abb87cfe075d5cafead5d1257b47b128eeb5bd8d,section.nakayama.0001,
formula.nakayama.0078,root.cring.nakayama,86,formula,inline-dollar,93,93,93,93,,,bc407a05a876d3c20549c717999fe223e14b9c5ef9ab5b72c993e113a4f3f0e6,bc407a05a876d3c20549c717999fe223e14b9c5ef9ab5b72c993e113a4f3f0e6,fb9aba93172fd48f33d1ab5f41469a980dcef2ba3698d65d920537edbe3c51b1,section.nakayama.0001,
formula.nakayama.0079,root.cring.nakayama,87,formula,inline-dollar,93,93,93,93,,,c58c9eac723d9bb197fa7f746b111eb46b16f559d3943a5c0c9398d55b41f574,c58c9eac723d9bb197fa7f746b111eb46b16f559d3943a5c0c9398d55b41f574,c58c9eac723d9bb197fa7f746b111eb46b16f559d3943a5c0c9398d55b41f574,section.nakayama.0001,
formula.nakayama.0080,root.cring.nakayama,88,formula,inline-dollar,94,94,94,94,,,29742240025756815de7b4dc24b2f1de69b9148b4ec37f961ccb4d9b4836ab30,29742240025756815de7b4dc24b2f1de69b9148b4ec37f961ccb4d9b4836ab30,29742240025756815de7b4dc24b2f1de69b9148b4ec37f961ccb4d9b4836ab30,section.nakayama.0001,
formula.nakayama.0081,root.cring.nakayama,89,formula,inline-dollar,94,94,94,94,,,fe7874aeb794ab005318578e5470642dc40aba602873c1ee426aa828d0b6ea9e,fe7874aeb794ab005318578e5470642dc40aba602873c1ee426aa828d0b6ea9e,fe7874aeb794ab005318578e5470642dc40aba602873c1ee426aa828d0b6ea9e,section.nakayama.0001,
exercise.nakayama.0003,root.cring.nakayama,90,exercise,exercise,97,100,97,100,,,b1d3c99efa46c1450980a443b8ec6ff6b2e8e7643e1079174f6aee4c0b021091,be9dfb1f216ec0f99d35513e0c414df8d6077d8705878c37a9f86b1774c3184b,,section.nakayama.0001,
exercise.nakayama.0004,root.cring.nakayama,91,exercise,exercise,101,107,101,107,,,6a072d40aa99137fd3262b2e65147d2dde45cd08c9107150c56e4d7b156d34e2,05506417bfeafd07fff5b4a5c4b00a2dee287318c0abf4efd4b0d46167523e98,,section.nakayama.0001,
formula.nakayama.0082,root.cring.nakayama,92,formula,inline-dollar,102,102,102,102,,,29742240025756815de7b4dc24b2f1de69b9148b4ec37f961ccb4d9b4836ab30,29742240025756815de7b4dc24b2f1de69b9148b4ec37f961ccb4d9b4836ab30,29742240025756815de7b4dc24b2f1de69b9148b4ec37f961ccb4d9b4836ab30,section.nakayama.0001,
formula.nakayama.0083,root.cring.nakayama,93,formula,inline-dollar,102,102,102,102,,,a28faf6143663643c867a9e6316c985e9cef6a6ed418572e97343866efcfe288,a28faf6143663643c867a9e6316c985e9cef6a6ed418572e97343866efcfe288,a28faf6143663643c867a9e6316c985e9cef6a6ed418572e97343866efcfe288,section.nakayama.0001,
formula.nakayama.0084,root.cring.nakayama,94,formula,inline-dollar,102,102,102,102,,,53749911cb7a988521481688c7e3426d6fd9e9f8875313c786d26117779fb506,53749911cb7a988521481688c7e3426d6fd9e9f8875313c786d26117779fb506,53749911cb7a988521481688c7e3426d6fd9e9f8875313c786d26117779fb506,section.nakayama.0001,
formula.nakayama.0085,root.cring.nakayama,95,formula,inline-dollar,104,104,104,104,,,a28faf6143663643c867a9e6316c985e9cef6a6ed418572e97343866efcfe288,a28faf6143663643c867a9e6316c985e9cef6a6ed418572e97343866efcfe288,a28faf6143663643c867a9e6316c985e9cef6a6ed418572e97343866efcfe288,section.nakayama.0001,
formula.nakayama.0086,root.cring.nakayama,96,formula,inline-dollar,104,104,104,104,,,0ead63be051759c6145017ecdd37c484304e224d05ccecb13dafab642eb0e357,0ead63be051759c6145017ecdd37c484304e224d05ccecb13dafab642eb0e357,1fa4e00900b5a4376442e07a41f0cc4311db887b11ee1b6a3df906686740fa81,section.nakayama.0001,
formula.nakayama.0087,root.cring.nakayama,97,formula,inline-dollar,105,106,105,106,,,e5934477b0cfccb10b7ada3fb9a0811d3bd4c62f5cff4fa9964ec37d9551264e,e5934477b0cfccb10b7ada3fb9a0811d3bd4c62f5cff4fa9964ec37d9551264e,0197dc6808366c0ea37d18ce5977499abf8c4998d88b07df606d3620229f14fe,section.nakayama.0001,
exercise.nakayama.0005,root.cring.nakayama,98,exercise,exercise,109,113,109,113,A converse to Nakayama's lemma,Kebalikan Lema Nakayama,ace7998296c587a79db27737ae2a435bd42fac8a5bd3d3c3384ced414d13c577,930ffaf89e5a9a9098d1728cad6bda91da193e9173a476108828b190edd3cc3f,,section.nakayama.0001,
formula.nakayama.0088,root.cring.nakayama,99,formula,inline-dollar,110,110,110,110,,,a28faf6143663643c867a9e6316c985e9cef6a6ed418572e97343866efcfe288,a28faf6143663643c867a9e6316c985e9cef6a6ed418572e97343866efcfe288,a28faf6143663643c867a9e6316c985e9cef6a6ed418572e97343866efcfe288,section.nakayama.0001,
formula.nakayama.0089,root.cring.nakayama,100,formula,inline-dollar,110,110,110,110,,,9c70a3620bf3332cf0ca0287c9fb9d56bfb36d9e71b4bf6b748427673af467dd,9c70a3620bf3332cf0ca0287c9fb9d56bfb36d9e71b4bf6b748427673af467dd,dc34b6264ee9d09a908ed18e63b281baef3fda6b1857d522ada5dfd5d2916608,section.nakayama.0001,
formula.nakayama.0090,root.cring.nakayama,101,formula,inline-dollar,111,111,111,111,,,d91924481d04e709d14dafa6c08cf24d2aafc400eeeb032306decb70362560e4,d91924481d04e709d14dafa6c08cf24d2aafc400eeeb032306decb70362560e4,ad4c3f13e13b680e89ef5026e09f3899a0fbf5de13ddcb37e09f4ec8351661dc,section.nakayama.0001,
formula.nakayama.0091,root.cring.nakayama,102,formula,inline-dollar,112,112,111,111,,,a28faf6143663643c867a9e6316c985e9cef6a6ed418572e97343866efcfe288,a28faf6143663643c867a9e6316c985e9cef6a6ed418572e97343866efcfe288,a28faf6143663643c867a9e6316c985e9cef6a6ed418572e97343866efcfe288,section.nakayama.0001,
formula.nakayama.0092,root.cring.nakayama,103,formula,inline-dollar,112,112,112,112,,,3b0d2f3e94b3fe169c48d08754606226c68ea1ff6066f8c75c967a0fce5add20,3b0d2f3e94b3fe169c48d08754606226c68ea1ff6066f8c75c967a0fce5add20,3b0d2f3e94b3fe169c48d08754606226c68ea1ff6066f8c75c967a0fce5add20,section.nakayama.0001,
formula.nakayama.0093,root.cring.nakayama,104,formula,inline-dollar,112,112,112,112,,,a28faf6143663643c867a9e6316c985e9cef6a6ed418572e97343866efcfe288,a28faf6143663643c867a9e6316c985e9cef6a6ed418572e97343866efcfe288,a28faf6143663643c867a9e6316c985e9cef6a6ed418572e97343866efcfe288,section.nakayama.0001,
exercise.nakayama.0006,root.cring.nakayama,105,exercise,exercise,116,124,116,124,,,2d687008fa430c6b46deb99cbab5d7e66cc846b9f48f5bdbae34ebfdad04b657,f05ee6ddfb2c6e82e1bc97c2938af7f9722cebc970241712c45afab7fadf0e42,,section.nakayama.0001,
formula.nakayama.0094,root.cring.nakayama,106,formula,inline-dollar,117,117,117,117,,,a28faf6143663643c867a9e6316c985e9cef6a6ed418572e97343866efcfe288,a28faf6143663643c867a9e6316c985e9cef6a6ed418572e97343866efcfe288,a28faf6143663643c867a9e6316c985e9cef6a6ed418572e97343866efcfe288,section.nakayama.0001,
formula.nakayama.0095,root.cring.nakayama,107,formula,inline-dollar,118,118,118,118,,,bb4bc0183a7d484898e30fb7e41308e47e36e9e66bfcbec48d7c181b9de666c4,bb4bc0183a7d484898e30fb7e41308e47e36e9e66bfcbec48d7c181b9de666c4,bb4bc0183a7d484898e30fb7e41308e47e36e9e66bfcbec48d7c181b9de666c4,section.nakayama.0001,
formula.nakayama.0096,root.cring.nakayama,108,formula,inline-dollar,118,118,118,118,,,29742240025756815de7b4dc24b2f1de69b9148b4ec37f961ccb4d9b4836ab30,29742240025756815de7b4dc24b2f1de69b9148b4ec37f961ccb4d9b4836ab30,29742240025756815de7b4dc24b2f1de69b9148b4ec37f961ccb4d9b4836ab30,section.nakayama.0001,
formula.nakayama.0097,root.cring.nakayama,109,formula,inline-dollar,119,119,119,119,,,17d1f3ee6f4dd647a475049d6a227d23a14653081b58eff24ad4664b278c85f4,17d1f3ee6f4dd647a475049d6a227d23a14653081b58eff24ad4664b278c85f4,69a77ccd28a5f27e873b4e1cec31a3c941ee4ff8862831abdae1f2cef5e83ccd,section.nakayama.0001,
formula.nakayama.0098,root.cring.nakayama,110,formula,inline-dollar,119,119,119,119,,,bb28a9b83048a0f36a72a56394914040f7f0171b49534f6138053bdd68916943,bb28a9b83048a0f36a72a56394914040f7f0171b49534f6138053bdd68916943,bb28a9b83048a0f36a72a56394914040f7f0171b49534f6138053bdd68916943,section.nakayama.0001,
formula.nakayama.0099,root.cring.nakayama,111,formula,inline-dollar,119,119,119,119,,,29742240025756815de7b4dc24b2f1de69b9148b4ec37f961ccb4d9b4836ab30,29742240025756815de7b4dc24b2f1de69b9148b4ec37f961ccb4d9b4836ab30,29742240025756815de7b4dc24b2f1de69b9148b4ec37f961ccb4d9b4836ab30,section.nakayama.0001,
formula.nakayama.0100,root.cring.nakayama,112,formula,inline-dollar,120,120,120,120,,,a047df7bf07f65e4996e30b1dd1a6e486419e7b30d2e3cc25afb3f2ea8c2fa92,a047df7bf07f65e4996e30b1dd1a6e486419e7b30d2e3cc25afb3f2ea8c2fa92,a047df7bf07f65e4996e30b1dd1a6e486419e7b30d2e3cc25afb3f2ea8c2fa92,section.nakayama.0001,
formula.nakayama.0101,root.cring.nakayama,113,formula,inline-dollar,120,120,120,120,,,35f20457c05afc8f61014a6877699abb6c6d77669ab3deddb84d9e46eff0fb26,35f20457c05afc8f61014a6877699abb6c6d77669ab3deddb84d9e46eff0fb26,e826e7fc74fb15ff57edcd620f6c1e0c7fa99c92be3a57d7f1c3356390414758,section.nakayama.0001,
formula.nakayama.0102,root.cring.nakayama,114,formula,inline-dollar,120,121,120,121,,,8c46d2d0dafcb061c441afdda66af8dd1ba4438ba740e6564bfffc9df9b73dc9,8c46d2d0dafcb061c441afdda66af8dd1ba4438ba740e6564bfffc9df9b73dc9,f07486981dcbabedeb91bfc1c53850275ccaf648c108f8637440ccca3b38028f,section.nakayama.0001,
formula.nakayama.0103,root.cring.nakayama,115,formula,inline-dollar,121,121,121,121,,,a266d9c76d1360132b0a499ebc19994219d0e7d664d1ffb4d2641f9138a383ea,a266d9c76d1360132b0a499ebc19994219d0e7d664d1ffb4d2641f9138a383ea,ad6380fffc20abc1c0c82fe646324f8e0aea4c759b2fff9f297bbae8c7e6b760,section.nakayama.0001,
formula.nakayama.0104,root.cring.nakayama,116,formula,inline-dollar,121,121,121,121,,,fc926e2e053094d12274eaf384571f89d7737076907413559e8f11638b360c53,fc926e2e053094d12274eaf384571f89d7737076907413559e8f11638b360c53,fc926e2e053094d12274eaf384571f89d7737076907413559e8f11638b360c53,section.nakayama.0001,
formula.nakayama.0105,root.cring.nakayama,117,formula,inline-dollar,122,122,122,122,,,88b567dd35885843afe513c5e8e1a9573b20a6c14ab30ec23e3e8a1ba6657413,88b567dd35885843afe513c5e8e1a9573b20a6c14ab30ec23e3e8a1ba6657413,30483190bb92af5c2b26367a3105780d90e292d9e6543a26b1098c52c2986927,section.nakayama.0001,
formula.nakayama.0106,root.cring.nakayama,118,formula,inline-dollar,122,122,122,122,,,bb28a9b83048a0f36a72a56394914040f7f0171b49534f6138053bdd68916943,bb28a9b83048a0f36a72a56394914040f7f0171b49534f6138053bdd68916943,bb28a9b83048a0f36a72a56394914040f7f0171b49534f6138053bdd68916943,section.nakayama.0001,
formula.nakayama.0107,root.cring.nakayama,119,formula,inline-dollar,126,126,126,126,,,18ee5362dda0fd6ae3d88b51f8e7cb35a76a36585d27487f0590941a064681c6,18ee5362dda0fd6ae3d88b51f8e7cb35a76a36585d27487f0590941a064681c6,f1fb3f24ec7f1a862284de569b93518633c37ddae2f9588a503cd75a918571b5,section.nakayama.0001,
formula.nakayama.0108,root.cring.nakayama,120,formula,inline-dollar,126,127,126,127,,,1f62c8afb95ff00da32ee4a5ce9e87e5d157d9bf1c492d24e89cdc9962039c66,1f62c8afb95ff00da32ee4a5ce9e87e5d157d9bf1c492d24e89cdc9962039c66,2025d239d2d6c524d6890897c137d65560c1054997345bf5d8698a7163cb0284,section.nakayama.0001,
formula.nakayama.0109,root.cring.nakayama,121,formula,inline-dollar,127,127,127,127,,,5c3f8b50c09884e74f8f60e1df168a0e2350a13aa59f19e57da487a11c20aeb2,5c3f8b50c09884e74f8f60e1df168a0e2350a13aa59f19e57da487a11c20aeb2,823c32fdec7964410a9e0236f912d94661de9286a6cc7dd9916d1b34c54e8cef,section.nakayama.0001,
formula.nakayama.0110,root.cring.nakayama,122,formula,inline-dollar,128,128,128,128,,,9b3351ac84c587e0e65eb0e3b199172a1dbdc32d0d588ecaac47a7c6a5d6d1a1,9b3351ac84c587e0e65eb0e3b199172a1dbdc32d0d588ecaac47a7c6a5d6d1a1,9b3351ac84c587e0e65eb0e3b199172a1dbdc32d0d588ecaac47a7c6a5d6d1a1,section.nakayama.0001,
formula.nakayama.0111,root.cring.nakayama,123,formula,inline-dollar,129,129,129,129,,,52aa724cd85610532edda6bd01542e9b124305de908779aabc5b3441638f8e42,52aa724cd85610532edda6bd01542e9b124305de908779aabc5b3441638f8e42,94cd3f767010765c508993742a92f55a4a7e0e38b55edd84cbcc849c06476b72,section.nakayama.0001,
formula.nakayama.0112,root.cring.nakayama,124,formula,inline-dollar,130,130,130,130,,,9b3351ac84c587e0e65eb0e3b199172a1dbdc32d0d588ecaac47a7c6a5d6d1a1,9b3351ac84c587e0e65eb0e3b199172a1dbdc32d0d588ecaac47a7c6a5d6d1a1,9b3351ac84c587e0e65eb0e3b199172a1dbdc32d0d588ecaac47a7c6a5d6d1a1,section.nakayama.0001,
formula.nakayama.0113,root.cring.nakayama,125,formula,inline-dollar,131,131,131,131,,,bb4bc0183a7d484898e30fb7e41308e47e36e9e66bfcbec48d7c181b9de666c4,bb4bc0183a7d484898e30fb7e41308e47e36e9e66bfcbec48d7c181b9de666c4,bb4bc0183a7d484898e30fb7e41308e47e36e9e66bfcbec48d7c181b9de666c4,section.nakayama.0001,
formula.nakayama.0114,root.cring.nakayama,126,formula,inline-dollar,131,131,131,131,,,9de7763bbb6797fd87fa2da5f8d2214d538c056229d81632c3771e4887ad2838,9de7763bbb6797fd87fa2da5f8d2214d538c056229d81632c3771e4887ad2838,9de7763bbb6797fd87fa2da5f8d2214d538c056229d81632c3771e4887ad2838,section.nakayama.0001,
formula.nakayama.0115,root.cring.nakayama,127,formula,inline-dollar,131,131,131,131,,,9b3351ac84c587e0e65eb0e3b199172a1dbdc32d0d588ecaac47a7c6a5d6d1a1,9b3351ac84c587e0e65eb0e3b199172a1dbdc32d0d588ecaac47a7c6a5d6d1a1,9b3351ac84c587e0e65eb0e3b199172a1dbdc32d0d588ecaac47a7c6a5d6d1a1,section.nakayama.0001,
theorem.nakayama.0005,root.cring.nakayama,128,theorem,proposition,135,141,135,141,,,941202b887b8c8ebd1fc5e439ddec2bc0ad717b6c2928dded669ddcfda1a2483,bbf59a4e4c03006f8993e818c9871eb78f7d5f07f409b9260ea27e98a006d1a4,,section.nakayama.0001,label.nakayama.0003
formula.nakayama.0116,root.cring.nakayama,129,formula,inline-dollar,136,136,136,136,,,a28faf6143663643c867a9e6316c985e9cef6a6ed418572e97343866efcfe288,a28faf6143663643c867a9e6316c985e9cef6a6ed418572e97343866efcfe288,a28faf6143663643c867a9e6316c985e9cef6a6ed418572e97343866efcfe288,section.nakayama.0001,
formula.nakayama.0117,root.cring.nakayama,130,formula,inline-dollar,136,136,136,136,,,bb4bc0183a7d484898e30fb7e41308e47e36e9e66bfcbec48d7c181b9de666c4,bb4bc0183a7d484898e30fb7e41308e47e36e9e66bfcbec48d7c181b9de666c4,bb4bc0183a7d484898e30fb7e41308e47e36e9e66bfcbec48d7c181b9de666c4,section.nakayama.0001,
formula.nakayama.0118,root.cring.nakayama,131,formula,inline-dollar,136,136,136,136,,,b55a4ce3379362c728b514556f43b29401cf2692645f200e20ff0be40a4d62d5,b55a4ce3379362c728b514556f43b29401cf2692645f200e20ff0be40a4d62d5,1a6a5892736996761d8d7439f4b8069d0c09c404619829b2f4782d3e04acd52a,section.nakayama.0001,
formula.nakayama.0119,root.cring.nakayama,132,formula,inline-dollar,137,137,137,137,,,a28faf6143663643c867a9e6316c985e9cef6a6ed418572e97343866efcfe288,a28faf6143663643c867a9e6316c985e9cef6a6ed418572e97343866efcfe288,a28faf6143663643c867a9e6316c985e9cef6a6ed418572e97343866efcfe288,section.nakayama.0001,
formula.nakayama.0120,root.cring.nakayama,133,formula,inline-dollar,137,137,137,137,,,8aded4aa51f84e43e0b9cb22fc324e71013d440783372954e95f907d53d7016f,8aded4aa51f84e43e0b9cb22fc324e71013d440783372954e95f907d53d7016f,11150b50fbdb675ae0be476b852ed0092082c914e581a5844bfc7e9fbf62ae57,section.nakayama.0001,
formula.nakayama.0121,root.cring.nakayama,134,formula,inline-dollar,138,138,138,138,,,9b3351ac84c587e0e65eb0e3b199172a1dbdc32d0d588ecaac47a7c6a5d6d1a1,9b3351ac84c587e0e65eb0e3b199172a1dbdc32d0d588ecaac47a7c6a5d6d1a1,9b3351ac84c587e0e65eb0e3b199172a1dbdc32d0d588ecaac47a7c6a5d6d1a1,section.nakayama.0001,
formula.nakayama.0122,root.cring.nakayama,135,formula,inline-dollar,138,138,138,138,,,9de7763bbb6797fd87fa2da5f8d2214d538c056229d81632c3771e4887ad2838,9de7763bbb6797fd87fa2da5f8d2214d538c056229d81632c3771e4887ad2838,9de7763bbb6797fd87fa2da5f8d2214d538c056229d81632c3771e4887ad2838,section.nakayama.0001,
formula.nakayama.0123,root.cring.nakayama,136,formula,display-bracket,139,139,139,139,,,cd82da00bea35bc112846b85386f29fba164340a48cfeef82c3e4a4fa011e082,cd82da00bea35bc112846b85386f29fba164340a48cfeef82c3e4a4fa011e082,2d0145ef283e291c5fd1ae62b4377319c98735ff1c8fd634cc9e837cd3069e03,section.nakayama.0001,
formula.nakayama.0124,root.cring.nakayama,137,formula,inline-dollar,143,143,143,143,,,9b3351ac84c587e0e65eb0e3b199172a1dbdc32d0d588ecaac47a7c6a5d6d1a1,9b3351ac84c587e0e65eb0e3b199172a1dbdc32d0d588ecaac47a7c6a5d6d1a1,9b3351ac84c587e0e65eb0e3b199172a1dbdc32d0d588ecaac47a7c6a5d6d1a1,section.nakayama.0001,
formula.nakayama.0125,root.cring.nakayama,138,formula,inline-dollar,145,145,145,145,,,741af13eaefe335d7d26b4303217e26db279d7fc5f99b100edc6481d36f92474,741af13eaefe335d7d26b4303217e26db279d7fc5f99b100edc6481d36f92474,bb291b612aabdba4a830e155c843f2127e7d22edfa01ddd7434e35610241e009,section.nakayama.0001,
formula.nakayama.0126,root.cring.nakayama,139,formula,inline-dollar,145,145,145,145,,,bf55f8c1d2db6971ca5671a51ef04250b0532908f530ed68ef2c8b698c4f81b2,bf55f8c1d2db6971ca5671a51ef04250b0532908f530ed68ef2c8b698c4f81b2,55095ce99f481a0a8893b4804a4069ae71ff196431fe421a8a8a7b97ec53f7f8,section.nakayama.0001,
formula.nakayama.0127,root.cring.nakayama,140,formula,inline-dollar,145,145,145,145,,,38b4072d6e1e6233892c43e85d1f5dfe25843ae78e541310f02d506600e15a2a,38b4072d6e1e6233892c43e85d1f5dfe25843ae78e541310f02d506600e15a2a,38b4072d6e1e6233892c43e85d1f5dfe25843ae78e541310f02d506600e15a2a,section.nakayama.0001,
formula.nakayama.0128,root.cring.nakayama,141,formula,inline-dollar,146,146,146,146,,,f88bd7e1d9ce94ddf0e5509b60a8a00cdbb89054c5ffbd1730550f5cfb113794,f88bd7e1d9ce94ddf0e5509b60a8a00cdbb89054c5ffbd1730550f5cfb113794,6930382a37a2fbdb11736f43aa3fefacdc127e5e5050228b49b85340bf681863,section.nakayama.0001,
formula.nakayama.0129,root.cring.nakayama,142,formula,inline-dollar,147,147,147,147,,,9de7763bbb6797fd87fa2da5f8d2214d538c056229d81632c3771e4887ad2838,9de7763bbb6797fd87fa2da5f8d2214d538c056229d81632c3771e4887ad2838,9de7763bbb6797fd87fa2da5f8d2214d538c056229d81632c3771e4887ad2838,section.nakayama.0001,
formula.nakayama.0130,root.cring.nakayama,143,formula,inline-dollar,149,149,149,149,,,9de7763bbb6797fd87fa2da5f8d2214d538c056229d81632c3771e4887ad2838,9de7763bbb6797fd87fa2da5f8d2214d538c056229d81632c3771e4887ad2838,9de7763bbb6797fd87fa2da5f8d2214d538c056229d81632c3771e4887ad2838,section.nakayama.0001,
formula.nakayama.0131,root.cring.nakayama,144,formula,inline-dollar,149,149,149,149,,,7bf34c7faba0ffef393d1aa578aaaa31a380808de106937415f003e444925fa2,7bf34c7faba0ffef393d1aa578aaaa31a380808de106937415f003e444925fa2,88436d02e3f3b68471ecb0c687d0afefed59f03bf5e35328abfd95cb63d58c3f,section.nakayama.0001,
formula.nakayama.0132,root.cring.nakayama,145,formula,inline-dollar,150,150,150,150,,,ece49feba00b8a1812ded074f725361efa66b3c98a069a56aeb4b360bb7aee93,ece49feba00b8a1812ded074f725361efa66b3c98a069a56aeb4b360bb7aee93,ece49feba00b8a1812ded074f725361efa66b3c98a069a56aeb4b360bb7aee93,section.nakayama.0001,
formula.nakayama.0133,root.cring.nakayama,146,formula,inline-dollar,150,150,150,150,,,ac3d30d1bdab73cf70b74d4d703cfeec534ca4a51ba848067762d6b0fa5d6192,ac3d30d1bdab73cf70b74d4d703cfeec534ca4a51ba848067762d6b0fa5d6192,5f7f22da98bc6dd0c9cac4b5494d29a6f0256240bce53fed4b3f0d236b02fc8c,section.nakayama.0001,
formula.nakayama.0134,root.cring.nakayama,147,formula,inline-dollar,150,150,150,150,,,9b3351ac84c587e0e65eb0e3b199172a1dbdc32d0d588ecaac47a7c6a5d6d1a1,9b3351ac84c587e0e65eb0e3b199172a1dbdc32d0d588ecaac47a7c6a5d6d1a1,9b3351ac84c587e0e65eb0e3b199172a1dbdc32d0d588ecaac47a7c6a5d6d1a1,section.nakayama.0001,
formula.nakayama.0135,root.cring.nakayama,148,formula,inline-dollar,151,151,151,151,,,a3e1451bb7cc80545c8124bee5b47327c87dac496b949007f1e2e5853a92fba5,a3e1451bb7cc80545c8124bee5b47327c87dac496b949007f1e2e5853a92fba5,a3e1451bb7cc80545c8124bee5b47327c87dac496b949007f1e2e5853a92fba5,section.nakayama.0001,
formula.nakayama.0136,root.cring.nakayama,149,formula,inline-dollar,151,151,151,151,,,84b9141d26b454a03a400b3082fc77deca3275c198ef08c130626cd21f14cde8,84b9141d26b454a03a400b3082fc77deca3275c198ef08c130626cd21f14cde8,3e73b1f08f78d817800ff3cef6b95178090658542547ae43a1c1cf3eb94ea2d7,section.nakayama.0001,
formula.nakayama.0137,root.cring.nakayama,150,formula,inline-dollar,152,152,152,152,,,ce803c47cd6a611dce5ebdbc6abda57673a051f09a660b3b793ea3887d680158,ce803c47cd6a611dce5ebdbc6abda57673a051f09a660b3b793ea3887d680158,ce803c47cd6a611dce5ebdbc6abda57673a051f09a660b3b793ea3887d680158,section.nakayama.0001,
formula.nakayama.0138,root.cring.nakayama,151,formula,inline-dollar,152,152,152,152,,,c2de0bd7f16b271eda6801cda18833f2f9dcba8c232226e5c98dd1b4d085eff9,c2de0bd7f16b271eda6801cda18833f2f9dcba8c232226e5c98dd1b4d085eff9,c2de0bd7f16b271eda6801cda18833f2f9dcba8c232226e5c98dd1b4d085eff9,section.nakayama.0001,
formula.nakayama.0139,root.cring.nakayama,152,formula,inline-dollar,153,153,153,153,,,c2de0bd7f16b271eda6801cda18833f2f9dcba8c232226e5c98dd1b4d085eff9,c2de0bd7f16b271eda6801cda18833f2f9dcba8c232226e5c98dd1b4d085eff9,c2de0bd7f16b271eda6801cda18833f2f9dcba8c232226e5c98dd1b4d085eff9,section.nakayama.0001,
formula.nakayama.0140,root.cring.nakayama,153,formula,inline-dollar,154,154,154,154,,,4398f71776685f655ff94d40e4a2292515d056703fcfd1168bcff79d38dc0633,4398f71776685f655ff94d40e4a2292515d056703fcfd1168bcff79d38dc0633,5628544857603dc3f76870b1570795772015996a1965195c7bddc09ca54e9b82,section.nakayama.0001,
formula.nakayama.0141,root.cring.nakayama,154,formula,inline-dollar,155,155,155,155,,,860a3117ef3d39637a123f3d0c75f266bf4be9bcb71d8d93f2089e499b0f72a6,860a3117ef3d39637a123f3d0c75f266bf4be9bcb71d8d93f2089e499b0f72a6,2d26a027738112e2b3e062e887c7c46e7bd097293621f672ad3f04ffed591001,section.nakayama.0001,
formula.nakayama.0142,root.cring.nakayama,155,formula,inline-dollar,155,155,155,155,,,a3e1451bb7cc80545c8124bee5b47327c87dac496b949007f1e2e5853a92fba5,a3e1451bb7cc80545c8124bee5b47327c87dac496b949007f1e2e5853a92fba5,a3e1451bb7cc80545c8124bee5b47327c87dac496b949007f1e2e5853a92fba5,section.nakayama.0001,
formula.nakayama.0143,root.cring.nakayama,156,formula,inline-dollar,155,155,155,155,,,e9e29b9d3508591220524943fa6d255c2068b0f33a13d4bb6163208094476e7b,e9e29b9d3508591220524943fa6d255c2068b0f33a13d4bb6163208094476e7b,5ea609a315c03421eba4eaa88deda81b691cd65930c2ad70cdd28381ead9b004,section.nakayama.0001,
formula.nakayama.0144,root.cring.nakayama,157,formula,inline-dollar,156,156,156,156,,,c2de0bd7f16b271eda6801cda18833f2f9dcba8c232226e5c98dd1b4d085eff9,c2de0bd7f16b271eda6801cda18833f2f9dcba8c232226e5c98dd1b4d085eff9,c2de0bd7f16b271eda6801cda18833f2f9dcba8c232226e5c98dd1b4d085eff9,section.nakayama.0001,
formula.nakayama.0145,root.cring.nakayama,158,formula,inline-dollar,158,158,158,158,,,8f6a96cb0a2d00f9312ff6a5b2652f0e8bbce7d6dc3440cbd40ab00edba5cbe5,8f6a96cb0a2d00f9312ff6a5b2652f0e8bbce7d6dc3440cbd40ab00edba5cbe5,fe1febe62eebf5167ce662166d78ebaf1b91de1687328929b21bdc6eb46e70c2,section.nakayama.0001,
formula.nakayama.0146,root.cring.nakayama,159,formula,inline-dollar,159,159,159,159,,,a3e1451bb7cc80545c8124bee5b47327c87dac496b949007f1e2e5853a92fba5,a3e1451bb7cc80545c8124bee5b47327c87dac496b949007f1e2e5853a92fba5,a3e1451bb7cc80545c8124bee5b47327c87dac496b949007f1e2e5853a92fba5,section.nakayama.0001,
formula.nakayama.0147,root.cring.nakayama,160,formula,display-bracket,160,160,160,160,,,61fe3c585708991f0dffbfa4b5e11ab5cacbfbd9111164f80b9b15c0bc70e6aa,61fe3c585708991f0dffbfa4b5e11ab5cacbfbd9111164f80b9b15c0bc70e6aa,ab5a629204d5a532558b9438acd608b73e0cbd6bd59e66f680d056af95eaad60,section.nakayama.0001,
formula.nakayama.0148,root.cring.nakayama,161,formula,inline-dollar,161,161,161,161,,,5ea609a315c03421eba4eaa88deda81b691cd65930c2ad70cdd28381ead9b004,5ea609a315c03421eba4eaa88deda81b691cd65930c2ad70cdd28381ead9b004,5ea609a315c03421eba4eaa88deda81b691cd65930c2ad70cdd28381ead9b004,section.nakayama.0001,
formula.nakayama.0149,root.cring.nakayama,162,formula,inline-dollar,161,161,161,161,,,5ea609a315c03421eba4eaa88deda81b691cd65930c2ad70cdd28381ead9b004,5ea609a315c03421eba4eaa88deda81b691cd65930c2ad70cdd28381ead9b004,5ea609a315c03421eba4eaa88deda81b691cd65930c2ad70cdd28381ead9b004,section.nakayama.0001,
formula.nakayama.0150,root.cring.nakayama,163,formula,inline-dollar,161,161,161,161,,,5ea609a315c03421eba4eaa88deda81b691cd65930c2ad70cdd28381ead9b004,5ea609a315c03421eba4eaa88deda81b691cd65930c2ad70cdd28381ead9b004,5ea609a315c03421eba4eaa88deda81b691cd65930c2ad70cdd28381ead9b004,section.nakayama.0001,
formula.nakayama.0151,root.cring.nakayama,164,formula,inline-dollar,162,162,162,162,,,29742240025756815de7b4dc24b2f1de69b9148b4ec37f961ccb4d9b4836ab30,29742240025756815de7b4dc24b2f1de69b9148b4ec37f961ccb4d9b4836ab30,29742240025756815de7b4dc24b2f1de69b9148b4ec37f961ccb4d9b4836ab30,section.nakayama.0001,
formula.nakayama.0152,root.cring.nakayama,165,formula,inline-dollar,162,162,162,162,,,29742240025756815de7b4dc24b2f1de69b9148b4ec37f961ccb4d9b4836ab30,29742240025756815de7b4dc24b2f1de69b9148b4ec37f961ccb4d9b4836ab30,29742240025756815de7b4dc24b2f1de69b9148b4ec37f961ccb4d9b4836ab30,section.nakayama.0001,
formula.nakayama.0153,root.cring.nakayama,166,formula,inline-dollar,163,163,163,163,,,bb4bc0183a7d484898e30fb7e41308e47e36e9e66bfcbec48d7c181b9de666c4,bb4bc0183a7d484898e30fb7e41308e47e36e9e66bfcbec48d7c181b9de666c4,bb4bc0183a7d484898e30fb7e41308e47e36e9e66bfcbec48d7c181b9de666c4,section.nakayama.0001,
formula.nakayama.0154,root.cring.nakayama,167,formula,inline-dollar,163,164,163,164,,,2e53e8194406927c66be55218530bce7062aaf8512fb82b645416bb025f39c85,2e53e8194406927c66be55218530bce7062aaf8512fb82b645416bb025f39c85,09f69d714aa3027b2b1c67761bc19d23e64b2fbc55b754326dfbbcf20d34acdc,section.nakayama.0001,
formula.nakayama.0155,root.cring.nakayama,168,formula,inline-dollar,164,164,164,164,,,c2de0bd7f16b271eda6801cda18833f2f9dcba8c232226e5c98dd1b4d085eff9,c2de0bd7f16b271eda6801cda18833f2f9dcba8c232226e5c98dd1b4d085eff9,c2de0bd7f16b271eda6801cda18833f2f9dcba8c232226e5c98dd1b4d085eff9,section.nakayama.0001,
formula.nakayama.0156,root.cring.nakayama,169,formula,inline-dollar,165,165,165,165,,,29742240025756815de7b4dc24b2f1de69b9148b4ec37f961ccb4d9b4836ab30,29742240025756815de7b4dc24b2f1de69b9148b4ec37f961ccb4d9b4836ab30,29742240025756815de7b4dc24b2f1de69b9148b4ec37f961ccb4d9b4836ab30,section.nakayama.0001,
formula.nakayama.0157,root.cring.nakayama,170,formula,inline-dollar,165,165,165,165,,,bb4bc0183a7d484898e30fb7e41308e47e36e9e66bfcbec48d7c181b9de666c4,bb4bc0183a7d484898e30fb7e41308e47e36e9e66bfcbec48d7c181b9de666c4,bb4bc0183a7d484898e30fb7e41308e47e36e9e66bfcbec48d7c181b9de666c4,section.nakayama.0001,
formula.nakayama.0158,root.cring.nakayama,171,formula,inline-dollar,167,167,167,167,,,a3e1451bb7cc80545c8124bee5b47327c87dac496b949007f1e2e5853a92fba5,a3e1451bb7cc80545c8124bee5b47327c87dac496b949007f1e2e5853a92fba5,a3e1451bb7cc80545c8124bee5b47327c87dac496b949007f1e2e5853a92fba5,section.nakayama.0001,
formula.nakayama.0159,root.cring.nakayama,172,formula,inline-dollar,169,169,169,169,,,101399e9b873bdf3aa09bae9b00934756190cabf5683ee49fae809b0c591e964,101399e9b873bdf3aa09bae9b00934756190cabf5683ee49fae809b0c591e964,ea4ac6576e256b02d254b5888eca1078be8cfbf316a7d4e236ff630e2c6b0f59,section.nakayama.0001,
formula.nakayama.0160,root.cring.nakayama,173,formula,inline-dollar,169,169,169,169,,,9b3351ac84c587e0e65eb0e3b199172a1dbdc32d0d588ecaac47a7c6a5d6d1a1,9b3351ac84c587e0e65eb0e3b199172a1dbdc32d0d588ecaac47a7c6a5d6d1a1,9b3351ac84c587e0e65eb0e3b199172a1dbdc32d0d588ecaac47a7c6a5d6d1a1,section.nakayama.0001,
formula.nakayama.0161,root.cring.nakayama,174,formula,inline-dollar,169,169,169,169,,,d3b24638b0023860e51e75b0c57653ec3403d2e73517e8f83200f04ed0476ca3,d3b24638b0023860e51e75b0c57653ec3403d2e73517e8f83200f04ed0476ca3,84ad6f5faa08e2ca39e365272c830d6dde640a0af45f5a96f97e2fb42be84f36,section.nakayama.0001,
formula.nakayama.0162,root.cring.nakayama,175,formula,inline-dollar,170,170,170,170,,,9906a79aa52fcbe6ee95946dba7e46e055db887fb967ffa79c03c362829ec95b,9906a79aa52fcbe6ee95946dba7e46e055db887fb967ffa79c03c362829ec95b,e509a702402f91eb2453581150fd989a862b9a419fd6de7b6b6995561f33119a,section.nakayama.0001,
formula.nakayama.0163,root.cring.nakayama,176,formula,inline-dollar,171,172,171,172,,,aadeea9c4a74f3f4e002a0113573ef911d0c01488b9ff508e990d89d3f429fe9,aadeea9c4a74f3f4e002a0113573ef911d0c01488b9ff508e990d89d3f429fe9,a56d6587aecd1adaac6bb26503214a0e079ad8e69a0ac068d58b655a2db27682,section.nakayama.0001,
theorem.nakayama.0006,root.cring.nakayama,177,theorem,proposition,177,183,177,183,,,4536b9203a058e98216030f1f14964f0d279b28e13a32bab70fc1982d2fdfb44,2a23fb4dece9bb61140385626129a2fd257045b01f90b6343481c7048bce7e72,,section.nakayama.0001,
formula.nakayama.0164,root.cring.nakayama,178,formula,inline-dollar,178,178,178,178,,,a28faf6143663643c867a9e6316c985e9cef6a6ed418572e97343866efcfe288,a28faf6143663643c867a9e6316c985e9cef6a6ed418572e97343866efcfe288,a28faf6143663643c867a9e6316c985e9cef6a6ed418572e97343866efcfe288,section.nakayama.0001,
formula.nakayama.0165,root.cring.nakayama,179,formula,inline-dollar,178,178,178,178,,,bb4bc0183a7d484898e30fb7e41308e47e36e9e66bfcbec48d7c181b9de666c4,bb4bc0183a7d484898e30fb7e41308e47e36e9e66bfcbec48d7c181b9de666c4,bb4bc0183a7d484898e30fb7e41308e47e36e9e66bfcbec48d7c181b9de666c4,section.nakayama.0001,
formula.nakayama.0166,root.cring.nakayama,180,formula,inline-dollar,178,178,178,178,,,8535a8350930b03b1616c302e61074363bb492bdb062f2940a3acac48febe6ed,8535a8350930b03b1616c302e61074363bb492bdb062f2940a3acac48febe6ed,184958fe2dbb52a9db6a516beb1b3d75aac2faedcb6adcc86dc2376a60acea07,section.nakayama.0001,
formula.nakayama.0167,root.cring.nakayama,181,formula,inline-dollar,179,179,179,179,,,a28faf6143663643c867a9e6316c985e9cef6a6ed418572e97343866efcfe288,a28faf6143663643c867a9e6316c985e9cef6a6ed418572e97343866efcfe288,a28faf6143663643c867a9e6316c985e9cef6a6ed418572e97343866efcfe288,section.nakayama.0001,
formula.nakayama.0168,root.cring.nakayama,182,formula,inline-dollar,179,179,179,179,,,ece49feba00b8a1812ded074f725361efa66b3c98a069a56aeb4b360bb7aee93,ece49feba00b8a1812ded074f725361efa66b3c98a069a56aeb4b360bb7aee93,ece49feba00b8a1812ded074f725361efa66b3c98a069a56aeb4b360bb7aee93,section.nakayama.0001,
formula.nakayama.0169,root.cring.nakayama,183,formula,inline-dollar,179,179,179,179,,,ac03e1cbeed21e732a5e2e1e007387e09fb7bad781229a7764939b96426ced34,ac03e1cbeed21e732a5e2e1e007387e09fb7bad781229a7764939b96426ced34,18bfaaa97c13dc4190820a8a29a404c81b34452660b6a275137ad526ed98eca0,section.nakayama.0001,
formula.nakayama.0170,root.cring.nakayama,184,formula,inline-dollar,180,180,180,180,,,9b3351ac84c587e0e65eb0e3b199172a1dbdc32d0d588ecaac47a7c6a5d6d1a1,9b3351ac84c587e0e65eb0e3b199172a1dbdc32d0d588ecaac47a7c6a5d6d1a1,9b3351ac84c587e0e65eb0e3b199172a1dbdc32d0d588ecaac47a7c6a5d6d1a1,section.nakayama.0001,
formula.nakayama.0171,root.cring.nakayama,185,formula,inline-dollar,180,180,180,180,,,9de7763bbb6797fd87fa2da5f8d2214d538c056229d81632c3771e4887ad2838,9de7763bbb6797fd87fa2da5f8d2214d538c056229d81632c3771e4887ad2838,9de7763bbb6797fd87fa2da5f8d2214d538c056229d81632c3771e4887ad2838,section.nakayama.0001,
formula.nakayama.0172,root.cring.nakayama,186,formula,display-bracket,181,181,181,181,,,3854a151589d266579ce08563ea8b65465815006008adc284d4c65634e12b147,3854a151589d266579ce08563ea8b65465815006008adc284d4c65634e12b147,7cf3806bcf48e62f0582ec77c9dace30f869ac3391a97d11f4312a3a7f9ad020,section.nakayama.0001,
formula.nakayama.0173,root.cring.nakayama,187,formula,inline-dollar,184,184,184,184,,,29742240025756815de7b4dc24b2f1de69b9148b4ec37f961ccb4d9b4836ab30,29742240025756815de7b4dc24b2f1de69b9148b4ec37f961ccb4d9b4836ab30,29742240025756815de7b4dc24b2f1de69b9148b4ec37f961ccb4d9b4836ab30,section.nakayama.0001,
formula.nakayama.0174,root.cring.nakayama,188,formula,inline-dollar,184,184,184,184,,,29742240025756815de7b4dc24b2f1de69b9148b4ec37f961ccb4d9b4836ab30,29742240025756815de7b4dc24b2f1de69b9148b4ec37f961ccb4d9b4836ab30,29742240025756815de7b4dc24b2f1de69b9148b4ec37f961ccb4d9b4836ab30,section.nakayama.0001,
formula.nakayama.0175,root.cring.nakayama,189,formula,inline-dollar,187,187,187,187,,,41ff4a272b32b4a11adfab661d1b963604839c50b6f502ad55c84fdc5b1177ce,41ff4a272b32b4a11adfab661d1b963604839c50b6f502ad55c84fdc5b1177ce,41ff4a272b32b4a11adfab661d1b963604839c50b6f502ad55c84fdc5b1177ce,section.nakayama.0001,
formula.nakayama.0176,root.cring.nakayama,190,formula,inline-dollar,187,187,187,187,,,29742240025756815de7b4dc24b2f1de69b9148b4ec37f961ccb4d9b4836ab30,29742240025756815de7b4dc24b2f1de69b9148b4ec37f961ccb4d9b4836ab30,29742240025756815de7b4dc24b2f1de69b9148b4ec37f961ccb4d9b4836ab30,section.nakayama.0001,
formula.nakayama.0177,root.cring.nakayama,191,formula,inline-dollar,188,188,188,188,,,44032ff20015867f2d117651b8cc22dc8e8972d2f6e00f58793804e28aa19393,44032ff20015867f2d117651b8cc22dc8e8972d2f6e00f58793804e28aa19393,a5626a4f0bb96d47ff0355b83b4c86af8dd11b1fa60fc9e9dc11d10503641b88,section.nakayama.0001,
formula.nakayama.0178,root.cring.nakayama,192,formula,inline-dollar,188,188,188,188,,,8480ccd433814f163b652be9e85af734cbd1baf67d864007d0e27b6356d39fa4,8480ccd433814f163b652be9e85af734cbd1baf67d864007d0e27b6356d39fa4,8480ccd433814f163b652be9e85af734cbd1baf67d864007d0e27b6356d39fa4,section.nakayama.0001,
formula.nakayama.0179,root.cring.nakayama,193,formula,inline-dollar,188,188,189,189,,,ce803c47cd6a611dce5ebdbc6abda57673a051f09a660b3b793ea3887d680158,ce803c47cd6a611dce5ebdbc6abda57673a051f09a660b3b793ea3887d680158,ce803c47cd6a611dce5ebdbc6abda57673a051f09a660b3b793ea3887d680158,section.nakayama.0001,
formula.nakayama.0180,root.cring.nakayama,194,formula,inline-dollar,189,189,189,189,,,c8d27a9e82643c75c86f1856d9693ed275c8ca85b8a06d8e8d26e355f47b964d,c8d27a9e82643c75c86f1856d9693ed275c8ca85b8a06d8e8d26e355f47b964d,0527ee1b1d4f9c4d119b7f933e8a529b9ddc84c72913aa724fbebad0b8072daf,section.nakayama.0001,
formula.nakayama.0181,root.cring.nakayama,195,formula,display-bracket,190,190,190,190,,,b43b6bde1e06cda0126733d8d17d532b8bd00533a893725bae7fa451e47618ca,b43b6bde1e06cda0126733d8d17d532b8bd00533a893725bae7fa451e47618ca,09a79b2c4390706c32610b56876eecc7e0f9efb187e46ac2e3d5d89aff83e2ef,section.nakayama.0001,
formula.nakayama.0182,root.cring.nakayama,196,formula,inline-dollar,191,191,191,191,,,566ce35497d2b07c5147093d9ed70d8e54fdfbb259f9ad5d2607533994a1a6d8,566ce35497d2b07c5147093d9ed70d8e54fdfbb259f9ad5d2607533994a1a6d8,566ce35497d2b07c5147093d9ed70d8e54fdfbb259f9ad5d2607533994a1a6d8,section.nakayama.0001,
formula.nakayama.0183,root.cring.nakayama,197,formula,inline-dollar,191,191,191,191,,,2c816a889b8bfc4563c5cd36d6ff461dc165d5b66864a889502b44bd0a72398b,2c816a889b8bfc4563c5cd36d6ff461dc165d5b66864a889502b44bd0a72398b,2c816a889b8bfc4563c5cd36d6ff461dc165d5b66864a889502b44bd0a72398b,section.nakayama.0001,
formula.nakayama.0184,root.cring.nakayama,198,formula,inline-dollar,192,192,192,192,,,03e255cfd80f648216025090c914125ffafc56fd2c08b3024d2492a9a036650d,03e255cfd80f648216025090c914125ffafc56fd2c08b3024d2492a9a036650d,3701e7c0ef7de48089e6b6ad125a5e71e6bc7dbb0fe2fb4b5c61540c7e47a45d,section.nakayama.0001,
formula.nakayama.0185,root.cring.nakayama,199,formula,inline-dollar,194,194,194,194,,,1a84e9117b199978952b0311c506c2a77b5478aaaed435c4b3127a28a5f9c1fb,1a84e9117b199978952b0311c506c2a77b5478aaaed435c4b3127a28a5f9c1fb,93ce6f7fea786329eaa2bb74b520adf735e6984709718cb6bc91e152ca67d516,section.nakayama.0001,
formula.nakayama.0186,root.cring.nakayama,200,formula,inline-dollar,197,197,197,197,,,9a5d00128bf8a90b972c468194f1c819eb245d3b3671df4ef18bc5cae62f0ed7,9a5d00128bf8a90b972c468194f1c819eb245d3b3671df4ef18bc5cae62f0ed7,d1fe22f6325c2552e09739f238630c0d2d47276c036f5fecf111b37cfe000c29,section.nakayama.0001,
formula.nakayama.0187,root.cring.nakayama,201,formula,inline-dollar,197,197,197,197,,,06126732cf183d515d593cfe974225bb50c32c69c456fc392f25544c39675ee3,06126732cf183d515d593cfe974225bb50c32c69c456fc392f25544c39675ee3,0e254362bb74a1209f86e78155a8ec7e5f8ab4dccdeb86d2d188334b9cf2b000,section.nakayama.0001,
formula.nakayama.0188,root.cring.nakayama,202,formula,inline-dollar,198,198,198,198,,,788133dbaf2bd1974d4e27f7dc63ef308aeb86ce1ee97a5d0fbd7a1d1b1b89bb,788133dbaf2bd1974d4e27f7dc63ef308aeb86ce1ee97a5d0fbd7a1d1b1b89bb,98a38f813d7fc6b81b9f379adbfa63662f0b571ba003c6ea984eea9d922d64e0,section.nakayama.0001,
formula.nakayama.0189,root.cring.nakayama,203,formula,inline-dollar,199,199,199,199,,,258ceecc89bced6c1a16be69d29e06960b0c67eea1010eecb3f3b6419932939b,258ceecc89bced6c1a16be69d29e06960b0c67eea1010eecb3f3b6419932939b,e7ce48472cbc11c641aab0ff5991a5dd7c5ae8073d5a98b32c6e8118008c5e96,section.nakayama.0001,
formula.nakayama.0190,root.cring.nakayama,204,formula,inline-dollar,199,200,199,200,,,47da37287c12916b09ee6f70f9fa4b632eabc30b0a3c3d4494fa5eae59e5b7a8,47da37287c12916b09ee6f70f9fa4b632eabc30b0a3c3d4494fa5eae59e5b7a8,93ce6f7fea786329eaa2bb74b520adf735e6984709718cb6bc91e152ca67d516,section.nakayama.0001,
formula.nakayama.0191,root.cring.nakayama,205,formula,inline-dollar,200,200,200,200,,,cd642f328d2d7a5d7081b55994b34a3f6158dfed00257f4aa00a53103bb80e75,cd642f328d2d7a5d7081b55994b34a3f6158dfed00257f4aa00a53103bb80e75,2d3621ca03ce15f6a2f6a0618ef888ef54a39bff7a6e56ed63c73a57bac1675e,section.nakayama.0001,
exercise.nakayama.0007,root.cring.nakayama,206,exercise,exercise,203,208,203,208,,,3f06d1865649f14547b2c94f3d91c07b62fcafa7fc3f867a921264aa344f3b8c,67671e1e6bda8338e597f5333a38d01a46163fae5c801d3b60f0d684d7ab463b,,section.nakayama.0001,
formula.nakayama.0192,root.cring.nakayama,207,formula,inline-dollar,204,204,204,204,,,df91b9d8bde2bd79d3cb76137bd81f2206b660c9b7f45db5c393b3dc8b225e3e,df91b9d8bde2bd79d3cb76137bd81f2206b660c9b7f45db5c393b3dc8b225e3e,df91b9d8bde2bd79d3cb76137bd81f2206b660c9b7f45db5c393b3dc8b225e3e,section.nakayama.0001,
formula.nakayama.0193,root.cring.nakayama,208,formula,inline-dollar,204,204,204,204,,,ccd2b4a0ba379d8f9711b5dbc84d5b71c498d82e403f940904c5bf9cfb31d181,ccd2b4a0ba379d8f9711b5dbc84d5b71c498d82e403f940904c5bf9cfb31d181,ccd2b4a0ba379d8f9711b5dbc84d5b71c498d82e403f940904c5bf9cfb31d181,section.nakayama.0001,
formula.nakayama.0194,root.cring.nakayama,209,formula,inline-dollar,205,205,205,205,,,df91b9d8bde2bd79d3cb76137bd81f2206b660c9b7f45db5c393b3dc8b225e3e,df91b9d8bde2bd79d3cb76137bd81f2206b660c9b7f45db5c393b3dc8b225e3e,df91b9d8bde2bd79d3cb76137bd81f2206b660c9b7f45db5c393b3dc8b225e3e,section.nakayama.0001,
formula.nakayama.0195,root.cring.nakayama,210,formula,inline-dollar,205,205,205,205,,,38ec49c0203220e9d5fee6776ee7357da62230b6b9965ffec2ab25945be67309,38ec49c0203220e9d5fee6776ee7357da62230b6b9965ffec2ab25945be67309,bc75d51d8f1d73d960724f87d79168f84742df6df3f33903f3384b524d81d63f,section.nakayama.0001,
formula.nakayama.0196,root.cring.nakayama,211,formula,inline-dollar,205,205,205,205,,,38ec49c0203220e9d5fee6776ee7357da62230b6b9965ffec2ab25945be67309,38ec49c0203220e9d5fee6776ee7357da62230b6b9965ffec2ab25945be67309,bc75d51d8f1d73d960724f87d79168f84742df6df3f33903f3384b524d81d63f,section.nakayama.0001,
section.spec_zariski.0001,root.cring.spec_zariski,1,section,section,1,1,1,1,The spectrum of a ring,Spektrum suatu gelanggang,1cd03f0c8502267945446751788ddd8b1b74592e0d5dcdb35da906e78e155fd6,6dc549acac6a88c0ceec89c47856ac724af24b331923215d28cb9b45132bd0b6,,,
formula.spec_zariski.0001,root.cring.spec_zariski,2,formula,inline-dollar,4,4,4,4,,,c637d883fd1fa3bab98996eda143c70a4b0ba2604e5295379dafa9c163ab907b,c637d883fd1fa3bab98996eda143c70a4b0ba2604e5295379dafa9c163ab907b,622bbcdd1d46ce21f94cd41125130a26aa4ed31bf08a74c6d9d6c48b84418a9c,section.spec_zariski.0001,
formula.spec_zariski.0002,root.cring.spec_zariski,3,formula,display-bracket,7,7,7,7,,,316ac5460249a6b178c64c1443f34e23d2aedf7345d679e4866819f8ab0cdb4c,316ac5460249a6b178c64c1443f34e23d2aedf7345d679e4866819f8ab0cdb4c,dd89c3609199c68407ec843dcf4225b50ffd5365ba101a14116d019eb00d0adb,section.spec_zariski.0001,
formula.spec_zariski.0003,root.cring.spec_zariski,4,formula,inline-dollar,8,8,8,8,,,10221a29a8158b5acc43c95b062650097f282135be1959dc19c8c195266ad07b,10221a29a8158b5acc43c95b062650097f282135be1959dc19c8c195266ad07b,10221a29a8158b5acc43c95b062650097f282135be1959dc19c8c195266ad07b,section.spec_zariski.0001,
formula.spec_zariski.0004,root.cring.spec_zariski,5,formula,inline-dollar,12,12,12,12,,,2725b2d0fc640cb2728a1834f8c41d47e601a7313494a3c35628268f485f3a5f,2725b2d0fc640cb2728a1834f8c41d47e601a7313494a3c35628268f485f3a5f,2725b2d0fc640cb2728a1834f8c41d47e601a7313494a3c35628268f485f3a5f,section.spec_zariski.0001,
formula.spec_zariski.0005,root.cring.spec_zariski,6,formula,inline-dollar,13,13,13,13,,,dd168285a129fe6102cf34d3d1139a0d2450faa03c13c431419d67c0bef0b91b,dd168285a129fe6102cf34d3d1139a0d2450faa03c13c431419d67c0bef0b91b,c4287f3fe178d9ff8404854d8535f56fa1645d28daa319cb1ed51bf86b8741af,section.spec_zariski.0001,
formula.spec_zariski.0006,root.cring.spec_zariski,7,formula,inline-dollar,14,14,14,14,,,c64dcb418f3456ccef8eb78d5107827581e0f4d67bcb6daa8827c93e9e00e583,c64dcb418f3456ccef8eb78d5107827581e0f4d67bcb6daa8827c93e9e00e583,03b0277cf655089aba9bfeebf44e647eba3895630dd34ef2c3398b48e45eb910,section.spec_zariski.0001,
formula.spec_zariski.0007,root.cring.spec_zariski,8,formula,inline-dollar,14,14,14,14,,,465d0a97b64d4d06f464468130008da3107319753e92149cb30010975b235f7c,465d0a97b64d4d06f464468130008da3107319753e92149cb30010975b235f7c,534aabd7b9a4befac9a449472f329676a3de8f4c309ce3aff44a56ce3dc50282,section.spec_zariski.0001,
formula.spec_zariski.0008,root.cring.spec_zariski,9,formula,inline-dollar,16,16,16,16,,,492f333e77bdf39960698bfd5e9d0a80393a70dc6cea4228e8fe38fcaaf950fd,492f333e77bdf39960698bfd5e9d0a80393a70dc6cea4228e8fe38fcaaf950fd,492f333e77bdf39960698bfd5e9d0a80393a70dc6cea4228e8fe38fcaaf950fd,section.spec_zariski.0001,
formula.spec_zariski.0009,root.cring.spec_zariski,10,formula,inline-dollar,17,17,17,17,,,9d15e598f2d622b76f02607b6a697cb50c961b111a594933324dffed2c937517,9d15e598f2d622b76f02607b6a697cb50c961b111a594933324dffed2c937517,04c0fe292c409a0d1d27449f2e52cc079b1eb06bee450084826882391c577c74,section.spec_zariski.0001,
formula.spec_zariski.0010,root.cring.spec_zariski,11,formula,inline-dollar,18,18,18,18,,,c4287f3fe178d9ff8404854d8535f56fa1645d28daa319cb1ed51bf86b8741af,c4287f3fe178d9ff8404854d8535f56fa1645d28daa319cb1ed51bf86b8741af,c4287f3fe178d9ff8404854d8535f56fa1645d28daa319cb1ed51bf86b8741af,section.spec_zariski.0001,
formula.spec_zariski.0011,root.cring.spec_zariski,12,formula,inline-dollar,18,18,18,18,,,4a1f941b3c6f426ec08de78c17e2f80f07a8b789701ba6b25126da00fab1231c,4a1f941b3c6f426ec08de78c17e2f80f07a8b789701ba6b25126da00fab1231c,4a1f941b3c6f426ec08de78c17e2f80f07a8b789701ba6b25126da00fab1231c,section.spec_zariski.0001,
formula.spec_zariski.0012,root.cring.spec_zariski,13,formula,inline-dollar,23,23,23,23,,,8e6583c8e288f04048197ccbc2a41d241d199de1794e48f4718b26a00ebf3eab,8e6583c8e288f04048197ccbc2a41d241d199de1794e48f4718b26a00ebf3eab,470c4d7db26f736b14d7316ca3f4cc88e652e7b19a26c8a43e748068065111b0,section.spec_zariski.0001,
section.spec_zariski.0002,root.cring.spec_zariski,14,section,subsection,26,26,26,26,Definition and examples,Definisi dan contoh,43c7a658118f8ff7ffba3630fe5f75bbb9f4ac4b9dd04dcfff33c97ec240f841,a05d5b04ac8915609fe82d3972c5b09bcb5b57218d4c22ed160a0130c363ebab,,section.spec_zariski.0001,
formula.spec_zariski.0013,root.cring.spec_zariski,15,formula,inline-dollar,28,28,28,28,,,83aa5e38a90ee087658954bcc41b2a2f69d8daab35303b6b7deedebe78f9e3f0,83aa5e38a90ee087658954bcc41b2a2f69d8daab35303b6b7deedebe78f9e3f0,83aa5e38a90ee087658954bcc41b2a2f69d8daab35303b6b7deedebe78f9e3f0,section.spec_zariski.0002,
definition.spec_zariski.0001,root.cring.spec_zariski,16,definition,definition,31,35,31,35,,,cae74e17bd722bc366993b737bfb62651f71b8f22447bb307c07735c3ed688d9,0ed108c7488dc5a2f58003d39231f0a796ba4f2b38c2f621678cf1f93566c937,,section.spec_zariski.0002,
formula.spec_zariski.0014,root.cring.spec_zariski,17,formula,inline-dollar,32,32,32,32,,,a28faf6143663643c867a9e6316c985e9cef6a6ed418572e97343866efcfe288,a28faf6143663643c867a9e6316c985e9cef6a6ed418572e97343866efcfe288,a28faf6143663643c867a9e6316c985e9cef6a6ed418572e97343866efcfe288,section.spec_zariski.0002,
formula.spec_zariski.0015,root.cring.spec_zariski,18,formula,inline-dollar,32,32,32,32,,,a28faf6143663643c867a9e6316c985e9cef6a6ed418572e97343866efcfe288,a28faf6143663643c867a9e6316c985e9cef6a6ed418572e97343866efcfe288,a28faf6143663643c867a9e6316c985e9cef6a6ed418572e97343866efcfe288,section.spec_zariski.0002,
formula.spec_zariski.0016,root.cring.spec_zariski,19,formula,inline-dollar,33,33,33,33,,,c637d883fd1fa3bab98996eda143c70a4b0ba2604e5295379dafa9c163ab907b,c637d883fd1fa3bab98996eda143c70a4b0ba2604e5295379dafa9c163ab907b,622bbcdd1d46ce21f94cd41125130a26aa4ed31bf08a74c6d9d6c48b84418a9c,section.spec_zariski.0002,
formula.spec_zariski.0017,root.cring.spec_zariski,20,formula,inline-dollar,34,34,34,34,,,a28faf6143663643c867a9e6316c985e9cef6a6ed418572e97343866efcfe288,a28faf6143663643c867a9e6316c985e9cef6a6ed418572e97343866efcfe288,a28faf6143663643c867a9e6316c985e9cef6a6ed418572e97343866efcfe288,section.spec_zariski.0002,
formula.spec_zariski.0018,root.cring.spec_zariski,21,formula,inline-dollar,37,37,37,37,,,c637d883fd1fa3bab98996eda143c70a4b0ba2604e5295379dafa9c163ab907b,c637d883fd1fa3bab98996eda143c70a4b0ba2604e5295379dafa9c163ab907b,622bbcdd1d46ce21f94cd41125130a26aa4ed31bf08a74c6d9d6c48b84418a9c,section.spec_zariski.0002,
formula.spec_zariski.0019,root.cring.spec_zariski,22,formula,inline-dollar,40,40,40,40,,,c8f02a33709def358429967a8c1f402f5baab98fc6ea5a76727dda167714332e,c8f02a33709def358429967a8c1f402f5baab98fc6ea5a76727dda167714332e,ad3337ea466e110f010a458938ec5962bd3ffae7c67ecda679d550652565919a,section.spec_zariski.0002,
formula.spec_zariski.0020,root.cring.spec_zariski,23,formula,display-bracket,41,43,41,43,,,77373a2ce8b6a92ed308db1f1bf31bf0593085a29d821aac2ec37b6ca6873da7,77373a2ce8b6a92ed308db1f1bf31bf0593085a29d821aac2ec37b6ca6873da7,c4f3505b18228d069e600f357598d49683a47edd98340bbfdb93cadf98b3324f,section.spec_zariski.0002,
theorem.spec_zariski.0001,root.cring.spec_zariski,24,theorem,proposition,45,49,45,49,,,44cc68ce9e69cabe9bddb910b8fd41e2b24f871a51432607c9d39af86e55ca0a,24fe27b9dc5cf3706b23162f4d17a7ef2d737317c593bf78be5ce8b2f3350529,,section.spec_zariski.0002,
formula.spec_zariski.0021,root.cring.spec_zariski,25,formula,inline-dollar,46,46,46,46,,,c637d883fd1fa3bab98996eda143c70a4b0ba2604e5295379dafa9c163ab907b,c637d883fd1fa3bab98996eda143c70a4b0ba2604e5295379dafa9c163ab907b,622bbcdd1d46ce21f94cd41125130a26aa4ed31bf08a74c6d9d6c48b84418a9c,section.spec_zariski.0002,
formula.spec_zariski.0022,root.cring.spec_zariski,26,formula,inline-dollar,48,48,48,48,,,6067312198eb0aba0753d7cf92d8fd111b8138418b6322a1f4754316e67afa3a,6067312198eb0aba0753d7cf92d8fd111b8138418b6322a1f4754316e67afa3a,6067312198eb0aba0753d7cf92d8fd111b8138418b6322a1f4754316e67afa3a,section.spec_zariski.0002,
formula.spec_zariski.0023,root.cring.spec_zariski,27,formula,inline-dollar,48,48,48,48,,,c8f02a33709def358429967a8c1f402f5baab98fc6ea5a76727dda167714332e,c8f02a33709def358429967a8c1f402f5baab98fc6ea5a76727dda167714332e,ad3337ea466e110f010a458938ec5962bd3ffae7c67ecda679d550652565919a,section.spec_zariski.0002,
formula.spec_zariski.0024,root.cring.spec_zariski,28,formula,inline-dollar,54,54,54,54,,,a1afbd2090d7cdcc76ff8a5759a82874e823bf6449ba4fa67341ee2c2ee1babe,a1afbd2090d7cdcc76ff8a5759a82874e823bf6449ba4fa67341ee2c2ee1babe,e4b3c50a447416fd220579d711373f21148b2dc90ffbfd474d6168fee769ab59,section.spec_zariski.0002,
formula.spec_zariski.0025,root.cring.spec_zariski,29,formula,inline-dollar,54,54,54,54,,,72bc3c1b3553a71d525d8715f4963adfb2b8e7e18c32f0b1b651f3e841526770,72bc3c1b3553a71d525d8715f4963adfb2b8e7e18c32f0b1b651f3e841526770,72bc3c1b3553a71d525d8715f4963adfb2b8e7e18c32f0b1b651f3e841526770,section.spec_zariski.0002,
formula.spec_zariski.0026,root.cring.spec_zariski,30,formula,inline-dollar,55,55,55,55,,,c5a457b9d85dfcb5ac61f20f655a1d9935c6cef54cced3b94c786ff4cb9f0060,c5a457b9d85dfcb5ac61f20f655a1d9935c6cef54cced3b94c786ff4cb9f0060,c5a457b9d85dfcb5ac61f20f655a1d9935c6cef54cced3b94c786ff4cb9f0060,section.spec_zariski.0002,
formula.spec_zariski.0027,root.cring.spec_zariski,31,formula,inline-dollar,56,56,56,56,,,5bcac793ba47bff76810bc93a740adc17bf8aaeb4a71a6cbad93bea93c061d13,5bcac793ba47bff76810bc93a740adc17bf8aaeb4a71a6cbad93bea93c061d13,ef93038527e6b6482106c84750184756ca075647455c60a32d8bb549ff63e59b,section.spec_zariski.0002,
formula.spec_zariski.0028,root.cring.spec_zariski,32,formula,inline-dollar,57,57,57,57,,,c637d883fd1fa3bab98996eda143c70a4b0ba2604e5295379dafa9c163ab907b,c637d883fd1fa3bab98996eda143c70a4b0ba2604e5295379dafa9c163ab907b,622bbcdd1d46ce21f94cd41125130a26aa4ed31bf08a74c6d9d6c48b84418a9c,section.spec_zariski.0002,
formula.spec_zariski.0029,root.cring.spec_zariski,33,formula,inline-dollar,61,61,61,61,,,20718ad7687eb8d922e240b8cbdeb2167f85a9a499ea88f57e7761ab0a499b4e,20718ad7687eb8d922e240b8cbdeb2167f85a9a499ea88f57e7761ab0a499b4e,a166c7ae2b444cd37f812292732056e0d18f2c86cbab40414ec9ef93f8d1dfc4,section.spec_zariski.0002,
formula.spec_zariski.0030,root.cring.spec_zariski,34,formula,inline-dollar,61,61,61,61,,,c637d883fd1fa3bab98996eda143c70a4b0ba2604e5295379dafa9c163ab907b,c637d883fd1fa3bab98996eda143c70a4b0ba2604e5295379dafa9c163ab907b,622bbcdd1d46ce21f94cd41125130a26aa4ed31bf08a74c6d9d6c48b84418a9c,section.spec_zariski.0002,
formula.spec_zariski.0031,root.cring.spec_zariski,35,formula,inline-dollar,62,62,62,62,,,50ea96f41701b70d0dad41d048778536d29be9f02809035c6affbc8dd0a1f145,50ea96f41701b70d0dad41d048778536d29be9f02809035c6affbc8dd0a1f145,50ea96f41701b70d0dad41d048778536d29be9f02809035c6affbc8dd0a1f145,section.spec_zariski.0002,
formula.spec_zariski.0032,root.cring.spec_zariski,36,formula,inline-dollar,63,64,63,64,,,3d86b4178f5e4173e2d39da51d9387c1248cd0783deefd1d52c45681c986f4f4,3d86b4178f5e4173e2d39da51d9387c1248cd0783deefd1d52c45681c986f4f4,fa761f84d8b78171581d2eb564bc6a6f57cbac7b7e13f7342648c26ddd1fe746,section.spec_zariski.0002,
formula.spec_zariski.0033,root.cring.spec_zariski,37,formula,display-bracket,65,65,65,65,,,83ca18fee279a1a52bc2753e30eebd2d7d5b0d3ea8742a232872231151adf299,83ca18fee279a1a52bc2753e30eebd2d7d5b0d3ea8742a232872231151adf299,393c42dd94d31971a83e7b95ad22cb46b8845b807bb5dc88a80071e4a102c49c,section.spec_zariski.0002,
formula.spec_zariski.0034,root.cring.spec_zariski,38,formula,inline-dollar,66,66,66,66,,,4a1f941b3c6f426ec08de78c17e2f80f07a8b789701ba6b25126da00fab1231c,4a1f941b3c6f426ec08de78c17e2f80f07a8b789701ba6b25126da00fab1231c,4a1f941b3c6f426ec08de78c17e2f80f07a8b789701ba6b25126da00fab1231c,section.spec_zariski.0002,
formula.spec_zariski.0035,root.cring.spec_zariski,39,formula,inline-dollar,67,67,67,67,,,b79a90188fa5c1fb33bc3fda80666cf86d623ddfe3c2cde13610cdf2b4affec3,b79a90188fa5c1fb33bc3fda80666cf86d623ddfe3c2cde13610cdf2b4affec3,b79a90188fa5c1fb33bc3fda80666cf86d623ddfe3c2cde13610cdf2b4affec3,section.spec_zariski.0002,
formula.spec_zariski.0036,root.cring.spec_zariski,40,formula,inline-dollar,68,68,68,68,,,b79a90188fa5c1fb33bc3fda80666cf86d623ddfe3c2cde13610cdf2b4affec3,b79a90188fa5c1fb33bc3fda80666cf86d623ddfe3c2cde13610cdf2b4affec3,b79a90188fa5c1fb33bc3fda80666cf86d623ddfe3c2cde13610cdf2b4affec3,section.spec_zariski.0002,
formula.spec_zariski.0037,root.cring.spec_zariski,41,formula,inline-dollar,68,68,68,68,,,4a1f941b3c6f426ec08de78c17e2f80f07a8b789701ba6b25126da00fab1231c,4a1f941b3c6f426ec08de78c17e2f80f07a8b789701ba6b25126da00fab1231c,4a1f941b3c6f426ec08de78c17e2f80f07a8b789701ba6b25126da00fab1231c,section.spec_zariski.0002,
formula.spec_zariski.0038,root.cring.spec_zariski,42,formula,inline-dollar,69,71,69,71,,,84a85611c13be73d0703356f8fc0d6b4627bb77f583115c495483c28aed61efc,84a85611c13be73d0703356f8fc0d6b4627bb77f583115c495483c28aed61efc,36f72e16cea83daa951ceccbb634a59854184c1f7b4f5c3890891debdf6d9371,section.spec_zariski.0002,
formula.spec_zariski.0039,root.cring.spec_zariski,43,formula,inline-dollar,71,71,71,71,,,5f977aee22cf6a973d1b1223283d95a9af69f25c8c1618c2279f72ab300788a4,5f977aee22cf6a973d1b1223283d95a9af69f25c8c1618c2279f72ab300788a4,9d531b483155b3ba20b43b67981ecf81d94c368a8897c3691e299b67f5902f0b,section.spec_zariski.0002,
formula.spec_zariski.0040,root.cring.spec_zariski,44,formula,inline-dollar,71,72,71,72,,,5931d9f06f01abbf73580f4f606a0af933c46e19e235c810f1811a1d86569356,5931d9f06f01abbf73580f4f606a0af933c46e19e235c810f1811a1d86569356,c48e9fd86afc7b1fe6a4cb2d286bfaf0a37421ece83504f9eea3af03a68c053f,section.spec_zariski.0002,
formula.spec_zariski.0041,root.cring.spec_zariski,45,formula,display-bracket,74,74,74,74,,,6232b0287fc77a7bf518c1c75f9fc5d1dc17e6f5c7985d2dbdf3752dd0894ceb,6232b0287fc77a7bf518c1c75f9fc5d1dc17e6f5c7985d2dbdf3752dd0894ceb,98d7cb948ee5353a9001c89ffe322aa2ae92df3830768a8bb1dd6c97d0f7c1b7,section.spec_zariski.0002,
formula.spec_zariski.0042,root.cring.spec_zariski,46,formula,inline-dollar,75,75,75,75,,,3caa7a8c02c0e1d8de50e581d2398a0df4960aa720b0d72506dddc3152dc76ed,3caa7a8c02c0e1d8de50e581d2398a0df4960aa720b0d72506dddc3152dc76ed,3caa7a8c02c0e1d8de50e581d2398a0df4960aa720b0d72506dddc3152dc76ed,section.spec_zariski.0002,
formula.spec_zariski.0043,root.cring.spec_zariski,47,formula,inline-dollar,75,76,75,76,,,956fb0e13eeab7bb48fcd5b0acd500756fb4b8319484a64b5cbd12686119a033,956fb0e13eeab7bb48fcd5b0acd500756fb4b8319484a64b5cbd12686119a033,dea3698711c390cdfa86b3f7be8f18004c8f52404745a33b163a251ff2edd839,section.spec_zariski.0002,
formula.spec_zariski.0044,root.cring.spec_zariski,48,formula,inline-dollar,77,77,77,77,,,1075a6c56cbe3aab2a4fc6aa23edf4b798356b1cc557340b5b24424cc43b884f,1075a6c56cbe3aab2a4fc6aa23edf4b798356b1cc557340b5b24424cc43b884f,1075a6c56cbe3aab2a4fc6aa23edf4b798356b1cc557340b5b24424cc43b884f,section.spec_zariski.0002,
formula.spec_zariski.0045,root.cring.spec_zariski,49,formula,inline-dollar,77,77,77,77,,,3caa7a8c02c0e1d8de50e581d2398a0df4960aa720b0d72506dddc3152dc76ed,3caa7a8c02c0e1d8de50e581d2398a0df4960aa720b0d72506dddc3152dc76ed,3caa7a8c02c0e1d8de50e581d2398a0df4960aa720b0d72506dddc3152dc76ed,section.spec_zariski.0002,
formula.spec_zariski.0046,root.cring.spec_zariski,50,formula,inline-dollar,78,78,78,78,,,4a1f941b3c6f426ec08de78c17e2f80f07a8b789701ba6b25126da00fab1231c,4a1f941b3c6f426ec08de78c17e2f80f07a8b789701ba6b25126da00fab1231c,4a1f941b3c6f426ec08de78c17e2f80f07a8b789701ba6b25126da00fab1231c,section.spec_zariski.0002,
formula.spec_zariski.0047,root.cring.spec_zariski,51,formula,inline-dollar,78,78,78,78,,,454207162504692b8dcd909124461dd9b2677f271285ae7e986b13f14a50b601,454207162504692b8dcd909124461dd9b2677f271285ae7e986b13f14a50b601,454207162504692b8dcd909124461dd9b2677f271285ae7e986b13f14a50b601,section.spec_zariski.0002,
definition.spec_zariski.0002,root.cring.spec_zariski,52,definition,definition,83,87,83,87,,,8286c9b1a1b67e225e0ba3d9fd076b9e7963b4b1dc6fa5c347dad2124db53fa2,efe3fc27642af2330ea150d8cdbbc05768db4d0d5a9ffa7339d3eba543d77b3c,,section.spec_zariski.0002,
formula.spec_zariski.0048,root.cring.spec_zariski,53,formula,inline-dollar,84,84,84,84,,,c637d883fd1fa3bab98996eda143c70a4b0ba2604e5295379dafa9c163ab907b,c637d883fd1fa3bab98996eda143c70a4b0ba2604e5295379dafa9c163ab907b,622bbcdd1d46ce21f94cd41125130a26aa4ed31bf08a74c6d9d6c48b84418a9c,section.spec_zariski.0002,
formula.spec_zariski.0049,root.cring.spec_zariski,54,formula,inline-dollar,86,86,86,86,,,c637d883fd1fa3bab98996eda143c70a4b0ba2604e5295379dafa9c163ab907b,c637d883fd1fa3bab98996eda143c70a4b0ba2604e5295379dafa9c163ab907b,622bbcdd1d46ce21f94cd41125130a26aa4ed31bf08a74c6d9d6c48b84418a9c,section.spec_zariski.0002,
exercise.spec_zariski.0001,root.cring.spec_zariski,55,exercise,exercise,89,91,89,91,,,4085bddd216e2608dbf76011da0e59524908eed3015e66787730cf602f9d54f9,d3c2ef476efa367ebf4cdb24d901b08158b7efe22ab71b49467e8367fbe32d21,,section.spec_zariski.0002,
formula.spec_zariski.0050,root.cring.spec_zariski,56,formula,inline-dollar,90,90,90,90,,,83aa5e38a90ee087658954bcc41b2a2f69d8daab35303b6b7deedebe78f9e3f0,83aa5e38a90ee087658954bcc41b2a2f69d8daab35303b6b7deedebe78f9e3f0,83aa5e38a90ee087658954bcc41b2a2f69d8daab35303b6b7deedebe78f9e3f0,section.spec_zariski.0002,
example.spec_zariski.0001,root.cring.spec_zariski,57,example,example,96,120,96,120,,,4e212a8b851d2d82ea07b61893e660efd448af7ccc342e823dcb55603c4ab25d,6bfeb7af3dab4c17254890a7cbd76128b589bb47e3a3ff98dcc55e5b6a296696,,section.spec_zariski.0002,
formula.spec_zariski.0051,root.cring.spec_zariski,58,formula,inline-dollar,97,97,97,97,,,ff14f969facbc41651e3e7430244456ae1aa7e85b4ce7d4650d30e00cabc323b,ff14f969facbc41651e3e7430244456ae1aa7e85b4ce7d4650d30e00cabc323b,9271ed330bb262f29a5e7b3246a010a9774c9884e033409112fcccdc2d1cf025,section.spec_zariski.0002,
formula.spec_zariski.0052,root.cring.spec_zariski,59,formula,inline-dollar,97,97,97,97,,,fe2b7decf82d4e06258774fa5fea0c1ee7336078fea3363682f1252414f75a81,fe2b7decf82d4e06258774fa5fea0c1ee7336078fea3363682f1252414f75a81,830eadb8776a909ee3ea5c770f107275cabb55e15fcd44a5f18088914844ffca,section.spec_zariski.0002,
formula.spec_zariski.0053,root.cring.spec_zariski,60,formula,inline-dollar,99,99,99,99,,,17231f65f3eab12195bbce7143b4e75f4e04bc086067ced36e820d2e09de897e,17231f65f3eab12195bbce7143b4e75f4e04bc086067ced36e820d2e09de897e,17231f65f3eab12195bbce7143b4e75f4e04bc086067ced36e820d2e09de897e,section.spec_zariski.0002,
formula.spec_zariski.0054,root.cring.spec_zariski,61,formula,inline-dollar,99,101,99,101,,,9d5e2817a3a8bc2951802faab76c682530eccd4e834d4cdd997a12575bdd146e,4ee004a42bda359db724a74f7f870c8a23b117476862691856d91442f2f0fcc4,8801cad1c00abc2d4cb3a3af9b9740aba359011f3962d5d7f2d214f4401fc057,section.spec_zariski.0002,
formula.spec_zariski.0055,root.cring.spec_zariski,62,formula,inline-dollar,102,103,102,103,,,a0f14d467302c6152b69a197ad46adead62cd9c477c82583d315ce2566c1ba57,a0f14d467302c6152b69a197ad46adead62cd9c477c82583d315ce2566c1ba57,0a501e3446b181d73957fb60cc2e7e966f155fa08506023f9742398ea8922b44,section.spec_zariski.0002,
formula.spec_zariski.0056,root.cring.spec_zariski,63,formula,inline-dollar,103,103,103,103,,,245e95495d0829413708321b143a7c059704b2c18271ff8b0dee80ae5a36feec,245e95495d0829413708321b143a7c059704b2c18271ff8b0dee80ae5a36feec,245e95495d0829413708321b143a7c059704b2c18271ff8b0dee80ae5a36feec,section.spec_zariski.0002,
formula.spec_zariski.0057,root.cring.spec_zariski,64,formula,inline-dollar,106,106,106,106,,,6067312198eb0aba0753d7cf92d8fd111b8138418b6322a1f4754316e67afa3a,6067312198eb0aba0753d7cf92d8fd111b8138418b6322a1f4754316e67afa3a,6067312198eb0aba0753d7cf92d8fd111b8138418b6322a1f4754316e67afa3a,section.spec_zariski.0002,
formula.spec_zariski.0058,root.cring.spec_zariski,65,formula,inline-dollar,106,107,106,107,,,b9ac288e1699752e3fc6463769539e1faa2a063213f7d673f20a8a3897d48d49,b9ac288e1699752e3fc6463769539e1faa2a063213f7d673f20a8a3897d48d49,0f34cfe75aa9f9c8e134274b4850b22a2e5986a48c1507ae37b4628ea3ce22d1,section.spec_zariski.0002,
formula.spec_zariski.0059,root.cring.spec_zariski,66,formula,inline-dollar,107,107,107,107,,,efbb145fe300b7c95e6117747090d01dfcad3396a5589eefdfaae01c55faa6a5,efbb145fe300b7c95e6117747090d01dfcad3396a5589eefdfaae01c55faa6a5,ec277d030e4025836c43d5345e15775e50c0b402d59f4a448eb1dbbe157113a5,section.spec_zariski.0002,
formula.spec_zariski.0060,root.cring.spec_zariski,67,formula,inline-dollar,107,108,107,108,,,cb1e489467ee2ef40cf97a7b1b3c2076f73a34bc0392b87f259264b8d449d97b,cb1e489467ee2ef40cf97a7b1b3c2076f73a34bc0392b87f259264b8d449d97b,a9d6a3b2f86dce3d9d1138594fe4536f562ba732709451707fa9325022ebc74a,section.spec_zariski.0002,
formula.spec_zariski.0061,root.cring.spec_zariski,68,formula,inline-dollar,111,111,111,111,,,b2251fa4e7467b4c2c12e9aa861cb4b436feb9525c23cd89b6a717cf6e868423,b2251fa4e7467b4c2c12e9aa861cb4b436feb9525c23cd89b6a717cf6e868423,b2251fa4e7467b4c2c12e9aa861cb4b436feb9525c23cd89b6a717cf6e868423,section.spec_zariski.0002,
formula.spec_zariski.0062,root.cring.spec_zariski,69,formula,inline-dollar,111,111,111,111,,,fe2b7decf82d4e06258774fa5fea0c1ee7336078fea3363682f1252414f75a81,fe2b7decf82d4e06258774fa5fea0c1ee7336078fea3363682f1252414f75a81,830eadb8776a909ee3ea5c770f107275cabb55e15fcd44a5f18088914844ffca,section.spec_zariski.0002,
formula.spec_zariski.0063,root.cring.spec_zariski,70,formula,inline-dollar,112,112,112,112,,,b51fe6e19c0f0907fdbc798e21a7c622002b4ae34679e3e4cd78ae6e4d5a7860,b51fe6e19c0f0907fdbc798e21a7c622002b4ae34679e3e4cd78ae6e4d5a7860,6f3e1ef5da59509eb2b3a36279f2f5462db11fc09364984111bb3ba166e6bbae,section.spec_zariski.0002,
formula.spec_zariski.0064,root.cring.spec_zariski,71,formula,inline-dollar,112,112,112,112,,,bb28a9b83048a0f36a72a56394914040f7f0171b49534f6138053bdd68916943,bb28a9b83048a0f36a72a56394914040f7f0171b49534f6138053bdd68916943,bb28a9b83048a0f36a72a56394914040f7f0171b49534f6138053bdd68916943,section.spec_zariski.0002,
formula.spec_zariski.0065,root.cring.spec_zariski,72,formula,inline-dollar,113,113,113,113,,,7550f7225e614f8f46f778e1419cc785b833fc38d7bcf4174ff0fd6b60633a32,7550f7225e614f8f46f778e1419cc785b833fc38d7bcf4174ff0fd6b60633a32,7550f7225e614f8f46f778e1419cc785b833fc38d7bcf4174ff0fd6b60633a32,section.spec_zariski.0002,
formula.spec_zariski.0066,root.cring.spec_zariski,73,formula,inline-dollar,119,119,119,119,,,245e95495d0829413708321b143a7c059704b2c18271ff8b0dee80ae5a36feec,245e95495d0829413708321b143a7c059704b2c18271ff8b0dee80ae5a36feec,245e95495d0829413708321b143a7c059704b2c18271ff8b0dee80ae5a36feec,section.spec_zariski.0002,
example.spec_zariski.0002,root.cring.spec_zariski,74,example,example,122,191,122,191,,,94e9214aa5c3b567e040ceee4f18003466c2defe75881386fa0cc544f2907c41,2352dd2f531fefa54879af2de1805bf7b39f98fcf3bfb2eb4cd88dc44db5af38,,section.spec_zariski.0002,label.spec_zariski.0001
formula.spec_zariski.0067,root.cring.spec_zariski,75,formula,inline-dollar,123,123,123,123,,,7ea5b5bb37f3065c294756c61dfdd3489f10dccb4a01f3215d94157384ace06b,7ea5b5bb37f3065c294756c61dfdd3489f10dccb4a01f3215d94157384ace06b,894f42f156122966f6e77dfe6dd12ac02c0b9895ae25e51d9584a36d510743bf,section.spec_zariski.0002,
formula.spec_zariski.0068,root.cring.spec_zariski,76,formula,inline-dollar,124,124,124,124,,,c637d883fd1fa3bab98996eda143c70a4b0ba2604e5295379dafa9c163ab907b,c637d883fd1fa3bab98996eda143c70a4b0ba2604e5295379dafa9c163ab907b,622bbcdd1d46ce21f94cd41125130a26aa4ed31bf08a74c6d9d6c48b84418a9c,section.spec_zariski.0002,
formula.spec_zariski.0069,root.cring.spec_zariski,77,formula,inline-dollar,129,129,129,129,,,8859e27daaf2a6a2f278441e50837c819521ff23b423a1b20d7d2a5cb24852c0,8859e27daaf2a6a2f278441e50837c819521ff23b423a1b20d7d2a5cb24852c0,b56fce5e6b940513253c72ae527666ffc6d596b53c3c546c62e358d43ccbc913,section.spec_zariski.0002,
formula.spec_zariski.0070,root.cring.spec_zariski,78,formula,inline-dollar,131,131,131,131,,,70f594ae3ce2015166b52ead6576b5b9a61fb929401ac3adc2b5d7f6d7c6ddfd,70f594ae3ce2015166b52ead6576b5b9a61fb929401ac3adc2b5d7f6d7c6ddfd,3b3be219603c7f0f2c16a8b3949d70e3723c723cd2ef6c5aede7e2284f26bba4,section.spec_zariski.0002,
formula.spec_zariski.0071,root.cring.spec_zariski,79,formula,inline-dollar,131,131,131,131,,,0d9f5483bad2118f0f8dcc8143c00726c403b9a82c2d8f80f71a4ba76568100b,0d9f5483bad2118f0f8dcc8143c00726c403b9a82c2d8f80f71a4ba76568100b,e1fa862dfff76d71d582ee70ef4d49976b60f56780057abafc3d2ec3f4a040fa,section.spec_zariski.0002,
formula.spec_zariski.0072,root.cring.spec_zariski,80,formula,inline-dollar,131,132,131,132,,,1c9f1ca60dbfdd3018760ebe630d269a312a296112ebca98290d3e590a040437,1c9f1ca60dbfdd3018760ebe630d269a312a296112ebca98290d3e590a040437,039838f23b91cb236d774528d5c5e02a0191e6ecf7e6d1b3a3814e28d27a0ab4,section.spec_zariski.0002,
formula.spec_zariski.0073,root.cring.spec_zariski,81,formula,inline-dollar,134,134,134,134,,,2ed35620160f9623ab674a55e60f3ff276bd97109c2ef6a2e5425a6d4e1b8bdc,2ed35620160f9623ab674a55e60f3ff276bd97109c2ef6a2e5425a6d4e1b8bdc,2ed35620160f9623ab674a55e60f3ff276bd97109c2ef6a2e5425a6d4e1b8bdc,section.spec_zariski.0002,
formula.spec_zariski.0074,root.cring.spec_zariski,82,formula,inline-dollar,135,135,135,135,,,540054c64c3b2219791b0da96ceefc5a6ba3133124f44e78f92885930bd6cb89,540054c64c3b2219791b0da96ceefc5a6ba3133124f44e78f92885930bd6cb89,7def02c4774ea3af963f68c5efdb09e328cf8f99521bbc559a9e556348e34163,section.spec_zariski.0002,
formula.spec_zariski.0075,root.cring.spec_zariski,83,formula,inline-dollar,135,136,135,136,,,c81daf8a286f5e18138bdf1c092bd9843e491b1fb97dca5b3b2a305aa1e93e6f,c81daf8a286f5e18138bdf1c092bd9843e491b1fb97dca5b3b2a305aa1e93e6f,f228c357b3ef556584b2e1f09901b0fa914e70d17469023b67eb7f71a20742b5,section.spec_zariski.0002,
theorem.spec_zariski.0002,root.cring.spec_zariski,84,theorem,theorem,139,141,139,141,,,f48762af333c09f770a085452784e58ecb1b52d3e3763eaa3d507cddb34698c5,cbb6a6e57a418c1dde8db42c5bea70b26509e771e8330d532e601df51bc9ead8,,section.spec_zariski.0002,
formula.spec_zariski.0076,root.cring.spec_zariski,85,formula,inline-dollar,140,140,140,140,,,3a7c79c751f0d0a14437245702fbf032e279b4350eb834caee3e9df09bc04f01,3a7c79c751f0d0a14437245702fbf032e279b4350eb834caee3e9df09bc04f01,3a7c79c751f0d0a14437245702fbf032e279b4350eb834caee3e9df09bc04f01,section.spec_zariski.0002,
formula.spec_zariski.0077,root.cring.spec_zariski,86,formula,inline-dollar,140,140,140,140,,,a28faf6143663643c867a9e6316c985e9cef6a6ed418572e97343866efcfe288,a28faf6143663643c867a9e6316c985e9cef6a6ed418572e97343866efcfe288,a28faf6143663643c867a9e6316c985e9cef6a6ed418572e97343866efcfe288,section.spec_zariski.0002,
formula.spec_zariski.0078,root.cring.spec_zariski,87,formula,inline-dollar,145,145,145,145,,,45a51877f6055663ed452a53090c7512de10748b5e3244d436d7c6447e985776,45a51877f6055663ed452a53090c7512de10748b5e3244d436d7c6447e985776,cfcd5ece2af17b688d7587dfae1a910c9b8e7d2ed467f79d540fae550bc6eaf8,section.spec_zariski.0002,
formula.spec_zariski.0079,root.cring.spec_zariski,88,formula,inline-dollar,145,145,145,145,,,a28faf6143663643c867a9e6316c985e9cef6a6ed418572e97343866efcfe288,a28faf6143663643c867a9e6316c985e9cef6a6ed418572e97343866efcfe288,a28faf6143663643c867a9e6316c985e9cef6a6ed418572e97343866efcfe288,section.spec_zariski.0002,
formula.spec_zariski.0080,root.cring.spec_zariski,89,formula,inline-dollar,146,146,146,146,,,96b8fc2ef62bb2b10f4be696b17657fb3d2fb1d08184c4454e7376b98bc0ecf5,96b8fc2ef62bb2b10f4be696b17657fb3d2fb1d08184c4454e7376b98bc0ecf5,b8b8e870538ae8a7c3f9d9ce43c981f769be8b49f3dc7cfe8a46212a924df999,section.spec_zariski.0002,
formula.spec_zariski.0081,root.cring.spec_zariski,90,formula,inline-dollar,146,146,146,146,,,b6d27399fdff50b6fd4035ff2e3c4ac38e4423d406f053e4cb42da776ac3e452,b6d27399fdff50b6fd4035ff2e3c4ac38e4423d406f053e4cb42da776ac3e452,b6d27399fdff50b6fd4035ff2e3c4ac38e4423d406f053e4cb42da776ac3e452,section.spec_zariski.0002,
formula.spec_zariski.0082,root.cring.spec_zariski,91,formula,inline-dollar,149,149,149,149,,,a28faf6143663643c867a9e6316c985e9cef6a6ed418572e97343866efcfe288,a28faf6143663643c867a9e6316c985e9cef6a6ed418572e97343866efcfe288,a28faf6143663643c867a9e6316c985e9cef6a6ed418572e97343866efcfe288,section.spec_zariski.0002,
formula.spec_zariski.0083,root.cring.spec_zariski,92,formula,inline-dollar,152,152,152,152,,,c637d883fd1fa3bab98996eda143c70a4b0ba2604e5295379dafa9c163ab907b,c637d883fd1fa3bab98996eda143c70a4b0ba2604e5295379dafa9c163ab907b,622bbcdd1d46ce21f94cd41125130a26aa4ed31bf08a74c6d9d6c48b84418a9c,section.spec_zariski.0002,
formula.spec_zariski.0084,root.cring.spec_zariski,93,formula,inline-dollar,152,152,152,152,,,4a36cb5cdc6dbdc0880b01475d4aac8056ae87c15b339d99b1fc3e454f5248fd,4a36cb5cdc6dbdc0880b01475d4aac8056ae87c15b339d99b1fc3e454f5248fd,4a36cb5cdc6dbdc0880b01475d4aac8056ae87c15b339d99b1fc3e454f5248fd,section.spec_zariski.0002,
formula.spec_zariski.0085,root.cring.spec_zariski,94,formula,inline-dollar,155,155,155,155,,,b5bd81d7dbd0bf48e96d17fb6492610ce90e84f3fbecb095b5d669e7d619302c,b5bd81d7dbd0bf48e96d17fb6492610ce90e84f3fbecb095b5d669e7d619302c,2f915a52cd0b253bb41eacf41eb35be1494ab09858b224d8898ba37b3bc372b7,section.spec_zariski.0002,
formula.spec_zariski.0086,root.cring.spec_zariski,95,formula,inline-dollar,155,155,155,155,,,c637d883fd1fa3bab98996eda143c70a4b0ba2604e5295379dafa9c163ab907b,c637d883fd1fa3bab98996eda143c70a4b0ba2604e5295379dafa9c163ab907b,622bbcdd1d46ce21f94cd41125130a26aa4ed31bf08a74c6d9d6c48b84418a9c,section.spec_zariski.0002,
formula.spec_zariski.0087,root.cring.spec_zariski,96,formula,inline-dollar,159,159,159,159,,,4a36cb5cdc6dbdc0880b01475d4aac8056ae87c15b339d99b1fc3e454f5248fd,4a36cb5cdc6dbdc0880b01475d4aac8056ae87c15b339d99b1fc3e454f5248fd,4a36cb5cdc6dbdc0880b01475d4aac8056ae87c15b339d99b1fc3e454f5248fd,section.spec_zariski.0002,
formula.spec_zariski.0088,root.cring.spec_zariski,97,formula,inline-dollar,160,160,160,160,,,c637d883fd1fa3bab98996eda143c70a4b0ba2604e5295379dafa9c163ab907b,c637d883fd1fa3bab98996eda143c70a4b0ba2604e5295379dafa9c163ab907b,622bbcdd1d46ce21f94cd41125130a26aa4ed31bf08a74c6d9d6c48b84418a9c,section.spec_zariski.0002,
formula.spec_zariski.0089,root.cring.spec_zariski,98,formula,inline-dollar,162,162,162,162,,,c637d883fd1fa3bab98996eda143c70a4b0ba2604e5295379dafa9c163ab907b,c637d883fd1fa3bab98996eda143c70a4b0ba2604e5295379dafa9c163ab907b,622bbcdd1d46ce21f94cd41125130a26aa4ed31bf08a74c6d9d6c48b84418a9c,section.spec_zariski.0002,
formula.spec_zariski.0090,root.cring.spec_zariski,99,formula,inline-dollar,162,162,162,162,,,6067312198eb0aba0753d7cf92d8fd111b8138418b6322a1f4754316e67afa3a,6067312198eb0aba0753d7cf92d8fd111b8138418b6322a1f4754316e67afa3a,6067312198eb0aba0753d7cf92d8fd111b8138418b6322a1f4754316e67afa3a,section.spec_zariski.0002,
formula.spec_zariski.0091,root.cring.spec_zariski,100,formula,inline-dollar,162,162,162,162,,,4a1f941b3c6f426ec08de78c17e2f80f07a8b789701ba6b25126da00fab1231c,4a1f941b3c6f426ec08de78c17e2f80f07a8b789701ba6b25126da00fab1231c,4a1f941b3c6f426ec08de78c17e2f80f07a8b789701ba6b25126da00fab1231c,section.spec_zariski.0002,
formula.spec_zariski.0092,root.cring.spec_zariski,101,formula,inline-dollar,164,164,164,164,,,f6778394a3bf6011dc75ea71c199a8e6cfb13e9bdff9ce05c654039589e886ef,f6778394a3bf6011dc75ea71c199a8e6cfb13e9bdff9ce05c654039589e886ef,f6778394a3bf6011dc75ea71c199a8e6cfb13e9bdff9ce05c654039589e886ef,section.spec_zariski.0002,
formula.spec_zariski.0093,root.cring.spec_zariski,102,formula,inline-dollar,165,165,165,165,,,4a36cb5cdc6dbdc0880b01475d4aac8056ae87c15b339d99b1fc3e454f5248fd,4a36cb5cdc6dbdc0880b01475d4aac8056ae87c15b339d99b1fc3e454f5248fd,4a36cb5cdc6dbdc0880b01475d4aac8056ae87c15b339d99b1fc3e454f5248fd,section.spec_zariski.0002,
formula.spec_zariski.0094,root.cring.spec_zariski,103,formula,inline-dollar,166,166,166,166,,,6067312198eb0aba0753d7cf92d8fd111b8138418b6322a1f4754316e67afa3a,6067312198eb0aba0753d7cf92d8fd111b8138418b6322a1f4754316e67afa3a,6067312198eb0aba0753d7cf92d8fd111b8138418b6322a1f4754316e67afa3a,section.spec_zariski.0002,
formula.spec_zariski.0095,root.cring.spec_zariski,104,formula,inline-dollar,169,169,169,169,,,4a36cb5cdc6dbdc0880b01475d4aac8056ae87c15b339d99b1fc3e454f5248fd,4a36cb5cdc6dbdc0880b01475d4aac8056ae87c15b339d99b1fc3e454f5248fd,4a36cb5cdc6dbdc0880b01475d4aac8056ae87c15b339d99b1fc3e454f5248fd,section.spec_zariski.0002,
formula.spec_zariski.0096,root.cring.spec_zariski,105,formula,inline-dollar,169,169,169,169,,,b9d2e2d2389529267e152799b1d644c8b3c5545f5fac917b3debb2b62066fe9e,b9d2e2d2389529267e152799b1d644c8b3c5545f5fac917b3debb2b62066fe9e,b9d2e2d2389529267e152799b1d644c8b3c5545f5fac917b3debb2b62066fe9e,section.spec_zariski.0002,
formula.spec_zariski.0097,root.cring.spec_zariski,106,formula,inline-dollar,170,170,170,170,,,3a7c79c751f0d0a14437245702fbf032e279b4350eb834caee3e9df09bc04f01,3a7c79c751f0d0a14437245702fbf032e279b4350eb834caee3e9df09bc04f01,3a7c79c751f0d0a14437245702fbf032e279b4350eb834caee3e9df09bc04f01,section.spec_zariski.0002,
formula.spec_zariski.0098,root.cring.spec_zariski,107,formula,inline-dollar,170,170,170,170,,,6067312198eb0aba0753d7cf92d8fd111b8138418b6322a1f4754316e67afa3a,6067312198eb0aba0753d7cf92d8fd111b8138418b6322a1f4754316e67afa3a,6067312198eb0aba0753d7cf92d8fd111b8138418b6322a1f4754316e67afa3a,section.spec_zariski.0002,
formula.spec_zariski.0099,root.cring.spec_zariski,108,formula,inline-dollar,172,172,172,172,,,b9d2e2d2389529267e152799b1d644c8b3c5545f5fac917b3debb2b62066fe9e,b9d2e2d2389529267e152799b1d644c8b3c5545f5fac917b3debb2b62066fe9e,b9d2e2d2389529267e152799b1d644c8b3c5545f5fac917b3debb2b62066fe9e,section.spec_zariski.0002,
formula.spec_zariski.0100,root.cring.spec_zariski,109,formula,inline-dollar,172,172,172,172,,,6067312198eb0aba0753d7cf92d8fd111b8138418b6322a1f4754316e67afa3a,6067312198eb0aba0753d7cf92d8fd111b8138418b6322a1f4754316e67afa3a,6067312198eb0aba0753d7cf92d8fd111b8138418b6322a1f4754316e67afa3a,section.spec_zariski.0002,
formula.spec_zariski.0101,root.cring.spec_zariski,110,formula,inline-dollar,173,174,173,174,,,c44cf1c1f6405fe7fe4550b506a7b8056f31f50133ce5e2b9460e282fad1838b,c44cf1c1f6405fe7fe4550b506a7b8056f31f50133ce5e2b9460e282fad1838b,340f90fce50d291504c1ac1842b180cc138dbde965c00b879cd2ea1b5025a006,section.spec_zariski.0002,
formula.spec_zariski.0102,root.cring.spec_zariski,111,formula,inline-dollar,176,176,176,176,,,576c2ce3b677a96a10107986ad8a4518c19f9163278754d0c409ab1e51b0e4dd,576c2ce3b677a96a10107986ad8a4518c19f9163278754d0c409ab1e51b0e4dd,707487923291625ad6fa615b6a83885e477aeae308ee99085a48a57ba9c947ac,section.spec_zariski.0002,
formula.spec_zariski.0103,root.cring.spec_zariski,112,formula,inline-dollar,176,176,176,176,,,3424e5e2e20152d7e7f49812bb715f779a9dc17236981fa505904b253ad40e5d,3424e5e2e20152d7e7f49812bb715f779a9dc17236981fa505904b253ad40e5d,3a7c79c751f0d0a14437245702fbf032e279b4350eb834caee3e9df09bc04f01,section.spec_zariski.0002,
formula.spec_zariski.0104,root.cring.spec_zariski,113,formula,inline-dollar,177,177,177,177,,,4657f903bdcc2d739c5522d6349836d7fe8331583358eba9f6856e13ef34c78b,4657f903bdcc2d739c5522d6349836d7fe8331583358eba9f6856e13ef34c78b,1aa018333556eb9a5627fc862d84f46d1b60ded081f4aa450da56c21c4ed7898,section.spec_zariski.0002,
formula.spec_zariski.0105,root.cring.spec_zariski,114,formula,inline-dollar,178,178,178,178,,,50ea96f41701b70d0dad41d048778536d29be9f02809035c6affbc8dd0a1f145,50ea96f41701b70d0dad41d048778536d29be9f02809035c6affbc8dd0a1f145,50ea96f41701b70d0dad41d048778536d29be9f02809035c6affbc8dd0a1f145,section.spec_zariski.0002,
formula.spec_zariski.0106,root.cring.spec_zariski,115,formula,inline-dollar,178,178,178,178,,,4a36cb5cdc6dbdc0880b01475d4aac8056ae87c15b339d99b1fc3e454f5248fd,4a36cb5cdc6dbdc0880b01475d4aac8056ae87c15b339d99b1fc3e454f5248fd,4a36cb5cdc6dbdc0880b01475d4aac8056ae87c15b339d99b1fc3e454f5248fd,section.spec_zariski.0002,
formula.spec_zariski.0107,root.cring.spec_zariski,116,formula,inline-dollar,185,186,185,186,,,7bdbf2a77c0477d5062f733763b70155fac7de0611689bfb549bcdba72f1887a,7bdbf2a77c0477d5062f733763b70155fac7de0611689bfb549bcdba72f1887a,7a4082a324033114bf2e1708a0b63da1c64f70f63ba321ba4adb1053fb83a221,section.spec_zariski.0002,
formula.spec_zariski.0108,root.cring.spec_zariski,117,formula,inline-dollar,190,190,190,190,,,a28faf6143663643c867a9e6316c985e9cef6a6ed418572e97343866efcfe288,a28faf6143663643c867a9e6316c985e9cef6a6ed418572e97343866efcfe288,a28faf6143663643c867a9e6316c985e9cef6a6ed418572e97343866efcfe288,section.spec_zariski.0002,
exercise.spec_zariski.0002,root.cring.spec_zariski,118,exercise,exercise,193,199,193,199,,,3e42885de2e1480b1c9b6278df1c18a7a9e3f1e121dfa03d507e8ca148df9e23,0b7e73a3fcd9bc502c32382462ad85ef5e800ed25539b0b35f1daab0fbf88cd3,,section.spec_zariski.0002,
formula.spec_zariski.0109,root.cring.spec_zariski,119,formula,inline-dollar,194,194,194,194,,,78250eac9d6dd82380659b15e7bef8eaa13690f9945db0fad266657eed9eecf2,78250eac9d6dd82380659b15e7bef8eaa13690f9945db0fad266657eed9eecf2,2bd67f1271a65066c48e61da4179b07dc64dad17b0c3529e8c4269461e632d4e,section.spec_zariski.0002,
formula.spec_zariski.0110,root.cring.spec_zariski,120,formula,inline-dollar,194,194,194,194,,,3358cf8498bcbb77db1e31fc18f96c76ef3445a59ac0532f0c23f8cd38bb6b70,3358cf8498bcbb77db1e31fc18f96c76ef3445a59ac0532f0c23f8cd38bb6b70,9aa5d11c81740462121140397ff9f6b08c4abe7b5c4f7d634b30805f76fa1c36,section.spec_zariski.0002,
formula.spec_zariski.0111,root.cring.spec_zariski,121,formula,inline-dollar,196,196,196,196,,,313eacf5c59ec3e4e6ba688f874b4700450b8afd485da0d97cd74c984aac11ea,313eacf5c59ec3e4e6ba688f874b4700450b8afd485da0d97cd74c984aac11ea,7f7851b1dd2793a3880d50725a08b7a806c2c9d56b388cddfc229b3e47ce0036,section.spec_zariski.0002,
formula.spec_zariski.0112,root.cring.spec_zariski,122,formula,inline-dollar,197,197,197,197,,,b6baf9dcd4e99d16ed31e13b00e157d8717c25cc6056e6de44590ac0d8a514b9,b6baf9dcd4e99d16ed31e13b00e157d8717c25cc6056e6de44590ac0d8a514b9,0d442cac3ade5ad5a969d2298cdb5a3bcf908cb44e23146991cfe1a428a6b89c,section.spec_zariski.0002,
formula.spec_zariski.0113,root.cring.spec_zariski,123,formula,inline-dollar,198,198,198,198,,,ef0f61bcba33960f999acb6c80aeb4c464cbc1b0a80bb3b2cc9c70f0dec68084,ef0f61bcba33960f999acb6c80aeb4c464cbc1b0a80bb3b2cc9c70f0dec68084,4823554a3de7d55a9e9bc03b264dfcdfe820ef0cc08eae99db644df7b26a9ff6,section.spec_zariski.0002,
exercise.spec_zariski.0003,root.cring.spec_zariski,124,exercise,exercise,202,211,202,211,,,7505eb39ac2c952989dfafe2459b9b1cd2b4ff395dd20e9108d1beef4341bfdf,d76c61a9c86ea9d4616b36c48a7589af67f54d491b17b530d7591e4b29e30f38,,section.spec_zariski.0002,
formula.spec_zariski.0114,root.cring.spec_zariski,125,formula,inline-dollar,203,203,203,203,,,fa6f31e9e86c1655d3baaa082b67e49ab4328ed37e36669ea780c047487a6969,fa6f31e9e86c1655d3baaa082b67e49ab4328ed37e36669ea780c047487a6969,fa6f31e9e86c1655d3baaa082b67e49ab4328ed37e36669ea780c047487a6969,section.spec_zariski.0002,
formula.spec_zariski.0115,root.cring.spec_zariski,126,formula,inline-dollar,203,203,203,203,,,10f6d532fbd62cd43b97b03371267fddbea8ced2171816500a80eaac383c9ff0,10f6d532fbd62cd43b97b03371267fddbea8ced2171816500a80eaac383c9ff0,10f6d532fbd62cd43b97b03371267fddbea8ced2171816500a80eaac383c9ff0,section.spec_zariski.0002,
formula.spec_zariski.0116,root.cring.spec_zariski,127,formula,inline-dollar,205,205,205,205,,,28c3a45b1ff301927ebb20607d79068329a3127e31cea01133a2512bb0bdb65a,28c3a45b1ff301927ebb20607d79068329a3127e31cea01133a2512bb0bdb65a,b23d0b3e21e7e455a1fdb566475c3369f9afaef9c32f8b4b5fe4dba3999d87c1,section.spec_zariski.0002,
formula.spec_zariski.0117,root.cring.spec_zariski,128,formula,inline-dollar,206,206,206,206,,,b10ca27aeabaffbf2857afbf540b2927de0efe4fec88e19e13eecee4e197afcf,b10ca27aeabaffbf2857afbf540b2927de0efe4fec88e19e13eecee4e197afcf,71645ce1c1745c7106f4a4d2195d27e3b6829c777e188b59339a53fde8e88316,section.spec_zariski.0002,
formula.spec_zariski.0118,root.cring.spec_zariski,129,formula,inline-dollar,207,207,207,207,,,fa6f31e9e86c1655d3baaa082b67e49ab4328ed37e36669ea780c047487a6969,fa6f31e9e86c1655d3baaa082b67e49ab4328ed37e36669ea780c047487a6969,fa6f31e9e86c1655d3baaa082b67e49ab4328ed37e36669ea780c047487a6969,section.spec_zariski.0002,
formula.spec_zariski.0119,root.cring.spec_zariski,130,formula,inline-dollar,208,208,208,208,,,a187e45433752b7734320223496535b461ba2784eebde77e759f0add661a5735,a187e45433752b7734320223496535b461ba2784eebde77e759f0add661a5735,fa6f31e9e86c1655d3baaa082b67e49ab4328ed37e36669ea780c047487a6969,section.spec_zariski.0002,
formula.spec_zariski.0120,root.cring.spec_zariski,131,formula,inline-dollar,208,208,208,208,,,b10ca27aeabaffbf2857afbf540b2927de0efe4fec88e19e13eecee4e197afcf,b10ca27aeabaffbf2857afbf540b2927de0efe4fec88e19e13eecee4e197afcf,71645ce1c1745c7106f4a4d2195d27e3b6829c777e188b59339a53fde8e88316,section.spec_zariski.0002,
exercise.spec_zariski.0004,root.cring.spec_zariski,132,exercise,exercise,213,220,213,220,,,55cd6f037a061f7408425038fa8bacaa4570c4ef32db84fee6ac43cff8aff13d,2f26aeaf0de6f0abc05d9c63b26739de43973047b568b79c4b32b2c4bb26774c,,section.spec_zariski.0002,
formula.spec_zariski.0121,root.cring.spec_zariski,133,formula,inline-dollar,214,214,214,214,,,2b03b59bd28dadf2f7ef6aab103cc120c126ed2c2aa798dcbf0ed66e76160565,2b03b59bd28dadf2f7ef6aab103cc120c126ed2c2aa798dcbf0ed66e76160565,4c94f41f4a593c9bfdd29faaddbb1bfc73c79200b8b9fced77b3176360a269a9,section.spec_zariski.0002,
formula.spec_zariski.0122,root.cring.spec_zariski,134,formula,inline-dollar,215,216,215,216,,,a48cbd89340b67545ba65a921b3eacd774ff8846a3c7b7b029391721e2ff595d,a48cbd89340b67545ba65a921b3eacd774ff8846a3c7b7b029391721e2ff595d,84a29364be5a8de32ed411ce5425b6fc29c444650e32b68b3840082a54bb04f4,section.spec_zariski.0002,
formula.spec_zariski.0123,root.cring.spec_zariski,135,formula,inline-dollar,216,217,216,217,,,a48cbd89340b67545ba65a921b3eacd774ff8846a3c7b7b029391721e2ff595d,a48cbd89340b67545ba65a921b3eacd774ff8846a3c7b7b029391721e2ff595d,84a29364be5a8de32ed411ce5425b6fc29c444650e32b68b3840082a54bb04f4,section.spec_zariski.0002,
formula.spec_zariski.0124,root.cring.spec_zariski,136,formula,inline-dollar,218,218,218,218,,,48ff44047ef8ff677f9c5069358172acb61a332252c7ad024c733202c48f2106,48ff44047ef8ff677f9c5069358172acb61a332252c7ad024c733202c48f2106,48ff44047ef8ff677f9c5069358172acb61a332252c7ad024c733202c48f2106,section.spec_zariski.0002,
formula.spec_zariski.0125,root.cring.spec_zariski,137,formula,inline-dollar,218,218,218,218,,,fa6f31e9e86c1655d3baaa082b67e49ab4328ed37e36669ea780c047487a6969,fa6f31e9e86c1655d3baaa082b67e49ab4328ed37e36669ea780c047487a6969,fa6f31e9e86c1655d3baaa082b67e49ab4328ed37e36669ea780c047487a6969,section.spec_zariski.0002,
formula.spec_zariski.0126,root.cring.spec_zariski,138,formula,inline-dollar,219,219,219,219,,,cab781480f0abda327f45117a915e61c6b7288a43525f97a4bd01e797bcbd20d,cab781480f0abda327f45117a915e61c6b7288a43525f97a4bd01e797bcbd20d,cab781480f0abda327f45117a915e61c6b7288a43525f97a4bd01e797bcbd20d,section.spec_zariski.0002,
section.spec_zariski.0003,root.cring.spec_zariski,139,section,subsection,223,223,223,223,The radical ideal-closed subset correspondence,Korespondensi ideal radikal--subhimpunan tertutup,749d88e9102220ce1349bd404910cb77092ad38da43fc2a211c888b54af74d18,d64ee448fe60726c339e56568f7f403cc7252afed8fad28bd2241f776aaa31e3,,section.spec_zariski.0001,
formula.spec_zariski.0127,root.cring.spec_zariski,140,formula,inline-dollar,225,225,225,225,,,a28faf6143663643c867a9e6316c985e9cef6a6ed418572e97343866efcfe288,a28faf6143663643c867a9e6316c985e9cef6a6ed418572e97343866efcfe288,a28faf6143663643c867a9e6316c985e9cef6a6ed418572e97343866efcfe288,section.spec_zariski.0003,
formula.spec_zariski.0128,root.cring.spec_zariski,141,formula,inline-dollar,226,226,226,226,,,c8f02a33709def358429967a8c1f402f5baab98fc6ea5a76727dda167714332e,c8f02a33709def358429967a8c1f402f5baab98fc6ea5a76727dda167714332e,ad3337ea466e110f010a458938ec5962bd3ffae7c67ecda679d550652565919a,section.spec_zariski.0003,
formula.spec_zariski.0129,root.cring.spec_zariski,142,formula,inline-dollar,227,227,227,227,,,f6cebf30a3be4d36de069401a629847405221c564c93bfa9184d3c48ac5f34af,f6cebf30a3be4d36de069401a629847405221c564c93bfa9184d3c48ac5f34af,2981fed991d074241efaf29977e44484e94a41d41003f420386e71f83955ac3e,section.spec_zariski.0003,
formula.spec_zariski.0130,root.cring.spec_zariski,143,formula,inline-dollar,227,227,227,227,,,6067312198eb0aba0753d7cf92d8fd111b8138418b6322a1f4754316e67afa3a,6067312198eb0aba0753d7cf92d8fd111b8138418b6322a1f4754316e67afa3a,6067312198eb0aba0753d7cf92d8fd111b8138418b6322a1f4754316e67afa3a,section.spec_zariski.0003,
formula.spec_zariski.0131,root.cring.spec_zariski,144,formula,inline-dollar,229,229,229,229,,,4a1f941b3c6f426ec08de78c17e2f80f07a8b789701ba6b25126da00fab1231c,4a1f941b3c6f426ec08de78c17e2f80f07a8b789701ba6b25126da00fab1231c,4a1f941b3c6f426ec08de78c17e2f80f07a8b789701ba6b25126da00fab1231c,section.spec_zariski.0003,
formula.spec_zariski.0132,root.cring.spec_zariski,145,formula,inline-dollar,231,231,231,231,,,a28faf6143663643c867a9e6316c985e9cef6a6ed418572e97343866efcfe288,a28faf6143663643c867a9e6316c985e9cef6a6ed418572e97343866efcfe288,a28faf6143663643c867a9e6316c985e9cef6a6ed418572e97343866efcfe288,section.spec_zariski.0003,
example.spec_zariski.0003,root.cring.spec_zariski,146,example,example,241,246,241,246,,,5f2f7f0ea3839b184771d2c82c0f1c5fc51b78c4edc10ce051a4ea16eaaa684e,bf0493e61557e3786cce9de1abc42336e2bedce66043967d724ea2d0c80391f0,,section.spec_zariski.0003,
formula.spec_zariski.0133,root.cring.spec_zariski,147,formula,inline-dollar,242,242,242,242,,,ff14f969facbc41651e3e7430244456ae1aa7e85b4ce7d4650d30e00cabc323b,ff14f969facbc41651e3e7430244456ae1aa7e85b4ce7d4650d30e00cabc323b,9271ed330bb262f29a5e7b3246a010a9774c9884e033409112fcccdc2d1cf025,section.spec_zariski.0003,
formula.spec_zariski.0134,root.cring.spec_zariski,148,formula,inline-dollar,242,242,242,242,,,ea6649a9e145c333693e04f2dfe6435ea3f67511edf186c7d4e9dc63058f446e,ea6649a9e145c333693e04f2dfe6435ea3f67511edf186c7d4e9dc63058f446e,ea6649a9e145c333693e04f2dfe6435ea3f67511edf186c7d4e9dc63058f446e,section.spec_zariski.0003,
formula.spec_zariski.0135,root.cring.spec_zariski,149,formula,inline-dollar,242,242,242,242,,,950a5cce4fd514cc3d11bf7b9697febef1cf1915ff84c0d33558366249cdfcb1,950a5cce4fd514cc3d11bf7b9697febef1cf1915ff84c0d33558366249cdfcb1,1f9fef4f67640bf567b928ba53fa39bb92368d9a15f9b1a9d82957a8798fc73f,section.spec_zariski.0003,
formula.spec_zariski.0136,root.cring.spec_zariski,150,formula,inline-dollar,244,244,244,244,,,7b3a00038cf99fc3bd345801fd31fc25efb2abcc7dca8eb848cc49987abe160e,7b3a00038cf99fc3bd345801fd31fc25efb2abcc7dca8eb848cc49987abe160e,7b3a00038cf99fc3bd345801fd31fc25efb2abcc7dca8eb848cc49987abe160e,section.spec_zariski.0003,
formula.spec_zariski.0137,root.cring.spec_zariski,151,formula,inline-dollar,245,245,245,245,,,c637d883fd1fa3bab98996eda143c70a4b0ba2604e5295379dafa9c163ab907b,c637d883fd1fa3bab98996eda143c70a4b0ba2604e5295379dafa9c163ab907b,622bbcdd1d46ce21f94cd41125130a26aa4ed31bf08a74c6d9d6c48b84418a9c,section.spec_zariski.0003,
definition.spec_zariski.0003,root.cring.spec_zariski,152,definition,definition,254,263,254,263,,,651a9db42578ebe24e9f1dc1ed47d3d1420377864fbd2f45bb660b47528f865e,8fa019d767861169c681be0a7ae6f39a5c381e7fad15defa4bcb5c0553537fd0,,section.spec_zariski.0003,
formula.spec_zariski.0138,root.cring.spec_zariski,153,formula,inline-dollar,255,255,255,255,,,4a1f941b3c6f426ec08de78c17e2f80f07a8b789701ba6b25126da00fab1231c,4a1f941b3c6f426ec08de78c17e2f80f07a8b789701ba6b25126da00fab1231c,4a1f941b3c6f426ec08de78c17e2f80f07a8b789701ba6b25126da00fab1231c,section.spec_zariski.0003,
formula.spec_zariski.0139,root.cring.spec_zariski,154,formula,inline-dollar,255,255,255,255,,,f4a2d21babea372fffe1c23963b8cdd50c76be5e32946e1686de5a92610d4620,f4a2d21babea372fffe1c23963b8cdd50c76be5e32946e1686de5a92610d4620,55a882056068495b25db3aad53b5dc9d1594ab5368345395c1d967d735b2f4ad,section.spec_zariski.0003,
formula.spec_zariski.0140,root.cring.spec_zariski,155,formula,inline-dollar,255,256,255,256,,,c6aa8646ea8c8301cfe3bc170f0d3fbd3bb3f2105fdf5d8b08f0668df39a9f69,c6aa8646ea8c8301cfe3bc170f0d3fbd3bb3f2105fdf5d8b08f0668df39a9f69,dabad8afae03a82899b504a5a26394322b17b56062e816cbe5147076330b7903,section.spec_zariski.0003,
formula.spec_zariski.0141,root.cring.spec_zariski,156,formula,display-dollar,257,259,257,259,,,c687c24ee73a0780a54b8a99b3cae2f6eb215beb0fb69013ec0a0bdfdff48bb0,1f18219b9be3fbc373e4ea79b8f90d5eaafc849526d65595ca3c0cb451d3c92b,8b5230e7bb919c9a204628285ea6b4beb05659abaaa04d179acf9c967f25dc52,section.spec_zariski.0003,
theorem.spec_zariski.0003,root.cring.spec_zariski,157,theorem,lemma,266,268,266,268,,,696b1fecfa6215605163e12f930d011579308d897e30071d859cbb96f660eefd,2143c2ccfe057867f12ffdb51a9704ded02a76a6fe3a889473cbc375ee1f0025,,section.spec_zariski.0003,
formula.spec_zariski.0142,root.cring.spec_zariski,158,formula,inline-dollar,267,267,267,267,,,4a1f941b3c6f426ec08de78c17e2f80f07a8b789701ba6b25126da00fab1231c,4a1f941b3c6f426ec08de78c17e2f80f07a8b789701ba6b25126da00fab1231c,4a1f941b3c6f426ec08de78c17e2f80f07a8b789701ba6b25126da00fab1231c,section.spec_zariski.0003,
formula.spec_zariski.0143,root.cring.spec_zariski,159,formula,inline-dollar,267,267,267,267,,,55a882056068495b25db3aad53b5dc9d1594ab5368345395c1d967d735b2f4ad,55a882056068495b25db3aad53b5dc9d1594ab5368345395c1d967d735b2f4ad,55a882056068495b25db3aad53b5dc9d1594ab5368345395c1d967d735b2f4ad,section.spec_zariski.0003,
formula.spec_zariski.0144,root.cring.spec_zariski,160,formula,inline-dollar,270,270,270,270,,,55a882056068495b25db3aad53b5dc9d1594ab5368345395c1d967d735b2f4ad,55a882056068495b25db3aad53b5dc9d1594ab5368345395c1d967d735b2f4ad,55a882056068495b25db3aad53b5dc9d1594ab5368345395c1d967d735b2f4ad,section.spec_zariski.0003,
formula.spec_zariski.0145,root.cring.spec_zariski,161,formula,inline-dollar,270,270,270,270,,,4a1f941b3c6f426ec08de78c17e2f80f07a8b789701ba6b25126da00fab1231c,4a1f941b3c6f426ec08de78c17e2f80f07a8b789701ba6b25126da00fab1231c,4a1f941b3c6f426ec08de78c17e2f80f07a8b789701ba6b25126da00fab1231c,section.spec_zariski.0003,
formula.spec_zariski.0146,root.cring.spec_zariski,162,formula,inline-dollar,271,271,271,271,,,83beada4fbbcca45407077c2da70715869016e925300535f1dfc5d2cdd5dd8d7,83beada4fbbcca45407077c2da70715869016e925300535f1dfc5d2cdd5dd8d7,fdf9256aae741ecc6ce618a172373843fbac3c63f3c231930d46a0744097b7fc,section.spec_zariski.0003,
formula.spec_zariski.0147,root.cring.spec_zariski,163,formula,inline-dollar,271,271,271,271,,,181e4ace502358293ef53f2e2074c70b69889c5f535da8592584665fefd3a65b,181e4ace502358293ef53f2e2074c70b69889c5f535da8592584665fefd3a65b,a131b5405f00ad4e0bfe520a1ad64358d360abc3f2b0d1d695a0be165471113d,section.spec_zariski.0003,
formula.spec_zariski.0148,root.cring.spec_zariski,164,formula,inline-dollar,271,272,271,272,,,2e79218114803bad01b9f45c095eab46d4f0b89e8636f74360ef1ebc16ea77b0,2e79218114803bad01b9f45c095eab46d4f0b89e8636f74360ef1ebc16ea77b0,8bbc0df4e978c72e599ea625a9a7541a6597514dee669064251e7ecc9b8a9f6a,section.spec_zariski.0003,
formula.spec_zariski.0149,root.cring.spec_zariski,165,formula,inline-dollar,273,273,273,273,,,bb28a9b83048a0f36a72a56394914040f7f0171b49534f6138053bdd68916943,bb28a9b83048a0f36a72a56394914040f7f0171b49534f6138053bdd68916943,bb28a9b83048a0f36a72a56394914040f7f0171b49534f6138053bdd68916943,section.spec_zariski.0003,
formula.spec_zariski.0150,root.cring.spec_zariski,166,formula,inline-dollar,273,273,273,273,,,bb28a9b83048a0f36a72a56394914040f7f0171b49534f6138053bdd68916943,bb28a9b83048a0f36a72a56394914040f7f0171b49534f6138053bdd68916943,bb28a9b83048a0f36a72a56394914040f7f0171b49534f6138053bdd68916943,section.spec_zariski.0003,
formula.spec_zariski.0151,root.cring.spec_zariski,167,formula,display-bracket,276,277,275,276,,,d768bb0137bbd39a302b23fb161cf86f1ae3768c29d19349acd62bc7267812d7,d768bb0137bbd39a302b23fb161cf86f1ae3768c29d19349acd62bc7267812d7,25d40e05fd57ee4d539af8134dd9e6b1f21d0edca50907ab73f483448e59d8a4,section.spec_zariski.0003,
formula.spec_zariski.0152,root.cring.spec_zariski,168,formula,inline-dollar,278,278,277,277,,,b46dbcb94e6affecfa35ceb191e8216176834a3b7762af83513b7ff2940e537a,b46dbcb94e6affecfa35ceb191e8216176834a3b7762af83513b7ff2940e537a,b46dbcb94e6affecfa35ceb191e8216176834a3b7762af83513b7ff2940e537a,section.spec_zariski.0003,
formula.spec_zariski.0153,root.cring.spec_zariski,169,formula,inline-dollar,278,278,277,277,,,27e55e2b7af92237a6167d634c59ed5b145e1212cde899d8d5f1816bc4e7ba91,27e55e2b7af92237a6167d634c59ed5b145e1212cde899d8d5f1816bc4e7ba91,86e906d31db1741d2318877597d970841e9a6297fdb23fca885d9e1f82030b01,section.spec_zariski.0003,
formula.spec_zariski.0154,root.cring.spec_zariski,170,formula,inline-dollar,280,280,279,279,,,4a1f941b3c6f426ec08de78c17e2f80f07a8b789701ba6b25126da00fab1231c,4a1f941b3c6f426ec08de78c17e2f80f07a8b789701ba6b25126da00fab1231c,4a1f941b3c6f426ec08de78c17e2f80f07a8b789701ba6b25126da00fab1231c,section.spec_zariski.0003,
formula.spec_zariski.0155,root.cring.spec_zariski,171,formula,inline-dollar,280,280,280,280,,,5a2838016404521a2c4e060f08df4ea6ff41c278247c91e91d6a1d7fa369be69,5a2838016404521a2c4e060f08df4ea6ff41c278247c91e91d6a1d7fa369be69,4fbed604e3330bb909e9b99fea4695b899e5751873092fd380ef455a67d31a05,section.spec_zariski.0003,
formula.spec_zariski.0156,root.cring.spec_zariski,172,formula,inline-dollar,281,281,281,281,,,181e4ace502358293ef53f2e2074c70b69889c5f535da8592584665fefd3a65b,181e4ace502358293ef53f2e2074c70b69889c5f535da8592584665fefd3a65b,a131b5405f00ad4e0bfe520a1ad64358d360abc3f2b0d1d695a0be165471113d,section.spec_zariski.0003,
formula.spec_zariski.0157,root.cring.spec_zariski,173,formula,inline-dollar,284,284,284,284,,,fda1af5ef0e8075a54dee18c0faf7cbd99fb1c1a35b56b2489373ce420b0b0a3,fda1af5ef0e8075a54dee18c0faf7cbd99fb1c1a35b56b2489373ce420b0b0a3,6647dec7696369cb605d34580a3c90032587ca0a2928be7051fe717d4d588f60,section.spec_zariski.0003,
formula.spec_zariski.0158,root.cring.spec_zariski,174,formula,inline-dollar,285,285,285,285,,,4a1f941b3c6f426ec08de78c17e2f80f07a8b789701ba6b25126da00fab1231c,4a1f941b3c6f426ec08de78c17e2f80f07a8b789701ba6b25126da00fab1231c,4a1f941b3c6f426ec08de78c17e2f80f07a8b789701ba6b25126da00fab1231c,section.spec_zariski.0003,
formula.spec_zariski.0159,root.cring.spec_zariski,175,formula,inline-dollar,285,285,285,285,,,ec2b5979d9d0d06ad21ecc2c265b5542807961555a39b801d7102d6b1fe091a4,ec2b5979d9d0d06ad21ecc2c265b5542807961555a39b801d7102d6b1fe091a4,ec2b5979d9d0d06ad21ecc2c265b5542807961555a39b801d7102d6b1fe091a4,section.spec_zariski.0003,
formula.spec_zariski.0160,root.cring.spec_zariski,176,formula,inline-dollar,285,286,285,286,,,1d08f077ee76c2d948535ae5b4db0ebf041ff52d2f22a6262c59ce856c902774,1d08f077ee76c2d948535ae5b4db0ebf041ff52d2f22a6262c59ce856c902774,8b1af8a06daf57ece4756be524cfdbb342e5390c54a9d30e90a573abf7db3fc2,section.spec_zariski.0003,
formula.spec_zariski.0161,root.cring.spec_zariski,177,formula,inline-dollar,286,286,286,286,,,1d0c09b33751dcf159ab56b19adb7b5d31f01fa19b18350ea6cdfd3914c6f575,1d0c09b33751dcf159ab56b19adb7b5d31f01fa19b18350ea6cdfd3914c6f575,2d99d81cfc210866ffc46451be8a4325bdf8444b9bb4db0deefe7e514d94d6c2,section.spec_zariski.0003,
formula.spec_zariski.0162,root.cring.spec_zariski,178,formula,inline-dollar,287,287,287,287,,,016d6b5399e4eff361a2f27d5e205735a542d7ac7cd2824727bfc39da49a65cd,016d6b5399e4eff361a2f27d5e205735a542d7ac7cd2824727bfc39da49a65cd,6f48d0a875b69681da272058bdf03cd7d5324bab7cbc0eb9e64c1a4f88f06626,section.spec_zariski.0003,
theorem.spec_zariski.0004,root.cring.spec_zariski,179,theorem,lemma,288,290,288,290,,,e50d2d0089cc09cb79ffe7111148c4599c4df5c3124dbf4312a8842add7ac166,fedc20e4048ff8d737f39538388faa705b4c5e111455d51c0e2fb6c0cb8f50d5,,section.spec_zariski.0003,
formula.spec_zariski.0163,root.cring.spec_zariski,180,formula,inline-dollar,289,289,289,289,,,4a1f941b3c6f426ec08de78c17e2f80f07a8b789701ba6b25126da00fab1231c,4a1f941b3c6f426ec08de78c17e2f80f07a8b789701ba6b25126da00fab1231c,4a1f941b3c6f426ec08de78c17e2f80f07a8b789701ba6b25126da00fab1231c,section.spec_zariski.0003,
formula.spec_zariski.0164,root.cring.spec_zariski,181,formula,inline-dollar,289,289,289,289,,,36e8037d88cda5f0c988241a6940db8ca5366bd65022ff146f1645e0128eb7a0,36e8037d88cda5f0c988241a6940db8ca5366bd65022ff146f1645e0128eb7a0,8aa473bd33f635a90a225d0354f8fe4452a12acf5cc870feb8668b0ead0b7255,section.spec_zariski.0003,
formula.spec_zariski.0165,root.cring.spec_zariski,182,formula,inline-dollar,292,292,292,292,,,6baf182ddd407936010f8d650912b75222d90cc2dd78265ac50857ff64043381,6baf182ddd407936010f8d650912b75222d90cc2dd78265ac50857ff64043381,0e415ed124ca07618e1495dbac7057d514b9fa060cf9c13b7c59ccebf5874c87,section.spec_zariski.0003,
formula.spec_zariski.0166,root.cring.spec_zariski,183,formula,inline-dollar,292,293,292,293,,,f0cb66907eab917f52e11c5f28de8213f7acb3e4e4d0496bdaab49b426e81e03,f0cb66907eab917f52e11c5f28de8213f7acb3e4e4d0496bdaab49b426e81e03,236fb225094a3f080777fb4b5cb239d6bf4ae23398f453fd00d5d1d8eabca755,section.spec_zariski.0003,
formula.spec_zariski.0167,root.cring.spec_zariski,184,formula,inline-dollar,296,296,296,296,,,b6bc86d34b7fae82ae3cd2fb9fbd319eb28c49a13989be429a08057d702e280d,b6bc86d34b7fae82ae3cd2fb9fbd319eb28c49a13989be429a08057d702e280d,e8f4c0731f5afd2a6e70d40f9aa86be571928af74a193374d8e9f4995b633137,section.spec_zariski.0003,
formula.spec_zariski.0168,root.cring.spec_zariski,185,formula,inline-dollar,296,297,296,297,,,20213068c6ac3f4dea7566e35cfa69f2c43554f4656e4142a98a3fbfff549aa1,20213068c6ac3f4dea7566e35cfa69f2c43554f4656e4142a98a3fbfff549aa1,82b41a860ab72a349c6cc942812a980f59985757de9fc9935074eb3db7cc976b,section.spec_zariski.0003,
formula.spec_zariski.0169,root.cring.spec_zariski,186,formula,inline-dollar,299,299,299,299,,,b6bc86d34b7fae82ae3cd2fb9fbd319eb28c49a13989be429a08057d702e280d,b6bc86d34b7fae82ae3cd2fb9fbd319eb28c49a13989be429a08057d702e280d,e8f4c0731f5afd2a6e70d40f9aa86be571928af74a193374d8e9f4995b633137,section.spec_zariski.0003,
formula.spec_zariski.0170,root.cring.spec_zariski,187,formula,inline-dollar,299,300,299,300,,,343551de88515d7a0855ddf531227ebe5d54111e0e9761106d99c538fb85b2d9,343551de88515d7a0855ddf531227ebe5d54111e0e9761106d99c538fb85b2d9,ea2aace57323a02d559b4a3b92f3eee036c6cf5a8a5d9053345355fa2c3868f2,section.spec_zariski.0003,
formula.spec_zariski.0171,root.cring.spec_zariski,188,formula,inline-dollar,300,300,300,300,,,c7db0d3aa45d5d3ba7506671cffd7275d5ec88b2d0a82d09e0f420b1883f3322,c7db0d3aa45d5d3ba7506671cffd7275d5ec88b2d0a82d09e0f420b1883f3322,e54ff9feade9a44e4c60e00b8be125b4e7d273ae73dc763eedf356786dd0fce6,section.spec_zariski.0003,
formula.spec_zariski.0172,root.cring.spec_zariski,189,formula,inline-dollar,300,300,300,300,,,bb28a9b83048a0f36a72a56394914040f7f0171b49534f6138053bdd68916943,bb28a9b83048a0f36a72a56394914040f7f0171b49534f6138053bdd68916943,bb28a9b83048a0f36a72a56394914040f7f0171b49534f6138053bdd68916943,section.spec_zariski.0003,
formula.spec_zariski.0173,root.cring.spec_zariski,190,formula,inline-dollar,301,301,301,301,,,1075a6c56cbe3aab2a4fc6aa23edf4b798356b1cc557340b5b24424cc43b884f,1075a6c56cbe3aab2a4fc6aa23edf4b798356b1cc557340b5b24424cc43b884f,1075a6c56cbe3aab2a4fc6aa23edf4b798356b1cc557340b5b24424cc43b884f,section.spec_zariski.0003,
formula.spec_zariski.0174,root.cring.spec_zariski,191,formula,inline-dollar,303,303,303,303,,,1075a6c56cbe3aab2a4fc6aa23edf4b798356b1cc557340b5b24424cc43b884f,1075a6c56cbe3aab2a4fc6aa23edf4b798356b1cc557340b5b24424cc43b884f,1075a6c56cbe3aab2a4fc6aa23edf4b798356b1cc557340b5b24424cc43b884f,section.spec_zariski.0003,
formula.spec_zariski.0175,root.cring.spec_zariski,192,formula,inline-dollar,303,304,303,304,,,1839be130605a9c7b19c0aac131cc9076ce2512fefb9e5085b331e8f1ce4bebd,1839be130605a9c7b19c0aac131cc9076ce2512fefb9e5085b331e8f1ce4bebd,964ce728be5eccd75f04682ad7feb582cbbbdecd2b44f9872614848066eb15a2,section.spec_zariski.0003,
formula.spec_zariski.0176,root.cring.spec_zariski,193,formula,inline-dollar,305,305,305,305,,,ca9b6c0f88626a30548594c6825b8ec61b63e55ec749396fe35ef2996f38625e,ca9b6c0f88626a30548594c6825b8ec61b63e55ec749396fe35ef2996f38625e,e184197f0273e3e507b7633f7b938609d67c3fc677fe6710c843aa46365c9d9a,section.spec_zariski.0003,
formula.spec_zariski.0177,root.cring.spec_zariski,194,formula,display-bracket,306,306,306,306,,,536b1de68320504152dc8ac2cc49151828886fedc7ab7df37d5e302d70d1bfe7,536b1de68320504152dc8ac2cc49151828886fedc7ab7df37d5e302d70d1bfe7,569bbd1f2a023c54999fc799daa0eb6071ed442fac4ba5350cc1865fbd1ff688,section.spec_zariski.0003,
theorem.spec_zariski.0005,root.cring.spec_zariski,195,theorem,proposition,311,313,311,313,,,921307d0f841fb50c5a1155eb2dd76a4d84e0bcc5d0dc33345261c8c2eb05eed,d26402b97b85dfc6c4235a29afb341f299f4843be8a23bb1cc297de636498198,,section.spec_zariski.0003,
formula.spec_zariski.0178,root.cring.spec_zariski,196,formula,inline-dollar,312,312,312,312,,,1d0c09b33751dcf159ab56b19adb7b5d31f01fa19b18350ea6cdfd3914c6f575,1d0c09b33751dcf159ab56b19adb7b5d31f01fa19b18350ea6cdfd3914c6f575,2d99d81cfc210866ffc46451be8a4325bdf8444b9bb4db0deefe7e514d94d6c2,section.spec_zariski.0003,
formula.spec_zariski.0179,root.cring.spec_zariski,197,formula,inline-dollar,312,312,312,312,,,4f89748f22318f6d0fcf361603d65dedc113260ba158034628a1cf01aa708ce0,4f89748f22318f6d0fcf361603d65dedc113260ba158034628a1cf01aa708ce0,8b1af8a06daf57ece4756be524cfdbb342e5390c54a9d30e90a573abf7db3fc2,section.spec_zariski.0003,
formula.spec_zariski.0180,root.cring.spec_zariski,198,formula,inline-dollar,317,317,317,317,,,55a882056068495b25db3aad53b5dc9d1594ab5368345395c1d967d735b2f4ad,55a882056068495b25db3aad53b5dc9d1594ab5368345395c1d967d735b2f4ad,55a882056068495b25db3aad53b5dc9d1594ab5368345395c1d967d735b2f4ad,section.spec_zariski.0003,
theorem.spec_zariski.0006,root.cring.spec_zariski,199,theorem,lemma,319,323,319,323,,,bf846dd8f91511662b900410f4c965da74f45999c70f6fa1e5b30ec163f40b29,e4cc75191346c8e15724adeab25a467284fa8ff2daba2a7dd6b8808e8626b78e,,section.spec_zariski.0003,label.spec_zariski.0002
formula.spec_zariski.0181,root.cring.spec_zariski,200,formula,inline-dollar,319,319,319,319,,,a28faf6143663643c867a9e6316c985e9cef6a6ed418572e97343866efcfe288,a28faf6143663643c867a9e6316c985e9cef6a6ed418572e97343866efcfe288,a28faf6143663643c867a9e6316c985e9cef6a6ed418572e97343866efcfe288,section.spec_zariski.0003,
formula.spec_zariski.0182,root.cring.spec_zariski,201,formula,inline-dollar,320,321,320,321,,,17c9ff23ff292260dc079388ee3c316e353576860fbceeb2f77e441bbd41d758,17c9ff23ff292260dc079388ee3c316e353576860fbceeb2f77e441bbd41d758,ad3337ea466e110f010a458938ec5962bd3ffae7c67ecda679d550652565919a,section.spec_zariski.0003,
formula.spec_zariski.0183,root.cring.spec_zariski,202,formula,display-bracket,322,322,322,322,,,c53d02423565aee24bf465dee36678293694ce462b8ff0527cd5262661b74da7,c53d02423565aee24bf465dee36678293694ce462b8ff0527cd5262661b74da7,fb825e0e311c96e5451feb68646e5afe2c03701513cb6d91840219f6cc043444,section.spec_zariski.0003,
formula.spec_zariski.0184,root.cring.spec_zariski,203,formula,inline-dollar,324,324,324,324,,,6067312198eb0aba0753d7cf92d8fd111b8138418b6322a1f4754316e67afa3a,6067312198eb0aba0753d7cf92d8fd111b8138418b6322a1f4754316e67afa3a,6067312198eb0aba0753d7cf92d8fd111b8138418b6322a1f4754316e67afa3a,section.spec_zariski.0003,
formula.spec_zariski.0185,root.cring.spec_zariski,204,formula,inline-dollar,324,324,324,324,,,55a882056068495b25db3aad53b5dc9d1594ab5368345395c1d967d735b2f4ad,55a882056068495b25db3aad53b5dc9d1594ab5368345395c1d967d735b2f4ad,55a882056068495b25db3aad53b5dc9d1594ab5368345395c1d967d735b2f4ad,section.spec_zariski.0003,
formula.spec_zariski.0186,root.cring.spec_zariski,205,formula,inline-dollar,330,331,330,331,,,3459589b96fee4583526377340bf48cea36ab467406a136b4914641ac21103d7,3459589b96fee4583526377340bf48cea36ab467406a136b4914641ac21103d7,f65cd5c5537359d8091562bc088ae92aaa412c1b6439540d0c9dd279b4a1478a,section.spec_zariski.0003,
formula.spec_zariski.0187,root.cring.spec_zariski,206,formula,inline-dollar,333,333,333,333,,,4a1f941b3c6f426ec08de78c17e2f80f07a8b789701ba6b25126da00fab1231c,4a1f941b3c6f426ec08de78c17e2f80f07a8b789701ba6b25126da00fab1231c,4a1f941b3c6f426ec08de78c17e2f80f07a8b789701ba6b25126da00fab1231c,section.spec_zariski.0003,
formula.spec_zariski.0188,root.cring.spec_zariski,207,formula,inline-dollar,333,333,333,333,,,55a882056068495b25db3aad53b5dc9d1594ab5368345395c1d967d735b2f4ad,55a882056068495b25db3aad53b5dc9d1594ab5368345395c1d967d735b2f4ad,55a882056068495b25db3aad53b5dc9d1594ab5368345395c1d967d735b2f4ad,section.spec_zariski.0003,
formula.spec_zariski.0189,root.cring.spec_zariski,208,formula,inline-dollar,335,335,335,335,,,c43e186dfc5ba86c43e09d827a4b1e8ad7e0cefcdd14bad5b9daa48f5e7a2eb2,c43e186dfc5ba86c43e09d827a4b1e8ad7e0cefcdd14bad5b9daa48f5e7a2eb2,c9b8a8b0ab8dcbb138589eafc2118052dc75de9114609c51102c3d38ae62694a,section.spec_zariski.0003,
formula.spec_zariski.0190,root.cring.spec_zariski,209,formula,inline-dollar,336,337,336,337,,,0188d4871f50ede90667f5d7cb3b53ad81b82107d26d505905fb6d2036d60e12,0188d4871f50ede90667f5d7cb3b53ad81b82107d26d505905fb6d2036d60e12,e8f4c0731f5afd2a6e70d40f9aa86be571928af74a193374d8e9f4995b633137,section.spec_zariski.0003,
formula.spec_zariski.0191,root.cring.spec_zariski,210,formula,inline-dollar,337,337,337,337,,,22bf003d6cac79e1d917cacdab9539c5d59468c02c22d29c08df00834ee4bbe6,22bf003d6cac79e1d917cacdab9539c5d59468c02c22d29c08df00834ee4bbe6,22bf003d6cac79e1d917cacdab9539c5d59468c02c22d29c08df00834ee4bbe6,section.spec_zariski.0003,
formula.spec_zariski.0192,root.cring.spec_zariski,211,formula,inline-dollar,343,343,343,343,,,1075a6c56cbe3aab2a4fc6aa23edf4b798356b1cc557340b5b24424cc43b884f,1075a6c56cbe3aab2a4fc6aa23edf4b798356b1cc557340b5b24424cc43b884f,1075a6c56cbe3aab2a4fc6aa23edf4b798356b1cc557340b5b24424cc43b884f,section.spec_zariski.0003,
formula.spec_zariski.0193,root.cring.spec_zariski,212,formula,inline-dollar,343,343,343,343,,,22bf003d6cac79e1d917cacdab9539c5d59468c02c22d29c08df00834ee4bbe6,22bf003d6cac79e1d917cacdab9539c5d59468c02c22d29c08df00834ee4bbe6,22bf003d6cac79e1d917cacdab9539c5d59468c02c22d29c08df00834ee4bbe6,section.spec_zariski.0003,
formula.spec_zariski.0194,root.cring.spec_zariski,213,formula,inline-dollar,345,345,345,345,,,22bf003d6cac79e1d917cacdab9539c5d59468c02c22d29c08df00834ee4bbe6,22bf003d6cac79e1d917cacdab9539c5d59468c02c22d29c08df00834ee4bbe6,22bf003d6cac79e1d917cacdab9539c5d59468c02c22d29c08df00834ee4bbe6,section.spec_zariski.0003,
formula.spec_zariski.0195,root.cring.spec_zariski,214,formula,inline-dollar,346,347,346,347,,,a58cfc50409ac5dce66766359e5caa48db611533fd16425a8f2b1522f09712de,a58cfc50409ac5dce66766359e5caa48db611533fd16425a8f2b1522f09712de,2184a4b0743616b074f884b52d5d1a74349203b78af30bf938245c8fbc16b05b,section.spec_zariski.0003,
formula.spec_zariski.0196,root.cring.spec_zariski,215,formula,inline-dollar,347,348,347,348,,,5bedc99dbc8c5e12197f1bfee73e945ec97dde75e5c093b889795b8275db8850,5bedc99dbc8c5e12197f1bfee73e945ec97dde75e5c093b889795b8275db8850,f09db2ddae4d4e1b2d1f364e58387ba1a92de6ea32175ef54c5e60a3d5211786,section.spec_zariski.0003,
formula.spec_zariski.0197,root.cring.spec_zariski,216,formula,inline-dollar,351,351,351,351,,,4a1f941b3c6f426ec08de78c17e2f80f07a8b789701ba6b25126da00fab1231c,4a1f941b3c6f426ec08de78c17e2f80f07a8b789701ba6b25126da00fab1231c,4a1f941b3c6f426ec08de78c17e2f80f07a8b789701ba6b25126da00fab1231c,section.spec_zariski.0003,
formula.spec_zariski.0198,root.cring.spec_zariski,217,formula,inline-dollar,353,353,353,353,,,4a1f941b3c6f426ec08de78c17e2f80f07a8b789701ba6b25126da00fab1231c,4a1f941b3c6f426ec08de78c17e2f80f07a8b789701ba6b25126da00fab1231c,4a1f941b3c6f426ec08de78c17e2f80f07a8b789701ba6b25126da00fab1231c,section.spec_zariski.0003,
formula.spec_zariski.0199,root.cring.spec_zariski,218,formula,inline-dollar,353,354,353,354,,,07d440070198415ceb411c042f1042491429c6b3ec50de51d17134c4bfa8572d,07d440070198415ceb411c042f1042491429c6b3ec50de51d17134c4bfa8572d,1bbdfa84ddc9b2fd001218ff2eb20c94ef4324ac7c50c76f8745752a433cf78e,section.spec_zariski.0003,
theorem.spec_zariski.0007,root.cring.spec_zariski,219,theorem,sublemma,359,366,359,366,,,3c91f50c6a5bf9b792fbd73b2818473ff3088a699fe96ad43be3e22fef068acc,125ceacfc3c5931ac4ccf79c45fa692ca68a3dbf37fbaecda104b1ec6ea8323a,,section.spec_zariski.0003,label.spec_zariski.0003
formula.spec_zariski.0200,root.cring.spec_zariski,220,formula,inline-dollar,360,360,360,360,,,fdf30f5db1f3424874da244595a2db648c7b056dc537a2b62eb64b4d26d827ef,fdf30f5db1f3424874da244595a2db648c7b056dc537a2b62eb64b4d26d827ef,fdf30f5db1f3424874da244595a2db648c7b056dc537a2b62eb64b4d26d827ef,section.spec_zariski.0003,
formula.spec_zariski.0201,root.cring.spec_zariski,221,formula,inline-dollar,360,360,360,360,,,a28faf6143663643c867a9e6316c985e9cef6a6ed418572e97343866efcfe288,a28faf6143663643c867a9e6316c985e9cef6a6ed418572e97343866efcfe288,a28faf6143663643c867a9e6316c985e9cef6a6ed418572e97343866efcfe288,section.spec_zariski.0003,
formula.spec_zariski.0202,root.cring.spec_zariski,222,formula,inline-dollar,361,361,361,361,,,4a1f941b3c6f426ec08de78c17e2f80f07a8b789701ba6b25126da00fab1231c,4a1f941b3c6f426ec08de78c17e2f80f07a8b789701ba6b25126da00fab1231c,4a1f941b3c6f426ec08de78c17e2f80f07a8b789701ba6b25126da00fab1231c,section.spec_zariski.0003,
formula.spec_zariski.0203,root.cring.spec_zariski,223,formula,inline-dollar,361,362,361,362,,,8d00ad0058535cb6d66aeffb6dc8e2be1aeb0527bac044363f3fc36ae7d3c509,8d00ad0058535cb6d66aeffb6dc8e2be1aeb0527bac044363f3fc36ae7d3c509,be9f0ce7ed9e59ffc6c7e3c95c5fee0b41b5c0e8dd8410bdc297e42fe0d13de6,section.spec_zariski.0003,
formula.spec_zariski.0204,root.cring.spec_zariski,224,formula,inline-dollar,362,362,362,362,,,b6bc86d34b7fae82ae3cd2fb9fbd319eb28c49a13989be429a08057d702e280d,b6bc86d34b7fae82ae3cd2fb9fbd319eb28c49a13989be429a08057d702e280d,e8f4c0731f5afd2a6e70d40f9aa86be571928af74a193374d8e9f4995b633137,section.spec_zariski.0003,
formula.spec_zariski.0205,root.cring.spec_zariski,225,formula,inline-dollar,364,364,364,364,,,fdf30f5db1f3424874da244595a2db648c7b056dc537a2b62eb64b4d26d827ef,fdf30f5db1f3424874da244595a2db648c7b056dc537a2b62eb64b4d26d827ef,fdf30f5db1f3424874da244595a2db648c7b056dc537a2b62eb64b4d26d827ef,section.spec_zariski.0003,
formula.spec_zariski.0206,root.cring.spec_zariski,226,formula,inline-dollar,365,365,365,365,,,fdf30f5db1f3424874da244595a2db648c7b056dc537a2b62eb64b4d26d827ef,fdf30f5db1f3424874da244595a2db648c7b056dc537a2b62eb64b4d26d827ef,fdf30f5db1f3424874da244595a2db648c7b056dc537a2b62eb64b4d26d827ef,section.spec_zariski.0003,
formula.spec_zariski.0207,root.cring.spec_zariski,227,formula,inline-dollar,367,367,367,367,,,fdf30f5db1f3424874da244595a2db648c7b056dc537a2b62eb64b4d26d827ef,fdf30f5db1f3424874da244595a2db648c7b056dc537a2b62eb64b4d26d827ef,fdf30f5db1f3424874da244595a2db648c7b056dc537a2b62eb64b4d26d827ef,section.spec_zariski.0003,
formula.spec_zariski.0208,root.cring.spec_zariski,228,formula,inline-dollar,368,368,368,368,,,fdf30f5db1f3424874da244595a2db648c7b056dc537a2b62eb64b4d26d827ef,fdf30f5db1f3424874da244595a2db648c7b056dc537a2b62eb64b4d26d827ef,fdf30f5db1f3424874da244595a2db648c7b056dc537a2b62eb64b4d26d827ef,section.spec_zariski.0003,
formula.spec_zariski.0209,root.cring.spec_zariski,229,formula,inline-dollar,371,371,371,371,,,b8784c96205bee66f9eb2e687c0298f1b54af2958f2b57d2ceb839dbcf2636ec,b8784c96205bee66f9eb2e687c0298f1b54af2958f2b57d2ceb839dbcf2636ec,b8784c96205bee66f9eb2e687c0298f1b54af2958f2b57d2ceb839dbcf2636ec,section.spec_zariski.0003,
formula.spec_zariski.0210,root.cring.spec_zariski,230,formula,inline-dollar,373,373,373,373,,,72bc3c1b3553a71d525d8715f4963adfb2b8e7e18c32f0b1b651f3e841526770,72bc3c1b3553a71d525d8715f4963adfb2b8e7e18c32f0b1b651f3e841526770,72bc3c1b3553a71d525d8715f4963adfb2b8e7e18c32f0b1b651f3e841526770,section.spec_zariski.0003,
formula.spec_zariski.0211,root.cring.spec_zariski,231,formula,inline-dollar,377,378,377,378,,,e2b3be49ba60933355eb64832a25f3cf99074d210f1f4f784f7b24e71f0eb905,e2b3be49ba60933355eb64832a25f3cf99074d210f1f4f784f7b24e71f0eb905,e7318701fbfd6829d5df033fbc4205300e903690a302561dc83de83aba06bda5,section.spec_zariski.0003,
formula.spec_zariski.0212,root.cring.spec_zariski,232,formula,inline-dollar,381,381,381,381,,,be17f1ef6d5cfbf0e842dd0ba0edd0a4ddd5a81622073fb8345889eb54d507a1,be17f1ef6d5cfbf0e842dd0ba0edd0a4ddd5a81622073fb8345889eb54d507a1,4f594c4e726f7dac67f0b0959a30ea4d406123ff4c463c51f94a8772d8e99f5e,section.spec_zariski.0003,
formula.spec_zariski.0213,root.cring.spec_zariski,233,formula,inline-dollar,382,382,382,382,,,83e05657563b28cf0b63748e1c794cad196c106a2c5499d9fa561d9a35e7f865,83e05657563b28cf0b63748e1c794cad196c106a2c5499d9fa561d9a35e7f865,83e05657563b28cf0b63748e1c794cad196c106a2c5499d9fa561d9a35e7f865,section.spec_zariski.0003,
formula.spec_zariski.0214,root.cring.spec_zariski,234,formula,inline-dollar,383,383,383,383,,,e4b1329ed7e5e74063c6b5c8ece6681a13d2cfa83dfe320aee664d25ddf19a1d,e4b1329ed7e5e74063c6b5c8ece6681a13d2cfa83dfe320aee664d25ddf19a1d,ba6f479a51e973d936f2787774b8b8d3ff035663ed3f311f90d27290e433a95d,section.spec_zariski.0003,
formula.spec_zariski.0215,root.cring.spec_zariski,235,formula,inline-dollar,384,384,384,384,,,53c18cd1e65201eebb302012ec07b997606321aa5c558fd6f9c626fa4f8fb9d6,53c18cd1e65201eebb302012ec07b997606321aa5c558fd6f9c626fa4f8fb9d6,8f4acc4f3038b6bf7b681f33d6658ca8bda53215ce6574e3631dee6542d28d0d,section.spec_zariski.0003,
formula.spec_zariski.0216,root.cring.spec_zariski,236,formula,inline-dollar,385,385,385,385,,,83e05657563b28cf0b63748e1c794cad196c106a2c5499d9fa561d9a35e7f865,83e05657563b28cf0b63748e1c794cad196c106a2c5499d9fa561d9a35e7f865,83e05657563b28cf0b63748e1c794cad196c106a2c5499d9fa561d9a35e7f865,section.spec_zariski.0003,
formula.spec_zariski.0217,root.cring.spec_zariski,237,formula,inline-dollar,386,386,386,386,,,83e05657563b28cf0b63748e1c794cad196c106a2c5499d9fa561d9a35e7f865,83e05657563b28cf0b63748e1c794cad196c106a2c5499d9fa561d9a35e7f865,83e05657563b28cf0b63748e1c794cad196c106a2c5499d9fa561d9a35e7f865,section.spec_zariski.0003,
formula.spec_zariski.0218,root.cring.spec_zariski,238,formula,inline-dollar,388,388,388,388,,,83e05657563b28cf0b63748e1c794cad196c106a2c5499d9fa561d9a35e7f865,83e05657563b28cf0b63748e1c794cad196c106a2c5499d9fa561d9a35e7f865,83e05657563b28cf0b63748e1c794cad196c106a2c5499d9fa561d9a35e7f865,section.spec_zariski.0003,
formula.spec_zariski.0219,root.cring.spec_zariski,239,formula,inline-dollar,390,390,390,390,,,b6bc86d34b7fae82ae3cd2fb9fbd319eb28c49a13989be429a08057d702e280d,b6bc86d34b7fae82ae3cd2fb9fbd319eb28c49a13989be429a08057d702e280d,e8f4c0731f5afd2a6e70d40f9aa86be571928af74a193374d8e9f4995b633137,section.spec_zariski.0003,
formula.spec_zariski.0220,root.cring.spec_zariski,240,formula,inline-dollar,390,391,390,391,,,b43e7f7ee486be4e17fce410fd67f82c61797db556290cfb52e47cbd0cde2aa0,b43e7f7ee486be4e17fce410fd67f82c61797db556290cfb52e47cbd0cde2aa0,49430c9e918836bb40a3de09be4526522e003f9fc85bd76ca71b206a8dbe754b,section.spec_zariski.0003,
formula.spec_zariski.0221,root.cring.spec_zariski,241,formula,inline-dollar,392,392,392,392,,,1075a6c56cbe3aab2a4fc6aa23edf4b798356b1cc557340b5b24424cc43b884f,1075a6c56cbe3aab2a4fc6aa23edf4b798356b1cc557340b5b24424cc43b884f,1075a6c56cbe3aab2a4fc6aa23edf4b798356b1cc557340b5b24424cc43b884f,section.spec_zariski.0003,
formula.spec_zariski.0222,root.cring.spec_zariski,242,formula,inline-dollar,394,394,394,394,,,5c6f147f0b7f7bf7450dbd9bc4f7cffb6dca6c88bff7bee3cb10026aa14d4e77,5c6f147f0b7f7bf7450dbd9bc4f7cffb6dca6c88bff7bee3cb10026aa14d4e77,0bf6a2052a2fb0f3eba892558fa264574c3fc82359843aefb301e153c40377c9,section.spec_zariski.0003,
formula.spec_zariski.0223,root.cring.spec_zariski,243,formula,inline-dollar,394,394,394,394,,,0a7fd3d129a98adf2ecf6d83b4c155f62f066dc02c8eaa7eeb495470e6d78f7a,0a7fd3d129a98adf2ecf6d83b4c155f62f066dc02c8eaa7eeb495470e6d78f7a,a1e392a1e093a65221a5c5a0d0e3a3dfd86fecffc5b737ce76f5a271f75107f8,section.spec_zariski.0003,
formula.spec_zariski.0224,root.cring.spec_zariski,244,formula,inline-dollar,396,396,396,396,,,5714ea9c24a8bd761af854e3f26d8205fe34ba9ff9a6f302020ec2561e039b14,5714ea9c24a8bd761af854e3f26d8205fe34ba9ff9a6f302020ec2561e039b14,f92f13e361e5b1ed311d030e17d50afa0ecf74f32127920f11047e65e9dcb01a,section.spec_zariski.0003,
formula.spec_zariski.0225,root.cring.spec_zariski,245,formula,inline-dollar,396,396,396,396,,,ca9b6c0f88626a30548594c6825b8ec61b63e55ec749396fe35ef2996f38625e,ca9b6c0f88626a30548594c6825b8ec61b63e55ec749396fe35ef2996f38625e,e184197f0273e3e507b7633f7b938609d67c3fc677fe6710c843aa46365c9d9a,section.spec_zariski.0003,
formula.spec_zariski.0226,root.cring.spec_zariski,246,formula,inline-dollar,396,398,396,398,,,ce1e4ca5731ddd033aa0ff7245717b7ba347041515c349317fa93903950af633,ce1e4ca5731ddd033aa0ff7245717b7ba347041515c349317fa93903950af633,3d34a520087f0804084646697bf212173539f05914ca42d341d6f6d732fc9bc1,section.spec_zariski.0003,
formula.spec_zariski.0227,root.cring.spec_zariski,247,formula,inline-dollar,398,398,398,398,,,b116542ab2f49d5e6f29b3a9c8b930b0239c9a2e3180b303c35a73611cd342e4,b116542ab2f49d5e6f29b3a9c8b930b0239c9a2e3180b303c35a73611cd342e4,b16ca5f1db0496c1fe311801404f0d7187cc86f4f18115980100f9ebcecbd695,section.spec_zariski.0003,
formula.spec_zariski.0228,root.cring.spec_zariski,248,formula,inline-dollar,399,399,399,399,,,ad7a8f0ae4315abf54cbbba40f1b0542f5b0b2703185582cc0e452fd30fd85d7,ad7a8f0ae4315abf54cbbba40f1b0542f5b0b2703185582cc0e452fd30fd85d7,2ad1317d43bbea159e82d056fb233ba1cd37cf55fb7cc714d163e73a41921593,section.spec_zariski.0003,
formula.spec_zariski.0229,root.cring.spec_zariski,249,formula,inline-dollar,400,400,400,400,,,1075a6c56cbe3aab2a4fc6aa23edf4b798356b1cc557340b5b24424cc43b884f,1075a6c56cbe3aab2a4fc6aa23edf4b798356b1cc557340b5b24424cc43b884f,1075a6c56cbe3aab2a4fc6aa23edf4b798356b1cc557340b5b24424cc43b884f,section.spec_zariski.0003,
formula.spec_zariski.0230,root.cring.spec_zariski,250,formula,inline-dollar,400,401,400,401,,,4bd58af3736cfb80ea36abc0f2b8093b856c7843ef8d68aa4791f8b8b9cfe765,4bd58af3736cfb80ea36abc0f2b8093b856c7843ef8d68aa4791f8b8b9cfe765,6ce1ee8e3dfb2c8af6ea763a953105646200bb4ee9382b8ca642f4d948e96514,section.spec_zariski.0003,
formula.spec_zariski.0231,root.cring.spec_zariski,251,formula,inline-dollar,404,404,404,404,,,fdf30f5db1f3424874da244595a2db648c7b056dc537a2b62eb64b4d26d827ef,fdf30f5db1f3424874da244595a2db648c7b056dc537a2b62eb64b4d26d827ef,fdf30f5db1f3424874da244595a2db648c7b056dc537a2b62eb64b4d26d827ef,section.spec_zariski.0003,
formula.spec_zariski.0232,root.cring.spec_zariski,252,formula,display-bracket,406,407,406,407,,,7dd1b965d5610df05291b43c850fdb8e10a2f67af9d734d05de8b5759c761bd6,7a3571fdc4b5a9ea665ff938ec4c61d9a5d82c469c9acc6f9c32211b412c79f3,270088de82128ec1c69c8e8f41dc7add4056a284fc60eeba7f6539b62534bb49,section.spec_zariski.0003,
formula.spec_zariski.0233,root.cring.spec_zariski,253,formula,display-bracket,409,410,409,410,,,ba91b72c4297c046155f6f75224564e897408e91f532105d65a3aa721b1d8593,e72c9514a9f19c8a6d5bac2ac28f3a1e1dbf090310932a6d24c2d559e1b748d4,974ce2b0dc5220842b7fba5b834dbb2d5c0e077e81455a92d9138ff7e0be3938,section.spec_zariski.0003,
formula.spec_zariski.0234,root.cring.spec_zariski,254,formula,inline-dollar,411,411,411,411,,,fdf30f5db1f3424874da244595a2db648c7b056dc537a2b62eb64b4d26d827ef,fdf30f5db1f3424874da244595a2db648c7b056dc537a2b62eb64b4d26d827ef,fdf30f5db1f3424874da244595a2db648c7b056dc537a2b62eb64b4d26d827ef,section.spec_zariski.0003,
formula.spec_zariski.0235,root.cring.spec_zariski,255,formula,inline-dollar,411,412,411,412,,,0069be924a97d3b44e6acb79011d32f7afb0d776977167c44e3f9ba619c582db,0069be924a97d3b44e6acb79011d32f7afb0d776977167c44e3f9ba619c582db,1a2cdf7dedae2f2f8a599a798c91b02da31530d521f99f73ed71c7c8459ebb1b,section.spec_zariski.0003,
formula.spec_zariski.0236,root.cring.spec_zariski,256,formula,display-bracket,414,414,414,414,,,cae2ba802e171c6f06f160ef6bcdf6c1c7025e5c6dcec7679952f737563baa65,cae2ba802e171c6f06f160ef6bcdf6c1c7025e5c6dcec7679952f737563baa65,d27e3dbd6d77a5aac7f6558c201cae6a04e104431bd8a1d6af540aeeb0be7b96,section.spec_zariski.0003,
formula.spec_zariski.0237,root.cring.spec_zariski,257,formula,inline-dollar,415,415,415,415,,,945a95e50f03ee679a36d88a5ff4e3c9c015a2b83b6c16644a444bfbf1038fbc,945a95e50f03ee679a36d88a5ff4e3c9c015a2b83b6c16644a444bfbf1038fbc,c011e33260bf449852e96d400e4a98e01b61ce72cc58e4e0c08ea965c0b3b20d,section.spec_zariski.0003,
formula.spec_zariski.0238,root.cring.spec_zariski,258,formula,inline-dollar,415,415,415,415,,,5714ea9c24a8bd761af854e3f26d8205fe34ba9ff9a6f302020ec2561e039b14,5714ea9c24a8bd761af854e3f26d8205fe34ba9ff9a6f302020ec2561e039b14,f92f13e361e5b1ed311d030e17d50afa0ecf74f32127920f11047e65e9dcb01a,section.spec_zariski.0003,
formula.spec_zariski.0239,root.cring.spec_zariski,259,formula,inline-dollar,416,416,416,416,,,1075a6c56cbe3aab2a4fc6aa23edf4b798356b1cc557340b5b24424cc43b884f,1075a6c56cbe3aab2a4fc6aa23edf4b798356b1cc557340b5b24424cc43b884f,1075a6c56cbe3aab2a4fc6aa23edf4b798356b1cc557340b5b24424cc43b884f,section.spec_zariski.0003,
formula.spec_zariski.0240,root.cring.spec_zariski,260,formula,inline-dollar,417,418,417,418,,,a028c06bc7f267aa598d5307552ec6e2fc55a261fd1d0fdd333f30e81844c03e,a028c06bc7f267aa598d5307552ec6e2fc55a261fd1d0fdd333f30e81844c03e,49430c9e918836bb40a3de09be4526522e003f9fc85bd76ca71b206a8dbe754b,section.spec_zariski.0003,
theorem.spec_zariski.0008,root.cring.spec_zariski,261,theorem,proposition,423,427,423,427,,,d5ddd36ec2c723c4e1d32f3ffec1e264da89b8743b1fc6558de25881a783aaa6,c4e2170020b2c9aa0ee92a2a7eef1fac73805e9cc8f7d45e16c41826fe3d4de7,,section.spec_zariski.0003,
formula.spec_zariski.0241,root.cring.spec_zariski,262,formula,inline-dollar,424,424,424,424,,,c637d883fd1fa3bab98996eda143c70a4b0ba2604e5295379dafa9c163ab907b,c637d883fd1fa3bab98996eda143c70a4b0ba2604e5295379dafa9c163ab907b,622bbcdd1d46ce21f94cd41125130a26aa4ed31bf08a74c6d9d6c48b84418a9c,section.spec_zariski.0003,
formula.spec_zariski.0242,root.cring.spec_zariski,263,formula,inline-dollar,426,426,426,426,,,c8f02a33709def358429967a8c1f402f5baab98fc6ea5a76727dda167714332e,c8f02a33709def358429967a8c1f402f5baab98fc6ea5a76727dda167714332e,ad3337ea466e110f010a458938ec5962bd3ffae7c67ecda679d550652565919a,section.spec_zariski.0003,
section.spec_zariski.0004,root.cring.spec_zariski,264,section,subsection,429,429,429,429,A meta-observation about prime ideals,Suatu pengamatan meta tentang ideal prima,024935b455eaee50e116dfb550ab0ed942e85913aa7449fc85f3c6381a0e0a0e,1438487959f02d4afaf14203edff7366c87daff0f1994ef52335007d23515118,,section.spec_zariski.0001,
formula.spec_zariski.0243,root.cring.spec_zariski,265,formula,inline-dollar,438,438,438,438,,,4a1f941b3c6f426ec08de78c17e2f80f07a8b789701ba6b25126da00fab1231c,4a1f941b3c6f426ec08de78c17e2f80f07a8b789701ba6b25126da00fab1231c,4a1f941b3c6f426ec08de78c17e2f80f07a8b789701ba6b25126da00fab1231c,section.spec_zariski.0004,
formula.spec_zariski.0244,root.cring.spec_zariski,266,formula,inline-dollar,438,438,438,438,,,2d9b080e97c144a29ef36fcd61a7fcb863e4e825bd50aa559581bcef2061fd1e,2d9b080e97c144a29ef36fcd61a7fcb863e4e825bd50aa559581bcef2061fd1e,e4c505ba4f1fceb07fd43648d558dfd5fde21be3b456cee6241f175c0e94cd89,section.spec_zariski.0004,
formula.spec_zariski.0245,root.cring.spec_zariski,267,formula,display-bracket,439,439,439,439,,,af6112d873a916640a38587446f1dda3e138db8a98723f9c4de6253af3e3b22f,af6112d873a916640a38587446f1dda3e138db8a98723f9c4de6253af3e3b22f,0357d515c568478d6855ad8b97c2286fbf216b79fe8ca3aabff70aeed3ea73ee,section.spec_zariski.0004,
formula.spec_zariski.0246,root.cring.spec_zariski,268,formula,inline-dollar,440,440,440,440,,,2fb093a163ff206be29a432b314ca7c32de6bb0303b3bcee14d728706412b4d1,2fb093a163ff206be29a432b314ca7c32de6bb0303b3bcee14d728706412b4d1,2fb093a163ff206be29a432b314ca7c32de6bb0303b3bcee14d728706412b4d1,section.spec_zariski.0004,
formula.spec_zariski.0247,root.cring.spec_zariski,269,formula,display-bracket,441,441,441,441,,,31ce125523610ce9a414d0a25db3ac9132dddcf20dae1463b933fd118b09b9cf,31ce125523610ce9a414d0a25db3ac9132dddcf20dae1463b933fd118b09b9cf,4f557d17ad5572c273b0430ce5bd3996fb22ed22337ff7898e29402490bff3ff,section.spec_zariski.0004,
formula.spec_zariski.0248,root.cring.spec_zariski,270,formula,inline-dollar,443,443,443,443,,,a28faf6143663643c867a9e6316c985e9cef6a6ed418572e97343866efcfe288,a28faf6143663643c867a9e6316c985e9cef6a6ed418572e97343866efcfe288,a28faf6143663643c867a9e6316c985e9cef6a6ed418572e97343866efcfe288,section.spec_zariski.0004,
formula.spec_zariski.0249,root.cring.spec_zariski,271,formula,inline-dollar,443,443,443,443,,,f2406dd83510b5f8ccf7318b0d6043a5facc44861e07ae8948c1ed4d1ad19020,f2406dd83510b5f8ccf7318b0d6043a5facc44861e07ae8948c1ed4d1ad19020,f2406dd83510b5f8ccf7318b0d6043a5facc44861e07ae8948c1ed4d1ad19020,section.spec_zariski.0004,
formula.spec_zariski.0250,root.cring.spec_zariski,272,formula,inline-dollar,443,443,443,443,,,a28faf6143663643c867a9e6316c985e9cef6a6ed418572e97343866efcfe288,a28faf6143663643c867a9e6316c985e9cef6a6ed418572e97343866efcfe288,a28faf6143663643c867a9e6316c985e9cef6a6ed418572e97343866efcfe288,section.spec_zariski.0004,
formula.spec_zariski.0251,root.cring.spec_zariski,273,formula,inline-dollar,445,445,445,445,,,f2406dd83510b5f8ccf7318b0d6043a5facc44861e07ae8948c1ed4d1ad19020,f2406dd83510b5f8ccf7318b0d6043a5facc44861e07ae8948c1ed4d1ad19020,f2406dd83510b5f8ccf7318b0d6043a5facc44861e07ae8948c1ed4d1ad19020,section.spec_zariski.0004,
formula.spec_zariski.0252,root.cring.spec_zariski,274,formula,inline-dollar,447,447,447,447,,,f2406dd83510b5f8ccf7318b0d6043a5facc44861e07ae8948c1ed4d1ad19020,f2406dd83510b5f8ccf7318b0d6043a5facc44861e07ae8948c1ed4d1ad19020,f2406dd83510b5f8ccf7318b0d6043a5facc44861e07ae8948c1ed4d1ad19020,section.spec_zariski.0004,
definition.spec_zariski.0004,root.cring.spec_zariski,275,definition,definition,449,454,449,454,,,b3b4f4f287ba57080acb5bae208205a65385c5f9da43ac5d8ce68e0be29a0ad7,272c2d31c4cd041946b46f02553d0e77c6b5f27b2817d936c3702a5e84ba7f13,,section.spec_zariski.0004,label.spec_zariski.0004
formula.spec_zariski.0253,root.cring.spec_zariski,276,formula,inline-dollar,450,450,450,450,,,f2406dd83510b5f8ccf7318b0d6043a5facc44861e07ae8948c1ed4d1ad19020,f2406dd83510b5f8ccf7318b0d6043a5facc44861e07ae8948c1ed4d1ad19020,f2406dd83510b5f8ccf7318b0d6043a5facc44861e07ae8948c1ed4d1ad19020,section.spec_zariski.0004,
formula.spec_zariski.0254,root.cring.spec_zariski,277,formula,inline-dollar,450,451,450,451,,,3842984dd8c8b1bd21c20a87570787d56cf79f9760bdab9e416129b65a070b1c,3842984dd8c8b1bd21c20a87570787d56cf79f9760bdab9e416129b65a070b1c,4587263aa8b605e914fb672fd6d43717a29d07d37d1f16ca3656bc2543189e31,section.spec_zariski.0004,
formula.spec_zariski.0255,root.cring.spec_zariski,278,formula,inline-dollar,451,451,451,451,,,a28faf6143663643c867a9e6316c985e9cef6a6ed418572e97343866efcfe288,a28faf6143663643c867a9e6316c985e9cef6a6ed418572e97343866efcfe288,a28faf6143663643c867a9e6316c985e9cef6a6ed418572e97343866efcfe288,section.spec_zariski.0004,
formula.spec_zariski.0256,root.cring.spec_zariski,279,formula,inline-dollar,451,451,451,451,,,c8f02a33709def358429967a8c1f402f5baab98fc6ea5a76727dda167714332e,c8f02a33709def358429967a8c1f402f5baab98fc6ea5a76727dda167714332e,ad3337ea466e110f010a458938ec5962bd3ffae7c67ecda679d550652565919a,section.spec_zariski.0004,
formula.spec_zariski.0257,root.cring.spec_zariski,280,formula,inline-dollar,452,452,452,452,,,3abb8656005da533be97c3798ebe4df4b07d248641dd1fa27a76388b6cc99f3b,3abb8656005da533be97c3798ebe4df4b07d248641dd1fa27a76388b6cc99f3b,355f0fc019f3f39a1aeaf17cc8ad43074d0b6d6815bf54e37e7626fe11d10110,section.spec_zariski.0004,
formula.spec_zariski.0258,root.cring.spec_zariski,281,formula,inline-dollar,452,452,452,452,,,2d9b080e97c144a29ef36fcd61a7fcb863e4e825bd50aa559581bcef2061fd1e,2d9b080e97c144a29ef36fcd61a7fcb863e4e825bd50aa559581bcef2061fd1e,e4c505ba4f1fceb07fd43648d558dfd5fde21be3b456cee6241f175c0e94cd89,section.spec_zariski.0004,
formula.spec_zariski.0259,root.cring.spec_zariski,282,formula,inline-dollar,452,453,452,453,,,5b94629989f3e2dc642508d1c349ac9a78183c050d18778cc369e612fa12a910,5b94629989f3e2dc642508d1c349ac9a78183c050d18778cc369e612fa12a910,fba9355ae460a027c85e56539b32462316916cce565a180cf1ab138ae627450d,section.spec_zariski.0004,
example.spec_zariski.0004,root.cring.spec_zariski,283,example,example,456,469,456,469,,,89675107e51eafadcb84b1432db502d2ac9268168f3fb7ebe0c4c1bc116fecbc,6e4f0c2e8685da0503438d002f55d5fa8b2f2338a65c04b3cbfee2bff4e51026,,section.spec_zariski.0004,label.spec_zariski.0005
formula.spec_zariski.0260,root.cring.spec_zariski,284,formula,inline-dollar,457,457,457,457,,,99e206a8448b77430fb6fc83eabd0f131628b99b30228a88049ee68b7fb514d1,99e206a8448b77430fb6fc83eabd0f131628b99b30228a88049ee68b7fb514d1,99e206a8448b77430fb6fc83eabd0f131628b99b30228a88049ee68b7fb514d1,section.spec_zariski.0004,
formula.spec_zariski.0261,root.cring.spec_zariski,285,formula,inline-dollar,458,458,458,458,,,a8d6268361346091d7bd098148fca4416452e6f4eba1dc0076c71318a8a141f1,a8d6268361346091d7bd098148fca4416452e6f4eba1dc0076c71318a8a141f1,1e1fa98b58716a8b1a0fa56ade3bf7657a1b04a25c7a229b9fb60d005b27a717,section.spec_zariski.0004,
formula.spec_zariski.0262,root.cring.spec_zariski,286,formula,inline-dollar,458,458,458,458,,,6bab9792cca36a79506d0118ed824709699c4810b5bd1bfa10c0691ef6962faf,6bab9792cca36a79506d0118ed824709699c4810b5bd1bfa10c0691ef6962faf,6bab9792cca36a79506d0118ed824709699c4810b5bd1bfa10c0691ef6962faf,section.spec_zariski.0004,
formula.spec_zariski.0263,root.cring.spec_zariski,287,formula,inline-dollar,458,458,458,458,,,62586185846aab03dd626eddf5e6efc16098658b3118d7ace220785072adc466,62586185846aab03dd626eddf5e6efc16098658b3118d7ace220785072adc466,6b868d4846abcdd097e3cc76efe818fb828bafd8215d53259967e42dd1c08df5,section.spec_zariski.0004,
formula.spec_zariski.0264,root.cring.spec_zariski,288,formula,inline-dollar,460,460,460,460,,,b8b02dc13d17c1b6bbcb40ee7c1039ae677455456c520f9fac62efcb3a677f0b,b8b02dc13d17c1b6bbcb40ee7c1039ae677455456c520f9fac62efcb3a677f0b,d76ec35c6e7b3f20f9321f9cfa0dde4663d7d985d52478eb2bc1161308947ce1,section.spec_zariski.0004,
formula.spec_zariski.0265,root.cring.spec_zariski,289,formula,inline-dollar,460,460,460,460,,,4a1f941b3c6f426ec08de78c17e2f80f07a8b789701ba6b25126da00fab1231c,4a1f941b3c6f426ec08de78c17e2f80f07a8b789701ba6b25126da00fab1231c,4a1f941b3c6f426ec08de78c17e2f80f07a8b789701ba6b25126da00fab1231c,section.spec_zariski.0004,
formula.spec_zariski.0266,root.cring.spec_zariski,290,formula,inline-dollar,461,461,461,461,,,183fe377d6d71cda06436d49ed223f2d6e890566138cb746762dfb16ae62c112,183fe377d6d71cda06436d49ed223f2d6e890566138cb746762dfb16ae62c112,83b75014e00e2bc3ae2ce1ae7c2810edb6d454dbaf00cbf9877e6abd5adac0b0,section.spec_zariski.0004,
formula.spec_zariski.0267,root.cring.spec_zariski,291,formula,inline-dollar,462,462,462,462,,,7b5b384a311b412b2083b86274b5492d0c56f2a86065c777e44d1198b91fd05c,7b5b384a311b412b2083b86274b5492d0c56f2a86065c777e44d1198b91fd05c,b814f25bc41d49e4198376eb213f3de747cbac07821af93ac245d2967776c93c,section.spec_zariski.0004,
formula.spec_zariski.0268,root.cring.spec_zariski,292,formula,inline-dollar,462,462,462,462,,,b4354a7781e43bd786b4bd8d581826a9b2af1e7073a99a6dee331ca2fd495131,b4354a7781e43bd786b4bd8d581826a9b2af1e7073a99a6dee331ca2fd495131,df7840796f130599ffabf0148d43536469d94ab6871e193cf2b9a9084332a47b,section.spec_zariski.0004,
formula.spec_zariski.0269,root.cring.spec_zariski,293,formula,inline-dollar,463,463,463,463,,,536a20e6f301fb50eeec81088906d49969fddb77e64c9b97e83c3fbaf3536b96,536a20e6f301fb50eeec81088906d49969fddb77e64c9b97e83c3fbaf3536b96,a28fa0712398bd904c49f883f6145a9eeca0395e5421572e6bfb82e79313df12,section.spec_zariski.0004,
formula.spec_zariski.0270,root.cring.spec_zariski,294,formula,inline-dollar,464,464,464,464,,,401c22f57c1a7b3fd9bfbab993a1217702bf668f556921022a06b811573d8f24,401c22f57c1a7b3fd9bfbab993a1217702bf668f556921022a06b811573d8f24,401c22f57c1a7b3fd9bfbab993a1217702bf668f556921022a06b811573d8f24,section.spec_zariski.0004,
formula.spec_zariski.0271,root.cring.spec_zariski,295,formula,inline-dollar,465,465,465,465,,,99e206a8448b77430fb6fc83eabd0f131628b99b30228a88049ee68b7fb514d1,99e206a8448b77430fb6fc83eabd0f131628b99b30228a88049ee68b7fb514d1,99e206a8448b77430fb6fc83eabd0f131628b99b30228a88049ee68b7fb514d1,section.spec_zariski.0004,
example.spec_zariski.0005,root.cring.spec_zariski,296,example,example,471,483,471,483,,,27597602b2f8df5073affa173529513f67f01ad854eff470062dd81eae25f06c,cf8e625433ffe4e4ffd152c8f2e1a550d74758582ffa5e8691d97df098f32644,,section.spec_zariski.0004,
formula.spec_zariski.0272,root.cring.spec_zariski,297,formula,inline-dollar,473,473,473,473,,,c8f02a33709def358429967a8c1f402f5baab98fc6ea5a76727dda167714332e,c8f02a33709def358429967a8c1f402f5baab98fc6ea5a76727dda167714332e,ad3337ea466e110f010a458938ec5962bd3ffae7c67ecda679d550652565919a,section.spec_zariski.0004,
formula.spec_zariski.0273,root.cring.spec_zariski,298,formula,inline-dollar,473,473,473,473,,,6bab9792cca36a79506d0118ed824709699c4810b5bd1bfa10c0691ef6962faf,6bab9792cca36a79506d0118ed824709699c4810b5bd1bfa10c0691ef6962faf,6bab9792cca36a79506d0118ed824709699c4810b5bd1bfa10c0691ef6962faf,section.spec_zariski.0004,
formula.spec_zariski.0274,root.cring.spec_zariski,299,formula,inline-dollar,473,473,473,473,,,99e206a8448b77430fb6fc83eabd0f131628b99b30228a88049ee68b7fb514d1,99e206a8448b77430fb6fc83eabd0f131628b99b30228a88049ee68b7fb514d1,99e206a8448b77430fb6fc83eabd0f131628b99b30228a88049ee68b7fb514d1,section.spec_zariski.0004,
formula.spec_zariski.0275,root.cring.spec_zariski,300,formula,inline-dollar,476,476,476,476,,,924254228af2f4911f9799cd3497ac7480634b07b8992d4391348ad9f24b8f8b,924254228af2f4911f9799cd3497ac7480634b07b8992d4391348ad9f24b8f8b,5b3731774a066566160fe11e6d382715f34d801a1bd8606e1800fd56d701ed23,section.spec_zariski.0004,
formula.spec_zariski.0276,root.cring.spec_zariski,301,formula,inline-dollar,477,477,477,477,,,1fd72d31a2344967e1c1aa4f450a5627bf0c76215f8dc21eebba4416d007650e,1fd72d31a2344967e1c1aa4f450a5627bf0c76215f8dc21eebba4416d007650e,80415dd37c8b56646166e11913ccfca47c025052cae17666e48b5470a821eb91,section.spec_zariski.0004,
formula.spec_zariski.0277,root.cring.spec_zariski,302,formula,inline-dollar,477,477,477,477,,,2fb093a163ff206be29a432b314ca7c32de6bb0303b3bcee14d728706412b4d1,2fb093a163ff206be29a432b314ca7c32de6bb0303b3bcee14d728706412b4d1,2fb093a163ff206be29a432b314ca7c32de6bb0303b3bcee14d728706412b4d1,section.spec_zariski.0004,
formula.spec_zariski.0278,root.cring.spec_zariski,303,formula,inline-dollar,477,477,477,477,,,201d582754d49ab9685da402886fcb21aa1e006fdcd2011512cf6261ce59d38e,201d582754d49ab9685da402886fcb21aa1e006fdcd2011512cf6261ce59d38e,201d582754d49ab9685da402886fcb21aa1e006fdcd2011512cf6261ce59d38e,section.spec_zariski.0004,
formula.spec_zariski.0279,root.cring.spec_zariski,304,formula,inline-dollar,478,478,478,478,,,2fb093a163ff206be29a432b314ca7c32de6bb0303b3bcee14d728706412b4d1,2fb093a163ff206be29a432b314ca7c32de6bb0303b3bcee14d728706412b4d1,2fb093a163ff206be29a432b314ca7c32de6bb0303b3bcee14d728706412b4d1,section.spec_zariski.0004,
formula.spec_zariski.0280,root.cring.spec_zariski,305,formula,inline-dollar,478,478,478,478,,,918370274aad07b5233dd7e3a8912b4ff03756c24c96c6aa48bcd3766eee45c4,918370274aad07b5233dd7e3a8912b4ff03756c24c96c6aa48bcd3766eee45c4,b2902c0275c4d043fdf44c98a768a4bc3c1613780c21acd97de1d09a42e8853f,section.spec_zariski.0004,
formula.spec_zariski.0281,root.cring.spec_zariski,306,formula,display-bracket,479,479,479,479,,,05fb4830ff2589dea6b297af9402dce3708b74ca39c75a6d794722dd7a5bb9e1,05fb4830ff2589dea6b297af9402dce3708b74ca39c75a6d794722dd7a5bb9e1,876c23c99d90ba8e35da02b605bea56699ee94b1c7f5d050f036e4c4ea1301a7,section.spec_zariski.0004,
formula.spec_zariski.0282,root.cring.spec_zariski,307,formula,inline-dollar,480,480,480,480,,,80415dd37c8b56646166e11913ccfca47c025052cae17666e48b5470a821eb91,80415dd37c8b56646166e11913ccfca47c025052cae17666e48b5470a821eb91,80415dd37c8b56646166e11913ccfca47c025052cae17666e48b5470a821eb91,section.spec_zariski.0004,
formula.spec_zariski.0283,root.cring.spec_zariski,308,formula,inline-dollar,481,481,481,481,,,201d582754d49ab9685da402886fcb21aa1e006fdcd2011512cf6261ce59d38e,201d582754d49ab9685da402886fcb21aa1e006fdcd2011512cf6261ce59d38e,201d582754d49ab9685da402886fcb21aa1e006fdcd2011512cf6261ce59d38e,section.spec_zariski.0004,
formula.spec_zariski.0284,root.cring.spec_zariski,309,formula,inline-dollar,482,482,482,482,,,4a1f941b3c6f426ec08de78c17e2f80f07a8b789701ba6b25126da00fab1231c,4a1f941b3c6f426ec08de78c17e2f80f07a8b789701ba6b25126da00fab1231c,4a1f941b3c6f426ec08de78c17e2f80f07a8b789701ba6b25126da00fab1231c,section.spec_zariski.0004,
theorem.spec_zariski.0009,root.cring.spec_zariski,310,theorem,proposition,485,488,485,488,\cite{LaRe08},\cite{LaRe08},4fb5b5799f1c8d998c2e1824c8cb10dad2c09c3eadf2c5322063d0055e472bb0,24b17c3490a40e27f4ff2758bcd91a4822d1c185dc8e29902f7b5b8fe7c8fcef,,section.spec_zariski.0004,label.spec_zariski.0006
formula.spec_zariski.0285,root.cring.spec_zariski,311,formula,inline-dollar,485,485,485,485,,,f2406dd83510b5f8ccf7318b0d6043a5facc44861e07ae8948c1ed4d1ad19020,f2406dd83510b5f8ccf7318b0d6043a5facc44861e07ae8948c1ed4d1ad19020,f2406dd83510b5f8ccf7318b0d6043a5facc44861e07ae8948c1ed4d1ad19020,section.spec_zariski.0004,
formula.spec_zariski.0286,root.cring.spec_zariski,312,formula,inline-dollar,487,487,487,487,,,f2406dd83510b5f8ccf7318b0d6043a5facc44861e07ae8948c1ed4d1ad19020,f2406dd83510b5f8ccf7318b0d6043a5facc44861e07ae8948c1ed4d1ad19020,f2406dd83510b5f8ccf7318b0d6043a5facc44861e07ae8948c1ed4d1ad19020,section.spec_zariski.0004,
formula.spec_zariski.0287,root.cring.spec_zariski,313,formula,inline-dollar,490,490,490,490,,,f31be157abd98b95363375b11c901e3a2e4294fd76b3b91e2b2f036881187ecc,f31be157abd98b95363375b11c901e3a2e4294fd76b3b91e2b2f036881187ecc,0b17882b837e2c4130a91a71221e7e499c50aa83bfc6b2fc8a61d01110be59fe,section.spec_zariski.0004,
formula.spec_zariski.0288,root.cring.spec_zariski,314,formula,inline-dollar,491,491,491,491,,,f2406dd83510b5f8ccf7318b0d6043a5facc44861e07ae8948c1ed4d1ad19020,f2406dd83510b5f8ccf7318b0d6043a5facc44861e07ae8948c1ed4d1ad19020,f2406dd83510b5f8ccf7318b0d6043a5facc44861e07ae8948c1ed4d1ad19020,section.spec_zariski.0004,
formula.spec_zariski.0289,root.cring.spec_zariski,315,formula,inline-dollar,492,492,492,492,,,4a1f941b3c6f426ec08de78c17e2f80f07a8b789701ba6b25126da00fab1231c,4a1f941b3c6f426ec08de78c17e2f80f07a8b789701ba6b25126da00fab1231c,4a1f941b3c6f426ec08de78c17e2f80f07a8b789701ba6b25126da00fab1231c,section.spec_zariski.0004,
formula.spec_zariski.0290,root.cring.spec_zariski,316,formula,inline-dollar,492,492,492,492,,,92f4ccddf801ce3d4e2a30ad474a0b47bd244cd581a7146bca0e235ffe59d34e,92f4ccddf801ce3d4e2a30ad474a0b47bd244cd581a7146bca0e235ffe59d34e,dcb0893b17bf684a3d1adda21a4d9d1cbb22641cb0a621252b97b1a22f55c313,section.spec_zariski.0004,
formula.spec_zariski.0291,root.cring.spec_zariski,317,formula,inline-dollar,493,493,493,493,,,2d9b080e97c144a29ef36fcd61a7fcb863e4e825bd50aa559581bcef2061fd1e,2d9b080e97c144a29ef36fcd61a7fcb863e4e825bd50aa559581bcef2061fd1e,e4c505ba4f1fceb07fd43648d558dfd5fde21be3b456cee6241f175c0e94cd89,section.spec_zariski.0004,
formula.spec_zariski.0292,root.cring.spec_zariski,318,formula,inline-dollar,493,493,493,493,,,905d1b0c1b62553b80ac48c674deea121968a8b30d3343f7823a25d715c6ef00,905d1b0c1b62553b80ac48c674deea121968a8b30d3343f7823a25d715c6ef00,5234d8af387d9a5895bb026fb40faf149740b5b3fc768cc34266958334f40b06,section.spec_zariski.0004,
formula.spec_zariski.0293,root.cring.spec_zariski,319,formula,inline-dollar,493,493,493,493,,,4a1f941b3c6f426ec08de78c17e2f80f07a8b789701ba6b25126da00fab1231c,4a1f941b3c6f426ec08de78c17e2f80f07a8b789701ba6b25126da00fab1231c,4a1f941b3c6f426ec08de78c17e2f80f07a8b789701ba6b25126da00fab1231c,section.spec_zariski.0004,
formula.spec_zariski.0294,root.cring.spec_zariski,320,formula,inline-dollar,494,494,494,494,,,f2406dd83510b5f8ccf7318b0d6043a5facc44861e07ae8948c1ed4d1ad19020,f2406dd83510b5f8ccf7318b0d6043a5facc44861e07ae8948c1ed4d1ad19020,f2406dd83510b5f8ccf7318b0d6043a5facc44861e07ae8948c1ed4d1ad19020,section.spec_zariski.0004,
formula.spec_zariski.0295,root.cring.spec_zariski,321,formula,inline-dollar,495,495,495,495,,,2a9c9ff9b2156e78800394f63b9a6603e4d57a2167e87fd5610df3996a7b1e41,2a9c9ff9b2156e78800394f63b9a6603e4d57a2167e87fd5610df3996a7b1e41,3c004fa113fbfac2afab29adf93f49c5de6e816f313a7d3e54eded36ddc31cc2,section.spec_zariski.0004,
formula.spec_zariski.0296,root.cring.spec_zariski,322,formula,inline-dollar,495,495,495,495,,,164d8cfb1668e00e795a03232d506f191fb44509af4b1e80aab2e3303239e28b,164d8cfb1668e00e795a03232d506f191fb44509af4b1e80aab2e3303239e28b,118bc1002b2b49f63bdd37bc1d29a40c9223602b7da51e469cb8ce1006606378,section.spec_zariski.0004,
formula.spec_zariski.0297,root.cring.spec_zariski,323,formula,inline-dollar,495,496,495,496,,,02ee9b0eb32570d8726803cead72606d7d64260181d996586a31e7c8227bb1df,02ee9b0eb32570d8726803cead72606d7d64260181d996586a31e7c8227bb1df,889d7972ab83f549ad4e7000b6078c1c557f13cc6b6b1195dfe1bd188167c2e5,section.spec_zariski.0004,
formula.spec_zariski.0298,root.cring.spec_zariski,324,formula,inline-dollar,496,496,496,496,,,99e206a8448b77430fb6fc83eabd0f131628b99b30228a88049ee68b7fb514d1,99e206a8448b77430fb6fc83eabd0f131628b99b30228a88049ee68b7fb514d1,99e206a8448b77430fb6fc83eabd0f131628b99b30228a88049ee68b7fb514d1,section.spec_zariski.0004,
formula.spec_zariski.0299,root.cring.spec_zariski,325,formula,inline-dollar,496,496,496,496,,,af37d93bb1d413084934172d6b72b2a75b7a89d461ec26ca144718f6d6db9399,af37d93bb1d413084934172d6b72b2a75b7a89d461ec26ca144718f6d6db9399,92847735e70184da0ef6c1eabf34024905bc0ede4f49fbae059b6a08609ac495,section.spec_zariski.0004,
formula.spec_zariski.0300,root.cring.spec_zariski,326,formula,inline-dollar,498,499,498,499,,,5b94629989f3e2dc642508d1c349ac9a78183c050d18778cc369e612fa12a910,5b94629989f3e2dc642508d1c349ac9a78183c050d18778cc369e612fa12a910,fba9355ae460a027c85e56539b32462316916cce565a180cf1ab138ae627450d,section.spec_zariski.0004,
theorem.spec_zariski.0010,root.cring.spec_zariski,327,theorem,corollary,502,505,502,505,Cohen,Cohen,85a5fb4d8ce7e0148a8aa71614fff7fdbb8ea64ae3734925d5aa46d49e383250,9cc477251fdc2204a610da46e93caf8e3a511608e986e4b8157fa261024ebb9f,,section.spec_zariski.0004,label.spec_zariski.0007
formula.spec_zariski.0301,root.cring.spec_zariski,328,formula,inline-dollar,503,503,503,503,,,a28faf6143663643c867a9e6316c985e9cef6a6ed418572e97343866efcfe288,a28faf6143663643c867a9e6316c985e9cef6a6ed418572e97343866efcfe288,a28faf6143663643c867a9e6316c985e9cef6a6ed418572e97343866efcfe288,section.spec_zariski.0004,
formula.spec_zariski.0302,root.cring.spec_zariski,329,formula,inline-dollar,503,503,503,503,,,a28faf6143663643c867a9e6316c985e9cef6a6ed418572e97343866efcfe288,a28faf6143663643c867a9e6316c985e9cef6a6ed418572e97343866efcfe288,a28faf6143663643c867a9e6316c985e9cef6a6ed418572e97343866efcfe288,section.spec_zariski.0004,
formula.spec_zariski.0303,root.cring.spec_zariski,330,formula,inline-dollar,504,504,504,504,,,a28faf6143663643c867a9e6316c985e9cef6a6ed418572e97343866efcfe288,a28faf6143663643c867a9e6316c985e9cef6a6ed418572e97343866efcfe288,a28faf6143663643c867a9e6316c985e9cef6a6ed418572e97343866efcfe288,section.spec_zariski.0004,
formula.spec_zariski.0304,root.cring.spec_zariski,331,formula,inline-dollar,508,508,508,508,,,c8f02a33709def358429967a8c1f402f5baab98fc6ea5a76727dda167714332e,c8f02a33709def358429967a8c1f402f5baab98fc6ea5a76727dda167714332e,ad3337ea466e110f010a458938ec5962bd3ffae7c67ecda679d550652565919a,section.spec_zariski.0004,
formula.spec_zariski.0305,root.cring.spec_zariski,332,formula,inline-dollar,510,510,510,510,,,1d60ef2a1ab67ddde761c2f76622bc048ba9f0cb2149a9bcf3bbe4c5c15cc755,1d60ef2a1ab67ddde761c2f76622bc048ba9f0cb2149a9bcf3bbe4c5c15cc755,1d60ef2a1ab67ddde761c2f76622bc048ba9f0cb2149a9bcf3bbe4c5c15cc755,section.spec_zariski.0004,
formula.spec_zariski.0306,root.cring.spec_zariski,333,formula,inline-dollar,512,512,512,512,,,3383654d24a06844fd147c06c3aa5b12cbdf74f79aa7c73436678f3b9959196c,3383654d24a06844fd147c06c3aa5b12cbdf74f79aa7c73436678f3b9959196c,b0c772ab814412e0f45aa2b5d06de2431f0572f3e63dbff51191aefb1081950b,section.spec_zariski.0004,
formula.spec_zariski.0307,root.cring.spec_zariski,334,formula,inline-dollar,512,513,512,513,,,6202403b81c29ca3c25404e5206a6db9991f1a95e2c8d0b63fc7aec2754bf788,6202403b81c29ca3c25404e5206a6db9991f1a95e2c8d0b63fc7aec2754bf788,1e1fa98b58716a8b1a0fa56ade3bf7657a1b04a25c7a229b9fb60d005b27a717,section.spec_zariski.0004,
formula.spec_zariski.0308,root.cring.spec_zariski,335,formula,inline-dollar,513,513,513,513,,,f878d200b93e3267a4cb8103a1743a192202ad4a8a1b604eccf92a0a806f235c,f878d200b93e3267a4cb8103a1743a192202ad4a8a1b604eccf92a0a806f235c,11e6c414da52f46720b67e99b26c42c0b6e2811ab1c9073129b2a62a31f19379,section.spec_zariski.0004,
theorem.spec_zariski.0011,root.cring.spec_zariski,336,theorem,corollary,521,523,521,523,,,f77d8bf96b8c0ff1951e314fba14e2ba4582f19faf56c5531b7c2447d36bc60b,d0ce0915480f79b1899c0fd466bd3e5fcc9e8f1b86054cb90d57476fd28c6b7e,,section.spec_zariski.0004,
formula.spec_zariski.0309,root.cring.spec_zariski,337,formula,inline-dollar,522,522,522,522,,,a28faf6143663643c867a9e6316c985e9cef6a6ed418572e97343866efcfe288,a28faf6143663643c867a9e6316c985e9cef6a6ed418572e97343866efcfe288,a28faf6143663643c867a9e6316c985e9cef6a6ed418572e97343866efcfe288,section.spec_zariski.0004,
formula.spec_zariski.0310,root.cring.spec_zariski,338,formula,inline-dollar,522,522,522,522,,,a28faf6143663643c867a9e6316c985e9cef6a6ed418572e97343866efcfe288,a28faf6143663643c867a9e6316c985e9cef6a6ed418572e97343866efcfe288,a28faf6143663643c867a9e6316c985e9cef6a6ed418572e97343866efcfe288,section.spec_zariski.0004,
exercise.spec_zariski.0005,root.cring.spec_zariski,339,exercise,exercise,528,533,528,533,,,58b7dcf4bede35339e0108631d61b3bde9cb338150e4897a35148f7fb86b5aa8,d5275a51b147588efb35f8d4478b0061bd8b9abc97ed3df002f05c3c74c558ed,,section.spec_zariski.0004,
formula.spec_zariski.0311,root.cring.spec_zariski,340,formula,inline-dollar,529,529,529,529,,,a28faf6143663643c867a9e6316c985e9cef6a6ed418572e97343866efcfe288,a28faf6143663643c867a9e6316c985e9cef6a6ed418572e97343866efcfe288,a28faf6143663643c867a9e6316c985e9cef6a6ed418572e97343866efcfe288,section.spec_zariski.0004,
formula.spec_zariski.0312,root.cring.spec_zariski,341,formula,inline-dollar,529,529,529,529,,,a28faf6143663643c867a9e6316c985e9cef6a6ed418572e97343866efcfe288,a28faf6143663643c867a9e6316c985e9cef6a6ed418572e97343866efcfe288,a28faf6143663643c867a9e6316c985e9cef6a6ed418572e97343866efcfe288,section.spec_zariski.0004,
hint.spec_zariski.0001,root.cring.spec_zariski,342,hint,parenthetical-hint,530,532,530,532,,,caba1848332fcdf7444411e5f39d46c4bb2188683204f8f766623ef039dd47e6,b794f871f0e05dc600592eb4e77b4ff3bdd4e304f2c21adaca9bc9066290d865,,section.spec_zariski.0004,
formula.spec_zariski.0313,root.cring.spec_zariski,343,formula,inline-dollar,530,530,530,530,,,fdf30f5db1f3424874da244595a2db648c7b056dc537a2b62eb64b4d26d827ef,fdf30f5db1f3424874da244595a2db648c7b056dc537a2b62eb64b4d26d827ef,fdf30f5db1f3424874da244595a2db648c7b056dc537a2b62eb64b4d26d827ef,section.spec_zariski.0004,
formula.spec_zariski.0314,root.cring.spec_zariski,344,formula,inline-dollar,531,531,531,531,,,fdf30f5db1f3424874da244595a2db648c7b056dc537a2b62eb64b4d26d827ef,fdf30f5db1f3424874da244595a2db648c7b056dc537a2b62eb64b4d26d827ef,fdf30f5db1f3424874da244595a2db648c7b056dc537a2b62eb64b4d26d827ef,section.spec_zariski.0004,
formula.spec_zariski.0315,root.cring.spec_zariski,345,formula,inline-dollar,531,531,531,531,,,245e95495d0829413708321b143a7c059704b2c18271ff8b0dee80ae5a36feec,245e95495d0829413708321b143a7c059704b2c18271ff8b0dee80ae5a36feec,245e95495d0829413708321b143a7c059704b2c18271ff8b0dee80ae5a36feec,section.spec_zariski.0004,
remark.spec_zariski.0001,root.cring.spec_zariski,346,remark,remark,536,553,536,553,,,1dbdbbbf1e1c55778fa72a0d34cf05717e8eb93c0b14215ab8157b85685e6569,7b6437e0c532712ae45c7eae7a7d6a3653a2565cad9952b2b0236d89182ba19e,,section.spec_zariski.0004,label.spec_zariski.0008
formula.spec_zariski.0316,root.cring.spec_zariski,347,formula,inline-dollar,538,538,538,538,,,a28faf6143663643c867a9e6316c985e9cef6a6ed418572e97343866efcfe288,a28faf6143663643c867a9e6316c985e9cef6a6ed418572e97343866efcfe288,a28faf6143663643c867a9e6316c985e9cef6a6ed418572e97343866efcfe288,section.spec_zariski.0004,
formula.spec_zariski.0317,root.cring.spec_zariski,348,formula,inline-dollar,538,538,538,538,,,a27792672eaaa3dc771365dd3442a479c2cc0463f226519da2b77862d4871c44,a27792672eaaa3dc771365dd3442a479c2cc0463f226519da2b77862d4871c44,a27792672eaaa3dc771365dd3442a479c2cc0463f226519da2b77862d4871c44,section.spec_zariski.0004,
formula.spec_zariski.0318,root.cring.spec_zariski,349,formula,inline-dollar,543,543,543,543,,,a27792672eaaa3dc771365dd3442a479c2cc0463f226519da2b77862d4871c44,a27792672eaaa3dc771365dd3442a479c2cc0463f226519da2b77862d4871c44,a27792672eaaa3dc771365dd3442a479c2cc0463f226519da2b77862d4871c44,section.spec_zariski.0004,
formula.spec_zariski.0319,root.cring.spec_zariski,350,formula,inline-dollar,545,545,545,545,,,a28faf6143663643c867a9e6316c985e9cef6a6ed418572e97343866efcfe288,a28faf6143663643c867a9e6316c985e9cef6a6ed418572e97343866efcfe288,a28faf6143663643c867a9e6316c985e9cef6a6ed418572e97343866efcfe288,section.spec_zariski.0004,
formula.spec_zariski.0320,root.cring.spec_zariski,351,formula,inline-dollar,545,545,545,545,,,3f07a5211f53af3d5eb5fefa6fd0da269256ffdfe76758d6ad9949091f016195,3f07a5211f53af3d5eb5fefa6fd0da269256ffdfe76758d6ad9949091f016195,3f07a5211f53af3d5eb5fefa6fd0da269256ffdfe76758d6ad9949091f016195,section.spec_zariski.0004,
formula.spec_zariski.0321,root.cring.spec_zariski,352,formula,inline-dollar,546,546,546,546,,,2725b2d0fc640cb2728a1834f8c41d47e601a7313494a3c35628268f485f3a5f,2725b2d0fc640cb2728a1834f8c41d47e601a7313494a3c35628268f485f3a5f,2725b2d0fc640cb2728a1834f8c41d47e601a7313494a3c35628268f485f3a5f,section.spec_zariski.0004,
formula.spec_zariski.0322,root.cring.spec_zariski,353,formula,inline-dollar,546,546,546,546,,,cd15d3a571b67c26cfa4d135c0beb323c631d85844625699d123761440301d5d,cd15d3a571b67c26cfa4d135c0beb323c631d85844625699d123761440301d5d,cd15d3a571b67c26cfa4d135c0beb323c631d85844625699d123761440301d5d,section.spec_zariski.0004,
formula.spec_zariski.0323,root.cring.spec_zariski,354,formula,inline-dollar,547,547,547,547,,,3f07a5211f53af3d5eb5fefa6fd0da269256ffdfe76758d6ad9949091f016195,3f07a5211f53af3d5eb5fefa6fd0da269256ffdfe76758d6ad9949091f016195,3f07a5211f53af3d5eb5fefa6fd0da269256ffdfe76758d6ad9949091f016195,section.spec_zariski.0004,
formula.spec_zariski.0324,root.cring.spec_zariski,355,formula,display-bracket,548,549,548,549,,,9341073452f2aa3f6389a4e136a040e4c16c25920406eb1ebb4a12a308a4ea8c,9341073452f2aa3f6389a4e136a040e4c16c25920406eb1ebb4a12a308a4ea8c,320f27224318d22b14b391fb2a325ab6778e96e3ba2f3c31f0d98189a4afd4c1,section.spec_zariski.0004,
formula.spec_zariski.0325,root.cring.spec_zariski,356,formula,inline-dollar,551,551,551,551,,,1d3f2d95088eb958c464a7251b28a019987c9a3ea918958b2fa2d4fad746cf3c,1d3f2d95088eb958c464a7251b28a019987c9a3ea918958b2fa2d4fad746cf3c,f309b9ddfb1d6fafc49708e512aa95546fcc90a07538c5fa94a5fdd69b14374d,section.spec_zariski.0004,
formula.spec_zariski.0326,root.cring.spec_zariski,357,formula,inline-dollar,551,551,551,551,,,80d175a6f5b731180978d66395a8de22ecee85c76dc7b2edc502c83e7aec514f,80d175a6f5b731180978d66395a8de22ecee85c76dc7b2edc502c83e7aec514f,ceb1d4d3b9a230ae08807651b2b90f9224496548003911a0a7b66c4e0e9f46df,section.spec_zariski.0004,
section.spec_zariski.0005,root.cring.spec_zariski,358,section,subsection,555,555,555,555,Functoriality of $\spec$,Sifat funktorial $\spec$,a31a01bd36912392b91229ed50372bcabbd890f4ec0b35db305c438f684ac8b0,978e12a38447b169fe5c44d9baf664c7aacf769e9f739fd96c106c66de0ddf17,,section.spec_zariski.0001,
formula.spec_zariski.0327,root.cring.spec_zariski,359,formula,inline-dollar,555,555,555,555,,,83aa5e38a90ee087658954bcc41b2a2f69d8daab35303b6b7deedebe78f9e3f0,83aa5e38a90ee087658954bcc41b2a2f69d8daab35303b6b7deedebe78f9e3f0,83aa5e38a90ee087658954bcc41b2a2f69d8daab35303b6b7deedebe78f9e3f0,section.spec_zariski.0005,
formula.spec_zariski.0328,root.cring.spec_zariski,360,formula,inline-dollar,556,556,556,556,,,5124c4681a5570a8f24c568f7ae30afbee5354dfffc531bded741264463accab,5124c4681a5570a8f24c568f7ae30afbee5354dfffc531bded741264463accab,b384bc704c9972ea1c0e873044d370c9da100226dda72f1ef4b2d5808c99dde0,section.spec_zariski.0005,
formula.spec_zariski.0329,root.cring.spec_zariski,361,formula,inline-dollar,556,556,556,556,,,a28faf6143663643c867a9e6316c985e9cef6a6ed418572e97343866efcfe288,a28faf6143663643c867a9e6316c985e9cef6a6ed418572e97343866efcfe288,a28faf6143663643c867a9e6316c985e9cef6a6ed418572e97343866efcfe288,section.spec_zariski.0005,
formula.spec_zariski.0330,root.cring.spec_zariski,362,formula,inline-dollar,557,557,557,557,,,2cec5b1dbea0d89483757ad875b6e9be2a0c908172c461e3c7b8060aed80028c,2cec5b1dbea0d89483757ad875b6e9be2a0c908172c461e3c7b8060aed80028c,b3742a7ed6de2c7a4bd1b518b38dde915b6e0486ec84d5aa08d012dd7440c222,section.spec_zariski.0005,
formula.spec_zariski.0331,root.cring.spec_zariski,363,formula,inline-dollar,558,559,558,559,,,679fb403b3a6f122b3549e5f078284f5394f8559a6d688161c4fc87024176688,679fb403b3a6f122b3549e5f078284f5394f8559a6d688161c4fc87024176688,3a0417ca55fedfbcf6ca72c927e0d43243a1b71b5d86a88e361f6ab29af21d99,section.spec_zariski.0005,
formula.spec_zariski.0332,root.cring.spec_zariski,364,formula,inline-dollar,559,559,559,559,,,adb941a9eddd5a7edae79cf0a5f20ac027f285d8cef4149509146f12f7a37839,adb941a9eddd5a7edae79cf0a5f20ac027f285d8cef4149509146f12f7a37839,96ede9131b8eb8bb4fad17823b71be5faf19ecd7ccc4c1d0a07e9e5c3c4d2fac,section.spec_zariski.0005,
formula.spec_zariski.0333,root.cring.spec_zariski,365,formula,inline-dollar,560,560,560,560,,,b84f1bdf69f39496568a86a39eae463361236ad80e404b68b151818610a82ba5,b84f1bdf69f39496568a86a39eae463361236ad80e404b68b151818610a82ba5,475dab198379ff141d7c8edc9d9af2c95487ca56784360ced2f6f5c6c1f82943,section.spec_zariski.0005,
formula.spec_zariski.0334,root.cring.spec_zariski,366,formula,inline-dollar,562,562,562,562,,,a28faf6143663643c867a9e6316c985e9cef6a6ed418572e97343866efcfe288,a28faf6143663643c867a9e6316c985e9cef6a6ed418572e97343866efcfe288,a28faf6143663643c867a9e6316c985e9cef6a6ed418572e97343866efcfe288,section.spec_zariski.0005,
formula.spec_zariski.0335,root.cring.spec_zariski,367,formula,inline-dollar,562,562,562,562,,,61cc1ca034483e96e0758386683c7ff0df9d183d04c99569275f032db4aeef4c,61cc1ca034483e96e0758386683c7ff0df9d183d04c99569275f032db4aeef4c,9d68c20b8a9a8d682e93d0c8806aba8c4b59fe258601b6c459eb8d94157d921a,section.spec_zariski.0005,
formula.spec_zariski.0336,root.cring.spec_zariski,368,formula,inline-dollar,564,564,564,564,,,c637d883fd1fa3bab98996eda143c70a4b0ba2604e5295379dafa9c163ab907b,c637d883fd1fa3bab98996eda143c70a4b0ba2604e5295379dafa9c163ab907b,622bbcdd1d46ce21f94cd41125130a26aa4ed31bf08a74c6d9d6c48b84418a9c,section.spec_zariski.0005,
formula.spec_zariski.0337,root.cring.spec_zariski,369,formula,inline-dollar,564,565,564,565,,,7d3c032c30912ee995ac2944a2c57af412b226a6d64943285705f458687fe304,7d3c032c30912ee995ac2944a2c57af412b226a6d64943285705f458687fe304,56b179cdaa7605ae8d58ef7b83f677806902c04d0df3622b34d730b74030c592,section.spec_zariski.0005,
exercise.spec_zariski.0006,root.cring.spec_zariski,370,exercise,exercise,567,580,567,580,,,f706a7e3761a51b0608c0658db710d63240ac78d3e6ceb7652fcfd5004c50d9a,3aa1ec32f715bb9ca0fb629bb0322a833435f3111edcc68173912115516957f6,,section.spec_zariski.0005,
formula.spec_zariski.0338,root.cring.spec_zariski,371,formula,inline-dollar,568,568,568,568,,,7297b76a540053c3802dee61eb69db6bba392a70c21a428c304e9527b38a83a7,7297b76a540053c3802dee61eb69db6bba392a70c21a428c304e9527b38a83a7,6f625117f71150591b84c73d0ac2bdda7e6008c8bdc79a6c4d139542b8778bec,section.spec_zariski.0005,
formula.spec_zariski.0339,root.cring.spec_zariski,372,formula,inline-dollar,570,570,570,570,,,b4ecdb0a1611fcd56908f59aa7b8686994f9032cf8dbc8752829e70a1a43ece3,b4ecdb0a1611fcd56908f59aa7b8686994f9032cf8dbc8752829e70a1a43ece3,b4ecdb0a1611fcd56908f59aa7b8686994f9032cf8dbc8752829e70a1a43ece3,section.spec_zariski.0005,
formula.spec_zariski.0340,root.cring.spec_zariski,373,formula,inline-dollar,572,572,572,572,,,82f68a145972e29a9b9f48e17a05bf02fa01834e2d3f3f76f8c77c1838594046,82f68a145972e29a9b9f48e17a05bf02fa01834e2d3f3f76f8c77c1838594046,49dcc9bf9c8fe852bda0a99eeca3c1244663c4d17ca67fc9b81253288a100deb,section.spec_zariski.0005,
formula.spec_zariski.0341,root.cring.spec_zariski,374,formula,inline-dollar,572,573,572,573,,,d03e550ebf75ac3515d6098fb2a8aee87557848245e5a652bb20dcf1db3ac8c7,d03e550ebf75ac3515d6098fb2a8aee87557848245e5a652bb20dcf1db3ac8c7,2c50fd92aa2a7b253ed47fa46060107a296d38f6f489f981fd455563bafc7d0a,section.spec_zariski.0005,
formula.spec_zariski.0342,root.cring.spec_zariski,375,formula,inline-dollar,575,575,575,575,,,29d0f14e889bb8b4f94e0e8af7e8f540911bc0d1a805457a6fd2e41fde18c759,29d0f14e889bb8b4f94e0e8af7e8f540911bc0d1a805457a6fd2e41fde18c759,def49f5d3aec05ffa7cdb4f1c62b3951b35d3533c8fde2dae495328fffc6c97b,section.spec_zariski.0005,
formula.spec_zariski.0343,root.cring.spec_zariski,376,formula,inline-dollar,577,577,577,577,,,98e727e49efd951dc2fd74d842d0c24997a05270093fe93f386959b8acf8e109,98e727e49efd951dc2fd74d842d0c24997a05270093fe93f386959b8acf8e109,b384bc704c9972ea1c0e873044d370c9da100226dda72f1ef4b2d5808c99dde0,section.spec_zariski.0005,
hint.spec_zariski.0002,root.cring.spec_zariski,377,hint,parenthetical-hint,577,579,577,579,,,9fef2680884c6ae1cd298b5ca419dd2a5cc117e0a734577905187c8d9afe41f6,7213ada30e1a169d5eaaa1b87ee2b19a0da47f6af6ae8ad5821c71353bf90237,,section.spec_zariski.0005,
formula.spec_zariski.0344,root.cring.spec_zariski,378,formula,inline-dollar,582,582,582,582,,,83aa5e38a90ee087658954bcc41b2a2f69d8daab35303b6b7deedebe78f9e3f0,83aa5e38a90ee087658954bcc41b2a2f69d8daab35303b6b7deedebe78f9e3f0,83aa5e38a90ee087658954bcc41b2a2f69d8daab35303b6b7deedebe78f9e3f0,section.spec_zariski.0005,
theorem.spec_zariski.0012,root.cring.spec_zariski,379,theorem,proposition,586,590,586,590,,,569685ded38a2efd7f04187c07156b17a32fb970a60bc0329a69bc00a830d8e5,23217ee1521496bd4ef544c4aedd82f9c7da329b13808744f94210ae22f2be82,,section.spec_zariski.0005,
formula.spec_zariski.0345,root.cring.spec_zariski,380,formula,inline-dollar,587,587,587,587,,,9f1d249f96a3cf456594553ff04605d18b389f759298292cdafb43ec2ade8d1a,9f1d249f96a3cf456594553ff04605d18b389f759298292cdafb43ec2ade8d1a,83aa5e38a90ee087658954bcc41b2a2f69d8daab35303b6b7deedebe78f9e3f0,section.spec_zariski.0005,
formula.spec_zariski.0346,root.cring.spec_zariski,381,formula,inline-dollar,587,587,587,587,,,e860273036a61bae6e18e39692240e7036714da622fe95c9e5dc53e817aa214e,e860273036a61bae6e18e39692240e7036714da622fe95c9e5dc53e817aa214e,e860273036a61bae6e18e39692240e7036714da622fe95c9e5dc53e817aa214e,section.spec_zariski.0005,
formula.spec_zariski.0347,root.cring.spec_zariski,382,formula,inline-dollar,589,589,589,589,,,10221a29a8158b5acc43c95b062650097f282135be1959dc19c8c195266ad07b,10221a29a8158b5acc43c95b062650097f282135be1959dc19c8c195266ad07b,10221a29a8158b5acc43c95b062650097f282135be1959dc19c8c195266ad07b,section.spec_zariski.0005,
formula.spec_zariski.0348,root.cring.spec_zariski,383,formula,inline-dollar,591,591,591,591,,,3279e98dc7353107725bdd73a500546d147ee6c0b9e552614e4e71fca38297d4,3279e98dc7353107725bdd73a500546d147ee6c0b9e552614e4e71fca38297d4,b3742a7ed6de2c7a4bd1b518b38dde915b6e0486ec84d5aa08d012dd7440c222,section.spec_zariski.0005,
formula.spec_zariski.0349,root.cring.spec_zariski,384,formula,inline-dollar,592,592,592,592,,,ab9393e7a855e3302e2768dcc8cddbe28aa33eab9de78ab40bfb6e547443ac66,ab9393e7a855e3302e2768dcc8cddbe28aa33eab9de78ab40bfb6e547443ac66,3a0417ca55fedfbcf6ca72c927e0d43243a1b71b5d86a88e361f6ab29af21d99,section.spec_zariski.0005,
formula.spec_zariski.0350,root.cring.spec_zariski,385,formula,inline-dollar,593,593,593,593,,,ece49feba00b8a1812ded074f725361efa66b3c98a069a56aeb4b360bb7aee93,ece49feba00b8a1812ded074f725361efa66b3c98a069a56aeb4b360bb7aee93,ece49feba00b8a1812ded074f725361efa66b3c98a069a56aeb4b360bb7aee93,section.spec_zariski.0005,
formula.spec_zariski.0351,root.cring.spec_zariski,386,formula,inline-dollar,595,595,595,595,,,3718e1d70f19b3a5f52c8ab04e7ca9abde1ffdb87477195a43985008d3dee177,3718e1d70f19b3a5f52c8ab04e7ca9abde1ffdb87477195a43985008d3dee177,3718e1d70f19b3a5f52c8ab04e7ca9abde1ffdb87477195a43985008d3dee177,section.spec_zariski.0005,
formula.spec_zariski.0352,root.cring.spec_zariski,387,formula,inline-dollar,596,596,596,596,,,c637d883fd1fa3bab98996eda143c70a4b0ba2604e5295379dafa9c163ab907b,c637d883fd1fa3bab98996eda143c70a4b0ba2604e5295379dafa9c163ab907b,622bbcdd1d46ce21f94cd41125130a26aa4ed31bf08a74c6d9d6c48b84418a9c,section.spec_zariski.0005,
formula.spec_zariski.0353,root.cring.spec_zariski,388,formula,inline-dollar,596,596,596,596,,,fad92003e184a39063c650e6ba931f00cf1f3ce9ed32bac79f755d06ca2f7de5,fad92003e184a39063c650e6ba931f00cf1f3ce9ed32bac79f755d06ca2f7de5,485b9b425e8c54d9918cd7f0470e7c6a19cc136e3eb85514250776ae78fe6635,section.spec_zariski.0005,
formula.spec_zariski.0354,root.cring.spec_zariski,389,formula,inline-dollar,598,599,598,599,,,17c9ff23ff292260dc079388ee3c316e353576860fbceeb2f77e441bbd41d758,17c9ff23ff292260dc079388ee3c316e353576860fbceeb2f77e441bbd41d758,ad3337ea466e110f010a458938ec5962bd3ffae7c67ecda679d550652565919a,section.spec_zariski.0005,
formula.spec_zariski.0355,root.cring.spec_zariski,390,formula,inline-dollar,599,600,599,600,,,c0c6e93266869c8edb5a981f99f87a83f0bcf067f7d7b624bcaa5b3d39ba9c59,c0c6e93266869c8edb5a981f99f87a83f0bcf067f7d7b624bcaa5b3d39ba9c59,872df0207c6ed27a52bdde4c565e75b41eb2d7a3e44a54bf342e15d9ee1655d6,section.spec_zariski.0005,
formula.spec_zariski.0356,root.cring.spec_zariski,391,formula,inline-dollar,601,601,601,601,,,50e19043cd40ff754aa965b1f439ca11e87eedb074c0a0ae54cf05dbb7a25436,50e19043cd40ff754aa965b1f439ca11e87eedb074c0a0ae54cf05dbb7a25436,50e19043cd40ff754aa965b1f439ca11e87eedb074c0a0ae54cf05dbb7a25436,section.spec_zariski.0005,
formula.spec_zariski.0357,root.cring.spec_zariski,392,formula,inline-dollar,602,602,602,602,,,d335576e550b331d9a47dabf6f7501c5f2d0a3b6b39cbf35245e7c1b8ef48cd2,d335576e550b331d9a47dabf6f7501c5f2d0a3b6b39cbf35245e7c1b8ef48cd2,44d287eadba72c30eabba635501b97cdc9869703f1cc655b3d14ed717e221c2a,section.spec_zariski.0005,
formula.spec_zariski.0358,root.cring.spec_zariski,393,formula,inline-dollar,603,604,603,604,,,f7513e720aa3d159b895d252fda81309eedd14dd9b9b742de496a9edadaffe1f,f7513e720aa3d159b895d252fda81309eedd14dd9b9b742de496a9edadaffe1f,26b423fe8afd6214d763b3e48b69c2bbd9a1cda20fb5e4f23b6b204b4d4f0812,section.spec_zariski.0005,
formula.spec_zariski.0359,root.cring.spec_zariski,394,formula,inline-dollar,604,604,604,604,,,128928d51a21c692bab4445d209228b6063e4c27b5b131895346442f4ed3ff12,128928d51a21c692bab4445d209228b6063e4c27b5b131895346442f4ed3ff12,b4eb042b1442f27306bbc54548ea3ad30c0165e4742d9ecd014146ce88ea610b,section.spec_zariski.0005,
formula.spec_zariski.0360,root.cring.spec_zariski,395,formula,inline-dollar,605,606,605,606,,,965512c3b2ede192fdecca70d3a37c6b23ceb0abd02eeb83faa76b2fa092f21d,965512c3b2ede192fdecca70d3a37c6b23ceb0abd02eeb83faa76b2fa092f21d,ee84419ca161d53e892e557b388706916d86177d38e7bbc2b2da291ab9e0780c,section.spec_zariski.0005,
formula.spec_zariski.0361,root.cring.spec_zariski,396,formula,inline-dollar,606,606,606,606,,,fb3c36ca047917dfb2e08d9a5298969b6b46fd8a74ccac347b9c6b42ce3ee8aa,fb3c36ca047917dfb2e08d9a5298969b6b46fd8a74ccac347b9c6b42ce3ee8aa,f97c0f50bec2298cac9d0a44f84540f0e6d95323dcd4749bca80e00ebb9d6aa4,section.spec_zariski.0005,
example.spec_zariski.0006,root.cring.spec_zariski,397,example,example,612,627,612,627,,,d56f1bc32a8c2a8db175b8d2ca0e57cde1ff15bcbd5c28383db61dae5015bae1,fe8b242b55bf681077d5215cb97bd03eee4b4ccf31c0580dc7da65e43b2aaf13,,section.spec_zariski.0005,
formula.spec_zariski.0362,root.cring.spec_zariski,398,formula,inline-dollar,613,613,613,613,,,a28faf6143663643c867a9e6316c985e9cef6a6ed418572e97343866efcfe288,a28faf6143663643c867a9e6316c985e9cef6a6ed418572e97343866efcfe288,a28faf6143663643c867a9e6316c985e9cef6a6ed418572e97343866efcfe288,section.spec_zariski.0005,
formula.spec_zariski.0363,root.cring.spec_zariski,399,formula,inline-dollar,613,613,613,613,,,c8f02a33709def358429967a8c1f402f5baab98fc6ea5a76727dda167714332e,c8f02a33709def358429967a8c1f402f5baab98fc6ea5a76727dda167714332e,ad3337ea466e110f010a458938ec5962bd3ffae7c67ecda679d550652565919a,section.spec_zariski.0005,
formula.spec_zariski.0364,root.cring.spec_zariski,400,formula,inline-dollar,613,614,613,614,,,d762691c8df648a71ffe86a9f583ac4dfb0c5ad5915c1b93c6d23e3d652217d8,d762691c8df648a71ffe86a9f583ac4dfb0c5ad5915c1b93c6d23e3d652217d8,78e12f209e85c2ee959b18343a52f25985439f3f783fc2a04217923efd9f146c,section.spec_zariski.0005,
formula.spec_zariski.0365,root.cring.spec_zariski,401,formula,display-bracket,616,616,616,616,,,630b22f39bf0962f925c14a6e3c35d575bf6f9248115ca2153c9abcdb1676307,630b22f39bf0962f925c14a6e3c35d575bf6f9248115ca2153c9abcdb1676307,d3392d63ae5235a884f21a34a330ebe92c203c8aca7e572642c8f52ebf03e004,section.spec_zariski.0005,
formula.spec_zariski.0366,root.cring.spec_zariski,402,formula,inline-dollar,617,617,617,617,,,6067312198eb0aba0753d7cf92d8fd111b8138418b6322a1f4754316e67afa3a,6067312198eb0aba0753d7cf92d8fd111b8138418b6322a1f4754316e67afa3a,6067312198eb0aba0753d7cf92d8fd111b8138418b6322a1f4754316e67afa3a,section.spec_zariski.0005,
formula.spec_zariski.0367,root.cring.spec_zariski,403,formula,inline-dollar,619,619,619,619,,,a28faf6143663643c867a9e6316c985e9cef6a6ed418572e97343866efcfe288,a28faf6143663643c867a9e6316c985e9cef6a6ed418572e97343866efcfe288,a28faf6143663643c867a9e6316c985e9cef6a6ed418572e97343866efcfe288,section.spec_zariski.0005,
formula.spec_zariski.0368,root.cring.spec_zariski,404,formula,inline-dollar,619,619,619,619,,,4a1f941b3c6f426ec08de78c17e2f80f07a8b789701ba6b25126da00fab1231c,4a1f941b3c6f426ec08de78c17e2f80f07a8b789701ba6b25126da00fab1231c,4a1f941b3c6f426ec08de78c17e2f80f07a8b789701ba6b25126da00fab1231c,section.spec_zariski.0005,
formula.spec_zariski.0369,root.cring.spec_zariski,405,formula,inline-dollar,620,620,620,620,,,dbfecb0870a6be6dec189d7eed9daa3481346c24a1a9328a5ee37844feedb3c2,dbfecb0870a6be6dec189d7eed9daa3481346c24a1a9328a5ee37844feedb3c2,dbfecb0870a6be6dec189d7eed9daa3481346c24a1a9328a5ee37844feedb3c2,section.spec_zariski.0005,
exercise.spec_zariski.0007,root.cring.spec_zariski,406,exercise,exercise,622,626,622,626,,,12959bbeab6342229153d055ce9bda11ab5d1a644238a1e21e334abda0f245df,93a69e20edb34b284d3b1bc9979099f87618c099500906c61383d0c2c994590d,,section.spec_zariski.0005,
formula.spec_zariski.0370,root.cring.spec_zariski,407,formula,inline-dollar,623,623,623,623,,,f3409c5faa14da0e73cd9945a54d7b20996912b81918ecb913a5216d06271e25,f3409c5faa14da0e73cd9945a54d7b20996912b81918ecb913a5216d06271e25,d5b4f97651f8947fc3afee2b45e33f929a7ecf6aa65c3589019dee3698cc9a6f,section.spec_zariski.0005,
formula.spec_zariski.0371,root.cring.spec_zariski,408,formula,inline-dollar,624,625,624,625,,,2dff91c6fc4f4d789401d27d916507f6b7fbc0866d52192e7e7eeadcd9226cb8,2dff91c6fc4f4d789401d27d916507f6b7fbc0866d52192e7e7eeadcd9226cb8,6f0f580b82d3a9e788c7d3207d25b74bad418d2725a3f5675e1b9fe7d876c81e,section.spec_zariski.0005,
section.spec_zariski.0006,root.cring.spec_zariski,409,section,subsection,630,630,630,630,A basis for the Zariski topology,Suatu basis bagi topologi Zariski,ba52e4b82f75665f848cb708e7af6c7d5751cd177d464090ad96f702454d2794,ca30d4cb6247693887bcd2b4dc7b90526629f6a524040e1cca3435b6ebb1e08a,,section.spec_zariski.0001,
formula.spec_zariski.0372,root.cring.spec_zariski,410,formula,inline-dollar,632,632,632,632,,,a28faf6143663643c867a9e6316c985e9cef6a6ed418572e97343866efcfe288,a28faf6143663643c867a9e6316c985e9cef6a6ed418572e97343866efcfe288,a28faf6143663643c867a9e6316c985e9cef6a6ed418572e97343866efcfe288,section.spec_zariski.0006,
formula.spec_zariski.0373,root.cring.spec_zariski,411,formula,inline-dollar,633,633,633,633,,,c637d883fd1fa3bab98996eda143c70a4b0ba2604e5295379dafa9c163ab907b,c637d883fd1fa3bab98996eda143c70a4b0ba2604e5295379dafa9c163ab907b,622bbcdd1d46ce21f94cd41125130a26aa4ed31bf08a74c6d9d6c48b84418a9c,section.spec_zariski.0006,
formula.spec_zariski.0374,root.cring.spec_zariski,412,formula,inline-dollar,635,635,635,635,,,a28faf6143663643c867a9e6316c985e9cef6a6ed418572e97343866efcfe288,a28faf6143663643c867a9e6316c985e9cef6a6ed418572e97343866efcfe288,a28faf6143663643c867a9e6316c985e9cef6a6ed418572e97343866efcfe288,section.spec_zariski.0006,
formula.spec_zariski.0375,root.cring.spec_zariski,413,formula,display-bracket,638,639,638,639,,,61932badfbe139cc9f5fe149a6affa42c797e290652e596b46ecdf849529f2c3,61932badfbe139cc9f5fe149a6affa42c797e290652e596b46ecdf849529f2c3,60a19c0c3dd66d763c82863ead82d67667ecf1c7726343a0074ee5f2158e618f,section.spec_zariski.0006,
definition.spec_zariski.0005,root.cring.spec_zariski,414,definition,definition,644,650,644,650,,,65be0e6d0a8eb68586b1a8fe864b6e12db937a3bcef9f7b2d5f592bf62682e7f,3c53616c69eccf27ff90ad79b7509afc8c710996c550e711c9330304c587b353,,section.spec_zariski.0006,
formula.spec_zariski.0376,root.cring.spec_zariski,415,formula,inline-dollar,645,645,645,645,,,70f594ae3ce2015166b52ead6576b5b9a61fb929401ac3adc2b5d7f6d7c6ddfd,70f594ae3ce2015166b52ead6576b5b9a61fb929401ac3adc2b5d7f6d7c6ddfd,3b3be219603c7f0f2c16a8b3949d70e3723c723cd2ef6c5aede7e2284f26bba4,section.spec_zariski.0006,
formula.spec_zariski.0377,root.cring.spec_zariski,416,formula,display-bracket,646,646,646,646,,,8bc4221803affd8bc55d6220208e4dcee27dd1377dc00c5ebdd5b827c983580c,8bc4221803affd8bc55d6220208e4dcee27dd1377dc00c5ebdd5b827c983580c,8a38f70e4e300ecc84e38e6d85065f63cb58e47c33fc02d19cab2c96bda415b1,section.spec_zariski.0006,
formula.spec_zariski.0378,root.cring.spec_zariski,417,formula,inline-dollar,647,647,647,647,,,152b6dc149ed4cd9e6c19e7aa5e19aaaa065ac4efbc56d95b1661825ef464d7a,152b6dc149ed4cd9e6c19e7aa5e19aaaa065ac4efbc56d95b1661825ef464d7a,152b6dc149ed4cd9e6c19e7aa5e19aaaa065ac4efbc56d95b1661825ef464d7a,section.spec_zariski.0006,
formula.spec_zariski.0379,root.cring.spec_zariski,418,formula,inline-dollar,647,647,647,647,,,c637d883fd1fa3bab98996eda143c70a4b0ba2604e5295379dafa9c163ab907b,c637d883fd1fa3bab98996eda143c70a4b0ba2604e5295379dafa9c163ab907b,622bbcdd1d46ce21f94cd41125130a26aa4ed31bf08a74c6d9d6c48b84418a9c,section.spec_zariski.0006,
formula.spec_zariski.0380,root.cring.spec_zariski,419,formula,inline-dollar,649,649,649,649,,,b20bffe0e63b122310b52301abcb90bf1efe431d4f188633a0268af511954cfd,b20bffe0e63b122310b52301abcb90bf1efe431d4f188633a0268af511954cfd,b20bffe0e63b122310b52301abcb90bf1efe431d4f188633a0268af511954cfd,section.spec_zariski.0006,
formula.spec_zariski.0381,root.cring.spec_zariski,420,formula,inline-dollar,649,649,649,649,,,58f0a480e7f25d82ba33bcf1fccb8efac77578cc91af943c47f094425855db32,58f0a480e7f25d82ba33bcf1fccb8efac77578cc91af943c47f094425855db32,58f0a480e7f25d82ba33bcf1fccb8efac77578cc91af943c47f094425855db32,section.spec_zariski.0006,
theorem.spec_zariski.0013,root.cring.spec_zariski,421,theorem,proposition,652,654,652,654,,,4284cc7c41648a3d63a519a286dd41024b2fe264193a0566ef7f37ee9afe25ed,fbe55282ab68fc0b849641a2c30d14de4e42573cb86bb0c244b832c006f0de6b,,section.spec_zariski.0006,
formula.spec_zariski.0382,root.cring.spec_zariski,422,formula,inline-dollar,653,653,653,653,,,152b6dc149ed4cd9e6c19e7aa5e19aaaa065ac4efbc56d95b1661825ef464d7a,152b6dc149ed4cd9e6c19e7aa5e19aaaa065ac4efbc56d95b1661825ef464d7a,152b6dc149ed4cd9e6c19e7aa5e19aaaa065ac4efbc56d95b1661825ef464d7a,section.spec_zariski.0006,
formula.spec_zariski.0383,root.cring.spec_zariski,423,formula,inline-dollar,657,657,657,657,,,d3ba77f76786d82700e91bd5309fb887c35d864e84de9861775207da671a2fff,d3ba77f76786d82700e91bd5309fb887c35d864e84de9861775207da671a2fff,1e171a34652b180c40298ab124979bf3a6fd8b6c2edaa0cd98ee9ad70e24c98d,section.spec_zariski.0006,
formula.spec_zariski.0384,root.cring.spec_zariski,424,formula,inline-dollar,657,657,657,657,,,77e20b8c0fd244389059c1bf04a3a6e065820ec77fa9ca323d829d6c5b908381,77e20b8c0fd244389059c1bf04a3a6e065820ec77fa9ca323d829d6c5b908381,77e20b8c0fd244389059c1bf04a3a6e065820ec77fa9ca323d829d6c5b908381,section.spec_zariski.0006,
formula.spec_zariski.0385,root.cring.spec_zariski,425,formula,inline-dollar,659,659,659,659,,,152b6dc149ed4cd9e6c19e7aa5e19aaaa065ac4efbc56d95b1661825ef464d7a,152b6dc149ed4cd9e6c19e7aa5e19aaaa065ac4efbc56d95b1661825ef464d7a,152b6dc149ed4cd9e6c19e7aa5e19aaaa065ac4efbc56d95b1661825ef464d7a,section.spec_zariski.0006,
formula.spec_zariski.0386,root.cring.spec_zariski,426,formula,inline-dollar,661,661,661,661,,,8355dc5d3fa56a064d6dff6a0db29fae50ecda9431f81980ddbd05623d16b0f1,8355dc5d3fa56a064d6dff6a0db29fae50ecda9431f81980ddbd05623d16b0f1,ce2126e8354d422283a1ea7ff721f52f14d14a06b16e5b48099ea8210f4a6dba,section.spec_zariski.0006,
formula.spec_zariski.0387,root.cring.spec_zariski,427,formula,inline-dollar,661,661,661,661,,,4a1f941b3c6f426ec08de78c17e2f80f07a8b789701ba6b25126da00fab1231c,4a1f941b3c6f426ec08de78c17e2f80f07a8b789701ba6b25126da00fab1231c,4a1f941b3c6f426ec08de78c17e2f80f07a8b789701ba6b25126da00fab1231c,section.spec_zariski.0006,
formula.spec_zariski.0388,root.cring.spec_zariski,428,formula,display-bracket,662,662,662,662,,,6256164e0edc8aa95fc0e8e1a7316b0747ebe402e86a45949d6a4b7d448cad37,6256164e0edc8aa95fc0e8e1a7316b0747ebe402e86a45949d6a4b7d448cad37,d4d67b6250e500db3ff91e5e69284fbc9d6475f57a2a7e1a4972ea466d1fe09f,section.spec_zariski.0006,
formula.spec_zariski.0389,root.cring.spec_zariski,429,formula,inline-dollar,663,663,663,663,,,6067312198eb0aba0753d7cf92d8fd111b8138418b6322a1f4754316e67afa3a,6067312198eb0aba0753d7cf92d8fd111b8138418b6322a1f4754316e67afa3a,6067312198eb0aba0753d7cf92d8fd111b8138418b6322a1f4754316e67afa3a,section.spec_zariski.0006,
formula.spec_zariski.0390,root.cring.spec_zariski,430,formula,inline-dollar,664,664,664,664,,,97c3833fd0ffd231ed6ae1be5b9f1c04dcc1d4643f3ffb232ed25fee7f75e226,97c3833fd0ffd231ed6ae1be5b9f1c04dcc1d4643f3ffb232ed25fee7f75e226,f116d6cc21ddb9bab0dd71b4530090c78e55965d63f6032d1cca6435c3cd6135,section.spec_zariski.0006,
formula.spec_zariski.0391,root.cring.spec_zariski,431,formula,inline-dollar,665,665,665,665,,,152b6dc149ed4cd9e6c19e7aa5e19aaaa065ac4efbc56d95b1661825ef464d7a,152b6dc149ed4cd9e6c19e7aa5e19aaaa065ac4efbc56d95b1661825ef464d7a,152b6dc149ed4cd9e6c19e7aa5e19aaaa065ac4efbc56d95b1661825ef464d7a,section.spec_zariski.0006,
formula.spec_zariski.0392,root.cring.spec_zariski,432,formula,inline-dollar,665,665,665,665,,,b20bffe0e63b122310b52301abcb90bf1efe431d4f188633a0268af511954cfd,b20bffe0e63b122310b52301abcb90bf1efe431d4f188633a0268af511954cfd,b20bffe0e63b122310b52301abcb90bf1efe431d4f188633a0268af511954cfd,section.spec_zariski.0006,
formula.spec_zariski.0393,root.cring.spec_zariski,433,formula,display-bracket,668,668,668,668,,,ae42895d33b568b89411b855aee3396970d77dd70214bf64b54bbf9c025bf6af,ae42895d33b568b89411b855aee3396970d77dd70214bf64b54bbf9c025bf6af,ff0ef655e8e5affe7fabdbbb414ec3321bb0bcf64c5446565c2a5ddeb1924747,section.spec_zariski.0006,
formula.spec_zariski.0394,root.cring.spec_zariski,434,formula,inline-dollar,674,674,674,674,,,e49ce0e8636e2567e8f35e5ed80521338186efa58296f38842dec65b4fda7e2c,e49ce0e8636e2567e8f35e5ed80521338186efa58296f38842dec65b4fda7e2c,a77d507aa6b30490d2c7df9484a9d2310cec62641d2387709a829290286a9bca,section.spec_zariski.0006,
formula.spec_zariski.0395,root.cring.spec_zariski,435,formula,inline-dollar,677,677,677,677,,,f19d21c4694c5bad3ee6d2a929091ee809a4c79262837027f66b1c4f95ffa1e8,f19d21c4694c5bad3ee6d2a929091ee809a4c79262837027f66b1c4f95ffa1e8,5eebfec9851d30df74f4c8500cb1cde09ddcd6ffd06059b537dc139a43f3a034,section.spec_zariski.0006,
formula.spec_zariski.0396,root.cring.spec_zariski,436,formula,inline-dollar,677,677,677,677,,,04059783893b129d925417c55e95e559c8d4be599ebd2ca55aa2472bc9007f90,04059783893b129d925417c55e95e559c8d4be599ebd2ca55aa2472bc9007f90,04059783893b129d925417c55e95e559c8d4be599ebd2ca55aa2472bc9007f90,section.spec_zariski.0006,
formula.spec_zariski.0397,root.cring.spec_zariski,437,formula,inline-dollar,678,678,678,678,,,60c55026d5c5e5fe855f6b66a35c5beadefe87960f06a8f3c314e283e60f2789,60c55026d5c5e5fe855f6b66a35c5beadefe87960f06a8f3c314e283e60f2789,f95229e8e7795de5a810f406a8d720b3313fb003e9809636b843c81ca7eb6945,section.spec_zariski.0006,
formula.spec_zariski.0398,root.cring.spec_zariski,438,formula,inline-dollar,678,678,678,678,,,54239d6a93a5e0746dbc576f1ed747169fc6ba7201fbc829db2dbc97bc76108c,54239d6a93a5e0746dbc576f1ed747169fc6ba7201fbc829db2dbc97bc76108c,54239d6a93a5e0746dbc576f1ed747169fc6ba7201fbc829db2dbc97bc76108c,section.spec_zariski.0006,
formula.spec_zariski.0399,root.cring.spec_zariski,439,formula,inline-dollar,679,679,679,679,,,1075a6c56cbe3aab2a4fc6aa23edf4b798356b1cc557340b5b24424cc43b884f,1075a6c56cbe3aab2a4fc6aa23edf4b798356b1cc557340b5b24424cc43b884f,1075a6c56cbe3aab2a4fc6aa23edf4b798356b1cc557340b5b24424cc43b884f,section.spec_zariski.0006,
formula.spec_zariski.0400,root.cring.spec_zariski,440,formula,inline-dollar,679,679,679,679,,,7b2a065dfcc808e98a18b7a3e256182caff3915a1ccf08cf12be7538c05de07f,7b2a065dfcc808e98a18b7a3e256182caff3915a1ccf08cf12be7538c05de07f,7b2a065dfcc808e98a18b7a3e256182caff3915a1ccf08cf12be7538c05de07f,section.spec_zariski.0006,
formula.spec_zariski.0401,root.cring.spec_zariski,441,formula,inline-dollar,684,684,684,684,,,a28faf6143663643c867a9e6316c985e9cef6a6ed418572e97343866efcfe288,a28faf6143663643c867a9e6316c985e9cef6a6ed418572e97343866efcfe288,a28faf6143663643c867a9e6316c985e9cef6a6ed418572e97343866efcfe288,section.spec_zariski.0006,
formula.spec_zariski.0402,root.cring.spec_zariski,442,formula,inline-dollar,684,684,684,684,,,70f594ae3ce2015166b52ead6576b5b9a61fb929401ac3adc2b5d7f6d7c6ddfd,70f594ae3ce2015166b52ead6576b5b9a61fb929401ac3adc2b5d7f6d7c6ddfd,3b3be219603c7f0f2c16a8b3949d70e3723c723cd2ef6c5aede7e2284f26bba4,section.spec_zariski.0006,
formula.spec_zariski.0403,root.cring.spec_zariski,443,formula,inline-dollar,684,686,684,686,,,4e6fe5e00ceb318f3c4177dc990e58f0a5856d82046dae2154719878e7398138,4e6fe5e00ceb318f3c4177dc990e58f0a5856d82046dae2154719878e7398138,7577f4dc3cd44c411d3db34faf1a9480499ce14a926c3bb2993754572b4d8234,section.spec_zariski.0006,
formula.spec_zariski.0404,root.cring.spec_zariski,444,formula,inline-dollar,688,688,688,688,,,73adc14679584d6aa9dac5d42bca281c4e6d69c4f8aa2cfba6cbde02c042d2e9,73adc14679584d6aa9dac5d42bca281c4e6d69c4f8aa2cfba6cbde02c042d2e9,73adc14679584d6aa9dac5d42bca281c4e6d69c4f8aa2cfba6cbde02c042d2e9,section.spec_zariski.0006,
definition.spec_zariski.0006,root.cring.spec_zariski,445,definition,definition,690,693,690,693,,,732f94777b051e23fdc6f03b93708c9e9c581cfa104aae28c61d93b6e622774b,56f176f4de3a426d0461e442f2d74efd2c57ee7379137a1dbfcfc35b156c699e,,section.spec_zariski.0006,
formula.spec_zariski.0405,root.cring.spec_zariski,446,formula,inline-dollar,691,691,691,691,,,fdf30f5db1f3424874da244595a2db648c7b056dc537a2b62eb64b4d26d827ef,fdf30f5db1f3424874da244595a2db648c7b056dc537a2b62eb64b4d26d827ef,fdf30f5db1f3424874da244595a2db648c7b056dc537a2b62eb64b4d26d827ef,section.spec_zariski.0006,
formula.spec_zariski.0406,root.cring.spec_zariski,447,formula,inline-dollar,691,691,691,691,,,b20bffe0e63b122310b52301abcb90bf1efe431d4f188633a0268af511954cfd,b20bffe0e63b122310b52301abcb90bf1efe431d4f188633a0268af511954cfd,b20bffe0e63b122310b52301abcb90bf1efe431d4f188633a0268af511954cfd,section.spec_zariski.0006,
formula.spec_zariski.0407,root.cring.spec_zariski,448,formula,inline-dollar,691,691,691,691,,,db07270731fd758ac3420185aaf16ab6df6f5f0658efc8c29debd0ff5264d742,db07270731fd758ac3420185aaf16ab6df6f5f0658efc8c29debd0ff5264d742,db07270731fd758ac3420185aaf16ab6df6f5f0658efc8c29debd0ff5264d742,section.spec_zariski.0006,
formula.spec_zariski.0408,root.cring.spec_zariski,449,formula,inline-dollar,691,691,691,691,,,b3cd1d0ffae96ae637634051866d4f6540fb022f4e3b79ed9d5a0eec92fc5454,b3cd1d0ffae96ae637634051866d4f6540fb022f4e3b79ed9d5a0eec92fc5454,b3cd1d0ffae96ae637634051866d4f6540fb022f4e3b79ed9d5a0eec92fc5454,section.spec_zariski.0006,
formula.spec_zariski.0409,root.cring.spec_zariski,450,formula,inline-dollar,692,692,692,692,,,73adc14679584d6aa9dac5d42bca281c4e6d69c4f8aa2cfba6cbde02c042d2e9,73adc14679584d6aa9dac5d42bca281c4e6d69c4f8aa2cfba6cbde02c042d2e9,73adc14679584d6aa9dac5d42bca281c4e6d69c4f8aa2cfba6cbde02c042d2e9,section.spec_zariski.0006,
formula.spec_zariski.0410,root.cring.spec_zariski,451,formula,inline-dollar,695,695,695,695,,,672c3a2be9f553f7922d3f4a9e7daead02172ca44d3de45f45605fb311c30793,672c3a2be9f553f7922d3f4a9e7daead02172ca44d3de45f45605fb311c30793,f29ab28989d3fbe269ad6d234ff15c91bb4235282c0e238bbbbee0da1a274867,section.spec_zariski.0006,
formula.spec_zariski.0411,root.cring.spec_zariski,452,formula,display-bracket,696,696,696,696,,,9b7de111c996c091206f1008cdd959f976a517ad8295dc4c0368dfa141826265,9b7de111c996c091206f1008cdd959f976a517ad8295dc4c0368dfa141826265,55983f5c31a2f639fd3f799193f42af571aa33410c20466a84351e2f44084de4,section.spec_zariski.0006,
formula.spec_zariski.0412,root.cring.spec_zariski,453,formula,inline-dollar,697,697,697,697,,,fdc6c0c2ae9a56ac0f2ff26ab4abf74a0fcb0ba72619839731e0790d411f086b,fdc6c0c2ae9a56ac0f2ff26ab4abf74a0fcb0ba72619839731e0790d411f086b,bb38d6cf11e6dede151009ba3a6b66870dbb3102d95ca4b861088774cf770085,section.spec_zariski.0006,
formula.spec_zariski.0413,root.cring.spec_zariski,454,formula,inline-dollar,698,698,698,698,,,bbd8d801c994612495350dcfde2672f4ed6efd7f7bdb1e10a6476785fde76ea5,bbd8d801c994612495350dcfde2672f4ed6efd7f7bdb1e10a6476785fde76ea5,bbd8d801c994612495350dcfde2672f4ed6efd7f7bdb1e10a6476785fde76ea5,section.spec_zariski.0006,
theorem.spec_zariski.0014,root.cring.spec_zariski,455,theorem,proposition,700,704,700,704,,,0335f42c1e6e3ec8a85f3edbbf988bf67cb03bd4971990e0789052ade4218100,96d87e32df63ebc378437054eff5fc40101488afebb423968b9ecdc0f60415e0,,section.spec_zariski.0006,
formula.spec_zariski.0414,root.cring.spec_zariski,456,formula,inline-dollar,701,701,701,701,,,878660c40db950d13ee3045093c87e43d63b6d073c258288083bade411efa7fb,878660c40db950d13ee3045093c87e43d63b6d073c258288083bade411efa7fb,bf0dbcf90d66de1b6862f6852118f55d1bd859c4a1087a7749b8f04a4ffaeb58,section.spec_zariski.0006,
formula.spec_zariski.0415,root.cring.spec_zariski,457,formula,inline-dollar,701,703,701,703,,,e27070990c59458d07ea85e4dd6516d5c16db8b1838bddd60778ce07702fd9bd,e27070990c59458d07ea85e4dd6516d5c16db8b1838bddd60778ce07702fd9bd,2471b3bd652747381da3d63aa427777a2f17562ea3ac5b572ea7533f107b8d4b,section.spec_zariski.0006,
formula.spec_zariski.0416,root.cring.spec_zariski,458,formula,inline-dollar,707,707,706,706,,,83aa5e38a90ee087658954bcc41b2a2f69d8daab35303b6b7deedebe78f9e3f0,83aa5e38a90ee087658954bcc41b2a2f69d8daab35303b6b7deedebe78f9e3f0,83aa5e38a90ee087658954bcc41b2a2f69d8daab35303b6b7deedebe78f9e3f0,section.spec_zariski.0006,
formula.spec_zariski.0417,root.cring.spec_zariski,459,formula,inline-dollar,709,709,709,709,,,9f1d249f96a3cf456594553ff04605d18b389f759298292cdafb43ec2ade8d1a,9f1d249f96a3cf456594553ff04605d18b389f759298292cdafb43ec2ade8d1a,83aa5e38a90ee087658954bcc41b2a2f69d8daab35303b6b7deedebe78f9e3f0,section.spec_zariski.0006,
formula.spec_zariski.0418,root.cring.spec_zariski,460,formula,inline-dollar,716,716,716,716,,,83c42921c7e6ad4b28c2ee39dd961fd0b8dcf6a43886eee5539144f2cf45a0d5,83c42921c7e6ad4b28c2ee39dd961fd0b8dcf6a43886eee5539144f2cf45a0d5,75448f78032781492992972cc3050a6cdcec90a15234be1cc6412a70bc3a8e77,section.spec_zariski.0006,
formula.spec_zariski.0419,root.cring.spec_zariski,461,formula,inline-dollar,717,717,717,717,,,152b6dc149ed4cd9e6c19e7aa5e19aaaa065ac4efbc56d95b1661825ef464d7a,152b6dc149ed4cd9e6c19e7aa5e19aaaa065ac4efbc56d95b1661825ef464d7a,152b6dc149ed4cd9e6c19e7aa5e19aaaa065ac4efbc56d95b1661825ef464d7a,section.spec_zariski.0006,
formula.spec_zariski.0420,root.cring.spec_zariski,462,formula,inline-dollar,718,718,718,718,,,fdc6c0c2ae9a56ac0f2ff26ab4abf74a0fcb0ba72619839731e0790d411f086b,fdc6c0c2ae9a56ac0f2ff26ab4abf74a0fcb0ba72619839731e0790d411f086b,bb38d6cf11e6dede151009ba3a6b66870dbb3102d95ca4b861088774cf770085,section.spec_zariski.0006,
formula.spec_zariski.0421,root.cring.spec_zariski,463,formula,inline-dollar,720,720,720,720,,,bbd8d801c994612495350dcfde2672f4ed6efd7f7bdb1e10a6476785fde76ea5,bbd8d801c994612495350dcfde2672f4ed6efd7f7bdb1e10a6476785fde76ea5,bbd8d801c994612495350dcfde2672f4ed6efd7f7bdb1e10a6476785fde76ea5,section.spec_zariski.0006,
formula.spec_zariski.0422,root.cring.spec_zariski,464,formula,inline-dollar,720,720,720,720,,,b20bffe0e63b122310b52301abcb90bf1efe431d4f188633a0268af511954cfd,b20bffe0e63b122310b52301abcb90bf1efe431d4f188633a0268af511954cfd,b20bffe0e63b122310b52301abcb90bf1efe431d4f188633a0268af511954cfd,section.spec_zariski.0006,
formula.spec_zariski.0423,root.cring.spec_zariski,465,formula,inline-dollar,722,722,722,722,,,571978d56d2810bc8f4eb4d5a0718810833e203e1b1b2b1884506df1f82ecaba,571978d56d2810bc8f4eb4d5a0718810833e203e1b1b2b1884506df1f82ecaba,21d700fb367d9d870d0e8c1f74905f3c246c788f59ee3739c0c574d2329e14f3,section.spec_zariski.0006,
formula.spec_zariski.0424,root.cring.spec_zariski,466,formula,inline-dollar,722,722,722,722,,,c2011e709130855ac4bbf7e9ea677890d1aa72b11398e08deb29bce7c3c43361,c2011e709130855ac4bbf7e9ea677890d1aa72b11398e08deb29bce7c3c43361,c2011e709130855ac4bbf7e9ea677890d1aa72b11398e08deb29bce7c3c43361,section.spec_zariski.0006,
formula.spec_zariski.0425,root.cring.spec_zariski,467,formula,inline-dollar,724,724,724,724,,,1075a6c56cbe3aab2a4fc6aa23edf4b798356b1cc557340b5b24424cc43b884f,1075a6c56cbe3aab2a4fc6aa23edf4b798356b1cc557340b5b24424cc43b884f,1075a6c56cbe3aab2a4fc6aa23edf4b798356b1cc557340b5b24424cc43b884f,section.spec_zariski.0006,
formula.spec_zariski.0426,root.cring.spec_zariski,468,formula,inline-dollar,724,724,724,724,,,7913e5866f7aeee1466f454e53ea5bacdb573a803d50a454364bc5cd5b5dbbcc,7913e5866f7aeee1466f454e53ea5bacdb573a803d50a454364bc5cd5b5dbbcc,7913e5866f7aeee1466f454e53ea5bacdb573a803d50a454364bc5cd5b5dbbcc,section.spec_zariski.0006,
formula.spec_zariski.0427,root.cring.spec_zariski,469,formula,inline-dollar,725,725,725,725,,,152b6dc149ed4cd9e6c19e7aa5e19aaaa065ac4efbc56d95b1661825ef464d7a,152b6dc149ed4cd9e6c19e7aa5e19aaaa065ac4efbc56d95b1661825ef464d7a,152b6dc149ed4cd9e6c19e7aa5e19aaaa065ac4efbc56d95b1661825ef464d7a,section.spec_zariski.0006,
formula.spec_zariski.0428,root.cring.spec_zariski,470,formula,inline-dollar,726,726,726,726,,,8ca64e7004dd81a64705186ffbf28ea93c7082b11d2f373ba21cbf3f65a8c6fb,8ca64e7004dd81a64705186ffbf28ea93c7082b11d2f373ba21cbf3f65a8c6fb,57147fe88f9f44effd30feb1bc7f640068b1e832073bc21317ac19a9d1a7e773,section.spec_zariski.0006,
formula.spec_zariski.0429,root.cring.spec_zariski,471,formula,inline-dollar,727,727,727,727,,,b20bffe0e63b122310b52301abcb90bf1efe431d4f188633a0268af511954cfd,b20bffe0e63b122310b52301abcb90bf1efe431d4f188633a0268af511954cfd,b20bffe0e63b122310b52301abcb90bf1efe431d4f188633a0268af511954cfd,section.spec_zariski.0006,
formula.spec_zariski.0430,root.cring.spec_zariski,472,formula,inline-dollar,727,727,727,727,,,df69810eb1568e7d34d8b677a37c5a561782b3062449c095f5aaba190a8bed1a,df69810eb1568e7d34d8b677a37c5a561782b3062449c095f5aaba190a8bed1a,3b9ec073445bef33c3b4ef29dc42cceac01061e6f416d3554c8a2d38008745a4,section.spec_zariski.0006,
formula.spec_zariski.0431,root.cring.spec_zariski,473,formula,inline-dollar,729,729,729,729,,,b3cd1d0ffae96ae637634051866d4f6540fb022f4e3b79ed9d5a0eec92fc5454,b3cd1d0ffae96ae637634051866d4f6540fb022f4e3b79ed9d5a0eec92fc5454,b3cd1d0ffae96ae637634051866d4f6540fb022f4e3b79ed9d5a0eec92fc5454,section.spec_zariski.0006,
formula.spec_zariski.0432,root.cring.spec_zariski,474,formula,inline-dollar,730,730,730,730,,,1075a6c56cbe3aab2a4fc6aa23edf4b798356b1cc557340b5b24424cc43b884f,1075a6c56cbe3aab2a4fc6aa23edf4b798356b1cc557340b5b24424cc43b884f,1075a6c56cbe3aab2a4fc6aa23edf4b798356b1cc557340b5b24424cc43b884f,section.spec_zariski.0006,
formula.spec_zariski.0433,root.cring.spec_zariski,475,formula,inline-dollar,732,732,732,732,,,9089068eb8f761e2ec78d4bbb2d588cdac89dc8ac402796c14e3d75f5b449a1e,9089068eb8f761e2ec78d4bbb2d588cdac89dc8ac402796c14e3d75f5b449a1e,9089068eb8f761e2ec78d4bbb2d588cdac89dc8ac402796c14e3d75f5b449a1e,section.spec_zariski.0006,
formula.spec_zariski.0434,root.cring.spec_zariski,476,formula,display-bracket,733,733,733,733,,,b85b95931a4a471f890c34f035dc117f4027e74bd2cfd80067b0a33b6ee53234,b85b95931a4a471f890c34f035dc117f4027e74bd2cfd80067b0a33b6ee53234,f18d48c2b4c1fc950d0f146c8d27085ed6abad4e9d481a0f96875d8e0d131f11,section.spec_zariski.0006,
formula.spec_zariski.0435,root.cring.spec_zariski,477,formula,inline-dollar,736,736,736,736,,,1075a6c56cbe3aab2a4fc6aa23edf4b798356b1cc557340b5b24424cc43b884f,1075a6c56cbe3aab2a4fc6aa23edf4b798356b1cc557340b5b24424cc43b884f,1075a6c56cbe3aab2a4fc6aa23edf4b798356b1cc557340b5b24424cc43b884f,section.spec_zariski.0006,
formula.spec_zariski.0436,root.cring.spec_zariski,478,formula,inline-dollar,737,737,737,737,,,0afa9eb2d7467c39b9f22a4207deb46a8a916f355442df302656e39b8c3de4ab,0afa9eb2d7467c39b9f22a4207deb46a8a916f355442df302656e39b8c3de4ab,0afa9eb2d7467c39b9f22a4207deb46a8a916f355442df302656e39b8c3de4ab,section.spec_zariski.0006,
formula.spec_zariski.0437,root.cring.spec_zariski,479,formula,inline-dollar,738,739,738,739,,,a5922ff036d148fd33023610cff92bfdf7640eb751e44650ce0a3a0fe02746b8,a5922ff036d148fd33023610cff92bfdf7640eb751e44650ce0a3a0fe02746b8,5293dcdc68ba57d04339368c94e5524b88c4d6f9a71f065587b01d0cb43d30e3,section.spec_zariski.0006,
formula.spec_zariski.0438,root.cring.spec_zariski,480,formula,inline-dollar,739,739,739,739,,,c329bb2acaaa755ce56d76c238427dd78ba8191d57b805d88bdfd30e8b2e15e3,c329bb2acaaa755ce56d76c238427dd78ba8191d57b805d88bdfd30e8b2e15e3,3d34a520087f0804084646697bf212173539f05914ca42d341d6f6d732fc9bc1,section.spec_zariski.0006,
formula.spec_zariski.0439,root.cring.spec_zariski,481,formula,inline-dollar,739,739,739,739,,,bd228e284d802c4f6a57811c2a795c77bb5c8baa067dd8eee2a67366df6df63e,bd228e284d802c4f6a57811c2a795c77bb5c8baa067dd8eee2a67366df6df63e,bd228e284d802c4f6a57811c2a795c77bb5c8baa067dd8eee2a67366df6df63e,section.spec_zariski.0006,
formula.spec_zariski.0440,root.cring.spec_zariski,482,formula,inline-dollar,741,741,741,741,,,754e979969bab3bd680ddf2db7da8c2dc76a36902d6bce6bbbb6ead64551a514,754e979969bab3bd680ddf2db7da8c2dc76a36902d6bce6bbbb6ead64551a514,38f98900b2e07f84c9f4a51f2772cd07e1ea3c2f9044c609398a7d18a0d1033a,section.spec_zariski.0006,
formula.spec_zariski.0441,root.cring.spec_zariski,483,formula,inline-dollar,741,742,741,742,,,7f1149f131a5c091fb2172576779b4ce113eb6c09bc225d175241a3af492310d,7f1149f131a5c091fb2172576779b4ce113eb6c09bc225d175241a3af492310d,3d34a520087f0804084646697bf212173539f05914ca42d341d6f6d732fc9bc1,section.spec_zariski.0006,
formula.spec_zariski.0442,root.cring.spec_zariski,484,formula,inline-dollar,742,743,742,743,,,81418a37979c748c04a5f02cd207f52a070196c48f07054dea79971defc3800a,81418a37979c748c04a5f02cd207f52a070196c48f07054dea79971defc3800a,027ef40d29f21d8423649d4099113ada501c7115e997bc0efb70b91f42a7ce35,section.spec_zariski.0006,
formula.spec_zariski.0443,root.cring.spec_zariski,485,formula,inline-dollar,743,743,743,743,,,ca9b6c0f88626a30548594c6825b8ec61b63e55ec749396fe35ef2996f38625e,ca9b6c0f88626a30548594c6825b8ec61b63e55ec749396fe35ef2996f38625e,e184197f0273e3e507b7633f7b938609d67c3fc677fe6710c843aa46365c9d9a,section.spec_zariski.0006,
formula.spec_zariski.0444,root.cring.spec_zariski,486,formula,inline-dollar,744,744,744,744,,,9089068eb8f761e2ec78d4bbb2d588cdac89dc8ac402796c14e3d75f5b449a1e,9089068eb8f761e2ec78d4bbb2d588cdac89dc8ac402796c14e3d75f5b449a1e,9089068eb8f761e2ec78d4bbb2d588cdac89dc8ac402796c14e3d75f5b449a1e,section.spec_zariski.0006,
formula.spec_zariski.0445,root.cring.spec_zariski,487,formula,display-bracket,746,746,746,746,,,dabb9266d5557a5cff5ab2e8d7b74c04c5b624e8c1b429bcca082c470bbb5a8a,dabb9266d5557a5cff5ab2e8d7b74c04c5b624e8c1b429bcca082c470bbb5a8a,7a2ce548a0ad75db3cc59e613ebe1c2ea89fabf5beb448e765f9fb53685267a2,section.spec_zariski.0006,
formula.spec_zariski.0446,root.cring.spec_zariski,488,formula,inline-dollar,747,747,747,747,,,a04b08c0099a6ab732d521eda3c4eb95eec7ab1f87bff1fd0fb4467bfa9d062d,a04b08c0099a6ab732d521eda3c4eb95eec7ab1f87bff1fd0fb4467bfa9d062d,a04b08c0099a6ab732d521eda3c4eb95eec7ab1f87bff1fd0fb4467bfa9d062d,section.spec_zariski.0006,
formula.spec_zariski.0447,root.cring.spec_zariski,489,formula,inline-dollar,747,749,747,749,,,6a6b3a89d4e9b3fb9655dfc8099ce363d1aba8531803a5845b79561a3278109e,6a6b3a89d4e9b3fb9655dfc8099ce363d1aba8531803a5845b79561a3278109e,6f30d7b799968427fe9b56505b68a5c7f67a3edf535c6c50e5fb82929eed1200,section.spec_zariski.0006,
formula.spec_zariski.0448,root.cring.spec_zariski,490,formula,inline-dollar,749,749,749,749,,,945a95e50f03ee679a36d88a5ff4e3c9c015a2b83b6c16644a444bfbf1038fbc,945a95e50f03ee679a36d88a5ff4e3c9c015a2b83b6c16644a444bfbf1038fbc,c011e33260bf449852e96d400e4a98e01b61ce72cc58e4e0c08ea965c0b3b20d,section.spec_zariski.0006,
formula.spec_zariski.0449,root.cring.spec_zariski,491,formula,inline-dollar,751,751,751,751,,,7e442d6f8b4eedcc21a085cd2590297c1babc59a3a6f770f7bc245fcfaa5c8f2,7e442d6f8b4eedcc21a085cd2590297c1babc59a3a6f770f7bc245fcfaa5c8f2,1a021a11ff48648c011c828e02bff957aa829b8707492b53f994b147a77a3e31,section.spec_zariski.0006,
formula.spec_zariski.0450,root.cring.spec_zariski,492,formula,inline-dollar,752,752,752,752,,,9089068eb8f761e2ec78d4bbb2d588cdac89dc8ac402796c14e3d75f5b449a1e,9089068eb8f761e2ec78d4bbb2d588cdac89dc8ac402796c14e3d75f5b449a1e,9089068eb8f761e2ec78d4bbb2d588cdac89dc8ac402796c14e3d75f5b449a1e,section.spec_zariski.0006,
formula.spec_zariski.0451,root.cring.spec_zariski,493,formula,inline-dollar,752,753,752,753,,,ff5a9f736753762d45bccd7894ff2e206ef88b86b4431a59ebe63a097ce21544,ff5a9f736753762d45bccd7894ff2e206ef88b86b4431a59ebe63a097ce21544,8a5d4ef53c268aeb8ce0c7743a3dc28c13fb3c91fca6cfb7c42308e450f6ea05,section.spec_zariski.0006,
formula.spec_zariski.0452,root.cring.spec_zariski,494,formula,inline-dollar,755,755,755,755,,,9089068eb8f761e2ec78d4bbb2d588cdac89dc8ac402796c14e3d75f5b449a1e,9089068eb8f761e2ec78d4bbb2d588cdac89dc8ac402796c14e3d75f5b449a1e,9089068eb8f761e2ec78d4bbb2d588cdac89dc8ac402796c14e3d75f5b449a1e,section.spec_zariski.0006,
formula.spec_zariski.0453,root.cring.spec_zariski,495,formula,inline-dollar,756,756,756,756,,,1075a6c56cbe3aab2a4fc6aa23edf4b798356b1cc557340b5b24424cc43b884f,1075a6c56cbe3aab2a4fc6aa23edf4b798356b1cc557340b5b24424cc43b884f,1075a6c56cbe3aab2a4fc6aa23edf4b798356b1cc557340b5b24424cc43b884f,section.spec_zariski.0006,
formula.spec_zariski.0454,root.cring.spec_zariski,496,formula,inline-dollar,757,757,757,757,,,caebcedc719fe4f67171ad9b118a309e7765efa3a307cb5dc379e82bc17b7b40,caebcedc719fe4f67171ad9b118a309e7765efa3a307cb5dc379e82bc17b7b40,fc60cfbdd3fbbdf633b854428a7f086cc44a5afbe4a70b1abd8cadc13ed88bee,section.spec_zariski.0006,
formula.spec_zariski.0455,root.cring.spec_zariski,497,formula,inline-dollar,757,757,757,757,,,ea7b838821b941e168054abc0c69fd4d43a7bb4187beaaeb81de32ac74cdb1bc,ea7b838821b941e168054abc0c69fd4d43a7bb4187beaaeb81de32ac74cdb1bc,ea7b838821b941e168054abc0c69fd4d43a7bb4187beaaeb81de32ac74cdb1bc,section.spec_zariski.0006,
formula.spec_zariski.0456,root.cring.spec_zariski,498,formula,inline-dollar,758,758,758,758,,,9089068eb8f761e2ec78d4bbb2d588cdac89dc8ac402796c14e3d75f5b449a1e,9089068eb8f761e2ec78d4bbb2d588cdac89dc8ac402796c14e3d75f5b449a1e,9089068eb8f761e2ec78d4bbb2d588cdac89dc8ac402796c14e3d75f5b449a1e,section.spec_zariski.0006,
formula.spec_zariski.0457,root.cring.spec_zariski,499,formula,inline-dollar,758,758,758,758,,,ca9b6c0f88626a30548594c6825b8ec61b63e55ec749396fe35ef2996f38625e,ca9b6c0f88626a30548594c6825b8ec61b63e55ec749396fe35ef2996f38625e,e184197f0273e3e507b7633f7b938609d67c3fc677fe6710c843aa46365c9d9a,section.spec_zariski.0006,
formula.spec_zariski.0458,root.cring.spec_zariski,500,formula,inline-dollar,759,759,759,759,,,83c42921c7e6ad4b28c2ee39dd961fd0b8dcf6a43886eee5539144f2cf45a0d5,83c42921c7e6ad4b28c2ee39dd961fd0b8dcf6a43886eee5539144f2cf45a0d5,75448f78032781492992972cc3050a6cdcec90a15234be1cc6412a70bc3a8e77,section.spec_zariski.0006,
formula.spec_zariski.0459,root.cring.spec_zariski,501,formula,inline-dollar,761,761,761,761,,,f02778da66c68cfcf5b7739871af332217e84339ce748716ba633bd52f6c5ae6,f02778da66c68cfcf5b7739871af332217e84339ce748716ba633bd52f6c5ae6,55f46a0b7267ac45402e31d07abe43846f65ef263179af2ccd8a60dea995659f,section.spec_zariski.0006,
formula.spec_zariski.0460,root.cring.spec_zariski,502,formula,inline-dollar,764,764,764,764,,,de21ce0a77827105601d10bc7f5b64d854a8e2ce6879692a7943d547b87984fa,de21ce0a77827105601d10bc7f5b64d854a8e2ce6879692a7943d547b87984fa,c00650a40085bc6b8b7e7441da6de505a658398750cec34a7a1f03305c7cb408,section.spec_zariski.0006,
formula.spec_zariski.0461,root.cring.spec_zariski,503,formula,inline-dollar,766,766,766,766,,,6608ef8c86a276d8f6ee243732104f51040a2d2db5d5d530d29acd3b65457fb4,6608ef8c86a276d8f6ee243732104f51040a2d2db5d5d530d29acd3b65457fb4,1cac7743671a4266fc7612f0ddfd998c49d5f1d35c6e188b4f647593002b5a7f,section.spec_zariski.0006,
formula.spec_zariski.0462,root.cring.spec_zariski,504,formula,inline-dollar,766,767,766,767,,,4d6492729610f0e456d472679cb871fd460f283cf1c21da721ba642c03745601,4d6492729610f0e456d472679cb871fd460f283cf1c21da721ba642c03745601,87ac07e5964117b803a92387dfd19ae1ca61c2ec6d019a946ebcdd02f260666c,section.spec_zariski.0006,
formula.spec_zariski.0463,root.cring.spec_zariski,505,formula,inline-dollar,767,768,767,768,,,79f3a93446df00b2248bf6503365cdd108050921586bcb70f38b2ddafabdb3d8,79f3a93446df00b2248bf6503365cdd108050921586bcb70f38b2ddafabdb3d8,1ac5d2c35017468dcd7317aae184fea6e865369c3abf20a97a542153d938eb43,section.spec_zariski.0006,
formula.spec_zariski.0464,root.cring.spec_zariski,506,formula,inline-dollar,769,770,769,770,,,9a8249d0143556a84bf3e1fdf126df6c5ce82c142d735f22059a2f232dc2fdb0,9a8249d0143556a84bf3e1fdf126df6c5ce82c142d735f22059a2f232dc2fdb0,8c78e2b2ecc573a835b3a026473095ce1ecfd443079dd3737f9bcd8df91b575d,section.spec_zariski.0006,
formula.spec_zariski.0465,root.cring.spec_zariski,507,formula,inline-dollar,771,771,771,771,,,8701cb5862ebb9e016570ea165e3513fdf62b9f567e09b0ce832ed9a8b18446a,8701cb5862ebb9e016570ea165e3513fdf62b9f567e09b0ce832ed9a8b18446a,b6359af80777e46d4a1ee1e3903e801eafe09a6baf4b5eb6d0b25b2b299fefcb,section.spec_zariski.0006,
formula.spec_zariski.0466,root.cring.spec_zariski,508,formula,inline-dollar,773,773,773,773,,,1075a6c56cbe3aab2a4fc6aa23edf4b798356b1cc557340b5b24424cc43b884f,1075a6c56cbe3aab2a4fc6aa23edf4b798356b1cc557340b5b24424cc43b884f,1075a6c56cbe3aab2a4fc6aa23edf4b798356b1cc557340b5b24424cc43b884f,section.spec_zariski.0006,
formula.spec_zariski.0467,root.cring.spec_zariski,509,formula,inline-dollar,773,773,773,773,,,4fad28e298e739f9bfb112d0bae17d40420fff66b3a15ff7aa0c031d6284e820,4fad28e298e739f9bfb112d0bae17d40420fff66b3a15ff7aa0c031d6284e820,4fad28e298e739f9bfb112d0bae17d40420fff66b3a15ff7aa0c031d6284e820,section.spec_zariski.0006,
formula.spec_zariski.0468,root.cring.spec_zariski,510,formula,inline-dollar,776,776,776,776,,,6406de1c88bf2e0c2ee75efb841fdf782ae3609ba6939769cb5f62c951c1b829,6406de1c88bf2e0c2ee75efb841fdf782ae3609ba6939769cb5f62c951c1b829,f563d16fd18b951be52a227d1d593d0627f5995aa328628485ae2ba71c6f8a2f,section.spec_zariski.0006,
formula.spec_zariski.0469,root.cring.spec_zariski,511,formula,inline-dollar,784,784,784,784,,,b3d61ceb484cdc9d5880a9909a168115a1e8619dfb877a776cf6c2db6e67725c,b3d61ceb484cdc9d5880a9909a168115a1e8619dfb877a776cf6c2db6e67725c,d03e02a91fad30927d4b8a7846246134dd4388bb7fe7f82cae97eb4b22f2ef67,section.spec_zariski.0006,
formula.spec_zariski.0470,root.cring.spec_zariski,512,formula,inline-dollar,784,786,784,786,,,63477d833c50b211012a80439dfc1d7dd7de82b9f74310ee854a28e806de57eb,63477d833c50b211012a80439dfc1d7dd7de82b9f74310ee854a28e806de57eb,16cc0b6c89d2c44c159c4b43a20ebe04833e4ca41b0cfef4523a941fbd05740c,section.spec_zariski.0006,
formula.spec_zariski.0471,root.cring.spec_zariski,513,formula,inline-dollar,786,786,786,786,,,38b4072d6e1e6233892c43e85d1f5dfe25843ae78e541310f02d506600e15a2a,38b4072d6e1e6233892c43e85d1f5dfe25843ae78e541310f02d506600e15a2a,38b4072d6e1e6233892c43e85d1f5dfe25843ae78e541310f02d506600e15a2a,section.spec_zariski.0006,
formula.spec_zariski.0472,root.cring.spec_zariski,514,formula,display-bracket,790,790,790,790,,,8ff747125d20756b81c60c2cbfc4ae16f90dcd9c0d28a0249a9c1af836b830a3,8ff747125d20756b81c60c2cbfc4ae16f90dcd9c0d28a0249a9c1af836b830a3,5ccda9188417b2d9a83eee9c529b7d351a7c1112ad8d2771f7fc085172dc7d97,section.spec_zariski.0006,
formula.spec_zariski.0473,root.cring.spec_zariski,515,formula,inline-dollar,791,791,791,791,,,1075a6c56cbe3aab2a4fc6aa23edf4b798356b1cc557340b5b24424cc43b884f,1075a6c56cbe3aab2a4fc6aa23edf4b798356b1cc557340b5b24424cc43b884f,1075a6c56cbe3aab2a4fc6aa23edf4b798356b1cc557340b5b24424cc43b884f,section.spec_zariski.0006,
formula.spec_zariski.0474,root.cring.spec_zariski,516,formula,inline-dollar,791,791,791,791,,,d3adeac1d9de8d91c279fb91e3af41c7c67ed78f147449003463d33bed683b74,d3adeac1d9de8d91c279fb91e3af41c7c67ed78f147449003463d33bed683b74,d3adeac1d9de8d91c279fb91e3af41c7c67ed78f147449003463d33bed683b74,section.spec_zariski.0006,
formula.spec_zariski.0475,root.cring.spec_zariski,517,formula,inline-dollar,793,793,793,793,,,1075a6c56cbe3aab2a4fc6aa23edf4b798356b1cc557340b5b24424cc43b884f,1075a6c56cbe3aab2a4fc6aa23edf4b798356b1cc557340b5b24424cc43b884f,1075a6c56cbe3aab2a4fc6aa23edf4b798356b1cc557340b5b24424cc43b884f,section.spec_zariski.0006,
formula.spec_zariski.0476,root.cring.spec_zariski,518,formula,inline-dollar,793,793,793,793,,,ae5c1daa0c9fefcc396d1e075b2eda38499c1847ae67d3859f8c03ffe2a5c646,ae5c1daa0c9fefcc396d1e075b2eda38499c1847ae67d3859f8c03ffe2a5c646,ae5c1daa0c9fefcc396d1e075b2eda38499c1847ae67d3859f8c03ffe2a5c646,section.spec_zariski.0006,
formula.spec_zariski.0477,root.cring.spec_zariski,519,formula,inline-dollar,794,794,794,794,,,1075a6c56cbe3aab2a4fc6aa23edf4b798356b1cc557340b5b24424cc43b884f,1075a6c56cbe3aab2a4fc6aa23edf4b798356b1cc557340b5b24424cc43b884f,1075a6c56cbe3aab2a4fc6aa23edf4b798356b1cc557340b5b24424cc43b884f,section.spec_zariski.0006,
formula.spec_zariski.0478,root.cring.spec_zariski,520,formula,inline-dollar,795,795,795,795,,,aeb5190afc9eb0911553980377a12e73da455253f2c8e1611a15d272acc8624f,aeb5190afc9eb0911553980377a12e73da455253f2c8e1611a15d272acc8624f,aeb5190afc9eb0911553980377a12e73da455253f2c8e1611a15d272acc8624f,section.spec_zariski.0006,
formula.spec_zariski.0479,root.cring.spec_zariski,521,formula,inline-dollar,795,795,795,795,,,75f600ef2a8256904347e39cd3c1575c90ccdf5a0b896d4f809493eba96838e3,75f600ef2a8256904347e39cd3c1575c90ccdf5a0b896d4f809493eba96838e3,75f600ef2a8256904347e39cd3c1575c90ccdf5a0b896d4f809493eba96838e3,section.spec_zariski.0006,
formula.spec_zariski.0480,root.cring.spec_zariski,522,formula,inline-dollar,796,796,796,796,,,bda7c2b2b93dc0713d9b98dead52aa4a00e53db4c562cc795b14f9cf7c51a523,bda7c2b2b93dc0713d9b98dead52aa4a00e53db4c562cc795b14f9cf7c51a523,bda7c2b2b93dc0713d9b98dead52aa4a00e53db4c562cc795b14f9cf7c51a523,section.spec_zariski.0006,
formula.spec_zariski.0481,root.cring.spec_zariski,523,formula,inline-dollar,797,797,797,797,,,5074bdd69f0bad66942d73ed2710ff2f19c50c7c3ab06737d5a0226537390b51,5074bdd69f0bad66942d73ed2710ff2f19c50c7c3ab06737d5a0226537390b51,5074bdd69f0bad66942d73ed2710ff2f19c50c7c3ab06737d5a0226537390b51,section.spec_zariski.0006,
formula.spec_zariski.0482,root.cring.spec_zariski,524,formula,inline-dollar,801,802,801,802,,,6ff1799acc2be20ba574e0f0c81027c934e840206fa51e092136882c491c344a,6ff1799acc2be20ba574e0f0c81027c934e840206fa51e092136882c491c344a,eafc4ce460e87ff5e79d9bd3f434b0e820de6c41a6709a4e288e0b7a28cb9f79,section.spec_zariski.0006,
formula.spec_zariski.0483,root.cring.spec_zariski,525,formula,inline-dollar,803,803,803,803,,,57fb159f3feb6521fccb1581a71cb4ac10799321251138630546524939709d53,57fb159f3feb6521fccb1581a71cb4ac10799321251138630546524939709d53,b0327c3b593efa6fe4dff18a9679b61227f44c46721feb4838d52038fd4665c0,section.spec_zariski.0006,
formula.spec_zariski.0484,root.cring.spec_zariski,526,formula,inline-dollar,804,804,804,804,,,ae5c1daa0c9fefcc396d1e075b2eda38499c1847ae67d3859f8c03ffe2a5c646,ae5c1daa0c9fefcc396d1e075b2eda38499c1847ae67d3859f8c03ffe2a5c646,ae5c1daa0c9fefcc396d1e075b2eda38499c1847ae67d3859f8c03ffe2a5c646,section.spec_zariski.0006,
formula.spec_zariski.0485,root.cring.spec_zariski,527,formula,inline-dollar,805,805,805,805,,,1075a6c56cbe3aab2a4fc6aa23edf4b798356b1cc557340b5b24424cc43b884f,1075a6c56cbe3aab2a4fc6aa23edf4b798356b1cc557340b5b24424cc43b884f,1075a6c56cbe3aab2a4fc6aa23edf4b798356b1cc557340b5b24424cc43b884f,section.spec_zariski.0006,
formula.spec_zariski.0486,root.cring.spec_zariski,528,formula,inline-dollar,806,807,806,807,,,bf71942bd637dedca237b629e2f456e3279e13e45da5d6d01f3c1f748cbea716,bf71942bd637dedca237b629e2f456e3279e13e45da5d6d01f3c1f748cbea716,010c3024996eaac381ce1cf8d73299b4788d503407a7a8d883ffca13f370c139,section.spec_zariski.0006,
formula.spec_zariski.0487,root.cring.spec_zariski,529,formula,inline-dollar,807,807,807,807,,,549b06bc5c957fa713974a06f74aae6d48a96e794c134e91d456751b3efa5e22,549b06bc5c957fa713974a06f74aae6d48a96e794c134e91d456751b3efa5e22,8fef7619d4126a7d7ec3423599d219313862f4de877b5152f98765f860a9edcc,section.spec_zariski.0006,
formula.spec_zariski.0488,root.cring.spec_zariski,530,formula,inline-dollar,808,808,808,808,,,8f7bed17ac0641c07da53d902f8ddb08b480e2172f582b56bd30d93d7536a94a,8f7bed17ac0641c07da53d902f8ddb08b480e2172f582b56bd30d93d7536a94a,8f7bed17ac0641c07da53d902f8ddb08b480e2172f582b56bd30d93d7536a94a,section.spec_zariski.0006,
formula.spec_zariski.0489,root.cring.spec_zariski,531,formula,display-bracket,810,810,810,810,,,8b52deaea54ab06f4fa9da787fc5ae90f50dbb6f33da575121a07bcc43173370,8b52deaea54ab06f4fa9da787fc5ae90f50dbb6f33da575121a07bcc43173370,861593ea1c4091de2c4fb7496c6a5115bb4b8fc13924646a021b969f1ad3d4af,section.spec_zariski.0006,
formula.spec_zariski.0490,root.cring.spec_zariski,532,formula,inline-dollar,811,811,811,811,,,9430e75b64126f66b2e711c3f2bed9d40997701ea59b161d757e88a74a2b9a96,9430e75b64126f66b2e711c3f2bed9d40997701ea59b161d757e88a74a2b9a96,2768f74b8026dda1b5bd7d05c8241f0f089612ebac9230424f09cde1d224196f,section.spec_zariski.0006,
formula.spec_zariski.0491,root.cring.spec_zariski,533,formula,inline-dollar,815,815,815,815,,,c637d883fd1fa3bab98996eda143c70a4b0ba2604e5295379dafa9c163ab907b,c637d883fd1fa3bab98996eda143c70a4b0ba2604e5295379dafa9c163ab907b,622bbcdd1d46ce21f94cd41125130a26aa4ed31bf08a74c6d9d6c48b84418a9c,section.spec_zariski.0006,
formula.spec_zariski.0492,root.cring.spec_zariski,534,formula,inline-dollar,815,815,815,815,,,b20bffe0e63b122310b52301abcb90bf1efe431d4f188633a0268af511954cfd,b20bffe0e63b122310b52301abcb90bf1efe431d4f188633a0268af511954cfd,b20bffe0e63b122310b52301abcb90bf1efe431d4f188633a0268af511954cfd,section.spec_zariski.0006,
formula.spec_zariski.0493,root.cring.spec_zariski,535,formula,inline-dollar,817,817,817,817,,,c637d883fd1fa3bab98996eda143c70a4b0ba2604e5295379dafa9c163ab907b,c637d883fd1fa3bab98996eda143c70a4b0ba2604e5295379dafa9c163ab907b,622bbcdd1d46ce21f94cd41125130a26aa4ed31bf08a74c6d9d6c48b84418a9c,section.spec_zariski.0006,
formula.spec_zariski.0494,root.cring.spec_zariski,536,formula,inline-dollar,817,817,817,817,,,152b6dc149ed4cd9e6c19e7aa5e19aaaa065ac4efbc56d95b1661825ef464d7a,152b6dc149ed4cd9e6c19e7aa5e19aaaa065ac4efbc56d95b1661825ef464d7a,152b6dc149ed4cd9e6c19e7aa5e19aaaa065ac4efbc56d95b1661825ef464d7a,section.spec_zariski.0006,
formula.spec_zariski.0495,root.cring.spec_zariski,537,formula,inline-dollar,818,818,818,818,,,b20bffe0e63b122310b52301abcb90bf1efe431d4f188633a0268af511954cfd,b20bffe0e63b122310b52301abcb90bf1efe431d4f188633a0268af511954cfd,b20bffe0e63b122310b52301abcb90bf1efe431d4f188633a0268af511954cfd,section.spec_zariski.0006,
remark.spec_zariski.0002,root.cring.spec_zariski,538,remark,remark,823,857,823,857,,,d33c7b46e94903c2be38dbc1d0f7b2fe67ede1dbb1e2142e98f843db8a099d2b,4def4752d26d4bf27b68285b73921ad3c573cef89bef7480efe3f3ab28fd170c,,section.spec_zariski.0006,
formula.spec_zariski.0496,root.cring.spec_zariski,539,formula,inline-dollar,824,824,824,824,,,476de28c32a0e8987c5e36cd41952c917042c40f73e2b68edd5dafeeed0d1711,476de28c32a0e8987c5e36cd41952c917042c40f73e2b68edd5dafeeed0d1711,193540b97e22b30ec81d51cd9afaa9fe82eb704f27f8ecbac1cd645c71ddbb68,section.spec_zariski.0006,
formula.spec_zariski.0497,root.cring.spec_zariski,540,formula,inline-dollar,826,826,826,826,,,73adc14679584d6aa9dac5d42bca281c4e6d69c4f8aa2cfba6cbde02c042d2e9,73adc14679584d6aa9dac5d42bca281c4e6d69c4f8aa2cfba6cbde02c042d2e9,73adc14679584d6aa9dac5d42bca281c4e6d69c4f8aa2cfba6cbde02c042d2e9,section.spec_zariski.0006,
formula.spec_zariski.0498,root.cring.spec_zariski,541,formula,inline-dollar,826,827,826,827,,,91a42b459581fc0503e6b80e194df3dcad0dce65c18e7731ee20b79bd8bd2639,91a42b459581fc0503e6b80e194df3dcad0dce65c18e7731ee20b79bd8bd2639,da06b864d5c37975a7737f32bdd77afa4c5bb6961892603a9e41312376978f3c,section.spec_zariski.0006,
formula.spec_zariski.0499,root.cring.spec_zariski,542,formula,inline-parenthesis,829,829,829,829,,,516fd95a0775e956b72bb0ea3f424548f26146632952608de369139edf35d138,516fd95a0775e956b72bb0ea3f424548f26146632952608de369139edf35d138,54e29cee5fb3b0eb1fe90051e5be1d41b8e6b1335d80d3ff859d55fc256a9001,section.spec_zariski.0006,
formula.spec_zariski.0500,root.cring.spec_zariski,543,formula,inline-dollar,830,830,830,830,,,73adc14679584d6aa9dac5d42bca281c4e6d69c4f8aa2cfba6cbde02c042d2e9,73adc14679584d6aa9dac5d42bca281c4e6d69c4f8aa2cfba6cbde02c042d2e9,73adc14679584d6aa9dac5d42bca281c4e6d69c4f8aa2cfba6cbde02c042d2e9,section.spec_zariski.0006,
formula.spec_zariski.0501,root.cring.spec_zariski,544,formula,display-bracket,831,831,831,831,,,7b8ebf1a155c57fcf5acdc79a10bef55a6ddafec7306ee93b418ecd886b82ad6,7b8ebf1a155c57fcf5acdc79a10bef55a6ddafec7306ee93b418ecd886b82ad6,f68006332580e126d564ce7dc7a7e0619995487f84cf54d49af7b4313bd36c40,section.spec_zariski.0006,
formula.spec_zariski.0502,root.cring.spec_zariski,545,formula,inline-dollar,834,834,834,834,,,dd962d0965a4fcfb4b68f403faf939a49573f287bce479375134c7fb302e9679,dd962d0965a4fcfb4b68f403faf939a49573f287bce479375134c7fb302e9679,bc28a10382fa2404bf4d2ff2d2c6f2dd2d30c573bb69f7cd9e317fcc668b4353,section.spec_zariski.0006,
formula.spec_zariski.0503,root.cring.spec_zariski,546,formula,inline-dollar,835,835,835,835,,,1075a6c56cbe3aab2a4fc6aa23edf4b798356b1cc557340b5b24424cc43b884f,1075a6c56cbe3aab2a4fc6aa23edf4b798356b1cc557340b5b24424cc43b884f,1075a6c56cbe3aab2a4fc6aa23edf4b798356b1cc557340b5b24424cc43b884f,section.spec_zariski.0006,
formula.spec_zariski.0504,root.cring.spec_zariski,547,formula,inline-dollar,836,836,836,836,,,a28faf6143663643c867a9e6316c985e9cef6a6ed418572e97343866efcfe288,a28faf6143663643c867a9e6316c985e9cef6a6ed418572e97343866efcfe288,a28faf6143663643c867a9e6316c985e9cef6a6ed418572e97343866efcfe288,section.spec_zariski.0006,
formula.spec_zariski.0505,root.cring.spec_zariski,548,formula,inline-dollar,836,837,836,837,,,afef7d936d78669d16c6617dd56f274fbcd633f3474e5ca127148e42d9d3f3c3,afef7d936d78669d16c6617dd56f274fbcd633f3474e5ca127148e42d9d3f3c3,44e6fff74773a123fd2509abfa44a84d6dfe163cb200853329bb286b650ba162,section.spec_zariski.0006,
formula.spec_zariski.0506,root.cring.spec_zariski,549,formula,inline-dollar,837,837,837,837,,,34cfc380649cb36db58c2f0c00429c5a571a30d321b6291fbf308a68c243ce43,34cfc380649cb36db58c2f0c00429c5a571a30d321b6291fbf308a68c243ce43,34cfc380649cb36db58c2f0c00429c5a571a30d321b6291fbf308a68c243ce43,section.spec_zariski.0006,
formula.spec_zariski.0507,root.cring.spec_zariski,550,formula,inline-dollar,839,839,839,839,,,3306c913d3877a92f8ba7ed3cd8bbaf9d1bfc2ebe479b9c6898ef5f8a02765fe,3306c913d3877a92f8ba7ed3cd8bbaf9d1bfc2ebe479b9c6898ef5f8a02765fe,fda18b47b276db7bbb8fe849b877766e9b96a3681d3e9deedfab4b17e5162f42,section.spec_zariski.0006,
formula.spec_zariski.0508,root.cring.spec_zariski,551,formula,inline-dollar,839,840,839,840,,,a4523bb54cf66a641c780ed2fa40efed1616f1636400c894537fa3db0121c7b0,a4523bb54cf66a641c780ed2fa40efed1616f1636400c894537fa3db0121c7b0,3932399e4c1ef5feeb3d4a2e05addbe97738f8703726df3e6f70e1b6e2f34fa7,section.spec_zariski.0006,
formula.spec_zariski.0509,root.cring.spec_zariski,552,formula,display-bracket,842,844,842,844,,,49ae544811e4d697810cc8ec4a5a983ed933cbbf9a22794db95e03f73d5327eb,49ae544811e4d697810cc8ec4a5a983ed933cbbf9a22794db95e03f73d5327eb,55bde7a58a4c0ee9a48145330e7718e89975690a176addf26e575bd358c7b582,section.spec_zariski.0006,
formula.spec_zariski.0510,root.cring.spec_zariski,553,formula,inline-dollar,847,847,847,847,,,1075a6c56cbe3aab2a4fc6aa23edf4b798356b1cc557340b5b24424cc43b884f,1075a6c56cbe3aab2a4fc6aa23edf4b798356b1cc557340b5b24424cc43b884f,1075a6c56cbe3aab2a4fc6aa23edf4b798356b1cc557340b5b24424cc43b884f,section.spec_zariski.0006,
formula.spec_zariski.0511,root.cring.spec_zariski,554,formula,inline-dollar,850,850,850,850,,,4b3a3957fe798c63f8ead9278db63bed0f89d2a5198427af683f8fb5b01c91bc,4b3a3957fe798c63f8ead9278db63bed0f89d2a5198427af683f8fb5b01c91bc,edda7e2fc0b818db13205c6fe12b1df0d4a12dc30d330c3506566a93013bde62,section.spec_zariski.0006,
formula.spec_zariski.0512,root.cring.spec_zariski,555,formula,inline-dollar,852,852,852,852,,,c637d883fd1fa3bab98996eda143c70a4b0ba2604e5295379dafa9c163ab907b,c637d883fd1fa3bab98996eda143c70a4b0ba2604e5295379dafa9c163ab907b,622bbcdd1d46ce21f94cd41125130a26aa4ed31bf08a74c6d9d6c48b84418a9c,section.spec_zariski.0006,
formula.spec_zariski.0513,root.cring.spec_zariski,556,formula,inline-dollar,854,854,854,854,,,1075a6c56cbe3aab2a4fc6aa23edf4b798356b1cc557340b5b24424cc43b884f,1075a6c56cbe3aab2a4fc6aa23edf4b798356b1cc557340b5b24424cc43b884f,1075a6c56cbe3aab2a4fc6aa23edf4b798356b1cc557340b5b24424cc43b884f,section.spec_zariski.0006,
exercise.spec_zariski.0008,root.cring.spec_zariski,557,exercise,exercise,858,870,858,870,,,61c3914cb736e248051404e091fa53d8c3b7a68fecdbc6ca0516d2816f4e6e8b,18c096ab586be5e47cd9d19f53df94eec0f2649ee0f789a68dabd7489c9cdc66,,section.spec_zariski.0006,label.spec_zariski.0009
formula.spec_zariski.0514,root.cring.spec_zariski,558,formula,inline-dollar,859,859,859,859,,,a28faf6143663643c867a9e6316c985e9cef6a6ed418572e97343866efcfe288,a28faf6143663643c867a9e6316c985e9cef6a6ed418572e97343866efcfe288,a28faf6143663643c867a9e6316c985e9cef6a6ed418572e97343866efcfe288,section.spec_zariski.0006,
formula.spec_zariski.0515,root.cring.spec_zariski,559,formula,inline-dollar,860,860,860,860,,,5ee774f13b853f2eb05957eca73de4f6c7fbb961e7986ba000125c8401d9ec1d,5ee774f13b853f2eb05957eca73de4f6c7fbb961e7986ba000125c8401d9ec1d,5ee774f13b853f2eb05957eca73de4f6c7fbb961e7986ba000125c8401d9ec1d,section.spec_zariski.0006,
formula.spec_zariski.0516,root.cring.spec_zariski,560,formula,inline-dollar,860,860,860,860,,,1382ffb7f8445930a4e6a527b0c3a2728e556a87cd84cbc84298941cac73f7ec,1382ffb7f8445930a4e6a527b0c3a2728e556a87cd84cbc84298941cac73f7ec,207a65139f3d53a1330e2279b34d82c46e7d421c072a3c9e99e5daa527c8faad,section.spec_zariski.0006,
formula.spec_zariski.0517,root.cring.spec_zariski,561,formula,inline-dollar,861,861,861,861,,,87afe33b9083709dfcd9f09a5572300119fa25ac586b3d495f18d5a3c4b0f029,87afe33b9083709dfcd9f09a5572300119fa25ac586b3d495f18d5a3c4b0f029,05170ed4c805a022dbd9b253f54344e015009b653126bd2a344f3ef5701fdb1e,section.spec_zariski.0006,
formula.spec_zariski.0518,root.cring.spec_zariski,562,formula,inline-dollar,863,863,863,863,,,d7f97209a5b5eb6067a4c3a51bd47a238d6d6cef333556cdba00c6f0a0a25383,d7f97209a5b5eb6067a4c3a51bd47a238d6d6cef333556cdba00c6f0a0a25383,ca02f010483e0ad40bd277251ddad985b1792765612ce103c970c7c20fac59a5,section.spec_zariski.0006,
formula.spec_zariski.0519,root.cring.spec_zariski,563,formula,inline-dollar,864,864,864,864,,,a28faf6143663643c867a9e6316c985e9cef6a6ed418572e97343866efcfe288,a28faf6143663643c867a9e6316c985e9cef6a6ed418572e97343866efcfe288,a28faf6143663643c867a9e6316c985e9cef6a6ed418572e97343866efcfe288,section.spec_zariski.0006,
formula.spec_zariski.0520,root.cring.spec_zariski,564,formula,inline-dollar,864,864,864,864,,,bc1ec8b05315907bf3051d9433ef70ea6811a7f5cde0124bc4b1fb27f4640c26,bc1ec8b05315907bf3051d9433ef70ea6811a7f5cde0124bc4b1fb27f4640c26,bc1ec8b05315907bf3051d9433ef70ea6811a7f5cde0124bc4b1fb27f4640c26,section.spec_zariski.0006,
formula.spec_zariski.0521,root.cring.spec_zariski,565,formula,inline-dollar,868,868,868,868,,,916ca0a75c2f4818abaae09e58231582699230f840a056e543a71234c3e6d074,916ca0a75c2f4818abaae09e58231582699230f840a056e543a71234c3e6d074,916ca0a75c2f4818abaae09e58231582699230f840a056e543a71234c3e6d074,section.spec_zariski.0006,
formula.spec_zariski.0522,root.cring.spec_zariski,566,formula,inline-dollar,868,868,868,868,,,a28faf6143663643c867a9e6316c985e9cef6a6ed418572e97343866efcfe288,a28faf6143663643c867a9e6316c985e9cef6a6ed418572e97343866efcfe288,a28faf6143663643c867a9e6316c985e9cef6a6ed418572e97343866efcfe288,section.spec_zariski.0006,
formula.spec_zariski.0523,root.cring.spec_zariski,567,formula,inline-dollar,868,869,868,869,,,02af35d7c8c31bd3ea9b75ca9e17d20984027a9b7a88549fb70fd974799ba97c,02af35d7c8c31bd3ea9b75ca9e17d20984027a9b7a88549fb70fd974799ba97c,ebbbc821fa97f9908000910fb7860e4fcab0bd3082cf6f5cd39797c7259faf6b,section.spec_zariski.0006,
definition.spec_zariski.0007,root.cring.spec_zariski,568,definition,definition,872,876,872,876,,,1654429f6bc904934488346e333519cb6677117643774903cc6393c18f67827a,c23b0eb1e472a0787bf5b28e80a910848ee6074b729edcc6a227ed55a835b262,,section.spec_zariski.0006,
formula.spec_zariski.0524,root.cring.spec_zariski,569,formula,inline-dollar,873,873,873,873,,,a28faf6143663643c867a9e6316c985e9cef6a6ed418572e97343866efcfe288,a28faf6143663643c867a9e6316c985e9cef6a6ed418572e97343866efcfe288,a28faf6143663643c867a9e6316c985e9cef6a6ed418572e97343866efcfe288,section.spec_zariski.0006,
formula.spec_zariski.0525,root.cring.spec_zariski,570,formula,inline-dollar,873,873,873,873,,,29742240025756815de7b4dc24b2f1de69b9148b4ec37f961ccb4d9b4836ab30,29742240025756815de7b4dc24b2f1de69b9148b4ec37f961ccb4d9b4836ab30,29742240025756815de7b4dc24b2f1de69b9148b4ec37f961ccb4d9b4836ab30,section.spec_zariski.0006,
formula.spec_zariski.0526,root.cring.spec_zariski,571,formula,inline-dollar,873,873,873,873,,,cb8676d452a4445c22728b5f5986388c4fd6cb76f03be59d0090642d7db7af57,cb8676d452a4445c22728b5f5986388c4fd6cb76f03be59d0090642d7db7af57,cb8676d452a4445c22728b5f5986388c4fd6cb76f03be59d0090642d7db7af57,section.spec_zariski.0006,
formula.spec_zariski.0527,root.cring.spec_zariski,572,formula,inline-dollar,875,875,875,875,,,29742240025756815de7b4dc24b2f1de69b9148b4ec37f961ccb4d9b4836ab30,29742240025756815de7b4dc24b2f1de69b9148b4ec37f961ccb4d9b4836ab30,29742240025756815de7b4dc24b2f1de69b9148b4ec37f961ccb4d9b4836ab30,section.spec_zariski.0006,
formula.spec_zariski.0528,root.cring.spec_zariski,573,formula,inline-dollar,879,879,879,879,,,17231f65f3eab12195bbce7143b4e75f4e04bc086067ced36e820d2e09de897e,17231f65f3eab12195bbce7143b4e75f4e04bc086067ced36e820d2e09de897e,17231f65f3eab12195bbce7143b4e75f4e04bc086067ced36e820d2e09de897e,section.spec_zariski.0006,
formula.spec_zariski.0529,root.cring.spec_zariski,574,formula,inline-dollar,880,880,880,880,,,377688c382e319aea11c083f16f6ff2fd850b208271bda9a15df477d525da2fa,377688c382e319aea11c083f16f6ff2fd850b208271bda9a15df477d525da2fa,a5e282da334abdee972cafc889df4e6d8129e435706f4140e1bfd97ba92162f1,section.spec_zariski.0006,
theorem.spec_zariski.0015,root.cring.spec_zariski,575,theorem,theorem,882,888,882,888,,,24f94a83e01c134964c331db1a66e0a302f17e5db8daf09cc9aa4e9ec686b779,8c9297eb5d375f9518c877a0ba7529b5fdcaae43cfe3fb8240f566cdee528aa7,,section.spec_zariski.0006,
formula.spec_zariski.0530,root.cring.spec_zariski,576,formula,inline-dollar,883,883,883,883,,,a28faf6143663643c867a9e6316c985e9cef6a6ed418572e97343866efcfe288,a28faf6143663643c867a9e6316c985e9cef6a6ed418572e97343866efcfe288,a28faf6143663643c867a9e6316c985e9cef6a6ed418572e97343866efcfe288,section.spec_zariski.0006,
formula.spec_zariski.0531,root.cring.spec_zariski,577,formula,inline-dollar,883,884,883,884,,,1014c397c02d4b2f2db00454895d25244c043c7cf5512d745b46055f7ab10576,1014c397c02d4b2f2db00454895d25244c043c7cf5512d745b46055f7ab10576,5a167171d48bf13f77f7e4554003535f670dd3df81359f3e5f6d8e1b17ce22af,section.spec_zariski.0006,
formula.spec_zariski.0532,root.cring.spec_zariski,578,formula,inline-dollar,884,884,884,884,,,e46496f8f005440b2a03de2054eb105cb13ef4f9b5ecd5012be6256f959215cc,e46496f8f005440b2a03de2054eb105cb13ef4f9b5ecd5012be6256f959215cc,f3248b5337afe3bf8cf541e6f91067f6e78a15d5f2af1ea40f49f0abe55ea638,section.spec_zariski.0006,
formula.spec_zariski.0533,root.cring.spec_zariski,579,formula,display-bracket,885,887,885,887,,,e9747ba3199fc2f01adb9842306f9f3c7f1f6a0471ddd798795675410d59f695,e9747ba3199fc2f01adb9842306f9f3c7f1f6a0471ddd798795675410d59f695,5ce90ebfc1954269b5f94e5a9a3908319b26076b58b1559ebc43408ffdcbf3ab,section.spec_zariski.0006,
formula.spec_zariski.0534,root.cring.spec_zariski,580,formula,inline-dollar,891,891,891,891,,,40e95870ef6f0e45e9dc39bcb2c6d7080e990f81667ce7085daef2f2e4d4efee,40e95870ef6f0e45e9dc39bcb2c6d7080e990f81667ce7085daef2f2e4d4efee,40e95870ef6f0e45e9dc39bcb2c6d7080e990f81667ce7085daef2f2e4d4efee,section.spec_zariski.0006,
formula.spec_zariski.0535,root.cring.spec_zariski,581,formula,inline-dollar,892,892,892,892,,,379f83e2f58c48e6aa58d3b1e2ac015cc0a95addb93c0358fbdd18314b8413e4,379f83e2f58c48e6aa58d3b1e2ac015cc0a95addb93c0358fbdd18314b8413e4,df3a5bffff06839db1ed6c2032d9162ef75741b7dc190cf92eacc13a919eafb0,section.spec_zariski.0006,
formula.spec_zariski.0536,root.cring.spec_zariski,582,formula,inline-dollar,892,892,892,892,,,a7692b92f397b6ea5f80fcdc68485d92ed8fb10d659d9b31e7055e6972340bb0,a7692b92f397b6ea5f80fcdc68485d92ed8fb10d659d9b31e7055e6972340bb0,7c7e00eb2f3dbed1776aa501700ea62f1eacdf4c8cc2228a6cfd91cc5a8cf394,section.spec_zariski.0006,
formula.spec_zariski.0537,root.cring.spec_zariski,583,formula,inline-dollar,893,893,893,893,,,67ab1d0082f263910e4f26cb67e9e0930f730739afd1b5f31b4aa373a2cf1506,67ab1d0082f263910e4f26cb67e9e0930f730739afd1b5f31b4aa373a2cf1506,fdde82278ce9f8acfbe77ec8af4d83968de5ef43a3ed3186f52045a4ca85bc9c,section.spec_zariski.0006,
formula.spec_zariski.0538,root.cring.spec_zariski,584,formula,inline-dollar,893,893,893,893,,,42ec3ff5cba2f4919bbd38270b75e9d257f6039bbab4d21999075a935ce7258e,42ec3ff5cba2f4919bbd38270b75e9d257f6039bbab4d21999075a935ce7258e,42ec3ff5cba2f4919bbd38270b75e9d257f6039bbab4d21999075a935ce7258e,section.spec_zariski.0006,
formula.spec_zariski.0539,root.cring.spec_zariski,585,formula,display-bracket,895,897,895,897,,,16ce43ea774939f5a852a91a9c93644b211d640be5826b25547e969b8b026c0f,16ce43ea774939f5a852a91a9c93644b211d640be5826b25547e969b8b026c0f,3c9c6788335f5c1153a4e1d704064f72e20bfc4d7ea25ed96d22620a7114d86a,section.spec_zariski.0006,
formula.spec_zariski.0540,root.cring.spec_zariski,586,formula,inline-dollar,898,898,898,898,,,0f3d441d436b9af4ea44bac8e6f598c617d3573fddf093d0179ff8fc9e9bde8b,0f3d441d436b9af4ea44bac8e6f598c617d3573fddf093d0179ff8fc9e9bde8b,5832bb494577ecc549187ceb0cee96d19e49255fb1020332a1f7a604afddd9fc,section.spec_zariski.0006,
formula.spec_zariski.0541,root.cring.spec_zariski,587,formula,inline-dollar,899,899,899,899,,,089f305088f91ec310f5a1f847f0ec40f4d29157c0126066705ed29e93351509,089f305088f91ec310f5a1f847f0ec40f4d29157c0126066705ed29e93351509,089f305088f91ec310f5a1f847f0ec40f4d29157c0126066705ed29e93351509,section.spec_zariski.0006,
formula.spec_zariski.0542,root.cring.spec_zariski,588,formula,inline-dollar,899,899,899,899,,,91c1ebaa9c8953f01540ed21b03b0882651af9186b0a55c8edb66c90159d1764,91c1ebaa9c8953f01540ed21b03b0882651af9186b0a55c8edb66c90159d1764,dfad54d142eb69c680987248155f1877ea71f6723d452b3e280e18b7259052a9,section.spec_zariski.0006,
formula.spec_zariski.0543,root.cring.spec_zariski,589,formula,inline-dollar,900,900,900,900,,,a28faf6143663643c867a9e6316c985e9cef6a6ed418572e97343866efcfe288,a28faf6143663643c867a9e6316c985e9cef6a6ed418572e97343866efcfe288,a28faf6143663643c867a9e6316c985e9cef6a6ed418572e97343866efcfe288,section.spec_zariski.0006,
formula.spec_zariski.0544,root.cring.spec_zariski,590,formula,inline-dollar,900,900,900,900,,,ca492c467550583e9bfb59d9c3afe27b252bb7bdd9a96e08a0b7627f23475fd1,ca492c467550583e9bfb59d9c3afe27b252bb7bdd9a96e08a0b7627f23475fd1,ca492c467550583e9bfb59d9c3afe27b252bb7bdd9a96e08a0b7627f23475fd1,section.spec_zariski.0006,
formula.spec_zariski.0545,root.cring.spec_zariski,591,formula,inline-dollar,900,900,900,900,,,405ba6093b3983245c45892374fb3e2209527693837df0be2c3a6322242e37e9,405ba6093b3983245c45892374fb3e2209527693837df0be2c3a6322242e37e9,405ba6093b3983245c45892374fb3e2209527693837df0be2c3a6322242e37e9,section.spec_zariski.0006,
formula.spec_zariski.0546,root.cring.spec_zariski,592,formula,inline-dollar,901,901,901,901,,,29742240025756815de7b4dc24b2f1de69b9148b4ec37f961ccb4d9b4836ab30,29742240025756815de7b4dc24b2f1de69b9148b4ec37f961ccb4d9b4836ab30,29742240025756815de7b4dc24b2f1de69b9148b4ec37f961ccb4d9b4836ab30,section.spec_zariski.0006,
section.associated_primary.0001,root.cring.associated_primary,1,section,section,1,1,1,1,Associated primes,Prima terkait,68f0050891ab8d770547c9c2238c4855b79946c674a6e0ed6e1dbbd68c9974d7,0b6dc26205ca0991ba462c8f1e49a30582ccb55b8c4d16b309ec4a6eab81845a,,,
section.associated_primary.0002,root.cring.associated_primary,2,section,subsection,9,9,9,9,The support,Dukungan,f9dee28f3e15bd61720f62fc9933a05c59aacaba5babd15a7115fca593bc9aaf,081be605f156df66cd9e95763063e2eef9cb79f54324ac229a78632026629e97,,section.associated_primary.0001,
formula.associated_primary.0001,root.cring.associated_primary,3,formula,inline-dollar,10,10,10,10,,,a28faf6143663643c867a9e6316c985e9cef6a6ed418572e97343866efcfe288,a28faf6143663643c867a9e6316c985e9cef6a6ed418572e97343866efcfe288,a28faf6143663643c867a9e6316c985e9cef6a6ed418572e97343866efcfe288,section.associated_primary.0002,
formula.associated_primary.0002,root.cring.associated_primary,4,formula,inline-dollar,10,10,10,10,,,a28faf6143663643c867a9e6316c985e9cef6a6ed418572e97343866efcfe288,a28faf6143663643c867a9e6316c985e9cef6a6ed418572e97343866efcfe288,a28faf6143663643c867a9e6316c985e9cef6a6ed418572e97343866efcfe288,section.associated_primary.0002,
formula.associated_primary.0003,root.cring.associated_primary,5,formula,inline-dollar,10,10,10,10,,,29742240025756815de7b4dc24b2f1de69b9148b4ec37f961ccb4d9b4836ab30,29742240025756815de7b4dc24b2f1de69b9148b4ec37f961ccb4d9b4836ab30,29742240025756815de7b4dc24b2f1de69b9148b4ec37f961ccb4d9b4836ab30,section.associated_primary.0002,
formula.associated_primary.0004,root.cring.associated_primary,6,formula,inline-dollar,12,12,12,12,,,c637d883fd1fa3bab98996eda143c70a4b0ba2604e5295379dafa9c163ab907b,c637d883fd1fa3bab98996eda143c70a4b0ba2604e5295379dafa9c163ab907b,622bbcdd1d46ce21f94cd41125130a26aa4ed31bf08a74c6d9d6c48b84418a9c,section.associated_primary.0002,
formula.associated_primary.0005,root.cring.associated_primary,7,formula,inline-dollar,12,12,12,12,,,24f8a9c34f4e1e3b5e273f329b4e16ce97cadc10111e014a256e8f851d7c5f6d,24f8a9c34f4e1e3b5e273f329b4e16ce97cadc10111e014a256e8f851d7c5f6d,4c3a0eb8db62d4fb52fbddf1f5b958947f5720abdb9b573e6da2a0ae12512737,section.associated_primary.0002,
formula.associated_primary.0006,root.cring.associated_primary,8,formula,inline-parenthesis,13,13,13,13,,,8ab85b022bc2122fe8da5557ab5218a32cbe2bb28118659a9db7d0032bf6250d,54d41f60334955f53aa7ef7bb3a5a9b4678bc848d9514cf5d0023b4e1b8e4258,746685f68525ec099898797127a112a3137a5256b75e72b90cf42ac8262dcf53,section.associated_primary.0002,
formula.associated_primary.0007,root.cring.associated_primary,9,formula,inline-dollar,14,14,14,14,,,e1be141e9d9d483f7b3f41aee67ee405db4d0f5639f26d216117a25af25ec687,e1be141e9d9d483f7b3f41aee67ee405db4d0f5639f26d216117a25af25ec687,e1be141e9d9d483f7b3f41aee67ee405db4d0f5639f26d216117a25af25ec687,section.associated_primary.0002,
formula.associated_primary.0008,root.cring.associated_primary,10,formula,inline-dollar,14,14,14,14,,,29742240025756815de7b4dc24b2f1de69b9148b4ec37f961ccb4d9b4836ab30,29742240025756815de7b4dc24b2f1de69b9148b4ec37f961ccb4d9b4836ab30,29742240025756815de7b4dc24b2f1de69b9148b4ec37f961ccb4d9b4836ab30,section.associated_primary.0002,
formula.associated_primary.0009,root.cring.associated_primary,11,formula,inline-dollar,14,14,14,14,,,a28faf6143663643c867a9e6316c985e9cef6a6ed418572e97343866efcfe288,a28faf6143663643c867a9e6316c985e9cef6a6ed418572e97343866efcfe288,a28faf6143663643c867a9e6316c985e9cef6a6ed418572e97343866efcfe288,section.associated_primary.0002,
formula.associated_primary.0010,root.cring.associated_primary,12,formula,inline-dollar,15,15,15,15,,,4104e8b800375a8978b028d151ccee00b9cd347c37eb4b3bcc961d94178cae15,4104e8b800375a8978b028d151ccee00b9cd347c37eb4b3bcc961d94178cae15,81acfced1d0a0c2df08cedc6880e98d3f6404f76e2cc4b6361d7efb65dcfd530,section.associated_primary.0002,
formula.associated_primary.0011,root.cring.associated_primary,13,formula,inline-dollar,15,15,15,15,,,1075a6c56cbe3aab2a4fc6aa23edf4b798356b1cc557340b5b24424cc43b884f,1075a6c56cbe3aab2a4fc6aa23edf4b798356b1cc557340b5b24424cc43b884f,1075a6c56cbe3aab2a4fc6aa23edf4b798356b1cc557340b5b24424cc43b884f,section.associated_primary.0002,
formula.associated_primary.0012,root.cring.associated_primary,14,formula,inline-dollar,16,16,16,16,,,ac34aa7d2d46d8d6c30a16fa022d1b935a0982c245818f42f4514de7a7e88ff6,ac34aa7d2d46d8d6c30a16fa022d1b935a0982c245818f42f4514de7a7e88ff6,ac34aa7d2d46d8d6c30a16fa022d1b935a0982c245818f42f4514de7a7e88ff6,section.associated_primary.0002,
formula.associated_primary.0013,root.cring.associated_primary,15,formula,inline-dollar,16,16,16,16,,,29742240025756815de7b4dc24b2f1de69b9148b4ec37f961ccb4d9b4836ab30,29742240025756815de7b4dc24b2f1de69b9148b4ec37f961ccb4d9b4836ab30,29742240025756815de7b4dc24b2f1de69b9148b4ec37f961ccb4d9b4836ab30,section.associated_primary.0002,
formula.associated_primary.0014,root.cring.associated_primary,16,formula,inline-dollar,16,17,16,17,,,f42ed1a72f0f3dcc0898a75222274411ad6ec50423755d99e49c011b0aae3021,f42ed1a72f0f3dcc0898a75222274411ad6ec50423755d99e49c011b0aae3021,81acfced1d0a0c2df08cedc6880e98d3f6404f76e2cc4b6361d7efb65dcfd530,section.associated_primary.0002,
definition.associated_primary.0001,root.cring.associated_primary,17,definition,definition,19,24,19,24,,,d82f5e32e7e383ce8cc340d48e828f341430503ba981a2f0d1b8ccc05c6a24eb,9acfef1d6aaffc737935ad7333c754646e0027d03bf5c057ac2b83f2bc288240,,section.associated_primary.0002,
formula.associated_primary.0015,root.cring.associated_primary,18,formula,inline-dollar,20,20,20,20,,,29742240025756815de7b4dc24b2f1de69b9148b4ec37f961ccb4d9b4836ab30,29742240025756815de7b4dc24b2f1de69b9148b4ec37f961ccb4d9b4836ab30,29742240025756815de7b4dc24b2f1de69b9148b4ec37f961ccb4d9b4836ab30,section.associated_primary.0002,
formula.associated_primary.0016,root.cring.associated_primary,19,formula,inline-dollar,20,20,20,20,,,a28faf6143663643c867a9e6316c985e9cef6a6ed418572e97343866efcfe288,a28faf6143663643c867a9e6316c985e9cef6a6ed418572e97343866efcfe288,a28faf6143663643c867a9e6316c985e9cef6a6ed418572e97343866efcfe288,section.associated_primary.0002,
formula.associated_primary.0017,root.cring.associated_primary,20,formula,inline-dollar,20,20,20,20,,,90c61ed66fb4f7e095b230117bc805a63629a0eae2e9173591c2429599ac0c82,90c61ed66fb4f7e095b230117bc805a63629a0eae2e9173591c2429599ac0c82,5f0fbcfacf7aaddc77d47d279e371fee42ca7b15371a0647f5c11d11fec8fec4,section.associated_primary.0002,
formula.associated_primary.0018,root.cring.associated_primary,21,formula,inline-dollar,21,21,21,21,,,29742240025756815de7b4dc24b2f1de69b9148b4ec37f961ccb4d9b4836ab30,29742240025756815de7b4dc24b2f1de69b9148b4ec37f961ccb4d9b4836ab30,29742240025756815de7b4dc24b2f1de69b9148b4ec37f961ccb4d9b4836ab30,section.associated_primary.0002,
formula.associated_primary.0019,root.cring.associated_primary,22,formula,inline-dollar,22,22,22,22,,,24f8a9c34f4e1e3b5e273f329b4e16ce97cadc10111e014a256e8f851d7c5f6d,24f8a9c34f4e1e3b5e273f329b4e16ce97cadc10111e014a256e8f851d7c5f6d,4c3a0eb8db62d4fb52fbddf1f5b958947f5720abdb9b573e6da2a0ae12512737,section.associated_primary.0002,
formula.associated_primary.0020,root.cring.associated_primary,23,formula,inline-parenthesis,23,23,23,23,,,18caeaadc75d26732a5e979701985eca048ccf9f44445ae8fd449da46bb74ab6,18caeaadc75d26732a5e979701985eca048ccf9f44445ae8fd449da46bb74ab6,7dabf8321c271cde9d0f8fc7227c073f39e9c8d6324d0e314c314323742aabcc,section.associated_primary.0002,
formula.associated_primary.0021,root.cring.associated_primary,24,formula,inline-dollar,26,26,26,26,,,29742240025756815de7b4dc24b2f1de69b9148b4ec37f961ccb4d9b4836ab30,29742240025756815de7b4dc24b2f1de69b9148b4ec37f961ccb4d9b4836ab30,29742240025756815de7b4dc24b2f1de69b9148b4ec37f961ccb4d9b4836ab30,section.associated_primary.0002,
formula.associated_primary.0022,root.cring.associated_primary,25,formula,inline-dollar,28,28,28,28,,,c637d883fd1fa3bab98996eda143c70a4b0ba2604e5295379dafa9c163ab907b,c637d883fd1fa3bab98996eda143c70a4b0ba2604e5295379dafa9c163ab907b,622bbcdd1d46ce21f94cd41125130a26aa4ed31bf08a74c6d9d6c48b84418a9c,section.associated_primary.0002,
formula.associated_primary.0023,root.cring.associated_primary,26,formula,inline-dollar,28,28,28,28,,,24f8a9c34f4e1e3b5e273f329b4e16ce97cadc10111e014a256e8f851d7c5f6d,24f8a9c34f4e1e3b5e273f329b4e16ce97cadc10111e014a256e8f851d7c5f6d,4c3a0eb8db62d4fb52fbddf1f5b958947f5720abdb9b573e6da2a0ae12512737,section.associated_primary.0002,
formula.associated_primary.0024,root.cring.associated_primary,27,formula,inline-dollar,28,29,28,29,,,2a47d941ee3ae2e9780265c0a88c909fc1e123c23f439c899165c0eb449131d2,2a47d941ee3ae2e9780265c0a88c909fc1e123c23f439c899165c0eb449131d2,81acfced1d0a0c2df08cedc6880e98d3f6404f76e2cc4b6361d7efb65dcfd530,section.associated_primary.0002,
formula.associated_primary.0025,root.cring.associated_primary,28,formula,inline-dollar,30,30,30,30,,,29742240025756815de7b4dc24b2f1de69b9148b4ec37f961ccb4d9b4836ab30,29742240025756815de7b4dc24b2f1de69b9148b4ec37f961ccb4d9b4836ab30,29742240025756815de7b4dc24b2f1de69b9148b4ec37f961ccb4d9b4836ab30,section.associated_primary.0002,
formula.associated_primary.0026,root.cring.associated_primary,29,formula,inline-dollar,35,35,35,35,,,9c7ea737a6e3cf1e3596d1b24c04b160cdfa43be36fc23fc4d0cecb9e00ff0b1,9c7ea737a6e3cf1e3596d1b24c04b160cdfa43be36fc23fc4d0cecb9e00ff0b1,f7ed3034362fa5652defb0c9f4954a9770b88d837988ee04d982cd7bcf1470ab,section.associated_primary.0002,
formula.associated_primary.0027,root.cring.associated_primary,30,formula,inline-dollar,35,35,35,35,,,61c78e3f374094fc5f3b5211b9fc96c0c274b6f7162456610af81ca93d095710,61c78e3f374094fc5f3b5211b9fc96c0c274b6f7162456610af81ca93d095710,79d9a760ee1285c594becee014e5c3e896692f357e75852dbec1452a4e415f60,section.associated_primary.0002,
formula.associated_primary.0028,root.cring.associated_primary,31,formula,display-bracket,37,39,37,39,,,7927b4838bfc3e8d2f0ecf419c34306c21595419ae3812fb829a30069aa79670,7927b4838bfc3e8d2f0ecf419c34306c21595419ae3812fb829a30069aa79670,eac232f59a5543629033d19f91851a70bb366b4dfe810cff706b5dde55db9176,section.associated_primary.0002,
formula.associated_primary.0029,root.cring.associated_primary,32,formula,inline-dollar,40,40,40,40,,,e1be141e9d9d483f7b3f41aee67ee405db4d0f5639f26d216117a25af25ec687,e1be141e9d9d483f7b3f41aee67ee405db4d0f5639f26d216117a25af25ec687,e1be141e9d9d483f7b3f41aee67ee405db4d0f5639f26d216117a25af25ec687,section.associated_primary.0002,
formula.associated_primary.0030,root.cring.associated_primary,33,formula,inline-dollar,41,41,41,41,,,29742240025756815de7b4dc24b2f1de69b9148b4ec37f961ccb4d9b4836ab30,29742240025756815de7b4dc24b2f1de69b9148b4ec37f961ccb4d9b4836ab30,29742240025756815de7b4dc24b2f1de69b9148b4ec37f961ccb4d9b4836ab30,section.associated_primary.0002,
theorem.associated_primary.0001,root.cring.associated_primary,34,theorem,proposition,46,48,46,48,,,01e09a221d872c36522eddea0e991e00b66e95dfc961a3956965f3635d2d7168,95d56ab34df0328dd44b23276005395aa19160ba27764e74d70a34de29d8e481,,section.associated_primary.0002,
formula.associated_primary.0031,root.cring.associated_primary,35,formula,inline-dollar,47,47,47,47,,,ae2f64e93d6b6c62b72d6a44959aafbbe9a79834c166fd4380c5b63e0ae36219,ae2f64e93d6b6c62b72d6a44959aafbbe9a79834c166fd4380c5b63e0ae36219,0197dc6808366c0ea37d18ce5977499abf8c4998d88b07df606d3620229f14fe,section.associated_primary.0002,
formula.associated_primary.0032,root.cring.associated_primary,36,formula,inline-dollar,47,47,47,47,,,f890c8bc82a5bc5831b882e1fd7391c0a0fa865046f76ecc37944c337d8139aa,f890c8bc82a5bc5831b882e1fd7391c0a0fa865046f76ecc37944c337d8139aa,71a5848246ccb2bfd12d3cf43fae5245199eb54d0c82c5a22393af5658246502,section.associated_primary.0002,
formula.associated_primary.0033,root.cring.associated_primary,37,formula,inline-dollar,50,50,50,50,,,0197dc6808366c0ea37d18ce5977499abf8c4998d88b07df606d3620229f14fe,0197dc6808366c0ea37d18ce5977499abf8c4998d88b07df606d3620229f14fe,0197dc6808366c0ea37d18ce5977499abf8c4998d88b07df606d3620229f14fe,section.associated_primary.0002,
formula.associated_primary.0034,root.cring.associated_primary,38,formula,inline-dollar,50,50,50,50,,,5de3ff497aa1a13c4e4d29ffdabec2b10b8ddc9211170b64a6b6e404f0ae54b9,5de3ff497aa1a13c4e4d29ffdabec2b10b8ddc9211170b64a6b6e404f0ae54b9,d91ba2dfaeb5af3f47008e6d16c72951d5eeb674b7998f816f9b19573eea679b,section.associated_primary.0002,
formula.associated_primary.0035,root.cring.associated_primary,39,formula,inline-dollar,51,51,51,51,,,24f8a9c34f4e1e3b5e273f329b4e16ce97cadc10111e014a256e8f851d7c5f6d,24f8a9c34f4e1e3b5e273f329b4e16ce97cadc10111e014a256e8f851d7c5f6d,4c3a0eb8db62d4fb52fbddf1f5b958947f5720abdb9b573e6da2a0ae12512737,section.associated_primary.0002,
formula.associated_primary.0036,root.cring.associated_primary,40,formula,inline-dollar,51,51,51,51,,,f890c8bc82a5bc5831b882e1fd7391c0a0fa865046f76ecc37944c337d8139aa,f890c8bc82a5bc5831b882e1fd7391c0a0fa865046f76ecc37944c337d8139aa,71a5848246ccb2bfd12d3cf43fae5245199eb54d0c82c5a22393af5658246502,section.associated_primary.0002,
exercise.associated_primary.0001,root.cring.associated_primary,41,exercise,exercise,54,57,54,57,,,8d20e3f873d0715b186d279679ac73f1e1a999e9e548b71f01a610da280d5644,704aac821ec9632a2507cd7273e9c95fb30b28cb779868e7e0ee68b340788bfa,,section.associated_primary.0002,
formula.associated_primary.0037,root.cring.associated_primary,42,formula,inline-dollar,55,55,55,55,,,d38cfe71f21921931bc24925180ab95ea3f0e5c65634eea6c2816c0af372fb6c,d38cfe71f21921931bc24925180ab95ea3f0e5c65634eea6c2816c0af372fb6c,38d414f8a274f755f13c16c627af80eeb2d0284567909f7f605d2556c60da4c2,section.associated_primary.0002,
formula.associated_primary.0038,root.cring.associated_primary,43,formula,display-bracket,56,56,56,56,,,11c2f7066b0497fb9171fdf681a5588bdac4c682b77575ce7cf209a1f3924d11,11c2f7066b0497fb9171fdf681a5588bdac4c682b77575ce7cf209a1f3924d11,64fdfdb337b6090cff6436d54c854822c90c2df46b99b3a57be1384b24c72030,section.associated_primary.0002,
formula.associated_primary.0039,root.cring.associated_primary,44,formula,inline-dollar,60,60,60,60,,,90c61ed66fb4f7e095b230117bc805a63629a0eae2e9173591c2429599ac0c82,90c61ed66fb4f7e095b230117bc805a63629a0eae2e9173591c2429599ac0c82,5f0fbcfacf7aaddc77d47d279e371fee42ca7b15371a0647f5c11d11fec8fec4,section.associated_primary.0002,
formula.associated_primary.0040,root.cring.associated_primary,45,formula,inline-dollar,60,60,60,60,,,c637d883fd1fa3bab98996eda143c70a4b0ba2604e5295379dafa9c163ab907b,c637d883fd1fa3bab98996eda143c70a4b0ba2604e5295379dafa9c163ab907b,622bbcdd1d46ce21f94cd41125130a26aa4ed31bf08a74c6d9d6c48b84418a9c,section.associated_primary.0002,
formula.associated_primary.0041,root.cring.associated_primary,46,formula,inline-dollar,61,61,61,61,,,29742240025756815de7b4dc24b2f1de69b9148b4ec37f961ccb4d9b4836ab30,29742240025756815de7b4dc24b2f1de69b9148b4ec37f961ccb4d9b4836ab30,29742240025756815de7b4dc24b2f1de69b9148b4ec37f961ccb4d9b4836ab30,section.associated_primary.0002,
formula.associated_primary.0042,root.cring.associated_primary,47,formula,inline-dollar,61,61,61,61,,,90c61ed66fb4f7e095b230117bc805a63629a0eae2e9173591c2429599ac0c82,90c61ed66fb4f7e095b230117bc805a63629a0eae2e9173591c2429599ac0c82,5f0fbcfacf7aaddc77d47d279e371fee42ca7b15371a0647f5c11d11fec8fec4,section.associated_primary.0002,
section.associated_primary.0003,root.cring.associated_primary,48,section,subsection,65,65,65,65,Associated primes,Prima terkait,41975c42afefc33b145936f2c9ba4464ec41b824e0cfdf02beb175e5e1a95502,340a1da737bcef9640a0849f7aec747c70365fec00003de10970b03e6b6f6607,,section.associated_primary.0001,
formula.associated_primary.0043,root.cring.associated_primary,49,formula,inline-dollar,66,66,66,66,,,a28faf6143663643c867a9e6316c985e9cef6a6ed418572e97343866efcfe288,a28faf6143663643c867a9e6316c985e9cef6a6ed418572e97343866efcfe288,a28faf6143663643c867a9e6316c985e9cef6a6ed418572e97343866efcfe288,section.associated_primary.0003,
formula.associated_primary.0044,root.cring.associated_primary,50,formula,inline-dollar,67,67,67,67,,,29742240025756815de7b4dc24b2f1de69b9148b4ec37f961ccb4d9b4836ab30,29742240025756815de7b4dc24b2f1de69b9148b4ec37f961ccb4d9b4836ab30,29742240025756815de7b4dc24b2f1de69b9148b4ec37f961ccb4d9b4836ab30,section.associated_primary.0003,
formula.associated_primary.0045,root.cring.associated_primary,51,formula,inline-dollar,68,68,68,68,,,29742240025756815de7b4dc24b2f1de69b9148b4ec37f961ccb4d9b4836ab30,29742240025756815de7b4dc24b2f1de69b9148b4ec37f961ccb4d9b4836ab30,29742240025756815de7b4dc24b2f1de69b9148b4ec37f961ccb4d9b4836ab30,section.associated_primary.0003,
formula.associated_primary.0046,root.cring.associated_primary,52,formula,inline-dollar,74,74,74,74,,,2302c3a8c5c8b63dfa3260d841adac941e73fbd0a7e5c6cef0ceb89f679ea31c,2302c3a8c5c8b63dfa3260d841adac941e73fbd0a7e5c6cef0ceb89f679ea31c,dc1281739453ad2beda5815c063144ead8e23fe9921d8a4f18a66189f04f507f,section.associated_primary.0003,
formula.associated_primary.0047,root.cring.associated_primary,53,formula,inline-dollar,75,75,75,75,,,53491aba193a4ee09cec1704e39505b6abdf72ed4bc07defb7d8b3a27a8df09e,53491aba193a4ee09cec1704e39505b6abdf72ed4bc07defb7d8b3a27a8df09e,b91bbfcfcbb634c584e5f169ed1f01893649fd4be5e760ab4b68b0971f28d50e,section.associated_primary.0003,
formula.associated_primary.0048,root.cring.associated_primary,54,formula,inline-dollar,75,75,75,75,,,22bf003d6cac79e1d917cacdab9539c5d59468c02c22d29c08df00834ee4bbe6,22bf003d6cac79e1d917cacdab9539c5d59468c02c22d29c08df00834ee4bbe6,22bf003d6cac79e1d917cacdab9539c5d59468c02c22d29c08df00834ee4bbe6,section.associated_primary.0003,
formula.associated_primary.0049,root.cring.associated_primary,55,formula,inline-dollar,76,76,76,76,,,21441d8b1a5bbfdef02f270ef5e049bfbd4343be319ad3f444ca71c636f373e4,21441d8b1a5bbfdef02f270ef5e049bfbd4343be319ad3f444ca71c636f373e4,21441d8b1a5bbfdef02f270ef5e049bfbd4343be319ad3f444ca71c636f373e4,section.associated_primary.0003,
definition.associated_primary.0002,root.cring.associated_primary,56,definition,definition,78,83,78,83,,,7fb79c4293077a73dde01565325e13a8c0f8fa7eef072157843462430b560b93,86066f0f56e8b84664e984a2be66b0b080704e91007aaca5c96f65c04cf4e57c,,section.associated_primary.0003,
formula.associated_primary.0050,root.cring.associated_primary,57,formula,inline-dollar,79,79,79,79,,,29742240025756815de7b4dc24b2f1de69b9148b4ec37f961ccb4d9b4836ab30,29742240025756815de7b4dc24b2f1de69b9148b4ec37f961ccb4d9b4836ab30,29742240025756815de7b4dc24b2f1de69b9148b4ec37f961ccb4d9b4836ab30,section.associated_primary.0003,
formula.associated_primary.0051,root.cring.associated_primary,58,formula,inline-dollar,79,79,79,79,,,a28faf6143663643c867a9e6316c985e9cef6a6ed418572e97343866efcfe288,a28faf6143663643c867a9e6316c985e9cef6a6ed418572e97343866efcfe288,a28faf6143663643c867a9e6316c985e9cef6a6ed418572e97343866efcfe288,section.associated_primary.0003,
formula.associated_primary.0052,root.cring.associated_primary,59,formula,inline-dollar,79,79,79,79,,,1075a6c56cbe3aab2a4fc6aa23edf4b798356b1cc557340b5b24424cc43b884f,1075a6c56cbe3aab2a4fc6aa23edf4b798356b1cc557340b5b24424cc43b884f,1075a6c56cbe3aab2a4fc6aa23edf4b798356b1cc557340b5b24424cc43b884f,section.associated_primary.0003,
formula.associated_primary.0053,root.cring.associated_primary,60,formula,inline-dollar,80,80,80,80,,,29742240025756815de7b4dc24b2f1de69b9148b4ec37f961ccb4d9b4836ab30,29742240025756815de7b4dc24b2f1de69b9148b4ec37f961ccb4d9b4836ab30,29742240025756815de7b4dc24b2f1de69b9148b4ec37f961ccb4d9b4836ab30,section.associated_primary.0003,
formula.associated_primary.0054,root.cring.associated_primary,61,formula,inline-dollar,80,80,80,80,,,ea2434f79ab9465a372dd7231976fff0f5b1d64b8266420369f900f070b3936b,ea2434f79ab9465a372dd7231976fff0f5b1d64b8266420369f900f070b3936b,dc1281739453ad2beda5815c063144ead8e23fe9921d8a4f18a66189f04f507f,section.associated_primary.0003,
formula.associated_primary.0055,root.cring.associated_primary,62,formula,inline-dollar,81,81,81,81,,,1075a6c56cbe3aab2a4fc6aa23edf4b798356b1cc557340b5b24424cc43b884f,1075a6c56cbe3aab2a4fc6aa23edf4b798356b1cc557340b5b24424cc43b884f,1075a6c56cbe3aab2a4fc6aa23edf4b798356b1cc557340b5b24424cc43b884f,section.associated_primary.0003,
formula.associated_primary.0056,root.cring.associated_primary,63,formula,inline-dollar,81,81,81,81,,,22bf003d6cac79e1d917cacdab9539c5d59468c02c22d29c08df00834ee4bbe6,22bf003d6cac79e1d917cacdab9539c5d59468c02c22d29c08df00834ee4bbe6,22bf003d6cac79e1d917cacdab9539c5d59468c02c22d29c08df00834ee4bbe6,section.associated_primary.0003,
formula.associated_primary.0057,root.cring.associated_primary,64,formula,inline-dollar,82,82,82,82,,,2cb16fd34f2ee5ef77e15704449cbe74018adc25af8d04167a98bf0c639f12d5,2cb16fd34f2ee5ef77e15704449cbe74018adc25af8d04167a98bf0c639f12d5,2cb16fd34f2ee5ef77e15704449cbe74018adc25af8d04167a98bf0c639f12d5,section.associated_primary.0003,
formula.associated_primary.0058,root.cring.associated_primary,65,formula,inline-dollar,85,85,85,85,,,ea2434f79ab9465a372dd7231976fff0f5b1d64b8266420369f900f070b3936b,ea2434f79ab9465a372dd7231976fff0f5b1d64b8266420369f900f070b3936b,dc1281739453ad2beda5815c063144ead8e23fe9921d8a4f18a66189f04f507f,section.associated_primary.0003,
exercise.associated_primary.0002,root.cring.associated_primary,66,exercise,exercise,89,92,89,92,,,dc5389912d819be74966bb8f70b5a23f0516a57a95237efc6545d41b90ad9bac,761cf5ffc50168a81e1ec0927ebb71fd17b5bec864b48d265a57cbe1eaa610a0,,section.associated_primary.0003,
formula.associated_primary.0059,root.cring.associated_primary,67,formula,inline-dollar,90,90,90,90,,,9d0789fb9e315a0984747456debbb4d0f9fb049e25a1c9b02e6380366636e2e0,9d0789fb9e315a0984747456debbb4d0f9fb049e25a1c9b02e6380366636e2e0,4d4cf679f643429b6713083803b3936961c7c491861857759b76faeb24e50954,section.associated_primary.0003,
formula.associated_primary.0060,root.cring.associated_primary,68,formula,inline-dollar,91,91,91,91,,,6f58a96a21f32d01ff880faa2f30ffea2c7965a0881257e35bf9c206e0b6f06c,6f58a96a21f32d01ff880faa2f30ffea2c7965a0881257e35bf9c206e0b6f06c,6b57c77fb2d78105f30242d78219a8911ad243e65af82fa250a99aae55ee4b6f,section.associated_primary.0003,
exercise.associated_primary.0003,root.cring.associated_primary,69,exercise,exercise,94,97,94,97,,,8ae8651a7eac752fb7d22254ad13035728cfeea8dc06c9506b29b2ef141f3efb,f4d9bfb2cae950b16024d0c74512699b13afa8b633b10021787a7c69496c2363,,section.associated_primary.0003,
formula.associated_primary.0061,root.cring.associated_primary,70,formula,inline-dollar,95,95,95,95,,,24f8a9c34f4e1e3b5e273f329b4e16ce97cadc10111e014a256e8f851d7c5f6d,24f8a9c34f4e1e3b5e273f329b4e16ce97cadc10111e014a256e8f851d7c5f6d,4c3a0eb8db62d4fb52fbddf1f5b958947f5720abdb9b573e6da2a0ae12512737,section.associated_primary.0003,
formula.associated_primary.0062,root.cring.associated_primary,71,formula,inline-dollar,95,96,95,96,,,c05b4371bfaf463d3bac4b6aa80a0f5d16a82f06e1453f32b0db390b24b44444,c05b4371bfaf463d3bac4b6aa80a0f5d16a82f06e1453f32b0db390b24b44444,a4f617b0b49b49a8eefd9caccdc43e1ea6fe6b1a155b899afe5ab61067fd715f,section.associated_primary.0003,
example.associated_primary.0001,root.cring.associated_primary,72,example,example,99,107,99,107,,,35a9c41eba3b578052d0ea29dba0fc16e9563c57a36e287c3bcd6da82090aac0,0f6c302403aaa794b4a3c449335847d47a43023e18c2c624f9b3ed97f60d2bba,,section.associated_primary.0003,
formula.associated_primary.0063,root.cring.associated_primary,73,formula,inline-dollar,100,100,100,100,,,762ebfb5b023d2bf53c62f6c870b18e69aac1bd421a468af2f2c3b90e1dfa5c7,762ebfb5b023d2bf53c62f6c870b18e69aac1bd421a468af2f2c3b90e1dfa5c7,762ebfb5b023d2bf53c62f6c870b18e69aac1bd421a468af2f2c3b90e1dfa5c7,section.associated_primary.0003,
formula.associated_primary.0064,root.cring.associated_primary,74,formula,inline-dollar,100,100,100,100,,,2725b2d0fc640cb2728a1834f8c41d47e601a7313494a3c35628268f485f3a5f,2725b2d0fc640cb2728a1834f8c41d47e601a7313494a3c35628268f485f3a5f,2725b2d0fc640cb2728a1834f8c41d47e601a7313494a3c35628268f485f3a5f,section.associated_primary.0003,
formula.associated_primary.0065,root.cring.associated_primary,75,formula,inline-dollar,100,100,100,100,,,898950366156bbbe178b3ce69de96b67a4503bb21ba3bcbd337300220a739a9b,898950366156bbbe178b3ce69de96b67a4503bb21ba3bcbd337300220a739a9b,e5bc47717b79dce3cfe7d2688870d8517fee58c44668b15c485940b9762be3a5,section.associated_primary.0003,
formula.associated_primary.0066,root.cring.associated_primary,76,formula,inline-dollar,101,101,101,101,,,4a1f941b3c6f426ec08de78c17e2f80f07a8b789701ba6b25126da00fab1231c,4a1f941b3c6f426ec08de78c17e2f80f07a8b789701ba6b25126da00fab1231c,4a1f941b3c6f426ec08de78c17e2f80f07a8b789701ba6b25126da00fab1231c,section.associated_primary.0003,
formula.associated_primary.0067,root.cring.associated_primary,77,formula,inline-dollar,101,101,101,101,,,4a1f941b3c6f426ec08de78c17e2f80f07a8b789701ba6b25126da00fab1231c,4a1f941b3c6f426ec08de78c17e2f80f07a8b789701ba6b25126da00fab1231c,4a1f941b3c6f426ec08de78c17e2f80f07a8b789701ba6b25126da00fab1231c,section.associated_primary.0003,
formula.associated_primary.0068,root.cring.associated_primary,78,formula,inline-dollar,102,102,102,102,,,f039e198101a0f9dfeb7b84fffee90f73a1e680185e4bb177260006fa284db1b,f039e198101a0f9dfeb7b84fffee90f73a1e680185e4bb177260006fa284db1b,f039e198101a0f9dfeb7b84fffee90f73a1e680185e4bb177260006fa284db1b,section.associated_primary.0003,
formula.associated_primary.0069,root.cring.associated_primary,79,formula,inline-dollar,102,102,102,102,,,bd672d51d3d4dece40bc3a54c6eff1eeb14902c8d8c9188022c59c07043063e0,bd672d51d3d4dece40bc3a54c6eff1eeb14902c8d8c9188022c59c07043063e0,bd672d51d3d4dece40bc3a54c6eff1eeb14902c8d8c9188022c59c07043063e0,section.associated_primary.0003,
formula.associated_primary.0070,root.cring.associated_primary,80,formula,inline-dollar,102,102,102,102,,,d371ac58fa7c077a965fbd203de7ac35b1ba0b0b75052ba6a6f8b2d8a3eee0e8,d371ac58fa7c077a965fbd203de7ac35b1ba0b0b75052ba6a6f8b2d8a3eee0e8,6328446df75d8204741d7b4911fa6bcb082ffbc3bf9e4c4db30eb17d60adb084,section.associated_primary.0003,
formula.associated_primary.0071,root.cring.associated_primary,81,formula,inline-dollar,103,103,103,103,,,b81df7e340194fb02d2ebef2e358895ac62f895ba12537154b15998659b1c4a5,b81df7e340194fb02d2ebef2e358895ac62f895ba12537154b15998659b1c4a5,e40daae3f9c0e0bae037332a090073a88a64cb9630cdc12ad90f0a22f1319055,section.associated_primary.0003,
formula.associated_primary.0072,root.cring.associated_primary,82,formula,inline-dollar,103,103,103,103,,,dd19bb6a63dad4daf3d6afe12773252ffdc51cde5e41624d88d5aeea1018d9f0,dd19bb6a63dad4daf3d6afe12773252ffdc51cde5e41624d88d5aeea1018d9f0,78c93721d46f02d1be81bc6db876a8c31e67625d7ab51833d7f6f2115ee9b718,section.associated_primary.0003,
formula.associated_primary.0073,root.cring.associated_primary,83,formula,inline-dollar,104,104,104,104,,,a043351a35e74b0b59d12f04fe6d016ad27b61d8e4787f987897026cc3a5d1d2,a043351a35e74b0b59d12f04fe6d016ad27b61d8e4787f987897026cc3a5d1d2,2ef707384433e27a87c883f917d74a92d79308c7d435cefc937c1904fdc0d6e9,section.associated_primary.0003,
formula.associated_primary.0074,root.cring.associated_primary,84,formula,inline-dollar,104,104,104,104,,,4ad5be3d60670180f28cb58532c66e9f1f8d5b4b9f4cfe48bf76f53ef34d1124,4ad5be3d60670180f28cb58532c66e9f1f8d5b4b9f4cfe48bf76f53ef34d1124,0f9de18a9718a86ccdb6a5cf17fcdad1316393feb96fbc613427a6f6222331f4,section.associated_primary.0003,
formula.associated_primary.0075,root.cring.associated_primary,85,formula,inline-dollar,110,110,110,110,,,dae2a1c8f44e637acb8a2bcbe74ab68dc157a8203031caec10dbb3342d4f3c0d,dae2a1c8f44e637acb8a2bcbe74ab68dc157a8203031caec10dbb3342d4f3c0d,8fd240fd13de2dc14c1491191b6bd852ce023ab972b832bd6b140d676bce4809,section.associated_primary.0003,
theorem.associated_primary.0002,root.cring.associated_primary,86,theorem,proposition,111,113,111,113,,,d85653901c7ba3fb53d605ea7a7507b3329fc1faf56e80388447552c9ae00667,34e6b11f52319536b6e436e983392622eb3e0b2fc6c5972b8bb7aa189f641aa3,,section.associated_primary.0003,label.associated_primary.0001
formula.associated_primary.0076,root.cring.associated_primary,87,formula,inline-dollar,112,112,112,112,,,f567b6cb0905adf66aa24a6131d30b42871ddd5e4d70025c4e84225ec24083f1,f567b6cb0905adf66aa24a6131d30b42871ddd5e4d70025c4e84225ec24083f1,5b5da2aa1e014bcd3f1491352acc00dc7db924d5753082a7492155798d9aad5e,section.associated_primary.0003,
formula.associated_primary.0077,root.cring.associated_primary,88,formula,inline-dollar,112,112,112,112,,,29742240025756815de7b4dc24b2f1de69b9148b4ec37f961ccb4d9b4836ab30,29742240025756815de7b4dc24b2f1de69b9148b4ec37f961ccb4d9b4836ab30,29742240025756815de7b4dc24b2f1de69b9148b4ec37f961ccb4d9b4836ab30,section.associated_primary.0003,
formula.associated_primary.0078,root.cring.associated_primary,89,formula,inline-dollar,114,114,114,114,,,a28faf6143663643c867a9e6316c985e9cef6a6ed418572e97343866efcfe288,a28faf6143663643c867a9e6316c985e9cef6a6ed418572e97343866efcfe288,a28faf6143663643c867a9e6316c985e9cef6a6ed418572e97343866efcfe288,section.associated_primary.0003,
formula.associated_primary.0079,root.cring.associated_primary,90,formula,inline-dollar,115,115,115,115,,,29742240025756815de7b4dc24b2f1de69b9148b4ec37f961ccb4d9b4836ab30,29742240025756815de7b4dc24b2f1de69b9148b4ec37f961ccb4d9b4836ab30,29742240025756815de7b4dc24b2f1de69b9148b4ec37f961ccb4d9b4836ab30,section.associated_primary.0003,
formula.associated_primary.0080,root.cring.associated_primary,91,formula,inline-dollar,116,116,116,116,,,c8f02a33709def358429967a8c1f402f5baab98fc6ea5a76727dda167714332e,c8f02a33709def358429967a8c1f402f5baab98fc6ea5a76727dda167714332e,ad3337ea466e110f010a458938ec5962bd3ffae7c67ecda679d550652565919a,section.associated_primary.0003,
formula.associated_primary.0081,root.cring.associated_primary,92,formula,inline-dollar,116,116,116,116,,,4a1f941b3c6f426ec08de78c17e2f80f07a8b789701ba6b25126da00fab1231c,4a1f941b3c6f426ec08de78c17e2f80f07a8b789701ba6b25126da00fab1231c,4a1f941b3c6f426ec08de78c17e2f80f07a8b789701ba6b25126da00fab1231c,section.associated_primary.0003,
formula.associated_primary.0082,root.cring.associated_primary,93,formula,inline-dollar,117,117,117,117,,,a28faf6143663643c867a9e6316c985e9cef6a6ed418572e97343866efcfe288,a28faf6143663643c867a9e6316c985e9cef6a6ed418572e97343866efcfe288,a28faf6143663643c867a9e6316c985e9cef6a6ed418572e97343866efcfe288,section.associated_primary.0003,
formula.associated_primary.0083,root.cring.associated_primary,94,formula,inline-dollar,118,118,118,118,,,b14e51ecb1c38138be7beabd501bf5ac7f4ff639dd94cfa45b1956f882a06224,b14e51ecb1c38138be7beabd501bf5ac7f4ff639dd94cfa45b1956f882a06224,6b4da02686acefa33eae6230a4981f51599654f2fcbe924e224287e60827de1e,section.associated_primary.0003,
formula.associated_primary.0084,root.cring.associated_primary,95,formula,inline-dollar,118,118,118,118,,,ea2434f79ab9465a372dd7231976fff0f5b1d64b8266420369f900f070b3936b,ea2434f79ab9465a372dd7231976fff0f5b1d64b8266420369f900f070b3936b,dc1281739453ad2beda5815c063144ead8e23fe9921d8a4f18a66189f04f507f,section.associated_primary.0003,
formula.associated_primary.0085,root.cring.associated_primary,96,formula,inline-dollar,118,118,118,118,,,a4c5ee47b1d19740bd750c24faddcc3add7f2f675b24e2f2c60aac30cc93b5fd,a4c5ee47b1d19740bd750c24faddcc3add7f2f675b24e2f2c60aac30cc93b5fd,b380e129754814293be9e4acaa36fffbab63e179ebcd4044516a7e3d986219d8,section.associated_primary.0003,
formula.associated_primary.0086,root.cring.associated_primary,97,formula,inline-dollar,122,122,122,122,,,4a1f941b3c6f426ec08de78c17e2f80f07a8b789701ba6b25126da00fab1231c,4a1f941b3c6f426ec08de78c17e2f80f07a8b789701ba6b25126da00fab1231c,4a1f941b3c6f426ec08de78c17e2f80f07a8b789701ba6b25126da00fab1231c,section.associated_primary.0003,
formula.associated_primary.0087,root.cring.associated_primary,98,formula,inline-dollar,122,122,122,122,,,6ffaa2ed35d829b45161a62ce8ec7ad7ab242e2deff4ca01ec4f7afdd4e912c2,6ffaa2ed35d829b45161a62ce8ec7ad7ab242e2deff4ca01ec4f7afdd4e912c2,5669a029a0f09e9f8c9029ea0320a41d92312c66a6b51d6d92d4797a2709ae03,section.associated_primary.0003,
formula.associated_primary.0088,root.cring.associated_primary,99,formula,inline-dollar,123,123,123,123,,,164d8cfb1668e00e795a03232d506f191fb44509af4b1e80aab2e3303239e28b,164d8cfb1668e00e795a03232d506f191fb44509af4b1e80aab2e3303239e28b,118bc1002b2b49f63bdd37bc1d29a40c9223602b7da51e469cb8ce1006606378,section.associated_primary.0003,
formula.associated_primary.0089,root.cring.associated_primary,100,formula,inline-dollar,123,123,123,123,,,0a63f5daaefb4f667ce4ddfd3069e0f72d9d7d982bf171bfad47e77a663f0f4d,0a63f5daaefb4f667ce4ddfd3069e0f72d9d7d982bf171bfad47e77a663f0f4d,1f4c353c0c19a2aa92e9eedff48467ebac32c26c8a60b10bae2b3a900e860efc,section.associated_primary.0003,
formula.associated_primary.0090,root.cring.associated_primary,101,formula,display-bracket,124,124,124,124,,,87984e85c26e6a09c7979f0552fa6d0f930c20061a60993fc4fb48ec78f2fd3b,87984e85c26e6a09c7979f0552fa6d0f930c20061a60993fc4fb48ec78f2fd3b,223a5b40422e8af7309db0a25ca2cbf9aa4901443b677447598c3bc5f1f16c63,section.associated_primary.0003,
formula.associated_primary.0091,root.cring.associated_primary,102,formula,inline-dollar,125,125,125,125,,,21d6f43895f9ca4e01855c787b084fa1c3ef9ae99b3540b78b6d4cd97175c506,21d6f43895f9ca4e01855c787b084fa1c3ef9ae99b3540b78b6d4cd97175c506,21d6f43895f9ca4e01855c787b084fa1c3ef9ae99b3540b78b6d4cd97175c506,section.associated_primary.0003,
formula.associated_primary.0092,root.cring.associated_primary,103,formula,inline-dollar,125,125,125,125,,,51934524168565435a49327602c5d551b75607f7a1aac2220827f1e339d86cc3,51934524168565435a49327602c5d551b75607f7a1aac2220827f1e339d86cc3,51934524168565435a49327602c5d551b75607f7a1aac2220827f1e339d86cc3,section.associated_primary.0003,
formula.associated_primary.0093,root.cring.associated_primary,104,formula,inline-dollar,125,125,125,125,,,22bf003d6cac79e1d917cacdab9539c5d59468c02c22d29c08df00834ee4bbe6,22bf003d6cac79e1d917cacdab9539c5d59468c02c22d29c08df00834ee4bbe6,22bf003d6cac79e1d917cacdab9539c5d59468c02c22d29c08df00834ee4bbe6,section.associated_primary.0003,
formula.associated_primary.0094,root.cring.associated_primary,105,formula,inline-dollar,125,125,125,125,,,4a1f941b3c6f426ec08de78c17e2f80f07a8b789701ba6b25126da00fab1231c,4a1f941b3c6f426ec08de78c17e2f80f07a8b789701ba6b25126da00fab1231c,4a1f941b3c6f426ec08de78c17e2f80f07a8b789701ba6b25126da00fab1231c,section.associated_primary.0003,
formula.associated_primary.0095,root.cring.associated_primary,106,formula,inline-dollar,126,126,126,126,,,401c22f57c1a7b3fd9bfbab993a1217702bf668f556921022a06b811573d8f24,401c22f57c1a7b3fd9bfbab993a1217702bf668f556921022a06b811573d8f24,401c22f57c1a7b3fd9bfbab993a1217702bf668f556921022a06b811573d8f24,section.associated_primary.0003,
formula.associated_primary.0096,root.cring.associated_primary,107,formula,inline-dollar,128,128,128,128,,,0c3575ef03cc7dd1cc4f828a3f481451ea42b64d95cd7f08a2671df635a2368d,0c3575ef03cc7dd1cc4f828a3f481451ea42b64d95cd7f08a2671df635a2368d,206058c25ad41db45b7e6879a8778dbf4b488defd6e5106a64cfcfd9b9d8feba,section.associated_primary.0003,
formula.associated_primary.0097,root.cring.associated_primary,108,formula,inline-dollar,128,128,128,128,,,1f8712d9f7acbb94deab284a13be161f8e981708ce9ae08c2cd62c3b0ee01d12,1f8712d9f7acbb94deab284a13be161f8e981708ce9ae08c2cd62c3b0ee01d12,4c7ffd6ec7ee07bd284d9e5a50a1cb05b21d2862d69861695ca3cc5e0f840eb5,section.associated_primary.0003,
formula.associated_primary.0098,root.cring.associated_primary,109,formula,inline-dollar,129,129,129,129,,,0c5b5db1ad94afa1b5f411153da7be6afe82fa70af517bce57d2148d45690a91,0c5b5db1ad94afa1b5f411153da7be6afe82fa70af517bce57d2148d45690a91,f7fb60643e3d2063280a352fce8faac1703849e8e338ca5bb994356d2817a72c,section.associated_primary.0003,
formula.associated_primary.0099,root.cring.associated_primary,110,formula,inline-dollar,129,129,129,129,,,21d6f43895f9ca4e01855c787b084fa1c3ef9ae99b3540b78b6d4cd97175c506,21d6f43895f9ca4e01855c787b084fa1c3ef9ae99b3540b78b6d4cd97175c506,21d6f43895f9ca4e01855c787b084fa1c3ef9ae99b3540b78b6d4cd97175c506,section.associated_primary.0003,
formula.associated_primary.0100,root.cring.associated_primary,111,formula,inline-dollar,129,129,129,129,,,215f1cef09f7f0b497c0958aba35024dc544c7edbeb8b136211765c932beb8bc,215f1cef09f7f0b497c0958aba35024dc544c7edbeb8b136211765c932beb8bc,55c1c6dc0ccd80acb3951b2962eea19e2fa91ecbb77d37333e79c88e203951fc,section.associated_primary.0003,
formula.associated_primary.0101,root.cring.associated_primary,112,formula,inline-dollar,130,130,130,130,,,4a1f941b3c6f426ec08de78c17e2f80f07a8b789701ba6b25126da00fab1231c,4a1f941b3c6f426ec08de78c17e2f80f07a8b789701ba6b25126da00fab1231c,4a1f941b3c6f426ec08de78c17e2f80f07a8b789701ba6b25126da00fab1231c,section.associated_primary.0003,
formula.associated_primary.0102,root.cring.associated_primary,113,formula,inline-dollar,130,130,130,130,,,71dd367766c00b20284f7c151cd07d557d390d742adc5784e1f2e890006d6c37,71dd367766c00b20284f7c151cd07d557d390d742adc5784e1f2e890006d6c37,82d8bc2825a81702dbe2242fe87932998e63e97b8b81c7dc3e059210e6f9aa65,section.associated_primary.0003,
formula.associated_primary.0103,root.cring.associated_primary,114,formula,inline-dollar,130,131,130,131,,,3cd53b05a7391ae02f98be8ce2800106ad59c328031a0c6718022796e5890ff9,3cd53b05a7391ae02f98be8ce2800106ad59c328031a0c6718022796e5890ff9,081264cc946d2e8890fb2fc90bf715dba355ac696bf1ccb2eb7b39b2ea6494a4,section.associated_primary.0003,
formula.associated_primary.0104,root.cring.associated_primary,115,formula,inline-dollar,133,133,133,133,,,34c47bae3424ac326c22e6a7096212c4adb468daffbe98cff975fa5b1a6e3e5a,34c47bae3424ac326c22e6a7096212c4adb468daffbe98cff975fa5b1a6e3e5a,3412d48ed10b2bed56622439e4eac3a236121b5e43194d0a8c16a0417d8da79e,section.associated_primary.0003,
formula.associated_primary.0105,root.cring.associated_primary,116,formula,inline-dollar,133,133,133,133,,,4a1f941b3c6f426ec08de78c17e2f80f07a8b789701ba6b25126da00fab1231c,4a1f941b3c6f426ec08de78c17e2f80f07a8b789701ba6b25126da00fab1231c,4a1f941b3c6f426ec08de78c17e2f80f07a8b789701ba6b25126da00fab1231c,section.associated_primary.0003,
formula.associated_primary.0106,root.cring.associated_primary,117,formula,inline-dollar,133,133,133,133,,,4a1f941b3c6f426ec08de78c17e2f80f07a8b789701ba6b25126da00fab1231c,4a1f941b3c6f426ec08de78c17e2f80f07a8b789701ba6b25126da00fab1231c,4a1f941b3c6f426ec08de78c17e2f80f07a8b789701ba6b25126da00fab1231c,section.associated_primary.0003,
example.associated_primary.0002,root.cring.associated_primary,118,example,example,138,152,138,152,A module with no associated prime,Modul tanpa prima terkait,68623b672f981239a4153858f82391244732b297ed0b2cf48094f22c4e6aac88,3d04e5c6b4f595ef68c29dde5e630d76c42998e734503f79e946e634b4e6e11b,,section.associated_primary.0003,
formula.associated_primary.0107,root.cring.associated_primary,119,formula,inline-dollar,140,140,140,140,,,cbf254fc5ae8bf4e0ec6ddd7f324b5cda17008e5fa0985b2135a36f1fa10661b,cbf254fc5ae8bf4e0ec6ddd7f324b5cda17008e5fa0985b2135a36f1fa10661b,fe9659ea556d6307b86862a3a6a00e9aca3b68ea84a67e221c45145b026bade9,section.associated_primary.0003,
formula.associated_primary.0108,root.cring.associated_primary,120,formula,inline-dollar,141,141,141,141,,,2ed35620160f9623ab674a55e60f3ff276bd97109c2ef6a2e5425a6d4e1b8bdc,2ed35620160f9623ab674a55e60f3ff276bd97109c2ef6a2e5425a6d4e1b8bdc,2ed35620160f9623ab674a55e60f3ff276bd97109c2ef6a2e5425a6d4e1b8bdc,section.associated_primary.0003,
formula.associated_primary.0109,root.cring.associated_primary,121,formula,inline-dollar,141,142,141,142,,,c5e6cdc1f9dbbd8a9e4630880446df296c229d5dcd5dbf0796154557f5fb042e,c5e6cdc1f9dbbd8a9e4630880446df296c229d5dcd5dbf0796154557f5fb042e,0b5d56dfa106a8a847f095aaf0e439119e2e6f57aa0c4ee337a99fd484678726,section.associated_primary.0003,
formula.associated_primary.0110,root.cring.associated_primary,122,formula,display-bracket,144,144,144,144,,,a9b7766d7bd11e10d2c51addace5eec3d3785a172cf4ac7d2a6497ba812500f5,a9b7766d7bd11e10d2c51addace5eec3d3785a172cf4ac7d2a6497ba812500f5,405e84d13768ed5a1ad94fdcf0634124ddd7790b383a320ea3c9db522ec02678,section.associated_primary.0003,
formula.associated_primary.0111,root.cring.associated_primary,123,formula,inline-dollar,145,145,145,145,,,1075a6c56cbe3aab2a4fc6aa23edf4b798356b1cc557340b5b24424cc43b884f,1075a6c56cbe3aab2a4fc6aa23edf4b798356b1cc557340b5b24424cc43b884f,1075a6c56cbe3aab2a4fc6aa23edf4b798356b1cc557340b5b24424cc43b884f,section.associated_primary.0003,
formula.associated_primary.0112,root.cring.associated_primary,124,formula,inline-dollar,146,146,146,146,,,b6e3845754177ac692bd83ce0cd41d08cf248a347f43c27078521418d6e19695,b6e3845754177ac692bd83ce0cd41d08cf248a347f43c27078521418d6e19695,6589cf5f93544bfe251da7c9a01558ff84e96a7be009773b691a6e9843d8856b,section.associated_primary.0003,
formula.associated_primary.0113,root.cring.associated_primary,125,formula,inline-dollar,146,146,146,146,,,514526833e03b448a62d1b25c16123244c0d0e557f00c4d1d2f1f6ec3c2056a1,514526833e03b448a62d1b25c16123244c0d0e557f00c4d1d2f1f6ec3c2056a1,514526833e03b448a62d1b25c16123244c0d0e557f00c4d1d2f1f6ec3c2056a1,section.associated_primary.0003,
formula.associated_primary.0114,root.cring.associated_primary,126,formula,inline-dollar,146,146,146,146,,,70f594ae3ce2015166b52ead6576b5b9a61fb929401ac3adc2b5d7f6d7c6ddfd,70f594ae3ce2015166b52ead6576b5b9a61fb929401ac3adc2b5d7f6d7c6ddfd,3b3be219603c7f0f2c16a8b3949d70e3723c723cd2ef6c5aede7e2284f26bba4,section.associated_primary.0003,
formula.associated_primary.0115,root.cring.associated_primary,127,formula,inline-dollar,147,147,147,147,,,1075a6c56cbe3aab2a4fc6aa23edf4b798356b1cc557340b5b24424cc43b884f,1075a6c56cbe3aab2a4fc6aa23edf4b798356b1cc557340b5b24424cc43b884f,1075a6c56cbe3aab2a4fc6aa23edf4b798356b1cc557340b5b24424cc43b884f,section.associated_primary.0003,
formula.associated_primary.0116,root.cring.associated_primary,128,formula,inline-dollar,147,147,147,147,,,27fe43cb7bcfa7ef183e56c60dea274fcb5b8ef648cccb50fce4b7cb13a23ff0,27fe43cb7bcfa7ef183e56c60dea274fcb5b8ef648cccb50fce4b7cb13a23ff0,b2a762bd2af4f768e57a47c6674477ee7ee64482208c7a7c0239fb35d3ac3b49,section.associated_primary.0003,
formula.associated_primary.0117,root.cring.associated_primary,129,formula,inline-dollar,147,147,147,147,,,26804890876ce9e80e392945728b3c37b8b23b5b83f712d9aa63c6fe65ebfc71,26804890876ce9e80e392945728b3c37b8b23b5b83f712d9aa63c6fe65ebfc71,6f3188cced1f2a07843f1aeb7ef3536e87941c0572790f607d10cfbd515ae394,section.associated_primary.0003,
formula.associated_primary.0118,root.cring.associated_primary,130,formula,inline-dollar,148,148,148,148,,,b20bffe0e63b122310b52301abcb90bf1efe431d4f188633a0268af511954cfd,b20bffe0e63b122310b52301abcb90bf1efe431d4f188633a0268af511954cfd,b20bffe0e63b122310b52301abcb90bf1efe431d4f188633a0268af511954cfd,section.associated_primary.0003,
formula.associated_primary.0119,root.cring.associated_primary,131,formula,inline-dollar,148,148,148,148,,,2c816a889b8bfc4563c5cd36d6ff461dc165d5b66864a889502b44bd0a72398b,2c816a889b8bfc4563c5cd36d6ff461dc165d5b66864a889502b44bd0a72398b,2c816a889b8bfc4563c5cd36d6ff461dc165d5b66864a889502b44bd0a72398b,section.associated_primary.0003,
formula.associated_primary.0120,root.cring.associated_primary,132,formula,inline-dollar,148,149,148,149,,,7a6335682e5ff04593e4ee0ea3a562ddd0c057ac4e44e98efe9ccb4bd7aef3dc,7a6335682e5ff04593e4ee0ea3a562ddd0c057ac4e44e98efe9ccb4bd7aef3dc,e826e7fc74fb15ff57edcd620f6c1e0c7fa99c92be3a57d7f1c3356390414758,section.associated_primary.0003,
formula.associated_primary.0121,root.cring.associated_primary,133,formula,inline-dollar,149,149,149,149,,,47cde285118f1a68de5bd58fa73b8f355a20f55743f530e371515f905fa7fdcf,47cde285118f1a68de5bd58fa73b8f355a20f55743f530e371515f905fa7fdcf,0db897514e5bffa774a45674f3f4b5b208ead5a7f13a0dc492f7a6b5b520b3ba,section.associated_primary.0003,
formula.associated_primary.0122,root.cring.associated_primary,134,formula,inline-dollar,149,150,149,150,,,0b367c3112a0b1ac894442e7159bc2036248fe107139dcda4d66234ce544fc84,0b367c3112a0b1ac894442e7159bc2036248fe107139dcda4d66234ce544fc84,b2c67370dfcea5e72cd379e6b2c2b2726b0c79ef1dfc0a97c5eb491089e49aa5,section.associated_primary.0003,
formula.associated_primary.0123,root.cring.associated_primary,135,formula,inline-dollar,150,150,150,150,,,499f5f223aa774e183bbc8a2e56527e6b522349c0f5158c98ab61b238eab4dcd,499f5f223aa774e183bbc8a2e56527e6b522349c0f5158c98ab61b238eab4dcd,a62c33d1d08bbba59a88d1452a11c50f5245a9cec8b7966bdda5dfca26245e4e,section.associated_primary.0003,
formula.associated_primary.0124,root.cring.associated_primary,136,formula,inline-dollar,150,150,150,150,,,0758c02b703980dc9213006ed39b5c3ddc9ab108432dc6099cc8aa8b45ae7772,0758c02b703980dc9213006ed39b5c3ddc9ab108432dc6099cc8aa8b45ae7772,dd74ec5a25f9662dade2ddf87b7b9d24784c0acfb44ee757cd99173d2f8c1112,section.associated_primary.0003,
formula.associated_primary.0125,root.cring.associated_primary,137,formula,inline-dollar,151,151,151,151,,,1075a6c56cbe3aab2a4fc6aa23edf4b798356b1cc557340b5b24424cc43b884f,1075a6c56cbe3aab2a4fc6aa23edf4b798356b1cc557340b5b24424cc43b884f,1075a6c56cbe3aab2a4fc6aa23edf4b798356b1cc557340b5b24424cc43b884f,section.associated_primary.0003,
theorem.associated_primary.0003,root.cring.associated_primary,138,theorem,proposition,156,158,156,158,,,ff0703010e790ac67de41cce09fe96df55961722705d40c6b9531be008ef08ad,ad0743f2bb705bdf8c933ab5f9ed628ac5ba1730c5e51f0d0e793cee2d860fc2,,section.associated_primary.0003,label.associated_primary.0002
formula.associated_primary.0126,root.cring.associated_primary,139,formula,inline-dollar,157,157,157,157,,,29742240025756815de7b4dc24b2f1de69b9148b4ec37f961ccb4d9b4836ab30,29742240025756815de7b4dc24b2f1de69b9148b4ec37f961ccb4d9b4836ab30,29742240025756815de7b4dc24b2f1de69b9148b4ec37f961ccb4d9b4836ab30,section.associated_primary.0003,
formula.associated_primary.0127,root.cring.associated_primary,140,formula,inline-dollar,157,157,157,157,,,2cb16fd34f2ee5ef77e15704449cbe74018adc25af8d04167a98bf0c639f12d5,2cb16fd34f2ee5ef77e15704449cbe74018adc25af8d04167a98bf0c639f12d5,2cb16fd34f2ee5ef77e15704449cbe74018adc25af8d04167a98bf0c639f12d5,section.associated_primary.0003,
formula.associated_primary.0128,root.cring.associated_primary,141,formula,inline-dollar,160,160,160,160,,,29742240025756815de7b4dc24b2f1de69b9148b4ec37f961ccb4d9b4836ab30,29742240025756815de7b4dc24b2f1de69b9148b4ec37f961ccb4d9b4836ab30,29742240025756815de7b4dc24b2f1de69b9148b4ec37f961ccb4d9b4836ab30,section.associated_primary.0003,
formula.associated_primary.0129,root.cring.associated_primary,142,formula,inline-dollar,161,161,161,161,,,29742240025756815de7b4dc24b2f1de69b9148b4ec37f961ccb4d9b4836ab30,29742240025756815de7b4dc24b2f1de69b9148b4ec37f961ccb4d9b4836ab30,29742240025756815de7b4dc24b2f1de69b9148b4ec37f961ccb4d9b4836ab30,section.associated_primary.0003,
theorem.associated_primary.0004,root.cring.associated_primary,143,theorem,lemma,164,169,164,169,,,90579ad3c9dbb86c7c1dd95864fe7302df666678f22bb568e249e3060deaac53,6424dc3d72b3b33606cc8782ee1f3c3af571122aa7372d23c068193ae2adeb03,,section.associated_primary.0003,label.associated_primary.0003
formula.associated_primary.0130,root.cring.associated_primary,144,formula,inline-dollar,165,165,165,165,,,a28faf6143663643c867a9e6316c985e9cef6a6ed418572e97343866efcfe288,a28faf6143663643c867a9e6316c985e9cef6a6ed418572e97343866efcfe288,a28faf6143663643c867a9e6316c985e9cef6a6ed418572e97343866efcfe288,section.associated_primary.0003,
formula.associated_primary.0131,root.cring.associated_primary,145,formula,display-bracket,166,166,166,166,,,9219da9b489596179c5ea1c20cf163f7c34efd4dac993dcd54940db02e7694fe,9219da9b489596179c5ea1c20cf163f7c34efd4dac993dcd54940db02e7694fe,c6715b7f21a36454ddd388dacd86036e111c4d6291e9637a701bb3b69cfeab25,section.associated_primary.0003,
formula.associated_primary.0132,root.cring.associated_primary,146,formula,display-bracket,168,168,168,168,,,4476b6a4230b2a7fa39ac41501930ecf0892cc3a2a59663983a17412da87899b,4476b6a4230b2a7fa39ac41501930ecf0892cc3a2a59663983a17412da87899b,87e4a8254841c03ee454565085347c719774a3a17e3997b9fcd4d2b2d4b712ab,section.associated_primary.0003,
formula.associated_primary.0133,root.cring.associated_primary,147,formula,inline-dollar,171,171,171,171,,,1075a6c56cbe3aab2a4fc6aa23edf4b798356b1cc557340b5b24424cc43b884f,1075a6c56cbe3aab2a4fc6aa23edf4b798356b1cc557340b5b24424cc43b884f,1075a6c56cbe3aab2a4fc6aa23edf4b798356b1cc557340b5b24424cc43b884f,section.associated_primary.0003,
formula.associated_primary.0134,root.cring.associated_primary,148,formula,inline-dollar,172,172,172,172,,,04930cdc3e0cc30a8b0e84656cff95095dd6b3e35b7fd4867e4b38ff616f0fe3,04930cdc3e0cc30a8b0e84656cff95095dd6b3e35b7fd4867e4b38ff616f0fe3,9d457a23c89db5fa2a5cfe930d6f0be67c53888507aa28045ce5aafef30d8383,section.associated_primary.0003,
formula.associated_primary.0135,root.cring.associated_primary,149,formula,inline-dollar,172,172,172,172,,,29742240025756815de7b4dc24b2f1de69b9148b4ec37f961ccb4d9b4836ab30,29742240025756815de7b4dc24b2f1de69b9148b4ec37f961ccb4d9b4836ab30,29742240025756815de7b4dc24b2f1de69b9148b4ec37f961ccb4d9b4836ab30,section.associated_primary.0003,
formula.associated_primary.0136,root.cring.associated_primary,150,formula,inline-dollar,173,173,173,173,,,22bf003d6cac79e1d917cacdab9539c5d59468c02c22d29c08df00834ee4bbe6,22bf003d6cac79e1d917cacdab9539c5d59468c02c22d29c08df00834ee4bbe6,22bf003d6cac79e1d917cacdab9539c5d59468c02c22d29c08df00834ee4bbe6,section.associated_primary.0003,
formula.associated_primary.0137,root.cring.associated_primary,151,formula,inline-dollar,174,174,174,174,,,ec3552fd0c52521f26c378737f4648ec2db045c43c3217c01bac9d9542033281,ec3552fd0c52521f26c378737f4648ec2db045c43c3217c01bac9d9542033281,ba2ea5838023b65721a399da675592c91704d5776f4fd1e59815e8031ea2489e,section.associated_primary.0003,
formula.associated_primary.0138,root.cring.associated_primary,152,formula,inline-dollar,174,174,174,174,,,968e79db462f5663f3cf866a21bace2e8c9b985446d764622d8a5b26e3ef0e7e,968e79db462f5663f3cf866a21bace2e8c9b985446d764622d8a5b26e3ef0e7e,a61efb1c848f46f9a273718f6bb31123ae066d323f9bb4313f09273e845a4e67,section.associated_primary.0003,
formula.associated_primary.0139,root.cring.associated_primary,153,formula,inline-dollar,176,176,176,176,,,9d0789fb9e315a0984747456debbb4d0f9fb049e25a1c9b02e6380366636e2e0,9d0789fb9e315a0984747456debbb4d0f9fb049e25a1c9b02e6380366636e2e0,4d4cf679f643429b6713083803b3936961c7c491861857759b76faeb24e50954,section.associated_primary.0003,
formula.associated_primary.0140,root.cring.associated_primary,154,formula,inline-dollar,177,177,177,177,,,ea2434f79ab9465a372dd7231976fff0f5b1d64b8266420369f900f070b3936b,ea2434f79ab9465a372dd7231976fff0f5b1d64b8266420369f900f070b3936b,dc1281739453ad2beda5815c063144ead8e23fe9921d8a4f18a66189f04f507f,section.associated_primary.0003,
formula.associated_primary.0141,root.cring.associated_primary,155,formula,inline-dollar,178,178,178,178,,,e1ee2a09f608d130bc5483b712ba51270d7571b01cfb7d9a0af7a90cd805d17b,e1ee2a09f608d130bc5483b712ba51270d7571b01cfb7d9a0af7a90cd805d17b,9492c30bbb3223155e5667530053cd538ead894f0f977b76cc95178e7e256563,section.associated_primary.0003,
formula.associated_primary.0142,root.cring.associated_primary,156,formula,inline-dollar,179,179,179,179,,,0a4bd6c930be4bf89ca8a39caaa2a9e8fffbc8a5d8e767129946027efd7e6acf,0a4bd6c930be4bf89ca8a39caaa2a9e8fffbc8a5d8e767129946027efd7e6acf,e840cee9f039b0d5511f549918dfd5dcc3c503e8ec9a50a2ffc4965e68e2bdff,section.associated_primary.0003,
formula.associated_primary.0143,root.cring.associated_primary,157,formula,inline-dollar,179,179,179,179,,,eb70bce4fae915a931fa46c120181b29f3123583b3d35d1942f40695f68893b7,eb70bce4fae915a931fa46c120181b29f3123583b3d35d1942f40695f68893b7,dbf347a2eec5a4a59ebc98b599a16223f9e10d099e70340c24b2ab2d5a436f11,section.associated_primary.0003,
formula.associated_primary.0144,root.cring.associated_primary,158,formula,inline-dollar,180,180,180,180,,,68ec898c6c1abb8452919543f0b9b84663aeef88429a07778f303063d0592b1c,68ec898c6c1abb8452919543f0b9b84663aeef88429a07778f303063d0592b1c,e07366256f9a09bbf9a6f23b168377495b07381962c9abcb6744be1d80c81165,section.associated_primary.0003,
formula.associated_primary.0145,root.cring.associated_primary,159,formula,inline-dollar,180,181,180,181,,,a539be12db3f780cac0e3afd5f41249e4dcce5ced4896a43bb12c7f041467401,a539be12db3f780cac0e3afd5f41249e4dcce5ced4896a43bb12c7f041467401,5cef0e62a599a6ca96402bb9c39ee0071742b4bbdd52220005b4fa95c34634b6,section.associated_primary.0003,
formula.associated_primary.0146,root.cring.associated_primary,160,formula,inline-dollar,181,181,181,181,,,69d04d1c79be70090e38df7c2fa140a82179d5edbfd98ab71956ae48957c8737,69d04d1c79be70090e38df7c2fa140a82179d5edbfd98ab71956ae48957c8737,feafe50886471924bad5a6de1b53296e317519e4fefbb2bd1131e034e49b7a7a,section.associated_primary.0003,
formula.associated_primary.0147,root.cring.associated_primary,161,formula,inline-dollar,182,182,182,182,,,6bda960eaaf8ffbb6dada882e9d1b0d5871d8aa9d026c3b69836e701ee6c6181,6bda960eaaf8ffbb6dada882e9d1b0d5871d8aa9d026c3b69836e701ee6c6181,81f348773087168d2d954328e2f0b02ba12540fa9f6cae0dbe37a61add480d54,section.associated_primary.0003,
formula.associated_primary.0148,root.cring.associated_primary,162,formula,inline-dollar,182,182,182,182,,,2d9b080e97c144a29ef36fcd61a7fcb863e4e825bd50aa559581bcef2061fd1e,2d9b080e97c144a29ef36fcd61a7fcb863e4e825bd50aa559581bcef2061fd1e,e4c505ba4f1fceb07fd43648d558dfd5fde21be3b456cee6241f175c0e94cd89,section.associated_primary.0003,
formula.associated_primary.0149,root.cring.associated_primary,163,formula,inline-dollar,182,182,182,182,,,bead6513981f86c92c1b955f22650cf775ed108fa2975e5e5866501cd938a193,bead6513981f86c92c1b955f22650cf775ed108fa2975e5e5866501cd938a193,bead6513981f86c92c1b955f22650cf775ed108fa2975e5e5866501cd938a193,section.associated_primary.0003,
formula.associated_primary.0150,root.cring.associated_primary,164,formula,inline-dollar,183,183,183,183,,,a2b925fe4100c16d90eae5df39926c7d5cf766c7ed4b3abb1e02bda728129827,a2b925fe4100c16d90eae5df39926c7d5cf766c7ed4b3abb1e02bda728129827,22a566a23ceef740470ea7738ac856b605f46d810b548a4a28e58ce2bc7ed037,section.associated_primary.0003,
formula.associated_primary.0151,root.cring.associated_primary,165,formula,display-bracket,184,184,184,184,,,789efd6a85622683bf2b47be9471ee7952299a93cf597c65806137fc37a47e65,789efd6a85622683bf2b47be9471ee7952299a93cf597c65806137fc37a47e65,8ebfd521fba072a6c62fcbc1e728d37814f34896e41f00a66df61d9bebeb063b,section.associated_primary.0003,
formula.associated_primary.0152,root.cring.associated_primary,166,formula,inline-dollar,185,185,185,185,,,a2b925fe4100c16d90eae5df39926c7d5cf766c7ed4b3abb1e02bda728129827,a2b925fe4100c16d90eae5df39926c7d5cf766c7ed4b3abb1e02bda728129827,22a566a23ceef740470ea7738ac856b605f46d810b548a4a28e58ce2bc7ed037,section.associated_primary.0003,
formula.associated_primary.0153,root.cring.associated_primary,167,formula,inline-dollar,185,186,185,186,,,6da818e2be43dd3a3ec356233c368b56f50ab276a9ddc510ca8e781eae76c151,6da818e2be43dd3a3ec356233c368b56f50ab276a9ddc510ca8e781eae76c151,420e4791df9026ccfadbe131cb0e05f559218582ff911202be6fe5554986d18e,section.associated_primary.0003,
formula.associated_primary.0154,root.cring.associated_primary,168,formula,inline-dollar,186,186,186,186,,,0b4d82731353ffc52f69071a72fe5c6f1ab49a4e86396c8d2fb3175c0b74ad4a,0b4d82731353ffc52f69071a72fe5c6f1ab49a4e86396c8d2fb3175c0b74ad4a,73913862b850fd3ba0e446c13a5df18999ea61e0c08d773f5a1541c990cc7fea,section.associated_primary.0003,
formula.associated_primary.0155,root.cring.associated_primary,169,formula,inline-dollar,186,186,186,186,,,1737d27701210228f2c4c7a1c82ca2dfd7ec6d7f6093641bd15d73f91d46dc60,1737d27701210228f2c4c7a1c82ca2dfd7ec6d7f6093641bd15d73f91d46dc60,c8dd9c470f7fbc2011744909e8c1b92f0b8d9583382a9fdd81b6312a3b68d33f,section.associated_primary.0003,
formula.associated_primary.0156,root.cring.associated_primary,170,formula,inline-dollar,187,187,187,187,,,54fe5d23c9b9fbe772ab1bda60c100105c434b2a7d7106ae6d98a23f1f6dbff5,54fe5d23c9b9fbe772ab1bda60c100105c434b2a7d7106ae6d98a23f1f6dbff5,86f7d5bd4be0af081a8915a304fcf79192e1df70842627fa0419849dff96139b,section.associated_primary.0003,
formula.associated_primary.0157,root.cring.associated_primary,171,formula,inline-dollar,187,187,187,187,,,95b033541b64886f0451f40090cf7f2d7b9fc8dae17176f358f8244497a5f734,95b033541b64886f0451f40090cf7f2d7b9fc8dae17176f358f8244497a5f734,b4b81063f4fade1e0f131af63c1f85e33bd9ae93323de249a33cc10fc4769640,section.associated_primary.0003,
formula.associated_primary.0158,root.cring.associated_primary,172,formula,display-bracket,189,189,189,189,,,112ae7b9c20c363f46e46026148c127710e58ed7d626f8c1f129ea6949b0cb35,112ae7b9c20c363f46e46026148c127710e58ed7d626f8c1f129ea6949b0cb35,902a46dbd0975eda924e5aa1fc73d782a43886909988afe083e08e15ffc2fece,section.associated_primary.0003,
formula.associated_primary.0159,root.cring.associated_primary,173,formula,inline-dollar,192,192,192,192,,,f0fc5e07ee99d5dcff8b2889393b48d6641d61a70c92aac63892bc37e9a1754d,f0fc5e07ee99d5dcff8b2889393b48d6641d61a70c92aac63892bc37e9a1754d,6be10a5eedb74907633d6a16099e4260c65e9432820c25f49e0ff93c7d16c8f5,section.associated_primary.0003,
formula.associated_primary.0160,root.cring.associated_primary,174,formula,inline-dollar,192,192,192,192,,,70b1d4957ce9b577c59d0723a4198dedf7518e0366bf785d1a14c1191a95781f,70b1d4957ce9b577c59d0723a4198dedf7518e0366bf785d1a14c1191a95781f,4cb2e2dce65b3ee82f35d34abb280a44d7dded926f41e45913656dee68c5b0d1,section.associated_primary.0003,
formula.associated_primary.0161,root.cring.associated_primary,175,formula,inline-dollar,193,193,193,193,,,37dc2d1ce8841234f014cd77a863d741f18b202f7b1b330d787786b58df0f3e4,37dc2d1ce8841234f014cd77a863d741f18b202f7b1b330d787786b58df0f3e4,68e162ff4771743088dd2f5dd5d75360c94fd09aef1e830f5682519efcf69bf5,section.associated_primary.0003,
formula.associated_primary.0162,root.cring.associated_primary,176,formula,inline-dollar,195,195,195,195,,,fab0d6ba88b807c4cb2d2e4e2903e8b0a5f5e22c6fcd3baa93695c0bb705c379,fab0d6ba88b807c4cb2d2e4e2903e8b0a5f5e22c6fcd3baa93695c0bb705c379,a2b487ab36233c0c598b76261b10e279fa433178aef9aeb1e4c6d170dcb5e3a9,section.associated_primary.0003,
formula.associated_primary.0163,root.cring.associated_primary,177,formula,inline-dollar,195,195,195,195,,,1075a6c56cbe3aab2a4fc6aa23edf4b798356b1cc557340b5b24424cc43b884f,1075a6c56cbe3aab2a4fc6aa23edf4b798356b1cc557340b5b24424cc43b884f,1075a6c56cbe3aab2a4fc6aa23edf4b798356b1cc557340b5b24424cc43b884f,section.associated_primary.0003,
formula.associated_primary.0164,root.cring.associated_primary,178,formula,inline-dollar,196,196,196,196,,,68a7e875b8ee89896b6ffa3c0c6609a49ef22c537f0acc3c6b9a0222f8d2c03f,68a7e875b8ee89896b6ffa3c0c6609a49ef22c537f0acc3c6b9a0222f8d2c03f,68a7e875b8ee89896b6ffa3c0c6609a49ef22c537f0acc3c6b9a0222f8d2c03f,section.associated_primary.0003,
formula.associated_primary.0165,root.cring.associated_primary,179,formula,inline-dollar,196,196,196,196,,,22bf003d6cac79e1d917cacdab9539c5d59468c02c22d29c08df00834ee4bbe6,22bf003d6cac79e1d917cacdab9539c5d59468c02c22d29c08df00834ee4bbe6,22bf003d6cac79e1d917cacdab9539c5d59468c02c22d29c08df00834ee4bbe6,section.associated_primary.0003,
formula.associated_primary.0166,root.cring.associated_primary,180,formula,inline-dollar,196,196,196,196,,,8ea4b1bb6d742fbf6587295b283831259715c62566e24e8e26b683134b5dac98,8ea4b1bb6d742fbf6587295b283831259715c62566e24e8e26b683134b5dac98,53d500b3d746b26abe8f0f5035868b93f5637d452569e1a37050106b71ce2796,section.associated_primary.0003,
formula.associated_primary.0167,root.cring.associated_primary,181,formula,inline-dollar,197,197,197,197,,,c85f88eff22929140c8df7eec94d88847690ac08e9f3d3581f9fbb8503cdff7d,c85f88eff22929140c8df7eec94d88847690ac08e9f3d3581f9fbb8503cdff7d,7ff3396768207e3a70aa32e55b8d18a1354681e765abe7676facffa17a0a1503,section.associated_primary.0003,
formula.associated_primary.0168,root.cring.associated_primary,182,formula,inline-dollar,197,197,197,197,,,6c236f08d75cf85f97b17a934c3510a29d2e0e48b2e16e2b1d99db0c4b4c7431,6c236f08d75cf85f97b17a934c3510a29d2e0e48b2e16e2b1d99db0c4b4c7431,55c10ea17404c6a35b967f5d10a1b96ef40afb0a727ff8f28e4705cb338f2469,section.associated_primary.0003,
formula.associated_primary.0169,root.cring.associated_primary,183,formula,inline-dollar,197,198,197,198,,,acc2aeae067437afc079d2b16b9ca1833d3f96e9da74a92f726bb3a4e8b6f2fb,acc2aeae067437afc079d2b16b9ca1833d3f96e9da74a92f726bb3a4e8b6f2fb,1e59fdb459c1ea18a2bddd698a5b0e136e459d02e5b7ea0b30a4db3b281e8d66,section.associated_primary.0003,
formula.associated_primary.0170,root.cring.associated_primary,184,formula,inline-dollar,198,198,198,198,,,1ea9abc56f28bbf2b9535241fc89823396f58697154e8d0cda20072e7bfb8e2e,1ea9abc56f28bbf2b9535241fc89823396f58697154e8d0cda20072e7bfb8e2e,e2109b6d698f45fedb206359330457b62777e8679fd534d727a923bbef621484,section.associated_primary.0003,
formula.associated_primary.0171,root.cring.associated_primary,185,formula,inline-dollar,198,198,198,198,,,56afe50c3c488d9f9f7d8952c2af3e41f2e89f6103b9a6946f085db4dd559273,56afe50c3c488d9f9f7d8952c2af3e41f2e89f6103b9a6946f085db4dd559273,fda0c50c45f955d311997dc213a7173756d553ed0a11814cb2a5ab9014c61946,section.associated_primary.0003,
formula.associated_primary.0172,root.cring.associated_primary,186,formula,inline-dollar,198,198,198,198,,,5f0dc1106c1d00d641a17666271f3d21c1b002d60d8e435ef12b551d46cb990b,5f0dc1106c1d00d641a17666271f3d21c1b002d60d8e435ef12b551d46cb990b,b5072bbe2426ce211bb1fe258422cac4b6d403c0397ceb84f2c0a96e2cb221bc,section.associated_primary.0003,
theorem.associated_primary.0005,root.cring.associated_primary,187,theorem,proposition,206,211,206,211,D{\'e}vissage,D{\'e}vissage,ac90278fbd8437677b57d6b940da7028485d28f16a61bb9aea0c7de4761350ca,efd8357b2fa65d0db8c56d91919e93f99a9ca8c0e1393f0d88661165e6119a29,,section.associated_primary.0003,label.associated_primary.0004|label.associated_primary.0005
formula.associated_primary.0173,root.cring.associated_primary,188,formula,inline-dollar,207,207,207,207,,,a28faf6143663643c867a9e6316c985e9cef6a6ed418572e97343866efcfe288,a28faf6143663643c867a9e6316c985e9cef6a6ed418572e97343866efcfe288,a28faf6143663643c867a9e6316c985e9cef6a6ed418572e97343866efcfe288,section.associated_primary.0003,
formula.associated_primary.0174,root.cring.associated_primary,189,formula,inline-dollar,207,207,207,207,,,29742240025756815de7b4dc24b2f1de69b9148b4ec37f961ccb4d9b4836ab30,29742240025756815de7b4dc24b2f1de69b9148b4ec37f961ccb4d9b4836ab30,29742240025756815de7b4dc24b2f1de69b9148b4ec37f961ccb4d9b4836ab30,section.associated_primary.0003,
formula.associated_primary.0175,root.cring.associated_primary,190,formula,display-bracket,208,208,208,208,,,f3e193f01064d8a3e7b36f784cfb02c8565d7d20aa94f70b4e4070b155875d61,f3e193f01064d8a3e7b36f784cfb02c8565d7d20aa94f70b4e4070b155875d61,67cc30af4b9d002c9f2b516ec295c69e1891bc8b65dcfbd65670afc0754cc220,section.associated_primary.0003,
formula.associated_primary.0176,root.cring.associated_primary,191,formula,inline-dollar,209,209,209,209,,,54f9060f84360f4297762cc1af1b7a0a5a16d1cee1c85e08fcb428e2780702f2,54f9060f84360f4297762cc1af1b7a0a5a16d1cee1c85e08fcb428e2780702f2,54f9060f84360f4297762cc1af1b7a0a5a16d1cee1c85e08fcb428e2780702f2,section.associated_primary.0003,
formula.associated_primary.0177,root.cring.associated_primary,192,formula,inline-dollar,210,210,210,210,,,acfcba385a752da9c1a32a3c5bc591d98f88287118559aa82c0cb34a6ad73695,acfcba385a752da9c1a32a3c5bc591d98f88287118559aa82c0cb34a6ad73695,acfcba385a752da9c1a32a3c5bc591d98f88287118559aa82c0cb34a6ad73695,section.associated_primary.0003,
formula.associated_primary.0178,root.cring.associated_primary,193,formula,inline-dollar,210,210,210,210,,,23f567de0e67f278bd1fcbd4056758ef8cb044116e31c3f8b2d66b30a15c0871,23f567de0e67f278bd1fcbd4056758ef8cb044116e31c3f8b2d66b30a15c0871,69eb6ed0c1377a9169022de239c712636b2aaaad66dbb0843ac0152687228fa9,section.associated_primary.0003,
formula.associated_primary.0179,root.cring.associated_primary,194,formula,inline-dollar,213,213,213,213,,,0a11d30c3ec23bf3b4a90ecf77870c9547fae41b0267d76da628dbe960b1c14d,0a11d30c3ec23bf3b4a90ecf77870c9547fae41b0267d76da628dbe960b1c14d,358bbb638ba0c7e6b93ef05c0a54b43929322f754e5699418fe83d63b86c0593,section.associated_primary.0003,
formula.associated_primary.0180,root.cring.associated_primary,195,formula,inline-dollar,214,214,214,214,,,4d8caf62591141cda61469202e431821c33cc2129c797f51e0a5fb3e52403543,4d8caf62591141cda61469202e431821c33cc2129c797f51e0a5fb3e52403543,4d8caf62591141cda61469202e431821c33cc2129c797f51e0a5fb3e52403543,section.associated_primary.0003,
formula.associated_primary.0181,root.cring.associated_primary,196,formula,inline-dollar,215,215,215,215,,,5d9b22f299a673d6e18c38b7e67b4a9275afd02b697c4d5018d94e7ea8f91e60,5d9b22f299a673d6e18c38b7e67b4a9275afd02b697c4d5018d94e7ea8f91e60,ec61167e86bcc54f82722d9e1400482ff1d38b98da85822808daba5fba78c6c7,section.associated_primary.0003,
formula.associated_primary.0182,root.cring.associated_primary,197,formula,inline-dollar,215,215,215,215,,,4d8caf62591141cda61469202e431821c33cc2129c797f51e0a5fb3e52403543,4d8caf62591141cda61469202e431821c33cc2129c797f51e0a5fb3e52403543,4d8caf62591141cda61469202e431821c33cc2129c797f51e0a5fb3e52403543,section.associated_primary.0003,
formula.associated_primary.0183,root.cring.associated_primary,198,formula,inline-dollar,216,216,216,216,,,04059783893b129d925417c55e95e559c8d4be599ebd2ca55aa2472bc9007f90,04059783893b129d925417c55e95e559c8d4be599ebd2ca55aa2472bc9007f90,04059783893b129d925417c55e95e559c8d4be599ebd2ca55aa2472bc9007f90,section.associated_primary.0003,
formula.associated_primary.0184,root.cring.associated_primary,199,formula,inline-dollar,216,216,216,216,,,29742240025756815de7b4dc24b2f1de69b9148b4ec37f961ccb4d9b4836ab30,29742240025756815de7b4dc24b2f1de69b9148b4ec37f961ccb4d9b4836ab30,29742240025756815de7b4dc24b2f1de69b9148b4ec37f961ccb4d9b4836ab30,section.associated_primary.0003,
formula.associated_primary.0185,root.cring.associated_primary,200,formula,display-bracket,220,220,220,220,,,9ceac65113a20ed253a7fadaf57e12f779868887e8de0a8678cb1fdbc75d6864,9ceac65113a20ed253a7fadaf57e12f779868887e8de0a8678cb1fdbc75d6864,c3db7502a1bbf1926090ae6adf4fd0a1c1c1205e9c8896e1f13e135ae0b95155,section.associated_primary.0003,
formula.associated_primary.0186,root.cring.associated_primary,201,formula,inline-dollar,221,221,221,221,,,74990a6bf9fd87dc53427e511b033a3da3c020a518070c48b30eee572d7b1eba,74990a6bf9fd87dc53427e511b033a3da3c020a518070c48b30eee572d7b1eba,74990a6bf9fd87dc53427e511b033a3da3c020a518070c48b30eee572d7b1eba,section.associated_primary.0003,
formula.associated_primary.0187,root.cring.associated_primary,202,formula,inline-dollar,222,222,222,222,,,1624bd58dd27e6753134b41bbe75b3c46c3838741f18458114b24a220e86ee1a,1624bd58dd27e6753134b41bbe75b3c46c3838741f18458114b24a220e86ee1a,acfcba385a752da9c1a32a3c5bc591d98f88287118559aa82c0cb34a6ad73695,section.associated_primary.0003,
formula.associated_primary.0188,root.cring.associated_primary,203,formula,inline-dollar,222,222,222,222,,,a34ee0f1ef144ba27f4674aa2db6ca07013369cb92a4bb6cdbd14c8695761711,a34ee0f1ef144ba27f4674aa2db6ca07013369cb92a4bb6cdbd14c8695761711,aa2189e6346e79c8db85a6e5be0b86a85e5e8fc78377fc25380d53b8da6c6cf9,section.associated_primary.0003,
formula.associated_primary.0189,root.cring.associated_primary,204,formula,inline-dollar,223,223,223,223,,,5d9b22f299a673d6e18c38b7e67b4a9275afd02b697c4d5018d94e7ea8f91e60,5d9b22f299a673d6e18c38b7e67b4a9275afd02b697c4d5018d94e7ea8f91e60,ec61167e86bcc54f82722d9e1400482ff1d38b98da85822808daba5fba78c6c7,section.associated_primary.0003,
formula.associated_primary.0190,root.cring.associated_primary,205,formula,inline-dollar,224,224,224,224,,,64a45364fda0ff37855e54af5cd5d1173c141cef1a2ee6032f5d8e51b3b2cb76,64a45364fda0ff37855e54af5cd5d1173c141cef1a2ee6032f5d8e51b3b2cb76,817c106219b61f3be0d73d51d3db9fa279b65c10ce190b2c0366facc9473c51f,section.associated_primary.0003,
formula.associated_primary.0191,root.cring.associated_primary,206,formula,inline-dollar,224,224,224,224,,,74990a6bf9fd87dc53427e511b033a3da3c020a518070c48b30eee572d7b1eba,74990a6bf9fd87dc53427e511b033a3da3c020a518070c48b30eee572d7b1eba,74990a6bf9fd87dc53427e511b033a3da3c020a518070c48b30eee572d7b1eba,section.associated_primary.0003,
formula.associated_primary.0192,root.cring.associated_primary,207,formula,inline-dollar,225,225,225,225,,,1075a6c56cbe3aab2a4fc6aa23edf4b798356b1cc557340b5b24424cc43b884f,1075a6c56cbe3aab2a4fc6aa23edf4b798356b1cc557340b5b24424cc43b884f,1075a6c56cbe3aab2a4fc6aa23edf4b798356b1cc557340b5b24424cc43b884f,section.associated_primary.0003,
formula.associated_primary.0193,root.cring.associated_primary,208,formula,inline-dollar,225,225,225,225,,,8790ad983dcb671bb7bc0d8c8c19242f63a32bd488d75aefc2736c29f688ba8e,8790ad983dcb671bb7bc0d8c8c19242f63a32bd488d75aefc2736c29f688ba8e,ecb60da3406bd88043999a6933116fa27f7120b068cb5a0ff608daa8d770bf05,section.associated_primary.0003,
formula.associated_primary.0194,root.cring.associated_primary,209,formula,display-bracket,227,227,227,227,,,8e632f52d30db334feff99cbd9afa0ea715e3a96d9848fd8f8abb6478605e1a4,8e632f52d30db334feff99cbd9afa0ea715e3a96d9848fd8f8abb6478605e1a4,a627ef68a4c5bc1db42f950615299f4538a069e2fe7737a7b42747e3ca21a4fc,section.associated_primary.0003,
formula.associated_primary.0195,root.cring.associated_primary,210,formula,inline-dollar,228,228,228,228,,,ceadd41ed95edc50719549ae44a0dc96c991c23123a833d21dfc669559cd10fa,ceadd41ed95edc50719549ae44a0dc96c991c23123a833d21dfc669559cd10fa,ceadd41ed95edc50719549ae44a0dc96c991c23123a833d21dfc669559cd10fa,section.associated_primary.0003,
formula.associated_primary.0196,root.cring.associated_primary,211,formula,inline-dollar,228,228,228,228,,,29742240025756815de7b4dc24b2f1de69b9148b4ec37f961ccb4d9b4836ab30,29742240025756815de7b4dc24b2f1de69b9148b4ec37f961ccb4d9b4836ab30,29742240025756815de7b4dc24b2f1de69b9148b4ec37f961ccb4d9b4836ab30,section.associated_primary.0003,
formula.associated_primary.0197,root.cring.associated_primary,212,formula,inline-dollar,229,229,229,229,,,2d84adb8718b61a1cc8fbf402df46bb8c562acc722473277ed91dfe63b906229,2d84adb8718b61a1cc8fbf402df46bb8c562acc722473277ed91dfe63b906229,0eb0bb04bec61ed29291fd56888a8a8e7420de8faa6e9b6830a0845e680324ec,section.associated_primary.0003,
formula.associated_primary.0198,root.cring.associated_primary,213,formula,display-bracket,231,231,231,231,,,1df288415872ccb42aa32b9bbbacf560c8adea0a03b629392d94cf096d3e6b74,1df288415872ccb42aa32b9bbbacf560c8adea0a03b629392d94cf096d3e6b74,06550e19a11a9c2e26d1b95e54581259ffed0010ba5eceaa13aefa10aa0e9881,section.associated_primary.0003,
formula.associated_primary.0199,root.cring.associated_primary,214,formula,inline-dollar,232,232,232,232,,,acfcba385a752da9c1a32a3c5bc591d98f88287118559aa82c0cb34a6ad73695,acfcba385a752da9c1a32a3c5bc591d98f88287118559aa82c0cb34a6ad73695,acfcba385a752da9c1a32a3c5bc591d98f88287118559aa82c0cb34a6ad73695,section.associated_primary.0003,
formula.associated_primary.0200,root.cring.associated_primary,215,formula,inline-dollar,233,233,233,233,,,80bf2539fd60938246492664abb3fbc18b768d6d0e1f11d2dfcff62450c1460c,80bf2539fd60938246492664abb3fbc18b768d6d0e1f11d2dfcff62450c1460c,fa6806d3a6284d9f79b4a277adada5eb46e96f9d1e985f37eccf0e086002d478,section.associated_primary.0003,
formula.associated_primary.0201,root.cring.associated_primary,216,formula,inline-dollar,236,236,236,236,,,4d8caf62591141cda61469202e431821c33cc2129c797f51e0a5fb3e52403543,4d8caf62591141cda61469202e431821c33cc2129c797f51e0a5fb3e52403543,4d8caf62591141cda61469202e431821c33cc2129c797f51e0a5fb3e52403543,section.associated_primary.0003,
formula.associated_primary.0202,root.cring.associated_primary,217,formula,inline-dollar,239,239,239,239,,,2cb16fd34f2ee5ef77e15704449cbe74018adc25af8d04167a98bf0c639f12d5,2cb16fd34f2ee5ef77e15704449cbe74018adc25af8d04167a98bf0c639f12d5,2cb16fd34f2ee5ef77e15704449cbe74018adc25af8d04167a98bf0c639f12d5,section.associated_primary.0003,
formula.associated_primary.0203,root.cring.associated_primary,218,formula,inline-dollar,242,242,242,242,,,29742240025756815de7b4dc24b2f1de69b9148b4ec37f961ccb4d9b4836ab30,29742240025756815de7b4dc24b2f1de69b9148b4ec37f961ccb4d9b4836ab30,29742240025756815de7b4dc24b2f1de69b9148b4ec37f961ccb4d9b4836ab30,section.associated_primary.0003,
formula.associated_primary.0204,root.cring.associated_primary,219,formula,display-bracket,243,243,243,243,,,830963bed2a299cb3c0d0a3145ed9c134c10835f12c081c90c990a325b1c3036,830963bed2a299cb3c0d0a3145ed9c134c10835f12c081c90c990a325b1c3036,961d9b209ee83bdd98aa3bd75998de25fdb55564618e2a3beee55b7665d55bfe,section.associated_primary.0003,
formula.associated_primary.0205,root.cring.associated_primary,220,formula,inline-dollar,244,244,244,244,,,02b10be9b78b6150ef24670497a2434e31272e045328f56574dc52e90ceb9270,02b10be9b78b6150ef24670497a2434e31272e045328f56574dc52e90ceb9270,02b10be9b78b6150ef24670497a2434e31272e045328f56574dc52e90ceb9270,section.associated_primary.0003,
formula.associated_primary.0206,root.cring.associated_primary,221,formula,inline-dollar,244,244,244,244,,,566ce35497d2b07c5147093d9ed70d8e54fdfbb259f9ad5d2607533994a1a6d8,566ce35497d2b07c5147093d9ed70d8e54fdfbb259f9ad5d2607533994a1a6d8,566ce35497d2b07c5147093d9ed70d8e54fdfbb259f9ad5d2607533994a1a6d8,section.associated_primary.0003,
formula.associated_primary.0207,root.cring.associated_primary,222,formula,inline-dollar,245,245,245,245,,,a8015f137d177b5e751bd172d74778eb1af19973ef5320f36a8f848ebf29386d,a8015f137d177b5e751bd172d74778eb1af19973ef5320f36a8f848ebf29386d,a8015f137d177b5e751bd172d74778eb1af19973ef5320f36a8f848ebf29386d,section.associated_primary.0003,
formula.associated_primary.0208,root.cring.associated_primary,223,formula,inline-dollar,245,245,245,245,,,02b10be9b78b6150ef24670497a2434e31272e045328f56574dc52e90ceb9270,02b10be9b78b6150ef24670497a2434e31272e045328f56574dc52e90ceb9270,02b10be9b78b6150ef24670497a2434e31272e045328f56574dc52e90ceb9270,section.associated_primary.0003,
formula.associated_primary.0209,root.cring.associated_primary,224,formula,inline-dollar,246,246,246,246,,,60ba1b9e769594b2581111743575cac2b0340d0a619035dce9a47865099ba3a1,60ba1b9e769594b2581111743575cac2b0340d0a619035dce9a47865099ba3a1,60ba1b9e769594b2581111743575cac2b0340d0a619035dce9a47865099ba3a1,section.associated_primary.0003,
formula.associated_primary.0210,root.cring.associated_primary,225,formula,display-bracket,247,247,247,247,,,1e14d5e9ca26db3878546f76452a551b58e7ed05887a8d97dda06322d3ba6cc5,1e14d5e9ca26db3878546f76452a551b58e7ed05887a8d97dda06322d3ba6cc5,2549e5bd2a8b399faf0007a6389a85a8826ed4ff032cc7c17672b088a0888d02,section.associated_primary.0003,
formula.associated_primary.0211,root.cring.associated_primary,226,formula,display-bracket,249,250,249,250,,,ceb6f1f33bbd6e5dad9ad469741547ff394acafcd7d0f17a7f36f8b4c565ed52,ceb6f1f33bbd6e5dad9ad469741547ff394acafcd7d0f17a7f36f8b4c565ed52,e6f7a2203da13d24fe9d0f48e0f96cc4d9723af66150d383136c0bcff4bffea7,section.associated_primary.0003,
formula.associated_primary.0212,root.cring.associated_primary,227,formula,inline-dollar,251,251,251,251,,,60ba1b9e769594b2581111743575cac2b0340d0a619035dce9a47865099ba3a1,60ba1b9e769594b2581111743575cac2b0340d0a619035dce9a47865099ba3a1,60ba1b9e769594b2581111743575cac2b0340d0a619035dce9a47865099ba3a1,section.associated_primary.0003,
formula.associated_primary.0213,root.cring.associated_primary,228,formula,inline-dollar,252,252,252,252,,,02b10be9b78b6150ef24670497a2434e31272e045328f56574dc52e90ceb9270,02b10be9b78b6150ef24670497a2434e31272e045328f56574dc52e90ceb9270,02b10be9b78b6150ef24670497a2434e31272e045328f56574dc52e90ceb9270,section.associated_primary.0003,
formula.associated_primary.0214,root.cring.associated_primary,229,formula,inline-dollar,252,252,252,252,,,566ce35497d2b07c5147093d9ed70d8e54fdfbb259f9ad5d2607533994a1a6d8,566ce35497d2b07c5147093d9ed70d8e54fdfbb259f9ad5d2607533994a1a6d8,566ce35497d2b07c5147093d9ed70d8e54fdfbb259f9ad5d2607533994a1a6d8,section.associated_primary.0003,
formula.associated_primary.0215,root.cring.associated_primary,230,formula,inline-dollar,259,259,259,259,,,29742240025756815de7b4dc24b2f1de69b9148b4ec37f961ccb4d9b4836ab30,29742240025756815de7b4dc24b2f1de69b9148b4ec37f961ccb4d9b4836ab30,29742240025756815de7b4dc24b2f1de69b9148b4ec37f961ccb4d9b4836ab30,section.associated_primary.0003,
formula.associated_primary.0216,root.cring.associated_primary,231,formula,inline-dollar,261,261,261,261,,,a28faf6143663643c867a9e6316c985e9cef6a6ed418572e97343866efcfe288,a28faf6143663643c867a9e6316c985e9cef6a6ed418572e97343866efcfe288,a28faf6143663643c867a9e6316c985e9cef6a6ed418572e97343866efcfe288,section.associated_primary.0003,
formula.associated_primary.0217,root.cring.associated_primary,232,formula,inline-dollar,261,261,261,261,,,bb4bc0183a7d484898e30fb7e41308e47e36e9e66bfcbec48d7c181b9de666c4,bb4bc0183a7d484898e30fb7e41308e47e36e9e66bfcbec48d7c181b9de666c4,bb4bc0183a7d484898e30fb7e41308e47e36e9e66bfcbec48d7c181b9de666c4,section.associated_primary.0003,
formula.associated_primary.0218,root.cring.associated_primary,233,formula,inline-dollar,262,262,262,262,,,bb4bc0183a7d484898e30fb7e41308e47e36e9e66bfcbec48d7c181b9de666c4,bb4bc0183a7d484898e30fb7e41308e47e36e9e66bfcbec48d7c181b9de666c4,bb4bc0183a7d484898e30fb7e41308e47e36e9e66bfcbec48d7c181b9de666c4,section.associated_primary.0003,
formula.associated_primary.0219,root.cring.associated_primary,234,formula,inline-dollar,264,264,264,264,,,29742240025756815de7b4dc24b2f1de69b9148b4ec37f961ccb4d9b4836ab30,29742240025756815de7b4dc24b2f1de69b9148b4ec37f961ccb4d9b4836ab30,29742240025756815de7b4dc24b2f1de69b9148b4ec37f961ccb4d9b4836ab30,section.associated_primary.0003,
formula.associated_primary.0220,root.cring.associated_primary,235,formula,inline-dollar,264,264,264,264,,,6eb07ae14643da02a106dba9f6b5673f31c7274c8811f60a67cfe044aa8014c4,6eb07ae14643da02a106dba9f6b5673f31c7274c8811f60a67cfe044aa8014c4,33d91eee78fe76ef180995d8931249e80ab7a44d630fcc998c322266f56746f2,section.associated_primary.0003,
theorem.associated_primary.0006,root.cring.associated_primary,236,theorem,proposition,266,273,266,273,,,4ea9e1af8f1253257a174f06ea8568c31385b03fc4812cebcdf577e97d80ec97,b3100a8920be4ef18edf80055572255b696b9aeae0a7c8c72a62aa6060f2324b,,section.associated_primary.0003,label.associated_primary.0006
formula.associated_primary.0221,root.cring.associated_primary,237,formula,inline-dollar,267,267,267,267,,,29742240025756815de7b4dc24b2f1de69b9148b4ec37f961ccb4d9b4836ab30,29742240025756815de7b4dc24b2f1de69b9148b4ec37f961ccb4d9b4836ab30,29742240025756815de7b4dc24b2f1de69b9148b4ec37f961ccb4d9b4836ab30,section.associated_primary.0003,
formula.associated_primary.0222,root.cring.associated_primary,238,formula,inline-dollar,267,267,267,267,,,a28faf6143663643c867a9e6316c985e9cef6a6ed418572e97343866efcfe288,a28faf6143663643c867a9e6316c985e9cef6a6ed418572e97343866efcfe288,a28faf6143663643c867a9e6316c985e9cef6a6ed418572e97343866efcfe288,section.associated_primary.0003,
formula.associated_primary.0223,root.cring.associated_primary,239,formula,inline-dollar,268,268,268,268,,,29742240025756815de7b4dc24b2f1de69b9148b4ec37f961ccb4d9b4836ab30,29742240025756815de7b4dc24b2f1de69b9148b4ec37f961ccb4d9b4836ab30,29742240025756815de7b4dc24b2f1de69b9148b4ec37f961ccb4d9b4836ab30,section.associated_primary.0003,
formula.associated_primary.0224,root.cring.associated_primary,240,formula,inline-dollar,268,269,268,269,,,9150db260a267b223fe95524618e7232a20e14bc4ba240f58eda4444379d80d5,9150db260a267b223fe95524618e7232a20e14bc4ba240f58eda4444379d80d5,07af21b3b1c9d22b713927122677b546820956557e31b917122b42f908e7c24f,section.associated_primary.0003,
formula.associated_primary.0225,root.cring.associated_primary,241,formula,inline-dollar,271,271,271,271,,,c8f02a33709def358429967a8c1f402f5baab98fc6ea5a76727dda167714332e,c8f02a33709def358429967a8c1f402f5baab98fc6ea5a76727dda167714332e,ad3337ea466e110f010a458938ec5962bd3ffae7c67ecda679d550652565919a,section.associated_primary.0003,
formula.associated_primary.0226,root.cring.associated_primary,242,formula,inline-dollar,272,272,272,272,,,29742240025756815de7b4dc24b2f1de69b9148b4ec37f961ccb4d9b4836ab30,29742240025756815de7b4dc24b2f1de69b9148b4ec37f961ccb4d9b4836ab30,29742240025756815de7b4dc24b2f1de69b9148b4ec37f961ccb4d9b4836ab30,section.associated_primary.0003,
formula.associated_primary.0227,root.cring.associated_primary,243,formula,inline-dollar,272,272,272,272,,,4a1f941b3c6f426ec08de78c17e2f80f07a8b789701ba6b25126da00fab1231c,4a1f941b3c6f426ec08de78c17e2f80f07a8b789701ba6b25126da00fab1231c,4a1f941b3c6f426ec08de78c17e2f80f07a8b789701ba6b25126da00fab1231c,section.associated_primary.0003,
formula.associated_primary.0228,root.cring.associated_primary,244,formula,inline-dollar,275,275,275,275,,,29742240025756815de7b4dc24b2f1de69b9148b4ec37f961ccb4d9b4836ab30,29742240025756815de7b4dc24b2f1de69b9148b4ec37f961ccb4d9b4836ab30,29742240025756815de7b4dc24b2f1de69b9148b4ec37f961ccb4d9b4836ab30,section.associated_primary.0003,
formula.associated_primary.0229,root.cring.associated_primary,245,formula,inline-dollar,276,276,276,276,,,2d9b080e97c144a29ef36fcd61a7fcb863e4e825bd50aa559581bcef2061fd1e,2d9b080e97c144a29ef36fcd61a7fcb863e4e825bd50aa559581bcef2061fd1e,e4c505ba4f1fceb07fd43648d558dfd5fde21be3b456cee6241f175c0e94cd89,section.associated_primary.0003,
formula.associated_primary.0230,root.cring.associated_primary,246,formula,inline-dollar,276,276,276,276,,,ea2434f79ab9465a372dd7231976fff0f5b1d64b8266420369f900f070b3936b,ea2434f79ab9465a372dd7231976fff0f5b1d64b8266420369f900f070b3936b,dc1281739453ad2beda5815c063144ead8e23fe9921d8a4f18a66189f04f507f,section.associated_primary.0003,
formula.associated_primary.0231,root.cring.associated_primary,247,formula,inline-dollar,276,276,276,276,,,401c22f57c1a7b3fd9bfbab993a1217702bf668f556921022a06b811573d8f24,401c22f57c1a7b3fd9bfbab993a1217702bf668f556921022a06b811573d8f24,401c22f57c1a7b3fd9bfbab993a1217702bf668f556921022a06b811573d8f24,section.associated_primary.0003,
formula.associated_primary.0232,root.cring.associated_primary,248,formula,inline-dollar,277,277,277,277,,,548a2187c8bc046734b7b66fa2feb3eccbb48077a42061d00d12475b9dd61d89,548a2187c8bc046734b7b66fa2feb3eccbb48077a42061d00d12475b9dd61d89,d33be05df727cc9a99fbe0dde545bcd83c7d0967570d56bcb258c5df04aff1a9,section.associated_primary.0003,
formula.associated_primary.0233,root.cring.associated_primary,249,formula,inline-dollar,280,280,280,280,,,4a1f941b3c6f426ec08de78c17e2f80f07a8b789701ba6b25126da00fab1231c,4a1f941b3c6f426ec08de78c17e2f80f07a8b789701ba6b25126da00fab1231c,4a1f941b3c6f426ec08de78c17e2f80f07a8b789701ba6b25126da00fab1231c,section.associated_primary.0003,
formula.associated_primary.0234,root.cring.associated_primary,250,formula,inline-dollar,281,281,281,281,,,4a1f941b3c6f426ec08de78c17e2f80f07a8b789701ba6b25126da00fab1231c,4a1f941b3c6f426ec08de78c17e2f80f07a8b789701ba6b25126da00fab1231c,4a1f941b3c6f426ec08de78c17e2f80f07a8b789701ba6b25126da00fab1231c,section.associated_primary.0003,
formula.associated_primary.0235,root.cring.associated_primary,251,formula,inline-dollar,281,282,281,282,,,9150db260a267b223fe95524618e7232a20e14bc4ba240f58eda4444379d80d5,9150db260a267b223fe95524618e7232a20e14bc4ba240f58eda4444379d80d5,07af21b3b1c9d22b713927122677b546820956557e31b917122b42f908e7c24f,section.associated_primary.0003,
formula.associated_primary.0236,root.cring.associated_primary,252,formula,inline-dollar,283,283,283,283,,,4a1f941b3c6f426ec08de78c17e2f80f07a8b789701ba6b25126da00fab1231c,4a1f941b3c6f426ec08de78c17e2f80f07a8b789701ba6b25126da00fab1231c,4a1f941b3c6f426ec08de78c17e2f80f07a8b789701ba6b25126da00fab1231c,section.associated_primary.0003,
exercise.associated_primary.0004,root.cring.associated_primary,253,exercise,exercise,288,301,288,301,,,c86c8573a4913a6f94a27f338ea8182330dc45bd0c8e5602e6840751dced4cd9,65c9e6042d6860fdbfa5c63226cae492f2c2f2b4fe5e9ebae54af2d49b3fe2d7,,section.associated_primary.0003,
formula.associated_primary.0237,root.cring.associated_primary,254,formula,inline-dollar,289,289,289,289,,,29742240025756815de7b4dc24b2f1de69b9148b4ec37f961ccb4d9b4836ab30,29742240025756815de7b4dc24b2f1de69b9148b4ec37f961ccb4d9b4836ab30,29742240025756815de7b4dc24b2f1de69b9148b4ec37f961ccb4d9b4836ab30,section.associated_primary.0003,
formula.associated_primary.0238,root.cring.associated_primary,255,formula,inline-dollar,289,289,289,289,,,a28faf6143663643c867a9e6316c985e9cef6a6ed418572e97343866efcfe288,a28faf6143663643c867a9e6316c985e9cef6a6ed418572e97343866efcfe288,a28faf6143663643c867a9e6316c985e9cef6a6ed418572e97343866efcfe288,section.associated_primary.0003,
formula.associated_primary.0239,root.cring.associated_primary,256,formula,inline-dollar,290,290,290,290,,,29742240025756815de7b4dc24b2f1de69b9148b4ec37f961ccb4d9b4836ab30,29742240025756815de7b4dc24b2f1de69b9148b4ec37f961ccb4d9b4836ab30,29742240025756815de7b4dc24b2f1de69b9148b4ec37f961ccb4d9b4836ab30,section.associated_primary.0003,
formula.associated_primary.0240,root.cring.associated_primary,257,formula,inline-dollar,290,290,290,290,,,ecb89967211924381616ab1cc4507986feffe710b16f6caac546b7a84f5e665a,ecb89967211924381616ab1cc4507986feffe710b16f6caac546b7a84f5e665a,ecb89967211924381616ab1cc4507986feffe710b16f6caac546b7a84f5e665a,section.associated_primary.0003,
formula.associated_primary.0241,root.cring.associated_primary,258,formula,inline-dollar,291,291,291,291,,,6a69b5de3a426615ddc2cd66ca01d484d509fa2b21b1032fdc70e458b4514c42,6a69b5de3a426615ddc2cd66ca01d484d509fa2b21b1032fdc70e458b4514c42,6a69b5de3a426615ddc2cd66ca01d484d509fa2b21b1032fdc70e458b4514c42,section.associated_primary.0003,
formula.associated_primary.0242,root.cring.associated_primary,259,formula,inline-dollar,292,292,292,292,,,ac0c2fa84f43192f54325b64b9603262a32becd5ae5ab9a16d27f2c755e23e49,ac0c2fa84f43192f54325b64b9603262a32becd5ae5ab9a16d27f2c755e23e49,7599461a632e74e3df340c123b2bcf311c8b4116d648f904803df8c3a6e60999,section.associated_primary.0003,
definition.associated_primary.0003,root.cring.associated_primary,260,definition,definition,294,298,294,298,,,5dd0aac6bd9366a4f8f185eada6d9036ffc592fd41092ec0ac47a9823eb87101,e68194c4f4229ce2a1d79acc181509daeb3f23d07acf9d55e366c35a11adf15f,,section.associated_primary.0003,
formula.associated_primary.0243,root.cring.associated_primary,261,formula,inline-dollar,295,295,295,295,,,e12eac7f1ab0c9a7760b2b62688de91f9f345fa370e05b00353bfeaca0966575,e12eac7f1ab0c9a7760b2b62688de91f9f345fa370e05b00353bfeaca0966575,e933b0effa92541676e3a5c8bba062a0edbfa75902f8d1e236e867ea0963d2e4,section.associated_primary.0003,
formula.associated_primary.0244,root.cring.associated_primary,262,formula,inline-dollar,296,296,296,296,,,9cfdb9c49ed5f47b28ee5d2d75141b65fe2f788755ebd76311b00ec89f254eb5,9cfdb9c49ed5f47b28ee5d2d75141b65fe2f788755ebd76311b00ec89f254eb5,1f4c353c0c19a2aa92e9eedff48467ebac32c26c8a60b10bae2b3a900e860efc,section.associated_primary.0003,
formula.associated_primary.0245,root.cring.associated_primary,263,formula,inline-dollar,296,296,296,296,,,70be73f92bc3575053387c5098f2e04904975229435319c230784af79cfe2199,70be73f92bc3575053387c5098f2e04904975229435319c230784af79cfe2199,167c98d0c77b7c778d99c6a7bc5491991b7170d157199db24e0c054e10f35bbf,section.associated_primary.0003,
formula.associated_primary.0246,root.cring.associated_primary,264,formula,inline-dollar,296,296,296,296,,,3ba6e2fd099218e6d9c1a9df67b08103c337f664e2f527acdf4db0a1aeb035fb,3ba6e2fd099218e6d9c1a9df67b08103c337f664e2f527acdf4db0a1aeb035fb,a8a0d6c5a582920b32a8f8cf18d255e2eb22b90a903c25eadbfbbd83315a85e8,section.associated_primary.0003,
formula.associated_primary.0247,root.cring.associated_primary,265,formula,inline-dollar,299,299,299,299,,,ecb89967211924381616ab1cc4507986feffe710b16f6caac546b7a84f5e665a,ecb89967211924381616ab1cc4507986feffe710b16f6caac546b7a84f5e665a,ecb89967211924381616ab1cc4507986feffe710b16f6caac546b7a84f5e665a,section.associated_primary.0003,
section.associated_primary.0004,root.cring.associated_primary,266,section,subsection,303,303,303,303,Localization and $\ass(M)$,Pelokalan dan $\ass(M)$,60d5c11d7d4c2b3c17c019b13c28dc7ea7f9f2eea96abe644bbac1209d05352e,f1381a42e0cc93180157365fb8b33177c80fe174843719a0fe093d20a1833f55,,section.associated_primary.0001,
formula.associated_primary.0248,root.cring.associated_primary,267,formula,inline-dollar,303,303,303,303,,,2cb16fd34f2ee5ef77e15704449cbe74018adc25af8d04167a98bf0c639f12d5,2cb16fd34f2ee5ef77e15704449cbe74018adc25af8d04167a98bf0c639f12d5,2cb16fd34f2ee5ef77e15704449cbe74018adc25af8d04167a98bf0c639f12d5,section.associated_primary.0004,
formula.associated_primary.0249,root.cring.associated_primary,268,formula,inline-dollar,305,305,305,305,,,7d3d8c5e388fcfe9d37e3ccf0da8032ee4efc3bd1e4925488fa338a4b67dad72,7d3d8c5e388fcfe9d37e3ccf0da8032ee4efc3bd1e4925488fa338a4b67dad72,e1002ee99db0e0bfebb5d60d1c21bb907eb2889bc1df09149b0e53f16257c5cc,section.associated_primary.0004,
formula.associated_primary.0250,root.cring.associated_primary,269,formula,inline-dollar,310,310,310,310,,,b977fb1bd4018e0fa303e0e912fddb3b8e1090c70081e464a50d61daaf2d3cd2,b977fb1bd4018e0fa303e0e912fddb3b8e1090c70081e464a50d61daaf2d3cd2,a28faf6143663643c867a9e6316c985e9cef6a6ed418572e97343866efcfe288,section.associated_primary.0004,
formula.associated_primary.0251,root.cring.associated_primary,270,formula,inline-dollar,310,310,310,310,,,29742240025756815de7b4dc24b2f1de69b9148b4ec37f961ccb4d9b4836ab30,29742240025756815de7b4dc24b2f1de69b9148b4ec37f961ccb4d9b4836ab30,29742240025756815de7b4dc24b2f1de69b9148b4ec37f961ccb4d9b4836ab30,section.associated_primary.0004,
formula.associated_primary.0252,root.cring.associated_primary,271,formula,inline-dollar,310,310,310,310,,,a28faf6143663643c867a9e6316c985e9cef6a6ed418572e97343866efcfe288,a28faf6143663643c867a9e6316c985e9cef6a6ed418572e97343866efcfe288,a28faf6143663643c867a9e6316c985e9cef6a6ed418572e97343866efcfe288,section.associated_primary.0004,
formula.associated_primary.0253,root.cring.associated_primary,272,formula,inline-dollar,311,311,311,311,,,718c5f937007e7a05f19441e218e08185fc4d1c4630f52827b13306054d5e7d6,718c5f937007e7a05f19441e218e08185fc4d1c4630f52827b13306054d5e7d6,da06b864d5c37975a7737f32bdd77afa4c5bb6961892603a9e41312376978f3c,section.associated_primary.0004,
formula.associated_primary.0254,root.cring.associated_primary,273,formula,inline-dollar,312,312,312,312,,,785d7351ffb2b5feb1753aff96498f49797b5c95eaed8a5ad9a76a6adcabf2bd,785d7351ffb2b5feb1753aff96498f49797b5c95eaed8a5ad9a76a6adcabf2bd,785d7351ffb2b5feb1753aff96498f49797b5c95eaed8a5ad9a76a6adcabf2bd,section.associated_primary.0004,
formula.associated_primary.0255,root.cring.associated_primary,274,formula,inline-dollar,313,313,313,313,,,785d7351ffb2b5feb1753aff96498f49797b5c95eaed8a5ad9a76a6adcabf2bd,785d7351ffb2b5feb1753aff96498f49797b5c95eaed8a5ad9a76a6adcabf2bd,785d7351ffb2b5feb1753aff96498f49797b5c95eaed8a5ad9a76a6adcabf2bd,section.associated_primary.0004,
formula.associated_primary.0256,root.cring.associated_primary,275,formula,inline-dollar,313,313,313,313,,,f3652f73bf4ddfab9c3e4af64a41bdc8f315ee8ede06011b2210898d150fe21b,f3652f73bf4ddfab9c3e4af64a41bdc8f315ee8ede06011b2210898d150fe21b,634e983af37928e9115b012e1ce40228190996ef34ca6927466ec0370dc487f0,section.associated_primary.0004,
formula.associated_primary.0257,root.cring.associated_primary,276,formula,inline-dollar,314,314,314,314,,,4fa4c75a77aad32d6044fce5d259c767bf6e7b2b1fb453195d5f96c35616ff99,4fa4c75a77aad32d6044fce5d259c767bf6e7b2b1fb453195d5f96c35616ff99,220877d9398da8ffb24f67c6d8444233aa05057d70960994bddfdb03a8b9f9c7,section.associated_primary.0004,
formula.associated_primary.0258,root.cring.associated_primary,277,formula,inline-dollar,314,315,314,315,,,f0c5cb5bdf2fe7ff591ef8c406406ce2074b1033be4fbc32c76a447000be9b9f,f0c5cb5bdf2fe7ff591ef8c406406ce2074b1033be4fbc32c76a447000be9b9f,3e8fd7044b02ba20834cb64831a8595d1585b2e070523c37cd52d5dfd1408e4c,section.associated_primary.0004,
formula.associated_primary.0259,root.cring.associated_primary,278,formula,inline-dollar,315,315,315,315,,,a28faf6143663643c867a9e6316c985e9cef6a6ed418572e97343866efcfe288,a28faf6143663643c867a9e6316c985e9cef6a6ed418572e97343866efcfe288,a28faf6143663643c867a9e6316c985e9cef6a6ed418572e97343866efcfe288,section.associated_primary.0004,
formula.associated_primary.0260,root.cring.associated_primary,279,formula,inline-dollar,315,315,315,315,,,fdf30f5db1f3424874da244595a2db648c7b056dc537a2b62eb64b4d26d827ef,fdf30f5db1f3424874da244595a2db648c7b056dc537a2b62eb64b4d26d827ef,fdf30f5db1f3424874da244595a2db648c7b056dc537a2b62eb64b4d26d827ef,section.associated_primary.0004,
formula.associated_primary.0261,root.cring.associated_primary,280,formula,inline-dollar,316,316,316,316,,,2cb16fd34f2ee5ef77e15704449cbe74018adc25af8d04167a98bf0c639f12d5,2cb16fd34f2ee5ef77e15704449cbe74018adc25af8d04167a98bf0c639f12d5,2cb16fd34f2ee5ef77e15704449cbe74018adc25af8d04167a98bf0c639f12d5,section.associated_primary.0004,
formula.associated_primary.0262,root.cring.associated_primary,281,formula,inline-dollar,316,316,316,316,,,2ae47adc05d62680aaeaf6aecbf00eb4cce1310a1597e16bb2eb1c186bad5487,2ae47adc05d62680aaeaf6aecbf00eb4cce1310a1597e16bb2eb1c186bad5487,2ae47adc05d62680aaeaf6aecbf00eb4cce1310a1597e16bb2eb1c186bad5487,section.associated_primary.0004,
formula.associated_primary.0263,root.cring.associated_primary,282,formula,inline-dollar,317,318,317,318,,,09e13963ae5975486cffd0200c4b72790ab215b68d3721849e30d2f05090db88,09e13963ae5975486cffd0200c4b72790ab215b68d3721849e30d2f05090db88,8b6b9963e8f67adadf826ee90e2c1c0458e8df1db871d220589fba48ae78a151,section.associated_primary.0004,
theorem.associated_primary.0007,root.cring.associated_primary,283,theorem,proposition,319,324,319,324,,,13c7053f1bfcc2a0a8214e7f4ce448fba002c5c868b38d0bff5c16ae5cb606d9,4ffed82da205aabe11b54f38ad97d5a160b996a7c814e160bd633decaa976de5,,section.associated_primary.0004,label.associated_primary.0007
formula.associated_primary.0264,root.cring.associated_primary,284,formula,inline-dollar,320,320,320,320,,,a28faf6143663643c867a9e6316c985e9cef6a6ed418572e97343866efcfe288,a28faf6143663643c867a9e6316c985e9cef6a6ed418572e97343866efcfe288,a28faf6143663643c867a9e6316c985e9cef6a6ed418572e97343866efcfe288,section.associated_primary.0004,
formula.associated_primary.0265,root.cring.associated_primary,285,formula,inline-dollar,320,320,320,320,,,29742240025756815de7b4dc24b2f1de69b9148b4ec37f961ccb4d9b4836ab30,29742240025756815de7b4dc24b2f1de69b9148b4ec37f961ccb4d9b4836ab30,29742240025756815de7b4dc24b2f1de69b9148b4ec37f961ccb4d9b4836ab30,section.associated_primary.0004,
formula.associated_primary.0266,root.cring.associated_primary,286,formula,inline-dollar,320,320,320,320,,,718c5f937007e7a05f19441e218e08185fc4d1c4630f52827b13306054d5e7d6,718c5f937007e7a05f19441e218e08185fc4d1c4630f52827b13306054d5e7d6,da06b864d5c37975a7737f32bdd77afa4c5bb6961892603a9e41312376978f3c,section.associated_primary.0004,
formula.associated_primary.0267,root.cring.associated_primary,287,formula,display-bracket,322,323,322,323,,,a4055f56764a14a448d21472339fbc238cdbfcaadd2c33e1b0967ed58609a09e,a4055f56764a14a448d21472339fbc238cdbfcaadd2c33e1b0967ed58609a09e,71c8d41b212addbf6e2e8da0165b4d8938b1915f5b6dcc18ef6bbc1ac7d25c73,section.associated_primary.0004,
formula.associated_primary.0268,root.cring.associated_primary,288,formula,inline-dollar,326,326,326,326,,,2ae47adc05d62680aaeaf6aecbf00eb4cce1310a1597e16bb2eb1c186bad5487,2ae47adc05d62680aaeaf6aecbf00eb4cce1310a1597e16bb2eb1c186bad5487,2ae47adc05d62680aaeaf6aecbf00eb4cce1310a1597e16bb2eb1c186bad5487,section.associated_primary.0004,
formula.associated_primary.0269,root.cring.associated_primary,289,formula,inline-dollar,327,327,327,327,,,fa147037e190cf3cb9881651db04508f2216dd52aa9078b9f8801ce982257b8b,fa147037e190cf3cb9881651db04508f2216dd52aa9078b9f8801ce982257b8b,f434e2ad7fd903a097c1ff73c74a2244e0f6e9ab55c4030efd51dc28947dda27,section.associated_primary.0004,
formula.associated_primary.0270,root.cring.associated_primary,290,formula,inline-dollar,329,329,329,329,,,9d0789fb9e315a0984747456debbb4d0f9fb049e25a1c9b02e6380366636e2e0,9d0789fb9e315a0984747456debbb4d0f9fb049e25a1c9b02e6380366636e2e0,4d4cf679f643429b6713083803b3936961c7c491861857759b76faeb24e50954,section.associated_primary.0004,
formula.associated_primary.0271,root.cring.associated_primary,291,formula,inline-dollar,330,330,330,330,,,40c4d61bb1fa017a6e65a695573d467a87f1def361e8a85a9e3495d4cb62820f,40c4d61bb1fa017a6e65a695573d467a87f1def361e8a85a9e3495d4cb62820f,49430c9e918836bb40a3de09be4526522e003f9fc85bd76ca71b206a8dbe754b,section.associated_primary.0004,
formula.associated_primary.0272,root.cring.associated_primary,292,formula,inline-dollar,330,330,330,330,,,7ee13fc3cf8610f6ad558124763eecfd8a2521ae9a02ecb44bd90bb803e23791,7ee13fc3cf8610f6ad558124763eecfd8a2521ae9a02ecb44bd90bb803e23791,0caab114b58a4bfe53a6ca3edaab20ef95e746582fae3e7ec0fd79908f21b45f,section.associated_primary.0004,
formula.associated_primary.0273,root.cring.associated_primary,293,formula,inline-dollar,330,331,330,331,,,3b6cc8067c78dba753b89413bf2ad78e967b4bca4906753d1ddbf8903cf625b7,3b6cc8067c78dba753b89413bf2ad78e967b4bca4906753d1ddbf8903cf625b7,dc1281739453ad2beda5815c063144ead8e23fe9921d8a4f18a66189f04f507f,section.associated_primary.0004,
formula.associated_primary.0274,root.cring.associated_primary,294,formula,inline-dollar,331,331,331,331,,,5ac2a47ec63186d6f1b305c3ea49a1980d09ed25e57e986561cf3a2b4bb32048,5ac2a47ec63186d6f1b305c3ea49a1980d09ed25e57e986561cf3a2b4bb32048,2dc3d6835acf15615b08e1b847008c8d0f8cc5a261b19f3869bcc3518f1db3ce,section.associated_primary.0004,
formula.associated_primary.0275,root.cring.associated_primary,295,formula,inline-dollar,331,331,331,331,,,c9c2f186a32b1ef680eba02557a14231e3c98095856719e0004de08acf8e08f7,c9c2f186a32b1ef680eba02557a14231e3c98095856719e0004de08acf8e08f7,c9c2f186a32b1ef680eba02557a14231e3c98095856719e0004de08acf8e08f7,section.associated_primary.0004,
formula.associated_primary.0276,root.cring.associated_primary,296,formula,inline-dollar,332,332,332,332,,,4651d2b5c1ec24310f2c0f05bb48790b2555c733e066face8e5fa018ef88525b,4651d2b5c1ec24310f2c0f05bb48790b2555c733e066face8e5fa018ef88525b,f1caf8c0acff3c9f3d2f6b2132cd7a85ee7e34d529e8e7fb4ceb4206a398fec0,section.associated_primary.0004,
formula.associated_primary.0277,root.cring.associated_primary,297,formula,inline-dollar,336,336,336,336,,,3b41a4f2e589126361f13ba434044bd49cbff8554ba6c681cbfbaf3de9e10d06,3b41a4f2e589126361f13ba434044bd49cbff8554ba6c681cbfbaf3de9e10d06,efabc86b56f83e62f22fddc7cb07d201c1da0e1738eac572b6817e03cc8e9613,section.associated_primary.0004,
formula.associated_primary.0278,root.cring.associated_primary,298,formula,inline-dollar,336,336,336,336,,,9b3351ac84c587e0e65eb0e3b199172a1dbdc32d0d588ecaac47a7c6a5d6d1a1,9b3351ac84c587e0e65eb0e3b199172a1dbdc32d0d588ecaac47a7c6a5d6d1a1,9b3351ac84c587e0e65eb0e3b199172a1dbdc32d0d588ecaac47a7c6a5d6d1a1,section.associated_primary.0004,
formula.associated_primary.0279,root.cring.associated_primary,299,formula,inline-dollar,337,337,337,337,,,f874e5e61ea5a8f112b1ddd7a47fd718cdde4e0492980229939eb57fdb3b00f1,f874e5e61ea5a8f112b1ddd7a47fd718cdde4e0492980229939eb57fdb3b00f1,5787a36d1ca670d36f5fa56787d8fe961524aa966e1d812c6317d9ae18f9c2c8,section.associated_primary.0004,
formula.associated_primary.0280,root.cring.associated_primary,300,formula,inline-dollar,337,338,337,338,,,49146978950dfc1845382d710dd8d092b5a9658ac6eb7d6b00fc035bcbef4b34,49146978950dfc1845382d710dd8d092b5a9658ac6eb7d6b00fc035bcbef4b34,6600f7efca689f31e7e67b8e39bfa8a468a4d9f7227b9549c6bdc472c42cc36f,section.associated_primary.0004,
formula.associated_primary.0281,root.cring.associated_primary,301,formula,inline-dollar,338,338,338,338,,,ea2434f79ab9465a372dd7231976fff0f5b1d64b8266420369f900f070b3936b,ea2434f79ab9465a372dd7231976fff0f5b1d64b8266420369f900f070b3936b,dc1281739453ad2beda5815c063144ead8e23fe9921d8a4f18a66189f04f507f,section.associated_primary.0004,
formula.associated_primary.0282,root.cring.associated_primary,302,formula,inline-dollar,338,338,338,338,,,083e8e03e5cab0fedcbfe3c37c3feebb9b484fabbfc372a09f6b8fd2b4f4eea6,083e8e03e5cab0fedcbfe3c37c3feebb9b484fabbfc372a09f6b8fd2b4f4eea6,0fe46b06f83d43fd83fb1880b31473df368cdbc8c3943d5dcd585c638025b135,section.associated_primary.0004,
formula.associated_primary.0283,root.cring.associated_primary,303,formula,inline-dollar,339,339,339,339,,,254a540774fbd7564a17920d797fea35fd7b09ad77d666e3d45ba2a782ed124c,254a540774fbd7564a17920d797fea35fd7b09ad77d666e3d45ba2a782ed124c,a4311eb0e6d76c09bdc785b145639bf9f593505c7cba3b0bbc48b693df21088c,section.associated_primary.0004,
formula.associated_primary.0284,root.cring.associated_primary,304,formula,inline-dollar,340,340,340,340,,,bbc53b54d1b7e7a318b28c7e4767c4709a9c3c8fc98adc7b97c74658803a24c7,bbc53b54d1b7e7a318b28c7e4767c4709a9c3c8fc98adc7b97c74658803a24c7,bbc53b54d1b7e7a318b28c7e4767c4709a9c3c8fc98adc7b97c74658803a24c7,section.associated_primary.0004,
formula.associated_primary.0285,root.cring.associated_primary,305,formula,inline-dollar,340,340,340,340,,,2d9b080e97c144a29ef36fcd61a7fcb863e4e825bd50aa559581bcef2061fd1e,2d9b080e97c144a29ef36fcd61a7fcb863e4e825bd50aa559581bcef2061fd1e,e4c505ba4f1fceb07fd43648d558dfd5fde21be3b456cee6241f175c0e94cd89,section.associated_primary.0004,
formula.associated_primary.0286,root.cring.associated_primary,306,formula,display-bracket,341,341,341,341,,,ba539c2bd1cbacef0013bb9880620059653da761dce0b60cd31c86711f98137b,ba539c2bd1cbacef0013bb9880620059653da761dce0b60cd31c86711f98137b,0965a130c109ef35bfe60d7bd13206ee16479211567e1d2546dfa059da006152,section.associated_primary.0004,
formula.associated_primary.0287,root.cring.associated_primary,307,formula,display-bracket,343,344,343,344,,,8c04ab2c3105d6381a293f91462c9731089801de59ca7f943c93e365393f56ed,8c04ab2c3105d6381a293f91462c9731089801de59ca7f943c93e365393f56ed,cfd442f016f54eb43cab27cb4a922a50af208d94efc69da6f882811da7ff182a,section.associated_primary.0004,
formula.associated_primary.0288,root.cring.associated_primary,308,formula,inline-dollar,345,345,345,345,,,5c25f074bcf248bf16fa80d585c13dae1386c015e99ca67818696b84c48f7ac5,5c25f074bcf248bf16fa80d585c13dae1386c015e99ca67818696b84c48f7ac5,5c25f074bcf248bf16fa80d585c13dae1386c015e99ca67818696b84c48f7ac5,section.associated_primary.0004,
formula.associated_primary.0289,root.cring.associated_primary,309,formula,inline-dollar,346,346,346,346,,,9292532b0fa122a51aca20d5a7a46b3525755c8e881b8544380cab9d86f1fe72,9292532b0fa122a51aca20d5a7a46b3525755c8e881b8544380cab9d86f1fe72,ca06f0c46b8499b3e4910a65dce420f093160a3cdfef3534f429fe73877c2e43,section.associated_primary.0004,
formula.associated_primary.0290,root.cring.associated_primary,310,formula,inline-dollar,346,346,346,346,,,701e8c9dc2f6fc5b3d7345ae5d53d30e90ee3c8fe30eca4b0bc780a2d5428149,701e8c9dc2f6fc5b3d7345ae5d53d30e90ee3c8fe30eca4b0bc780a2d5428149,f2f71be6a13c285f1d787add0fe8bccffd5e5e1f949e20acf2eaa78f2bd2405e,section.associated_primary.0004,
formula.associated_primary.0291,root.cring.associated_primary,311,formula,inline-dollar,346,346,346,346,,,a28faf6143663643c867a9e6316c985e9cef6a6ed418572e97343866efcfe288,a28faf6143663643c867a9e6316c985e9cef6a6ed418572e97343866efcfe288,a28faf6143663643c867a9e6316c985e9cef6a6ed418572e97343866efcfe288,section.associated_primary.0004,
formula.associated_primary.0292,root.cring.associated_primary,312,formula,inline-dollar,347,347,347,347,,,192836fd4f14af3db5122caa99ecb88b834c58879251f02efee9d5d16989f151,192836fd4f14af3db5122caa99ecb88b834c58879251f02efee9d5d16989f151,c92005dd2da87419d7514629f42c39e86c8f7494e62ae4b467f8d6e5b5dad67d,section.associated_primary.0004,
formula.associated_primary.0293,root.cring.associated_primary,313,formula,inline-dollar,348,348,348,348,,,82d4d0416e414b1483dbe757a935fb709ed8ff37f1ec3306cb46242ac2ef412f,82d4d0416e414b1483dbe757a935fb709ed8ff37f1ec3306cb46242ac2ef412f,07178485eb744b0d1451a3e9fde7745b51bb53537d3bc559356351803abbe9d6,section.associated_primary.0004,
formula.associated_primary.0294,root.cring.associated_primary,314,formula,inline-dollar,350,350,350,350,,,d4ccc3841ef1bfef1946eba1b0709ffac3a833ce2628ab028835c453a960be9d,d4ccc3841ef1bfef1946eba1b0709ffac3a833ce2628ab028835c453a960be9d,590c772d9cdeb82b5c66e1bd48873f08c72f100fc4ca9509bc8b03f234ba4ec0,section.associated_primary.0004,
formula.associated_primary.0295,root.cring.associated_primary,315,formula,inline-dollar,350,350,350,350,,,c9c8a6817662fe3c57cf01fcf3fff8b5d3c906a25f1f01fd491405fa919f9765,c9c8a6817662fe3c57cf01fcf3fff8b5d3c906a25f1f01fd491405fa919f9765,1cff1ab24798881a62b6a45bf64ec628e191041dc39491519162ef56d8f83a51,section.associated_primary.0004,
formula.associated_primary.0296,root.cring.associated_primary,316,formula,inline-dollar,350,350,350,350,,,5d54654ab4fa5945a3aa07b84af571496b5712e021250b7fa1a6846ae90dcbd1,5d54654ab4fa5945a3aa07b84af571496b5712e021250b7fa1a6846ae90dcbd1,3509267d1686d8bfc46d014c3cb90cb328a5817cadae005b8f3c85dead4a2896,section.associated_primary.0004,
formula.associated_primary.0297,root.cring.associated_primary,317,formula,inline-parenthesis,351,351,351,351,,,509ce5b5a44a00f3caa6c1f5de975ea15c4aecf1bc8c6b9e70b06258fa8471b6,509ce5b5a44a00f3caa6c1f5de975ea15c4aecf1bc8c6b9e70b06258fa8471b6,10f28f8364adbbac3ab51191b18c514159cb2a29a4782b489236b3ace6b27666,section.associated_primary.0004,
formula.associated_primary.0298,root.cring.associated_primary,318,formula,inline-dollar,352,352,352,352,,,4a1f941b3c6f426ec08de78c17e2f80f07a8b789701ba6b25126da00fab1231c,4a1f941b3c6f426ec08de78c17e2f80f07a8b789701ba6b25126da00fab1231c,4a1f941b3c6f426ec08de78c17e2f80f07a8b789701ba6b25126da00fab1231c,section.associated_primary.0004,
formula.associated_primary.0299,root.cring.associated_primary,319,formula,inline-dollar,352,352,352,352,,,e5c9c60a51263e57c02dc5bd5309330de6c6f40ad204f8ccefe67673d866dde7,e5c9c60a51263e57c02dc5bd5309330de6c6f40ad204f8ccefe67673d866dde7,f4d8e9991eee1fe64b6b3d43b5a51b3d9d9b692d507129bf33b3f9a6bfad204b,section.associated_primary.0004,
formula.associated_primary.0300,root.cring.associated_primary,320,formula,inline-parenthesis,353,353,353,353,,,a4ad12426bafdfb78a2bafdbd7b326fafabc2c82576a588807f4dbc4fa6783ab,a4ad12426bafdfb78a2bafdbd7b326fafabc2c82576a588807f4dbc4fa6783ab,c8f728ca8b38e52e4ce6b009eb0f622869cf32a42c63824973b1629fb5661aaf,section.associated_primary.0004,
formula.associated_primary.0301,root.cring.associated_primary,321,formula,inline-dollar,353,353,353,353,,,4a1f941b3c6f426ec08de78c17e2f80f07a8b789701ba6b25126da00fab1231c,4a1f941b3c6f426ec08de78c17e2f80f07a8b789701ba6b25126da00fab1231c,4a1f941b3c6f426ec08de78c17e2f80f07a8b789701ba6b25126da00fab1231c,section.associated_primary.0004,
formula.associated_primary.0302,root.cring.associated_primary,322,formula,inline-dollar,354,354,354,354,,,5c25f074bcf248bf16fa80d585c13dae1386c015e99ca67818696b84c48f7ac5,5c25f074bcf248bf16fa80d585c13dae1386c015e99ca67818696b84c48f7ac5,5c25f074bcf248bf16fa80d585c13dae1386c015e99ca67818696b84c48f7ac5,section.associated_primary.0004,
formula.associated_primary.0303,root.cring.associated_primary,323,formula,inline-dollar,354,354,354,354,,,c9c8a6817662fe3c57cf01fcf3fff8b5d3c906a25f1f01fd491405fa919f9765,c9c8a6817662fe3c57cf01fcf3fff8b5d3c906a25f1f01fd491405fa919f9765,1cff1ab24798881a62b6a45bf64ec628e191041dc39491519162ef56d8f83a51,section.associated_primary.0004,
formula.associated_primary.0304,root.cring.associated_primary,324,formula,inline-dollar,355,355,355,355,,,bbc53b54d1b7e7a318b28c7e4767c4709a9c3c8fc98adc7b97c74658803a24c7,bbc53b54d1b7e7a318b28c7e4767c4709a9c3c8fc98adc7b97c74658803a24c7,bbc53b54d1b7e7a318b28c7e4767c4709a9c3c8fc98adc7b97c74658803a24c7,section.associated_primary.0004,
formula.associated_primary.0305,root.cring.associated_primary,325,formula,inline-parenthesis,356,356,356,356,,,23861605ffccb45fbbd6bf0d552342e8a030927efd3a64318424e64e33ae803a,23861605ffccb45fbbd6bf0d552342e8a030927efd3a64318424e64e33ae803a,63889151c77f8bdb4f001f0433019085c026414e87c2531320f08d0f5990c953,section.associated_primary.0004,
formula.associated_primary.0306,root.cring.associated_primary,326,formula,inline-dollar,357,357,357,357,,,d3429e06c80a394c02f28c33da047002f7b57ea154d7c4419f87a77393032d96,d3429e06c80a394c02f28c33da047002f7b57ea154d7c4419f87a77393032d96,4721812f0a996f9ab936e57b39f8c99c05bb5116b362ab8833cc87dbb6dadff6,section.associated_primary.0004,
formula.associated_primary.0307,root.cring.associated_primary,327,formula,inline-dollar,357,357,357,357,,,2cb16fd34f2ee5ef77e15704449cbe74018adc25af8d04167a98bf0c639f12d5,2cb16fd34f2ee5ef77e15704449cbe74018adc25af8d04167a98bf0c639f12d5,2cb16fd34f2ee5ef77e15704449cbe74018adc25af8d04167a98bf0c639f12d5,section.associated_primary.0004,
formula.associated_primary.0308,root.cring.associated_primary,328,formula,inline-dollar,359,359,359,359,,,785d7351ffb2b5feb1753aff96498f49797b5c95eaed8a5ad9a76a6adcabf2bd,785d7351ffb2b5feb1753aff96498f49797b5c95eaed8a5ad9a76a6adcabf2bd,785d7351ffb2b5feb1753aff96498f49797b5c95eaed8a5ad9a76a6adcabf2bd,section.associated_primary.0004,
formula.associated_primary.0309,root.cring.associated_primary,329,formula,inline-dollar,359,359,359,359,,,29742240025756815de7b4dc24b2f1de69b9148b4ec37f961ccb4d9b4836ab30,29742240025756815de7b4dc24b2f1de69b9148b4ec37f961ccb4d9b4836ab30,29742240025756815de7b4dc24b2f1de69b9148b4ec37f961ccb4d9b4836ab30,section.associated_primary.0004,
exercise.associated_primary.0005,root.cring.associated_primary,330,exercise,exercise,364,369,364,369,,,ccee7d0f9de206f44275077acad7904ec3d1648ef98d43bb586cc0b27d6112ae,b84e876c05f64ddb4a395a37b9fb42a9f3dbdf01bba835f251d2980619f92b46,,section.associated_primary.0004,
formula.associated_primary.0310,root.cring.associated_primary,331,formula,inline-dollar,365,365,365,365,,,29742240025756815de7b4dc24b2f1de69b9148b4ec37f961ccb4d9b4836ab30,29742240025756815de7b4dc24b2f1de69b9148b4ec37f961ccb4d9b4836ab30,29742240025756815de7b4dc24b2f1de69b9148b4ec37f961ccb4d9b4836ab30,section.associated_primary.0004,
formula.associated_primary.0311,root.cring.associated_primary,332,formula,display-bracket,367,367,367,367,,,df3e6fbcac733803da01eed20d35ef2e1f5a65a9dfd6358cb4329b051aaea38c,df3e6fbcac733803da01eed20d35ef2e1f5a65a9dfd6358cb4329b051aaea38c,2a46214e171ccf89907a052b27cfadf9aac902ad21650fe6ad2703435ceaa7a6,section.associated_primary.0004,
formula.associated_primary.0312,root.cring.associated_primary,333,formula,inline-dollar,368,368,368,368,,,29742240025756815de7b4dc24b2f1de69b9148b4ec37f961ccb4d9b4836ab30,29742240025756815de7b4dc24b2f1de69b9148b4ec37f961ccb4d9b4836ab30,29742240025756815de7b4dc24b2f1de69b9148b4ec37f961ccb4d9b4836ab30,section.associated_primary.0004,
section.associated_primary.0005,root.cring.associated_primary,334,section,subsection,371,371,371,371,Associated primes determine the support,Prima terkait menentukan dukungan,53fc2fe9605e45e5f5f600ee5f7180171796e05d7169fd4002dabcce9bdad30b,fc827e19a111dec8be212e58e59413e5dcaae562bed3a6b414cd7102d611396d,,section.associated_primary.0001,
theorem.associated_primary.0008,root.cring.associated_primary,335,theorem,proposition,374,377,374,377,,,2fcdf5202b1d1d77a82f72a14f3b07d60d09c11795df97218d52e26fd88e2d58,b5f61cc68c57cc06ad279f86afbdec211c14f72600dbed20ea0f77c16d38d32d,,section.associated_primary.0005,label.associated_primary.0008
formula.associated_primary.0313,root.cring.associated_primary,336,formula,display-bracket,375,376,375,376,,,e54eeeda780177de05d3d4a965c3076b98671ff53c098eb699e32e15c5121a6b,e54eeeda780177de05d3d4a965c3076b98671ff53c098eb699e32e15c5121a6b,22a7f04cd38b70f2e1777f2b36ea248ee7e1c20e19a03e6e233b222e883c01a2,section.associated_primary.0005,
formula.associated_primary.0314,root.cring.associated_primary,337,formula,inline-dollar,379,380,379,380,,,525b049ef9969485ba1486a21793fcf88efe04cbf788eed1b3c4e3bea1e1ccea,525b049ef9969485ba1486a21793fcf88efe04cbf788eed1b3c4e3bea1e1ccea,4c3a0eb8db62d4fb52fbddf1f5b958947f5720abdb9b573e6da2a0ae12512737,section.associated_primary.0005,
formula.associated_primary.0315,root.cring.associated_primary,338,formula,inline-dollar,380,380,380,380,,,90c61ed66fb4f7e095b230117bc805a63629a0eae2e9173591c2429599ac0c82,90c61ed66fb4f7e095b230117bc805a63629a0eae2e9173591c2429599ac0c82,5f0fbcfacf7aaddc77d47d279e371fee42ca7b15371a0647f5c11d11fec8fec4,section.associated_primary.0005,
formula.associated_primary.0316,root.cring.associated_primary,339,formula,inline-dollar,384,384,384,384,,,2f31e80cd415bd841aaf673f96fc9f2b68e70a30112504297f341b36af119960,2f31e80cd415bd841aaf673f96fc9f2b68e70a30112504297f341b36af119960,2f31e80cd415bd841aaf673f96fc9f2b68e70a30112504297f341b36af119960,section.associated_primary.0005,
formula.associated_primary.0317,root.cring.associated_primary,340,formula,inline-dollar,385,385,385,385,,,24f8a9c34f4e1e3b5e273f329b4e16ce97cadc10111e014a256e8f851d7c5f6d,24f8a9c34f4e1e3b5e273f329b4e16ce97cadc10111e014a256e8f851d7c5f6d,4c3a0eb8db62d4fb52fbddf1f5b958947f5720abdb9b573e6da2a0ae12512737,section.associated_primary.0005,
formula.associated_primary.0318,root.cring.associated_primary,341,formula,inline-dollar,386,387,386,387,,,733e2490fdc9c867639a4aee0549c1cba9f938072863a01e7450289408bf9de7,733e2490fdc9c867639a4aee0549c1cba9f938072863a01e7450289408bf9de7,89c1c3bca1618007dfba3dd8ddd0128dbf778af4be9e3e2cd584073a2125eefe,section.associated_primary.0005,
formula.associated_primary.0319,root.cring.associated_primary,342,formula,inline-dollar,387,387,387,387,,,74bdfb8d1d56d984d9fe197c279199ddfc9f8a5515d96ee109bba4f4350e3073,74bdfb8d1d56d984d9fe197c279199ddfc9f8a5515d96ee109bba4f4350e3073,74bdfb8d1d56d984d9fe197c279199ddfc9f8a5515d96ee109bba4f4350e3073,section.associated_primary.0005,
formula.associated_primary.0320,root.cring.associated_primary,343,formula,inline-dollar,388,388,388,388,,,0355fee79a0846a0c2f514725e5bda5747af8d053db8d3199fd4174cfc7c7229,0355fee79a0846a0c2f514725e5bda5747af8d053db8d3199fd4174cfc7c7229,8f8861fb36c281ca52c4997f77428e6713f0c2e9fbbb857d95ead8cc2ec9a6e8,section.associated_primary.0005,
formula.associated_primary.0321,root.cring.associated_primary,344,formula,display-bracket,389,389,389,389,,,bcfee332cff9ab9485615db172c947d24e152639dbcd41d95838a5a578109b78,4cdb5ad6f136bc4a127d1542261fcc8a9968768ff906e04ecb1c57d1b8fa927f,506d5a4c85ad5f4973cd2c2c85e362d619771e0fa2270c263a392a351f94faa3,section.associated_primary.0005,
formula.associated_primary.0322,root.cring.associated_primary,345,formula,inline-dollar,390,390,390,390,,,4594beb86247f1cbd497d25651823a1f615bae753bc3cb315332b7d9888c9665,4594beb86247f1cbd497d25651823a1f615bae753bc3cb315332b7d9888c9665,d35e1e6a84f6858ab89a38c8c61a7c74744a39ac9a753d2a19b5edb09a68260b,section.associated_primary.0005,
formula.associated_primary.0323,root.cring.associated_primary,346,formula,display-bracket,391,391,391,391,,,7db7184704c49f3645e9b81ea4c38ed8877d90785cc98d8c54c49d40f5cdd481,7db7184704c49f3645e9b81ea4c38ed8877d90785cc98d8c54c49d40f5cdd481,a775b3fe95eb6cac1a6d7be14bd3bc2169a4bfc3c6b1e9832cd7337d2568d2fb,section.associated_primary.0005,
formula.associated_primary.0324,root.cring.associated_primary,347,formula,display-bracket,393,393,393,393,,,c8a676aaa019298b36955cf74ed8bdb4986f9eec3400a0f1efc9a7b85f49f896,c8a676aaa019298b36955cf74ed8bdb4986f9eec3400a0f1efc9a7b85f49f896,8f5a816c312208b4767f315fa4edcfadafdff5ddb328f79d6c766ec7871bd3b7,section.associated_primary.0005,
formula.associated_primary.0325,root.cring.associated_primary,348,formula,inline-dollar,394,394,394,394,,,2d81f126cb0712bb14aa479c179c6d09ee0cb6cfac29d8340ab91008c68325f7,2d81f126cb0712bb14aa479c179c6d09ee0cb6cfac29d8340ab91008c68325f7,2d81f126cb0712bb14aa479c179c6d09ee0cb6cfac29d8340ab91008c68325f7,section.associated_primary.0005,
formula.associated_primary.0326,root.cring.associated_primary,349,formula,inline-dollar,394,394,394,394,,,b6eed47b190462666eaf77eab4274b3ede90599c32ba150d1ca886eb01e39144,b6eed47b190462666eaf77eab4274b3ede90599c32ba150d1ca886eb01e39144,b6eed47b190462666eaf77eab4274b3ede90599c32ba150d1ca886eb01e39144,section.associated_primary.0005,
formula.associated_primary.0327,root.cring.associated_primary,350,formula,inline-dollar,395,395,395,395,,,1075a6c56cbe3aab2a4fc6aa23edf4b798356b1cc557340b5b24424cc43b884f,1075a6c56cbe3aab2a4fc6aa23edf4b798356b1cc557340b5b24424cc43b884f,1075a6c56cbe3aab2a4fc6aa23edf4b798356b1cc557340b5b24424cc43b884f,section.associated_primary.0005,
formula.associated_primary.0328,root.cring.associated_primary,351,formula,inline-dollar,395,396,395,396,,,d40a91399045960f6d72f05291af88c066eec2092d97ebe7863dbf2bbaaab2a2,d40a91399045960f6d72f05291af88c066eec2092d97ebe7863dbf2bbaaab2a2,79d9a760ee1285c594becee014e5c3e896692f357e75852dbec1452a4e415f60,section.associated_primary.0005,
formula.associated_primary.0329,root.cring.associated_primary,352,formula,inline-dollar,396,396,396,396,,,9c7ea737a6e3cf1e3596d1b24c04b160cdfa43be36fc23fc4d0cecb9e00ff0b1,9c7ea737a6e3cf1e3596d1b24c04b160cdfa43be36fc23fc4d0cecb9e00ff0b1,f7ed3034362fa5652defb0c9f4954a9770b88d837988ee04d982cd7bcf1470ab,section.associated_primary.0005,
formula.associated_primary.0330,root.cring.associated_primary,353,formula,inline-dollar,398,398,398,398,,,9c7ea737a6e3cf1e3596d1b24c04b160cdfa43be36fc23fc4d0cecb9e00ff0b1,9c7ea737a6e3cf1e3596d1b24c04b160cdfa43be36fc23fc4d0cecb9e00ff0b1,f7ed3034362fa5652defb0c9f4954a9770b88d837988ee04d982cd7bcf1470ab,section.associated_primary.0005,
formula.associated_primary.0331,root.cring.associated_primary,354,formula,inline-dollar,399,399,399,399,,,1075a6c56cbe3aab2a4fc6aa23edf4b798356b1cc557340b5b24424cc43b884f,1075a6c56cbe3aab2a4fc6aa23edf4b798356b1cc557340b5b24424cc43b884f,1075a6c56cbe3aab2a4fc6aa23edf4b798356b1cc557340b5b24424cc43b884f,section.associated_primary.0005,
formula.associated_primary.0332,root.cring.associated_primary,355,formula,inline-dollar,400,400,400,400,,,61c78e3f374094fc5f3b5211b9fc96c0c274b6f7162456610af81ca93d095710,61c78e3f374094fc5f3b5211b9fc96c0c274b6f7162456610af81ca93d095710,79d9a760ee1285c594becee014e5c3e896692f357e75852dbec1452a4e415f60,section.associated_primary.0005,
formula.associated_primary.0333,root.cring.associated_primary,356,formula,inline-dollar,400,400,400,400,,,90dd94379f41fb148ac3d354ed3c15822146b4eae52dabd2926335e086d7e8e3,90dd94379f41fb148ac3d354ed3c15822146b4eae52dabd2926335e086d7e8e3,90dd94379f41fb148ac3d354ed3c15822146b4eae52dabd2926335e086d7e8e3,section.associated_primary.0005,
formula.associated_primary.0334,root.cring.associated_primary,357,formula,inline-dollar,401,401,401,401,,,e1be141e9d9d483f7b3f41aee67ee405db4d0f5639f26d216117a25af25ec687,e1be141e9d9d483f7b3f41aee67ee405db4d0f5639f26d216117a25af25ec687,e1be141e9d9d483f7b3f41aee67ee405db4d0f5639f26d216117a25af25ec687,section.associated_primary.0005,
formula.associated_primary.0335,root.cring.associated_primary,358,formula,inline-dollar,401,401,401,401,,,90dd94379f41fb148ac3d354ed3c15822146b4eae52dabd2926335e086d7e8e3,90dd94379f41fb148ac3d354ed3c15822146b4eae52dabd2926335e086d7e8e3,90dd94379f41fb148ac3d354ed3c15822146b4eae52dabd2926335e086d7e8e3,section.associated_primary.0005,
formula.associated_primary.0336,root.cring.associated_primary,359,formula,inline-dollar,403,404,403,404,,,854a611b20c553667fa8896b8985106975ba81794f1eac39ee40e4992a3d2431,854a611b20c553667fa8896b8985106975ba81794f1eac39ee40e4992a3d2431,001b5c9a7453d0db8b09fd57ac6c2c4cca9364245d6c942596cd68486b081a30,section.associated_primary.0005,
formula.associated_primary.0337,root.cring.associated_primary,360,formula,inline-dollar,404,404,404,404,,,e1be141e9d9d483f7b3f41aee67ee405db4d0f5639f26d216117a25af25ec687,e1be141e9d9d483f7b3f41aee67ee405db4d0f5639f26d216117a25af25ec687,e1be141e9d9d483f7b3f41aee67ee405db4d0f5639f26d216117a25af25ec687,section.associated_primary.0005,
formula.associated_primary.0338,root.cring.associated_primary,361,formula,inline-dollar,405,405,405,405,,,1075a6c56cbe3aab2a4fc6aa23edf4b798356b1cc557340b5b24424cc43b884f,1075a6c56cbe3aab2a4fc6aa23edf4b798356b1cc557340b5b24424cc43b884f,1075a6c56cbe3aab2a4fc6aa23edf4b798356b1cc557340b5b24424cc43b884f,section.associated_primary.0005,
formula.associated_primary.0339,root.cring.associated_primary,362,formula,inline-dollar,406,406,406,406,,,1075a6c56cbe3aab2a4fc6aa23edf4b798356b1cc557340b5b24424cc43b884f,1075a6c56cbe3aab2a4fc6aa23edf4b798356b1cc557340b5b24424cc43b884f,1075a6c56cbe3aab2a4fc6aa23edf4b798356b1cc557340b5b24424cc43b884f,section.associated_primary.0005,
formula.associated_primary.0340,root.cring.associated_primary,363,formula,inline-dollar,406,406,406,406,,,2cb16fd34f2ee5ef77e15704449cbe74018adc25af8d04167a98bf0c639f12d5,2cb16fd34f2ee5ef77e15704449cbe74018adc25af8d04167a98bf0c639f12d5,2cb16fd34f2ee5ef77e15704449cbe74018adc25af8d04167a98bf0c639f12d5,section.associated_primary.0005,
theorem.associated_primary.0009,root.cring.associated_primary,364,theorem,corollary,411,414,411,414,,,bfab361427a74a9511d5e7f68f244d2d246995a6d7eed72b2371aa416bda7780,98897fa9cf43528671ca4e6b45039aeb7b69372fd9f08ea786b39e767b9983ca,,section.associated_primary.0005,label.associated_primary.0009
formula.associated_primary.0341,root.cring.associated_primary,365,formula,inline-dollar,411,411,411,411,,,29742240025756815de7b4dc24b2f1de69b9148b4ec37f961ccb4d9b4836ab30,29742240025756815de7b4dc24b2f1de69b9148b4ec37f961ccb4d9b4836ab30,29742240025756815de7b4dc24b2f1de69b9148b4ec37f961ccb4d9b4836ab30,section.associated_primary.0005,
formula.associated_primary.0342,root.cring.associated_primary,366,formula,inline-dollar,412,412,412,412,,,90c61ed66fb4f7e095b230117bc805a63629a0eae2e9173591c2429599ac0c82,90c61ed66fb4f7e095b230117bc805a63629a0eae2e9173591c2429599ac0c82,5f0fbcfacf7aaddc77d47d279e371fee42ca7b15371a0647f5c11d11fec8fec4,section.associated_primary.0005,
formula.associated_primary.0343,root.cring.associated_primary,367,formula,inline-dollar,412,412,412,412,,,90c61ed66fb4f7e095b230117bc805a63629a0eae2e9173591c2429599ac0c82,90c61ed66fb4f7e095b230117bc805a63629a0eae2e9173591c2429599ac0c82,5f0fbcfacf7aaddc77d47d279e371fee42ca7b15371a0647f5c11d11fec8fec4,section.associated_primary.0005,
formula.associated_primary.0344,root.cring.associated_primary,368,formula,inline-dollar,413,413,413,413,,,2cb16fd34f2ee5ef77e15704449cbe74018adc25af8d04167a98bf0c639f12d5,2cb16fd34f2ee5ef77e15704449cbe74018adc25af8d04167a98bf0c639f12d5,2cb16fd34f2ee5ef77e15704449cbe74018adc25af8d04167a98bf0c639f12d5,section.associated_primary.0005,
formula.associated_primary.0345,root.cring.associated_primary,369,formula,display-bracket,417,418,417,418,,,9f69262252817a3228391f2ed52ac2f40182a2562a569d35cda05c604ec5b581,9f69262252817a3228391f2ed52ac2f40182a2562a569d35cda05c604ec5b581,c1dc1ce1c2d1206dec4f0b60c9fae670adca664ba3f3dc3a0d498c24d7d955aa,section.associated_primary.0005,
formula.associated_primary.0346,root.cring.associated_primary,370,formula,inline-dollar,419,419,419,419,,,2cb16fd34f2ee5ef77e15704449cbe74018adc25af8d04167a98bf0c639f12d5,2cb16fd34f2ee5ef77e15704449cbe74018adc25af8d04167a98bf0c639f12d5,2cb16fd34f2ee5ef77e15704449cbe74018adc25af8d04167a98bf0c639f12d5,section.associated_primary.0005,
formula.associated_primary.0347,root.cring.associated_primary,371,formula,inline-dollar,419,419,419,419,,,90c61ed66fb4f7e095b230117bc805a63629a0eae2e9173591c2429599ac0c82,90c61ed66fb4f7e095b230117bc805a63629a0eae2e9173591c2429599ac0c82,5f0fbcfacf7aaddc77d47d279e371fee42ca7b15371a0647f5c11d11fec8fec4,section.associated_primary.0005,
formula.associated_primary.0348,root.cring.associated_primary,372,formula,inline-dollar,420,420,420,420,,,90c61ed66fb4f7e095b230117bc805a63629a0eae2e9173591c2429599ac0c82,90c61ed66fb4f7e095b230117bc805a63629a0eae2e9173591c2429599ac0c82,5f0fbcfacf7aaddc77d47d279e371fee42ca7b15371a0647f5c11d11fec8fec4,section.associated_primary.0005,
example.associated_primary.0003,root.cring.associated_primary,373,example,example,424,430,424,430,,,d522862aec9c7907a8193ada33b0cac09a177274545e78bf8b842aaeefa962df,51a142a59a5a9fcfb89010fe42e1a4fa9f04c653db7957f1bfeb5684f6a0ca28,,section.associated_primary.0005,
formula.associated_primary.0349,root.cring.associated_primary,374,formula,inline-dollar,426,426,426,426,,,474c7f3bcd00fc12dc1b35df0092e352533c3ca3ef40167921d16a64c6ee35d1,474c7f3bcd00fc12dc1b35df0092e352533c3ca3ef40167921d16a64c6ee35d1,fb3b0d8f8e15d87bd28b6b7c728fb65a4090ed704d29b09518820d399eefbd45,section.associated_primary.0005,
formula.associated_primary.0350,root.cring.associated_primary,375,formula,inline-dollar,427,427,427,427,,,17231f65f3eab12195bbce7143b4e75f4e04bc086067ced36e820d2e09de897e,17231f65f3eab12195bbce7143b4e75f4e04bc086067ced36e820d2e09de897e,17231f65f3eab12195bbce7143b4e75f4e04bc086067ced36e820d2e09de897e,section.associated_primary.0005,
formula.associated_primary.0351,root.cring.associated_primary,376,formula,inline-dollar,428,428,428,428,,,fe2b7decf82d4e06258774fa5fea0c1ee7336078fea3363682f1252414f75a81,fe2b7decf82d4e06258774fa5fea0c1ee7336078fea3363682f1252414f75a81,830eadb8776a909ee3ea5c770f107275cabb55e15fcd44a5f18088914844ffca,section.associated_primary.0005,
theorem.associated_primary.0010,root.cring.associated_primary,377,theorem,corollary,432,434,432,434,,,ec06863333539a03db42d151d970584feb69dcd2037d32ff98b0af70431ba61c,4525c2a486506904bc87a35d1711da9ec3061a5624ad432ba44f271031ad4889,,section.associated_primary.0005,
formula.associated_primary.0352,root.cring.associated_primary,378,formula,inline-dollar,433,433,433,433,,,a28faf6143663643c867a9e6316c985e9cef6a6ed418572e97343866efcfe288,a28faf6143663643c867a9e6316c985e9cef6a6ed418572e97343866efcfe288,a28faf6143663643c867a9e6316c985e9cef6a6ed418572e97343866efcfe288,section.associated_primary.0005,
formula.associated_primary.0353,root.cring.associated_primary,379,formula,inline-dollar,436,436,436,436,,,7d2d732c5ddad6706dc59df7cdad72377453c8cdbaced38a9d6d4fe4509fc6b7,7d2d732c5ddad6706dc59df7cdad72377453c8cdbaced38a9d6d4fe4509fc6b7,76b829723527bc0d0f326a5e1cdaf89f6baadc6db30effb57fee42b53804dbda,section.associated_primary.0005,
formula.associated_primary.0354,root.cring.associated_primary,380,formula,inline-dollar,436,436,436,436,,,a28faf6143663643c867a9e6316c985e9cef6a6ed418572e97343866efcfe288,a28faf6143663643c867a9e6316c985e9cef6a6ed418572e97343866efcfe288,a28faf6143663643c867a9e6316c985e9cef6a6ed418572e97343866efcfe288,section.associated_primary.0005,
formula.associated_primary.0355,root.cring.associated_primary,381,formula,inline-dollar,437,437,437,437,,,a28faf6143663643c867a9e6316c985e9cef6a6ed418572e97343866efcfe288,a28faf6143663643c867a9e6316c985e9cef6a6ed418572e97343866efcfe288,a28faf6143663643c867a9e6316c985e9cef6a6ed418572e97343866efcfe288,section.associated_primary.0005,
formula.associated_primary.0356,root.cring.associated_primary,382,formula,inline-dollar,440,440,440,440,,,c637d883fd1fa3bab98996eda143c70a4b0ba2604e5295379dafa9c163ab907b,c637d883fd1fa3bab98996eda143c70a4b0ba2604e5295379dafa9c163ab907b,622bbcdd1d46ce21f94cd41125130a26aa4ed31bf08a74c6d9d6c48b84418a9c,section.associated_primary.0005,
formula.associated_primary.0357,root.cring.associated_primary,383,formula,inline-dollar,441,441,441,441,,,14e18a5709f2ff71db3e4d57e338f3595534b6dae765f9bd08c5a8ae8fb5488c,14e18a5709f2ff71db3e4d57e338f3595534b6dae765f9bd08c5a8ae8fb5488c,14e18a5709f2ff71db3e4d57e338f3595534b6dae765f9bd08c5a8ae8fb5488c,section.associated_primary.0005,
formula.associated_primary.0358,root.cring.associated_primary,384,formula,inline-dollar,441,441,441,441,,,a28faf6143663643c867a9e6316c985e9cef6a6ed418572e97343866efcfe288,a28faf6143663643c867a9e6316c985e9cef6a6ed418572e97343866efcfe288,a28faf6143663643c867a9e6316c985e9cef6a6ed418572e97343866efcfe288,section.associated_primary.0005,
formula.associated_primary.0359,root.cring.associated_primary,385,formula,inline-dollar,444,444,444,444,,,c637d883fd1fa3bab98996eda143c70a4b0ba2604e5295379dafa9c163ab907b,c637d883fd1fa3bab98996eda143c70a4b0ba2604e5295379dafa9c163ab907b,622bbcdd1d46ce21f94cd41125130a26aa4ed31bf08a74c6d9d6c48b84418a9c,section.associated_primary.0005,
formula.associated_primary.0360,root.cring.associated_primary,386,formula,inline-dollar,446,446,446,446,,,90c61ed66fb4f7e095b230117bc805a63629a0eae2e9173591c2429599ac0c82,90c61ed66fb4f7e095b230117bc805a63629a0eae2e9173591c2429599ac0c82,5f0fbcfacf7aaddc77d47d279e371fee42ca7b15371a0647f5c11d11fec8fec4,section.associated_primary.0005,
formula.associated_primary.0361,root.cring.associated_primary,387,formula,inline-dollar,446,446,446,446,,,c637d883fd1fa3bab98996eda143c70a4b0ba2604e5295379dafa9c163ab907b,c637d883fd1fa3bab98996eda143c70a4b0ba2604e5295379dafa9c163ab907b,622bbcdd1d46ce21f94cd41125130a26aa4ed31bf08a74c6d9d6c48b84418a9c,section.associated_primary.0005,
formula.associated_primary.0362,root.cring.associated_primary,388,formula,display-bracket,448,449,448,449,,,4e0e83682a6197e015ee7d3db58108585231f673167c9893ebb3368dd6767aa2,4e0e83682a6197e015ee7d3db58108585231f673167c9893ebb3368dd6767aa2,22a7f04cd38b70f2e1777f2b36ea248ee7e1c20e19a03e6e233b222e883c01a2,section.associated_primary.0005,
definition.associated_primary.0004,root.cring.associated_primary,389,definition,definition,453,457,453,457,,,325cb694055bc634b0d8384a89a4319d6a771d95a8336327184b6d48ec3eb0f1,8f363da0e76512fd2d3fd65cf36db5963d439da872f4cbbba6b45be326f291dd,,section.associated_primary.0005,
formula.associated_primary.0363,root.cring.associated_primary,390,formula,inline-dollar,454,454,454,454,,,9d0789fb9e315a0984747456debbb4d0f9fb049e25a1c9b02e6380366636e2e0,9d0789fb9e315a0984747456debbb4d0f9fb049e25a1c9b02e6380366636e2e0,4d4cf679f643429b6713083803b3936961c7c491861857759b76faeb24e50954,section.associated_primary.0005,
formula.associated_primary.0364,root.cring.associated_primary,391,formula,inline-dollar,455,455,455,455,,,29742240025756815de7b4dc24b2f1de69b9148b4ec37f961ccb4d9b4836ab30,29742240025756815de7b4dc24b2f1de69b9148b4ec37f961ccb4d9b4836ab30,29742240025756815de7b4dc24b2f1de69b9148b4ec37f961ccb4d9b4836ab30,section.associated_primary.0005,
formula.associated_primary.0365,root.cring.associated_primary,392,formula,inline-dollar,455,455,455,455,,,2cb16fd34f2ee5ef77e15704449cbe74018adc25af8d04167a98bf0c639f12d5,2cb16fd34f2ee5ef77e15704449cbe74018adc25af8d04167a98bf0c639f12d5,2cb16fd34f2ee5ef77e15704449cbe74018adc25af8d04167a98bf0c639f12d5,section.associated_primary.0005,
formula.associated_primary.0366,root.cring.associated_primary,393,formula,inline-dollar,459,459,459,459,,,29742240025756815de7b4dc24b2f1de69b9148b4ec37f961ccb4d9b4836ab30,29742240025756815de7b4dc24b2f1de69b9148b4ec37f961ccb4d9b4836ab30,29742240025756815de7b4dc24b2f1de69b9148b4ec37f961ccb4d9b4836ab30,section.associated_primary.0005,
formula.associated_primary.0367,root.cring.associated_primary,394,formula,inline-dollar,462,462,462,462,,,6876db58e1740f89cc6e7cab96b5c156e7f9aa4337b8b87e21f1c355a22b28e4,6876db58e1740f89cc6e7cab96b5c156e7f9aa4337b8b87e21f1c355a22b28e4,6876db58e1740f89cc6e7cab96b5c156e7f9aa4337b8b87e21f1c355a22b28e4,section.associated_primary.0005,
formula.associated_primary.0368,root.cring.associated_primary,395,formula,inline-dollar,462,462,462,462,,,16caee5ddb18237993592122ccb73fbb50e9af382a175a182db35154c07d402b,16caee5ddb18237993592122ccb73fbb50e9af382a175a182db35154c07d402b,16caee5ddb18237993592122ccb73fbb50e9af382a175a182db35154c07d402b,section.associated_primary.0005,
formula.associated_primary.0369,root.cring.associated_primary,396,formula,display-bracket,463,465,463,465,,,8eb7baa2bbc3a58aad326d2ab58380cef3307670e38958cf7c6ef98025eaafda,8eb7baa2bbc3a58aad326d2ab58380cef3307670e38958cf7c6ef98025eaafda,dcaecf3601c06ad068c8b0be574e3ea0592bdd31dbfaf439f2f9c61a1149f055,section.associated_primary.0005,
formula.associated_primary.0370,root.cring.associated_primary,397,formula,inline-dollar,466,466,466,466,,,362e16dcdd1b27ddebff7888bf72336abae4ca7c710ad8ffada233c08b033ba9,362e16dcdd1b27ddebff7888bf72336abae4ca7c710ad8ffada233c08b033ba9,362e16dcdd1b27ddebff7888bf72336abae4ca7c710ad8ffada233c08b033ba9,section.associated_primary.0005,
formula.associated_primary.0371,root.cring.associated_primary,398,formula,inline-dollar,466,466,466,466,,,29742240025756815de7b4dc24b2f1de69b9148b4ec37f961ccb4d9b4836ab30,29742240025756815de7b4dc24b2f1de69b9148b4ec37f961ccb4d9b4836ab30,29742240025756815de7b4dc24b2f1de69b9148b4ec37f961ccb4d9b4836ab30,section.associated_primary.0005,
formula.associated_primary.0372,root.cring.associated_primary,399,formula,inline-dollar,467,467,467,467,,,4a6dfa9246e5e3f9ee1446738dbe3d6edbacf6e63371fd201e6ec06c76112420,4a6dfa9246e5e3f9ee1446738dbe3d6edbacf6e63371fd201e6ec06c76112420,4a6dfa9246e5e3f9ee1446738dbe3d6edbacf6e63371fd201e6ec06c76112420,section.associated_primary.0005,
remark.associated_primary.0001,root.cring.associated_primary,400,remark,remark,469,497,469,497,,,f30576a5cd82ce355928eb6b9f91fbacd16c297d4866766252952015a357cbc1,5ebf566646c17936eb1db8dec587b749cc791b0f9e9821f56902de957a95f29e,,section.associated_primary.0005,
formula.associated_primary.0373,root.cring.associated_primary,401,formula,inline-dollar,474,474,474,474,,,a28faf6143663643c867a9e6316c985e9cef6a6ed418572e97343866efcfe288,a28faf6143663643c867a9e6316c985e9cef6a6ed418572e97343866efcfe288,a28faf6143663643c867a9e6316c985e9cef6a6ed418572e97343866efcfe288,section.associated_primary.0005,
formula.associated_primary.0374,root.cring.associated_primary,402,formula,inline-dollar,474,474,474,474,,,8ca64e7004dd81a64705186ffbf28ea93c7082b11d2f373ba21cbf3f65a8c6fb,8ca64e7004dd81a64705186ffbf28ea93c7082b11d2f373ba21cbf3f65a8c6fb,57147fe88f9f44effd30feb1bc7f640068b1e832073bc21317ac19a9d1a7e773,section.associated_primary.0005,
formula.associated_primary.0375,root.cring.associated_primary,403,formula,inline-dollar,475,475,475,475,,,e1be141e9d9d483f7b3f41aee67ee405db4d0f5639f26d216117a25af25ec687,e1be141e9d9d483f7b3f41aee67ee405db4d0f5639f26d216117a25af25ec687,e1be141e9d9d483f7b3f41aee67ee405db4d0f5639f26d216117a25af25ec687,section.associated_primary.0005,
theorem.associated_primary.0011,root.cring.associated_primary,404,theorem,lemma,478,481,478,481,,,61240fa92afd1f28e4ebe87e424115eb2597e70b54f23d70a04a0f0d9b82178c,c71ca10951e817653a22420d3e79b6e0b8a5533a70fa9dbfd7ab5a6887444d75,,section.associated_primary.0005,
formula.associated_primary.0376,root.cring.associated_primary,405,formula,inline-dollar,479,479,479,479,,,a28faf6143663643c867a9e6316c985e9cef6a6ed418572e97343866efcfe288,a28faf6143663643c867a9e6316c985e9cef6a6ed418572e97343866efcfe288,a28faf6143663643c867a9e6316c985e9cef6a6ed418572e97343866efcfe288,section.associated_primary.0005,
formula.associated_primary.0377,root.cring.associated_primary,406,formula,inline-dollar,479,479,479,479,,,1075a6c56cbe3aab2a4fc6aa23edf4b798356b1cc557340b5b24424cc43b884f,1075a6c56cbe3aab2a4fc6aa23edf4b798356b1cc557340b5b24424cc43b884f,1075a6c56cbe3aab2a4fc6aa23edf4b798356b1cc557340b5b24424cc43b884f,section.associated_primary.0005,
formula.associated_primary.0378,root.cring.associated_primary,407,formula,inline-dollar,479,480,479,480,,,14afb8473426e27dbd5bcb69b5a9151f62614b0b5c5732ce1c3bb9dae8d346ce,14afb8473426e27dbd5bcb69b5a9151f62614b0b5c5732ce1c3bb9dae8d346ce,e184197f0273e3e507b7633f7b938609d67c3fc677fe6710c843aa46365c9d9a,section.associated_primary.0005,
formula.associated_primary.0379,root.cring.associated_primary,408,formula,inline-dollar,483,483,483,483,,,6c5c12915b03316c793c30a254c4bb1c0b5bea42ddb9536b840ffafa5508bc51,6c5c12915b03316c793c30a254c4bb1c0b5bea42ddb9536b840ffafa5508bc51,716e006730c5f988a510aefbb4918441459afc6431df8d2f531082975f1dcf20,section.associated_primary.0005,
formula.associated_primary.0380,root.cring.associated_primary,409,formula,inline-dollar,484,485,484,485,,,14afb8473426e27dbd5bcb69b5a9151f62614b0b5c5732ce1c3bb9dae8d346ce,14afb8473426e27dbd5bcb69b5a9151f62614b0b5c5732ce1c3bb9dae8d346ce,e184197f0273e3e507b7633f7b938609d67c3fc677fe6710c843aa46365c9d9a,section.associated_primary.0005,
formula.associated_primary.0381,root.cring.associated_primary,410,formula,inline-dollar,485,485,485,485,,,4c9252fd53ce536169e9b3a064824d8dc0c4a9e13e26fcd9007098e861d71a86,4c9252fd53ce536169e9b3a064824d8dc0c4a9e13e26fcd9007098e861d71a86,a2e2b0f1ff93e08dcd62a2551e000b300c71c33727815ee8c6e095726e1ab1b6,section.associated_primary.0005,
formula.associated_primary.0382,root.cring.associated_primary,411,formula,inline-dollar,486,486,486,486,,,a28faf6143663643c867a9e6316c985e9cef6a6ed418572e97343866efcfe288,a28faf6143663643c867a9e6316c985e9cef6a6ed418572e97343866efcfe288,a28faf6143663643c867a9e6316c985e9cef6a6ed418572e97343866efcfe288,section.associated_primary.0005,
formula.associated_primary.0383,root.cring.associated_primary,412,formula,inline-dollar,486,486,486,486,,,22bf003d6cac79e1d917cacdab9539c5d59468c02c22d29c08df00834ee4bbe6,22bf003d6cac79e1d917cacdab9539c5d59468c02c22d29c08df00834ee4bbe6,22bf003d6cac79e1d917cacdab9539c5d59468c02c22d29c08df00834ee4bbe6,section.associated_primary.0005,
formula.associated_primary.0384,root.cring.associated_primary,413,formula,inline-dollar,487,487,487,487,,,eb284633cf42e6bb571ca6279c9fcf0b4bda53160a8bcf0abf6cb98fa1ede420,eb284633cf42e6bb571ca6279c9fcf0b4bda53160a8bcf0abf6cb98fa1ede420,9d6f0eac4694aa4f0151eb64be029d04d382be6e2e7673b0e5f2c07d7590169c,section.associated_primary.0005,
formula.associated_primary.0385,root.cring.associated_primary,414,formula,inline-dollar,487,487,487,487,,,6c5c12915b03316c793c30a254c4bb1c0b5bea42ddb9536b840ffafa5508bc51,6c5c12915b03316c793c30a254c4bb1c0b5bea42ddb9536b840ffafa5508bc51,716e006730c5f988a510aefbb4918441459afc6431df8d2f531082975f1dcf20,section.associated_primary.0005,
formula.associated_primary.0386,root.cring.associated_primary,415,formula,inline-dollar,490,490,490,490,,,1075a6c56cbe3aab2a4fc6aa23edf4b798356b1cc557340b5b24424cc43b884f,1075a6c56cbe3aab2a4fc6aa23edf4b798356b1cc557340b5b24424cc43b884f,1075a6c56cbe3aab2a4fc6aa23edf4b798356b1cc557340b5b24424cc43b884f,section.associated_primary.0005,
formula.associated_primary.0387,root.cring.associated_primary,416,formula,inline-dollar,491,491,491,491,,,e1be141e9d9d483f7b3f41aee67ee405db4d0f5639f26d216117a25af25ec687,e1be141e9d9d483f7b3f41aee67ee405db4d0f5639f26d216117a25af25ec687,e1be141e9d9d483f7b3f41aee67ee405db4d0f5639f26d216117a25af25ec687,section.associated_primary.0005,
formula.associated_primary.0388,root.cring.associated_primary,417,formula,inline-dollar,492,492,492,492,,,ca9b6c0f88626a30548594c6825b8ec61b63e55ec749396fe35ef2996f38625e,ca9b6c0f88626a30548594c6825b8ec61b63e55ec749396fe35ef2996f38625e,e184197f0273e3e507b7633f7b938609d67c3fc677fe6710c843aa46365c9d9a,section.associated_primary.0005,
formula.associated_primary.0389,root.cring.associated_primary,418,formula,inline-dollar,492,493,492,493,,,3706c0ad11c5c8f89f2bc2ea5b62f65339053291d0e2d8566a3709dc2320f039,3706c0ad11c5c8f89f2bc2ea5b62f65339053291d0e2d8566a3709dc2320f039,25005b5a70edccfc2d886c419ba59d0cc1fa153bee2f1987cf3f6c65cea16b8a,section.associated_primary.0005,
formula.associated_primary.0390,root.cring.associated_primary,419,formula,inline-dollar,493,493,493,493,,,725d0f0d791b407c4a2ac04635a01a842c26cbfa140889ea282c6f9ec2a302da,725d0f0d791b407c4a2ac04635a01a842c26cbfa140889ea282c6f9ec2a302da,fba408c8f7a09e168fbbad8bf203d1b32265df45b001ad4185f243a913f95b6f,section.associated_primary.0005,
formula.associated_primary.0391,root.cring.associated_primary,420,formula,inline-dollar,493,493,493,493,,,c9aa19b68897c01f6f28bf57cdd2ae55d23cccf2c2020d71e5cffba155ab3344,c9aa19b68897c01f6f28bf57cdd2ae55d23cccf2c2020d71e5cffba155ab3344,f9c7ee97aa398a048368bc4149fff7085f3b3407097cbe534f73790f04ad47e5,section.associated_primary.0005,
formula.associated_primary.0392,root.cring.associated_primary,421,formula,inline-dollar,494,494,494,494,,,fe5f92950e94edc0cc70e4eb26c450ba1eb97cff23b53691a3f58bf6be1faaec,fe5f92950e94edc0cc70e4eb26c450ba1eb97cff23b53691a3f58bf6be1faaec,889355550dfbc470fb4276c79cb0df30bbf28e6508a578e43ce27d1f98521989,section.associated_primary.0005,
formula.associated_primary.0393,root.cring.associated_primary,422,formula,display-bracket,495,495,495,495,,,a98a1ff4d24399ecdaa28da1592708a67546326585e45fbba54917f02f7923a9,a98a1ff4d24399ecdaa28da1592708a67546326585e45fbba54917f02f7923a9,a3fc884ca45673f73fc6ddb7fd74c5f028d3fa1e32039ae12d35881bd69669f9,section.associated_primary.0005,
formula.associated_primary.0394,root.cring.associated_primary,423,formula,inline-dollar,496,496,496,496,,,22bf003d6cac79e1d917cacdab9539c5d59468c02c22d29c08df00834ee4bbe6,22bf003d6cac79e1d917cacdab9539c5d59468c02c22d29c08df00834ee4bbe6,22bf003d6cac79e1d917cacdab9539c5d59468c02c22d29c08df00834ee4bbe6,section.associated_primary.0005,
section.associated_primary.0006,root.cring.associated_primary,424,section,subsection,501,501,501,501,Primary modules,Modul primer,3f8df8a7a8e9752e54200db6eb9026a7ada70d5fe85e133613857341e074c7df,63bd9cc9816263f58010d2f8c10106a2f3ec7b08f060d77f34a967523b9a5e77,,section.associated_primary.0001,
definition.associated_primary.0005,root.cring.associated_primary,425,definition,definition,509,516,509,516,,,6a92eefdaf26a579a5b41b852a6fdf867dcc4993355a433890363ef26a8e42a6,6b247672f683af870364fbebcbd7c510cbe516ed62255761fbf907dea316f5af,,section.associated_primary.0006,
formula.associated_primary.0395,root.cring.associated_primary,426,formula,inline-dollar,510,510,510,510,,,8ca64e7004dd81a64705186ffbf28ea93c7082b11d2f373ba21cbf3f65a8c6fb,8ca64e7004dd81a64705186ffbf28ea93c7082b11d2f373ba21cbf3f65a8c6fb,57147fe88f9f44effd30feb1bc7f640068b1e832073bc21317ac19a9d1a7e773,section.associated_primary.0006,
formula.associated_primary.0396,root.cring.associated_primary,427,formula,inline-dollar,510,510,510,510,,,29742240025756815de7b4dc24b2f1de69b9148b4ec37f961ccb4d9b4836ab30,29742240025756815de7b4dc24b2f1de69b9148b4ec37f961ccb4d9b4836ab30,29742240025756815de7b4dc24b2f1de69b9148b4ec37f961ccb4d9b4836ab30,section.associated_primary.0006,
formula.associated_primary.0397,root.cring.associated_primary,428,formula,inline-dollar,510,510,510,510,,,a28faf6143663643c867a9e6316c985e9cef6a6ed418572e97343866efcfe288,a28faf6143663643c867a9e6316c985e9cef6a6ed418572e97343866efcfe288,a28faf6143663643c867a9e6316c985e9cef6a6ed418572e97343866efcfe288,section.associated_primary.0006,
formula.associated_primary.0398,root.cring.associated_primary,429,formula,inline-dollar,510,510,510,510,,,29742240025756815de7b4dc24b2f1de69b9148b4ec37f961ccb4d9b4836ab30,29742240025756815de7b4dc24b2f1de69b9148b4ec37f961ccb4d9b4836ab30,29742240025756815de7b4dc24b2f1de69b9148b4ec37f961ccb4d9b4836ab30,section.associated_primary.0006,
formula.associated_primary.0399,root.cring.associated_primary,430,formula,inline-dollar,511,511,511,511,,,1075a6c56cbe3aab2a4fc6aa23edf4b798356b1cc557340b5b24424cc43b884f,1075a6c56cbe3aab2a4fc6aa23edf4b798356b1cc557340b5b24424cc43b884f,1075a6c56cbe3aab2a4fc6aa23edf4b798356b1cc557340b5b24424cc43b884f,section.associated_primary.0006,
formula.associated_primary.0400,root.cring.associated_primary,431,formula,display-bracket,512,512,512,512,,,0bce07064740e14ff638de0ee4840273722414f0afd8d90569d000ef44327e3c,0bce07064740e14ff638de0ee4840273722414f0afd8d90569d000ef44327e3c,159fffbccc6cc6a266b8ca9c11b4b43a28f4fad4e54df92b17d2b97e7bc5f7a4,section.associated_primary.0006,
formula.associated_primary.0401,root.cring.associated_primary,432,formula,inline-dollar,514,514,514,514,,,1075a6c56cbe3aab2a4fc6aa23edf4b798356b1cc557340b5b24424cc43b884f,1075a6c56cbe3aab2a4fc6aa23edf4b798356b1cc557340b5b24424cc43b884f,1075a6c56cbe3aab2a4fc6aa23edf4b798356b1cc557340b5b24424cc43b884f,section.associated_primary.0006,
formula.associated_primary.0402,root.cring.associated_primary,433,formula,inline-dollar,515,515,515,515,,,1075a6c56cbe3aab2a4fc6aa23edf4b798356b1cc557340b5b24424cc43b884f,1075a6c56cbe3aab2a4fc6aa23edf4b798356b1cc557340b5b24424cc43b884f,1075a6c56cbe3aab2a4fc6aa23edf4b798356b1cc557340b5b24424cc43b884f,section.associated_primary.0006,
theorem.associated_primary.0012,root.cring.associated_primary,434,theorem,proposition,518,522,518,522,,,4bd40c2bfa4dd69b227b1c0275f9fc6f39bfc925b9a73a101a3f2ac17c087d53,ac55e2a34fbd1f4ec637d73c52a628a834d8844b1889e80d86f4a76efbb18851,,section.associated_primary.0006,label.associated_primary.0010
formula.associated_primary.0403,root.cring.associated_primary,435,formula,inline-dollar,519,519,519,519,,,29742240025756815de7b4dc24b2f1de69b9148b4ec37f961ccb4d9b4836ab30,29742240025756815de7b4dc24b2f1de69b9148b4ec37f961ccb4d9b4836ab30,29742240025756815de7b4dc24b2f1de69b9148b4ec37f961ccb4d9b4836ab30,section.associated_primary.0006,
formula.associated_primary.0404,root.cring.associated_primary,436,formula,inline-dollar,519,519,519,519,,,a28faf6143663643c867a9e6316c985e9cef6a6ed418572e97343866efcfe288,a28faf6143663643c867a9e6316c985e9cef6a6ed418572e97343866efcfe288,a28faf6143663643c867a9e6316c985e9cef6a6ed418572e97343866efcfe288,section.associated_primary.0006,
formula.associated_primary.0405,root.cring.associated_primary,437,formula,inline-dollar,519,519,519,519,,,29742240025756815de7b4dc24b2f1de69b9148b4ec37f961ccb4d9b4836ab30,29742240025756815de7b4dc24b2f1de69b9148b4ec37f961ccb4d9b4836ab30,29742240025756815de7b4dc24b2f1de69b9148b4ec37f961ccb4d9b4836ab30,section.associated_primary.0006,
formula.associated_primary.0406,root.cring.associated_primary,438,formula,inline-dollar,519,519,519,519,,,1075a6c56cbe3aab2a4fc6aa23edf4b798356b1cc557340b5b24424cc43b884f,1075a6c56cbe3aab2a4fc6aa23edf4b798356b1cc557340b5b24424cc43b884f,1075a6c56cbe3aab2a4fc6aa23edf4b798356b1cc557340b5b24424cc43b884f,section.associated_primary.0006,
formula.associated_primary.0407,root.cring.associated_primary,439,formula,inline-dollar,520,520,520,520,,,86955e72b9618ace6abf8ef4d4b13904402c7f8e6b32ac351b79e0b1aaa1dbc2,86955e72b9618ace6abf8ef4d4b13904402c7f8e6b32ac351b79e0b1aaa1dbc2,4cfee92187d3e4be9b6cc428ce2df417c0f724c765081346cbd42b326c8964b9,section.associated_primary.0006,
formula.associated_primary.0408,root.cring.associated_primary,440,formula,inline-dollar,521,521,521,521,,,824f4c95f560f5274862d31fb772f8bdc75d9f8c7b5c98675ae5e9881633c199,824f4c95f560f5274862d31fb772f8bdc75d9f8c7b5c98675ae5e9881633c199,824f4c95f560f5274862d31fb772f8bdc75d9f8c7b5c98675ae5e9881633c199,section.associated_primary.0006,
formula.associated_primary.0409,root.cring.associated_primary,441,formula,inline-dollar,521,521,521,521,,,1075a6c56cbe3aab2a4fc6aa23edf4b798356b1cc557340b5b24424cc43b884f,1075a6c56cbe3aab2a4fc6aa23edf4b798356b1cc557340b5b24424cc43b884f,1075a6c56cbe3aab2a4fc6aa23edf4b798356b1cc557340b5b24424cc43b884f,section.associated_primary.0006,
theorem.associated_primary.0013,root.cring.associated_primary,442,theorem,lemma,526,529,526,529,,,98e0efd263183f965c523dad7210b147b057b9f4c0d30250bbae1835abaf8a7a,961b44820e02bd1db22234476c9fdcb0b4cb86f826fbcb0acbcabab7f547dfa2,,section.associated_primary.0006,
formula.associated_primary.0410,root.cring.associated_primary,443,formula,inline-dollar,527,527,527,527,,,29742240025756815de7b4dc24b2f1de69b9148b4ec37f961ccb4d9b4836ab30,29742240025756815de7b4dc24b2f1de69b9148b4ec37f961ccb4d9b4836ab30,29742240025756815de7b4dc24b2f1de69b9148b4ec37f961ccb4d9b4836ab30,section.associated_primary.0006,
formula.associated_primary.0411,root.cring.associated_primary,444,formula,inline-dollar,527,527,527,527,,,1075a6c56cbe3aab2a4fc6aa23edf4b798356b1cc557340b5b24424cc43b884f,1075a6c56cbe3aab2a4fc6aa23edf4b798356b1cc557340b5b24424cc43b884f,1075a6c56cbe3aab2a4fc6aa23edf4b798356b1cc557340b5b24424cc43b884f,section.associated_primary.0006,
formula.associated_primary.0412,root.cring.associated_primary,445,formula,inline-dollar,527,527,527,527,,,0a11d30c3ec23bf3b4a90ecf77870c9547fae41b0267d76da628dbe960b1c14d,0a11d30c3ec23bf3b4a90ecf77870c9547fae41b0267d76da628dbe960b1c14d,358bbb638ba0c7e6b93ef05c0a54b43929322f754e5699418fe83d63b86c0593,section.associated_primary.0006,
formula.associated_primary.0413,root.cring.associated_primary,446,formula,inline-dollar,528,528,528,528,,,1075a6c56cbe3aab2a4fc6aa23edf4b798356b1cc557340b5b24424cc43b884f,1075a6c56cbe3aab2a4fc6aa23edf4b798356b1cc557340b5b24424cc43b884f,1075a6c56cbe3aab2a4fc6aa23edf4b798356b1cc557340b5b24424cc43b884f,section.associated_primary.0006,
formula.associated_primary.0414,root.cring.associated_primary,447,formula,inline-dollar,531,531,531,531,,,968e79db462f5663f3cf866a21bace2e8c9b985446d764622d8a5b26e3ef0e7e,968e79db462f5663f3cf866a21bace2e8c9b985446d764622d8a5b26e3ef0e7e,a61efb1c848f46f9a273718f6bb31123ae066d323f9bb4313f09273e845a4e67,section.associated_primary.0006,
formula.associated_primary.0415,root.cring.associated_primary,448,formula,inline-dollar,532,532,532,532,,,222c9f806d00891936f320c37efe454095c0c8a79fe99f7aff4b66dc6c05974d,222c9f806d00891936f320c37efe454095c0c8a79fe99f7aff4b66dc6c05974d,4ceb369a4ae17dd08d840a8bbcbdff170273306bc17eff554355b14231ed7d4f,section.associated_primary.0006,
formula.associated_primary.0416,root.cring.associated_primary,449,formula,inline-dollar,532,532,532,532,,,4d8caf62591141cda61469202e431821c33cc2129c797f51e0a5fb3e52403543,4d8caf62591141cda61469202e431821c33cc2129c797f51e0a5fb3e52403543,4d8caf62591141cda61469202e431821c33cc2129c797f51e0a5fb3e52403543,section.associated_primary.0006,
formula.associated_primary.0417,root.cring.associated_primary,450,formula,inline-dollar,533,533,533,533,,,e697f91cc9ca25c55abaf461fa380c1b743c9db6bbdae7db6f38701d8513d1c2,e697f91cc9ca25c55abaf461fa380c1b743c9db6bbdae7db6f38701d8513d1c2,d6a49b8ec3090704a19e71d9fb271d13566098d9fb19bb086dd87f20f67d3398,section.associated_primary.0006,
formula.associated_primary.0418,root.cring.associated_primary,451,formula,inline-dollar,534,534,534,534,,,4d8caf62591141cda61469202e431821c33cc2129c797f51e0a5fb3e52403543,4d8caf62591141cda61469202e431821c33cc2129c797f51e0a5fb3e52403543,4d8caf62591141cda61469202e431821c33cc2129c797f51e0a5fb3e52403543,section.associated_primary.0006,
formula.associated_primary.0419,root.cring.associated_primary,452,formula,inline-dollar,534,534,534,534,,,1075a6c56cbe3aab2a4fc6aa23edf4b798356b1cc557340b5b24424cc43b884f,1075a6c56cbe3aab2a4fc6aa23edf4b798356b1cc557340b5b24424cc43b884f,1075a6c56cbe3aab2a4fc6aa23edf4b798356b1cc557340b5b24424cc43b884f,section.associated_primary.0006,
formula.associated_primary.0420,root.cring.associated_primary,453,formula,inline-dollar,539,539,539,539,,,29742240025756815de7b4dc24b2f1de69b9148b4ec37f961ccb4d9b4836ab30,29742240025756815de7b4dc24b2f1de69b9148b4ec37f961ccb4d9b4836ab30,29742240025756815de7b4dc24b2f1de69b9148b4ec37f961ccb4d9b4836ab30,section.associated_primary.0006,
formula.associated_primary.0421,root.cring.associated_primary,454,formula,inline-dollar,539,539,539,539,,,1075a6c56cbe3aab2a4fc6aa23edf4b798356b1cc557340b5b24424cc43b884f,1075a6c56cbe3aab2a4fc6aa23edf4b798356b1cc557340b5b24424cc43b884f,1075a6c56cbe3aab2a4fc6aa23edf4b798356b1cc557340b5b24424cc43b884f,section.associated_primary.0006,
formula.associated_primary.0422,root.cring.associated_primary,455,formula,inline-dollar,539,539,539,539,,,ea2434f79ab9465a372dd7231976fff0f5b1d64b8266420369f900f070b3936b,ea2434f79ab9465a372dd7231976fff0f5b1d64b8266420369f900f070b3936b,dc1281739453ad2beda5815c063144ead8e23fe9921d8a4f18a66189f04f507f,section.associated_primary.0006,
formula.associated_primary.0423,root.cring.associated_primary,456,formula,inline-dollar,539,539,539,539,,,2353c0d14d8825a8e36dde8e8ca40825f96913b0ec6e47edecc1685cda90ce10,2353c0d14d8825a8e36dde8e8ca40825f96913b0ec6e47edecc1685cda90ce10,0e866bfdfc4c2e551f4831c986bc842f26359d6e29888f301c112bfc90282679,section.associated_primary.0006,
formula.associated_primary.0424,root.cring.associated_primary,457,formula,inline-dollar,540,540,540,540,,,b14e51ecb1c38138be7beabd501bf5ac7f4ff639dd94cfa45b1956f882a06224,b14e51ecb1c38138be7beabd501bf5ac7f4ff639dd94cfa45b1956f882a06224,6b4da02686acefa33eae6230a4981f51599654f2fcbe924e224287e60827de1e,section.associated_primary.0006,
formula.associated_primary.0425,root.cring.associated_primary,458,formula,inline-dollar,540,540,540,540,,,0096bdbcbc0095f6016bccf3f57a9cb151a543ba8620ba0cc3b2f35bcb7b0355,0096bdbcbc0095f6016bccf3f57a9cb151a543ba8620ba0cc3b2f35bcb7b0355,88dc40cde41f2334ee2d45ac9606344d262c49e422f5447daca0a0890457f7b1,section.associated_primary.0006,
formula.associated_primary.0426,root.cring.associated_primary,459,formula,display-bracket,541,541,541,541,,,6eb73344c6f5b1aabd699123fa45520b118a0715e0a3de9ffa99ee767bfc839d,6eb73344c6f5b1aabd699123fa45520b118a0715e0a3de9ffa99ee767bfc839d,cf015aefeef006d830ae0ff26314641e5f2d44a6bab3d3674e7c462094d1c3f5,section.associated_primary.0006,
formula.associated_primary.0427,root.cring.associated_primary,460,formula,inline-dollar,542,542,542,542,,,cc8e7f13a3bc704318287ebd723ff017952c1f2620b43f643ba4fc8d0b5ea8a0,cc8e7f13a3bc704318287ebd723ff017952c1f2620b43f643ba4fc8d0b5ea8a0,83de41e9087b73d3f0e9945174a3884962e711953b1785bb982f9325c399be5e,section.associated_primary.0006,
formula.associated_primary.0428,root.cring.associated_primary,461,formula,inline-dollar,542,542,542,542,,,dbfecb0870a6be6dec189d7eed9daa3481346c24a1a9328a5ee37844feedb3c2,dbfecb0870a6be6dec189d7eed9daa3481346c24a1a9328a5ee37844feedb3c2,dbfecb0870a6be6dec189d7eed9daa3481346c24a1a9328a5ee37844feedb3c2,section.associated_primary.0006,
formula.associated_primary.0429,root.cring.associated_primary,462,formula,inline-dollar,542,542,542,542,,,1075a6c56cbe3aab2a4fc6aa23edf4b798356b1cc557340b5b24424cc43b884f,1075a6c56cbe3aab2a4fc6aa23edf4b798356b1cc557340b5b24424cc43b884f,1075a6c56cbe3aab2a4fc6aa23edf4b798356b1cc557340b5b24424cc43b884f,section.associated_primary.0006,
formula.associated_primary.0430,root.cring.associated_primary,463,formula,inline-dollar,543,543,543,543,,,b30af4b5e622956c08f88fbd71d8fd1f1d0a0a8630386a1dd3a0f4fc81baf133,b30af4b5e622956c08f88fbd71d8fd1f1d0a0a8630386a1dd3a0f4fc81baf133,618a1a53bca3017d102681d6b90a8c1d18344dc62f49aaaa8a18c9b4ddd464ba,section.associated_primary.0006,
formula.associated_primary.0431,root.cring.associated_primary,464,formula,inline-dollar,544,545,544,545,,,c356b6caad93cd798d5b1aede87e91decfb00bcc79ee90ec5f1af99980563990,c356b6caad93cd798d5b1aede87e91decfb00bcc79ee90ec5f1af99980563990,94943abc1f42ee27e1e64cdfc400af84a63ee19da3590f42625b9b469e16eb8e,section.associated_primary.0006,
formula.associated_primary.0432,root.cring.associated_primary,465,formula,display-bracket,547,548,547,548,,,7d3a9b8d04ec1cdae83bda44fdfe1602217e67220b6040c4929e9fe516193f84,7d3a9b8d04ec1cdae83bda44fdfe1602217e67220b6040c4929e9fe516193f84,799ef94e186d10c50428378072961864b975b280de0f955571d9035b2e3915e3,section.associated_primary.0006,
formula.associated_primary.0433,root.cring.associated_primary,466,formula,inline-dollar,549,549,549,549,,,84405e1b08792eb30231fcd6148314619be4b024bbf6eb15e160831db6120b7a,84405e1b08792eb30231fcd6148314619be4b024bbf6eb15e160831db6120b7a,ccf1cc10b7dca42b502d9a0d66f796f949f56b123bc0f1e25ea94507dc520737,section.associated_primary.0006,
formula.associated_primary.0434,root.cring.associated_primary,467,formula,inline-dollar,550,550,550,550,,,1075a6c56cbe3aab2a4fc6aa23edf4b798356b1cc557340b5b24424cc43b884f,1075a6c56cbe3aab2a4fc6aa23edf4b798356b1cc557340b5b24424cc43b884f,1075a6c56cbe3aab2a4fc6aa23edf4b798356b1cc557340b5b24424cc43b884f,section.associated_primary.0006,
formula.associated_primary.0435,root.cring.associated_primary,468,formula,inline-dollar,550,551,550,551,,,e7553a0c568acda951060cb6039459352bb0049ffb95cb0051dd0860b12dac3d,e7553a0c568acda951060cb6039459352bb0049ffb95cb0051dd0860b12dac3d,88dc40cde41f2334ee2d45ac9606344d262c49e422f5447daca0a0890457f7b1,section.associated_primary.0006,
formula.associated_primary.0436,root.cring.associated_primary,469,formula,inline-dollar,552,552,552,552,,,dbfecb0870a6be6dec189d7eed9daa3481346c24a1a9328a5ee37844feedb3c2,dbfecb0870a6be6dec189d7eed9daa3481346c24a1a9328a5ee37844feedb3c2,dbfecb0870a6be6dec189d7eed9daa3481346c24a1a9328a5ee37844feedb3c2,section.associated_primary.0006,
formula.associated_primary.0437,root.cring.associated_primary,470,formula,inline-dollar,552,552,552,552,,,4a1f941b3c6f426ec08de78c17e2f80f07a8b789701ba6b25126da00fab1231c,4a1f941b3c6f426ec08de78c17e2f80f07a8b789701ba6b25126da00fab1231c,4a1f941b3c6f426ec08de78c17e2f80f07a8b789701ba6b25126da00fab1231c,section.associated_primary.0006,
formula.associated_primary.0438,root.cring.associated_primary,471,formula,inline-dollar,552,552,552,552,,,1075a6c56cbe3aab2a4fc6aa23edf4b798356b1cc557340b5b24424cc43b884f,1075a6c56cbe3aab2a4fc6aa23edf4b798356b1cc557340b5b24424cc43b884f,1075a6c56cbe3aab2a4fc6aa23edf4b798356b1cc557340b5b24424cc43b884f,section.associated_primary.0006,
formula.associated_primary.0439,root.cring.associated_primary,472,formula,inline-dollar,555,555,555,555,,,4594beb86247f1cbd497d25651823a1f615bae753bc3cb315332b7d9888c9665,4594beb86247f1cbd497d25651823a1f615bae753bc3cb315332b7d9888c9665,d35e1e6a84f6858ab89a38c8c61a7c74744a39ac9a753d2a19b5edb09a68260b,section.associated_primary.0006,
formula.associated_primary.0440,root.cring.associated_primary,473,formula,inline-dollar,555,556,555,556,,,60cc5998f471da03335e5e280c3d8c815378bd45026a615be5018a4e09bd4901,60cc5998f471da03335e5e280c3d8c815378bd45026a615be5018a4e09bd4901,c41dde6eda6753c6d954dd46b38a70f40828099d41b971f746b27a7f8774fad2,section.associated_primary.0006,
formula.associated_primary.0441,root.cring.associated_primary,474,formula,inline-dollar,556,556,556,556,,,2353c0d14d8825a8e36dde8e8ca40825f96913b0ec6e47edecc1685cda90ce10,2353c0d14d8825a8e36dde8e8ca40825f96913b0ec6e47edecc1685cda90ce10,0e866bfdfc4c2e551f4831c986bc842f26359d6e29888f301c112bfc90282679,section.associated_primary.0006,
formula.associated_primary.0442,root.cring.associated_primary,475,formula,inline-dollar,556,556,556,556,,,6e78a2c6d26c19e752118447552aec211d653717135c7c9d63ce8f249ae62585,6e78a2c6d26c19e752118447552aec211d653717135c7c9d63ce8f249ae62585,4f54475524adda9f19c1269bea5d7d713d9f30ea8fd4c0f66df355f6b75e2bf4,section.associated_primary.0006,
formula.associated_primary.0443,root.cring.associated_primary,476,formula,display-bracket,557,557,557,557,,,a5089f0bdec731e3687b47063246b8efc96b115e845ce2455f071a170e372991,a5089f0bdec731e3687b47063246b8efc96b115e845ce2455f071a170e372991,d59e9a52082eb4a778a880cfb2f9f0c68a103d538e986390485935d31948910a,section.associated_primary.0006,
formula.associated_primary.0444,root.cring.associated_primary,477,formula,inline-dollar,557,557,557,557,,,45146b3407350b9ae75b2c64d6cea2f5cd069cdc1ba299962f7544bf98ef650a,45146b3407350b9ae75b2c64d6cea2f5cd069cdc1ba299962f7544bf98ef650a,b7def5f758dc51739e96863e9b0d3f1fd2e6feabbe4e1a0c086127c4ed1cce71,section.associated_primary.0006,
theorem.associated_primary.0014,root.cring.associated_primary,478,theorem,proposition,562,566,562,566,,,aa28d41a0df2c0c461b2566bdc9ed737bc4476adde51057b1e68894b0cf15341,3089e3c381f4be2e03605c191d2c0429324086735a0d680f5e72a4c8532c03f2,,section.associated_primary.0006,label.associated_primary.0011
formula.associated_primary.0445,root.cring.associated_primary,479,formula,inline-dollar,563,563,563,563,,,f567b6cb0905adf66aa24a6131d30b42871ddd5e4d70025c4e84225ec24083f1,f567b6cb0905adf66aa24a6131d30b42871ddd5e4d70025c4e84225ec24083f1,5b5da2aa1e014bcd3f1491352acc00dc7db924d5753082a7492155798d9aad5e,section.associated_primary.0006,
formula.associated_primary.0446,root.cring.associated_primary,480,formula,inline-dollar,563,563,563,563,,,a28faf6143663643c867a9e6316c985e9cef6a6ed418572e97343866efcfe288,a28faf6143663643c867a9e6316c985e9cef6a6ed418572e97343866efcfe288,a28faf6143663643c867a9e6316c985e9cef6a6ed418572e97343866efcfe288,section.associated_primary.0006,
formula.associated_primary.0447,root.cring.associated_primary,481,formula,inline-dollar,563,563,563,563,,,29742240025756815de7b4dc24b2f1de69b9148b4ec37f961ccb4d9b4836ab30,29742240025756815de7b4dc24b2f1de69b9148b4ec37f961ccb4d9b4836ab30,29742240025756815de7b4dc24b2f1de69b9148b4ec37f961ccb4d9b4836ab30,section.associated_primary.0006,
formula.associated_primary.0448,root.cring.associated_primary,482,formula,inline-dollar,564,565,564,565,,,7997d31c222bb0ed31104e548dec99ccd4036da1fd9220f6d338615744e8c0c0,7997d31c222bb0ed31104e548dec99ccd4036da1fd9220f6d338615744e8c0c0,e4c505ba4f1fceb07fd43648d558dfd5fde21be3b456cee6241f175c0e94cd89,section.associated_primary.0006,
formula.associated_primary.0449,root.cring.associated_primary,483,formula,inline-dollar,565,565,565,565,,,bee8e8a88f6663691160746d34eb1fca58e5ac414db6987e1c187aca23deec0b,bee8e8a88f6663691160746d34eb1fca58e5ac414db6987e1c187aca23deec0b,0f9c3af8f011ddc0f2acd76bcae1d3f220be81a9b2220a2b326fd17618a8256d,section.associated_primary.0006,
formula.associated_primary.0450,root.cring.associated_primary,484,formula,inline-dollar,568,568,568,568,,,29742240025756815de7b4dc24b2f1de69b9148b4ec37f961ccb4d9b4836ab30,29742240025756815de7b4dc24b2f1de69b9148b4ec37f961ccb4d9b4836ab30,29742240025756815de7b4dc24b2f1de69b9148b4ec37f961ccb4d9b4836ab30,section.associated_primary.0006,
formula.associated_primary.0451,root.cring.associated_primary,485,formula,inline-dollar,568,568,568,568,,,1075a6c56cbe3aab2a4fc6aa23edf4b798356b1cc557340b5b24424cc43b884f,1075a6c56cbe3aab2a4fc6aa23edf4b798356b1cc557340b5b24424cc43b884f,1075a6c56cbe3aab2a4fc6aa23edf4b798356b1cc557340b5b24424cc43b884f,section.associated_primary.0006,
formula.associated_primary.0452,root.cring.associated_primary,486,formula,inline-dollar,569,569,569,569,,,1075a6c56cbe3aab2a4fc6aa23edf4b798356b1cc557340b5b24424cc43b884f,1075a6c56cbe3aab2a4fc6aa23edf4b798356b1cc557340b5b24424cc43b884f,1075a6c56cbe3aab2a4fc6aa23edf4b798356b1cc557340b5b24424cc43b884f,section.associated_primary.0006,
formula.associated_primary.0453,root.cring.associated_primary,487,formula,inline-dollar,570,570,570,570,,,1075a6c56cbe3aab2a4fc6aa23edf4b798356b1cc557340b5b24424cc43b884f,1075a6c56cbe3aab2a4fc6aa23edf4b798356b1cc557340b5b24424cc43b884f,1075a6c56cbe3aab2a4fc6aa23edf4b798356b1cc557340b5b24424cc43b884f,section.associated_primary.0006,
formula.associated_primary.0454,root.cring.associated_primary,488,formula,inline-dollar,570,570,570,570,,,1737d27701210228f2c4c7a1c82ca2dfd7ec6d7f6093641bd15d73f91d46dc60,1737d27701210228f2c4c7a1c82ca2dfd7ec6d7f6093641bd15d73f91d46dc60,c8dd9c470f7fbc2011744909e8c1b92f0b8d9583382a9fdd81b6312a3b68d33f,section.associated_primary.0006,
formula.associated_primary.0455,root.cring.associated_primary,489,formula,inline-dollar,570,570,570,570,,,21441d8b1a5bbfdef02f270ef5e049bfbd4343be319ad3f444ca71c636f373e4,21441d8b1a5bbfdef02f270ef5e049bfbd4343be319ad3f444ca71c636f373e4,21441d8b1a5bbfdef02f270ef5e049bfbd4343be319ad3f444ca71c636f373e4,section.associated_primary.0006,
formula.associated_primary.0456,root.cring.associated_primary,490,formula,inline-dollar,571,571,571,571,,,11d0293851b9e51f7fdc44e44cf019117c151317946106512210cab3c6740e8e,11d0293851b9e51f7fdc44e44cf019117c151317946106512210cab3c6740e8e,9bf3e5988cc590e057fbc7796e550684a3372673725aae7f85a335e673358c11,section.associated_primary.0006,
formula.associated_primary.0457,root.cring.associated_primary,491,formula,inline-dollar,571,571,571,571,,,1075a6c56cbe3aab2a4fc6aa23edf4b798356b1cc557340b5b24424cc43b884f,1075a6c56cbe3aab2a4fc6aa23edf4b798356b1cc557340b5b24424cc43b884f,1075a6c56cbe3aab2a4fc6aa23edf4b798356b1cc557340b5b24424cc43b884f,section.associated_primary.0006,
formula.associated_primary.0458,root.cring.associated_primary,492,formula,inline-dollar,571,571,571,571,,,401c22f57c1a7b3fd9bfbab993a1217702bf668f556921022a06b811573d8f24,401c22f57c1a7b3fd9bfbab993a1217702bf668f556921022a06b811573d8f24,401c22f57c1a7b3fd9bfbab993a1217702bf668f556921022a06b811573d8f24,section.associated_primary.0006,
formula.associated_primary.0459,root.cring.associated_primary,493,formula,inline-dollar,573,573,573,573,,,401c22f57c1a7b3fd9bfbab993a1217702bf668f556921022a06b811573d8f24,401c22f57c1a7b3fd9bfbab993a1217702bf668f556921022a06b811573d8f24,401c22f57c1a7b3fd9bfbab993a1217702bf668f556921022a06b811573d8f24,section.associated_primary.0006,
formula.associated_primary.0460,root.cring.associated_primary,494,formula,inline-dollar,573,573,573,573,,,29742240025756815de7b4dc24b2f1de69b9148b4ec37f961ccb4d9b4836ab30,29742240025756815de7b4dc24b2f1de69b9148b4ec37f961ccb4d9b4836ab30,29742240025756815de7b4dc24b2f1de69b9148b4ec37f961ccb4d9b4836ab30,section.associated_primary.0006,
formula.associated_primary.0461,root.cring.associated_primary,495,formula,inline-dollar,574,574,574,574,,,c8f02a33709def358429967a8c1f402f5baab98fc6ea5a76727dda167714332e,c8f02a33709def358429967a8c1f402f5baab98fc6ea5a76727dda167714332e,ad3337ea466e110f010a458938ec5962bd3ffae7c67ecda679d550652565919a,section.associated_primary.0006,
formula.associated_primary.0462,root.cring.associated_primary,496,formula,inline-dollar,574,574,574,574,,,2d9b080e97c144a29ef36fcd61a7fcb863e4e825bd50aa559581bcef2061fd1e,2d9b080e97c144a29ef36fcd61a7fcb863e4e825bd50aa559581bcef2061fd1e,e4c505ba4f1fceb07fd43648d558dfd5fde21be3b456cee6241f175c0e94cd89,section.associated_primary.0006,
formula.associated_primary.0463,root.cring.associated_primary,497,formula,inline-dollar,574,574,574,574,,,e5b31cb90c65cc305d4d88ee5b7517f1282f22dc05607819c513b8b26cd6d645,e5b31cb90c65cc305d4d88ee5b7517f1282f22dc05607819c513b8b26cd6d645,8800b2e5be1daa1677b6f8787201ffd149fb2dea768257ea2f540f7c19edd777,section.associated_primary.0006,
formula.associated_primary.0464,root.cring.associated_primary,498,formula,inline-dollar,575,575,575,575,,,bb28a9b83048a0f36a72a56394914040f7f0171b49534f6138053bdd68916943,bb28a9b83048a0f36a72a56394914040f7f0171b49534f6138053bdd68916943,bb28a9b83048a0f36a72a56394914040f7f0171b49534f6138053bdd68916943,section.associated_primary.0006,
formula.associated_primary.0465,root.cring.associated_primary,499,formula,inline-dollar,575,575,575,575,,,4a1f941b3c6f426ec08de78c17e2f80f07a8b789701ba6b25126da00fab1231c,4a1f941b3c6f426ec08de78c17e2f80f07a8b789701ba6b25126da00fab1231c,4a1f941b3c6f426ec08de78c17e2f80f07a8b789701ba6b25126da00fab1231c,section.associated_primary.0006,
formula.associated_primary.0466,root.cring.associated_primary,500,formula,inline-dollar,576,576,576,576,,,ffb94f80831ac08ec1d1e1dfe0461d0fedb1b08c86848907350f042f37975be5,ffb94f80831ac08ec1d1e1dfe0461d0fedb1b08c86848907350f042f37975be5,d5116bd5679c1ad5650bdf4b90201571d4de0fdae663362e7b9210355a28dfe6,section.associated_primary.0006,
formula.associated_primary.0467,root.cring.associated_primary,501,formula,inline-dollar,576,576,576,576,,,b07ac116320dc906d7b83a1dd1e18875033fac81eeaf6e6096d932a62b5041fe,b07ac116320dc906d7b83a1dd1e18875033fac81eeaf6e6096d932a62b5041fe,72dd6480bbdb29b3312026674228ff7173c2f9f75cf19552402300485beccfcc,section.associated_primary.0006,
formula.associated_primary.0468,root.cring.associated_primary,502,formula,inline-dollar,576,576,576,576,,,7c51c67db535a3e19cec3b97f8e368d5de47c66f6b01ff94540f77330ae9ed9a,7c51c67db535a3e19cec3b97f8e368d5de47c66f6b01ff94540f77330ae9ed9a,7c51c67db535a3e19cec3b97f8e368d5de47c66f6b01ff94540f77330ae9ed9a,section.associated_primary.0006,
formula.associated_primary.0469,root.cring.associated_primary,503,formula,inline-dollar,580,580,580,580,,,4a1f941b3c6f426ec08de78c17e2f80f07a8b789701ba6b25126da00fab1231c,4a1f941b3c6f426ec08de78c17e2f80f07a8b789701ba6b25126da00fab1231c,4a1f941b3c6f426ec08de78c17e2f80f07a8b789701ba6b25126da00fab1231c,section.associated_primary.0006,
formula.associated_primary.0470,root.cring.associated_primary,504,formula,inline-dollar,580,580,580,580,,,040f802d8f072e79be729183e01f192e94edd985c68c153fb32f5827fc5e961b,040f802d8f072e79be729183e01f192e94edd985c68c153fb32f5827fc5e961b,6608d199f12caa3aa9f49913476b49015a5e1953d71d2f33601ca8d5235412b7,section.associated_primary.0006,
formula.associated_primary.0471,root.cring.associated_primary,505,formula,inline-dollar,580,580,580,580,,,3412d48ed10b2bed56622439e4eac3a236121b5e43194d0a8c16a0417d8da79e,3412d48ed10b2bed56622439e4eac3a236121b5e43194d0a8c16a0417d8da79e,3412d48ed10b2bed56622439e4eac3a236121b5e43194d0a8c16a0417d8da79e,section.associated_primary.0006,
formula.associated_primary.0472,root.cring.associated_primary,506,formula,inline-dollar,581,581,581,581,,,29742240025756815de7b4dc24b2f1de69b9148b4ec37f961ccb4d9b4836ab30,29742240025756815de7b4dc24b2f1de69b9148b4ec37f961ccb4d9b4836ab30,29742240025756815de7b4dc24b2f1de69b9148b4ec37f961ccb4d9b4836ab30,section.associated_primary.0006,
formula.associated_primary.0473,root.cring.associated_primary,507,formula,inline-dollar,581,581,581,581,,,bce8056bd913936d0adf3907740e8829718a0d519c57ae28d6f781be040e99bb,bce8056bd913936d0adf3907740e8829718a0d519c57ae28d6f781be040e99bb,1e64383b00eb920dac4a15de1b285587047c4e8acbfa12646a2f29240940a103,section.associated_primary.0006,
formula.associated_primary.0474,root.cring.associated_primary,508,formula,inline-dollar,582,582,582,582,,,5f5ec3cac79e627c11be1188eb0c677218a2a9056d0eb5b2845396014fca534d,5f5ec3cac79e627c11be1188eb0c677218a2a9056d0eb5b2845396014fca534d,5f5ec3cac79e627c11be1188eb0c677218a2a9056d0eb5b2845396014fca534d,section.associated_primary.0006,
formula.associated_primary.0475,root.cring.associated_primary,509,formula,inline-dollar,583,583,583,583,,,2fcbff9d145cab4dc6a4c78308fcb7099319e14a1a6c533e7c3be142dbcc794f,2fcbff9d145cab4dc6a4c78308fcb7099319e14a1a6c533e7c3be142dbcc794f,1bc29a6c1c5bbfb51692f4dd6cdbf8cac6fa9c92609c0fa2661dd2efdf01a576,section.associated_primary.0006,
formula.associated_primary.0476,root.cring.associated_primary,510,formula,inline-dollar,583,583,583,583,,,4a1f941b3c6f426ec08de78c17e2f80f07a8b789701ba6b25126da00fab1231c,4a1f941b3c6f426ec08de78c17e2f80f07a8b789701ba6b25126da00fab1231c,4a1f941b3c6f426ec08de78c17e2f80f07a8b789701ba6b25126da00fab1231c,section.associated_primary.0006,
formula.associated_primary.0477,root.cring.associated_primary,511,formula,inline-dollar,585,585,585,585,,,ea2434f79ab9465a372dd7231976fff0f5b1d64b8266420369f900f070b3936b,ea2434f79ab9465a372dd7231976fff0f5b1d64b8266420369f900f070b3936b,dc1281739453ad2beda5815c063144ead8e23fe9921d8a4f18a66189f04f507f,section.associated_primary.0006,
formula.associated_primary.0478,root.cring.associated_primary,512,formula,inline-dollar,585,585,585,585,,,21441d8b1a5bbfdef02f270ef5e049bfbd4343be319ad3f444ca71c636f373e4,21441d8b1a5bbfdef02f270ef5e049bfbd4343be319ad3f444ca71c636f373e4,21441d8b1a5bbfdef02f270ef5e049bfbd4343be319ad3f444ca71c636f373e4,section.associated_primary.0006,
formula.associated_primary.0479,root.cring.associated_primary,513,formula,inline-dollar,586,586,586,586,,,4a1f941b3c6f426ec08de78c17e2f80f07a8b789701ba6b25126da00fab1231c,4a1f941b3c6f426ec08de78c17e2f80f07a8b789701ba6b25126da00fab1231c,4a1f941b3c6f426ec08de78c17e2f80f07a8b789701ba6b25126da00fab1231c,section.associated_primary.0006,
formula.associated_primary.0480,root.cring.associated_primary,514,formula,inline-dollar,586,586,586,586,,,2d9b080e97c144a29ef36fcd61a7fcb863e4e825bd50aa559581bcef2061fd1e,2d9b080e97c144a29ef36fcd61a7fcb863e4e825bd50aa559581bcef2061fd1e,e4c505ba4f1fceb07fd43648d558dfd5fde21be3b456cee6241f175c0e94cd89,section.associated_primary.0006,
formula.associated_primary.0481,root.cring.associated_primary,515,formula,inline-dollar,586,586,586,586,,,22bf003d6cac79e1d917cacdab9539c5d59468c02c22d29c08df00834ee4bbe6,22bf003d6cac79e1d917cacdab9539c5d59468c02c22d29c08df00834ee4bbe6,22bf003d6cac79e1d917cacdab9539c5d59468c02c22d29c08df00834ee4bbe6,section.associated_primary.0006,
formula.associated_primary.0482,root.cring.associated_primary,516,formula,inline-dollar,587,587,587,587,,,259e02a5a5089d1e7c33b1b31325f1dafaf5b8afbd8e1eae86c0b435c8bd2354,259e02a5a5089d1e7c33b1b31325f1dafaf5b8afbd8e1eae86c0b435c8bd2354,0f9c3af8f011ddc0f2acd76bcae1d3f220be81a9b2220a2b326fd17618a8256d,section.associated_primary.0006,
formula.associated_primary.0483,root.cring.associated_primary,517,formula,inline-dollar,588,588,588,588,,,4a1f941b3c6f426ec08de78c17e2f80f07a8b789701ba6b25126da00fab1231c,4a1f941b3c6f426ec08de78c17e2f80f07a8b789701ba6b25126da00fab1231c,4a1f941b3c6f426ec08de78c17e2f80f07a8b789701ba6b25126da00fab1231c,section.associated_primary.0006,
formula.associated_primary.0484,root.cring.associated_primary,518,formula,inline-dollar,588,588,588,588,,,5bce80e7a7a97f4b93c6a1c3c6928682100321c5cd9d2078d4084552a8aea2b3,5bce80e7a7a97f4b93c6a1c3c6928682100321c5cd9d2078d4084552a8aea2b3,081264cc946d2e8890fb2fc90bf715dba355ac696bf1ccb2eb7b39b2ea6494a4,section.associated_primary.0006,
formula.associated_primary.0485,root.cring.associated_primary,519,formula,inline-dollar,588,588,588,588,,,401c22f57c1a7b3fd9bfbab993a1217702bf668f556921022a06b811573d8f24,401c22f57c1a7b3fd9bfbab993a1217702bf668f556921022a06b811573d8f24,401c22f57c1a7b3fd9bfbab993a1217702bf668f556921022a06b811573d8f24,section.associated_primary.0006,
formula.associated_primary.0486,root.cring.associated_primary,520,formula,inline-dollar,589,589,589,589,,,401c22f57c1a7b3fd9bfbab993a1217702bf668f556921022a06b811573d8f24,401c22f57c1a7b3fd9bfbab993a1217702bf668f556921022a06b811573d8f24,401c22f57c1a7b3fd9bfbab993a1217702bf668f556921022a06b811573d8f24,section.associated_primary.0006,
formula.associated_primary.0487,root.cring.associated_primary,521,formula,inline-dollar,590,590,590,590,,,22bf003d6cac79e1d917cacdab9539c5d59468c02c22d29c08df00834ee4bbe6,22bf003d6cac79e1d917cacdab9539c5d59468c02c22d29c08df00834ee4bbe6,22bf003d6cac79e1d917cacdab9539c5d59468c02c22d29c08df00834ee4bbe6,section.associated_primary.0006,
formula.associated_primary.0488,root.cring.associated_primary,522,formula,inline-dollar,591,591,591,591,,,c4bd36f2134f43ea9e4e5e31101f4c0def767ffba65334d034187f08b3631358,c4bd36f2134f43ea9e4e5e31101f4c0def767ffba65334d034187f08b3631358,be3cbeec3be509d31d7215c94fe63609f8fc780e4cf462c456a5baa0bbe3f236,section.associated_primary.0006,
formula.associated_primary.0489,root.cring.associated_primary,523,formula,inline-dollar,592,592,592,592,,,29742240025756815de7b4dc24b2f1de69b9148b4ec37f961ccb4d9b4836ab30,29742240025756815de7b4dc24b2f1de69b9148b4ec37f961ccb4d9b4836ab30,29742240025756815de7b4dc24b2f1de69b9148b4ec37f961ccb4d9b4836ab30,section.associated_primary.0006,
formula.associated_primary.0490,root.cring.associated_primary,524,formula,inline-dollar,592,592,592,592,,,4a1f941b3c6f426ec08de78c17e2f80f07a8b789701ba6b25126da00fab1231c,4a1f941b3c6f426ec08de78c17e2f80f07a8b789701ba6b25126da00fab1231c,4a1f941b3c6f426ec08de78c17e2f80f07a8b789701ba6b25126da00fab1231c,section.associated_primary.0006,
example.associated_primary.0004,root.cring.associated_primary,525,example,example,598,603,598,603,,,7c13824335b4ebadf1c30063705a8117d666cc448bd027672a20d4efa20d36aa,1c0116120b9f924558b1d55a2f393888e7b4fec40d2ef93f474c1bf8f77a95bf,,section.associated_primary.0006,
formula.associated_primary.0491,root.cring.associated_primary,526,formula,inline-dollar,599,599,599,599,,,a28faf6143663643c867a9e6316c985e9cef6a6ed418572e97343866efcfe288,a28faf6143663643c867a9e6316c985e9cef6a6ed418572e97343866efcfe288,a28faf6143663643c867a9e6316c985e9cef6a6ed418572e97343866efcfe288,section.associated_primary.0006,
formula.associated_primary.0492,root.cring.associated_primary,527,formula,inline-dollar,599,599,599,599,,,24f8a9c34f4e1e3b5e273f329b4e16ce97cadc10111e014a256e8f851d7c5f6d,24f8a9c34f4e1e3b5e273f329b4e16ce97cadc10111e014a256e8f851d7c5f6d,4c3a0eb8db62d4fb52fbddf1f5b958947f5720abdb9b573e6da2a0ae12512737,section.associated_primary.0006,
formula.associated_primary.0493,root.cring.associated_primary,528,formula,inline-dollar,600,600,600,600,,,b233e86e12ab66891bd7095613d4310731f0f6619ab75eef85908568b175a953,b233e86e12ab66891bd7095613d4310731f0f6619ab75eef85908568b175a953,b233e86e12ab66891bd7095613d4310731f0f6619ab75eef85908568b175a953,section.associated_primary.0006,
formula.associated_primary.0494,root.cring.associated_primary,529,formula,inline-dollar,600,600,600,600,,,1075a6c56cbe3aab2a4fc6aa23edf4b798356b1cc557340b5b24424cc43b884f,1075a6c56cbe3aab2a4fc6aa23edf4b798356b1cc557340b5b24424cc43b884f,1075a6c56cbe3aab2a4fc6aa23edf4b798356b1cc557340b5b24424cc43b884f,section.associated_primary.0006,
formula.associated_primary.0495,root.cring.associated_primary,530,formula,inline-dollar,600,600,600,600,,,c8f02a33709def358429967a8c1f402f5baab98fc6ea5a76727dda167714332e,c8f02a33709def358429967a8c1f402f5baab98fc6ea5a76727dda167714332e,ad3337ea466e110f010a458938ec5962bd3ffae7c67ecda679d550652565919a,section.associated_primary.0006,
formula.associated_primary.0496,root.cring.associated_primary,531,formula,inline-dollar,601,601,601,601,,,dbfecb0870a6be6dec189d7eed9daa3481346c24a1a9328a5ee37844feedb3c2,dbfecb0870a6be6dec189d7eed9daa3481346c24a1a9328a5ee37844feedb3c2,dbfecb0870a6be6dec189d7eed9daa3481346c24a1a9328a5ee37844feedb3c2,section.associated_primary.0006,
formula.associated_primary.0497,root.cring.associated_primary,532,formula,inline-dollar,601,601,601,601,,,f4a2d21babea372fffe1c23963b8cdd50c76be5e32946e1686de5a92610d4620,f4a2d21babea372fffe1c23963b8cdd50c76be5e32946e1686de5a92610d4620,55a882056068495b25db3aad53b5dc9d1594ab5368345395c1d967d735b2f4ad,section.associated_primary.0006,
exercise.associated_primary.0006,root.cring.associated_primary,533,exercise,exercise,605,608,605,608,,,1b1fbaf020797229bea00cffda7997c3782af8338a9022e65f787c34791c3368,0ded87b3a0f02c5077653429f32c5a3a987524a86a4fd508d3072c96e8e94cd4,,section.associated_primary.0006,
formula.associated_primary.0498,root.cring.associated_primary,534,formula,inline-dollar,606,606,606,606,,,d38cfe71f21921931bc24925180ab95ea3f0e5c65634eea6c2816c0af372fb6c,d38cfe71f21921931bc24925180ab95ea3f0e5c65634eea6c2816c0af372fb6c,38d414f8a274f755f13c16c627af80eeb2d0284567909f7f605d2556c60da4c2,section.associated_primary.0006,
formula.associated_primary.0499,root.cring.associated_primary,535,formula,inline-dollar,606,606,606,606,,,7d79a5c7ae2996d6381291f8f029c07f57c7fdf1dbb0ac921373725b579b2d57,7d79a5c7ae2996d6381291f8f029c07f57c7fdf1dbb0ac921373725b579b2d57,7f927f984419d0b35faf79149a3c65e8d9aa78204730b75827262c2e2de116b3,section.associated_primary.0006,
formula.associated_primary.0500,root.cring.associated_primary,536,formula,inline-dollar,607,607,607,607,,,29742240025756815de7b4dc24b2f1de69b9148b4ec37f961ccb4d9b4836ab30,29742240025756815de7b4dc24b2f1de69b9148b4ec37f961ccb4d9b4836ab30,29742240025756815de7b4dc24b2f1de69b9148b4ec37f961ccb4d9b4836ab30,section.associated_primary.0006,
formula.associated_primary.0501,root.cring.associated_primary,537,formula,inline-dollar,607,607,607,607,,,1075a6c56cbe3aab2a4fc6aa23edf4b798356b1cc557340b5b24424cc43b884f,1075a6c56cbe3aab2a4fc6aa23edf4b798356b1cc557340b5b24424cc43b884f,1075a6c56cbe3aab2a4fc6aa23edf4b798356b1cc557340b5b24424cc43b884f,section.associated_primary.0006,
formula.associated_primary.0502,root.cring.associated_primary,538,formula,inline-dollar,607,607,607,607,,,1160179b3fc4ba0c2edcf6aa6c82b80c554743080491a3b700ebb7dc773d15c2,1160179b3fc4ba0c2edcf6aa6c82b80c554743080491a3b700ebb7dc773d15c2,382ab467462fa12cd21b97658897a8399e28c2db0751f01f1cbdd05e516f4c5f,section.associated_primary.0006,
exercise.associated_primary.0007,root.cring.associated_primary,539,exercise,exercise,610,615,610,615,,,d3e2b85d93b652f83d1bd62d2a27157396498e34f70236671457a5cc57ee2def,6a147eae7fdce9303f17585843b9c6cab5d05f0b63cb0d73e6959ca9f6bf4e67,,section.associated_primary.0006,
formula.associated_primary.0503,root.cring.associated_primary,540,formula,inline-dollar,611,611,611,611,,,29742240025756815de7b4dc24b2f1de69b9148b4ec37f961ccb4d9b4836ab30,29742240025756815de7b4dc24b2f1de69b9148b4ec37f961ccb4d9b4836ab30,29742240025756815de7b4dc24b2f1de69b9148b4ec37f961ccb4d9b4836ab30,section.associated_primary.0006,
formula.associated_primary.0504,root.cring.associated_primary,541,formula,inline-dollar,611,611,611,611,,,a28faf6143663643c867a9e6316c985e9cef6a6ed418572e97343866efcfe288,a28faf6143663643c867a9e6316c985e9cef6a6ed418572e97343866efcfe288,a28faf6143663643c867a9e6316c985e9cef6a6ed418572e97343866efcfe288,section.associated_primary.0006,
formula.associated_primary.0505,root.cring.associated_primary,542,formula,inline-dollar,611,611,611,611,,,24f8a9c34f4e1e3b5e273f329b4e16ce97cadc10111e014a256e8f851d7c5f6d,24f8a9c34f4e1e3b5e273f329b4e16ce97cadc10111e014a256e8f851d7c5f6d,4c3a0eb8db62d4fb52fbddf1f5b958947f5720abdb9b573e6da2a0ae12512737,section.associated_primary.0006,
formula.associated_primary.0506,root.cring.associated_primary,543,formula,inline-dollar,612,612,612,612,,,1075a6c56cbe3aab2a4fc6aa23edf4b798356b1cc557340b5b24424cc43b884f,1075a6c56cbe3aab2a4fc6aa23edf4b798356b1cc557340b5b24424cc43b884f,1075a6c56cbe3aab2a4fc6aa23edf4b798356b1cc557340b5b24424cc43b884f,section.associated_primary.0006,
formula.associated_primary.0507,root.cring.associated_primary,544,formula,inline-dollar,612,612,612,612,,,1075a6c56cbe3aab2a4fc6aa23edf4b798356b1cc557340b5b24424cc43b884f,1075a6c56cbe3aab2a4fc6aa23edf4b798356b1cc557340b5b24424cc43b884f,1075a6c56cbe3aab2a4fc6aa23edf4b798356b1cc557340b5b24424cc43b884f,section.associated_primary.0006,
formula.associated_primary.0508,root.cring.associated_primary,545,formula,inline-dollar,613,613,613,613,,,1075a6c56cbe3aab2a4fc6aa23edf4b798356b1cc557340b5b24424cc43b884f,1075a6c56cbe3aab2a4fc6aa23edf4b798356b1cc557340b5b24424cc43b884f,1075a6c56cbe3aab2a4fc6aa23edf4b798356b1cc557340b5b24424cc43b884f,section.associated_primary.0006,
formula.associated_primary.0509,root.cring.associated_primary,546,formula,inline-dollar,613,613,613,613,,,29742240025756815de7b4dc24b2f1de69b9148b4ec37f961ccb4d9b4836ab30,29742240025756815de7b4dc24b2f1de69b9148b4ec37f961ccb4d9b4836ab30,29742240025756815de7b4dc24b2f1de69b9148b4ec37f961ccb4d9b4836ab30,section.associated_primary.0006,
formula.associated_primary.0510,root.cring.associated_primary,547,formula,inline-dollar,614,614,614,614,,,1075a6c56cbe3aab2a4fc6aa23edf4b798356b1cc557340b5b24424cc43b884f,1075a6c56cbe3aab2a4fc6aa23edf4b798356b1cc557340b5b24424cc43b884f,1075a6c56cbe3aab2a4fc6aa23edf4b798356b1cc557340b5b24424cc43b884f,section.associated_primary.0006,
exercise.associated_primary.0008,root.cring.associated_primary,548,exercise,exercise,617,623,617,623,Bourbaki,Bourbaki,88a0e0edd91a0b622920c8c18727a19b79c0b6b6c19652a4b65a5dee0aaa8f1e,f3752e9e62fde2be6726a35fb1820e17e5c6d4033cca377a0350fd4f6d4d8f2e,,section.associated_primary.0006,
formula.associated_primary.0511,root.cring.associated_primary,549,formula,inline-dollar,618,618,618,618,,,29742240025756815de7b4dc24b2f1de69b9148b4ec37f961ccb4d9b4836ab30,29742240025756815de7b4dc24b2f1de69b9148b4ec37f961ccb4d9b4836ab30,29742240025756815de7b4dc24b2f1de69b9148b4ec37f961ccb4d9b4836ab30,section.associated_primary.0006,
formula.associated_primary.0512,root.cring.associated_primary,550,formula,inline-dollar,618,618,618,618,,,a28faf6143663643c867a9e6316c985e9cef6a6ed418572e97343866efcfe288,a28faf6143663643c867a9e6316c985e9cef6a6ed418572e97343866efcfe288,a28faf6143663643c867a9e6316c985e9cef6a6ed418572e97343866efcfe288,section.associated_primary.0006,
formula.associated_primary.0513,root.cring.associated_primary,551,formula,inline-dollar,618,618,618,618,,,a1790b33c83943358028efb78a9e8f4a8ea7ac335a97ede70475ac698eb1ab4f,a1790b33c83943358028efb78a9e8f4a8ea7ac335a97ede70475ac698eb1ab4f,9b92e1cef99b121f3dfdd06c79f85b09b74ad6e3905ee0769adab3612aa7732c,section.associated_primary.0006,
formula.associated_primary.0514,root.cring.associated_primary,552,formula,inline-dollar,619,619,619,619,,,28523c15c0637e77dad031f31c7e72f16211e96aca8d3d1cebb610d1e016f0ca,28523c15c0637e77dad031f31c7e72f16211e96aca8d3d1cebb610d1e016f0ca,2b503231887cacf5e25bed71b1473b3d0f69d311e764b3740e7a18a26ccaa178,section.associated_primary.0006,
formula.associated_primary.0515,root.cring.associated_primary,553,formula,display-bracket,621,621,621,621,,,8552d4ff7ffd1090f33a203c1e91fffc03c6d051d492b3242a0155b3068cbd0a,8552d4ff7ffd1090f33a203c1e91fffc03c6d051d492b3242a0155b3068cbd0a,e28c4ef5e2c93bfc4e4010606bb1af1b1a6605e83c392f3589df4de1299d9057,section.associated_primary.0006,
section.associated_primary.0007,root.cring.associated_primary,554,section,section,625,625,625,625,Primary decomposition,Dekomposisi primer,58cf5f280947e3af3d71cdc2131d0b33eb0ca886d1717a94fe12e23b92e3226d,2745ebdb668c381113bbf17233b6a01978d28ab2e26782687cf8871a8deda9b3,,,
formula.associated_primary.0516,root.cring.associated_primary,555,formula,inline-dollar,627,627,627,627,,,a28faf6143663643c867a9e6316c985e9cef6a6ed418572e97343866efcfe288,a28faf6143663643c867a9e6316c985e9cef6a6ed418572e97343866efcfe288,a28faf6143663643c867a9e6316c985e9cef6a6ed418572e97343866efcfe288,section.associated_primary.0007,
section.associated_primary.0008,root.cring.associated_primary,556,section,subsection,629,629,629,629,Irreducible and coprimary modules,Modul tak tereduksi dan koprimer,5fb5cccc36ba270f9e57ab62c77c79c30ea43a540890d22cbd21ed54e81072ab,7005084dcf65f8ca390ba0ead28d400f6c5d0b9092690c13492c544be8e2e001,,section.associated_primary.0007,
definition.associated_primary.0006,root.cring.associated_primary,557,definition,definition,631,637,631,637,,,c264219b9901f18a4da78b02a7749d0f44abf5628d3b52ba9cbde4ed3e585818,c53d37db0bbe606ee498b3bd2b4f9c4934a3214e94494fb6fa0ce72c82ae4965,,section.associated_primary.0008,
formula.associated_primary.0517,root.cring.associated_primary,558,formula,inline-dollar,632,632,632,632,,,29742240025756815de7b4dc24b2f1de69b9148b4ec37f961ccb4d9b4836ab30,29742240025756815de7b4dc24b2f1de69b9148b4ec37f961ccb4d9b4836ab30,29742240025756815de7b4dc24b2f1de69b9148b4ec37f961ccb4d9b4836ab30,section.associated_primary.0008,
formula.associated_primary.0518,root.cring.associated_primary,559,formula,inline-dollar,632,632,632,632,,,a28faf6143663643c867a9e6316c985e9cef6a6ed418572e97343866efcfe288,a28faf6143663643c867a9e6316c985e9cef6a6ed418572e97343866efcfe288,a28faf6143663643c867a9e6316c985e9cef6a6ed418572e97343866efcfe288,section.associated_primary.0008,
formula.associated_primary.0519,root.cring.associated_primary,560,formula,inline-dollar,632,632,632,632,,,28523c15c0637e77dad031f31c7e72f16211e96aca8d3d1cebb610d1e016f0ca,28523c15c0637e77dad031f31c7e72f16211e96aca8d3d1cebb610d1e016f0ca,2b503231887cacf5e25bed71b1473b3d0f69d311e764b3740e7a18a26ccaa178,section.associated_primary.0008,
formula.associated_primary.0520,root.cring.associated_primary,561,formula,inline-dollar,633,633,633,633,,,1075a6c56cbe3aab2a4fc6aa23edf4b798356b1cc557340b5b24424cc43b884f,1075a6c56cbe3aab2a4fc6aa23edf4b798356b1cc557340b5b24424cc43b884f,1075a6c56cbe3aab2a4fc6aa23edf4b798356b1cc557340b5b24424cc43b884f,section.associated_primary.0008,
formula.associated_primary.0521,root.cring.associated_primary,562,formula,inline-dollar,633,633,633,633,,,5b595e5da4328852d17fce3e9ff77b395ed7e80f45fedfe34dddc298bdbe82ca,5b595e5da4328852d17fce3e9ff77b395ed7e80f45fedfe34dddc298bdbe82ca,5b595e5da4328852d17fce3e9ff77b395ed7e80f45fedfe34dddc298bdbe82ca,section.associated_primary.0008,
formula.associated_primary.0522,root.cring.associated_primary,563,formula,inline-dollar,633,633,633,633,,,1075a6c56cbe3aab2a4fc6aa23edf4b798356b1cc557340b5b24424cc43b884f,1075a6c56cbe3aab2a4fc6aa23edf4b798356b1cc557340b5b24424cc43b884f,1075a6c56cbe3aab2a4fc6aa23edf4b798356b1cc557340b5b24424cc43b884f,section.associated_primary.0008,
formula.associated_primary.0523,root.cring.associated_primary,564,formula,inline-dollar,635,635,635,635,,,28523c15c0637e77dad031f31c7e72f16211e96aca8d3d1cebb610d1e016f0ca,28523c15c0637e77dad031f31c7e72f16211e96aca8d3d1cebb610d1e016f0ca,2b503231887cacf5e25bed71b1473b3d0f69d311e764b3740e7a18a26ccaa178,section.associated_primary.0008,
formula.associated_primary.0524,root.cring.associated_primary,565,formula,inline-dollar,636,636,636,636,,,1075a6c56cbe3aab2a4fc6aa23edf4b798356b1cc557340b5b24424cc43b884f,1075a6c56cbe3aab2a4fc6aa23edf4b798356b1cc557340b5b24424cc43b884f,1075a6c56cbe3aab2a4fc6aa23edf4b798356b1cc557340b5b24424cc43b884f,section.associated_primary.0008,
formula.associated_primary.0525,root.cring.associated_primary,566,formula,inline-dollar,636,636,636,636,,,24f8a9c34f4e1e3b5e273f329b4e16ce97cadc10111e014a256e8f851d7c5f6d,24f8a9c34f4e1e3b5e273f329b4e16ce97cadc10111e014a256e8f851d7c5f6d,4c3a0eb8db62d4fb52fbddf1f5b958947f5720abdb9b573e6da2a0ae12512737,section.associated_primary.0008,
formula.associated_primary.0526,root.cring.associated_primary,567,formula,inline-dollar,639,639,639,639,,,29742240025756815de7b4dc24b2f1de69b9148b4ec37f961ccb4d9b4836ab30,29742240025756815de7b4dc24b2f1de69b9148b4ec37f961ccb4d9b4836ab30,29742240025756815de7b4dc24b2f1de69b9148b4ec37f961ccb4d9b4836ab30,section.associated_primary.0008,
formula.associated_primary.0527,root.cring.associated_primary,568,formula,inline-dollar,640,640,640,640,,,29742240025756815de7b4dc24b2f1de69b9148b4ec37f961ccb4d9b4836ab30,29742240025756815de7b4dc24b2f1de69b9148b4ec37f961ccb4d9b4836ab30,29742240025756815de7b4dc24b2f1de69b9148b4ec37f961ccb4d9b4836ab30,section.associated_primary.0008,
formula.associated_primary.0528,root.cring.associated_primary,569,formula,inline-dollar,642,642,642,642,,,29742240025756815de7b4dc24b2f1de69b9148b4ec37f961ccb4d9b4836ab30,29742240025756815de7b4dc24b2f1de69b9148b4ec37f961ccb4d9b4836ab30,29742240025756815de7b4dc24b2f1de69b9148b4ec37f961ccb4d9b4836ab30,section.associated_primary.0008,
definition.associated_primary.0007,root.cring.associated_primary,570,definition,definition,647,651,647,651,,,38391c75c07626360339b54181da05832f578381fc39b0bb58c69914387f443e,3498f437e71a7f58c1f6a1f801cbfc1085a74cc81d7dcd02b47ec6f60d92d4f7,,section.associated_primary.0008,
formula.associated_primary.0529,root.cring.associated_primary,571,formula,inline-dollar,648,648,648,648,,,2ad79a9f7c2fc33d7fa6441817d1f58d442a8bb404d0e533f20ca7dab202e53d,2ad79a9f7c2fc33d7fa6441817d1f58d442a8bb404d0e533f20ca7dab202e53d,8aadd5e9af5b41a6c55b44f19d253950cc20e05a8696cc420c8ceb96142b55b1,section.associated_primary.0008,
formula.associated_primary.0530,root.cring.associated_primary,572,formula,inline-dollar,648,648,648,648,,,3490ae3eb11d3c9c2200795b694cc31bb69270452d8cdb4a0e1d0041d833e8b8,3490ae3eb11d3c9c2200795b694cc31bb69270452d8cdb4a0e1d0041d833e8b8,f6ebd6680dbe27482bce403b3cde8fc698f5c575f72464e209716503b2fec9fb,section.associated_primary.0008,
formula.associated_primary.0531,root.cring.associated_primary,573,formula,inline-dollar,648,649,648,649,,,d6a207c75f6af2a733855f364f5bcf4c2a52e8cd0a1aca0dcefc685ab3606142,d6a207c75f6af2a733855f364f5bcf4c2a52e8cd0a1aca0dcefc685ab3606142,4e88a8b26b5a84c86c1b22d4f00a29edee2226b46f9c4ef4f378d2a7910136a3,section.associated_primary.0008,
formula.associated_primary.0532,root.cring.associated_primary,574,formula,inline-dollar,649,649,649,649,,,5da0bdc2cf1bb021d45ef318a5847a67b8c79bf827a169a164949ea1f2ca3f11,5da0bdc2cf1bb021d45ef318a5847a67b8c79bf827a169a164949ea1f2ca3f11,a9438c9249f832949f619de27578298b7b801da841a72ef4de8e85831a5c256e,section.associated_primary.0008,
formula.associated_primary.0533,root.cring.associated_primary,575,formula,inline-dollar,649,649,649,649,,,bd228e284d802c4f6a57811c2a795c77bb5c8baa067dd8eee2a67366df6df63e,bd228e284d802c4f6a57811c2a795c77bb5c8baa067dd8eee2a67366df6df63e,bd228e284d802c4f6a57811c2a795c77bb5c8baa067dd8eee2a67366df6df63e,section.associated_primary.0008,
theorem.associated_primary.0015,root.cring.associated_primary,576,theorem,proposition,653,655,653,655,,,fa92bd3bfaf92a5c6a4e969efdacd8a151a2177da6476eac01672aa8bf745c2a,512b6c66f4eaf512513943c320fe1e871b5fe2d567f09eb5484c76d450cea726,,section.associated_primary.0008,label.associated_primary.0012
formula.associated_primary.0534,root.cring.associated_primary,577,formula,inline-dollar,654,654,654,654,,,28523c15c0637e77dad031f31c7e72f16211e96aca8d3d1cebb610d1e016f0ca,28523c15c0637e77dad031f31c7e72f16211e96aca8d3d1cebb610d1e016f0ca,2b503231887cacf5e25bed71b1473b3d0f69d311e764b3740e7a18a26ccaa178,section.associated_primary.0008,
formula.associated_primary.0535,root.cring.associated_primary,578,formula,inline-dollar,657,657,657,657,,,2d9b080e97c144a29ef36fcd61a7fcb863e4e825bd50aa559581bcef2061fd1e,2d9b080e97c144a29ef36fcd61a7fcb863e4e825bd50aa559581bcef2061fd1e,e4c505ba4f1fceb07fd43648d558dfd5fde21be3b456cee6241f175c0e94cd89,section.associated_primary.0008,
formula.associated_primary.0536,root.cring.associated_primary,579,formula,display-bracket,658,658,658,658,,,68aa530ca3d5880fc9bd189a53cd6ba31438a1635646a3031ffdc718f53f795a,68aa530ca3d5880fc9bd189a53cd6ba31438a1635646a3031ffdc718f53f795a,ba5a5c8857ae620e41cfaaca0136a51231aaa94695d66489518696a356705a31,section.associated_primary.0008,
formula.associated_primary.0537,root.cring.associated_primary,580,formula,inline-dollar,660,660,660,660,,,5b595e5da4328852d17fce3e9ff77b395ed7e80f45fedfe34dddc298bdbe82ca,5b595e5da4328852d17fce3e9ff77b395ed7e80f45fedfe34dddc298bdbe82ca,5b595e5da4328852d17fce3e9ff77b395ed7e80f45fedfe34dddc298bdbe82ca,section.associated_primary.0008,
formula.associated_primary.0538,root.cring.associated_primary,581,formula,display-bracket,661,661,661,661,,,bb99c5c14a690b85a8fc2d5b7e9970b9f298133245bc4ec09510415573e6c376,bb99c5c14a690b85a8fc2d5b7e9970b9f298133245bc4ec09510415573e6c376,00e677878d95baeac4da67bbaedcbd442028faf7ceb46c26471abcd9536782a3,section.associated_primary.0008,
formula.associated_primary.0539,root.cring.associated_primary,582,formula,inline-dollar,662,662,662,662,,,765b23b35097a6a118bfea39d24f1a2520892500f72ec31129a878a2e1274ed1,765b23b35097a6a118bfea39d24f1a2520892500f72ec31129a878a2e1274ed1,6fc7d49de08c768aa474ca3f3dfbfed061a23b4a64504aa24bc8db8500e460c3,section.associated_primary.0008,
formula.associated_primary.0540,root.cring.associated_primary,583,formula,inline-dollar,664,664,664,664,,,74078d8493b8f466b13f54983749d4570624117c51cb0a512e9cd12e15a32c60,74078d8493b8f466b13f54983749d4570624117c51cb0a512e9cd12e15a32c60,b194b2c2339d65b1f5eadc0227e769d9408f71b1657e8fd07c2866271f34a74a,section.associated_primary.0008,
formula.associated_primary.0541,root.cring.associated_primary,584,formula,inline-dollar,664,664,664,664,,,bb28a9b83048a0f36a72a56394914040f7f0171b49534f6138053bdd68916943,bb28a9b83048a0f36a72a56394914040f7f0171b49534f6138053bdd68916943,bb28a9b83048a0f36a72a56394914040f7f0171b49534f6138053bdd68916943,section.associated_primary.0008,
formula.associated_primary.0542,root.cring.associated_primary,585,formula,inline-dollar,666,666,666,666,,,730646368f25147a596f834d8b55c6fe8392930341f0fb604025d4cf32d85b4c,730646368f25147a596f834d8b55c6fe8392930341f0fb604025d4cf32d85b4c,b763b6c2f4cfa19af00d3e0e7a96a0e6c4d32b82426ef6becc49f3f75c3529bd,section.associated_primary.0008,
formula.associated_primary.0543,root.cring.associated_primary,586,formula,inline-dollar,666,666,666,666,,,51fe62b2671099bce4abadbdb21681c408d34b1e2e4d2e79a6b0bdea90f821d3,51fe62b2671099bce4abadbdb21681c408d34b1e2e4d2e79a6b0bdea90f821d3,51fe62b2671099bce4abadbdb21681c408d34b1e2e4d2e79a6b0bdea90f821d3,section.associated_primary.0008,
formula.associated_primary.0544,root.cring.associated_primary,587,formula,inline-dollar,666,666,666,666,,,bb28a9b83048a0f36a72a56394914040f7f0171b49534f6138053bdd68916943,bb28a9b83048a0f36a72a56394914040f7f0171b49534f6138053bdd68916943,bb28a9b83048a0f36a72a56394914040f7f0171b49534f6138053bdd68916943,section.associated_primary.0008,
formula.associated_primary.0545,root.cring.associated_primary,588,formula,inline-dollar,666,666,666,666,,,ce15a3960f0f8dd3a8313d87e2a0d6e0f853b202c574dd08a9e36e30a9f923e3,ce15a3960f0f8dd3a8313d87e2a0d6e0f853b202c574dd08a9e36e30a9f923e3,b5c555fe0ce0e47f0e8db28bc37b91c981126a6a77c84f4bf6af546910b5d746,section.associated_primary.0008,
formula.associated_primary.0546,root.cring.associated_primary,589,formula,inline-dollar,667,667,667,667,,,12ed9af92c224bda6489a2f2ac0006f7fcfca1b230d950380b02137ac5c0adc6,12ed9af92c224bda6489a2f2ac0006f7fcfca1b230d950380b02137ac5c0adc6,0eff4e032339bce47ac9668f35c253a22e71c2aa2121060d25260802fde45e65,section.associated_primary.0008,
formula.associated_primary.0547,root.cring.associated_primary,590,formula,inline-dollar,667,667,667,667,,,f81d555aa460aa535cfe2c55a3dc95f3d6929068802491e8235a25ab62749d70,f81d555aa460aa535cfe2c55a3dc95f3d6929068802491e8235a25ab62749d70,0a9e7e0d9e6e43f7cfdda212b1edf4776acf9927fc7b4e2270c0855bb8cea565,section.associated_primary.0008,
formula.associated_primary.0548,root.cring.associated_primary,591,formula,inline-dollar,667,668,667,668,,,f8bfa2ebae10afdc75064a42c32b9080fe75241bddbf7cf44336cb2baae528c2,f8bfa2ebae10afdc75064a42c32b9080fe75241bddbf7cf44336cb2baae528c2,8a2818a2aa60d29b2c0de86a463faae2ee728bbfb2036a273002678f5836a962,section.associated_primary.0008,
formula.associated_primary.0549,root.cring.associated_primary,592,formula,inline-dollar,668,668,668,668,,,24ddb476323a3967654b95ac58706a3c3db2e5864a9d5f3194fee08b4b548483,24ddb476323a3967654b95ac58706a3c3db2e5864a9d5f3194fee08b4b548483,8d972ae7831ffa9517789dd6e5a5cf1105bb91a2fb2312cc8a7141f5de5d8486,section.associated_primary.0008,
formula.associated_primary.0550,root.cring.associated_primary,593,formula,inline-dollar,668,668,668,668,,,5b595e5da4328852d17fce3e9ff77b395ed7e80f45fedfe34dddc298bdbe82ca,5b595e5da4328852d17fce3e9ff77b395ed7e80f45fedfe34dddc298bdbe82ca,5b595e5da4328852d17fce3e9ff77b395ed7e80f45fedfe34dddc298bdbe82ca,section.associated_primary.0008,
formula.associated_primary.0551,root.cring.associated_primary,594,formula,display-bracket,669,669,669,669,,,c0f07956e7c5f5cd4a83b941ed30acaae644d95d08c0495d6a6cc78dbbac1ff3,c0f07956e7c5f5cd4a83b941ed30acaae644d95d08c0495d6a6cc78dbbac1ff3,ee523cb8a78f5d7a95b2373305e5ba9aec685b36ef039589eae770b7e9ee4017,section.associated_primary.0008,
formula.associated_primary.0552,root.cring.associated_primary,595,formula,inline-dollar,670,670,670,670,,,bb28a9b83048a0f36a72a56394914040f7f0171b49534f6138053bdd68916943,bb28a9b83048a0f36a72a56394914040f7f0171b49534f6138053bdd68916943,bb28a9b83048a0f36a72a56394914040f7f0171b49534f6138053bdd68916943,section.associated_primary.0008,
formula.associated_primary.0553,root.cring.associated_primary,596,formula,inline-dollar,670,670,670,670,,,bd228e284d802c4f6a57811c2a795c77bb5c8baa067dd8eee2a67366df6df63e,bd228e284d802c4f6a57811c2a795c77bb5c8baa067dd8eee2a67366df6df63e,bd228e284d802c4f6a57811c2a795c77bb5c8baa067dd8eee2a67366df6df63e,section.associated_primary.0008,
formula.associated_primary.0554,root.cring.associated_primary,597,formula,inline-dollar,671,671,671,671,,,5b595e5da4328852d17fce3e9ff77b395ed7e80f45fedfe34dddc298bdbe82ca,5b595e5da4328852d17fce3e9ff77b395ed7e80f45fedfe34dddc298bdbe82ca,5b595e5da4328852d17fce3e9ff77b395ed7e80f45fedfe34dddc298bdbe82ca,section.associated_primary.0008,
formula.associated_primary.0555,root.cring.associated_primary,598,formula,inline-dollar,672,672,672,672,,,4246ebeaed90c681fe5122d9b41d5dc0820a66f93d37bcd71d7b619cbc2cc60a,4246ebeaed90c681fe5122d9b41d5dc0820a66f93d37bcd71d7b619cbc2cc60a,4925bbf2a97b63ea15f69abd9f8ac310d9147935c2515c6af499055a4cdb230b,section.associated_primary.0008,
formula.associated_primary.0556,root.cring.associated_primary,599,formula,inline-dollar,672,672,672,672,,,8f99dd0599f9a8c8538085c2f07526eee881104a28a27c1282f1f369a06a7d79,8f99dd0599f9a8c8538085c2f07526eee881104a28a27c1282f1f369a06a7d79,ee80b6dedbd5bdc0a8043dd8368a28eed324069db0fe10d4eedfd53c6255a93f,section.associated_primary.0008,
formula.associated_primary.0557,root.cring.associated_primary,600,formula,inline-dollar,673,673,673,673,,,5b595e5da4328852d17fce3e9ff77b395ed7e80f45fedfe34dddc298bdbe82ca,5b595e5da4328852d17fce3e9ff77b395ed7e80f45fedfe34dddc298bdbe82ca,5b595e5da4328852d17fce3e9ff77b395ed7e80f45fedfe34dddc298bdbe82ca,section.associated_primary.0008,
section.associated_primary.0009,root.cring.associated_primary,601,section,subsection,676,676,676,676,Irreducible and primary decompositions,Dekomposisi tak tereduksi dan dekomposisi primer,05952ebfaf8cc5061cb0cc01c50a7a15764e525e513484878ead96799835ab61,afdd8565db462470a27c489e9f8a47e4d44bcdfcf751f5b504ae7d939773a383,,section.associated_primary.0007,
formula.associated_primary.0558,root.cring.associated_primary,602,formula,inline-dollar,679,679,679,679,,,04059783893b129d925417c55e95e559c8d4be599ebd2ca55aa2472bc9007f90,04059783893b129d925417c55e95e559c8d4be599ebd2ca55aa2472bc9007f90,04059783893b129d925417c55e95e559c8d4be599ebd2ca55aa2472bc9007f90,section.associated_primary.0009,
definition.associated_primary.0008,root.cring.associated_primary,603,definition,definition,683,687,683,687,,,69f67bc590d8abc34b6e234aa7c29767364e1328d3087cfb81924708ff292ce7,8d527ddbf4ddd06763aa20f06d9bbdf73b4e4bf81cdfbc0aba0687db51285df5,,section.associated_primary.0009,
formula.associated_primary.0559,root.cring.associated_primary,604,formula,inline-dollar,684,684,684,684,,,29742240025756815de7b4dc24b2f1de69b9148b4ec37f961ccb4d9b4836ab30,29742240025756815de7b4dc24b2f1de69b9148b4ec37f961ccb4d9b4836ab30,29742240025756815de7b4dc24b2f1de69b9148b4ec37f961ccb4d9b4836ab30,section.associated_primary.0009,
formula.associated_primary.0560,root.cring.associated_primary,605,formula,inline-dollar,685,685,685,685,,,aaf8cf2d1267f7e739d8927cc0d68cb1ff5d63c87e87369486773eaf5c9b3dbf,aaf8cf2d1267f7e739d8927cc0d68cb1ff5d63c87e87369486773eaf5c9b3dbf,6e7b6c08fc98fe92a3069f98703af03529e163b6476db850da45305bb6aa883a,section.associated_primary.0009,
formula.associated_primary.0561,root.cring.associated_primary,606,formula,inline-dollar,685,685,685,685,,,c35322bc9e8ef31247e43b222151ac028c984bb4618dcdb9d7cb59050c919e5b,c35322bc9e8ef31247e43b222151ac028c984bb4618dcdb9d7cb59050c919e5b,4e8067ffbd56fc991d1c662fa4178d2e89a84f83ef9b860cebd6b67a0b2ca0e3,section.associated_primary.0009,
theorem.associated_primary.0016,root.cring.associated_primary,607,theorem,proposition,689,693,689,693,,,19662a42aed2c505304fedd41105a00a0ecfb2251acaf77c223d1c8409c9b69f,595d393206dd20e39486c1f4871c67e98b7eceaa1448da4b90904417994d59e0,,section.associated_primary.0009,
formula.associated_primary.0562,root.cring.associated_primary,608,formula,inline-dollar,690,690,690,690,,,29742240025756815de7b4dc24b2f1de69b9148b4ec37f961ccb4d9b4836ab30,29742240025756815de7b4dc24b2f1de69b9148b4ec37f961ccb4d9b4836ab30,29742240025756815de7b4dc24b2f1de69b9148b4ec37f961ccb4d9b4836ab30,section.associated_primary.0009,
formula.associated_primary.0563,root.cring.associated_primary,609,formula,inline-dollar,690,690,690,690,,,29742240025756815de7b4dc24b2f1de69b9148b4ec37f961ccb4d9b4836ab30,29742240025756815de7b4dc24b2f1de69b9148b4ec37f961ccb4d9b4836ab30,29742240025756815de7b4dc24b2f1de69b9148b4ec37f961ccb4d9b4836ab30,section.associated_primary.0009,
formula.associated_primary.0564,root.cring.associated_primary,610,formula,inline-dollar,691,691,691,691,,,5e8be7e17f90b9d769c625a815464ee4eddf056534572b0233cfe42dfbe0ca62,5e8be7e17f90b9d769c625a815464ee4eddf056534572b0233cfe42dfbe0ca62,d3f5376aab1ffb7050ff499630bc5c1f6559da9c7beea6dade25f900284ecb20,section.associated_primary.0009,
formula.associated_primary.0565,root.cring.associated_primary,611,formula,display-bracket,692,692,692,692,,,8a2cc0e263e7bbd0a191f60de3b6e0b10ac4ede7a64b1c911a5aedd03c266ca1,8a2cc0e263e7bbd0a191f60de3b6e0b10ac4ede7a64b1c911a5aedd03c266ca1,608ba371254f121e5150a79364105633abe887fc325283cf2caa710b3f9441b7,section.associated_primary.0009,
formula.associated_primary.0566,root.cring.associated_primary,612,formula,display-bracket,695,695,695,695,,,c1fee8f48442911a03e06a5bd36e61d4d3eb5bb8e3611d61f1ac553a87930b38,c1fee8f48442911a03e06a5bd36e61d4d3eb5bb8e3611d61f1ac553a87930b38,5878d7a7e04b0d322bece1d449510c579bf44e9e3d9c3aeb2139708b86c14dce,section.associated_primary.0009,
formula.associated_primary.0567,root.cring.associated_primary,613,formula,inline-dollar,698,698,698,698,,,0f2a96b6899f795243adc236874ca48991bd91774827010e5e37f63a8dae818b,0f2a96b6899f795243adc236874ca48991bd91774827010e5e37f63a8dae818b,0f2a96b6899f795243adc236874ca48991bd91774827010e5e37f63a8dae818b,section.associated_primary.0009,
formula.associated_primary.0568,root.cring.associated_primary,614,formula,inline-dollar,703,703,703,703,,,29742240025756815de7b4dc24b2f1de69b9148b4ec37f961ccb4d9b4836ab30,29742240025756815de7b4dc24b2f1de69b9148b4ec37f961ccb4d9b4836ab30,29742240025756815de7b4dc24b2f1de69b9148b4ec37f961ccb4d9b4836ab30,section.associated_primary.0009,
formula.associated_primary.0569,root.cring.associated_primary,615,formula,inline-dollar,705,705,705,705,,,04059783893b129d925417c55e95e559c8d4be599ebd2ca55aa2472bc9007f90,04059783893b129d925417c55e95e559c8d4be599ebd2ca55aa2472bc9007f90,04059783893b129d925417c55e95e559c8d4be599ebd2ca55aa2472bc9007f90,section.associated_primary.0009,
formula.associated_primary.0570,root.cring.associated_primary,616,formula,inline-dollar,706,706,706,706,,,0a11d30c3ec23bf3b4a90ecf77870c9547fae41b0267d76da628dbe960b1c14d,0a11d30c3ec23bf3b4a90ecf77870c9547fae41b0267d76da628dbe960b1c14d,358bbb638ba0c7e6b93ef05c0a54b43929322f754e5699418fe83d63b86c0593,section.associated_primary.0009,
formula.associated_primary.0571,root.cring.associated_primary,617,formula,inline-dollar,706,706,706,706,,,29742240025756815de7b4dc24b2f1de69b9148b4ec37f961ccb4d9b4836ab30,29742240025756815de7b4dc24b2f1de69b9148b4ec37f961ccb4d9b4836ab30,29742240025756815de7b4dc24b2f1de69b9148b4ec37f961ccb4d9b4836ab30,section.associated_primary.0009,
formula.associated_primary.0572,root.cring.associated_primary,618,formula,inline-dollar,706,706,706,706,,,4d8caf62591141cda61469202e431821c33cc2129c797f51e0a5fb3e52403543,4d8caf62591141cda61469202e431821c33cc2129c797f51e0a5fb3e52403543,4d8caf62591141cda61469202e431821c33cc2129c797f51e0a5fb3e52403543,section.associated_primary.0009,
formula.associated_primary.0573,root.cring.associated_primary,619,formula,inline-dollar,708,708,708,708,,,4d8caf62591141cda61469202e431821c33cc2129c797f51e0a5fb3e52403543,4d8caf62591141cda61469202e431821c33cc2129c797f51e0a5fb3e52403543,4d8caf62591141cda61469202e431821c33cc2129c797f51e0a5fb3e52403543,section.associated_primary.0009,
formula.associated_primary.0574,root.cring.associated_primary,620,formula,inline-dollar,708,708,708,708,,,04059783893b129d925417c55e95e559c8d4be599ebd2ca55aa2472bc9007f90,04059783893b129d925417c55e95e559c8d4be599ebd2ca55aa2472bc9007f90,04059783893b129d925417c55e95e559c8d4be599ebd2ca55aa2472bc9007f90,section.associated_primary.0009,
formula.associated_primary.0575,root.cring.associated_primary,621,formula,inline-dollar,711,711,711,711,,,4d8caf62591141cda61469202e431821c33cc2129c797f51e0a5fb3e52403543,4d8caf62591141cda61469202e431821c33cc2129c797f51e0a5fb3e52403543,4d8caf62591141cda61469202e431821c33cc2129c797f51e0a5fb3e52403543,section.associated_primary.0009,
formula.associated_primary.0576,root.cring.associated_primary,622,formula,inline-dollar,713,713,713,713,,,4d8caf62591141cda61469202e431821c33cc2129c797f51e0a5fb3e52403543,4d8caf62591141cda61469202e431821c33cc2129c797f51e0a5fb3e52403543,4d8caf62591141cda61469202e431821c33cc2129c797f51e0a5fb3e52403543,section.associated_primary.0009,
formula.associated_primary.0577,root.cring.associated_primary,623,formula,inline-dollar,713,713,713,713,,,619e1e2c5ba72fd31aa14d706f803354d4938e75252e819b9b49e1cfe792c0f5,619e1e2c5ba72fd31aa14d706f803354d4938e75252e819b9b49e1cfe792c0f5,ec31d918404c169605eb5e508a3b150d1ff5fc41447729fd0876ec3541662f1a,section.associated_primary.0009,
formula.associated_primary.0578,root.cring.associated_primary,624,formula,inline-dollar,714,714,714,714,,,29742240025756815de7b4dc24b2f1de69b9148b4ec37f961ccb4d9b4836ab30,29742240025756815de7b4dc24b2f1de69b9148b4ec37f961ccb4d9b4836ab30,29742240025756815de7b4dc24b2f1de69b9148b4ec37f961ccb4d9b4836ab30,section.associated_primary.0009,
formula.associated_primary.0579,root.cring.associated_primary,625,formula,inline-dollar,714,714,714,714,,,a1026bc5a65a31aa5a489bb387d72e5071d0cd5d4fdbeb7e7e22e7af4bd175b2,a1026bc5a65a31aa5a489bb387d72e5071d0cd5d4fdbeb7e7e22e7af4bd175b2,c8cf8df04a2c7d7e5646d5f3eda3c0276253b9fc6dcf6aad30188148139ee4a6,section.associated_primary.0009,
formula.associated_primary.0580,root.cring.associated_primary,626,formula,inline-dollar,715,715,715,715,,,4d8caf62591141cda61469202e431821c33cc2129c797f51e0a5fb3e52403543,4d8caf62591141cda61469202e431821c33cc2129c797f51e0a5fb3e52403543,4d8caf62591141cda61469202e431821c33cc2129c797f51e0a5fb3e52403543,section.associated_primary.0009,
theorem.associated_primary.0017,root.cring.associated_primary,627,theorem,corollary,718,721,718,721,,,0c927aaf6913c0b160ebd7ac39fc2f479ff350e2d2313c7455535a74f1afb75b,f3757da591c4285acc2d8459ffbdc1cf005396f652a868d272dd3dffebbcead1,,section.associated_primary.0009,
formula.associated_primary.0581,root.cring.associated_primary,628,formula,inline-dollar,719,719,719,719,,,29742240025756815de7b4dc24b2f1de69b9148b4ec37f961ccb4d9b4836ab30,29742240025756815de7b4dc24b2f1de69b9148b4ec37f961ccb4d9b4836ab30,29742240025756815de7b4dc24b2f1de69b9148b4ec37f961ccb4d9b4836ab30,section.associated_primary.0009,
formula.associated_primary.0582,root.cring.associated_primary,629,formula,inline-dollar,719,720,719,720,,,84b4948f39b74f8a6dfff4ec56a1618098c0361daa746ef4ad9b9e0ba4fdc233,84b4948f39b74f8a6dfff4ec56a1618098c0361daa746ef4ad9b9e0ba4fdc233,c83aee63df04fade7b0f34527a51bf4042631b5b61429ae7df4aa17d34397e0d,section.associated_primary.0009,
formula.associated_primary.0583,root.cring.associated_primary,630,formula,inline-dollar,720,720,720,720,,,49c7deef5dabc6c3089a52a9759f69fbb355c88393e57975808c7c1360d53dd2,49c7deef5dabc6c3089a52a9759f69fbb355c88393e57975808c7c1360d53dd2,126ce9a6679147e347a1481747dd01a966846369cd2e4ac4de29f83236cfdfdd,section.associated_primary.0009,
formula.associated_primary.0584,root.cring.associated_primary,631,formula,inline-dollar,727,727,727,727,,,29742240025756815de7b4dc24b2f1de69b9148b4ec37f961ccb4d9b4836ab30,29742240025756815de7b4dc24b2f1de69b9148b4ec37f961ccb4d9b4836ab30,29742240025756815de7b4dc24b2f1de69b9148b4ec37f961ccb4d9b4836ab30,section.associated_primary.0009,
formula.associated_primary.0585,root.cring.associated_primary,632,formula,display-bracket,728,728,728,728,,,41972b97428a694c948bd235fe034c224c06d0c93f1411981151d2bcf437464f,41972b97428a694c948bd235fe034c224c06d0c93f1411981151d2bcf437464f,2eaceaa1a820c67c5c83fb44d66768dfa5866097d73d5f4d5b8d8050c0b0870f,section.associated_primary.0009,
formula.associated_primary.0586,root.cring.associated_primary,633,formula,inline-dollar,729,729,729,729,,,fa4835eed288fe408d246186b2247166db9f2e817b6eb8f0ae9ca8da905371d5,fa4835eed288fe408d246186b2247166db9f2e817b6eb8f0ae9ca8da905371d5,fa4835eed288fe408d246186b2247166db9f2e817b6eb8f0ae9ca8da905371d5,section.associated_primary.0009,
theorem.associated_primary.0018,root.cring.associated_primary,634,theorem,lemma,735,738,735,738,,,2a637844093bfd4f579b90b7e5dd7a9a243b5884da05ad2f10fea8fc3cddfebd,5c130c7349d60220be78ef5f117f4b9e236ab8ea760523a7216a7313f2537521,,section.associated_primary.0009,
formula.associated_primary.0587,root.cring.associated_primary,635,formula,inline-dollar,736,736,736,736,,,9fa76c73543ec9b0979cc279dd8532b30ab8c301311b38538dcd3f843b54785c,9fa76c73543ec9b0979cc279dd8532b30ab8c301311b38538dcd3f843b54785c,4e88a8b26b5a84c86c1b22d4f00a29edee2226b46f9c4ef4f378d2a7910136a3,section.associated_primary.0009,
formula.associated_primary.0588,root.cring.associated_primary,636,formula,inline-dollar,736,736,736,736,,,1075a6c56cbe3aab2a4fc6aa23edf4b798356b1cc557340b5b24424cc43b884f,1075a6c56cbe3aab2a4fc6aa23edf4b798356b1cc557340b5b24424cc43b884f,1075a6c56cbe3aab2a4fc6aa23edf4b798356b1cc557340b5b24424cc43b884f,section.associated_primary.0009,
formula.associated_primary.0589,root.cring.associated_primary,637,formula,inline-dollar,736,737,736,737,,,3be4f12c0e005bdc9b6f82ee2b588fead1627461e392414b565488e597528eab,3be4f12c0e005bdc9b6f82ee2b588fead1627461e392414b565488e597528eab,d160f6fdf095cb9c37c84090ad0816b9fde2077c1fdefde90e48f29e72d681e1,section.associated_primary.0009,
formula.associated_primary.0590,root.cring.associated_primary,638,formula,inline-dollar,737,737,737,737,,,1075a6c56cbe3aab2a4fc6aa23edf4b798356b1cc557340b5b24424cc43b884f,1075a6c56cbe3aab2a4fc6aa23edf4b798356b1cc557340b5b24424cc43b884f,1075a6c56cbe3aab2a4fc6aa23edf4b798356b1cc557340b5b24424cc43b884f,section.associated_primary.0009,
formula.associated_primary.0591,root.cring.associated_primary,639,formula,inline-dollar,740,740,740,740,,,11840fb4f7d39d51796694e3debcf192ad62c8317f386c65facbf18f3a9ca036,11840fb4f7d39d51796694e3debcf192ad62c8317f386c65facbf18f3a9ca036,dd09f9a8e58b0e74e0fcb7a2f880e8febe98dde08b80c867c0570de813c34cb4,section.associated_primary.0009,
formula.associated_primary.0592,root.cring.associated_primary,640,formula,inline-dollar,740,740,740,740,,,1075a6c56cbe3aab2a4fc6aa23edf4b798356b1cc557340b5b24424cc43b884f,1075a6c56cbe3aab2a4fc6aa23edf4b798356b1cc557340b5b24424cc43b884f,1075a6c56cbe3aab2a4fc6aa23edf4b798356b1cc557340b5b24424cc43b884f,section.associated_primary.0009,
formula.associated_primary.0593,root.cring.associated_primary,641,formula,display-bracket,741,741,741,741,,,c28cdb8f8cbe82e719097db69976a9dc9c9b6a514dcb092637b7f0a30b5be48e,c28cdb8f8cbe82e719097db69976a9dc9c9b6a514dcb092637b7f0a30b5be48e,d521b17f3a6f8ba65d8accc60598797bdb02f5e698e0887c7577df28d3eda9ae,section.associated_primary.0009,
formula.associated_primary.0594,root.cring.associated_primary,642,formula,inline-dollar,742,743,742,743,,,fe23eea17c841d9e4bced4ddda2fc10d515221a41afd9c7d511ac2ccbf15d728,fe23eea17c841d9e4bced4ddda2fc10d515221a41afd9c7d511ac2ccbf15d728,ba1e3aea00d4837aaa3e703165f6dc5ecac6939ea37279dd152e62da89c035db,section.associated_primary.0009,
formula.associated_primary.0595,root.cring.associated_primary,643,formula,display-bracket,748,748,748,748,,,fce14b62eb39a2932c8b3df1ce5ed856957225c5f601fcdc3b1c63ed5556c9dc,fce14b62eb39a2932c8b3df1ce5ed856957225c5f601fcdc3b1c63ed5556c9dc,d68225a0c197a74b246794a0afcf987b36c0dc93a7a681e2ec505983a90ba152,section.associated_primary.0009,
formula.associated_primary.0596,root.cring.associated_primary,644,formula,inline-dollar,749,749,749,749,,,fa4835eed288fe408d246186b2247166db9f2e817b6eb8f0ae9ca8da905371d5,fa4835eed288fe408d246186b2247166db9f2e817b6eb8f0ae9ca8da905371d5,fa4835eed288fe408d246186b2247166db9f2e817b6eb8f0ae9ca8da905371d5,section.associated_primary.0009,
formula.associated_primary.0597,root.cring.associated_primary,645,formula,inline-dollar,749,749,749,749,,,bc1ec8b05315907bf3051d9433ef70ea6811a7f5cde0124bc4b1fb27f4640c26,bc1ec8b05315907bf3051d9433ef70ea6811a7f5cde0124bc4b1fb27f4640c26,bc1ec8b05315907bf3051d9433ef70ea6811a7f5cde0124bc4b1fb27f4640c26,section.associated_primary.0009,
formula.associated_primary.0598,root.cring.associated_primary,646,formula,inline-dollar,751,751,751,751,,,bc1ec8b05315907bf3051d9433ef70ea6811a7f5cde0124bc4b1fb27f4640c26,bc1ec8b05315907bf3051d9433ef70ea6811a7f5cde0124bc4b1fb27f4640c26,bc1ec8b05315907bf3051d9433ef70ea6811a7f5cde0124bc4b1fb27f4640c26,section.associated_primary.0009,
formula.associated_primary.0599,root.cring.associated_primary,647,formula,inline-dollar,751,751,751,751,,,bc1ec8b05315907bf3051d9433ef70ea6811a7f5cde0124bc4b1fb27f4640c26,bc1ec8b05315907bf3051d9433ef70ea6811a7f5cde0124bc4b1fb27f4640c26,bc1ec8b05315907bf3051d9433ef70ea6811a7f5cde0124bc4b1fb27f4640c26,section.associated_primary.0009,
definition.associated_primary.0009,root.cring.associated_primary,648,definition,definition,753,756,753,756,,,30241af862d719c456fdce54c47110c13491f45a5b0dc55cb1b4d4dada957c0d,63bfb79989e738353c4fdd498ba05b71b88e76901bfe95ef0aba26bbde00b0a9,,section.associated_primary.0009,
formula.associated_primary.0600,root.cring.associated_primary,649,formula,inline-dollar,754,754,754,754,,,fa4835eed288fe408d246186b2247166db9f2e817b6eb8f0ae9ca8da905371d5,fa4835eed288fe408d246186b2247166db9f2e817b6eb8f0ae9ca8da905371d5,fa4835eed288fe408d246186b2247166db9f2e817b6eb8f0ae9ca8da905371d5,section.associated_primary.0009,
formula.associated_primary.0601,root.cring.associated_primary,650,formula,inline-dollar,755,755,755,755,,,bc1ec8b05315907bf3051d9433ef70ea6811a7f5cde0124bc4b1fb27f4640c26,bc1ec8b05315907bf3051d9433ef70ea6811a7f5cde0124bc4b1fb27f4640c26,bc1ec8b05315907bf3051d9433ef70ea6811a7f5cde0124bc4b1fb27f4640c26,section.associated_primary.0009,
formula.associated_primary.0602,root.cring.associated_primary,651,formula,inline-dollar,755,755,755,755,,,bc1ec8b05315907bf3051d9433ef70ea6811a7f5cde0124bc4b1fb27f4640c26,bc1ec8b05315907bf3051d9433ef70ea6811a7f5cde0124bc4b1fb27f4640c26,bc1ec8b05315907bf3051d9433ef70ea6811a7f5cde0124bc4b1fb27f4640c26,section.associated_primary.0009,
section.associated_primary.0010,root.cring.associated_primary,652,section,subsection,760,760,760,760,Uniqueness questions,Pertanyaan ketunggalan,6f8341c681f117acc97197c6721f89b7b9bcd4b192e43e708d93d0bb129209c2,71a991a056b63cd8daee489dd50a4c1e0262b11d327a699a9c30cc287205432c,,section.associated_primary.0007,
formula.associated_primary.0603,root.cring.associated_primary,653,formula,inline-dollar,766,766,766,766,,,29742240025756815de7b4dc24b2f1de69b9148b4ec37f961ccb4d9b4836ab30,29742240025756815de7b4dc24b2f1de69b9148b4ec37f961ccb4d9b4836ab30,29742240025756815de7b4dc24b2f1de69b9148b4ec37f961ccb4d9b4836ab30,section.associated_primary.0010,
formula.associated_primary.0604,root.cring.associated_primary,654,formula,inline-dollar,766,766,766,766,,,a28faf6143663643c867a9e6316c985e9cef6a6ed418572e97343866efcfe288,a28faf6143663643c867a9e6316c985e9cef6a6ed418572e97343866efcfe288,a28faf6143663643c867a9e6316c985e9cef6a6ed418572e97343866efcfe288,section.associated_primary.0010,
formula.associated_primary.0605,root.cring.associated_primary,655,formula,inline-dollar,767,767,767,767,,,3874993ff06db5d770780908364ee4ed0a4dde8a8e7957071c5d088a857955c3,3874993ff06db5d770780908364ee4ed0a4dde8a8e7957071c5d088a857955c3,126ce9a6679147e347a1481747dd01a966846369cd2e4ac4de29f83236cfdfdd,section.associated_primary.0010,
formula.associated_primary.0606,root.cring.associated_primary,656,formula,inline-dollar,769,769,769,769,,,fa4835eed288fe408d246186b2247166db9f2e817b6eb8f0ae9ca8da905371d5,fa4835eed288fe408d246186b2247166db9f2e817b6eb8f0ae9ca8da905371d5,fa4835eed288fe408d246186b2247166db9f2e817b6eb8f0ae9ca8da905371d5,section.associated_primary.0010,
formula.associated_primary.0607,root.cring.associated_primary,657,formula,display-bracket,772,772,772,772,,,810a264721b482795612fe31ee22e53adc9d84482c41aa0c4d4acdc7606c4239,810a264721b482795612fe31ee22e53adc9d84482c41aa0c4d4acdc7606c4239,04de0c222f8d5e5e7e5dedab13fe9de9a9883257c009a043a09a97656b852279,section.associated_primary.0010,
formula.associated_primary.0608,root.cring.associated_primary,658,formula,inline-dollar,773,773,773,773,,,fa4835eed288fe408d246186b2247166db9f2e817b6eb8f0ae9ca8da905371d5,fa4835eed288fe408d246186b2247166db9f2e817b6eb8f0ae9ca8da905371d5,fa4835eed288fe408d246186b2247166db9f2e817b6eb8f0ae9ca8da905371d5,section.associated_primary.0010,
formula.associated_primary.0609,root.cring.associated_primary,659,formula,inline-dollar,775,775,775,775,,,418c8a07aea679f3b533ad15b3d7af149169d1fcef004b57a94f9151649be533,418c8a07aea679f3b533ad15b3d7af149169d1fcef004b57a94f9151649be533,98aa7585633c142b2ac98598680a980fba162089e545b9f119a631a706967b64,section.associated_primary.0010,
formula.associated_primary.0610,root.cring.associated_primary,660,formula,inline-dollar,776,776,776,776,,,29742240025756815de7b4dc24b2f1de69b9148b4ec37f961ccb4d9b4836ab30,29742240025756815de7b4dc24b2f1de69b9148b4ec37f961ccb4d9b4836ab30,29742240025756815de7b4dc24b2f1de69b9148b4ec37f961ccb4d9b4836ab30,section.associated_primary.0010,
formula.associated_primary.0611,root.cring.associated_primary,661,formula,inline-dollar,777,777,777,777,,,1075a6c56cbe3aab2a4fc6aa23edf4b798356b1cc557340b5b24424cc43b884f,1075a6c56cbe3aab2a4fc6aa23edf4b798356b1cc557340b5b24424cc43b884f,1075a6c56cbe3aab2a4fc6aa23edf4b798356b1cc557340b5b24424cc43b884f,section.associated_primary.0010,
theorem.associated_primary.0019,root.cring.associated_primary,662,theorem,proposition,781,784,781,784,,,0af986fdc06b8ef566ef2e1b90ef23acb8ca61dab04dd2c33dedab3f231be74e,409ca541a9b2147a84d136d0446e4a6ff1dfb6dcc9d33bc790ce3e5ecb915a87,,section.associated_primary.0010,
formula.associated_primary.0612,root.cring.associated_primary,663,formula,inline-dollar,782,782,782,782,,,bc1ec8b05315907bf3051d9433ef70ea6811a7f5cde0124bc4b1fb27f4640c26,bc1ec8b05315907bf3051d9433ef70ea6811a7f5cde0124bc4b1fb27f4640c26,bc1ec8b05315907bf3051d9433ef70ea6811a7f5cde0124bc4b1fb27f4640c26,section.associated_primary.0010,
formula.associated_primary.0613,root.cring.associated_primary,664,formula,inline-dollar,783,783,783,783,,,29742240025756815de7b4dc24b2f1de69b9148b4ec37f961ccb4d9b4836ab30,29742240025756815de7b4dc24b2f1de69b9148b4ec37f961ccb4d9b4836ab30,29742240025756815de7b4dc24b2f1de69b9148b4ec37f961ccb4d9b4836ab30,section.associated_primary.0010,
formula.associated_primary.0614,root.cring.associated_primary,665,formula,inline-dollar,786,786,786,786,,,29742240025756815de7b4dc24b2f1de69b9148b4ec37f961ccb4d9b4836ab30,29742240025756815de7b4dc24b2f1de69b9148b4ec37f961ccb4d9b4836ab30,29742240025756815de7b4dc24b2f1de69b9148b4ec37f961ccb4d9b4836ab30,section.associated_primary.0010,
formula.associated_primary.0615,root.cring.associated_primary,666,formula,display-bracket,787,787,787,787,,,3517ac5d3877ab25baf9b5a4a3e1aef3e1a20244a2e0f4a990ecd76500064f3e,3517ac5d3877ab25baf9b5a4a3e1aef3e1a20244a2e0f4a990ecd76500064f3e,370287ca2cf125d2763fc6f18d61874aafea922739e5c063452efb895a957a51,section.associated_primary.0010,
formula.associated_primary.0616,root.cring.associated_primary,667,formula,inline-dollar,788,788,788,788,,,29742240025756815de7b4dc24b2f1de69b9148b4ec37f961ccb4d9b4836ab30,29742240025756815de7b4dc24b2f1de69b9148b4ec37f961ccb4d9b4836ab30,29742240025756815de7b4dc24b2f1de69b9148b4ec37f961ccb4d9b4836ab30,section.associated_primary.0010,
formula.associated_primary.0617,root.cring.associated_primary,668,formula,inline-dollar,788,788,788,788,,,0f2a96b6899f795243adc236874ca48991bd91774827010e5e37f63a8dae818b,0f2a96b6899f795243adc236874ca48991bd91774827010e5e37f63a8dae818b,0f2a96b6899f795243adc236874ca48991bd91774827010e5e37f63a8dae818b,section.associated_primary.0010,
formula.associated_primary.0618,root.cring.associated_primary,669,formula,inline-dollar,789,789,789,789,,,bc1ec8b05315907bf3051d9433ef70ea6811a7f5cde0124bc4b1fb27f4640c26,bc1ec8b05315907bf3051d9433ef70ea6811a7f5cde0124bc4b1fb27f4640c26,bc1ec8b05315907bf3051d9433ef70ea6811a7f5cde0124bc4b1fb27f4640c26,section.associated_primary.0010,
formula.associated_primary.0619,root.cring.associated_primary,670,formula,inline-dollar,791,791,791,791,,,bc1ec8b05315907bf3051d9433ef70ea6811a7f5cde0124bc4b1fb27f4640c26,bc1ec8b05315907bf3051d9433ef70ea6811a7f5cde0124bc4b1fb27f4640c26,bc1ec8b05315907bf3051d9433ef70ea6811a7f5cde0124bc4b1fb27f4640c26,section.associated_primary.0010,
formula.associated_primary.0620,root.cring.associated_primary,671,formula,inline-dollar,792,792,792,792,,,0f2a96b6899f795243adc236874ca48991bd91774827010e5e37f63a8dae818b,0f2a96b6899f795243adc236874ca48991bd91774827010e5e37f63a8dae818b,0f2a96b6899f795243adc236874ca48991bd91774827010e5e37f63a8dae818b,section.associated_primary.0010,
formula.associated_primary.0621,root.cring.associated_primary,672,formula,inline-dollar,792,792,792,792,,,bc1ec8b05315907bf3051d9433ef70ea6811a7f5cde0124bc4b1fb27f4640c26,bc1ec8b05315907bf3051d9433ef70ea6811a7f5cde0124bc4b1fb27f4640c26,bc1ec8b05315907bf3051d9433ef70ea6811a7f5cde0124bc4b1fb27f4640c26,section.associated_primary.0010,
formula.associated_primary.0622,root.cring.associated_primary,673,formula,inline-dollar,792,792,792,792,,,555b648b9575db7bc4979913a65c03f05c638c016e18dbb5baa44a6bbce83ec0,555b648b9575db7bc4979913a65c03f05c638c016e18dbb5baa44a6bbce83ec0,bdcb71402559e95b3bc8ec0d314fea8400e52920bfe0edb80b3dce7b2529d7b6,section.associated_primary.0010,
formula.associated_primary.0623,root.cring.associated_primary,674,formula,inline-dollar,795,795,795,795,,,5ee774f13b853f2eb05957eca73de4f6c7fbb961e7986ba000125c8401d9ec1d,5ee774f13b853f2eb05957eca73de4f6c7fbb961e7986ba000125c8401d9ec1d,5ee774f13b853f2eb05957eca73de4f6c7fbb961e7986ba000125c8401d9ec1d,section.associated_primary.0010,
formula.associated_primary.0624,root.cring.associated_primary,675,formula,inline-dollar,796,796,796,796,,,2cb16fd34f2ee5ef77e15704449cbe74018adc25af8d04167a98bf0c639f12d5,2cb16fd34f2ee5ef77e15704449cbe74018adc25af8d04167a98bf0c639f12d5,2cb16fd34f2ee5ef77e15704449cbe74018adc25af8d04167a98bf0c639f12d5,section.associated_primary.0010,
formula.associated_primary.0625,root.cring.associated_primary,676,formula,display-bracket,797,797,797,797,,,cdc4024000a58b5a0e25fefb4c117b5a23d530802fa393d090fb39229bf802e4,cdc4024000a58b5a0e25fefb4c117b5a23d530802fa393d090fb39229bf802e4,f9ea23bed25fe158ce47e7839fc912f9fc1411dc897c416a6d97a5910f81a229,section.associated_primary.0010,
formula.associated_primary.0626,root.cring.associated_primary,677,formula,inline-dollar,798,798,798,798,,,4585001e3c6a1e64913239346451aa7ed6d272a5f40d83c556edffbc040aaf7b,4585001e3c6a1e64913239346451aa7ed6d272a5f40d83c556edffbc040aaf7b,7691feb1df41d397a9a82a324704193c5342ec9a08a38d81187b193e25de178d,section.associated_primary.0010,
formula.associated_primary.0627,root.cring.associated_primary,678,formula,display-bracket,800,800,800,800,,,a7b9532ba4a584c6b3b35b4c64be35746360d5eabd891788f24fe7a5d8abd24b,a7b9532ba4a584c6b3b35b4c64be35746360d5eabd891788f24fe7a5d8abd24b,6604c60c331932e1897404bc429124109340f9171c100570784fcf861ff20d7a,section.associated_primary.0010,
formula.associated_primary.0628,root.cring.associated_primary,679,formula,inline-dollar,801,801,801,801,,,2acd7aae68b32f112bbd88ae242b4c5399bd6e54957c0d4b47fe02070e3db938,2acd7aae68b32f112bbd88ae242b4c5399bd6e54957c0d4b47fe02070e3db938,59fbf28c8e43201e3ae18a5401ae12a942c3336bfbdb233e0fdb7972a168ced9,section.associated_primary.0010,
formula.associated_primary.0629,root.cring.associated_primary,680,formula,inline-dollar,803,803,803,803,,,0fcd2bfe0a39dcac39d13b7a1d74a362817b46a30cef70b007615299426cb98b,0fcd2bfe0a39dcac39d13b7a1d74a362817b46a30cef70b007615299426cb98b,0fcd2bfe0a39dcac39d13b7a1d74a362817b46a30cef70b007615299426cb98b,section.associated_primary.0010,
formula.associated_primary.0630,root.cring.associated_primary,681,formula,inline-dollar,803,803,803,803,,,5ee774f13b853f2eb05957eca73de4f6c7fbb961e7986ba000125c8401d9ec1d,5ee774f13b853f2eb05957eca73de4f6c7fbb961e7986ba000125c8401d9ec1d,5ee774f13b853f2eb05957eca73de4f6c7fbb961e7986ba000125c8401d9ec1d,section.associated_primary.0010,
formula.associated_primary.0631,root.cring.associated_primary,682,formula,inline-dollar,803,803,803,803,,,4d9c2dfc96e4340614136598f99392777e5ff230adb79d2367b285e3b8b38200,4d9c2dfc96e4340614136598f99392777e5ff230adb79d2367b285e3b8b38200,a3566f2786782cdfd6c83d2565dbac5286144f91eb4a5720f524bba5a458a33e,section.associated_primary.0010,
formula.associated_primary.0632,root.cring.associated_primary,683,formula,inline-dollar,804,804,804,804,,,5ee774f13b853f2eb05957eca73de4f6c7fbb961e7986ba000125c8401d9ec1d,5ee774f13b853f2eb05957eca73de4f6c7fbb961e7986ba000125c8401d9ec1d,5ee774f13b853f2eb05957eca73de4f6c7fbb961e7986ba000125c8401d9ec1d,section.associated_primary.0010,
formula.associated_primary.0633,root.cring.associated_primary,684,formula,inline-dollar,804,804,804,804,,,5ee774f13b853f2eb05957eca73de4f6c7fbb961e7986ba000125c8401d9ec1d,5ee774f13b853f2eb05957eca73de4f6c7fbb961e7986ba000125c8401d9ec1d,5ee774f13b853f2eb05957eca73de4f6c7fbb961e7986ba000125c8401d9ec1d,section.associated_primary.0010,
formula.associated_primary.0634,root.cring.associated_primary,685,formula,inline-dollar,805,805,805,805,,,4d9c2dfc96e4340614136598f99392777e5ff230adb79d2367b285e3b8b38200,4d9c2dfc96e4340614136598f99392777e5ff230adb79d2367b285e3b8b38200,a3566f2786782cdfd6c83d2565dbac5286144f91eb4a5720f524bba5a458a33e,section.associated_primary.0010,
formula.associated_primary.0635,root.cring.associated_primary,686,formula,inline-dollar,805,805,805,805,,,29742240025756815de7b4dc24b2f1de69b9148b4ec37f961ccb4d9b4836ab30,29742240025756815de7b4dc24b2f1de69b9148b4ec37f961ccb4d9b4836ab30,29742240025756815de7b4dc24b2f1de69b9148b4ec37f961ccb4d9b4836ab30,section.associated_primary.0010,
theorem.associated_primary.0020,root.cring.associated_primary,687,theorem,proposition,810,816,810,816,,,150d6f49056ee84fd496e28be899c365d7905777849a2686158f0b8ae5c9e581,583e4a8109b50d2221b25ec0555619c34788445b37e9464eb66524e7daa6353f,,section.associated_primary.0010,
formula.associated_primary.0636,root.cring.associated_primary,688,formula,inline-dollar,811,811,811,811,,,bc1ec8b05315907bf3051d9433ef70ea6811a7f5cde0124bc4b1fb27f4640c26,bc1ec8b05315907bf3051d9433ef70ea6811a7f5cde0124bc4b1fb27f4640c26,bc1ec8b05315907bf3051d9433ef70ea6811a7f5cde0124bc4b1fb27f4640c26,section.associated_primary.0010,
formula.associated_primary.0637,root.cring.associated_primary,689,formula,inline-dollar,811,811,811,811,,,29742240025756815de7b4dc24b2f1de69b9148b4ec37f961ccb4d9b4836ab30,29742240025756815de7b4dc24b2f1de69b9148b4ec37f961ccb4d9b4836ab30,29742240025756815de7b4dc24b2f1de69b9148b4ec37f961ccb4d9b4836ab30,section.associated_primary.0010,
formula.associated_primary.0638,root.cring.associated_primary,690,formula,inline-dollar,812,812,812,812,,,fa4835eed288fe408d246186b2247166db9f2e817b6eb8f0ae9ca8da905371d5,fa4835eed288fe408d246186b2247166db9f2e817b6eb8f0ae9ca8da905371d5,fa4835eed288fe408d246186b2247166db9f2e817b6eb8f0ae9ca8da905371d5,section.associated_primary.0010,
formula.associated_primary.0639,root.cring.associated_primary,691,formula,inline-dollar,813,813,813,813,,,bc1ec8b05315907bf3051d9433ef70ea6811a7f5cde0124bc4b1fb27f4640c26,bc1ec8b05315907bf3051d9433ef70ea6811a7f5cde0124bc4b1fb27f4640c26,bc1ec8b05315907bf3051d9433ef70ea6811a7f5cde0124bc4b1fb27f4640c26,section.associated_primary.0010,
formula.associated_primary.0640,root.cring.associated_primary,692,formula,display-bracket,815,815,815,815,,,826f12574032bafc53bc74b6924a67b5667c4f2f999f683459ecf414cdd54a78,826f12574032bafc53bc74b6924a67b5667c4f2f999f683459ecf414cdd54a78,e2b6d8054754fc2db624310cc507e13a1d91510f13d7d0951c6c9997861cab66,section.associated_primary.0010,
formula.associated_primary.0641,root.cring.associated_primary,693,formula,inline-dollar,819,819,819,819,,,b62fb8102d8ab186092660fd6754dd0314fec90d007c8ea6bc6bf98030f6608e,b62fb8102d8ab186092660fd6754dd0314fec90d007c8ea6bc6bf98030f6608e,6f550e222f3e4bc8ff0869ed4ef120178caeb2338d448dd9296d783802e02771,section.associated_primary.0010,
formula.associated_primary.0642,root.cring.associated_primary,694,formula,inline-dollar,820,820,820,820,,,bc1ec8b05315907bf3051d9433ef70ea6811a7f5cde0124bc4b1fb27f4640c26,bc1ec8b05315907bf3051d9433ef70ea6811a7f5cde0124bc4b1fb27f4640c26,bc1ec8b05315907bf3051d9433ef70ea6811a7f5cde0124bc4b1fb27f4640c26,section.associated_primary.0010,
formula.associated_primary.0643,root.cring.associated_primary,695,formula,display-bracket,821,821,821,821,,,eb57e1cc7ce92073fd34cd28e0e9414794de7546e08a60bd79f64d6816302aef,eb57e1cc7ce92073fd34cd28e0e9414794de7546e08a60bd79f64d6816302aef,77dad1a2f0a6800b24620aa05841186de87705113b07c3c3244d45c7f3c90a4f,section.associated_primary.0010,
formula.associated_primary.0644,root.cring.associated_primary,696,formula,inline-dollar,822,822,822,822,,,865041c898040bede5ecfb22cd7f1d63423374624fdabc0f85d1ab0b2841653f,865041c898040bede5ecfb22cd7f1d63423374624fdabc0f85d1ab0b2841653f,3bab157a4b0fb6e6822937db7f0d0f7eaac42c653b864db4f8062efd58cf82c1,section.associated_primary.0010,
formula.associated_primary.0645,root.cring.associated_primary,697,formula,inline-dollar,822,822,822,822,,,3edceedead719c9595a7e13e873cd41b31f9817c04b1f6c2f87e057cf740bd7c,3edceedead719c9595a7e13e873cd41b31f9817c04b1f6c2f87e057cf740bd7c,3edceedead719c9595a7e13e873cd41b31f9817c04b1f6c2f87e057cf740bd7c,section.associated_primary.0010,
formula.associated_primary.0646,root.cring.associated_primary,698,formula,inline-dollar,823,823,823,823,,,046b7b657b261004dd088274bdd481fca53be627268b1d25066e89eb1d628b4b,046b7b657b261004dd088274bdd481fca53be627268b1d25066e89eb1d628b4b,046b7b657b261004dd088274bdd481fca53be627268b1d25066e89eb1d628b4b,section.associated_primary.0010,
formula.associated_primary.0647,root.cring.associated_primary,699,formula,inline-dollar,823,823,823,823,,,046b7b657b261004dd088274bdd481fca53be627268b1d25066e89eb1d628b4b,046b7b657b261004dd088274bdd481fca53be627268b1d25066e89eb1d628b4b,046b7b657b261004dd088274bdd481fca53be627268b1d25066e89eb1d628b4b,section.associated_primary.0010,
formula.associated_primary.0648,root.cring.associated_primary,700,formula,inline-dollar,824,824,824,824,,,1eab45deee05b9e919b6f3c872fbedd0cd9bc6def1a166d98288ff7ee18fc098,1eab45deee05b9e919b6f3c872fbedd0cd9bc6def1a166d98288ff7ee18fc098,1eab45deee05b9e919b6f3c872fbedd0cd9bc6def1a166d98288ff7ee18fc098,section.associated_primary.0010,
formula.associated_primary.0649,root.cring.associated_primary,701,formula,inline-dollar,825,825,825,825,,,046b7b657b261004dd088274bdd481fca53be627268b1d25066e89eb1d628b4b,046b7b657b261004dd088274bdd481fca53be627268b1d25066e89eb1d628b4b,046b7b657b261004dd088274bdd481fca53be627268b1d25066e89eb1d628b4b,section.associated_primary.0010,
formula.associated_primary.0650,root.cring.associated_primary,702,formula,inline-dollar,826,826,826,826,,,046b7b657b261004dd088274bdd481fca53be627268b1d25066e89eb1d628b4b,046b7b657b261004dd088274bdd481fca53be627268b1d25066e89eb1d628b4b,046b7b657b261004dd088274bdd481fca53be627268b1d25066e89eb1d628b4b,section.associated_primary.0010,
formula.associated_primary.0651,root.cring.associated_primary,703,formula,inline-dollar,827,827,827,827,,,fa14b0568153cff1cf7b0457f337eb37d41746f75c80ded59be772ebbf4643fe,fa14b0568153cff1cf7b0457f337eb37d41746f75c80ded59be772ebbf4643fe,f8d4d5d6c7b3d22a19bab7b932428a916e5cd46aedc9d0d0c839aae5f4f5d98c,section.associated_primary.0010,
formula.associated_primary.0652,root.cring.associated_primary,704,formula,inline-dollar,829,829,829,829,,,bc1ec8b05315907bf3051d9433ef70ea6811a7f5cde0124bc4b1fb27f4640c26,bc1ec8b05315907bf3051d9433ef70ea6811a7f5cde0124bc4b1fb27f4640c26,bc1ec8b05315907bf3051d9433ef70ea6811a7f5cde0124bc4b1fb27f4640c26,section.associated_primary.0010,
formula.associated_primary.0653,root.cring.associated_primary,705,formula,inline-dollar,831,831,831,831,,,617c5b775355fba1829e3aa0b9e7115129c8306da3d812f9acf0a24c1bce80da,617c5b775355fba1829e3aa0b9e7115129c8306da3d812f9acf0a24c1bce80da,617c5b775355fba1829e3aa0b9e7115129c8306da3d812f9acf0a24c1bce80da,section.associated_primary.0010,
formula.associated_primary.0654,root.cring.associated_primary,706,formula,inline-dollar,831,831,831,831,,,2a9609fa1cfbaa2e157b066b4bcf6697fd7584de4f7f9f3c7ae21c0b608d4df8,2a9609fa1cfbaa2e157b066b4bcf6697fd7584de4f7f9f3c7ae21c0b608d4df8,2a9609fa1cfbaa2e157b066b4bcf6697fd7584de4f7f9f3c7ae21c0b608d4df8,section.associated_primary.0010,
formula.associated_primary.0655,root.cring.associated_primary,707,formula,display-bracket,833,838,833,838,,,5e810cf381b0ea95b3fa5102a37f0ded2f29a3438cd0b8ba91c4f99b50377c4f,5e810cf381b0ea95b3fa5102a37f0ded2f29a3438cd0b8ba91c4f99b50377c4f,5ab87e35d0475126b816d98e933a0ff761367880af10c5db1ccc9d78f4f79100,section.associated_primary.0010,
formula.associated_primary.0656,root.cring.associated_primary,708,formula,inline-dollar,839,839,839,839,,,fa4835eed288fe408d246186b2247166db9f2e817b6eb8f0ae9ca8da905371d5,fa4835eed288fe408d246186b2247166db9f2e817b6eb8f0ae9ca8da905371d5,fa4835eed288fe408d246186b2247166db9f2e817b6eb8f0ae9ca8da905371d5,section.associated_primary.0010,
formula.associated_primary.0657,root.cring.associated_primary,709,formula,inline-dollar,841,841,841,841,,,4996fca9729211c3c73329abfa1bd022b41dacd8f8f550403f74ace88b87c9f0,4996fca9729211c3c73329abfa1bd022b41dacd8f8f550403f74ace88b87c9f0,9aa00d8f8b14418b7391c98764acad67a57b973d6f10c36dcb8d921639d60485,section.associated_primary.0010,
formula.associated_primary.0658,root.cring.associated_primary,710,formula,inline-dollar,841,841,841,841,,,b2565defd0a8f9b1c8ccd5844f57fe788be978b228862c1c6fec2ea3e872f5c9,b2565defd0a8f9b1c8ccd5844f57fe788be978b228862c1c6fec2ea3e872f5c9,db57bdb7cef0ca6440e6f6ee9b953e76dc20bc21a1e025b348c56c19616693c9,section.associated_primary.0010,
formula.associated_primary.0659,root.cring.associated_primary,711,formula,inline-dollar,841,842,841,842,,,5247d991d69ffc835b7d4f8fbbeba3a033bc04142b4f9d130a63a48902a9e5bd,5247d991d69ffc835b7d4f8fbbeba3a033bc04142b4f9d130a63a48902a9e5bd,3d986bb8b99ff955704798eebe43655ad8a9dc3c66cbf949c80c4eac091ba77b,section.associated_primary.0010,
formula.associated_primary.0660,root.cring.associated_primary,712,formula,inline-dollar,842,842,842,842,,,da92f00afa563edeaac59f07b73126e7c7da1359350d174aa03a07cebf73a472,da92f00afa563edeaac59f07b73126e7c7da1359350d174aa03a07cebf73a472,643282502bbb0a11012944990ef3c193990d4683bca24b81b068a2ed31e112c9,section.associated_primary.0010,
formula.associated_primary.0661,root.cring.associated_primary,713,formula,inline-dollar,842,842,842,842,,,8dc5fb997be6b93023ede912c3329034f740e1c747edfa03ea8bb4f5ac12512d,8dc5fb997be6b93023ede912c3329034f740e1c747edfa03ea8bb4f5ac12512d,8dc5fb997be6b93023ede912c3329034f740e1c747edfa03ea8bb4f5ac12512d,section.associated_primary.0010,
formula.associated_primary.0662,root.cring.associated_primary,714,formula,inline-dollar,842,842,842,842,,,d997775547609b42dc20d8dc93c286e57a6e19a00bec1170bc6c7fd65cca03dc,d997775547609b42dc20d8dc93c286e57a6e19a00bec1170bc6c7fd65cca03dc,d997775547609b42dc20d8dc93c286e57a6e19a00bec1170bc6c7fd65cca03dc,section.associated_primary.0010,
formula.associated_primary.0663,root.cring.associated_primary,715,formula,inline-dollar,843,843,843,843,,,0f2a96b6899f795243adc236874ca48991bd91774827010e5e37f63a8dae818b,0f2a96b6899f795243adc236874ca48991bd91774827010e5e37f63a8dae818b,0f2a96b6899f795243adc236874ca48991bd91774827010e5e37f63a8dae818b,section.associated_primary.0010,
formula.associated_primary.0664,root.cring.associated_primary,716,formula,inline-dollar,843,843,843,843,,,22bf003d6cac79e1d917cacdab9539c5d59468c02c22d29c08df00834ee4bbe6,22bf003d6cac79e1d917cacdab9539c5d59468c02c22d29c08df00834ee4bbe6,22bf003d6cac79e1d917cacdab9539c5d59468c02c22d29c08df00834ee4bbe6,section.associated_primary.0010,
formula.associated_primary.0665,root.cring.associated_primary,717,formula,inline-dollar,843,843,843,843,,,0f2a96b6899f795243adc236874ca48991bd91774827010e5e37f63a8dae818b,0f2a96b6899f795243adc236874ca48991bd91774827010e5e37f63a8dae818b,0f2a96b6899f795243adc236874ca48991bd91774827010e5e37f63a8dae818b,section.associated_primary.0010,
formula.associated_primary.0666,root.cring.associated_primary,718,formula,inline-dollar,844,844,844,844,,,fa4835eed288fe408d246186b2247166db9f2e817b6eb8f0ae9ca8da905371d5,fa4835eed288fe408d246186b2247166db9f2e817b6eb8f0ae9ca8da905371d5,fa4835eed288fe408d246186b2247166db9f2e817b6eb8f0ae9ca8da905371d5,section.associated_primary.0010,
example.associated_primary.0005,root.cring.associated_primary,719,example,example,848,863,848,863,,,0970baafca9a4deb8b39251c69906aa3cad5d031e96074631106586c02ceef9d,c58bed345b35e7200164030315c7b5943cd5af3de52a76da253503c2d57353eb,,section.associated_primary.0010,
formula.associated_primary.0667,root.cring.associated_primary,720,formula,inline-dollar,848,848,848,848,,,39174cc23c6271edbb595738e9752d0d2e2e51f67dd70fe949f5cbe4a706d7bd,39174cc23c6271edbb595738e9752d0d2e2e51f67dd70fe949f5cbe4a706d7bd,9271ed330bb262f29a5e7b3246a010a9774c9884e033409112fcccdc2d1cf025,section.associated_primary.0010,
formula.associated_primary.0668,root.cring.associated_primary,721,formula,inline-dollar,849,849,849,849,,,1746a4a9010d8dbc0bfa8e8d57cac3ad351fa66643a210195fa0d004e3474570,1746a4a9010d8dbc0bfa8e8d57cac3ad351fa66643a210195fa0d004e3474570,bcb6fe8ae51080ce6c09280fc0b0284b6719374a941d56566510286926149407,section.associated_primary.0010,
formula.associated_primary.0669,root.cring.associated_primary,722,formula,display-bracket,850,850,850,850,,,774d51ceaafa965f5fdc3ec243812a90bac92132b34610c83e95af06b733ca78,774d51ceaafa965f5fdc3ec243812a90bac92132b34610c83e95af06b733ca78,e03890a887ab0969b37d0ebe3a84bed072901546f420227e1992fe299406124c,section.associated_primary.0010,
formula.associated_primary.0670,root.cring.associated_primary,723,formula,inline-dollar,851,851,851,851,,,29742240025756815de7b4dc24b2f1de69b9148b4ec37f961ccb4d9b4836ab30,29742240025756815de7b4dc24b2f1de69b9148b4ec37f961ccb4d9b4836ab30,29742240025756815de7b4dc24b2f1de69b9148b4ec37f961ccb4d9b4836ab30,section.associated_primary.0010,
formula.associated_primary.0671,root.cring.associated_primary,724,formula,inline-dollar,851,851,851,851,,,17231f65f3eab12195bbce7143b4e75f4e04bc086067ced36e820d2e09de897e,17231f65f3eab12195bbce7143b4e75f4e04bc086067ced36e820d2e09de897e,17231f65f3eab12195bbce7143b4e75f4e04bc086067ced36e820d2e09de897e,section.associated_primary.0010,
formula.associated_primary.0672,root.cring.associated_primary,725,formula,inline-dollar,851,851,851,851,,,1075a6c56cbe3aab2a4fc6aa23edf4b798356b1cc557340b5b24424cc43b884f,1075a6c56cbe3aab2a4fc6aa23edf4b798356b1cc557340b5b24424cc43b884f,1075a6c56cbe3aab2a4fc6aa23edf4b798356b1cc557340b5b24424cc43b884f,section.associated_primary.0010,
formula.associated_primary.0673,root.cring.associated_primary,726,formula,inline-dollar,852,852,852,852,,,81b5250e65c265dd2df34c35376d39f27f3078a2e2dec8f95efe66462c84fd87,81b5250e65c265dd2df34c35376d39f27f3078a2e2dec8f95efe66462c84fd87,81b5250e65c265dd2df34c35376d39f27f3078a2e2dec8f95efe66462c84fd87,section.associated_primary.0010,
formula.associated_primary.0674,root.cring.associated_primary,727,formula,inline-dollar,852,852,852,852,,,245e95495d0829413708321b143a7c059704b2c18271ff8b0dee80ae5a36feec,245e95495d0829413708321b143a7c059704b2c18271ff8b0dee80ae5a36feec,245e95495d0829413708321b143a7c059704b2c18271ff8b0dee80ae5a36feec,section.associated_primary.0010,
formula.associated_primary.0675,root.cring.associated_primary,728,formula,display-bracket,855,855,855,855,,,bdf2fd7418cf590f3f6b993345da4e7a9fdb723d444596f3f0eaf5fa60a2ec90,bdf2fd7418cf590f3f6b993345da4e7a9fdb723d444596f3f0eaf5fa60a2ec90,ce8b9649e381022dde6daef413ea5f00d719a3a230a0c311c023d71e182716ef,section.associated_primary.0010,
formula.associated_primary.0676,root.cring.associated_primary,729,formula,inline-dollar,856,856,856,856,,,ea6649a9e145c333693e04f2dfe6435ea3f67511edf186c7d4e9dc63058f446e,ea6649a9e145c333693e04f2dfe6435ea3f67511edf186c7d4e9dc63058f446e,ea6649a9e145c333693e04f2dfe6435ea3f67511edf186c7d4e9dc63058f446e,section.associated_primary.0010,
formula.associated_primary.0677,root.cring.associated_primary,730,formula,inline-dollar,857,857,857,857,,,245e95495d0829413708321b143a7c059704b2c18271ff8b0dee80ae5a36feec,245e95495d0829413708321b143a7c059704b2c18271ff8b0dee80ae5a36feec,245e95495d0829413708321b143a7c059704b2c18271ff8b0dee80ae5a36feec,section.associated_primary.0010,
formula.associated_primary.0678,root.cring.associated_primary,731,formula,inline-dollar,860,860,860,860,,,17231f65f3eab12195bbce7143b4e75f4e04bc086067ced36e820d2e09de897e,17231f65f3eab12195bbce7143b4e75f4e04bc086067ced36e820d2e09de897e,17231f65f3eab12195bbce7143b4e75f4e04bc086067ced36e820d2e09de897e,section.associated_primary.0010,
formula.associated_primary.0679,root.cring.associated_primary,732,formula,inline-dollar,862,862,862,862,,,ea6649a9e145c333693e04f2dfe6435ea3f67511edf186c7d4e9dc63058f446e,ea6649a9e145c333693e04f2dfe6435ea3f67511edf186c7d4e9dc63058f446e,ea6649a9e145c333693e04f2dfe6435ea3f67511edf186c7d4e9dc63058f446e,section.associated_primary.0010,
formula.associated_primary.0680,root.cring.associated_primary,733,formula,inline-dollar,862,862,862,862,,,ea6649a9e145c333693e04f2dfe6435ea3f67511edf186c7d4e9dc63058f446e,ea6649a9e145c333693e04f2dfe6435ea3f67511edf186c7d4e9dc63058f446e,ea6649a9e145c333693e04f2dfe6435ea3f67511edf186c7d4e9dc63058f446e,section.associated_primary.0010,
exercise.associated_primary.0009,root.cring.associated_primary,734,exercise,exercise,865,878,865,878,,,428f9c8b79766cec40e51ca7002c39ba725ce33a50b732ad67b9545d83a5674d,60506848860dee7c103475d213c60d514760c085367dfc686645c230872885ac,,section.associated_primary.0010,
formula.associated_primary.0681,root.cring.associated_primary,735,formula,inline-dollar,866,866,866,866,,,a28faf6143663643c867a9e6316c985e9cef6a6ed418572e97343866efcfe288,a28faf6143663643c867a9e6316c985e9cef6a6ed418572e97343866efcfe288,a28faf6143663643c867a9e6316c985e9cef6a6ed418572e97343866efcfe288,section.associated_primary.0010,
formula.associated_primary.0682,root.cring.associated_primary,736,formula,inline-dollar,866,866,866,866,,,e1be141e9d9d483f7b3f41aee67ee405db4d0f5639f26d216117a25af25ec687,e1be141e9d9d483f7b3f41aee67ee405db4d0f5639f26d216117a25af25ec687,e1be141e9d9d483f7b3f41aee67ee405db4d0f5639f26d216117a25af25ec687,section.associated_primary.0010,
formula.associated_primary.0683,root.cring.associated_primary,737,formula,inline-dollar,867,867,867,867,,,8ca64e7004dd81a64705186ffbf28ea93c7082b11d2f373ba21cbf3f65a8c6fb,8ca64e7004dd81a64705186ffbf28ea93c7082b11d2f373ba21cbf3f65a8c6fb,57147fe88f9f44effd30feb1bc7f640068b1e832073bc21317ac19a9d1a7e773,section.associated_primary.0010,
formula.associated_primary.0684,root.cring.associated_primary,738,formula,inline-dollar,867,867,867,867,,,a28faf6143663643c867a9e6316c985e9cef6a6ed418572e97343866efcfe288,a28faf6143663643c867a9e6316c985e9cef6a6ed418572e97343866efcfe288,a28faf6143663643c867a9e6316c985e9cef6a6ed418572e97343866efcfe288,section.associated_primary.0010,
formula.associated_primary.0685,root.cring.associated_primary,739,formula,inline-dollar,867,867,867,867,,,4eb8b96b089bb7bfe9ba0543d049b57f046a45b672563857f90a50dd618f932f,4eb8b96b089bb7bfe9ba0543d049b57f046a45b672563857f90a50dd618f932f,585ea41266b5e55a0519ce5529d697133c3ee95f5da1b1a336def5e7e5457567,section.associated_primary.0010,
formula.associated_primary.0686,root.cring.associated_primary,740,formula,inline-dollar,868,868,868,868,,,f9eed5f70032a56786d4421550d124716db90f94e7c5e38f5abcd795a5519ea2,f9eed5f70032a56786d4421550d124716db90f94e7c5e38f5abcd795a5519ea2,f9eed5f70032a56786d4421550d124716db90f94e7c5e38f5abcd795a5519ea2,section.associated_primary.0010,
formula.associated_primary.0687,root.cring.associated_primary,741,formula,inline-dollar,870,870,870,870,,,a34ee0f1ef144ba27f4674aa2db6ca07013369cb92a4bb6cdbd14c8695761711,a34ee0f1ef144ba27f4674aa2db6ca07013369cb92a4bb6cdbd14c8695761711,aa2189e6346e79c8db85a6e5be0b86a85e5e8fc78377fc25380d53b8da6c6cf9,section.associated_primary.0010,
formula.associated_primary.0688,root.cring.associated_primary,742,formula,inline-dollar,872,872,872,872,,,c637d883fd1fa3bab98996eda143c70a4b0ba2604e5295379dafa9c163ab907b,c637d883fd1fa3bab98996eda143c70a4b0ba2604e5295379dafa9c163ab907b,622bbcdd1d46ce21f94cd41125130a26aa4ed31bf08a74c6d9d6c48b84418a9c,section.associated_primary.0010,
formula.associated_primary.0689,root.cring.associated_primary,743,formula,inline-dollar,872,872,872,872,,,c652af11f46e7376120f2604a4006c3bc76feeb6848fd7d495d6c3aec63f8992,c652af11f46e7376120f2604a4006c3bc76feeb6848fd7d495d6c3aec63f8992,c652af11f46e7376120f2604a4006c3bc76feeb6848fd7d495d6c3aec63f8992,section.associated_primary.0010,
formula.associated_primary.0690,root.cring.associated_primary,744,formula,inline-dollar,873,873,873,873,,,a7a722cb136e72c50ee4873a7af59ba52d5c334b1268cbe2bbd5b1172f7ebbc3,a7a722cb136e72c50ee4873a7af59ba52d5c334b1268cbe2bbd5b1172f7ebbc3,a713b485b58cf99ceb8c36f3de3da890c03aaff7be2630d77b3da407193a9ba4,section.associated_primary.0010,
formula.associated_primary.0691,root.cring.associated_primary,745,formula,inline-dollar,873,873,873,873,,,e05a0377f8ad1f3aacab3743d38fd344f1d9ff11968547715e1d1acbfaae06d6,e05a0377f8ad1f3aacab3743d38fd344f1d9ff11968547715e1d1acbfaae06d6,3afe1eeaec56cdf0c9baa009ab0a4280dcfa6750efa8915ff941548d2c23dd03,section.associated_primary.0010,
formula.associated_primary.0692,root.cring.associated_primary,746,formula,inline-dollar,874,874,874,874,,,bc1ec8b05315907bf3051d9433ef70ea6811a7f5cde0124bc4b1fb27f4640c26,bc1ec8b05315907bf3051d9433ef70ea6811a7f5cde0124bc4b1fb27f4640c26,bc1ec8b05315907bf3051d9433ef70ea6811a7f5cde0124bc4b1fb27f4640c26,section.associated_primary.0010,
formula.associated_primary.0693,root.cring.associated_primary,747,formula,inline-dollar,875,875,875,875,,,f9eed5f70032a56786d4421550d124716db90f94e7c5e38f5abcd795a5519ea2,f9eed5f70032a56786d4421550d124716db90f94e7c5e38f5abcd795a5519ea2,f9eed5f70032a56786d4421550d124716db90f94e7c5e38f5abcd795a5519ea2,section.associated_primary.0010,
formula.associated_primary.0694,root.cring.associated_primary,748,formula,inline-dollar,875,875,875,875,,,a28faf6143663643c867a9e6316c985e9cef6a6ed418572e97343866efcfe288,a28faf6143663643c867a9e6316c985e9cef6a6ed418572e97343866efcfe288,a28faf6143663643c867a9e6316c985e9cef6a6ed418572e97343866efcfe288,section.associated_primary.0010,
formula.associated_primary.0695,root.cring.associated_primary,749,formula,inline-dollar,876,876,876,876,,,a28faf6143663643c867a9e6316c985e9cef6a6ed418572e97343866efcfe288,a28faf6143663643c867a9e6316c985e9cef6a6ed418572e97343866efcfe288,a28faf6143663643c867a9e6316c985e9cef6a6ed418572e97343866efcfe288,section.associated_primary.0010,
formula.associated_primary.0696,root.cring.associated_primary,750,formula,inline-dollar,876,876,876,876,,,a28faf6143663643c867a9e6316c985e9cef6a6ed418572e97343866efcfe288,a28faf6143663643c867a9e6316c985e9cef6a6ed418572e97343866efcfe288,a28faf6143663643c867a9e6316c985e9cef6a6ed418572e97343866efcfe288,section.associated_primary.0010,
section.lying_over_going_up.0001,root.cring.lying_over_going_up,1,section,section,1,1,1,1,Lying over and going up,Teorema Terletak di Atas dan Naik,ac4a81659357008329250b8e3861cdddc101419e06f59e81d8226db943ed22d3,061c95b7edc06d1102b145ce7e208726afac6430eba0e8e3b679f1b554944d04,,,
formula.lying_over_going_up.0001,root.cring.lying_over_going_up,2,formula,inline-dollar,2,2,2,2,,,83aa5e38a90ee087658954bcc41b2a2f69d8daab35303b6b7deedebe78f9e3f0,83aa5e38a90ee087658954bcc41b2a2f69d8daab35303b6b7deedebe78f9e3f0,83aa5e38a90ee087658954bcc41b2a2f69d8daab35303b6b7deedebe78f9e3f0,section.lying_over_going_up.0001,
formula.lying_over_going_up.0002,root.cring.lying_over_going_up,3,formula,inline-dollar,3,3,3,3,,,69f0a60156539e942b04a09699aeca09dc536c82d26df4751455dd5dba1c5051,69f0a60156539e942b04a09699aeca09dc536c82d26df4751455dd5dba1c5051,151e85c9d1e9d239192db3fedad1628198ee7ea6b112f395d0cbb7729a8377f3,section.lying_over_going_up.0001,
formula.lying_over_going_up.0003,root.cring.lying_over_going_up,4,formula,inline-dollar,3,4,3,4,,,45531516b808f10dfd7d7aa6b42c3ca4f09c13db6121ef7dcafc645358317036,45531516b808f10dfd7d7aa6b42c3ca4f09c13db6121ef7dcafc645358317036,7e8871de1a537d2f8bc2beb9f3074a8a53d4a5ab9e99d60806cf2fc2d8789f84,section.lying_over_going_up.0001,
formula.lying_over_going_up.0004,root.cring.lying_over_going_up,5,formula,inline-dollar,4,4,4,4,,,fdf30f5db1f3424874da244595a2db648c7b056dc537a2b62eb64b4d26d827ef,fdf30f5db1f3424874da244595a2db648c7b056dc537a2b62eb64b4d26d827ef,fdf30f5db1f3424874da244595a2db648c7b056dc537a2b62eb64b4d26d827ef,section.lying_over_going_up.0001,
formula.lying_over_going_up.0005,root.cring.lying_over_going_up,6,formula,inline-dollar,5,5,5,5,,,a28faf6143663643c867a9e6316c985e9cef6a6ed418572e97343866efcfe288,a28faf6143663643c867a9e6316c985e9cef6a6ed418572e97343866efcfe288,a28faf6143663643c867a9e6316c985e9cef6a6ed418572e97343866efcfe288,section.lying_over_going_up.0001,
formula.lying_over_going_up.0006,root.cring.lying_over_going_up,7,formula,inline-dollar,5,5,5,5,,,a30ea401229638368a1dcdb1b7885be0300541e907131d784ccdf38f5f3645e9,a30ea401229638368a1dcdb1b7885be0300541e907131d784ccdf38f5f3645e9,5da85b2f0824e4c52022581613f5382622fa3a5661ac2465c1f10cab96e79488,section.lying_over_going_up.0001,
formula.lying_over_going_up.0007,root.cring.lying_over_going_up,8,formula,inline-dollar,5,5,5,5,,,c637d883fd1fa3bab98996eda143c70a4b0ba2604e5295379dafa9c163ab907b,c637d883fd1fa3bab98996eda143c70a4b0ba2604e5295379dafa9c163ab907b,622bbcdd1d46ce21f94cd41125130a26aa4ed31bf08a74c6d9d6c48b84418a9c,section.lying_over_going_up.0001,
formula.lying_over_going_up.0008,root.cring.lying_over_going_up,9,formula,inline-dollar,6,6,6,6,,,a28faf6143663643c867a9e6316c985e9cef6a6ed418572e97343866efcfe288,a28faf6143663643c867a9e6316c985e9cef6a6ed418572e97343866efcfe288,a28faf6143663643c867a9e6316c985e9cef6a6ed418572e97343866efcfe288,section.lying_over_going_up.0001,
formula.lying_over_going_up.0009,root.cring.lying_over_going_up,10,formula,inline-dollar,7,7,7,7,,,fdf30f5db1f3424874da244595a2db648c7b056dc537a2b62eb64b4d26d827ef,fdf30f5db1f3424874da244595a2db648c7b056dc537a2b62eb64b4d26d827ef,fdf30f5db1f3424874da244595a2db648c7b056dc537a2b62eb64b4d26d827ef,section.lying_over_going_up.0001,
formula.lying_over_going_up.0010,root.cring.lying_over_going_up,11,formula,inline-dollar,8,8,8,8,,,a28faf6143663643c867a9e6316c985e9cef6a6ed418572e97343866efcfe288,a28faf6143663643c867a9e6316c985e9cef6a6ed418572e97343866efcfe288,a28faf6143663643c867a9e6316c985e9cef6a6ed418572e97343866efcfe288,section.lying_over_going_up.0001,
formula.lying_over_going_up.0011,root.cring.lying_over_going_up,12,formula,inline-dollar,8,8,8,8,,,a30ea401229638368a1dcdb1b7885be0300541e907131d784ccdf38f5f3645e9,a30ea401229638368a1dcdb1b7885be0300541e907131d784ccdf38f5f3645e9,5da85b2f0824e4c52022581613f5382622fa3a5661ac2465c1f10cab96e79488,section.lying_over_going_up.0001,
section.lying_over_going_up.0002,root.cring.lying_over_going_up,13,section,subsection,15,15,15,15,Lying over,Teorema terletak di atas,536ace4bc20254f15a39080596d23ece44782354b6468898d71dafb53d8bc63f,77129560744e3c47a1ec02babb19e024f2311710085bfdf8c47c7606f95a14dc,,section.lying_over_going_up.0001,
formula.lying_over_going_up.0012,root.cring.lying_over_going_up,14,formula,inline-dollar,17,17,17,17,,,fc8eafe44e8e10fc7665b4bfbb0ffb08205d0aae7fa8938ed642eb7061a97f3f,fc8eafe44e8e10fc7665b4bfbb0ffb08205d0aae7fa8938ed642eb7061a97f3f,ffcb8cf88f9b9eb62ea699873620e2fcbc0b953e2d11cff9b9b6d353639a1cbe,section.lying_over_going_up.0002,
formula.lying_over_going_up.0013,root.cring.lying_over_going_up,15,formula,inline-dollar,18,18,18,18,,,91859241aea15df43778a717038301c6dae0a406a6ee6ecf24b70a3a75d0c210,91859241aea15df43778a717038301c6dae0a406a6ee6ecf24b70a3a75d0c210,75499db6e2eae758c032a48983a89dcac8b996d5602fc0ecb7ce65be229c3b58,section.lying_over_going_up.0002,
formula.lying_over_going_up.0014,root.cring.lying_over_going_up,16,formula,inline-dollar,18,18,18,18,,,8e2db3c03e5e358171123748685b3c7f45a94af34cc3be74e50b3d6e280db6e3,8e2db3c03e5e358171123748685b3c7f45a94af34cc3be74e50b3d6e280db6e3,093180f88eb7f38b485972c26d2e426c60e870bbdc8a9c8d33662d4ed5e5d92b,section.lying_over_going_up.0002,
formula.lying_over_going_up.0015,root.cring.lying_over_going_up,17,formula,inline-dollar,19,19,19,19,,,fa6f31e9e86c1655d3baaa082b67e49ab4328ed37e36669ea780c047487a6969,fa6f31e9e86c1655d3baaa082b67e49ab4328ed37e36669ea780c047487a6969,fa6f31e9e86c1655d3baaa082b67e49ab4328ed37e36669ea780c047487a6969,section.lying_over_going_up.0002,
theorem.lying_over_going_up.0001,root.cring.lying_over_going_up,18,theorem,proposition,23,27,23,27,Lying over,Teorema terletak di atas,ce78e357bf58d37f19bde449089cdce79c696603bf2951de8439f348dd1b98a0,a06177881e99c40a709c97984780453fea40161ba6a4e3ceb34095fd2b3e9946,,section.lying_over_going_up.0002,label.lying_over_going_up.0001
formula.lying_over_going_up.0016,root.cring.lying_over_going_up,19,formula,inline-dollar,24,24,24,24,,,bb121acbca0856c4531358788671b759c98b0e1a51051900b2f49365f3c526b3,bb121acbca0856c4531358788671b759c98b0e1a51051900b2f49365f3c526b3,8d9da53d002c4768ad08365ad210f4df45fc207e5b4941943b08d1119246aa59,section.lying_over_going_up.0002,
formula.lying_over_going_up.0017,root.cring.lying_over_going_up,20,formula,display-bracket,25,25,25,25,,,336fc88af81440c420d80089d10800c525d587422f8a98c307f18eb79765e0e8,336fc88af81440c420d80089d10800c525d587422f8a98c307f18eb79765e0e8,7dbb28a3fb2dc659492272db48f0e179b3c78056c0afbabb9fdc357a27c8e6be,section.lying_over_going_up.0002,
formula.lying_over_going_up.0018,root.cring.lying_over_going_up,21,formula,inline-dollar,26,26,26,26,,,9b3351ac84c587e0e65eb0e3b199172a1dbdc32d0d588ecaac47a7c6a5d6d1a1,9b3351ac84c587e0e65eb0e3b199172a1dbdc32d0d588ecaac47a7c6a5d6d1a1,9b3351ac84c587e0e65eb0e3b199172a1dbdc32d0d588ecaac47a7c6a5d6d1a1,section.lying_over_going_up.0002,
formula.lying_over_going_up.0019,root.cring.lying_over_going_up,22,formula,inline-dollar,29,29,29,29,,,fad92003e184a39063c650e6ba931f00cf1f3ce9ed32bac79f755d06ca2f7de5,fad92003e184a39063c650e6ba931f00cf1f3ce9ed32bac79f755d06ca2f7de5,485b9b425e8c54d9918cd7f0470e7c6a19cc136e3eb85514250776ae78fe6635,section.lying_over_going_up.0002,
formula.lying_over_going_up.0020,root.cring.lying_over_going_up,23,formula,inline-dollar,30,30,30,30,,,9b3351ac84c587e0e65eb0e3b199172a1dbdc32d0d588ecaac47a7c6a5d6d1a1,9b3351ac84c587e0e65eb0e3b199172a1dbdc32d0d588ecaac47a7c6a5d6d1a1,9b3351ac84c587e0e65eb0e3b199172a1dbdc32d0d588ecaac47a7c6a5d6d1a1,section.lying_over_going_up.0002,
formula.lying_over_going_up.0021,root.cring.lying_over_going_up,24,formula,inline-dollar,31,31,31,31,,,8ca64e7004dd81a64705186ffbf28ea93c7082b11d2f373ba21cbf3f65a8c6fb,8ca64e7004dd81a64705186ffbf28ea93c7082b11d2f373ba21cbf3f65a8c6fb,57147fe88f9f44effd30feb1bc7f640068b1e832073bc21317ac19a9d1a7e773,section.lying_over_going_up.0002,
formula.lying_over_going_up.0022,root.cring.lying_over_going_up,25,formula,inline-dollar,31,31,31,31,,,9961d032bddf910182a1742fbdde737f5398cb60f4d3a1a5b335f49482198081,9961d032bddf910182a1742fbdde737f5398cb60f4d3a1a5b335f49482198081,c89a2395391f78ece1821f1ded58821ee6bd203df8cde3a7d9eb98ac84a50619,section.lying_over_going_up.0002,
formula.lying_over_going_up.0023,root.cring.lying_over_going_up,26,formula,inline-dollar,32,32,32,32,,,1075a6c56cbe3aab2a4fc6aa23edf4b798356b1cc557340b5b24424cc43b884f,1075a6c56cbe3aab2a4fc6aa23edf4b798356b1cc557340b5b24424cc43b884f,1075a6c56cbe3aab2a4fc6aa23edf4b798356b1cc557340b5b24424cc43b884f,section.lying_over_going_up.0002,
formula.lying_over_going_up.0024,root.cring.lying_over_going_up,27,formula,inline-dollar,32,32,32,32,,,bbc53b54d1b7e7a318b28c7e4767c4709a9c3c8fc98adc7b97c74658803a24c7,bbc53b54d1b7e7a318b28c7e4767c4709a9c3c8fc98adc7b97c74658803a24c7,bbc53b54d1b7e7a318b28c7e4767c4709a9c3c8fc98adc7b97c74658803a24c7,section.lying_over_going_up.0002,
formula.lying_over_going_up.0025,root.cring.lying_over_going_up,28,formula,inline-dollar,34,34,34,34,,,9b3351ac84c587e0e65eb0e3b199172a1dbdc32d0d588ecaac47a7c6a5d6d1a1,9b3351ac84c587e0e65eb0e3b199172a1dbdc32d0d588ecaac47a7c6a5d6d1a1,9b3351ac84c587e0e65eb0e3b199172a1dbdc32d0d588ecaac47a7c6a5d6d1a1,section.lying_over_going_up.0002,
formula.lying_over_going_up.0026,root.cring.lying_over_going_up,29,formula,inline-dollar,35,35,35,35,,,6de02ad7400c6b35a8dff19b843bd892d14c4701985611babb8885abdee94023,6de02ad7400c6b35a8dff19b843bd892d14c4701985611babb8885abdee94023,3a0417ca55fedfbcf6ca72c927e0d43243a1b71b5d86a88e361f6ab29af21d99,section.lying_over_going_up.0002,
formula.lying_over_going_up.0027,root.cring.lying_over_going_up,30,formula,inline-dollar,37,37,37,37,,,24f8a9c34f4e1e3b5e273f329b4e16ce97cadc10111e014a256e8f851d7c5f6d,24f8a9c34f4e1e3b5e273f329b4e16ce97cadc10111e014a256e8f851d7c5f6d,4c3a0eb8db62d4fb52fbddf1f5b958947f5720abdb9b573e6da2a0ae12512737,section.lying_over_going_up.0002,
formula.lying_over_going_up.0028,root.cring.lying_over_going_up,31,formula,inline-dollar,37,37,37,37,,,1075a6c56cbe3aab2a4fc6aa23edf4b798356b1cc557340b5b24424cc43b884f,1075a6c56cbe3aab2a4fc6aa23edf4b798356b1cc557340b5b24424cc43b884f,1075a6c56cbe3aab2a4fc6aa23edf4b798356b1cc557340b5b24424cc43b884f,section.lying_over_going_up.0002,
formula.lying_over_going_up.0029,root.cring.lying_over_going_up,32,formula,inline-dollar,38,38,38,38,,,fad92003e184a39063c650e6ba931f00cf1f3ce9ed32bac79f755d06ca2f7de5,fad92003e184a39063c650e6ba931f00cf1f3ce9ed32bac79f755d06ca2f7de5,485b9b425e8c54d9918cd7f0470e7c6a19cc136e3eb85514250776ae78fe6635,section.lying_over_going_up.0002,
formula.lying_over_going_up.0030,root.cring.lying_over_going_up,33,formula,inline-dollar,39,39,39,39,,,a28faf6143663643c867a9e6316c985e9cef6a6ed418572e97343866efcfe288,a28faf6143663643c867a9e6316c985e9cef6a6ed418572e97343866efcfe288,a28faf6143663643c867a9e6316c985e9cef6a6ed418572e97343866efcfe288,section.lying_over_going_up.0002,
formula.lying_over_going_up.0031,root.cring.lying_over_going_up,34,formula,inline-dollar,39,39,39,39,,,e1be141e9d9d483f7b3f41aee67ee405db4d0f5639f26d216117a25af25ec687,e1be141e9d9d483f7b3f41aee67ee405db4d0f5639f26d216117a25af25ec687,e1be141e9d9d483f7b3f41aee67ee405db4d0f5639f26d216117a25af25ec687,section.lying_over_going_up.0002,
formula.lying_over_going_up.0032,root.cring.lying_over_going_up,35,formula,display-bracket,40,40,40,40,,,07763cc2470620800d7bec5dcfcbb82e4b5612281cefaab7f3059b0c7fc31701,07763cc2470620800d7bec5dcfcbb82e4b5612281cefaab7f3059b0c7fc31701,795df40872e5cb0044b87ce5395fe7e06f073003e7b4b012b5f9c9f49d779784,section.lying_over_going_up.0002,
formula.lying_over_going_up.0033,root.cring.lying_over_going_up,36,formula,inline-dollar,41,41,41,41,,,9b3351ac84c587e0e65eb0e3b199172a1dbdc32d0d588ecaac47a7c6a5d6d1a1,9b3351ac84c587e0e65eb0e3b199172a1dbdc32d0d588ecaac47a7c6a5d6d1a1,9b3351ac84c587e0e65eb0e3b199172a1dbdc32d0d588ecaac47a7c6a5d6d1a1,section.lying_over_going_up.0002,
formula.lying_over_going_up.0034,root.cring.lying_over_going_up,37,formula,inline-dollar,43,43,43,43,,,8dcd57ffc06c689dcd3f43e3a05083571ad43f99a0367c8a11a9e2ac807e871a,8dcd57ffc06c689dcd3f43e3a05083571ad43f99a0367c8a11a9e2ac807e871a,ce7aa36ec35cfc06073f9584beb453a51c9a344bdf0dac4c97a9d5918bb5d2cf,section.lying_over_going_up.0002,
formula.lying_over_going_up.0035,root.cring.lying_over_going_up,38,formula,inline-dollar,43,43,43,43,,,e6859b466e6fb278aff914248f1e9f2ded5328ce7b3cacc6c18998338be132fe,e6859b466e6fb278aff914248f1e9f2ded5328ce7b3cacc6c18998338be132fe,76b971d4c2e7d1183f63169d28a4688e20bba52d4a4f303967b4beade5a70788,section.lying_over_going_up.0002,
formula.lying_over_going_up.0036,root.cring.lying_over_going_up,39,formula,inline-dollar,45,45,45,45,,,c18b5f6191a0cba3d920e8b8bac7d35190456d8f17972f7133bdcf6b06a50faf,c18b5f6191a0cba3d920e8b8bac7d35190456d8f17972f7133bdcf6b06a50faf,c18b5f6191a0cba3d920e8b8bac7d35190456d8f17972f7133bdcf6b06a50faf,section.lying_over_going_up.0002,
formula.lying_over_going_up.0037,root.cring.lying_over_going_up,40,formula,inline-dollar,47,47,47,47,,,c18b5f6191a0cba3d920e8b8bac7d35190456d8f17972f7133bdcf6b06a50faf,c18b5f6191a0cba3d920e8b8bac7d35190456d8f17972f7133bdcf6b06a50faf,c18b5f6191a0cba3d920e8b8bac7d35190456d8f17972f7133bdcf6b06a50faf,section.lying_over_going_up.0002,
formula.lying_over_going_up.0038,root.cring.lying_over_going_up,41,formula,inline-dollar,49,49,49,49,,,5d9efc7ffbf6522aee820ad16248b32d4f6933e9ccc353dc940950697d1cff22,5d9efc7ffbf6522aee820ad16248b32d4f6933e9ccc353dc940950697d1cff22,b307baaf0da5afa9985eaa91b7c5c6422328b3b27a8c653c0200ed3215a12e5a,section.lying_over_going_up.0002,
formula.lying_over_going_up.0039,root.cring.lying_over_going_up,42,formula,inline-dollar,50,50,50,50,,,ac1909cb0cc2e6a270a336e3468c5a18a1f64d60cd347945b0ad62048e63e163,ac1909cb0cc2e6a270a336e3468c5a18a1f64d60cd347945b0ad62048e63e163,ac1909cb0cc2e6a270a336e3468c5a18a1f64d60cd347945b0ad62048e63e163,section.lying_over_going_up.0002,
formula.lying_over_going_up.0040,root.cring.lying_over_going_up,43,formula,inline-dollar,51,51,51,51,,,5104ca784f72b747e4d2b0facc6aff15206c881615440664f41b96409ef9c4c6,5104ca784f72b747e4d2b0facc6aff15206c881615440664f41b96409ef9c4c6,5104ca784f72b747e4d2b0facc6aff15206c881615440664f41b96409ef9c4c6,section.lying_over_going_up.0002,
formula.lying_over_going_up.0041,root.cring.lying_over_going_up,44,formula,inline-dollar,51,51,51,51,,,1075a6c56cbe3aab2a4fc6aa23edf4b798356b1cc557340b5b24424cc43b884f,1075a6c56cbe3aab2a4fc6aa23edf4b798356b1cc557340b5b24424cc43b884f,1075a6c56cbe3aab2a4fc6aa23edf4b798356b1cc557340b5b24424cc43b884f,section.lying_over_going_up.0002,
formula.lying_over_going_up.0042,root.cring.lying_over_going_up,45,formula,inline-dollar,51,51,51,51,,,a28faf6143663643c867a9e6316c985e9cef6a6ed418572e97343866efcfe288,a28faf6143663643c867a9e6316c985e9cef6a6ed418572e97343866efcfe288,a28faf6143663643c867a9e6316c985e9cef6a6ed418572e97343866efcfe288,section.lying_over_going_up.0002,
formula.lying_over_going_up.0043,root.cring.lying_over_going_up,46,formula,display-bracket,53,56,53,56,,,23e383605423a36843ee9d3a5634d592956347220b16d3fb4537b7aef188b5bd,23e383605423a36843ee9d3a5634d592956347220b16d3fb4537b7aef188b5bd,8fbc7d1a59beea231ddf55ceb7c0176a61f16c76d9e9ee796abe4342159ce46f,section.lying_over_going_up.0002,
formula.lying_over_going_up.0044,root.cring.lying_over_going_up,47,formula,inline-dollar,57,57,57,57,,,a1d01071880af23b32912bc2ebb6ef538a96f89dc40a9268bfe55930c119648e,a1d01071880af23b32912bc2ebb6ef538a96f89dc40a9268bfe55930c119648e,ac1909cb0cc2e6a270a336e3468c5a18a1f64d60cd347945b0ad62048e63e163,section.lying_over_going_up.0002,
formula.lying_over_going_up.0045,root.cring.lying_over_going_up,48,formula,inline-dollar,58,58,58,58,,,1075a6c56cbe3aab2a4fc6aa23edf4b798356b1cc557340b5b24424cc43b884f,1075a6c56cbe3aab2a4fc6aa23edf4b798356b1cc557340b5b24424cc43b884f,1075a6c56cbe3aab2a4fc6aa23edf4b798356b1cc557340b5b24424cc43b884f,section.lying_over_going_up.0002,
formula.lying_over_going_up.0046,root.cring.lying_over_going_up,49,formula,inline-dollar,59,59,59,59,,,fad92003e184a39063c650e6ba931f00cf1f3ce9ed32bac79f755d06ca2f7de5,fad92003e184a39063c650e6ba931f00cf1f3ce9ed32bac79f755d06ca2f7de5,485b9b425e8c54d9918cd7f0470e7c6a19cc136e3eb85514250776ae78fe6635,section.lying_over_going_up.0002,
formula.lying_over_going_up.0047,root.cring.lying_over_going_up,50,formula,inline-dollar,60,60,60,60,,,9b3351ac84c587e0e65eb0e3b199172a1dbdc32d0d588ecaac47a7c6a5d6d1a1,9b3351ac84c587e0e65eb0e3b199172a1dbdc32d0d588ecaac47a7c6a5d6d1a1,9b3351ac84c587e0e65eb0e3b199172a1dbdc32d0d588ecaac47a7c6a5d6d1a1,section.lying_over_going_up.0002,
formula.lying_over_going_up.0048,root.cring.lying_over_going_up,51,formula,inline-dollar,61,61,61,61,,,a28faf6143663643c867a9e6316c985e9cef6a6ed418572e97343866efcfe288,a28faf6143663643c867a9e6316c985e9cef6a6ed418572e97343866efcfe288,a28faf6143663643c867a9e6316c985e9cef6a6ed418572e97343866efcfe288,section.lying_over_going_up.0002,
formula.lying_over_going_up.0049,root.cring.lying_over_going_up,52,formula,inline-dollar,62,62,62,62,,,1075a6c56cbe3aab2a4fc6aa23edf4b798356b1cc557340b5b24424cc43b884f,1075a6c56cbe3aab2a4fc6aa23edf4b798356b1cc557340b5b24424cc43b884f,1075a6c56cbe3aab2a4fc6aa23edf4b798356b1cc557340b5b24424cc43b884f,section.lying_over_going_up.0002,
formula.lying_over_going_up.0050,root.cring.lying_over_going_up,53,formula,inline-dollar,67,67,67,67,,,a28faf6143663643c867a9e6316c985e9cef6a6ed418572e97343866efcfe288,a28faf6143663643c867a9e6316c985e9cef6a6ed418572e97343866efcfe288,a28faf6143663643c867a9e6316c985e9cef6a6ed418572e97343866efcfe288,section.lying_over_going_up.0002,
formula.lying_over_going_up.0051,root.cring.lying_over_going_up,54,formula,inline-dollar,67,67,67,67,,,4299fdc24c45ec371fb97e69bc724131773fd6a32846364f2ecf6d58531efff9,4299fdc24c45ec371fb97e69bc724131773fd6a32846364f2ecf6d58531efff9,9d030526eca9d58331d3680ffc5e36f8e08bb64897e0684c7aa6c4d4ac2540f3,section.lying_over_going_up.0002,
formula.lying_over_going_up.0052,root.cring.lying_over_going_up,55,formula,inline-dollar,68,68,68,68,,,a28faf6143663643c867a9e6316c985e9cef6a6ed418572e97343866efcfe288,a28faf6143663643c867a9e6316c985e9cef6a6ed418572e97343866efcfe288,a28faf6143663643c867a9e6316c985e9cef6a6ed418572e97343866efcfe288,section.lying_over_going_up.0002,
formula.lying_over_going_up.0053,root.cring.lying_over_going_up,56,formula,inline-dollar,69,69,69,69,,,fad92003e184a39063c650e6ba931f00cf1f3ce9ed32bac79f755d06ca2f7de5,fad92003e184a39063c650e6ba931f00cf1f3ce9ed32bac79f755d06ca2f7de5,485b9b425e8c54d9918cd7f0470e7c6a19cc136e3eb85514250776ae78fe6635,section.lying_over_going_up.0002,
formula.lying_over_going_up.0054,root.cring.lying_over_going_up,57,formula,inline-dollar,72,72,72,72,,,a28faf6143663643c867a9e6316c985e9cef6a6ed418572e97343866efcfe288,a28faf6143663643c867a9e6316c985e9cef6a6ed418572e97343866efcfe288,a28faf6143663643c867a9e6316c985e9cef6a6ed418572e97343866efcfe288,section.lying_over_going_up.0002,
formula.lying_over_going_up.0055,root.cring.lying_over_going_up,58,formula,inline-dollar,72,72,72,72,,,1075a6c56cbe3aab2a4fc6aa23edf4b798356b1cc557340b5b24424cc43b884f,1075a6c56cbe3aab2a4fc6aa23edf4b798356b1cc557340b5b24424cc43b884f,1075a6c56cbe3aab2a4fc6aa23edf4b798356b1cc557340b5b24424cc43b884f,section.lying_over_going_up.0002,
formula.lying_over_going_up.0056,root.cring.lying_over_going_up,59,formula,inline-dollar,72,72,72,72,,,9961d032bddf910182a1742fbdde737f5398cb60f4d3a1a5b335f49482198081,9961d032bddf910182a1742fbdde737f5398cb60f4d3a1a5b335f49482198081,c89a2395391f78ece1821f1ded58821ee6bd203df8cde3a7d9eb98ac84a50619,section.lying_over_going_up.0002,
formula.lying_over_going_up.0057,root.cring.lying_over_going_up,60,formula,inline-dollar,73,73,73,73,,,9a47fbbeb957d328d616cdcbdadd5c164dfeba555513c0803eb2a1bc7a160ed4,9a47fbbeb957d328d616cdcbdadd5c164dfeba555513c0803eb2a1bc7a160ed4,790de461e5e0300eeee534b25edf90f8ab64f09b3f27899236ffa9015b374758,section.lying_over_going_up.0002,
formula.lying_over_going_up.0058,root.cring.lying_over_going_up,61,formula,inline-dollar,73,73,73,73,,,1075a6c56cbe3aab2a4fc6aa23edf4b798356b1cc557340b5b24424cc43b884f,1075a6c56cbe3aab2a4fc6aa23edf4b798356b1cc557340b5b24424cc43b884f,1075a6c56cbe3aab2a4fc6aa23edf4b798356b1cc557340b5b24424cc43b884f,section.lying_over_going_up.0002,
formula.lying_over_going_up.0059,root.cring.lying_over_going_up,62,formula,inline-dollar,74,75,74,75,,,aedbd7e369a2311811df7fdf15bf5d369cacbd4c197a0b2d4b5feba3c60ee451,aedbd7e369a2311811df7fdf15bf5d369cacbd4c197a0b2d4b5feba3c60ee451,6fdda10be57df7736237a974ac3642022252735ada056ba8c7307b662c217a6f,section.lying_over_going_up.0002,
formula.lying_over_going_up.0060,root.cring.lying_over_going_up,63,formula,inline-dollar,76,76,76,76,,,74bdfb8d1d56d984d9fe197c279199ddfc9f8a5515d96ee109bba4f4350e3073,74bdfb8d1d56d984d9fe197c279199ddfc9f8a5515d96ee109bba4f4350e3073,74bdfb8d1d56d984d9fe197c279199ddfc9f8a5515d96ee109bba4f4350e3073,section.lying_over_going_up.0002,
formula.lying_over_going_up.0061,root.cring.lying_over_going_up,64,formula,inline-parenthesis,77,77,77,77,,,3aebb8b23864b7a564e18aca035a2f2f926b36dbed31c6aaec9ff7282beb9918,3aebb8b23864b7a564e18aca035a2f2f926b36dbed31c6aaec9ff7282beb9918,f2cb21a042da9036cd551398b333d3b135fd9ac178f9451795a78c4dd31aec38,section.lying_over_going_up.0002,
formula.lying_over_going_up.0062,root.cring.lying_over_going_up,65,formula,inline-dollar,78,78,78,78,,,1075a6c56cbe3aab2a4fc6aa23edf4b798356b1cc557340b5b24424cc43b884f,1075a6c56cbe3aab2a4fc6aa23edf4b798356b1cc557340b5b24424cc43b884f,1075a6c56cbe3aab2a4fc6aa23edf4b798356b1cc557340b5b24424cc43b884f,section.lying_over_going_up.0002,
formula.lying_over_going_up.0063,root.cring.lying_over_going_up,66,formula,inline-dollar,80,80,80,80,,,f6ddbcee59a7173d8ccacb185e8c1e29b3ad8305ea6ddf818742cf84c51012d3,f6ddbcee59a7173d8ccacb185e8c1e29b3ad8305ea6ddf818742cf84c51012d3,c150e927dd196de4cef804b2b487ff78edef17b3a3e205ba52e3414c31df95de,section.lying_over_going_up.0002,
formula.lying_over_going_up.0064,root.cring.lying_over_going_up,67,formula,inline-dollar,81,81,81,81,,,74bdfb8d1d56d984d9fe197c279199ddfc9f8a5515d96ee109bba4f4350e3073,74bdfb8d1d56d984d9fe197c279199ddfc9f8a5515d96ee109bba4f4350e3073,74bdfb8d1d56d984d9fe197c279199ddfc9f8a5515d96ee109bba4f4350e3073,section.lying_over_going_up.0002,
formula.lying_over_going_up.0065,root.cring.lying_over_going_up,68,formula,environment:equation,83,84,83,84,,,c7f3572db30483d3d75c090c8ef58b5695df9002b9bde44b568bbb6a113da7ce,c7f3572db30483d3d75c090c8ef58b5695df9002b9bde44b568bbb6a113da7ce,118bdaf6a22fdcaf80381ccd91f0e74adae63cbb7ee82167de5dfd9bb763b1bb,section.lying_over_going_up.0002,label.lying_over_going_up.0002
formula.lying_over_going_up.0066,root.cring.lying_over_going_up,69,formula,inline-dollar,85,85,85,85,,,1075a6c56cbe3aab2a4fc6aa23edf4b798356b1cc557340b5b24424cc43b884f,1075a6c56cbe3aab2a4fc6aa23edf4b798356b1cc557340b5b24424cc43b884f,1075a6c56cbe3aab2a4fc6aa23edf4b798356b1cc557340b5b24424cc43b884f,section.lying_over_going_up.0002,
formula.lying_over_going_up.0067,root.cring.lying_over_going_up,70,formula,inline-dollar,85,85,85,85,,,5104ca784f72b747e4d2b0facc6aff15206c881615440664f41b96409ef9c4c6,5104ca784f72b747e4d2b0facc6aff15206c881615440664f41b96409ef9c4c6,5104ca784f72b747e4d2b0facc6aff15206c881615440664f41b96409ef9c4c6,section.lying_over_going_up.0002,
formula.lying_over_going_up.0068,root.cring.lying_over_going_up,71,formula,inline-dollar,87,87,87,87,,,74bdfb8d1d56d984d9fe197c279199ddfc9f8a5515d96ee109bba4f4350e3073,74bdfb8d1d56d984d9fe197c279199ddfc9f8a5515d96ee109bba4f4350e3073,74bdfb8d1d56d984d9fe197c279199ddfc9f8a5515d96ee109bba4f4350e3073,section.lying_over_going_up.0002,
formula.lying_over_going_up.0069,root.cring.lying_over_going_up,72,formula,inline-dollar,90,90,90,90,,,2275fd7a239611d8fe9b4a09904d2b15bc0f67514ccf610e596ea5e87f025978,2275fd7a239611d8fe9b4a09904d2b15bc0f67514ccf610e596ea5e87f025978,a5ff9409e0042310267866378d6801bd10d353944a0a8cfaa448cc3eda5821a5,section.lying_over_going_up.0002,
formula.lying_over_going_up.0070,root.cring.lying_over_going_up,73,formula,inline-dollar,92,92,92,92,,,5104ca784f72b747e4d2b0facc6aff15206c881615440664f41b96409ef9c4c6,5104ca784f72b747e4d2b0facc6aff15206c881615440664f41b96409ef9c4c6,5104ca784f72b747e4d2b0facc6aff15206c881615440664f41b96409ef9c4c6,section.lying_over_going_up.0002,
formula.lying_over_going_up.0071,root.cring.lying_over_going_up,74,formula,inline-dollar,93,93,93,93,,,a28faf6143663643c867a9e6316c985e9cef6a6ed418572e97343866efcfe288,a28faf6143663643c867a9e6316c985e9cef6a6ed418572e97343866efcfe288,a28faf6143663643c867a9e6316c985e9cef6a6ed418572e97343866efcfe288,section.lying_over_going_up.0002,
formula.lying_over_going_up.0072,root.cring.lying_over_going_up,75,formula,inline-dollar,94,94,94,94,,,5104ca784f72b747e4d2b0facc6aff15206c881615440664f41b96409ef9c4c6,5104ca784f72b747e4d2b0facc6aff15206c881615440664f41b96409ef9c4c6,5104ca784f72b747e4d2b0facc6aff15206c881615440664f41b96409ef9c4c6,section.lying_over_going_up.0002,
formula.lying_over_going_up.0073,root.cring.lying_over_going_up,76,formula,inline-dollar,96,96,96,96,,,2ca47d1db45a3a149383f6603acef4d51d3cd4007a854f9ff3ee0f02bd7fd4a8,2ca47d1db45a3a149383f6603acef4d51d3cd4007a854f9ff3ee0f02bd7fd4a8,151a42f0bdd22c420464e23063bc07b1138d0c6ca5b5f80a300aca444084d7b3,section.lying_over_going_up.0002,
formula.lying_over_going_up.0074,root.cring.lying_over_going_up,77,formula,display-bracket,97,97,97,97,,,8576b4dc8c8e52daf41954095ffb64b1ac92f1af06e38c21fa0228f57771f481,8576b4dc8c8e52daf41954095ffb64b1ac92f1af06e38c21fa0228f57771f481,330da6cf341842c96f7a9620b2e2078e48ab089b1bef8d55b1e34b4fc18a768c,section.lying_over_going_up.0002,
formula.lying_over_going_up.0075,root.cring.lying_over_going_up,78,formula,inline-dollar,98,98,98,98,,,8f198cb2f75137b6bd6879bafe3b355a436cc59f6544f84429436cd94de3682c,8f198cb2f75137b6bd6879bafe3b355a436cc59f6544f84429436cd94de3682c,293c4a17fd1d712c26b81dc1c107f5262b6ed953e3bc22dee8842bff56877828,section.lying_over_going_up.0002,
formula.lying_over_going_up.0076,root.cring.lying_over_going_up,79,formula,inline-dollar,102,102,102,102,,,03b3126dc60a71517e9fb38f907ac21d7aaafea26e06ec7824960493ee061bcc,03b3126dc60a71517e9fb38f907ac21d7aaafea26e06ec7824960493ee061bcc,03b3126dc60a71517e9fb38f907ac21d7aaafea26e06ec7824960493ee061bcc,section.lying_over_going_up.0002,
formula.lying_over_going_up.0077,root.cring.lying_over_going_up,80,formula,inline-dollar,102,102,102,102,,,5104ca784f72b747e4d2b0facc6aff15206c881615440664f41b96409ef9c4c6,5104ca784f72b747e4d2b0facc6aff15206c881615440664f41b96409ef9c4c6,5104ca784f72b747e4d2b0facc6aff15206c881615440664f41b96409ef9c4c6,section.lying_over_going_up.0002,
formula.lying_over_going_up.0078,root.cring.lying_over_going_up,81,formula,inline-dollar,102,102,102,102,,,07a7c6cd3a46f772a420d0cb2ac44c6b154f90bb240a8122e626700b070af650,07a7c6cd3a46f772a420d0cb2ac44c6b154f90bb240a8122e626700b070af650,07a7c6cd3a46f772a420d0cb2ac44c6b154f90bb240a8122e626700b070af650,section.lying_over_going_up.0002,
formula.lying_over_going_up.0079,root.cring.lying_over_going_up,82,formula,inline-dollar,102,102,102,102,,,2c816a889b8bfc4563c5cd36d6ff461dc165d5b66864a889502b44bd0a72398b,2c816a889b8bfc4563c5cd36d6ff461dc165d5b66864a889502b44bd0a72398b,2c816a889b8bfc4563c5cd36d6ff461dc165d5b66864a889502b44bd0a72398b,section.lying_over_going_up.0002,
formula.lying_over_going_up.0080,root.cring.lying_over_going_up,83,formula,inline-dollar,103,103,103,103,,,e5300c3fbdb3f4b6c5583cd5ce9fbc57d3fbc44749bc173b90372b1037d9a459,e5300c3fbdb3f4b6c5583cd5ce9fbc57d3fbc44749bc173b90372b1037d9a459,9ff24b205ce03de99f0972e99fec07959fc7c22705d3367503eebc4f4d6e0fd4,section.lying_over_going_up.0002,
formula.lying_over_going_up.0081,root.cring.lying_over_going_up,84,formula,inline-dollar,103,103,103,103,,,a28faf6143663643c867a9e6316c985e9cef6a6ed418572e97343866efcfe288,a28faf6143663643c867a9e6316c985e9cef6a6ed418572e97343866efcfe288,a28faf6143663643c867a9e6316c985e9cef6a6ed418572e97343866efcfe288,section.lying_over_going_up.0002,
formula.lying_over_going_up.0082,root.cring.lying_over_going_up,85,formula,inline-dollar,104,104,104,104,,,2c816a889b8bfc4563c5cd36d6ff461dc165d5b66864a889502b44bd0a72398b,2c816a889b8bfc4563c5cd36d6ff461dc165d5b66864a889502b44bd0a72398b,2c816a889b8bfc4563c5cd36d6ff461dc165d5b66864a889502b44bd0a72398b,section.lying_over_going_up.0002,
formula.lying_over_going_up.0083,root.cring.lying_over_going_up,86,formula,inline-dollar,104,104,104,104,,,03b3126dc60a71517e9fb38f907ac21d7aaafea26e06ec7824960493ee061bcc,03b3126dc60a71517e9fb38f907ac21d7aaafea26e06ec7824960493ee061bcc,03b3126dc60a71517e9fb38f907ac21d7aaafea26e06ec7824960493ee061bcc,section.lying_over_going_up.0002,
formula.lying_over_going_up.0084,root.cring.lying_over_going_up,87,formula,inline-dollar,104,104,104,104,,,a28faf6143663643c867a9e6316c985e9cef6a6ed418572e97343866efcfe288,a28faf6143663643c867a9e6316c985e9cef6a6ed418572e97343866efcfe288,a28faf6143663643c867a9e6316c985e9cef6a6ed418572e97343866efcfe288,section.lying_over_going_up.0002,
formula.lying_over_going_up.0085,root.cring.lying_over_going_up,88,formula,inline-dollar,105,105,105,105,,,a28faf6143663643c867a9e6316c985e9cef6a6ed418572e97343866efcfe288,a28faf6143663643c867a9e6316c985e9cef6a6ed418572e97343866efcfe288,a28faf6143663643c867a9e6316c985e9cef6a6ed418572e97343866efcfe288,section.lying_over_going_up.0002,
formula.lying_over_going_up.0086,root.cring.lying_over_going_up,89,formula,inline-dollar,108,108,108,108,,,03b3126dc60a71517e9fb38f907ac21d7aaafea26e06ec7824960493ee061bcc,03b3126dc60a71517e9fb38f907ac21d7aaafea26e06ec7824960493ee061bcc,03b3126dc60a71517e9fb38f907ac21d7aaafea26e06ec7824960493ee061bcc,section.lying_over_going_up.0002,
formula.lying_over_going_up.0087,root.cring.lying_over_going_up,90,formula,inline-dollar,108,108,108,108,,,a28faf6143663643c867a9e6316c985e9cef6a6ed418572e97343866efcfe288,a28faf6143663643c867a9e6316c985e9cef6a6ed418572e97343866efcfe288,a28faf6143663643c867a9e6316c985e9cef6a6ed418572e97343866efcfe288,section.lying_over_going_up.0002,
formula.lying_over_going_up.0088,root.cring.lying_over_going_up,91,formula,inline-dollar,109,109,109,109,,,14833d5bb8bb3777d790e3e6b88e3993256f1586be312e9b2fb8a42bda26d7c6,14833d5bb8bb3777d790e3e6b88e3993256f1586be312e9b2fb8a42bda26d7c6,644ef513f10786ffe180d8aeb143f3683f868cf09ef26df698a34a2e60a8c2be,section.lying_over_going_up.0002,
formula.lying_over_going_up.0089,root.cring.lying_over_going_up,92,formula,inline-dollar,109,109,109,109,,,278420d5f10a2af5caaeb94894b571bd8504311bb7cdc567154817325e42fa88,278420d5f10a2af5caaeb94894b571bd8504311bb7cdc567154817325e42fa88,074d25b1dd4ad1a6965b8970cc2a988c0400b532af34f5d528bfa09cb4ae6ca5,section.lying_over_going_up.0002,
formula.lying_over_going_up.0090,root.cring.lying_over_going_up,93,formula,inline-dollar,111,111,111,111,,,1075a6c56cbe3aab2a4fc6aa23edf4b798356b1cc557340b5b24424cc43b884f,1075a6c56cbe3aab2a4fc6aa23edf4b798356b1cc557340b5b24424cc43b884f,1075a6c56cbe3aab2a4fc6aa23edf4b798356b1cc557340b5b24424cc43b884f,section.lying_over_going_up.0002,
formula.lying_over_going_up.0091,root.cring.lying_over_going_up,94,formula,inline-dollar,111,111,111,111,,,7913e5866f7aeee1466f454e53ea5bacdb573a803d50a454364bc5cd5b5dbbcc,7913e5866f7aeee1466f454e53ea5bacdb573a803d50a454364bc5cd5b5dbbcc,7913e5866f7aeee1466f454e53ea5bacdb573a803d50a454364bc5cd5b5dbbcc,section.lying_over_going_up.0002,
formula.lying_over_going_up.0092,root.cring.lying_over_going_up,95,formula,inline-dollar,111,111,111,111,,,5104ca784f72b747e4d2b0facc6aff15206c881615440664f41b96409ef9c4c6,5104ca784f72b747e4d2b0facc6aff15206c881615440664f41b96409ef9c4c6,5104ca784f72b747e4d2b0facc6aff15206c881615440664f41b96409ef9c4c6,section.lying_over_going_up.0002,
formula.lying_over_going_up.0093,root.cring.lying_over_going_up,96,formula,inline-dollar,114,114,114,114,,,bb121acbca0856c4531358788671b759c98b0e1a51051900b2f49365f3c526b3,bb121acbca0856c4531358788671b759c98b0e1a51051900b2f49365f3c526b3,8d9da53d002c4768ad08365ad210f4df45fc207e5b4941943b08d1119246aa59,section.lying_over_going_up.0002,
formula.lying_over_going_up.0094,root.cring.lying_over_going_up,97,formula,inline-dollar,115,115,115,115,,,6de02ad7400c6b35a8dff19b843bd892d14c4701985611babb8885abdee94023,6de02ad7400c6b35a8dff19b843bd892d14c4701985611babb8885abdee94023,3a0417ca55fedfbcf6ca72c927e0d43243a1b71b5d86a88e361f6ab29af21d99,section.lying_over_going_up.0002,
formula.lying_over_going_up.0095,root.cring.lying_over_going_up,98,formula,inline-dollar,115,115,115,115,,,27813193e477a2d26e4fdf0500fc26847855310111689de0e6bc6f9245d04b3f,27813193e477a2d26e4fdf0500fc26847855310111689de0e6bc6f9245d04b3f,1c22bbdbfb4e50c88f326dd88ad1c21c6c5900fe29f9c88fac5ec45bd961db88,section.lying_over_going_up.0002,
formula.lying_over_going_up.0096,root.cring.lying_over_going_up,99,formula,inline-dollar,116,116,116,116,,,fad92003e184a39063c650e6ba931f00cf1f3ce9ed32bac79f755d06ca2f7de5,fad92003e184a39063c650e6ba931f00cf1f3ce9ed32bac79f755d06ca2f7de5,485b9b425e8c54d9918cd7f0470e7c6a19cc136e3eb85514250776ae78fe6635,section.lying_over_going_up.0002,
formula.lying_over_going_up.0097,root.cring.lying_over_going_up,100,formula,inline-dollar,116,116,116,116,,,fa6f31e9e86c1655d3baaa082b67e49ab4328ed37e36669ea780c047487a6969,fa6f31e9e86c1655d3baaa082b67e49ab4328ed37e36669ea780c047487a6969,fa6f31e9e86c1655d3baaa082b67e49ab4328ed37e36669ea780c047487a6969,section.lying_over_going_up.0002,
formula.lying_over_going_up.0098,root.cring.lying_over_going_up,101,formula,inline-dollar,116,116,116,116,,,c637d883fd1fa3bab98996eda143c70a4b0ba2604e5295379dafa9c163ab907b,c637d883fd1fa3bab98996eda143c70a4b0ba2604e5295379dafa9c163ab907b,622bbcdd1d46ce21f94cd41125130a26aa4ed31bf08a74c6d9d6c48b84418a9c,section.lying_over_going_up.0002,
formula.lying_over_going_up.0099,root.cring.lying_over_going_up,102,formula,display-bracket,118,118,118,118,,,a06b5da3633f75f78cc43996390dacf327e1de35360fd1abcf92d5d61fb2c22f,a06b5da3633f75f78cc43996390dacf327e1de35360fd1abcf92d5d61fb2c22f,ff1d3a34155af94eff2ae90b7c0c32bf22a82059a455ea7f8ab5bf2e843418d1,section.lying_over_going_up.0002,
formula.lying_over_going_up.0100,root.cring.lying_over_going_up,103,formula,inline-dollar,119,119,119,119,,,6dd9440978a2869a049b716e7babcedb0b6ab74eb058433ef6e23ce997e1ecf2,6dd9440978a2869a049b716e7babcedb0b6ab74eb058433ef6e23ce997e1ecf2,9f5608d607fa9146a164990da58c378635fc4ce0e9cfc18f4e533ffc48a0cc89,section.lying_over_going_up.0002,
formula.lying_over_going_up.0101,root.cring.lying_over_going_up,104,formula,inline-dollar,120,120,120,120,,,9b3351ac84c587e0e65eb0e3b199172a1dbdc32d0d588ecaac47a7c6a5d6d1a1,9b3351ac84c587e0e65eb0e3b199172a1dbdc32d0d588ecaac47a7c6a5d6d1a1,9b3351ac84c587e0e65eb0e3b199172a1dbdc32d0d588ecaac47a7c6a5d6d1a1,section.lying_over_going_up.0002,
formula.lying_over_going_up.0102,root.cring.lying_over_going_up,105,formula,inline-dollar,121,121,121,121,,,83aa5e38a90ee087658954bcc41b2a2f69d8daab35303b6b7deedebe78f9e3f0,83aa5e38a90ee087658954bcc41b2a2f69d8daab35303b6b7deedebe78f9e3f0,83aa5e38a90ee087658954bcc41b2a2f69d8daab35303b6b7deedebe78f9e3f0,section.lying_over_going_up.0002,
formula.lying_over_going_up.0103,root.cring.lying_over_going_up,106,formula,inline-dollar,122,122,122,122,,,a9826d477d352f687b8d0de4dff4d5786dd324789f32f8d9fd5ede7561f3cddd,a9826d477d352f687b8d0de4dff4d5786dd324789f32f8d9fd5ede7561f3cddd,dd634609cb3cc32474c8e91fb10252034a58e610627170af046361ea3e1b7699,section.lying_over_going_up.0002,
formula.lying_over_going_up.0104,root.cring.lying_over_going_up,107,formula,inline-dollar,122,122,122,122,,,5104ca784f72b747e4d2b0facc6aff15206c881615440664f41b96409ef9c4c6,5104ca784f72b747e4d2b0facc6aff15206c881615440664f41b96409ef9c4c6,5104ca784f72b747e4d2b0facc6aff15206c881615440664f41b96409ef9c4c6,section.lying_over_going_up.0002,
formula.lying_over_going_up.0105,root.cring.lying_over_going_up,108,formula,inline-dollar,123,123,123,123,,,c2119a92f71d1f94ce8982b5227f750141108e12bfd3a56fa774b9b3d9aa9da9,c2119a92f71d1f94ce8982b5227f750141108e12bfd3a56fa774b9b3d9aa9da9,c2119a92f71d1f94ce8982b5227f750141108e12bfd3a56fa774b9b3d9aa9da9,section.lying_over_going_up.0002,
formula.lying_over_going_up.0106,root.cring.lying_over_going_up,109,formula,inline-dollar,125,125,125,125,,,bb121acbca0856c4531358788671b759c98b0e1a51051900b2f49365f3c526b3,bb121acbca0856c4531358788671b759c98b0e1a51051900b2f49365f3c526b3,8d9da53d002c4768ad08365ad210f4df45fc207e5b4941943b08d1119246aa59,section.lying_over_going_up.0002,
formula.lying_over_going_up.0107,root.cring.lying_over_going_up,110,formula,inline-dollar,126,126,126,126,,,fad92003e184a39063c650e6ba931f00cf1f3ce9ed32bac79f755d06ca2f7de5,fad92003e184a39063c650e6ba931f00cf1f3ce9ed32bac79f755d06ca2f7de5,485b9b425e8c54d9918cd7f0470e7c6a19cc136e3eb85514250776ae78fe6635,section.lying_over_going_up.0002,
formula.lying_over_going_up.0108,root.cring.lying_over_going_up,111,formula,inline-dollar,126,126,126,126,,,c637d883fd1fa3bab98996eda143c70a4b0ba2604e5295379dafa9c163ab907b,c637d883fd1fa3bab98996eda143c70a4b0ba2604e5295379dafa9c163ab907b,622bbcdd1d46ce21f94cd41125130a26aa4ed31bf08a74c6d9d6c48b84418a9c,section.lying_over_going_up.0002,
formula.lying_over_going_up.0109,root.cring.lying_over_going_up,112,formula,inline-dollar,127,127,127,127,,,e4dd691bb710fcb81485ab1d8afddf0f451c5664a5141ebb4e5540bb7225314a,e4dd691bb710fcb81485ab1d8afddf0f451c5664a5141ebb4e5540bb7225314a,07298273b792cbb64b4000799775f3e9538d8be370e8ad2b651ded9df80d63e8,section.lying_over_going_up.0002,
formula.lying_over_going_up.0110,root.cring.lying_over_going_up,113,formula,inline-dollar,127,127,127,127,,,aff3c4fed58870cb102127e4fc1d990ae387b1d09ec5be4be0e08755a2c3cf25,aff3c4fed58870cb102127e4fc1d990ae387b1d09ec5be4be0e08755a2c3cf25,e7f2543779418cb48328c408a0af01d0def53a54edf9d22d5c677fe3f84a4fa6,section.lying_over_going_up.0002,
formula.lying_over_going_up.0111,root.cring.lying_over_going_up,114,formula,inline-dollar,128,128,128,128,,,9b3351ac84c587e0e65eb0e3b199172a1dbdc32d0d588ecaac47a7c6a5d6d1a1,9b3351ac84c587e0e65eb0e3b199172a1dbdc32d0d588ecaac47a7c6a5d6d1a1,9b3351ac84c587e0e65eb0e3b199172a1dbdc32d0d588ecaac47a7c6a5d6d1a1,section.lying_over_going_up.0002,
formula.lying_over_going_up.0112,root.cring.lying_over_going_up,115,formula,inline-dollar,133,133,133,133,,,c9ecdf22f7e4e32fcb37a30b375d72a252e900a2ba3cb38cf2555de533945b6a,c9ecdf22f7e4e32fcb37a30b375d72a252e900a2ba3cb38cf2555de533945b6a,1794d99ebee658a152f77643b14a2723b5b7bfc0ba18225acaa66b6ccce8ebf4,section.lying_over_going_up.0002,
formula.lying_over_going_up.0113,root.cring.lying_over_going_up,116,formula,inline-dollar,134,134,134,134,,,e1311ab18505793926336fe8e06f8038bfb05cf7bc22e5b0b1dd3fbb05aac369,e1311ab18505793926336fe8e06f8038bfb05cf7bc22e5b0b1dd3fbb05aac369,8f67f26fd27b435c6b3736e26dc16479e5dfb54fccd22583e00ae4340d388723,section.lying_over_going_up.0002,
formula.lying_over_going_up.0114,root.cring.lying_over_going_up,117,formula,inline-dollar,134,135,134,135,,,105f2c3c3e4d74ec735ecbad6c5bf37db36e7e10be95bef2992c41551d4ad768,105f2c3c3e4d74ec735ecbad6c5bf37db36e7e10be95bef2992c41551d4ad768,c97c8b15c5f2f8a386eabdc871e0ab94ecdd21009c85e047fc795f25c1b10bc9,section.lying_over_going_up.0002,
formula.lying_over_going_up.0115,root.cring.lying_over_going_up,118,formula,inline-dollar,136,136,136,136,,,1789eca7cc48e540877937265987f41584cbae2bbfe42cb595fea70bc7f91fb4,1789eca7cc48e540877937265987f41584cbae2bbfe42cb595fea70bc7f91fb4,554676bcb8296d1571987989b4966c1f7cdfb47980a63ccdd5f435d9329d571f,section.lying_over_going_up.0002,
formula.lying_over_going_up.0116,root.cring.lying_over_going_up,119,formula,inline-dollar,137,137,137,137,,,f1c06a4c982ae2e1043e18379e6150e4425c19121c5504905a5cec8c56fd0604,f1c06a4c982ae2e1043e18379e6150e4425c19121c5504905a5cec8c56fd0604,c62f6711629836253c3e3d76f36ef6f47441713b7bd5e9f88e3c1b6da734f139,section.lying_over_going_up.0002,
formula.lying_over_going_up.0117,root.cring.lying_over_going_up,120,formula,inline-dollar,138,138,138,138,,,17231f65f3eab12195bbce7143b4e75f4e04bc086067ced36e820d2e09de897e,17231f65f3eab12195bbce7143b4e75f4e04bc086067ced36e820d2e09de897e,17231f65f3eab12195bbce7143b4e75f4e04bc086067ced36e820d2e09de897e,section.lying_over_going_up.0002,
formula.lying_over_going_up.0118,root.cring.lying_over_going_up,121,formula,inline-dollar,138,138,138,138,,,a6a1249ecac0fe3bc5725d7fc5db6877a0844d7feeb471b564f9b3cdb4db5df8,a6a1249ecac0fe3bc5725d7fc5db6877a0844d7feeb471b564f9b3cdb4db5df8,a6a1249ecac0fe3bc5725d7fc5db6877a0844d7feeb471b564f9b3cdb4db5df8,section.lying_over_going_up.0002,
formula.lying_over_going_up.0119,root.cring.lying_over_going_up,122,formula,inline-dollar,139,139,139,139,,,65a772e762c9648af1cfffe7419069e4f907e53dbebfbdd29d0f9be523491d64,65a772e762c9648af1cfffe7419069e4f907e53dbebfbdd29d0f9be523491d64,65a772e762c9648af1cfffe7419069e4f907e53dbebfbdd29d0f9be523491d64,section.lying_over_going_up.0002,
formula.lying_over_going_up.0120,root.cring.lying_over_going_up,123,formula,inline-dollar,139,139,139,139,,,a799d17e42b8a17f30918af942ecd639c6f0447a631eb28b8a29c456bc097890,a799d17e42b8a17f30918af942ecd639c6f0447a631eb28b8a29c456bc097890,a799d17e42b8a17f30918af942ecd639c6f0447a631eb28b8a29c456bc097890,section.lying_over_going_up.0002,
formula.lying_over_going_up.0121,root.cring.lying_over_going_up,124,formula,inline-dollar,140,140,140,140,,,0c990ce9a63b0034536afc96722702443379ff700fa59404b0655960be60f88d,0c990ce9a63b0034536afc96722702443379ff700fa59404b0655960be60f88d,0c990ce9a63b0034536afc96722702443379ff700fa59404b0655960be60f88d,section.lying_over_going_up.0002,
theorem.lying_over_going_up.0002,root.cring.lying_over_going_up,125,theorem,proposition,144,148,144,148,,,2787328a5f6df2d0b4f2f5f56f06df8730f6552802fb037a229e0c0e2c6a05db,9d3c8074f5ff3ef987eb34c0504c90d2cb8d74efe25cb80862e02357f7b668e5,,section.lying_over_going_up.0002,label.lying_over_going_up.0003
formula.lying_over_going_up.0122,root.cring.lying_over_going_up,126,formula,inline-dollar,145,145,145,145,,,bb121acbca0856c4531358788671b759c98b0e1a51051900b2f49365f3c526b3,bb121acbca0856c4531358788671b759c98b0e1a51051900b2f49365f3c526b3,8d9da53d002c4768ad08365ad210f4df45fc207e5b4941943b08d1119246aa59,section.lying_over_going_up.0002,
formula.lying_over_going_up.0123,root.cring.lying_over_going_up,127,formula,inline-dollar,145,146,145,146,,,161e68cace212d8cbe950f05d2faabb82884393ecdb2029c9220e4ed448b97b6,161e68cace212d8cbe950f05d2faabb82884393ecdb2029c9220e4ed448b97b6,4c3a0eb8db62d4fb52fbddf1f5b958947f5720abdb9b573e6da2a0ae12512737,section.lying_over_going_up.0002,
formula.lying_over_going_up.0124,root.cring.lying_over_going_up,128,formula,inline-dollar,146,147,146,147,,,4f8e1ea39092709d4a1ab1a4480e2b70061355d5d2f7f18c22d9853d865d80d1,4f8e1ea39092709d4a1ab1a4480e2b70061355d5d2f7f18c22d9853d865d80d1,07f02878b159c870c53a9d9d28df47db3d5610b3fd97ff9e77cc3292822fb5cf,section.lying_over_going_up.0002,
formula.lying_over_going_up.0125,root.cring.lying_over_going_up,129,formula,inline-dollar,147,147,147,147,,,1075a6c56cbe3aab2a4fc6aa23edf4b798356b1cc557340b5b24424cc43b884f,1075a6c56cbe3aab2a4fc6aa23edf4b798356b1cc557340b5b24424cc43b884f,1075a6c56cbe3aab2a4fc6aa23edf4b798356b1cc557340b5b24424cc43b884f,section.lying_over_going_up.0002,
formula.lying_over_going_up.0126,root.cring.lying_over_going_up,130,formula,inline-dollar,149,149,149,149,,,b252b076f70f5f5e9b7b8f362923877eb39ef8cec03007235b8e68efb0d30997,b252b076f70f5f5e9b7b8f362923877eb39ef8cec03007235b8e68efb0d30997,cc4b49d6b7aa986929c13ca63e6d49eec6f5501f292d3cfc0b223806bc25e14b,section.lying_over_going_up.0002,
formula.lying_over_going_up.0127,root.cring.lying_over_going_up,131,formula,inline-dollar,150,150,150,150,,,1075a6c56cbe3aab2a4fc6aa23edf4b798356b1cc557340b5b24424cc43b884f,1075a6c56cbe3aab2a4fc6aa23edf4b798356b1cc557340b5b24424cc43b884f,1075a6c56cbe3aab2a4fc6aa23edf4b798356b1cc557340b5b24424cc43b884f,section.lying_over_going_up.0002,
formula.lying_over_going_up.0128,root.cring.lying_over_going_up,132,formula,inline-dollar,150,150,150,150,,,6293752825d8a033898990f4ff9efb2e6243a7592325072b4daa6589b91f355c,6293752825d8a033898990f4ff9efb2e6243a7592325072b4daa6589b91f355c,c028eaa57c893c325bf7c32061d5a025a962510e633a1c1faf32d2870105181a,section.lying_over_going_up.0002,
formula.lying_over_going_up.0129,root.cring.lying_over_going_up,133,formula,inline-dollar,154,154,154,154,,,83aa5e38a90ee087658954bcc41b2a2f69d8daab35303b6b7deedebe78f9e3f0,83aa5e38a90ee087658954bcc41b2a2f69d8daab35303b6b7deedebe78f9e3f0,83aa5e38a90ee087658954bcc41b2a2f69d8daab35303b6b7deedebe78f9e3f0,section.lying_over_going_up.0002,
formula.lying_over_going_up.0130,root.cring.lying_over_going_up,134,formula,inline-dollar,155,155,155,155,,,a28faf6143663643c867a9e6316c985e9cef6a6ed418572e97343866efcfe288,a28faf6143663643c867a9e6316c985e9cef6a6ed418572e97343866efcfe288,a28faf6143663643c867a9e6316c985e9cef6a6ed418572e97343866efcfe288,section.lying_over_going_up.0002,
formula.lying_over_going_up.0131,root.cring.lying_over_going_up,135,formula,inline-dollar,155,155,155,155,,,1075a6c56cbe3aab2a4fc6aa23edf4b798356b1cc557340b5b24424cc43b884f,1075a6c56cbe3aab2a4fc6aa23edf4b798356b1cc557340b5b24424cc43b884f,1075a6c56cbe3aab2a4fc6aa23edf4b798356b1cc557340b5b24424cc43b884f,section.lying_over_going_up.0002,
formula.lying_over_going_up.0132,root.cring.lying_over_going_up,136,formula,inline-dollar,155,155,155,155,,,a28faf6143663643c867a9e6316c985e9cef6a6ed418572e97343866efcfe288,a28faf6143663643c867a9e6316c985e9cef6a6ed418572e97343866efcfe288,a28faf6143663643c867a9e6316c985e9cef6a6ed418572e97343866efcfe288,section.lying_over_going_up.0002,
formula.lying_over_going_up.0133,root.cring.lying_over_going_up,137,formula,inline-dollar,156,156,156,156,,,d68db99a96bde162ff940e3552d091c0f968cb4fded8d285ec81e00a3fb49e83,d68db99a96bde162ff940e3552d091c0f968cb4fded8d285ec81e00a3fb49e83,1b1196da964e9f48bc12e8def0b898ebad77141f4ca99e10f77034894927ba1c,section.lying_over_going_up.0002,
formula.lying_over_going_up.0134,root.cring.lying_over_going_up,138,formula,inline-dollar,157,157,157,157,,,c772171c5b7eb7d7130819e83fce103457c5ababc8e3bc5db920a82960d78bae,c772171c5b7eb7d7130819e83fce103457c5ababc8e3bc5db920a82960d78bae,257234340322c0d4ea1c49f07f921339c8e9eae884b320144dd043ad8a3b6123,section.lying_over_going_up.0002,
formula.lying_over_going_up.0135,root.cring.lying_over_going_up,139,formula,inline-dollar,157,157,157,157,,,5104ca784f72b747e4d2b0facc6aff15206c881615440664f41b96409ef9c4c6,5104ca784f72b747e4d2b0facc6aff15206c881615440664f41b96409ef9c4c6,5104ca784f72b747e4d2b0facc6aff15206c881615440664f41b96409ef9c4c6,section.lying_over_going_up.0002,
formula.lying_over_going_up.0136,root.cring.lying_over_going_up,140,formula,inline-dollar,158,158,158,158,,,1e1792880aa2d6053b3d0dd35a01175881df82f2db9766d1e049d84fa59c2b88,1e1792880aa2d6053b3d0dd35a01175881df82f2db9766d1e049d84fa59c2b88,c9e94d13e9a64009757b2326d7a3c0d28160e4662bf006d4666e1fac463c5ad6,section.lying_over_going_up.0002,
formula.lying_over_going_up.0137,root.cring.lying_over_going_up,141,formula,inline-dollar,159,159,159,159,,,5104ca784f72b747e4d2b0facc6aff15206c881615440664f41b96409ef9c4c6,5104ca784f72b747e4d2b0facc6aff15206c881615440664f41b96409ef9c4c6,5104ca784f72b747e4d2b0facc6aff15206c881615440664f41b96409ef9c4c6,section.lying_over_going_up.0002,
formula.lying_over_going_up.0138,root.cring.lying_over_going_up,142,formula,inline-dollar,159,159,159,159,,,74bdfb8d1d56d984d9fe197c279199ddfc9f8a5515d96ee109bba4f4350e3073,74bdfb8d1d56d984d9fe197c279199ddfc9f8a5515d96ee109bba4f4350e3073,74bdfb8d1d56d984d9fe197c279199ddfc9f8a5515d96ee109bba4f4350e3073,section.lying_over_going_up.0002,
formula.lying_over_going_up.0139,root.cring.lying_over_going_up,143,formula,inline-dollar,159,159,159,159,,,f7de8300017257e9ea3eab45a7995f600940c2c82a6f4bc4102c026b93a1a1b1,f7de8300017257e9ea3eab45a7995f600940c2c82a6f4bc4102c026b93a1a1b1,477306a659b6ebc9183feaef0461267d6fa2fa0e9d246bfd2493d277508f03b9,section.lying_over_going_up.0002,
formula.lying_over_going_up.0140,root.cring.lying_over_going_up,144,formula,inline-dollar,160,160,160,160,,,1190516ba51fbead2a01096be2b59d64e505195e4443551bf74723a0ed0ade68,1190516ba51fbead2a01096be2b59d64e505195e4443551bf74723a0ed0ade68,cb88dc73d4f847a4f4325ca037c79b1ff3a4c52dbbace87865cd9439339fe8bf,section.lying_over_going_up.0002,
formula.lying_over_going_up.0141,root.cring.lying_over_going_up,145,formula,inline-dollar,160,160,160,160,,,9b3351ac84c587e0e65eb0e3b199172a1dbdc32d0d588ecaac47a7c6a5d6d1a1,9b3351ac84c587e0e65eb0e3b199172a1dbdc32d0d588ecaac47a7c6a5d6d1a1,9b3351ac84c587e0e65eb0e3b199172a1dbdc32d0d588ecaac47a7c6a5d6d1a1,section.lying_over_going_up.0002,
formula.lying_over_going_up.0142,root.cring.lying_over_going_up,146,formula,inline-dollar,161,162,161,162,,,389c22ec7ead38a0de8bf936509905c36eb0aed29e93d1f240d6c5d35030e9f3,389c22ec7ead38a0de8bf936509905c36eb0aed29e93d1f240d6c5d35030e9f3,cb9e5322ca8a77dd74c1b8c98d4a3ea8def860605cfc765abb034ba394f4e643,section.lying_over_going_up.0002,
theorem.lying_over_going_up.0003,root.cring.lying_over_going_up,147,theorem,lemma,165,169,165,169,,,720b61ff7f226f81855abf96546358d57c61c7e4d6e706a177f6fad99524f7a9,dddb6f06787cb17eb8e60da2a4ca5d0cdd7362fbb905d4313f74fe9ee5bac510,,section.lying_over_going_up.0002,
formula.lying_over_going_up.0143,root.cring.lying_over_going_up,148,formula,inline-dollar,166,166,166,166,,,1190516ba51fbead2a01096be2b59d64e505195e4443551bf74723a0ed0ade68,1190516ba51fbead2a01096be2b59d64e505195e4443551bf74723a0ed0ade68,cb88dc73d4f847a4f4325ca037c79b1ff3a4c52dbbace87865cd9439339fe8bf,section.lying_over_going_up.0002,
formula.lying_over_going_up.0144,root.cring.lying_over_going_up,149,formula,inline-dollar,167,167,167,167,,,887f5ad96eaa574d2b88b1bae72794825f11988668a96b49434e7250852a362a,887f5ad96eaa574d2b88b1bae72794825f11988668a96b49434e7250852a362a,07f02878b159c870c53a9d9d28df47db3d5610b3fd97ff9e77cc3292822fb5cf,section.lying_over_going_up.0002,
formula.lying_over_going_up.0145,root.cring.lying_over_going_up,150,formula,inline-dollar,168,168,168,168,,,a6e69baf36df86b37694c679cff04bc17a68080764a1e92db0ee1f9705dfbdb3,a6e69baf36df86b37694c679cff04bc17a68080764a1e92db0ee1f9705dfbdb3,8341cd64b2d33f0f8b38ec7632eb1c547278bee85045bf20eeeca3a5735338e2,section.lying_over_going_up.0002,
formula.lying_over_going_up.0146,root.cring.lying_over_going_up,151,formula,inline-dollar,171,171,171,171,,,deab95b5662d593cd8df8f81ee5a530cf029a5834416d2dbd063989a8574cf0e,deab95b5662d593cd8df8f81ee5a530cf029a5834416d2dbd063989a8574cf0e,ddfa77cdb9bbea9f37252b4de90bcc3a52233982fd8bb6367e8e01777b6b8033,section.lying_over_going_up.0002,
formula.lying_over_going_up.0147,root.cring.lying_over_going_up,152,formula,display-bracket,172,172,172,172,,,893917e30c6313dde4df184a8afbea4c1eac9ba445ae38e44a3b90ecf5901a82,893917e30c6313dde4df184a8afbea4c1eac9ba445ae38e44a3b90ecf5901a82,ab1dac180eead90161baeb737e5dc79377596b985ffd2dc25c752dc2dc7a56af,section.lying_over_going_up.0002,
formula.lying_over_going_up.0148,root.cring.lying_over_going_up,153,formula,inline-dollar,173,173,173,173,,,22bf003d6cac79e1d917cacdab9539c5d59468c02c22d29c08df00834ee4bbe6,22bf003d6cac79e1d917cacdab9539c5d59468c02c22d29c08df00834ee4bbe6,22bf003d6cac79e1d917cacdab9539c5d59468c02c22d29c08df00834ee4bbe6,section.lying_over_going_up.0002,
formula.lying_over_going_up.0149,root.cring.lying_over_going_up,154,formula,inline-dollar,174,174,174,174,,,a38b12dc1cfc0c6794253031c197aedd67f21e8e3c7ace8744f5a21ad60597bc,a38b12dc1cfc0c6794253031c197aedd67f21e8e3c7ace8744f5a21ad60597bc,ddacb81987d337958fff660feb6926e0697a4d72eb91d53a3cb90fe50fd07e19,section.lying_over_going_up.0002,
formula.lying_over_going_up.0150,root.cring.lying_over_going_up,155,formula,inline-dollar,174,174,174,174,,,6dbf4ed8e79c4461b693ffc0b48dc8e04616126976f5529ccd1bcc3c1135d809,6dbf4ed8e79c4461b693ffc0b48dc8e04616126976f5529ccd1bcc3c1135d809,21b3eefae68454fd3b315907648f8229c1dd16a76aad8c688d92cd748ff8b191,section.lying_over_going_up.0002,
theorem.lying_over_going_up.0004,root.cring.lying_over_going_up,156,theorem,corollary,179,182,179,182,,,4d327c5d8b3344c55c3f975629d604efe6aa31c570101f9d9b58e0790751c1fb,cf882a2c6ae7edd6de6c5b6acdd70ff76f5e00d31b3adc87a8f9d971f286df3b,,section.lying_over_going_up.0002,
formula.lying_over_going_up.0151,root.cring.lying_over_going_up,157,formula,inline-dollar,180,180,180,180,,,1190516ba51fbead2a01096be2b59d64e505195e4443551bf74723a0ed0ade68,1190516ba51fbead2a01096be2b59d64e505195e4443551bf74723a0ed0ade68,cb88dc73d4f847a4f4325ca037c79b1ff3a4c52dbbace87865cd9439339fe8bf,section.lying_over_going_up.0002,
formula.lying_over_going_up.0152,root.cring.lying_over_going_up,158,formula,inline-dollar,180,180,180,180,,,5104ca784f72b747e4d2b0facc6aff15206c881615440664f41b96409ef9c4c6,5104ca784f72b747e4d2b0facc6aff15206c881615440664f41b96409ef9c4c6,5104ca784f72b747e4d2b0facc6aff15206c881615440664f41b96409ef9c4c6,section.lying_over_going_up.0002,
formula.lying_over_going_up.0153,root.cring.lying_over_going_up,159,formula,inline-dollar,181,181,181,181,,,a28faf6143663643c867a9e6316c985e9cef6a6ed418572e97343866efcfe288,a28faf6143663643c867a9e6316c985e9cef6a6ed418572e97343866efcfe288,a28faf6143663643c867a9e6316c985e9cef6a6ed418572e97343866efcfe288,section.lying_over_going_up.0002,
formula.lying_over_going_up.0154,root.cring.lying_over_going_up,160,formula,inline-dollar,181,181,181,181,,,8dcd57ffc06c689dcd3f43e3a05083571ad43f99a0367c8a11a9e2ac807e871a,8dcd57ffc06c689dcd3f43e3a05083571ad43f99a0367c8a11a9e2ac807e871a,ce7aa36ec35cfc06073f9584beb453a51c9a344bdf0dac4c97a9d5918bb5d2cf,section.lying_over_going_up.0002,
formula.lying_over_going_up.0155,root.cring.lying_over_going_up,161,formula,inline-dollar,184,184,184,184,,,6de02ad7400c6b35a8dff19b843bd892d14c4701985611babb8885abdee94023,6de02ad7400c6b35a8dff19b843bd892d14c4701985611babb8885abdee94023,3a0417ca55fedfbcf6ca72c927e0d43243a1b71b5d86a88e361f6ab29af21d99,section.lying_over_going_up.0002,
formula.lying_over_going_up.0156,root.cring.lying_over_going_up,162,formula,inline-dollar,184,185,184,185,,,e5cb7f291ba95dff27ecf6d5dcddf36d69c9262f36717ce623c387fedcfe2037,e5cb7f291ba95dff27ecf6d5dcddf36d69c9262f36717ce623c387fedcfe2037,485b9b425e8c54d9918cd7f0470e7c6a19cc136e3eb85514250776ae78fe6635,section.lying_over_going_up.0002,
formula.lying_over_going_up.0157,root.cring.lying_over_going_up,163,formula,inline-dollar,185,185,185,185,,,5104ca784f72b747e4d2b0facc6aff15206c881615440664f41b96409ef9c4c6,5104ca784f72b747e4d2b0facc6aff15206c881615440664f41b96409ef9c4c6,5104ca784f72b747e4d2b0facc6aff15206c881615440664f41b96409ef9c4c6,section.lying_over_going_up.0002,
formula.lying_over_going_up.0158,root.cring.lying_over_going_up,164,formula,inline-dollar,185,185,185,185,,,c637d883fd1fa3bab98996eda143c70a4b0ba2604e5295379dafa9c163ab907b,c637d883fd1fa3bab98996eda143c70a4b0ba2604e5295379dafa9c163ab907b,622bbcdd1d46ce21f94cd41125130a26aa4ed31bf08a74c6d9d6c48b84418a9c,section.lying_over_going_up.0002,
formula.lying_over_going_up.0159,root.cring.lying_over_going_up,165,formula,inline-dollar,186,186,186,186,,,a28faf6143663643c867a9e6316c985e9cef6a6ed418572e97343866efcfe288,a28faf6143663643c867a9e6316c985e9cef6a6ed418572e97343866efcfe288,a28faf6143663643c867a9e6316c985e9cef6a6ed418572e97343866efcfe288,section.lying_over_going_up.0002,
formula.lying_over_going_up.0160,root.cring.lying_over_going_up,166,formula,inline-dollar,186,186,186,186,,,a28faf6143663643c867a9e6316c985e9cef6a6ed418572e97343866efcfe288,a28faf6143663643c867a9e6316c985e9cef6a6ed418572e97343866efcfe288,a28faf6143663643c867a9e6316c985e9cef6a6ed418572e97343866efcfe288,section.lying_over_going_up.0002,
formula.lying_over_going_up.0161,root.cring.lying_over_going_up,167,formula,inline-dollar,187,187,187,187,,,fad92003e184a39063c650e6ba931f00cf1f3ce9ed32bac79f755d06ca2f7de5,fad92003e184a39063c650e6ba931f00cf1f3ce9ed32bac79f755d06ca2f7de5,485b9b425e8c54d9918cd7f0470e7c6a19cc136e3eb85514250776ae78fe6635,section.lying_over_going_up.0002,
formula.lying_over_going_up.0162,root.cring.lying_over_going_up,168,formula,inline-dollar,187,188,187,188,,,3a7bb6c42d39bb9b979d179e2a294381375faf23e0d4997b0b372c7801535a67,3a7bb6c42d39bb9b979d179e2a294381375faf23e0d4997b0b372c7801535a67,622bbcdd1d46ce21f94cd41125130a26aa4ed31bf08a74c6d9d6c48b84418a9c,section.lying_over_going_up.0002,
formula.lying_over_going_up.0163,root.cring.lying_over_going_up,169,formula,inline-dollar,188,189,188,189,,,e5cb7f291ba95dff27ecf6d5dcddf36d69c9262f36717ce623c387fedcfe2037,e5cb7f291ba95dff27ecf6d5dcddf36d69c9262f36717ce623c387fedcfe2037,485b9b425e8c54d9918cd7f0470e7c6a19cc136e3eb85514250776ae78fe6635,section.lying_over_going_up.0002,
formula.lying_over_going_up.0164,root.cring.lying_over_going_up,170,formula,inline-dollar,189,189,189,189,,,5104ca784f72b747e4d2b0facc6aff15206c881615440664f41b96409ef9c4c6,5104ca784f72b747e4d2b0facc6aff15206c881615440664f41b96409ef9c4c6,5104ca784f72b747e4d2b0facc6aff15206c881615440664f41b96409ef9c4c6,section.lying_over_going_up.0002,
exercise.lying_over_going_up.0001,root.cring.lying_over_going_up,171,exercise,exercise,193,197,193,197,,,f192961b9a02fe19b97b6278fa357dd21abdd483f2d0f5c51e406c4fa590c87d,d14923dad9fa59b24fc1c7d7f5378f2013bdd9ec35837df5bdd21712d7d25ac6,,section.lying_over_going_up.0002,
formula.lying_over_going_up.0165,root.cring.lying_over_going_up,172,formula,inline-dollar,193,193,193,193,,,2725b2d0fc640cb2728a1834f8c41d47e601a7313494a3c35628268f485f3a5f,2725b2d0fc640cb2728a1834f8c41d47e601a7313494a3c35628268f485f3a5f,2725b2d0fc640cb2728a1834f8c41d47e601a7313494a3c35628268f485f3a5f,section.lying_over_going_up.0002,
formula.lying_over_going_up.0166,root.cring.lying_over_going_up,173,formula,inline-dollar,194,194,194,194,,,4ce18888ebbffe3cc1a8a3a8eb069041accf7f90397803164e067b5a4d0b487d,4ce18888ebbffe3cc1a8a3a8eb069041accf7f90397803164e067b5a4d0b487d,2262834598a9056b48de1a1e1e23d55451333c2d12e9d11bfa0751593ca93c13,section.lying_over_going_up.0002,
formula.lying_over_going_up.0167,root.cring.lying_over_going_up,174,formula,inline-dollar,194,194,194,194,,,4846ca68f1a5927e2b96fcf5b0ee3914806b302cc3126015bb216ab1a7027b74,4846ca68f1a5927e2b96fcf5b0ee3914806b302cc3126015bb216ab1a7027b74,4846ca68f1a5927e2b96fcf5b0ee3914806b302cc3126015bb216ab1a7027b74,section.lying_over_going_up.0002,
formula.lying_over_going_up.0168,root.cring.lying_over_going_up,175,formula,inline-dollar,195,195,195,195,,,9106143cbd5033856829994d8d1256f08be42ffdd46c60fab416d3a51466979d,9106143cbd5033856829994d8d1256f08be42ffdd46c60fab416d3a51466979d,9106143cbd5033856829994d8d1256f08be42ffdd46c60fab416d3a51466979d,section.lying_over_going_up.0002,
formula.lying_over_going_up.0169,root.cring.lying_over_going_up,176,formula,inline-dollar,196,196,196,196,,,41c85949a83672b7ae76df71c5283f0b39197216d19786d032f90d35829d39c1,41c85949a83672b7ae76df71c5283f0b39197216d19786d032f90d35829d39c1,596d41d36fa00fdc49bf6363ba37175c7d7bf2f5dde0f885fe547e38561ee1b2,section.lying_over_going_up.0002,
exercise.lying_over_going_up.0002,root.cring.lying_over_going_up,177,exercise,exercise,199,203,199,203,,,63411ceda4740d7f202aa1caf1659ab34922e461344ca22fc2b89b865b4c9112,0c94371d428a1362b96a718bc68d7d92a2b0ab3dc57b564a872db9ce84b5d1a6,,section.lying_over_going_up.0002,
formula.lying_over_going_up.0170,root.cring.lying_over_going_up,178,formula,inline-dollar,200,200,200,200,,,ffd0048495492694781a8addf29290a2b95418afd7c1c7c057d12568d115dcf3,ffd0048495492694781a8addf29290a2b95418afd7c1c7c057d12568d115dcf3,c3dc7732f063de58732f4eba8c8234d2d0014822364a4f22d912a2e865902193,section.lying_over_going_up.0002,
formula.lying_over_going_up.0171,root.cring.lying_over_going_up,179,formula,inline-dollar,201,201,201,201,,,ea6649a9e145c333693e04f2dfe6435ea3f67511edf186c7d4e9dc63058f446e,ea6649a9e145c333693e04f2dfe6435ea3f67511edf186c7d4e9dc63058f446e,ea6649a9e145c333693e04f2dfe6435ea3f67511edf186c7d4e9dc63058f446e,section.lying_over_going_up.0002,
formula.lying_over_going_up.0172,root.cring.lying_over_going_up,180,formula,inline-dollar,201,201,201,201,,,1a24a219b95b8057eb6d04c7d0d15f22aafa388d75edf28fa1aff1d05b752304,1a24a219b95b8057eb6d04c7d0d15f22aafa388d75edf28fa1aff1d05b752304,dec45c5bec8f6fbc9b7cb26933a2e1f42d87ba3e138d00768a6bd3cedfc8f1c4,section.lying_over_going_up.0002,
formula.lying_over_going_up.0173,root.cring.lying_over_going_up,181,formula,inline-dollar,201,201,201,201,,,bfef4bfec899d846d86b929e3b0ad20e3bdff79316cffdc1127c614866462928,bfef4bfec899d846d86b929e3b0ad20e3bdff79316cffdc1127c614866462928,bfef4bfec899d846d86b929e3b0ad20e3bdff79316cffdc1127c614866462928,section.lying_over_going_up.0002,
formula.lying_over_going_up.0174,root.cring.lying_over_going_up,182,formula,inline-dollar,202,202,202,202,,,e1788642e34ec7f726d9504af288423ed457e50d05ba527829e7b259ab0fe5d2,e1788642e34ec7f726d9504af288423ed457e50d05ba527829e7b259ab0fe5d2,498fabf84bdcc1a649b5233a1325bbe6af17ba1dfef296fbbc8d8d8a240f2791,section.lying_over_going_up.0002,
section.lying_over_going_up.0003,root.cring.lying_over_going_up,183,section,subsection,207,207,207,207,Going up,Teorema naik,380f016d3b644ea3a7a41520d4a23ae0c7651c26e7932fc80bc206cebd566c39,c7217e65b328e44d7b53a5e9db8de40429262f7c88a43eff78e5d3360b03cdd9,,section.lying_over_going_up.0001,
formula.lying_over_going_up.0175,root.cring.lying_over_going_up,184,formula,inline-dollar,208,208,208,208,,,1190516ba51fbead2a01096be2b59d64e505195e4443551bf74723a0ed0ade68,1190516ba51fbead2a01096be2b59d64e505195e4443551bf74723a0ed0ade68,cb88dc73d4f847a4f4325ca037c79b1ff3a4c52dbbace87865cd9439339fe8bf,section.lying_over_going_up.0003,
formula.lying_over_going_up.0176,root.cring.lying_over_going_up,185,formula,inline-dollar,208,208,208,208,,,5104ca784f72b747e4d2b0facc6aff15206c881615440664f41b96409ef9c4c6,5104ca784f72b747e4d2b0facc6aff15206c881615440664f41b96409ef9c4c6,5104ca784f72b747e4d2b0facc6aff15206c881615440664f41b96409ef9c4c6,section.lying_over_going_up.0003,
formula.lying_over_going_up.0177,root.cring.lying_over_going_up,186,formula,inline-dollar,208,208,208,208,,,a28faf6143663643c867a9e6316c985e9cef6a6ed418572e97343866efcfe288,a28faf6143663643c867a9e6316c985e9cef6a6ed418572e97343866efcfe288,a28faf6143663643c867a9e6316c985e9cef6a6ed418572e97343866efcfe288,section.lying_over_going_up.0003,
formula.lying_over_going_up.0178,root.cring.lying_over_going_up,187,formula,inline-dollar,209,209,209,209,,,24f8a9c34f4e1e3b5e273f329b4e16ce97cadc10111e014a256e8f851d7c5f6d,24f8a9c34f4e1e3b5e273f329b4e16ce97cadc10111e014a256e8f851d7c5f6d,4c3a0eb8db62d4fb52fbddf1f5b958947f5720abdb9b573e6da2a0ae12512737,section.lying_over_going_up.0003,
formula.lying_over_going_up.0179,root.cring.lying_over_going_up,188,formula,inline-dollar,210,210,210,210,,,887f5ad96eaa574d2b88b1bae72794825f11988668a96b49434e7250852a362a,887f5ad96eaa574d2b88b1bae72794825f11988668a96b49434e7250852a362a,07f02878b159c870c53a9d9d28df47db3d5610b3fd97ff9e77cc3292822fb5cf,section.lying_over_going_up.0003,
formula.lying_over_going_up.0180,root.cring.lying_over_going_up,189,formula,inline-dollar,210,210,210,210,,,1075a6c56cbe3aab2a4fc6aa23edf4b798356b1cc557340b5b24424cc43b884f,1075a6c56cbe3aab2a4fc6aa23edf4b798356b1cc557340b5b24424cc43b884f,1075a6c56cbe3aab2a4fc6aa23edf4b798356b1cc557340b5b24424cc43b884f,section.lying_over_going_up.0003,
formula.lying_over_going_up.0181,root.cring.lying_over_going_up,190,formula,inline-dollar,211,211,211,211,,,3f398bfc3c6f801399890a8eb55f03a9e145d54ebd47e6421e47b535164ce5de,3f398bfc3c6f801399890a8eb55f03a9e145d54ebd47e6421e47b535164ce5de,f8dd2ab7577d572c5b3472cce57e699a18dae84955fd8f5494cdef7bc85abb4d,section.lying_over_going_up.0003,
formula.lying_over_going_up.0182,root.cring.lying_over_going_up,191,formula,inline-dollar,212,212,212,212,,,5104ca784f72b747e4d2b0facc6aff15206c881615440664f41b96409ef9c4c6,5104ca784f72b747e4d2b0facc6aff15206c881615440664f41b96409ef9c4c6,5104ca784f72b747e4d2b0facc6aff15206c881615440664f41b96409ef9c4c6,section.lying_over_going_up.0003,
theorem.lying_over_going_up.0005,root.cring.lying_over_going_up,192,theorem,proposition,214,224,214,224,Going up,Teorema naik,6c1d73f5fe7d2567af7ebc340ce9f42375399b43c9b9b8e953a1ef434ac03627,9380ac92e31e1f571d283aea9a499c3dfa16f39806149dfc1fc58d2a69732ecc,,section.lying_over_going_up.0003,
formula.lying_over_going_up.0183,root.cring.lying_over_going_up,193,formula,inline-dollar,215,215,215,215,,,1190516ba51fbead2a01096be2b59d64e505195e4443551bf74723a0ed0ade68,1190516ba51fbead2a01096be2b59d64e505195e4443551bf74723a0ed0ade68,cb88dc73d4f847a4f4325ca037c79b1ff3a4c52dbbace87865cd9439339fe8bf,section.lying_over_going_up.0003,
formula.lying_over_going_up.0184,root.cring.lying_over_going_up,194,formula,inline-dollar,216,217,216,217,,,9f88314766be02821e312f61f3693ed5a272b1033f44fff81574c512562f8b24,9f88314766be02821e312f61f3693ed5a272b1033f44fff81574c512562f8b24,0fae23d20211ab50889eb86f29ce1d3f5f2545830f76d2bf74179e1601f10a78,section.lying_over_going_up.0003,
formula.lying_over_going_up.0185,root.cring.lying_over_going_up,195,formula,inline-dollar,218,218,218,218,,,a28faf6143663643c867a9e6316c985e9cef6a6ed418572e97343866efcfe288,a28faf6143663643c867a9e6316c985e9cef6a6ed418572e97343866efcfe288,a28faf6143663643c867a9e6316c985e9cef6a6ed418572e97343866efcfe288,section.lying_over_going_up.0003,
formula.lying_over_going_up.0186,root.cring.lying_over_going_up,196,formula,inline-dollar,219,220,219,220,,,05dbfe70ff55795bceb17e5b0ac1c36d418c62239dee8544efcf221ef18300bd,05dbfe70ff55795bceb17e5b0ac1c36d418c62239dee8544efcf221ef18300bd,a47254cc6355dfbd5bbb585b4e902311b125dc2662a2277ad99a5027ddd9cad2,section.lying_over_going_up.0003,
formula.lying_over_going_up.0187,root.cring.lying_over_going_up,197,formula,inline-dollar,220,220,220,220,,,fad92003e184a39063c650e6ba931f00cf1f3ce9ed32bac79f755d06ca2f7de5,fad92003e184a39063c650e6ba931f00cf1f3ce9ed32bac79f755d06ca2f7de5,485b9b425e8c54d9918cd7f0470e7c6a19cc136e3eb85514250776ae78fe6635,section.lying_over_going_up.0003,
formula.lying_over_going_up.0188,root.cring.lying_over_going_up,198,formula,inline-dollar,222,222,222,222,,,4fac67f15a8e890b54533dc1e99c5fe58b69f291115165eb3a3976cc3774ad95,4fac67f15a8e890b54533dc1e99c5fe58b69f291115165eb3a3976cc3774ad95,4fac67f15a8e890b54533dc1e99c5fe58b69f291115165eb3a3976cc3774ad95,section.lying_over_going_up.0003,
formula.lying_over_going_up.0189,root.cring.lying_over_going_up,199,formula,inline-dollar,223,223,223,223,,,5ee774f13b853f2eb05957eca73de4f6c7fbb961e7986ba000125c8401d9ec1d,5ee774f13b853f2eb05957eca73de4f6c7fbb961e7986ba000125c8401d9ec1d,5ee774f13b853f2eb05957eca73de4f6c7fbb961e7986ba000125c8401d9ec1d,section.lying_over_going_up.0003,
formula.lying_over_going_up.0190,root.cring.lying_over_going_up,200,formula,inline-dollar,228,228,228,228,,,d888f5d498891114a67ea0f1565db55a72d8ad39781dc4e2ea39d3473b91b16c,d888f5d498891114a67ea0f1565db55a72d8ad39781dc4e2ea39d3473b91b16c,a709f0d308568c8150fe9586497554669e217f2686f93f2d2f576da4319749ba,section.lying_over_going_up.0003,
formula.lying_over_going_up.0191,root.cring.lying_over_going_up,201,formula,inline-dollar,228,229,228,229,,,3a7bb6c42d39bb9b979d179e2a294381375faf23e0d4997b0b372c7801535a67,3a7bb6c42d39bb9b979d179e2a294381375faf23e0d4997b0b372c7801535a67,622bbcdd1d46ce21f94cd41125130a26aa4ed31bf08a74c6d9d6c48b84418a9c,section.lying_over_going_up.0003,
formula.lying_over_going_up.0192,root.cring.lying_over_going_up,202,formula,inline-dollar,229,229,229,229,,,d7d931475cc634e2312f0d0eeec29eef9347d6907b7154f2c64adf7f7a740dbd,d7d931475cc634e2312f0d0eeec29eef9347d6907b7154f2c64adf7f7a740dbd,a624d13832560493e06c1b5fb95c07a274661fe7b05eb1e60edb78e376fdf25e,section.lying_over_going_up.0003,
formula.lying_over_going_up.0193,root.cring.lying_over_going_up,203,formula,inline-dollar,229,229,229,229,,,5ee774f13b853f2eb05957eca73de4f6c7fbb961e7986ba000125c8401d9ec1d,5ee774f13b853f2eb05957eca73de4f6c7fbb961e7986ba000125c8401d9ec1d,5ee774f13b853f2eb05957eca73de4f6c7fbb961e7986ba000125c8401d9ec1d,section.lying_over_going_up.0003,
formula.lying_over_going_up.0194,root.cring.lying_over_going_up,204,formula,inline-dollar,230,230,230,230,,,ac75f44cd37207c6c0ec39c45166fb12b9bf69e257c4d15cb973405316371800,ac75f44cd37207c6c0ec39c45166fb12b9bf69e257c4d15cb973405316371800,f50403d33663066544b19368f807ae413b20a60b239c4ed7d1944bc9371e1753,section.lying_over_going_up.0003,
formula.lying_over_going_up.0195,root.cring.lying_over_going_up,205,formula,inline-dollar,231,231,231,231,,,f04d4b7637514ccddc3e320d382e6866751d22f95f43e5d5f4c3d2f81fbc7a60,f04d4b7637514ccddc3e320d382e6866751d22f95f43e5d5f4c3d2f81fbc7a60,f04d4b7637514ccddc3e320d382e6866751d22f95f43e5d5f4c3d2f81fbc7a60,section.lying_over_going_up.0003,
formula.lying_over_going_up.0196,root.cring.lying_over_going_up,206,formula,inline-dollar,231,231,231,231,,,4fac67f15a8e890b54533dc1e99c5fe58b69f291115165eb3a3976cc3774ad95,4fac67f15a8e890b54533dc1e99c5fe58b69f291115165eb3a3976cc3774ad95,4fac67f15a8e890b54533dc1e99c5fe58b69f291115165eb3a3976cc3774ad95,section.lying_over_going_up.0003,
formula.lying_over_going_up.0197,root.cring.lying_over_going_up,207,formula,inline-dollar,234,234,234,234,,,b5cd550ba16e06f3e51baa87426d0c505026b6070fcf54ac74c3a2811f6dc8a2,b5cd550ba16e06f3e51baa87426d0c505026b6070fcf54ac74c3a2811f6dc8a2,5c1de46b6176063acdea361175ff4e4251dcbf577c6824b398b79dd19886f4ef,section.lying_over_going_up.0003,
formula.lying_over_going_up.0198,root.cring.lying_over_going_up,208,formula,inline-dollar,235,235,235,235,,,8cece1020abbd046499a1a50b92ee90bcac02a52e121e4d4f67b17ed51421c78,8cece1020abbd046499a1a50b92ee90bcac02a52e121e4d4f67b17ed51421c78,fed6d6554ae92ca84c6554e5f2f8aaa1f9fd6e0c6bdd589fbe1dd07827ed6662,section.lying_over_going_up.0003,
formula.lying_over_going_up.0199,root.cring.lying_over_going_up,209,formula,inline-dollar,235,235,235,235,,,9e920df8bc3cdb83f868da4397f75107065c43e83dcd0445eeaa6a7b1b55baa5,9e920df8bc3cdb83f868da4397f75107065c43e83dcd0445eeaa6a7b1b55baa5,9e920df8bc3cdb83f868da4397f75107065c43e83dcd0445eeaa6a7b1b55baa5,section.lying_over_going_up.0003,
formula.lying_over_going_up.0200,root.cring.lying_over_going_up,210,formula,inline-dollar,236,236,236,236,,,fad92003e184a39063c650e6ba931f00cf1f3ce9ed32bac79f755d06ca2f7de5,fad92003e184a39063c650e6ba931f00cf1f3ce9ed32bac79f755d06ca2f7de5,485b9b425e8c54d9918cd7f0470e7c6a19cc136e3eb85514250776ae78fe6635,section.lying_over_going_up.0003,
formula.lying_over_going_up.0201,root.cring.lying_over_going_up,211,formula,inline-dollar,236,236,236,236,,,8d0a4745334b61cf40cfc23de59f6a5fb1d877e0fcf27226bfc7df901e359f76,8d0a4745334b61cf40cfc23de59f6a5fb1d877e0fcf27226bfc7df901e359f76,8d0a4745334b61cf40cfc23de59f6a5fb1d877e0fcf27226bfc7df901e359f76,section.lying_over_going_up.0003,
section.nullstellensatz_normalization.0001,root.cring.nullstellensatz_normalization,1,section,section,1,1,1,1,The Hilbert Nullstellensatz,Nullstellensatz Hilbert,9edc0f959595a250ed6a0575844339230ef903f7745e179fdc261a052445d1f6,e1f0373fb53fced5053467ee2600ca8ce7e36992ecb10ef824672aa624cde71b,,,
formula.nullstellensatz_normalization.0001,root.cring.nullstellensatz_normalization,2,formula,inline-dollar,5,5,5,5,,,83aa5e38a90ee087658954bcc41b2a2f69d8daab35303b6b7deedebe78f9e3f0,83aa5e38a90ee087658954bcc41b2a2f69d8daab35303b6b7deedebe78f9e3f0,83aa5e38a90ee087658954bcc41b2a2f69d8daab35303b6b7deedebe78f9e3f0,section.nullstellensatz_normalization.0001,
section.nullstellensatz_normalization.0002,root.cring.nullstellensatz_normalization,3,section,subsection,7,7,7,7,Statement and initial proof of the Nullstellensatz,Pernyataan dan bukti awal Nullstellensatz,644e4707965f5640a7563c015b228f1e110980c91c33370097e2315b3f73f099,786d931fa231a990c777d3b1cb75c2dc095c46a964e624deafebd929b905be06,,section.nullstellensatz_normalization.0001,
theorem.nullstellensatz_normalization.0001,root.cring.nullstellensatz_normalization,4,theorem,theorem,12,17,12,17,,,eea29a8c34efb35d9553b13c90989002be290cccd07dd52fec0d68d552214672,b1358332910340a882d82b85f750cec9254f5b5f9879d447df9d0aeafb81f6b2,,section.nullstellensatz_normalization.0002,label.nullstellensatz_normalization.0001
formula.nullstellensatz_normalization.0002,root.cring.nullstellensatz_normalization,5,formula,inline-dollar,13,13,13,13,,,d9b0186b0f7492407b6ab7eb99f35996c799955ebfef4877a05bde2d6e375a8f,d9b0186b0f7492407b6ab7eb99f35996c799955ebfef4877a05bde2d6e375a8f,fb90cff5598258dd3227288230c153492eb8887ae766e324a62740ecf15ea104,section.nullstellensatz_normalization.0002,
formula.nullstellensatz_normalization.0003,root.cring.nullstellensatz_normalization,6,formula,inline-dollar,14,14,14,14,,,8e803a136b1ad5752cc2003aaf6e86c46467e35510a317a5fee35f007ba8cca2,8e803a136b1ad5752cc2003aaf6e86c46467e35510a317a5fee35f007ba8cca2,8e803a136b1ad5752cc2003aaf6e86c46467e35510a317a5fee35f007ba8cca2,section.nullstellensatz_normalization.0002,
formula.nullstellensatz_normalization.0004,root.cring.nullstellensatz_normalization,7,formula,inline-dollar,14,14,14,14,,,e8b925ca11f2f95a3d04bdc52d7ddcafb14b620d03782220856e69352e3eb27c,e8b925ca11f2f95a3d04bdc52d7ddcafb14b620d03782220856e69352e3eb27c,c5933118d3b6a5e5911b67ed209585dbcfa6651d9b54700543a62e63e24c277a,section.nullstellensatz_normalization.0002,
formula.nullstellensatz_normalization.0005,root.cring.nullstellensatz_normalization,8,formula,inline-dollar,15,15,15,15,,,a8fcf9758c4120ad919aa7144e54d632b0ff5c8e99cb9dad3b2eb706cf514ca9,a8fcf9758c4120ad919aa7144e54d632b0ff5c8e99cb9dad3b2eb706cf514ca9,cfa20a60b7a224809a1ccfe4ab863db895d73108af263db1463b876387f5c1a1,section.nullstellensatz_normalization.0002,
formula.nullstellensatz_normalization.0006,root.cring.nullstellensatz_normalization,9,formula,inline-dollar,16,16,16,16,,,a18ba2efc355f90b4818ab70df572181bd952fd00479524f92abf214c86da337,a18ba2efc355f90b4818ab70df572181bd952fd00479524f92abf214c86da337,3bd278f5421a538e331c57f6eb388814d57e21c725cf2c0540b6fbec08fcf5aa,section.nullstellensatz_normalization.0002,
formula.nullstellensatz_normalization.0007,root.cring.nullstellensatz_normalization,10,formula,inline-dollar,20,20,20,20,,,d9b0186b0f7492407b6ab7eb99f35996c799955ebfef4877a05bde2d6e375a8f,d9b0186b0f7492407b6ab7eb99f35996c799955ebfef4877a05bde2d6e375a8f,fb90cff5598258dd3227288230c153492eb8887ae766e324a62740ecf15ea104,section.nullstellensatz_normalization.0002,
formula.nullstellensatz_normalization.0008,root.cring.nullstellensatz_normalization,11,formula,inline-dollar,21,21,21,21,,,8e803a136b1ad5752cc2003aaf6e86c46467e35510a317a5fee35f007ba8cca2,8e803a136b1ad5752cc2003aaf6e86c46467e35510a317a5fee35f007ba8cca2,8e803a136b1ad5752cc2003aaf6e86c46467e35510a317a5fee35f007ba8cca2,section.nullstellensatz_normalization.0002,
formula.nullstellensatz_normalization.0009,root.cring.nullstellensatz_normalization,12,formula,inline-dollar,25,25,25,25,,,b18b473e05b4996f7b023e7c6e53dafaea14588e4140bf9a1f078e1e8dea6f4b,b18b473e05b4996f7b023e7c6e53dafaea14588e4140bf9a1f078e1e8dea6f4b,c5933118d3b6a5e5911b67ed209585dbcfa6651d9b54700543a62e63e24c277a,section.nullstellensatz_normalization.0002,
formula.nullstellensatz_normalization.0010,root.cring.nullstellensatz_normalization,13,formula,display-bracket,26,26,26,26,,,42c9ce8dbe8f78b18d22c084ce142bb42aab5ddaf0e5e58035ba794105bbbfbb,42c9ce8dbe8f78b18d22c084ce142bb42aab5ddaf0e5e58035ba794105bbbfbb,c87ee4325f40b53c95463d4b195c91bc3ce12a387030fbc3f81380bef4c338a2,section.nullstellensatz_normalization.0002,
formula.nullstellensatz_normalization.0011,root.cring.nullstellensatz_normalization,14,formula,inline-dollar,27,27,27,27,,,ce803c47cd6a611dce5ebdbc6abda57673a051f09a660b3b793ea3887d680158,ce803c47cd6a611dce5ebdbc6abda57673a051f09a660b3b793ea3887d680158,ce803c47cd6a611dce5ebdbc6abda57673a051f09a660b3b793ea3887d680158,section.nullstellensatz_normalization.0002,
formula.nullstellensatz_normalization.0012,root.cring.nullstellensatz_normalization,15,formula,inline-dollar,27,27,27,27,,,2ed35620160f9623ab674a55e60f3ff276bd97109c2ef6a2e5425a6d4e1b8bdc,2ed35620160f9623ab674a55e60f3ff276bd97109c2ef6a2e5425a6d4e1b8bdc,2ed35620160f9623ab674a55e60f3ff276bd97109c2ef6a2e5425a6d4e1b8bdc,section.nullstellensatz_normalization.0002,
formula.nullstellensatz_normalization.0013,root.cring.nullstellensatz_normalization,16,formula,inline-dollar,28,28,28,28,,,a28faf6143663643c867a9e6316c985e9cef6a6ed418572e97343866efcfe288,a28faf6143663643c867a9e6316c985e9cef6a6ed418572e97343866efcfe288,a28faf6143663643c867a9e6316c985e9cef6a6ed418572e97343866efcfe288,section.nullstellensatz_normalization.0002,
formula.nullstellensatz_normalization.0014,root.cring.nullstellensatz_normalization,17,formula,inline-dollar,28,28,28,28,,,ce803c47cd6a611dce5ebdbc6abda57673a051f09a660b3b793ea3887d680158,ce803c47cd6a611dce5ebdbc6abda57673a051f09a660b3b793ea3887d680158,ce803c47cd6a611dce5ebdbc6abda57673a051f09a660b3b793ea3887d680158,section.nullstellensatz_normalization.0002,
formula.nullstellensatz_normalization.0015,root.cring.nullstellensatz_normalization,18,formula,inline-dollar,30,30,30,30,,,ce803c47cd6a611dce5ebdbc6abda57673a051f09a660b3b793ea3887d680158,ce803c47cd6a611dce5ebdbc6abda57673a051f09a660b3b793ea3887d680158,ce803c47cd6a611dce5ebdbc6abda57673a051f09a660b3b793ea3887d680158,section.nullstellensatz_normalization.0002,
formula.nullstellensatz_normalization.0016,root.cring.nullstellensatz_normalization,19,formula,inline-dollar,31,31,31,31,,,2ed35620160f9623ab674a55e60f3ff276bd97109c2ef6a2e5425a6d4e1b8bdc,2ed35620160f9623ab674a55e60f3ff276bd97109c2ef6a2e5425a6d4e1b8bdc,2ed35620160f9623ab674a55e60f3ff276bd97109c2ef6a2e5425a6d4e1b8bdc,section.nullstellensatz_normalization.0002,
formula.nullstellensatz_normalization.0017,root.cring.nullstellensatz_normalization,20,formula,inline-dollar,32,32,32,32,,,ce803c47cd6a611dce5ebdbc6abda57673a051f09a660b3b793ea3887d680158,ce803c47cd6a611dce5ebdbc6abda57673a051f09a660b3b793ea3887d680158,ce803c47cd6a611dce5ebdbc6abda57673a051f09a660b3b793ea3887d680158,section.nullstellensatz_normalization.0002,
formula.nullstellensatz_normalization.0018,root.cring.nullstellensatz_normalization,21,formula,inline-dollar,32,32,32,32,,,2ed35620160f9623ab674a55e60f3ff276bd97109c2ef6a2e5425a6d4e1b8bdc,2ed35620160f9623ab674a55e60f3ff276bd97109c2ef6a2e5425a6d4e1b8bdc,2ed35620160f9623ab674a55e60f3ff276bd97109c2ef6a2e5425a6d4e1b8bdc,section.nullstellensatz_normalization.0002,
formula.nullstellensatz_normalization.0019,root.cring.nullstellensatz_normalization,22,formula,inline-dollar,33,33,33,33,,,2ed35620160f9623ab674a55e60f3ff276bd97109c2ef6a2e5425a6d4e1b8bdc,2ed35620160f9623ab674a55e60f3ff276bd97109c2ef6a2e5425a6d4e1b8bdc,2ed35620160f9623ab674a55e60f3ff276bd97109c2ef6a2e5425a6d4e1b8bdc,section.nullstellensatz_normalization.0002,
formula.nullstellensatz_normalization.0020,root.cring.nullstellensatz_normalization,23,formula,inline-dollar,34,34,34,34,,,e02109dc5d2217961b4df622bfbf627d3080a3a2a75f43d160fe781099ab9da2,e02109dc5d2217961b4df622bfbf627d3080a3a2a75f43d160fe781099ab9da2,b45ce4890098c994c2af56c3b8f1f0929e5467137e1c8002e9e0afc00ce218c7,section.nullstellensatz_normalization.0002,
formula.nullstellensatz_normalization.0021,root.cring.nullstellensatz_normalization,24,formula,inline-dollar,35,35,35,35,,,3adee89adf87f0079085d3b5af7ca2db82edd3fba7d2a5298d228c69b24ea91a,3adee89adf87f0079085d3b5af7ca2db82edd3fba7d2a5298d228c69b24ea91a,6177cf9d13f3653a91516df8814c6988b8ccdf512827e316db20e174f3645c19,section.nullstellensatz_normalization.0002,
formula.nullstellensatz_normalization.0022,root.cring.nullstellensatz_normalization,25,formula,inline-dollar,35,35,35,35,,,45a22d695314a9d11b580fe4877b78f2476d991d4d080c2ec902f1227295d6da,45a22d695314a9d11b580fe4877b78f2476d991d4d080c2ec902f1227295d6da,1956576ba2e8d7ed3157a608308adb637e2ba4b62a11ab1f4c8c9cb042cbc1d1,section.nullstellensatz_normalization.0002,
formula.nullstellensatz_normalization.0023,root.cring.nullstellensatz_normalization,26,formula,inline-dollar,36,36,36,36,,,8fc8808217e729553c76d09a5661f9163a95402a6ce202d5683caa904ac68609,8fc8808217e729553c76d09a5661f9163a95402a6ce202d5683caa904ac68609,2c816a889b8bfc4563c5cd36d6ff461dc165d5b66864a889502b44bd0a72398b,section.nullstellensatz_normalization.0002,
formula.nullstellensatz_normalization.0024,root.cring.nullstellensatz_normalization,27,formula,inline-dollar,36,37,36,37,,,ec9e0d2eb5c1ad4d032b3aaf0bcbc2fc5328a3115f901293adcf5cf836a2da78,ec9e0d2eb5c1ad4d032b3aaf0bcbc2fc5328a3115f901293adcf5cf836a2da78,42ac1a8a455ce3f90e3d9acc414f40d6d5f15b22bd825245337354f0e8ce9e96,section.nullstellensatz_normalization.0002,
formula.nullstellensatz_normalization.0025,root.cring.nullstellensatz_normalization,28,formula,inline-dollar,37,38,37,38,,,0b1249b8bebb5c7ffe8632dbba58108e5a4a6d22921151ebd00377ba74652ff6,0b1249b8bebb5c7ffe8632dbba58108e5a4a6d22921151ebd00377ba74652ff6,1c4b7c8f0beaa94bc62021c769579dc2b3372e45f5a8abee5084ec8b76de3476,section.nullstellensatz_normalization.0002,
formula.nullstellensatz_normalization.0026,root.cring.nullstellensatz_normalization,29,formula,inline-dollar,38,39,38,39,,,443061c0a3e16c625086af5cbcb1e9d9f02d015f23c18a8cd6a1c3139929b2e1,443061c0a3e16c625086af5cbcb1e9d9f02d015f23c18a8cd6a1c3139929b2e1,42b882ab7d2f8416b4bf247283bec9b58ad94e536ff17acd5d0c9e1ffcf06239,section.nullstellensatz_normalization.0002,
theorem.nullstellensatz_normalization.0002,root.cring.nullstellensatz_normalization,30,theorem,proposition,45,48,45,48,,,3101bb0e4a1779a38676df475ad7184a01f65275def098594626267b52dbc3be,8b9d5829afa8549d4263ea5c347ce34f3daa0bee18c8184439d400652ec46d5f,,section.nullstellensatz_normalization.0002,
formula.nullstellensatz_normalization.0027,root.cring.nullstellensatz_normalization,31,formula,inline-dollar,46,46,46,46,,,2725b2d0fc640cb2728a1834f8c41d47e601a7313494a3c35628268f485f3a5f,2725b2d0fc640cb2728a1834f8c41d47e601a7313494a3c35628268f485f3a5f,2725b2d0fc640cb2728a1834f8c41d47e601a7313494a3c35628268f485f3a5f,section.nullstellensatz_normalization.0002,
formula.nullstellensatz_normalization.0028,root.cring.nullstellensatz_normalization,32,formula,inline-dollar,46,46,46,46,,,a99893dd2cea5c1db2bbf2f8c468924107772e3cdbe8ec7934d49f1a5b9e5884,a99893dd2cea5c1db2bbf2f8c468924107772e3cdbe8ec7934d49f1a5b9e5884,a99893dd2cea5c1db2bbf2f8c468924107772e3cdbe8ec7934d49f1a5b9e5884,section.nullstellensatz_normalization.0002,
formula.nullstellensatz_normalization.0029,root.cring.nullstellensatz_normalization,33,formula,inline-dollar,46,46,46,46,,,41ff4a272b32b4a11adfab661d1b963604839c50b6f502ad55c84fdc5b1177ce,41ff4a272b32b4a11adfab661d1b963604839c50b6f502ad55c84fdc5b1177ce,41ff4a272b32b4a11adfab661d1b963604839c50b6f502ad55c84fdc5b1177ce,section.nullstellensatz_normalization.0002,
formula.nullstellensatz_normalization.0030,root.cring.nullstellensatz_normalization,34,formula,inline-dollar,47,47,46,46,,,2725b2d0fc640cb2728a1834f8c41d47e601a7313494a3c35628268f485f3a5f,2725b2d0fc640cb2728a1834f8c41d47e601a7313494a3c35628268f485f3a5f,2725b2d0fc640cb2728a1834f8c41d47e601a7313494a3c35628268f485f3a5f,section.nullstellensatz_normalization.0002,
formula.nullstellensatz_normalization.0031,root.cring.nullstellensatz_normalization,35,formula,inline-dollar,47,47,47,47,,,41ff4a272b32b4a11adfab661d1b963604839c50b6f502ad55c84fdc5b1177ce,41ff4a272b32b4a11adfab661d1b963604839c50b6f502ad55c84fdc5b1177ce,41ff4a272b32b4a11adfab661d1b963604839c50b6f502ad55c84fdc5b1177ce,section.nullstellensatz_normalization.0002,
formula.nullstellensatz_normalization.0032,root.cring.nullstellensatz_normalization,36,formula,inline-dollar,47,47,47,47,,,2725b2d0fc640cb2728a1834f8c41d47e601a7313494a3c35628268f485f3a5f,2725b2d0fc640cb2728a1834f8c41d47e601a7313494a3c35628268f485f3a5f,2725b2d0fc640cb2728a1834f8c41d47e601a7313494a3c35628268f485f3a5f,section.nullstellensatz_normalization.0002,
theorem.nullstellensatz_normalization.0003,root.cring.nullstellensatz_normalization,37,theorem,lemma,52,55,52,55,,,d622b4d2fd0d151facb06c4b6da50753e9deadf5807c95b41776068ca6054f1c,19b9c10972fe26fa686cce1a8766e85561dcf7df0628a9fd2c2ae7f391816630,,section.nullstellensatz_normalization.0002,
formula.nullstellensatz_normalization.0033,root.cring.nullstellensatz_normalization,38,formula,inline-dollar,53,53,53,53,,,2725b2d0fc640cb2728a1834f8c41d47e601a7313494a3c35628268f485f3a5f,2725b2d0fc640cb2728a1834f8c41d47e601a7313494a3c35628268f485f3a5f,2725b2d0fc640cb2728a1834f8c41d47e601a7313494a3c35628268f485f3a5f,section.nullstellensatz_normalization.0002,
formula.nullstellensatz_normalization.0034,root.cring.nullstellensatz_normalization,39,formula,inline-dollar,53,53,53,53,,,2ed35620160f9623ab674a55e60f3ff276bd97109c2ef6a2e5425a6d4e1b8bdc,2ed35620160f9623ab674a55e60f3ff276bd97109c2ef6a2e5425a6d4e1b8bdc,2ed35620160f9623ab674a55e60f3ff276bd97109c2ef6a2e5425a6d4e1b8bdc,section.nullstellensatz_normalization.0002,
formula.nullstellensatz_normalization.0035,root.cring.nullstellensatz_normalization,40,formula,inline-dollar,57,57,57,57,,,41ff4a272b32b4a11adfab661d1b963604839c50b6f502ad55c84fdc5b1177ce,41ff4a272b32b4a11adfab661d1b963604839c50b6f502ad55c84fdc5b1177ce,41ff4a272b32b4a11adfab661d1b963604839c50b6f502ad55c84fdc5b1177ce,section.nullstellensatz_normalization.0002,
formula.nullstellensatz_normalization.0036,root.cring.nullstellensatz_normalization,41,formula,inline-dollar,57,57,57,57,,,2725b2d0fc640cb2728a1834f8c41d47e601a7313494a3c35628268f485f3a5f,2725b2d0fc640cb2728a1834f8c41d47e601a7313494a3c35628268f485f3a5f,2725b2d0fc640cb2728a1834f8c41d47e601a7313494a3c35628268f485f3a5f,section.nullstellensatz_normalization.0002,
formula.nullstellensatz_normalization.0037,root.cring.nullstellensatz_normalization,42,formula,inline-dollar,57,57,57,57,,,a99893dd2cea5c1db2bbf2f8c468924107772e3cdbe8ec7934d49f1a5b9e5884,a99893dd2cea5c1db2bbf2f8c468924107772e3cdbe8ec7934d49f1a5b9e5884,a99893dd2cea5c1db2bbf2f8c468924107772e3cdbe8ec7934d49f1a5b9e5884,section.nullstellensatz_normalization.0002,
formula.nullstellensatz_normalization.0038,root.cring.nullstellensatz_normalization,43,formula,inline-dollar,59,59,59,59,,,4060e8c743c1b436df23afce4c82017b2a2f0670a083eaa2dd1d87f45eff46d1,4060e8c743c1b436df23afce4c82017b2a2f0670a083eaa2dd1d87f45eff46d1,b7215845f793e85543afbbfaad0a863ec62f5ec64c4820b66caa0739e237e78f,section.nullstellensatz_normalization.0002,
formula.nullstellensatz_normalization.0039,root.cring.nullstellensatz_normalization,44,formula,inline-dollar,59,59,59,59,,,2725b2d0fc640cb2728a1834f8c41d47e601a7313494a3c35628268f485f3a5f,2725b2d0fc640cb2728a1834f8c41d47e601a7313494a3c35628268f485f3a5f,2725b2d0fc640cb2728a1834f8c41d47e601a7313494a3c35628268f485f3a5f,section.nullstellensatz_normalization.0002,
formula.nullstellensatz_normalization.0040,root.cring.nullstellensatz_normalization,45,formula,inline-dollar,59,59,59,59,,,22bf003d6cac79e1d917cacdab9539c5d59468c02c22d29c08df00834ee4bbe6,22bf003d6cac79e1d917cacdab9539c5d59468c02c22d29c08df00834ee4bbe6,22bf003d6cac79e1d917cacdab9539c5d59468c02c22d29c08df00834ee4bbe6,section.nullstellensatz_normalization.0002,
formula.nullstellensatz_normalization.0041,root.cring.nullstellensatz_normalization,46,formula,inline-dollar,61,62,61,62,,,e593bd56c26d0847599a5d1b38fb3d9c995753c8a670a233db568029589a2afb,e593bd56c26d0847599a5d1b38fb3d9c995753c8a670a233db568029589a2afb,8d590deda0998d6543e37851a9d5af8e8ff63455392bb631f133d774fa916c3f,section.nullstellensatz_normalization.0002,
formula.nullstellensatz_normalization.0042,root.cring.nullstellensatz_normalization,47,formula,inline-dollar,63,63,63,63,,,68e2c657635f73c4dcb5d524f457fd7522045402f0f6ff9d2e28879de6c7e67b,68e2c657635f73c4dcb5d524f457fd7522045402f0f6ff9d2e28879de6c7e67b,68e2c657635f73c4dcb5d524f457fd7522045402f0f6ff9d2e28879de6c7e67b,section.nullstellensatz_normalization.0002,
formula.nullstellensatz_normalization.0043,root.cring.nullstellensatz_normalization,48,formula,inline-dollar,63,63,63,63,,,41ff4a272b32b4a11adfab661d1b963604839c50b6f502ad55c84fdc5b1177ce,41ff4a272b32b4a11adfab661d1b963604839c50b6f502ad55c84fdc5b1177ce,41ff4a272b32b4a11adfab661d1b963604839c50b6f502ad55c84fdc5b1177ce,section.nullstellensatz_normalization.0002,
formula.nullstellensatz_normalization.0044,root.cring.nullstellensatz_normalization,49,formula,inline-dollar,64,64,63,63,,,2725b2d0fc640cb2728a1834f8c41d47e601a7313494a3c35628268f485f3a5f,2725b2d0fc640cb2728a1834f8c41d47e601a7313494a3c35628268f485f3a5f,2725b2d0fc640cb2728a1834f8c41d47e601a7313494a3c35628268f485f3a5f,section.nullstellensatz_normalization.0002,
formula.nullstellensatz_normalization.0045,root.cring.nullstellensatz_normalization,50,formula,inline-dollar,64,64,64,64,,,2725b2d0fc640cb2728a1834f8c41d47e601a7313494a3c35628268f485f3a5f,2725b2d0fc640cb2728a1834f8c41d47e601a7313494a3c35628268f485f3a5f,2725b2d0fc640cb2728a1834f8c41d47e601a7313494a3c35628268f485f3a5f,section.nullstellensatz_normalization.0002,
formula.nullstellensatz_normalization.0046,root.cring.nullstellensatz_normalization,51,formula,inline-dollar,65,65,65,65,,,2725b2d0fc640cb2728a1834f8c41d47e601a7313494a3c35628268f485f3a5f,2725b2d0fc640cb2728a1834f8c41d47e601a7313494a3c35628268f485f3a5f,2725b2d0fc640cb2728a1834f8c41d47e601a7313494a3c35628268f485f3a5f,section.nullstellensatz_normalization.0002,
formula.nullstellensatz_normalization.0047,root.cring.nullstellensatz_normalization,52,formula,inline-dollar,65,65,65,65,,,41ff4a272b32b4a11adfab661d1b963604839c50b6f502ad55c84fdc5b1177ce,41ff4a272b32b4a11adfab661d1b963604839c50b6f502ad55c84fdc5b1177ce,41ff4a272b32b4a11adfab661d1b963604839c50b6f502ad55c84fdc5b1177ce,section.nullstellensatz_normalization.0002,
formula.nullstellensatz_normalization.0048,root.cring.nullstellensatz_normalization,53,formula,display-bracket,68,68,68,68,,,91ee866e3735ad5016624664ba25e8cb7af836943a63c837324866d5c8ae877a,91ee866e3735ad5016624664ba25e8cb7af836943a63c837324866d5c8ae877a,f9ab1eee20f5c53656553865644dc5e34b66b2454634e275bd29eb520acf3e7b,section.nullstellensatz_normalization.0002,
formula.nullstellensatz_normalization.0049,root.cring.nullstellensatz_normalization,54,formula,inline-dollar,69,69,69,69,,,a5f6a62e684fa9bbb20165eb05b0373d4933859e56cad979058c3b97e6c5748e,a5f6a62e684fa9bbb20165eb05b0373d4933859e56cad979058c3b97e6c5748e,a5f6a62e684fa9bbb20165eb05b0373d4933859e56cad979058c3b97e6c5748e,section.nullstellensatz_normalization.0002,
formula.nullstellensatz_normalization.0050,root.cring.nullstellensatz_normalization,55,formula,display-bracket,71,71,71,71,,,2727bd10c9c8ac441c79cb11605028f6aa240bed4ceb3aa69a062465611ccdad,2727bd10c9c8ac441c79cb11605028f6aa240bed4ceb3aa69a062465611ccdad,bd4a2950656f8aa2e3023089715055effa65de89a5f63e61bd8ee8b8743315fe,section.nullstellensatz_normalization.0002,
formula.nullstellensatz_normalization.0051,root.cring.nullstellensatz_normalization,56,formula,inline-dollar,72,72,72,72,,,e465b88d9ab94a6ad5dc835c1474e1096a1804bcd06e6cf38e3034c7d7d0f443,e465b88d9ab94a6ad5dc835c1474e1096a1804bcd06e6cf38e3034c7d7d0f443,bc8d36e2ef9b3e8430c1fa29e0d98af87ac9f0879a16b9b24abf35cd472356a1,section.nullstellensatz_normalization.0002,
formula.nullstellensatz_normalization.0052,root.cring.nullstellensatz_normalization,57,formula,inline-dollar,73,73,73,73,,,41ff4a272b32b4a11adfab661d1b963604839c50b6f502ad55c84fdc5b1177ce,41ff4a272b32b4a11adfab661d1b963604839c50b6f502ad55c84fdc5b1177ce,41ff4a272b32b4a11adfab661d1b963604839c50b6f502ad55c84fdc5b1177ce,section.nullstellensatz_normalization.0002,
formula.nullstellensatz_normalization.0053,root.cring.nullstellensatz_normalization,58,formula,inline-dollar,73,73,73,73,,,22bf003d6cac79e1d917cacdab9539c5d59468c02c22d29c08df00834ee4bbe6,22bf003d6cac79e1d917cacdab9539c5d59468c02c22d29c08df00834ee4bbe6,22bf003d6cac79e1d917cacdab9539c5d59468c02c22d29c08df00834ee4bbe6,section.nullstellensatz_normalization.0002,
formula.nullstellensatz_normalization.0054,root.cring.nullstellensatz_normalization,59,formula,inline-dollar,73,73,73,73,,,2725b2d0fc640cb2728a1834f8c41d47e601a7313494a3c35628268f485f3a5f,2725b2d0fc640cb2728a1834f8c41d47e601a7313494a3c35628268f485f3a5f,2725b2d0fc640cb2728a1834f8c41d47e601a7313494a3c35628268f485f3a5f,section.nullstellensatz_normalization.0002,
formula.nullstellensatz_normalization.0055,root.cring.nullstellensatz_normalization,60,formula,inline-dollar,76,76,76,76,,,e6e00c18e14e765939ba582fedc5104b641847d4badf992cb8144c72567388a4,e6e00c18e14e765939ba582fedc5104b641847d4badf992cb8144c72567388a4,28a8418f1519dfbe56eb2fb56947e5f51d8ce828b619b4451c894f6fdef8fd03,section.nullstellensatz_normalization.0002,
formula.nullstellensatz_normalization.0056,root.cring.nullstellensatz_normalization,61,formula,inline-dollar,76,76,76,76,,,2f30ec7ae26aa8164ce08249a6f69616058e75a1627c10f6ff32140df99e1b10,2f30ec7ae26aa8164ce08249a6f69616058e75a1627c10f6ff32140df99e1b10,4d31a36cef7c9c489eb98efd3dca30e70b43884e7216f072acee8cf4890d4c46,section.nullstellensatz_normalization.0002,
formula.nullstellensatz_normalization.0057,root.cring.nullstellensatz_normalization,62,formula,inline-dollar,78,78,78,78,,,22bf003d6cac79e1d917cacdab9539c5d59468c02c22d29c08df00834ee4bbe6,22bf003d6cac79e1d917cacdab9539c5d59468c02c22d29c08df00834ee4bbe6,22bf003d6cac79e1d917cacdab9539c5d59468c02c22d29c08df00834ee4bbe6,section.nullstellensatz_normalization.0002,
formula.nullstellensatz_normalization.0058,root.cring.nullstellensatz_normalization,63,formula,display-bracket,79,79,79,79,,,c2ac4d3191801910073e33518a590c6c9570186884065d616548fdc184a445b0,c2ac4d3191801910073e33518a590c6c9570186884065d616548fdc184a445b0,39acb37a886c64736f4d06f5c6626d55f3ea082f31c3f1513ed31028472a1389,section.nullstellensatz_normalization.0002,
formula.nullstellensatz_normalization.0059,root.cring.nullstellensatz_normalization,64,formula,inline-dollar,80,80,80,80,,,54ed025874a2dd317dfcb2073a4ee987a3e2f54508b1b433f3a4b5aca433e70a,54ed025874a2dd317dfcb2073a4ee987a3e2f54508b1b433f3a4b5aca433e70a,54ed025874a2dd317dfcb2073a4ee987a3e2f54508b1b433f3a4b5aca433e70a,section.nullstellensatz_normalization.0002,
formula.nullstellensatz_normalization.0060,root.cring.nullstellensatz_normalization,65,formula,inline-dollar,83,83,83,83,,,2ed35620160f9623ab674a55e60f3ff276bd97109c2ef6a2e5425a6d4e1b8bdc,2ed35620160f9623ab674a55e60f3ff276bd97109c2ef6a2e5425a6d4e1b8bdc,2ed35620160f9623ab674a55e60f3ff276bd97109c2ef6a2e5425a6d4e1b8bdc,section.nullstellensatz_normalization.0002,
section.nullstellensatz_normalization.0003,root.cring.nullstellensatz_normalization,66,section,subsection,87,87,87,87,The normalization lemma,Lema normalisasi,201d88699bfa6c3de6735803c1ce9d77a4573fddc71b03af1506cda0853c0ab0,e9163a9ddae47ff6158a36aaa94dad5e5d72d0a76453e2f31d8a4f80c7f7a7ba,,section.nullstellensatz_normalization.0001,
theorem.nullstellensatz_normalization.0004,root.cring.nullstellensatz_normalization,67,theorem,theorem,92,98,92,98,Noether normalization lemma,Lema normalisasi Noether,321eede5c9add011abed9a16af8aa66570d94d9db467d33a69f0a6f28eb24164,460f93cbc6c23a5bb94be59781fdf999a9fe13ee575070401a6222443329b241,,section.nullstellensatz_normalization.0003,
formula.nullstellensatz_normalization.0061,root.cring.nullstellensatz_normalization,68,formula,inline-dollar,92,92,92,92,,,2725b2d0fc640cb2728a1834f8c41d47e601a7313494a3c35628268f485f3a5f,2725b2d0fc640cb2728a1834f8c41d47e601a7313494a3c35628268f485f3a5f,2725b2d0fc640cb2728a1834f8c41d47e601a7313494a3c35628268f485f3a5f,section.nullstellensatz_normalization.0003,
formula.nullstellensatz_normalization.0062,root.cring.nullstellensatz_normalization,69,formula,inline-dollar,92,93,92,93,,,a29da8770d1b6ce6a9905e66052f458bad9e0e90cfe9840e98afc843bc862a4d,a29da8770d1b6ce6a9905e66052f458bad9e0e90cfe9840e98afc843bc862a4d,01a49581bd5aad5f026d554f4416a80025ca55df1eb50d55bee06e10d198a380,section.nullstellensatz_normalization.0003,
formula.nullstellensatz_normalization.0063,root.cring.nullstellensatz_normalization,70,formula,inline-dollar,93,93,93,93,,,2725b2d0fc640cb2728a1834f8c41d47e601a7313494a3c35628268f485f3a5f,2725b2d0fc640cb2728a1834f8c41d47e601a7313494a3c35628268f485f3a5f,2725b2d0fc640cb2728a1834f8c41d47e601a7313494a3c35628268f485f3a5f,section.nullstellensatz_normalization.0003,
formula.nullstellensatz_normalization.0064,root.cring.nullstellensatz_normalization,71,formula,inline-dollar,94,94,94,94,,,1075a6c56cbe3aab2a4fc6aa23edf4b798356b1cc557340b5b24424cc43b884f,1075a6c56cbe3aab2a4fc6aa23edf4b798356b1cc557340b5b24424cc43b884f,1075a6c56cbe3aab2a4fc6aa23edf4b798356b1cc557340b5b24424cc43b884f,section.nullstellensatz_normalization.0003,
formula.nullstellensatz_normalization.0065,root.cring.nullstellensatz_normalization,72,formula,inline-dollar,96,96,96,96,,,e31af900a1dffe1af58f8d0c339003c590f598a1554745a19fbb207073370418,e31af900a1dffe1af58f8d0c339003c590f598a1554745a19fbb207073370418,0dcfe818a1b14bf8175c77ba67c9540afc85245fd917b5c2902ed62a576bec83,section.nullstellensatz_normalization.0003,
formula.nullstellensatz_normalization.0066,root.cring.nullstellensatz_normalization,73,formula,inline-dollar,97,97,97,97,,,a28faf6143663643c867a9e6316c985e9cef6a6ed418572e97343866efcfe288,a28faf6143663643c867a9e6316c985e9cef6a6ed418572e97343866efcfe288,a28faf6143663643c867a9e6316c985e9cef6a6ed418572e97343866efcfe288,section.nullstellensatz_normalization.0003,
formula.nullstellensatz_normalization.0067,root.cring.nullstellensatz_normalization,74,formula,inline-dollar,97,97,97,97,,,48f0dad70250a9297b7a4b703ba305d2732467c1df07cce90120c85a4a05775b,48f0dad70250a9297b7a4b703ba305d2732467c1df07cce90120c85a4a05775b,65aa21f74f0adc92b2e591df90de0bfd18013b048c9441172cf6ef09f4a1b6f3,section.nullstellensatz_normalization.0003,
formula.nullstellensatz_normalization.0068,root.cring.nullstellensatz_normalization,75,formula,inline-dollar,100,100,100,100,,,cc09daba676fcefcfb20c1e9e42db1b746b5953e04532813493b40fb4841c60e,cc09daba676fcefcfb20c1e9e42db1b746b5953e04532813493b40fb4841c60e,cc09daba676fcefcfb20c1e9e42db1b746b5953e04532813493b40fb4841c60e,section.nullstellensatz_normalization.0003,
formula.nullstellensatz_normalization.0069,root.cring.nullstellensatz_normalization,76,formula,inline-dollar,100,100,100,100,,,a28faf6143663643c867a9e6316c985e9cef6a6ed418572e97343866efcfe288,a28faf6143663643c867a9e6316c985e9cef6a6ed418572e97343866efcfe288,a28faf6143663643c867a9e6316c985e9cef6a6ed418572e97343866efcfe288,section.nullstellensatz_normalization.0003,
formula.nullstellensatz_normalization.0070,root.cring.nullstellensatz_normalization,77,formula,inline-dollar,102,102,102,102,,,c637d883fd1fa3bab98996eda143c70a4b0ba2604e5295379dafa9c163ab907b,c637d883fd1fa3bab98996eda143c70a4b0ba2604e5295379dafa9c163ab907b,622bbcdd1d46ce21f94cd41125130a26aa4ed31bf08a74c6d9d6c48b84418a9c,section.nullstellensatz_normalization.0003,
formula.nullstellensatz_normalization.0071,root.cring.nullstellensatz_normalization,78,formula,inline-dollar,103,103,103,103,,,492f333e77bdf39960698bfd5e9d0a80393a70dc6cea4228e8fe38fcaaf950fd,492f333e77bdf39960698bfd5e9d0a80393a70dc6cea4228e8fe38fcaaf950fd,492f333e77bdf39960698bfd5e9d0a80393a70dc6cea4228e8fe38fcaaf950fd,section.nullstellensatz_normalization.0003,
formula.nullstellensatz_normalization.0072,root.cring.nullstellensatz_normalization,79,formula,inline-dollar,104,104,104,104,,,bb28a9b83048a0f36a72a56394914040f7f0171b49534f6138053bdd68916943,bb28a9b83048a0f36a72a56394914040f7f0171b49534f6138053bdd68916943,bb28a9b83048a0f36a72a56394914040f7f0171b49534f6138053bdd68916943,section.nullstellensatz_normalization.0003,
formula.nullstellensatz_normalization.0073,root.cring.nullstellensatz_normalization,80,formula,inline-dollar,104,104,104,104,,,eb0c24b2424754a34f9240cc15b42aff7bffbf208d4b5717d2ccc7c7517fc265,eb0c24b2424754a34f9240cc15b42aff7bffbf208d4b5717d2ccc7c7517fc265,fff08b71a8efb80242ce258cd435d1a113070e5fc27778aa57c0992655a7f928,section.nullstellensatz_normalization.0003,
formula.nullstellensatz_normalization.0074,root.cring.nullstellensatz_normalization,81,formula,inline-dollar,104,104,104,104,,,47d3e83fab8177964de28cad9b871773dfecbf8f68dc78ae78fe41c6360ee901,47d3e83fab8177964de28cad9b871773dfecbf8f68dc78ae78fe41c6360ee901,47d3e83fab8177964de28cad9b871773dfecbf8f68dc78ae78fe41c6360ee901,section.nullstellensatz_normalization.0003,
formula.nullstellensatz_normalization.0075,root.cring.nullstellensatz_normalization,82,formula,inline-dollar,105,105,105,105,,,f7585de88df0de78edc3ba331fb4511b7884a27badd8563f4ea26d1b9de5d03c,f7585de88df0de78edc3ba331fb4511b7884a27badd8563f4ea26d1b9de5d03c,6404dc928920f29fdea6f4827350c09f2a2e23ba73a6871994b21ddf1c1909c8,section.nullstellensatz_normalization.0003,
formula.nullstellensatz_normalization.0076,root.cring.nullstellensatz_normalization,83,formula,inline-dollar,111,111,111,111,,,96f3674d679255cecff88d93e45dd62b6ee69a9dbd64ce6eac0716ffd3b367ba,96f3674d679255cecff88d93e45dd62b6ee69a9dbd64ce6eac0716ffd3b367ba,cfb0c85c1bbdc2d455ed677ca7356cc13a9d3a2cad68ff60aee3d981819b5b76,section.nullstellensatz_normalization.0003,
formula.nullstellensatz_normalization.0077,root.cring.nullstellensatz_normalization,84,formula,inline-dollar,113,113,113,113,,,ea6649a9e145c333693e04f2dfe6435ea3f67511edf186c7d4e9dc63058f446e,ea6649a9e145c333693e04f2dfe6435ea3f67511edf186c7d4e9dc63058f446e,ea6649a9e145c333693e04f2dfe6435ea3f67511edf186c7d4e9dc63058f446e,section.nullstellensatz_normalization.0003,
formula.nullstellensatz_normalization.0078,root.cring.nullstellensatz_normalization,85,formula,inline-dollar,116,116,116,116,,,cc09daba676fcefcfb20c1e9e42db1b746b5953e04532813493b40fb4841c60e,cc09daba676fcefcfb20c1e9e42db1b746b5953e04532813493b40fb4841c60e,cc09daba676fcefcfb20c1e9e42db1b746b5953e04532813493b40fb4841c60e,section.nullstellensatz_normalization.0003,
formula.nullstellensatz_normalization.0079,root.cring.nullstellensatz_normalization,86,formula,inline-dollar,117,117,117,117,,,a28faf6143663643c867a9e6316c985e9cef6a6ed418572e97343866efcfe288,a28faf6143663643c867a9e6316c985e9cef6a6ed418572e97343866efcfe288,a28faf6143663643c867a9e6316c985e9cef6a6ed418572e97343866efcfe288,section.nullstellensatz_normalization.0003,
formula.nullstellensatz_normalization.0080,root.cring.nullstellensatz_normalization,87,formula,inline-dollar,117,117,117,117,,,2725b2d0fc640cb2728a1834f8c41d47e601a7313494a3c35628268f485f3a5f,2725b2d0fc640cb2728a1834f8c41d47e601a7313494a3c35628268f485f3a5f,2725b2d0fc640cb2728a1834f8c41d47e601a7313494a3c35628268f485f3a5f,section.nullstellensatz_normalization.0003,
formula.nullstellensatz_normalization.0081,root.cring.nullstellensatz_normalization,88,formula,inline-dollar,119,119,119,119,,,84dc7235075460b7c1968e18c2c10fac81ae43d77a8bd13bc3cd7a7618acff74,84dc7235075460b7c1968e18c2c10fac81ae43d77a8bd13bc3cd7a7618acff74,bc0582876efd07ec2ae23493e4e773c8774531e2a2770865a81e2697b003a5a5,section.nullstellensatz_normalization.0003,
formula.nullstellensatz_normalization.0082,root.cring.nullstellensatz_normalization,89,formula,inline-dollar,119,119,120,120,,,a28faf6143663643c867a9e6316c985e9cef6a6ed418572e97343866efcfe288,a28faf6143663643c867a9e6316c985e9cef6a6ed418572e97343866efcfe288,a28faf6143663643c867a9e6316c985e9cef6a6ed418572e97343866efcfe288,section.nullstellensatz_normalization.0003,
formula.nullstellensatz_normalization.0083,root.cring.nullstellensatz_normalization,90,formula,display-dollar,124,124,124,124,,,f9b6f0e41796b4fa8bc412d3e2d13a269af2c89003af4b1b7c78a0d5cc4ecc98,f9b6f0e41796b4fa8bc412d3e2d13a269af2c89003af4b1b7c78a0d5cc4ecc98,974ad92ac9a55dde023202a7fb5106fc8a799022fe979199bb73d4bb9deb9951,section.nullstellensatz_normalization.0003,
formula.nullstellensatz_normalization.0084,root.cring.nullstellensatz_normalization,91,formula,inline-dollar,124,124,124,124,,,a28faf6143663643c867a9e6316c985e9cef6a6ed418572e97343866efcfe288,a28faf6143663643c867a9e6316c985e9cef6a6ed418572e97343866efcfe288,a28faf6143663643c867a9e6316c985e9cef6a6ed418572e97343866efcfe288,section.nullstellensatz_normalization.0003,
formula.nullstellensatz_normalization.0085,root.cring.nullstellensatz_normalization,92,formula,inline-dollar,125,125,125,125,,,29b6158a598f0841de5c9c37e8fabf4a88318af68313e36e67c24c7e01080310,29b6158a598f0841de5c9c37e8fabf4a88318af68313e36e67c24c7e01080310,4eba53ba8b00d4c23abb896d51971f39749064046d56011fc4e9a9ff61dffebb,section.nullstellensatz_normalization.0003,
formula.nullstellensatz_normalization.0086,root.cring.nullstellensatz_normalization,93,formula,inline-dollar,130,130,130,130,,,a28faf6143663643c867a9e6316c985e9cef6a6ed418572e97343866efcfe288,a28faf6143663643c867a9e6316c985e9cef6a6ed418572e97343866efcfe288,a28faf6143663643c867a9e6316c985e9cef6a6ed418572e97343866efcfe288,section.nullstellensatz_normalization.0003,
formula.nullstellensatz_normalization.0087,root.cring.nullstellensatz_normalization,94,formula,inline-dollar,130,130,130,130,,,29b6158a598f0841de5c9c37e8fabf4a88318af68313e36e67c24c7e01080310,29b6158a598f0841de5c9c37e8fabf4a88318af68313e36e67c24c7e01080310,4eba53ba8b00d4c23abb896d51971f39749064046d56011fc4e9a9ff61dffebb,section.nullstellensatz_normalization.0003,
formula.nullstellensatz_normalization.0088,root.cring.nullstellensatz_normalization,95,formula,inline-dollar,132,132,132,132,,,d568805d9d234b0e0a7d4c6105dcc812544f09d2145d4c291732fc732fa79b1e,d568805d9d234b0e0a7d4c6105dcc812544f09d2145d4c291732fc732fa79b1e,d568805d9d234b0e0a7d4c6105dcc812544f09d2145d4c291732fc732fa79b1e,section.nullstellensatz_normalization.0003,
formula.nullstellensatz_normalization.0089,root.cring.nullstellensatz_normalization,96,formula,display-bracket,133,133,133,133,,,ac489a97705a7580704432837b1615f8364706dcf746c960bbdbd052c8d537a7,ac489a97705a7580704432837b1615f8364706dcf746c960bbdbd052c8d537a7,6c625a11ecf6b7386bdf359ef72513284a86d8418e2671f552ec1db12efb1df7,section.nullstellensatz_normalization.0003,
formula.nullstellensatz_normalization.0090,root.cring.nullstellensatz_normalization,97,formula,inline-dollar,134,134,134,134,,,ed8bd9611d6a011f6c88848a5c7df96221f17694db98ad4f384e46c5840cf0f1,ed8bd9611d6a011f6c88848a5c7df96221f17694db98ad4f384e46c5840cf0f1,ed8bd9611d6a011f6c88848a5c7df96221f17694db98ad4f384e46c5840cf0f1,section.nullstellensatz_normalization.0003,
formula.nullstellensatz_normalization.0091,root.cring.nullstellensatz_normalization,98,formula,inline-dollar,135,135,135,135,,,3b9a28bfd19f9d33624600d1b7d72d1c90a5d8d505ad327ce449ca2e933e5fa5,3b9a28bfd19f9d33624600d1b7d72d1c90a5d8d505ad327ce449ca2e933e5fa5,920f01e63b3b8485c02c45915ab236bb6db88433c93fd2d326d29ca8eb37c7ba,section.nullstellensatz_normalization.0003,
formula.nullstellensatz_normalization.0092,root.cring.nullstellensatz_normalization,99,formula,inline-dollar,137,137,137,137,,,b20bffe0e63b122310b52301abcb90bf1efe431d4f188633a0268af511954cfd,b20bffe0e63b122310b52301abcb90bf1efe431d4f188633a0268af511954cfd,b20bffe0e63b122310b52301abcb90bf1efe431d4f188633a0268af511954cfd,section.nullstellensatz_normalization.0003,
formula.nullstellensatz_normalization.0093,root.cring.nullstellensatz_normalization,100,formula,inline-dollar,137,137,137,137,,,ed8bd9611d6a011f6c88848a5c7df96221f17694db98ad4f384e46c5840cf0f1,ed8bd9611d6a011f6c88848a5c7df96221f17694db98ad4f384e46c5840cf0f1,ed8bd9611d6a011f6c88848a5c7df96221f17694db98ad4f384e46c5840cf0f1,section.nullstellensatz_normalization.0003,
formula.nullstellensatz_normalization.0094,root.cring.nullstellensatz_normalization,101,formula,inline-dollar,139,139,139,139,,,10fd1741ce558152220e970d13ca1b144e4ba63e112d66ab8aefd107b4c9ea40,10fd1741ce558152220e970d13ca1b144e4ba63e112d66ab8aefd107b4c9ea40,6b04a48bf718b1c457e48bca21ec34e08b7a5e2d3a339275425dd90af04506ca,section.nullstellensatz_normalization.0003,
formula.nullstellensatz_normalization.0095,root.cring.nullstellensatz_normalization,102,formula,inline-dollar,139,139,139,139,,,52938b0b55d264b183fe7b27a0897dc7084865bddc9558742429a85c9103a63f,52938b0b55d264b183fe7b27a0897dc7084865bddc9558742429a85c9103a63f,a86dcdfb8392a2d13e1956897b00d2d3194a4a13b8fc3a060d0e8af34f12aa87,section.nullstellensatz_normalization.0003,
formula.nullstellensatz_normalization.0096,root.cring.nullstellensatz_normalization,103,formula,display-bracket,140,140,140,140,,,f1ab3e25391075d4437094d245c2c909b242312b2fb450dbe016a02b25e6b3a7,f1ab3e25391075d4437094d245c2c909b242312b2fb450dbe016a02b25e6b3a7,bd10c5459878d2dc86e20cbd4a1fd5cc464d36a0706445cca8b0f39cf95c47c4,section.nullstellensatz_normalization.0003,
formula.nullstellensatz_normalization.0097,root.cring.nullstellensatz_normalization,104,formula,display-bracket,142,142,142,142,,,c839a10ae1749a479da09660dafe7625720946d9a5762a70c915b64dc46bd24f,c839a10ae1749a479da09660dafe7625720946d9a5762a70c915b64dc46bd24f,e5dbbd52d65dc4ad4bdc2c986f6de9a552989def95e4c1178d559efaab850b77,section.nullstellensatz_normalization.0003,
formula.nullstellensatz_normalization.0098,root.cring.nullstellensatz_normalization,105,formula,inline-dollar,143,143,143,143,,,75036f06c874a58e05b8689a4b5bddc676f5a26e76baa14a5e00bf99091c06ba,75036f06c874a58e05b8689a4b5bddc676f5a26e76baa14a5e00bf99091c06ba,a843a74b0a8a98f9b918c21eb2230dbdc8095a8a85bd36be37e4c6e9f38724f1,section.nullstellensatz_normalization.0003,
formula.nullstellensatz_normalization.0099,root.cring.nullstellensatz_normalization,106,formula,display-bracket,144,145,144,145,,,83439149cce652ba4b7296dd190770b0ea7729b24b4cb3cf2887e90760d02a0a,83439149cce652ba4b7296dd190770b0ea7729b24b4cb3cf2887e90760d02a0a,29a9e72835de571832e429124ce35693290b47349c9c1774f2c9f4272777fcd0,section.nullstellensatz_normalization.0003,
formula.nullstellensatz_normalization.0100,root.cring.nullstellensatz_normalization,107,formula,inline-dollar,146,146,146,146,,,bd228e284d802c4f6a57811c2a795c77bb5c8baa067dd8eee2a67366df6df63e,bd228e284d802c4f6a57811c2a795c77bb5c8baa067dd8eee2a67366df6df63e,bd228e284d802c4f6a57811c2a795c77bb5c8baa067dd8eee2a67366df6df63e,section.nullstellensatz_normalization.0003,
formula.nullstellensatz_normalization.0101,root.cring.nullstellensatz_normalization,108,formula,inline-dollar,146,146,146,146,,,e8e80f29a1edbce85d2a93ac5a7fb2ae376af96cf1ae5184a069302213ac91c6,e8e80f29a1edbce85d2a93ac5a7fb2ae376af96cf1ae5184a069302213ac91c6,e8e80f29a1edbce85d2a93ac5a7fb2ae376af96cf1ae5184a069302213ac91c6,section.nullstellensatz_normalization.0003,
formula.nullstellensatz_normalization.0102,root.cring.nullstellensatz_normalization,109,formula,inline-dollar,147,147,147,147,,,ed8bd9611d6a011f6c88848a5c7df96221f17694db98ad4f384e46c5840cf0f1,ed8bd9611d6a011f6c88848a5c7df96221f17694db98ad4f384e46c5840cf0f1,ed8bd9611d6a011f6c88848a5c7df96221f17694db98ad4f384e46c5840cf0f1,section.nullstellensatz_normalization.0003,
formula.nullstellensatz_normalization.0103,root.cring.nullstellensatz_normalization,110,formula,display-bracket,149,150,149,150,,,9da34bf20e110043fa6e49272925e8f7c81919128ae6f6dc9b27f5c58dddad91,9da34bf20e110043fa6e49272925e8f7c81919128ae6f6dc9b27f5c58dddad91,1fde081a041c1c15ffa63fce4043c4473676e70535be9c376d02dabc561cd705,section.nullstellensatz_normalization.0003,
formula.nullstellensatz_normalization.0104,root.cring.nullstellensatz_normalization,111,formula,inline-dollar,151,151,151,151,,,ed8bd9611d6a011f6c88848a5c7df96221f17694db98ad4f384e46c5840cf0f1,ed8bd9611d6a011f6c88848a5c7df96221f17694db98ad4f384e46c5840cf0f1,ed8bd9611d6a011f6c88848a5c7df96221f17694db98ad4f384e46c5840cf0f1,section.nullstellensatz_normalization.0003,
formula.nullstellensatz_normalization.0105,root.cring.nullstellensatz_normalization,112,formula,inline-dollar,151,151,151,151,,,b20bffe0e63b122310b52301abcb90bf1efe431d4f188633a0268af511954cfd,b20bffe0e63b122310b52301abcb90bf1efe431d4f188633a0268af511954cfd,b20bffe0e63b122310b52301abcb90bf1efe431d4f188633a0268af511954cfd,section.nullstellensatz_normalization.0003,
formula.nullstellensatz_normalization.0106,root.cring.nullstellensatz_normalization,113,formula,inline-dollar,152,152,152,152,,,6eec0364cd471fe64e91cea62f9620681896440e88c5683f917593d7b8e10f0f,6eec0364cd471fe64e91cea62f9620681896440e88c5683f917593d7b8e10f0f,6eec0364cd471fe64e91cea62f9620681896440e88c5683f917593d7b8e10f0f,section.nullstellensatz_normalization.0003,
formula.nullstellensatz_normalization.0107,root.cring.nullstellensatz_normalization,114,formula,inline-dollar,153,153,153,153,,,e5525681dca5445785a7156bbaa658815180c1c6fa59b981dc7e5659f7b8f7fa,e5525681dca5445785a7156bbaa658815180c1c6fa59b981dc7e5659f7b8f7fa,bc72d857aade600777d6fdab98ca707f7b1362c8d3b2ca62d6e13e63a0c2dd96,section.nullstellensatz_normalization.0003,
formula.nullstellensatz_normalization.0108,root.cring.nullstellensatz_normalization,115,formula,display-bracket,154,154,154,154,,,46e96664ade0a211d82657fbfaa2ec5290dba4490032f5697777edb06c624be3,46e96664ade0a211d82657fbfaa2ec5290dba4490032f5697777edb06c624be3,10bc731161d886528b155714cc4d0162199ea1323fe4488001f24142aba680f8,section.nullstellensatz_normalization.0003,
formula.nullstellensatz_normalization.0109,root.cring.nullstellensatz_normalization,116,formula,inline-dollar,155,155,156,156,,,ed8bd9611d6a011f6c88848a5c7df96221f17694db98ad4f384e46c5840cf0f1,ed8bd9611d6a011f6c88848a5c7df96221f17694db98ad4f384e46c5840cf0f1,ed8bd9611d6a011f6c88848a5c7df96221f17694db98ad4f384e46c5840cf0f1,section.nullstellensatz_normalization.0003,
formula.nullstellensatz_normalization.0110,root.cring.nullstellensatz_normalization,117,formula,inline-parenthesis,156,156,156,156,,,51a91a2d0c04756d9d870664f2a3009459ade03a658a4409697b65c14911f2a4,51a91a2d0c04756d9d870664f2a3009459ade03a658a4409697b65c14911f2a4,0f4ccfaaa580d468cc1dbb3ed194bf084ef273ac4581d28bf60d8e53ef9123a7,section.nullstellensatz_normalization.0003,
formula.nullstellensatz_normalization.0111,root.cring.nullstellensatz_normalization,118,formula,inline-dollar,156,156,156,156,,,bd228e284d802c4f6a57811c2a795c77bb5c8baa067dd8eee2a67366df6df63e,bd228e284d802c4f6a57811c2a795c77bb5c8baa067dd8eee2a67366df6df63e,bd228e284d802c4f6a57811c2a795c77bb5c8baa067dd8eee2a67366df6df63e,section.nullstellensatz_normalization.0003,
formula.nullstellensatz_normalization.0112,root.cring.nullstellensatz_normalization,119,formula,inline-dollar,158,158,158,158,,,ed8bd9611d6a011f6c88848a5c7df96221f17694db98ad4f384e46c5840cf0f1,ed8bd9611d6a011f6c88848a5c7df96221f17694db98ad4f384e46c5840cf0f1,ed8bd9611d6a011f6c88848a5c7df96221f17694db98ad4f384e46c5840cf0f1,section.nullstellensatz_normalization.0003,
formula.nullstellensatz_normalization.0113,root.cring.nullstellensatz_normalization,120,formula,inline-dollar,159,159,159,159,,,b20bffe0e63b122310b52301abcb90bf1efe431d4f188633a0268af511954cfd,b20bffe0e63b122310b52301abcb90bf1efe431d4f188633a0268af511954cfd,b20bffe0e63b122310b52301abcb90bf1efe431d4f188633a0268af511954cfd,section.nullstellensatz_normalization.0003,
formula.nullstellensatz_normalization.0114,root.cring.nullstellensatz_normalization,121,formula,inline-dollar,159,159,159,159,,,ed8bd9611d6a011f6c88848a5c7df96221f17694db98ad4f384e46c5840cf0f1,ed8bd9611d6a011f6c88848a5c7df96221f17694db98ad4f384e46c5840cf0f1,ed8bd9611d6a011f6c88848a5c7df96221f17694db98ad4f384e46c5840cf0f1,section.nullstellensatz_normalization.0003,
formula.nullstellensatz_normalization.0115,root.cring.nullstellensatz_normalization,122,formula,inline-dollar,159,159,159,159,,,a9e94c3a98807508dfd09f83b7cabafceed62f65431ff0bd161e7f2c160946e8,a9e94c3a98807508dfd09f83b7cabafceed62f65431ff0bd161e7f2c160946e8,bb14c18d8aa4649599f8e768daf037576487713cd28dbce5cea3e83b17401dbf,section.nullstellensatz_normalization.0003,
formula.nullstellensatz_normalization.0116,root.cring.nullstellensatz_normalization,123,formula,inline-dollar,160,160,160,160,,,2c816a889b8bfc4563c5cd36d6ff461dc165d5b66864a889502b44bd0a72398b,2c816a889b8bfc4563c5cd36d6ff461dc165d5b66864a889502b44bd0a72398b,2c816a889b8bfc4563c5cd36d6ff461dc165d5b66864a889502b44bd0a72398b,section.nullstellensatz_normalization.0003,
formula.nullstellensatz_normalization.0117,root.cring.nullstellensatz_normalization,124,formula,inline-dollar,164,164,164,164,,,a28faf6143663643c867a9e6316c985e9cef6a6ed418572e97343866efcfe288,a28faf6143663643c867a9e6316c985e9cef6a6ed418572e97343866efcfe288,a28faf6143663643c867a9e6316c985e9cef6a6ed418572e97343866efcfe288,section.nullstellensatz_normalization.0003,
formula.nullstellensatz_normalization.0118,root.cring.nullstellensatz_normalization,125,formula,inline-dollar,164,164,164,164,,,10a783a8073eead6160443a278c4a58415ffcf5567a453a982a53c3a070a26cd,10a783a8073eead6160443a278c4a58415ffcf5567a453a982a53c3a070a26cd,508603e198cea23f15df2c54f3b5570fe59ad12e90c94a15174f35839fcf312b,section.nullstellensatz_normalization.0003,
formula.nullstellensatz_normalization.0119,root.cring.nullstellensatz_normalization,126,formula,display-bracket,170,170,170,170,,,e44d5c4a2e6fe553e7faacda07694fa0c6d3330b92f7cba804d3370718aad496,e44d5c4a2e6fe553e7faacda07694fa0c6d3330b92f7cba804d3370718aad496,65756e2a72cbbce0025d479310983fef143104417ed559cfaf6bffb0796c7ffc,section.nullstellensatz_normalization.0003,
formula.nullstellensatz_normalization.0120,root.cring.nullstellensatz_normalization,127,formula,inline-dollar,171,171,171,171,,,5104ca784f72b747e4d2b0facc6aff15206c881615440664f41b96409ef9c4c6,5104ca784f72b747e4d2b0facc6aff15206c881615440664f41b96409ef9c4c6,5104ca784f72b747e4d2b0facc6aff15206c881615440664f41b96409ef9c4c6,section.nullstellensatz_normalization.0003,
formula.nullstellensatz_normalization.0121,root.cring.nullstellensatz_normalization,128,formula,inline-dollar,171,171,171,171,,,a28faf6143663643c867a9e6316c985e9cef6a6ed418572e97343866efcfe288,a28faf6143663643c867a9e6316c985e9cef6a6ed418572e97343866efcfe288,a28faf6143663643c867a9e6316c985e9cef6a6ed418572e97343866efcfe288,section.nullstellensatz_normalization.0003,
formula.nullstellensatz_normalization.0122,root.cring.nullstellensatz_normalization,129,formula,inline-dollar,171,171,171,171,,,84b149aebc9a444e3062bdec435487a2b91e0981cd5fdde0718f7083e74ac37b,84b149aebc9a444e3062bdec435487a2b91e0981cd5fdde0718f7083e74ac37b,936dbe9d99dbbda5c5c28b22fc0c4a6015f47bbf2cb2a7655bc0378f7b9183ef,section.nullstellensatz_normalization.0003,
formula.nullstellensatz_normalization.0123,root.cring.nullstellensatz_normalization,130,formula,inline-dollar,172,172,172,172,,,caee71f064e4f428ba4bc1542e8beff04b3bdd3f71703c490a4722f2fe9c082e,caee71f064e4f428ba4bc1542e8beff04b3bdd3f71703c490a4722f2fe9c082e,7825a38c0e154903345bfb8c32d4b946e1bcdce3e6aeacaa3a01e1687c7af987,section.nullstellensatz_normalization.0003,
formula.nullstellensatz_normalization.0124,root.cring.nullstellensatz_normalization,131,formula,inline-dollar,173,173,173,173,,,5104ca784f72b747e4d2b0facc6aff15206c881615440664f41b96409ef9c4c6,5104ca784f72b747e4d2b0facc6aff15206c881615440664f41b96409ef9c4c6,5104ca784f72b747e4d2b0facc6aff15206c881615440664f41b96409ef9c4c6,section.nullstellensatz_normalization.0003,
formula.nullstellensatz_normalization.0125,root.cring.nullstellensatz_normalization,132,formula,inline-dollar,173,173,173,173,,,10a783a8073eead6160443a278c4a58415ffcf5567a453a982a53c3a070a26cd,10a783a8073eead6160443a278c4a58415ffcf5567a453a982a53c3a070a26cd,508603e198cea23f15df2c54f3b5570fe59ad12e90c94a15174f35839fcf312b,section.nullstellensatz_normalization.0003,
formula.nullstellensatz_normalization.0126,root.cring.nullstellensatz_normalization,133,formula,inline-dollar,173,173,173,173,,,e8e80f29a1edbce85d2a93ac5a7fb2ae376af96cf1ae5184a069302213ac91c6,e8e80f29a1edbce85d2a93ac5a7fb2ae376af96cf1ae5184a069302213ac91c6,e8e80f29a1edbce85d2a93ac5a7fb2ae376af96cf1ae5184a069302213ac91c6,section.nullstellensatz_normalization.0003,
formula.nullstellensatz_normalization.0127,root.cring.nullstellensatz_normalization,134,formula,inline-dollar,175,175,175,175,,,afbd11e529850db7c250ad2a69b1df1898c4c90aa017e900286564cd3d0b55d6,afbd11e529850db7c250ad2a69b1df1898c4c90aa017e900286564cd3d0b55d6,886459ea72b44f5ef7ad6faa2acf0c0895c220d964cd1e0bd40497706040fd21,section.nullstellensatz_normalization.0003,
formula.nullstellensatz_normalization.0128,root.cring.nullstellensatz_normalization,135,formula,inline-dollar,177,177,177,177,,,eae1c606c1a801ea229f2c38105f25f306390bd211651a9ae5987ede0e6a7432,eae1c606c1a801ea229f2c38105f25f306390bd211651a9ae5987ede0e6a7432,eae1c606c1a801ea229f2c38105f25f306390bd211651a9ae5987ede0e6a7432,section.nullstellensatz_normalization.0003,
formula.nullstellensatz_normalization.0129,root.cring.nullstellensatz_normalization,136,formula,inline-dollar,177,178,177,178,,,031b328dd462798675996b7b9367c38d8ea6207e67612e04f17e84cf0388b59a,031b328dd462798675996b7b9367c38d8ea6207e67612e04f17e84cf0388b59a,ec09d1bd892d1296820881c3f1c1f48e14736189a0dd9b9b8f19f74aea0bac03,section.nullstellensatz_normalization.0003,
formula.nullstellensatz_normalization.0130,root.cring.nullstellensatz_normalization,137,formula,inline-dollar,178,178,178,178,,,eae1c606c1a801ea229f2c38105f25f306390bd211651a9ae5987ede0e6a7432,eae1c606c1a801ea229f2c38105f25f306390bd211651a9ae5987ede0e6a7432,eae1c606c1a801ea229f2c38105f25f306390bd211651a9ae5987ede0e6a7432,section.nullstellensatz_normalization.0003,
formula.nullstellensatz_normalization.0131,root.cring.nullstellensatz_normalization,138,formula,inline-dollar,179,179,179,179,,,a28faf6143663643c867a9e6316c985e9cef6a6ed418572e97343866efcfe288,a28faf6143663643c867a9e6316c985e9cef6a6ed418572e97343866efcfe288,a28faf6143663643c867a9e6316c985e9cef6a6ed418572e97343866efcfe288,section.nullstellensatz_normalization.0003,
formula.nullstellensatz_normalization.0132,root.cring.nullstellensatz_normalization,139,formula,inline-dollar,180,180,180,180,,,74ca4082265e8712637bf1ede595176a52f8334d9e398e37d27745330d1f319a,74ca4082265e8712637bf1ede595176a52f8334d9e398e37d27745330d1f319a,804235e122765ac597756fdc43f6c430356f264843bf227dfd69b7b680e63d08,section.nullstellensatz_normalization.0003,
formula.nullstellensatz_normalization.0133,root.cring.nullstellensatz_normalization,140,formula,inline-dollar,181,181,181,181,,,03b3126dc60a71517e9fb38f907ac21d7aaafea26e06ec7824960493ee061bcc,03b3126dc60a71517e9fb38f907ac21d7aaafea26e06ec7824960493ee061bcc,03b3126dc60a71517e9fb38f907ac21d7aaafea26e06ec7824960493ee061bcc,section.nullstellensatz_normalization.0003,
formula.nullstellensatz_normalization.0134,root.cring.nullstellensatz_normalization,141,formula,inline-dollar,181,181,181,181,,,fe77dc506ada7530b3fbcb73a4ad503bc8da0906fa7df491034347bd81d4e274,fe77dc506ada7530b3fbcb73a4ad503bc8da0906fa7df491034347bd81d4e274,e288198b5277207036338e761c027df59909e5eb5e9e2cb2a0a03ecddfa49ce2,section.nullstellensatz_normalization.0003,
formula.nullstellensatz_normalization.0135,root.cring.nullstellensatz_normalization,142,formula,inline-dollar,182,182,182,182,,,043e1d77e476aa6130bccd174afd71dcbe9d10108f737f040e94399c74ecf797,043e1d77e476aa6130bccd174afd71dcbe9d10108f737f040e94399c74ecf797,dce57190c1c9b8243022676477d3a7b3073d66353681c942a21dde1d92198738,section.nullstellensatz_normalization.0003,
formula.nullstellensatz_normalization.0136,root.cring.nullstellensatz_normalization,143,formula,inline-dollar,184,184,184,184,,,0b180f2d81004adafc206dace472a27e1a0f5c966281a9585f4fb9151811f59c,0b180f2d81004adafc206dace472a27e1a0f5c966281a9585f4fb9151811f59c,0b180f2d81004adafc206dace472a27e1a0f5c966281a9585f4fb9151811f59c,section.nullstellensatz_normalization.0003,
formula.nullstellensatz_normalization.0137,root.cring.nullstellensatz_normalization,144,formula,inline-dollar,187,187,187,187,,,a28faf6143663643c867a9e6316c985e9cef6a6ed418572e97343866efcfe288,a28faf6143663643c867a9e6316c985e9cef6a6ed418572e97343866efcfe288,a28faf6143663643c867a9e6316c985e9cef6a6ed418572e97343866efcfe288,section.nullstellensatz_normalization.0003,
formula.nullstellensatz_normalization.0138,root.cring.nullstellensatz_normalization,145,formula,inline-dollar,187,187,187,187,,,fe77dc506ada7530b3fbcb73a4ad503bc8da0906fa7df491034347bd81d4e274,fe77dc506ada7530b3fbcb73a4ad503bc8da0906fa7df491034347bd81d4e274,e288198b5277207036338e761c027df59909e5eb5e9e2cb2a0a03ecddfa49ce2,section.nullstellensatz_normalization.0003,
formula.nullstellensatz_normalization.0139,root.cring.nullstellensatz_normalization,146,formula,inline-dollar,189,189,189,189,,,56327c01bc7106d9ea404453c9bc052000cac31c55c5f947d9a13daa18c34fa4,56327c01bc7106d9ea404453c9bc052000cac31c55c5f947d9a13daa18c34fa4,471370b3c1a5d61dcfc2ce0f0fc676ed9c7312ffdf47506ed2d0a155e25ccd17,section.nullstellensatz_normalization.0003,
formula.nullstellensatz_normalization.0140,root.cring.nullstellensatz_normalization,147,formula,inline-dollar,190,190,190,190,,,5023e4fc1f3132d87cad4596d3089ce0dc43ffba583e5642c7f5fdd4cdb2e420,5023e4fc1f3132d87cad4596d3089ce0dc43ffba583e5642c7f5fdd4cdb2e420,5023e4fc1f3132d87cad4596d3089ce0dc43ffba583e5642c7f5fdd4cdb2e420,section.nullstellensatz_normalization.0003,
formula.nullstellensatz_normalization.0141,root.cring.nullstellensatz_normalization,148,formula,inline-dollar,190,190,190,190,,,989b15b4b3afd463cc4753411ab5453b799ccc8cbbab0b21272cb202cc98b16f,989b15b4b3afd463cc4753411ab5453b799ccc8cbbab0b21272cb202cc98b16f,989b15b4b3afd463cc4753411ab5453b799ccc8cbbab0b21272cb202cc98b16f,section.nullstellensatz_normalization.0003,
formula.nullstellensatz_normalization.0142,root.cring.nullstellensatz_normalization,149,formula,inline-dollar,191,191,191,191,,,eae1c606c1a801ea229f2c38105f25f306390bd211651a9ae5987ede0e6a7432,eae1c606c1a801ea229f2c38105f25f306390bd211651a9ae5987ede0e6a7432,eae1c606c1a801ea229f2c38105f25f306390bd211651a9ae5987ede0e6a7432,section.nullstellensatz_normalization.0003,
formula.nullstellensatz_normalization.0143,root.cring.nullstellensatz_normalization,150,formula,inline-dollar,192,192,192,192,,,6a84debcb6e85208b61105ad445bb30e1a9866279b127bb01296a40c0baea732,6a84debcb6e85208b61105ad445bb30e1a9866279b127bb01296a40c0baea732,60a5a10489985f040b06076806cac43712820f89ed3598711b8a58fb14a84044,section.nullstellensatz_normalization.0003,
formula.nullstellensatz_normalization.0144,root.cring.nullstellensatz_normalization,151,formula,inline-dollar,192,192,192,192,,,a28faf6143663643c867a9e6316c985e9cef6a6ed418572e97343866efcfe288,a28faf6143663643c867a9e6316c985e9cef6a6ed418572e97343866efcfe288,a28faf6143663643c867a9e6316c985e9cef6a6ed418572e97343866efcfe288,section.nullstellensatz_normalization.0003,
formula.nullstellensatz_normalization.0145,root.cring.nullstellensatz_normalization,152,formula,display-bracket,193,193,193,193,,,2dd5b6bbde15f595e9d33ca248f7ca3d4a9bc4a57e778a491f314b33019d3b17,2dd5b6bbde15f595e9d33ca248f7ca3d4a9bc4a57e778a491f314b33019d3b17,dfe482324c7c0680bcb7a56218a3c493812a5a2f789411c21aeb09568577cbc2,section.nullstellensatz_normalization.0003,
formula.nullstellensatz_normalization.0146,root.cring.nullstellensatz_normalization,153,formula,inline-dollar,194,194,194,194,,,03b3126dc60a71517e9fb38f907ac21d7aaafea26e06ec7824960493ee061bcc,03b3126dc60a71517e9fb38f907ac21d7aaafea26e06ec7824960493ee061bcc,03b3126dc60a71517e9fb38f907ac21d7aaafea26e06ec7824960493ee061bcc,section.nullstellensatz_normalization.0003,
formula.nullstellensatz_normalization.0147,root.cring.nullstellensatz_normalization,154,formula,inline-dollar,194,194,194,194,,,caee71f064e4f428ba4bc1542e8beff04b3bdd3f71703c490a4722f2fe9c082e,caee71f064e4f428ba4bc1542e8beff04b3bdd3f71703c490a4722f2fe9c082e,7825a38c0e154903345bfb8c32d4b946e1bcdce3e6aeacaa3a01e1687c7af987,section.nullstellensatz_normalization.0003,
formula.nullstellensatz_normalization.0148,root.cring.nullstellensatz_normalization,155,formula,inline-dollar,195,195,195,195,,,a77e5bf05be5809a19353af40995c489e63e9171523043a5778cf0b0261c7c1a,a77e5bf05be5809a19353af40995c489e63e9171523043a5778cf0b0261c7c1a,a77e5bf05be5809a19353af40995c489e63e9171523043a5778cf0b0261c7c1a,section.nullstellensatz_normalization.0003,
formula.nullstellensatz_normalization.0149,root.cring.nullstellensatz_normalization,156,formula,inline-dollar,195,195,195,195,,,caee71f064e4f428ba4bc1542e8beff04b3bdd3f71703c490a4722f2fe9c082e,caee71f064e4f428ba4bc1542e8beff04b3bdd3f71703c490a4722f2fe9c082e,7825a38c0e154903345bfb8c32d4b946e1bcdce3e6aeacaa3a01e1687c7af987,section.nullstellensatz_normalization.0003,
formula.nullstellensatz_normalization.0150,root.cring.nullstellensatz_normalization,157,formula,inline-dollar,196,196,196,196,,,6a84debcb6e85208b61105ad445bb30e1a9866279b127bb01296a40c0baea732,6a84debcb6e85208b61105ad445bb30e1a9866279b127bb01296a40c0baea732,60a5a10489985f040b06076806cac43712820f89ed3598711b8a58fb14a84044,section.nullstellensatz_normalization.0003,
formula.nullstellensatz_normalization.0151,root.cring.nullstellensatz_normalization,158,formula,inline-dollar,196,196,196,196,,,eae1c606c1a801ea229f2c38105f25f306390bd211651a9ae5987ede0e6a7432,eae1c606c1a801ea229f2c38105f25f306390bd211651a9ae5987ede0e6a7432,eae1c606c1a801ea229f2c38105f25f306390bd211651a9ae5987ede0e6a7432,section.nullstellensatz_normalization.0003,
formula.nullstellensatz_normalization.0152,root.cring.nullstellensatz_normalization,159,formula,inline-dollar,197,197,197,197,,,0b180f2d81004adafc206dace472a27e1a0f5c966281a9585f4fb9151811f59c,0b180f2d81004adafc206dace472a27e1a0f5c966281a9585f4fb9151811f59c,0b180f2d81004adafc206dace472a27e1a0f5c966281a9585f4fb9151811f59c,section.nullstellensatz_normalization.0003,
section.nullstellensatz_normalization.0004,root.cring.nullstellensatz_normalization,160,section,subsection,201,201,201,201,Back to the Nullstellensatz,Kembali ke Nullstellensatz,f196adbf33461ad56037dd47f1782a814fc3b103e24ed0c6946977ff79ef0ab1,76beaf17996c143747be933b146fc1bc61304c57c66757be6d4be395b9564855,,section.nullstellensatz_normalization.0001,
formula.nullstellensatz_normalization.0153,root.cring.nullstellensatz_normalization,161,formula,inline-dollar,203,203,203,203,,,2725b2d0fc640cb2728a1834f8c41d47e601a7313494a3c35628268f485f3a5f,2725b2d0fc640cb2728a1834f8c41d47e601a7313494a3c35628268f485f3a5f,2725b2d0fc640cb2728a1834f8c41d47e601a7313494a3c35628268f485f3a5f,section.nullstellensatz_normalization.0004,
formula.nullstellensatz_normalization.0154,root.cring.nullstellensatz_normalization,162,formula,inline-dollar,203,203,203,203,,,a28faf6143663643c867a9e6316c985e9cef6a6ed418572e97343866efcfe288,a28faf6143663643c867a9e6316c985e9cef6a6ed418572e97343866efcfe288,a28faf6143663643c867a9e6316c985e9cef6a6ed418572e97343866efcfe288,section.nullstellensatz_normalization.0004,
formula.nullstellensatz_normalization.0155,root.cring.nullstellensatz_normalization,163,formula,inline-dollar,204,204,204,204,,,a28faf6143663643c867a9e6316c985e9cef6a6ed418572e97343866efcfe288,a28faf6143663643c867a9e6316c985e9cef6a6ed418572e97343866efcfe288,a28faf6143663643c867a9e6316c985e9cef6a6ed418572e97343866efcfe288,section.nullstellensatz_normalization.0004,
formula.nullstellensatz_normalization.0156,root.cring.nullstellensatz_normalization,164,formula,inline-dollar,205,205,204,204,,,2725b2d0fc640cb2728a1834f8c41d47e601a7313494a3c35628268f485f3a5f,2725b2d0fc640cb2728a1834f8c41d47e601a7313494a3c35628268f485f3a5f,2725b2d0fc640cb2728a1834f8c41d47e601a7313494a3c35628268f485f3a5f,section.nullstellensatz_normalization.0004,
formula.nullstellensatz_normalization.0157,root.cring.nullstellensatz_normalization,165,formula,inline-dollar,206,206,206,206,,,a28faf6143663643c867a9e6316c985e9cef6a6ed418572e97343866efcfe288,a28faf6143663643c867a9e6316c985e9cef6a6ed418572e97343866efcfe288,a28faf6143663643c867a9e6316c985e9cef6a6ed418572e97343866efcfe288,section.nullstellensatz_normalization.0004,
formula.nullstellensatz_normalization.0158,root.cring.nullstellensatz_normalization,166,formula,inline-dollar,206,206,206,206,,,29b6158a598f0841de5c9c37e8fabf4a88318af68313e36e67c24c7e01080310,29b6158a598f0841de5c9c37e8fabf4a88318af68313e36e67c24c7e01080310,4eba53ba8b00d4c23abb896d51971f39749064046d56011fc4e9a9ff61dffebb,section.nullstellensatz_normalization.0004,
formula.nullstellensatz_normalization.0159,root.cring.nullstellensatz_normalization,167,formula,inline-dollar,207,207,207,207,,,cc09daba676fcefcfb20c1e9e42db1b746b5953e04532813493b40fb4841c60e,cc09daba676fcefcfb20c1e9e42db1b746b5953e04532813493b40fb4841c60e,cc09daba676fcefcfb20c1e9e42db1b746b5953e04532813493b40fb4841c60e,section.nullstellensatz_normalization.0004,
formula.nullstellensatz_normalization.0160,root.cring.nullstellensatz_normalization,168,formula,inline-dollar,208,208,208,208,,,fe3a8b527d479aaf639aa4cd42f0c03805644d36e2a47fd8b0a64ea615e690f7,fe3a8b527d479aaf639aa4cd42f0c03805644d36e2a47fd8b0a64ea615e690f7,564ebfa39fc4bdb0bca8b7b14188866de743c185e56b5843f7b5975b1453f22f,section.nullstellensatz_normalization.0004,
formula.nullstellensatz_normalization.0161,root.cring.nullstellensatz_normalization,169,formula,inline-dollar,209,209,209,209,,,245e95495d0829413708321b143a7c059704b2c18271ff8b0dee80ae5a36feec,245e95495d0829413708321b143a7c059704b2c18271ff8b0dee80ae5a36feec,245e95495d0829413708321b143a7c059704b2c18271ff8b0dee80ae5a36feec,section.nullstellensatz_normalization.0004,
formula.nullstellensatz_normalization.0162,root.cring.nullstellensatz_normalization,170,formula,inline-dollar,209,209,209,209,,,71be8c5ff72805fc4bb32f6316a0d9ff354b2f6d2dc3b24738e98301b48e7a7a,71be8c5ff72805fc4bb32f6316a0d9ff354b2f6d2dc3b24738e98301b48e7a7a,21dcfe69f304945dd1267ed5276f84bc3dd8e11d95407f546598b27175d6d07d,section.nullstellensatz_normalization.0004,
formula.nullstellensatz_normalization.0163,root.cring.nullstellensatz_normalization,171,formula,inline-dollar,210,210,210,210,,,a28faf6143663643c867a9e6316c985e9cef6a6ed418572e97343866efcfe288,a28faf6143663643c867a9e6316c985e9cef6a6ed418572e97343866efcfe288,a28faf6143663643c867a9e6316c985e9cef6a6ed418572e97343866efcfe288,section.nullstellensatz_normalization.0004,
formula.nullstellensatz_normalization.0164,root.cring.nullstellensatz_normalization,172,formula,display-bracket,212,212,212,212,,,02502a99de603802f9da8e37e48894374e52680f16eb66fca624a82ef986526f,02502a99de603802f9da8e37e48894374e52680f16eb66fca624a82ef986526f,9f6288972844174411470ff03a85e5056307c74b65f75de7007f7a5c54ca8955,section.nullstellensatz_normalization.0004,
formula.nullstellensatz_normalization.0165,root.cring.nullstellensatz_normalization,173,formula,inline-dollar,213,213,213,213,,,a28faf6143663643c867a9e6316c985e9cef6a6ed418572e97343866efcfe288,a28faf6143663643c867a9e6316c985e9cef6a6ed418572e97343866efcfe288,a28faf6143663643c867a9e6316c985e9cef6a6ed418572e97343866efcfe288,section.nullstellensatz_normalization.0004,
formula.nullstellensatz_normalization.0166,root.cring.nullstellensatz_normalization,174,formula,inline-dollar,213,213,213,213,,,040b38d5f6355c8d0e84ae55e34fd11b8a149774c886564e08081a8284012a27,040b38d5f6355c8d0e84ae55e34fd11b8a149774c886564e08081a8284012a27,e95dcf699a10ad49b36cc262ea59265217d6d61ae6a7c887dd25a1bbb3e818a7,section.nullstellensatz_normalization.0004,
formula.nullstellensatz_normalization.0167,root.cring.nullstellensatz_normalization,175,formula,inline-dollar,214,214,214,214,,,4d142bce58c430272ba38561aae41cbd17db63ba778f8ceb368542b8db4adb95,4d142bce58c430272ba38561aae41cbd17db63ba778f8ceb368542b8db4adb95,4d142bce58c430272ba38561aae41cbd17db63ba778f8ceb368542b8db4adb95,section.nullstellensatz_normalization.0004,
formula.nullstellensatz_normalization.0168,root.cring.nullstellensatz_normalization,176,formula,inline-dollar,214,214,214,214,,,a28faf6143663643c867a9e6316c985e9cef6a6ed418572e97343866efcfe288,a28faf6143663643c867a9e6316c985e9cef6a6ed418572e97343866efcfe288,a28faf6143663643c867a9e6316c985e9cef6a6ed418572e97343866efcfe288,section.nullstellensatz_normalization.0004,
formula.nullstellensatz_normalization.0169,root.cring.nullstellensatz_normalization,177,formula,inline-dollar,214,214,214,214,,,2725b2d0fc640cb2728a1834f8c41d47e601a7313494a3c35628268f485f3a5f,2725b2d0fc640cb2728a1834f8c41d47e601a7313494a3c35628268f485f3a5f,2725b2d0fc640cb2728a1834f8c41d47e601a7313494a3c35628268f485f3a5f,section.nullstellensatz_normalization.0004,
formula.nullstellensatz_normalization.0170,root.cring.nullstellensatz_normalization,178,formula,inline-dollar,215,215,215,215,,,a28faf6143663643c867a9e6316c985e9cef6a6ed418572e97343866efcfe288,a28faf6143663643c867a9e6316c985e9cef6a6ed418572e97343866efcfe288,a28faf6143663643c867a9e6316c985e9cef6a6ed418572e97343866efcfe288,section.nullstellensatz_normalization.0004,
theorem.nullstellensatz_normalization.0005,root.cring.nullstellensatz_normalization,179,theorem,theorem,222,231,222,231,,,b88ade55aaf1373c2a543b5b4adb29819bad78b0fe6b0cd3d4dbaf009d1548c9,a5830411c74e53a878946c383ba8450e57903b6ed19b18cd40af107cb3d9a15e,,section.nullstellensatz_normalization.0004,label.nullstellensatz_normalization.0002
formula.nullstellensatz_normalization.0171,root.cring.nullstellensatz_normalization,180,formula,inline-dollar,223,223,223,223,,,1cfadfb4ffa110a014de227c7f1ea1a489a076a65ffda6799e0b850c1bdcce62,1cfadfb4ffa110a014de227c7f1ea1a489a076a65ffda6799e0b850c1bdcce62,c8de7c1b3f7671b41c93ce0926e5d132cd75eadd3d4eebb10da411fbf3878cae,section.nullstellensatz_normalization.0004,
formula.nullstellensatz_normalization.0172,root.cring.nullstellensatz_normalization,181,formula,inline-dollar,223,223,223,223,,,04cb010eacfd7fa8fd9903a307a983ca597c7bcc4bea8c638585905e82fab3c2,04cb010eacfd7fa8fd9903a307a983ca597c7bcc4bea8c638585905e82fab3c2,0689cd1b5730f73c174e2aa72c65198e6c706da5f56a727512dee6892a321b44,section.nullstellensatz_normalization.0004,
formula.nullstellensatz_normalization.0173,root.cring.nullstellensatz_normalization,182,formula,inline-dollar,224,224,224,224,,,8e803a136b1ad5752cc2003aaf6e86c46467e35510a317a5fee35f007ba8cca2,8e803a136b1ad5752cc2003aaf6e86c46467e35510a317a5fee35f007ba8cca2,8e803a136b1ad5752cc2003aaf6e86c46467e35510a317a5fee35f007ba8cca2,section.nullstellensatz_normalization.0004,
formula.nullstellensatz_normalization.0174,root.cring.nullstellensatz_normalization,183,formula,inline-dollar,224,224,224,224,,,4a1f941b3c6f426ec08de78c17e2f80f07a8b789701ba6b25126da00fab1231c,4a1f941b3c6f426ec08de78c17e2f80f07a8b789701ba6b25126da00fab1231c,4a1f941b3c6f426ec08de78c17e2f80f07a8b789701ba6b25126da00fab1231c,section.nullstellensatz_normalization.0004,
formula.nullstellensatz_normalization.0175,root.cring.nullstellensatz_normalization,184,formula,inline-dollar,225,225,225,225,,,4a1f941b3c6f426ec08de78c17e2f80f07a8b789701ba6b25126da00fab1231c,4a1f941b3c6f426ec08de78c17e2f80f07a8b789701ba6b25126da00fab1231c,4a1f941b3c6f426ec08de78c17e2f80f07a8b789701ba6b25126da00fab1231c,section.nullstellensatz_normalization.0004,
formula.nullstellensatz_normalization.0176,root.cring.nullstellensatz_normalization,185,formula,inline-dollar,227,227,227,227,,,55a882056068495b25db3aad53b5dc9d1594ab5368345395c1d967d735b2f4ad,55a882056068495b25db3aad53b5dc9d1594ab5368345395c1d967d735b2f4ad,55a882056068495b25db3aad53b5dc9d1594ab5368345395c1d967d735b2f4ad,section.nullstellensatz_normalization.0004,
formula.nullstellensatz_normalization.0177,root.cring.nullstellensatz_normalization,186,formula,inline-dollar,227,227,227,227,,,b20bffe0e63b122310b52301abcb90bf1efe431d4f188633a0268af511954cfd,b20bffe0e63b122310b52301abcb90bf1efe431d4f188633a0268af511954cfd,b20bffe0e63b122310b52301abcb90bf1efe431d4f188633a0268af511954cfd,section.nullstellensatz_normalization.0004,
formula.nullstellensatz_normalization.0178,root.cring.nullstellensatz_normalization,187,formula,inline-dollar,227,227,227,227,,,128976b7d9a07808d4baa120fb5eaa227efda6b53e2dc48dad78238693144321,128976b7d9a07808d4baa120fb5eaa227efda6b53e2dc48dad78238693144321,32d1be3a0c391bb63be7f55321a137df03415ac2b71e4f8d6c613157b658296a,section.nullstellensatz_normalization.0004,
formula.nullstellensatz_normalization.0179,root.cring.nullstellensatz_normalization,188,formula,display-bracket,229,230,229,230,,,e2923b79c6db6b3427c2d1c4d57a80de2ff1bf7f4848a5d42e69a65bcfbd412b,b4b5ca51cf80ff7019ef6319dd6b00e546c2cbe6f00b641deb113bbc0ad7b8b5,10aeed46434fda0d48a43a2e5113241e4468510a8bcfb3e971a031ba45c5cabc,section.nullstellensatz_normalization.0004,
formula.nullstellensatz_normalization.0180,root.cring.nullstellensatz_normalization,189,formula,inline-dollar,234,234,234,234,,,8e803a136b1ad5752cc2003aaf6e86c46467e35510a317a5fee35f007ba8cca2,8e803a136b1ad5752cc2003aaf6e86c46467e35510a317a5fee35f007ba8cca2,8e803a136b1ad5752cc2003aaf6e86c46467e35510a317a5fee35f007ba8cca2,section.nullstellensatz_normalization.0004,
formula.nullstellensatz_normalization.0181,root.cring.nullstellensatz_normalization,190,formula,display-bracket,238,239,238,239,,,7093a90e5ee27839166d78536936caecbe32d651d6cdc349adeeba235587a13d,57cdd88351dc377eda9d99122279b336e6bbda2d8c13d2d142929aa31228c849,291b889ac31bed9821c5e928da8904e8ce2ed3fc025f2a4de79c168aea20964c,section.nullstellensatz_normalization.0004,
example.nullstellensatz_normalization.0001,root.cring.nullstellensatz_normalization,191,example,example,243,246,243,246,,,0f95c0f1c231440c328ae653e519256778d0868699f64fd6bb57dde1f530ebc9,27bb1b37d9bd9e5e0aa2e114270e6822db092b455c6fde764bed653222824356,,section.nullstellensatz_normalization.0004,
formula.nullstellensatz_normalization.0182,root.cring.nullstellensatz_normalization,192,formula,inline-dollar,249,250,249,250,,,735bb594b87bcdcee674e907c4d6095da17cf1ea71b0303cdfdb3cbd15bac4df,735bb594b87bcdcee674e907c4d6095da17cf1ea71b0303cdfdb3cbd15bac4df,1f82795d432aef5a22ec576b8aef76db118844e494611eb9622e7af49570d027,section.nullstellensatz_normalization.0004,
formula.nullstellensatz_normalization.0183,root.cring.nullstellensatz_normalization,193,formula,display-bracket,251,252,251,252,,,1bc09f46094c4cd496082e4ab2b578d4cfc96501cef584d759cd862405768c50,da7122a1d3fccc7abde9d8c69b9c77597c1075a831ba1646389aac47eb87ffcf,953d60848fb42e2002d2ee6dcbbf7da2960ef45911635760dfdbc1a31ca43e95,section.nullstellensatz_normalization.0004,
formula.nullstellensatz_normalization.0184,root.cring.nullstellensatz_normalization,194,formula,inline-dollar,255,256,255,256,,,b24ad6e1ca6a65a21cb86ed856f4dce9467e4d2869624103a99512d19a1c6e95,b24ad6e1ca6a65a21cb86ed856f4dce9467e4d2869624103a99512d19a1c6e95,432d19d3e0b30327b19f78f9a57c128bf3f058b0dd96a13146de9012f1ff0a82,section.nullstellensatz_normalization.0004,
formula.nullstellensatz_normalization.0185,root.cring.nullstellensatz_normalization,195,formula,inline-dollar,256,256,256,256,,,2ed35620160f9623ab674a55e60f3ff276bd97109c2ef6a2e5425a6d4e1b8bdc,2ed35620160f9623ab674a55e60f3ff276bd97109c2ef6a2e5425a6d4e1b8bdc,2ed35620160f9623ab674a55e60f3ff276bd97109c2ef6a2e5425a6d4e1b8bdc,section.nullstellensatz_normalization.0004,
formula.nullstellensatz_normalization.0186,root.cring.nullstellensatz_normalization,196,formula,inline-dollar,257,257,257,257,,,a28faf6143663643c867a9e6316c985e9cef6a6ed418572e97343866efcfe288,a28faf6143663643c867a9e6316c985e9cef6a6ed418572e97343866efcfe288,a28faf6143663643c867a9e6316c985e9cef6a6ed418572e97343866efcfe288,section.nullstellensatz_normalization.0004,
formula.nullstellensatz_normalization.0187,root.cring.nullstellensatz_normalization,197,formula,inline-dollar,260,260,260,260,,,791d1ee547d5ee82586597bedcbf223e1d2d69856ffdc94c71485a25fe7c894c,791d1ee547d5ee82586597bedcbf223e1d2d69856ffdc94c71485a25fe7c894c,51710acb12cb86089ad7ec121e40710bfbc2ee4c883462c27033c95da9cf84b6,section.nullstellensatz_normalization.0004,
formula.nullstellensatz_normalization.0188,root.cring.nullstellensatz_normalization,198,formula,inline-dollar,260,260,260,260,,,5104ca784f72b747e4d2b0facc6aff15206c881615440664f41b96409ef9c4c6,5104ca784f72b747e4d2b0facc6aff15206c881615440664f41b96409ef9c4c6,5104ca784f72b747e4d2b0facc6aff15206c881615440664f41b96409ef9c4c6,section.nullstellensatz_normalization.0004,
formula.nullstellensatz_normalization.0189,root.cring.nullstellensatz_normalization,199,formula,inline-dollar,260,260,260,260,,,473d06f40de5a3193147eb82688a035ac7aedcc5cca18e093c853e9e75ff3c00,473d06f40de5a3193147eb82688a035ac7aedcc5cca18e093c853e9e75ff3c00,26e5fd26fbfd904f19b9d07321c0128b994f58b255a0b4c7c7aa96812311f0a5,section.nullstellensatz_normalization.0004,
formula.nullstellensatz_normalization.0190,root.cring.nullstellensatz_normalization,200,formula,inline-dollar,260,260,260,260,,,5104ca784f72b747e4d2b0facc6aff15206c881615440664f41b96409ef9c4c6,5104ca784f72b747e4d2b0facc6aff15206c881615440664f41b96409ef9c4c6,5104ca784f72b747e4d2b0facc6aff15206c881615440664f41b96409ef9c4c6,section.nullstellensatz_normalization.0004,
formula.nullstellensatz_normalization.0191,root.cring.nullstellensatz_normalization,201,formula,inline-dollar,261,261,261,261,,,2ed35620160f9623ab674a55e60f3ff276bd97109c2ef6a2e5425a6d4e1b8bdc,2ed35620160f9623ab674a55e60f3ff276bd97109c2ef6a2e5425a6d4e1b8bdc,2ed35620160f9623ab674a55e60f3ff276bd97109c2ef6a2e5425a6d4e1b8bdc,section.nullstellensatz_normalization.0004,
formula.nullstellensatz_normalization.0192,root.cring.nullstellensatz_normalization,202,formula,inline-dollar,261,261,261,261,,,5104ca784f72b747e4d2b0facc6aff15206c881615440664f41b96409ef9c4c6,5104ca784f72b747e4d2b0facc6aff15206c881615440664f41b96409ef9c4c6,5104ca784f72b747e4d2b0facc6aff15206c881615440664f41b96409ef9c4c6,section.nullstellensatz_normalization.0004,
formula.nullstellensatz_normalization.0193,root.cring.nullstellensatz_normalization,203,formula,inline-dollar,262,262,262,262,,,bb4bc0183a7d484898e30fb7e41308e47e36e9e66bfcbec48d7c181b9de666c4,bb4bc0183a7d484898e30fb7e41308e47e36e9e66bfcbec48d7c181b9de666c4,bb4bc0183a7d484898e30fb7e41308e47e36e9e66bfcbec48d7c181b9de666c4,section.nullstellensatz_normalization.0004,
formula.nullstellensatz_normalization.0194,root.cring.nullstellensatz_normalization,204,formula,inline-dollar,263,263,263,263,,,1e9ac56f1fe1e0dcdef81e653dc031065853138c2d69232da559538d0015d811,1e9ac56f1fe1e0dcdef81e653dc031065853138c2d69232da559538d0015d811,bd5972d6c8be7b30d6f60e3ffd449c5a877d6106280252140e44709c9a1a336b,section.nullstellensatz_normalization.0004,
formula.nullstellensatz_normalization.0195,root.cring.nullstellensatz_normalization,205,formula,inline-dollar,265,265,265,265,,,2ed35620160f9623ab674a55e60f3ff276bd97109c2ef6a2e5425a6d4e1b8bdc,2ed35620160f9623ab674a55e60f3ff276bd97109c2ef6a2e5425a6d4e1b8bdc,2ed35620160f9623ab674a55e60f3ff276bd97109c2ef6a2e5425a6d4e1b8bdc,section.nullstellensatz_normalization.0004,
formula.nullstellensatz_normalization.0196,root.cring.nullstellensatz_normalization,206,formula,inline-dollar,265,265,265,265,,,2ed35620160f9623ab674a55e60f3ff276bd97109c2ef6a2e5425a6d4e1b8bdc,2ed35620160f9623ab674a55e60f3ff276bd97109c2ef6a2e5425a6d4e1b8bdc,2ed35620160f9623ab674a55e60f3ff276bd97109c2ef6a2e5425a6d4e1b8bdc,section.nullstellensatz_normalization.0004,
formula.nullstellensatz_normalization.0197,root.cring.nullstellensatz_normalization,207,formula,display-bracket,267,267,267,267,,,e010736f775291c572bd87d1675649fd949f594a6f500e518b76ed032d2ed843,e010736f775291c572bd87d1675649fd949f594a6f500e518b76ed032d2ed843,5b2be9f243a4738d210bf315d96c3f79addab90292be8ba3761cb9926a4c62ee,section.nullstellensatz_normalization.0004,
formula.nullstellensatz_normalization.0198,root.cring.nullstellensatz_normalization,208,formula,inline-dollar,268,268,268,268,,,bb28a9b83048a0f36a72a56394914040f7f0171b49534f6138053bdd68916943,bb28a9b83048a0f36a72a56394914040f7f0171b49534f6138053bdd68916943,bb28a9b83048a0f36a72a56394914040f7f0171b49534f6138053bdd68916943,section.nullstellensatz_normalization.0004,
formula.nullstellensatz_normalization.0199,root.cring.nullstellensatz_normalization,209,formula,inline-dollar,269,269,269,269,,,8e803a136b1ad5752cc2003aaf6e86c46467e35510a317a5fee35f007ba8cca2,8e803a136b1ad5752cc2003aaf6e86c46467e35510a317a5fee35f007ba8cca2,8e803a136b1ad5752cc2003aaf6e86c46467e35510a317a5fee35f007ba8cca2,section.nullstellensatz_normalization.0004,
formula.nullstellensatz_normalization.0200,root.cring.nullstellensatz_normalization,210,formula,inline-dollar,269,269,269,269,,,da8c27c394be59d9d79201471429ba3328591059253284e430ee5c6965e2f2f9,da8c27c394be59d9d79201471429ba3328591059253284e430ee5c6965e2f2f9,da8c27c394be59d9d79201471429ba3328591059253284e430ee5c6965e2f2f9,section.nullstellensatz_normalization.0004,
formula.nullstellensatz_normalization.0201,root.cring.nullstellensatz_normalization,211,formula,inline-dollar,269,269,269,269,,,a28faf6143663643c867a9e6316c985e9cef6a6ed418572e97343866efcfe288,a28faf6143663643c867a9e6316c985e9cef6a6ed418572e97343866efcfe288,a28faf6143663643c867a9e6316c985e9cef6a6ed418572e97343866efcfe288,section.nullstellensatz_normalization.0004,
formula.nullstellensatz_normalization.0202,root.cring.nullstellensatz_normalization,212,formula,inline-dollar,270,270,270,270,,,a28faf6143663643c867a9e6316c985e9cef6a6ed418572e97343866efcfe288,a28faf6143663643c867a9e6316c985e9cef6a6ed418572e97343866efcfe288,a28faf6143663643c867a9e6316c985e9cef6a6ed418572e97343866efcfe288,section.nullstellensatz_normalization.0004,
formula.nullstellensatz_normalization.0203,root.cring.nullstellensatz_normalization,213,formula,inline-dollar,271,271,271,271,,,b20bffe0e63b122310b52301abcb90bf1efe431d4f188633a0268af511954cfd,b20bffe0e63b122310b52301abcb90bf1efe431d4f188633a0268af511954cfd,b20bffe0e63b122310b52301abcb90bf1efe431d4f188633a0268af511954cfd,section.nullstellensatz_normalization.0004,
exercise.nullstellensatz_normalization.0001,root.cring.nullstellensatz_normalization,214,exercise,exercise,274,290,274,290,,,dab63884249b29e9c7e4e49d7d29e5da9e220183ba1ede2da3d6cf52420f6df7,181790b32a6a85d65711404418b2a1402698b55999fd1ec653e93cd48c39f56a,,section.nullstellensatz_normalization.0004,
formula.nullstellensatz_normalization.0204,root.cring.nullstellensatz_normalization,215,formula,inline-dollar,276,276,276,276,,,2725b2d0fc640cb2728a1834f8c41d47e601a7313494a3c35628268f485f3a5f,2725b2d0fc640cb2728a1834f8c41d47e601a7313494a3c35628268f485f3a5f,2725b2d0fc640cb2728a1834f8c41d47e601a7313494a3c35628268f485f3a5f,section.nullstellensatz_normalization.0004,
formula.nullstellensatz_normalization.0205,root.cring.nullstellensatz_normalization,216,formula,inline-dollar,276,276,276,276,,,f4d8cf087dfce66dadfdbdb4f99a9948c3e731aa977dc43fbb17783c047d7614,f4d8cf087dfce66dadfdbdb4f99a9948c3e731aa977dc43fbb17783c047d7614,f4d8cf087dfce66dadfdbdb4f99a9948c3e731aa977dc43fbb17783c047d7614,section.nullstellensatz_normalization.0004,
formula.nullstellensatz_normalization.0206,root.cring.nullstellensatz_normalization,217,formula,inline-dollar,276,276,276,276,,,2725b2d0fc640cb2728a1834f8c41d47e601a7313494a3c35628268f485f3a5f,2725b2d0fc640cb2728a1834f8c41d47e601a7313494a3c35628268f485f3a5f,2725b2d0fc640cb2728a1834f8c41d47e601a7313494a3c35628268f485f3a5f,section.nullstellensatz_normalization.0004,
formula.nullstellensatz_normalization.0207,root.cring.nullstellensatz_normalization,218,formula,inline-dollar,277,277,277,277,,,2725b2d0fc640cb2728a1834f8c41d47e601a7313494a3c35628268f485f3a5f,2725b2d0fc640cb2728a1834f8c41d47e601a7313494a3c35628268f485f3a5f,2725b2d0fc640cb2728a1834f8c41d47e601a7313494a3c35628268f485f3a5f,section.nullstellensatz_normalization.0004,
formula.nullstellensatz_normalization.0208,root.cring.nullstellensatz_normalization,219,formula,inline-dollar,277,277,277,277,,,f4d8cf087dfce66dadfdbdb4f99a9948c3e731aa977dc43fbb17783c047d7614,f4d8cf087dfce66dadfdbdb4f99a9948c3e731aa977dc43fbb17783c047d7614,f4d8cf087dfce66dadfdbdb4f99a9948c3e731aa977dc43fbb17783c047d7614,section.nullstellensatz_normalization.0004,
formula.nullstellensatz_normalization.0209,root.cring.nullstellensatz_normalization,220,formula,inline-dollar,278,278,278,278,,,2725b2d0fc640cb2728a1834f8c41d47e601a7313494a3c35628268f485f3a5f,2725b2d0fc640cb2728a1834f8c41d47e601a7313494a3c35628268f485f3a5f,2725b2d0fc640cb2728a1834f8c41d47e601a7313494a3c35628268f485f3a5f,section.nullstellensatz_normalization.0004,
formula.nullstellensatz_normalization.0210,root.cring.nullstellensatz_normalization,221,formula,inline-dollar,280,280,280,280,,,f4d8cf087dfce66dadfdbdb4f99a9948c3e731aa977dc43fbb17783c047d7614,f4d8cf087dfce66dadfdbdb4f99a9948c3e731aa977dc43fbb17783c047d7614,f4d8cf087dfce66dadfdbdb4f99a9948c3e731aa977dc43fbb17783c047d7614,section.nullstellensatz_normalization.0004,
formula.nullstellensatz_normalization.0211,root.cring.nullstellensatz_normalization,222,formula,inline-dollar,280,280,280,280,,,fdf30f5db1f3424874da244595a2db648c7b056dc537a2b62eb64b4d26d827ef,fdf30f5db1f3424874da244595a2db648c7b056dc537a2b62eb64b4d26d827ef,fdf30f5db1f3424874da244595a2db648c7b056dc537a2b62eb64b4d26d827ef,section.nullstellensatz_normalization.0004,
formula.nullstellensatz_normalization.0212,root.cring.nullstellensatz_normalization,223,formula,inline-dollar,280,280,280,280,,,5e5bfecea3e6e17169a788d4c4ef27e84c859d4d80bbf772db8e575a832d110f,5e5bfecea3e6e17169a788d4c4ef27e84c859d4d80bbf772db8e575a832d110f,206c8e99602412988c0154759cdbe6a5a2c38b992c61f4397e177d6619075c50,section.nullstellensatz_normalization.0004,
formula.nullstellensatz_normalization.0213,root.cring.nullstellensatz_normalization,224,formula,inline-dollar,281,281,281,281,,,5c4e1577bcf2d2bad494883694c3ae989a1ed666727a926cfc7504a3e61a972b,5c4e1577bcf2d2bad494883694c3ae989a1ed666727a926cfc7504a3e61a972b,3451b52eeec0b90d89d4a54591c4f03001bc89d54291378d75f541418d70d5b8,section.nullstellensatz_normalization.0004,
formula.nullstellensatz_normalization.0214,root.cring.nullstellensatz_normalization,225,formula,inline-dollar,281,281,281,281,,,2725b2d0fc640cb2728a1834f8c41d47e601a7313494a3c35628268f485f3a5f,2725b2d0fc640cb2728a1834f8c41d47e601a7313494a3c35628268f485f3a5f,2725b2d0fc640cb2728a1834f8c41d47e601a7313494a3c35628268f485f3a5f,section.nullstellensatz_normalization.0004,
formula.nullstellensatz_normalization.0215,root.cring.nullstellensatz_normalization,226,formula,inline-dollar,281,281,281,281,,,f4d8cf087dfce66dadfdbdb4f99a9948c3e731aa977dc43fbb17783c047d7614,f4d8cf087dfce66dadfdbdb4f99a9948c3e731aa977dc43fbb17783c047d7614,f4d8cf087dfce66dadfdbdb4f99a9948c3e731aa977dc43fbb17783c047d7614,section.nullstellensatz_normalization.0004,
formula.nullstellensatz_normalization.0216,root.cring.nullstellensatz_normalization,227,formula,inline-dollar,282,282,282,282,,,fdf30f5db1f3424874da244595a2db648c7b056dc537a2b62eb64b4d26d827ef,fdf30f5db1f3424874da244595a2db648c7b056dc537a2b62eb64b4d26d827ef,fdf30f5db1f3424874da244595a2db648c7b056dc537a2b62eb64b4d26d827ef,section.nullstellensatz_normalization.0004,
formula.nullstellensatz_normalization.0217,root.cring.nullstellensatz_normalization,228,formula,inline-dollar,283,283,283,283,,,f4d8cf087dfce66dadfdbdb4f99a9948c3e731aa977dc43fbb17783c047d7614,f4d8cf087dfce66dadfdbdb4f99a9948c3e731aa977dc43fbb17783c047d7614,f4d8cf087dfce66dadfdbdb4f99a9948c3e731aa977dc43fbb17783c047d7614,section.nullstellensatz_normalization.0004,
formula.nullstellensatz_normalization.0218,root.cring.nullstellensatz_normalization,229,formula,inline-dollar,283,283,283,283,,,2725b2d0fc640cb2728a1834f8c41d47e601a7313494a3c35628268f485f3a5f,2725b2d0fc640cb2728a1834f8c41d47e601a7313494a3c35628268f485f3a5f,2725b2d0fc640cb2728a1834f8c41d47e601a7313494a3c35628268f485f3a5f,section.nullstellensatz_normalization.0004,
formula.nullstellensatz_normalization.0219,root.cring.nullstellensatz_normalization,230,formula,inline-dollar,283,283,283,283,,,86afc85e7982b70fab8d458006e5eb2959b97c3bccc692268361f8d380e372fe,86afc85e7982b70fab8d458006e5eb2959b97c3bccc692268361f8d380e372fe,8e376ec192f224450878cc73f13cf75774b6ff9ea26bc4e511e0283216adfac7,section.nullstellensatz_normalization.0004,
formula.nullstellensatz_normalization.0220,root.cring.nullstellensatz_normalization,231,formula,inline-dollar,284,284,284,284,,,2d8a0d0e9f6117322a621ac8f5b20b0a74ca7a197fa34e600a18bd0f7e30ad4d,2d8a0d0e9f6117322a621ac8f5b20b0a74ca7a197fa34e600a18bd0f7e30ad4d,b3b67be335348c2685766d0187cb004e6e0aa2c92ce3f2512d9924adf5f23820,section.nullstellensatz_normalization.0004,
formula.nullstellensatz_normalization.0221,root.cring.nullstellensatz_normalization,232,formula,inline-dollar,284,284,284,284,,,f4d8cf087dfce66dadfdbdb4f99a9948c3e731aa977dc43fbb17783c047d7614,f4d8cf087dfce66dadfdbdb4f99a9948c3e731aa977dc43fbb17783c047d7614,f4d8cf087dfce66dadfdbdb4f99a9948c3e731aa977dc43fbb17783c047d7614,section.nullstellensatz_normalization.0004,
formula.nullstellensatz_normalization.0222,root.cring.nullstellensatz_normalization,233,formula,inline-dollar,284,284,284,284,,,702a66a740ef06f8e42fa662174df2c91fa08115ce16c968bcc244cd3c6931f7,702a66a740ef06f8e42fa662174df2c91fa08115ce16c968bcc244cd3c6931f7,702a66a740ef06f8e42fa662174df2c91fa08115ce16c968bcc244cd3c6931f7,section.nullstellensatz_normalization.0004,
formula.nullstellensatz_normalization.0223,root.cring.nullstellensatz_normalization,234,formula,inline-dollar,285,285,285,285,,,702a66a740ef06f8e42fa662174df2c91fa08115ce16c968bcc244cd3c6931f7,702a66a740ef06f8e42fa662174df2c91fa08115ce16c968bcc244cd3c6931f7,702a66a740ef06f8e42fa662174df2c91fa08115ce16c968bcc244cd3c6931f7,section.nullstellensatz_normalization.0004,
formula.nullstellensatz_normalization.0224,root.cring.nullstellensatz_normalization,235,formula,inline-dollar,286,286,286,286,,,93bf3547d032185476c7ea8c9cc7461b0d74b9602ec2d03348d2bc803cd66b8c,93bf3547d032185476c7ea8c9cc7461b0d74b9602ec2d03348d2bc803cd66b8c,5aae621cce501e929af59a61935e48d9f69472eceaf0bc0f8102e9d2944dc000,section.nullstellensatz_normalization.0004,
formula.nullstellensatz_normalization.0225,root.cring.nullstellensatz_normalization,236,formula,inline-dollar,286,286,286,286,,,bead6513981f86c92c1b955f22650cf775ed108fa2975e5e5866501cd938a193,bead6513981f86c92c1b955f22650cf775ed108fa2975e5e5866501cd938a193,bead6513981f86c92c1b955f22650cf775ed108fa2975e5e5866501cd938a193,section.nullstellensatz_normalization.0004,
formula.nullstellensatz_normalization.0226,root.cring.nullstellensatz_normalization,237,formula,inline-dollar,287,287,287,287,,,a30ea401229638368a1dcdb1b7885be0300541e907131d784ccdf38f5f3645e9,a30ea401229638368a1dcdb1b7885be0300541e907131d784ccdf38f5f3645e9,5da85b2f0824e4c52022581613f5382622fa3a5661ac2465c1f10cab96e79488,section.nullstellensatz_normalization.0004,
formula.nullstellensatz_normalization.0227,root.cring.nullstellensatz_normalization,238,formula,inline-dollar,287,287,287,287,,,26b783ca0c6fc0868508ebbb41b85f4892ba3329e4e712a55aafa3386212ea88,26b783ca0c6fc0868508ebbb41b85f4892ba3329e4e712a55aafa3386212ea88,8a4d89a3410bca7e6ea7d271840702ab6176831472345ee3c1b97a3a4d494c2f,section.nullstellensatz_normalization.0004,
formula.nullstellensatz_normalization.0228,root.cring.nullstellensatz_normalization,239,formula,inline-dollar,287,287,287,287,,,fdf30f5db1f3424874da244595a2db648c7b056dc537a2b62eb64b4d26d827ef,fdf30f5db1f3424874da244595a2db648c7b056dc537a2b62eb64b4d26d827ef,fdf30f5db1f3424874da244595a2db648c7b056dc537a2b62eb64b4d26d827ef,section.nullstellensatz_normalization.0004,
section.nullstellensatz_normalization.0005,root.cring.nullstellensatz_normalization,240,section,subsection,292,292,292,292,A little affine algebraic geometry,Sedikit geometri aljabar afin,9f56a43699355939952dda41a194c7a6bdb9580860bc2cb1d7092f8cef2a8361,b755a45838cf08719e96aadc14714816f231b44788949b49f7f485673cb9e03b,,section.nullstellensatz_normalization.0001,
formula.nullstellensatz_normalization.0229,root.cring.nullstellensatz_normalization,241,formula,inline-dollar,294,294,294,294,,,2725b2d0fc640cb2728a1834f8c41d47e601a7313494a3c35628268f485f3a5f,2725b2d0fc640cb2728a1834f8c41d47e601a7313494a3c35628268f485f3a5f,2725b2d0fc640cb2728a1834f8c41d47e601a7313494a3c35628268f485f3a5f,section.nullstellensatz_normalization.0005,
formula.nullstellensatz_normalization.0230,root.cring.nullstellensatz_normalization,242,formula,inline-dollar,294,294,294,294,,,df91b9d8bde2bd79d3cb76137bd81f2206b660c9b7f45db5c393b3dc8b225e3e,df91b9d8bde2bd79d3cb76137bd81f2206b660c9b7f45db5c393b3dc8b225e3e,df91b9d8bde2bd79d3cb76137bd81f2206b660c9b7f45db5c393b3dc8b225e3e,section.nullstellensatz_normalization.0005,
formula.nullstellensatz_normalization.0231,root.cring.nullstellensatz_normalization,243,formula,inline-dollar,294,294,294,294,,,2725b2d0fc640cb2728a1834f8c41d47e601a7313494a3c35628268f485f3a5f,2725b2d0fc640cb2728a1834f8c41d47e601a7313494a3c35628268f485f3a5f,2725b2d0fc640cb2728a1834f8c41d47e601a7313494a3c35628268f485f3a5f,section.nullstellensatz_normalization.0005,
formula.nullstellensatz_normalization.0232,root.cring.nullstellensatz_normalization,244,formula,inline-dollar,294,294,294,294,,,b42533b73370221c06f3fd4255f64fa998f91ae114a7732d44f889586bff0433,b42533b73370221c06f3fd4255f64fa998f91ae114a7732d44f889586bff0433,be54ce4e999833f26178de0acf9c286e915ed820dda973c1612af34dfe48f5f1,section.nullstellensatz_normalization.0005,
formula.nullstellensatz_normalization.0233,root.cring.nullstellensatz_normalization,245,formula,inline-dollar,294,294,294,294,,,df91b9d8bde2bd79d3cb76137bd81f2206b660c9b7f45db5c393b3dc8b225e3e,df91b9d8bde2bd79d3cb76137bd81f2206b660c9b7f45db5c393b3dc8b225e3e,df91b9d8bde2bd79d3cb76137bd81f2206b660c9b7f45db5c393b3dc8b225e3e,section.nullstellensatz_normalization.0005,
formula.nullstellensatz_normalization.0234,root.cring.nullstellensatz_normalization,246,formula,inline-dollar,294,294,294,294,,,2725b2d0fc640cb2728a1834f8c41d47e601a7313494a3c35628268f485f3a5f,2725b2d0fc640cb2728a1834f8c41d47e601a7313494a3c35628268f485f3a5f,2725b2d0fc640cb2728a1834f8c41d47e601a7313494a3c35628268f485f3a5f,section.nullstellensatz_normalization.0005,
formula.nullstellensatz_normalization.0235,root.cring.nullstellensatz_normalization,247,formula,inline-dollar,294,294,294,294,,,514d3f80108b890472b1f178a131f596328b150c2d7abc369317f1855a8a23f9,514d3f80108b890472b1f178a131f596328b150c2d7abc369317f1855a8a23f9,2b3ad7f074ca7daa5a648d63830408d0c8363e735cbd1bb18f2ac0e3a99c13e6,section.nullstellensatz_normalization.0005,
formula.nullstellensatz_normalization.0236,root.cring.nullstellensatz_normalization,248,formula,display-dollar,295,295,295,295,,,ddf3d8675a92b3e10de8e8ec0e64ae61b8f8ae3ef19c76ca7b7d558c9e28c18e,ddf3d8675a92b3e10de8e8ec0e64ae61b8f8ae3ef19c76ca7b7d558c9e28c18e,c001a6813757720f93a689072dcbe59d3f01c227f8a72676534f885610aed740,section.nullstellensatz_normalization.0005,
formula.nullstellensatz_normalization.0237,root.cring.nullstellensatz_normalization,249,formula,inline-dollar,296,296,296,296,,,ce3122da4d61bb4971f81347cc1267add19436adba453a9abd08028b4877b5bc,ce3122da4d61bb4971f81347cc1267add19436adba453a9abd08028b4877b5bc,93db105d4fc96402a718af151f946709d7eef6eff66ae12a6c778de582f6df7e,section.nullstellensatz_normalization.0005,
formula.nullstellensatz_normalization.0238,root.cring.nullstellensatz_normalization,250,formula,inline-dollar,296,296,296,296,,,74f5eb4ec33aa2c89d4fb45251a0a21cd13a694d9225c3cf9e0bf28dc64b75a9,74f5eb4ec33aa2c89d4fb45251a0a21cd13a694d9225c3cf9e0bf28dc64b75a9,5ec74d732bbe9d542b4ede6c118201e8bc31522ecebbc857bbcf36acd483738f,section.nullstellensatz_normalization.0005,
formula.nullstellensatz_normalization.0239,root.cring.nullstellensatz_normalization,251,formula,inline-dollar,296,296,296,296,,,b7ae363c0da0d1794dbc13aebd323df269a1baa50273e30a0a03644097711df6,b7ae363c0da0d1794dbc13aebd323df269a1baa50273e30a0a03644097711df6,b7ae363c0da0d1794dbc13aebd323df269a1baa50273e30a0a03644097711df6,section.nullstellensatz_normalization.0005,
formula.nullstellensatz_normalization.0240,root.cring.nullstellensatz_normalization,252,formula,inline-dollar,296,296,296,296,,,80b6d1db29bb7bce191e04a679ceab51dbfe5b73d23db47d61d4de956b0a4eb8,80b6d1db29bb7bce191e04a679ceab51dbfe5b73d23db47d61d4de956b0a4eb8,ed956836dcc81751cf1ac4841360e02b2c18676b6e0af4ee4f9fffb41f815374,section.nullstellensatz_normalization.0005,
formula.nullstellensatz_normalization.0241,root.cring.nullstellensatz_normalization,253,formula,inline-dollar,296,296,296,296,,,df91b9d8bde2bd79d3cb76137bd81f2206b660c9b7f45db5c393b3dc8b225e3e,df91b9d8bde2bd79d3cb76137bd81f2206b660c9b7f45db5c393b3dc8b225e3e,df91b9d8bde2bd79d3cb76137bd81f2206b660c9b7f45db5c393b3dc8b225e3e,section.nullstellensatz_normalization.0005,
formula.nullstellensatz_normalization.0242,root.cring.nullstellensatz_normalization,254,formula,inline-dollar,296,296,296,296,,,22b9ef3504b3f9ae2cb964b2478cba8c6a347af2ba9970b3e82d3f9a530d2ed8,22b9ef3504b3f9ae2cb964b2478cba8c6a347af2ba9970b3e82d3f9a530d2ed8,7a2a8fb414b57baab9ce71a81b0d4aa118a90475494cced1795094cb6e239dbe,section.nullstellensatz_normalization.0005,
formula.nullstellensatz_normalization.0243,root.cring.nullstellensatz_normalization,255,formula,inline-dollar,296,296,296,296,,,7602b1232f4061a0cd337986bd785dffe5a8f80024b93047c0266210651d025e,7602b1232f4061a0cd337986bd785dffe5a8f80024b93047c0266210651d025e,3893f9be5e87308c537a8b7157a61a1d9bb12494bd5ceac98afef744c76a0c8b,section.nullstellensatz_normalization.0005,
formula.nullstellensatz_normalization.0244,root.cring.nullstellensatz_normalization,256,formula,inline-dollar,296,296,296,296,,,5fa5873fa170240c2b2d616a600a4050b93cdd9fa5cf36bebdc2f7bcda4c1ecc,5fa5873fa170240c2b2d616a600a4050b93cdd9fa5cf36bebdc2f7bcda4c1ecc,5fa5873fa170240c2b2d616a600a4050b93cdd9fa5cf36bebdc2f7bcda4c1ecc,section.nullstellensatz_normalization.0005,
formula.nullstellensatz_normalization.0245,root.cring.nullstellensatz_normalization,257,formula,inline-dollar,296,296,296,296,,,401c22f57c1a7b3fd9bfbab993a1217702bf668f556921022a06b811573d8f24,401c22f57c1a7b3fd9bfbab993a1217702bf668f556921022a06b811573d8f24,401c22f57c1a7b3fd9bfbab993a1217702bf668f556921022a06b811573d8f24,section.nullstellensatz_normalization.0005,
formula.nullstellensatz_normalization.0246,root.cring.nullstellensatz_normalization,258,formula,inline-dollar,296,296,296,296,,,5fa5873fa170240c2b2d616a600a4050b93cdd9fa5cf36bebdc2f7bcda4c1ecc,5fa5873fa170240c2b2d616a600a4050b93cdd9fa5cf36bebdc2f7bcda4c1ecc,5fa5873fa170240c2b2d616a600a4050b93cdd9fa5cf36bebdc2f7bcda4c1ecc,section.nullstellensatz_normalization.0005,
formula.nullstellensatz_normalization.0247,root.cring.nullstellensatz_normalization,259,formula,inline-dollar,296,296,296,296,,,d622ab108d3e8e5654a78f1988b41adea6cc854226edbe4b64393dd836ebcfb8,d622ab108d3e8e5654a78f1988b41adea6cc854226edbe4b64393dd836ebcfb8,d622ab108d3e8e5654a78f1988b41adea6cc854226edbe4b64393dd836ebcfb8,section.nullstellensatz_normalization.0005,
definition.nullstellensatz_normalization.0001,root.cring.nullstellensatz_normalization,260,definition,definition,298,298,298,298,,,78fbca9b3557617e54af70f42dc23e97c448556abfce37533c6b377b0e27b671,04acee5fac853e40802a32b72d9dc9d976dffb8c36dfc457e7fed6f4995e2a31,,section.nullstellensatz_normalization.0005,
formula.nullstellensatz_normalization.0248,root.cring.nullstellensatz_normalization,261,formula,inline-dollar,298,298,298,298,,,629d960732d3ac2d1dab7ad1eb226e3836a8644a61ae18a0b08edaff2afbe286,629d960732d3ac2d1dab7ad1eb226e3836a8644a61ae18a0b08edaff2afbe286,88732a5083797fd826e83f6af50fd529ccc4b165cf23c82abe3db049c9eb859f,section.nullstellensatz_normalization.0005,
formula.nullstellensatz_normalization.0249,root.cring.nullstellensatz_normalization,262,formula,inline-dollar,298,298,298,298,,,df91b9d8bde2bd79d3cb76137bd81f2206b660c9b7f45db5c393b3dc8b225e3e,df91b9d8bde2bd79d3cb76137bd81f2206b660c9b7f45db5c393b3dc8b225e3e,df91b9d8bde2bd79d3cb76137bd81f2206b660c9b7f45db5c393b3dc8b225e3e,section.nullstellensatz_normalization.0005,
formula.nullstellensatz_normalization.0250,root.cring.nullstellensatz_normalization,263,formula,inline-dollar,300,300,300,300,,,df91b9d8bde2bd79d3cb76137bd81f2206b660c9b7f45db5c393b3dc8b225e3e,df91b9d8bde2bd79d3cb76137bd81f2206b660c9b7f45db5c393b3dc8b225e3e,df91b9d8bde2bd79d3cb76137bd81f2206b660c9b7f45db5c393b3dc8b225e3e,section.nullstellensatz_normalization.0005,
formula.nullstellensatz_normalization.0251,root.cring.nullstellensatz_normalization,264,formula,inline-dollar,300,300,300,300,,,ccd2b4a0ba379d8f9711b5dbc84d5b71c498d82e403f940904c5bf9cfb31d181,ccd2b4a0ba379d8f9711b5dbc84d5b71c498d82e403f940904c5bf9cfb31d181,ccd2b4a0ba379d8f9711b5dbc84d5b71c498d82e403f940904c5bf9cfb31d181,section.nullstellensatz_normalization.0005,
formula.nullstellensatz_normalization.0252,root.cring.nullstellensatz_normalization,265,formula,inline-dollar,300,300,300,300,,,2725b2d0fc640cb2728a1834f8c41d47e601a7313494a3c35628268f485f3a5f,2725b2d0fc640cb2728a1834f8c41d47e601a7313494a3c35628268f485f3a5f,2725b2d0fc640cb2728a1834f8c41d47e601a7313494a3c35628268f485f3a5f,section.nullstellensatz_normalization.0005,
formula.nullstellensatz_normalization.0253,root.cring.nullstellensatz_normalization,266,formula,inline-dollar,300,300,300,300,,,1528edf1d1b45d57a9230d543bb4e080449387de3c743abfabf07ea89035ab24,1528edf1d1b45d57a9230d543bb4e080449387de3c743abfabf07ea89035ab24,6f81f5fccd18a285c3ac098b77dcd24b5a0602f26454ecc268e475351ce3ad09,section.nullstellensatz_normalization.0005,
formula.nullstellensatz_normalization.0254,root.cring.nullstellensatz_normalization,267,formula,inline-dollar,300,300,300,300,,,5069e4946708c7b5dda01b5796486651fd4251edd2ebfccde3ff70a44d5dfe4b,5069e4946708c7b5dda01b5796486651fd4251edd2ebfccde3ff70a44d5dfe4b,90cc9d9f05812db27f115cef9deb736af12d31abf326d70f0bce501a032d654b,section.nullstellensatz_normalization.0005,
definition.nullstellensatz_normalization.0002,root.cring.nullstellensatz_normalization,268,definition,definition,302,302,302,302,,,9e58a74a1217d02e1d3e6cd097353d899eeff19a47752a1a525b48568365746a,b48155271078a7db59104a7e850ae65b2190253a0259dfa80800996365e7d368,,section.nullstellensatz_normalization.0005,
formula.nullstellensatz_normalization.0255,root.cring.nullstellensatz_normalization,269,formula,inline-dollar,302,302,302,302,,,5069e4946708c7b5dda01b5796486651fd4251edd2ebfccde3ff70a44d5dfe4b,5069e4946708c7b5dda01b5796486651fd4251edd2ebfccde3ff70a44d5dfe4b,90cc9d9f05812db27f115cef9deb736af12d31abf326d70f0bce501a032d654b,section.nullstellensatz_normalization.0005,
formula.nullstellensatz_normalization.0256,root.cring.nullstellensatz_normalization,270,formula,inline-dollar,302,302,302,302,,,9b3351ac84c587e0e65eb0e3b199172a1dbdc32d0d588ecaac47a7c6a5d6d1a1,9b3351ac84c587e0e65eb0e3b199172a1dbdc32d0d588ecaac47a7c6a5d6d1a1,9b3351ac84c587e0e65eb0e3b199172a1dbdc32d0d588ecaac47a7c6a5d6d1a1,section.nullstellensatz_normalization.0005,
theorem.nullstellensatz_normalization.0006,root.cring.nullstellensatz_normalization,271,theorem,proposition,306,306,306,306,,,7e9154886e7679195fd99af75b984c71e0e7f96f03b2d6bcd5eed69034b27a58,7e31b831f1b6b73bbcf2bc277f79a2077126b545db9222d6c8abbf10326e1d40,,section.nullstellensatz_normalization.0005,
formula.nullstellensatz_normalization.0257,root.cring.nullstellensatz_normalization,272,formula,inline-dollar,306,306,306,306,,,5069e4946708c7b5dda01b5796486651fd4251edd2ebfccde3ff70a44d5dfe4b,5069e4946708c7b5dda01b5796486651fd4251edd2ebfccde3ff70a44d5dfe4b,90cc9d9f05812db27f115cef9deb736af12d31abf326d70f0bce501a032d654b,section.nullstellensatz_normalization.0005,
formula.nullstellensatz_normalization.0258,root.cring.nullstellensatz_normalization,273,formula,inline-dollar,306,306,306,306,,,629d960732d3ac2d1dab7ad1eb226e3836a8644a61ae18a0b08edaff2afbe286,629d960732d3ac2d1dab7ad1eb226e3836a8644a61ae18a0b08edaff2afbe286,88732a5083797fd826e83f6af50fd529ccc4b165cf23c82abe3db049c9eb859f,section.nullstellensatz_normalization.0005,
formula.nullstellensatz_normalization.0259,root.cring.nullstellensatz_normalization,274,formula,inline-dollar,306,306,306,306,,,8a02f0417098198cffd55903aeb0c912d6da531a1767da561be7f26cd835707a,8a02f0417098198cffd55903aeb0c912d6da531a1767da561be7f26cd835707a,f36d9d42a17e545d22f517680f9110763a18492e6f3e00689618eb7e89e3f369,section.nullstellensatz_normalization.0005,
formula.nullstellensatz_normalization.0260,root.cring.nullstellensatz_normalization,275,formula,inline-dollar,309,309,309,309,,,0e3efde77bdaa6ce3429b775420add0cce2e3a30d9f38945d36bb921191ac586,0e3efde77bdaa6ce3429b775420add0cce2e3a30d9f38945d36bb921191ac586,0e3efde77bdaa6ce3429b775420add0cce2e3a30d9f38945d36bb921191ac586,section.nullstellensatz_normalization.0005,
formula.nullstellensatz_normalization.0261,root.cring.nullstellensatz_normalization,276,formula,display-bracket,310,315,310,315,,,143416bf6a267407b8368c357375e451cd148b5eb0f5358e98ae074cc8d6a248,143416bf6a267407b8368c357375e451cd148b5eb0f5358e98ae074cc8d6a248,ee38b68086d1e2ed03eee51e0e68fd249e5919a8fee2ff6f42da175a52acb3da,section.nullstellensatz_normalization.0005,
formula.nullstellensatz_normalization.0262,root.cring.nullstellensatz_normalization,277,formula,inline-dollar,316,316,316,316,,,1528edf1d1b45d57a9230d543bb4e080449387de3c743abfabf07ea89035ab24,1528edf1d1b45d57a9230d543bb4e080449387de3c743abfabf07ea89035ab24,6f81f5fccd18a285c3ac098b77dcd24b5a0602f26454ecc268e475351ce3ad09,section.nullstellensatz_normalization.0005,
formula.nullstellensatz_normalization.0263,root.cring.nullstellensatz_normalization,278,formula,inline-dollar,316,316,316,316,,,0e3efde77bdaa6ce3429b775420add0cce2e3a30d9f38945d36bb921191ac586,0e3efde77bdaa6ce3429b775420add0cce2e3a30d9f38945d36bb921191ac586,0e3efde77bdaa6ce3429b775420add0cce2e3a30d9f38945d36bb921191ac586,section.nullstellensatz_normalization.0005,
formula.nullstellensatz_normalization.0264,root.cring.nullstellensatz_normalization,279,formula,inline-dollar,318,318,318,318,,,88b41eb000d682df305ef80130dceeabe5178e01645fa875aac471ece76f3e5c,88b41eb000d682df305ef80130dceeabe5178e01645fa875aac471ece76f3e5c,88b41eb000d682df305ef80130dceeabe5178e01645fa875aac471ece76f3e5c,section.nullstellensatz_normalization.0005,
formula.nullstellensatz_normalization.0265,root.cring.nullstellensatz_normalization,280,formula,inline-dollar,318,318,318,318,,,629d960732d3ac2d1dab7ad1eb226e3836a8644a61ae18a0b08edaff2afbe286,629d960732d3ac2d1dab7ad1eb226e3836a8644a61ae18a0b08edaff2afbe286,88732a5083797fd826e83f6af50fd529ccc4b165cf23c82abe3db049c9eb859f,section.nullstellensatz_normalization.0005,
formula.nullstellensatz_normalization.0266,root.cring.nullstellensatz_normalization,281,formula,inline-dollar,318,318,318,318,,,690ab3177936578858eeeac19abb8937c74b3aff565f85ff95a7022dd8211286,690ab3177936578858eeeac19abb8937c74b3aff565f85ff95a7022dd8211286,690ab3177936578858eeeac19abb8937c74b3aff565f85ff95a7022dd8211286,section.nullstellensatz_normalization.0005,
formula.nullstellensatz_normalization.0267,root.cring.nullstellensatz_normalization,282,formula,display-dollar,319,324,319,324,,,e681c3b3f94c94213f72e021b79f1bf72489352c7a8206c6d4b0e9adbaba60e5,e681c3b3f94c94213f72e021b79f1bf72489352c7a8206c6d4b0e9adbaba60e5,29ffc68314f95521545e88fcff7fae3766e41d0906329536cb9dc985d0f14332,section.nullstellensatz_normalization.0005,
formula.nullstellensatz_normalization.0268,root.cring.nullstellensatz_normalization,283,formula,inline-dollar,325,325,325,325,,,9b3351ac84c587e0e65eb0e3b199172a1dbdc32d0d588ecaac47a7c6a5d6d1a1,9b3351ac84c587e0e65eb0e3b199172a1dbdc32d0d588ecaac47a7c6a5d6d1a1,9b3351ac84c587e0e65eb0e3b199172a1dbdc32d0d588ecaac47a7c6a5d6d1a1,section.nullstellensatz_normalization.0005,
formula.nullstellensatz_normalization.0269,root.cring.nullstellensatz_normalization,284,formula,inline-dollar,325,325,325,325,,,f9ce310748b212deb47ad1e5740da6be8d772e344b70955c77251f554f9ce60c,f9ce310748b212deb47ad1e5740da6be8d772e344b70955c77251f554f9ce60c,ba91801fdb52e1da57f896f6788fbe7d2c05d170761dac5caf6d5cb292cf9866,section.nullstellensatz_normalization.0005,
formula.nullstellensatz_normalization.0270,root.cring.nullstellensatz_normalization,285,formula,inline-dollar,325,325,325,325,,,d0dd784c90144fcc3db28285c59e8ba1111592a4da285784341219c87b32316f,d0dd784c90144fcc3db28285c59e8ba1111592a4da285784341219c87b32316f,d0dd784c90144fcc3db28285c59e8ba1111592a4da285784341219c87b32316f,section.nullstellensatz_normalization.0005,
formula.nullstellensatz_normalization.0271,root.cring.nullstellensatz_normalization,286,formula,inline-dollar,325,325,325,325,,,bf2e9083f8c0d3f757ad28797ca33802b84a9156942524f889f4a0bd7a5c2173,bf2e9083f8c0d3f757ad28797ca33802b84a9156942524f889f4a0bd7a5c2173,bf2e9083f8c0d3f757ad28797ca33802b84a9156942524f889f4a0bd7a5c2173,section.nullstellensatz_normalization.0005,
formula.nullstellensatz_normalization.0272,root.cring.nullstellensatz_normalization,287,formula,inline-dollar,325,325,325,325,,,577eca5736c8259f9796fd228105105029fba337619576a88fbf766c8f2546e8,577eca5736c8259f9796fd228105105029fba337619576a88fbf766c8f2546e8,bef335ebf98b16c760fe8a150da72f09a3eb0bacd197a28656d03224fa4e514f,section.nullstellensatz_normalization.0005,
formula.nullstellensatz_normalization.0273,root.cring.nullstellensatz_normalization,288,formula,inline-dollar,325,325,325,325,,,430b7abc16a2744cba92af8e559f263dd7b31a09c42103b3238756ad76843a92,430b7abc16a2744cba92af8e559f263dd7b31a09c42103b3238756ad76843a92,05af7ca98996a0692e4f8c15f834ed9bb6f28d484878df10c7f2947a3ee85d63,section.nullstellensatz_normalization.0005,
formula.nullstellensatz_normalization.0274,root.cring.nullstellensatz_normalization,289,formula,inline-dollar,325,325,325,325,,,629d960732d3ac2d1dab7ad1eb226e3836a8644a61ae18a0b08edaff2afbe286,629d960732d3ac2d1dab7ad1eb226e3836a8644a61ae18a0b08edaff2afbe286,88732a5083797fd826e83f6af50fd529ccc4b165cf23c82abe3db049c9eb859f,section.nullstellensatz_normalization.0005,
formula.nullstellensatz_normalization.0275,root.cring.nullstellensatz_normalization,290,formula,inline-dollar,325,325,325,325,,,99a77e57126bb9c411914571e69e3d04d272e606c4ad8da12f0802da2dd92f4f,99a77e57126bb9c411914571e69e3d04d272e606c4ad8da12f0802da2dd92f4f,99a77e57126bb9c411914571e69e3d04d272e606c4ad8da12f0802da2dd92f4f,section.nullstellensatz_normalization.0005,
formula.nullstellensatz_normalization.0276,root.cring.nullstellensatz_normalization,291,formula,inline-dollar,326,326,326,326,,,9406cf74ebbd758c6c05feeb02aa3567ab4a675de0d3f785f923307a20a82509,9406cf74ebbd758c6c05feeb02aa3567ab4a675de0d3f785f923307a20a82509,513abdfd3b6b3cb0c64d2530c7d16b0523f78a02424dab331dbde2b2c727a319,section.nullstellensatz_normalization.0005,
formula.nullstellensatz_normalization.0277,root.cring.nullstellensatz_normalization,292,formula,inline-dollar,327,327,327,327,,,b20bffe0e63b122310b52301abcb90bf1efe431d4f188633a0268af511954cfd,b20bffe0e63b122310b52301abcb90bf1efe431d4f188633a0268af511954cfd,b20bffe0e63b122310b52301abcb90bf1efe431d4f188633a0268af511954cfd,section.nullstellensatz_normalization.0005,
section.krull_dimension.0001,root.cring.krull_dimension,1,section,section,1,1,1,1,The Hilbert function and the dimension of a local ring,Fungsi Hilbert dan dimensi gelanggang lokal,9272c6b1242c4ef92fbd454c8322debf81fd9c440b7a750baab669ba18f6b7de,830caa7bfe1e96f2ea93235f238d4a5af54b9f78201c78cf2a44735ee4cf7def,,,
section.krull_dimension.0002,root.cring.krull_dimension,2,section,subsection,2,2,2,2,Integer-valued polynomials,Polinomial bernilai bulat,52ccb7ebfee1b2505a6552a32ed7edbb6b522fd035bdd6d96dce0402bea50e3e,e162dda656e5d4bd7dd507bd5c06c1be6feb6ff824c1b56565d5b8c33ef9fd22,,section.krull_dimension.0001,
formula.krull_dimension.0001,root.cring.krull_dimension,3,formula,inline-dollar,6,6,6,6,,,2bfd37a9dfd628a9f751afcca57951b090f21cef6c9fc8f4f3ac7d6307276540,2bfd37a9dfd628a9f751afcca57951b090f21cef6c9fc8f4f3ac7d6307276540,726d38388b2a6f2060481b7e86356731a7081e2a6cf4b52755100f900a042aa0,section.krull_dimension.0002,
formula.krull_dimension.0002,root.cring.krull_dimension,4,formula,inline-dollar,6,6,6,6,,,83e05657563b28cf0b63748e1c794cad196c106a2c5499d9fa561d9a35e7f865,83e05657563b28cf0b63748e1c794cad196c106a2c5499d9fa561d9a35e7f865,83e05657563b28cf0b63748e1c794cad196c106a2c5499d9fa561d9a35e7f865,section.krull_dimension.0002,
formula.krull_dimension.0003,root.cring.krull_dimension,5,formula,inline-dollar,7,7,7,7,,,17231f65f3eab12195bbce7143b4e75f4e04bc086067ced36e820d2e09de897e,17231f65f3eab12195bbce7143b4e75f4e04bc086067ced36e820d2e09de897e,17231f65f3eab12195bbce7143b4e75f4e04bc086067ced36e820d2e09de897e,section.krull_dimension.0002,
formula.krull_dimension.0004,root.cring.krull_dimension,6,formula,inline-dollar,8,8,8,8,,,17231f65f3eab12195bbce7143b4e75f4e04bc086067ced36e820d2e09de897e,17231f65f3eab12195bbce7143b4e75f4e04bc086067ced36e820d2e09de897e,17231f65f3eab12195bbce7143b4e75f4e04bc086067ced36e820d2e09de897e,section.krull_dimension.0002,
formula.krull_dimension.0005,root.cring.krull_dimension,7,formula,inline-dollar,8,8,8,8,,,9114bac2da72ad41aa1177a4f5497e6e5184b76d5da4719bbfb9946c439f6e48,9114bac2da72ad41aa1177a4f5497e6e5184b76d5da4719bbfb9946c439f6e48,9114bac2da72ad41aa1177a4f5497e6e5184b76d5da4719bbfb9946c439f6e48,section.krull_dimension.0002,
formula.krull_dimension.0006,root.cring.krull_dimension,8,formula,inline-dollar,9,9,9,9,,,72ee37e3ec2b4bb67eb8ee9a96238b9cf912dcca4501d77be6beec764bdb7b5c,72ee37e3ec2b4bb67eb8ee9a96238b9cf912dcca4501d77be6beec764bdb7b5c,0466ae6e7a5128db3239cfdc626f9f8c6e2f4975267dc623befdd7a6f86824da,section.krull_dimension.0002,
theorem.krull_dimension.0001,root.cring.krull_dimension,9,theorem,proposition,11,16,11,16,,,d4888e723508ac9fe7899bf2fb69367ed27e9fee59cfc1625ecc613c5ff28ff9,4b40b5ae728465b5977b0ad7cb093f09ce8a89a00aaee013803f1ba62a000aff,,section.krull_dimension.0002,label.krull_dimension.0001
formula.krull_dimension.0007,root.cring.krull_dimension,10,formula,inline-dollar,12,12,12,12,,,2bfd37a9dfd628a9f751afcca57951b090f21cef6c9fc8f4f3ac7d6307276540,2bfd37a9dfd628a9f751afcca57951b090f21cef6c9fc8f4f3ac7d6307276540,726d38388b2a6f2060481b7e86356731a7081e2a6cf4b52755100f900a042aa0,section.krull_dimension.0002,
formula.krull_dimension.0008,root.cring.krull_dimension,11,formula,inline-dollar,12,12,12,12,,,524355056b462f2be995664c63a5af8f7b8db2602340c44bdb205f169b361324,524355056b462f2be995664c63a5af8f7b8db2602340c44bdb205f169b361324,524355056b462f2be995664c63a5af8f7b8db2602340c44bdb205f169b361324,section.krull_dimension.0002,
formula.krull_dimension.0009,root.cring.krull_dimension,12,formula,inline-dollar,12,12,12,12,,,eb23d805cf96b2886c94e2b1b09b6054f9df9cb7c0593c57fb5474159fbae4b2,eb23d805cf96b2886c94e2b1b09b6054f9df9cb7c0593c57fb5474159fbae4b2,826e7597a1c6cda07f23303b4389fabfb9c8bb4e7894459d2d1d9a7fb127b19a,section.krull_dimension.0002,
formula.krull_dimension.0010,root.cring.krull_dimension,13,formula,inline-dollar,13,13,13,13,,,83e05657563b28cf0b63748e1c794cad196c106a2c5499d9fa561d9a35e7f865,83e05657563b28cf0b63748e1c794cad196c106a2c5499d9fa561d9a35e7f865,83e05657563b28cf0b63748e1c794cad196c106a2c5499d9fa561d9a35e7f865,section.krull_dimension.0002,
formula.krull_dimension.0011,root.cring.krull_dimension,14,formula,display-bracket,14,14,14,14,,,b8fba61094d0e865c3d6cce019904752da9cab0897b837db7907456ff000d89e,b8fba61094d0e865c3d6cce019904752da9cab0897b837db7907456ff000d89e,21804e80060e90df9f82cfadc99379ebbdf213be90f42bd2964dd14eb20e695c,section.krull_dimension.0002,
formula.krull_dimension.0012,root.cring.krull_dimension,15,formula,inline-dollar,15,15,15,15,,,519a021dc2d1591553db6b80dd8bad0f67c7d7301e03f508e9a15cf73acff2d9,519a021dc2d1591553db6b80dd8bad0f67c7d7301e03f508e9a15cf73acff2d9,b1702c6d142b099fe3a0efda687e0ece789f378d62e06ae11b0ee2b2c932387b,section.krull_dimension.0002,
formula.krull_dimension.0013,root.cring.krull_dimension,16,formula,inline-dollar,17,17,17,17,,,83e05657563b28cf0b63748e1c794cad196c106a2c5499d9fa561d9a35e7f865,83e05657563b28cf0b63748e1c794cad196c106a2c5499d9fa561d9a35e7f865,83e05657563b28cf0b63748e1c794cad196c106a2c5499d9fa561d9a35e7f865,section.krull_dimension.0002,
formula.krull_dimension.0014,root.cring.krull_dimension,17,formula,inline-dollar,17,17,17,17,,,17231f65f3eab12195bbce7143b4e75f4e04bc086067ced36e820d2e09de897e,17231f65f3eab12195bbce7143b4e75f4e04bc086067ced36e820d2e09de897e,17231f65f3eab12195bbce7143b4e75f4e04bc086067ced36e820d2e09de897e,section.krull_dimension.0002,
formula.krull_dimension.0015,root.cring.krull_dimension,18,formula,inline-dollar,19,19,19,19,,,bd27e1913433ffac263801128f3ddb885a76a0bc3aa1d391097782f7851f0475,bd27e1913433ffac263801128f3ddb885a76a0bc3aa1d391097782f7851f0475,2c0820ddeaa941983f82808cd3a6fc66bff399d8d803d2a08dbc60e924685944,section.krull_dimension.0002,
formula.krull_dimension.0016,root.cring.krull_dimension,19,formula,inline-dollar,20,20,20,20,,,86b34a98ff274759f219256bd9e983d4a644ce08ae197eab9a3b17f1ce592f2b,86b34a98ff274759f219256bd9e983d4a644ce08ae197eab9a3b17f1ce592f2b,86b34a98ff274759f219256bd9e983d4a644ce08ae197eab9a3b17f1ce592f2b,section.krull_dimension.0002,
formula.krull_dimension.0017,root.cring.krull_dimension,20,formula,inline-dollar,20,20,20,20,,,a8ad7afa9758ba57c634f4f9ff6fb597fafa6339b5243de9cae7d7068609a16b,a8ad7afa9758ba57c634f4f9ff6fb597fafa6339b5243de9cae7d7068609a16b,a8ad7afa9758ba57c634f4f9ff6fb597fafa6339b5243de9cae7d7068609a16b,section.krull_dimension.0002,
formula.krull_dimension.0018,root.cring.krull_dimension,21,formula,inline-dollar,21,21,21,21,,,f4d0767844a5445b5c965359636ad27f164ad18325665bca8cfb9595ca8a5f99,f4d0767844a5445b5c965359636ad27f164ad18325665bca8cfb9595ca8a5f99,68a60d9cc5c526d6763d5c3a928608d0ebb54aae9f034391cfaa6f91068e8d8f,section.krull_dimension.0002,
formula.krull_dimension.0019,root.cring.krull_dimension,22,formula,inline-dollar,21,21,21,21,,,a43a5a4a8dab03d40111920db11309ab6e9d184123d936b21175b1db972475f0,a43a5a4a8dab03d40111920db11309ab6e9d184123d936b21175b1db972475f0,a6fbcfe1af0198b55c090a569bf7f4d24aa9d08e0c4c09fe54ff6a07cf463356,section.krull_dimension.0002,
formula.krull_dimension.0020,root.cring.krull_dimension,23,formula,inline-dollar,22,22,22,22,,,74a072e7469a759c0d6196a9309405848426bfeabf059c78345c1b0836913d43,74a072e7469a759c0d6196a9309405848426bfeabf059c78345c1b0836913d43,49f39c7e046dadbaa26ec4c0f89d62d011e05c814c6d55914a0a9873e9470f17,section.krull_dimension.0002,
formula.krull_dimension.0021,root.cring.krull_dimension,24,formula,inline-dollar,24,24,24,24,,,10cfcf409c91e3e843e76a122bb690f566264504a444b5fb2616b67b565fae69,10cfcf409c91e3e843e76a122bb690f566264504a444b5fb2616b67b565fae69,10cfcf409c91e3e843e76a122bb690f566264504a444b5fb2616b67b565fae69,section.krull_dimension.0002,
formula.krull_dimension.0022,root.cring.krull_dimension,25,formula,inline-dollar,24,25,24,25,,,6c9db0a8864f32bf681b1453d1e79c9dc665170e1681690364f779257102ab1e,6c9db0a8864f32bf681b1453d1e79c9dc665170e1681690364f779257102ab1e,8bbfffaef1402accf46a5cd4bda76bd11594121dc527594049bed8f17cfefaf2,section.krull_dimension.0002,
formula.krull_dimension.0023,root.cring.krull_dimension,26,formula,display-bracket,26,26,26,26,,,d56023639f9ef517f5993fe79566d067cb2531353ec3ac19ea0f7acac6e3e491,d56023639f9ef517f5993fe79566d067cb2531353ec3ac19ea0f7acac6e3e491,2ac61cf255dc88d95517748e967a96fe2e0b9d476603e85c8ee032e631f9e9f4,section.krull_dimension.0002,
formula.krull_dimension.0024,root.cring.krull_dimension,27,formula,inline-dollar,27,27,27,27,,,b20bffe0e63b122310b52301abcb90bf1efe431d4f188633a0268af511954cfd,b20bffe0e63b122310b52301abcb90bf1efe431d4f188633a0268af511954cfd,b20bffe0e63b122310b52301abcb90bf1efe431d4f188633a0268af511954cfd,section.krull_dimension.0002,
formula.krull_dimension.0025,root.cring.krull_dimension,28,formula,inline-dollar,27,27,27,27,,,eb23d805cf96b2886c94e2b1b09b6054f9df9cb7c0593c57fb5474159fbae4b2,eb23d805cf96b2886c94e2b1b09b6054f9df9cb7c0593c57fb5474159fbae4b2,826e7597a1c6cda07f23303b4389fabfb9c8bb4e7894459d2d1d9a7fb127b19a,section.krull_dimension.0002,
formula.krull_dimension.0026,root.cring.krull_dimension,29,formula,inline-dollar,28,28,28,28,,,40492308752d1a86b1574ce21a8ee74378fa56fb24142d5867c99a385c82ddac,40492308752d1a86b1574ce21a8ee74378fa56fb24142d5867c99a385c82ddac,3c3cd3ea1bc9e419d1ce11fe357cda9593b70c04aa75f4cbc47841ee47604dd1,section.krull_dimension.0002,
formula.krull_dimension.0027,root.cring.krull_dimension,30,formula,inline-dollar,28,29,28,29,,,cbbb853c0e8bc6c2b508987e1f701e9cd9cded637c55230236be94893c982b22,cbbb853c0e8bc6c2b508987e1f701e9cd9cded637c55230236be94893c982b22,9c641de3c262f31876eb03572ee286f2df7f59ff46f2ed8a3074669c92523278,section.krull_dimension.0002,
formula.krull_dimension.0028,root.cring.krull_dimension,31,formula,inline-dollar,32,32,32,32,,,c397d22050ba34aef3c0f74ef29b1ee0d0496ab014d7c817f063c4b6c85f463d,c397d22050ba34aef3c0f74ef29b1ee0d0496ab014d7c817f063c4b6c85f463d,9927d1471faf21426233dd9f5cb93f9cd55cbd5708f724314efeca099036cc37,section.krull_dimension.0002,
formula.krull_dimension.0029,root.cring.krull_dimension,32,formula,inline-dollar,32,32,32,32,,,17231f65f3eab12195bbce7143b4e75f4e04bc086067ced36e820d2e09de897e,17231f65f3eab12195bbce7143b4e75f4e04bc086067ced36e820d2e09de897e,17231f65f3eab12195bbce7143b4e75f4e04bc086067ced36e820d2e09de897e,section.krull_dimension.0002,
formula.krull_dimension.0030,root.cring.krull_dimension,33,formula,inline-dollar,32,32,32,32,,,74a072e7469a759c0d6196a9309405848426bfeabf059c78345c1b0836913d43,74a072e7469a759c0d6196a9309405848426bfeabf059c78345c1b0836913d43,49f39c7e046dadbaa26ec4c0f89d62d011e05c814c6d55914a0a9873e9470f17,section.krull_dimension.0002,
formula.krull_dimension.0031,root.cring.krull_dimension,34,formula,inline-dollar,35,35,35,35,,,17231f65f3eab12195bbce7143b4e75f4e04bc086067ced36e820d2e09de897e,17231f65f3eab12195bbce7143b4e75f4e04bc086067ced36e820d2e09de897e,17231f65f3eab12195bbce7143b4e75f4e04bc086067ced36e820d2e09de897e,section.krull_dimension.0002,
section.krull_dimension.0003,root.cring.krull_dimension,35,section,subsection,40,40,40,40,Definition and examples,Definisi dan contoh,43c7a658118f8ff7ffba3630fe5f75bbb9f4ac4b9dd04dcfff33c97ec240f841,a05d5b04ac8915609fe82d3972c5b09bcb5b57218d4c22ed160a0130c363ebab,,section.krull_dimension.0001,
formula.krull_dimension.0032,root.cring.krull_dimension,36,formula,inline-dollar,41,41,41,41,,,a28faf6143663643c867a9e6316c985e9cef6a6ed418572e97343866efcfe288,a28faf6143663643c867a9e6316c985e9cef6a6ed418572e97343866efcfe288,a28faf6143663643c867a9e6316c985e9cef6a6ed418572e97343866efcfe288,section.krull_dimension.0003,
question.krull_dimension.0001,root.cring.krull_dimension,37,question,question,42,45,42,45,,,ed856cc2cba51e9b3e0fbcd10973096d8df7cf3813c29069f8a494174dab9a2b,cf97e427db67b0ac1bd472657f20fea0a3c218f7dbedb7140941f029c05ac15c,,section.krull_dimension.0003,
formula.krull_dimension.0033,root.cring.krull_dimension,38,formula,inline-dollar,43,43,43,43,,,bed02f184671f73f6c86c26d05526d05c8dd6eccdbe70737bb028147c45702c5,bed02f184671f73f6c86c26d05526d05c8dd6eccdbe70737bb028147c45702c5,bed02f184671f73f6c86c26d05526d05c8dd6eccdbe70737bb028147c45702c5,section.krull_dimension.0003,
formula.krull_dimension.0034,root.cring.krull_dimension,39,formula,inline-dollar,44,44,44,44,,,a28faf6143663643c867a9e6316c985e9cef6a6ed418572e97343866efcfe288,a28faf6143663643c867a9e6316c985e9cef6a6ed418572e97343866efcfe288,a28faf6143663643c867a9e6316c985e9cef6a6ed418572e97343866efcfe288,section.krull_dimension.0003,
formula.krull_dimension.0035,root.cring.krull_dimension,40,formula,inline-dollar,47,47,47,47,,,c637d883fd1fa3bab98996eda143c70a4b0ba2604e5295379dafa9c163ab907b,c637d883fd1fa3bab98996eda143c70a4b0ba2604e5295379dafa9c163ab907b,622bbcdd1d46ce21f94cd41125130a26aa4ed31bf08a74c6d9d6c48b84418a9c,section.krull_dimension.0003,
formula.krull_dimension.0036,root.cring.krull_dimension,41,formula,inline-dollar,48,48,48,48,,,e8b925ca11f2f95a3d04bdc52d7ddcafb14b620d03782220856e69352e3eb27c,e8b925ca11f2f95a3d04bdc52d7ddcafb14b620d03782220856e69352e3eb27c,c5933118d3b6a5e5911b67ed209585dbcfa6651d9b54700543a62e63e24c277a,section.krull_dimension.0003,
formula.krull_dimension.0037,root.cring.krull_dimension,42,formula,inline-dollar,48,48,48,48,,,a28faf6143663643c867a9e6316c985e9cef6a6ed418572e97343866efcfe288,a28faf6143663643c867a9e6316c985e9cef6a6ed418572e97343866efcfe288,a28faf6143663643c867a9e6316c985e9cef6a6ed418572e97343866efcfe288,section.krull_dimension.0003,
formula.krull_dimension.0038,root.cring.krull_dimension,43,formula,inline-dollar,49,49,49,49,,,bb4bc0183a7d484898e30fb7e41308e47e36e9e66bfcbec48d7c181b9de666c4,bb4bc0183a7d484898e30fb7e41308e47e36e9e66bfcbec48d7c181b9de666c4,bb4bc0183a7d484898e30fb7e41308e47e36e9e66bfcbec48d7c181b9de666c4,section.krull_dimension.0003,
formula.krull_dimension.0039,root.cring.krull_dimension,44,formula,inline-dollar,50,50,50,50,,,2ed35620160f9623ab674a55e60f3ff276bd97109c2ef6a2e5425a6d4e1b8bdc,2ed35620160f9623ab674a55e60f3ff276bd97109c2ef6a2e5425a6d4e1b8bdc,2ed35620160f9623ab674a55e60f3ff276bd97109c2ef6a2e5425a6d4e1b8bdc,section.krull_dimension.0003,
formula.krull_dimension.0040,root.cring.krull_dimension,45,formula,inline-dollar,55,55,55,55,,,fa6f31e9e86c1655d3baaa082b67e49ab4328ed37e36669ea780c047487a6969,fa6f31e9e86c1655d3baaa082b67e49ab4328ed37e36669ea780c047487a6969,fa6f31e9e86c1655d3baaa082b67e49ab4328ed37e36669ea780c047487a6969,section.krull_dimension.0003,
formula.krull_dimension.0041,root.cring.krull_dimension,46,formula,inline-dollar,55,55,55,55,,,bb28a9b83048a0f36a72a56394914040f7f0171b49534f6138053bdd68916943,bb28a9b83048a0f36a72a56394914040f7f0171b49534f6138053bdd68916943,bb28a9b83048a0f36a72a56394914040f7f0171b49534f6138053bdd68916943,section.krull_dimension.0003,
formula.krull_dimension.0042,root.cring.krull_dimension,47,formula,inline-dollar,55,56,55,56,,,9422f873f2f640ca6939f4de71bb6f9afcef229d37c027e527acd39e6212d54e,9422f873f2f640ca6939f4de71bb6f9afcef229d37c027e527acd39e6212d54e,01dca506b918e81c7f5d6445e7568eacbdf048bf160fa5a4eee485ae146e71c8,section.krull_dimension.0003,
formula.krull_dimension.0043,root.cring.krull_dimension,48,formula,inline-dollar,56,56,56,56,,,bb28a9b83048a0f36a72a56394914040f7f0171b49534f6138053bdd68916943,bb28a9b83048a0f36a72a56394914040f7f0171b49534f6138053bdd68916943,bb28a9b83048a0f36a72a56394914040f7f0171b49534f6138053bdd68916943,section.krull_dimension.0003,
formula.krull_dimension.0044,root.cring.krull_dimension,49,formula,inline-dollar,56,56,56,56,,,22bf003d6cac79e1d917cacdab9539c5d59468c02c22d29c08df00834ee4bbe6,22bf003d6cac79e1d917cacdab9539c5d59468c02c22d29c08df00834ee4bbe6,22bf003d6cac79e1d917cacdab9539c5d59468c02c22d29c08df00834ee4bbe6,section.krull_dimension.0003,
formula.krull_dimension.0045,root.cring.krull_dimension,50,formula,inline-dollar,57,57,57,57,,,22bf003d6cac79e1d917cacdab9539c5d59468c02c22d29c08df00834ee4bbe6,22bf003d6cac79e1d917cacdab9539c5d59468c02c22d29c08df00834ee4bbe6,22bf003d6cac79e1d917cacdab9539c5d59468c02c22d29c08df00834ee4bbe6,section.krull_dimension.0003,
formula.krull_dimension.0046,root.cring.krull_dimension,51,formula,inline-dollar,58,58,58,58,,,bb28a9b83048a0f36a72a56394914040f7f0171b49534f6138053bdd68916943,bb28a9b83048a0f36a72a56394914040f7f0171b49534f6138053bdd68916943,bb28a9b83048a0f36a72a56394914040f7f0171b49534f6138053bdd68916943,section.krull_dimension.0003,
formula.krull_dimension.0047,root.cring.krull_dimension,52,formula,inline-dollar,59,59,59,59,,,ee3a2d9d6af46d6c39d6778cb933997a4901d3bb7aabec645f9d266261d41595,ee3a2d9d6af46d6c39d6778cb933997a4901d3bb7aabec645f9d266261d41595,6ceebf4a43e3c1987ac090e999e8f15fcbd25e2ff22c66706d3c8dfb774531a2,section.krull_dimension.0003,
formula.krull_dimension.0048,root.cring.krull_dimension,53,formula,inline-dollar,60,60,60,60,,,bb4bc0183a7d484898e30fb7e41308e47e36e9e66bfcbec48d7c181b9de666c4,bb4bc0183a7d484898e30fb7e41308e47e36e9e66bfcbec48d7c181b9de666c4,bb4bc0183a7d484898e30fb7e41308e47e36e9e66bfcbec48d7c181b9de666c4,section.krull_dimension.0003,
formula.krull_dimension.0049,root.cring.krull_dimension,54,formula,inline-dollar,61,61,61,61,,,bb4bc0183a7d484898e30fb7e41308e47e36e9e66bfcbec48d7c181b9de666c4,bb4bc0183a7d484898e30fb7e41308e47e36e9e66bfcbec48d7c181b9de666c4,bb4bc0183a7d484898e30fb7e41308e47e36e9e66bfcbec48d7c181b9de666c4,section.krull_dimension.0003,
formula.krull_dimension.0050,root.cring.krull_dimension,55,formula,inline-dollar,62,62,62,62,,,c8fbfd427b35cc4b1396ed15327fa20f5ec92d75af475c0f1df029ed88a77455,c8fbfd427b35cc4b1396ed15327fa20f5ec92d75af475c0f1df029ed88a77455,c8fbfd427b35cc4b1396ed15327fa20f5ec92d75af475c0f1df029ed88a77455,section.krull_dimension.0003,
example.krull_dimension.0001,root.cring.krull_dimension,56,example,example,64,69,64,69,,,e81ddd5b730c003c3db195bdef205d7898b83fc0126a0fa85ef45ed2833ec32d,58f38ad4c32a8f2719ef0bcdd56203766d6a7313ec657a2e4c9fd74a9b9b0d57,,section.krull_dimension.0003,
formula.krull_dimension.0051,root.cring.krull_dimension,57,formula,inline-dollar,65,65,65,65,,,a28faf6143663643c867a9e6316c985e9cef6a6ed418572e97343866efcfe288,a28faf6143663643c867a9e6316c985e9cef6a6ed418572e97343866efcfe288,a28faf6143663643c867a9e6316c985e9cef6a6ed418572e97343866efcfe288,section.krull_dimension.0003,
formula.krull_dimension.0052,root.cring.krull_dimension,58,formula,inline-dollar,65,66,65,66,,,ba837ae09fd2ccf4c3cf1c06bbeccada38df4cf1354a090a8dc48e3583bbf0a8,ba837ae09fd2ccf4c3cf1c06bbeccada38df4cf1354a090a8dc48e3583bbf0a8,57147fe88f9f44effd30feb1bc7f640068b1e832073bc21317ac19a9d1a7e773,section.krull_dimension.0003,
formula.krull_dimension.0053,root.cring.krull_dimension,59,formula,inline-dollar,67,67,67,67,,,ac1909cb0cc2e6a270a336e3468c5a18a1f64d60cd347945b0ad62048e63e163,ac1909cb0cc2e6a270a336e3468c5a18a1f64d60cd347945b0ad62048e63e163,ac1909cb0cc2e6a270a336e3468c5a18a1f64d60cd347945b0ad62048e63e163,section.krull_dimension.0003,
formula.krull_dimension.0054,root.cring.krull_dimension,60,formula,inline-dollar,68,68,68,68,,,1075a6c56cbe3aab2a4fc6aa23edf4b798356b1cc557340b5b24424cc43b884f,1075a6c56cbe3aab2a4fc6aa23edf4b798356b1cc557340b5b24424cc43b884f,1075a6c56cbe3aab2a4fc6aa23edf4b798356b1cc557340b5b24424cc43b884f,section.krull_dimension.0003,
definition.krull_dimension.0001,root.cring.krull_dimension,61,definition,definition,74,80,74,80,,,b2dda72c4b7d05e4e91c5041637674ce6a9857d38bd40e83de87007fd28a9f0a,7d5751390ea072f1c1e7434b9a68ecc2568ff2fc6bc8717a89a466efa5b9919b,,section.krull_dimension.0003,
formula.krull_dimension.0055,root.cring.krull_dimension,62,formula,inline-dollar,75,75,75,75,,,a28faf6143663643c867a9e6316c985e9cef6a6ed418572e97343866efcfe288,a28faf6143663643c867a9e6316c985e9cef6a6ed418572e97343866efcfe288,a28faf6143663643c867a9e6316c985e9cef6a6ed418572e97343866efcfe288,section.krull_dimension.0003,
formula.krull_dimension.0056,root.cring.krull_dimension,63,formula,inline-dollar,75,75,75,75,,,bb4bc0183a7d484898e30fb7e41308e47e36e9e66bfcbec48d7c181b9de666c4,bb4bc0183a7d484898e30fb7e41308e47e36e9e66bfcbec48d7c181b9de666c4,bb4bc0183a7d484898e30fb7e41308e47e36e9e66bfcbec48d7c181b9de666c4,section.krull_dimension.0003,
formula.krull_dimension.0057,root.cring.krull_dimension,64,formula,inline-dollar,76,76,76,76,,,a28faf6143663643c867a9e6316c985e9cef6a6ed418572e97343866efcfe288,a28faf6143663643c867a9e6316c985e9cef6a6ed418572e97343866efcfe288,a28faf6143663643c867a9e6316c985e9cef6a6ed418572e97343866efcfe288,section.krull_dimension.0003,
formula.krull_dimension.0058,root.cring.krull_dimension,65,formula,inline-dollar,76,76,76,76,,,6e524aa1f5ccb7841c9737853a4fad11a363a410333814adc6e85213df4b7461,6e524aa1f5ccb7841c9737853a4fad11a363a410333814adc6e85213df4b7461,6507e5ebf871b6754848d9c862db3cebfdd85e6ff9e2426c8509af02ee47efe9,section.krull_dimension.0003,
formula.krull_dimension.0059,root.cring.krull_dimension,66,formula,inline-dollar,77,77,77,77,,,bb4bc0183a7d484898e30fb7e41308e47e36e9e66bfcbec48d7c181b9de666c4,bb4bc0183a7d484898e30fb7e41308e47e36e9e66bfcbec48d7c181b9de666c4,bb4bc0183a7d484898e30fb7e41308e47e36e9e66bfcbec48d7c181b9de666c4,section.krull_dimension.0003,
formula.krull_dimension.0060,root.cring.krull_dimension,67,formula,inline-dollar,77,77,77,77,,,a28faf6143663643c867a9e6316c985e9cef6a6ed418572e97343866efcfe288,a28faf6143663643c867a9e6316c985e9cef6a6ed418572e97343866efcfe288,a28faf6143663643c867a9e6316c985e9cef6a6ed418572e97343866efcfe288,section.krull_dimension.0003,
formula.krull_dimension.0061,root.cring.krull_dimension,68,formula,inline-dollar,78,78,78,78,,,8ca64e7004dd81a64705186ffbf28ea93c7082b11d2f373ba21cbf3f65a8c6fb,8ca64e7004dd81a64705186ffbf28ea93c7082b11d2f373ba21cbf3f65a8c6fb,57147fe88f9f44effd30feb1bc7f640068b1e832073bc21317ac19a9d1a7e773,section.krull_dimension.0003,
formula.krull_dimension.0062,root.cring.krull_dimension,69,formula,inline-dollar,79,79,79,79,,,1075a6c56cbe3aab2a4fc6aa23edf4b798356b1cc557340b5b24424cc43b884f,1075a6c56cbe3aab2a4fc6aa23edf4b798356b1cc557340b5b24424cc43b884f,1075a6c56cbe3aab2a4fc6aa23edf4b798356b1cc557340b5b24424cc43b884f,section.krull_dimension.0003,
formula.krull_dimension.0063,root.cring.krull_dimension,70,formula,inline-dollar,79,79,79,79,,,e1be141e9d9d483f7b3f41aee67ee405db4d0f5639f26d216117a25af25ec687,e1be141e9d9d483f7b3f41aee67ee405db4d0f5639f26d216117a25af25ec687,e1be141e9d9d483f7b3f41aee67ee405db4d0f5639f26d216117a25af25ec687,section.krull_dimension.0003,
formula.krull_dimension.0064,root.cring.krull_dimension,71,formula,inline-dollar,85,85,85,85,,,1c590445e78cb54a3e3952a8769ab56f5eae93b82b1c3bbc5a20a07ff2162b69,1c590445e78cb54a3e3952a8769ab56f5eae93b82b1c3bbc5a20a07ff2162b69,1c590445e78cb54a3e3952a8769ab56f5eae93b82b1c3bbc5a20a07ff2162b69,section.krull_dimension.0003,
formula.krull_dimension.0065,root.cring.krull_dimension,72,formula,inline-dollar,85,85,85,85,,,ce803c47cd6a611dce5ebdbc6abda57673a051f09a660b3b793ea3887d680158,ce803c47cd6a611dce5ebdbc6abda57673a051f09a660b3b793ea3887d680158,ce803c47cd6a611dce5ebdbc6abda57673a051f09a660b3b793ea3887d680158,section.krull_dimension.0003,
formula.krull_dimension.0066,root.cring.krull_dimension,73,formula,display-bracket,87,87,87,87,,,4f32125b23ab7acfa140cc9e645ece8711f055a4647afb8c972c8822d217e12d,4f32125b23ab7acfa140cc9e645ece8711f055a4647afb8c972c8822d217e12d,f48fa60a95a1597dd8693251629b79af6b8355435e37becc9fefd9d735543b98,section.krull_dimension.0003,
example.krull_dimension.0002,root.cring.krull_dimension,74,example,example,94,103,94,103,,,16685dc142233185cbce7b519ef1d6794cba5555d1620c4ebc4d5fada3be4e29,ebdc32d9f66cf13155a71914803b07c7ea8e86350a3b77a885004eb0efe2efcf,,section.krull_dimension.0003,
formula.krull_dimension.0067,root.cring.krull_dimension,75,formula,inline-dollar,95,95,95,95,,,d92b61bcdb308d9db68957b3e1362725d1a742e3c00bc3e272dfc80faf80150a,d92b61bcdb308d9db68957b3e1362725d1a742e3c00bc3e272dfc80faf80150a,19e9b39ce42340e463bda8a91c4bdb71141aaf5a344fad9ebba3d15d611b5332,section.krull_dimension.0003,
formula.krull_dimension.0068,root.cring.krull_dimension,76,formula,inline-dollar,96,96,96,96,,,4ac0d6a8b3d79fa65690bbb9928663c33685f8491ee5c35bc42c6a2d28ed3c93,4ac0d6a8b3d79fa65690bbb9928663c33685f8491ee5c35bc42c6a2d28ed3c93,697a50704549d7ac88e8e89337821d401b5832782814a4ad4a3672ddc6222c2c,section.krull_dimension.0003,
formula.krull_dimension.0069,root.cring.krull_dimension,77,formula,inline-dollar,96,96,96,96,,,8620c610e9f7744611612fca0e8c4bcaadc3b7570ad5c54e434d75977a6a89d2,8620c610e9f7744611612fca0e8c4bcaadc3b7570ad5c54e434d75977a6a89d2,e514b2a2e9cc4eb28d1c7b42c730d9da97674dc6438a8ddf7427593d4e82c7a5,section.krull_dimension.0003,
formula.krull_dimension.0070,root.cring.krull_dimension,78,formula,inline-dollar,97,97,97,97,,,ae274ec0e5521239702bf2f98e14ff3c14b68e233a563f2ee0630b75d7427081,ae274ec0e5521239702bf2f98e14ff3c14b68e233a563f2ee0630b75d7427081,74d6f3a7c8925a27714d003a39b0886a02896b87b23136159335f2ef50d5fceb,section.krull_dimension.0003,
formula.krull_dimension.0071,root.cring.krull_dimension,79,formula,inline-dollar,97,98,97,98,,,cfe5aa8a6b7064f994db6d4c3f8a95709b714b8b66b81b1b717b9296a82c1389,cfe5aa8a6b7064f994db6d4c3f8a95709b714b8b66b81b1b717b9296a82c1389,895b35ae8d986d42028577432baae7f497bbd10c0a697ac9c276a103b7ce9525,section.krull_dimension.0003,
formula.krull_dimension.0072,root.cring.krull_dimension,80,formula,inline-dollar,98,98,98,98,,,e1be141e9d9d483f7b3f41aee67ee405db4d0f5639f26d216117a25af25ec687,e1be141e9d9d483f7b3f41aee67ee405db4d0f5639f26d216117a25af25ec687,e1be141e9d9d483f7b3f41aee67ee405db4d0f5639f26d216117a25af25ec687,section.krull_dimension.0003,
formula.krull_dimension.0073,root.cring.krull_dimension,81,formula,inline-dollar,100,100,100,100,,,c637d883fd1fa3bab98996eda143c70a4b0ba2604e5295379dafa9c163ab907b,c637d883fd1fa3bab98996eda143c70a4b0ba2604e5295379dafa9c163ab907b,622bbcdd1d46ce21f94cd41125130a26aa4ed31bf08a74c6d9d6c48b84418a9c,section.krull_dimension.0003,
formula.krull_dimension.0074,root.cring.krull_dimension,82,formula,inline-dollar,100,101,100,101,,,c2b80c49ff05178a15cf5d2f5f6fdc6562c57e34c0f7c48c69eb0322516b1b90,c2b80c49ff05178a15cf5d2f5f6fdc6562c57e34c0f7c48c69eb0322516b1b90,74d7546ef3496b634fd99ed67fba650bc22ce6b87e91eff4aa74093c5e4555cd,section.krull_dimension.0003,
formula.krull_dimension.0075,root.cring.krull_dimension,83,formula,inline-dollar,106,106,106,106,,,a28faf6143663643c867a9e6316c985e9cef6a6ed418572e97343866efcfe288,a28faf6143663643c867a9e6316c985e9cef6a6ed418572e97343866efcfe288,a28faf6143663643c867a9e6316c985e9cef6a6ed418572e97343866efcfe288,section.krull_dimension.0003,
formula.krull_dimension.0076,root.cring.krull_dimension,84,formula,inline-dollar,109,109,109,109,,,1c590445e78cb54a3e3952a8769ab56f5eae93b82b1c3bbc5a20a07ff2162b69,1c590445e78cb54a3e3952a8769ab56f5eae93b82b1c3bbc5a20a07ff2162b69,1c590445e78cb54a3e3952a8769ab56f5eae93b82b1c3bbc5a20a07ff2162b69,section.krull_dimension.0003,
formula.krull_dimension.0077,root.cring.krull_dimension,85,formula,display-bracket,111,111,111,111,,,236b62e8d34d3c03714919b43ef57a555c0a98cf0779a5ce6bdbe8553f39a697,236b62e8d34d3c03714919b43ef57a555c0a98cf0779a5ce6bdbe8553f39a697,531f45fb484837523a54e67d1b2c2e56950cafb52100690ca7ef512764a14edc,section.krull_dimension.0003,
formula.krull_dimension.0078,root.cring.krull_dimension,86,formula,inline-dollar,112,112,112,112,,,2725b2d0fc640cb2728a1834f8c41d47e601a7313494a3c35628268f485f3a5f,2725b2d0fc640cb2728a1834f8c41d47e601a7313494a3c35628268f485f3a5f,2725b2d0fc640cb2728a1834f8c41d47e601a7313494a3c35628268f485f3a5f,section.krull_dimension.0003,
formula.krull_dimension.0079,root.cring.krull_dimension,87,formula,inline-dollar,113,113,113,113,,,c637d883fd1fa3bab98996eda143c70a4b0ba2604e5295379dafa9c163ab907b,c637d883fd1fa3bab98996eda143c70a4b0ba2604e5295379dafa9c163ab907b,622bbcdd1d46ce21f94cd41125130a26aa4ed31bf08a74c6d9d6c48b84418a9c,section.krull_dimension.0003,
theorem.krull_dimension.0002,root.cring.krull_dimension,88,theorem,theorem,116,124,116,124,,,d8c5b1a5dd040a3d1a36cfa5116a1733860f938455dbfc497735dc1e8f5ba47f,c5fc7a0defd30691670910bbb2b7e1073cb5705b6f01a1889a379cb24317b427,,section.krull_dimension.0003,label.krull_dimension.0002
formula.krull_dimension.0080,root.cring.krull_dimension,89,formula,inline-dollar,117,117,117,117,,,f0988ddf71047da5a5ff8b8e9771ac77b1171b07bad5b2f645e1ec63ffd7d059,f0988ddf71047da5a5ff8b8e9771ac77b1171b07bad5b2f645e1ec63ffd7d059,2025d239d2d6c524d6890897c137d65560c1054997345bf5d8698a7163cb0284,section.krull_dimension.0003,
formula.krull_dimension.0081,root.cring.krull_dimension,90,formula,inline-dollar,119,119,119,119,,,3b3e22b99c34c3d0b59dff0cf40ef252780d292518923607cfa98074ebfe3816,3b3e22b99c34c3d0b59dff0cf40ef252780d292518923607cfa98074ebfe3816,43b18b310025f3df2cf2e95d0a73411fd3bb4e6b30126aa28e31aa2078025d46,section.krull_dimension.0003,
formula.krull_dimension.0082,root.cring.krull_dimension,91,formula,display-bracket,120,121,120,121,,,862d7640f88e6b7737bcbf65640b64436c9a1d2e263adffa0757d161b7b6a852,862d7640f88e6b7737bcbf65640b64436c9a1d2e263adffa0757d161b7b6a852,1bb79b8c48ad013dc536ba843eb4c2a0dfa64046a82465092155d1b704787f09,section.krull_dimension.0003,
formula.krull_dimension.0083,root.cring.krull_dimension,92,formula,inline-dollar,123,123,123,123,,,f2c767564d5da0f962ed5d336481d7c9644b21f0f48b430ccbbfffdfb97995d7,f2c767564d5da0f962ed5d336481d7c9644b21f0f48b430ccbbfffdfb97995d7,c2bd7be79ad7b0a37b9f456d9022350448b353bb9bbcceb6b71ca28e88c1764c,section.krull_dimension.0003,
formula.krull_dimension.0084,root.cring.krull_dimension,93,formula,inline-dollar,127,127,127,127,,,bb28a9b83048a0f36a72a56394914040f7f0171b49534f6138053bdd68916943,bb28a9b83048a0f36a72a56394914040f7f0171b49534f6138053bdd68916943,bb28a9b83048a0f36a72a56394914040f7f0171b49534f6138053bdd68916943,section.krull_dimension.0003,
formula.krull_dimension.0085,root.cring.krull_dimension,94,formula,inline-dollar,128,128,128,128,,,9d8f46021a03f41f97188feb818960e547ea8cbedb4f233713cd2d7fea5daf68,9d8f46021a03f41f97188feb818960e547ea8cbedb4f233713cd2d7fea5daf68,9d8f46021a03f41f97188feb818960e547ea8cbedb4f233713cd2d7fea5daf68,section.krull_dimension.0003,
formula.krull_dimension.0086,root.cring.krull_dimension,95,formula,inline-dollar,130,130,130,130,,,6327f395f6fbc73d0f0ae9a191a150aee025554f047b427cd9462b9eb49c02da,6327f395f6fbc73d0f0ae9a191a150aee025554f047b427cd9462b9eb49c02da,2c87dfd96a6e622c4a205eb65c99494d481a9ca3958a6824ce75c07ecae4fed0,section.krull_dimension.0003,
definition.krull_dimension.0002,root.cring.krull_dimension,96,definition,definition,134,138,134,138,,,8ecf16c0136104788575cd4bafe31229dbe33ee19e28b65a4edf77f1e429603d,3a5086a65c94ea9c84e032b0239e5e1e711e5bffa4960fb7992df88b403115b8,,section.krull_dimension.0003,
formula.krull_dimension.0087,root.cring.krull_dimension,97,formula,inline-dollar,135,135,135,135,,,a28faf6143663643c867a9e6316c985e9cef6a6ed418572e97343866efcfe288,a28faf6143663643c867a9e6316c985e9cef6a6ed418572e97343866efcfe288,a28faf6143663643c867a9e6316c985e9cef6a6ed418572e97343866efcfe288,section.krull_dimension.0003,
formula.krull_dimension.0088,root.cring.krull_dimension,98,formula,inline-dollar,136,136,136,136,,,b20bffe0e63b122310b52301abcb90bf1efe431d4f188633a0268af511954cfd,b20bffe0e63b122310b52301abcb90bf1efe431d4f188633a0268af511954cfd,b20bffe0e63b122310b52301abcb90bf1efe431d4f188633a0268af511954cfd,section.krull_dimension.0003,
formula.krull_dimension.0089,root.cring.krull_dimension,99,formula,inline-dollar,136,136,136,136,,,a28faf6143663643c867a9e6316c985e9cef6a6ed418572e97343866efcfe288,a28faf6143663643c867a9e6316c985e9cef6a6ed418572e97343866efcfe288,a28faf6143663643c867a9e6316c985e9cef6a6ed418572e97343866efcfe288,section.krull_dimension.0003,
formula.krull_dimension.0090,root.cring.krull_dimension,100,formula,inline-dollar,136,137,136,137,,,1e3ee63c810b5f009b8f70bc93b8d21cfc1f60f90f9ecb4dee6e4d0e8437e791,1e3ee63c810b5f009b8f70bc93b8d21cfc1f60f90f9ecb4dee6e4d0e8437e791,3e71eb2dbf2639b0350067b79ed13565dc810f83a1594f5a2cd7541111a2ba6b,section.krull_dimension.0003,
example.krull_dimension.0003,root.cring.krull_dimension,101,example,example,143,148,143,148,The affine line,Garis afin,598d6d3f4bb84dd702f49822d6c97905e5c408571ee09e79d94c5bdf62631b40,985ee962db77116b26ea6fd0c4ccb48e81e4f5b590c9932d88340cb366d1b32c,,section.krull_dimension.0003,label.krull_dimension.0003|label.krull_dimension.0004
formula.krull_dimension.0091,root.cring.krull_dimension,102,formula,inline-dollar,145,145,145,145,,,3eec18601d0cdef9a40dc42ea171f3d2c3cae7f60eca0e89370401ea804f4f8d,3eec18601d0cdef9a40dc42ea171f3d2c3cae7f60eca0e89370401ea804f4f8d,d5b0d86d5a210e4f61b09660873f16d9126c5d18fb1941beae23f8ea3574e22a,section.krull_dimension.0003,
formula.krull_dimension.0092,root.cring.krull_dimension,103,formula,inline-dollar,145,145,145,145,,,dd131a752c6ee69fa1c84dd94eb0fafc4d581738e5462d55a67d6ba33fe4c191,dd131a752c6ee69fa1c84dd94eb0fafc4d581738e5462d55a67d6ba33fe4c191,b9f67a26facc78a6607b460558d73f452d97669d86df554c863481ddee475d36,section.krull_dimension.0003,
formula.krull_dimension.0093,root.cring.krull_dimension,104,formula,inline-dollar,146,146,146,146,,,49002c9ccd545c015328e435f11f442af0e38bd1cff4967431cb6f485d0f2e31,49002c9ccd545c015328e435f11f442af0e38bd1cff4967431cb6f485d0f2e31,49002c9ccd545c015328e435f11f442af0e38bd1cff4967431cb6f485d0f2e31,section.krull_dimension.0003,
formula.krull_dimension.0094,root.cring.krull_dimension,105,formula,inline-dollar,146,146,146,146,,,512337d4e7e7cdf48e0915f7702aabf34d0fc2ca2aeb179accd615ac23f4fd70,512337d4e7e7cdf48e0915f7702aabf34d0fc2ca2aeb179accd615ac23f4fd70,512337d4e7e7cdf48e0915f7702aabf34d0fc2ca2aeb179accd615ac23f4fd70,section.krull_dimension.0003,
example.krull_dimension.0004,root.cring.krull_dimension,106,example,example,150,155,150,155,A singular curve,Kurva singular,eabb9b4f709f8747df2167b2b0a1e3d9acbf11815cd3c494f36c88123e20f618,993db0c438d189fcbb4f341f8f6fea52175b1077a7b245e04f97a816cc1c3f6b,,section.krull_dimension.0003,
formula.krull_dimension.0095,root.cring.krull_dimension,107,formula,inline-dollar,150,150,150,150,,,c90db4153e6b43b6cdd3825d78c4cd64d6919092ea695deb7775e3ef40403db1,c90db4153e6b43b6cdd3825d78c4cd64d6919092ea695deb7775e3ef40403db1,6a50525d95ea3f6bdacf04f81ce89089471d25cd0968567752f2087046f78459,section.krull_dimension.0003,
formula.krull_dimension.0096,root.cring.krull_dimension,108,formula,inline-dollar,150,150,150,150,,,611bf412b3d7a8ece6b323a798a8ec31838525c2a5ee805c3d6e1154e02357fd,611bf412b3d7a8ece6b323a798a8ec31838525c2a5ee805c3d6e1154e02357fd,697a50704549d7ac88e8e89337821d401b5832782814a4ad4a3672ddc6222c2c,section.krull_dimension.0003,
formula.krull_dimension.0097,root.cring.krull_dimension,109,formula,inline-dollar,151,151,151,151,,,7e4af1cf3ec2a72394adc2bf3011c6067ca0ca344287fc003aff89b96b242b49,7e4af1cf3ec2a72394adc2bf3011c6067ca0ca344287fc003aff89b96b242b49,7e4af1cf3ec2a72394adc2bf3011c6067ca0ca344287fc003aff89b96b242b49,section.krull_dimension.0003,
formula.krull_dimension.0098,root.cring.krull_dimension,110,formula,inline-dollar,151,151,151,151,,,47a126024c48d524c784c21fb05ad2464a76b82e95266186aec200c65505f358,47a126024c48d524c784c21fb05ad2464a76b82e95266186aec200c65505f358,e35a6496bd01fb2952d571b212548ae24e7fcf01ed6cde1244619f7fc1c11909,section.krull_dimension.0003,
formula.krull_dimension.0099,root.cring.krull_dimension,111,formula,inline-dollar,152,152,152,152,,,32a7e064791414ea3d073c2b2ed7deab33b80f0952a003c42a7c2586cfed9b7b,32a7e064791414ea3d073c2b2ed7deab33b80f0952a003c42a7c2586cfed9b7b,32a7e064791414ea3d073c2b2ed7deab33b80f0952a003c42a7c2586cfed9b7b,section.krull_dimension.0003,
formula.krull_dimension.0100,root.cring.krull_dimension,112,formula,inline-dollar,152,152,152,152,,,3cc7220021abcd46c2ef6f636bfe12801b9500f9357a667ad0c91a3017189a31,3cc7220021abcd46c2ef6f636bfe12801b9500f9357a667ad0c91a3017189a31,f76a8677f7efe822ca19452b0920a25496bc4e30b3ebe6445fe3d762a555f846,section.krull_dimension.0003,
example.krull_dimension.0005,root.cring.krull_dimension,113,example,example,157,162,157,162,The affine plane,Bidang afin,276050f2d2ed2d54f14cafcce148aed7cb2831f857a8a277d4768cb61f001aa1,2bcf0a20577abf5f83c6b5c0d4fc8225a65637ddaffa1bb922ed645273c06eaf,,section.krull_dimension.0003,label.krull_dimension.0005
formula.krull_dimension.0101,root.cring.krull_dimension,114,formula,inline-dollar,158,158,158,158,,,4d57b27b017e807cfadd2f2fe25affa1e24e0eda9e9a0289af8e08136ba1ad72,4d57b27b017e807cfadd2f2fe25affa1e24e0eda9e9a0289af8e08136ba1ad72,7d6b899beb8a11d5ce4a240d49eee4912b8fe495511de5ca46b23e2e73c8262a,section.krull_dimension.0003,
formula.krull_dimension.0102,root.cring.krull_dimension,115,formula,inline-dollar,158,158,158,158,,,2a607ef5a09df1fc0f13528c6ca3897c8d12116809dee5134f5e02654290eee1,2a607ef5a09df1fc0f13528c6ca3897c8d12116809dee5134f5e02654290eee1,2a607ef5a09df1fc0f13528c6ca3897c8d12116809dee5134f5e02654290eee1,section.krull_dimension.0003,
formula.krull_dimension.0103,root.cring.krull_dimension,116,formula,inline-dollar,159,159,159,159,,,b46dbcb94e6affecfa35ceb191e8216176834a3b7762af83513b7ff2940e537a,b46dbcb94e6affecfa35ceb191e8216176834a3b7762af83513b7ff2940e537a,b46dbcb94e6affecfa35ceb191e8216176834a3b7762af83513b7ff2940e537a,section.krull_dimension.0003,
formula.krull_dimension.0104,root.cring.krull_dimension,117,formula,inline-dollar,159,159,159,159,,,2725b2d0fc640cb2728a1834f8c41d47e601a7313494a3c35628268f485f3a5f,2725b2d0fc640cb2728a1834f8c41d47e601a7313494a3c35628268f485f3a5f,2725b2d0fc640cb2728a1834f8c41d47e601a7313494a3c35628268f485f3a5f,section.krull_dimension.0003,
formula.krull_dimension.0105,root.cring.krull_dimension,118,formula,inline-dollar,159,159,159,159,,,49002c9ccd545c015328e435f11f442af0e38bd1cff4967431cb6f485d0f2e31,49002c9ccd545c015328e435f11f442af0e38bd1cff4967431cb6f485d0f2e31,49002c9ccd545c015328e435f11f442af0e38bd1cff4967431cb6f485d0f2e31,section.krull_dimension.0003,
formula.krull_dimension.0106,root.cring.krull_dimension,119,formula,inline-dollar,160,160,160,160,,,2725b2d0fc640cb2728a1834f8c41d47e601a7313494a3c35628268f485f3a5f,2725b2d0fc640cb2728a1834f8c41d47e601a7313494a3c35628268f485f3a5f,2725b2d0fc640cb2728a1834f8c41d47e601a7313494a3c35628268f485f3a5f,section.krull_dimension.0003,
formula.krull_dimension.0107,root.cring.krull_dimension,120,formula,inline-dollar,165,165,165,165,,,9d8f46021a03f41f97188feb818960e547ea8cbedb4f233713cd2d7fea5daf68,9d8f46021a03f41f97188feb818960e547ea8cbedb4f233713cd2d7fea5daf68,9d8f46021a03f41f97188feb818960e547ea8cbedb4f233713cd2d7fea5daf68,section.krull_dimension.0003,
formula.krull_dimension.0108,root.cring.krull_dimension,121,formula,inline-dollar,165,165,165,165,,,2bcd60aa9b21d3c46c8aac8b0c774373a3e33b34a5ad970e4b84c899e78a88f0,2bcd60aa9b21d3c46c8aac8b0c774373a3e33b34a5ad970e4b84c899e78a88f0,850b4e107b1782d1272cbc2e9c731f1cb9a2d79c7da57eb2e81ab2d624896050,section.krull_dimension.0003,
example.krull_dimension.0006,root.cring.krull_dimension,122,example,example,170,181,170,181,Affine space,Ruang afin,e7034327c0eb74b00f0b20f9e7b614d9b5a9c31ce7ec17cb09a568837cf0369c,f998b7faec10359c5aa3352a44abb5019492cf85e2fcf0e998ec7cfe694c35f9,,section.krull_dimension.0003,
formula.krull_dimension.0109,root.cring.krull_dimension,123,formula,inline-dollar,171,171,171,171,,,62f68c2b5bb6c7de6e978a5a0f78469cb73fa9485ea4ff40eae724a22b4b2a54,62f68c2b5bb6c7de6e978a5a0f78469cb73fa9485ea4ff40eae724a22b4b2a54,bf54e49c4b5e6fde31e0ed34caa3f451a50e74bc98f46ad9104cbf93dea2ce0c,section.krull_dimension.0003,
formula.krull_dimension.0110,root.cring.krull_dimension,124,formula,inline-dollar,172,172,172,172,,,52723f2cfe2f715f873ae4fc6e9e2244ec0481e08b795ee1b109c63648bd8486,52723f2cfe2f715f873ae4fc6e9e2244ec0481e08b795ee1b109c63648bd8486,e2ca71005b9dab57a89e25d8878a542011765ac04b3b600af27f880ff691da50,section.krull_dimension.0003,
formula.krull_dimension.0111,root.cring.krull_dimension,125,formula,inline-dollar,173,173,173,173,,,bb28a9b83048a0f36a72a56394914040f7f0171b49534f6138053bdd68916943,bb28a9b83048a0f36a72a56394914040f7f0171b49534f6138053bdd68916943,bb28a9b83048a0f36a72a56394914040f7f0171b49534f6138053bdd68916943,section.krull_dimension.0003,
formula.krull_dimension.0112,root.cring.krull_dimension,126,formula,inline-dollar,175,175,175,175,,,b20bffe0e63b122310b52301abcb90bf1efe431d4f188633a0268af511954cfd,b20bffe0e63b122310b52301abcb90bf1efe431d4f188633a0268af511954cfd,b20bffe0e63b122310b52301abcb90bf1efe431d4f188633a0268af511954cfd,section.krull_dimension.0003,
formula.krull_dimension.0113,root.cring.krull_dimension,127,formula,inline-dollar,175,175,175,175,,,5c00ebf9b7e09b07a23bc5e5f6b38bf0e1c6cb124a3e411d2f11d0b1e25c44a8,5c00ebf9b7e09b07a23bc5e5f6b38bf0e1c6cb124a3e411d2f11d0b1e25c44a8,5c00ebf9b7e09b07a23bc5e5f6b38bf0e1c6cb124a3e411d2f11d0b1e25c44a8,section.krull_dimension.0003,
formula.krull_dimension.0114,root.cring.krull_dimension,128,formula,inline-dollar,176,176,176,176,,,e7b9c4cfb1783750498523f5a74c6473dd9686c17b71a5765d9dbfb1c857917d,e7b9c4cfb1783750498523f5a74c6473dd9686c17b71a5765d9dbfb1c857917d,e7b9c4cfb1783750498523f5a74c6473dd9686c17b71a5765d9dbfb1c857917d,section.krull_dimension.0003,
formula.krull_dimension.0115,root.cring.krull_dimension,129,formula,inline-dollar,176,176,176,176,,,2ed35620160f9623ab674a55e60f3ff276bd97109c2ef6a2e5425a6d4e1b8bdc,2ed35620160f9623ab674a55e60f3ff276bd97109c2ef6a2e5425a6d4e1b8bdc,2ed35620160f9623ab674a55e60f3ff276bd97109c2ef6a2e5425a6d4e1b8bdc,section.krull_dimension.0003,
formula.krull_dimension.0116,root.cring.krull_dimension,130,formula,inline-dollar,178,178,178,178,,,4a106d20c0215a933e4993ef97e694371fd919f4b0c3a741ac38fb579f59e29f,4a106d20c0215a933e4993ef97e694371fd919f4b0c3a741ac38fb579f59e29f,4a106d20c0215a933e4993ef97e694371fd919f4b0c3a741ac38fb579f59e29f,section.krull_dimension.0003,
formula.krull_dimension.0117,root.cring.krull_dimension,131,formula,inline-dollar,179,179,179,179,,,2725b2d0fc640cb2728a1834f8c41d47e601a7313494a3c35628268f485f3a5f,2725b2d0fc640cb2728a1834f8c41d47e601a7313494a3c35628268f485f3a5f,2725b2d0fc640cb2728a1834f8c41d47e601a7313494a3c35628268f485f3a5f,section.krull_dimension.0003,
formula.krull_dimension.0118,root.cring.krull_dimension,132,formula,inline-dollar,179,179,179,179,,,bb28a9b83048a0f36a72a56394914040f7f0171b49534f6138053bdd68916943,bb28a9b83048a0f36a72a56394914040f7f0171b49534f6138053bdd68916943,bb28a9b83048a0f36a72a56394914040f7f0171b49534f6138053bdd68916943,section.krull_dimension.0003,
formula.krull_dimension.0119,root.cring.krull_dimension,133,formula,inline-dollar,179,179,179,179,,,c2b5932fd53858bdc2d0f77a07550123797fdea75d9d511cfc1c97cc0b31cafe,c2b5932fd53858bdc2d0f77a07550123797fdea75d9d511cfc1c97cc0b31cafe,c2b5932fd53858bdc2d0f77a07550123797fdea75d9d511cfc1c97cc0b31cafe,section.krull_dimension.0003,
formula.krull_dimension.0120,root.cring.krull_dimension,134,formula,inline-dollar,179,179,179,179,,,492f333e77bdf39960698bfd5e9d0a80393a70dc6cea4228e8fe38fcaaf950fd,492f333e77bdf39960698bfd5e9d0a80393a70dc6cea4228e8fe38fcaaf950fd,492f333e77bdf39960698bfd5e9d0a80393a70dc6cea4228e8fe38fcaaf950fd,section.krull_dimension.0003,
formula.krull_dimension.0121,root.cring.krull_dimension,135,formula,inline-dollar,180,180,180,180,,,a28faf6143663643c867a9e6316c985e9cef6a6ed418572e97343866efcfe288,a28faf6143663643c867a9e6316c985e9cef6a6ed418572e97343866efcfe288,a28faf6143663643c867a9e6316c985e9cef6a6ed418572e97343866efcfe288,section.krull_dimension.0003,
formula.krull_dimension.0122,root.cring.krull_dimension,136,formula,inline-dollar,180,180,180,180,,,bb28a9b83048a0f36a72a56394914040f7f0171b49534f6138053bdd68916943,bb28a9b83048a0f36a72a56394914040f7f0171b49534f6138053bdd68916943,bb28a9b83048a0f36a72a56394914040f7f0171b49534f6138053bdd68916943,section.krull_dimension.0003,
example.krull_dimension.0007,root.cring.krull_dimension,137,example,example,188,192,188,192,The dimension of a DVR,Dimensi suatu DVR,081c66bc74d5f1ba7bbfc87bb92c66c1dbc5ee7b3fd8354677ce1cba5ea02698,e309f42fcaa0435c26ed77d316565ed25f0ee04da6aa131dc50f34015407bfcc,,section.krull_dimension.0003,
formula.krull_dimension.0123,root.cring.krull_dimension,138,formula,inline-dollar,189,189,189,189,,,a28faf6143663643c867a9e6316c985e9cef6a6ed418572e97343866efcfe288,a28faf6143663643c867a9e6316c985e9cef6a6ed418572e97343866efcfe288,a28faf6143663643c867a9e6316c985e9cef6a6ed418572e97343866efcfe288,section.krull_dimension.0003,
formula.krull_dimension.0124,root.cring.krull_dimension,139,formula,inline-dollar,189,189,189,189,,,49002c9ccd545c015328e435f11f442af0e38bd1cff4967431cb6f485d0f2e31,49002c9ccd545c015328e435f11f442af0e38bd1cff4967431cb6f485d0f2e31,49002c9ccd545c015328e435f11f442af0e38bd1cff4967431cb6f485d0f2e31,section.krull_dimension.0003,
formula.krull_dimension.0125,root.cring.krull_dimension,140,formula,inline-dollar,190,190,190,190,,,2725b2d0fc640cb2728a1834f8c41d47e601a7313494a3c35628268f485f3a5f,2725b2d0fc640cb2728a1834f8c41d47e601a7313494a3c35628268f485f3a5f,2725b2d0fc640cb2728a1834f8c41d47e601a7313494a3c35628268f485f3a5f,section.krull_dimension.0003,
formula.krull_dimension.0126,root.cring.krull_dimension,141,formula,inline-dollar,190,190,190,190,,,5c00ebf9b7e09b07a23bc5e5f6b38bf0e1c6cb124a3e411d2f11d0b1e25c44a8,5c00ebf9b7e09b07a23bc5e5f6b38bf0e1c6cb124a3e411d2f11d0b1e25c44a8,5c00ebf9b7e09b07a23bc5e5f6b38bf0e1c6cb124a3e411d2f11d0b1e25c44a8,section.krull_dimension.0003,
formula.krull_dimension.0127,root.cring.krull_dimension,142,formula,inline-dollar,190,190,190,190,,,2725b2d0fc640cb2728a1834f8c41d47e601a7313494a3c35628268f485f3a5f,2725b2d0fc640cb2728a1834f8c41d47e601a7313494a3c35628268f485f3a5f,2725b2d0fc640cb2728a1834f8c41d47e601a7313494a3c35628268f485f3a5f,section.krull_dimension.0003,
formula.krull_dimension.0128,root.cring.krull_dimension,143,formula,inline-dollar,190,190,190,190,,,30bc7a4289f0f20d2ed05806aff2470aa042836ad1baf203377e0d11e946e17d,30bc7a4289f0f20d2ed05806aff2470aa042836ad1baf203377e0d11e946e17d,f6cb0c5f0a228b71682cf4640c5c11eeeb214de9e30d74cb26dbaa9768552e15,section.krull_dimension.0003,
formula.krull_dimension.0129,root.cring.krull_dimension,144,formula,inline-dollar,191,191,191,191,,,a28faf6143663643c867a9e6316c985e9cef6a6ed418572e97343866efcfe288,a28faf6143663643c867a9e6316c985e9cef6a6ed418572e97343866efcfe288,a28faf6143663643c867a9e6316c985e9cef6a6ed418572e97343866efcfe288,section.krull_dimension.0003,
section.krull_dimension.0004,root.cring.krull_dimension,145,section,subsection,194,194,194,194,The Hilbert function is a polynomial,Fungsi Hilbert merupakan suatu polinomial,5e94e3929cb0d048c18a1637b6c9d936a0e90b9ab958528fd17b697982863dd6,86979bf8f6046109fa257e3fbf5d093a18e9f5f636d46905123371503084aa3d,,section.krull_dimension.0001,
formula.krull_dimension.0130,root.cring.krull_dimension,146,formula,inline-dollar,201,201,201,201,,,f0988ddf71047da5a5ff8b8e9771ac77b1171b07bad5b2f645e1ec63ffd7d059,f0988ddf71047da5a5ff8b8e9771ac77b1171b07bad5b2f645e1ec63ffd7d059,2025d239d2d6c524d6890897c137d65560c1054997345bf5d8698a7163cb0284,section.krull_dimension.0004,
formula.krull_dimension.0131,root.cring.krull_dimension,147,formula,inline-dollar,202,202,202,202,,,cc0f88b6761c8b0adc279e5c18065fcd02395d55d97fd5f1a27ef65aa0439066,cc0f88b6761c8b0adc279e5c18065fcd02395d55d97fd5f1a27ef65aa0439066,cc0f88b6761c8b0adc279e5c18065fcd02395d55d97fd5f1a27ef65aa0439066,section.krull_dimension.0004,
formula.krull_dimension.0132,root.cring.krull_dimension,148,formula,inline-dollar,202,202,202,202,,,14fe53a973f90738cacbbf0206c8180f7e1b8e12c1aa0cc21358811683012d7d,14fe53a973f90738cacbbf0206c8180f7e1b8e12c1aa0cc21358811683012d7d,465d6671852ef1514e554dfe111596ca6ac531d22a358ae616b348b303e43750,section.krull_dimension.0004,
formula.krull_dimension.0133,root.cring.krull_dimension,149,formula,inline-dollar,203,203,203,203,,,769c467097b08c0c8775758a38cf1bee1bce5adfce5784e6b0f6d96fee4a3334,769c467097b08c0c8775758a38cf1bee1bce5adfce5784e6b0f6d96fee4a3334,ae7b64f2743e91dcf01d6fd444064e107753e1fdc3096a567ba9d36e8219a63c,section.krull_dimension.0004,
formula.krull_dimension.0134,root.cring.krull_dimension,150,formula,inline-dollar,207,207,207,207,,,e917ef3934ae4befcba763e5df9f864929942968c0377f25591d46c767e6ec07,e917ef3934ae4befcba763e5df9f864929942968c0377f25591d46c767e6ec07,63f6bc924f7898132cfc0ab5273709de6d331b02b2b70e709650c1bf493e884e,section.krull_dimension.0004,
formula.krull_dimension.0135,root.cring.krull_dimension,151,formula,inline-dollar,207,207,207,207,,,fdf30f5db1f3424874da244595a2db648c7b056dc537a2b62eb64b4d26d827ef,fdf30f5db1f3424874da244595a2db648c7b056dc537a2b62eb64b4d26d827ef,fdf30f5db1f3424874da244595a2db648c7b056dc537a2b62eb64b4d26d827ef,section.krull_dimension.0004,
formula.krull_dimension.0136,root.cring.krull_dimension,152,formula,display-bracket,210,210,210,210,,,7c91cc52aca5252281f45eaae1ef22ccbacea7f51902ae1409d7c6055416eeaa,7c91cc52aca5252281f45eaae1ef22ccbacea7f51902ae1409d7c6055416eeaa,bc2e1f7322feed5eb72384106ae8215341b8e211597a793c71775b9c00a64620,section.krull_dimension.0004,
formula.krull_dimension.0137,root.cring.krull_dimension,153,formula,inline-dollar,211,211,211,211,,,fdf30f5db1f3424874da244595a2db648c7b056dc537a2b62eb64b4d26d827ef,fdf30f5db1f3424874da244595a2db648c7b056dc537a2b62eb64b4d26d827ef,fdf30f5db1f3424874da244595a2db648c7b056dc537a2b62eb64b4d26d827ef,section.krull_dimension.0004,
formula.krull_dimension.0138,root.cring.krull_dimension,154,formula,inline-dollar,211,211,211,211,,,bb4bc0183a7d484898e30fb7e41308e47e36e9e66bfcbec48d7c181b9de666c4,bb4bc0183a7d484898e30fb7e41308e47e36e9e66bfcbec48d7c181b9de666c4,bb4bc0183a7d484898e30fb7e41308e47e36e9e66bfcbec48d7c181b9de666c4,section.krull_dimension.0004,
formula.krull_dimension.0139,root.cring.krull_dimension,155,formula,inline-dollar,212,212,212,212,,,8b688b11e9126eb8d683cd8ae26f3f1407e629e96479acb904fdb3d7a8e2bd2c,8b688b11e9126eb8d683cd8ae26f3f1407e629e96479acb904fdb3d7a8e2bd2c,ab2349cd92e0622e1535181c22f5a8f6d19a536b384c2609ef728eaffb3b4048,section.krull_dimension.0004,
formula.krull_dimension.0140,root.cring.krull_dimension,156,formula,inline-dollar,212,212,212,212,,,2725b2d0fc640cb2728a1834f8c41d47e601a7313494a3c35628268f485f3a5f,2725b2d0fc640cb2728a1834f8c41d47e601a7313494a3c35628268f485f3a5f,2725b2d0fc640cb2728a1834f8c41d47e601a7313494a3c35628268f485f3a5f,section.krull_dimension.0004,
formula.krull_dimension.0141,root.cring.krull_dimension,157,formula,inline-dollar,213,213,213,213,,,fdf30f5db1f3424874da244595a2db648c7b056dc537a2b62eb64b4d26d827ef,fdf30f5db1f3424874da244595a2db648c7b056dc537a2b62eb64b4d26d827ef,fdf30f5db1f3424874da244595a2db648c7b056dc537a2b62eb64b4d26d827ef,section.krull_dimension.0004,
formula.krull_dimension.0142,root.cring.krull_dimension,158,formula,inline-dollar,213,213,213,213,,,2725b2d0fc640cb2728a1834f8c41d47e601a7313494a3c35628268f485f3a5f,2725b2d0fc640cb2728a1834f8c41d47e601a7313494a3c35628268f485f3a5f,2725b2d0fc640cb2728a1834f8c41d47e601a7313494a3c35628268f485f3a5f,section.krull_dimension.0004,
theorem.krull_dimension.0003,root.cring.krull_dimension,159,theorem,lemma,215,218,215,218,,,44b2dca91f61446499b22b3d83dce425e5a7d940ad5be4efc63969f98cbda01c,ddf5a87706c2a33d81e3029eb790b16a28e225b4b457f99f8b514c812870bd19,,section.krull_dimension.0004,
formula.krull_dimension.0143,root.cring.krull_dimension,160,formula,inline-dollar,216,216,216,216,,,fdf30f5db1f3424874da244595a2db648c7b056dc537a2b62eb64b4d26d827ef,fdf30f5db1f3424874da244595a2db648c7b056dc537a2b62eb64b4d26d827ef,fdf30f5db1f3424874da244595a2db648c7b056dc537a2b62eb64b4d26d827ef,section.krull_dimension.0004,
formula.krull_dimension.0144,root.cring.krull_dimension,161,formula,inline-dollar,216,216,216,216,,,2725b2d0fc640cb2728a1834f8c41d47e601a7313494a3c35628268f485f3a5f,2725b2d0fc640cb2728a1834f8c41d47e601a7313494a3c35628268f485f3a5f,2725b2d0fc640cb2728a1834f8c41d47e601a7313494a3c35628268f485f3a5f,section.krull_dimension.0004,
formula.krull_dimension.0145,root.cring.krull_dimension,162,formula,inline-dollar,216,216,216,216,,,fdf30f5db1f3424874da244595a2db648c7b056dc537a2b62eb64b4d26d827ef,fdf30f5db1f3424874da244595a2db648c7b056dc537a2b62eb64b4d26d827ef,fdf30f5db1f3424874da244595a2db648c7b056dc537a2b62eb64b4d26d827ef,section.krull_dimension.0004,
formula.krull_dimension.0146,root.cring.krull_dimension,163,formula,inline-dollar,217,217,217,217,,,e92efeaeb222df7e64ffd3389f4b619317a0af661ee18ef921ae0b1511f64d5d,e92efeaeb222df7e64ffd3389f4b619317a0af661ee18ef921ae0b1511f64d5d,e92efeaeb222df7e64ffd3389f4b619317a0af661ee18ef921ae0b1511f64d5d,section.krull_dimension.0004,
formula.krull_dimension.0147,root.cring.krull_dimension,164,formula,inline-dollar,220,220,220,220,,,6a2849e98103f0fd27584467d39e9d6142c2ba95d255e2d5fd519ad7fa08bb53,6a2849e98103f0fd27584467d39e9d6142c2ba95d255e2d5fd519ad7fa08bb53,1826f7b48ccbcd5684bf512546a7b1583f4f8d8d6bfd4c2afa57fef7beca31e6,section.krull_dimension.0004,
formula.krull_dimension.0148,root.cring.krull_dimension,165,formula,inline-dollar,220,220,220,220,,,4b39e63a6e8ee8268a95f241a20d82ea4b26c719c5ddcedecf07ea9f9730e6f2,4b39e63a6e8ee8268a95f241a20d82ea4b26c719c5ddcedecf07ea9f9730e6f2,bb4bc0183a7d484898e30fb7e41308e47e36e9e66bfcbec48d7c181b9de666c4,section.krull_dimension.0004,
formula.krull_dimension.0149,root.cring.krull_dimension,166,formula,inline-dollar,220,220,220,220,,,f25ea16c2fb0259e98571e0115229d7898f102c9697e6266e8e6984617765c7e,f25ea16c2fb0259e98571e0115229d7898f102c9697e6266e8e6984617765c7e,64039cdf11eaae594642d2dbef9f3097d2b6c7287c69d91a8f326b291bbf1aa7,section.krull_dimension.0004,
formula.krull_dimension.0150,root.cring.krull_dimension,167,formula,inline-dollar,221,221,221,221,,,2725b2d0fc640cb2728a1834f8c41d47e601a7313494a3c35628268f485f3a5f,2725b2d0fc640cb2728a1834f8c41d47e601a7313494a3c35628268f485f3a5f,2725b2d0fc640cb2728a1834f8c41d47e601a7313494a3c35628268f485f3a5f,section.krull_dimension.0004,
formula.krull_dimension.0151,root.cring.krull_dimension,168,formula,inline-dollar,222,222,222,222,,,1c590445e78cb54a3e3952a8769ab56f5eae93b82b1c3bbc5a20a07ff2162b69,1c590445e78cb54a3e3952a8769ab56f5eae93b82b1c3bbc5a20a07ff2162b69,1c590445e78cb54a3e3952a8769ab56f5eae93b82b1c3bbc5a20a07ff2162b69,section.krull_dimension.0004,
formula.krull_dimension.0152,root.cring.krull_dimension,169,formula,inline-dollar,223,223,223,223,,,cd069034485c4313b3e38714e3382df5ad5cba93b71415f69665fda908f433e9,cd069034485c4313b3e38714e3382df5ad5cba93b71415f69665fda908f433e9,5eeaf3c68dc3ba78bbfc41d19ab30ad8f0fdb730ce020e40cd397ec600d23811,section.krull_dimension.0004,
formula.krull_dimension.0153,root.cring.krull_dimension,170,formula,inline-dollar,223,223,223,223,,,fdf30f5db1f3424874da244595a2db648c7b056dc537a2b62eb64b4d26d827ef,fdf30f5db1f3424874da244595a2db648c7b056dc537a2b62eb64b4d26d827ef,fdf30f5db1f3424874da244595a2db648c7b056dc537a2b62eb64b4d26d827ef,section.krull_dimension.0004,
formula.krull_dimension.0154,root.cring.krull_dimension,171,formula,inline-dollar,224,224,224,224,,,3fc506c3b1f24b4b8d60cac5beda0e5b38db5f9fc4fdb525f2c16fe77f6d85f7,3fc506c3b1f24b4b8d60cac5beda0e5b38db5f9fc4fdb525f2c16fe77f6d85f7,3fc506c3b1f24b4b8d60cac5beda0e5b38db5f9fc4fdb525f2c16fe77f6d85f7,section.krull_dimension.0004,
formula.krull_dimension.0155,root.cring.krull_dimension,172,formula,inline-dollar,224,224,224,224,,,fdf30f5db1f3424874da244595a2db648c7b056dc537a2b62eb64b4d26d827ef,fdf30f5db1f3424874da244595a2db648c7b056dc537a2b62eb64b4d26d827ef,fdf30f5db1f3424874da244595a2db648c7b056dc537a2b62eb64b4d26d827ef,section.krull_dimension.0004,
formula.krull_dimension.0156,root.cring.krull_dimension,173,formula,inline-dollar,224,224,224,224,,,a5bbd950efed64e576cf5ec6c106ffc697b8b9a8a3269b847776c993119ce6a7,a5bbd950efed64e576cf5ec6c106ffc697b8b9a8a3269b847776c993119ce6a7,a5bbd950efed64e576cf5ec6c106ffc697b8b9a8a3269b847776c993119ce6a7,section.krull_dimension.0004,
formula.krull_dimension.0157,root.cring.krull_dimension,174,formula,inline-dollar,225,225,225,225,,,bb4bc0183a7d484898e30fb7e41308e47e36e9e66bfcbec48d7c181b9de666c4,bb4bc0183a7d484898e30fb7e41308e47e36e9e66bfcbec48d7c181b9de666c4,bb4bc0183a7d484898e30fb7e41308e47e36e9e66bfcbec48d7c181b9de666c4,section.krull_dimension.0004,
formula.krull_dimension.0158,root.cring.krull_dimension,175,formula,inline-dollar,225,225,225,225,,,bb4bc0183a7d484898e30fb7e41308e47e36e9e66bfcbec48d7c181b9de666c4,bb4bc0183a7d484898e30fb7e41308e47e36e9e66bfcbec48d7c181b9de666c4,bb4bc0183a7d484898e30fb7e41308e47e36e9e66bfcbec48d7c181b9de666c4,section.krull_dimension.0004,
formula.krull_dimension.0159,root.cring.krull_dimension,176,formula,inline-dollar,228,228,228,228,,,fdf30f5db1f3424874da244595a2db648c7b056dc537a2b62eb64b4d26d827ef,fdf30f5db1f3424874da244595a2db648c7b056dc537a2b62eb64b4d26d827ef,fdf30f5db1f3424874da244595a2db648c7b056dc537a2b62eb64b4d26d827ef,section.krull_dimension.0004,
formula.krull_dimension.0160,root.cring.krull_dimension,177,formula,inline-dollar,228,228,228,228,,,af07049a5409556bc287b7d6138e47b67d465f9357060e5a382a62f503563229,af07049a5409556bc287b7d6138e47b67d465f9357060e5a382a62f503563229,6548dab7463cbee177a5502b1a3b4f782332d8b371bc1d0ba1693e22427ca568,section.krull_dimension.0004,
formula.krull_dimension.0161,root.cring.krull_dimension,178,formula,inline-dollar,229,229,229,229,,,f4b01fcb88d018e109ba44089fc2526a7cc3e7091abc227ce836014078e6d5fa,f4b01fcb88d018e109ba44089fc2526a7cc3e7091abc227ce836014078e6d5fa,5693823a4b55962adb34e7383d6d8b2043655008ad912f79c93b99999b26019b,section.krull_dimension.0004,
formula.krull_dimension.0162,root.cring.krull_dimension,179,formula,inline-dollar,229,229,229,229,,,2c816a889b8bfc4563c5cd36d6ff461dc165d5b66864a889502b44bd0a72398b,2c816a889b8bfc4563c5cd36d6ff461dc165d5b66864a889502b44bd0a72398b,2c816a889b8bfc4563c5cd36d6ff461dc165d5b66864a889502b44bd0a72398b,section.krull_dimension.0004,
formula.krull_dimension.0163,root.cring.krull_dimension,180,formula,inline-dollar,229,229,229,229,,,fdf30f5db1f3424874da244595a2db648c7b056dc537a2b62eb64b4d26d827ef,fdf30f5db1f3424874da244595a2db648c7b056dc537a2b62eb64b4d26d827ef,fdf30f5db1f3424874da244595a2db648c7b056dc537a2b62eb64b4d26d827ef,section.krull_dimension.0004,
formula.krull_dimension.0164,root.cring.krull_dimension,181,formula,inline-dollar,229,230,229,230,,,570d86b304f1a80103b4865eb4de95739d6be30e64e9ea8214f764f40f65a249,570d86b304f1a80103b4865eb4de95739d6be30e64e9ea8214f764f40f65a249,6548dab7463cbee177a5502b1a3b4f782332d8b371bc1d0ba1693e22427ca568,section.krull_dimension.0004,
formula.krull_dimension.0165,root.cring.krull_dimension,182,formula,inline-dollar,231,232,231,232,,,abb4cb7819f857b59b38c95097c709213b2b5bab4135eb02676f22bee5f5957a,abb4cb7819f857b59b38c95097c709213b2b5bab4135eb02676f22bee5f5957a,66b729f1fab4eb8eb228d01c96bc504018a0617998ae7031ce49bae36f0f6625,section.krull_dimension.0004,
formula.krull_dimension.0166,root.cring.krull_dimension,183,formula,inline-dollar,232,232,232,232,,,bb28a9b83048a0f36a72a56394914040f7f0171b49534f6138053bdd68916943,bb28a9b83048a0f36a72a56394914040f7f0171b49534f6138053bdd68916943,bb28a9b83048a0f36a72a56394914040f7f0171b49534f6138053bdd68916943,section.krull_dimension.0004,
theorem.krull_dimension.0004,root.cring.krull_dimension,184,theorem,proposition,236,241,236,241,,,33b3f7f2f4830b53152262fef8db9a8ad485eaa2b14f3462d1a7396c58c8f681,dff0caebd455a49780d8bccaa8e23257e2227f3ebb7b4f4c9230dd2aa9471630,,section.krull_dimension.0004,label.krull_dimension.0006
formula.krull_dimension.0167,root.cring.krull_dimension,185,formula,inline-dollar,237,237,237,237,,,29742240025756815de7b4dc24b2f1de69b9148b4ec37f961ccb4d9b4836ab30,29742240025756815de7b4dc24b2f1de69b9148b4ec37f961ccb4d9b4836ab30,29742240025756815de7b4dc24b2f1de69b9148b4ec37f961ccb4d9b4836ab30,section.krull_dimension.0004,
formula.krull_dimension.0168,root.cring.krull_dimension,186,formula,inline-dollar,238,238,238,238,,,93eea376a5761720815d22b175adbb906192dcce65307451a8c404c8eca1eb10,93eea376a5761720815d22b175adbb906192dcce65307451a8c404c8eca1eb10,ca00fdd80feee3d450969ab0f566e56a452ffb78591537ecce16c1f90a796070,section.krull_dimension.0004,
formula.krull_dimension.0169,root.cring.krull_dimension,187,formula,inline-dollar,239,239,239,239,,,5b77c716808c86fd6de440b1b27df7e20383f3b4fb56df512b6792b310dc0b36,5b77c716808c86fd6de440b1b27df7e20383f3b4fb56df512b6792b310dc0b36,99b5ebb660e1e3bff49b8c4924244fd0739acce4e441147a7499b0ea53a6cdde,section.krull_dimension.0004,
formula.krull_dimension.0170,root.cring.krull_dimension,188,formula,inline-dollar,239,239,239,239,,,baa517a41e9e92ba17259679b14388954908ecd93ea612116146b0c3d09a57ad,baa517a41e9e92ba17259679b14388954908ecd93ea612116146b0c3d09a57ad,5ce43c98949ca97dce9934fe205fee7c61f59c25e913f928989a342bdb839c4d,section.krull_dimension.0004,
formula.krull_dimension.0171,root.cring.krull_dimension,189,formula,display-bracket,240,240,240,240,,,ac780435c1cc001905e7e6fa17636d9b7644c35a81239441be36644d9e26fb1e,ac780435c1cc001905e7e6fa17636d9b7644c35a81239441be36644d9e26fb1e,dcbfd803301fed8f4163d11d49be6756e69a92b1781f8e1adfa464cdc7f19855,section.krull_dimension.0004,
formula.krull_dimension.0172,root.cring.krull_dimension,190,formula,inline-dollar,242,242,242,242,,,1957ba30e66ee4b105fa4f9af8e1cae9383a448c1e1c0c595885296cb6deed21,1957ba30e66ee4b105fa4f9af8e1cae9383a448c1e1c0c595885296cb6deed21,58523265d9158a0c4398533f27d876beb6e173f194e418a9726f21165012bf41,section.krull_dimension.0004,
formula.krull_dimension.0173,root.cring.krull_dimension,191,formula,display-bracket,250,250,250,250,,,25c1e63e09077618d81bd6e517507c9e778e21a6c539b1ff28287ed7c5f3baf3,25c1e63e09077618d81bd6e517507c9e778e21a6c539b1ff28287ed7c5f3baf3,1fad1c2ba2f8793282d54f920f1e6dfe95b680f54c6f6c16008cc8e8c77d71fe,section.krull_dimension.0004,
formula.krull_dimension.0174,root.cring.krull_dimension,192,formula,inline-dollar,251,251,251,251,,,3dc8456cd0dd57af5641d3056c5edb4f743e17f942f96972daf8009497c45d48,3dc8456cd0dd57af5641d3056c5edb4f743e17f942f96972daf8009497c45d48,2f3b678fbd7ff5eec06d3651e2dddbf07dc9665c2e20c63072eea4a80a66b91a,section.krull_dimension.0004,
formula.krull_dimension.0175,root.cring.krull_dimension,193,formula,inline-dollar,251,251,251,251,,,d3b4969c7750ecbc2d6995b4bb3d2f58a394c32558fc6320f83845d699c4e465,d3b4969c7750ecbc2d6995b4bb3d2f58a394c32558fc6320f83845d699c4e465,d3b4969c7750ecbc2d6995b4bb3d2f58a394c32558fc6320f83845d699c4e465,section.krull_dimension.0004,
formula.krull_dimension.0176,root.cring.krull_dimension,194,formula,display-bracket,252,252,252,252,,,91001c755036bee5d3cc9d5bc14c415ffcc73cace0bf724665fbe0d8a41a3c00,91001c755036bee5d3cc9d5bc14c415ffcc73cace0bf724665fbe0d8a41a3c00,df5ee58c16613229f77ba6c5275164b87069222e18607659afadf914657676f9,section.krull_dimension.0004,
formula.krull_dimension.0177,root.cring.krull_dimension,195,formula,inline-dollar,253,253,253,253,,,29742240025756815de7b4dc24b2f1de69b9148b4ec37f961ccb4d9b4836ab30,29742240025756815de7b4dc24b2f1de69b9148b4ec37f961ccb4d9b4836ab30,29742240025756815de7b4dc24b2f1de69b9148b4ec37f961ccb4d9b4836ab30,section.krull_dimension.0004,
formula.krull_dimension.0178,root.cring.krull_dimension,196,formula,inline-dollar,255,255,255,255,,,d3b4969c7750ecbc2d6995b4bb3d2f58a394c32558fc6320f83845d699c4e465,d3b4969c7750ecbc2d6995b4bb3d2f58a394c32558fc6320f83845d699c4e465,d3b4969c7750ecbc2d6995b4bb3d2f58a394c32558fc6320f83845d699c4e465,section.krull_dimension.0004,
formula.krull_dimension.0179,root.cring.krull_dimension,197,formula,inline-dollar,256,256,256,256,,,3c77ea5347486fa72eb3d47ad4a37903ee1e7901ad011024a685abb96460eb22,3c77ea5347486fa72eb3d47ad4a37903ee1e7901ad011024a685abb96460eb22,99c7198630fc2cbfcb06f57c44e9e08b094c813c111c8f8fc7f94269b20754db,section.krull_dimension.0004,
formula.krull_dimension.0180,root.cring.krull_dimension,198,formula,inline-dollar,257,257,257,257,,,4042df424b41d18c79c774cff2736c4002b902ff2ce7e45779b31062f819d1cd,4042df424b41d18c79c774cff2736c4002b902ff2ce7e45779b31062f819d1cd,4042df424b41d18c79c774cff2736c4002b902ff2ce7e45779b31062f819d1cd,section.krull_dimension.0004,
formula.krull_dimension.0181,root.cring.krull_dimension,199,formula,inline-dollar,257,257,257,257,,,411305fdbcb41aa92415341fc20d027f47d3656bf704d978d6ce8aca7de7a790,411305fdbcb41aa92415341fc20d027f47d3656bf704d978d6ce8aca7de7a790,dff3f86aba7d47fa8dcb7dd71fb2e7b7de5259650ebdfd98db6d73939a54a2d3,section.krull_dimension.0004,
formula.krull_dimension.0182,root.cring.krull_dimension,200,formula,inline-dollar,260,260,260,260,,,bb28a9b83048a0f36a72a56394914040f7f0171b49534f6138053bdd68916943,bb28a9b83048a0f36a72a56394914040f7f0171b49534f6138053bdd68916943,bb28a9b83048a0f36a72a56394914040f7f0171b49534f6138053bdd68916943,section.krull_dimension.0004,
formula.krull_dimension.0183,root.cring.krull_dimension,201,formula,inline-dollar,262,262,262,262,,,7a1a91f2d92b7af90b9e1d6d4c81d52d2aa04f8c04bfb441b16b15276f682d1b,7a1a91f2d92b7af90b9e1d6d4c81d52d2aa04f8c04bfb441b16b15276f682d1b,b2251fa4e7467b4c2c12e9aa861cb4b436feb9525c23cd89b6a717cf6e868423,section.krull_dimension.0004,
formula.krull_dimension.0184,root.cring.krull_dimension,202,formula,inline-dollar,262,262,262,262,,,29742240025756815de7b4dc24b2f1de69b9148b4ec37f961ccb4d9b4836ab30,29742240025756815de7b4dc24b2f1de69b9148b4ec37f961ccb4d9b4836ab30,29742240025756815de7b4dc24b2f1de69b9148b4ec37f961ccb4d9b4836ab30,section.krull_dimension.0004,
formula.krull_dimension.0185,root.cring.krull_dimension,203,formula,inline-dollar,263,263,263,263,,,2725b2d0fc640cb2728a1834f8c41d47e601a7313494a3c35628268f485f3a5f,2725b2d0fc640cb2728a1834f8c41d47e601a7313494a3c35628268f485f3a5f,2725b2d0fc640cb2728a1834f8c41d47e601a7313494a3c35628268f485f3a5f,section.krull_dimension.0004,
formula.krull_dimension.0186,root.cring.krull_dimension,204,formula,inline-dollar,264,264,264,264,,,cc452471e60035bf74c69dbba2482ef0f9eba2af998451249b08ee85a3e94618,cc452471e60035bf74c69dbba2482ef0f9eba2af998451249b08ee85a3e94618,cc452471e60035bf74c69dbba2482ef0f9eba2af998451249b08ee85a3e94618,section.krull_dimension.0004,
formula.krull_dimension.0187,root.cring.krull_dimension,205,formula,inline-dollar,264,264,264,264,,,61a7ea0b5754be24e472f2af122bd49009b71d6d2031e24c7f509aca5931ba3d,61a7ea0b5754be24e472f2af122bd49009b71d6d2031e24c7f509aca5931ba3d,58826c0109bea326af8b30abbc0450d406769a09ba13c3f4875e9655f807a9a6,section.krull_dimension.0004,
formula.krull_dimension.0188,root.cring.krull_dimension,206,formula,inline-dollar,265,265,265,265,,,411305fdbcb41aa92415341fc20d027f47d3656bf704d978d6ce8aca7de7a790,411305fdbcb41aa92415341fc20d027f47d3656bf704d978d6ce8aca7de7a790,dff3f86aba7d47fa8dcb7dd71fb2e7b7de5259650ebdfd98db6d73939a54a2d3,section.krull_dimension.0004,
formula.krull_dimension.0189,root.cring.krull_dimension,207,formula,inline-dollar,267,267,267,267,,,6193bbbf36e1eadfe4868cb44091a828e52f2fed8e3da2ac264a73e980112492,6193bbbf36e1eadfe4868cb44091a828e52f2fed8e3da2ac264a73e980112492,a047df7bf07f65e4996e30b1dd1a6e486419e7b30d2e3cc25afb3f2ea8c2fa92,section.krull_dimension.0004,
formula.krull_dimension.0190,root.cring.krull_dimension,208,formula,inline-dollar,268,268,268,268,,,29742240025756815de7b4dc24b2f1de69b9148b4ec37f961ccb4d9b4836ab30,29742240025756815de7b4dc24b2f1de69b9148b4ec37f961ccb4d9b4836ab30,29742240025756815de7b4dc24b2f1de69b9148b4ec37f961ccb4d9b4836ab30,section.krull_dimension.0004,
formula.krull_dimension.0191,root.cring.krull_dimension,209,formula,display-bracket,269,270,269,270,,,0d574bc8df2e415670ea4cfefcab2db9e9bd38038dba85e2c907fcafc708e79d,0d574bc8df2e415670ea4cfefcab2db9e9bd38038dba85e2c907fcafc708e79d,161af84363722dd844d33cc0ab35e55b2910b3d3d02145ddf8aefb6284e900df,section.krull_dimension.0004,
formula.krull_dimension.0192,root.cring.krull_dimension,210,formula,inline-dollar,271,271,271,271,,,0a11d30c3ec23bf3b4a90ecf77870c9547fae41b0267d76da628dbe960b1c14d,0a11d30c3ec23bf3b4a90ecf77870c9547fae41b0267d76da628dbe960b1c14d,358bbb638ba0c7e6b93ef05c0a54b43929322f754e5699418fe83d63b86c0593,section.krull_dimension.0004,
formula.krull_dimension.0193,root.cring.krull_dimension,211,formula,inline-dollar,272,272,272,272,,,3969fc6f7e7e21a9b2a811541182dffba4674bb314688c316b59f9af6f3b5e00,3969fc6f7e7e21a9b2a811541182dffba4674bb314688c316b59f9af6f3b5e00,9d530ea1b56765a1e75dac00e1ef58531337cd3f6ddb047871d195653ad95c55,section.krull_dimension.0004,
formula.krull_dimension.0194,root.cring.krull_dimension,212,formula,inline-dollar,273,274,273,274,,,d30afb96f46977f831afce3bf603f8ede04ab28cb7aefb309d684bdb6998d29b,d30afb96f46977f831afce3bf603f8ede04ab28cb7aefb309d684bdb6998d29b,1e6648772e4eedaa74fd9cca2bb8308e3855c6f280b2fe8e3a6258c3d4c4fd29,section.krull_dimension.0004,
formula.krull_dimension.0195,root.cring.krull_dimension,213,formula,inline-dollar,275,275,275,275,,,06d68f75e9399d7da632ee41ba7d921139d6c4ac918ae6db20fe7b157909f69e,06d68f75e9399d7da632ee41ba7d921139d6c4ac918ae6db20fe7b157909f69e,bba8ab09bd294c39739a57a39bbcc985d7e7242824f19401fa5537efd17d4613,section.krull_dimension.0004,
formula.krull_dimension.0196,root.cring.krull_dimension,214,formula,inline-dollar,275,275,275,275,,,61334d6dd763ebf0b41e265be9c61be77f97fa774d5cd7dc95eafde222aca289,61334d6dd763ebf0b41e265be9c61be77f97fa774d5cd7dc95eafde222aca289,b60b0590e5602add55a86f59072a32dabf5e36fea229ea37e5b5793f4227a38f,section.krull_dimension.0004,
formula.krull_dimension.0197,root.cring.krull_dimension,215,formula,inline-dollar,278,278,278,278,,,4d8caf62591141cda61469202e431821c33cc2129c797f51e0a5fb3e52403543,4d8caf62591141cda61469202e431821c33cc2129c797f51e0a5fb3e52403543,4d8caf62591141cda61469202e431821c33cc2129c797f51e0a5fb3e52403543,section.krull_dimension.0004,
formula.krull_dimension.0198,root.cring.krull_dimension,216,formula,inline-dollar,279,279,279,279,,,bba8ab09bd294c39739a57a39bbcc985d7e7242824f19401fa5537efd17d4613,bba8ab09bd294c39739a57a39bbcc985d7e7242824f19401fa5537efd17d4613,bba8ab09bd294c39739a57a39bbcc985d7e7242824f19401fa5537efd17d4613,section.krull_dimension.0004,
formula.krull_dimension.0199,root.cring.krull_dimension,217,formula,inline-dollar,279,279,279,279,,,98000db0daffc4a017be6aab6a97afab6a04ff65c5e51a7cec1a2081dc2cecda,98000db0daffc4a017be6aab6a97afab6a04ff65c5e51a7cec1a2081dc2cecda,98000db0daffc4a017be6aab6a97afab6a04ff65c5e51a7cec1a2081dc2cecda,section.krull_dimension.0004,
formula.krull_dimension.0200,root.cring.krull_dimension,218,formula,inline-dollar,279,279,279,279,,,b4dbab6f581e9a260cc00e9e7e7334155b53ef5fe237c03371a8aaca107c7d82,b4dbab6f581e9a260cc00e9e7e7334155b53ef5fe237c03371a8aaca107c7d82,b4dbab6f581e9a260cc00e9e7e7334155b53ef5fe237c03371a8aaca107c7d82,section.krull_dimension.0004,
formula.krull_dimension.0201,root.cring.krull_dimension,219,formula,inline-dollar,280,280,280,280,,,d3b4969c7750ecbc2d6995b4bb3d2f58a394c32558fc6320f83845d699c4e465,d3b4969c7750ecbc2d6995b4bb3d2f58a394c32558fc6320f83845d699c4e465,d3b4969c7750ecbc2d6995b4bb3d2f58a394c32558fc6320f83845d699c4e465,section.krull_dimension.0004,
formula.krull_dimension.0202,root.cring.krull_dimension,220,formula,inline-dollar,281,281,281,281,,,d3b4969c7750ecbc2d6995b4bb3d2f58a394c32558fc6320f83845d699c4e465,d3b4969c7750ecbc2d6995b4bb3d2f58a394c32558fc6320f83845d699c4e465,d3b4969c7750ecbc2d6995b4bb3d2f58a394c32558fc6320f83845d699c4e465,section.krull_dimension.0004,
formula.krull_dimension.0203,root.cring.krull_dimension,221,formula,inline-dollar,281,281,281,281,,,fc926e2e053094d12274eaf384571f89d7737076907413559e8f11638b360c53,fc926e2e053094d12274eaf384571f89d7737076907413559e8f11638b360c53,fc926e2e053094d12274eaf384571f89d7737076907413559e8f11638b360c53,section.krull_dimension.0004,
formula.krull_dimension.0204,root.cring.krull_dimension,222,formula,inline-dollar,281,281,281,281,,,29742240025756815de7b4dc24b2f1de69b9148b4ec37f961ccb4d9b4836ab30,29742240025756815de7b4dc24b2f1de69b9148b4ec37f961ccb4d9b4836ab30,29742240025756815de7b4dc24b2f1de69b9148b4ec37f961ccb4d9b4836ab30,section.krull_dimension.0004,
formula.krull_dimension.0205,root.cring.krull_dimension,223,formula,inline-dollar,283,283,283,283,,,59786f22a5e1620c5a5a8c100e97fc60860881157c6c7b21328fe33c8ba411d8,59786f22a5e1620c5a5a8c100e97fc60860881157c6c7b21328fe33c8ba411d8,f0ccbe7ed56a0837f5b9113d3436f2c3845479009ba125733e984bbe61387425,section.krull_dimension.0004,
formula.krull_dimension.0206,root.cring.krull_dimension,224,formula,inline-dollar,285,285,285,285,,,29742240025756815de7b4dc24b2f1de69b9148b4ec37f961ccb4d9b4836ab30,29742240025756815de7b4dc24b2f1de69b9148b4ec37f961ccb4d9b4836ab30,29742240025756815de7b4dc24b2f1de69b9148b4ec37f961ccb4d9b4836ab30,section.krull_dimension.0004,
formula.krull_dimension.0207,root.cring.krull_dimension,225,formula,display-bracket,286,286,286,286,,,1ef2085bd21b77acd14903d7acd77ac2df063bece50bb10628e83b11e4fa84ba,1ef2085bd21b77acd14903d7acd77ac2df063bece50bb10628e83b11e4fa84ba,aad5e31c46687598c410d751b0ce632b9d0aa0dfc7dd05afbecfeb89d85ecd8f,section.krull_dimension.0004,
formula.krull_dimension.0208,root.cring.krull_dimension,226,formula,inline-dollar,287,287,287,287,,,29742240025756815de7b4dc24b2f1de69b9148b4ec37f961ccb4d9b4836ab30,29742240025756815de7b4dc24b2f1de69b9148b4ec37f961ccb4d9b4836ab30,29742240025756815de7b4dc24b2f1de69b9148b4ec37f961ccb4d9b4836ab30,section.krull_dimension.0004,
formula.krull_dimension.0209,root.cring.krull_dimension,227,formula,inline-dollar,288,288,288,288,,,fc926e2e053094d12274eaf384571f89d7737076907413559e8f11638b360c53,fc926e2e053094d12274eaf384571f89d7737076907413559e8f11638b360c53,fc926e2e053094d12274eaf384571f89d7737076907413559e8f11638b360c53,section.krull_dimension.0004,
formula.krull_dimension.0210,root.cring.krull_dimension,228,formula,inline-dollar,289,289,289,289,,,ab6a2e631e79319987898bd1ed1f0c1b1ad74bf1974a3cae9d13ee8ecc81a2b1,ab6a2e631e79319987898bd1ed1f0c1b1ad74bf1974a3cae9d13ee8ecc81a2b1,8d86fdbb73ab8eadde92371106b1155fc6cfb2aa708b8e383988558700f4ed4e,section.krull_dimension.0004,
formula.krull_dimension.0211,root.cring.krull_dimension,229,formula,inline-dollar,291,291,291,291,,,75474168c1a2e832f3fdc20234a8079f96997fba4b462ccf1de1d4d8d1805a1a,75474168c1a2e832f3fdc20234a8079f96997fba4b462ccf1de1d4d8d1805a1a,3ff9da3d4c19433c9b3800dea6bdbd3694b3726f55d6b098ee31cb0d0ea7a439,section.krull_dimension.0004,
formula.krull_dimension.0212,root.cring.krull_dimension,230,formula,inline-dollar,291,291,291,291,,,af946df59ebe9ddb15fc1e69b6d17deaa57018598163974323eba37e9ee54a6a,af946df59ebe9ddb15fc1e69b6d17deaa57018598163974323eba37e9ee54a6a,f91628a679de5cb581a29611001a62e5a83f24826e9a5f4b79ecbb5669d919b2,section.krull_dimension.0004,
formula.krull_dimension.0213,root.cring.krull_dimension,231,formula,inline-dollar,291,291,291,291,,,59786f22a5e1620c5a5a8c100e97fc60860881157c6c7b21328fe33c8ba411d8,59786f22a5e1620c5a5a8c100e97fc60860881157c6c7b21328fe33c8ba411d8,f0ccbe7ed56a0837f5b9113d3436f2c3845479009ba125733e984bbe61387425,section.krull_dimension.0004,
formula.krull_dimension.0214,root.cring.krull_dimension,232,formula,inline-dollar,292,292,292,292,,,bd228e284d802c4f6a57811c2a795c77bb5c8baa067dd8eee2a67366df6df63e,bd228e284d802c4f6a57811c2a795c77bb5c8baa067dd8eee2a67366df6df63e,bd228e284d802c4f6a57811c2a795c77bb5c8baa067dd8eee2a67366df6df63e,section.krull_dimension.0004,
formula.krull_dimension.0215,root.cring.krull_dimension,233,formula,inline-dollar,292,292,292,292,,,f68f45c56989e74df934337a9ac6c5d770e512c19614870784dd4d6b58effc83,f68f45c56989e74df934337a9ac6c5d770e512c19614870784dd4d6b58effc83,0098242e25a8e18fcddf32c674471b4634e51a4f311065dfaca9ce699facc9ab,section.krull_dimension.0004,
formula.krull_dimension.0216,root.cring.krull_dimension,234,formula,inline-dollar,293,293,293,293,,,bb28a9b83048a0f36a72a56394914040f7f0171b49534f6138053bdd68916943,bb28a9b83048a0f36a72a56394914040f7f0171b49534f6138053bdd68916943,bb28a9b83048a0f36a72a56394914040f7f0171b49534f6138053bdd68916943,section.krull_dimension.0004,
formula.krull_dimension.0217,root.cring.krull_dimension,235,formula,inline-dollar,293,293,293,293,,,883aa3a8a617fe1d73ac26c9886ca6fbefd3b9f364cf42ae8187d60df4257664,883aa3a8a617fe1d73ac26c9886ca6fbefd3b9f364cf42ae8187d60df4257664,883aa3a8a617fe1d73ac26c9886ca6fbefd3b9f364cf42ae8187d60df4257664,section.krull_dimension.0004,
formula.krull_dimension.0218,root.cring.krull_dimension,236,formula,inline-dollar,293,293,293,293,,,61334d6dd763ebf0b41e265be9c61be77f97fa774d5cd7dc95eafde222aca289,61334d6dd763ebf0b41e265be9c61be77f97fa774d5cd7dc95eafde222aca289,b60b0590e5602add55a86f59072a32dabf5e36fea229ea37e5b5793f4227a38f,section.krull_dimension.0004,
formula.krull_dimension.0219,root.cring.krull_dimension,237,formula,display-bracket,294,294,294,294,,,3ead1f40012b4c2c9d645375c822c8ec14f77c80ca68ab42b1a435941db90ef8,3ead1f40012b4c2c9d645375c822c8ec14f77c80ca68ab42b1a435941db90ef8,3bf99594db55af3a5d3f466c8c06f12a6807c72e7194c0d14241d3402ba8e599,section.krull_dimension.0004,
formula.krull_dimension.0220,root.cring.krull_dimension,238,formula,inline-dollar,296,296,296,296,,,411305fdbcb41aa92415341fc20d027f47d3656bf704d978d6ce8aca7de7a790,411305fdbcb41aa92415341fc20d027f47d3656bf704d978d6ce8aca7de7a790,dff3f86aba7d47fa8dcb7dd71fb2e7b7de5259650ebdfd98db6d73939a54a2d3,section.krull_dimension.0004,
formula.krull_dimension.0221,root.cring.krull_dimension,239,formula,inline-dollar,296,296,296,296,,,2725b2d0fc640cb2728a1834f8c41d47e601a7313494a3c35628268f485f3a5f,2725b2d0fc640cb2728a1834f8c41d47e601a7313494a3c35628268f485f3a5f,2725b2d0fc640cb2728a1834f8c41d47e601a7313494a3c35628268f485f3a5f,section.krull_dimension.0004,
formula.krull_dimension.0222,root.cring.krull_dimension,240,formula,inline-dollar,296,296,296,296,,,0020ee448f8e430f4f43cf58562a44ef7760ea0351f0200cbea2be95c69a2a01,0020ee448f8e430f4f43cf58562a44ef7760ea0351f0200cbea2be95c69a2a01,0020ee448f8e430f4f43cf58562a44ef7760ea0351f0200cbea2be95c69a2a01,section.krull_dimension.0004,
formula.krull_dimension.0223,root.cring.krull_dimension,241,formula,display-bracket,297,297,297,297,,,f07b7d3e7588f408f141545a4667dd336c5b2cf0853c3fa7204f6eec44168c2e,f07b7d3e7588f408f141545a4667dd336c5b2cf0853c3fa7204f6eec44168c2e,bed2866c870d3e0e3f33caf570e40518d0d8d5ef26716fedd47fc25bf19b6309,section.krull_dimension.0004,
formula.krull_dimension.0224,root.cring.krull_dimension,242,formula,inline-dollar,298,299,298,299,,,130a6df1c3b203a01f1dcc4ccab4c8d3958a3eb56f5578f35082d7087e4342cb,130a6df1c3b203a01f1dcc4ccab4c8d3958a3eb56f5578f35082d7087e4342cb,38908d30466523fcf58bd58c151abd23572f9f69bc553cfea0da2302d5f07342,section.krull_dimension.0004,
formula.krull_dimension.0225,root.cring.krull_dimension,243,formula,inline-dollar,299,299,299,299,,,1b96266b6645edcabdf4927252e0054fb4bac5ed77989482e6b359cfcc30e8a5,1b96266b6645edcabdf4927252e0054fb4bac5ed77989482e6b359cfcc30e8a5,0af2403a6fc4deb76ea4f87a06edf49c68d734db16089f60f57fb6de4b7791d1,section.krull_dimension.0004,
formula.krull_dimension.0226,root.cring.krull_dimension,244,formula,display-bracket,301,301,301,301,,,6ebe4545f884114ce8b8324af6b6f578e1477ed9c7bddee852675b7f5cc6cb96,6ebe4545f884114ce8b8324af6b6f578e1477ed9c7bddee852675b7f5cc6cb96,dacf056b32d7ba483423b960a7a4d837926669a683c3595623898637b783cb9b,section.krull_dimension.0004,
formula.krull_dimension.0227,root.cring.krull_dimension,245,formula,display-bracket,303,303,303,303,,,b0bd393a5320723b9164bc6f9cf7dcb183cf57785f3a20d87220c84d4f511676,b0bd393a5320723b9164bc6f9cf7dcb183cf57785f3a20d87220c84d4f511676,c62e13fe5dbf7d413a84908439f9379c39709512e9700bed27aabc91323ae9b0,section.krull_dimension.0004,
formula.krull_dimension.0228,root.cring.krull_dimension,246,formula,inline-dollar,304,305,304,305,,,694dc7c5a0fe6b54a96bb3838fadbe69c46a422f6acebbdbc2603f1fb4d4e0a8,694dc7c5a0fe6b54a96bb3838fadbe69c46a422f6acebbdbc2603f1fb4d4e0a8,c6a890c0bc48055b1cd332d6faffa43a5b3310806ed3a0ffbc48d35d2ade2755,section.krull_dimension.0004,
formula.krull_dimension.0229,root.cring.krull_dimension,247,formula,inline-dollar,305,305,305,305,,,c4bf233483517b7d924754dc7e3b583de2b26588492894440437476afad49350,c4bf233483517b7d924754dc7e3b583de2b26588492894440437476afad49350,692ad0ed59f4d66a89bcdc6338144c2c50782e808439383a36baee24edabd95c,section.krull_dimension.0004,
formula.krull_dimension.0230,root.cring.krull_dimension,248,formula,inline-dollar,305,305,305,305,,,98afa90776bb4aa400b0f67a81758f0d90b8f40b2f53b3f326d359cadc5be908,98afa90776bb4aa400b0f67a81758f0d90b8f40b2f53b3f326d359cadc5be908,3bd70474929162b9b0d8ffef6dfdf01e306076842215020d122a5f88fc2d89e3,section.krull_dimension.0004,
formula.krull_dimension.0231,root.cring.krull_dimension,249,formula,display-bracket,306,306,306,306,,,72e076ef72bd6550a34fddbf9ac9ebb8aeb6da858f1835dcfb4775d85185b6a8,72e076ef72bd6550a34fddbf9ac9ebb8aeb6da858f1835dcfb4775d85185b6a8,76cf3b2991125d99e6160adbc220f008874d0f42260469bd5920e2ed8330f948,section.krull_dimension.0004,
formula.krull_dimension.0232,root.cring.krull_dimension,250,formula,inline-dollar,307,307,307,307,,,6fd83150a6f5832996bc7cc4e5367f22ac8ce85f8c9b7701ea2a29588bf5d734,6fd83150a6f5832996bc7cc4e5367f22ac8ce85f8c9b7701ea2a29588bf5d734,2e41ee06b6ff85a06867019d8bdce4af2751cfc68ef77f066adec1614906cd01,section.krull_dimension.0004,
formula.krull_dimension.0233,root.cring.krull_dimension,251,formula,inline-dollar,307,307,307,307,,,411305fdbcb41aa92415341fc20d027f47d3656bf704d978d6ce8aca7de7a790,411305fdbcb41aa92415341fc20d027f47d3656bf704d978d6ce8aca7de7a790,dff3f86aba7d47fa8dcb7dd71fb2e7b7de5259650ebdfd98db6d73939a54a2d3,section.krull_dimension.0004,
formula.krull_dimension.0234,root.cring.krull_dimension,252,formula,inline-dollar,313,313,313,313,,,f0988ddf71047da5a5ff8b8e9771ac77b1171b07bad5b2f645e1ec63ffd7d059,f0988ddf71047da5a5ff8b8e9771ac77b1171b07bad5b2f645e1ec63ffd7d059,2025d239d2d6c524d6890897c137d65560c1054997345bf5d8698a7163cb0284,section.krull_dimension.0004,
formula.krull_dimension.0235,root.cring.krull_dimension,253,formula,inline-dollar,313,313,313,313,,,29742240025756815de7b4dc24b2f1de69b9148b4ec37f961ccb4d9b4836ab30,29742240025756815de7b4dc24b2f1de69b9148b4ec37f961ccb4d9b4836ab30,29742240025756815de7b4dc24b2f1de69b9148b4ec37f961ccb4d9b4836ab30,section.krull_dimension.0004,
formula.krull_dimension.0236,root.cring.krull_dimension,254,formula,inline-dollar,314,314,313,313,,,a28faf6143663643c867a9e6316c985e9cef6a6ed418572e97343866efcfe288,a28faf6143663643c867a9e6316c985e9cef6a6ed418572e97343866efcfe288,a28faf6143663643c867a9e6316c985e9cef6a6ed418572e97343866efcfe288,section.krull_dimension.0004,
theorem.krull_dimension.0005,root.cring.krull_dimension,255,theorem,proposition,315,317,315,317,,,eac04807e13029168a3517afaed84264731f8675f282d50e0295c5af5b7273ef,1066c6c258a5f7c7516678a10b21199265cb6411c4f582ae3abda810294370a6,,section.krull_dimension.0004,label.krull_dimension.0007
formula.krull_dimension.0237,root.cring.krull_dimension,256,formula,inline-dollar,316,316,316,316,,,3768ca7bef3a42eda617633867669956df6a444ed5134f34db781fabc9d76850,3768ca7bef3a42eda617633867669956df6a444ed5134f34db781fabc9d76850,592e9f667177aa2deacc6783c8dde5bd499aa7858f455546ef45dbfbfaa0fc02,section.krull_dimension.0004,
formula.krull_dimension.0238,root.cring.krull_dimension,257,formula,inline-dollar,316,316,316,316,,,eb23d805cf96b2886c94e2b1b09b6054f9df9cb7c0593c57fb5474159fbae4b2,eb23d805cf96b2886c94e2b1b09b6054f9df9cb7c0593c57fb5474159fbae4b2,826e7597a1c6cda07f23303b4389fabfb9c8bb4e7894459d2d1d9a7fb127b19a,section.krull_dimension.0004,
formula.krull_dimension.0239,root.cring.krull_dimension,258,formula,display-bracket,322,322,322,322,,,39dec0ee7d973e1069a12e1c548c64871674149441b9eda3958af6aa1b02f0bb,39dec0ee7d973e1069a12e1c548c64871674149441b9eda3958af6aa1b02f0bb,c34b79ca6b000f0ee075396413085d429e5a7d40735c57958f768be47515a54f,section.krull_dimension.0004,
formula.krull_dimension.0240,root.cring.krull_dimension,259,formula,display-bracket,324,324,324,324,,,6cee8bbd2067b507a35bb3c211af05f0771a62e5bbd32fce2ad8a40d068f49de,6cee8bbd2067b507a35bb3c211af05f0771a62e5bbd32fce2ad8a40d068f49de,0e119850fbb0630939baec9b36c5584798dad0b80f2f11b66f6300729eb2f62a,section.krull_dimension.0004,
formula.krull_dimension.0241,root.cring.krull_dimension,260,formula,inline-dollar,325,325,325,325,,,bd228e284d802c4f6a57811c2a795c77bb5c8baa067dd8eee2a67366df6df63e,bd228e284d802c4f6a57811c2a795c77bb5c8baa067dd8eee2a67366df6df63e,bd228e284d802c4f6a57811c2a795c77bb5c8baa067dd8eee2a67366df6df63e,section.krull_dimension.0004,
definition.krull_dimension.0003,root.cring.krull_dimension,261,definition,definition,329,333,329,333,,,b0d2dc329843ced3ab314591f2879612426700281c4981a58955fa8422a54c3f,8bc3ff15c8a391c54dc4fc177b3d5357f468049b3cb4410d20127e52623a3b9b,,section.krull_dimension.0004,
formula.krull_dimension.0242,root.cring.krull_dimension,262,formula,inline-dollar,330,330,330,330,,,da336d75ce3f76bc733743915de54a6744ee5815db0305baeab1925cddcdc934,da336d75ce3f76bc733743915de54a6744ee5815db0305baeab1925cddcdc934,da336d75ce3f76bc733743915de54a6744ee5815db0305baeab1925cddcdc934,section.krull_dimension.0004,
formula.krull_dimension.0243,root.cring.krull_dimension,263,formula,display-bracket,332,332,332,332,,,4bb3108e7a32398daa61c3e8621fb87a973f2e9d4c69e6e30b4253c7bd392b13,4bb3108e7a32398daa61c3e8621fb87a973f2e9d4c69e6e30b4253c7bd392b13,f5ab1fef495d38a6589c04fdcd81624f56d8679eba9804da4feb44a1faf3dd11,section.krull_dimension.0004,
formula.krull_dimension.0244,root.cring.krull_dimension,264,formula,inline-dollar,335,335,335,335,,,516ef444b2a1a5ff051df5b16219849a842d3438295c3a47f5e8e0633add1a44,516ef444b2a1a5ff051df5b16219849a842d3438295c3a47f5e8e0633add1a44,516ef444b2a1a5ff051df5b16219849a842d3438295c3a47f5e8e0633add1a44,section.krull_dimension.0004,
formula.krull_dimension.0245,root.cring.krull_dimension,265,formula,inline-dollar,336,336,336,336,,,516ef444b2a1a5ff051df5b16219849a842d3438295c3a47f5e8e0633add1a44,516ef444b2a1a5ff051df5b16219849a842d3438295c3a47f5e8e0633add1a44,516ef444b2a1a5ff051df5b16219849a842d3438295c3a47f5e8e0633add1a44,section.krull_dimension.0004,
formula.krull_dimension.0246,root.cring.krull_dimension,266,formula,inline-dollar,336,336,336,336,,,17231f65f3eab12195bbce7143b4e75f4e04bc086067ced36e820d2e09de897e,17231f65f3eab12195bbce7143b4e75f4e04bc086067ced36e820d2e09de897e,17231f65f3eab12195bbce7143b4e75f4e04bc086067ced36e820d2e09de897e,section.krull_dimension.0004,
section.krull_dimension.0005,root.cring.krull_dimension,267,section,subsection,339,339,339,339,The dimension of a module,Dimensi suatu modul,1284a1a937902a90f8bff0f264b25a7da5058ac52a1b02d5b297ea294c12263d,dc2d62eb626e6eb465a69402ac6200600051cf40b011440bf48831fdf3a0b260,,section.krull_dimension.0001,
formula.krull_dimension.0247,root.cring.krull_dimension,268,formula,inline-dollar,340,340,340,340,,,b977fb1bd4018e0fa303e0e912fddb3b8e1090c70081e464a50d61daaf2d3cd2,b977fb1bd4018e0fa303e0e912fddb3b8e1090c70081e464a50d61daaf2d3cd2,a28faf6143663643c867a9e6316c985e9cef6a6ed418572e97343866efcfe288,section.krull_dimension.0005,
formula.krull_dimension.0248,root.cring.krull_dimension,269,formula,inline-dollar,340,340,340,340,,,bb4bc0183a7d484898e30fb7e41308e47e36e9e66bfcbec48d7c181b9de666c4,bb4bc0183a7d484898e30fb7e41308e47e36e9e66bfcbec48d7c181b9de666c4,bb4bc0183a7d484898e30fb7e41308e47e36e9e66bfcbec48d7c181b9de666c4,section.krull_dimension.0005,
formula.krull_dimension.0249,root.cring.krull_dimension,270,formula,inline-dollar,341,341,341,341,,,56a336d39980b36b69254a3d216c984d28eba989ae390728d075756fd7bfceec,56a336d39980b36b69254a3d216c984d28eba989ae390728d075756fd7bfceec,56a336d39980b36b69254a3d216c984d28eba989ae390728d075756fd7bfceec,section.krull_dimension.0005,
formula.krull_dimension.0250,root.cring.krull_dimension,271,formula,display-bracket,342,342,342,342,,,42ae292810a6afdbdfbf78ed903f29ad14fdf3f0bfadc980be3ca182bfedcd51,42ae292810a6afdbdfbf78ed903f29ad14fdf3f0bfadc980be3ca182bfedcd51,ad3155d88b0855eb0e46b649be4da6fb44f9f460bedc5c7a36a4e752c04b8b88,section.krull_dimension.0005,
formula.krull_dimension.0251,root.cring.krull_dimension,272,formula,inline-dollar,343,343,343,343,,,a28faf6143663643c867a9e6316c985e9cef6a6ed418572e97343866efcfe288,a28faf6143663643c867a9e6316c985e9cef6a6ed418572e97343866efcfe288,a28faf6143663643c867a9e6316c985e9cef6a6ed418572e97343866efcfe288,section.krull_dimension.0005,
formula.krull_dimension.0252,root.cring.krull_dimension,273,formula,inline-dollar,343,343,343,343,,,4d156c5e69e6368e89381f6ab5d5322a736a96f56e8bba7b7976688f11d075be,4d156c5e69e6368e89381f6ab5d5322a736a96f56e8bba7b7976688f11d075be,4d156c5e69e6368e89381f6ab5d5322a736a96f56e8bba7b7976688f11d075be,section.krull_dimension.0005,
formula.krull_dimension.0253,root.cring.krull_dimension,274,formula,display-bracket,346,346,346,346,,,cce96e38e2c5a54eb0e715135910b93bae383cdbb92b6b452feea25869ae960a,cce96e38e2c5a54eb0e715135910b93bae383cdbb92b6b452feea25869ae960a,502d8191a38d6a9d1cf84f3dec6a285c2cc19d0768aad3bd85d78eea05e85116,section.krull_dimension.0005,
definition.krull_dimension.0004,root.cring.krull_dimension,275,definition,definition,350,356,350,356,,,0935b3cbee3e3bc431373a4f3c078f119613a7d17eca85c1386d3d1ea6a20858,71c5eff28918cd2f9103365b6d38746168a8b8f5cf20ea298971cca847b82408,,section.krull_dimension.0005,
formula.krull_dimension.0254,root.cring.krull_dimension,276,formula,inline-dollar,351,351,351,351,,,a28faf6143663643c867a9e6316c985e9cef6a6ed418572e97343866efcfe288,a28faf6143663643c867a9e6316c985e9cef6a6ed418572e97343866efcfe288,a28faf6143663643c867a9e6316c985e9cef6a6ed418572e97343866efcfe288,section.krull_dimension.0005,
formula.krull_dimension.0255,root.cring.krull_dimension,277,formula,inline-dollar,351,351,351,351,,,bd228e284d802c4f6a57811c2a795c77bb5c8baa067dd8eee2a67366df6df63e,bd228e284d802c4f6a57811c2a795c77bb5c8baa067dd8eee2a67366df6df63e,bd228e284d802c4f6a57811c2a795c77bb5c8baa067dd8eee2a67366df6df63e,section.krull_dimension.0005,
formula.krull_dimension.0256,root.cring.krull_dimension,278,formula,inline-dollar,351,351,351,351,,,a28faf6143663643c867a9e6316c985e9cef6a6ed418572e97343866efcfe288,a28faf6143663643c867a9e6316c985e9cef6a6ed418572e97343866efcfe288,a28faf6143663643c867a9e6316c985e9cef6a6ed418572e97343866efcfe288,section.krull_dimension.0005,
formula.krull_dimension.0257,root.cring.krull_dimension,279,formula,inline-dollar,351,351,351,351,,,bd228e284d802c4f6a57811c2a795c77bb5c8baa067dd8eee2a67366df6df63e,bd228e284d802c4f6a57811c2a795c77bb5c8baa067dd8eee2a67366df6df63e,bd228e284d802c4f6a57811c2a795c77bb5c8baa067dd8eee2a67366df6df63e,section.krull_dimension.0005,
formula.krull_dimension.0258,root.cring.krull_dimension,280,formula,inline-dollar,352,352,352,352,,,06753f463d5a324c5952880cd88e0a6b5b9bc10673ca9c5c1c67e3a7d63dc9c5,06753f463d5a324c5952880cd88e0a6b5b9bc10673ca9c5c1c67e3a7d63dc9c5,06753f463d5a324c5952880cd88e0a6b5b9bc10673ca9c5c1c67e3a7d63dc9c5,section.krull_dimension.0005,
formula.krull_dimension.0259,root.cring.krull_dimension,281,formula,inline-dollar,352,352,352,352,,,411305fdbcb41aa92415341fc20d027f47d3656bf704d978d6ce8aca7de7a790,411305fdbcb41aa92415341fc20d027f47d3656bf704d978d6ce8aca7de7a790,dff3f86aba7d47fa8dcb7dd71fb2e7b7de5259650ebdfd98db6d73939a54a2d3,section.krull_dimension.0005,
formula.krull_dimension.0260,root.cring.krull_dimension,282,formula,inline-dollar,353,353,353,353,,,7868971e593eeb951c614ab365a64b9473ffa92c480e813dc331e37be667115b,7868971e593eeb951c614ab365a64b9473ffa92c480e813dc331e37be667115b,b4d7b0744ac85d3b46ebe4e38b08616d6d9ded72412a986903f9b11367386be6,section.krull_dimension.0005,
formula.krull_dimension.0261,root.cring.krull_dimension,283,formula,inline-dollar,355,355,355,355,,,bd228e284d802c4f6a57811c2a795c77bb5c8baa067dd8eee2a67366df6df63e,bd228e284d802c4f6a57811c2a795c77bb5c8baa067dd8eee2a67366df6df63e,bd228e284d802c4f6a57811c2a795c77bb5c8baa067dd8eee2a67366df6df63e,section.krull_dimension.0005,
formula.krull_dimension.0262,root.cring.krull_dimension,284,formula,inline-dollar,358,358,358,358,,,a28faf6143663643c867a9e6316c985e9cef6a6ed418572e97343866efcfe288,a28faf6143663643c867a9e6316c985e9cef6a6ed418572e97343866efcfe288,a28faf6143663643c867a9e6316c985e9cef6a6ed418572e97343866efcfe288,section.krull_dimension.0005,
formula.krull_dimension.0263,root.cring.krull_dimension,285,formula,inline-dollar,359,359,359,359,,,a28faf6143663643c867a9e6316c985e9cef6a6ed418572e97343866efcfe288,a28faf6143663643c867a9e6316c985e9cef6a6ed418572e97343866efcfe288,a28faf6143663643c867a9e6316c985e9cef6a6ed418572e97343866efcfe288,section.krull_dimension.0005,
formula.krull_dimension.0264,root.cring.krull_dimension,286,formula,inline-dollar,363,363,363,363,,,54fba7833aa0e7e351ec0c42490171dba919c74e19bd685a9b6553026ca550ad,54fba7833aa0e7e351ec0c42490171dba919c74e19bd685a9b6553026ca550ad,54fba7833aa0e7e351ec0c42490171dba919c74e19bd685a9b6553026ca550ad,section.krull_dimension.0005,
theorem.krull_dimension.0006,root.cring.krull_dimension,287,theorem,proposition,369,376,369,376,,,99b60407a9de7e052432e9e77d4e0c15d6a2e37a17760d431e030e2c0fb5c134,a9cd0100b3d515f4f45e9eadd0d919ca9b089666b0cb251555c2ebb4936b5dbe,,section.krull_dimension.0005,
formula.krull_dimension.0265,root.cring.krull_dimension,288,formula,display-bracket,371,371,371,371,,,065bb2c4bcd20cf48032369ea92c077e16762b28323313c3c42ecab1e5bf9431,065bb2c4bcd20cf48032369ea92c077e16762b28323313c3c42ecab1e5bf9431,9419c7e7cf77876111b896fc346a1e665a86e6ac1129ef7d6b895dcdc669ac37,section.krull_dimension.0005,
formula.krull_dimension.0266,root.cring.krull_dimension,289,formula,inline-dollar,372,372,372,372,,,dd168285a129fe6102cf34d3d1139a0d2450faa03c13c431419d67c0bef0b91b,dd168285a129fe6102cf34d3d1139a0d2450faa03c13c431419d67c0bef0b91b,c4287f3fe178d9ff8404854d8535f56fa1645d28daa319cb1ed51bf86b8741af,section.krull_dimension.0005,
formula.krull_dimension.0267,root.cring.krull_dimension,290,formula,display-bracket,373,374,373,374,,,ca5e55dbb453ad5f0b4994e377c342905110d72e6554f2172d024728a03d4671,ca5e55dbb453ad5f0b4994e377c342905110d72e6554f2172d024728a03d4671,365043d878ae42eaa933aa700158ec4ce145aa118bd594e9c3420b0986be36bd,section.krull_dimension.0005,
formula.krull_dimension.0268,root.cring.krull_dimension,291,formula,inline-dollar,375,375,375,375,,,08472f9282f019e3bdb0b8578b0647813dc6b2a0995239af1c217910923747f6,08472f9282f019e3bdb0b8578b0647813dc6b2a0995239af1c217910923747f6,6faf232759ff1835fd5dfb5868a06fc47a4d42112e3819550eabcc8fc3cf622e,section.krull_dimension.0005,
theorem.krull_dimension.0007,root.cring.krull_dimension,292,theorem,proposition,382,386,382,386,,,eaeede27494c9293ef326afb4f234a1cd28e619c3e077cb1f29ccf7d6a42ca4f,f6b4751c09c3ea64a2fd9fa5fd93c899073f11c3ff1fb7fefa296284bdbdc53e,,section.krull_dimension.0005,label.krull_dimension.0008
formula.krull_dimension.0269,root.cring.krull_dimension,293,formula,display-bracket,384,384,384,384,,,a17de83f6720478556422d9141cacb43e14633db9c52bf3a0088bcdf9df667cf,a17de83f6720478556422d9141cacb43e14633db9c52bf3a0088bcdf9df667cf,f2ff4a86c9a8544a0ff736dc2c36730d9af785e1bc0444b13a1e2c283e782a90,section.krull_dimension.0005,
formula.krull_dimension.0270,root.cring.krull_dimension,294,formula,inline-dollar,385,385,385,385,,,a28faf6143663643c867a9e6316c985e9cef6a6ed418572e97343866efcfe288,a28faf6143663643c867a9e6316c985e9cef6a6ed418572e97343866efcfe288,a28faf6143663643c867a9e6316c985e9cef6a6ed418572e97343866efcfe288,section.krull_dimension.0005,
formula.krull_dimension.0271,root.cring.krull_dimension,295,formula,inline-dollar,385,385,385,385,,,9f36ae18f9b1e792548d04876773c7d7e3fd0cf36873a6801360a23d59914a60,9f36ae18f9b1e792548d04876773c7d7e3fd0cf36873a6801360a23d59914a60,d1eac3190ffb6bf3e2260b201bea12009cebc3053dbc2f8935fe8c386b7947a4,section.krull_dimension.0005,
formula.krull_dimension.0272,root.cring.krull_dimension,296,formula,display-bracket,389,389,389,389,,,6c3e3a16279cc8bbbb533e1c7308c0bcbcb6bd666f58d3dbbb33ed8bc7bcedb9,6c3e3a16279cc8bbbb533e1c7308c0bcbcb6bd666f58d3dbbb33ed8bc7bcedb9,4b174033653a702bd83797ce0933b2706fe2ca90e0effa7a86c6c62ee87fe380,section.krull_dimension.0005,
formula.krull_dimension.0273,root.cring.krull_dimension,297,formula,inline-dollar,390,390,390,390,,,68e2c657635f73c4dcb5d524f457fd7522045402f0f6ff9d2e28879de6c7e67b,68e2c657635f73c4dcb5d524f457fd7522045402f0f6ff9d2e28879de6c7e67b,68e2c657635f73c4dcb5d524f457fd7522045402f0f6ff9d2e28879de6c7e67b,section.krull_dimension.0005,
formula.krull_dimension.0274,root.cring.krull_dimension,298,formula,inline-dollar,390,391,390,391,,,c13de39cbc61c4f212d725942105d4b6889fdfef6213d41eab32c0f7d2c05387,c13de39cbc61c4f212d725942105d4b6889fdfef6213d41eab32c0f7d2c05387,11866697307bc79afd38ace6b3041dd33e053288c08de27e385910f5400ac008,section.krull_dimension.0005,
formula.krull_dimension.0275,root.cring.krull_dimension,299,formula,inline-dollar,391,391,391,391,,,672009d25b0d403a0506376f56a48e379bf0a246a1098c34903c1e171462ccb9,672009d25b0d403a0506376f56a48e379bf0a246a1098c34903c1e171462ccb9,6e3d5036464c36b5c6e7c63e7504589857f100ccc4952d63cd2aef5e695e01d7,section.krull_dimension.0005,
formula.krull_dimension.0276,root.cring.krull_dimension,300,formula,display-bracket,394,394,394,394,,,5b500e1353e7f6ae4feec0a5f73ba5a8c0e2ce073584c07eedbf8c29e2edeea0,5b500e1353e7f6ae4feec0a5f73ba5a8c0e2ce073584c07eedbf8c29e2edeea0,3ab7430b4c69443b5d6416e1165b9723e6269aeab58780e511c7d5dc22857384,section.krull_dimension.0005,
formula.krull_dimension.0277,root.cring.krull_dimension,301,formula,display-bracket,396,396,396,396,,,ff3fd5f25f1528bad7d1bc19f09b3c4401ffcf78ed7ff3863ed7122a37cc6011,ff3fd5f25f1528bad7d1bc19f09b3c4401ffcf78ed7ff3863ed7122a37cc6011,d4d50454a57690adca2692d83f806193c1a19c07793b1c779c5f662a4ba3d6bf,section.krull_dimension.0005,
formula.krull_dimension.0278,root.cring.krull_dimension,302,formula,display-bracket,399,400,399,400,,,38039a49f87ee160904848654804e1625b5cf2a1a5093edef7df92fcf8099d3b,38039a49f87ee160904848654804e1625b5cf2a1a5093edef7df92fcf8099d3b,817435e7f2c3677c9e9c78ea0b96180bcfcce9a58a850b1e80e5af3d1ef117fd,section.krull_dimension.0005,
formula.krull_dimension.0279,root.cring.krull_dimension,303,formula,inline-dollar,401,401,401,401,,,5568a4aa4ef3108c8947e1f3c6a7015eb309d3c080f9e4d6b253ae763b45f858,5568a4aa4ef3108c8947e1f3c6a7015eb309d3c080f9e4d6b253ae763b45f858,5568a4aa4ef3108c8947e1f3c6a7015eb309d3c080f9e4d6b253ae763b45f858,section.krull_dimension.0005,
formula.krull_dimension.0280,root.cring.krull_dimension,304,formula,inline-dollar,401,401,401,401,,,2f35208cf4865123168793eb2c8a3959cf2cf22d75e6e7bce111675305aee5c3,2f35208cf4865123168793eb2c8a3959cf2cf22d75e6e7bce111675305aee5c3,e9cffa34f1969c294bce84edac79d331a0d535394ec3d6c644f60784bb7b16b3,section.krull_dimension.0005,
formula.krull_dimension.0281,root.cring.krull_dimension,305,formula,inline-dollar,403,403,403,403,,,c435f95c6f33ae3f054282cd0fe89da96a94cd5369f8ee244e87ea11a887f06f,c435f95c6f33ae3f054282cd0fe89da96a94cd5369f8ee244e87ea11a887f06f,48b33cbb57364a177f5b77db4c1f46404dfcef3055d35e0807b85bcd48ffca8f,section.krull_dimension.0005,
formula.krull_dimension.0282,root.cring.krull_dimension,306,formula,inline-dollar,403,404,403,404,,,9b40dd0c0a87c94a9b621b2c1b0eca626b7221a9fcbe3acfd49861a3b491d0fb,9b40dd0c0a87c94a9b621b2c1b0eca626b7221a9fcbe3acfd49861a3b491d0fb,382ab467462fa12cd21b97658897a8399e28c2db0751f01f1cbdd05e516f4c5f,section.krull_dimension.0005,
formula.krull_dimension.0283,root.cring.krull_dimension,307,formula,inline-dollar,404,404,404,404,,,f90e5b54d590d7cbfdb35476016968f098b0f9813dd06e84c9447323da16992a,f90e5b54d590d7cbfdb35476016968f098b0f9813dd06e84c9447323da16992a,85d4dabc3d657d2494c6334e08929cd34d8d74a6852ae97597fd13ef8a4d1ddb,section.krull_dimension.0005,
formula.krull_dimension.0284,root.cring.krull_dimension,308,formula,display-bracket,405,405,405,405,,,3f740b26177380b6068ec55a1a0f26a7be43bb98c8df13fe9d63e8e4e7d25955,3f740b26177380b6068ec55a1a0f26a7be43bb98c8df13fe9d63e8e4e7d25955,fe95816edf30c53ac2b790080b15fd3a547a4483827b215f528db6601e490506,section.krull_dimension.0005,
formula.krull_dimension.0285,root.cring.krull_dimension,309,formula,inline-dollar,406,406,406,406,,,68e2c657635f73c4dcb5d524f457fd7522045402f0f6ff9d2e28879de6c7e67b,68e2c657635f73c4dcb5d524f457fd7522045402f0f6ff9d2e28879de6c7e67b,68e2c657635f73c4dcb5d524f457fd7522045402f0f6ff9d2e28879de6c7e67b,section.krull_dimension.0005,
formula.krull_dimension.0286,root.cring.krull_dimension,310,formula,inline-dollar,406,406,406,406,,,c2731060698b71e6fe856d64fdc36bb59527d6568625b1c6d9fbea06b5078a30,c2731060698b71e6fe856d64fdc36bb59527d6568625b1c6d9fbea06b5078a30,348c8b12ac263007f45f3001302071702c6f17002bffaef04318f33cad673790,section.krull_dimension.0005,
formula.krull_dimension.0287,root.cring.krull_dimension,311,formula,inline-dollar,407,407,407,407,,,ac5fb41d0bd2685507a4b3e34cfb548ba72ca2d644030fc81f03c43b4fb955cb,ac5fb41d0bd2685507a4b3e34cfb548ba72ca2d644030fc81f03c43b4fb955cb,ac5fb41d0bd2685507a4b3e34cfb548ba72ca2d644030fc81f03c43b4fb955cb,section.krull_dimension.0005,
formula.krull_dimension.0288,root.cring.krull_dimension,312,formula,display-bracket,408,408,408,408,,,fc394ca86d46977771d80388225b49a2324f1c9cf0adb04de92f2c3edbf745c2,fc394ca86d46977771d80388225b49a2324f1c9cf0adb04de92f2c3edbf745c2,f1c36270a7933ff2781705be55ab4c87a180140065b6a4f3ef7c8b18b7310633,section.krull_dimension.0005,
formula.krull_dimension.0289,root.cring.krull_dimension,313,formula,inline-dollar,409,409,409,409,,,68e2c657635f73c4dcb5d524f457fd7522045402f0f6ff9d2e28879de6c7e67b,68e2c657635f73c4dcb5d524f457fd7522045402f0f6ff9d2e28879de6c7e67b,68e2c657635f73c4dcb5d524f457fd7522045402f0f6ff9d2e28879de6c7e67b,section.krull_dimension.0005,
formula.krull_dimension.0290,root.cring.krull_dimension,314,formula,inline-dollar,409,409,409,409,,,4042df424b41d18c79c774cff2736c4002b902ff2ce7e45779b31062f819d1cd,4042df424b41d18c79c774cff2736c4002b902ff2ce7e45779b31062f819d1cd,4042df424b41d18c79c774cff2736c4002b902ff2ce7e45779b31062f819d1cd,section.krull_dimension.0005,
formula.krull_dimension.0291,root.cring.krull_dimension,315,formula,inline-dollar,410,410,410,410,,,c343522bce769dfb588760655581568faa81556f999a84111f2af2d994c8bb57,c343522bce769dfb588760655581568faa81556f999a84111f2af2d994c8bb57,c343522bce769dfb588760655581568faa81556f999a84111f2af2d994c8bb57,section.krull_dimension.0005,
formula.krull_dimension.0292,root.cring.krull_dimension,316,formula,inline-dollar,411,411,411,411,,,04fcf4b86b22eca6e8cd4f4a5c4899cebbf77f737440cf35fa83114636dc65b6,04fcf4b86b22eca6e8cd4f4a5c4899cebbf77f737440cf35fa83114636dc65b6,273a9682889abb8157a7200ecfb422052185f082b71ddcaa66a838d1ebde4c18,section.krull_dimension.0005,
formula.krull_dimension.0293,root.cring.krull_dimension,317,formula,inline-dollar,412,412,412,412,,,4d156c5e69e6368e89381f6ab5d5322a736a96f56e8bba7b7976688f11d075be,4d156c5e69e6368e89381f6ab5d5322a736a96f56e8bba7b7976688f11d075be,4d156c5e69e6368e89381f6ab5d5322a736a96f56e8bba7b7976688f11d075be,section.krull_dimension.0005,
formula.krull_dimension.0294,root.cring.krull_dimension,318,formula,inline-dollar,412,412,412,412,,,945b51eec4742dee132ee5d59e20dfc452eefebe03188e8d375299e30936c5c2,945b51eec4742dee132ee5d59e20dfc452eefebe03188e8d375299e30936c5c2,a79323bf043322094d56a3f0ddea16f0bd4f2310a1559255d2d7084765196005,section.krull_dimension.0005,
theorem.krull_dimension.0008,root.cring.krull_dimension,319,theorem,proposition,417,419,417,419,,,5ec27810df17a951d9931275863e82085650ddee6b143625087af4f51054247b,2fa5817d95ef8a1c9f7d65634bf92ced654dfa75b364ef226d38121fdbd077b0,,section.krull_dimension.0005,
formula.krull_dimension.0295,root.cring.krull_dimension,320,formula,inline-dollar,418,418,418,418,,,6d128172c4cbfc98f9556f1176bfa6889d547a0f1818cf6d7edc8e4d4bd4a990,6d128172c4cbfc98f9556f1176bfa6889d547a0f1818cf6d7edc8e4d4bd4a990,34f02a6c534f840b3b4a3dcc3cbac52e54fbb5ac611b851f08b333a1727bd3fd,section.krull_dimension.0005,
formula.krull_dimension.0296,root.cring.krull_dimension,321,formula,inline-dollar,418,418,418,418,,,5e61d8a9e1da5d1a818c06ff38906cbb552158c6623cb7b9dc05e5dc84ab8277,5e61d8a9e1da5d1a818c06ff38906cbb552158c6623cb7b9dc05e5dc84ab8277,905a2c719c3c1ca63aea33e16e5ecaabb56eca7cbf68154293ffaf008b86d2af,section.krull_dimension.0005,
formula.krull_dimension.0297,root.cring.krull_dimension,322,formula,inline-dollar,421,421,421,421,,,34d33fbbb073e084e5931e18739ba6c7873d805d6dc21f79b20260846a6c5c7a,34d33fbbb073e084e5931e18739ba6c7873d805d6dc21f79b20260846a6c5c7a,b9ba65400245c7d27d665d090f24ce6a4ad0ac8e66ada26d90cc759f05c1f965,section.krull_dimension.0005,
formula.krull_dimension.0298,root.cring.krull_dimension,323,formula,inline-dollar,427,427,427,427,,,a28faf6143663643c867a9e6316c985e9cef6a6ed418572e97343866efcfe288,a28faf6143663643c867a9e6316c985e9cef6a6ed418572e97343866efcfe288,a28faf6143663643c867a9e6316c985e9cef6a6ed418572e97343866efcfe288,section.krull_dimension.0005,
formula.krull_dimension.0299,root.cring.krull_dimension,324,formula,inline-dollar,428,428,428,428,,,053f7857fe3c15bf05f5c6a2b2b2aadea43e5ce62d53f3fb2b9658dd50204cb3,053f7857fe3c15bf05f5c6a2b2b2aadea43e5ce62d53f3fb2b9658dd50204cb3,7cd770b7549c0344341c635f8af86fae58ab381ff97ea6a55dc6c1687aee69c0,section.krull_dimension.0005,
formula.krull_dimension.0300,root.cring.krull_dimension,325,formula,inline-dollar,428,428,428,428,,,4a1f941b3c6f426ec08de78c17e2f80f07a8b789701ba6b25126da00fab1231c,4a1f941b3c6f426ec08de78c17e2f80f07a8b789701ba6b25126da00fab1231c,4a1f941b3c6f426ec08de78c17e2f80f07a8b789701ba6b25126da00fab1231c,section.krull_dimension.0005,
formula.krull_dimension.0301,root.cring.krull_dimension,326,formula,inline-dollar,428,428,428,428,,,a28faf6143663643c867a9e6316c985e9cef6a6ed418572e97343866efcfe288,a28faf6143663643c867a9e6316c985e9cef6a6ed418572e97343866efcfe288,a28faf6143663643c867a9e6316c985e9cef6a6ed418572e97343866efcfe288,section.krull_dimension.0005,
formula.krull_dimension.0302,root.cring.krull_dimension,327,formula,inline-dollar,429,429,429,429,,,4a1f941b3c6f426ec08de78c17e2f80f07a8b789701ba6b25126da00fab1231c,4a1f941b3c6f426ec08de78c17e2f80f07a8b789701ba6b25126da00fab1231c,4a1f941b3c6f426ec08de78c17e2f80f07a8b789701ba6b25126da00fab1231c,section.krull_dimension.0005,
formula.krull_dimension.0303,root.cring.krull_dimension,328,formula,inline-dollar,429,429,429,429,,,ef510704229a2b8857879ace5d3afc2abc04cf723483c5701af633cb5b7a65b9,ef510704229a2b8857879ace5d3afc2abc04cf723483c5701af633cb5b7a65b9,24832f54ddaef60e5f0db69ff7b79d6ce447c0aaa8c9052c1c3b9797068f1d9d,section.krull_dimension.0005,
formula.krull_dimension.0304,root.cring.krull_dimension,329,formula,inline-dollar,429,429,429,429,,,14fe53a973f90738cacbbf0206c8180f7e1b8e12c1aa0cc21358811683012d7d,14fe53a973f90738cacbbf0206c8180f7e1b8e12c1aa0cc21358811683012d7d,465d6671852ef1514e554dfe111596ca6ac531d22a358ae616b348b303e43750,section.krull_dimension.0005,
formula.krull_dimension.0305,root.cring.krull_dimension,330,formula,display-bracket,430,430,430,430,,,d99a561b7a5f819e49a533f75eb7bbc7120c7d30e46c30553665f4a82dbc9caa,d99a561b7a5f819e49a533f75eb7bbc7120c7d30e46c30553665f4a82dbc9caa,b98ae4cf3dc4e85bfbd8ddbc5eab73b65091c3c8070e67ce22f2c3173a8e12d7,section.krull_dimension.0005,
formula.krull_dimension.0306,root.cring.krull_dimension,331,formula,inline-dollar,433,433,433,433,,,2725b2d0fc640cb2728a1834f8c41d47e601a7313494a3c35628268f485f3a5f,2725b2d0fc640cb2728a1834f8c41d47e601a7313494a3c35628268f485f3a5f,2725b2d0fc640cb2728a1834f8c41d47e601a7313494a3c35628268f485f3a5f,section.krull_dimension.0005,
formula.krull_dimension.0307,root.cring.krull_dimension,332,formula,display-bracket,434,434,434,434,,,4c60b868610cbd26cb68ccbbc5425a74c17a515dee36e13a160204cc320204c3,4c60b868610cbd26cb68ccbbc5425a74c17a515dee36e13a160204cc320204c3,9da821d1ccbb2b9a103f8af7b80a55d3a30762a80b072d3481cf91a7e8734177,section.krull_dimension.0005,
formula.krull_dimension.0308,root.cring.krull_dimension,333,formula,display-bracket,436,436,436,436,,,e8a42275f915f4c4f288666d29d2f7bf928cc7d1d97781d8b1a93c7091c24417,e8a42275f915f4c4f288666d29d2f7bf928cc7d1d97781d8b1a93c7091c24417,10c7bfe18fb1c94d3d2aa4700ee765ce5bc39b276b9a21e9ff70675aea009f6f,section.krull_dimension.0005,
formula.krull_dimension.0309,root.cring.krull_dimension,334,formula,inline-dollar,438,438,438,438,,,a28faf6143663643c867a9e6316c985e9cef6a6ed418572e97343866efcfe288,a28faf6143663643c867a9e6316c985e9cef6a6ed418572e97343866efcfe288,a28faf6143663643c867a9e6316c985e9cef6a6ed418572e97343866efcfe288,section.krull_dimension.0005,
formula.krull_dimension.0310,root.cring.krull_dimension,335,formula,display-bracket,440,440,440,440,,,00cd895d7fd5800399fc51ad32e6d97ffd438e455f11a0d9ddb1f1089f49d3c5,00cd895d7fd5800399fc51ad32e6d97ffd438e455f11a0d9ddb1f1089f49d3c5,485cdeac1044d082bbfe44d8380a4f7970db6555860b4151ab96521377caff3c,section.krull_dimension.0005,
formula.krull_dimension.0311,root.cring.krull_dimension,336,formula,inline-dollar,441,441,441,441,,,4a1f941b3c6f426ec08de78c17e2f80f07a8b789701ba6b25126da00fab1231c,4a1f941b3c6f426ec08de78c17e2f80f07a8b789701ba6b25126da00fab1231c,4a1f941b3c6f426ec08de78c17e2f80f07a8b789701ba6b25126da00fab1231c,section.krull_dimension.0005,
formula.krull_dimension.0312,root.cring.krull_dimension,337,formula,inline-dollar,441,441,441,441,,,4e35e3e44ef33c67f874878a8df9211d68744a87d99c4b57dbefc350a0f1ae6c,4e35e3e44ef33c67f874878a8df9211d68744a87d99c4b57dbefc350a0f1ae6c,4e35e3e44ef33c67f874878a8df9211d68744a87d99c4b57dbefc350a0f1ae6c,section.krull_dimension.0005,
formula.krull_dimension.0313,root.cring.krull_dimension,338,formula,inline-dollar,441,441,441,441,,,4e35e3e44ef33c67f874878a8df9211d68744a87d99c4b57dbefc350a0f1ae6c,4e35e3e44ef33c67f874878a8df9211d68744a87d99c4b57dbefc350a0f1ae6c,4e35e3e44ef33c67f874878a8df9211d68744a87d99c4b57dbefc350a0f1ae6c,section.krull_dimension.0005,
formula.krull_dimension.0314,root.cring.krull_dimension,339,formula,inline-dollar,442,442,442,442,,,08f5e92c61caac73e8a990ec2f7333445170e04fd7224e786219df64f2a275f8,08f5e92c61caac73e8a990ec2f7333445170e04fd7224e786219df64f2a275f8,08f5e92c61caac73e8a990ec2f7333445170e04fd7224e786219df64f2a275f8,section.krull_dimension.0005,
formula.krull_dimension.0315,root.cring.krull_dimension,340,formula,display-bracket,443,443,443,443,,,9c1a37b9d1728c94e9416160fca338bd87aa35d70db6ff3d153d125dbbe891e0,9c1a37b9d1728c94e9416160fca338bd87aa35d70db6ff3d153d125dbbe891e0,b72514e0132dec32d62eb36d9afb8112a6a737c355037cb4a7bea6870f28baff,section.krull_dimension.0005,
formula.krull_dimension.0316,root.cring.krull_dimension,341,formula,inline-dollar,444,444,444,444,,,bd3bdade87f3a7d8f86c09bb90bea648376092614008509ac72215f126cacee8,bd3bdade87f3a7d8f86c09bb90bea648376092614008509ac72215f126cacee8,bda52913bc4fafa6e967f90018566024554d6130ca11919102b1c821c24f71b7,section.krull_dimension.0005,
example.krull_dimension.0008,root.cring.krull_dimension,342,example,example,447,459,447,459,,,45a52e055392d94c7402c97d75c8b79c8b203e997b660602166248d4df958008,a0d955ed4c1454195f24c7138036e22113f18d590c519bcd45291bc9d6da5a18,,section.krull_dimension.0005,
formula.krull_dimension.0317,root.cring.krull_dimension,343,formula,inline-dollar,448,448,448,448,,,8b83e1d0fa126025ae471940bea29ee59d76d659f6e99ddcb5d02145bbd6d508,8b83e1d0fa126025ae471940bea29ee59d76d659f6e99ddcb5d02145bbd6d508,1f82795d432aef5a22ec576b8aef76db118844e494611eb9622e7af49570d027,section.krull_dimension.0005,
formula.krull_dimension.0318,root.cring.krull_dimension,344,formula,inline-dollar,448,449,448,449,,,7b4e95d1ba15cd07f504d39a2ecfa293cc3c5a276126a5eea53945860299b228,7b4e95d1ba15cd07f504d39a2ecfa293cc3c5a276126a5eea53945860299b228,434442e256e924059936f192b09f057b41ebee910312c35658296c40f2e376b5,section.krull_dimension.0005,
formula.krull_dimension.0319,root.cring.krull_dimension,345,formula,inline-dollar,450,450,450,450,,,bb4bc0183a7d484898e30fb7e41308e47e36e9e66bfcbec48d7c181b9de666c4,bb4bc0183a7d484898e30fb7e41308e47e36e9e66bfcbec48d7c181b9de666c4,bb4bc0183a7d484898e30fb7e41308e47e36e9e66bfcbec48d7c181b9de666c4,section.krull_dimension.0005,
formula.krull_dimension.0320,root.cring.krull_dimension,346,formula,inline-dollar,450,450,450,450,,,6d128172c4cbfc98f9556f1176bfa6889d547a0f1818cf6d7edc8e4d4bd4a990,6d128172c4cbfc98f9556f1176bfa6889d547a0f1818cf6d7edc8e4d4bd4a990,34f02a6c534f840b3b4a3dcc3cbac52e54fbb5ac611b851f08b333a1727bd3fd,section.krull_dimension.0005,
formula.krull_dimension.0321,root.cring.krull_dimension,347,formula,inline-dollar,451,451,451,451,,,2ed35620160f9623ab674a55e60f3ff276bd97109c2ef6a2e5425a6d4e1b8bdc,2ed35620160f9623ab674a55e60f3ff276bd97109c2ef6a2e5425a6d4e1b8bdc,2ed35620160f9623ab674a55e60f3ff276bd97109c2ef6a2e5425a6d4e1b8bdc,section.krull_dimension.0005,
formula.krull_dimension.0322,root.cring.krull_dimension,348,formula,inline-dollar,454,454,454,454,,,b57911cf0f8e66f2831e8c7877d4c19216d01c2563e85348172e19d94aab4792,b57911cf0f8e66f2831e8c7877d4c19216d01c2563e85348172e19d94aab4792,3f8aa25dbd8dfc50eacc4b249a36ebc4c260549f6bfd845f80684f5ca3fe2c88,section.krull_dimension.0005,
formula.krull_dimension.0323,root.cring.krull_dimension,349,formula,inline-dollar,454,455,454,455,,,139429a8295478b8d180d3f134bb779e4b5f23b64ebde838489325e25e77d5f3,139429a8295478b8d180d3f134bb779e4b5f23b64ebde838489325e25e77d5f3,87fd7671dcef5c46a03d61a87cfb04954c976a281066504664b6a92aad74911d,section.krull_dimension.0005,
formula.krull_dimension.0324,root.cring.krull_dimension,350,formula,inline-dollar,455,455,455,455,,,fdf30f5db1f3424874da244595a2db648c7b056dc537a2b62eb64b4d26d827ef,fdf30f5db1f3424874da244595a2db648c7b056dc537a2b62eb64b4d26d827ef,fdf30f5db1f3424874da244595a2db648c7b056dc537a2b62eb64b4d26d827ef,section.krull_dimension.0005,
formula.krull_dimension.0325,root.cring.krull_dimension,351,formula,display-bracket,457,457,457,457,,,ff86efc79fd1da66611ea9c7cbe395ac8c9b0abaf52c8dd7f757404fecf18fe5,ff86efc79fd1da66611ea9c7cbe395ac8c9b0abaf52c8dd7f757404fecf18fe5,ebeaaaf55b880d0cc6745644699165307ea65baef51e8cffeb23051999dd5d0b,section.krull_dimension.0005,
section.krull_dimension.0006,root.cring.krull_dimension,352,section,subsection,461,461,461,461,Dimension depends only on the support,Dimensi hanya bergantung pada dukungan,a16581d5e5a53d8dc321d37641e84a5b3dab0f89ebd844ba7dfd427dddd62f40,77fbd4908623e65f217608c558c8eedce1f0a99e5ffc6d472fb22c5c3b438f90,,section.krull_dimension.0001,
formula.krull_dimension.0326,root.cring.krull_dimension,353,formula,inline-dollar,463,463,463,463,,,f0988ddf71047da5a5ff8b8e9771ac77b1171b07bad5b2f645e1ec63ffd7d059,f0988ddf71047da5a5ff8b8e9771ac77b1171b07bad5b2f645e1ec63ffd7d059,2025d239d2d6c524d6890897c137d65560c1054997345bf5d8698a7163cb0284,section.krull_dimension.0006,
formula.krull_dimension.0327,root.cring.krull_dimension,354,formula,inline-dollar,463,463,463,463,,,29742240025756815de7b4dc24b2f1de69b9148b4ec37f961ccb4d9b4836ab30,29742240025756815de7b4dc24b2f1de69b9148b4ec37f961ccb4d9b4836ab30,29742240025756815de7b4dc24b2f1de69b9148b4ec37f961ccb4d9b4836ab30,section.krull_dimension.0006,
formula.krull_dimension.0328,root.cring.krull_dimension,355,formula,inline-dollar,464,464,463,463,,,a28faf6143663643c867a9e6316c985e9cef6a6ed418572e97343866efcfe288,a28faf6143663643c867a9e6316c985e9cef6a6ed418572e97343866efcfe288,a28faf6143663643c867a9e6316c985e9cef6a6ed418572e97343866efcfe288,section.krull_dimension.0006,
formula.krull_dimension.0329,root.cring.krull_dimension,356,formula,inline-dollar,464,464,464,464,,,29742240025756815de7b4dc24b2f1de69b9148b4ec37f961ccb4d9b4836ab30,29742240025756815de7b4dc24b2f1de69b9148b4ec37f961ccb4d9b4836ab30,29742240025756815de7b4dc24b2f1de69b9148b4ec37f961ccb4d9b4836ab30,section.krull_dimension.0006,
formula.krull_dimension.0330,root.cring.krull_dimension,357,formula,inline-dollar,465,465,465,465,,,411305fdbcb41aa92415341fc20d027f47d3656bf704d978d6ce8aca7de7a790,411305fdbcb41aa92415341fc20d027f47d3656bf704d978d6ce8aca7de7a790,dff3f86aba7d47fa8dcb7dd71fb2e7b7de5259650ebdfd98db6d73939a54a2d3,section.krull_dimension.0006,
formula.krull_dimension.0331,root.cring.krull_dimension,358,formula,inline-dollar,465,465,465,465,,,e6439408191752f37247fb7924996b1cdb4664072243da9e5530d275dbdd9dd4,e6439408191752f37247fb7924996b1cdb4664072243da9e5530d275dbdd9dd4,e6439408191752f37247fb7924996b1cdb4664072243da9e5530d275dbdd9dd4,section.krull_dimension.0006,
formula.krull_dimension.0332,root.cring.krull_dimension,359,formula,inline-dollar,467,467,467,467,,,29742240025756815de7b4dc24b2f1de69b9148b4ec37f961ccb4d9b4836ab30,29742240025756815de7b4dc24b2f1de69b9148b4ec37f961ccb4d9b4836ab30,29742240025756815de7b4dc24b2f1de69b9148b4ec37f961ccb4d9b4836ab30,section.krull_dimension.0006,
formula.krull_dimension.0333,root.cring.krull_dimension,360,formula,inline-dollar,468,468,468,468,,,61a7ea0b5754be24e472f2af122bd49009b71d6d2031e24c7f509aca5931ba3d,61a7ea0b5754be24e472f2af122bd49009b71d6d2031e24c7f509aca5931ba3d,58826c0109bea326af8b30abbc0450d406769a09ba13c3f4875e9655f807a9a6,section.krull_dimension.0006,
formula.krull_dimension.0334,root.cring.krull_dimension,361,formula,inline-dollar,469,469,469,469,,,2c436e02f10e02fc46e104598ccb377ef65eb2cf9ee82668c276cfe55fd0502a,2c436e02f10e02fc46e104598ccb377ef65eb2cf9ee82668c276cfe55fd0502a,d35d49b0fd2552e88e49a27cedd9c164bfd592c5e118e4f66acc3c152806d531,section.krull_dimension.0006,
formula.krull_dimension.0335,root.cring.krull_dimension,362,formula,inline-dollar,469,469,469,469,,,90c61ed66fb4f7e095b230117bc805a63629a0eae2e9173591c2429599ac0c82,90c61ed66fb4f7e095b230117bc805a63629a0eae2e9173591c2429599ac0c82,5f0fbcfacf7aaddc77d47d279e371fee42ca7b15371a0647f5c11d11fec8fec4,section.krull_dimension.0006,
formula.krull_dimension.0336,root.cring.krull_dimension,363,formula,inline-dollar,471,471,471,471,,,783b938ddbbd620f9390106e1162c2c8c9ba369847c04e9346c3b59cb82c7612,783b938ddbbd620f9390106e1162c2c8c9ba369847c04e9346c3b59cb82c7612,7f1bdf021f0f67fe05d970738441a177c313b654df256243fcceb6f4d8cacf28,section.krull_dimension.0006,
formula.krull_dimension.0337,root.cring.krull_dimension,364,formula,inline-dollar,471,471,471,471,,,29742240025756815de7b4dc24b2f1de69b9148b4ec37f961ccb4d9b4836ab30,29742240025756815de7b4dc24b2f1de69b9148b4ec37f961ccb4d9b4836ab30,29742240025756815de7b4dc24b2f1de69b9148b4ec37f961ccb4d9b4836ab30,section.krull_dimension.0006,
theorem.krull_dimension.0009,root.cring.krull_dimension,365,theorem,proposition,475,477,475,477,,,475cb37d5df395f0188f87eb7c6f5865d398f6be7ddcb79392e88be61a08912a,3903510f2a1fa6d54334ea9ee2cdb8a02d086128ff0516ab0afb06d4b7b85072,,section.krull_dimension.0006,
formula.krull_dimension.0338,root.cring.krull_dimension,366,formula,inline-dollar,476,476,476,476,,,61a7ea0b5754be24e472f2af122bd49009b71d6d2031e24c7f509aca5931ba3d,61a7ea0b5754be24e472f2af122bd49009b71d6d2031e24c7f509aca5931ba3d,58826c0109bea326af8b30abbc0450d406769a09ba13c3f4875e9655f807a9a6,section.krull_dimension.0006,
formula.krull_dimension.0339,root.cring.krull_dimension,367,formula,inline-dollar,476,476,476,476,,,90c61ed66fb4f7e095b230117bc805a63629a0eae2e9173591c2429599ac0c82,90c61ed66fb4f7e095b230117bc805a63629a0eae2e9173591c2429599ac0c82,5f0fbcfacf7aaddc77d47d279e371fee42ca7b15371a0647f5c11d11fec8fec4,section.krull_dimension.0006,
theorem.krull_dimension.0010,root.cring.krull_dimension,368,theorem,proposition,481,483,481,483,,,a3d05363fac60f64e7b4536dcb8ee7718b8f9d46a594b08eaa519a0e218d4503,a3d05363fac60f64e7b4536dcb8ee7718b8f9d46a594b08eaa519a0e218d4503,,section.krull_dimension.0006,
formula.krull_dimension.0340,root.cring.krull_dimension,369,formula,inline-dollar,482,482,482,482,,,85c90be2e439368eed5af798c58860c8a3954a40b29ec989e7042bbfebc028a4,85c90be2e439368eed5af798c58860c8a3954a40b29ec989e7042bbfebc028a4,b5a5c21a0b42e84b67bf6e06cc5e71a98951157b6218a1477c6060cd6ab429dd,section.krull_dimension.0006,
formula.krull_dimension.0341,root.cring.krull_dimension,370,formula,display-bracket,486,486,486,486,,,e614fa65ae9a884b65f6b5802e01c20eabe1551736b43f1bf7a4155e0a489663,e614fa65ae9a884b65f6b5802e01c20eabe1551736b43f1bf7a4155e0a489663,f66aea26afcf9203357d9d14d5f8077da6660f201553680cf86ab0ed0becdd81,section.krull_dimension.0006,
formula.krull_dimension.0342,root.cring.krull_dimension,371,formula,inline-dollar,487,488,487,488,,,6e168aee1b1151d2c2cfcc9d3efd6f1787634bf6c9fa0703b365006005121d6f,6e168aee1b1151d2c2cfcc9d3efd6f1787634bf6c9fa0703b365006005121d6f,c714f8bf0abfec5856d99755f635828666e213e5de7671803c5e9748d5d166be,section.krull_dimension.0006,
formula.krull_dimension.0343,root.cring.krull_dimension,372,formula,inline-dollar,489,489,489,489,,,bc1ec8b05315907bf3051d9433ef70ea6811a7f5cde0124bc4b1fb27f4640c26,bc1ec8b05315907bf3051d9433ef70ea6811a7f5cde0124bc4b1fb27f4640c26,bc1ec8b05315907bf3051d9433ef70ea6811a7f5cde0124bc4b1fb27f4640c26,section.krull_dimension.0006,
formula.krull_dimension.0344,root.cring.krull_dimension,373,formula,inline-dollar,492,492,492,492,,,29742240025756815de7b4dc24b2f1de69b9148b4ec37f961ccb4d9b4836ab30,29742240025756815de7b4dc24b2f1de69b9148b4ec37f961ccb4d9b4836ab30,29742240025756815de7b4dc24b2f1de69b9148b4ec37f961ccb4d9b4836ab30,section.krull_dimension.0006,
formula.krull_dimension.0345,root.cring.krull_dimension,374,formula,inline-dollar,493,493,493,493,,,caa68e80969f5271c8ca03f1e27f277235bf23b467a9925241e69fce6bf59a29,caa68e80969f5271c8ca03f1e27f277235bf23b467a9925241e69fce6bf59a29,caa68e80969f5271c8ca03f1e27f277235bf23b467a9925241e69fce6bf59a29,section.krull_dimension.0006,
formula.krull_dimension.0346,root.cring.krull_dimension,375,formula,inline-dollar,495,495,495,495,,,bc1ec8b05315907bf3051d9433ef70ea6811a7f5cde0124bc4b1fb27f4640c26,bc1ec8b05315907bf3051d9433ef70ea6811a7f5cde0124bc4b1fb27f4640c26,bc1ec8b05315907bf3051d9433ef70ea6811a7f5cde0124bc4b1fb27f4640c26,section.krull_dimension.0006,
formula.krull_dimension.0347,root.cring.krull_dimension,376,formula,inline-dollar,496,496,496,496,,,90c61ed66fb4f7e095b230117bc805a63629a0eae2e9173591c2429599ac0c82,90c61ed66fb4f7e095b230117bc805a63629a0eae2e9173591c2429599ac0c82,5f0fbcfacf7aaddc77d47d279e371fee42ca7b15371a0647f5c11d11fec8fec4,section.krull_dimension.0006,
formula.krull_dimension.0348,root.cring.krull_dimension,377,formula,display-bracket,497,497,497,497,,,7859b0a0eccd5da726bfef7bafb2ee4ff513c4ae62a09b87f15605384ba63239,7859b0a0eccd5da726bfef7bafb2ee4ff513c4ae62a09b87f15605384ba63239,a873caa3e803b37bc2e2077bbbea745176ded1a6139fb984d9580fed3ae34849,section.krull_dimension.0006,
formula.krull_dimension.0349,root.cring.krull_dimension,378,formula,inline-dollar,498,499,498,499,,,a9458c4cab78ae7e82a3251bf5a448b1bf3e8ea3246db745a49486580968018c,a9458c4cab78ae7e82a3251bf5a448b1bf3e8ea3246db745a49486580968018c,f7ed3034362fa5652defb0c9f4954a9770b88d837988ee04d982cd7bcf1470ab,section.krull_dimension.0006,
formula.krull_dimension.0350,root.cring.krull_dimension,379,formula,inline-dollar,499,499,499,499,,,61c78e3f374094fc5f3b5211b9fc96c0c274b6f7162456610af81ca93d095710,61c78e3f374094fc5f3b5211b9fc96c0c274b6f7162456610af81ca93d095710,79d9a760ee1285c594becee014e5c3e896692f357e75852dbec1452a4e415f60,section.krull_dimension.0006,
formula.krull_dimension.0351,root.cring.krull_dimension,380,formula,inline-dollar,499,499,499,499,,,acfcba385a752da9c1a32a3c5bc591d98f88287118559aa82c0cb34a6ad73695,acfcba385a752da9c1a32a3c5bc591d98f88287118559aa82c0cb34a6ad73695,acfcba385a752da9c1a32a3c5bc591d98f88287118559aa82c0cb34a6ad73695,section.krull_dimension.0006,
formula.krull_dimension.0352,root.cring.krull_dimension,381,formula,inline-dollar,500,500,500,500,,,1075a6c56cbe3aab2a4fc6aa23edf4b798356b1cc557340b5b24424cc43b884f,1075a6c56cbe3aab2a4fc6aa23edf4b798356b1cc557340b5b24424cc43b884f,1075a6c56cbe3aab2a4fc6aa23edf4b798356b1cc557340b5b24424cc43b884f,section.krull_dimension.0006,
formula.krull_dimension.0353,root.cring.krull_dimension,382,formula,inline-dollar,501,501,501,501,,,1075a6c56cbe3aab2a4fc6aa23edf4b798356b1cc557340b5b24424cc43b884f,1075a6c56cbe3aab2a4fc6aa23edf4b798356b1cc557340b5b24424cc43b884f,1075a6c56cbe3aab2a4fc6aa23edf4b798356b1cc557340b5b24424cc43b884f,section.krull_dimension.0006,
formula.krull_dimension.0354,root.cring.krull_dimension,383,formula,inline-dollar,501,501,501,501,,,bc1ec8b05315907bf3051d9433ef70ea6811a7f5cde0124bc4b1fb27f4640c26,bc1ec8b05315907bf3051d9433ef70ea6811a7f5cde0124bc4b1fb27f4640c26,bc1ec8b05315907bf3051d9433ef70ea6811a7f5cde0124bc4b1fb27f4640c26,section.krull_dimension.0006,
formula.krull_dimension.0355,root.cring.krull_dimension,384,formula,inline-dollar,501,501,501,501,,,b233e86e12ab66891bd7095613d4310731f0f6619ab75eef85908568b175a953,b233e86e12ab66891bd7095613d4310731f0f6619ab75eef85908568b175a953,b233e86e12ab66891bd7095613d4310731f0f6619ab75eef85908568b175a953,section.krull_dimension.0006,
formula.krull_dimension.0356,root.cring.krull_dimension,385,formula,inline-dollar,502,502,502,502,,,acfcba385a752da9c1a32a3c5bc591d98f88287118559aa82c0cb34a6ad73695,acfcba385a752da9c1a32a3c5bc591d98f88287118559aa82c0cb34a6ad73695,acfcba385a752da9c1a32a3c5bc591d98f88287118559aa82c0cb34a6ad73695,section.krull_dimension.0006,
formula.krull_dimension.0357,root.cring.krull_dimension,386,formula,display-bracket,503,503,503,503,,,83dfc358771d944b29572e6dc1f4c3517f3abc48fa856b14cb5eae8e232b02df,83dfc358771d944b29572e6dc1f4c3517f3abc48fa856b14cb5eae8e232b02df,ea427393e650501456bccc8236bee282a7a242b451b027684907a8949e71aee1,section.krull_dimension.0006,
formula.krull_dimension.0358,root.cring.krull_dimension,387,formula,inline-dollar,506,506,506,506,,,61a7ea0b5754be24e472f2af122bd49009b71d6d2031e24c7f509aca5931ba3d,61a7ea0b5754be24e472f2af122bd49009b71d6d2031e24c7f509aca5931ba3d,58826c0109bea326af8b30abbc0450d406769a09ba13c3f4875e9655f807a9a6,section.krull_dimension.0006,
formula.krull_dimension.0359,root.cring.krull_dimension,388,formula,inline-dollar,507,507,507,507,,,a5bbcdbb2ba32267660e663b289d6045fc3904d408c6401811eae3013cd4431c,a5bbcdbb2ba32267660e663b289d6045fc3904d408c6401811eae3013cd4431c,dcb3b71815ac85ff3bd8bc8cb5e601801d909e743ae732e63f319152051cf082,section.krull_dimension.0006,
section.krull_dimension.0007,root.cring.krull_dimension,389,section,subsection,513,513,513,513,The dimension of an affine ring,Dimensi gelanggang afin,06dc08b3202df0a1592dd546fc465d62c64f982eaa7faf6b15c21932fc0db0bf,28d043de78d9c5c7698c05cc22b90ad8d53def3623cfb4308d0f22b4a9f91c27,,section.krull_dimension.0001,
formula.krull_dimension.0360,root.cring.krull_dimension,390,formula,inline-dollar,513,513,513,513,,,a28faf6143663643c867a9e6316c985e9cef6a6ed418572e97343866efcfe288,a28faf6143663643c867a9e6316c985e9cef6a6ed418572e97343866efcfe288,a28faf6143663643c867a9e6316c985e9cef6a6ed418572e97343866efcfe288,section.krull_dimension.0007,
formula.krull_dimension.0361,root.cring.krull_dimension,391,formula,inline-dollar,514,514,514,514,,,dd168285a129fe6102cf34d3d1139a0d2450faa03c13c431419d67c0bef0b91b,dd168285a129fe6102cf34d3d1139a0d2450faa03c13c431419d67c0bef0b91b,c4287f3fe178d9ff8404854d8535f56fa1645d28daa319cb1ed51bf86b8741af,section.krull_dimension.0007,
formula.krull_dimension.0362,root.cring.krull_dimension,392,formula,inline-dollar,515,515,515,515,,,b07773b1e06b75a57fff71b4bf93f5e5122fffa7154f6a09772e1e20a8debfda,b07773b1e06b75a57fff71b4bf93f5e5122fffa7154f6a09772e1e20a8debfda,b07773b1e06b75a57fff71b4bf93f5e5122fffa7154f6a09772e1e20a8debfda,section.krull_dimension.0007,
formula.krull_dimension.0363,root.cring.krull_dimension,393,formula,inline-dollar,515,515,515,515,,,e8b925ca11f2f95a3d04bdc52d7ddcafb14b620d03782220856e69352e3eb27c,e8b925ca11f2f95a3d04bdc52d7ddcafb14b620d03782220856e69352e3eb27c,c5933118d3b6a5e5911b67ed209585dbcfa6651d9b54700543a62e63e24c277a,section.krull_dimension.0007,
formula.krull_dimension.0364,root.cring.krull_dimension,394,formula,inline-dollar,516,516,516,516,,,bb28a9b83048a0f36a72a56394914040f7f0171b49534f6138053bdd68916943,bb28a9b83048a0f36a72a56394914040f7f0171b49534f6138053bdd68916943,bb28a9b83048a0f36a72a56394914040f7f0171b49534f6138053bdd68916943,section.krull_dimension.0007,
formula.krull_dimension.0365,root.cring.krull_dimension,395,formula,inline-dollar,518,518,518,518,,,a28faf6143663643c867a9e6316c985e9cef6a6ed418572e97343866efcfe288,a28faf6143663643c867a9e6316c985e9cef6a6ed418572e97343866efcfe288,a28faf6143663643c867a9e6316c985e9cef6a6ed418572e97343866efcfe288,section.krull_dimension.0007,
formula.krull_dimension.0366,root.cring.krull_dimension,396,formula,inline-dollar,519,519,519,519,,,d3dd39b8455095b388c8602e0d183906f0c2c1bf71092d3006b3fef1199f8c9f,d3dd39b8455095b388c8602e0d183906f0c2c1bf71092d3006b3fef1199f8c9f,3771156ea743f1aa82e384de74eb2292ee26e27c016e4d1a71e29cfa7a583ddc,section.krull_dimension.0007,
formula.krull_dimension.0367,root.cring.krull_dimension,397,formula,inline-dollar,519,519,519,519,,,5104ca784f72b747e4d2b0facc6aff15206c881615440664f41b96409ef9c4c6,5104ca784f72b747e4d2b0facc6aff15206c881615440664f41b96409ef9c4c6,5104ca784f72b747e4d2b0facc6aff15206c881615440664f41b96409ef9c4c6,section.krull_dimension.0007,
formula.krull_dimension.0368,root.cring.krull_dimension,398,formula,inline-dollar,519,519,519,519,,,a28faf6143663643c867a9e6316c985e9cef6a6ed418572e97343866efcfe288,a28faf6143663643c867a9e6316c985e9cef6a6ed418572e97343866efcfe288,a28faf6143663643c867a9e6316c985e9cef6a6ed418572e97343866efcfe288,section.krull_dimension.0007,
formula.krull_dimension.0369,root.cring.krull_dimension,399,formula,inline-dollar,520,520,520,520,,,a28faf6143663643c867a9e6316c985e9cef6a6ed418572e97343866efcfe288,a28faf6143663643c867a9e6316c985e9cef6a6ed418572e97343866efcfe288,a28faf6143663643c867a9e6316c985e9cef6a6ed418572e97343866efcfe288,section.krull_dimension.0007,
formula.krull_dimension.0370,root.cring.krull_dimension,400,formula,inline-dollar,520,520,520,520,,,789716e56647ceabcc25d70f5b67353afaf85847a425920a29c3a5ec706cee5c,789716e56647ceabcc25d70f5b67353afaf85847a425920a29c3a5ec706cee5c,4eedeb298f5dc08aa97102c967c91796d92bbdc83c60df295505d724dcd89daf,section.krull_dimension.0007,
formula.krull_dimension.0371,root.cring.krull_dimension,401,formula,inline-dollar,521,521,521,521,,,bb4bc0183a7d484898e30fb7e41308e47e36e9e66bfcbec48d7c181b9de666c4,bb4bc0183a7d484898e30fb7e41308e47e36e9e66bfcbec48d7c181b9de666c4,bb4bc0183a7d484898e30fb7e41308e47e36e9e66bfcbec48d7c181b9de666c4,section.krull_dimension.0007,
formula.krull_dimension.0372,root.cring.krull_dimension,402,formula,inline-dollar,521,521,521,521,,,a28faf6143663643c867a9e6316c985e9cef6a6ed418572e97343866efcfe288,a28faf6143663643c867a9e6316c985e9cef6a6ed418572e97343866efcfe288,a28faf6143663643c867a9e6316c985e9cef6a6ed418572e97343866efcfe288,section.krull_dimension.0007,
formula.krull_dimension.0373,root.cring.krull_dimension,403,formula,inline-dollar,521,521,521,521,,,d3dd39b8455095b388c8602e0d183906f0c2c1bf71092d3006b3fef1199f8c9f,d3dd39b8455095b388c8602e0d183906f0c2c1bf71092d3006b3fef1199f8c9f,3771156ea743f1aa82e384de74eb2292ee26e27c016e4d1a71e29cfa7a583ddc,section.krull_dimension.0007,
formula.krull_dimension.0374,root.cring.krull_dimension,404,formula,inline-dollar,523,523,523,523,,,29742240025756815de7b4dc24b2f1de69b9148b4ec37f961ccb4d9b4836ab30,29742240025756815de7b4dc24b2f1de69b9148b4ec37f961ccb4d9b4836ab30,29742240025756815de7b4dc24b2f1de69b9148b4ec37f961ccb4d9b4836ab30,section.krull_dimension.0007,
formula.krull_dimension.0375,root.cring.krull_dimension,405,formula,inline-dollar,523,523,523,523,,,5104ca784f72b747e4d2b0facc6aff15206c881615440664f41b96409ef9c4c6,5104ca784f72b747e4d2b0facc6aff15206c881615440664f41b96409ef9c4c6,5104ca784f72b747e4d2b0facc6aff15206c881615440664f41b96409ef9c4c6,section.krull_dimension.0007,
formula.krull_dimension.0376,root.cring.krull_dimension,406,formula,inline-dollar,523,523,523,523,,,a28faf6143663643c867a9e6316c985e9cef6a6ed418572e97343866efcfe288,a28faf6143663643c867a9e6316c985e9cef6a6ed418572e97343866efcfe288,a28faf6143663643c867a9e6316c985e9cef6a6ed418572e97343866efcfe288,section.krull_dimension.0007,
formula.krull_dimension.0377,root.cring.krull_dimension,407,formula,inline-dollar,525,525,525,525,,,449ab22ec744fb6ddeb107483ab590554028913f140cff604bbed00b0f501e21,449ab22ec744fb6ddeb107483ab590554028913f140cff604bbed00b0f501e21,449ab22ec744fb6ddeb107483ab590554028913f140cff604bbed00b0f501e21,section.krull_dimension.0007,
formula.krull_dimension.0378,root.cring.krull_dimension,408,formula,inline-dollar,525,525,525,525,,,b07773b1e06b75a57fff71b4bf93f5e5122fffa7154f6a09772e1e20a8debfda,b07773b1e06b75a57fff71b4bf93f5e5122fffa7154f6a09772e1e20a8debfda,b07773b1e06b75a57fff71b4bf93f5e5122fffa7154f6a09772e1e20a8debfda,section.krull_dimension.0007,
formula.krull_dimension.0379,root.cring.krull_dimension,409,formula,inline-dollar,526,526,526,526,,,c682b04210d5dda0002aa5a3b3f6f6b89cc8467f4b91544dc7c96f9637bb6aab,c682b04210d5dda0002aa5a3b3f6f6b89cc8467f4b91544dc7c96f9637bb6aab,c682b04210d5dda0002aa5a3b3f6f6b89cc8467f4b91544dc7c96f9637bb6aab,section.krull_dimension.0007,
formula.krull_dimension.0380,root.cring.krull_dimension,410,formula,inline-dollar,526,526,526,526,,,bcf8da88b2b4ab195673da0406ad7308da9959ee8c77ac14296889703676a5cd,bcf8da88b2b4ab195673da0406ad7308da9959ee8c77ac14296889703676a5cd,bcf8da88b2b4ab195673da0406ad7308da9959ee8c77ac14296889703676a5cd,section.krull_dimension.0007,
theorem.krull_dimension.0011,root.cring.krull_dimension,411,theorem,proposition,529,531,529,531,,,6c06d027d352548ee7af4bd91e7b40268d360a5667e143629ed46c80bea33bb9,6c06d027d352548ee7af4bd91e7b40268d360a5667e143629ed46c80bea33bb9,,section.krull_dimension.0007,
formula.krull_dimension.0381,root.cring.krull_dimension,412,formula,inline-dollar,530,530,530,530,,,3959c02348116dadec6c2d0328e34e1612bcb28dde3a30323416550e978c6aa8,3959c02348116dadec6c2d0328e34e1612bcb28dde3a30323416550e978c6aa8,ec9547a810c17d930b7e7d9cd27499ce89577482a7f87eaf91080704668a687d,section.krull_dimension.0007,
formula.krull_dimension.0382,root.cring.krull_dimension,413,formula,inline-dollar,532,532,532,532,,,449ab22ec744fb6ddeb107483ab590554028913f140cff604bbed00b0f501e21,449ab22ec744fb6ddeb107483ab590554028913f140cff604bbed00b0f501e21,449ab22ec744fb6ddeb107483ab590554028913f140cff604bbed00b0f501e21,section.krull_dimension.0007,
formula.krull_dimension.0383,root.cring.krull_dimension,414,formula,inline-dollar,532,532,532,532,,,b07773b1e06b75a57fff71b4bf93f5e5122fffa7154f6a09772e1e20a8debfda,b07773b1e06b75a57fff71b4bf93f5e5122fffa7154f6a09772e1e20a8debfda,b07773b1e06b75a57fff71b4bf93f5e5122fffa7154f6a09772e1e20a8debfda,section.krull_dimension.0007,
formula.krull_dimension.0384,root.cring.krull_dimension,415,formula,inline-dollar,532,532,532,532,,,c682b04210d5dda0002aa5a3b3f6f6b89cc8467f4b91544dc7c96f9637bb6aab,c682b04210d5dda0002aa5a3b3f6f6b89cc8467f4b91544dc7c96f9637bb6aab,c682b04210d5dda0002aa5a3b3f6f6b89cc8467f4b91544dc7c96f9637bb6aab,section.krull_dimension.0007,
formula.krull_dimension.0385,root.cring.krull_dimension,416,formula,inline-dollar,533,533,533,533,,,bcf8da88b2b4ab195673da0406ad7308da9959ee8c77ac14296889703676a5cd,bcf8da88b2b4ab195673da0406ad7308da9959ee8c77ac14296889703676a5cd,bcf8da88b2b4ab195673da0406ad7308da9959ee8c77ac14296889703676a5cd,section.krull_dimension.0007,
formula.krull_dimension.0386,root.cring.krull_dimension,417,formula,inline-dollar,536,536,536,536,,,a647bb50b391ff8902611b289f4095180ed699e2f2f72df64b9edf94a6e75a20,a647bb50b391ff8902611b289f4095180ed699e2f2f72df64b9edf94a6e75a20,c8c111de67e31c7e272513cab675259f7819401c5a572d35a91dfe07b7a408f3,section.krull_dimension.0007,
formula.krull_dimension.0387,root.cring.krull_dimension,418,formula,inline-dollar,537,537,537,537,,,171c1ac5dd43dcd6e21bafb9c2272e3c6e5ac86036edd356587c837a95b37f39,171c1ac5dd43dcd6e21bafb9c2272e3c6e5ac86036edd356587c837a95b37f39,1b578119698cd9ea5f9c6f49322f6c8d81f7f1de4a5a130927fce6b71395ff45,section.krull_dimension.0007,
formula.krull_dimension.0388,root.cring.krull_dimension,419,formula,inline-dollar,537,537,537,537,,,ce803c47cd6a611dce5ebdbc6abda57673a051f09a660b3b793ea3887d680158,ce803c47cd6a611dce5ebdbc6abda57673a051f09a660b3b793ea3887d680158,ce803c47cd6a611dce5ebdbc6abda57673a051f09a660b3b793ea3887d680158,section.krull_dimension.0007,
formula.krull_dimension.0389,root.cring.krull_dimension,420,formula,inline-dollar,538,538,538,538,,,ce803c47cd6a611dce5ebdbc6abda57673a051f09a660b3b793ea3887d680158,ce803c47cd6a611dce5ebdbc6abda57673a051f09a660b3b793ea3887d680158,ce803c47cd6a611dce5ebdbc6abda57673a051f09a660b3b793ea3887d680158,section.krull_dimension.0007,
formula.krull_dimension.0390,root.cring.krull_dimension,421,formula,inline-dollar,539,539,539,539,,,171c1ac5dd43dcd6e21bafb9c2272e3c6e5ac86036edd356587c837a95b37f39,171c1ac5dd43dcd6e21bafb9c2272e3c6e5ac86036edd356587c837a95b37f39,1b578119698cd9ea5f9c6f49322f6c8d81f7f1de4a5a130927fce6b71395ff45,section.krull_dimension.0007,
formula.krull_dimension.0391,root.cring.krull_dimension,422,formula,inline-dollar,539,539,539,539,,,ce803c47cd6a611dce5ebdbc6abda57673a051f09a660b3b793ea3887d680158,ce803c47cd6a611dce5ebdbc6abda57673a051f09a660b3b793ea3887d680158,ce803c47cd6a611dce5ebdbc6abda57673a051f09a660b3b793ea3887d680158,section.krull_dimension.0007,
formula.krull_dimension.0392,root.cring.krull_dimension,423,formula,inline-dollar,541,541,541,541,,,1b578119698cd9ea5f9c6f49322f6c8d81f7f1de4a5a130927fce6b71395ff45,1b578119698cd9ea5f9c6f49322f6c8d81f7f1de4a5a130927fce6b71395ff45,1b578119698cd9ea5f9c6f49322f6c8d81f7f1de4a5a130927fce6b71395ff45,section.krull_dimension.0007,
formula.krull_dimension.0393,root.cring.krull_dimension,424,formula,inline-dollar,542,542,542,542,,,5104ca784f72b747e4d2b0facc6aff15206c881615440664f41b96409ef9c4c6,5104ca784f72b747e4d2b0facc6aff15206c881615440664f41b96409ef9c4c6,5104ca784f72b747e4d2b0facc6aff15206c881615440664f41b96409ef9c4c6,section.krull_dimension.0007,
formula.krull_dimension.0394,root.cring.krull_dimension,425,formula,inline-dollar,542,542,542,542,,,bb4bc0183a7d484898e30fb7e41308e47e36e9e66bfcbec48d7c181b9de666c4,bb4bc0183a7d484898e30fb7e41308e47e36e9e66bfcbec48d7c181b9de666c4,bb4bc0183a7d484898e30fb7e41308e47e36e9e66bfcbec48d7c181b9de666c4,section.krull_dimension.0007,
formula.krull_dimension.0395,root.cring.krull_dimension,426,formula,inline-dollar,542,542,542,542,,,31acad682deddf6b202a758c066598cc93ba700b9b58374832fdea4a8941071c,31acad682deddf6b202a758c066598cc93ba700b9b58374832fdea4a8941071c,31acad682deddf6b202a758c066598cc93ba700b9b58374832fdea4a8941071c,section.krull_dimension.0007,
formula.krull_dimension.0396,root.cring.krull_dimension,427,formula,display-bracket,544,544,544,544,,,57e647deee587536c3cf8f6c81d09b78cafcf82e21a449c9790e5a74c28ef20f,a8e7f20edf8e08087cab72ca09d9fa1018ed67fc3246fbf1c89c327111fedeff,cd473b4750a238d5552a9a94ad0120bdcac2027ef29ec2ea5e026aef629c49f5,section.krull_dimension.0007,
formula.krull_dimension.0397,root.cring.krull_dimension,428,formula,inline-dollar,546,546,546,546,,,965fe83f10d500a25a50a06dbdbca4a066c5c8d7e3c3fb8fdc11105ac6ec1a08,965fe83f10d500a25a50a06dbdbca4a066c5c8d7e3c3fb8fdc11105ac6ec1a08,05b7cbbd8c8d04c53d1c28d5464b4ab747d44ece1fc0c737e7086a1bd1ebea12,section.krull_dimension.0007,
formula.krull_dimension.0398,root.cring.krull_dimension,429,formula,inline-dollar,547,547,547,547,,,5568a4aa4ef3108c8947e1f3c6a7015eb309d3c080f9e4d6b253ae763b45f858,5568a4aa4ef3108c8947e1f3c6a7015eb309d3c080f9e4d6b253ae763b45f858,5568a4aa4ef3108c8947e1f3c6a7015eb309d3c080f9e4d6b253ae763b45f858,section.krull_dimension.0007,
theorem.krull_dimension.0012,root.cring.krull_dimension,430,theorem,proposition,553,556,553,556,,,353d96daa8c475dcaabff2fe9e8047baea157aa6bd8669394eb6ee8354c5af9b,353d96daa8c475dcaabff2fe9e8047baea157aa6bd8669394eb6ee8354c5af9b,,section.krull_dimension.0007,
formula.krull_dimension.0399,root.cring.krull_dimension,431,formula,inline-dollar,554,555,554,555,,,3294ffded83dcf7b8f060a97aec2dd4cfeb45303e0d1e38a52e000f8d027875e,3294ffded83dcf7b8f060a97aec2dd4cfeb45303e0d1e38a52e000f8d027875e,8b7a69ccdcd2ed2d6fa6f63dbd773b1d3bc24c268b7a4dc575efce732c97edec,section.krull_dimension.0007,
formula.krull_dimension.0400,root.cring.krull_dimension,432,formula,inline-dollar,558,558,558,558,,,31acad682deddf6b202a758c066598cc93ba700b9b58374832fdea4a8941071c,31acad682deddf6b202a758c066598cc93ba700b9b58374832fdea4a8941071c,31acad682deddf6b202a758c066598cc93ba700b9b58374832fdea4a8941071c,section.krull_dimension.0007,
formula.krull_dimension.0401,root.cring.krull_dimension,433,formula,inline-dollar,558,558,558,558,,,bb4bc0183a7d484898e30fb7e41308e47e36e9e66bfcbec48d7c181b9de666c4,bb4bc0183a7d484898e30fb7e41308e47e36e9e66bfcbec48d7c181b9de666c4,bb4bc0183a7d484898e30fb7e41308e47e36e9e66bfcbec48d7c181b9de666c4,section.krull_dimension.0007,
example.krull_dimension.0009,root.cring.krull_dimension,434,example,example,563,575,563,575,,,4d00647e42e139a131eb5e4560d022d2b7f69b59c46019334317220e8904d358,34f85402bab530646994f2b243cf6147c64cf5794e2d0a3e7a2a3f456a228930,,section.krull_dimension.0007,
formula.krull_dimension.0402,root.cring.krull_dimension,435,formula,inline-dollar,564,564,564,564,,,aac5b395c52c4c1b10528ac0aeb6b09214584ddce7c2836d0b402b248674bec5,aac5b395c52c4c1b10528ac0aeb6b09214584ddce7c2836d0b402b248674bec5,796101e5768b972c8178fce85183f25bcfaf37453b715dfc336244663eaf2296,section.krull_dimension.0007,
formula.krull_dimension.0403,root.cring.krull_dimension,436,formula,inline-dollar,565,565,565,565,,,357bcf825ec960fc022437835615819ed371d6ce01aabb4aa3e5d4e6cc6c4c85,357bcf825ec960fc022437835615819ed371d6ce01aabb4aa3e5d4e6cc6c4c85,2ea03079b20a9a20f9a2f76585b120568c795139614e76e997024fb51eeb9e04,section.krull_dimension.0007,
formula.krull_dimension.0404,root.cring.krull_dimension,437,formula,display-bracket,567,567,567,567,,,ece0dbf77397018999d5cc0002b0dd445cc1748e8434af177764a287fc56e290,ece0dbf77397018999d5cc0002b0dd445cc1748e8434af177764a287fc56e290,2033ef4ef013d58216aee718b945b4725fa7f9164ef19ac845d5687c57ff85b3,section.krull_dimension.0007,
formula.krull_dimension.0405,root.cring.krull_dimension,438,formula,inline-dollar,568,568,568,568,,,d08cf4949134452b10659b64babb6b8ed7ddeb937bac2d7873a59764358a51b9,d08cf4949134452b10659b64babb6b8ed7ddeb937bac2d7873a59764358a51b9,c52185a4d53c6c3a977a6b795e3c694201e86c49fa64e521c1ed8d3967b6a43d,section.krull_dimension.0007,
formula.krull_dimension.0406,root.cring.krull_dimension,439,formula,display-bracket,572,572,572,572,,,699c999ddd8d162df0b4ee55a66976d2d5ad1ab70931fdb823e54bdcd4125440,699c999ddd8d162df0b4ee55a66976d2d5ad1ab70931fdb823e54bdcd4125440,4820b3b3570b9eb8150ce8409aaf4e2d96c156c2ff79263696457eca0df58390,section.krull_dimension.0007,
formula.krull_dimension.0407,root.cring.krull_dimension,440,formula,inline-dollar,573,573,573,573,,,650a88b9febac4fa4cae0a63c88791a88138887befbffd843f843eaf1ca4776f,650a88b9febac4fa4cae0a63c88791a88138887befbffd843f843eaf1ca4776f,b2220a64571d42be29d881cb86944670527b8be864faac070b47de962c16974d,section.krull_dimension.0007,
formula.krull_dimension.0408,root.cring.krull_dimension,441,formula,inline-dollar,573,573,573,573,,,401c22f57c1a7b3fd9bfbab993a1217702bf668f556921022a06b811573d8f24,401c22f57c1a7b3fd9bfbab993a1217702bf668f556921022a06b811573d8f24,401c22f57c1a7b3fd9bfbab993a1217702bf668f556921022a06b811573d8f24,section.krull_dimension.0007,
section.krull_dimension.0008,root.cring.krull_dimension,442,section,section,579,579,579,579,Other definitions and characterizations of dimension,Definisi dan karakterisasi lain dari dimensi,c08b5a6feb3583315022ca3c2c51c37320e2aed99867f8996a341fe56096b2de,75c5824fd024b286702e123278e8cce73619cd0149f17448cf6010a4ba992a3f,,,
section.krull_dimension.0009,root.cring.krull_dimension,443,section,subsection,581,581,581,581,The topological characterization of dimension,Karakterisasi topologis dimensi,7c20b54758b5a6be483224e92a8e575e65d3f34813b711bc82c5900008b16a85,83c8769440eea3f87b61c09eb8f48992bb4e60f91f118c08599710395378fc08,,section.krull_dimension.0008,
formula.krull_dimension.0409,root.cring.krull_dimension,444,formula,inline-dollar,583,583,583,583,,,29742240025756815de7b4dc24b2f1de69b9148b4ec37f961ccb4d9b4836ab30,29742240025756815de7b4dc24b2f1de69b9148b4ec37f961ccb4d9b4836ab30,29742240025756815de7b4dc24b2f1de69b9148b4ec37f961ccb4d9b4836ab30,section.krull_dimension.0009,
formula.krull_dimension.0410,root.cring.krull_dimension,445,formula,inline-dollar,583,583,583,583,,,a28faf6143663643c867a9e6316c985e9cef6a6ed418572e97343866efcfe288,a28faf6143663643c867a9e6316c985e9cef6a6ed418572e97343866efcfe288,a28faf6143663643c867a9e6316c985e9cef6a6ed418572e97343866efcfe288,section.krull_dimension.0009,
formula.krull_dimension.0411,root.cring.krull_dimension,446,formula,inline-dollar,584,584,584,584,,,a28faf6143663643c867a9e6316c985e9cef6a6ed418572e97343866efcfe288,a28faf6143663643c867a9e6316c985e9cef6a6ed418572e97343866efcfe288,a28faf6143663643c867a9e6316c985e9cef6a6ed418572e97343866efcfe288,section.krull_dimension.0009,
formula.krull_dimension.0412,root.cring.krull_dimension,447,formula,inline-dollar,584,584,584,584,,,23116b4256fa4160efe60488a238f525856591d810ce48ca298ec3cc2de921b1,23116b4256fa4160efe60488a238f525856591d810ce48ca298ec3cc2de921b1,5d52da2a2d30345d0308dd10cb14cd1f4eca834c5f5046f1e46d70f349875197,section.krull_dimension.0009,
formula.krull_dimension.0413,root.cring.krull_dimension,448,formula,inline-dollar,584,584,584,584,,,bb4bc0183a7d484898e30fb7e41308e47e36e9e66bfcbec48d7c181b9de666c4,bb4bc0183a7d484898e30fb7e41308e47e36e9e66bfcbec48d7c181b9de666c4,bb4bc0183a7d484898e30fb7e41308e47e36e9e66bfcbec48d7c181b9de666c4,section.krull_dimension.0009,
formula.krull_dimension.0414,root.cring.krull_dimension,449,formula,inline-dollar,588,588,588,588,,,a5bbcdbb2ba32267660e663b289d6045fc3904d408c6401811eae3013cd4431c,a5bbcdbb2ba32267660e663b289d6045fc3904d408c6401811eae3013cd4431c,dcb3b71815ac85ff3bd8bc8cb5e601801d909e743ae732e63f319152051cf082,section.krull_dimension.0009,
formula.krull_dimension.0415,root.cring.krull_dimension,450,formula,inline-dollar,588,588,588,588,,,7d9e05c848bc3abdbcb419cd137624bbb9e3aad6354345940a59c7cb0b816efa,7d9e05c848bc3abdbcb419cd137624bbb9e3aad6354345940a59c7cb0b816efa,57b1e109e71afd97f98dec27793645a7705335c1a4d0f80412ea513ed0376ed1,section.krull_dimension.0009,
formula.krull_dimension.0416,root.cring.krull_dimension,451,formula,inline-dollar,590,590,590,590,,,29742240025756815de7b4dc24b2f1de69b9148b4ec37f961ccb4d9b4836ab30,29742240025756815de7b4dc24b2f1de69b9148b4ec37f961ccb4d9b4836ab30,29742240025756815de7b4dc24b2f1de69b9148b4ec37f961ccb4d9b4836ab30,section.krull_dimension.0009,
formula.krull_dimension.0417,root.cring.krull_dimension,452,formula,inline-dollar,590,590,590,590,,,6f286fbb9c720023fa848b9fa9bd2511f86c32d8e615c46c9722835340018a8b,6f286fbb9c720023fa848b9fa9bd2511f86c32d8e615c46c9722835340018a8b,6f286fbb9c720023fa848b9fa9bd2511f86c32d8e615c46c9722835340018a8b,section.krull_dimension.0009,
formula.krull_dimension.0418,root.cring.krull_dimension,453,formula,inline-dollar,590,590,590,590,,,40e95870ef6f0e45e9dc39bcb2c6d7080e990f81667ce7085daef2f2e4d4efee,40e95870ef6f0e45e9dc39bcb2c6d7080e990f81667ce7085daef2f2e4d4efee,40e95870ef6f0e45e9dc39bcb2c6d7080e990f81667ce7085daef2f2e4d4efee,section.krull_dimension.0009,
formula.krull_dimension.0419,root.cring.krull_dimension,454,formula,inline-dollar,593,593,593,593,,,29742240025756815de7b4dc24b2f1de69b9148b4ec37f961ccb4d9b4836ab30,29742240025756815de7b4dc24b2f1de69b9148b4ec37f961ccb4d9b4836ab30,29742240025756815de7b4dc24b2f1de69b9148b4ec37f961ccb4d9b4836ab30,section.krull_dimension.0009,
formula.krull_dimension.0420,root.cring.krull_dimension,455,formula,inline-dollar,593,593,593,593,,,6f286fbb9c720023fa848b9fa9bd2511f86c32d8e615c46c9722835340018a8b,6f286fbb9c720023fa848b9fa9bd2511f86c32d8e615c46c9722835340018a8b,6f286fbb9c720023fa848b9fa9bd2511f86c32d8e615c46c9722835340018a8b,section.krull_dimension.0009,
formula.krull_dimension.0421,root.cring.krull_dimension,456,formula,display-bracket,594,594,594,594,,,06b8140552967510ac782e7e09bd7c4262d29e0aa0adc802581ce463304f3908,06b8140552967510ac782e7e09bd7c4262d29e0aa0adc802581ce463304f3908,fd727b1020786563be406009f38f9ebd2ac50fcdd05f4bde8a00d90f47ddf184,section.krull_dimension.0009,
formula.krull_dimension.0422,root.cring.krull_dimension,457,formula,inline-dollar,595,595,595,595,,,90c61ed66fb4f7e095b230117bc805a63629a0eae2e9173591c2429599ac0c82,90c61ed66fb4f7e095b230117bc805a63629a0eae2e9173591c2429599ac0c82,5f0fbcfacf7aaddc77d47d279e371fee42ca7b15371a0647f5c11d11fec8fec4,section.krull_dimension.0009,
formula.krull_dimension.0423,root.cring.krull_dimension,458,formula,inline-dollar,595,595,595,595,,,796b0ec1786176b90b322405b96a35270fed48fb63b162861a53a9ef0acdd38a,796b0ec1786176b90b322405b96a35270fed48fb63b162861a53a9ef0acdd38a,796b0ec1786176b90b322405b96a35270fed48fb63b162861a53a9ef0acdd38a,section.krull_dimension.0009,
prediction.krull_dimension.0001,root.cring.krull_dimension,459,prediction,prediction,600,602,600,602,,,3e8c6652c2273569b9b63a5cd1ab2e3c8899204297fdb7695bd7ade89517143f,3e8c6652c2273569b9b63a5cd1ab2e3c8899204297fdb7695bd7ade89517143f,,section.krull_dimension.0009,
formula.krull_dimension.0424,root.cring.krull_dimension,460,formula,display-bracket,601,601,601,601,,,908c97ccf3bd64f148df442d3664b6284136581984fd128f418149b7b93a8163,908c97ccf3bd64f148df442d3664b6284136581984fd128f418149b7b93a8163,4613d017640df700f304cd67f2f2d79aa634a6c2dda62e747d79c1cde773dd85,section.krull_dimension.0009,
formula.krull_dimension.0425,root.cring.krull_dimension,461,formula,inline-dollar,603,603,603,603,,,22bf003d6cac79e1d917cacdab9539c5d59468c02c22d29c08df00834ee4bbe6,22bf003d6cac79e1d917cacdab9539c5d59468c02c22d29c08df00834ee4bbe6,22bf003d6cac79e1d917cacdab9539c5d59468c02c22d29c08df00834ee4bbe6,section.krull_dimension.0009,
formula.krull_dimension.0426,root.cring.krull_dimension,462,formula,inline-dollar,603,603,603,603,,,29742240025756815de7b4dc24b2f1de69b9148b4ec37f961ccb4d9b4836ab30,29742240025756815de7b4dc24b2f1de69b9148b4ec37f961ccb4d9b4836ab30,29742240025756815de7b4dc24b2f1de69b9148b4ec37f961ccb4d9b4836ab30,section.krull_dimension.0009,
theorem.krull_dimension.0013,root.cring.krull_dimension,463,theorem,proposition,607,610,607,610,,,e23d54bad47027df6de71057e13eaaef3a26e93215dae1821554fe6fd7aeb5bc,8d48d5a161143614826a394ca5f4a513b7607ce3481259772c2a610f5c6bea04,,section.krull_dimension.0009,label.krull_dimension.0009
formula.krull_dimension.0427,root.cring.krull_dimension,464,formula,inline-dollar,608,608,608,608,,,23116b4256fa4160efe60488a238f525856591d810ce48ca298ec3cc2de921b1,23116b4256fa4160efe60488a238f525856591d810ce48ca298ec3cc2de921b1,5d52da2a2d30345d0308dd10cb14cd1f4eca834c5f5046f1e46d70f349875197,section.krull_dimension.0009,
formula.krull_dimension.0428,root.cring.krull_dimension,465,formula,inline-dollar,608,608,608,608,,,29742240025756815de7b4dc24b2f1de69b9148b4ec37f961ccb4d9b4836ab30,29742240025756815de7b4dc24b2f1de69b9148b4ec37f961ccb4d9b4836ab30,29742240025756815de7b4dc24b2f1de69b9148b4ec37f961ccb4d9b4836ab30,section.krull_dimension.0009,
formula.krull_dimension.0429,root.cring.krull_dimension,466,formula,display-bracket,609,609,609,609,,,908c97ccf3bd64f148df442d3664b6284136581984fd128f418149b7b93a8163,908c97ccf3bd64f148df442d3664b6284136581984fd128f418149b7b93a8163,4613d017640df700f304cd67f2f2d79aa634a6c2dda62e747d79c1cde773dd85,section.krull_dimension.0009,
formula.krull_dimension.0430,root.cring.krull_dimension,467,formula,display-bracket,613,613,613,613,,,c6de190d20159dacf218dcf86777b7a95791ffff2376f48fb5376744c2384fe6,c6de190d20159dacf218dcf86777b7a95791ffff2376f48fb5376744c2384fe6,add4d1b60c5832103120bc8793d6ca21cbd06ec9b796835c25257a8639b47924,section.krull_dimension.0009,
formula.krull_dimension.0431,root.cring.krull_dimension,468,formula,inline-dollar,614,614,614,614,,,4042df424b41d18c79c774cff2736c4002b902ff2ce7e45779b31062f819d1cd,4042df424b41d18c79c774cff2736c4002b902ff2ce7e45779b31062f819d1cd,4042df424b41d18c79c774cff2736c4002b902ff2ce7e45779b31062f819d1cd,section.krull_dimension.0009,
formula.krull_dimension.0432,root.cring.krull_dimension,469,formula,display-bracket,615,616,615,616,,,33568b21611e2328a1ac07b3ca2cff242d2a24095b7cabf2c3fadc7307d54836,33568b21611e2328a1ac07b3ca2cff242d2a24095b7cabf2c3fadc7307d54836,a361ed1079866b784ab9ba6abc6bdddbf399c9556e260d13dbbb0f3e94f479ef,section.krull_dimension.0009,
formula.krull_dimension.0433,root.cring.krull_dimension,470,formula,inline-dollar,617,617,617,617,,,4042df424b41d18c79c774cff2736c4002b902ff2ce7e45779b31062f819d1cd,4042df424b41d18c79c774cff2736c4002b902ff2ce7e45779b31062f819d1cd,4042df424b41d18c79c774cff2736c4002b902ff2ce7e45779b31062f819d1cd,section.krull_dimension.0009,
formula.krull_dimension.0434,root.cring.krull_dimension,471,formula,inline-dollar,618,618,618,618,,,7f04fac3628aab076d378e5f9ddc607ab877bad2cb3904387b29170210a53a80,7f04fac3628aab076d378e5f9ddc607ab877bad2cb3904387b29170210a53a80,18c55ff5d0e9e7f16fdc7237b0cd5a30549b3170b49aaca02349df4980f68c7c,section.krull_dimension.0009,
formula.krull_dimension.0435,root.cring.krull_dimension,472,formula,display-bracket,620,621,620,621,,,a1200a68fa014f241d302ac3c65200404df342078e502e03131f94d8f2b2da6e,a1200a68fa014f241d302ac3c65200404df342078e502e03131f94d8f2b2da6e,bf49b6e43b65aae7ab923577322f6d4b4f1a8d29061074c0c114a11e9f160cfd,section.krull_dimension.0009,
formula.krull_dimension.0436,root.cring.krull_dimension,473,formula,inline-dollar,622,622,622,622,,,5f627e49585c6fddc7375d4401e2205ee9170824bd7bb20dc01f7c41c9203500,5f627e49585c6fddc7375d4401e2205ee9170824bd7bb20dc01f7c41c9203500,df1c503da8ec6f732b7dc3e0f4a15311fbc253067bd1b63b8d1784bd957ec915,section.krull_dimension.0009,
formula.krull_dimension.0437,root.cring.krull_dimension,474,formula,inline-dollar,622,622,622,622,,,4042df424b41d18c79c774cff2736c4002b902ff2ce7e45779b31062f819d1cd,4042df424b41d18c79c774cff2736c4002b902ff2ce7e45779b31062f819d1cd,4042df424b41d18c79c774cff2736c4002b902ff2ce7e45779b31062f819d1cd,section.krull_dimension.0009,
formula.krull_dimension.0438,root.cring.krull_dimension,475,formula,inline-dollar,623,623,623,623,,,c209e5d7beadd9ea8b7a1460c6c46de15f3173574ea4136bd7f7e1d1f0b7d5a4,c209e5d7beadd9ea8b7a1460c6c46de15f3173574ea4136bd7f7e1d1f0b7d5a4,43c508eae8ad324ae3e81f4c0ccf718a4780273289bf0ae6942b7faeabc099cb,section.krull_dimension.0009,
formula.krull_dimension.0439,root.cring.krull_dimension,476,formula,inline-dollar,623,623,623,623,,,22bf003d6cac79e1d917cacdab9539c5d59468c02c22d29c08df00834ee4bbe6,22bf003d6cac79e1d917cacdab9539c5d59468c02c22d29c08df00834ee4bbe6,22bf003d6cac79e1d917cacdab9539c5d59468c02c22d29c08df00834ee4bbe6,section.krull_dimension.0009,
formula.krull_dimension.0440,root.cring.krull_dimension,477,formula,display-bracket,625,625,625,625,,,ab9e82f79bd4e0a1346cc47f3a687977a34b9ea9d8872c723f51563ed4f11f69,ab9e82f79bd4e0a1346cc47f3a687977a34b9ea9d8872c723f51563ed4f11f69,8c121ddfddd34b10de5c9b249704681172103146f97926c9567f8f73e83bb39e,section.krull_dimension.0009,
formula.krull_dimension.0441,root.cring.krull_dimension,478,formula,display-bracket,627,627,627,627,,,cdde34f201863ee3c7cc38b740c466292b00140bc6177c8f28dcb7a8029e7afa,cdde34f201863ee3c7cc38b740c466292b00140bc6177c8f28dcb7a8029e7afa,ffd829ec8957b5b86b1af68bdebaa7ff66c30ebcf040027d891b0a31a6245d27,section.krull_dimension.0009,
formula.krull_dimension.0442,root.cring.krull_dimension,479,formula,inline-dollar,628,628,628,628,,,1a1d07923b6937897c8c93fcdf6f7c383685b1cf9ca535b1615f23f57a1489bd,1a1d07923b6937897c8c93fcdf6f7c383685b1cf9ca535b1615f23f57a1489bd,ea928cf03bf3cf0593cf47c5ff2d17caf67d551145dd3049aefba54ab4eccbf1,section.krull_dimension.0009,
formula.krull_dimension.0443,root.cring.krull_dimension,480,formula,inline-dollar,629,629,629,629,,,037a838674f3a1c3873bd92400c993d1fd3aeadfcdc9c638413131cb1102fd36,037a838674f3a1c3873bd92400c993d1fd3aeadfcdc9c638413131cb1102fd36,f391c1866696a188516deebbcdb9dc6688ffaa7cf598ae9bbf986ef1f8276561,section.krull_dimension.0009,
formula.krull_dimension.0444,root.cring.krull_dimension,481,formula,inline-dollar,629,629,629,629,,,411305fdbcb41aa92415341fc20d027f47d3656bf704d978d6ce8aca7de7a790,411305fdbcb41aa92415341fc20d027f47d3656bf704d978d6ce8aca7de7a790,dff3f86aba7d47fa8dcb7dd71fb2e7b7de5259650ebdfd98db6d73939a54a2d3,section.krull_dimension.0009,
formula.krull_dimension.0445,root.cring.krull_dimension,482,formula,display-bracket,631,631,631,631,,,54364128737e9f7cbab16927242b29ed654cb928996ae7739ff92243185d5cba,54364128737e9f7cbab16927242b29ed654cb928996ae7739ff92243185d5cba,422cb4128581ba4a5aef1ce35e60ec05a2eae908cdc467571e7effba051dca64,section.krull_dimension.0009,
formula.krull_dimension.0446,root.cring.krull_dimension,483,formula,inline-dollar,632,632,632,632,,,5ab2a57365117fbac0ecb93bd92a03f68c59a080e77c21dda1d2cd02e1669621,5ab2a57365117fbac0ecb93bd92a03f68c59a080e77c21dda1d2cd02e1669621,5ab2a57365117fbac0ecb93bd92a03f68c59a080e77c21dda1d2cd02e1669621,section.krull_dimension.0009,
formula.krull_dimension.0447,root.cring.krull_dimension,484,formula,inline-dollar,633,633,633,633,,,75825a2fbd3461ab380c3406a19da97f0941eedc4622aeac5ccd749e57623bb1,75825a2fbd3461ab380c3406a19da97f0941eedc4622aeac5ccd749e57623bb1,5f70622fcecd669e5ad632f2c117034b4a68e198cebf394be37924a03f7ce092,section.krull_dimension.0009,
formula.krull_dimension.0448,root.cring.krull_dimension,485,formula,inline-dollar,633,633,633,633,,,fc7ca092c7b46d11646d71420db394153872ae56bd617aa04e17d9dde0d75191,fc7ca092c7b46d11646d71420db394153872ae56bd617aa04e17d9dde0d75191,1bbad4ee01564fa0f72e53680b656a69fb654bf6536e6495faefd8067b46d07f,section.krull_dimension.0009,
formula.krull_dimension.0449,root.cring.krull_dimension,486,formula,inline-dollar,634,634,634,634,,,5ab2a57365117fbac0ecb93bd92a03f68c59a080e77c21dda1d2cd02e1669621,5ab2a57365117fbac0ecb93bd92a03f68c59a080e77c21dda1d2cd02e1669621,5ab2a57365117fbac0ecb93bd92a03f68c59a080e77c21dda1d2cd02e1669621,section.krull_dimension.0009,
formula.krull_dimension.0450,root.cring.krull_dimension,487,formula,inline-dollar,634,634,634,634,,,6c4320e5af3d6843bdb69f50308527bdd943ef9d1252e754b24d56d4b776c0b0,6c4320e5af3d6843bdb69f50308527bdd943ef9d1252e754b24d56d4b776c0b0,1bbad4ee01564fa0f72e53680b656a69fb654bf6536e6495faefd8067b46d07f,section.krull_dimension.0009,
formula.krull_dimension.0451,root.cring.krull_dimension,488,formula,inline-dollar,639,640,639,640,,,e6e609020b561973070e8ead372d86fc42b3c43522ed1d236f6b50e5590d6074,e6e609020b561973070e8ead372d86fc42b3c43522ed1d236f6b50e5590d6074,87d5ebab7e4da681f4ed32b9ba1d44a92cde711520456d18b44e26b5ccd2c3ac,section.krull_dimension.0009,
formula.krull_dimension.0452,root.cring.krull_dimension,489,formula,inline-dollar,641,641,641,641,,,5568a4aa4ef3108c8947e1f3c6a7015eb309d3c080f9e4d6b253ae763b45f858,5568a4aa4ef3108c8947e1f3c6a7015eb309d3c080f9e4d6b253ae763b45f858,5568a4aa4ef3108c8947e1f3c6a7015eb309d3c080f9e4d6b253ae763b45f858,section.krull_dimension.0009,
formula.krull_dimension.0453,root.cring.krull_dimension,490,formula,inline-dollar,641,641,641,641,,,27fdcc6fc84c3f61229faf105999d67078be2ce95a282f9cb50b64d986cf9794,27fdcc6fc84c3f61229faf105999d67078be2ce95a282f9cb50b64d986cf9794,aea3cd0e243f842ffbc6b675e4f0683484c0904e803b05cbd2c3e4bad86114a7,section.krull_dimension.0009,
formula.krull_dimension.0454,root.cring.krull_dimension,491,formula,inline-dollar,641,641,641,641,,,4042df424b41d18c79c774cff2736c4002b902ff2ce7e45779b31062f819d1cd,4042df424b41d18c79c774cff2736c4002b902ff2ce7e45779b31062f819d1cd,4042df424b41d18c79c774cff2736c4002b902ff2ce7e45779b31062f819d1cd,section.krull_dimension.0009,
formula.krull_dimension.0455,root.cring.krull_dimension,492,formula,inline-dollar,642,642,642,642,,,475a1db9ad794361764455197e6b6e631840062ce344f1e7910ff4b214e3d1de,475a1db9ad794361764455197e6b6e631840062ce344f1e7910ff4b214e3d1de,9d50cf973d314b6210a40f0433d3bea393fb68f783cab6f4e1e3ce8df05d8924,section.krull_dimension.0009,
formula.krull_dimension.0456,root.cring.krull_dimension,493,formula,inline-dollar,643,644,643,644,,,db7fc7b531f1d77e7eaab4b85baa43b9156011b69645e74cadc07ade922e0b8f,db7fc7b531f1d77e7eaab4b85baa43b9156011b69645e74cadc07ade922e0b8f,e2b48846d5c0570e3fbb482f82e4bc94a9198cda4b4c4181fb333ab2e50c47bb,section.krull_dimension.0009,
formula.krull_dimension.0457,root.cring.krull_dimension,494,formula,display-bracket,645,646,645,646,,,918c05b24a05c5f650a3eabecf227cb39203955f10bf992ef047faaa9b4159c7,918c05b24a05c5f650a3eabecf227cb39203955f10bf992ef047faaa9b4159c7,8a2299f84a360c12112855fb1218a032b413a708448b5eadbc0f4bd1c3580fa6,section.krull_dimension.0009,
formula.krull_dimension.0458,root.cring.krull_dimension,495,formula,display-bracket,648,648,648,648,,,0b65f169f472711b4d4a15ad8edf2a91e70b3c8490ddfc953bd263b5e656218a,0b65f169f472711b4d4a15ad8edf2a91e70b3c8490ddfc953bd263b5e656218a,d4b8fa5111204e905f8ba3747462901069b7cf70bae90469b04c06bddcb36962,section.krull_dimension.0009,
formula.krull_dimension.0459,root.cring.krull_dimension,496,formula,inline-dollar,649,649,649,649,,,21406710c149bdd955a19572da53358a7a2b77ec5fee7e7ef57e028e069b27c8,21406710c149bdd955a19572da53358a7a2b77ec5fee7e7ef57e028e069b27c8,2358687f1a7f7358c89dde18525b299cf2252f4197725ac1f63d00f812a58ee9,section.krull_dimension.0009,
formula.krull_dimension.0460,root.cring.krull_dimension,497,formula,inline-dollar,652,652,652,652,,,a28faf6143663643c867a9e6316c985e9cef6a6ed418572e97343866efcfe288,a28faf6143663643c867a9e6316c985e9cef6a6ed418572e97343866efcfe288,a28faf6143663643c867a9e6316c985e9cef6a6ed418572e97343866efcfe288,section.krull_dimension.0009,
formula.krull_dimension.0461,root.cring.krull_dimension,498,formula,inline-dollar,652,652,652,652,,,29742240025756815de7b4dc24b2f1de69b9148b4ec37f961ccb4d9b4836ab30,29742240025756815de7b4dc24b2f1de69b9148b4ec37f961ccb4d9b4836ab30,29742240025756815de7b4dc24b2f1de69b9148b4ec37f961ccb4d9b4836ab30,section.krull_dimension.0009,
formula.krull_dimension.0462,root.cring.krull_dimension,499,formula,inline-dollar,653,653,653,653,,,be20d663534bba2b514d3cb28675094b337cf55204a0f9dbd7ac86b052e521fb,be20d663534bba2b514d3cb28675094b337cf55204a0f9dbd7ac86b052e521fb,d974ac8a3a916bcafd7e32515eaa3a7050999aa331aee1ccd36f25a139e596e9,section.krull_dimension.0009,
formula.krull_dimension.0463,root.cring.krull_dimension,500,formula,inline-dollar,653,654,653,654,,,87acb87ce7e7500c0f44e2ad05e3f8f5cf1926820aa20d04687ec1a49d153543,87acb87ce7e7500c0f44e2ad05e3f8f5cf1926820aa20d04687ec1a49d153543,57147fe88f9f44effd30feb1bc7f640068b1e832073bc21317ac19a9d1a7e773,section.krull_dimension.0009,
formula.krull_dimension.0464,root.cring.krull_dimension,501,formula,inline-dollar,654,654,654,654,,,a28faf6143663643c867a9e6316c985e9cef6a6ed418572e97343866efcfe288,a28faf6143663643c867a9e6316c985e9cef6a6ed418572e97343866efcfe288,a28faf6143663643c867a9e6316c985e9cef6a6ed418572e97343866efcfe288,section.krull_dimension.0009,
formula.krull_dimension.0465,root.cring.krull_dimension,502,formula,inline-dollar,655,655,655,655,,,6d128172c4cbfc98f9556f1176bfa6889d547a0f1818cf6d7edc8e4d4bd4a990,6d128172c4cbfc98f9556f1176bfa6889d547a0f1818cf6d7edc8e4d4bd4a990,34f02a6c534f840b3b4a3dcc3cbac52e54fbb5ac611b851f08b333a1727bd3fd,section.krull_dimension.0009,
formula.krull_dimension.0466,root.cring.krull_dimension,503,formula,inline-dollar,656,656,656,656,,,c637d883fd1fa3bab98996eda143c70a4b0ba2604e5295379dafa9c163ab907b,c637d883fd1fa3bab98996eda143c70a4b0ba2604e5295379dafa9c163ab907b,622bbcdd1d46ce21f94cd41125130a26aa4ed31bf08a74c6d9d6c48b84418a9c,section.krull_dimension.0009,
formula.krull_dimension.0467,root.cring.krull_dimension,504,formula,inline-dollar,658,659,658,659,,,7f25aae6aa58ec3ea4f512ce14d7e1ff6d14866bdd51292ad9a9ef5f75f680cb,7f25aae6aa58ec3ea4f512ce14d7e1ff6d14866bdd51292ad9a9ef5f75f680cb,fc60cfbdd3fbbdf633b854428a7f086cc44a5afbe4a70b1abd8cadc13ed88bee,section.krull_dimension.0009,
formula.krull_dimension.0468,root.cring.krull_dimension,505,formula,inline-dollar,659,659,659,659,,,22bf003d6cac79e1d917cacdab9539c5d59468c02c22d29c08df00834ee4bbe6,22bf003d6cac79e1d917cacdab9539c5d59468c02c22d29c08df00834ee4bbe6,22bf003d6cac79e1d917cacdab9539c5d59468c02c22d29c08df00834ee4bbe6,section.krull_dimension.0009,
formula.krull_dimension.0469,root.cring.krull_dimension,506,formula,inline-dollar,660,660,660,660,,,a28faf6143663643c867a9e6316c985e9cef6a6ed418572e97343866efcfe288,a28faf6143663643c867a9e6316c985e9cef6a6ed418572e97343866efcfe288,a28faf6143663643c867a9e6316c985e9cef6a6ed418572e97343866efcfe288,section.krull_dimension.0009,
formula.krull_dimension.0470,root.cring.krull_dimension,507,formula,inline-dollar,660,660,660,660,,,9f9e4a4dfca1386a9c6a59fe522f618a32109db58c16a1fc3b3e1daa5b8e3be7,9f9e4a4dfca1386a9c6a59fe522f618a32109db58c16a1fc3b3e1daa5b8e3be7,8f82e7505896293b01fc875502c741eecfbf34184eac5fcb8bb6210898416049,section.krull_dimension.0009,
section.krull_dimension.0010,root.cring.krull_dimension,508,section,subsection,666,666,666,666,Recap,Rekapitulasi,4e4b7be7c28e368f09ba0eeccbde822fc3844fe48b255ab42ae62cf70e0d4022,7c95c19e3f3ede355d7c625164ddadcdd97f769c64d29e1aac76ff16fd8686bd,,section.krull_dimension.0008,
formula.krull_dimension.0471,root.cring.krull_dimension,509,formula,inline-dollar,668,668,668,668,,,a28faf6143663643c867a9e6316c985e9cef6a6ed418572e97343866efcfe288,a28faf6143663643c867a9e6316c985e9cef6a6ed418572e97343866efcfe288,a28faf6143663643c867a9e6316c985e9cef6a6ed418572e97343866efcfe288,section.krull_dimension.0010,
formula.krull_dimension.0472,root.cring.krull_dimension,510,formula,inline-dollar,668,668,668,668,,,bb4bc0183a7d484898e30fb7e41308e47e36e9e66bfcbec48d7c181b9de666c4,bb4bc0183a7d484898e30fb7e41308e47e36e9e66bfcbec48d7c181b9de666c4,bb4bc0183a7d484898e30fb7e41308e47e36e9e66bfcbec48d7c181b9de666c4,section.krull_dimension.0010,
formula.krull_dimension.0473,root.cring.krull_dimension,511,formula,inline-dollar,669,669,669,669,,,29742240025756815de7b4dc24b2f1de69b9148b4ec37f961ccb4d9b4836ab30,29742240025756815de7b4dc24b2f1de69b9148b4ec37f961ccb4d9b4836ab30,29742240025756815de7b4dc24b2f1de69b9148b4ec37f961ccb4d9b4836ab30,section.krull_dimension.0010,
formula.krull_dimension.0474,root.cring.krull_dimension,512,formula,inline-dollar,669,669,669,669,,,a28faf6143663643c867a9e6316c985e9cef6a6ed418572e97343866efcfe288,a28faf6143663643c867a9e6316c985e9cef6a6ed418572e97343866efcfe288,a28faf6143663643c867a9e6316c985e9cef6a6ed418572e97343866efcfe288,section.krull_dimension.0010,
formula.krull_dimension.0475,root.cring.krull_dimension,513,formula,inline-dollar,669,669,669,669,,,74afc10d7dd9d0dc30209849420bbd9d14acc543952ac1fe45b9196e9243dad5,74afc10d7dd9d0dc30209849420bbd9d14acc543952ac1fe45b9196e9243dad5,e6439408191752f37247fb7924996b1cdb4664072243da9e5530d275dbdd9dd4,section.krull_dimension.0010,
formula.krull_dimension.0476,root.cring.krull_dimension,514,formula,inline-dollar,670,670,670,670,,,4042df424b41d18c79c774cff2736c4002b902ff2ce7e45779b31062f819d1cd,4042df424b41d18c79c774cff2736c4002b902ff2ce7e45779b31062f819d1cd,4042df424b41d18c79c774cff2736c4002b902ff2ce7e45779b31062f819d1cd,section.krull_dimension.0010,
formula.krull_dimension.0477,root.cring.krull_dimension,515,formula,inline-dollar,670,670,670,670,,,411305fdbcb41aa92415341fc20d027f47d3656bf704d978d6ce8aca7de7a790,411305fdbcb41aa92415341fc20d027f47d3656bf704d978d6ce8aca7de7a790,dff3f86aba7d47fa8dcb7dd71fb2e7b7de5259650ebdfd98db6d73939a54a2d3,section.krull_dimension.0010,
formula.krull_dimension.0478,root.cring.krull_dimension,516,formula,inline-dollar,671,671,671,671,,,90c61ed66fb4f7e095b230117bc805a63629a0eae2e9173591c2429599ac0c82,90c61ed66fb4f7e095b230117bc805a63629a0eae2e9173591c2429599ac0c82,5f0fbcfacf7aaddc77d47d279e371fee42ca7b15371a0647f5c11d11fec8fec4,section.krull_dimension.0010,
remark.krull_dimension.0001,root.cring.krull_dimension,517,remark,remark,673,675,673,675,,,b66013aef4a3e8c308cc0727af8a3a5092673d523caa680bdced51422ead2082,9d139d31c25b5f12acbc41e60b4ec8b231137cd34572141691b006f50333e0b5,,section.krull_dimension.0010,
formula.krull_dimension.0479,root.cring.krull_dimension,518,formula,inline-dollar,674,674,674,674,,,ae2f64e93d6b6c62b72d6a44959aafbbe9a79834c166fd4380c5b63e0ae36219,ae2f64e93d6b6c62b72d6a44959aafbbe9a79834c166fd4380c5b63e0ae36219,0197dc6808366c0ea37d18ce5977499abf8c4998d88b07df606d3620229f14fe,section.krull_dimension.0010,
formula.krull_dimension.0480,root.cring.krull_dimension,519,formula,inline-dollar,674,674,674,674,,,63c868d743d681e497b4c5e9c74d5756323d3c311ec3d0b295a0b72cc163fd4a,63c868d743d681e497b4c5e9c74d5756323d3c311ec3d0b295a0b72cc163fd4a,2955b1eae403b091013495b08ad5c62873cd6d3bf0d07afe7bb02c393fd4c479,section.krull_dimension.0010,
formula.krull_dimension.0481,root.cring.krull_dimension,520,formula,inline-dollar,677,677,677,677,,,f567b6cb0905adf66aa24a6131d30b42871ddd5e4d70025c4e84225ec24083f1,f567b6cb0905adf66aa24a6131d30b42871ddd5e4d70025c4e84225ec24083f1,5b5da2aa1e014bcd3f1491352acc00dc7db924d5753082a7492155798d9aad5e,section.krull_dimension.0010,
formula.krull_dimension.0482,root.cring.krull_dimension,521,formula,inline-dollar,677,677,677,677,,,23116b4256fa4160efe60488a238f525856591d810ce48ca298ec3cc2de921b1,23116b4256fa4160efe60488a238f525856591d810ce48ca298ec3cc2de921b1,5d52da2a2d30345d0308dd10cb14cd1f4eca834c5f5046f1e46d70f349875197,section.krull_dimension.0010,
formula.krull_dimension.0483,root.cring.krull_dimension,522,formula,inline-dollar,677,677,677,677,,,22bf003d6cac79e1d917cacdab9539c5d59468c02c22d29c08df00834ee4bbe6,22bf003d6cac79e1d917cacdab9539c5d59468c02c22d29c08df00834ee4bbe6,22bf003d6cac79e1d917cacdab9539c5d59468c02c22d29c08df00834ee4bbe6,section.krull_dimension.0010,
formula.krull_dimension.0484,root.cring.krull_dimension,523,formula,inline-dollar,678,678,678,678,,,29742240025756815de7b4dc24b2f1de69b9148b4ec37f961ccb4d9b4836ab30,29742240025756815de7b4dc24b2f1de69b9148b4ec37f961ccb4d9b4836ab30,29742240025756815de7b4dc24b2f1de69b9148b4ec37f961ccb4d9b4836ab30,section.krull_dimension.0010,
formula.krull_dimension.0485,root.cring.krull_dimension,524,formula,inline-dollar,678,678,678,678,,,65690fc777157b79849ff1304171f39bd545ce8190605c42029e9f35b4cefbe2,65690fc777157b79849ff1304171f39bd545ce8190605c42029e9f35b4cefbe2,f7f816410d06e306b282edd4de2050155086f0c8b676f0288008965f82201dbb,section.krull_dimension.0010,
formula.krull_dimension.0486,root.cring.krull_dimension,525,formula,display-bracket,679,679,679,679,,,cd216b1fdad64aee4408793871607ffdc5eed8883d2b2b2088251677362cd124,cd216b1fdad64aee4408793871607ffdc5eed8883d2b2b2088251677362cd124,0408909ea979177e362b6eb55480c0673bfcf94cc3b5028659a5b86f6dafc326,section.krull_dimension.0010,
formula.krull_dimension.0487,root.cring.krull_dimension,526,formula,inline-dollar,681,681,681,681,,,e117657e7890a679915a0999323f4ffc4b5477065dd84195ee85f77ad324dbab,e117657e7890a679915a0999323f4ffc4b5477065dd84195ee85f77ad324dbab,c79599959ab0b50e49caff6c6b2f45580a7bf0644dd03519ef0735e0fac96f73,section.krull_dimension.0010,
formula.krull_dimension.0488,root.cring.krull_dimension,527,formula,inline-dollar,683,684,683,684,,,bf1e3bbec6c4c9e7dee96045fef4784248610ea48d40b1879ba5c783a60e3987,614d54a10aad3992e0a98cee288094b49dfe72b97e10f652f78248bff1f8d8b7,8860b17b200674609aee757dd946a9a11ea29e49d81bbf4164f31c1fa6083031,section.krull_dimension.0010,
formula.krull_dimension.0489,root.cring.krull_dimension,528,formula,inline-dollar,686,686,686,686,,,6bf146ea316c356ae4887299d13e6d62bde40c2fc2dd0122cec771e39c96b5e9,6bf146ea316c356ae4887299d13e6d62bde40c2fc2dd0122cec771e39c96b5e9,26ad149340db31818a3d2432cb69ea731f35b8f435f70d805b5b16db843b8e25,section.krull_dimension.0010,
formula.krull_dimension.0490,root.cring.krull_dimension,529,formula,inline-dollar,686,686,686,686,,,a28faf6143663643c867a9e6316c985e9cef6a6ed418572e97343866efcfe288,a28faf6143663643c867a9e6316c985e9cef6a6ed418572e97343866efcfe288,a28faf6143663643c867a9e6316c985e9cef6a6ed418572e97343866efcfe288,section.krull_dimension.0010,
formula.krull_dimension.0491,root.cring.krull_dimension,530,formula,inline-dollar,687,687,687,687,,,a28faf6143663643c867a9e6316c985e9cef6a6ed418572e97343866efcfe288,a28faf6143663643c867a9e6316c985e9cef6a6ed418572e97343866efcfe288,a28faf6143663643c867a9e6316c985e9cef6a6ed418572e97343866efcfe288,section.krull_dimension.0010,
formula.krull_dimension.0492,root.cring.krull_dimension,531,formula,inline-dollar,687,687,687,687,,,353ee888e761e45133f7cb1de14750a65c048cce17f14c9fd6b306aa23205953,353ee888e761e45133f7cb1de14750a65c048cce17f14c9fd6b306aa23205953,80a26d487d494e57f7417c5882fdc74f5e0ce2300b4ccdec234fdd7a9536f5b2,section.krull_dimension.0010,
formula.krull_dimension.0493,root.cring.krull_dimension,532,formula,inline-dollar,688,688,688,688,,,8ff51d4ad9f1d1e70750da32e47c972b9c7fc2a1af80f94648aa7c80f2383d2e,8ff51d4ad9f1d1e70750da32e47c972b9c7fc2a1af80f94648aa7c80f2383d2e,ba3de509f0f449392c394eba434e27231962871f4aa827f5312a05d20e68e5be,section.krull_dimension.0010,
formula.krull_dimension.0494,root.cring.krull_dimension,533,formula,inline-dollar,688,688,688,688,,,22bf003d6cac79e1d917cacdab9539c5d59468c02c22d29c08df00834ee4bbe6,22bf003d6cac79e1d917cacdab9539c5d59468c02c22d29c08df00834ee4bbe6,22bf003d6cac79e1d917cacdab9539c5d59468c02c22d29c08df00834ee4bbe6,section.krull_dimension.0010,
formula.krull_dimension.0495,root.cring.krull_dimension,534,formula,inline-dollar,694,694,694,694,,,35c890efad22410c23cfe6207e25e9343a49a6b9c46bf42b64ffb7c7ad89e09f,b6e8fd21ed245a2c8cda035d85f561a9d5ac26d5995b1834a5121ff892517597,d9e82db8f5d81df75c76b3e6a9f8eeb57eb7aa66dd7f8e8ba1475988d352ae9f,section.krull_dimension.0010,
formula.krull_dimension.0496,root.cring.krull_dimension,535,formula,inline-dollar,695,695,695,695,,,399f4f8169452e34c19ce0d103fc25c36e65cd89a6df618fda0ec4afd6762fe9,399f4f8169452e34c19ce0d103fc25c36e65cd89a6df618fda0ec4afd6762fe9,1531fadf395ba9a514a0c8c1736e6fa47789f85c7f0cfcef8d20d55cba89f9b7,section.krull_dimension.0010,
formula.krull_dimension.0497,root.cring.krull_dimension,536,formula,inline-dollar,697,697,697,697,,,6d128172c4cbfc98f9556f1176bfa6889d547a0f1818cf6d7edc8e4d4bd4a990,6d128172c4cbfc98f9556f1176bfa6889d547a0f1818cf6d7edc8e4d4bd4a990,34f02a6c534f840b3b4a3dcc3cbac52e54fbb5ac611b851f08b333a1727bd3fd,section.krull_dimension.0010,
formula.krull_dimension.0498,root.cring.krull_dimension,537,formula,inline-dollar,697,697,697,697,,,a28faf6143663643c867a9e6316c985e9cef6a6ed418572e97343866efcfe288,a28faf6143663643c867a9e6316c985e9cef6a6ed418572e97343866efcfe288,a28faf6143663643c867a9e6316c985e9cef6a6ed418572e97343866efcfe288,section.krull_dimension.0010,
formula.krull_dimension.0499,root.cring.krull_dimension,538,formula,inline-dollar,698,698,698,698,,,a28faf6143663643c867a9e6316c985e9cef6a6ed418572e97343866efcfe288,a28faf6143663643c867a9e6316c985e9cef6a6ed418572e97343866efcfe288,a28faf6143663643c867a9e6316c985e9cef6a6ed418572e97343866efcfe288,section.krull_dimension.0010,
formula.krull_dimension.0500,root.cring.krull_dimension,539,formula,inline-dollar,698,698,698,698,,,b4f6161e700b84ea43982f501ac780adeaa37496457b72e75a6a94f0aa63ef47,b4f6161e700b84ea43982f501ac780adeaa37496457b72e75a6a94f0aa63ef47,400dcc715868395c79629275b81cb5de04c8b98d59a3485474b49c99dec1937c,section.krull_dimension.0010,
formula.krull_dimension.0501,root.cring.krull_dimension,540,formula,inline-dollar,704,704,704,704,,,a28faf6143663643c867a9e6316c985e9cef6a6ed418572e97343866efcfe288,a28faf6143663643c867a9e6316c985e9cef6a6ed418572e97343866efcfe288,a28faf6143663643c867a9e6316c985e9cef6a6ed418572e97343866efcfe288,section.krull_dimension.0010,
formula.krull_dimension.0502,root.cring.krull_dimension,541,formula,display-bracket,705,705,705,705,,,e46a2926be3b4858808e5735349e0e7c710aa0a52df788cc93136feb870ec9db,e46a2926be3b4858808e5735349e0e7c710aa0a52df788cc93136feb870ec9db,cdd06aad815c4b91fe8cfec8384fbfef964bdadab3507e1923b075ec240c249e,section.krull_dimension.0010,
section.krull_dimension.0011,root.cring.krull_dimension,542,section,subsection,710,710,710,710,Krull dimension,Dimensi Krull,01c011f27e4dcfdb93d0638d4ea9320868a72e51390891514f7c11bc0182f616,ee4a2e1cfdff0033fa0fe1a7090e6c1f5bca5dbb8dbdaeb9b1e2a625e66e4846,,section.krull_dimension.0008,
definition.krull_dimension.0005,root.cring.krull_dimension,543,definition,definition,714,720,714,720,,,e34ed7f728e92424b1615cb346678ea0616a5cbfbb7c7dd209898b141c9ecbc9,d3045c35cdbf0c5524a5e802cdf94e35032bdc3460efffea3ccd14e6cb0cd3cf,,section.krull_dimension.0011,
formula.krull_dimension.0503,root.cring.krull_dimension,544,formula,inline-dollar,715,715,715,715,,,a28faf6143663643c867a9e6316c985e9cef6a6ed418572e97343866efcfe288,a28faf6143663643c867a9e6316c985e9cef6a6ed418572e97343866efcfe288,a28faf6143663643c867a9e6316c985e9cef6a6ed418572e97343866efcfe288,section.krull_dimension.0011,
formula.krull_dimension.0504,root.cring.krull_dimension,545,formula,inline-dollar,715,715,715,715,,,a28faf6143663643c867a9e6316c985e9cef6a6ed418572e97343866efcfe288,a28faf6143663643c867a9e6316c985e9cef6a6ed418572e97343866efcfe288,a28faf6143663643c867a9e6316c985e9cef6a6ed418572e97343866efcfe288,section.krull_dimension.0011,
formula.krull_dimension.0505,root.cring.krull_dimension,546,formula,display-bracket,717,718,717,718,,,fcd58d459a0f97f5ba4ea62bb63eef05d1e0337f552c18963004bfd546f00d07,fcd58d459a0f97f5ba4ea62bb63eef05d1e0337f552c18963004bfd546f00d07,a62053ec90017f7f75eadc9413b9f5e8bb715d0f691044c7d823bc2e82354ed4,section.krull_dimension.0011,
formula.krull_dimension.0506,root.cring.krull_dimension,547,formula,inline-dollar,719,719,719,719,,,bb28a9b83048a0f36a72a56394914040f7f0171b49534f6138053bdd68916943,bb28a9b83048a0f36a72a56394914040f7f0171b49534f6138053bdd68916943,bb28a9b83048a0f36a72a56394914040f7f0171b49534f6138053bdd68916943,section.krull_dimension.0011,
definition.krull_dimension.0006,root.cring.krull_dimension,548,definition,definition,722,726,722,726,,,d67c2b074cd8a26eb680f34f0a22fba230061a20a6c3fcbf57b2b8098840fd4d,b3e4ed02189535144f814f2bd4fba83461b582cd4acc309fcdc9315d7aab5c65,,section.krull_dimension.0011,
formula.krull_dimension.0507,root.cring.krull_dimension,549,formula,inline-dollar,723,723,723,723,,,a28faf6143663643c867a9e6316c985e9cef6a6ed418572e97343866efcfe288,a28faf6143663643c867a9e6316c985e9cef6a6ed418572e97343866efcfe288,a28faf6143663643c867a9e6316c985e9cef6a6ed418572e97343866efcfe288,section.krull_dimension.0011,
formula.krull_dimension.0508,root.cring.krull_dimension,550,formula,inline-dollar,724,724,724,724,,,d249caca6d7f42a5a28f02c07308028beb96c7f3a826a97a5cb96dc6d52a21c9,d249caca6d7f42a5a28f02c07308028beb96c7f3a826a97a5cb96dc6d52a21c9,d249caca6d7f42a5a28f02c07308028beb96c7f3a826a97a5cb96dc6d52a21c9,section.krull_dimension.0011,
formula.krull_dimension.0509,root.cring.krull_dimension,551,formula,inline-dollar,725,725,725,725,,,a28faf6143663643c867a9e6316c985e9cef6a6ed418572e97343866efcfe288,a28faf6143663643c867a9e6316c985e9cef6a6ed418572e97343866efcfe288,a28faf6143663643c867a9e6316c985e9cef6a6ed418572e97343866efcfe288,section.krull_dimension.0011,
remark.krull_dimension.0002,root.cring.krull_dimension,552,remark,remark,728,731,728,731,,,5ae642d50d68813ffca7918594d3fefa9f46125a7b57529194a29cec8f2d0dda,a61dc7d80916b7dc68c19113d01fc4301ae9f35f30035590a918c2db74abf091,,section.krull_dimension.0011,
formula.krull_dimension.0510,root.cring.krull_dimension,553,formula,inline-dollar,729,729,729,729,,,a4054a348c1d22dc943b5ce08de754aa70f349702990be1749980364f2ef23bc,a4054a348c1d22dc943b5ce08de754aa70f349702990be1749980364f2ef23bc,f1d14ede4aaeb50bffefdee586cb160b921be3b9f0e56f219a8c5d9cfdf1b95e,section.krull_dimension.0011,
formula.krull_dimension.0511,root.cring.krull_dimension,554,formula,inline-dollar,730,730,730,730,,,3432e50f77c81f449f1a6c78b693525290709fb01a10498a411ef536250cef66,3432e50f77c81f449f1a6c78b693525290709fb01a10498a411ef536250cef66,3432e50f77c81f449f1a6c78b693525290709fb01a10498a411ef536250cef66,section.krull_dimension.0011,
formula.krull_dimension.0512,root.cring.krull_dimension,555,formula,inline-dollar,730,730,730,730,,,931cf54d291682bbf13164deeb229cc20af5fdfd85e07a74bcad12c5d41e1efe,931cf54d291682bbf13164deeb229cc20af5fdfd85e07a74bcad12c5d41e1efe,931cf54d291682bbf13164deeb229cc20af5fdfd85e07a74bcad12c5d41e1efe,section.krull_dimension.0011,
theorem.krull_dimension.0014,root.cring.krull_dimension,556,theorem,theorem,733,736,733,736,,,95089c8034fb00659c1713b23cf2cdcaac481f07ad5513b8782cdf4c6f4cfdc6,f2ab883e66faea0fb262889940ae1c1cf508e4cb63d3252ddad059323b6351f2,,section.krull_dimension.0011,
formula.krull_dimension.0513,root.cring.krull_dimension,557,formula,inline-dollar,734,734,734,734,,,a28faf6143663643c867a9e6316c985e9cef6a6ed418572e97343866efcfe288,a28faf6143663643c867a9e6316c985e9cef6a6ed418572e97343866efcfe288,a28faf6143663643c867a9e6316c985e9cef6a6ed418572e97343866efcfe288,section.krull_dimension.0011,
formula.krull_dimension.0514,root.cring.krull_dimension,558,formula,inline-dollar,734,734,734,734,,,a28faf6143663643c867a9e6316c985e9cef6a6ed418572e97343866efcfe288,a28faf6143663643c867a9e6316c985e9cef6a6ed418572e97343866efcfe288,a28faf6143663643c867a9e6316c985e9cef6a6ed418572e97343866efcfe288,section.krull_dimension.0011,
formula.krull_dimension.0515,root.cring.krull_dimension,559,formula,inline-dollar,735,735,735,735,,,6d128172c4cbfc98f9556f1176bfa6889d547a0f1818cf6d7edc8e4d4bd4a990,6d128172c4cbfc98f9556f1176bfa6889d547a0f1818cf6d7edc8e4d4bd4a990,34f02a6c534f840b3b4a3dcc3cbac52e54fbb5ac611b851f08b333a1727bd3fd,section.krull_dimension.0011,
formula.krull_dimension.0516,root.cring.krull_dimension,560,formula,inline-dollar,739,739,739,739,,,24c57e310d861f5682db0a0f574c5f3cc178ac7812f7fe19b995e9d44143c5e3,24c57e310d861f5682db0a0f574c5f3cc178ac7812f7fe19b995e9d44143c5e3,24c57e310d861f5682db0a0f574c5f3cc178ac7812f7fe19b995e9d44143c5e3,section.krull_dimension.0011,
formula.krull_dimension.0517,root.cring.krull_dimension,561,formula,inline-dollar,742,743,742,743,,,f102035f16ec257ba058e7ed2260c4d37792e96b3e1e9e9e581a4483c0d1b192,f102035f16ec257ba058e7ed2260c4d37792e96b3e1e9e9e581a4483c0d1b192,fe0966f7bf694692b09716c965f3e6b1b3f8c98c504c5df578555a863e2eacb0,section.krull_dimension.0011,
formula.krull_dimension.0518,root.cring.krull_dimension,562,formula,inline-dollar,744,744,744,744,,,a28faf6143663643c867a9e6316c985e9cef6a6ed418572e97343866efcfe288,a28faf6143663643c867a9e6316c985e9cef6a6ed418572e97343866efcfe288,a28faf6143663643c867a9e6316c985e9cef6a6ed418572e97343866efcfe288,section.krull_dimension.0011,
formula.krull_dimension.0519,root.cring.krull_dimension,563,formula,inline-dollar,744,744,744,744,,,a28faf6143663643c867a9e6316c985e9cef6a6ed418572e97343866efcfe288,a28faf6143663643c867a9e6316c985e9cef6a6ed418572e97343866efcfe288,a28faf6143663643c867a9e6316c985e9cef6a6ed418572e97343866efcfe288,section.krull_dimension.0011,
formula.krull_dimension.0520,root.cring.krull_dimension,564,formula,inline-dollar,745,745,745,745,,,b233e86e12ab66891bd7095613d4310731f0f6619ab75eef85908568b175a953,b233e86e12ab66891bd7095613d4310731f0f6619ab75eef85908568b175a953,b233e86e12ab66891bd7095613d4310731f0f6619ab75eef85908568b175a953,section.krull_dimension.0011,
formula.krull_dimension.0521,root.cring.krull_dimension,565,formula,inline-dollar,746,746,746,746,,,0f98e9947999ac79d06117c5b76ea4d9ad27d147cece704e38827127d593e5f4,0f98e9947999ac79d06117c5b76ea4d9ad27d147cece704e38827127d593e5f4,9259454de04b1f92adfde292226140eb858b6fcd54e75238c3b4be67512792a9,section.krull_dimension.0011,
formula.krull_dimension.0522,root.cring.krull_dimension,566,formula,inline-dollar,746,746,746,746,,,a28faf6143663643c867a9e6316c985e9cef6a6ed418572e97343866efcfe288,a28faf6143663643c867a9e6316c985e9cef6a6ed418572e97343866efcfe288,a28faf6143663643c867a9e6316c985e9cef6a6ed418572e97343866efcfe288,section.krull_dimension.0011,
formula.krull_dimension.0523,root.cring.krull_dimension,567,formula,inline-dollar,748,749,748,749,,,1f62c8afb95ff00da32ee4a5ce9e87e5d157d9bf1c492d24e89cdc9962039c66,1f62c8afb95ff00da32ee4a5ce9e87e5d157d9bf1c492d24e89cdc9962039c66,2025d239d2d6c524d6890897c137d65560c1054997345bf5d8698a7163cb0284,section.krull_dimension.0011,
formula.krull_dimension.0524,root.cring.krull_dimension,568,formula,display-bracket,751,751,751,751,,,ab0b999eac4002c5cac0221fdda26c9eb3e8a3e0d3ad1df626c946437c98c7b5,ab0b999eac4002c5cac0221fdda26c9eb3e8a3e0d3ad1df626c946437c98c7b5,c2e1402e6865fd41f20a3dc5b3c40b6bcd7bc7716516a479cd8c1ec4791af955,section.krull_dimension.0011,
formula.krull_dimension.0525,root.cring.krull_dimension,569,formula,inline-dollar,753,754,753,754,,,3750eb9e025fc0252a70cd212698b458fbdcb424fe092ee0a1c7655226bfb30c,3750eb9e025fc0252a70cd212698b458fbdcb424fe092ee0a1c7655226bfb30c,28bfe2be8a9088a586e8d7801f17e354edb74a778c1807f6419456489826e244,section.krull_dimension.0011,
formula.krull_dimension.0526,root.cring.krull_dimension,570,formula,inline-dollar,754,754,754,754,,,a28faf6143663643c867a9e6316c985e9cef6a6ed418572e97343866efcfe288,a28faf6143663643c867a9e6316c985e9cef6a6ed418572e97343866efcfe288,a28faf6143663643c867a9e6316c985e9cef6a6ed418572e97343866efcfe288,section.krull_dimension.0011,
formula.krull_dimension.0527,root.cring.krull_dimension,571,formula,display-bracket,756,756,756,756,,,bf45a69652c88441ea01789cc6f6ee4b6b647063ee8f1c44f12545ac4f61213a,bf45a69652c88441ea01789cc6f6ee4b6b647063ee8f1c44f12545ac4f61213a,682fd2b5a0759b3a5fd98b2745c17d391ac2553373a01ef3d63202a57d6ee320,section.krull_dimension.0011,
formula.krull_dimension.0528,root.cring.krull_dimension,572,formula,inline-dollar,757,757,757,757,,,e650ce802325709443f8bef2a4c5f975f0de16bb6a582a3e2cc22d880fbf87e1,e650ce802325709443f8bef2a4c5f975f0de16bb6a582a3e2cc22d880fbf87e1,b8985e4ee3bc128a585d392bd610162dc4841e9f0d196dc8da385cbb9ab008ed,section.krull_dimension.0011,
formula.krull_dimension.0529,root.cring.krull_dimension,573,formula,inline-dollar,758,758,758,758,,,93de1517a3635412802281e275b4427a4870b555d704f799120e253557eb78d5,93de1517a3635412802281e275b4427a4870b555d704f799120e253557eb78d5,93de1517a3635412802281e275b4427a4870b555d704f799120e253557eb78d5,section.krull_dimension.0011,
formula.krull_dimension.0530,root.cring.krull_dimension,574,formula,inline-dollar,758,758,758,758,,,a28faf6143663643c867a9e6316c985e9cef6a6ed418572e97343866efcfe288,a28faf6143663643c867a9e6316c985e9cef6a6ed418572e97343866efcfe288,a28faf6143663643c867a9e6316c985e9cef6a6ed418572e97343866efcfe288,section.krull_dimension.0011,
formula.krull_dimension.0531,root.cring.krull_dimension,575,formula,inline-dollar,758,759,758,759,,,143a6d6a1b74914c656ef1eadf3133db80d30b950f045e0c539bdb0f92ef5af0,143a6d6a1b74914c656ef1eadf3133db80d30b950f045e0c539bdb0f92ef5af0,e53ec39ccd7e61579dbab1a68b31e1265c19685f7933d92ca7ba08d00b3f749b,section.krull_dimension.0011,
formula.krull_dimension.0532,root.cring.krull_dimension,576,formula,inline-dollar,759,759,759,759,,,2725b2d0fc640cb2728a1834f8c41d47e601a7313494a3c35628268f485f3a5f,2725b2d0fc640cb2728a1834f8c41d47e601a7313494a3c35628268f485f3a5f,2725b2d0fc640cb2728a1834f8c41d47e601a7313494a3c35628268f485f3a5f,section.krull_dimension.0011,
formula.krull_dimension.0533,root.cring.krull_dimension,577,formula,inline-dollar,759,759,759,759,,,47c542da73ad77f4b4820ce288363d777b8bd58be492d4a0d592f43c50e9e833,47c542da73ad77f4b4820ce288363d777b8bd58be492d4a0d592f43c50e9e833,47c542da73ad77f4b4820ce288363d777b8bd58be492d4a0d592f43c50e9e833,section.krull_dimension.0011,
formula.krull_dimension.0534,root.cring.krull_dimension,578,formula,inline-dollar,760,760,760,760,,,a28faf6143663643c867a9e6316c985e9cef6a6ed418572e97343866efcfe288,a28faf6143663643c867a9e6316c985e9cef6a6ed418572e97343866efcfe288,a28faf6143663643c867a9e6316c985e9cef6a6ed418572e97343866efcfe288,section.krull_dimension.0011,
formula.krull_dimension.0535,root.cring.krull_dimension,579,formula,inline-dollar,760,760,760,760,,,a28faf6143663643c867a9e6316c985e9cef6a6ed418572e97343866efcfe288,a28faf6143663643c867a9e6316c985e9cef6a6ed418572e97343866efcfe288,a28faf6143663643c867a9e6316c985e9cef6a6ed418572e97343866efcfe288,section.krull_dimension.0011,
formula.krull_dimension.0536,root.cring.krull_dimension,580,formula,inline-dollar,760,760,760,760,,,2725b2d0fc640cb2728a1834f8c41d47e601a7313494a3c35628268f485f3a5f,2725b2d0fc640cb2728a1834f8c41d47e601a7313494a3c35628268f485f3a5f,2725b2d0fc640cb2728a1834f8c41d47e601a7313494a3c35628268f485f3a5f,section.krull_dimension.0011,
formula.krull_dimension.0537,root.cring.krull_dimension,581,formula,inline-dollar,761,761,761,761,,,362e16dcdd1b27ddebff7888bf72336abae4ca7c710ad8ffada233c08b033ba9,362e16dcdd1b27ddebff7888bf72336abae4ca7c710ad8ffada233c08b033ba9,362e16dcdd1b27ddebff7888bf72336abae4ca7c710ad8ffada233c08b033ba9,section.krull_dimension.0011,
formula.krull_dimension.0538,root.cring.krull_dimension,582,formula,inline-dollar,761,761,761,761,,,04059783893b129d925417c55e95e559c8d4be599ebd2ca55aa2472bc9007f90,04059783893b129d925417c55e95e559c8d4be599ebd2ca55aa2472bc9007f90,04059783893b129d925417c55e95e559c8d4be599ebd2ca55aa2472bc9007f90,section.krull_dimension.0011,
formula.krull_dimension.0539,root.cring.krull_dimension,583,formula,inline-dollar,762,762,762,762,,,a28faf6143663643c867a9e6316c985e9cef6a6ed418572e97343866efcfe288,a28faf6143663643c867a9e6316c985e9cef6a6ed418572e97343866efcfe288,a28faf6143663643c867a9e6316c985e9cef6a6ed418572e97343866efcfe288,section.krull_dimension.0011,
formula.krull_dimension.0540,root.cring.krull_dimension,584,formula,inline-dollar,762,762,762,762,,,93de1517a3635412802281e275b4427a4870b555d704f799120e253557eb78d5,93de1517a3635412802281e275b4427a4870b555d704f799120e253557eb78d5,93de1517a3635412802281e275b4427a4870b555d704f799120e253557eb78d5,section.krull_dimension.0011,
formula.krull_dimension.0541,root.cring.krull_dimension,585,formula,inline-dollar,764,764,764,764,,,a28faf6143663643c867a9e6316c985e9cef6a6ed418572e97343866efcfe288,a28faf6143663643c867a9e6316c985e9cef6a6ed418572e97343866efcfe288,a28faf6143663643c867a9e6316c985e9cef6a6ed418572e97343866efcfe288,section.krull_dimension.0011,
formula.krull_dimension.0542,root.cring.krull_dimension,586,formula,inline-dollar,765,765,765,765,,,93de1517a3635412802281e275b4427a4870b555d704f799120e253557eb78d5,93de1517a3635412802281e275b4427a4870b555d704f799120e253557eb78d5,93de1517a3635412802281e275b4427a4870b555d704f799120e253557eb78d5,section.krull_dimension.0011,
formula.krull_dimension.0543,root.cring.krull_dimension,587,formula,inline-dollar,765,765,765,765,,,2725b2d0fc640cb2728a1834f8c41d47e601a7313494a3c35628268f485f3a5f,2725b2d0fc640cb2728a1834f8c41d47e601a7313494a3c35628268f485f3a5f,2725b2d0fc640cb2728a1834f8c41d47e601a7313494a3c35628268f485f3a5f,section.krull_dimension.0011,
formula.krull_dimension.0544,root.cring.krull_dimension,588,formula,inline-dollar,765,765,765,765,,,47c542da73ad77f4b4820ce288363d777b8bd58be492d4a0d592f43c50e9e833,47c542da73ad77f4b4820ce288363d777b8bd58be492d4a0d592f43c50e9e833,47c542da73ad77f4b4820ce288363d777b8bd58be492d4a0d592f43c50e9e833,section.krull_dimension.0011,
formula.krull_dimension.0545,root.cring.krull_dimension,589,formula,inline-dollar,765,766,765,766,,,0904565c08b1fd740818a73ba4e32043c4b140a85431be1ed07e23038e2e8029,0904565c08b1fd740818a73ba4e32043c4b140a85431be1ed07e23038e2e8029,80a26d487d494e57f7417c5882fdc74f5e0ce2300b4ccdec234fdd7a9536f5b2,section.krull_dimension.0011,
formula.krull_dimension.0546,root.cring.krull_dimension,590,formula,inline-dollar,766,766,766,766,,,93de1517a3635412802281e275b4427a4870b555d704f799120e253557eb78d5,93de1517a3635412802281e275b4427a4870b555d704f799120e253557eb78d5,93de1517a3635412802281e275b4427a4870b555d704f799120e253557eb78d5,section.krull_dimension.0011,
formula.krull_dimension.0547,root.cring.krull_dimension,591,formula,display-bracket,767,768,767,768,,,13ee45441a7ac3b5f9b907ff03419dc348db310c6721e0631841fe2b508f06cd,13ee45441a7ac3b5f9b907ff03419dc348db310c6721e0631841fe2b508f06cd,0760ee2ee61dd8f805d7e2a897120f4989844f41011f42dd7bf92701b0b9e398,section.krull_dimension.0011,
formula.krull_dimension.0548,root.cring.krull_dimension,592,formula,inline-dollar,769,769,769,769,,,63823eb7a7d95068e6230dbb0f395f879f3fc6963f6e1dd4a2478cc4e12d9340,63823eb7a7d95068e6230dbb0f395f879f3fc6963f6e1dd4a2478cc4e12d9340,63823eb7a7d95068e6230dbb0f395f879f3fc6963f6e1dd4a2478cc4e12d9340,section.krull_dimension.0011,
formula.krull_dimension.0549,root.cring.krull_dimension,593,formula,inline-dollar,769,769,769,769,,,c73abc9d04e6570ae529b4067e8aa65fddf288bc1d7975f688985efe45011721,c73abc9d04e6570ae529b4067e8aa65fddf288bc1d7975f688985efe45011721,cc58008af57d6d067c1fae6f01a5334f2c2505f58d5f3c36d4666bbac2f450e4,section.krull_dimension.0011,
formula.krull_dimension.0550,root.cring.krull_dimension,594,formula,inline-dollar,770,770,770,770,,,1ab156481de5023b2d76d056753a5a146a3d91c8f67c6e9a60c8bea0716217e5,1ab156481de5023b2d76d056753a5a146a3d91c8f67c6e9a60c8bea0716217e5,245e9593af7bc45cf8ba7beb0586b20f5f0266e2b8c45ff2eca4583bb53df41f,section.krull_dimension.0011,
formula.krull_dimension.0551,root.cring.krull_dimension,595,formula,inline-dollar,771,771,771,771,,,47c542da73ad77f4b4820ce288363d777b8bd58be492d4a0d592f43c50e9e833,47c542da73ad77f4b4820ce288363d777b8bd58be492d4a0d592f43c50e9e833,47c542da73ad77f4b4820ce288363d777b8bd58be492d4a0d592f43c50e9e833,section.krull_dimension.0011,
formula.krull_dimension.0552,root.cring.krull_dimension,596,formula,inline-dollar,771,771,771,771,,,22bf003d6cac79e1d917cacdab9539c5d59468c02c22d29c08df00834ee4bbe6,22bf003d6cac79e1d917cacdab9539c5d59468c02c22d29c08df00834ee4bbe6,22bf003d6cac79e1d917cacdab9539c5d59468c02c22d29c08df00834ee4bbe6,section.krull_dimension.0011,
formula.krull_dimension.0553,root.cring.krull_dimension,597,formula,inline-dollar,771,771,771,771,,,22bf003d6cac79e1d917cacdab9539c5d59468c02c22d29c08df00834ee4bbe6,22bf003d6cac79e1d917cacdab9539c5d59468c02c22d29c08df00834ee4bbe6,22bf003d6cac79e1d917cacdab9539c5d59468c02c22d29c08df00834ee4bbe6,section.krull_dimension.0011,
formula.krull_dimension.0554,root.cring.krull_dimension,598,formula,inline-dollar,772,772,772,772,,,7ca8d55113d2d6ad2b029fdc654c79bb4449e0060b09637f720dc2d5e02bff47,7ca8d55113d2d6ad2b029fdc654c79bb4449e0060b09637f720dc2d5e02bff47,b0a77f57b36d5c323f2ceea6831deb966cdedd721df946be4a68d45db8fd69b1,section.krull_dimension.0011,
formula.krull_dimension.0555,root.cring.krull_dimension,599,formula,inline-dollar,778,778,778,778,,,79ffc48b99aa425cd80566e4012835020b65e38035891a1ff720fbc2d987690f,79ffc48b99aa425cd80566e4012835020b65e38035891a1ff720fbc2d987690f,32c69ce95e861417fb06d8e66845f57d0e50b14a9c807a8bd68260851b015fb4,section.krull_dimension.0011,
formula.krull_dimension.0556,root.cring.krull_dimension,600,formula,inline-dollar,778,778,778,778,,,a28faf6143663643c867a9e6316c985e9cef6a6ed418572e97343866efcfe288,a28faf6143663643c867a9e6316c985e9cef6a6ed418572e97343866efcfe288,a28faf6143663643c867a9e6316c985e9cef6a6ed418572e97343866efcfe288,section.krull_dimension.0011,
formula.krull_dimension.0557,root.cring.krull_dimension,601,formula,inline-dollar,778,778,778,778,,,2ed35620160f9623ab674a55e60f3ff276bd97109c2ef6a2e5425a6d4e1b8bdc,2ed35620160f9623ab674a55e60f3ff276bd97109c2ef6a2e5425a6d4e1b8bdc,2ed35620160f9623ab674a55e60f3ff276bd97109c2ef6a2e5425a6d4e1b8bdc,section.krull_dimension.0011,
formula.krull_dimension.0558,root.cring.krull_dimension,602,formula,inline-dollar,779,779,779,779,,,a28faf6143663643c867a9e6316c985e9cef6a6ed418572e97343866efcfe288,a28faf6143663643c867a9e6316c985e9cef6a6ed418572e97343866efcfe288,a28faf6143663643c867a9e6316c985e9cef6a6ed418572e97343866efcfe288,section.krull_dimension.0011,
formula.krull_dimension.0559,root.cring.krull_dimension,603,formula,inline-dollar,779,779,779,779,,,6d6c271e75ca2e101e49e8eeb7a9cecbd2d6ae2446641e610ca8357fa64eec71,6d6c271e75ca2e101e49e8eeb7a9cecbd2d6ae2446641e610ca8357fa64eec71,0f0cae820fbec13b80b4fb0cfacb13aaa78fd67d9c4b35391442b0cb91ae850c,section.krull_dimension.0011,
formula.krull_dimension.0560,root.cring.krull_dimension,604,formula,inline-dollar,780,780,780,780,,,fa6f31e9e86c1655d3baaa082b67e49ab4328ed37e36669ea780c047487a6969,fa6f31e9e86c1655d3baaa082b67e49ab4328ed37e36669ea780c047487a6969,fa6f31e9e86c1655d3baaa082b67e49ab4328ed37e36669ea780c047487a6969,section.krull_dimension.0011,
formula.krull_dimension.0561,root.cring.krull_dimension,605,formula,display-bracket,781,781,781,781,,,69b022004604dba05d6b0e4cc1722886b2a2d23d86930e30b503ac9bda639ad7,69b022004604dba05d6b0e4cc1722886b2a2d23d86930e30b503ac9bda639ad7,96a9bd1685602033ab516ad14e7a2e785dad9c3c52e97ba643ce0677fcd48dd7,section.krull_dimension.0011,
remark.krull_dimension.0003,root.cring.krull_dimension,606,remark,remark,784,788,784,788,\textbf{Warning!},\textbf{Peringatan!},88a0daf9b3cbbfd07d7fc30912d065bba59a5bbd3980dfb49cfea0a119074bf0,5d5a70ea5de77f9f2c80925434946ed3f93ed3c677dc8fa641958541990c25d8,,section.krull_dimension.0011,
formula.krull_dimension.0562,root.cring.krull_dimension,607,formula,inline-dollar,784,784,784,784,,,a28faf6143663643c867a9e6316c985e9cef6a6ed418572e97343866efcfe288,a28faf6143663643c867a9e6316c985e9cef6a6ed418572e97343866efcfe288,a28faf6143663643c867a9e6316c985e9cef6a6ed418572e97343866efcfe288,section.krull_dimension.0011,
formula.krull_dimension.0563,root.cring.krull_dimension,608,formula,inline-dollar,784,784,784,784,,,2725b2d0fc640cb2728a1834f8c41d47e601a7313494a3c35628268f485f3a5f,2725b2d0fc640cb2728a1834f8c41d47e601a7313494a3c35628268f485f3a5f,2725b2d0fc640cb2728a1834f8c41d47e601a7313494a3c35628268f485f3a5f,section.krull_dimension.0011,
formula.krull_dimension.0564,root.cring.krull_dimension,609,formula,inline-dollar,785,785,785,785,,,2725b2d0fc640cb2728a1834f8c41d47e601a7313494a3c35628268f485f3a5f,2725b2d0fc640cb2728a1834f8c41d47e601a7313494a3c35628268f485f3a5f,2725b2d0fc640cb2728a1834f8c41d47e601a7313494a3c35628268f485f3a5f,section.krull_dimension.0011,
formula.krull_dimension.0565,root.cring.krull_dimension,610,formula,inline-dollar,786,786,786,786,,,2725b2d0fc640cb2728a1834f8c41d47e601a7313494a3c35628268f485f3a5f,2725b2d0fc640cb2728a1834f8c41d47e601a7313494a3c35628268f485f3a5f,2725b2d0fc640cb2728a1834f8c41d47e601a7313494a3c35628268f485f3a5f,section.krull_dimension.0011,
formula.krull_dimension.0566,root.cring.krull_dimension,611,formula,inline-dollar,787,787,787,787,,,c637d883fd1fa3bab98996eda143c70a4b0ba2604e5295379dafa9c163ab907b,c637d883fd1fa3bab98996eda143c70a4b0ba2604e5295379dafa9c163ab907b,622bbcdd1d46ce21f94cd41125130a26aa4ed31bf08a74c6d9d6c48b84418a9c,section.krull_dimension.0011,
formula.krull_dimension.0567,root.cring.krull_dimension,612,formula,inline-dollar,787,787,787,787,,,2725b2d0fc640cb2728a1834f8c41d47e601a7313494a3c35628268f485f3a5f,2725b2d0fc640cb2728a1834f8c41d47e601a7313494a3c35628268f485f3a5f,2725b2d0fc640cb2728a1834f8c41d47e601a7313494a3c35628268f485f3a5f,section.krull_dimension.0011,
example.krull_dimension.0010,root.cring.krull_dimension,613,example,example,790,799,790,799,,,a3dfae847f7c75d2a2a74795ff561884a6dbc2e3724862f2f57ada4a35e2baee,0a31fe6e86f8568489c9f0949e46224c32276948edd17bcda9c574aeac7fb733,,section.krull_dimension.0011,
formula.krull_dimension.0568,root.cring.krull_dimension,614,formula,inline-dollar,791,791,791,791,,,79d846c95981e615961cfc083028ae548f3f02a23c69f4e8bbb24a96fa2fcb69,79d846c95981e615961cfc083028ae548f3f02a23c69f4e8bbb24a96fa2fcb69,5f072f21b9b962cb94e9285305ab857258e2afd5f84b8876108f602c060a17bf,section.krull_dimension.0011,
example.krull_dimension.0011,root.cring.krull_dimension,615,example,example,801,805,801,805,,,1125850bf21b5ceaeaa462079aabb50706231cd0ca2030a9fae3d90ace7fecc9,d14aa838b79324e5101f6ba653da8f041ec9cce0226d66f2b0fcbff023263329,,section.krull_dimension.0011,
formula.krull_dimension.0569,root.cring.krull_dimension,616,formula,inline-dollar,803,803,803,803,,,c637d883fd1fa3bab98996eda143c70a4b0ba2604e5295379dafa9c163ab907b,c637d883fd1fa3bab98996eda143c70a4b0ba2604e5295379dafa9c163ab907b,622bbcdd1d46ce21f94cd41125130a26aa4ed31bf08a74c6d9d6c48b84418a9c,section.krull_dimension.0011,
formula.krull_dimension.0570,root.cring.krull_dimension,617,formula,inline-dollar,803,803,803,803,,,7c66664f50924349f64345f227f8a3de78fb84abb69629e1652106c31b35f9d0,7c66664f50924349f64345f227f8a3de78fb84abb69629e1652106c31b35f9d0,ef16d168f6a97fb1d735faf24b44a519662468c6e7cdf5b744d9b07e07d068dc,section.krull_dimension.0011,
formula.krull_dimension.0571,root.cring.krull_dimension,618,formula,inline-dollar,804,804,804,804,,,c98ad5cee14fdf2fc7c08684fe9db1d9d32d6e8b174039e28c88752382820413,c98ad5cee14fdf2fc7c08684fe9db1d9d32d6e8b174039e28c88752382820413,a40f52d1f5343aa2655944a58d5ec288a75a1ceffd60174e055ccee676455cc0,section.krull_dimension.0011,
section.krull_dimension.0012,root.cring.krull_dimension,619,section,subsection,808,808,808,808,Yet another definition,Definisi lainnya lagi,6a01d2fdcce6d893132a632673e763effd9c9bb15a3cf7df5eabbfe2db1a4097,ab79b4f7f822927b38466ba35362793a189b6e96f7c273270c34c8770135efef,,section.krull_dimension.0008,
formula.krull_dimension.0572,root.cring.krull_dimension,620,formula,inline-dollar,809,810,809,810,,,1f62c8afb95ff00da32ee4a5ce9e87e5d157d9bf1c492d24e89cdc9962039c66,1f62c8afb95ff00da32ee4a5ce9e87e5d157d9bf1c492d24e89cdc9962039c66,2025d239d2d6c524d6890897c137d65560c1054997345bf5d8698a7163cb0284,section.krull_dimension.0012,
formula.krull_dimension.0573,root.cring.krull_dimension,621,formula,inline-dollar,811,811,811,811,,,29742240025756815de7b4dc24b2f1de69b9148b4ec37f961ccb4d9b4836ab30,29742240025756815de7b4dc24b2f1de69b9148b4ec37f961ccb4d9b4836ab30,29742240025756815de7b4dc24b2f1de69b9148b4ec37f961ccb4d9b4836ab30,section.krull_dimension.0012,
formula.krull_dimension.0574,root.cring.krull_dimension,622,formula,inline-dollar,811,811,811,811,,,a28faf6143663643c867a9e6316c985e9cef6a6ed418572e97343866efcfe288,a28faf6143663643c867a9e6316c985e9cef6a6ed418572e97343866efcfe288,a28faf6143663643c867a9e6316c985e9cef6a6ed418572e97343866efcfe288,section.krull_dimension.0012,
formula.krull_dimension.0575,root.cring.krull_dimension,623,formula,inline-dollar,811,811,811,811,,,23116b4256fa4160efe60488a238f525856591d810ce48ca298ec3cc2de921b1,23116b4256fa4160efe60488a238f525856591d810ce48ca298ec3cc2de921b1,5d52da2a2d30345d0308dd10cb14cd1f4eca834c5f5046f1e46d70f349875197,section.krull_dimension.0012,
formula.krull_dimension.0576,root.cring.krull_dimension,624,formula,inline-dollar,812,812,812,812,,,29742240025756815de7b4dc24b2f1de69b9148b4ec37f961ccb4d9b4836ab30,29742240025756815de7b4dc24b2f1de69b9148b4ec37f961ccb4d9b4836ab30,29742240025756815de7b4dc24b2f1de69b9148b4ec37f961ccb4d9b4836ab30,section.krull_dimension.0012,
formula.krull_dimension.0577,root.cring.krull_dimension,625,formula,display-bracket,813,813,813,813,,,68d832fb9cc2e2424803992dc708056fd1e587434ad2a297dcce31172d46655a,68d832fb9cc2e2424803992dc708056fd1e587434ad2a297dcce31172d46655a,4613d017640df700f304cd67f2f2d79aa634a6c2dda62e747d79c1cde773dd85,section.krull_dimension.0012,
question.krull_dimension.0002,root.cring.krull_dimension,626,question,question,815,817,815,817,,,9eef406a9ecf9d78407ac21c1a84c8c869b76c7fbe88dcf596e7d3d754cd9c85,1463b5a16bd6405f2c5d4297b352619361c83a6cf8f05f1bf458d04bac8debb4,,section.krull_dimension.0012,
formula.krull_dimension.0578,root.cring.krull_dimension,627,formula,inline-dollar,816,816,816,816,,,22bf003d6cac79e1d917cacdab9539c5d59468c02c22d29c08df00834ee4bbe6,22bf003d6cac79e1d917cacdab9539c5d59468c02c22d29c08df00834ee4bbe6,22bf003d6cac79e1d917cacdab9539c5d59468c02c22d29c08df00834ee4bbe6,section.krull_dimension.0012,
formula.krull_dimension.0579,root.cring.krull_dimension,628,formula,inline-dollar,819,819,819,819,,,9c038b5e01ea06cb95c27d68c6b3832a6278d55e39fb86d268a904416e3f226e,9c038b5e01ea06cb95c27d68c6b3832a6278d55e39fb86d268a904416e3f226e,dc3960a6a5886321419131507e7cd6552e9f21e53256a0ca6c7ea04b89ad6873,section.krull_dimension.0012,
theorem.krull_dimension.0015,root.cring.krull_dimension,629,theorem,proposition,821,824,821,824,,,2189de80935833ad47839069bef23322e8b79baa61715e3c0b75733eba435912,14a91b96eb8bc9d20c8dc745faaf8464bc7cc800a96a4a9e38440e35261b1a55,,section.krull_dimension.0012,
formula.krull_dimension.0580,root.cring.krull_dimension,630,formula,inline-dollar,822,822,822,822,,,23116b4256fa4160efe60488a238f525856591d810ce48ca298ec3cc2de921b1,23116b4256fa4160efe60488a238f525856591d810ce48ca298ec3cc2de921b1,5d52da2a2d30345d0308dd10cb14cd1f4eca834c5f5046f1e46d70f349875197,section.krull_dimension.0012,
formula.krull_dimension.0581,root.cring.krull_dimension,631,formula,display-bracket,823,823,823,823,,,c4a84e16f2efb69637a74a08a600a3fe3951f71a858c445d1b918ff5858f1074,c4a84e16f2efb69637a74a08a600a3fe3951f71a858c445d1b918ff5858f1074,7dcc3611b98994539f3c3fc1247a0fdabcbc32f4c88f7e6bcdf5fe5bfe466253,section.krull_dimension.0012,
formula.krull_dimension.0582,root.cring.krull_dimension,632,formula,inline-dollar,825,825,825,825,,,0785ccffdb7401cd7c6ee0de37ac1cefcb16e3dbb7cecf94e7cd7e47e0205ec6,0785ccffdb7401cd7c6ee0de37ac1cefcb16e3dbb7cecf94e7cd7e47e0205ec6,824b20f6c36a180c32ed2be5368372610c44634242b19c9df15973eb56e8c6a1,section.krull_dimension.0012,
formula.krull_dimension.0583,root.cring.krull_dimension,633,formula,inline-dollar,825,825,825,825,,,6f286fbb9c720023fa848b9fa9bd2511f86c32d8e615c46c9722835340018a8b,6f286fbb9c720023fa848b9fa9bd2511f86c32d8e615c46c9722835340018a8b,6f286fbb9c720023fa848b9fa9bd2511f86c32d8e615c46c9722835340018a8b,section.krull_dimension.0012,
formula.krull_dimension.0584,root.cring.krull_dimension,634,formula,inline-dollar,825,825,825,825,,,29742240025756815de7b4dc24b2f1de69b9148b4ec37f961ccb4d9b4836ab30,29742240025756815de7b4dc24b2f1de69b9148b4ec37f961ccb4d9b4836ab30,29742240025756815de7b4dc24b2f1de69b9148b4ec37f961ccb4d9b4836ab30,section.krull_dimension.0012,
formula.krull_dimension.0585,root.cring.krull_dimension,635,formula,inline-dollar,829,829,829,829,,,7f48755abd943290e1c98d44f4ba5c48785114fce1d5fbb93895e3d3711c02cc,b62f4476e92be9ca6cb9f1e67f35db717d1d2d79664a099392d3d6646046cee1,3b4338975f41278ddb8b3d8a389c7a8920dc910e2deac42f18ac5cf128c5396d,section.krull_dimension.0012,
formula.krull_dimension.0586,root.cring.krull_dimension,636,formula,display-bracket,831,831,831,831,,,eb44693ef399f87ecb504b3b971eddfffc6659b2e59dd2db69429cb1652dbc60,eb44693ef399f87ecb504b3b971eddfffc6659b2e59dd2db69429cb1652dbc60,f8fc85f74869663b44ddc85c89eefbf31d615aa86fe5cf4477eb6c48d55ecf3f,section.krull_dimension.0012,
formula.krull_dimension.0587,root.cring.krull_dimension,637,formula,inline-dollar,832,832,832,832,,,8c62304153c26035c26f918c7b52b375d956bfa4ed7c4fe28b436acaad28926c,8c62304153c26035c26f918c7b52b375d956bfa4ed7c4fe28b436acaad28926c,bbbca533660035f32ab92b5dbc0b06737994e1f7fee6467cf568760dc08ac8c7,section.krull_dimension.0012,
formula.krull_dimension.0588,root.cring.krull_dimension,638,formula,inline-dollar,833,833,833,833,,,22bf003d6cac79e1d917cacdab9539c5d59468c02c22d29c08df00834ee4bbe6,22bf003d6cac79e1d917cacdab9539c5d59468c02c22d29c08df00834ee4bbe6,22bf003d6cac79e1d917cacdab9539c5d59468c02c22d29c08df00834ee4bbe6,section.krull_dimension.0012,
formula.krull_dimension.0589,root.cring.krull_dimension,639,formula,inline-dollar,833,833,833,833,,,5b595e5da4328852d17fce3e9ff77b395ed7e80f45fedfe34dddc298bdbe82ca,5b595e5da4328852d17fce3e9ff77b395ed7e80f45fedfe34dddc298bdbe82ca,5b595e5da4328852d17fce3e9ff77b395ed7e80f45fedfe34dddc298bdbe82ca,section.krull_dimension.0012,
formula.krull_dimension.0590,root.cring.krull_dimension,640,formula,display-bracket,834,834,834,834,,,72568289a6cd5a4cc551f693ce94f18e05de3641a907050e2d30949aa6a680e6,72568289a6cd5a4cc551f693ce94f18e05de3641a907050e2d30949aa6a680e6,1774df35cdb25a79dc6cc8dbda8a384c582de88dbfcf2ab7244261b3985c7b70,section.krull_dimension.0012,
formula.krull_dimension.0591,root.cring.krull_dimension,641,formula,inline-dollar,836,836,836,836,,,0f3c1a3a8ecaa1212630456b1127b75c3dce0089204cbf31f65bc36dd371d405,0f3c1a3a8ecaa1212630456b1127b75c3dce0089204cbf31f65bc36dd371d405,ee0b5ac3da0bcb5bee193da1841edd95afc2002344b39c9d560c22802aa5d1c3,section.krull_dimension.0012,
formula.krull_dimension.0592,root.cring.krull_dimension,642,formula,inline-dollar,837,837,837,837,,,823f8440663db55b1f672557eec7026a68bf9dab583e48d7a45bf17b5bee55a4,823f8440663db55b1f672557eec7026a68bf9dab583e48d7a45bf17b5bee55a4,2b38d70592f6fe976df6fea5244e3f7713d21409c812999a4b6df48d54f621e3,section.krull_dimension.0012,
formula.krull_dimension.0593,root.cring.krull_dimension,643,formula,inline-dollar,837,837,837,837,,,9098ba9832778a5ea9229233c89c904418ea16c5c8b08e36ff01901c29a4e123,9098ba9832778a5ea9229233c89c904418ea16c5c8b08e36ff01901c29a4e123,b2753d2ef672d1e6c22fb4538fdda3ae361771d4c8a946368b96489932097024,section.krull_dimension.0012,
formula.krull_dimension.0594,root.cring.krull_dimension,644,formula,inline-dollar,837,837,837,837,,,43fd873963b000676596b7ce922c9642a1615f48ebf8261ac17065e3b62aca58,43fd873963b000676596b7ce922c9642a1615f48ebf8261ac17065e3b62aca58,87230df1d87e908ceebf01b643b1ad86056ca09816edbb0f5622eb62a27f1712,section.krull_dimension.0012,
formula.krull_dimension.0595,root.cring.krull_dimension,645,formula,inline-dollar,839,839,839,839,,,6fc88c254c93d4074efa4726b511635b4dbfb627ed3156e98f3117d1d73b4e84,6fc88c254c93d4074efa4726b511635b4dbfb627ed3156e98f3117d1d73b4e84,47d9997e892b420f8e4c92a808a17277a88d72f6e79f1982648cc70f6151c3be,section.krull_dimension.0012,
formula.krull_dimension.0596,root.cring.krull_dimension,646,formula,inline-dollar,839,839,839,839,,,64e2b0690a85613cce6dae7fed6189fc4bbd556824d29b15db13272d7cf6d25c,64e2b0690a85613cce6dae7fed6189fc4bbd556824d29b15db13272d7cf6d25c,4ac4a0ceca83db45de1ad3789561f890d31b9b1cb0c6492c4772a2b151c39436,section.krull_dimension.0012,
formula.krull_dimension.0597,root.cring.krull_dimension,647,formula,inline-dollar,839,839,839,839,,,835ce0ebaf89ee0db51c17def0c86faa5c7dc36969cfe3ff7840a11c99f8382a,835ce0ebaf89ee0db51c17def0c86faa5c7dc36969cfe3ff7840a11c99f8382a,53f175f50ca7656d52ccbc9697e63efd1862ee6471448f893ac6ea99cf49c508,section.krull_dimension.0012,
formula.krull_dimension.0598,root.cring.krull_dimension,648,formula,inline-dollar,840,840,840,840,,,d4b73de1faba8ed7a18aa3ff48534d1724599a79be82146218fcda1ac5a6e916,d4b73de1faba8ed7a18aa3ff48534d1724599a79be82146218fcda1ac5a6e916,44a18ac4d48c158c1a12fc1876005b47fe653e944beda8f9691ac19eecf0746f,section.krull_dimension.0012,
formula.krull_dimension.0599,root.cring.krull_dimension,649,formula,inline-dollar,840,840,840,840,,,22bf003d6cac79e1d917cacdab9539c5d59468c02c22d29c08df00834ee4bbe6,22bf003d6cac79e1d917cacdab9539c5d59468c02c22d29c08df00834ee4bbe6,22bf003d6cac79e1d917cacdab9539c5d59468c02c22d29c08df00834ee4bbe6,section.krull_dimension.0012,
formula.krull_dimension.0600,root.cring.krull_dimension,650,formula,inline-dollar,840,840,840,840,,,53c2ee67f771d5b8be850aeddeaa3898f0b31aac9f7cd6a6e0cee9d73ea8c1da,53c2ee67f771d5b8be850aeddeaa3898f0b31aac9f7cd6a6e0cee9d73ea8c1da,34e365cc07fa9db6acb256e87bcf214de2ca0d636db5cd1c56076d6c267569b3,section.krull_dimension.0012,
formula.krull_dimension.0601,root.cring.krull_dimension,651,formula,inline-dollar,841,841,841,841,,,640a2ab93df3a5ee30bf9484722253a92e49d6010578a2bcff4c59046e421e22,640a2ab93df3a5ee30bf9484722253a92e49d6010578a2bcff4c59046e421e22,640a2ab93df3a5ee30bf9484722253a92e49d6010578a2bcff4c59046e421e22,section.krull_dimension.0012,
formula.krull_dimension.0602,root.cring.krull_dimension,652,formula,inline-dollar,841,841,841,841,,,42b32c887a83885cf0dc26a76d703e22323a6c3bf4e3a558013e9783f5b64783,42b32c887a83885cf0dc26a76d703e22323a6c3bf4e3a558013e9783f5b64783,40c911eb2ad83498b4e1bef2e0dfd28a9a2d3627838305bca2405b2974164519,section.krull_dimension.0012,
formula.krull_dimension.0603,root.cring.krull_dimension,653,formula,inline-dollar,842,842,842,842,,,58e300409f876ca636a69eeb90dbd71ebcac0acdeec8c49c340dfb754f61fdb3,58e300409f876ca636a69eeb90dbd71ebcac0acdeec8c49c340dfb754f61fdb3,1197c723a52a2138e38b0d45233e5cdc12616aa19299b919065086c56022bfa1,section.krull_dimension.0012,
formula.krull_dimension.0604,root.cring.krull_dimension,654,formula,inline-dollar,842,842,842,842,,,f924bd96e4ec76598c52b28778f365bc022072c59f47379555fa9400c0741532,f924bd96e4ec76598c52b28778f365bc022072c59f47379555fa9400c0741532,87230df1d87e908ceebf01b643b1ad86056ca09816edbb0f5622eb62a27f1712,section.krull_dimension.0012,
formula.krull_dimension.0605,root.cring.krull_dimension,655,formula,inline-dollar,844,844,844,844,,,22bf003d6cac79e1d917cacdab9539c5d59468c02c22d29c08df00834ee4bbe6,22bf003d6cac79e1d917cacdab9539c5d59468c02c22d29c08df00834ee4bbe6,22bf003d6cac79e1d917cacdab9539c5d59468c02c22d29c08df00834ee4bbe6,section.krull_dimension.0012,
formula.krull_dimension.0606,root.cring.krull_dimension,656,formula,inline-dollar,844,844,844,844,,,6b4b1596f72bac018a574d54302902597138331b793234a658189ae601514a7f,6b4b1596f72bac018a574d54302902597138331b793234a658189ae601514a7f,6b4b1596f72bac018a574d54302902597138331b793234a658189ae601514a7f,section.krull_dimension.0012,
formula.krull_dimension.0607,root.cring.krull_dimension,657,formula,environment:align*,845,846,845,846,,,2390a97a118b806b004532d7eb1724e09e329460eaca13a646a2b435e48ae476,2390a97a118b806b004532d7eb1724e09e329460eaca13a646a2b435e48ae476,eb360641e66e14997730104e515242d5d743119521a876a0650e8a9e08748eef,section.krull_dimension.0012,
formula.krull_dimension.0608,root.cring.krull_dimension,658,formula,inline-dollar,847,847,847,847,,,c2cf15cba3ecb978617b98e5bfa72a2aad856c31e24b5d02125782cb38abf653,c2cf15cba3ecb978617b98e5bfa72a2aad856c31e24b5d02125782cb38abf653,f30d640147fc0b0b1f881ecb2211d7b42b34dd58d392eaab7d81955c9c4f632f,section.krull_dimension.0012,
formula.krull_dimension.0609,root.cring.krull_dimension,659,formula,inline-dollar,847,847,847,847,,,bd228e284d802c4f6a57811c2a795c77bb5c8baa067dd8eee2a67366df6df63e,bd228e284d802c4f6a57811c2a795c77bb5c8baa067dd8eee2a67366df6df63e,bd228e284d802c4f6a57811c2a795c77bb5c8baa067dd8eee2a67366df6df63e,section.krull_dimension.0012,
formula.krull_dimension.0610,root.cring.krull_dimension,660,formula,inline-dollar,848,848,848,848,,,22bf003d6cac79e1d917cacdab9539c5d59468c02c22d29c08df00834ee4bbe6,22bf003d6cac79e1d917cacdab9539c5d59468c02c22d29c08df00834ee4bbe6,22bf003d6cac79e1d917cacdab9539c5d59468c02c22d29c08df00834ee4bbe6,section.krull_dimension.0012,
formula.krull_dimension.0611,root.cring.krull_dimension,661,formula,inline-dollar,848,848,848,848,,,03c803713b724fef134de9e693a1f65161c6085f7de0434179f120288b888f55,03c803713b724fef134de9e693a1f65161c6085f7de0434179f120288b888f55,6efb0b2f15eac649e84ec1bedaf1eff452f6ab8d6abe783d4832235add6e3646,section.krull_dimension.0012,
theorem.krull_dimension.0016,root.cring.krull_dimension,662,theorem,proposition,853,856,853,856,,,17349255b49d7a2acf1be4d70973758ac67dcc813017b4bdf4aa925430bea15e,7bcb46ab01eb088fcf775d8a907e124502a3494334fe2804d2053afa6e2cd709,,section.krull_dimension.0012,
formula.krull_dimension.0612,root.cring.krull_dimension,663,formula,inline-dollar,854,854,854,854,,,a5bbcdbb2ba32267660e663b289d6045fc3904d408c6401811eae3013cd4431c,a5bbcdbb2ba32267660e663b289d6045fc3904d408c6401811eae3013cd4431c,dcb3b71815ac85ff3bd8bc8cb5e601801d909e743ae732e63f319152051cf082,section.krull_dimension.0012,
formula.krull_dimension.0613,root.cring.krull_dimension,664,formula,inline-dollar,854,854,854,854,,,bb28a9b83048a0f36a72a56394914040f7f0171b49534f6138053bdd68916943,bb28a9b83048a0f36a72a56394914040f7f0171b49534f6138053bdd68916943,bb28a9b83048a0f36a72a56394914040f7f0171b49534f6138053bdd68916943,section.krull_dimension.0012,
formula.krull_dimension.0614,root.cring.krull_dimension,665,formula,inline-dollar,854,855,854,855,,,81d04af5be9cf1a042fae44b77e7e4bacc205268b6f16b77b2a8db4a7394ce26,81d04af5be9cf1a042fae44b77e7e4bacc205268b6f16b77b2a8db4a7394ce26,9e66dde7ae097b193ba7cb70b1dfed711d5f6dac9c77ea7532eac822a4a38ce2,section.krull_dimension.0012,
formula.krull_dimension.0615,root.cring.krull_dimension,666,formula,inline-dollar,855,855,855,855,,,f3facc1f6af4882d41d1788174c35e3b567ee49db7f345e18fa0e6a0f6c09761,f3facc1f6af4882d41d1788174c35e3b567ee49db7f345e18fa0e6a0f6c09761,0935c401285f5305874f36811206a7d096c6ee1005620f2b09f0fb356474d624,section.krull_dimension.0012,
formula.krull_dimension.0616,root.cring.krull_dimension,667,formula,inline-dollar,857,857,857,857,,,bb28a9b83048a0f36a72a56394914040f7f0171b49534f6138053bdd68916943,bb28a9b83048a0f36a72a56394914040f7f0171b49534f6138053bdd68916943,bb28a9b83048a0f36a72a56394914040f7f0171b49534f6138053bdd68916943,section.krull_dimension.0012,
formula.krull_dimension.0617,root.cring.krull_dimension,668,formula,inline-dollar,858,858,858,858,,,55e3da7bc868312e897b623dba37bde8bb1f25adc5a6a45f2dbe34a7e8892cde,55e3da7bc868312e897b623dba37bde8bb1f25adc5a6a45f2dbe34a7e8892cde,8480ccd433814f163b652be9e85af734cbd1baf67d864007d0e27b6356d39fa4,section.krull_dimension.0012,
formula.krull_dimension.0618,root.cring.krull_dimension,669,formula,inline-dollar,861,861,861,861,,,a5bbcdbb2ba32267660e663b289d6045fc3904d408c6401811eae3013cd4431c,a5bbcdbb2ba32267660e663b289d6045fc3904d408c6401811eae3013cd4431c,dcb3b71815ac85ff3bd8bc8cb5e601801d909e743ae732e63f319152051cf082,section.krull_dimension.0012,
formula.krull_dimension.0619,root.cring.krull_dimension,670,formula,inline-dollar,861,861,861,861,,,45bfe1bbcc764c54f859693342fbaf692c2da850f51f08167a5b30c473d3390a,45bfe1bbcc764c54f859693342fbaf692c2da850f51f08167a5b30c473d3390a,d299bc7d2d698a16d1c77fa239965b62667c83199f7bd9fd527515220483f941,section.krull_dimension.0012,
formula.krull_dimension.0620,root.cring.krull_dimension,671,formula,inline-dollar,862,862,862,862,,,29742240025756815de7b4dc24b2f1de69b9148b4ec37f961ccb4d9b4836ab30,29742240025756815de7b4dc24b2f1de69b9148b4ec37f961ccb4d9b4836ab30,29742240025756815de7b4dc24b2f1de69b9148b4ec37f961ccb4d9b4836ab30,section.krull_dimension.0012,
formula.krull_dimension.0621,root.cring.krull_dimension,672,formula,inline-dollar,862,862,862,862,,,b2251fa4e7467b4c2c12e9aa861cb4b436feb9525c23cd89b6a717cf6e868423,b2251fa4e7467b4c2c12e9aa861cb4b436feb9525c23cd89b6a717cf6e868423,b2251fa4e7467b4c2c12e9aa861cb4b436feb9525c23cd89b6a717cf6e868423,section.krull_dimension.0012,
formula.krull_dimension.0622,root.cring.krull_dimension,673,formula,inline-dollar,863,863,863,863,,,bb28a9b83048a0f36a72a56394914040f7f0171b49534f6138053bdd68916943,bb28a9b83048a0f36a72a56394914040f7f0171b49534f6138053bdd68916943,bb28a9b83048a0f36a72a56394914040f7f0171b49534f6138053bdd68916943,section.krull_dimension.0012,
formula.krull_dimension.0623,root.cring.krull_dimension,674,formula,inline-dollar,865,865,865,865,,,9dbff5a76caa57292bc20ece6af2f6631d7bb2f5545a78d5fa61bb657fa9f4a4,9dbff5a76caa57292bc20ece6af2f6631d7bb2f5545a78d5fa61bb657fa9f4a4,aab65a970099c448656d455515049f742ea016287ed11ca6ad57f74dee56a3d8,section.krull_dimension.0012,
formula.krull_dimension.0624,root.cring.krull_dimension,675,formula,inline-dollar,866,866,866,866,,,21752293252decc738dcc2f5e2433b60351b52e3585509f079948471da5dd5b8,21752293252decc738dcc2f5e2433b60351b52e3585509f079948471da5dd5b8,54cc411393cd22a567c0560fc302a101203ea28bb05439cc546323d36c07dfe7,section.krull_dimension.0012,
formula.krull_dimension.0625,root.cring.krull_dimension,676,formula,inline-dollar,867,867,867,867,,,fc826789eb1ef23fc591d4b2c74f7f5d8cbaae6ca9db1dc019b60e6030022cce,fc826789eb1ef23fc591d4b2c74f7f5d8cbaae6ca9db1dc019b60e6030022cce,8b036f444381cb2826b4577697a5c8ac7392f19c5766fd7985180be9c3a6b82c,section.krull_dimension.0012,
formula.krull_dimension.0626,root.cring.krull_dimension,677,formula,inline-dollar,868,868,868,868,,,0a11d30c3ec23bf3b4a90ecf77870c9547fae41b0267d76da628dbe960b1c14d,0a11d30c3ec23bf3b4a90ecf77870c9547fae41b0267d76da628dbe960b1c14d,358bbb638ba0c7e6b93ef05c0a54b43929322f754e5699418fe83d63b86c0593,section.krull_dimension.0012,
formula.krull_dimension.0627,root.cring.krull_dimension,678,formula,display-bracket,870,870,870,870,,,a1eb90f6f825121d4a9ed2236fa19b0dc660dcfad107252cd7966b2e27c151f7,a1eb90f6f825121d4a9ed2236fa19b0dc660dcfad107252cd7966b2e27c151f7,9419c7e7cf77876111b896fc346a1e665a86e6ac1129ef7d6b895dcdc669ac37,section.krull_dimension.0012,
formula.krull_dimension.0628,root.cring.krull_dimension,679,formula,inline-dollar,871,871,871,871,,,89cc969b795900178b7acb65200d35e377379538ffae03ada58d2a9592628ec8,89cc969b795900178b7acb65200d35e377379538ffae03ada58d2a9592628ec8,ed6f0fbcec6eb07ab1e36132979c8da4499a23e3ba3855795ae7334fc65b59d7,section.krull_dimension.0012,
formula.krull_dimension.0629,root.cring.krull_dimension,680,formula,inline-dollar,872,872,872,872,,,4d8caf62591141cda61469202e431821c33cc2129c797f51e0a5fb3e52403543,4d8caf62591141cda61469202e431821c33cc2129c797f51e0a5fb3e52403543,4d8caf62591141cda61469202e431821c33cc2129c797f51e0a5fb3e52403543,section.krull_dimension.0012,
formula.krull_dimension.0630,root.cring.krull_dimension,681,formula,inline-dollar,872,872,872,872,,,29742240025756815de7b4dc24b2f1de69b9148b4ec37f961ccb4d9b4836ab30,29742240025756815de7b4dc24b2f1de69b9148b4ec37f961ccb4d9b4836ab30,29742240025756815de7b4dc24b2f1de69b9148b4ec37f961ccb4d9b4836ab30,section.krull_dimension.0012,
formula.krull_dimension.0631,root.cring.krull_dimension,682,formula,inline-dollar,872,872,872,872,,,6b4b1596f72bac018a574d54302902597138331b793234a658189ae601514a7f,6b4b1596f72bac018a574d54302902597138331b793234a658189ae601514a7f,6b4b1596f72bac018a574d54302902597138331b793234a658189ae601514a7f,section.krull_dimension.0012,
formula.krull_dimension.0632,root.cring.krull_dimension,683,formula,inline-dollar,873,873,873,873,,,4d8caf62591141cda61469202e431821c33cc2129c797f51e0a5fb3e52403543,4d8caf62591141cda61469202e431821c33cc2129c797f51e0a5fb3e52403543,4d8caf62591141cda61469202e431821c33cc2129c797f51e0a5fb3e52403543,section.krull_dimension.0012,
formula.krull_dimension.0633,root.cring.krull_dimension,684,formula,inline-dollar,873,873,873,873,,,bb28a9b83048a0f36a72a56394914040f7f0171b49534f6138053bdd68916943,bb28a9b83048a0f36a72a56394914040f7f0171b49534f6138053bdd68916943,bb28a9b83048a0f36a72a56394914040f7f0171b49534f6138053bdd68916943,section.krull_dimension.0012,
formula.krull_dimension.0634,root.cring.krull_dimension,685,formula,inline-dollar,875,875,875,875,,,29742240025756815de7b4dc24b2f1de69b9148b4ec37f961ccb4d9b4836ab30,29742240025756815de7b4dc24b2f1de69b9148b4ec37f961ccb4d9b4836ab30,29742240025756815de7b4dc24b2f1de69b9148b4ec37f961ccb4d9b4836ab30,section.krull_dimension.0012,
formula.krull_dimension.0635,root.cring.krull_dimension,686,formula,inline-dollar,876,876,876,876,,,6b4b1596f72bac018a574d54302902597138331b793234a658189ae601514a7f,6b4b1596f72bac018a574d54302902597138331b793234a658189ae601514a7f,6b4b1596f72bac018a574d54302902597138331b793234a658189ae601514a7f,section.krull_dimension.0012,
formula.krull_dimension.0636,root.cring.krull_dimension,687,formula,inline-dollar,876,876,876,876,,,29742240025756815de7b4dc24b2f1de69b9148b4ec37f961ccb4d9b4836ab30,29742240025756815de7b4dc24b2f1de69b9148b4ec37f961ccb4d9b4836ab30,29742240025756815de7b4dc24b2f1de69b9148b4ec37f961ccb4d9b4836ab30,section.krull_dimension.0012,
formula.krull_dimension.0637,root.cring.krull_dimension,688,formula,inline-dollar,877,877,877,877,,,29742240025756815de7b4dc24b2f1de69b9148b4ec37f961ccb4d9b4836ab30,29742240025756815de7b4dc24b2f1de69b9148b4ec37f961ccb4d9b4836ab30,29742240025756815de7b4dc24b2f1de69b9148b4ec37f961ccb4d9b4836ab30,section.krull_dimension.0012,
formula.krull_dimension.0638,root.cring.krull_dimension,689,formula,inline-dollar,877,877,877,877,,,ce803c47cd6a611dce5ebdbc6abda57673a051f09a660b3b793ea3887d680158,ce803c47cd6a611dce5ebdbc6abda57673a051f09a660b3b793ea3887d680158,ce803c47cd6a611dce5ebdbc6abda57673a051f09a660b3b793ea3887d680158,section.krull_dimension.0012,
formula.krull_dimension.0639,root.cring.krull_dimension,690,formula,inline-dollar,877,878,877,878,,,b5c3ee21e41cd58538efc24243dceba4e26517aa8e61cc5a841fbca89b2606c1,b5c3ee21e41cd58538efc24243dceba4e26517aa8e61cc5a841fbca89b2606c1,edd38f772213d80364bf20d753919df930fcc2a5586aab13befa96d9909a9635,section.krull_dimension.0012,
formula.krull_dimension.0640,root.cring.krull_dimension,691,formula,inline-dollar,879,879,879,879,,,c3df7bd047a2fc5cc1c7cea3401db40ed247fb027ba4b5ae55afa766b4717b96,c3df7bd047a2fc5cc1c7cea3401db40ed247fb027ba4b5ae55afa766b4717b96,cda1cbca4339471512fdcb9c058bcfe1d2e39cd25fbcfb0c902ad83058238960,section.krull_dimension.0012,
formula.krull_dimension.0641,root.cring.krull_dimension,692,formula,inline-dollar,880,880,880,880,,,29742240025756815de7b4dc24b2f1de69b9148b4ec37f961ccb4d9b4836ab30,29742240025756815de7b4dc24b2f1de69b9148b4ec37f961ccb4d9b4836ab30,29742240025756815de7b4dc24b2f1de69b9148b4ec37f961ccb4d9b4836ab30,section.krull_dimension.0012,
formula.krull_dimension.0642,root.cring.krull_dimension,693,formula,display-bracket,881,881,881,881,,,b1ce95442a9a4369d78ff5f7639d716204db9899d6be790b9624c40b705d6c48,b1ce95442a9a4369d78ff5f7639d716204db9899d6be790b9624c40b705d6c48,c5e17636c36e744c273b50149944a1d18a96836b25f83ac53aefa0118cb9afcc,section.krull_dimension.0012,
formula.krull_dimension.0643,root.cring.krull_dimension,694,formula,inline-dollar,882,882,882,882,,,bb860b0aa10e8134fcffb17f12111e2f0a2514d7e0b7b95fcbdee9835446d194,bb860b0aa10e8134fcffb17f12111e2f0a2514d7e0b7b95fcbdee9835446d194,a3b05475a452b47ccaffe93590e0d952a3dd883735478a10dd96c44082c885c1,section.krull_dimension.0012,
formula.krull_dimension.0644,root.cring.krull_dimension,695,formula,display-dollar,883,883,883,883,,,ee49372970abe30793f16a9dbc70e4b01ce1b253fcfba53c6324d0a0157505dc,ee49372970abe30793f16a9dbc70e4b01ce1b253fcfba53c6324d0a0157505dc,36182eca917012e7634194586fbec937d2d4f13996225f2221067a43a3c10995,section.krull_dimension.0012,
formula.krull_dimension.0645,root.cring.krull_dimension,696,formula,inline-dollar,885,885,885,885,,,8cfed36367d5361c240163bc63f8de4a53372a5018436df6ef3b98e068816185,8cfed36367d5361c240163bc63f8de4a53372a5018436df6ef3b98e068816185,0935c401285f5305874f36811206a7d096c6ee1005620f2b09f0fb356474d624,section.krull_dimension.0012,
formula.krull_dimension.0646,root.cring.krull_dimension,697,formula,inline-dollar,886,886,886,886,,,6c3dea9eb03e932776f2d3dfb7367c08dc278d59105de2ba755de3749e549e0c,6c3dea9eb03e932776f2d3dfb7367c08dc278d59105de2ba755de3749e549e0c,73a6ad93224e464c08394938c059ae01ca8aceac2a74cf6bf046d6dd88b23275,section.krull_dimension.0012,
formula.krull_dimension.0647,root.cring.krull_dimension,698,formula,inline-dollar,888,888,888,888,,,72bc3c1b3553a71d525d8715f4963adfb2b8e7e18c32f0b1b651f3e841526770,72bc3c1b3553a71d525d8715f4963adfb2b8e7e18c32f0b1b651f3e841526770,72bc3c1b3553a71d525d8715f4963adfb2b8e7e18c32f0b1b651f3e841526770,section.krull_dimension.0012,
formula.krull_dimension.0648,root.cring.krull_dimension,699,formula,inline-dollar,888,888,888,888,,,b5c24ca8193b3178523b1f127efe77884564dca1cc903847cd7b52c74f3ed990,b5c24ca8193b3178523b1f127efe77884564dca1cc903847cd7b52c74f3ed990,b5c24ca8193b3178523b1f127efe77884564dca1cc903847cd7b52c74f3ed990,section.krull_dimension.0012,
formula.krull_dimension.0649,root.cring.krull_dimension,700,formula,display-bracket,890,890,890,890,,,d66e3165e1a39c31459cf5595d0dbc5173f886f92666f38f1261262655de827f,d66e3165e1a39c31459cf5595d0dbc5173f886f92666f38f1261262655de827f,dc5033da05e2c2fc845c33f4f268966757552cf27e95102c6f1501f956d12e31,section.krull_dimension.0012,
theorem.krull_dimension.0017,root.cring.krull_dimension,701,theorem,corollary,895,900,895,900,,,b8ab989fab6adcb84093bf9d62455d13f1f8e6030db231ff5f513ab96ce97254,0f13c18c73885a38b7503cb838c97d0a5f6c1d167aea9ca042aa22f828836d9f,,section.krull_dimension.0012,
formula.krull_dimension.0650,root.cring.krull_dimension,702,formula,inline-dollar,896,896,896,896,,,f0988ddf71047da5a5ff8b8e9771ac77b1171b07bad5b2f645e1ec63ffd7d059,f0988ddf71047da5a5ff8b8e9771ac77b1171b07bad5b2f645e1ec63ffd7d059,2025d239d2d6c524d6890897c137d65560c1054997345bf5d8698a7163cb0284,section.krull_dimension.0012,
formula.krull_dimension.0651,root.cring.krull_dimension,703,formula,inline-dollar,896,896,896,896,,,6d128172c4cbfc98f9556f1176bfa6889d547a0f1818cf6d7edc8e4d4bd4a990,6d128172c4cbfc98f9556f1176bfa6889d547a0f1818cf6d7edc8e4d4bd4a990,34f02a6c534f840b3b4a3dcc3cbac52e54fbb5ac611b851f08b333a1727bd3fd,section.krull_dimension.0012,
formula.krull_dimension.0652,root.cring.krull_dimension,704,formula,inline-dollar,896,896,896,896,,,bb28a9b83048a0f36a72a56394914040f7f0171b49534f6138053bdd68916943,bb28a9b83048a0f36a72a56394914040f7f0171b49534f6138053bdd68916943,bb28a9b83048a0f36a72a56394914040f7f0171b49534f6138053bdd68916943,section.krull_dimension.0012,
formula.krull_dimension.0653,root.cring.krull_dimension,705,formula,inline-dollar,897,897,897,897,,,84dc7235075460b7c1968e18c2c10fac81ae43d77a8bd13bc3cd7a7618acff74,84dc7235075460b7c1968e18c2c10fac81ae43d77a8bd13bc3cd7a7618acff74,bc0582876efd07ec2ae23493e4e773c8774531e2a2770865a81e2697b003a5a5,section.krull_dimension.0012,
formula.krull_dimension.0654,root.cring.krull_dimension,706,formula,inline-dollar,897,897,897,897,,,31a7f3b22f78cfb880f07ae8394b945456499c5a2f2e2f75965ff6743fd1574b,31a7f3b22f78cfb880f07ae8394b945456499c5a2f2e2f75965ff6743fd1574b,79bdb2b3d38ab8ad5709fe9b14a30e8d33ede4531ff9e01a3ff3c7d1853a779b,section.krull_dimension.0012,
formula.krull_dimension.0655,root.cring.krull_dimension,707,formula,inline-dollar,898,898,898,898,,,d7c55f2ca69466e29638da11b449bcd0ab6254716581f38dccb7d62602ca51e5,d7c55f2ca69466e29638da11b449bcd0ab6254716581f38dccb7d62602ca51e5,cbcea4c15f3f59df807b3645b12b0f5e9179d0e22c14d30e7a459aed72abbbed,section.krull_dimension.0012,
formula.krull_dimension.0656,root.cring.krull_dimension,708,formula,inline-dollar,899,899,899,899,,,bb4bc0183a7d484898e30fb7e41308e47e36e9e66bfcbec48d7c181b9de666c4,bb4bc0183a7d484898e30fb7e41308e47e36e9e66bfcbec48d7c181b9de666c4,bb4bc0183a7d484898e30fb7e41308e47e36e9e66bfcbec48d7c181b9de666c4,section.krull_dimension.0012,
remark.krull_dimension.0004,root.cring.krull_dimension,709,remark,remark,903,907,903,907,,,26793cf167197ae2e3006268a1e8962b3364d27c573fdcbaf768b05e3729e83a,2098fb8ac5441a922d76c6a19bcc6fe3ff9b192aa6f8ea58cca9ffc01e1d29f6,,section.krull_dimension.0012,
formula.krull_dimension.0657,root.cring.krull_dimension,710,formula,inline-dollar,904,904,904,904,,,a28faf6143663643c867a9e6316c985e9cef6a6ed418572e97343866efcfe288,a28faf6143663643c867a9e6316c985e9cef6a6ed418572e97343866efcfe288,a28faf6143663643c867a9e6316c985e9cef6a6ed418572e97343866efcfe288,section.krull_dimension.0012,
formula.krull_dimension.0658,root.cring.krull_dimension,711,formula,inline-dollar,910,910,910,910,,,a28faf6143663643c867a9e6316c985e9cef6a6ed418572e97343866efcfe288,a28faf6143663643c867a9e6316c985e9cef6a6ed418572e97343866efcfe288,a28faf6143663643c867a9e6316c985e9cef6a6ed418572e97343866efcfe288,section.krull_dimension.0012,
formula.krull_dimension.0659,root.cring.krull_dimension,712,formula,inline-dollar,911,911,911,911,,,bb4bc0183a7d484898e30fb7e41308e47e36e9e66bfcbec48d7c181b9de666c4,bb4bc0183a7d484898e30fb7e41308e47e36e9e66bfcbec48d7c181b9de666c4,bb4bc0183a7d484898e30fb7e41308e47e36e9e66bfcbec48d7c181b9de666c4,section.krull_dimension.0012,
formula.krull_dimension.0660,root.cring.krull_dimension,713,formula,inline-dollar,911,911,911,911,,,6d128172c4cbfc98f9556f1176bfa6889d547a0f1818cf6d7edc8e4d4bd4a990,6d128172c4cbfc98f9556f1176bfa6889d547a0f1818cf6d7edc8e4d4bd4a990,34f02a6c534f840b3b4a3dcc3cbac52e54fbb5ac611b851f08b333a1727bd3fd,section.krull_dimension.0012,
formula.krull_dimension.0661,root.cring.krull_dimension,714,formula,inline-dollar,913,913,913,913,,,bb28a9b83048a0f36a72a56394914040f7f0171b49534f6138053bdd68916943,bb28a9b83048a0f36a72a56394914040f7f0171b49534f6138053bdd68916943,bb28a9b83048a0f36a72a56394914040f7f0171b49534f6138053bdd68916943,section.krull_dimension.0012,
formula.krull_dimension.0662,root.cring.krull_dimension,715,formula,inline-dollar,913,913,913,913,,,bb28a9b83048a0f36a72a56394914040f7f0171b49534f6138053bdd68916943,bb28a9b83048a0f36a72a56394914040f7f0171b49534f6138053bdd68916943,bb28a9b83048a0f36a72a56394914040f7f0171b49534f6138053bdd68916943,section.krull_dimension.0012,
formula.krull_dimension.0663,root.cring.krull_dimension,716,formula,inline-dollar,913,913,913,913,,,bb28a9b83048a0f36a72a56394914040f7f0171b49534f6138053bdd68916943,bb28a9b83048a0f36a72a56394914040f7f0171b49534f6138053bdd68916943,bb28a9b83048a0f36a72a56394914040f7f0171b49534f6138053bdd68916943,section.krull_dimension.0012,
formula.krull_dimension.0664,root.cring.krull_dimension,717,formula,inline-dollar,914,914,914,914,,,4078e3691383c676de446000949d4b5a95ca87405611577c592d1cc6ebc6eda4,4078e3691383c676de446000949d4b5a95ca87405611577c592d1cc6ebc6eda4,9e66dde7ae097b193ba7cb70b1dfed711d5f6dac9c77ea7532eac822a4a38ce2,section.krull_dimension.0012,
formula.krull_dimension.0665,root.cring.krull_dimension,718,formula,inline-dollar,915,915,915,915,,,bb4bc0183a7d484898e30fb7e41308e47e36e9e66bfcbec48d7c181b9de666c4,bb4bc0183a7d484898e30fb7e41308e47e36e9e66bfcbec48d7c181b9de666c4,bb4bc0183a7d484898e30fb7e41308e47e36e9e66bfcbec48d7c181b9de666c4,section.krull_dimension.0012,
formula.krull_dimension.0666,root.cring.krull_dimension,719,formula,inline-dollar,916,916,916,916,,,c637d883fd1fa3bab98996eda143c70a4b0ba2604e5295379dafa9c163ab907b,c637d883fd1fa3bab98996eda143c70a4b0ba2604e5295379dafa9c163ab907b,622bbcdd1d46ce21f94cd41125130a26aa4ed31bf08a74c6d9d6c48b84418a9c,section.krull_dimension.0012,
formula.krull_dimension.0667,root.cring.krull_dimension,720,formula,inline-dollar,916,917,916,917,,,3a3922499cb01d30a97b421468e371f8b43a882ad4238e4e085a43a6e2666213,3a3922499cb01d30a97b421468e371f8b43a882ad4238e4e085a43a6e2666213,3e9a2a4845b14116ce74c159af6e3c527e41b3a7d5ecf554f7fc1df905150487,section.krull_dimension.0012,
formula.krull_dimension.0668,root.cring.krull_dimension,721,formula,inline-dollar,917,917,917,917,,,bb28a9b83048a0f36a72a56394914040f7f0171b49534f6138053bdd68916943,bb28a9b83048a0f36a72a56394914040f7f0171b49534f6138053bdd68916943,bb28a9b83048a0f36a72a56394914040f7f0171b49534f6138053bdd68916943,section.krull_dimension.0012,
formula.krull_dimension.0669,root.cring.krull_dimension,722,formula,inline-dollar,919,919,919,919,,,bb28a9b83048a0f36a72a56394914040f7f0171b49534f6138053bdd68916943,bb28a9b83048a0f36a72a56394914040f7f0171b49534f6138053bdd68916943,bb28a9b83048a0f36a72a56394914040f7f0171b49534f6138053bdd68916943,section.krull_dimension.0012,
formula.krull_dimension.0670,root.cring.krull_dimension,723,formula,display-bracket,920,920,920,920,,,5d6139e9646a4e418b6f9c929955d01f0ef22d8fc3b337bcb1487c967671b125,5d6139e9646a4e418b6f9c929955d01f0ef22d8fc3b337bcb1487c967671b125,3e7f706c41b963a16f1f8689607080526dcbc3d65e0ecf089ff7ce69da7f06ce,section.krull_dimension.0012,
formula.krull_dimension.0671,root.cring.krull_dimension,724,formula,inline-dollar,921,921,921,921,,,7dcf4635269d1f70bf44a8916852e10ebac565afb7f11da58937ea176f75b75d,7dcf4635269d1f70bf44a8916852e10ebac565afb7f11da58937ea176f75b75d,7dcf4635269d1f70bf44a8916852e10ebac565afb7f11da58937ea176f75b75d,section.krull_dimension.0012,
formula.krull_dimension.0672,root.cring.krull_dimension,725,formula,inline-dollar,922,922,922,922,,,49cc5119103b92694347654e195a9a8b0d3cd9ffdca7bc70f433270e4dd1f115,49cc5119103b92694347654e195a9a8b0d3cd9ffdca7bc70f433270e4dd1f115,49cc5119103b92694347654e195a9a8b0d3cd9ffdca7bc70f433270e4dd1f115,section.krull_dimension.0012,
formula.krull_dimension.0673,root.cring.krull_dimension,726,formula,inline-dollar,922,922,922,922,,,411305fdbcb41aa92415341fc20d027f47d3656bf704d978d6ce8aca7de7a790,411305fdbcb41aa92415341fc20d027f47d3656bf704d978d6ce8aca7de7a790,dff3f86aba7d47fa8dcb7dd71fb2e7b7de5259650ebdfd98db6d73939a54a2d3,section.krull_dimension.0012,
section.krull_dimension.0013,root.cring.krull_dimension,727,section,subsection,926,926,926,926,Krull's Hauptidealsatz,Hauptidealsatz Krull,2690474859e96e29f7f5c0825d87f5decc1cccac86792f658ed46c2bec7bda04,55e0fbbab66682548e828f3bf7c7c730af1f0171e78bcba442bbd0136172ce7c,,section.krull_dimension.0008,
formula.krull_dimension.0674,root.cring.krull_dimension,728,formula,inline-dollar,929,929,929,929,,,a28faf6143663643c867a9e6316c985e9cef6a6ed418572e97343866efcfe288,a28faf6143663643c867a9e6316c985e9cef6a6ed418572e97343866efcfe288,a28faf6143663643c867a9e6316c985e9cef6a6ed418572e97343866efcfe288,section.krull_dimension.0013,
theorem.krull_dimension.0018,root.cring.krull_dimension,729,theorem,theorem,932,935,932,935,,,6cd9326ecdb1409daf2f8222e96c09e24a1b1bb9c7ce83f5b8f71e296e30d7a2,dcc84aa5b9080d220906edd070663c102261176044288a0a999f6ad5e257ca84,,section.krull_dimension.0013,label.krull_dimension.0010
formula.krull_dimension.0675,root.cring.krull_dimension,730,formula,inline-dollar,933,933,933,933,,,a28faf6143663643c867a9e6316c985e9cef6a6ed418572e97343866efcfe288,a28faf6143663643c867a9e6316c985e9cef6a6ed418572e97343866efcfe288,a28faf6143663643c867a9e6316c985e9cef6a6ed418572e97343866efcfe288,section.krull_dimension.0013,
formula.krull_dimension.0676,root.cring.krull_dimension,731,formula,inline-dollar,933,933,933,933,,,72bc3c1b3553a71d525d8715f4963adfb2b8e7e18c32f0b1b651f3e841526770,72bc3c1b3553a71d525d8715f4963adfb2b8e7e18c32f0b1b651f3e841526770,72bc3c1b3553a71d525d8715f4963adfb2b8e7e18c32f0b1b651f3e841526770,section.krull_dimension.0013,
formula.krull_dimension.0677,root.cring.krull_dimension,732,formula,inline-dollar,933,933,933,933,,,23116b4256fa4160efe60488a238f525856591d810ce48ca298ec3cc2de921b1,23116b4256fa4160efe60488a238f525856591d810ce48ca298ec3cc2de921b1,5d52da2a2d30345d0308dd10cb14cd1f4eca834c5f5046f1e46d70f349875197,section.krull_dimension.0013,
formula.krull_dimension.0678,root.cring.krull_dimension,733,formula,inline-dollar,934,934,934,934,,,47c542da73ad77f4b4820ce288363d777b8bd58be492d4a0d592f43c50e9e833,47c542da73ad77f4b4820ce288363d777b8bd58be492d4a0d592f43c50e9e833,47c542da73ad77f4b4820ce288363d777b8bd58be492d4a0d592f43c50e9e833,section.krull_dimension.0013,
remark.krull_dimension.0005,root.cring.krull_dimension,734,remark,remark,939,946,939,946,,,a1adc8209901dd6ae6c03750cad247d25727ca7f8f6334c08adf916f04719b85,964b62cbee05e9fa12041cc860d90ebfb61613a8e9fe0c242028723be550aded,,section.krull_dimension.0013,
formula.krull_dimension.0679,root.cring.krull_dimension,735,formula,inline-dollar,940,940,940,940,,,a28faf6143663643c867a9e6316c985e9cef6a6ed418572e97343866efcfe288,a28faf6143663643c867a9e6316c985e9cef6a6ed418572e97343866efcfe288,a28faf6143663643c867a9e6316c985e9cef6a6ed418572e97343866efcfe288,section.krull_dimension.0013,
formula.krull_dimension.0680,root.cring.krull_dimension,736,formula,inline-dollar,940,940,940,940,,,8ca64e7004dd81a64705186ffbf28ea93c7082b11d2f373ba21cbf3f65a8c6fb,8ca64e7004dd81a64705186ffbf28ea93c7082b11d2f373ba21cbf3f65a8c6fb,57147fe88f9f44effd30feb1bc7f640068b1e832073bc21317ac19a9d1a7e773,section.krull_dimension.0013,
formula.krull_dimension.0681,root.cring.krull_dimension,737,formula,inline-dollar,941,941,941,941,,,1075a6c56cbe3aab2a4fc6aa23edf4b798356b1cc557340b5b24424cc43b884f,1075a6c56cbe3aab2a4fc6aa23edf4b798356b1cc557340b5b24424cc43b884f,1075a6c56cbe3aab2a4fc6aa23edf4b798356b1cc557340b5b24424cc43b884f,section.krull_dimension.0013,
formula.krull_dimension.0682,root.cring.krull_dimension,738,formula,inline-dollar,942,942,942,942,,,caebcedc719fe4f67171ad9b118a309e7765efa3a307cb5dc379e82bc17b7b40,caebcedc719fe4f67171ad9b118a309e7765efa3a307cb5dc379e82bc17b7b40,fc60cfbdd3fbbdf633b854428a7f086cc44a5afbe4a70b1abd8cadc13ed88bee,section.krull_dimension.0013,
formula.krull_dimension.0683,root.cring.krull_dimension,739,formula,inline-dollar,944,944,944,944,,,1075a6c56cbe3aab2a4fc6aa23edf4b798356b1cc557340b5b24424cc43b884f,1075a6c56cbe3aab2a4fc6aa23edf4b798356b1cc557340b5b24424cc43b884f,1075a6c56cbe3aab2a4fc6aa23edf4b798356b1cc557340b5b24424cc43b884f,section.krull_dimension.0013,
formula.krull_dimension.0684,root.cring.krull_dimension,740,formula,inline-dollar,945,945,945,945,,,f9c5fd6ff2adf579a4789f20b4e2d272af7d2cf95a017098f071ad7ef8e09a6c,f9c5fd6ff2adf579a4789f20b4e2d272af7d2cf95a017098f071ad7ef8e09a6c,630aaf9f7ca5f351bf22c3923b41c73127af3f687c034895a392f5f82006b2fe,section.krull_dimension.0013,
formula.krull_dimension.0685,root.cring.krull_dimension,741,formula,inline-dollar,949,949,949,949,,,1075a6c56cbe3aab2a4fc6aa23edf4b798356b1cc557340b5b24424cc43b884f,1075a6c56cbe3aab2a4fc6aa23edf4b798356b1cc557340b5b24424cc43b884f,1075a6c56cbe3aab2a4fc6aa23edf4b798356b1cc557340b5b24424cc43b884f,section.krull_dimension.0013,
definition.krull_dimension.0007,root.cring.krull_dimension,742,definition,definition,950,958,950,958,,,ba992d8e1c172b83f07b3ee88fc8bbff9ef82ed2dddcdf7210275df32ecb18a1,6c5850e2581790f5b85b4f85bd44516f967614504835076d474b2e76d41d1c87,,section.krull_dimension.0013,
formula.krull_dimension.0686,root.cring.krull_dimension,743,formula,inline-dollar,951,951,951,951,,,a28faf6143663643c867a9e6316c985e9cef6a6ed418572e97343866efcfe288,a28faf6143663643c867a9e6316c985e9cef6a6ed418572e97343866efcfe288,a28faf6143663643c867a9e6316c985e9cef6a6ed418572e97343866efcfe288,section.krull_dimension.0013,
formula.krull_dimension.0687,root.cring.krull_dimension,744,formula,inline-dollar,951,952,951,952,,,161e68cace212d8cbe950f05d2faabb82884393ecdb2029c9220e4ed448b97b6,161e68cace212d8cbe950f05d2faabb82884393ecdb2029c9220e4ed448b97b6,4c3a0eb8db62d4fb52fbddf1f5b958947f5720abdb9b573e6da2a0ae12512737,section.krull_dimension.0013,
formula.krull_dimension.0688,root.cring.krull_dimension,745,formula,inline-dollar,952,952,952,952,,,1075a6c56cbe3aab2a4fc6aa23edf4b798356b1cc557340b5b24424cc43b884f,1075a6c56cbe3aab2a4fc6aa23edf4b798356b1cc557340b5b24424cc43b884f,1075a6c56cbe3aab2a4fc6aa23edf4b798356b1cc557340b5b24424cc43b884f,section.krull_dimension.0013,
formula.krull_dimension.0689,root.cring.krull_dimension,746,formula,inline-dollar,953,953,953,953,,,2cf8992dc3972924c78e9ae9a04f502856dd7863d579c193ab12aa4fc64735c4,2cf8992dc3972924c78e9ae9a04f502856dd7863d579c193ab12aa4fc64735c4,2cf8992dc3972924c78e9ae9a04f502856dd7863d579c193ab12aa4fc64735c4,section.krull_dimension.0013,
formula.krull_dimension.0690,root.cring.krull_dimension,747,formula,inline-dollar,953,953,953,953,,,7203639aa3f2c9ceea409ff13d54a27a5b7b0e011d8f9e693c7bb2e6d459d7eb,7203639aa3f2c9ceea409ff13d54a27a5b7b0e011d8f9e693c7bb2e6d459d7eb,47a17dc3cc285ac7cdd54bbf47576bb0739b823fb1fc420db6f5961cd2197bc8,section.krull_dimension.0013,
formula.krull_dimension.0691,root.cring.krull_dimension,748,formula,inline-dollar,955,955,955,955,,,e1be141e9d9d483f7b3f41aee67ee405db4d0f5639f26d216117a25af25ec687,e1be141e9d9d483f7b3f41aee67ee405db4d0f5639f26d216117a25af25ec687,e1be141e9d9d483f7b3f41aee67ee405db4d0f5639f26d216117a25af25ec687,section.krull_dimension.0013,
formula.krull_dimension.0692,root.cring.krull_dimension,749,formula,inline-dollar,955,955,955,955,,,a28faf6143663643c867a9e6316c985e9cef6a6ed418572e97343866efcfe288,a28faf6143663643c867a9e6316c985e9cef6a6ed418572e97343866efcfe288,a28faf6143663643c867a9e6316c985e9cef6a6ed418572e97343866efcfe288,section.krull_dimension.0013,
formula.krull_dimension.0693,root.cring.krull_dimension,750,formula,display-bracket,956,956,956,956,,,5ee55df3a7e2ff7a53a50b0540b93c5a3d74820958a528eaa0bc7b4269cc66f4,5ee55df3a7e2ff7a53a50b0540b93c5a3d74820958a528eaa0bc7b4269cc66f4,e3ad0f579d795f114f1a3ba83153c3a0592fc9d4f8912fb6c1d44b29dbeba438,section.krull_dimension.0013,
formula.krull_dimension.0694,root.cring.krull_dimension,751,formula,inline-dollar,957,957,957,957,,,1075a6c56cbe3aab2a4fc6aa23edf4b798356b1cc557340b5b24424cc43b884f,1075a6c56cbe3aab2a4fc6aa23edf4b798356b1cc557340b5b24424cc43b884f,1075a6c56cbe3aab2a4fc6aa23edf4b798356b1cc557340b5b24424cc43b884f,section.krull_dimension.0013,
remark.krull_dimension.0006,root.cring.krull_dimension,752,remark,remark,960,964,960,964,,,48fdc84ec885faff90469a9b189e9ad2f281a9998bda8eb984a7c60c63b55b12,db7e1594623ffbbbcf1f7b73fd30b3676c5abd0003f90f2a93988dc367008f32,,section.krull_dimension.0013,
formula.krull_dimension.0695,root.cring.krull_dimension,753,formula,inline-dollar,962,962,962,962,,,c637d883fd1fa3bab98996eda143c70a4b0ba2604e5295379dafa9c163ab907b,c637d883fd1fa3bab98996eda143c70a4b0ba2604e5295379dafa9c163ab907b,622bbcdd1d46ce21f94cd41125130a26aa4ed31bf08a74c6d9d6c48b84418a9c,section.krull_dimension.0013,
formula.krull_dimension.0696,root.cring.krull_dimension,754,formula,inline-dollar,963,963,963,963,,,c637d883fd1fa3bab98996eda143c70a4b0ba2604e5295379dafa9c163ab907b,c637d883fd1fa3bab98996eda143c70a4b0ba2604e5295379dafa9c163ab907b,622bbcdd1d46ce21f94cd41125130a26aa4ed31bf08a74c6d9d6c48b84418a9c,section.krull_dimension.0013,
theorem.krull_dimension.0019,root.cring.krull_dimension,755,theorem,theorem,966,969,966,969,Krull's Hauptidealsatz,Hauptidealsatz Krull,c3b3c52bd2166b2996284416ac6851b32936280fb996a299a316493f705069e7,38bfcf900ceab01707b8acc335292bff762656479c61caab156e806860dfa333,,section.krull_dimension.0013,
formula.krull_dimension.0697,root.cring.krull_dimension,756,formula,inline-dollar,966,966,966,966,,,a28faf6143663643c867a9e6316c985e9cef6a6ed418572e97343866efcfe288,a28faf6143663643c867a9e6316c985e9cef6a6ed418572e97343866efcfe288,a28faf6143663643c867a9e6316c985e9cef6a6ed418572e97343866efcfe288,section.krull_dimension.0013,
formula.krull_dimension.0698,root.cring.krull_dimension,757,formula,inline-dollar,966,967,966,967,,,7f25aae6aa58ec3ea4f512ce14d7e1ff6d14866bdd51292ad9a9ef5f75f680cb,7f25aae6aa58ec3ea4f512ce14d7e1ff6d14866bdd51292ad9a9ef5f75f680cb,fc60cfbdd3fbbdf633b854428a7f086cc44a5afbe4a70b1abd8cadc13ed88bee,section.krull_dimension.0013,
formula.krull_dimension.0699,root.cring.krull_dimension,758,formula,inline-dollar,967,967,967,967,,,24f8a9c34f4e1e3b5e273f329b4e16ce97cadc10111e014a256e8f851d7c5f6d,24f8a9c34f4e1e3b5e273f329b4e16ce97cadc10111e014a256e8f851d7c5f6d,4c3a0eb8db62d4fb52fbddf1f5b958947f5720abdb9b573e6da2a0ae12512737,section.krull_dimension.0013,
formula.krull_dimension.0700,root.cring.krull_dimension,759,formula,inline-dollar,967,967,967,967,,,22bf003d6cac79e1d917cacdab9539c5d59468c02c22d29c08df00834ee4bbe6,22bf003d6cac79e1d917cacdab9539c5d59468c02c22d29c08df00834ee4bbe6,22bf003d6cac79e1d917cacdab9539c5d59468c02c22d29c08df00834ee4bbe6,section.krull_dimension.0013,
formula.krull_dimension.0701,root.cring.krull_dimension,760,formula,inline-dollar,968,968,968,968,,,1075a6c56cbe3aab2a4fc6aa23edf4b798356b1cc557340b5b24424cc43b884f,1075a6c56cbe3aab2a4fc6aa23edf4b798356b1cc557340b5b24424cc43b884f,1075a6c56cbe3aab2a4fc6aa23edf4b798356b1cc557340b5b24424cc43b884f,section.krull_dimension.0013,
theorem.krull_dimension.0020,root.cring.krull_dimension,761,theorem,theorem,974,980,974,980,Artin-Tate,Artin-Tate,07f6e706311771aac0c278f65b462a94236c5ed54346ebacaa007884e04fa97f,cd29df222e2c91fef8701824290d04fe907f1f8750d0289d9b1321ead59ab9b0,,section.krull_dimension.0013,
formula.krull_dimension.0702,root.cring.krull_dimension,762,formula,inline-dollar,975,975,975,975,,,df91b9d8bde2bd79d3cb76137bd81f2206b660c9b7f45db5c393b3dc8b225e3e,df91b9d8bde2bd79d3cb76137bd81f2206b660c9b7f45db5c393b3dc8b225e3e,df91b9d8bde2bd79d3cb76137bd81f2206b660c9b7f45db5c393b3dc8b225e3e,section.krull_dimension.0013,
formula.krull_dimension.0703,root.cring.krull_dimension,763,formula,inline-dollar,977,977,977,977,,,d92fdf2ac17160d04d78e337715bcaeb30c9873e8aca0dac79d463d5e2749060,d92fdf2ac17160d04d78e337715bcaeb30c9873e8aca0dac79d463d5e2749060,66a011a07a7fa670b5552b713f6ae2f170264952a5e3004b79818c5e8186c487,section.krull_dimension.0013,
formula.krull_dimension.0704,root.cring.krull_dimension,764,formula,inline-dollar,977,977,977,977,,,032ccb21d4040a37654c2a223f2b1c1ad4a745c4e5452cc6d6554c6b7e5e2b86,032ccb21d4040a37654c2a223f2b1c1ad4a745c4e5452cc6d6554c6b7e5e2b86,032ccb21d4040a37654c2a223f2b1c1ad4a745c4e5452cc6d6554c6b7e5e2b86,section.krull_dimension.0013,
formula.krull_dimension.0705,root.cring.krull_dimension,765,formula,inline-dollar,978,978,978,978,,,df91b9d8bde2bd79d3cb76137bd81f2206b660c9b7f45db5c393b3dc8b225e3e,df91b9d8bde2bd79d3cb76137bd81f2206b660c9b7f45db5c393b3dc8b225e3e,df91b9d8bde2bd79d3cb76137bd81f2206b660c9b7f45db5c393b3dc8b225e3e,section.krull_dimension.0013,
formula.krull_dimension.0706,root.cring.krull_dimension,766,formula,inline-dollar,983,983,983,983,,,b20bffe0e63b122310b52301abcb90bf1efe431d4f188633a0268af511954cfd,b20bffe0e63b122310b52301abcb90bf1efe431d4f188633a0268af511954cfd,b20bffe0e63b122310b52301abcb90bf1efe431d4f188633a0268af511954cfd,section.krull_dimension.0013,
formula.krull_dimension.0707,root.cring.krull_dimension,767,formula,inline-dollar,983,983,983,983,,,032ccb21d4040a37654c2a223f2b1c1ad4a745c4e5452cc6d6554c6b7e5e2b86,032ccb21d4040a37654c2a223f2b1c1ad4a745c4e5452cc6d6554c6b7e5e2b86,032ccb21d4040a37654c2a223f2b1c1ad4a745c4e5452cc6d6554c6b7e5e2b86,section.krull_dimension.0013,
formula.krull_dimension.0708,root.cring.krull_dimension,768,formula,inline-dollar,984,984,984,984,,,df91b9d8bde2bd79d3cb76137bd81f2206b660c9b7f45db5c393b3dc8b225e3e,df91b9d8bde2bd79d3cb76137bd81f2206b660c9b7f45db5c393b3dc8b225e3e,df91b9d8bde2bd79d3cb76137bd81f2206b660c9b7f45db5c393b3dc8b225e3e,section.krull_dimension.0013,
formula.krull_dimension.0709,root.cring.krull_dimension,769,formula,inline-dollar,984,984,984,984,,,b20bffe0e63b122310b52301abcb90bf1efe431d4f188633a0268af511954cfd,b20bffe0e63b122310b52301abcb90bf1efe431d4f188633a0268af511954cfd,b20bffe0e63b122310b52301abcb90bf1efe431d4f188633a0268af511954cfd,section.krull_dimension.0013,
formula.krull_dimension.0710,root.cring.krull_dimension,770,formula,inline-dollar,985,985,985,985,,,df91b9d8bde2bd79d3cb76137bd81f2206b660c9b7f45db5c393b3dc8b225e3e,df91b9d8bde2bd79d3cb76137bd81f2206b660c9b7f45db5c393b3dc8b225e3e,df91b9d8bde2bd79d3cb76137bd81f2206b660c9b7f45db5c393b3dc8b225e3e,section.krull_dimension.0013,
formula.krull_dimension.0711,root.cring.krull_dimension,771,formula,inline-dollar,985,985,985,985,,,3fd7e9ee1b73e3498f0dd923fbb1400126d9127cdf4364bca34f19ed7c3fd6c7,3fd7e9ee1b73e3498f0dd923fbb1400126d9127cdf4364bca34f19ed7c3fd6c7,a9442c0e4547a488c0486f150856dab738d47285f978527e9e32b654ba140720,section.krull_dimension.0013,
formula.krull_dimension.0712,root.cring.krull_dimension,772,formula,inline-dollar,986,986,986,986,,,df91b9d8bde2bd79d3cb76137bd81f2206b660c9b7f45db5c393b3dc8b225e3e,df91b9d8bde2bd79d3cb76137bd81f2206b660c9b7f45db5c393b3dc8b225e3e,df91b9d8bde2bd79d3cb76137bd81f2206b660c9b7f45db5c393b3dc8b225e3e,section.krull_dimension.0013,
formula.krull_dimension.0713,root.cring.krull_dimension,773,formula,inline-dollar,988,988,988,988,,,a71db18c6f04b7b46b9fd4e58dbc8936bba9d6bd85aaabbbe2195640eea20f22,a71db18c6f04b7b46b9fd4e58dbc8936bba9d6bd85aaabbbe2195640eea20f22,b3cffaa16bdb6bb86d537497ffdc14a721851ab2edba691b090772bd7cabbddf,section.krull_dimension.0013,
formula.krull_dimension.0714,root.cring.krull_dimension,774,formula,inline-dollar,989,989,989,989,,,b20bffe0e63b122310b52301abcb90bf1efe431d4f188633a0268af511954cfd,b20bffe0e63b122310b52301abcb90bf1efe431d4f188633a0268af511954cfd,b20bffe0e63b122310b52301abcb90bf1efe431d4f188633a0268af511954cfd,section.krull_dimension.0013,
formula.krull_dimension.0715,root.cring.krull_dimension,775,formula,inline-dollar,989,989,989,989,,,df91b9d8bde2bd79d3cb76137bd81f2206b660c9b7f45db5c393b3dc8b225e3e,df91b9d8bde2bd79d3cb76137bd81f2206b660c9b7f45db5c393b3dc8b225e3e,df91b9d8bde2bd79d3cb76137bd81f2206b660c9b7f45db5c393b3dc8b225e3e,section.krull_dimension.0013,
formula.krull_dimension.0716,root.cring.krull_dimension,776,formula,inline-dollar,990,990,990,990,,,bb4bc0183a7d484898e30fb7e41308e47e36e9e66bfcbec48d7c181b9de666c4,bb4bc0183a7d484898e30fb7e41308e47e36e9e66bfcbec48d7c181b9de666c4,bb4bc0183a7d484898e30fb7e41308e47e36e9e66bfcbec48d7c181b9de666c4,section.krull_dimension.0013,
formula.krull_dimension.0717,root.cring.krull_dimension,777,formula,inline-dollar,990,990,990,990,,,bc1ec8b05315907bf3051d9433ef70ea6811a7f5cde0124bc4b1fb27f4640c26,bc1ec8b05315907bf3051d9433ef70ea6811a7f5cde0124bc4b1fb27f4640c26,bc1ec8b05315907bf3051d9433ef70ea6811a7f5cde0124bc4b1fb27f4640c26,section.krull_dimension.0013,
formula.krull_dimension.0718,root.cring.krull_dimension,778,formula,inline-dollar,991,991,991,991,,,7915985f45e8549df823f6836a4f18b6056fe50a424a0165c5670ef265b8bebd,7915985f45e8549df823f6836a4f18b6056fe50a424a0165c5670ef265b8bebd,73680c873995b483781022d1fb136f654114e0454c4b90457ae299b249663553,section.krull_dimension.0013,
formula.krull_dimension.0719,root.cring.krull_dimension,779,formula,inline-dollar,992,992,992,992,,,bc1ec8b05315907bf3051d9433ef70ea6811a7f5cde0124bc4b1fb27f4640c26,bc1ec8b05315907bf3051d9433ef70ea6811a7f5cde0124bc4b1fb27f4640c26,bc1ec8b05315907bf3051d9433ef70ea6811a7f5cde0124bc4b1fb27f4640c26,section.krull_dimension.0013,
formula.krull_dimension.0720,root.cring.krull_dimension,780,formula,inline-dollar,992,992,992,992,,,5b0717982be09c829056abb0132ad4839059851943346f1c2e467734727dde0f,5b0717982be09c829056abb0132ad4839059851943346f1c2e467734727dde0f,5b0717982be09c829056abb0132ad4839059851943346f1c2e467734727dde0f,section.krull_dimension.0013,
formula.krull_dimension.0721,root.cring.krull_dimension,781,formula,inline-dollar,992,992,992,992,,,bdec6f8ff124d571df3a2dee0103aebc84e550c6966ff2e7a79c7ace5bf91753,bdec6f8ff124d571df3a2dee0103aebc84e550c6966ff2e7a79c7ace5bf91753,bdec6f8ff124d571df3a2dee0103aebc84e550c6966ff2e7a79c7ace5bf91753,section.krull_dimension.0013,
formula.krull_dimension.0722,root.cring.krull_dimension,782,formula,inline-dollar,993,993,993,993,,,b20bffe0e63b122310b52301abcb90bf1efe431d4f188633a0268af511954cfd,b20bffe0e63b122310b52301abcb90bf1efe431d4f188633a0268af511954cfd,b20bffe0e63b122310b52301abcb90bf1efe431d4f188633a0268af511954cfd,section.krull_dimension.0013,
formula.krull_dimension.0723,root.cring.krull_dimension,783,formula,inline-dollar,994,994,994,994,,,bc1ec8b05315907bf3051d9433ef70ea6811a7f5cde0124bc4b1fb27f4640c26,bc1ec8b05315907bf3051d9433ef70ea6811a7f5cde0124bc4b1fb27f4640c26,bc1ec8b05315907bf3051d9433ef70ea6811a7f5cde0124bc4b1fb27f4640c26,section.krull_dimension.0013,
formula.krull_dimension.0724,root.cring.krull_dimension,784,formula,inline-dollar,994,994,994,994,,,18f6664266c141dda2590452fb2155f8a8d4d1532e829685a8837579327a0eae,18f6664266c141dda2590452fb2155f8a8d4d1532e829685a8837579327a0eae,573421d723e34bc460d22bd2bcaa3ac3334e92b90f58700e2515939a23322b9c,section.krull_dimension.0013,
section.krull_dimension.0014,root.cring.krull_dimension,785,section,subsection,998,998,998,998,Further remarks,Catatan lebih lanjut,45571d1f8c30757f2779d250174a94b2b4042120b50889facf13a9ed8148c71d,522abb19505804eca04e3fda36f7788a3e768730a7321bd87c1abe46e4987016,,section.krull_dimension.0008,
remark.krull_dimension.0007,root.cring.krull_dimension,786,remark,remark,1001,1004,1001,1004,,,237650933bc8eddc85ff42e68df1706e284620964d7c59c26f954546ad44e839,eee38c911a7789a433ac09e7194cf9f51504f38d4781b5cc1c5d86c838832cad,,section.krull_dimension.0014,
formula.krull_dimension.0725,root.cring.krull_dimension,787,formula,inline-dollar,1002,1002,1002,1002,,,a28faf6143663643c867a9e6316c985e9cef6a6ed418572e97343866efcfe288,a28faf6143663643c867a9e6316c985e9cef6a6ed418572e97343866efcfe288,a28faf6143663643c867a9e6316c985e9cef6a6ed418572e97343866efcfe288,section.krull_dimension.0014,
formula.krull_dimension.0726,root.cring.krull_dimension,788,formula,inline-dollar,1003,1003,1003,1003,,,a28faf6143663643c867a9e6316c985e9cef6a6ed418572e97343866efcfe288,a28faf6143663643c867a9e6316c985e9cef6a6ed418572e97343866efcfe288,a28faf6143663643c867a9e6316c985e9cef6a6ed418572e97343866efcfe288,section.krull_dimension.0014,
remark.krull_dimension.0008,root.cring.krull_dimension,789,remark,remark,1007,1010,1007,1010,,,aec050da01e5bf8ca0673faefc6ab1789096938156acb1f05ddb72d3fc667ca1,2b9aef37543dd000a1b18530b5ba01b8bbccadef706ec3f5aed1b55f1f382b09,,section.krull_dimension.0014,
formula.krull_dimension.0727,root.cring.krull_dimension,790,formula,inline-dollar,1009,1009,1009,1009,,,245e95495d0829413708321b143a7c059704b2c18271ff8b0dee80ae5a36feec,245e95495d0829413708321b143a7c059704b2c18271ff8b0dee80ae5a36feec,245e95495d0829413708321b143a7c059704b2c18271ff8b0dee80ae5a36feec,section.krull_dimension.0014,
remark.krull_dimension.0009,root.cring.krull_dimension,791,remark,remark,1012,1015,1012,1015,,,569339be7a30edbd2641920a75b064cb7893fe5f8421f415965e6a6782fd33f5,9a7d5148c4780f7f9dc586b6b99b08609c45d9690bebe4c7e5c323d57db8ad77,,section.krull_dimension.0014,
formula.krull_dimension.0728,root.cring.krull_dimension,792,formula,inline-dollar,1013,1013,1013,1013,,,a28faf6143663643c867a9e6316c985e9cef6a6ed418572e97343866efcfe288,a28faf6143663643c867a9e6316c985e9cef6a6ed418572e97343866efcfe288,a28faf6143663643c867a9e6316c985e9cef6a6ed418572e97343866efcfe288,section.krull_dimension.0014,
formula.krull_dimension.0729,root.cring.krull_dimension,793,formula,inline-dollar,1013,1013,1013,1013,,,3fd7e9ee1b73e3498f0dd923fbb1400126d9127cdf4364bca34f19ed7c3fd6c7,3fd7e9ee1b73e3498f0dd923fbb1400126d9127cdf4364bca34f19ed7c3fd6c7,a9442c0e4547a488c0486f150856dab738d47285f978527e9e32b654ba140720,section.krull_dimension.0014,
formula.krull_dimension.0730,root.cring.krull_dimension,794,formula,inline-dollar,1013,1013,1013,1013,,,a28faf6143663643c867a9e6316c985e9cef6a6ed418572e97343866efcfe288,a28faf6143663643c867a9e6316c985e9cef6a6ed418572e97343866efcfe288,a28faf6143663643c867a9e6316c985e9cef6a6ed418572e97343866efcfe288,section.krull_dimension.0014,
formula.krull_dimension.0731,root.cring.krull_dimension,795,formula,inline-dollar,1014,1014,1014,1014,,,102af6975291851d99d2b2f55596101f9fe60218adc3f364de6c1eccc225647d,102af6975291851d99d2b2f55596101f9fe60218adc3f364de6c1eccc225647d,c86bba6cc912efc8fdd608d4a1d0b32819d06218f80842aa4bd33525bac0b4b9,section.krull_dimension.0014,
remark.krull_dimension.0010,root.cring.krull_dimension,796,remark,remark,1017,1020,1017,1020,,,ac58d3004b2955224e56cf177913dd4f32b6c4a6c00e2b07b3416e41823e36e3,46c902d4034a66e6c6b6295f314f6db5a40ee1ec8f42d760f9010595e5988dee,,section.krull_dimension.0014,
formula.krull_dimension.0732,root.cring.krull_dimension,797,formula,inline-dollar,1018,1018,1018,1018,,,a28faf6143663643c867a9e6316c985e9cef6a6ed418572e97343866efcfe288,a28faf6143663643c867a9e6316c985e9cef6a6ed418572e97343866efcfe288,a28faf6143663643c867a9e6316c985e9cef6a6ed418572e97343866efcfe288,section.krull_dimension.0014,
formula.krull_dimension.0733,root.cring.krull_dimension,798,formula,inline-dollar,1018,1018,1018,1018,,,3fd7e9ee1b73e3498f0dd923fbb1400126d9127cdf4364bca34f19ed7c3fd6c7,3fd7e9ee1b73e3498f0dd923fbb1400126d9127cdf4364bca34f19ed7c3fd6c7,a9442c0e4547a488c0486f150856dab738d47285f978527e9e32b654ba140720,section.krull_dimension.0014,
theorem.krull_dimension.0021,root.cring.krull_dimension,799,theorem,proposition,1023,1026,1023,1026,,,cd58d307475d1ae91cd942bd076096ed84190044fd5c9e1712d4b8fe75909380,a021f6d63981237e49907642df4364a3fc10520923b1696102bec5ba57255611,,section.krull_dimension.0014,
formula.krull_dimension.0734,root.cring.krull_dimension,800,formula,inline-dollar,1024,1024,1024,1024,,,a28faf6143663643c867a9e6316c985e9cef6a6ed418572e97343866efcfe288,a28faf6143663643c867a9e6316c985e9cef6a6ed418572e97343866efcfe288,a28faf6143663643c867a9e6316c985e9cef6a6ed418572e97343866efcfe288,section.krull_dimension.0014,
formula.krull_dimension.0735,root.cring.krull_dimension,801,formula,inline-dollar,1025,1025,1025,1025,,,72bc3c1b3553a71d525d8715f4963adfb2b8e7e18c32f0b1b651f3e841526770,72bc3c1b3553a71d525d8715f4963adfb2b8e7e18c32f0b1b651f3e841526770,72bc3c1b3553a71d525d8715f4963adfb2b8e7e18c32f0b1b651f3e841526770,section.krull_dimension.0014,
