This is XeTeX, Version 3.141592653-2.6-0.999998 (MiKTeX 26.5) (preloaded format=xelatex 2026.8.22)  28 AUG 2026 00:00
entering extended mode
 file:line:error style messages enabled.
 %&-line parsing enabled.
**./full-reader-id.tex
(full-reader-id.tex
LaTeX2e <2025-11-01>
L3 programming layer <2026-03-20>
(AJbook.cls
Document Class: AJbook 2018/03/04 Class for the book project Methods of Algebra


(C:\Users\Floris\AppData\Local\Programs\MiKTeX\tex/latex/kvoptions\kvoptions.st
y
Package: kvoptions 2022-06-15 v3.15 Key value format for package options (HO)
 (C:\Users\Floris\AppData\Local\Programs\MiKTeX\tex/latex/graphics\keyval.sty
Package: keyval 2022/05/29 v1.15 key=value parser (DPC)
\KV@toks@=\toks17
) (C:\Users\Floris\AppData\Local\Programs\MiKTeX\tex/generic/ltxcmds\ltxcmds.st
y
Package: ltxcmds 2023-12-04 v1.26 LaTeX kernel commands for general use (HO)
)
(C:\Users\Floris\AppData\Local\Programs\MiKTeX\tex/latex/kvsetkeys\kvsetkeys.st
y
Package: kvsetkeys 2022-10-05 v1.19 Key value parser (HO)
))
(C:\Users\Floris\AppData\Local\Programs\MiKTeX\tex/latex/etoolbox\etoolbox.sty
Package: etoolbox 2025/10/02 v2.5m e-TeX tools for LaTeX (JAW)
\etb@tempcnta=\count271
) (C:\Users\Floris\AppData\Local\Programs\MiKTeX\tex/latex/base\book.cls
Document Class: book 2025/01/22 v1.4n Standard LaTeX document class
(C:\Users\Floris\AppData\Local\Programs\MiKTeX\tex/latex/base\bk10.clo
File: bk10.clo 2025/01/22 v1.4n Standard LaTeX file (size option)
)
\c@part=\count272
\c@chapter=\count273
\c@section=\count274
\c@subsection=\count275
\c@subsubsection=\count276
\c@paragraph=\count277
\c@subparagraph=\count278
\c@figure=\count279
\c@table=\count280
\abovecaptionskip=\skip49
\belowcaptionskip=\skip50
\bibindent=\dimen150
)
(C:\Users\Floris\AppData\Local\Programs\MiKTeX\tex/latex/fontspec\fontspec.sty
(C:\Users\Floris\AppData\Local\Programs\MiKTeX\tex/latex/l3packages/xparse\xpar
se.sty
(C:\Users\Floris\AppData\Local\Programs\MiKTeX\tex/latex/l3kernel\expl3.sty
Package: expl3 2026-03-20 L3 programming layer (loader) 

(C:\Users\Floris\AppData\Local\Programs\MiKTeX\tex/latex/l3backend\l3backend-xe
tex.def
File: l3backend-xetex.def 2026-02-18 L3 backend support: XeTeX
\g__graphics_track_int=\count281
\g__pdfannot_backend_int=\count282
\g__pdfannot_backend_link_int=\count283
))
Package: xparse 2025-10-09 L3 Experimental document command parser
)
Package: fontspec 2025/09/29 v2.9g Font selection for XeLaTeX and LuaLaTeX

(C:\Users\Floris\AppData\Local\Programs\MiKTeX\tex/latex/fontspec\fontspec-xete
x.sty
Package: fontspec-xetex 2025/09/29 v2.9g Font selection for XeLaTeX and LuaLaTe
X
\l__fontspec_script_int=\count284
\l__fontspec_language_int=\count285
\l__fontspec_strnum_int=\count286
\l__fontspec_tmp_int=\count287
\l__fontspec_tmpa_int=\count288
\l__fontspec_tmpb_int=\count289
\l__fontspec_tmpc_int=\count290
\l__fontspec_em_int=\count291
\l__fontspec_emdef_int=\count292
\l__fontspec_strong_int=\count293
\l__fontspec_strongdef_int=\count294
\l__fontspec_tmpa_dim=\dimen151
\l__fontspec_tmpb_dim=\dimen152
\l__fontspec_tmpc_dim=\dimen153
 (C:\Users\Floris\AppData\Local\Programs\MiKTeX\tex/latex/base\fontenc.sty
Package: fontenc 2025/07/18 v2.1d Standard LaTeX package
)
(C:\Users\Floris\AppData\Local\Programs\MiKTeX\tex/latex/fontspec\fontspec.cfg)
)) (C:\Users\Floris\AppData\Local\Programs\MiKTeX\tex/xelatex/xecjk\xeCJK.sty

LaTeX Warning: You have requested release `2026/06/01' of LaTeX,
               but only release `2025-11-01' is available.

Package: xeCJK 2026/08/07 v3.10.5 Typesetting CJK scripts with XeLaTeX
(C:\Users\Floris\AppData\Local\Programs\MiKTeX\tex/latex/ctex\ctexhook.sty

LaTeX Warning: You have requested release `2026/06/01' of LaTeX,
               but only release `2025-11-01' is available.

Package: ctexhook 2026/07/13 v2.6.4 Document and package hooks (CTEX)
) (C:\Users\Floris\AppData\Local\Programs\MiKTeX\tex/latex/ctex\ctexpatch.sty

LaTeX Warning: You have requested release `2026/06/01' of LaTeX,
               but only release `2025-11-01' is available.

Package: ctexpatch 2026/07/13 v2.6.4 Patching commands (CTEX)
)
(C:\Users\Floris\AppData\Local\Programs\MiKTeX\tex/latex/l3packages/xtemplate\x
template.sty
Package: xtemplate 2025-10-09 L3 Experimental prototype document functions
)
\l__xeCJK_tmp_int=\count295
\l__xeCJK_tmp_box=\box53
\l__xeCJK_tmp_dim=\dimen154
\l__xeCJK_tmp_skip=\skip51
\g__xeCJK_space_factor_int=\count296
\l__xeCJK_begin_int=\count297
\l__xeCJK_end_int=\count298
\c__xeCJK_CJK_class_int=\XeTeXcharclass1
\c__xeCJK_FullLeft_class_int=\XeTeXcharclass2
\c__xeCJK_FullRight_class_int=\XeTeXcharclass3
\c__xeCJK_HalfLeft_class_int=\XeTeXcharclass4
\c__xeCJK_HalfRight_class_int=\XeTeXcharclass5
\c__xeCJK_NormalSpace_class_int=\XeTeXcharclass6
\c__xeCJK_CM_class_int=\XeTeXcharclass7
\c__xeCJK_HangulJamo_class_int=\XeTeXcharclass8
\c__xeCJK_HangulJamoL_class_int=\XeTeXcharclass9
\c__xeCJK_HangulJamoV_class_int=\XeTeXcharclass10
\c__xeCJK_HangulJamoT_class_int=\XeTeXcharclass11
\c__xeCJK_CJStarter_class_int=\XeTeXcharclass12
\c__xeCJK_PoZheHao_class_int=\XeTeXcharclass13
\l__xeCJK_interword_dim=\dimen155
\l__xeCJK_last_skip=\skip52
\c__xeCJK_none_node=\count299
\g__xeCJK_node_int=\count300
\c__xeCJK_CJK_node_dim=\dimen156
\c__xeCJK_CJK-space_node_dim=\dimen157
\c__xeCJK_default_node_dim=\dimen158
\c__xeCJK_CJK-widow_node_dim=\dimen159
\c__xeCJK_normalspace_node_dim=\dimen160
\c__xeCJK_default-space_node_skip=\skip53
\c__xeCJK_math_node_dim=\dimen161
\c__xeCJK_math-space_node_dim=\dimen162
\c__xeCJK_math-space-frozen_node_dim=\dimen163
\g__xeCJK_boundary_capture_depth_int=\count301
\g__xeCJK_boundary_suspend_depth_int=\count302
\g__xeCJK_boundary_capture_1_box=\box54
\g__xeCJK_boundary_capture_2_box=\box55
\g__xeCJK_boundary_capture_3_box=\box56
\l__xeCJK_boundary_post_box=\box57
\l__xeCJK_boundary_math_skip=\skip54
\l__xeCJK_boundary_math_actual_skip=\skip55
\l__xeCJK_boundary_math_ecglue_skip=\skip56
\l__xeCJK_boundary_math_delta_skip=\skip57
\l__xeCJK_boundary_math_space_dim=\dimen164
\l__xeCJK_boundary_math_ecglue_dim=\dimen165
\l__xeCJK_boundary_math_stretch_dim=\dimen166
\l__xeCJK_boundary_math_shrink_dim=\dimen167
\g__xeCJK_boundary_probe_type_int=\count303
\l__xeCJK_boundary_probe_box=\box58
\l__xeCJK_ccglue_skip=\skip58
\l__xeCJK_ecglue_skip=\skip59
\g__xeCJK_par_guard_dim=\dimen168
\l__xeCJK_punct_kern_skip=\skip60
\l__xeCJK_indent_box=\box59
\l__xeCJK_last_penalty_int=\count304
\l__xeCJK_last_bound_dim=\dimen169
\l__xeCJK_last_kern_dim=\dimen170
\l__xeCJK_widow_penalty_int=\count305

LaTeX template Info: Declaring template type 'xeCJK/punctuation' taking 0
(template)           argument(s) on line 4836.

\l__xeCJK_fixed_punct_width_dim=\dimen171
\l__xeCJK_mixed_punct_width_dim=\dimen172
\l__xeCJK_middle_punct_width_dim=\dimen173
\l__xeCJK_fixed_margin_width_dim=\dimen174
\l__xeCJK_mixed_margin_width_dim=\dimen175
\l__xeCJK_middle_margin_width_dim=\dimen176
\l__xeCJK_bound_punct_width_dim=\dimen177
\l__xeCJK_bound_margin_width_dim=\dimen178
\l__xeCJK_margin_minimum_dim=\dimen179
\l__xeCJK_kerning_total_width_dim=\dimen180
\l__xeCJK_same_align_margin_dim=\dimen181
\l__xeCJK_different_align_margin_dim=\dimen182
\l__xeCJK_kerning_margin_width_dim=\dimen183
\l__xeCJK_kerning_margin_minimum_dim=\dimen184
\l__xeCJK_bound_dim=\dimen185
\l__xeCJK_reverse_bound_dim=\dimen186
\l__xeCJK_margin_dim=\dimen187
\l__xeCJK_minimum_bound_dim=\dimen188
\l__xeCJK_kerning_margin_dim=\dimen189
\g__xeCJK_family_int=\count306
\l__xeCJK_fam_int=\count307
\g__xeCJK_fam_allocation_int=\count308
\l__xeCJK_verb_case_int=\count309
\l__xeCJK_verb_exspace_skip=\skip61
\l__xeCJK_default_char_int=\count310

(C:\Users\Floris\AppData\Local\Programs\MiKTeX\tex/xelatex/xecjk\xeCJK.cfg
File: xeCJK.cfg 2026/08/07 v3.10.5 Configuration file for xeCJK package
))
(C:\Users\Floris\AppData\Local\Programs\MiKTeX\tex/latex/zhnumber\zhnumber.sty
Package: zhnumber 2022/07/14 v3.0 Typesetting numbers with Chinese glyphs
\l__zhnum_scale_int=\count311
\l__zhnum_tmp_int=\count312

(C:\Users\Floris\AppData\Local\Programs\MiKTeX\tex/latex/zhnumber\zhnumber-utf8
.cfg
File: zhnumber-utf8.cfg 2022/07/14 v3.0 Chinese numerals with UTF8 encoding
))
(C:\Users\Floris\AppData\Local\Programs\MiKTeX\tex/latex/amsmath\amsmath.sty
Package: amsmath 2025/07/09 v2.17z AMS math features
\@mathmargin=\skip62

For additional information on amsmath, use the `?' option.
(C:\Users\Floris\AppData\Local\Programs\MiKTeX\tex/latex/amsmath\amstext.sty
Package: amstext 2024/11/17 v2.01 AMS text

(C:\Users\Floris\AppData\Local\Programs\MiKTeX\tex/latex/amsmath\amsgen.sty
File: amsgen.sty 1999/11/30 v2.0 generic functions
\@emptytoks=\toks18
\ex@=\dimen190
))
(C:\Users\Floris\AppData\Local\Programs\MiKTeX\tex/latex/amsmath\amsbsy.sty
Package: amsbsy 1999/11/29 v1.2d Bold Symbols
\pmbraise@=\dimen191
)
(C:\Users\Floris\AppData\Local\Programs\MiKTeX\tex/latex/amsmath\amsopn.sty
Package: amsopn 2022/04/08 v2.04 operator names
)
\inf@bad=\count313
LaTeX Info: Redefining \frac on input line 233.
\uproot@=\count314
\leftroot@=\count315
LaTeX Info: Redefining \overline on input line 398.
LaTeX Info: Redefining \colon on input line 409.
\classnum@=\count316
\DOTSCASE@=\count317
LaTeX Info: Redefining \ldots on input line 495.
LaTeX Info: Redefining \dots on input line 498.
LaTeX Info: Redefining \cdots on input line 619.
\Mathstrutbox@=\box60
\strutbox@=\box61
LaTeX Info: Redefining \big on input line 721.
LaTeX Info: Redefining \Big on input line 722.
LaTeX Info: Redefining \bigg on input line 723.
LaTeX Info: Redefining \Bigg on input line 724.
\big@size=\dimen192
LaTeX Font Info:    Redeclaring font encoding OML on input line 742.
LaTeX Font Info:    Redeclaring font encoding OMS on input line 743.
\macc@depth=\count318
LaTeX Info: Redefining \bmod on input line 904.
LaTeX Info: Redefining \pmod on input line 909.
LaTeX Info: Redefining \smash on input line 939.
LaTeX Info: Redefining \relbar on input line 969.
LaTeX Info: Redefining \Relbar on input line 970.
\c@MaxMatrixCols=\count319
\dotsspace@=\muskip17
\c@parentequation=\count320
\dspbrk@lvl=\count321
\tag@help=\toks19
\row@=\count322
\column@=\count323
\maxfields@=\count324
\andhelp@=\toks20
\eqnshift@=\dimen193
\alignsep@=\dimen194
\tagshift@=\dimen195
\tagwidth@=\dimen196
\totwidth@=\dimen197
\lineht@=\dimen198
\@envbody=\toks21
\multlinegap=\skip63
\multlinetaggap=\skip64
\mathdisplay@stack=\toks22
LaTeX Info: Redefining \[ on input line 2950.
LaTeX Info: Redefining \] on input line 2951.
)
(C:\Users\Floris\AppData\Local\Programs\MiKTeX\tex/latex/amsfonts\amssymb.sty
Package: amssymb 2013/01/14 v3.01 AMS font symbols

(C:\Users\Floris\AppData\Local\Programs\MiKTeX\tex/latex/amsfonts\amsfonts.sty
Package: amsfonts 2013/01/14 v3.01 Basic AMSFonts support
\symAMSa=\mathgroup4
\symAMSb=\mathgroup5
LaTeX Font Info:    Redeclaring math symbol \hbar on input line 98.
LaTeX Font Info:    Overwriting math alphabet `\mathfrak' in version `bold'
(Font)                  U/euf/m/n --> U/euf/b/n on input line 106.
))
(C:\Users\Floris\AppData\Local\Programs\MiKTeX\tex/latex/mathtools\mathtools.st
y
Package: mathtools 2024/10/04 v1.31 mathematical typesetting tools
 (C:\Users\Floris\AppData\Local\Programs\MiKTeX\tex/latex/tools\calc.sty
Package: calc 2025/03/01 v4.3b Infix arithmetic (KKT,FJ)
\calc@Acount=\count325
\calc@Bcount=\count326
\calc@Adimen=\dimen199
\calc@Bdimen=\dimen256
\calc@Askip=\skip65
\calc@Bskip=\skip66
LaTeX Info: Redefining \setlength on input line 86.
LaTeX Info: Redefining \addtolength on input line 87.
\calc@Ccount=\count327
\calc@Cskip=\skip67
)
(C:\Users\Floris\AppData\Local\Programs\MiKTeX\tex/latex/mathtools\mhsetup.sty
Package: mhsetup 2021/03/18 v1.4 programming setup (MH)
)
\g_MT_multlinerow_int=\count328
\l_MT_multwidth_dim=\dimen257
\origjot=\skip68
\l_MT_shortvdotswithinadjustabove_dim=\dimen258
\l_MT_shortvdotswithinadjustbelow_dim=\dimen259
\l_MT_above_intertext_sep=\dimen260
\l_MT_below_intertext_sep=\dimen261
\l_MT_above_shortintertext_sep=\dimen262
\l_MT_below_shortintertext_sep=\dimen263
\xmathstrut@box=\box62
\xmathstrut@dim=\dimen264
)
(C:\Users\Floris\AppData\Local\Programs\MiKTeX\tex/latex/pdfpages\pdfpages.sty
Package: pdfpages 2026/03/30 v0.6h Insert pages of external PDF documents (AM)

(C:\Users\Floris\AppData\Local\Programs\MiKTeX\tex/latex/base\ifthen.sty
Package: ifthen 2024/03/16 v1.1e Standard LaTeX ifthen package (DPC)
)
(C:\Users\Floris\AppData\Local\Programs\MiKTeX\tex/latex/eso-pic\eso-pic.sty
Package: eso-pic 2025/12/10 v3.0d eso-pic (RN)
\ESO@tempdima=\dimen265
\ESO@tempdimb=\dimen266

(C:\Users\Floris\AppData\Local\Programs\MiKTeX\tex/latex/xcolor\xcolor.sty
Package: xcolor 2024/09/29 v3.02 LaTeX color extensions (UK)

(C:\Users\Floris\AppData\Local\Programs\MiKTeX\tex/latex/graphics-cfg\color.cfg
File: color.cfg 2016/01/02 v1.6 sample color configuration
)
Package xcolor Info: Driver file: xetex.def on input line 274.

(C:\Users\Floris\AppData\Local\Programs\MiKTeX\tex/latex/graphics-def\xetex.def
File: xetex.def 2025/11/01 v5.0p Graphics/color driver for xetex
)
(C:\Users\Floris\AppData\Local\Programs\MiKTeX\tex/latex/graphics\mathcolor.ltx
)
Package xcolor Info: Model `cmy' substituted by `cmy0' on input line 1349.
Package xcolor Info: Model `RGB' extended on input line 1365.
Package xcolor Info: Model `HTML' substituted by `rgb' on input line 1367.
Package xcolor Info: Model `Hsb' substituted by `hsb' on input line 1368.
Package xcolor Info: Model `tHsb' substituted by `hsb' on input line 1369.
Package xcolor Info: Model `HSB' substituted by `hsb' on input line 1370.
Package xcolor Info: Model `Gray' substituted by `gray' on input line 1371.
Package xcolor Info: Model `wave' substituted by `hsb' on input line 1372.
)
(C:\Users\Floris\AppData\Local\Programs\MiKTeX\tex/latex/graphics\dvipsnam.def
File: dvipsnam.def 2016/06/17 v3.0m Driver-dependent file (DPC,SPQR)
))
(C:\Users\Floris\AppData\Local\Programs\MiKTeX\tex/latex/graphics\graphicx.sty
Package: graphicx 2024/12/31 v1.2e Enhanced LaTeX Graphics (DPC,SPQR)

(C:\Users\Floris\AppData\Local\Programs\MiKTeX\tex/latex/graphics\graphics.sty
Package: graphics 2024/08/06 v1.4g Standard LaTeX Graphics (DPC,SPQR)

(C:\Users\Floris\AppData\Local\Programs\MiKTeX\tex/latex/graphics\trig.sty
Package: trig 2023/12/02 v1.11 sin cos tan (DPC)
)
(C:\Users\Floris\AppData\Local\Programs\MiKTeX\tex/latex/graphics-cfg\graphics.
cfg
File: graphics.cfg 2016/06/04 v1.11 sample graphics configuration
)
Package graphics Info: Driver file: xetex.def on input line 106.
)
\Gin@req@height=\dimen267
\Gin@req@width=\dimen268
)
\AM@pagewidth=\dimen269
\AM@pageheight=\dimen270
\AM@fboxrule=\dimen271

(C:\Users\Floris\AppData\Local\Programs\MiKTeX\tex/latex/pdfpages\ppxetex.def
File: ppxetex.def 2026/03/30 v0.6h Pdfpages driver for XeTeX (AM)
)
\pdfpages@includegraphics@status=\count329
\AM@pagebox=\box63
\AM@global@opts=\toks23
\AM@pagecnt=\count330
\AM@toc@title=\toks24
\AM@lof@heading=\toks25
\c@AM@survey=\count331
\AM@templatesizebox=\box64
) (C:\Users\Floris\AppData\Local\Programs\MiKTeX\tex/latex/xstring\xstring.sty
(C:\Users\Floris\AppData\Local\Programs\MiKTeX\tex/generic/xstring\xstring.tex
\xs_counta=\count332
\xs_countb=\count333
)
Package: xstring 2023/08/22 v1.86 String manipulations (CT)
)
(C:\Users\Floris\AppData\Local\Programs\MiKTeX\tex/latex/emptypage\emptypage.st
y
Package: emptypage 2010/05/30 v1.2 Suppress page numbers and headings on empty 
pages
)
(C:\Users\Floris\AppData\Local\Programs\MiKTeX\tex/latex/tcolorbox\tcolorbox.st
y
Package: tcolorbox 2025/11/28 version 6.9.0 text color boxes

(C:\Users\Floris\AppData\Local\Programs\MiKTeX\tex/latex/pgf/frontendlayer\tikz
.sty
(C:\Users\Floris\AppData\Local\Programs\MiKTeX\tex/latex/pgf/basiclayer\pgf.sty

(C:\Users\Floris\AppData\Local\Programs\MiKTeX\tex/latex/pgf/utilities\pgfrcs.s
ty
(C:\Users\Floris\AppData\Local\Programs\MiKTeX\tex/generic/pgf/utilities\pgfuti
l-common.tex
\pgfutil@everybye=\toks26
\pgfutil@tempdima=\dimen272
\pgfutil@tempdimb=\dimen273
)
(C:\Users\Floris\AppData\Local\Programs\MiKTeX\tex/generic/pgf/utilities\pgfuti
l-latex.def
\pgfutil@abb=\box65
)
(C:\Users\Floris\AppData\Local\Programs\MiKTeX\tex/generic/pgf/utilities\pgfrcs
.code.tex
(C:\Users\Floris\AppData\Local\Programs\MiKTeX\tex/generic/pgf\pgf.revision.tex
)
Package: pgfrcs 2025-08-29 v3.1.11a (3.1.11a)
))
Package: pgf 2025-08-29 v3.1.11a (3.1.11a)

(C:\Users\Floris\AppData\Local\Programs\MiKTeX\tex/latex/pgf/basiclayer\pgfcore
.sty
(C:\Users\Floris\AppData\Local\Programs\MiKTeX\tex/latex/pgf/systemlayer\pgfsys
.sty
(C:\Users\Floris\AppData\Local\Programs\MiKTeX\tex/generic/pgf/systemlayer\pgfs
ys.code.tex
Package: pgfsys 2025-08-29 v3.1.11a (3.1.11a)

(C:\Users\Floris\AppData\Local\Programs\MiKTeX\tex/generic/pgf/utilities\pgfkey
s.code.tex
\pgfkeys@pathtoks=\toks27
\pgfkeys@temptoks=\toks28

(C:\Users\Floris\AppData\Local\Programs\MiKTeX\tex/generic/pgf/utilities\pgfkey
slibraryfiltered.code.tex
\pgfkeys@tmptoks=\toks29
))
\pgf@x=\dimen274
\pgf@y=\dimen275
\pgf@xa=\dimen276
\pgf@ya=\dimen277
\pgf@xb=\dimen278
\pgf@yb=\dimen279
\pgf@xc=\dimen280
\pgf@yc=\dimen281
\pgf@xd=\dimen282
\pgf@yd=\dimen283
\w@pgf@writea=\write3
\r@pgf@reada=\read2
\c@pgf@counta=\count334
\c@pgf@countb=\count335
\c@pgf@countc=\count336
\c@pgf@countd=\count337
\t@pgf@toka=\toks30
\t@pgf@tokb=\toks31
\t@pgf@tokc=\toks32
\pgf@sys@id@count=\count338

(C:\Users\Floris\AppData\Local\Programs\MiKTeX\tex/generic/pgf/systemlayer\pgf.
cfg
File: pgf.cfg 2025-08-29 v3.1.11a (3.1.11a)
)
Driver file for pgf: pgfsys-xetex.def

(C:\Users\Floris\AppData\Local\Programs\MiKTeX\tex/generic/pgf/systemlayer\pgfs
ys-xetex.def
File: pgfsys-xetex.def 2025-08-29 v3.1.11a (3.1.11a)

(C:\Users\Floris\AppData\Local\Programs\MiKTeX\tex/generic/pgf/systemlayer\pgfs
ys-dvipdfmx.def
File: pgfsys-dvipdfmx.def 2025-08-29 v3.1.11a (3.1.11a)

(C:\Users\Floris\AppData\Local\Programs\MiKTeX\tex/generic/pgf/systemlayer\pgfs
ys-common-pdf.def
File: pgfsys-common-pdf.def 2025-08-29 v3.1.11a (3.1.11a)
)
\pgfsys@objnum=\count339
)))
(C:\Users\Floris\AppData\Local\Programs\MiKTeX\tex/generic/pgf/systemlayer\pgfs
yssoftpath.code.tex
File: pgfsyssoftpath.code.tex 2025-08-29 v3.1.11a (3.1.11a)
\pgfsyssoftpath@smallbuffer@items=\count340
\pgfsyssoftpath@bigbuffer@items=\count341
)
(C:\Users\Floris\AppData\Local\Programs\MiKTeX\tex/generic/pgf/systemlayer\pgfs
ysprotocol.code.tex
File: pgfsysprotocol.code.tex 2025-08-29 v3.1.11a (3.1.11a)
))
(C:\Users\Floris\AppData\Local\Programs\MiKTeX\tex/generic/pgf/basiclayer\pgfco
re.code.tex
Package: pgfcore 2025-08-29 v3.1.11a (3.1.11a)

(C:\Users\Floris\AppData\Local\Programs\MiKTeX\tex/generic/pgf/math\pgfmath.cod
e.tex
(C:\Users\Floris\AppData\Local\Programs\MiKTeX\tex/generic/pgf/math\pgfmathutil
.code.tex)
(C:\Users\Floris\AppData\Local\Programs\MiKTeX\tex/generic/pgf/math\pgfmathpars
er.code.tex
\pgfmath@dimen=\dimen284
\pgfmath@count=\count342
\pgfmath@box=\box66
\pgfmath@toks=\toks33
\pgfmath@stack@operand=\toks34
\pgfmath@stack@operation=\toks35
)
(C:\Users\Floris\AppData\Local\Programs\MiKTeX\tex/generic/pgf/math\pgfmathfunc
tions.code.tex)
(C:\Users\Floris\AppData\Local\Programs\MiKTeX\tex/generic/pgf/math\pgfmathfunc
tions.basic.code.tex)
(C:\Users\Floris\AppData\Local\Programs\MiKTeX\tex/generic/pgf/math\pgfmathfunc
tions.trigonometric.code.tex)
(C:\Users\Floris\AppData\Local\Programs\MiKTeX\tex/generic/pgf/math\pgfmathfunc
tions.random.code.tex)
(C:\Users\Floris\AppData\Local\Programs\MiKTeX\tex/generic/pgf/math\pgfmathfunc
tions.comparison.code.tex)
(C:\Users\Floris\AppData\Local\Programs\MiKTeX\tex/generic/pgf/math\pgfmathfunc
tions.base.code.tex)
(C:\Users\Floris\AppData\Local\Programs\MiKTeX\tex/generic/pgf/math\pgfmathfunc
tions.round.code.tex)
(C:\Users\Floris\AppData\Local\Programs\MiKTeX\tex/generic/pgf/math\pgfmathfunc
tions.misc.code.tex)
(C:\Users\Floris\AppData\Local\Programs\MiKTeX\tex/generic/pgf/math\pgfmathfunc
tions.integerarithmetics.code.tex)
(C:\Users\Floris\AppData\Local\Programs\MiKTeX\tex/generic/pgf/math\pgfmathcalc
.code.tex)
(C:\Users\Floris\AppData\Local\Programs\MiKTeX\tex/generic/pgf/math\pgfmathfloa
t.code.tex
\c@pgfmathroundto@lastzeros=\count343
))
(C:\Users\Floris\AppData\Local\Programs\MiKTeX\tex/generic/pgf/math\pgfint.code
.tex)
(C:\Users\Floris\AppData\Local\Programs\MiKTeX\tex/generic/pgf/basiclayer\pgfco
repoints.code.tex
File: pgfcorepoints.code.tex 2025-08-29 v3.1.11a (3.1.11a)
\pgf@picminx=\dimen285
\pgf@picmaxx=\dimen286
\pgf@picminy=\dimen287
\pgf@picmaxy=\dimen288
\pgf@pathminx=\dimen289
\pgf@pathmaxx=\dimen290
\pgf@pathminy=\dimen291
\pgf@pathmaxy=\dimen292
\pgf@xx=\dimen293
\pgf@xy=\dimen294
\pgf@yx=\dimen295
\pgf@yy=\dimen296
\pgf@zx=\dimen297
\pgf@zy=\dimen298
)
(C:\Users\Floris\AppData\Local\Programs\MiKTeX\tex/generic/pgf/basiclayer\pgfco
repathconstruct.code.tex
File: pgfcorepathconstruct.code.tex 2025-08-29 v3.1.11a (3.1.11a)
\pgf@path@lastx=\dimen299
\pgf@path@lasty=\dimen300
)
(C:\Users\Floris\AppData\Local\Programs\MiKTeX\tex/generic/pgf/basiclayer\pgfco
repathusage.code.tex
File: pgfcorepathusage.code.tex 2025-08-29 v3.1.11a (3.1.11a)
\pgf@shorten@end@additional=\dimen301
\pgf@shorten@start@additional=\dimen302
)
(C:\Users\Floris\AppData\Local\Programs\MiKTeX\tex/generic/pgf/basiclayer\pgfco
rescopes.code.tex
File: pgfcorescopes.code.tex 2025-08-29 v3.1.11a (3.1.11a)
\pgfpic=\box67
\pgf@hbox=\box68
\pgf@layerbox@main=\box69
\pgf@picture@serial@count=\count344
)
(C:\Users\Floris\AppData\Local\Programs\MiKTeX\tex/generic/pgf/basiclayer\pgfco
regraphicstate.code.tex
File: pgfcoregraphicstate.code.tex 2025-08-29 v3.1.11a (3.1.11a)
\pgflinewidth=\dimen303
)
(C:\Users\Floris\AppData\Local\Programs\MiKTeX\tex/generic/pgf/basiclayer\pgfco
retransformations.code.tex
File: pgfcoretransformations.code.tex 2025-08-29 v3.1.11a (3.1.11a)
\pgf@pt@x=\dimen304
\pgf@pt@y=\dimen305
\pgf@pt@temp=\dimen306
)
(C:\Users\Floris\AppData\Local\Programs\MiKTeX\tex/generic/pgf/basiclayer\pgfco
requick.code.tex
File: pgfcorequick.code.tex 2025-08-29 v3.1.11a (3.1.11a)
)
(C:\Users\Floris\AppData\Local\Programs\MiKTeX\tex/generic/pgf/basiclayer\pgfco
reobjects.code.tex
File: pgfcoreobjects.code.tex 2025-08-29 v3.1.11a (3.1.11a)
)
(C:\Users\Floris\AppData\Local\Programs\MiKTeX\tex/generic/pgf/basiclayer\pgfco
repathprocessing.code.tex
File: pgfcorepathprocessing.code.tex 2025-08-29 v3.1.11a (3.1.11a)
)
(C:\Users\Floris\AppData\Local\Programs\MiKTeX\tex/generic/pgf/basiclayer\pgfco
rearrows.code.tex
File: pgfcorearrows.code.tex 2025-08-29 v3.1.11a (3.1.11a)
\pgfarrowsep=\dimen307
)
(C:\Users\Floris\AppData\Local\Programs\MiKTeX\tex/generic/pgf/basiclayer\pgfco
reshade.code.tex
File: pgfcoreshade.code.tex 2025-08-29 v3.1.11a (3.1.11a)
\pgf@max=\dimen308
\pgf@sys@shading@range@num=\count345
\pgf@shadingcount=\count346
)
(C:\Users\Floris\AppData\Local\Programs\MiKTeX\tex/generic/pgf/basiclayer\pgfco
reimage.code.tex
File: pgfcoreimage.code.tex 2025-08-29 v3.1.11a (3.1.11a)
)
(C:\Users\Floris\AppData\Local\Programs\MiKTeX\tex/generic/pgf/basiclayer\pgfco
reexternal.code.tex
File: pgfcoreexternal.code.tex 2025-08-29 v3.1.11a (3.1.11a)
\pgfexternal@startupbox=\box70
)
(C:\Users\Floris\AppData\Local\Programs\MiKTeX\tex/generic/pgf/basiclayer\pgfco
relayers.code.tex
File: pgfcorelayers.code.tex 2025-08-29 v3.1.11a (3.1.11a)
)
(C:\Users\Floris\AppData\Local\Programs\MiKTeX\tex/generic/pgf/basiclayer\pgfco
retransparency.code.tex
File: pgfcoretransparency.code.tex 2025-08-29 v3.1.11a (3.1.11a)
)
(C:\Users\Floris\AppData\Local\Programs\MiKTeX\tex/generic/pgf/basiclayer\pgfco
repatterns.code.tex
File: pgfcorepatterns.code.tex 2025-08-29 v3.1.11a (3.1.11a)
)
(C:\Users\Floris\AppData\Local\Programs\MiKTeX\tex/generic/pgf/basiclayer\pgfco
rerdf.code.tex
File: pgfcorerdf.code.tex 2025-08-29 v3.1.11a (3.1.11a)
)))
(C:\Users\Floris\AppData\Local\Programs\MiKTeX\tex/generic/pgf/modules\pgfmodul
eshapes.code.tex
File: pgfmoduleshapes.code.tex 2025-08-29 v3.1.11a (3.1.11a)
\pgfnodeparttextbox=\box71
)
(C:\Users\Floris\AppData\Local\Programs\MiKTeX\tex/generic/pgf/modules\pgfmodul
eplot.code.tex
File: pgfmoduleplot.code.tex 2025-08-29 v3.1.11a (3.1.11a)
)
(C:\Users\Floris\AppData\Local\Programs\MiKTeX\tex/latex/pgf/compatibility\pgfc
omp-version-0-65.sty
Package: pgfcomp-version-0-65 2025-08-29 v3.1.11a (3.1.11a)
\pgf@nodesepstart=\dimen309
\pgf@nodesepend=\dimen310
)
(C:\Users\Floris\AppData\Local\Programs\MiKTeX\tex/latex/pgf/compatibility\pgfc
omp-version-1-18.sty
Package: pgfcomp-version-1-18 2025-08-29 v3.1.11a (3.1.11a)
))
(C:\Users\Floris\AppData\Local\Programs\MiKTeX\tex/latex/pgf/utilities\pgffor.s
ty
(C:\Users\Floris\AppData\Local\Programs\MiKTeX\tex/latex/pgf/utilities\pgfkeys.
sty
(C:\Users\Floris\AppData\Local\Programs\MiKTeX\tex/generic/pgf/utilities\pgfkey
s.code.tex))
(C:\Users\Floris\AppData\Local\Programs\MiKTeX\tex/latex/pgf/math\pgfmath.sty
(C:\Users\Floris\AppData\Local\Programs\MiKTeX\tex/generic/pgf/math\pgfmath.cod
e.tex))
(C:\Users\Floris\AppData\Local\Programs\MiKTeX\tex/generic/pgf/utilities\pgffor
.code.tex
Package: pgffor 2025-08-29 v3.1.11a (3.1.11a)
\pgffor@iter=\dimen311
\pgffor@skip=\dimen312
\pgffor@stack=\toks36
\pgffor@toks=\toks37
))
(C:\Users\Floris\AppData\Local\Programs\MiKTeX\tex/generic/pgf/frontendlayer/ti
kz\tikz.code.tex
Package: tikz 2025-08-29 v3.1.11a (3.1.11a)

(C:\Users\Floris\AppData\Local\Programs\MiKTeX\tex/generic/pgf/libraries\pgflib
raryplothandlers.code.tex
File: pgflibraryplothandlers.code.tex 2025-08-29 v3.1.11a (3.1.11a)
\pgf@plot@mark@count=\count347
\pgfplotmarksize=\dimen313
)
\tikz@lastx=\dimen314
\tikz@lasty=\dimen315
\tikz@lastxsaved=\dimen316
\tikz@lastysaved=\dimen317
\tikz@lastmovetox=\dimen318
\tikz@lastmovetoy=\dimen319
\tikzleveldistance=\dimen320
\tikzsiblingdistance=\dimen321
\tikz@figbox=\box72
\tikz@figbox@bg=\box73
\tikz@tempbox=\box74
\tikz@tempbox@bg=\box75
\tikztreelevel=\count348
\tikznumberofchildren=\count349
\tikznumberofcurrentchild=\count350
\tikz@fig@count=\count351

(C:\Users\Floris\AppData\Local\Programs\MiKTeX\tex/generic/pgf/modules\pgfmodul
ematrix.code.tex
File: pgfmodulematrix.code.tex 2025-08-29 v3.1.11a (3.1.11a)
\pgfmatrixcurrentrow=\count352
\pgfmatrixcurrentcolumn=\count353
\pgf@matrix@numberofcolumns=\count354
)
\tikz@expandcount=\count355

(C:\Users\Floris\AppData\Local\Programs\MiKTeX\tex/generic/pgf/frontendlayer/ti
kz/libraries\tikzlibrarytopaths.code.tex
File: tikzlibrarytopaths.code.tex 2025-08-29 v3.1.11a (3.1.11a)
)))
(C:\Users\Floris\AppData\Local\Programs\MiKTeX\tex/latex/tools\verbatim.sty
Package: verbatim 2024-01-22 v1.5x LaTeX2e package for verbatim enhancements
\every@verbatim=\toks38
\verbatim@line=\toks39
\verbatim@in@stream=\read3
)
(C:\Users\Floris\AppData\Local\Programs\MiKTeX\tex/latex/environ\environ.sty
Package: environ 2014/05/04 v0.3 A new way to define environments

(C:\Users\Floris\AppData\Local\Programs\MiKTeX\tex/latex/trimspaces\trimspaces.
sty
Package: trimspaces 2009/09/17 v1.1 Trim spaces around a token list
))
\tcb@titlebox=\box76
\tcb@upperbox=\box77
\tcb@lowerbox=\box78
\tcb@phantombox=\box79
\c@tcbbreakpart=\count356
\c@tcblayer=\count357
\c@tcolorbox@number=\count358
\l__tcobox_tmpa_box=\box80
\l__tcobox_tmpa_dim=\dimen322
\tcb@temp=\box81
\tcb@temp=\box82
\tcb@temp=\box83
\tcb@temp=\box84

(C:\Users\Floris\AppData\Local\Programs\MiKTeX\tex/latex/tcolorbox\tcbraster.co
de.tex
Library (tcolorbox): 'tcbraster.code.tex' version '6.9.0'
\c@tcbrastercolumn=\count359
\c@tcbrasterrow=\count360
\c@tcbrasternum=\count361
\c@tcbraster=\count362
)
(C:\Users\Floris\AppData\Local\Programs\MiKTeX\tex/latex/tcolorbox\tcbskins.cod
e.tex
Library (tcolorbox): 'tcbskins.code.tex' version '6.9.0'

(C:\Users\Floris\AppData\Local\Programs\MiKTeX\tex/latex/tikzfill\tikzfill.imag
e.sty
Package: tikzfill.image 2026/04/23 v1.2.0 Image filling library for TikZ

(C:\Users\Floris\AppData\Local\Programs\MiKTeX\tex/latex/tikzfill\tikzlibraryfi
ll.image.code.tex
File: tikzlibraryfill.image.code.tex 2026/04/23 v1.2.0 Image filling library
\l__tikzfill_tmpa_dim=\dimen323
\l__tikzfill_tmpb_dim=\dimen324
\l__tikzfill_img_box=\box85
))
(C:\Users\Floris\AppData\Local\Programs\MiKTeX\tex/latex/tcolorbox\tcbskinsjigs
aw.code.tex
Library (tcolorbox): 'tcbskinsjigsaw.code.tex' version '6.9.0'
))
(C:\Users\Floris\AppData\Local\Programs\MiKTeX\tex/latex/tcolorbox\tcbbreakable
.code.tex
Library (tcolorbox): 'tcbbreakable.code.tex' version '6.9.0'
(C:\Users\Floris\AppData\Local\Programs\MiKTeX\tex/latex/pdfcol\pdfcol.sty
Package: pdfcol 2022-09-21 v1.7 Handle new color stacks for pdfTeX (HO)

(C:\Users\Floris\AppData\Local\Programs\MiKTeX\tex/generic/infwarerr\infwarerr.
sty
Package: infwarerr 2019/12/03 v1.5 Providing info/warning/error messages (HO)
) (C:\Users\Floris\AppData\Local\Programs\MiKTeX\tex/generic/iftex\iftex.sty
Package: iftex 2024/12/12 v1.0g TeX engine tests
)
Package pdfcol Info: Interface disabled because of missing PDF mode of pdfTeX.
)
Package pdfcol Info: pdfTeX's color stacks are not available.
\tcb@testbox=\box86
\tcb@totalupperbox=\box87
\tcb@totallowerbox=\box88
)
(C:\Users\Floris\AppData\Local\Programs\MiKTeX\tex/latex/tcolorbox\tcbhooks.cod
e.tex
Library (tcolorbox): 'tcbhooks.code.tex' version '6.9.0'
)
(C:\Users\Floris\AppData\Local\Programs\MiKTeX\tex/latex/tcolorbox\tcbtheorems.
code.tex
Library (tcolorbox): 'tcbtheorems.code.tex' version '6.9.0'
)
(C:\Users\Floris\AppData\Local\Programs\MiKTeX\tex/latex/tcolorbox\tcbfitting.c
ode.tex
Library (tcolorbox): 'tcbfitting.code.tex' version '6.9.0'
\tcbfitdim=\dimen325
\tcb@lowerfitdim=\dimen326
\tcb@upperfitdim=\dimen327
\tcb@cur@hbadness=\count363
))
(C:\Users\Floris\AppData\Local\Programs\MiKTeX\tex/latex/setspace\setspace.sty
Package: setspace 2022/12/04 v6.7b set line spacing
) (C:\Users\Floris\AppData\Local\Programs\MiKTeX\tex/latex/biblatex\biblatex.st
y
Package: biblatex 2025/07/10 v3.21 programmable bibliographies (PK/MW)

(C:\Users\Floris\AppData\Local\Programs\MiKTeX\tex/generic/pdftexcmds\pdftexcmd
s.sty
Package: pdftexcmds 2020-06-27 v0.33 Utility functions of pdfTeX for LuaTeX (HO
)
Package pdftexcmds Info: \pdf@primitive is available.
Package pdftexcmds Info: \pdf@ifprimitive is available.
Package pdftexcmds Info: \pdfdraftmode not found.
)
(C:\Users\Floris\AppData\Local\Programs\MiKTeX\tex/latex/logreq\logreq.sty
Package: logreq 2010/08/04 v1.0 xml request logger
\lrq@indent=\count364

(C:\Users\Floris\AppData\Local\Programs\MiKTeX\tex/latex/logreq\logreq.def
File: logreq.def 2010/08/04 v1.0 logreq spec v1.0
))
(C:\Users\Floris\AppData\Local\Programs\MiKTeX\tex/latex/url\url.sty
\Urlmuskip=\muskip18
Package: url 2013/09/16  ver 3.4  Verb mode for urls, etc.
)
\c@tabx@nest=\count365
\c@listtotal=\count366
\c@listcount=\count367
\c@liststart=\count368
\c@liststop=\count369
\c@citecount=\count370
\c@citetotal=\count371
\c@multicitecount=\count372
\c@multicitetotal=\count373
\c@instcount=\count374
\c@maxnames=\count375
\c@minnames=\count376
\c@maxitems=\count377
\c@minitems=\count378
\c@citecounter=\count379
\c@maxcitecounter=\count380
\c@savedcitecounter=\count381
\c@uniquelist=\count382
\c@uniquename=\count383
\c@refsection=\count384
\c@refsegment=\count385
\c@maxextratitle=\count386
\c@maxextratitleyear=\count387
\c@maxextraname=\count388
\c@maxextradate=\count389
\c@maxextraalpha=\count390
\c@abbrvpenalty=\count391
\c@highnamepenalty=\count392
\c@lownamepenalty=\count393
\c@maxparens=\count394
\c@parenlevel=\count395
\blx@tempcnta=\count396
\blx@tempcntb=\count397
\blx@tempcntc=\count398
\c@blx@maxsection=\count399
\blx@maxsegment@0=\count400
\blx@notetype=\count401
\blx@parenlevel@text=\count402
\blx@parenlevel@foot=\count403
\blx@sectionciteorder@0=\count404
\blx@sectionciteorderinternal@0=\count405
\blx@entrysetcounter=\count406
\blx@biblioinstance=\count407
\labelnumberwidth=\skip69
\labelalphawidth=\skip70
\biblabelsep=\skip71
\bibitemsep=\skip72
\bibnamesep=\skip73
\bibinitsep=\skip74
\bibparsep=\skip75
\bibhang=\skip76
\blx@bcfin=\read4
\blx@bcfout=\write4
\blx@langwohyphens=\language79
\c@mincomprange=\count408
\c@maxcomprange=\count409
\c@mincompwidth=\count410
Package biblatex Info: Trying to load biblatex default data model...
Package biblatex Info: ... file 'blx-dm.def' found.

(C:\Users\Floris\AppData\Local\Programs\MiKTeX\tex/latex/biblatex\blx-dm.def
File: blx-dm.def 2025/07/10 v3.21 biblatex datamodel (PK/MW)
)
Package biblatex Info: Trying to load biblatex custom data model...
Package biblatex Info: ... file 'biblatex-dm.cfg' not found.
\c@afterword=\count411
\c@savedafterword=\count412
\c@annotator=\count413
\c@savedannotator=\count414
\c@author=\count415
\c@savedauthor=\count416
\c@bookauthor=\count417
\c@savedbookauthor=\count418
\c@commentator=\count419
\c@savedcommentator=\count420
\c@editor=\count421
\c@savededitor=\count422
\c@editora=\count423
\c@savededitora=\count424
\c@editorb=\count425
\c@savededitorb=\count426
\c@editorc=\count427
\c@savededitorc=\count428
\c@foreword=\count429
\c@savedforeword=\count430
\c@holder=\count431
\c@savedholder=\count432
\c@introduction=\count433
\c@savedintroduction=\count434
\c@namea=\count435
\c@savednamea=\count436
\c@nameb=\count437
\c@savednameb=\count438
\c@namec=\count439
\c@savednamec=\count440
\c@translator=\count441
\c@savedtranslator=\count442
\c@shortauthor=\count443
\c@savedshortauthor=\count444
\c@shorteditor=\count445
\c@savedshorteditor=\count446
\c@labelname=\count447
\c@savedlabelname=\count448
\c@institution=\count449
\c@savedinstitution=\count450
\c@lista=\count451
\c@savedlista=\count452
\c@listb=\count453
\c@savedlistb=\count454
\c@listc=\count455
\c@savedlistc=\count456
\c@listd=\count457
\c@savedlistd=\count458
\c@liste=\count459
\c@savedliste=\count460
\c@listf=\count461
\c@savedlistf=\count462
\c@location=\count463
\c@savedlocation=\count464
\c@organization=\count465
\c@savedorganization=\count466
\c@origlocation=\count467
\c@savedoriglocation=\count468
\c@origpublisher=\count469
\c@savedorigpublisher=\count470
\c@publisher=\count471
\c@savedpublisher=\count472
\c@language=\count473
\c@savedlanguage=\count474
\c@origlanguage=\count475
\c@savedoriglanguage=\count476
\c@pageref=\count477
\c@savedpageref=\count478
\shorthandwidth=\skip77
\shortjournalwidth=\skip78
\shortserieswidth=\skip79
\shorttitlewidth=\skip80
\shortauthorwidth=\skip81
\shorteditorwidth=\skip82
\locallabelnumberwidth=\skip83
\locallabelalphawidth=\skip84
\localshorthandwidth=\skip85
\localshortjournalwidth=\skip86
\localshortserieswidth=\skip87
\localshorttitlewidth=\skip88
\localshortauthorwidth=\skip89
\localshorteditorwidth=\skip90
Package biblatex Info: Trying to load enhanced support for Unicode engines...
Package biblatex Info: ... file 'blx-unicode.def' found.

(C:\Users\Floris\AppData\Local\Programs\MiKTeX\tex/latex/biblatex\blx-unicode.d
ef)
Package biblatex Info: Trying to load compatibility code...
Package biblatex Info: ... file 'blx-compat.def' found.

(C:\Users\Floris\AppData\Local\Programs\MiKTeX\tex/latex/biblatex\blx-compat.de
f
File: blx-compat.def 2025/07/10 v3.21 biblatex compatibility (PK/MW)
)
Package biblatex Info: Trying to load generic definitions...
Package biblatex Info: ... file 'biblatex.def' found.

(C:\Users\Floris\AppData\Local\Programs\MiKTeX\tex/latex/biblatex\biblatex.def
File: biblatex.def 2025/07/10 v3.21 biblatex compatibility (PK/MW)
\c@textcitecount=\count479
\c@textcitetotal=\count480
\c@textcitemaxnames=\count481
\c@biburlbigbreakpenalty=\count482
\c@biburlbreakpenalty=\count483
\c@biburlnumpenalty=\count484
\c@biburlucpenalty=\count485
\c@biburllcpenalty=\count486
\biburlbigskip=\muskip19
\biburlnumskip=\muskip20
\biburlucskip=\muskip21
\biburllcskip=\muskip22
\c@smartand=\count487
)
Package biblatex Info: Trying to load bibliography style 'numeric'...
Package biblatex Info: ... file 'numeric.bbx' found.

(C:\Users\Floris\AppData\Local\Programs\MiKTeX\tex/latex/biblatex/bbx\numeric.b
bx
File: numeric.bbx 2025/07/10 v3.21 biblatex bibliography style (PK/MW)
Package biblatex Info: Trying to load bibliography style 'standard'...
Package biblatex Info: ... file 'standard.bbx' found.

(C:\Users\Floris\AppData\Local\Programs\MiKTeX\tex/latex/biblatex/bbx\standard.
bbx
File: standard.bbx 2025/07/10 v3.21 biblatex bibliography style (PK/MW)
\c@bbx:relatedcount=\count488
\c@bbx:relatedtotal=\count489
))
Package biblatex Info: Trying to load citation style 'numeric'...
Package biblatex Info: ... file 'numeric.cbx' found.

(C:\Users\Floris\AppData\Local\Programs\MiKTeX\tex/latex/biblatex/cbx\numeric.c
bx
File: numeric.cbx 2025/07/10 v3.21 biblatex citation style (PK/MW)
Package biblatex Info: Redefining '\cite'.
Package biblatex Info: Redefining '\parencite'.
Package biblatex Info: Redefining '\footcite'.
Package biblatex Info: Redefining '\footcitetext'.
Package biblatex Info: Redefining '\smartcite'.
Package biblatex Info: Redefining '\supercite'.
Package biblatex Info: Redefining '\textcite'.
Package biblatex Info: Redefining '\textcites'.
Package biblatex Info: Redefining '\cites'.
Package biblatex Info: Redefining '\parencites'.
Package biblatex Info: Redefining '\smartcites'.
)
Package biblatex Info: Trying to load configuration file...
Package biblatex Info: ... file 'biblatex.cfg' found.

(C:\Users\Floris\AppData\Local\Programs\MiKTeX\tex/latex/biblatex\biblatex.cfg
File: biblatex.cfg 
)
Package biblatex Info: XeTeX detected.
(biblatex)             Assuming input encoding 'utf8'.
Package biblatex Info: Document encoding is UTF8 ....
Package biblatex Info: ... and expl3
(biblatex)             2026-03-20 L3 programming layer (loader) 
(biblatex)             is new enough (at least 2020/04/06),
(biblatex)             setting 'casechanger=expl3'.

(C:\Users\Floris\AppData\Local\Programs\MiKTeX\tex/latex/biblatex\blx-case-expl
3.sty
Package: blx-case-expl3 2025/07/10 v3.21 expl3 case changing code for biblatex
))
(C:\Users\Floris\AppData\Local\Programs\MiKTeX\tex/latex/paralist\paralist.sty
Package: paralist 2017/01/22 v2.7 Extended list environments
\pltopsep=\skip91
\plpartopsep=\skip92
\plitemsep=\skip93
\plparsep=\skip94
\pl@lab=\toks40
)
(C:\Users\Floris\AppData\Local\Programs\MiKTeX\tex/generic/pgf/frontendlayer/ti
kz/libraries\tikzlibraryshapes.symbols.code.tex
File: tikzlibraryshapes.symbols.code.tex 2025-08-29 v3.1.11a (3.1.11a)

(C:\Users\Floris\AppData\Local\Programs\MiKTeX\tex/generic/pgf/libraries/shapes
\pgflibraryshapes.symbols.code.tex
File: pgflibraryshapes.symbols.code.tex 2025-08-29 v3.1.11a (3.1.11a)
))
(C:\Users\Floris\AppData\Local\Programs\MiKTeX\tex/latex/isodate\isodate.sty
Package: isodate 2010/01/03 v2.30 Print dates with different formats (HH)

(C:\Users\Floris\AppData\Local\Programs\MiKTeX\tex/latex/substr\substr.sty
Package: substr 2009/10/20 v1.2 Handle substrings
\c@su@anzahl=\count490
)
(C:\Users\Floris\AppData\Local\Programs\MiKTeX\tex/latex/isodate\english.idf
File: english.idf 2010/01/03 v2.30 Language definitions for isodate package (HH
)

Define commands for English date format
)
\c@iso@tmpmonth=\count491
\c@iso@yeartwo=\count492
\c@iso@slash=\count493
\c@iso@minus=\count494
\c@iso@dot=\count495
\c@iso@@slash=\count496
\c@iso@@minus=\count497
\c@iso@@dot=\count498
) (font-setup-id.tex
File: font-setup-id.tex 2026/08/21

Package fontspec Info: 
(fontspec)             Font family 'texgyreheros(0)' created for font
(fontspec)             'texgyreheros' with options
(fontspec)             [Ligatures=TeX,Extension=.otf,UprightFont=*-regular,Bold
Font=*-bold,ItalicFont=*-italic,BoldItalicFont=*-bolditalic].
(fontspec)              
(fontspec)              This font family consists of the following NFSS
(fontspec)             series/shapes:
(fontspec)              
(fontspec)             - 'normal' (m/n) with NFSS spec.:
(fontspec)             <->"[texgyreheros-regular.otf]/OT:script=latn;language=d
flt;mapping=tex-text;"
(fontspec)             - 'small caps'  (m/sc) with NFSS spec.:
(fontspec)             <->"[texgyreheros-regular.otf]/OT:script=latn;language=d
flt;+smcp;mapping=tex-text;"
(fontspec)             - 'bold' (b/n) with NFSS spec.:
(fontspec)             <->"[texgyreheros-bold.otf]/OT:script=latn;language=dflt
;mapping=tex-text;"
(fontspec)             - 'bold small caps'  (b/sc) with NFSS spec.:
(fontspec)             <->"[texgyreheros-bold.otf]/OT:script=latn;language=dflt
;+smcp;mapping=tex-text;"
(fontspec)             - 'italic' (m/it) with NFSS spec.:
(fontspec)             <->"[texgyreheros-italic.otf]/OT:script=latn;language=df
lt;mapping=tex-text;"
(fontspec)             - 'italic small caps'  (m/scit) with NFSS spec.:
(fontspec)             <->"[texgyreheros-italic.otf]/OT:script=latn;language=df
lt;+smcp;mapping=tex-text;"
(fontspec)             - 'bold italic' (b/it) with NFSS spec.:
(fontspec)             <->"[texgyreheros-bolditalic.otf]/OT:script=latn;languag
e=dflt;mapping=tex-text;"
(fontspec)             - 'bold italic small caps'  (b/scit) with NFSS spec.:
(fontspec)             <->"[texgyreheros-bolditalic.otf]/OT:script=latn;languag
e=dflt;+smcp;mapping=tex-text;"


Package fontspec Info: 
(fontspec)             Script 'CJK' not explicitly supported within font
(fontspec)             'FandolSong-Regular'. Check the typeset output, and if
(fontspec)             it is okay then ignore this warning. Otherwise a
(fontspec)             different font should be chosen.


Package fontspec Info: 
(fontspec)             Font family 'FandolSong-Regular.otf(0)' created for
(fontspec)             font 'FandolSong-Regular.otf' with options
(fontspec)             [Script={CJK},BoldFont={FandolSong-Bold.otf},ItalicFont=
{FandolKai-Regular.otf}].
(fontspec)              
(fontspec)              This font family consists of the following NFSS
(fontspec)             series/shapes:
(fontspec)              
(fontspec)             - 'normal' (m/n) with NFSS spec.:
(fontspec)             <->"[FandolSong-Regular.otf]/OT:script=hani;language=dfl
t;"
(fontspec)             - 'bold' (b/n) with NFSS spec.:
(fontspec)             <->"[FandolSong-Bold.otf]/OT:script=hani;language=dflt;"

(fontspec)             - 'italic' (m/it) with NFSS spec.:
(fontspec)             <->"[FandolKai-Regular.otf]/OT:script=hani;language=dflt
;"

) (titles-setup-id.tex (titles-setup.tex
File: titles-setup.tex 2018/03/04

(C:\Users\Floris\AppData\Local\Programs\MiKTeX\tex/latex/titlesec\titlesec.sty
Package: titlesec 2025/01/04 v2.17 Sectioning titles
\ttl@box=\box89
\beforetitleunit=\skip95
\aftertitleunit=\skip96
\ttl@plus=\dimen328
\ttl@minus=\dimen329
\ttl@toksa=\toks41
\titlewidth=\dimen330
\titlewidthlast=\dimen331
\titlewidthfirst=\dimen332
) (C:\Users\Floris\AppData\Local\Programs\MiKTeX\tex/latex/titlesec\titletoc.st
y
Package: titletoc 2025/01/04 v2.17 TOC entries
\ttl@leftsep=\dimen333
)
\BoxTtlwidth=\skip97
\c@ttlp@side=\count499
\ttlp@side=\count500
))) (locale-ui-id.tex)

Package xeCJK Warning: Redefining CJKfamily `\CJKrmdefault'
(xeCJK)                (FandolSong-Regular.otf(0)).


Package fontspec Info: 
(fontspec)             Font family 'NotoSansCJKsc-Regular.otf(0)' created for
(fontspec)             font 'NotoSansCJKsc-Regular.otf' with options
(fontspec)             [Ligatures=TeX,Script={CJK},Path={../fonts/},BoldFont={N
otoSansCJKsc-Medium.otf},ItalicFont={NotoSansCJKsc-Regular.otf}].
(fontspec)              
(fontspec)              This font family consists of the following NFSS
(fontspec)             series/shapes:
(fontspec)              
(fontspec)             - 'normal' (m/n) with NFSS spec.:
(fontspec)             <->"[../fonts/NotoSansCJKsc-Regular.otf]/OT:script=hani;
language=dflt;mapping=tex-text;"
(fontspec)             - 'bold' (b/n) with NFSS spec.:
(fontspec)             <->"[../fonts/NotoSansCJKsc-Medium.otf]/OT:script=hani;l
anguage=dflt;mapping=tex-text;"
(fontspec)             - 'italic' (m/it) with NFSS spec.:
(fontspec)             <->"[../fonts/NotoSansCJKsc-Regular.otf]/OT:script=hani;
language=dflt;mapping=tex-text;"

(C:\Users\Floris\AppData\Local\Programs\MiKTeX\tex/latex/jknappen\mathrsfs.sty
Package: mathrsfs 1996/01/01 Math RSFS package v1.0 (jk)
\symrsfs=\mathgroup6
) (C:\Users\Floris\AppData\Local\Programs\MiKTeX\tex/latex/stmaryrd\stmaryrd.st
y
Package: stmaryrd 1994/03/03 St Mary's Road symbol package
\symstmry=\mathgroup7
LaTeX Font Info:    Overwriting symbol font `stmry' in version `bold'
(Font)                  U/stmry/m/n --> U/stmry/b/n on input line 89.
)
LaTeX Font Info:    Overwriting symbol font `stmry' in version `bold'
(Font)                  U/stmry/b/n --> U/stmry/m/n on input line 24.
 (C:\Users\Floris\AppData\Local\Programs\MiKTeX\tex/latex/tools\array.sty
Package: array 2025/09/25 v2.6n Tabular extension package (FMi)
\col@sep=\dimen334
\ar@mcellbox=\box90
\extrarowheight=\dimen335
\NC@list=\toks42
\extratabsurround=\skip98
\backup@length=\skip99
\ar@cellbox=\box91
)
(C:\Users\Floris\AppData\Local\Programs\MiKTeX\tex/latex/tools\tabularx.sty
Package: tabularx 2023/12/11 v2.12a `tabularx' package (DPC)
\TX@col@width=\dimen336
\TX@old@table=\dimen337
\TX@old@col=\dimen338
\TX@target=\dimen339
\TX@delta=\dimen340
\TX@cols=\count501
\TX@ftn=\toks43
)
(C:\Users\Floris\AppData\Local\Programs\MiKTeX\tex/latex/makecell\makecell.sty
Package: makecell 2009/08/03 V0.1e Managing of Tab Column Heads and Cells
\rotheadsize=\dimen341
\c@nlinenum=\count502
\TeXr@lab=\toks44
) (C:\Users\Floris\AppData\Local\Programs\MiKTeX\tex/latex/tikz-cd\tikz-cd.sty
Package: tikz-cd 2021/05/04 v1.0 Commutative diagrams with TikZ

(C:\Users\Floris\AppData\Local\Programs\MiKTeX\tex/latex/tikz-cd\tikzlibrarycd.
code.tex
(C:\Users\Floris\AppData\Local\Programs\MiKTeX\tex/generic/pgf/frontendlayer/ti
kz/libraries\tikzlibrarymatrix.code.tex
File: tikzlibrarymatrix.code.tex 2025-08-29 v3.1.11a (3.1.11a)
)
(C:\Users\Floris\AppData\Local\Programs\MiKTeX\tex/generic/pgf/frontendlayer/ti
kz/libraries\tikzlibraryquotes.code.tex
File: tikzlibraryquotes.code.tex 2025-08-29 v3.1.11a (3.1.11a)
)
(C:\Users\Floris\AppData\Local\Programs\MiKTeX\tex/generic/pgf/libraries\pgflib
raryarrows.meta.code.tex
File: pgflibraryarrows.meta.code.tex 2025-08-29 v3.1.11a (3.1.11a)
\pgfarrowinset=\dimen342
\pgfarrowlength=\dimen343
\pgfarrowwidth=\dimen344
\pgfarrowlinewidth=\dimen345
)))
(C:\Users\Floris\AppData\Local\Programs\MiKTeX\tex/generic/pgf/frontendlayer/ti
kz/libraries\tikzlibrarypositioning.code.tex
File: tikzlibrarypositioning.code.tex 2025-08-29 v3.1.11a (3.1.11a)
)
(C:\Users\Floris\AppData\Local\Programs\MiKTeX\tex/generic/pgf/frontendlayer/ti
kz/libraries\tikzlibrarypatterns.code.tex
File: tikzlibrarypatterns.code.tex 2025-08-29 v3.1.11a (3.1.11a)

(C:\Users\Floris\AppData\Local\Programs\MiKTeX\tex/generic/pgf/libraries\pgflib
rarypatterns.code.tex
File: pgflibrarypatterns.code.tex 2025-08-29 v3.1.11a (3.1.11a)
))
(C:\Users\Floris\AppData\Local\Programs\MiKTeX\tex/generic/pgf/frontendlayer/ti
kz/libraries\tikzlibrarycalc.code.tex
File: tikzlibrarycalc.code.tex 2025-08-29 v3.1.11a (3.1.11a)
)
(C:\Users\Floris\AppData\Local\Programs\MiKTeX\tex/generic/pgf/frontendlayer/ti
kz/libraries\tikzlibraryshapes.arrows.code.tex
File: tikzlibraryshapes.arrows.code.tex 2025-08-29 v3.1.11a (3.1.11a)

(C:\Users\Floris\AppData\Local\Programs\MiKTeX\tex/generic/pgf/libraries/shapes
\pgflibraryshapes.arrows.code.tex
File: pgflibraryshapes.arrows.code.tex 2025-08-29 v3.1.11a (3.1.11a)
))
(C:\Users\Floris\AppData\Local\Programs\MiKTeX\tex/latex/braids\braids.sty
Package: braids 2011/10/18 v1.1 Tikz/PGF commands for drawing braid diagrams (d
epreciated package)


Package braids Warning: This package is frozen at v1.1 from 2011/10/18 and has 
been reimplemented as a TikZ library; if starting with a fresh document, please
 consider using that instead. on input line 29.

\braid@width=\dimen346
\braid@height=\dimen347
\braid@tx=\dimen348
\braid@ty=\dimen349
\braid@nx=\dimen350
\braid@ny=\dimen351
\braid@cy=\dimen352
\braid@dy=\dimen353
\braid@eh=\dimen354
\c@braid@level=\count503
\c@braid@strands=\count504
) (C:\Users\Floris\AppData\Local\Programs\MiKTeX\tex/latex/tqft\tqft.sty
Package: tqft 2017/06/01 v2.1 Tikz/PGF commands for drawing TQFT diagrams
\tqft@xa=\dimen355
\tqft@xb=\dimen356
\tqft@c=\dimen357
\tqft@ch=\dimen358
\tqft@h=\dimen359
\tqft@s=\dimen360
\tqft@w=\dimen361
)
(C:\Users\Floris\AppData\Local\Programs\MiKTeX\tex/latex/ytableau\ytableau.sty
Package: ytableau 2021/06/12 v1.4 Many-featured Young tableaux and Young diagra
ms
\tableaux@YT=\box92
\thistableau@YT=\box93
\refhtdp@YT=\box94
\toks@YT=\toks45
\opttoksa@YT=\toks46
\opttoksb@YT=\toks47
\boxdim@YT=\dimen362
\tableauwd@YT=\dimen363
\count@YT=\count505

(C:\Users\Floris\AppData\Local\Programs\MiKTeX\tex/latex/pgfopts\pgfopts.sty
Package: pgfopts 2014/07/10 v2.1a LaTeX package options with pgfkeys
\pgfopts@list@add@a@toks=\toks48
\pgfopts@list@add@b@toks=\toks49
))
(C:\Users\Floris\AppData\Local\Programs\MiKTeX\tex/latex/pgfplots\pgfplots.sty
(C:\Users\Floris\AppData\Local\Programs\MiKTeX\tex/generic/pgfplots\pgfplots.re
vision.tex)
Package: pgfplots 2021/05/15 v1.18.1 Data Visualization (1.18.1)

(C:\Users\Floris\AppData\Local\Programs\MiKTeX\tex/generic/pgfplots\pgfplots.co
de.tex
(C:\Users\Floris\AppData\Local\Programs\MiKTeX\tex/generic/pgfplots\pgfplotscor
e.code.tex
\t@pgfplots@toka=\toks50
\t@pgfplots@tokb=\toks51
\t@pgfplots@tokc=\toks52
\pgfplots@tmpa=\dimen364
\c@pgfplots@coordindex=\count506
\c@pgfplots@scanlineindex=\count507

(C:\Users\Floris\AppData\Local\Programs\MiKTeX\tex/generic/pgfplots/sys\pgfplot
ssysgeneric.code.tex))
(C:\Users\Floris\AppData\Local\Programs\MiKTeX\tex/generic/pgfplots/libs\pgfplo
tslibrary.code.tex)
(C:\Users\Floris\AppData\Local\Programs\MiKTeX\tex/generic/pgfplots/oldpgfcompa
tib\pgfplotsoldpgfsupp_loader.code.tex
(C:\Users\Floris\AppData\Local\Programs\MiKTeX\tex/generic/pgf/libraries\pgflib
raryfpu.code.tex)
Package pgfplots: loading complementary utilities for your pgf version...
\t@pgf@toka=\toks53
\t@pgf@tokb=\toks54
\t@pgf@tokc=\toks55

(C:\Users\Floris\AppData\Local\Programs\MiKTeX\tex/generic/pgfplots/oldpgfcompa
tib\pgfplotsoldpgfsupp_pgfutil-common-lists.tex))
(C:\Users\Floris\AppData\Local\Programs\MiKTeX\tex/generic/pgfplots/util\pgfplo
tsutil.code.tex
(C:\Users\Floris\AppData\Local\Programs\MiKTeX\tex/generic/pgfplots/liststructu
re\pgfplotsliststructure.code.tex)
(C:\Users\Floris\AppData\Local\Programs\MiKTeX\tex/generic/pgfplots/liststructu
re\pgfplotsliststructureext.code.tex)
(C:\Users\Floris\AppData\Local\Programs\MiKTeX\tex/generic/pgfplots/liststructu
re\pgfplotsarray.code.tex
\c@pgfplotsarray@tmp=\count508
)
(C:\Users\Floris\AppData\Local\Programs\MiKTeX\tex/generic/pgfplots/liststructu
re\pgfplotsmatrix.code.tex)
(C:\Users\Floris\AppData\Local\Programs\MiKTeX\tex/generic/pgfplots/numtable\pg
fplotstableshared.code.tex
\c@pgfplotstable@counta=\count509
\t@pgfplotstable@a=\toks56
)
(C:\Users\Floris\AppData\Local\Programs\MiKTeX\tex/generic/pgfplots/liststructu
re\pgfplotsdeque.code.tex)
(C:\Users\Floris\AppData\Local\Programs\MiKTeX\tex/generic/pgfplots/util\pgfplo
tsbinary.code.tex
(C:\Users\Floris\AppData\Local\Programs\MiKTeX\tex/generic/pgfplots/util\pgfplo
tsbinary.data.code.tex))
(C:\Users\Floris\AppData\Local\Programs\MiKTeX\tex/generic/pgfplots/util\pgfplo
tsutil.verb.code.tex)
(C:\Users\Floris\AppData\Local\Programs\MiKTeX\tex/generic/pgfplots/libs\pgflib
rarypgfplots.surfshading.code.tex
\c@pgfplotslibrarysurf@no=\count510

(C:\Users\Floris\AppData\Local\Programs\MiKTeX\tex/generic/pgfplots/sys\pgflibr
arypgfplots.surfshading.pgfsys-xetex.def
(C:\Users\Floris\AppData\Local\Programs\MiKTeX\tex/generic/pgfplots/sys\pgflibr
arypgfplots.surfshading.pgfsys-dvipdfmx.def
\c@pgfplotslibrarysurf@streamlen=\count511
))))
(C:\Users\Floris\AppData\Local\Programs\MiKTeX\tex/generic/pgfplots/util\pgfplo
tscolormap.code.tex
(C:\Users\Floris\AppData\Local\Programs\MiKTeX\tex/generic/pgfplots/util\pgfplo
tscolor.code.tex))
(C:\Users\Floris\AppData\Local\Programs\MiKTeX\tex/generic/pgfplots\pgfplotssta
ckedplots.code.tex)
(C:\Users\Floris\AppData\Local\Programs\MiKTeX\tex/generic/pgfplots\pgfplotsplo
thandlers.code.tex
(C:\Users\Floris\AppData\Local\Programs\MiKTeX\tex/generic/pgfplots\pgfplotsmes
hplothandler.code.tex
(C:\Users\Floris\AppData\Local\Programs\MiKTeX\tex/generic/pgfplots\pgfplotsmes
hplotimage.code.tex)))
(C:\Users\Floris\AppData\Local\Programs\MiKTeX\tex/generic/pgfplots\pgfplots.sc
aling.code.tex)
(C:\Users\Floris\AppData\Local\Programs\MiKTeX\tex/generic/pgfplots\pgfplotscoo
rdprocessing.code.tex)
(C:\Users\Floris\AppData\Local\Programs\MiKTeX\tex/generic/pgfplots\pgfplots.er
rorbars.code.tex)
(C:\Users\Floris\AppData\Local\Programs\MiKTeX\tex/generic/pgfplots\pgfplots.ma
rkers.code.tex)
(C:\Users\Floris\AppData\Local\Programs\MiKTeX\tex/generic/pgfplots\pgfplotstic
ks.code.tex)
(C:\Users\Floris\AppData\Local\Programs\MiKTeX\tex/generic/pgfplots\pgfplots.pa
ths.code.tex)
(C:\Users\Floris\AppData\Local\Programs\MiKTeX\tex/generic/pgf/frontendlayer/ti
kz/libraries\tikzlibrarydecorations.code.tex
(C:\Users\Floris\AppData\Local\Programs\MiKTeX\tex/generic/pgf/modules\pgfmodul
edecorations.code.tex
\pgfdecoratedcompleteddistance=\dimen365
\pgfdecoratedremainingdistance=\dimen366
\pgfdecoratedinputsegmentcompleteddistance=\dimen367
\pgfdecoratedinputsegmentremainingdistance=\dimen368
\pgf@decorate@distancetomove=\dimen369
\pgf@decorate@repeatstate=\count512
\pgfdecorationsegmentamplitude=\dimen370
\pgfdecorationsegmentlength=\dimen371
)
\tikz@lib@dec@box=\box95
)
(C:\Users\Floris\AppData\Local\Programs\MiKTeX\tex/generic/pgf/frontendlayer/ti
kz/libraries\tikzlibrarydecorations.pathmorphing.code.tex
(C:\Users\Floris\AppData\Local\Programs\MiKTeX\tex/generic/pgf/libraries/decora
tions\pgflibrarydecorations.pathmorphing.code.tex))
(C:\Users\Floris\AppData\Local\Programs\MiKTeX\tex/generic/pgf/frontendlayer/ti
kz/libraries\tikzlibrarydecorations.pathreplacing.code.tex
(C:\Users\Floris\AppData\Local\Programs\MiKTeX\tex/generic/pgf/libraries/decora
tions\pgflibrarydecorations.pathreplacing.code.tex))
(C:\Users\Floris\AppData\Local\Programs\MiKTeX\tex/generic/pgfplots/libs\tikzli
brarypgfplots.contourlua.code.tex)
\pgfplots@numplots=\count513
\pgfplots@xmin@reg=\dimen372
\pgfplots@xmax@reg=\dimen373
\pgfplots@ymin@reg=\dimen374
\pgfplots@ymax@reg=\dimen375
\pgfplots@zmin@reg=\dimen376
\pgfplots@zmax@reg=\dimen377
)
(C:\Users\Floris\AppData\Local\Programs\MiKTeX\tex/generic/pgf/frontendlayer/ti
kz/libraries\tikzlibraryplotmarks.code.tex
File: tikzlibraryplotmarks.code.tex 2025-08-29 v3.1.11a (3.1.11a)

(C:\Users\Floris\AppData\Local\Programs\MiKTeX\tex/generic/pgf/libraries\pgflib
raryplotmarks.code.tex
File: pgflibraryplotmarks.code.tex 2025-08-29 v3.1.11a (3.1.11a)
))) (myarrows.sty
Package: myarrows 2018/02/20 Package for extendable arrows
\xratbelow=\box96
\xratabove=\box97
) (mycommand.sty
Package: mycommand 2018/02/20 Package for my own commands

(C:\Users\Floris\AppData\Local\Programs\MiKTeX\tex/latex/tools\bm.sty
Package: bm 2025/10/21 v1.2g Bold Symbol Support (DPC/FMi)
Package bm Info: No bold for \OMX/cmex/m/n, using \pmb.
Package bm Info: No bold for \U/msa/m/n, using \pmb.
Package bm Info: No bold for \U/msb/m/n, using \pmb.
Package bm Info: No bold for \U/rsfs/m/n, using \pmb.
Package bm Info: No bold for \U/stmry/m/n, using \pmb.
)
(C:\Users\Floris\AppData\Local\Programs\MiKTeX\tex/latex/amsfonts\euscript.sty
Package: euscript 2009/06/22 v3.00 Euler Script fonts
LaTeX Font Info:    Overwriting math alphabet `\EuScript' in version `bold'
(Font)                  U/eus/m/n --> U/eus/b/n on input line 33.
))
(C:\Users\Floris\AppData\Local\Programs\MiKTeX\tex/latex/imakeidx\imakeidx.sty
Package: imakeidx 2016/10/15 v1.3e Package for typesetting indices in a synchro
nous mode

(C:\Users\Floris\AppData\Local\Programs\MiKTeX\tex/latex/xkeyval\xkeyval.sty
Package: xkeyval 2022/06/16 v2.9 package option processing (HA)

(C:\Users\Floris\AppData\Local\Programs\MiKTeX\tex/generic/xkeyval\xkeyval.tex
(C:\Users\Floris\AppData\Local\Programs\MiKTeX\tex/generic/xkeyval\xkvutils.tex
\XKV@toks=\toks57
\XKV@tempa@toks=\toks58
)
\XKV@depth=\count514
File: xkeyval.tex 2014/12/03 v2.7a key=value parser (HA)
))
(C:\Users\Floris\AppData\Local\Programs\MiKTeX\tex/generic/iftex\ifxetex.sty
Package: ifxetex 2019/10/25 v0.7 ifxetex legacy package. Use iftex instead.
)
(C:\Users\Floris\AppData\Local\Programs\MiKTeX\tex/generic/iftex\ifluatex.sty
Package: ifluatex 2019/10/25 v1.5 ifluatex legacy package. Use iftex instead.
)
(C:\Users\Floris\AppData\Local\Programs\MiKTeX\tex/latex/tools\multicol.sty
Package: multicol 2025/10/21 v2.0b multicolumn formatting (FMi)
\c@tracingmulticols=\count515
\mult@box=\box98
\multicol@leftmargin=\dimen378
\c@unbalance=\count516
\c@collectmore=\count517
\doublecol@number=\count518
\multicoltolerance=\count519
\multicolpretolerance=\count520
\full@width=\dimen379
\page@free=\dimen380
\premulticols=\dimen381
\postmulticols=\dimen382
\multicolsep=\skip100
\multicolbaselineskip=\skip101
\partial@page=\box99
\last@line=\box100
\mc@boxedresult=\box101
\maxbalancingoverflow=\dimen383
\mult@rightbox=\box102
\mult@grightbox=\box103
\mult@firstbox=\box104
\mult@gfirstbox=\box105
\@tempa=\box106
\@tempa=\box107
\@tempa=\box108
\@tempa=\box109
\@tempa=\box110
\@tempa=\box111
\@tempa=\box112
\@tempa=\box113
\@tempa=\box114
\@tempa=\box115
\@tempa=\box116
\@tempa=\box117
\@tempa=\box118
\@tempa=\box119
\@tempa=\box120
\@tempa=\box121
\@tempa=\box122
\@tempa=\box123
\@tempa=\box124
\@tempa=\box125
\@tempa=\box126
\@tempa=\box127
\@tempa=\box128
\@tempa=\box129
\@tempa=\box130
\@tempa=\box131
\@tempa=\box132
\@tempa=\box133
\@tempa=\box134
\@tempa=\box135
\@tempa=\box136
\@tempa=\box137
\@tempa=\box138
\@tempa=\box139
\@tempa=\box140
\@tempa=\box141
\c@minrows=\count521
\c@columnbadness=\count522
\c@finalcolumnbadness=\count523
\last@try=\dimen384
\multicolovershoot=\dimen385
\multicolundershoot=\dimen386
\mult@nat@firstbox=\box142
\colbreak@box=\box143
\mc@col@check@num=\count524
\g__mc_curr_col_int=\count525
))
\metode-aljabar-jilid-1-id-lengkap@idxfile=\write5
\openout5 = `metode-aljabar-jilid-1-id-lengkap.idx'.


Writing index file metode-aljabar-jilid-1-id-lengkap.idx
\sym1@idxfile=\write6
\openout6 = `sym1.idx'.

Writing index file sym1.idx
(C:\Users\Floris\AppData\Local\Programs\MiKTeX\tex/latex/hyperref\hyperref.sty
Package: hyperref 2026-04-24 v7.01q Hypertext links for LaTeX

(C:\Users\Floris\AppData\Local\Programs\MiKTeX\tex/generic/kvdefinekeys\kvdefin
ekeys.sty
Package: kvdefinekeys 2019-12-19 v1.6 Define keys (HO)
)
(C:\Users\Floris\AppData\Local\Programs\MiKTeX\tex/generic/pdfescape\pdfescape.
sty
Package: pdfescape 2019/12/09 v1.15 Implements pdfTeX's escape features (HO)
)
(C:\Users\Floris\AppData\Local\Programs\MiKTeX\tex/latex/hycolor\hycolor.sty
Package: hycolor 2020-01-27 v1.10 Color options for hyperref/bookmark (HO)
)
(C:\Users\Floris\AppData\Local\Programs\MiKTeX\tex/latex/hyperref\nameref.sty
Package: nameref 2026-01-29 v2.58 Cross-referencing by name of section

(C:\Users\Floris\AppData\Local\Programs\MiKTeX\tex/latex/refcount\refcount.sty
Package: refcount 2019/12/15 v3.6 Data extraction from label references (HO)
)
(C:\Users\Floris\AppData\Local\Programs\MiKTeX\tex/generic/gettitlestring\getti
tlestring.sty
Package: gettitlestring 2019/12/15 v1.6 Cleanup title references (HO)
)
\c@section@level=\count526
)
(C:\Users\Floris\AppData\Local\Programs\MiKTeX\tex/generic/stringenc\stringenc.
sty
Package: stringenc 2019/11/29 v1.12 Convert strings between diff. encodings (HO
)
)
\@linkdim=\dimen387
\Hy@linkcounter=\count527
\Hy@pagecounter=\count528

(C:\Users\Floris\AppData\Local\Programs\MiKTeX\tex/latex/hyperref\pd1enc.def
File: pd1enc.def 2026-04-24 v7.01q Hyperref: PDFDocEncoding definition (HO)
)
(C:\Users\Floris\AppData\Local\Programs\MiKTeX\tex/generic/intcalc\intcalc.sty
Package: intcalc 2019/12/15 v1.3 Expandable calculations with integers (HO)
)
\Hy@SavedSpaceFactor=\count529
(C:\Users\Floris\AppData\Local\Programs\MiKTeX\tex/latex/hyperref\puenc.def
File: puenc.def 2026-04-24 v7.01q Hyperref: PDF Unicode definition (HO)
)
Package hyperref Info: Option `unicode' set `true' on input line 4070.
Package hyperref Info: Option `bookmarksnumbered' set `true' on input line 4070
.
Package hyperref Info: Hyper figures OFF on input line 4199.
Package hyperref Info: Link nesting OFF on input line 4204.
Package hyperref Info: Hyper index ON on input line 4207.
Package hyperref Info: Plain pages OFF on input line 4214.
Package hyperref Info: Backreferencing OFF on input line 4219.
Package hyperref Info: Implicit mode ON; LaTeX internals redefined.
Package hyperref Info: Bookmarks ON on input line 4466.
\c@Hy@tempcnt=\count530
LaTeX Info: Redefining \url on input line 4805.
\XeTeXLinkMargin=\dimen388

(C:\Users\Floris\AppData\Local\Programs\MiKTeX\tex/generic/bitset\bitset.sty
Package: bitset 2019/12/09 v1.3 Handle bit-vector datatype (HO)

(C:\Users\Floris\AppData\Local\Programs\MiKTeX\tex/generic/bigintcalc\bigintcal
c.sty
Package: bigintcalc 2019/12/15 v1.5 Expandable calculations on big integers (HO
)
))
\Fld@menulength=\count531
\Field@Width=\dimen389
\Fld@charsize=\dimen390
Package hyperref Info: Hyper figures OFF on input line 6091.
Package hyperref Info: Link nesting OFF on input line 6096.
Package hyperref Info: Hyper index ON on input line 6099.
Package hyperref Info: backreferencing OFF on input line 6106.
Package hyperref Info: Link coloring OFF on input line 6111.
Package hyperref Info: Link coloring with OCG OFF on input line 6116.
Package hyperref Info: PDF/A mode OFF on input line 6121.
\Hy@abspage=\count532
\c@Item=\count533
\c@Hfootnote=\count534
)
Package hyperref Info: Driver (autodetected): hxetex.

(C:\Users\Floris\AppData\Local\Programs\MiKTeX\tex/latex/hyperref\hxetex.def
File: hxetex.def 2026-04-24 v7.01q Hyperref driver for XeTeX
\pdfm@box=\box144
\c@Hy@AnnotLevel=\count535
\HyField@AnnotCount=\count536
\Fld@listcount=\count537
\c@bookmark@seq@number=\count538

(C:\Users\Floris\AppData\Local\Programs\MiKTeX\tex/latex/rerunfilecheck\rerunfi
lecheck.sty
Package: rerunfilecheck 2025-06-21 v1.11 Rerun checks for auxiliary files (HO)

(C:\Users\Floris\AppData\Local\Programs\MiKTeX\tex/generic/uniquecounter\unique
counter.sty
Package: uniquecounter 2019/12/15 v1.4 Provide unlimited unique counter (HO)
)
Package uniquecounter Info: New unique counter `rerunfilecheck' on input line 2
84.
)
\Hy@SectionHShift=\skip102
)
Package hyperref Info: Option `CJKbookmarks' set `true' on input line 47.
\@quotelevel=\count539
\@quotereset=\count540

(C:\Users\Floris\AppData\Local\Programs\MiKTeX\tex/latex/ntheorem\ntheorem.sty
Style `ntheorem', Version 1.33 <2011/08/15>
Package: ntheorem 2011/08/15 1.33
\theorem@style=\toks59
\theorem@@style=\toks60
\theorembodyfont=\toks61
\theoremnumbering=\toks62
\theorempreskipamount=\skip103
\theorempostskipamount=\skip104
\theoremframepreskipamount=\skip105
\theoremframepostskipamount=\skip106
\theoreminframepreskipamount=\skip107
\theoreminframepostskipamount=\skip108
\theorem@preskip=\toks63
\theorem@postskip=\toks64
\theorem@framepreskip=\toks65
\theorem@framepostskip=\toks66
\theorem@inframepreskip=\toks67
\theorem@inframepostskip=\toks68
\theoremindent=\dimen391
\theorem@indent=\dimen392
\theoremrightindent=\dimen393
\theorem@rightindent=\dimen394
\theoremheaderfont=\toks69
\theoremseparator=\toks70
\theoremprework=\toks71
\theorempostwork=\toks72
\theoremsymbol=\toks73
\qedsymbol=\toks74
\theoremkeyword=\toks75
\qedsymbol=\toks76
\thm@topsep=\skip109
\thm@topsepadd=\skip110
Package ntheorem Info: Option `thmmarks' loaded on input line 1175.
\c@endNonectr=\count541
\c@currNonectr=\count542
\mysavskip=\skip111
Package ntheorem Info: option `amsmath' handling for `thmmarks' loaded on input
 line 1175.
\thm@amstmpdepth=\dimen395
\tagwidth=\dimen396
)
Package hyperref Info: Option `colorlinks' set `true' on input line 50.

(C:\Users\Floris\AppData\Local\Programs\MiKTeX\tex/latex/geometry\geometry.sty
Package: geometry 2026/03/07 v6.0 Page Geometry

(C:\Users\Floris\AppData\Local\Programs\MiKTeX\tex/generic/iftex\ifvtex.sty
Package: ifvtex 2019/10/25 v1.7 ifvtex legacy package. Use iftex instead.
)
\Gm@cnth=\count543
\Gm@cntv=\count544
\c@Gm@tempcnt=\count545
\Gm@bindingoffset=\dimen397
\Gm@wd@mp=\dimen398
\Gm@odd@mp=\dimen399
\Gm@even@mp=\dimen400
\Gm@layoutwidth=\dimen401
\Gm@layoutheight=\dimen402
\Gm@layouthoffset=\dimen403
\Gm@layoutvoffset=\dimen404
\Gm@dimlist=\toks77

(C:\Users\Floris\AppData\Local\Programs\MiKTeX\tex/latex/geometry\geometry.cfg)
)
(C:\Users\Floris\AppData\Local\Programs\MiKTeX\tex/latex/fancyhdr\fancyhdr.sty
Package: fancyhdr 2025/02/07 v5.2 Extensive control of page headers and footers

\f@nch@headwidth=\skip112
\f@nch@offset@elh=\skip113
\f@nch@offset@erh=\skip114
\f@nch@offset@olh=\skip115
\f@nch@offset@orh=\skip116
\f@nch@offset@elf=\skip117
\f@nch@offset@erf=\skip118
\f@nch@offset@olf=\skip119
\f@nch@offset@orf=\skip120
\f@nch@height=\skip121
\f@nch@footalignment=\skip122
\f@nch@widthL=\skip123
\f@nch@widthC=\skip124
\f@nch@widthR=\skip125
\@temptokenb=\toks78
)
(C:\Users\Floris\Documents\interlanguage\04_mirrors\id\metode-aljabar-jilid-1-i
d\build\li-complete-reader-replay\metode-aljabar-jilid-1-id-lengkap.aux
(C:\Users\Floris\Documents\interlanguage\04_mirrors\id\metode-aljabar-jilid-1-i
d\build\li-complete-reader-replay\prelude.aux)
(C:\Users\Floris\Documents\interlanguage\04_mirrors\id\metode-aljabar-jilid-1-i
d\build\li-complete-reader-replay\chapter1.aux)
(C:\Users\Floris\Documents\interlanguage\04_mirrors\id\metode-aljabar-jilid-1-i
d\build\li-complete-reader-replay\chapter2.aux)
(C:\Users\Floris\Documents\interlanguage\04_mirrors\id\metode-aljabar-jilid-1-i
d\build\li-complete-reader-replay\chapter3.aux)
(C:\Users\Floris\Documents\interlanguage\04_mirrors\id\metode-aljabar-jilid-1-i
d\build\li-complete-reader-replay\chapter4.aux)
(C:\Users\Floris\Documents\interlanguage\04_mirrors\id\metode-aljabar-jilid-1-i
d\build\li-complete-reader-replay\chapter5.aux)
(C:\Users\Floris\Documents\interlanguage\04_mirrors\id\metode-aljabar-jilid-1-i
d\build\li-complete-reader-replay\chapter6.aux)
(C:\Users\Floris\Documents\interlanguage\04_mirrors\id\metode-aljabar-jilid-1-i
d\build\li-complete-reader-replay\chapter7.aux)
(C:\Users\Floris\Documents\interlanguage\04_mirrors\id\metode-aljabar-jilid-1-i
d\build\li-complete-reader-replay\chapter8.aux)
(C:\Users\Floris\Documents\interlanguage\04_mirrors\id\metode-aljabar-jilid-1-i
d\build\li-complete-reader-replay\chapter9.aux)
(C:\Users\Floris\Documents\interlanguage\04_mirrors\id\metode-aljabar-jilid-1-i
d\build\li-complete-reader-replay\chapter10.aux))
\openout1 = `metode-aljabar-jilid-1-id-lengkap.aux'.

LaTeX Font Info:    Checking defaults for OML/cmm/m/it on input line 50.
LaTeX Font Info:    ... okay on input line 50.
LaTeX Font Info:    Checking defaults for OMS/cmsy/m/n on input line 50.
LaTeX Font Info:    ... okay on input line 50.
LaTeX Font Info:    Checking defaults for OT1/cmr/m/n on input line 50.
LaTeX Font Info:    ... okay on input line 50.
LaTeX Font Info:    Checking defaults for T1/cmr/m/n on input line 50.
LaTeX Font Info:    ... okay on input line 50.
LaTeX Font Info:    Checking defaults for TS1/cmr/m/n on input line 50.
LaTeX Font Info:    ... okay on input line 50.
LaTeX Font Info:    Checking defaults for TU/lmr/m/n on input line 50.
LaTeX Font Info:    ... okay on input line 50.
LaTeX Font Info:    Checking defaults for OMX/cmex/m/n on input line 50.
LaTeX Font Info:    ... okay on input line 50.
LaTeX Font Info:    Checking defaults for U/cmr/m/n on input line 50.
LaTeX Font Info:    ... okay on input line 50.
LaTeX Font Info:    Checking defaults for PD1/pdf/m/n on input line 50.
LaTeX Font Info:    ... okay on input line 50.
LaTeX Font Info:    Checking defaults for PU/pdf/m/n on input line 50.
LaTeX Font Info:    ... okay on input line 50.

Package fontspec Info: 
(fontspec)             Adjusting the maths setup (use [no-math] to avoid
(fontspec)             this).

\symlegacymaths=\mathgroup8
LaTeX Font Info:    Overwriting symbol font `legacymaths' in version `bold'
(Font)                  OT1/cmr/m/n --> OT1/cmr/bx/n on input line 50.
LaTeX Font Info:    Redeclaring math accent \acute on input line 50.
LaTeX Font Info:    Redeclaring math accent \grave on input line 50.
LaTeX Font Info:    Redeclaring math accent \ddot on input line 50.
LaTeX Font Info:    Redeclaring math accent \tilde on input line 50.
LaTeX Font Info:    Redeclaring math accent \bar on input line 50.
LaTeX Font Info:    Redeclaring math accent \breve on input line 50.
LaTeX Font Info:    Redeclaring math accent \check on input line 50.
LaTeX Font Info:    Redeclaring math accent \hat on input line 50.
LaTeX Font Info:    Redeclaring math accent \dot on input line 50.
LaTeX Font Info:    Redeclaring math accent \mathring on input line 50.
LaTeX Font Info:    Redeclaring math symbol \Gamma on input line 50.
LaTeX Font Info:    Redeclaring math symbol \Delta on input line 50.
LaTeX Font Info:    Redeclaring math symbol \Theta on input line 50.
LaTeX Font Info:    Redeclaring math symbol \Lambda on input line 50.
LaTeX Font Info:    Redeclaring math symbol \Xi on input line 50.
LaTeX Font Info:    Redeclaring math symbol \Pi on input line 50.
LaTeX Font Info:    Redeclaring math symbol \Sigma on input line 50.
LaTeX Font Info:    Redeclaring math symbol \Upsilon on input line 50.
LaTeX Font Info:    Redeclaring math symbol \Phi on input line 50.
LaTeX Font Info:    Redeclaring math symbol \Psi on input line 50.
LaTeX Font Info:    Redeclaring math symbol \Omega on input line 50.
LaTeX Font Info:    Redeclaring math symbol \mathdollar on input line 50.
LaTeX Font Info:    Redeclaring symbol font `operators' on input line 50.
LaTeX Font Info:    Encoding `OT1' has changed to `TU' for symbol font
(Font)              `operators' in the math version `normal' on input line 50.
LaTeX Font Info:    Overwriting symbol font `operators' in version `normal'
(Font)                  OT1/cmr/m/n --> TU/lmr/m/n on input line 50.
LaTeX Font Info:    Encoding `OT1' has changed to `TU' for symbol font
(Font)              `operators' in the math version `bold' on input line 50.
LaTeX Font Info:    Overwriting symbol font `operators' in version `bold'
(Font)                  OT1/cmr/bx/n --> TU/lmr/m/n on input line 50.
LaTeX Font Info:    Overwriting symbol font `operators' in version `normal'
(Font)                  TU/lmr/m/n --> TU/lmr/m/n on input line 50.
LaTeX Font Info:    Overwriting math alphabet `\mathit' in version `normal'
(Font)                  OT1/cmr/m/it --> TU/lmr/m/it on input line 50.
LaTeX Font Info:    Overwriting math alphabet `\mathbf' in version `normal'
(Font)                  OT1/cmr/bx/n --> TU/lmr/b/n on input line 50.
LaTeX Font Info:    Overwriting math alphabet `\mathsf' in version `normal'
(Font)                  OT1/cmss/m/n --> TU/texgyreheros(0)/m/n on input line 5
0.
LaTeX Font Info:    Overwriting math alphabet `\mathtt' in version `normal'
(Font)                  OT1/cmtt/m/n --> TU/lmtt/m/n on input line 50.
LaTeX Font Info:    Overwriting symbol font `operators' in version `bold'
(Font)                  TU/lmr/m/n --> TU/lmr/b/n on input line 50.
LaTeX Font Info:    Overwriting math alphabet `\mathit' in version `bold'
(Font)                  OT1/cmr/bx/it --> TU/lmr/b/it on input line 50.
LaTeX Font Info:    Overwriting math alphabet `\mathsf' in version `bold'
(Font)                  OT1/cmss/bx/n --> TU/texgyreheros(0)/b/n on input line 
50.
LaTeX Font Info:    Overwriting math alphabet `\mathtt' in version `bold'
(Font)                  OT1/cmtt/m/n --> TU/lmtt/b/n on input line 50.

(C:\Users\Floris\AppData\Local\Programs\MiKTeX\tex/latex/pdflscape\pdflscape.st
y
Package: pdflscape 2022-10-27 v0.13 Display of landscape pages in PDF

(C:\Users\Floris\AppData\Local\Programs\MiKTeX\tex/latex/pdflscape\pdflscape-no
metadata.sty
Package: pdflscape-nometadata 2022-10-28 v0.13 Display of landscape pages in PD
F (HO)

(C:\Users\Floris\AppData\Local\Programs\MiKTeX\tex/latex/graphics\lscape.sty
Package: lscape 2020/05/28 v3.02 Landscape Pages (DPC)
)
Package pdflscape Info: Auto-detected driver: dvipdfm (xetex) on input line 98.

))
Package biblatex Info: Trying to load language 'english'...
Package biblatex Info: ... file 'english.lbx' found.

(C:\Users\Floris\AppData\Local\Programs\MiKTeX\tex/latex/biblatex/lbx\english.l
bx
File: english.lbx 2025/07/10 v3.21 biblatex localization (PK/MW)
)
Package biblatex Info: XeTeX detected.
(biblatex)             Assuming input encoding 'utf8'.
Package biblatex Info: Automatic encoding selection.
(biblatex)             Assuming data encoding 'utf8'.
\openout4 = `metode-aljabar-jilid-1-id-lengkap.bcf'.

Package biblatex Info: Trying to load bibliographic data...
Package biblatex Info: ... file 'metode-aljabar-jilid-1-id-lengkap.bbl' found.

(C:\Users\Floris\Documents\interlanguage\04_mirrors\id\metode-aljabar-jilid-1-i
d\build\li-complete-reader-replay\metode-aljabar-jilid-1-id-lengkap.bbl)
Package biblatex Info: Reference section=0 on input line 50.
Package biblatex Info: Reference segment=0 on input line 50.

isodate: babel.sty, (n)german.sty have not been loaded
\c@currtheoremctr=\count546
\c@endtheoremctr=\count547
\c@theorem=\count548
\c@currcorollaryctr=\count549
\c@endcorollaryctr=\count550
\c@currlemmactr=\count551
\c@endlemmactr=\count552
\c@currpropositionctr=\count553
\c@endpropositionctr=\count554
\c@currdefinitionctr=\count555
\c@enddefinitionctr=\count556
\c@currdefinition-theoremctr=\count557
\c@enddefinition-theoremctr=\count558
\c@currdefinition-propositionctr=\count559
\c@enddefinition-propositionctr=\count560
\c@currhypothesisctr=\count561
\c@endhypothesisctr=\count562
\c@currconjecturectr=\count563
\c@endconjecturectr=\count564
\c@currexamplectr=\count565
\c@endexamplectr=\count566
\c@currremarkctr=\count567
\c@endremarkctr=\count568
\c@currconventionctr=\count569
\c@endconventionctr=\count570
\c@currexercisectr=\count571
\c@endexercisectr=\count572
\c@currproofctr=\count573
\c@endproofctr=\count574
\c@proof=\count575
Package pgfplots notification 'compat/show suggested version=true': document ha
s been generated with the most recent feature set (\pgfplotsset{compat=1.18}).

Package hyperref Info: Link coloring ON on input line 50.

(C:\Users\Floris\Documents\interlanguage\04_mirrors\id\metode-aljabar-jilid-1-i
d\build\li-complete-reader-replay\metode-aljabar-jilid-1-id-lengkap.out)
(C:\Users\Floris\Documents\interlanguage\04_mirrors\id\metode-aljabar-jilid-1-i
d\build\li-complete-reader-replay\metode-aljabar-jilid-1-id-lengkap.out)
\@outlinefile=\write7
\openout7 = `metode-aljabar-jilid-1-id-lengkap.out'.


*geometry* driver: auto-detecting
*geometry* detected driver: xetex
*geometry* verbose mode - [ preamble ] result:
* driver: xetex
* paper: b5paper
* layout: <same size as paper>
* layoutoffset:(h,v)=(0.0pt,0.0pt)
* modes: twoside asymmetric 
* h-part:(L,W,R)=(50.07684pt, 375.57637pt, 75.11528pt)
* v-part:(T,H,B)=(59.18173pt, 563.36456pt, 88.7726pt)
* \paperwidth=500.7685pt
* \paperheight=711.3189pt
* \textwidth=375.57637pt
* \textheight=563.36456pt
* \oddsidemargin=-22.19315pt
* \evensidemargin=-22.19315pt
* \topmargin=-56.18823pt
* \headheight=22.04999pt
* \headsep=21.54999pt
* \topskip=10.0pt
* \footskip=25.29494pt
* \marginparwidth=125.0pt
* \marginparsep=7.0pt
* \columnsep=10.0pt
* \skip\footins=9.0pt plus 4.0pt minus 2.0pt
* \hoffset=0.0pt
* \voffset=0.0pt
* \mag=1000
* \@twocolumnfalse
* \@twosidetrue
* \@mparswitchfalse
* \@reversemarginfalse
* (1in=72.27pt=25.4mm, 1cm=28.453pt)

Package hyperref Info: Option `pageanchor' set `false' on input line 51.
(coverpage-id-full.tex

Package fontspec Info: 
(fontspec)             Font family 'NotoSerifCJKsc-Bold.otf(0)' created for
(fontspec)             font 'NotoSerifCJKsc-Bold.otf' with options
(fontspec)             [Ligatures=TeX,Script={CJK},Path={../fonts/}].
(fontspec)              
(fontspec)              This font family consists of the following NFSS
(fontspec)             series/shapes:
(fontspec)              
(fontspec)             - 'normal' (m/n) with NFSS spec.:
(fontspec)             <->"[../fonts/NotoSerifCJKsc-Bold.otf]/OT:script=hani;la
nguage=dflt;mapping=tex-text;"


Package fontspec Info: 
(fontspec)             Font family 'NotoSansCJKsc-Regular.otf(1)' created for
(fontspec)             font 'NotoSansCJKsc-Regular.otf' with options
(fontspec)             [Ligatures=TeX,Script={CJK},Path={../fonts/}].
(fontspec)              
(fontspec)              This font family consists of the following NFSS
(fontspec)             series/shapes:
(fontspec)              
(fontspec)             - 'normal' (m/n) with NFSS spec.:
(fontspec)             <->"[../fonts/NotoSansCJKsc-Regular.otf]/OT:script=hani;
language=dflt;mapping=tex-text;"


Package fontspec Info: 
(fontspec)             Script 'CJK' not explicitly supported within font
(fontspec)             'FandolHei-Regular'. Check the typeset output, and if
(fontspec)             it is okay then ignore this warning. Otherwise a
(fontspec)             different font should be chosen.


Package fontspec Info: 
(fontspec)             Font family 'FandolHei-Regular.otf(0)' created for font
(fontspec)             'FandolHei-Regular.otf' with options
(fontspec)             [Ligatures=TeX,Script={CJK},BoldFont={FandolHei-Bold.otf
}].
(fontspec)              
(fontspec)              This font family consists of the following NFSS
(fontspec)             series/shapes:
(fontspec)              
(fontspec)             - 'normal' (m/n) with NFSS spec.:
(fontspec)             <->"[FandolHei-Regular.otf]/OT:script=hani;language=dflt
;mapping=tex-text;"
(fontspec)             - 'bold' (b/n) with NFSS spec.:
(fontspec)             <->"[FandolHei-Bold.otf]/OT:script=hani;language=dflt;ma
pping=tex-text;"

 [1


]

Package fontspec Info: 
(fontspec)             Font family 'NotoSansCJKsc-Regular.otf(2)' created for
(fontspec)             font 'NotoSansCJKsc-Regular.otf' with options
(fontspec)             [Ligatures=TeX,Script={CJK},Path={../fonts/},BoldFont={N
otoSansCJKsc-Black.otf}].
(fontspec)              
(fontspec)              This font family consists of the following NFSS
(fontspec)             series/shapes:
(fontspec)              
(fontspec)             - 'normal' (m/n) with NFSS spec.:
(fontspec)             <->"[../fonts/NotoSansCJKsc-Regular.otf]/OT:script=hani;
language=dflt;mapping=tex-text;"
(fontspec)             - 'bold' (b/n) with NFSS spec.:
(fontspec)             <->"[../fonts/NotoSansCJKsc-Black.otf]/OT:script=hani;la
nguage=dflt;mapping=tex-text;"


Package fontspec Info: 
(fontspec)             Script 'CJK' not explicitly supported within font
(fontspec)             'FandolHei-Regular'. Check the typeset output, and if
(fontspec)             it is okay then ignore this warning. Otherwise a
(fontspec)             different font should be chosen.

File: ccby.png Graphic file (type bmp)
<ccby.png>
LaTeX Font Info:    Trying to load font information for U+msa on input line 58.


(C:\Users\Floris\AppData\Local\Programs\MiKTeX\tex/latex/amsfonts\umsa.fd
File: umsa.fd 2013/01/14 v3.01 AMS symbols A
)
LaTeX Font Info:    Trying to load font information for U+msb on input line 58.


(C:\Users\Floris\AppData\Local\Programs\MiKTeX\tex/latex/amsfonts\umsb.fd
File: umsb.fd 2013/01/14 v3.01 AMS symbols B
)
LaTeX Font Info:    Trying to load font information for U+rsfs on input line 58
.

(C:\Users\Floris\AppData\Local\Programs\MiKTeX\tex/latex/jknappen\ursfs.fd
File: ursfs.fd 1998/03/24 rsfs font definition file (jk)
)
LaTeX Font Info:    Trying to load font information for U+stmry on input line 5
8.

(C:\Users\Floris\AppData\Local\Programs\MiKTeX\tex/latex/stmaryrd\ustmry.fd)
Underfull \hbox (badness 1033) in paragraph at lines 56--66
\TU/texgyreheros(0)/m/n/9 nans produksi: []; catatan ini terpisah dari
 []

[2

])
(C:\Users\Floris\Documents\interlanguage\04_mirrors\id\metode-aljabar-jilid-1-i
d\build\li-complete-reader-replay\metode-aljabar-jilid-1-id-lengkap.toc

Package fontspec Info: 
(fontspec)             Script 'CJK' not explicitly supported within font
(fontspec)             'FandolHei-Regular'. Check the typeset output, and if
(fontspec)             it is okay then ignore this warning. Otherwise a
(fontspec)             different font should be chosen.


Package fontspec Info: 
(fontspec)             Font family 'FandolHei-Regular.otf(1)' created for font
(fontspec)             'FandolHei-Regular.otf' with options
(fontspec)             [Ligatures=TeX,Script={CJK},BoldFont={FandolHei-Bold.otf
},ItalicFont={FandolHei-Regular.otf}].
(fontspec)              
(fontspec)              This font family consists of the following NFSS
(fontspec)             series/shapes:
(fontspec)              
(fontspec)             - 'normal' (m/n) with NFSS spec.:
(fontspec)             <->"[FandolHei-Regular.otf]/OT:script=hani;language=dflt
;mapping=tex-text;"
(fontspec)             - 'bold' (b/n) with NFSS spec.:
(fontspec)             <->"[FandolHei-Bold.otf]/OT:script=hani;language=dflt;ma
pping=tex-text;"
(fontspec)             - 'italic' (m/it) with NFSS spec.:
(fontspec)             <->"[FandolHei-Regular.otf]/OT:script=hani;language=dflt
;mapping=tex-text;"


[1


] [2] [3])
\tf@toc=\write8
\openout8 = `metode-aljabar-jilid-1-id-lengkap.toc'.

 [4]
Package hyperref Info: Option `pageanchor' set `true' on input line 63.
*geometry* verbose mode - [ newgeometry ] result:
* driver: xetex
* paper: b5paper
* layout: <same size as paper>
* layoutoffset:(h,v)=(0.0pt,0.0pt)
* hratio: 1:1
* vratio: 1:1
* modes: twoside 
* h-part:(L,W,R)=(48.36967pt, 404.02913pt, 48.36969pt)
* v-part:(T,H,B)=(73.97716pt, 563.36456pt, 73.97717pt)
* \paperwidth=500.7685pt
* \paperheight=711.3189pt
* \textwidth=404.02913pt
* \textheight=563.36456pt
* \oddsidemargin=-23.90031pt
* \evensidemargin=-23.9003pt
* \topmargin=-41.3928pt
* \headheight=21.54999pt
* \headsep=21.54999pt
* \topskip=10.0pt
* \footskip=25.29494pt
* \marginparwidth=125.0pt
* \marginparsep=7.0pt
* \columnsep=10.0pt
* \skip\footins=9.0pt plus 4.0pt minus 2.0pt
* \hoffset=0.0pt
* \voffset=0.0pt
* \mag=1000
* \@twocolumnfalse
* \@twosidetrue
* \@mparswitchtrue
* \@reversemarginfalse
* (1in=72.27pt=25.4mm, 1cm=28.453pt)

\openout2 = `prelude.aux'.

 (prelude.tex [1




] [2] [3]

Package fontspec Info: 
(fontspec)             Script 'CJK' not explicitly supported within font
(fontspec)             'FandolKai-Regular'. Check the typeset output, and if
(fontspec)             it is okay then ignore this warning. Otherwise a
(fontspec)             different font should be chosen.


Package fontspec Info: 
(fontspec)             Font family 'FandolKai-Regular.otf(0)' created for font
(fontspec)             'FandolKai-Regular.otf' with options
(fontspec)             [Ligatures=TeX,Script={CJK},BoldFont={FandolKai-Regular.
otf},ItalicFont={FandolKai-Regular.otf}].
(fontspec)              
(fontspec)              This font family consists of the following NFSS
(fontspec)             series/shapes:
(fontspec)              
(fontspec)             - 'normal' (m/n) with NFSS spec.:
(fontspec)             <->"[FandolKai-Regular.otf]/OT:script=hani;language=dflt
;mapping=tex-text;"
(fontspec)             - 'bold' (b/n) with NFSS spec.:
(fontspec)             <->"[FandolKai-Regular.otf]/OT:script=hani;language=dflt
;mapping=tex-text;"
(fontspec)             - 'italic' (m/it) with NFSS spec.:
(fontspec)             <->"[FandolKai-Regular.otf]/OT:script=hani;language=dflt
;mapping=tex-text;"

 [4]
Underfull \hbox (badness 1028) in paragraph at lines 56--57
\TU/lmr/m/n/10 pembaca hendaknya mengenal, atau setidaknya bersedia menerima, p
enggunaan
 []

[5] [6] [7]

Package fontspec Info: 
(fontspec)             Script 'CJK' not explicitly supported within font
(fontspec)             'FandolHei-Regular'. Check the typeset output, and if
(fontspec)             it is okay then ignore this warning. Otherwise a
(fontspec)             different font should be chosen.


Package fontspec Info: 
(fontspec)             Font family 'FandolHei-Regular.otf(2)' created for font
(fontspec)             'FandolHei-Regular.otf' with options
(fontspec)             [Ligatures=TeX,Script={CJK},BoldFont={FandolHei-Regular.
otf}].
(fontspec)              
(fontspec)              This font family consists of the following NFSS
(fontspec)             series/shapes:
(fontspec)              
(fontspec)             - 'normal' (m/n) with NFSS spec.:
(fontspec)             <->"[FandolHei-Regular.otf]/OT:script=hani;language=dflt
;mapping=tex-text;"
(fontspec)             - 'bold' (b/n) with NFSS spec.:
(fontspec)             <->"[FandolHei-Regular.otf]/OT:script=hani;language=dflt
;mapping=tex-text;"

 [8] [9] [10] [11]) [12]
\openout2 = `chapter1.aux'.

 (chapter1.tex
Chapter 1.
[13




] [14] [15] [16] [17]

Package fontspec Info: 
(fontspec)             Script 'CJK' not explicitly supported within font
(fontspec)             'FandolFang-Regular'. Check the typeset output, and if
(fontspec)             it is okay then ignore this warning. Otherwise a
(fontspec)             different font should be chosen.


Package fontspec Info: 
(fontspec)             Font family 'FandolFang-Regular.otf(0)' created for
(fontspec)             font 'FandolFang-Regular.otf' with options
(fontspec)             [Ligatures=TeX,Script={CJK},BoldFont={FandolSong-Bold.ot
f},ItalicFont={FandolKai-Regular.otf}].
(fontspec)              
(fontspec)              This font family consists of the following NFSS
(fontspec)             series/shapes:
(fontspec)              
(fontspec)             - 'normal' (m/n) with NFSS spec.:
(fontspec)             <->"[FandolFang-Regular.otf]/OT:script=hani;language=dfl
t;mapping=tex-text;"
(fontspec)             - 'bold' (b/n) with NFSS spec.:
(fontspec)             <->"[FandolSong-Bold.otf]/OT:script=hani;language=dflt;m
apping=tex-text;"
(fontspec)             - 'italic' (m/it) with NFSS spec.:
(fontspec)             <->"[FandolKai-Regular.otf]/OT:script=hani;language=dflt
;mapping=tex-text;"

Package hyperref Info: bookmark level for unknown definition defaults to 0 on i
nput line 90.
 [18]

Package fontspec Info: 
(fontspec)             Script 'CJK' not explicitly supported within font
(fontspec)             'FandolSong-Regular'. Check the typeset output, and if
(fontspec)             it is okay then ignore this warning. Otherwise a
(fontspec)             different font should be chosen.


Package fontspec Info: 
(fontspec)             Font family 'FandolSong-Regular.otf(1)' created for
(fontspec)             font 'FandolSong-Regular.otf' with options
(fontspec)             [Ligatures=TeX,Script={CJK},BoldFont={FandolSong-Bold.ot
f},ItalicFont={FandolKai-Regular.otf}].
(fontspec)              
(fontspec)              This font family consists of the following NFSS
(fontspec)             series/shapes:
(fontspec)              
(fontspec)             - 'normal' (m/n) with NFSS spec.:
(fontspec)             <->"[FandolSong-Regular.otf]/OT:script=hani;language=dfl
t;mapping=tex-text;"
(fontspec)             - 'bold' (b/n) with NFSS spec.:
(fontspec)             <->"[FandolSong-Bold.otf]/OT:script=hani;language=dflt;m
apping=tex-text;"
(fontspec)             - 'italic' (m/it) with NFSS spec.:
(fontspec)             <->"[FandolKai-Regular.otf]/OT:script=hani;language=dflt
;mapping=tex-text;"

Package hyperref Info: bookmark level for unknown example defaults to 0 on inpu
t line 130.
Package hyperref Info: bookmark level for unknown lemma defaults to 0 on input 
line 133.

Package fontspec Info: 
(fontspec)             Font family 'NotoSansCJKsc-Regular.otf(3)' created for
(fontspec)             font 'NotoSansCJKsc-Regular.otf' with options
(fontspec)             [Ligatures=TeX,Script={CJK},Path={../fonts/},BoldFont={N
otoSansCJKsc-Medium.otf}].
(fontspec)              
(fontspec)              This font family consists of the following NFSS
(fontspec)             series/shapes:
(fontspec)              
(fontspec)             - 'normal' (m/n) with NFSS spec.:
(fontspec)             <->"[../fonts/NotoSansCJKsc-Regular.otf]/OT:script=hani;
language=dflt;mapping=tex-text;"
(fontspec)             - 'bold' (b/n) with NFSS spec.:
(fontspec)             <->"[../fonts/NotoSansCJKsc-Medium.otf]/OT:script=hani;l
anguage=dflt;mapping=tex-text;"

Package hyperref Info: bookmark level for unknown proof defaults to 0 on input 
line 142.
 [19]
Package hyperref Info: bookmark level for unknown theorem defaults to 0 on inpu
t line 171.
 [20]
Package hyperref Info: bookmark level for unknown proposition defaults to 0 on 
input line 183.
 [21]
Underfull \hbox (badness 1028) in paragraph at lines 208--210
[][]\TU/lmr/m/n/10 Misalkan $\OML/cmm/m/it/10 C$ \TU/lmr/m/n/10 suatu kelas yan
g terdiri atas ordinal.
 []

Package hyperref Info: bookmark level for unknown remark defaults to 0 on input
 line 220.
[22] [23]
Underfull \hbox (badness 3780) in paragraph at lines 270--271
[][]\TU/lmr/m/n/10 Setiap himpunan $\OML/cmm/m/it/10 S$ \TU/lmr/m/n/10 dapat
 []

[24] [25] [26] [27]
Package hyperref Info: bookmark level for unknown corollary defaults to 0 on in
put line 416.
 [28] [29]
Package hyperref Info: bookmark level for unknown hypothesis defaults to 0 on i
nput line 461.

Underfull \hbox (badness 2951) in paragraph at lines 462--463
[][]\TU/lmr/m/n/10 Untuk setiap himpunan $\OML/cmm/m/it/10 X$\TU/lmr/m/n/10 , t
erdapat semesta $\OMS/cmsy/m/n/10 U$
 []

[30] [31] [32]) [33]
\openout2 = `chapter2.aux'.

 (chapter2.tex
Chapter 2.

Underfull \hbox (badness 10000) in paragraph at lines 9--9
[]\TU/texgyreheros(0)/b/n/24.88 Dasar-Dasar Teori
 []


Underfull \hbox (badness 10000) in paragraph at lines 9--9
[]\TU/texgyreheros(0)/b/n/24.88 Dasar-Dasar Teori
 []

[34




] [35] [36] [37]
Package hyperref Info: bookmark level for unknown convention defaults to 0 on i
nput line 102.
 [38] [39] [40] [41] [42] [43]
Underfull \hbox (badness 6510) in paragraph at lines 252--253
[][]\TU/lmr/m/n/10 Di antara fungtor
 []

[44] [45] [46]
LaTeX Font Info:    Trying to load font information for U+euf on input line 386
.

(C:\Users\Floris\AppData\Local\Programs\MiKTeX\tex/latex/amsfonts\ueuf.fd
File: ueuf.fd 2013/01/14 v3.01 Euler Fraktur
)
[47] [48] [49] [50] [51]
Underfull \hbox (badness 2970) in paragraph at lines 505--506
[][]\TU/lmr/m/n/10 Untuk kategori $\OMS/cmsy/m/n/10 C$\TU/lmr/m/n/10 , pemetaan
 $\OT1/cmr/m/n/10 (\OML/cmm/m/it/10 X; Y\OT1/cmr/m/n/10 ) \OMS/cmsy/m/n/10 7! [
][]\OT1/cmr/m/n/10 (\OML/cmm/m/it/10 X; Y\OT1/cmr/m/n/10 )$
 []

[52]
Underfull \hbox (badness 4391) in paragraph at lines 532--533
[][]\TU/lmr/m/n/10 Terdapat isomorfisme natural $[]\OT1/cmr/m/n/10 (\OMS/cmsy/m
/n/10 C[]\OML/cmm/m/it/10 ; \OMS/cmsy/m/n/10 C[]\OT1/cmr/m/n/10 )[] [] [](\OMS/
cmsy/m/n/10 C[]\OML/cmm/m/it/10 ; \OMS/cmsy/m/n/10 C[]\OT1/cmr/m/n/10 )$ \TU/lm
r/m/n/10 yang
 []

[53] [54] [55] [56] [57]
Overfull \hbox (2.76985pt too wide) in paragraph at lines 705--707
\TU/lmr/m/n/10 adalah bijeksi; pemetaan ini memberikan isomorfisme natural anta
r-fungtor $[][]\OT1/cmr/m/n/10 (\OML/cmm/m/it/10 h[]\OT1/cmr/m/n/10 (\OMS/cmsy/
m/n/10 ^^A\OT1/cmr/m/n/10 )\OML/cmm/m/it/10 ; \OMS/cmsy/m/n/10 ^^A\OT1/cmr/m/n/
10 ) []
 []

[58] [59] [60]
Underfull \hbox (badness 3780) in paragraph at lines 785--787
\TU/lmr/m/n/10 dan bersifat fungtorial dalam variabel $\OML/cmm/m/it/10 V; W$\T
U/lmr/m/n/10 , sehingga diperoleh pasangan adjoin
 []

[61] [62] [63] [64]
Underfull \hbox (badness 3977) in paragraph at lines 923--924
[]\TU/lmr/m/n/10 Dengan notasi pada Contoh [][]2.4.6[][], fungtor adjoin kiri d
ari fungtor inklusi
 []

[65]
Underfull \hbox (badness 2351) in paragraph at lines 958--963
[][]\TU/lmr/m/n/10 Tinjau fungtor-fungtor [] Jika $\OT1/cmr/m/n/10 (\OML/cmm/m/
it/10 F; G; ^^Q; "\OT1/cmr/m/n/10 )$ \TU/lmr/m/n/10 dan
 []

[66] [67] [68] [69] [70]
Underfull \hbox (badness 1946) in paragraph at lines 1177--1178
[]\TU/lmr/m/n/10 Dengan demikian, limit induktif dari $\OML/cmm/m/it/10 ^^K$ \T
U/lmr/m/n/10 dapat dipahami kembali sebagai data
 []

[71] [72] [73] [74] [75] [76] [77] [78] [79]
Underfull \hbox (badness 4940) in paragraph at lines 1434--1440
\TU/lmr/m/n/10 Maka, dari sifat universal produk diperoleh morfisme-morfisme ya
ng bersesuaian
 []

[80] [81]
Underfull \hbox (badness 3919) in paragraph at lines 1513--1514
[]\TU/lmr/m/n/10 Koproduk suatu keluarga grup abelian $\OT1/cmr/m/n/10 (\OML/cm
m/m/it/10 G[]\OT1/cmr/m/n/10 )[]$ \TU/lmr/m/n/10 adalah jumlah langsung
 []


Underfull \hbox (badness 6859) in paragraph at lines 1513--1514
\TU/lmr/m/n/10 grup abelian $[][] \OML/cmm/m/it/10 G[]$ \TU/lmr/m/n/10 (Proposi
si [][]4.8.11[][]), bersama morfisme inklusinya
 []

[82] [83] [84] [85]
Overfull \hbox (0.10614pt too wide) in paragraph at lines 1640--1641
[]\TU/lmr/m/n/9 Misalkan $\U/msb/m/n/9 |$ \TU/lmr/m/n/9 medan. Buktikan bahwa d
alam kategori ruang vektor-$\U/msb/m/n/9 |$\TU/lmr/m/n/9 , $[]\OT1/cmr/m/n/9 (\
U/msb/m/n/9 |\OT1/cmr/m/n/9 )$\TU/lmr/m/n/9 , setiap objek isomor-
 []

) [86]
\openout2 = `chapter3.aux'.

 (chapter3.tex
Chapter 3.
[87




] [88] [89] [90] [91] [92] [93] [94] [95] [96] [97] [98]
Underfull \hbox (badness 1675) in paragraph at lines 365--366
[][]\TU/lmr/m/n/10 Misalkan $\OMS/cmsy/m/n/10 V$ \TU/lmr/m/n/10 kategori monoid
al berkepang.
 []

[99] [100] [101] [102] [103]
LaTeX Font Info:    Trying to load font information for U+eus on input line 530
.

(C:\Users\Floris\AppData\Local\Programs\MiKTeX\tex/latex/amsfonts\ueus.fd
File: ueus.fd 2013/01/14 v3.01 Euler Script
)
[104] [105] [106] [107]
Underfull \hbox (badness 10000) in paragraph at lines 703--704
[][]\TU/lmr/m/n/10 Fungtor antarkategori-$[]$ (lihat
 []

[108] [109] [110] [111] [112] [113] [114]) [115]
\openout2 = `chapter4.aux'.

 (chapter4.tex
Chapter 4.
[116




] [117] [118]
Underfull \hbox (badness 1389) in paragraph at lines 81--82
[][]\TU/lmr/m/n/10 Tinjau himpunan $\OML/cmm/m/it/10 M[]\OT1/cmr/m/n/10 (\U/msb
/m/n/10 R\OT1/cmr/m/n/10 )$ \TU/lmr/m/n/10 dari semua matriks real
 []

[119] [120] [121] [122] [123] [124] [125] [126] [127]
Package hyperref Info: bookmark level for unknown definition-theorem defaults t
o 0 on input line 335.
 [128]
Underfull \hbox (badness 1406) in paragraph at lines 372--373
[]\TU/lmr/m/n/10 Tuliskan unsur-unsur $[][] \OML/cmm/m/it/10 M[]$ \TU/lmr/m/n/1
0 sebagai $\OT1/cmr/m/n/10 (\OML/cmm/m/it/10 x[]\OT1/cmr/m/n/10 )[]$\TU/lmr/m/n
/10 ; operasi binernya diberikan oleh
 []

[129] [130] [131] [132] [133] [134] [135] [136] [137] [138] [139] [140]
[141] [142] [143] [144] [145] [146] [147] [148] [149] [150] [151] [152]
[153] [154]
Underfull \hbox (badness 10000) in paragraph at lines 1167--1169
[][]\TU/lmr/m/n/10 Misalkan $\OT1/cmr/m/n/10 (\OML/cmm/m/it/10 M[]\OT1/cmr/m/n/
10 )[]$ \TU/lmr/m/n/10 suatu keluarga monoid.
 []

[155] [156] [157] [158]
Underfull \hbox (badness 6542) in paragraph at lines 1282--1294
[][]\TU/lmr/m/n/10 Misalkan $\OML/cmm/m/it/10 X$ \TU/lmr/m/n/10 se-
 []

[159] [160]
Underfull \hbox (badness 1194) in paragraph at lines 1319--1320
[][]\TU/lmr/m/n/10 Homomorfisme $\OML/cmm/m/it/10 p$ \TU/lmr/m/n/10 membawa kat
a dalam $[]\OT1/cmr/m/n/10 (\OML/cmm/m/it/10 X\OT1/cmr/m/n/10 )$ \TU/lmr/m/n/10
 yang berbentuk $\OML/cmm/m/it/10 x[] [] x[]$ \TU/lmr/m/n/10 ke
 []

[161] [162] [163] [164]
Underfull \hbox (badness 10000) in paragraph at lines 1442--1443
[][]\TU/lmr/bx/n/10 Grup selang-seling $\U/euf/m/n/10 A[]$ \TU/lmr/m/n/10 didef
inisikan sebagai
 []

[165] [166] [167] [168] [169] [170] [171] [172] [173] [174] [175] [176]
Underfull \hbox (badness 1043) in paragraph at lines 1746--1748
[][]\TU/lmr/m/n/10 Di dalam kategori $\OMS/cmsy/m/n/10 C$\TU/lmr/m/n/10 , sebua
h \TU/lmr/bx/n/10 objek grup \TU/lmr/m/n/10 adalah suatu paket data
 []

[177] [178]
Overfull \hbox (32.48814pt too wide) detected at line 1809
[]
 []

[179] [180] [181]) [182]
\openout2 = `chapter5.aux'.

 (chapter5.tex
Chapter 5.

Underfull \hbox (badness 10000) in paragraph at lines 9--9
[]\TU/texgyreheros(0)/b/n/24.88 Pengantar Teori
 []


Underfull \hbox (badness 10000) in paragraph at lines 9--9
[]\TU/texgyreheros(0)/b/n/24.88 Pengantar Teori
 []

[183




] [184] [185] [186] [187] [188] [189] [190] [191] [192] [193] [194]
[195] [196] [197] [198] [199] [200]
Underfull \hbox (badness 10000) in paragraph at lines 472--473
\U/msb/m/n/10 Q$\TU/lmr/m/n/10 , dengan penjumlahan
 []

[201]
Underfull \hbox (badness 10000) in paragraph at lines 515--516
[][]\TU/lmr/m/n/10 Misalkan $\OT1/cmr/m/n/10 (\OML/cmm/m/it/10 A; \OT1/cmr/m/n/
10 +)$
 []

[202]
File: Lanzhou.png Graphic file (type bmp)
<Lanzhou.png>
 [203] [204] [205] [206] [207]
Underfull \hbox (badness 3088) in paragraph at lines 647--649
\TU/lmr/m/n/10 Maka $[][] \OML/cmm/m/it/10 R[]$\TU/lmr/m/n/10 , bersama keluarg
a homomorfisme proyeksi $[][]$,
 []

[208] [209]
Underfull \hbox (badness 2119) in paragraph at lines 695--697
\TU/lmr/m/n/10 dengan isomorfisme-isomorfisme horizontal berasal dari Teorema S
isa Tiongkok dan
 []

[210] [211] [212] [213] [214] [215] [216]
Overfull \hbox (7.7084pt too wide) in paragraph at lines 859--861
\TU/lmr/m/n/10 Dengan notasi ini, \TU/lmr/bx/n/10 derajat total \TU/lmr/m/n/10 
polinomial $\OML/cmm/m/it/10 f$ \TU/lmr/m/n/10 didefinisikan sebagai $[] \OML/c
mm/m/it/10 f \OT1/cmr/m/n/10 := [] []$\TU/lmr/m/n/10 .
 []

[217]
Underfull \hbox (badness 1946) in paragraph at lines 891--893
\TU/lmr/m/n/10 Di sisi lain, andaikan $\OML/cmm/m/it/10 R$ \TU/lmr/m/n/10 komut
atif dan ambil himpunan bagian multiplikatif dari
 []

[218]
Underfull \hbox (badness 2401) in paragraph at lines 926--927
[][]\TU/lmr/m/n/10 Tinjau homomorfisme hasil bagi terhadap ideal $\U/euf/m/n/10
 a[] \OT1/cmr/m/n/10 = []$\TU/lmr/m/n/10 , yaitu
 []

[219] [220] [221] [222]
Underfull \hbox (badness 1533) in paragraph at lines 1002--1007
[][]\TU/lmr/m/n/10 Karena $\OML/cmm/m/it/10 R\OT1/cmr/m/n/10 [\OML/cmm/m/it/10 
S[]\OT1/cmr/m/n/10 ] \OML/cmm/m/it/10 ,[]\OMS/cmsy/m/n/10 ! []\OT1/cmr/m/n/10 (
\OML/cmm/m/it/10 R\OT1/cmr/m/n/10 )$\TU/lmr/m/n/10 , gelanggang $\OML/cmm/m/it/
10 R\OT1/cmr/m/n/10 [\OML/cmm/m/it/10 S[]\OT1/cmr/m/n/10 ]$ \TU/lmr/m/n/10 meru
pakan daerah integral.
 []

[223] [224] [225] [226] [227]
Underfull \hbox (badness 1189) in paragraph at lines 1147--1148
\TU/lmr/m/n/10 sisi [][]5.7.3[][] mengakibatkan bahwa setiap lokalisasi dari $\
OML/cmm/m/it/10 R\OT1/cmr/m/n/10 [\OML/cmm/m/it/10 X[]; [] ; X[]\OT1/cmr/m/n/10
 ]$ \TU/lmr/m/n/10 juga merupakan
 []

[228] [229] [230] [231] [232]
Overfull \hbox (36.00235pt too wide) in paragraph at lines 1274--1275
[][]\TU/lmr/m/n/10 Homomorfisme alami $\OT1/cmr/m/n/10 ^^H : \OML/cmm/m/it/10 R
\OT1/cmr/m/n/10 [\OML/cmm/m/it/10 t[]; [] ; t[]\OT1/cmr/m/n/10 ] []
 []

[233]
Overfull \hbox (17.89653pt too wide) in paragraph at lines 1287--1288
[][]\TU/lmr/m/n/10 Jelas bahwa $[]\OT1/cmr/m/n/10 (\OML/cmm/m/it/10 X[] \OMS/cm
sy/m/n/10 ^^@ \OML/cmm/m/it/10 X[]\OT1/cmr/m/n/10 )[]$ \TU/lmr/m/n/10 merupakan
 unsur $\U/msb/m/n/10 Z\OT1/cmr/m/n/10 [\OML/cmm/m/it/10 X[]; [] ; X[]\OT1/cmr/
m/n/10 ][]$\TU/lmr/m/n/10 ,
 []


Underfull \hbox (badness 1270) in paragraph at lines 1287--1288
\TU/lmr/m/n/10 sehingga dapat ditulis sebagai $\OML/cmm/m/it/10 ^^N \OMS/cmsy/m
/n/10 2 \U/msb/m/n/10 Z\OT1/cmr/m/n/10 [\OML/cmm/m/it/10 e[]; [] ; e[]\OT1/cmr/
m/n/10 ]$\TU/lmr/m/n/10 . Misalkan $\OML/cmm/m/it/10 F$ \TU/lmr/m/n/10 sebuah m
edan dan
 []

[234] [235] [236]) [237]
\openout2 = `chapter6.aux'.

 (chapter6.tex
Chapter 6.
[238




] [239] [240] [241] [242] [243] [244] [245] [246] [247]
Underfull \hbox (badness 1226) in paragraph at lines 310--311
[]\TU/lmr/m/n/10 Sebagai contoh, setiap modul $\OML/cmm/m/it/10 M$ \TU/lmr/m/n/
10 dapat dinyatakan sebagai $[]$ dari submodul-
 []

[248] [249] [250] [251]
Underfull \hbox (badness 3009) in paragraph at lines 424--425
[]\TU/lmr/m/n/10 Jika kita memakai modul kanan atas $\OML/cmm/m/it/10 R$\TU/lmr
/m/n/10 , maka secara bersesuaian diperoleh
 []

[252] [253] [254] [255] [256] [257] [258] [259] [260]
Underfull \hbox (badness 10000) in paragraph at lines 683--684
[][]\TU/lmr/m/n/10 Untuk setiap
 []

[261]
Underfull \hbox (badness 3849) in paragraph at lines 708--709
[][]\TU/lmr/m/n/10 Misalkan $\OML/cmm/m/it/10 Q; R; S; T$ \TU/lmr/m/n/10 gelang
-
 []

[262] [263] [264] [265] [266]
Overfull \hbox (14.56532pt too wide) in paragraph at lines 843--845
[][]\TU/lmr/m/n/10 Kita buktikan pernyataan pertama. Menurut Catatan [][]6.5.10
[][], $[][] []$
 []

[267] [268] [269]
Overfull \hbox (4.49455pt too wide) in paragraph at lines 966--967
[][]\TU/lmr/m/n/10 Kita hanya memberikan isomorfisme fungtor $\OML/cmm/m/it/10 
P[]\OT1/cmr/m/n/10 (\OMS/cmsy/m/n/10 ^^@\OT1/cmr/m/n/10 ) [] \OML/cmm/m/it/10 P
[]\OT1/cmr/m/n/10 (\OMS/cmsy/m/n/10 ^^@\OT1/cmr/m/n/10 ) [] \OML/cmm/m/it/10 P[
] []$
 []

[270] [271] [272] [273] [274] [275] [276] [277]
Underfull \hbox (badness 10000) in paragraph at lines 1163--1164
[][]\TU/lmr/m/n/10 Misalkan $\OML/cmm/m/it/10 A$ \TU/lmr/m/n/10 suatu grup abel
ian
 []

[278]
Underfull \hbox (badness 3701) in paragraph at lines 1185--1186
[][]\TU/lmr/m/n/10 Karena $\OML/cmm/m/it/10 D$ \TU/lmr/m/n/10 memberikan ekuiva
lensi kategori aditif, ia mengubah $\OML/cmm/m/it/10 A\OT1/cmr/m/n/10 /\OML/cmm
/m/it/10 H \OT1/cmr/m/n/10 =
 []

[279] [280] [281] [282] [283] [284] [285] [286] [287] [288] [289] [290]
[291] [292]
Underfull \hbox (badness 10000) in paragraph at lines 1597--1598
[][]\TU/lmr/m/n/10 Misalkan $\OML/cmm/m/it/10 R$ \TU/lmr/m/n/10 adalah gelangga
ng komutatif
 []

[293] [294]
Underfull \hbox (badness 10000) in paragraph at lines 1655--1656
[][]\TU/lmr/m/n/10 Untuk modul berpanjang
 []

[295] [296]
Underfull \hbox (badness 1688) in paragraph at lines 1690--1691
[]\TU/lmr/m/n/10 Sebagai akibat, misalkan diberikan dekomposisi jumlah langsung
 hingga $\OML/cmm/m/it/10 M \OT1/cmr/m/n/10 =
 []


Underfull \hbox (badness 1221) in paragraph at lines 1698--1699
[][]\TU/lmr/m/n/10 Pilih $\OML/cmm/m/it/10 m \OMS/cmsy/m/n/10 2 \OML/cmm/m/it/1
0 M \U/msb/m/n/10 r \OMS/cmsy/m/n/10 f\OT1/cmr/m/n/10 0\OMS/cmsy/m/n/10 g$\TU/l
mr/m/n/10 , tetapkan $\OML/cmm/m/it/10 M[] \OT1/cmr/m/n/10 := \OML/cmm/m/it/10 
Rm$\TU/lmr/m/n/10 , dan definisikan ideal kiri $\OML/cmm/m/it/10 R$\TU/lmr/m/n/
10 ,
 []

[297] [298]
Underfull \hbox (badness 4181) in paragraph at lines 1737--1739
\TU/lmr/m/n/10 dengan multiplisitas faktor Jordan–Hölder diperhitungkan dalam j
umlah langsung.
 []

[299] [300]
Overfull \hbox (92.92741pt too wide) detected at line 1803
[]
 []

[301] [302] [303] [304] [305] [306]) [307]
\openout2 = `chapter7.aux'.

 (chapter7.tex
Chapter 7.
[308




] [309] [310] [311] [312] [313] [314] [315] [316] [317] [318] [319]
[320] [321] [322] [323] [324] [325] [326] [327] [328] [329] [330] [331]
[332]
Overfull \hbox (11.4382pt too wide) in paragraph at lines 652--654
\TU/lmr/m/n/10 Dengan kata lain, terdapat relasi adjoin antarfungtor $[][]\OT1/
cmr/m/n/10 (\OML/cmm/m/it/10 T\OT1/cmr/m/n/10 (\OMS/cmsy/m/n/10 ^^@\OT1/cmr/m/n
/10 )\OML/cmm/m/it/10 ; \OMS/cmsy/m/n/10 ^^@\OT1/cmr/m/n/10 ) \OMS/cmsy/m/n/10 
' [][]\OT1/cmr/m/n/10 (\OMS/cmsy/m/n/10 ^^@\OML/cmm/m/it/10 ; U\OT1/cmr/m/n/10 
(\OMS/cmsy/m/n/10 ^^@\OT1/cmr/m/n/10 ))$\TU/lmr/m/n/10 ,
 []

[333] [334]
Underfull \hbox (badness 10000) in paragraph at lines 700--701
[][]\TU/lmr/m/n/10 Definisikan ideal dua sisi
 []

[335] [336] [337]
Underfull \hbox (badness 1163) in paragraph at lines 794--795
[][]\TU/lmr/m/n/10 Ambil kasus aljabar simetris sebagai contoh. Isomorfisme yan
g ditampilkan
 []

[338] [339] [340] [341] [342] [343] [344] [345] [346] [347] [348] [349]
[350] [351] [352]
Underfull \hbox (badness 1389) in paragraph at lines 1176--1178
\TU/lmr/m/n/9 di bawah hipotesis butir sebelumnya, buktikan $\OML/cmm/m/it/9 B\
OT1/cmr/m/n/9 (\OML/cmm/m/it/9 xy; z\OT1/cmr/m/n/9 ) = \OML/cmm/m/it/9 B\OT1/cm
r/m/n/9 (\OML/cmm/m/it/9 y; []z\OT1/cmr/m/n/9 ) = \OML/cmm/m/it/9 B\OT1/cmr/m/n
/9 (\OML/cmm/m/it/9 x; z[]\OT1/cmr/m/n/9 )$\TU/lmr/m/n/9 .
 []

[353]
Overfull \hbox (2.9352pt too wide) in paragraph at lines 1211--1215
[]\TU/lmr/m/n/9 Perkenalkan peubah $\OML/cmm/m/it/9 ^^U$ \TU/lmr/m/n/9 dan defi
nisikan $\OMS/cmsy/m/n/9 P \OT1/cmr/m/n/9 := []$\TU/lmr/m/n/9 .
 []

[354]) [355]
\openout2 = `chapter8.aux'.

 (chapter8.tex
Chapter 8.
[356




] [357] [358] [359] [360] [361]
Overfull \hbox (142.12717pt too wide) in paragraph at lines 152--153
[][]\TU/lmr/m/n/10 Untuk suatu ekstensi medan $\OML/cmm/m/it/10 E\OMS/cmsy/m/n/
10 j\OML/cmm/m/it/10 F$\TU/lmr/m/n/10 , tetapkan $\OMS/cmsy/m/n/10 E \OT1/cmr/m
/n/10 = \OMS/cmsy/m/n/10 f\OML/cmm/m/it/10 E\OMS/cmsy/m/n/10 j\OML/cmm/m/it/10 
F []\OMS/cmsy/m/n/10 g$\TU/lmr/m/n/10 ;
 []

[362] [363] [364] [365] [366] [367] [368] [369] [370] [371]
Underfull \hbox (badness 1360) in paragraph at lines 451--452
[]\TU/lmr/m/n/10 Untuk setiap medan $\OML/cmm/m/it/10 F$\TU/lmr/m/n/10 , Propos
isi [][]5.6.7[][], melalui rumus biasa $\OT1/cmr/m/n/10 ([][] \OML/cmm/m/it/10 
a[]X[]\OT1/cmr/m/n/10 )[] =
 []

[372] [373] [374] [375] [376] [377] [378] [379] [380] [381] [382] [383]
[384] [385]
Underfull \hbox (badness 1052) in paragraph at lines 879--880
[][]\TU/lmr/m/n/10 Menurut teorema dasar polinomial simetris, Teorema [][]5.8.5
[][], polinomial
 []

[386] [387] [388] [389] [390] [391] [392] [393] [394] [395]) [396]
\openout2 = `chapter9.aux'.


(chapter9.tex
Chapter 9.
[397




] [398] [399] [400]
Underfull \hbox (badness 1057) in paragraph at lines 112--113
[][]\TU/lmr/m/n/10 Misalkan $\OML/cmm/m/it/10 E\OMS/cmsy/m/n/10 j\OML/cmm/m/it/
10 F$ \TU/lmr/m/n/10 ekstensi Galois hingga.
 []

[401] [402] [403] [404] [405] [406] [407] [408] [409] [410] [411] [412]
[413] [414] [415] [416] [417]
Underfull \hbox (badness 1521) in paragraph at lines 589--590
[][]\TU/lmr/m/n/10 Misalkan $\OT1/cmr/m/n/10 (^^@\OML/cmm/m/it/10 ; \OMS/cmsy/m
/n/10 ^^A\OT1/cmr/m/n/10 )$ \TU/lmr/m/n/10 suatu monoid dan $\OML/cmm/m/it/10 E
$ \TU/lmr/m/n/10 suatu daerah
 []


Overfull \hbox (67.2108pt too wide) in paragraph at lines 607--608
[][]\TU/lmr/m/n/10 Teorema [][]9.5.1[][] menyatakan bahwa subhimpunan $[]$
 []

[418] [419] [420] [421] [422] [423]
Overfull \hbox (21.89754pt too wide) detected at line 763
[][]
 []

[424] [425]
Overfull \hbox (7.76027pt too wide) detected at line 817
[]
 []

[426] [427] [428]
Underfull \hbox (badness 1629) in paragraph at lines 905--906
[][]\TU/lmr/m/n/10 Ekstensi separabel hingga $\OML/cmm/m/it/10 E\OMS/cmsy/m/n/1
0 j\OML/cmm/m/it/10 F$ \TU/lmr/m/n/10 dapat diselesaikan dengan
 []

[429]
Overfull \hbox (43.4256pt too wide) detected at line 928
\OML/cmm/m/it/10 m \OT1/cmr/m/n/10 := []  []\OML/cmm/m/it/10 ;
 []

[430] [431] [432] [433] [434] [435] [436] [437] [438] [439]
Underfull \hbox (badness 2426) in paragraph at lines 1134--1135
[]\TU/lmr/m/n/9 Misalkan $\OML/cmm/m/it/9 D[]; [] ; D[]$ \TU/lmr/m/n/9 bilangan
 bulat bebas kuadrat yang saling koprima. Tetapkan
 []

[440] [441]) [442]
\openout2 = `chapter10.aux'.

 (chapter10.tex
Chapter 10.
[443




] [444]
Underfull \hbox (badness 2617) in paragraph at lines 49--51
\TU/lmr/m/n/10 Syarat-syarat filter mudah diperiksa untuk $\U/euf/m/n/10 F$\TU/
lmr/m/n/10 ; semua himpunan bagian berbentuk
 []

[445] [446]
Overfull \hbox (8.69464pt too wide) detected at line 103
[]
 []

[447] [448] [449] [450] [451] [452] [453] [454] [455] [456] [457] [458]
[459] [460] [461] [462] [463] [464] [465] [466] [467] [468] [469] [470]
[471] [472] [473] [474] [475] [476] [477] [478] [479]
Underfull \hbox (badness 10000) in paragraph at lines 958--959
[][]\TU/lmr/m/n/10 Misalkan $\OML/cmm/m/it/10 v$ \TU/lmr/m/n/10 suatu valuasi
 []

[480] [481] [482] [483] [484]
Overfull \hbox (1.3268pt too wide) in paragraph at lines 1097--1098
[][]\TU/lmr/m/n/10 Strateginya adalah membuktikan bahwa $\OML/cmm/m/it/10 x$ \T
U/lmr/m/n/10 ditetapkan oleh setiap $\OML/cmm/m/it/10 ^^[ \OMS/cmsy/m/n/10 2 []
\OT1/cmr/m/n/10 (\OML/cmm/m/it/10 K[]\OMS/cmsy/m/n/10 j\OML/cmm/m/it/10 K\OT1/c
mr/m/n/10 (\OML/cmm/m/it/10 y\OT1/cmr/m/n/10 ))$\TU/lmr/m/n/10 ,
 []

[485] [486] [487] [488] [489]
Underfull \hbox (badness 3792) in paragraph at lines 1228--1230
\TU/lmr/m/n/10 Jadi memang $\OML/cmm/m/it/10 w[]\OT1/cmr/m/n/10 (\OML/cmm/m/it/
10 x\OT1/cmr/m/n/10 ) \OMS/cmsy/m/n/10 ^^Q \OML/cmm/m/it/10 ^^^[]\OT1/cmr/m/n/1
0 (\OML/cmm/m/it/10 w[]\OT1/cmr/m/n/10 (\OML/cmm/m/it/10 x\OT1/cmr/m/n/10 ))([]
\OML/cmm/m/it/10 p[]R\OT1/cmr/m/n/10 )$\TU/lmr/m/n/10 . Sebaliknya, diberikan b
arisan
 []

[490] [491] [492] [493]
Underfull \hbox (badness 1264) in paragraph at lines 1323--1324
[][]\TU/lmr/m/n/10 Untuk setiap gelanggang komutatif $\OML/cmm/m/it/10 R$\TU/lm
r/m/n/10 , pemetaan-pemetaan di atas
 []

[494]
Underfull \hbox (badness 2717) in paragraph at lines 1345--1346
[][]\TU/lmr/m/n/10 Misalkan $\OML/cmm/m/it/10 ^^T$ \TU/lmr/m/n/10 suatu aljabar
-$\U/msb/m/n/10 F[]$ \TU/lmr/m/n/10 sempurna. Maka $[]\OT1/cmr/m/n/10 (\OML/cmm
/m/it/10 ^^T\OT1/cmr/m/n/10 )$ \TU/lmr/m/n/10 merupakan
 []

[495]
Underfull \hbox (badness 2744) in paragraph at lines 1381--1383
\TU/lmr/m/n/10 pilihan prapeta $\OT1/cmr/m/n/10 [[] ]$ \TU/lmr/m/n/10 tidak mem
engaruhi persamaan di atas, sehingga kita dapat
 []

[496] [497] [498] [499]) [500] [501




]
Overfull \hbox (3.95174pt too wide) in paragraph at lines 88--88
\TU/lmr/m/n/10 (1911), pp. 116–144. \TU/lmr/m/sc/10 issn\TU/lmr/m/n/10 : 0025-5
831. \TU/lmr/m/sc/10 doi\TU/lmr/m/n/10 : [][]$[][] [] [][][][] [] [][][][][][][
][][][]$[][] (dirujuk pada hlm. [][]162[][]). 
 []

[502]
Overfull \hbox (7.2627pt too wide) in paragraph at lines 88--88
[][][][][][][][] [] [][][] [] [][][][][][][][] [] [][][][][][][] [] [][][][][][
][] [] [][][][][][][][] [][] [][][][][][][]$[][] \TU/lmr/m/n/10 (dirujuk pada h
lm. [][]35[][]). 
 []

[503] [504]
Overfull \hbox (1.09976pt too wide) in paragraph at lines 88--88
[]\TU/lmr/m/n/10 Ernst Witt. “Zyklische Körper und Algebren der Charakteristik 
$\OML/cmm/m/it/10 p$ \TU/lmr/m/n/10 vom Grad $\OML/cmm/m/it/10 p[]$\TU/lmr/m/n/
10 . Struktur
 []


Overfull \hbox (20.89088pt too wide) in paragraph at lines 88--88
\TU/lmr/m/n/10 diskret bewerteter perfekter Körper mit vollkommenem Restklassen
körper der Charakteristik
 []

[505] [506]
(C:\Users\Floris\Documents\interlanguage\04_mirrors\id\metode-aljabar-jilid-1-i
d\build\li-complete-reader-replay\sym1.ind [507


]) [508]
(C:\Users\Floris\Documents\interlanguage\04_mirrors\id\metode-aljabar-jilid-1-i
d\build\li-complete-reader-replay\metode-aljabar-jilid-1-id-lengkap.ind
[509


] [510] [511] [512] [513] [514])
\tf@thm=\write9
\openout9 = `metode-aljabar-jilid-1-id-lengkap.thm'.



Package imakeidx Warning: Remember to run xelatex again after calling
(imakeidx)                `\imki@messagesym1 '
(imakeidx)                or call xelatex with -shell-escape.


Package imakeidx Warning: Remember to run xelatex again after calling
(imakeidx)                `\imki@messagemetode-aljabar-jilid-1-id-lengkap '
(imakeidx)                or call xelatex with -shell-escape.

[515]
(C:\Users\Floris\Documents\interlanguage\04_mirrors\id\metode-aljabar-jilid-1-i
d\build\li-complete-reader-replay\metode-aljabar-jilid-1-id-lengkap.aux
(C:\Users\Floris\Documents\interlanguage\04_mirrors\id\metode-aljabar-jilid-1-i
d\build\li-complete-reader-replay\prelude.aux)
(C:\Users\Floris\Documents\interlanguage\04_mirrors\id\metode-aljabar-jilid-1-i
d\build\li-complete-reader-replay\chapter1.aux)
(C:\Users\Floris\Documents\interlanguage\04_mirrors\id\metode-aljabar-jilid-1-i
d\build\li-complete-reader-replay\chapter2.aux)
(C:\Users\Floris\Documents\interlanguage\04_mirrors\id\metode-aljabar-jilid-1-i
d\build\li-complete-reader-replay\chapter3.aux)
(C:\Users\Floris\Documents\interlanguage\04_mirrors\id\metode-aljabar-jilid-1-i
d\build\li-complete-reader-replay\chapter4.aux)
(C:\Users\Floris\Documents\interlanguage\04_mirrors\id\metode-aljabar-jilid-1-i
d\build\li-complete-reader-replay\chapter5.aux)
(C:\Users\Floris\Documents\interlanguage\04_mirrors\id\metode-aljabar-jilid-1-i
d\build\li-complete-reader-replay\chapter6.aux)
(C:\Users\Floris\Documents\interlanguage\04_mirrors\id\metode-aljabar-jilid-1-i
d\build\li-complete-reader-replay\chapter7.aux)
(C:\Users\Floris\Documents\interlanguage\04_mirrors\id\metode-aljabar-jilid-1-i
d\build\li-complete-reader-replay\chapter8.aux)
(C:\Users\Floris\Documents\interlanguage\04_mirrors\id\metode-aljabar-jilid-1-i
d\build\li-complete-reader-replay\chapter9.aux)
(C:\Users\Floris\Documents\interlanguage\04_mirrors\id\metode-aljabar-jilid-1-i
d\build\li-complete-reader-replay\chapter10.aux))
 ***********
LaTeX2e <2025-11-01>
L3 programming layer <2022/07/14>
 ***********
Package rerunfilecheck Info: File `metode-aljabar-jilid-1-id-lengkap.out' has n
ot changed.
(rerunfilecheck)             Checksum: 685C7E4DC6F30133493CE5C6BF726A2D;20351.
Package logreq Info: Writing requests to 'metode-aljabar-jilid-1-id-lengkap.run
.xml'.
\openout1 = `metode-aljabar-jilid-1-id-lengkap.run.xml'.

 ) 
Here is how much of TeX's memory you used:
 71636 strings out of 402807
 1734944 string characters out of 5444928
 2520104 words of memory out of 5000000
 99552 multiletter control sequences out of 15000+600000
 652676 words of font info for 230 fonts, out of 8000000 for 9000
 1348 hyphenation exceptions out of 8191
 113i,28n,122p,1852b,5111s stack positions out of 10000i,1000n,20000p,200000b,200000s

Output written on C:\Users\Floris\Documents\interlanguage\04_mirrors\id\metode-
aljabar-jilid-1-id\build\li-complete-reader-replay\metode-aljabar-jilid-1-id-le
ngkap.pdf (521 pages).
